record_id,year,month,location_name,geo_level,sector,commodity,sub_item,attribute,value,unit,data_type,appendix_number
9de324c187fc4aaa,2009,8,1. Thu hoạch lúa hè thu miền Nam,Provincial,Cultivation,Unknown,,Area_Planted,11930.0,1000_ha,Actual,PL1
af02b06085735f9a,2010,8,1. Thu hoạch lúa hè thu miền Nam,Provincial,Cultivation,Unknown,,Area_Planted,609.0,1000_ha,Actual,PL1
3f3b6d809d3bad04,2009,8,2. Gieo cấy lúa mùa cả nước,Provincial,Cultivation,Unknown,,Area_Planted,14069.0,1000_ha,Actual,PL1
63b16ec5db199cac,2009,8,- Miền Nam,Provincial,Cultivation,Unknown,,Area_Planted,2450.0,1000_ha,Actual,PL1
37049eea441227ba,2009,8,"3. Gieo trồng rau, màu, CCN ngắn ngày (*)",Provincial,Cultivation,Unknown,,Area_Planted,0.0,1000_ha,Actual,PL1
4afab878a047b4cb,2009,8,3.1 Gieo trồng màu lương thực,Provincial,Cultivation,Màu lương thực,,Area_Planted,15099.0,1000_ha,Actual,PL1
7e695c8f97bae6cb,2009,8,- Khoai lang,Provincial,Cultivation,Khoai lang,,Area_Planted,1220.0,1000_ha,Actual,PL1
4fb39d6f6ec9f72f,2009,8,- Sắn,Provincial,Cultivation,Sắn,,Area_Planted,4265.0,1000_ha,Actual,PL1
21f73334a115cd25,2009,8,3.2 Gieo trồng cây công nghiệp ngắn ngày,Provincial,Cultivation,Cây công nghiệp ngắn ngày,,Area_Planted,6222.0,1000_ha,Actual,PL1
9e711a12f1fb5586,2009,8,- Đậu tương,Provincial,Cultivation,Đậu tương,,Area_Planted,1787.0,1000_ha,Actual,PL1
f5e567aae8926ab8,2009,8,- Thuốc lá,Provincial,Cultivation,Unknown,,Area_Planted,264.0,1000_ha,Actual,PL1
c748d3213133fd6c,2009,8,"3.3 Gieo trồng rau, đậu các loại",Provincial,Cultivation,Rau đậu,,Area_Planted,6263.0,1000_ha,Actual,PL1
8e66b51b636936aa,2010,11,ĐỨC,International,Trade,Cà phê,Xuất khẩu,Export_Volume,102851.0,ton,Actual,PL11a
12216d8c85ca8a14,2010,11,ĐỨC,International,Trade,Cà phê,Xuất khẩu,Export_Value,146973.0,1000_USD,Actual,PL11a
dd1324a26cea15a7,2010,11,HOA KỲ,International,Trade,Cà phê,Xuất khẩu,Export_Volume,91968.0,ton,Actual,PL11a
9fe36e0f9086c49c,2010,11,HOA KỲ,International,Trade,Cà phê,Xuất khẩu,Export_Value,138651.0,1000_USD,Actual,PL11a
511156c2d2fb53f5,2010,11,TÂY BAN NHA,International,Trade,Cà phê,Xuất khẩu,Export_Volume,55154.0,ton,Actual,PL11a
af93830b35d9f58d,2010,11,TÂY BAN NHA,International,Trade,Cà phê,Xuất khẩu,Export_Value,76834.0,1000_USD,Actual,PL11a
8c62100ab501dc15,2010,11,ITALIA,International,Trade,Cà phê,Xuất khẩu,Export_Volume,47615.0,ton,Actual,PL11a
a5b91188deaf283c,2010,11,ITALIA,International,Trade,Cà phê,Xuất khẩu,Export_Value,67377.0,1000_USD,Actual,PL11a
1eab87836e1a0507,2010,11,NHẬT BẢN,International,Trade,Cà phê,Xuất khẩu,Export_Volume,35823.0,ton,Actual,PL11a
4dfe81a7307f04f5,2010,11,NHẬT BẢN,International,Trade,Cà phê,Xuất khẩu,Export_Value,54874.0,1000_USD,Actual,PL11a
458b9d36e652ae5f,2010,11,BỈ,International,Trade,Cà phê,Xuất khẩu,Export_Volume,32734.0,ton,Actual,PL11a
44ade4906bf7854e,2010,11,BỈ,International,Trade,Cà phê,Xuất khẩu,Export_Value,45893.0,1000_USD,Actual,PL11a
afaffa868e16574a,2010,11,ANH,International,Trade,Cà phê,Xuất khẩu,Export_Volume,20327.0,ton,Actual,PL11a
ba2c666f1c3a562a,2010,11,ANH,International,Trade,Cà phê,Xuất khẩu,Export_Value,28018.0,1000_USD,Actual,PL11a
7f9b323d1071f525,2010,11,NGA,International,Trade,Cà phê,Xuất khẩu,Export_Volume,20228.0,ton,Actual,PL11a
047c241520bcc5bd,2010,11,NGA,International,Trade,Cà phê,Xuất khẩu,Export_Value,27565.0,1000_USD,Actual,PL11a
a64d0e7fedfa603b,2010,11,PHI LIP PIN,International,Trade,Cà phê,Xuất khẩu,Export_Volume,18608.0,ton,Actual,PL11a
1c9eb7261127d38e,2010,11,PHI LIP PIN,International,Trade,Cà phê,Xuất khẩu,Export_Value,25460.0,1000_USD,Actual,PL11a
ab29f92c4d89de36,2010,11,THỤY SỸ,International,Trade,Cà phê,Xuất khẩu,Export_Volume,17113.0,ton,Actual,PL11a
a8406181c8b09880,2010,11,THỤY SỸ,International,Trade,Cà phê,Xuất khẩu,Export_Value,24160.0,1000_USD,Actual,PL11a
428c201316a40650,2010,11,TRUNG QUỐC,International,Trade,Cao su,Xuất khẩu,Export_Volume,187942.0,ton,Actual,PL11a
9c8bb70d4e687f8e,2010,11,TRUNG QUỐC,International,Trade,Cao su,Xuất khẩu,Export_Value,509295.0,1000_USD,Actual,PL11a
aec449c5a1cde0b2,2010,11,MALAIXIA,International,Trade,Cao su,Xuất khẩu,Export_Volume,19131.0,ton,Actual,PL11a
0590c7ddbe3f633c,2010,11,MALAIXIA,International,Trade,Cao su,Xuất khẩu,Export_Value,49668.0,1000_USD,Actual,PL11a
9073cb5ef0d9cfad,2010,11,HÀN QUỐC,International,Trade,Cao su,Xuất khẩu,Export_Volume,17899.0,ton,Actual,PL11a
d48032eef1d913ce,2010,11,HÀN QUỐC,International,Trade,Cao su,Xuất khẩu,Export_Value,47549.0,1000_USD,Actual,PL11a
1df0c284f4a250e3,2010,11,ĐÀI LOAN,International,Trade,Cao su,Xuất khẩu,Export_Volume,15383.0,ton,Actual,PL11a
a7980fb528d3c90d,2010,11,ĐÀI LOAN,International,Trade,Cao su,Xuất khẩu,Export_Value,46030.0,1000_USD,Actual,PL11a
1e1a491943dfc0aa,2010,11,ĐỨC,International,Trade,Cao su,Xuất khẩu,Export_Volume,13001.0,ton,Actual,PL11a
e28768ea84f780bb,2010,11,ĐỨC,International,Trade,Cao su,Xuất khẩu,Export_Value,39451.0,1000_USD,Actual,PL11a
a6a2adacdf8e391c,2010,11,NGA,International,Trade,Cao su,Xuất khẩu,Export_Volume,9295.0,ton,Actual,PL11a
15acc16f85abceee,2010,11,NGA,International,Trade,Cao su,Xuất khẩu,Export_Value,28902.0,1000_USD,Actual,PL11a
f745d635feeb2939,2010,11,HOA KỲ,International,Trade,Cao su,Xuất khẩu,Export_Volume,9671.0,ton,Actual,PL11a
555780c1a5f62a24,2010,11,HOA KỲ,International,Trade,Cao su,Xuất khẩu,Export_Value,23976.0,1000_USD,Actual,PL11a
f7235053d464289e,2010,11,ẤN ĐỘ,International,Trade,Cao su,Xuất khẩu,Export_Volume,7471.0,ton,Actual,PL11a
c57e7dcd2db5c6a2,2010,11,ẤN ĐỘ,International,Trade,Cao su,Xuất khẩu,Export_Value,22269.0,1000_USD,Actual,PL11a
55b2c7fce9f0b1f3,2010,11,NHẬT BẢN,International,Trade,Cao su,Xuất khẩu,Export_Volume,5388.0,ton,Actual,PL11a
0f574a90c6da198a,2010,11,NHẬT BẢN,International,Trade,Cao su,Xuất khẩu,Export_Value,17119.0,1000_USD,Actual,PL11a
582ebbdbfb061174,2010,11,THỔ NHĨ KỲ,International,Trade,Cao su,Xuất khẩu,Export_Volume,5672.0,ton,Actual,PL11a
1db1bb51bd1d41c6,2010,11,THỔ NHĨ KỲ,International,Trade,Cao su,Xuất khẩu,Export_Value,16038.0,1000_USD,Actual,PL11a
7ac93445e53a750e,2010,11,PAKIXTAN,International,Trade,Chè,Xuất khẩu,Export_Volume,11506.0,ton,Actual,PL11a
2dca2173e6a0ae93,2010,11,PAKIXTAN,International,Trade,Chè,Xuất khẩu,Export_Value,19642.0,1000_USD,Actual,PL11a
8164bae69eccaca0,2010,11,NGA,International,Trade,Chè,Xuất khẩu,Export_Volume,10787.0,ton,Actual,PL11a
62ffa60610f5decc,2010,11,NGA,International,Trade,Chè,Xuất khẩu,Export_Value,14782.0,1000_USD,Actual,PL11a
fe896092a55f932f,2010,11,ĐÀI LOAN,International,Trade,Chè,Xuất khẩu,Export_Volume,12088.0,ton,Actual,PL11a
b5cc1a3426820e1f,2010,11,ĐÀI LOAN,International,Trade,Chè,Xuất khẩu,Export_Value,14321.0,1000_USD,Actual,PL11a
45c6b208ebd6e1cb,2010,11,TRUNG QUỐC,International,Trade,Chè,Xuất khẩu,Export_Volume,6808.0,ton,Actual,PL11a
7fb14c530c1953ad,2010,11,TRUNG QUỐC,International,Trade,Chè,Xuất khẩu,Export_Value,8552.0,1000_USD,Actual,PL11a
f497f29826a770ee,2010,11,TVQ ARẬP THỐNGNHẤT,International,Trade,Chè,Xuất khẩu,Export_Volume,1816.0,ton,Actual,PL11a
e636cf9a8f57b2cb,2010,11,TVQ ARẬP THỐNGNHẤT,International,Trade,Chè,Xuất khẩu,Export_Value,3350.0,1000_USD,Actual,PL11a
d21d90c6e3620247,2010,11,HOA KỲ,International,Trade,Chè,Xuất khẩu,Export_Volume,3084.0,ton,Actual,PL11a
3f43448acb3fbb4c,2010,11,HOA KỲ,International,Trade,Chè,Xuất khẩu,Export_Value,3320.0,1000_USD,Actual,PL11a
db2336e3393ee820,2010,11,IN ĐÔ NÊ XI A,International,Trade,Chè,Xuất khẩu,Export_Volume,2796.0,ton,Actual,PL11a
ed8cd6d4d7a1d15c,2010,11,IN ĐÔ NÊ XI A,International,Trade,Chè,Xuất khẩu,Export_Value,2897.0,1000_USD,Actual,PL11a
8e4a1c7c5d293e20,2010,11,ẤN ĐỘ,International,Trade,Chè,Xuất khẩu,Export_Volume,2117.0,ton,Actual,PL11a
922922026a468432,2010,11,ẤN ĐỘ,International,Trade,Chè,Xuất khẩu,Export_Value,2604.0,1000_USD,Actual,PL11a
fb0bca8d5ac0f9e3,2010,11,ĐỨC,International,Trade,Chè,Xuất khẩu,Export_Volume,1800.0,ton,Actual,PL11a
ac72a9aefa3533ff,2010,11,ĐỨC,International,Trade,Chè,Xuất khẩu,Export_Value,2489.0,1000_USD,Actual,PL11a
6ce107a66340507a,2010,11,BA LAN,International,Trade,Chè,Xuất khẩu,Export_Volume,1456.0,ton,Actual,PL11a
a537c87824b01ba4,2010,11,BA LAN,International,Trade,Chè,Xuất khẩu,Export_Value,1785.0,1000_USD,Actual,PL11a
147bed4644618ef5,2010,11,PHI LIP PIN,International,Trade,Gạo,Xuất khẩu,Export_Volume,1461883.0,ton,Actual,PL11a
6bc2d14274e3f7c6,2010,11,PHI LIP PIN,International,Trade,Gạo,Xuất khẩu,Export_Value,938860.0,1000_USD,Actual,PL11a
12e5ff616e643c14,2010,11,XINH GA PO,International,Trade,Gạo,Xuất khẩu,Export_Volume,383183.0,ton,Actual,PL11a
caeac07fcc560b04,2010,11,XINH GA PO,International,Trade,Gạo,Xuất khẩu,Export_Value,156407.0,1000_USD,Actual,PL11a
a0add043a72f12a5,2010,11,ĐÀI LOAN,International,Trade,Gạo,Xuất khẩu,Export_Volume,296019.0,ton,Actual,PL11a
f07f72eb37b3e39f,2010,11,ĐÀI LOAN,International,Trade,Gạo,Xuất khẩu,Export_Value,114469.0,1000_USD,Actual,PL11a
90564e427313c570,2010,11,CUBA,International,Trade,Gạo,Xuất khẩu,Export_Volume,252125.0,ton,Actual,PL11a
08f629a01b7aec36,2010,11,CUBA,International,Trade,Gạo,Xuất khẩu,Export_Value,106909.0,1000_USD,Actual,PL11a
5abc805ee310bb07,2010,11,MALAIXIA,International,Trade,Gạo,Xuất khẩu,Export_Volume,202067.0,ton,Actual,PL11a
86bafe4fe21e8c07,2010,11,MALAIXIA,International,Trade,Gạo,Xuất khẩu,Export_Value,91640.0,1000_USD,Actual,PL11a
abbb78027707f954,2010,11,HỒNG CÔNG,International,Trade,Gạo,Xuất khẩu,Export_Volume,76439.0,ton,Actual,PL11a
8c1ef10d0751181c,2010,11,HỒNG CÔNG,International,Trade,Gạo,Xuất khẩu,Export_Value,34557.0,1000_USD,Actual,PL11a
1c7c1d051e32f05d,2010,11,TRUNG QUỐC,International,Trade,Gạo,Xuất khẩu,Export_Volume,79208.0,ton,Actual,PL11a
19eef05c4d2fb13e,2010,11,TRUNG QUỐC,International,Trade,Gạo,Xuất khẩu,Export_Value,32932.0,1000_USD,Actual,PL11a
358d90e992f07d3b,2010,11,NGA,International,Trade,Gạo,Xuất khẩu,Export_Volume,37216.0,ton,Actual,PL11a
c14e5d0c006705c1,2010,11,NGA,International,Trade,Gạo,Xuất khẩu,Export_Value,15805.0,1000_USD,Actual,PL11a
eaab7225dd154a4a,2010,11,IN ĐÔ NÊ XI A,International,Trade,Gạo,Xuất khẩu,Export_Volume,16545.0,ton,Actual,PL11a
5bc1e6dde2780278,2010,11,IN ĐÔ NÊ XI A,International,Trade,Gạo,Xuất khẩu,Export_Value,10024.0,1000_USD,Actual,PL11a
5968839257b98259,2010,11,NAM PHI,International,Trade,Gạo,Xuất khẩu,Export_Volume,22331.0,ton,Actual,PL11a
2aea902ade536ead,2010,11,NAM PHI,International,Trade,Gạo,Xuất khẩu,Export_Value,8869.0,1000_USD,Actual,PL11a
8d83a86d1ec3111c,2010,11,HOA KỲ,International,Trade,Bông các loại,Xuất khẩu,Export_Volume,75457.0,ton,Actual,PL11b
54f00ecd0511f4bb,2010,11,HOA KỲ,International,Trade,Bông các loại,Xuất khẩu,Export_Value,133508.0,1000_USD,Actual,PL11b
95d77419141662de,2010,11,ẤN ĐỘ,International,Trade,Bông các loại,Xuất khẩu,Export_Volume,46705.0,ton,Actual,PL11b
d5aa703bd7247332,2010,11,ẤN ĐỘ,International,Trade,Bông các loại,Xuất khẩu,Export_Value,76852.0,1000_USD,Actual,PL11b
992548e7fc101bcf,2010,11,BRAXIN,International,Trade,Bông các loại,Xuất khẩu,Export_Volume,5535.0,ton,Actual,PL11b
6f6f24d6018a9e47,2010,11,BRAXIN,International,Trade,Bông các loại,Xuất khẩu,Export_Value,9568.0,1000_USD,Actual,PL11b
d7a2eb3dcb3f2acb,2010,11,THỤY SỸ,International,Trade,Bông các loại,Xuất khẩu,Export_Volume,1076.0,ton,Actual,PL11b
d8efd974f48f3800,2010,11,THỤY SỸ,International,Trade,Bông các loại,Xuất khẩu,Export_Value,1992.0,1000_USD,Actual,PL11b
108d60747774830b,2010,11,XINH GA PO,International,Trade,Bông các loại,Xuất khẩu,Export_Volume,711.0,ton,Actual,PL11b
58ce29a1110f5d7f,2010,11,XINH GA PO,International,Trade,Bông các loại,Xuất khẩu,Export_Value,1281.0,1000_USD,Actual,PL11b
d8cee0b215aa17a9,2010,11,IN ĐÔ NÊ XI A,International,Trade,Bông các loại,Xuất khẩu,Export_Volume,659.0,ton,Actual,PL11b
9d67b4970bed9f3c,2010,11,IN ĐÔ NÊ XI A,International,Trade,Bông các loại,Xuất khẩu,Export_Value,870.0,1000_USD,Actual,PL11b
30a9f14aac17bbb2,2010,11,TRUNG QUỐC,International,Trade,Bông các loại,Xuất khẩu,Export_Volume,168.0,ton,Actual,PL11b
df38f7fd7a68de10,2010,11,TRUNG QUỐC,International,Trade,Bông các loại,Xuất khẩu,Export_Value,862.0,1000_USD,Actual,PL11b
b313c84338ab94b6,2010,11,HÀN QUỐC,International,Trade,Bông các loại,Xuất khẩu,Export_Volume,294.0,ton,Actual,PL11b
b55cd1e2f5b57fcf,2010,11,HÀN QUỐC,International,Trade,Bông các loại,Xuất khẩu,Export_Value,684.0,1000_USD,Actual,PL11b
85ef42db8881d6ce,2010,11,ĐÀI LOAN,International,Trade,Bông các loại,Xuất khẩu,Export_Volume,250.0,ton,Actual,PL11b
fd254a7b3cda37a5,2010,11,ĐÀI LOAN,International,Trade,Bông các loại,Xuất khẩu,Export_Value,404.0,1000_USD,Actual,PL11b
c0c62613ef6fef74,2010,11,ITALIA,International,Trade,Bông các loại,Xuất khẩu,Export_Volume,331.0,ton,Actual,PL11b
4d957785cbf9f001,2010,11,ITALIA,International,Trade,Bông các loại,Xuất khẩu,Export_Value,300.0,1000_USD,Actual,PL11b
9073cb5ef0d9cfad,2010,11,HÀN QUỐC,International,Trade,Cao su,Xuất khẩu,Export_Volume,26182.0,ton,Actual,PL11b
d48032eef1d913ce,2010,11,HÀN QUỐC,International,Trade,Cao su,Xuất khẩu,Export_Value,56271.0,1000_USD,Actual,PL11b
7a519ed7bb0f2045,2010,11,THÁI LAN,International,Trade,Cao su,Xuất khẩu,Export_Volume,23264.0,ton,Actual,PL11b
f4e68895e0b2b894,2010,11,THÁI LAN,International,Trade,Cao su,Xuất khẩu,Export_Value,51134.0,1000_USD,Actual,PL11b
adea3cafb48283d3,2010,11,CAMPUCHIA,International,Trade,Cao su,Xuất khẩu,Export_Volume,16392.0,ton,Actual,PL11b
40b9d7e49a2d791c,2010,11,CAMPUCHIA,International,Trade,Cao su,Xuất khẩu,Export_Value,46939.0,1000_USD,Actual,PL11b
55b2c7fce9f0b1f3,2010,11,NHẬT BẢN,International,Trade,Cao su,Xuất khẩu,Export_Volume,13439.0,ton,Actual,PL11b
0f574a90c6da198a,2010,11,NHẬT BẢN,International,Trade,Cao su,Xuất khẩu,Export_Value,38356.0,1000_USD,Actual,PL11b
1df0c284f4a250e3,2010,11,ĐÀI LOAN,International,Trade,Cao su,Xuất khẩu,Export_Volume,14444.0,ton,Actual,PL11b
a7980fb528d3c90d,2010,11,ĐÀI LOAN,International,Trade,Cao su,Xuất khẩu,Export_Value,30511.0,1000_USD,Actual,PL11b
428c201316a40650,2010,11,TRUNG QUỐC,International,Trade,Cao su,Xuất khẩu,Export_Volume,11852.0,ton,Actual,PL11b
9c8bb70d4e687f8e,2010,11,TRUNG QUỐC,International,Trade,Cao su,Xuất khẩu,Export_Value,25138.0,1000_USD,Actual,PL11b
a6a2adacdf8e391c,2010,11,NGA,International,Trade,Cao su,Xuất khẩu,Export_Volume,4808.0,ton,Actual,PL11b
15acc16f85abceee,2010,11,NGA,International,Trade,Cao su,Xuất khẩu,Export_Value,13242.0,1000_USD,Actual,PL11b
f745d635feeb2939,2010,11,HOA KỲ,International,Trade,Cao su,Xuất khẩu,Export_Volume,12788.0,ton,Actual,PL11b
555780c1a5f62a24,2010,11,HOA KỲ,International,Trade,Cao su,Xuất khẩu,Export_Value,11220.0,1000_USD,Actual,PL11b
7e6db59caf4d5d20,2010,11,IN ĐÔ NÊ XI A,International,Trade,Cao su,Xuất khẩu,Export_Volume,4301.0,ton,Actual,PL11b
911b3b960b06573d,2010,11,IN ĐÔ NÊ XI A,International,Trade,Cao su,Xuất khẩu,Export_Value,10329.0,1000_USD,Actual,PL11b
aec449c5a1cde0b2,2010,11,MALAIXIA,International,Trade,Cao su,Xuất khẩu,Export_Volume,6348.0,ton,Actual,PL11b
0590c7ddbe3f633c,2010,11,MALAIXIA,International,Trade,Cao su,Xuất khẩu,Export_Value,7429.0,1000_USD,Actual,PL11b
35f403d4d7ac9658,2010,11,MALAIXIA,International,Trade,Dầu mỡ động thực vật,Xuất khẩu,Export_Value,151817.0,1000_USD,Actual,PL11b
ea4853245dafefa6,2010,11,IN ĐÔ NÊ XI A,International,Trade,Dầu mỡ động thực vật,Xuất khẩu,Export_Value,90678.0,1000_USD,Actual,PL11b
e981f747d0ae861d,2010,11,HOA KỲ,International,Trade,Dầu mỡ động thực vật,Xuất khẩu,Export_Value,26200.0,1000_USD,Actual,PL11b
500b319265144f10,2010,11,ACHENTINA,International,Trade,Dầu mỡ động thực vật,Xuất khẩu,Export_Value,15579.0,1000_USD,Actual,PL11b
13cd4985e053cce7,2010,11,THÁI LAN,International,Trade,Dầu mỡ động thực vật,Xuất khẩu,Export_Value,9080.0,1000_USD,Actual,PL11b
4823a278e42cd0f5,2010,11,TRUNG QUỐC,International,Trade,Dầu mỡ động thực vật,Xuất khẩu,Export_Value,4930.0,1000_USD,Actual,PL11b
5f6f9ed9401339ab,2010,11,ẤN ĐỘ,International,Trade,Dầu mỡ động thực vật,Xuất khẩu,Export_Value,2475.0,1000_USD,Actual,PL11b
d5816e3e0fde668c,2010,11,HÀN QUỐC,International,Trade,Dầu mỡ động thực vật,Xuất khẩu,Export_Value,1462.0,1000_USD,Actual,PL11b
d53492fe9e0745b1,2010,11,Ô X TRÂY LIA,International,Trade,Dầu mỡ động thực vật,Xuất khẩu,Export_Value,1451.0,1000_USD,Actual,PL11b
87492f0ba30fb3f0,2010,11,CHI LÊ,International,Trade,Dầu mỡ động thực vật,Xuất khẩu,Export_Value,1409.0,1000_USD,Actual,PL11b
466f96a00909c706,2010,11,Ô X TRÂY LIA,International,Trade,Lúa mì,Xuất khẩu,Export_Volume,762983.0,ton,Actual,PL11b
302d81537370ab25,2010,11,Ô X TRÂY LIA,International,Trade,Lúa mì,Xuất khẩu,Export_Value,191657.0,1000_USD,Actual,PL11b
2ca6499869db7f02,2010,11,BRAXIN,International,Trade,Lúa mì,Xuất khẩu,Export_Volume,236836.0,ton,Actual,PL11b
478ea3e709f8ef10,2010,11,BRAXIN,International,Trade,Lúa mì,Xuất khẩu,Export_Value,55196.0,1000_USD,Actual,PL11b
bb803ef3ed5c1475,2010,11,UCRAINA,International,Trade,Lúa mì,Xuất khẩu,Export_Volume,143214.0,ton,Actual,PL11b
e35721a58794988a,2010,11,UCRAINA,International,Trade,Lúa mì,Xuất khẩu,Export_Value,32499.0,1000_USD,Actual,PL11b
3d8a2c3f4494a942,2010,11,NGA,International,Trade,Lúa mì,Xuất khẩu,Export_Volume,53068.0,ton,Actual,PL11b
5086d14ee1ccfaad,2010,11,NGA,International,Trade,Lúa mì,Xuất khẩu,Export_Value,12129.0,1000_USD,Actual,PL11b
8fd99aca5622ff26,2010,11,HOA KỲ,International,Trade,Lúa mì,Xuất khẩu,Export_Volume,19602.0,ton,Actual,PL11b
65a491a208257ad8,2010,11,HOA KỲ,International,Trade,Lúa mì,Xuất khẩu,Export_Value,5455.0,1000_USD,Actual,PL11b
6ccee77fb96b9d1d,2010,11,CA NA ĐA,International,Trade,Lúa mì,Xuất khẩu,Export_Volume,3542.0,ton,Actual,PL11b
cf20a64694f38cde,2010,11,CA NA ĐA,International,Trade,Lúa mì,Xuất khẩu,Export_Value,1170.0,1000_USD,Actual,PL11b
397cdb27451f30b0,2010,11,TRUNG QUỐC,International,Trade,Gỗ & sản phẩm gỗ,Xuất khẩu,Export_Value,91616.0,1000_USD,Actual,PL11b
4f141214f1aa5a8d,2010,11,LÀO,International,Trade,Gỗ & sản phẩm gỗ,Xuất khẩu,Export_Value,89116.0,1000_USD,Actual,PL11b
2ff6f6358cddd600,2010,11,HOA KỲ,International,Trade,Gỗ & sản phẩm gỗ,Xuất khẩu,Export_Value,79946.0,1000_USD,Actual,PL11b
7339533647056f7f,2010,11,MALAIXIA,International,Trade,Gỗ & sản phẩm gỗ,Xuất khẩu,Export_Value,69731.0,1000_USD,Actual,PL11b
b88cad362249ea20,2010,11,THÁI LAN,International,Trade,Gỗ & sản phẩm gỗ,Xuất khẩu,Export_Value,51260.0,1000_USD,Actual,PL11b
173747ca2749a49a,2010,11,NIU ZI LÂN,International,Trade,Gỗ & sản phẩm gỗ,Xuất khẩu,Export_Value,39037.0,1000_USD,Actual,PL11b
a6242d0879c8d358,2010,11,CAMPUCHIA,International,Trade,Gỗ & sản phẩm gỗ,Xuất khẩu,Export_Value,23115.0,1000_USD,Actual,PL11b
dff1972ff0991e31,2010,11,BRAXIN,International,Trade,Gỗ & sản phẩm gỗ,Xuất khẩu,Export_Value,14232.0,1000_USD,Actual,PL11b
cf99aa641b7e7b3a,2010,11,IN ĐÔ NÊ XI A,International,Trade,Gỗ & sản phẩm gỗ,Xuất khẩu,Export_Value,11587.0,1000_USD,Actual,PL11b
3b204850214b0f10,2010,11,CHI LÊ,International,Trade,Gỗ & sản phẩm gỗ,Xuất khẩu,Export_Value,9469.0,1000_USD,Actual,PL11b
b93e3a1083e96472,2010,8,Miền Bắc,Provincial,Cultivation,Lúa,,Area_Planted,1171880.0,ha,Actual,PL2
b93e3a1083e96472,2010,8,Miền Bắc,Provincial,Cultivation,Lúa,,Area_Planted,48887.0,ha,Actual,PL2
b93e3a1083e96472,2010,8,Miền Bắc,Provincial,Cultivation,Lúa,,Area_Planted,160643.0,ha,Actual,PL2
b93e3a1083e96472,2010,8,Miền Bắc,Provincial,Cultivation,Lúa,,Area_Planted,915341.0,ha,Actual,PL2
b9033c00f1707c85,2010,8,Miền Bắc,Provincial,Cultivation,Ngô,,Area_Planted,642199.0,ha,Actual,PL2
b93e3a1083e96472,2010,8,Miền Bắc,Provincial,Cultivation,Lúa,,Area_Planted,100629.0,ha,Actual,PL2
f19986c3e7922bd9,2010,8,Miền Bắc,Provincial,Cultivation,Sắn,,Area_Planted,134495.0,ha,Actual,PL2
b93e3a1083e96472,2010,8,Miền Bắc,Provincial,Cultivation,Lúa,,Area_Planted,38017.0,ha,Actual,PL2
3d906ea58b3207b1,2010,8,ĐB sông Hồng,Provincial,Cultivation,Lúa,,Area_Planted,578578.0,ha,Actual,PL2
3d906ea58b3207b1,2010,8,ĐB sông Hồng,Provincial,Cultivation,Lúa,,Area_Planted,0.0,ha,Actual,PL2
3d906ea58b3207b1,2010,8,ĐB sông Hồng,Provincial,Cultivation,Lúa,,Area_Planted,0.0,ha,Actual,PL2
3d906ea58b3207b1,2010,8,ĐB sông Hồng,Provincial,Cultivation,Lúa,,Area_Planted,138298.0,ha,Actual,PL2
0dd6fb5c788c2a74,2010,8,ĐB sông Hồng,Provincial,Cultivation,Ngô,,Area_Planted,91941.0,ha,Actual,PL2
3d906ea58b3207b1,2010,8,ĐB sông Hồng,Provincial,Cultivation,Lúa,,Area_Planted,24307.0,ha,Actual,PL2
9ecc77025c909b13,2010,8,ĐB sông Hồng,Provincial,Cultivation,Sắn,,Area_Planted,4398.0,ha,Actual,PL2
3d906ea58b3207b1,2010,8,ĐB sông Hồng,Provincial,Cultivation,Lúa,,Area_Planted,17651.0,ha,Actual,PL2
81f2b8f9499691a0,2010,8,Hà Nội,Provincial,Cultivation,Lúa,,Area_Planted,101767.0,ha,Actual,PL2
81f2b8f9499691a0,2010,8,Hà Nội,Provincial,Cultivation,Lúa,,Area_Planted,33367.0,ha,Actual,PL2
75fbda5a9381f98a,2010,8,Hà Nội,Provincial,Cultivation,Ngô,,Area_Planted,24135.0,ha,Actual,PL2
81f2b8f9499691a0,2010,8,Hà Nội,Provincial,Cultivation,Lúa,,Area_Planted,7732.0,ha,Actual,PL2
d9b9f058e222c244,2010,8,Hà Nội,Provincial,Cultivation,Sắn,,Area_Planted,1300.0,ha,Actual,PL2
81f2b8f9499691a0,2010,8,Hà Nội,Provincial,Cultivation,Lúa,,Area_Planted,200.0,ha,Actual,PL2
5c6d462b09bdd901,2010,8,Hải Phòng,Provincial,Cultivation,Lúa,,Area_Planted,41657.0,ha,Actual,PL2
5c6d462b09bdd901,2010,8,Hải Phòng,Provincial,Cultivation,Lúa,,Area_Planted,5110.0,ha,Actual,PL2
28710c27e6acc0f2,2010,8,Hải Phòng,Provincial,Cultivation,Ngô,,Area_Planted,2310.0,ha,Actual,PL2
5c6d462b09bdd901,2010,8,Hải Phòng,Provincial,Cultivation,Lúa,,Area_Planted,300.0,ha,Actual,PL2
5c6d462b09bdd901,2010,8,Hải Phòng,Provincial,Cultivation,Lúa,,Area_Planted,2500.0,ha,Actual,PL2
483c47d60af2abfa,2010,8,Vĩnh Phúc,Provincial,Cultivation,Lúa,,Area_Planted,28687.0,ha,Actual,PL2
483c47d60af2abfa,2010,8,Vĩnh Phúc,Provincial,Cultivation,Lúa,,Area_Planted,24620.0,ha,Actual,PL2
495607b4b52f4693,2010,8,Vĩnh Phúc,Provincial,Cultivation,Ngô,,Area_Planted,17975.0,ha,Actual,PL2
483c47d60af2abfa,2010,8,Vĩnh Phúc,Provincial,Cultivation,Lúa,,Area_Planted,2788.0,ha,Actual,PL2
79a80b0143638d65,2010,8,Vĩnh Phúc,Provincial,Cultivation,Sắn,,Area_Planted,1722.0,ha,Actual,PL2
483c47d60af2abfa,2010,8,Vĩnh Phúc,Provincial,Cultivation,Lúa,,Area_Planted,2135.0,ha,Actual,PL2
e2d8f31e07e49457,2010,8,Bắc Ninh,Provincial,Cultivation,Lúa,,Area_Planted,36888.0,ha,Actual,PL2
e2d8f31e07e49457,2010,8,Bắc Ninh,Provincial,Cultivation,Lúa,,Area_Planted,3861.0,ha,Actual,PL2
d52dda4f0c0d1fc0,2010,8,Bắc Ninh,Provincial,Cultivation,Ngô,,Area_Planted,2567.0,ha,Actual,PL2
e2d8f31e07e49457,2010,8,Bắc Ninh,Provincial,Cultivation,Lúa,,Area_Planted,710.0,ha,Actual,PL2
e2d8f31e07e49457,2010,8,Bắc Ninh,Provincial,Cultivation,Lúa,,Area_Planted,584.0,ha,Actual,PL2
04d7b2e132b3cea1,2010,8,Hải Dương,Provincial,Cultivation,Lúa,,Area_Planted,63014.0,ha,Actual,PL2
04d7b2e132b3cea1,2010,8,Hải Dương,Provincial,Cultivation,Lúa,,Area_Planted,11083.0,ha,Actual,PL2
23e32c083c23640e,2010,8,Hải Dương,Provincial,Cultivation,Ngô,,Area_Planted,4351.0,ha,Actual,PL2
04d7b2e132b3cea1,2010,8,Hải Dương,Provincial,Cultivation,Lúa,,Area_Planted,1441.0,ha,Actual,PL2
04d7b2e132b3cea1,2010,8,Hải Dương,Provincial,Cultivation,Lúa,,Area_Planted,5291.0,ha,Actual,PL2
5a816fab1b3a6f96,2010,8,Hưng Yên,Provincial,Cultivation,Lúa,,Area_Planted,40458.0,ha,Actual,PL2
5a816fab1b3a6f96,2010,8,Hưng Yên,Provincial,Cultivation,Lúa,,Area_Planted,9568.0,ha,Actual,PL2
95d0e349f9b6bbee,2010,8,Hưng Yên,Provincial,Cultivation,Ngô,,Area_Planted,8913.0,ha,Actual,PL2
5a816fab1b3a6f96,2010,8,Hưng Yên,Provincial,Cultivation,Lúa,,Area_Planted,655.0,ha,Actual,PL2
c4781b8247c3cd39,2010,8,Hà Nam,Provincial,Cultivation,Lúa,,Area_Planted,35519.0,ha,Actual,PL2
c4781b8247c3cd39,2010,8,Hà Nam,Provincial,Cultivation,Lúa,,Area_Planted,9046.0,ha,Actual,PL2
4e087027b09657ba,2010,8,Hà Nam,Provincial,Cultivation,Ngô,,Area_Planted,8647.0,ha,Actual,PL2
c4781b8247c3cd39,2010,8,Hà Nam,Provincial,Cultivation,Lúa,,Area_Planted,399.0,ha,Actual,PL2
33b12fe90b584164,2010,8,Nam Định,Provincial,Cultivation,Lúa,,Area_Planted,80520.0,ha,Actual,PL2
33b12fe90b584164,2010,8,Nam Định,Provincial,Cultivation,Lúa,,Area_Planted,9079.0,ha,Actual,PL2
d2b772e76f15e1d7,2010,8,Nam Định,Provincial,Cultivation,Ngô,,Area_Planted,3409.0,ha,Actual,PL2
33b12fe90b584164,2010,8,Nam Định,Provincial,Cultivation,Lúa,,Area_Planted,870.0,ha,Actual,PL2
0923dbbab5a27c06,2010,8,Nam Định,Provincial,Cultivation,Sắn,,Area_Planted,300.0,ha,Actual,PL2
33b12fe90b584164,2010,8,Nam Định,Provincial,Cultivation,Lúa,,Area_Planted,4500.0,ha,Actual,PL2
5ab8a5d9ed65cfae,2010,8,Thái Bình,Provincial,Cultivation,Lúa,,Area_Planted,83180.0,ha,Actual,PL2
5ab8a5d9ed65cfae,2010,8,Thái Bình,Provincial,Cultivation,Lúa,,Area_Planted,13368.0,ha,Actual,PL2
b02428267b5161d1,2010,8,Thái Bình,Provincial,Cultivation,Ngô,,Area_Planted,8530.0,ha,Actual,PL2
5ab8a5d9ed65cfae,2010,8,Thái Bình,Provincial,Cultivation,Lúa,,Area_Planted,2893.0,ha,Actual,PL2
5ab8a5d9ed65cfae,2010,8,Thái Bình,Provincial,Cultivation,Lúa,,Area_Planted,1945.0,ha,Actual,PL2
4b5a2b9a2fe759b2,2010,8,Ninh Bình,Provincial,Cultivation,Lúa,,Area_Planted,39496.0,ha,Actual,PL2
4b5a2b9a2fe759b2,2010,8,Ninh Bình,Provincial,Cultivation,Lúa,,Area_Planted,6875.0,ha,Actual,PL2
d59be7a3791f7946,2010,8,Ninh Bình,Provincial,Cultivation,Ngô,,Area_Planted,4710.0,ha,Actual,PL2
4b5a2b9a2fe759b2,2010,8,Ninh Bình,Provincial,Cultivation,Lúa,,Area_Planted,2165.0,ha,Actual,PL2
9c87a151da895754,2010,8,Quảng Ninh,Provincial,Cultivation,Lúa,,Area_Planted,27392.0,ha,Actual,PL2
9c87a151da895754,2010,8,Quảng Ninh,Provincial,Cultivation,Lúa,,Area_Planted,12320.0,ha,Actual,PL2
88f86e687888e3d1,2010,8,Quảng Ninh,Provincial,Cultivation,Ngô,,Area_Planted,6394.0,ha,Actual,PL2
9c87a151da895754,2010,8,Quảng Ninh,Provincial,Cultivation,Lúa,,Area_Planted,4354.0,ha,Actual,PL2
96f2be9b61f55936,2010,8,Quảng Ninh,Provincial,Cultivation,Sắn,,Area_Planted,1076.0,ha,Actual,PL2
9c87a151da895754,2010,8,Quảng Ninh,Provincial,Cultivation,Lúa,,Area_Planted,496.0,ha,Actual,PL2
f9e18aa925be6766,2010,8,TD và MN phíaBắc,Provincial,Cultivation,Lúa,,Area_Planted,409018.0,ha,Actual,PL2
f9e18aa925be6766,2010,8,TD và MN phíaBắc,Provincial,Cultivation,Lúa,,Area_Planted,47287.0,ha,Actual,PL2
f9e18aa925be6766,2010,8,TD và MN phíaBắc,Provincial,Cultivation,Lúa,,Area_Planted,0.0,ha,Actual,PL2
f9e18aa925be6766,2010,8,TD và MN phíaBắc,Provincial,Cultivation,Lúa,,Area_Planted,543035.0,ha,Actual,PL2
a8c4f1a9cceefd60,2010,8,TD và MN phíaBắc,Provincial,Cultivation,Ngô,,Area_Planted,416213.0,ha,Actual,PL2
f9e18aa925be6766,2010,8,TD và MN phíaBắc,Provincial,Cultivation,Lúa,,Area_Planted,33152.0,ha,Actual,PL2
0a9428bd5b5f85ac,2010,8,TD và MN phíaBắc,Provincial,Cultivation,Sắn,,Area_Planted,81663.0,ha,Actual,PL2
f9e18aa925be6766,2010,8,TD và MN phíaBắc,Provincial,Cultivation,Lúa,,Area_Planted,12007.0,ha,Actual,PL2
7e9f325253371628,2010,8,Hà Giang,Provincial,Cultivation,Lúa,,Area_Planted,25986.0,ha,Actual,PL2
7e9f325253371628,2010,8,Hà Giang,Provincial,Cultivation,Lúa,,Area_Planted,50669.0,ha,Actual,PL2
e0ddd5a61504031d,2010,8,Hà Giang,Provincial,Cultivation,Ngô,,Area_Planted,42182.0,ha,Actual,PL2
7e9f325253371628,2010,8,Hà Giang,Provincial,Cultivation,Lúa,,Area_Planted,649.0,ha,Actual,PL2
76bf7309841b8e95,2010,8,Hà Giang,Provincial,Cultivation,Sắn,,Area_Planted,3761.0,ha,Actual,PL2
7e9f325253371628,2010,8,Hà Giang,Provincial,Cultivation,Lúa,,Area_Planted,4077.0,ha,Actual,PL2
6fd5fd840390583b,2010,8,Cao Bằng,Provincial,Cultivation,Lúa,,Area_Planted,25725.0,ha,Actual,PL2
6fd5fd840390583b,2010,8,Cao Bằng,Provincial,Cultivation,Lúa,,Area_Planted,2071.0,ha,Actual,PL2
6fd5fd840390583b,2010,8,Cao Bằng,Provincial,Cultivation,Lúa,,Area_Planted,32342.0,ha,Actual,PL2
aa818e2204a3b77c,2010,8,Cao Bằng,Provincial,Cultivation,Ngô,,Area_Planted,31476.0,ha,Actual,PL2
6fd5fd840390583b,2010,8,Cao Bằng,Provincial,Cultivation,Lúa,,Area_Planted,671.0,ha,Actual,PL2
6fd5fd840390583b,2010,8,Cao Bằng,Provincial,Cultivation,Lúa,,Area_Planted,195.0,ha,Actual,PL2
4f9f59d6a3366320,2010,8,Lào Cai,Provincial,Cultivation,Lúa,,Area_Planted,18699.0,ha,Actual,PL2
4f9f59d6a3366320,2010,8,Lào Cai,Provincial,Cultivation,Lúa,,Area_Planted,268.0,ha,Actual,PL2
4f9f59d6a3366320,2010,8,Lào Cai,Provincial,Cultivation,Lúa,,Area_Planted,29921.0,ha,Actual,PL2
a6b52b41cb4fff99,2010,8,Lào Cai,Provincial,Cultivation,Ngô,,Area_Planted,24331.0,ha,Actual,PL2
4f9f59d6a3366320,2010,8,Lào Cai,Provincial,Cultivation,Lúa,,Area_Planted,307.0,ha,Actual,PL2
752123a2a51df46f,2010,8,Lào Cai,Provincial,Cultivation,Sắn,,Area_Planted,4897.0,ha,Actual,PL2
4f9f59d6a3366320,2010,8,Lào Cai,Provincial,Cultivation,Lúa,,Area_Planted,386.0,ha,Actual,PL2
f531e581dd6e4378,2010,8,Bắc Cạn,Provincial,Cultivation,Lúa,,Area_Planted,12920.0,ha,Actual,PL2
f531e581dd6e4378,2010,8,Bắc Cạn,Provincial,Cultivation,Lúa,,Area_Planted,16020.0,ha,Actual,PL2
11bb9015edf634a4,2010,8,Bắc Cạn,Provincial,Cultivation,Ngô,,Area_Planted,14261.0,ha,Actual,PL2
f531e581dd6e4378,2010,8,Bắc Cạn,Provincial,Cultivation,Lúa,,Area_Planted,368.0,ha,Actual,PL2
4739c9d12ef173df,2010,8,Bắc Cạn,Provincial,Cultivation,Sắn,,Area_Planted,1144.0,ha,Actual,PL2
f531e581dd6e4378,2010,8,Bắc Cạn,Provincial,Cultivation,Lúa,,Area_Planted,247.0,ha,Actual,PL2
fa41a35dfe18bc0a,2010,8,Lạng Sơn,Provincial,Cultivation,Lúa,,Area_Planted,29565.0,ha,Actual,PL2
fa41a35dfe18bc0a,2010,8,Lạng Sơn,Provincial,Cultivation,Lúa,,Area_Planted,18940.0,ha,Actual,PL2
77697d765addbfb3,2010,8,Lạng Sơn,Provincial,Cultivation,Ngô,,Area_Planted,16967.0,ha,Actual,PL2
fa41a35dfe18bc0a,2010,8,Lạng Sơn,Provincial,Cultivation,Lúa,,Area_Planted,1973.0,ha,Actual,PL2
aef5e32ceed8e9f4,2010,8,Tuyên Quang,Provincial,Cultivation,Lúa,,Area_Planted,25555.0,ha,Actual,PL2
aef5e32ceed8e9f4,2010,8,Tuyên Quang,Provincial,Cultivation,Lúa,,Area_Planted,17733.0,ha,Actual,PL2
e0eed0d7b7f38f97,2010,8,Tuyên Quang,Provincial,Cultivation,Ngô,,Area_Planted,13682.0,ha,Actual,PL2
aef5e32ceed8e9f4,2010,8,Tuyên Quang,Provincial,Cultivation,Lúa,,Area_Planted,4051.0,ha,Actual,PL2
3c7a2a8ca50048c5,2010,8,Yên Bái,Provincial,Cultivation,Lúa,,Area_Planted,23778.0,ha,Actual,PL2
3c7a2a8ca50048c5,2010,8,Yên Bái,Provincial,Cultivation,Lúa,,Area_Planted,3980.0,ha,Actual,PL2
3c7a2a8ca50048c5,2010,8,Yên Bái,Provincial,Cultivation,Lúa,,Area_Planted,36542.0,ha,Actual,PL2
06d8ec3b4e181115,2010,8,Yên Bái,Provincial,Cultivation,Ngô,,Area_Planted,21502.0,ha,Actual,PL2
3c7a2a8ca50048c5,2010,8,Yên Bái,Provincial,Cultivation,Lúa,,Area_Planted,2500.0,ha,Actual,PL2
3b86c405f4a34709,2010,8,Yên Bái,Provincial,Cultivation,Sắn,,Area_Planted,12023.0,ha,Actual,PL2
3c7a2a8ca50048c5,2010,8,Yên Bái,Provincial,Cultivation,Lúa,,Area_Planted,517.0,ha,Actual,PL2
99e877bcc7092d97,2010,8,Thái Nguyên,Provincial,Cultivation,Lúa,,Area_Planted,41006.0,ha,Actual,PL2
99e877bcc7092d97,2010,8,Thái Nguyên,Provincial,Cultivation,Lúa,,Area_Planted,28590.0,ha,Actual,PL2
b11a604dd74910f2,2010,8,Thái Nguyên,Provincial,Cultivation,Ngô,,Area_Planted,17772.0,ha,Actual,PL2
99e877bcc7092d97,2010,8,Thái Nguyên,Provincial,Cultivation,Lúa,,Area_Planted,7109.0,ha,Actual,PL2
6d85f90f0a577a96,2010,8,Thái Nguyên,Provincial,Cultivation,Sắn,,Area_Planted,3709.0,ha,Actual,PL2
4d128e5f10dc22f5,2010,8,Phú Thọ,Provincial,Cultivation,Lúa,,Area_Planted,33428.0,ha,Actual,PL2
4d128e5f10dc22f5,2010,8,Phú Thọ,Provincial,Cultivation,Lúa,,Area_Planted,32951.0,ha,Actual,PL2
b4e2e0245cd033d6,2010,8,Phú Thọ,Provincial,Cultivation,Ngô,,Area_Planted,22647.0,ha,Actual,PL2
4d128e5f10dc22f5,2010,8,Phú Thọ,Provincial,Cultivation,Lúa,,Area_Planted,2908.0,ha,Actual,PL2
b56c24f1809e353a,2010,8,Phú Thọ,Provincial,Cultivation,Sắn,,Area_Planted,7194.0,ha,Actual,PL2
4d128e5f10dc22f5,2010,8,Phú Thọ,Provincial,Cultivation,Lúa,,Area_Planted,202.0,ha,Actual,PL2
d992a42b1b3c4ae1,2010,8,Bắc Giang,Provincial,Cultivation,Lúa,,Area_Planted,58055.0,ha,Actual,PL2
d992a42b1b3c4ae1,2010,8,Bắc Giang,Provincial,Cultivation,Lúa,,Area_Planted,22391.0,ha,Actual,PL2
bbe676b6d36c66a6,2010,8,Bắc Giang,Provincial,Cultivation,Ngô,,Area_Planted,12420.0,ha,Actual,PL2
d992a42b1b3c4ae1,2010,8,Bắc Giang,Provincial,Cultivation,Lúa,,Area_Planted,7771.0,ha,Actual,PL2
328c37bc57f38a63,2010,8,Bắc Giang,Provincial,Cultivation,Sắn,,Area_Planted,2200.0,ha,Actual,PL2
ba5ab89c11f2064d,2010,8,Lai Châu,Provincial,Cultivation,Lúa,,Area_Planted,24789.0,ha,Actual,PL2
ba5ab89c11f2064d,2010,8,Lai Châu,Provincial,Cultivation,Lúa,,Area_Planted,6181.0,ha,Actual,PL2
ba5ab89c11f2064d,2010,8,Lai Châu,Provincial,Cultivation,Lúa,,Area_Planted,22641.0,ha,Actual,PL2
77bff7f2ee531468,2010,8,Lai Châu,Provincial,Cultivation,Ngô,,Area_Planted,17336.0,ha,Actual,PL2
7b8433429ae08d0d,2010,8,Lai Châu,Provincial,Cultivation,Sắn,,Area_Planted,5305.0,ha,Actual,PL2
fd7daf77592bdae8,2010,8,Điện Biên,Provincial,Cultivation,Lúa,,Area_Planted,38635.0,ha,Actual,PL2
fd7daf77592bdae8,2010,8,Điện Biên,Provincial,Cultivation,Lúa,,Area_Planted,22787.0,ha,Actual,PL2
fd7daf77592bdae8,2010,8,Điện Biên,Provincial,Cultivation,Lúa,,Area_Planted,36286.0,ha,Actual,PL2
39d82d1c044c52e0,2010,8,Điện Biên,Provincial,Cultivation,Ngô,,Area_Planted,29130.0,ha,Actual,PL2
fd7daf77592bdae8,2010,8,Điện Biên,Provincial,Cultivation,Lúa,,Area_Planted,20.0,ha,Actual,PL2
61a542bbeb3ecc9b,2010,8,Điện Biên,Provincial,Cultivation,Sắn,,Area_Planted,7136.0,ha,Actual,PL2
15422ac43b4ec163,2010,8,Sơn La,Provincial,Cultivation,Lúa,,Area_Planted,27000.0,ha,Actual,PL2
15422ac43b4ec163,2010,8,Sơn La,Provincial,Cultivation,Lúa,,Area_Planted,12000.0,ha,Actual,PL2
15422ac43b4ec163,2010,8,Sơn La,Provincial,Cultivation,Lúa,,Area_Planted,142887.0,ha,Actual,PL2
7506e42ac2355618,2010,8,Sơn La,Provincial,Cultivation,Ngô,,Area_Planted,116449.0,ha,Actual,PL2
15422ac43b4ec163,2010,8,Sơn La,Provincial,Cultivation,Lúa,,Area_Planted,258.0,ha,Actual,PL2
97b11aaddd7f4a34,2010,8,Sơn La,Provincial,Cultivation,Sắn,,Area_Planted,23285.0,ha,Actual,PL2
15422ac43b4ec163,2010,8,Sơn La,Provincial,Cultivation,Lúa,,Area_Planted,2895.0,ha,Actual,PL2
c6c6d5cfb9557ea4,2010,8,Hoà Bình,Provincial,Cultivation,Lúa,,Area_Planted,23877.0,ha,Actual,PL2
c6c6d5cfb9557ea4,2010,8,Hoà Bình,Provincial,Cultivation,Lúa,,Area_Planted,55122.0,ha,Actual,PL2
83ee9f81a87d7100,2010,8,Hoà Bình,Provincial,Cultivation,Ngô,,Area_Planted,36058.0,ha,Actual,PL2
c6c6d5cfb9557ea4,2010,8,Hoà Bình,Provincial,Cultivation,Lúa,,Area_Planted,6540.0,ha,Actual,PL2
4dabf3076d2cc543,2010,8,Hoà Bình,Provincial,Cultivation,Sắn,,Area_Planted,11009.0,ha,Actual,PL2
c6c6d5cfb9557ea4,2010,8,Hoà Bình,Provincial,Cultivation,Lúa,,Area_Planted,1515.0,ha,Actual,PL2
acadf02d29678412,2010,8,Bắc Trung Bộ,Provincial,Cultivation,Lúa,,Area_Planted,184284.0,ha,Actual,PL2
acadf02d29678412,2010,8,Bắc Trung Bộ,Provincial,Cultivation,Lúa,,Area_Planted,1600.0,ha,Actual,PL2
acadf02d29678412,2010,8,Bắc Trung Bộ,Provincial,Cultivation,Lúa,,Area_Planted,160643.0,ha,Actual,PL2
acadf02d29678412,2010,8,Bắc Trung Bộ,Provincial,Cultivation,Lúa,,Area_Planted,234008.0,ha,Actual,PL2
06c3dfc135558e96,2010,8,Bắc Trung Bộ,Provincial,Cultivation,Ngô,,Area_Planted,134045.0,ha,Actual,PL2
acadf02d29678412,2010,8,Bắc Trung Bộ,Provincial,Cultivation,Lúa,,Area_Planted,43170.0,ha,Actual,PL2
964b295b579627e2,2010,8,Bắc Trung Bộ,Provincial,Cultivation,Sắn,,Area_Planted,48434.0,ha,Actual,PL2
acadf02d29678412,2010,8,Bắc Trung Bộ,Provincial,Cultivation,Lúa,,Area_Planted,8359.0,ha,Actual,PL2
afbc481c97d77e86,2010,8,Thanh Hoá,Provincial,Cultivation,Lúa,,Area_Planted,133759.0,ha,Actual,PL2
afbc481c97d77e86,2010,8,Thanh Hoá,Provincial,Cultivation,Lúa,,Area_Planted,83186.0,ha,Actual,PL2
a66af31c3cce6add,2010,8,Thanh Hoá,Provincial,Cultivation,Ngô,,Area_Planted,59099.0,ha,Actual,PL2
afbc481c97d77e86,2010,8,Thanh Hoá,Provincial,Cultivation,Lúa,,Area_Planted,14178.0,ha,Actual,PL2
9ac79ca18789724c,2010,8,Thanh Hoá,Provincial,Cultivation,Sắn,,Area_Planted,9200.0,ha,Actual,PL2
afbc481c97d77e86,2010,8,Thanh Hoá,Provincial,Cultivation,Lúa,,Area_Planted,709.0,ha,Actual,PL2
eb483f365587569b,2010,8,Nghệ An,Provincial,Cultivation,Lúa,,Area_Planted,44000.0,ha,Actual,PL2
eb483f365587569b,2010,8,Nghệ An,Provincial,Cultivation,Lúa,,Area_Planted,58000.0,ha,Actual,PL2
eb483f365587569b,2010,8,Nghệ An,Provincial,Cultivation,Lúa,,Area_Planted,84236.0,ha,Actual,PL2
c5aed10ddc6c6a64,2010,8,Nghệ An,Provincial,Cultivation,Ngô,,Area_Planted,56286.0,ha,Actual,PL2
eb483f365587569b,2010,8,Nghệ An,Provincial,Cultivation,Lúa,,Area_Planted,10987.0,ha,Actual,PL2
fb3d10a58b14c750,2010,8,Nghệ An,Provincial,Cultivation,Sắn,,Area_Planted,16463.0,ha,Actual,PL2
eb483f365587569b,2010,8,Nghệ An,Provincial,Cultivation,Lúa,,Area_Planted,500.0,ha,Actual,PL2
eabbc1d029439471,2010,8,Hà Tĩnh,Provincial,Cultivation,Lúa,,Area_Planted,4325.0,ha,Actual,PL2
eabbc1d029439471,2010,8,Hà Tĩnh,Provincial,Cultivation,Lúa,,Area_Planted,40825.0,ha,Actual,PL2
eabbc1d029439471,2010,8,Hà Tĩnh,Provincial,Cultivation,Lúa,,Area_Planted,26562.0,ha,Actual,PL2
19e81b87de849bc4,2010,8,Hà Tĩnh,Provincial,Cultivation,Ngô,,Area_Planted,9383.0,ha,Actual,PL2
eabbc1d029439471,2010,8,Hà Tĩnh,Provincial,Cultivation,Lúa,,Area_Planted,10990.0,ha,Actual,PL2
866e6dda1f184153,2010,8,Hà Tĩnh,Provincial,Cultivation,Sắn,,Area_Planted,3439.0,ha,Actual,PL2
eabbc1d029439471,2010,8,Hà Tĩnh,Provincial,Cultivation,Lúa,,Area_Planted,2750.0,ha,Actual,PL2
49a3e95d054df818,2010,8,Quảng Bình,Provincial,Cultivation,Lúa,,Area_Planted,15370.0,ha,Actual,PL2
49a3e95d054df818,2010,8,Quảng Bình,Provincial,Cultivation,Lúa,,Area_Planted,13480.0,ha,Actual,PL2
662a51dee57af3a9,2010,8,Quảng Bình,Provincial,Cultivation,Ngô,,Area_Planted,4162.0,ha,Actual,PL2
49a3e95d054df818,2010,8,Quảng Bình,Provincial,Cultivation,Lúa,,Area_Planted,1586.0,ha,Actual,PL2
54a02f23f67e4fcb,2010,8,Quảng Bình,Provincial,Cultivation,Sắn,,Area_Planted,5782.0,ha,Actual,PL2
49a3e95d054df818,2010,8,Quảng Bình,Provincial,Cultivation,Lúa,,Area_Planted,1950.0,ha,Actual,PL2
177694967a0d967c,2010,8,Quảng Trị,Provincial,Cultivation,Lúa,,Area_Planted,1600.0,ha,Actual,PL2
177694967a0d967c,2010,8,Quảng Trị,Provincial,Cultivation,Lúa,,Area_Planted,1600.0,ha,Actual,PL2
177694967a0d967c,2010,8,Quảng Trị,Provincial,Cultivation,Lúa,,Area_Planted,21314.0,ha,Actual,PL2
177694967a0d967c,2010,8,Quảng Trị,Provincial,Cultivation,Lúa,,Area_Planted,16434.0,ha,Actual,PL2
07fd57943aceb07d,2010,8,Quảng Trị,Provincial,Cultivation,Ngô,,Area_Planted,3505.0,ha,Actual,PL2
177694967a0d967c,2010,8,Quảng Trị,Provincial,Cultivation,Lúa,,Area_Planted,2429.0,ha,Actual,PL2
ee937fcafcf9975f,2010,8,Quảng Trị,Provincial,Cultivation,Sắn,,Area_Planted,8500.0,ha,Actual,PL2
177694967a0d967c,2010,8,Quảng Trị,Provincial,Cultivation,Lúa,,Area_Planted,2000.0,ha,Actual,PL2
6fe4696f0b686fc5,2010,8,Thừa Thiên Huế,Provincial,Cultivation,Lúa,,Area_Planted,600.0,ha,Actual,PL2
6fe4696f0b686fc5,2010,8,Thừa Thiên Huế,Provincial,Cultivation,Lúa,,Area_Planted,25134.0,ha,Actual,PL2
6fe4696f0b686fc5,2010,8,Thừa Thiên Huế,Provincial,Cultivation,Lúa,,Area_Planted,10110.0,ha,Actual,PL2
cfa45cb23bd3241d,2010,8,Thừa Thiên Huế,Provincial,Cultivation,Ngô,,Area_Planted,1610.0,ha,Actual,PL2
6fe4696f0b686fc5,2010,8,Thừa Thiên Huế,Provincial,Cultivation,Lúa,,Area_Planted,3000.0,ha,Actual,PL2
ff8186f904066818,2010,8,Thừa Thiên Huế,Provincial,Cultivation,Sắn,,Area_Planted,5050.0,ha,Actual,PL2
6fe4696f0b686fc5,2010,8,Thừa Thiên Huế,Provincial,Cultivation,Lúa,,Area_Planted,450.0,ha,Actual,PL2
b93e3a1083e96472,2010,8,Miền Bắc,Provincial,Cultivation,Lúa,,Area_Planted,358003.0,ha,Actual,PL3
aede2d9652d8e927,2010,8,Miền Bắc,Provincial,Cultivation,Đậu,,Area_Planted,154975.0,ha,Actual,PL3
2053d3b8e5fc641f,2010,8,Miền Bắc,Provincial,Cultivation,Lạc,,Area_Planted,138452.0,ha,Actual,PL3
1935ff24a36a7571,2010,8,Miền Bắc,Provincial,Cultivation,Mía,,Area_Planted,27102.0,ha,Actual,PL3
b93e3a1083e96472,2010,8,Miền Bắc,Provincial,Cultivation,Lúa,,Area_Planted,13193.0,ha,Actual,PL3
b93e3a1083e96472,2010,8,Miền Bắc,Provincial,Cultivation,Lúa,,Area_Planted,24280.0,ha,Actual,PL3
b93e3a1083e96472,2010,8,Miền Bắc,Provincial,Cultivation,Lúa,,Area_Planted,358269.0,ha,Actual,PL3
3d906ea58b3207b1,2010,8,ĐB sông Hồng,Provincial,Cultivation,Lúa,,Area_Planted,130442.0,ha,Actual,PL3
fa5918ba78799663,2010,8,ĐB sông Hồng,Provincial,Cultivation,Đậu,,Area_Planted,89966.0,ha,Actual,PL3
671f6a62e09214d7,2010,8,ĐB sông Hồng,Provincial,Cultivation,Lạc,,Area_Planted,24167.0,ha,Actual,PL3
0564d952474c8c22,2010,8,ĐB sông Hồng,Provincial,Cultivation,Mía,,Area_Planted,657.0,ha,Actual,PL3
3d906ea58b3207b1,2010,8,ĐB sông Hồng,Provincial,Cultivation,Lúa,,Area_Planted,2747.0,ha,Actual,PL3
3d906ea58b3207b1,2010,8,ĐB sông Hồng,Provincial,Cultivation,Lúa,,Area_Planted,12904.0,ha,Actual,PL3
3d906ea58b3207b1,2010,8,ĐB sông Hồng,Provincial,Cultivation,Lúa,,Area_Planted,170190.0,ha,Actual,PL3
81f2b8f9499691a0,2010,8,Hà Nội,Provincial,Cultivation,Lúa,,Area_Planted,42556.0,ha,Actual,PL3
2002608042f8780c,2010,8,Hà Nội,Provincial,Cultivation,Đậu,,Area_Planted,36043.0,ha,Actual,PL3
ec1e6b5636baae69,2010,8,Hà Nội,Provincial,Cultivation,Lạc,,Area_Planted,5606.0,ha,Actual,PL3
595ffd2959406b68,2010,8,Hà Nội,Provincial,Cultivation,Mía,,Area_Planted,200.0,ha,Actual,PL3
81f2b8f9499691a0,2010,8,Hà Nội,Provincial,Cultivation,Lúa,,Area_Planted,707.0,ha,Actual,PL3
81f2b8f9499691a0,2010,8,Hà Nội,Provincial,Cultivation,Lúa,,Area_Planted,28913.0,ha,Actual,PL3
5c6d462b09bdd901,2010,8,Hải Phòng,Provincial,Cultivation,Lúa,,Area_Planted,3037.0,ha,Actual,PL3
5d2aebb7c863e022,2010,8,Hải Phòng,Provincial,Cultivation,Đậu,,Area_Planted,390.0,ha,Actual,PL3
5c6d462b09bdd901,2010,8,Hải Phòng,Provincial,Cultivation,Lúa,,Area_Planted,2347.0,ha,Actual,PL3
5c6d462b09bdd901,2010,8,Hải Phòng,Provincial,Cultivation,Lúa,,Area_Planted,300.0,ha,Actual,PL3
5c6d462b09bdd901,2010,8,Hải Phòng,Provincial,Cultivation,Lúa,,Area_Planted,27699.0,ha,Actual,PL3
483c47d60af2abfa,2010,8,Vĩnh Phúc,Provincial,Cultivation,Lúa,,Area_Planted,10508.0,ha,Actual,PL3
6970dadd37a09225,2010,8,Vĩnh Phúc,Provincial,Cultivation,Đậu,,Area_Planted,6192.0,ha,Actual,PL3
cce4bdbbfc0549c8,2010,8,Vĩnh Phúc,Provincial,Cultivation,Lạc,,Area_Planted,3592.0,ha,Actual,PL3
b0a1d3afa79ea71d,2010,8,Vĩnh Phúc,Provincial,Cultivation,Mía,,Area_Planted,51.0,ha,Actual,PL3
483c47d60af2abfa,2010,8,Vĩnh Phúc,Provincial,Cultivation,Lúa,,Area_Planted,673.0,ha,Actual,PL3
483c47d60af2abfa,2010,8,Vĩnh Phúc,Provincial,Cultivation,Lúa,,Area_Planted,9406.0,ha,Actual,PL3
e2d8f31e07e49457,2010,8,Bắc Ninh,Provincial,Cultivation,Lúa,,Area_Planted,5074.0,ha,Actual,PL3
763f0fa6aee91b3c,2010,8,Bắc Ninh,Provincial,Cultivation,Đậu,,Area_Planted,3590.0,ha,Actual,PL3
fd512a727c882bb9,2010,8,Bắc Ninh,Provincial,Cultivation,Lạc,,Area_Planted,1169.0,ha,Actual,PL3
e2d8f31e07e49457,2010,8,Bắc Ninh,Provincial,Cultivation,Lúa,,Area_Planted,315.0,ha,Actual,PL3
e2d8f31e07e49457,2010,8,Bắc Ninh,Provincial,Cultivation,Lúa,,Area_Planted,7896.0,ha,Actual,PL3
04d7b2e132b3cea1,2010,8,Hải Dương,Provincial,Cultivation,Lúa,,Area_Planted,3260.0,ha,Actual,PL3
4dc0e55309b3ab92,2010,8,Hải Dương,Provincial,Cultivation,Đậu,,Area_Planted,1450.0,ha,Actual,PL3
4536c04d03a35653,2010,8,Hải Dương,Provincial,Cultivation,Lạc,,Area_Planted,1300.0,ha,Actual,PL3
04d7b2e132b3cea1,2010,8,Hải Dương,Provincial,Cultivation,Lúa,,Area_Planted,510.0,ha,Actual,PL3
04d7b2e132b3cea1,2010,8,Hải Dương,Provincial,Cultivation,Lúa,,Area_Planted,26415.0,ha,Actual,PL3
5a816fab1b3a6f96,2010,8,Hưng Yên,Provincial,Cultivation,Lúa,,Area_Planted,3912.0,ha,Actual,PL3
b4db59e08339cde2,2010,8,Hưng Yên,Provincial,Cultivation,Đậu,,Area_Planted,2758.0,ha,Actual,PL3
80be12cc9dc7a37b,2010,8,Hưng Yên,Provincial,Cultivation,Lạc,,Area_Planted,932.0,ha,Actual,PL3
5a816fab1b3a6f96,2010,8,Hưng Yên,Provincial,Cultivation,Lúa,,Area_Planted,222.0,ha,Actual,PL3
5a816fab1b3a6f96,2010,8,Hưng Yên,Provincial,Cultivation,Lúa,,Area_Planted,19395.0,ha,Actual,PL3
c4781b8247c3cd39,2010,8,Hà Nam,Provincial,Cultivation,Lúa,,Area_Planted,13139.0,ha,Actual,PL3
e66fee462c79c43f,2010,8,Hà Nam,Provincial,Cultivation,Đậu,,Area_Planted,12741.0,ha,Actual,PL3
ed5ce069bf89d179,2010,8,Hà Nam,Provincial,Cultivation,Lạc,,Area_Planted,398.0,ha,Actual,PL3
c4781b8247c3cd39,2010,8,Hà Nam,Provincial,Cultivation,Lúa,,Area_Planted,6385.0,ha,Actual,PL3
33b12fe90b584164,2010,8,Nam Định,Provincial,Cultivation,Lúa,,Area_Planted,10907.0,ha,Actual,PL3
5da28da9e0aa83cf,2010,8,Nam Định,Provincial,Cultivation,Đậu,,Area_Planted,2226.0,ha,Actual,PL3
64e59676c6e91696,2010,8,Nam Định,Provincial,Cultivation,Lạc,,Area_Planted,3988.0,ha,Actual,PL3
33b12fe90b584164,2010,8,Nam Định,Provincial,Cultivation,Lúa,,Area_Planted,4693.0,ha,Actual,PL3
33b12fe90b584164,2010,8,Nam Định,Provincial,Cultivation,Lúa,,Area_Planted,10198.0,ha,Actual,PL3
5ab8a5d9ed65cfae,2010,8,Thái Bình,Provincial,Cultivation,Lúa,,Area_Planted,20414.0,ha,Actual,PL3
aac4991593e8794d,2010,8,Thái Bình,Provincial,Cultivation,Đậu,,Area_Planted,13779.0,ha,Actual,PL3
ed71d248b138e3f4,2010,8,Thái Bình,Provincial,Cultivation,Lạc,,Area_Planted,1500.0,ha,Actual,PL3
5ab8a5d9ed65cfae,2010,8,Thái Bình,Provincial,Cultivation,Lúa,,Area_Planted,400.0,ha,Actual,PL3
5ab8a5d9ed65cfae,2010,8,Thái Bình,Provincial,Cultivation,Lúa,,Area_Planted,4735.0,ha,Actual,PL3
5ab8a5d9ed65cfae,2010,8,Thái Bình,Provincial,Cultivation,Lúa,,Area_Planted,16473.0,ha,Actual,PL3
4b5a2b9a2fe759b2,2010,8,Ninh Bình,Provincial,Cultivation,Lúa,,Area_Planted,12679.0,ha,Actual,PL3
9f185bd8bdf76a05,2010,8,Ninh Bình,Provincial,Cultivation,Đậu,,Area_Planted,9910.0,ha,Actual,PL3
7dab12aa35219d2e,2010,8,Ninh Bình,Provincial,Cultivation,Lạc,,Area_Planted,2769.0,ha,Actual,PL3
4b5a2b9a2fe759b2,2010,8,Ninh Bình,Provincial,Cultivation,Lúa,,Area_Planted,8323.0,ha,Actual,PL3
9c87a151da895754,2010,8,Quảng Ninh,Provincial,Cultivation,Lúa,,Area_Planted,4955.0,ha,Actual,PL3
858f2457d0a797a0,2010,8,Quảng Ninh,Provincial,Cultivation,Đậu,,Area_Planted,887.0,ha,Actual,PL3
851f6cb653b9a4b1,2010,8,Quảng Ninh,Provincial,Cultivation,Lạc,,Area_Planted,2913.0,ha,Actual,PL3
ce0443f89fd63b05,2010,8,Quảng Ninh,Provincial,Cultivation,Mía,,Area_Planted,406.0,ha,Actual,PL3
9c87a151da895754,2010,8,Quảng Ninh,Provincial,Cultivation,Lúa,,Area_Planted,749.0,ha,Actual,PL3
9c87a151da895754,2010,8,Quảng Ninh,Provincial,Cultivation,Lúa,,Area_Planted,9087.0,ha,Actual,PL3
49897b4477364562,2010,8,Trung du và MN phía Bắc,Provincial,Cultivation,Lúa,,Area_Planted,129379.0,ha,Actual,PL3
3ad9423085070805,2010,8,Trung du và MN phía Bắc,Provincial,Cultivation,Đậu,,Area_Planted,58393.0,ha,Actual,PL3
aefb1ea3ebf0550e,2010,8,Trung du và MN phía Bắc,Provincial,Cultivation,Lạc,,Area_Planted,43799.0,ha,Actual,PL3
46054db3b9d7e345,2010,8,Trung du và MN phía Bắc,Provincial,Cultivation,Mía,,Area_Planted,10490.0,ha,Actual,PL3
49897b4477364562,2010,8,Trung du và MN phía Bắc,Provincial,Cultivation,Lúa,,Area_Planted,10296.0,ha,Actual,PL3
49897b4477364562,2010,8,Trung du và MN phía Bắc,Provincial,Cultivation,Lúa,,Area_Planted,6401.0,ha,Actual,PL3
49897b4477364562,2010,8,Trung du và MN phía Bắc,Provincial,Cultivation,Lúa,,Area_Planted,94772.0,ha,Actual,PL3
7e9f325253371628,2010,8,Hà Giang,Provincial,Cultivation,Lúa,,Area_Planted,23369.0,ha,Actual,PL3
2743dfc8e862659e,2010,8,Hà Giang,Provincial,Cultivation,Đậu,,Area_Planted,17362.0,ha,Actual,PL3
2275ab5a58d77037,2010,8,Hà Giang,Provincial,Cultivation,Lạc,,Area_Planted,5797.0,ha,Actual,PL3
7e9f325253371628,2010,8,Hà Giang,Provincial,Cultivation,Lúa,,Area_Planted,210.0,ha,Actual,PL3
7e9f325253371628,2010,8,Hà Giang,Provincial,Cultivation,Lúa,,Area_Planted,10943.0,ha,Actual,PL3
6fd5fd840390583b,2010,8,Cao Bằng,Provincial,Cultivation,Lúa,,Area_Planted,10732.0,ha,Actual,PL3
63d31a788a160e40,2010,8,Cao Bằng,Provincial,Cultivation,Đậu,,Area_Planted,5246.0,ha,Actual,PL3
6ea0a9fb2dee8071,2010,8,Cao Bằng,Provincial,Cultivation,Lạc,,Area_Planted,711.0,ha,Actual,PL3
25a1c48d7e127913,2010,8,Cao Bằng,Provincial,Cultivation,Mía,,Area_Planted,1238.0,ha,Actual,PL3
6fd5fd840390583b,2010,8,Cao Bằng,Provincial,Cultivation,Lúa,,Area_Planted,3303.0,ha,Actual,PL3
6fd5fd840390583b,2010,8,Cao Bằng,Provincial,Cultivation,Lúa,,Area_Planted,234.0,ha,Actual,PL3
6fd5fd840390583b,2010,8,Cao Bằng,Provincial,Cultivation,Lúa,,Area_Planted,1738.0,ha,Actual,PL3
4f9f59d6a3366320,2010,8,Lào Cai,Provincial,Cultivation,Lúa,,Area_Planted,3135.0,ha,Actual,PL3
a8ab81c511dca878,2010,8,Lào Cai,Provincial,Cultivation,Đậu,,Area_Planted,1962.0,ha,Actual,PL3
60de7fc25b214254,2010,8,Lào Cai,Provincial,Cultivation,Lạc,,Area_Planted,589.0,ha,Actual,PL3
4f9f59d6a3366320,2010,8,Lào Cai,Provincial,Cultivation,Lúa,,Area_Planted,448.0,ha,Actual,PL3
4f9f59d6a3366320,2010,8,Lào Cai,Provincial,Cultivation,Lúa,,Area_Planted,136.0,ha,Actual,PL3
4f9f59d6a3366320,2010,8,Lào Cai,Provincial,Cultivation,Lúa,,Area_Planted,4124.0,ha,Actual,PL3
f531e581dd6e4378,2010,8,Bắc Cạn,Provincial,Cultivation,Lúa,,Area_Planted,4728.0,ha,Actual,PL3
6902160ea4789e06,2010,8,Bắc Cạn,Provincial,Cultivation,Đậu,,Area_Planted,2737.0,ha,Actual,PL3
5ed12908668c6725,2010,8,Bắc Cạn,Provincial,Cultivation,Lạc,,Area_Planted,322.0,ha,Actual,PL3
95a9566b86d1ab5c,2010,8,Bắc Cạn,Provincial,Cultivation,Mía,,Area_Planted,70.0,ha,Actual,PL3
f531e581dd6e4378,2010,8,Bắc Cạn,Provincial,Cultivation,Lúa,,Area_Planted,1444.0,ha,Actual,PL3
f531e581dd6e4378,2010,8,Bắc Cạn,Provincial,Cultivation,Lúa,,Area_Planted,155.0,ha,Actual,PL3
f531e581dd6e4378,2010,8,Bắc Cạn,Provincial,Cultivation,Lúa,,Area_Planted,1611.0,ha,Actual,PL3
fa41a35dfe18bc0a,2010,8,Lạng Sơn,Provincial,Cultivation,Lúa,,Area_Planted,10561.0,ha,Actual,PL3
17e4f77e58105db1,2010,8,Lạng Sơn,Provincial,Cultivation,Đậu,,Area_Planted,1600.0,ha,Actual,PL3
a1ab25f5543d9c8c,2010,8,Lạng Sơn,Provincial,Cultivation,Lạc,,Area_Planted,1500.0,ha,Actual,PL3
a8aafbf5ec95d73a,2010,8,Lạng Sơn,Provincial,Cultivation,Mía,,Area_Planted,200.0,ha,Actual,PL3
fa41a35dfe18bc0a,2010,8,Lạng Sơn,Provincial,Cultivation,Lúa,,Area_Planted,5016.0,ha,Actual,PL3
fa41a35dfe18bc0a,2010,8,Lạng Sơn,Provincial,Cultivation,Lúa,,Area_Planted,2245.0,ha,Actual,PL3
fa41a35dfe18bc0a,2010,8,Lạng Sơn,Provincial,Cultivation,Lúa,,Area_Planted,1290.0,ha,Actual,PL3
aef5e32ceed8e9f4,2010,8,Tuyên Quang,Provincial,Cultivation,Lúa,,Area_Planted,7828.0,ha,Actual,PL3
0635dcaf9e1cd92e,2010,8,Tuyên Quang,Provincial,Cultivation,Đậu,,Area_Planted,2970.0,ha,Actual,PL3
1caf478008531a51,2010,8,Tuyên Quang,Provincial,Cultivation,Lạc,,Area_Planted,4858.0,ha,Actual,PL3
aef5e32ceed8e9f4,2010,8,Tuyên Quang,Provincial,Cultivation,Lúa,,Area_Planted,0.0,ha,Actual,PL3
aef5e32ceed8e9f4,2010,8,Tuyên Quang,Provincial,Cultivation,Lúa,,Area_Planted,6320.0,ha,Actual,PL3
3c7a2a8ca50048c5,2010,8,Yên Bái,Provincial,Cultivation,Lúa,,Area_Planted,6796.0,ha,Actual,PL3
178788e19ed85f78,2010,8,Yên Bái,Provincial,Cultivation,Đậu,,Area_Planted,3676.0,ha,Actual,PL3
ce33ccd9fbf336c0,2010,8,Yên Bái,Provincial,Cultivation,Lạc,,Area_Planted,2104.0,ha,Actual,PL3
81e1fe4e0e5fe1e4,2010,8,Yên Bái,Provincial,Cultivation,Mía,,Area_Planted,630.0,ha,Actual,PL3
3c7a2a8ca50048c5,2010,8,Yên Bái,Provincial,Cultivation,Lúa,,Area_Planted,385.0,ha,Actual,PL3
3c7a2a8ca50048c5,2010,8,Yên Bái,Provincial,Cultivation,Lúa,,Area_Planted,7650.0,ha,Actual,PL3
99e877bcc7092d97,2010,8,Thái Nguyên,Provincial,Cultivation,Lúa,,Area_Planted,6179.0,ha,Actual,PL3
e1972ae2b09d0ba1,2010,8,Thái Nguyên,Provincial,Cultivation,Đậu,,Area_Planted,1769.0,ha,Actual,PL3
35ad5c6d08fc808b,2010,8,Thái Nguyên,Provincial,Cultivation,Lạc,,Area_Planted,4410.0,ha,Actual,PL3
99e877bcc7092d97,2010,8,Thái Nguyên,Provincial,Cultivation,Lúa,,Area_Planted,0.0,ha,Actual,PL3
99e877bcc7092d97,2010,8,Thái Nguyên,Provincial,Cultivation,Lúa,,Area_Planted,10154.0,ha,Actual,PL3
4d128e5f10dc22f5,2010,8,Phú Thọ,Provincial,Cultivation,Lúa,,Area_Planted,8501.0,ha,Actual,PL3
a62b12f89de9fe73,2010,8,Phú Thọ,Provincial,Cultivation,Đậu,,Area_Planted,3045.0,ha,Actual,PL3
949a6b20bd6b351a,2010,8,Phú Thọ,Provincial,Cultivation,Lạc,,Area_Planted,5364.0,ha,Actual,PL3
4d128e5f10dc22f5,2010,8,Phú Thọ,Provincial,Cultivation,Lúa,,Area_Planted,92.0,ha,Actual,PL3
4d128e5f10dc22f5,2010,8,Phú Thọ,Provincial,Cultivation,Lúa,,Area_Planted,5917.0,ha,Actual,PL3
d992a42b1b3c4ae1,2010,8,Bắc Giang,Provincial,Cultivation,Lúa,,Area_Planted,13391.0,ha,Actual,PL3
cdd7ebf3bacd41bf,2010,8,Bắc Giang,Provincial,Cultivation,Đậu,,Area_Planted,1807.0,ha,Actual,PL3
60c72467a3ab8fb7,2010,8,Bắc Giang,Provincial,Cultivation,Lạc,,Area_Planted,10766.0,ha,Actual,PL3
d992a42b1b3c4ae1,2010,8,Bắc Giang,Provincial,Cultivation,Lúa,,Area_Planted,85.0,ha,Actual,PL3
d992a42b1b3c4ae1,2010,8,Bắc Giang,Provincial,Cultivation,Lúa,,Area_Planted,733.0,ha,Actual,PL3
d992a42b1b3c4ae1,2010,8,Bắc Giang,Provincial,Cultivation,Lúa,,Area_Planted,25955.0,ha,Actual,PL3
ba5ab89c11f2064d,2010,8,Lai Châu,Provincial,Cultivation,Lúa,,Area_Planted,3163.0,ha,Actual,PL3
c6804f6deac6e5c5,2010,8,Lai Châu,Provincial,Cultivation,Đậu,,Area_Planted,1569.0,ha,Actual,PL3
034db9fcee43e673,2010,8,Lai Châu,Provincial,Cultivation,Lạc,,Area_Planted,1325.0,ha,Actual,PL3
ba5ab89c11f2064d,2010,8,Lai Châu,Provincial,Cultivation,Lúa,,Area_Planted,269.0,ha,Actual,PL3
ba5ab89c11f2064d,2010,8,Lai Châu,Provincial,Cultivation,Lúa,,Area_Planted,735.0,ha,Actual,PL3
fd7daf77592bdae8,2010,8,Điện Biên,Provincial,Cultivation,Lúa,,Area_Planted,7609.0,ha,Actual,PL3
9c78be542f109525,2010,8,Điện Biên,Provincial,Cultivation,Đậu,,Area_Planted,5647.0,ha,Actual,PL3
c4997b1481cd1630,2010,8,Điện Biên,Provincial,Cultivation,Lạc,,Area_Planted,1412.0,ha,Actual,PL3
fd7daf77592bdae8,2010,8,Điện Biên,Provincial,Cultivation,Lúa,,Area_Planted,550.0,ha,Actual,PL3
fd7daf77592bdae8,2010,8,Điện Biên,Provincial,Cultivation,Lúa,,Area_Planted,950.0,ha,Actual,PL3
15422ac43b4ec163,2010,8,Sơn La,Provincial,Cultivation,Lúa,,Area_Planted,9098.0,ha,Actual,PL3
c77f934e213e07b1,2010,8,Sơn La,Provincial,Cultivation,Đậu,,Area_Planted,6757.0,ha,Actual,PL3
a436cec81ae9d2b7,2010,8,Sơn La,Provincial,Cultivation,Lạc,,Area_Planted,658.0,ha,Actual,PL3
aaf7441631711566,2010,8,Sơn La,Provincial,Cultivation,Mía,,Area_Planted,291.0,ha,Actual,PL3
15422ac43b4ec163,2010,8,Sơn La,Provincial,Cultivation,Lúa,,Area_Planted,1392.0,ha,Actual,PL3
15422ac43b4ec163,2010,8,Sơn La,Provincial,Cultivation,Lúa,,Area_Planted,5460.0,ha,Actual,PL3
c6c6d5cfb9557ea4,2010,8,Hoà Bình,Provincial,Cultivation,Lúa,,Area_Planted,14290.0,ha,Actual,PL3
af0b066b1c1a986b,2010,8,Hoà Bình,Provincial,Cultivation,Đậu,,Area_Planted,2246.0,ha,Actual,PL3
f83836c0651923c4,2010,8,Hoà Bình,Provincial,Cultivation,Lạc,,Area_Planted,3983.0,ha,Actual,PL3
f7e70f8bd064d9e2,2010,8,Hoà Bình,Provincial,Cultivation,Mía,,Area_Planted,8061.0,ha,Actual,PL3
c6c6d5cfb9557ea4,2010,8,Hoà Bình,Provincial,Cultivation,Lúa,,Area_Planted,0.0,ha,Actual,PL3
c6c6d5cfb9557ea4,2010,8,Hoà Bình,Provincial,Cultivation,Lúa,,Area_Planted,11925.0,ha,Actual,PL3
acadf02d29678412,2010,8,Bắc Trung Bộ,Provincial,Cultivation,Lúa,,Area_Planted,98182.0,ha,Actual,PL3
5e216d19434d1e89,2010,8,Bắc Trung Bộ,Provincial,Cultivation,Đậu,,Area_Planted,6616.0,ha,Actual,PL3
d3b6e09f99e29a94,2010,8,Bắc Trung Bộ,Provincial,Cultivation,Lạc,,Area_Planted,70486.0,ha,Actual,PL3
99001d4a9bc71c89,2010,8,Bắc Trung Bộ,Provincial,Cultivation,Mía,,Area_Planted,15955.0,ha,Actual,PL3
acadf02d29678412,2010,8,Bắc Trung Bộ,Provincial,Cultivation,Lúa,,Area_Planted,150.0,ha,Actual,PL3
acadf02d29678412,2010,8,Bắc Trung Bộ,Provincial,Cultivation,Lúa,,Area_Planted,4975.0,ha,Actual,PL3
acadf02d29678412,2010,8,Bắc Trung Bộ,Provincial,Cultivation,Lúa,,Area_Planted,93307.0,ha,Actual,PL3
afbc481c97d77e86,2010,8,Thanh Hoá,Provincial,Cultivation,Lúa,,Area_Planted,34878.0,ha,Actual,PL3
c6eb1d02eba8aaec,2010,8,Thanh Hoá,Provincial,Cultivation,Đậu,,Area_Planted,6039.0,ha,Actual,PL3
5d84314adfb7eb26,2010,8,Thanh Hoá,Provincial,Cultivation,Lạc,,Area_Planted,15221.0,ha,Actual,PL3
d3b4cbde9f404016,2010,8,Thanh Hoá,Provincial,Cultivation,Mía,,Area_Planted,10569.0,ha,Actual,PL3
afbc481c97d77e86,2010,8,Thanh Hoá,Provincial,Cultivation,Lúa,,Area_Planted,3049.0,ha,Actual,PL3
afbc481c97d77e86,2010,8,Thanh Hoá,Provincial,Cultivation,Lúa,,Area_Planted,46213.0,ha,Actual,PL3
eb483f365587569b,2010,8,Nghệ An,Provincial,Cultivation,Lúa,,Area_Planted,27327.0,ha,Actual,PL3
3781540ddfde6582,2010,8,Nghệ An,Provincial,Cultivation,Đậu,,Area_Planted,577.0,ha,Actual,PL3
4ba0d2dccdc2b99b,2010,8,Nghệ An,Provincial,Cultivation,Lạc,,Area_Planted,21434.0,ha,Actual,PL3
c7f48cbf799025ff,2010,8,Nghệ An,Provincial,Cultivation,Mía,,Area_Planted,5236.0,ha,Actual,PL3
eb483f365587569b,2010,8,Nghệ An,Provincial,Cultivation,Lúa,,Area_Planted,80.0,ha,Actual,PL3
eb483f365587569b,2010,8,Nghệ An,Provincial,Cultivation,Lúa,,Area_Planted,20492.0,ha,Actual,PL3
eabbc1d029439471,2010,8,Hà Tĩnh,Provincial,Cultivation,Lúa,,Area_Planted,22064.0,ha,Actual,PL3
503a95e466c58ec9,2010,8,Hà Tĩnh,Provincial,Cultivation,Lạc,,Area_Planted,20552.0,ha,Actual,PL3
eabbc1d029439471,2010,8,Hà Tĩnh,Provincial,Cultivation,Lúa,,Area_Planted,1512.0,ha,Actual,PL3
eabbc1d029439471,2010,8,Hà Tĩnh,Provincial,Cultivation,Lúa,,Area_Planted,15096.0,ha,Actual,PL3
49a3e95d054df818,2010,8,Quảng Bình,Provincial,Cultivation,Lúa,,Area_Planted,5124.0,ha,Actual,PL3
fbb1d22c6b875aec,2010,8,Quảng Bình,Provincial,Cultivation,Lạc,,Area_Planted,5124.0,ha,Actual,PL3
49a3e95d054df818,2010,8,Quảng Bình,Provincial,Cultivation,Lúa,,Area_Planted,586.0,ha,Actual,PL3
177694967a0d967c,2010,8,Quảng Trị,Provincial,Cultivation,Lúa,,Area_Planted,4815.0,ha,Actual,PL3
7f5a42b0b4a559f4,2010,8,Quảng Trị,Provincial,Cultivation,Lạc,,Area_Planted,4558.0,ha,Actual,PL3
177694967a0d967c,2010,8,Quảng Trị,Provincial,Cultivation,Lúa,,Area_Planted,257.0,ha,Actual,PL3
177694967a0d967c,2010,8,Quảng Trị,Provincial,Cultivation,Lúa,,Area_Planted,5682.0,ha,Actual,PL3
6fe4696f0b686fc5,2010,8,Thừa Thiên Huế,Provincial,Cultivation,Lúa,,Area_Planted,3974.0,ha,Actual,PL3
e8695f2f9273cd7f,2010,8,Thừa Thiên Huế,Provincial,Cultivation,Lạc,,Area_Planted,3597.0,ha,Actual,PL3
911d17c1d320669b,2010,8,Thừa Thiên Huế,Provincial,Cultivation,Mía,,Area_Planted,150.0,ha,Actual,PL3
6fe4696f0b686fc5,2010,8,Thừa Thiên Huế,Provincial,Cultivation,Lúa,,Area_Planted,70.0,ha,Actual,PL3
6fe4696f0b686fc5,2010,8,Thừa Thiên Huế,Provincial,Cultivation,Lúa,,Area_Planted,157.0,ha,Actual,PL3
6fe4696f0b686fc5,2010,8,Thừa Thiên Huế,Provincial,Cultivation,Lúa,,Area_Planted,5238.0,ha,Actual,PL3
f1ff54e3ba9b508b,2010,8,Miền Nam,Provincial,Cultivation,Lúa,,Area_Planted,1960003.0,ha,Actual,PL4
f1ff54e3ba9b508b,2010,8,Miền Nam,Provincial,Cultivation,Lúa,,Area_Planted,1193030.0,ha,Actual,PL4
f1ff54e3ba9b508b,2010,8,Miền Nam,Provincial,Cultivation,Lúa,,Area_Planted,258048.0,ha,Actual,PL4
f1ff54e3ba9b508b,2010,8,Miền Nam,Provincial,Cultivation,Lúa,,Area_Planted,594602.0,ha,Actual,PL4
f1ff54e3ba9b508b,2010,8,Miền Nam,Provincial,Cultivation,Lúa,,Area_Planted,281271.0,ha,Actual,PL4
f1ff54e3ba9b508b,2010,8,Miền Nam,Provincial,Cultivation,Lúa,,Area_Planted,21338.0,ha,Actual,PL4
f1ff54e3ba9b508b,2010,8,Miền Nam,Provincial,Cultivation,Lúa,,Area_Planted,291993.0,ha,Actual,PL4
5ea267cf43ea667f,2010,8,D.H Nam TrungBộ,Provincial,Cultivation,Lúa,,Area_Planted,153758.0,ha,Actual,PL4
5ea267cf43ea667f,2010,8,D.H Nam TrungBộ,Provincial,Cultivation,Lúa,,Area_Planted,27400.0,ha,Actual,PL4
5ea267cf43ea667f,2010,8,D.H Nam TrungBộ,Provincial,Cultivation,Lúa,,Area_Planted,67499.0,ha,Actual,PL4
5ea267cf43ea667f,2010,8,D.H Nam TrungBộ,Provincial,Cultivation,Lúa,,Area_Planted,93198.0,ha,Actual,PL4
5ea267cf43ea667f,2010,8,D.H Nam TrungBộ,Provincial,Cultivation,Lúa,,Area_Planted,26017.0,ha,Actual,PL4
5ea267cf43ea667f,2010,8,D.H Nam TrungBộ,Provincial,Cultivation,Lúa,,Area_Planted,7134.0,ha,Actual,PL4
5ea267cf43ea667f,2010,8,D.H Nam TrungBộ,Provincial,Cultivation,Lúa,,Area_Planted,60047.0,ha,Actual,PL4
fefb76538965eba9,2010,8,TP Đà Nẵng,Provincial,Cultivation,Lúa,,Area_Planted,3300.0,ha,Actual,PL4
fefb76538965eba9,2010,8,TP Đà Nẵng,Provincial,Cultivation,Lúa,,Area_Planted,1028.0,ha,Actual,PL4
fefb76538965eba9,2010,8,TP Đà Nẵng,Provincial,Cultivation,Lúa,,Area_Planted,578.0,ha,Actual,PL4
fefb76538965eba9,2010,8,TP Đà Nẵng,Provincial,Cultivation,Lúa,,Area_Planted,450.0,ha,Actual,PL4
02a67730a7ec22cc,2010,8,Quảng Nam,Provincial,Cultivation,Lúa,,Area_Planted,37100.0,ha,Actual,PL4
02a67730a7ec22cc,2010,8,Quảng Nam,Provincial,Cultivation,Lúa,,Area_Planted,40211.0,ha,Actual,PL4
02a67730a7ec22cc,2010,8,Quảng Nam,Provincial,Cultivation,Lúa,,Area_Planted,23900.0,ha,Actual,PL4
02a67730a7ec22cc,2010,8,Quảng Nam,Provincial,Cultivation,Lúa,,Area_Planted,6500.0,ha,Actual,PL4
02a67730a7ec22cc,2010,8,Quảng Nam,Provincial,Cultivation,Lúa,,Area_Planted,4500.0,ha,Actual,PL4
02a67730a7ec22cc,2010,8,Quảng Nam,Provincial,Cultivation,Lúa,,Area_Planted,12900.0,ha,Actual,PL4
7601b3c8c84e204b,2010,8,Quảng Ngãi,Provincial,Cultivation,Lúa,,Area_Planted,32256.0,ha,Actual,PL4
7601b3c8c84e204b,2010,8,Quảng Ngãi,Provincial,Cultivation,Lúa,,Area_Planted,1485.0,ha,Actual,PL4
7601b3c8c84e204b,2010,8,Quảng Ngãi,Provincial,Cultivation,Lúa,,Area_Planted,22949.0,ha,Actual,PL4
7601b3c8c84e204b,2010,8,Quảng Ngãi,Provincial,Cultivation,Lúa,,Area_Planted,4160.0,ha,Actual,PL4
7601b3c8c84e204b,2010,8,Quảng Ngãi,Provincial,Cultivation,Lúa,,Area_Planted,1900.0,ha,Actual,PL4
7601b3c8c84e204b,2010,8,Quảng Ngãi,Provincial,Cultivation,Lúa,,Area_Planted,16889.0,ha,Actual,PL4
15ca07632ac93763,2010,8,Bình Định,Provincial,Cultivation,Lúa,,Area_Planted,41328.0,ha,Actual,PL4
15ca07632ac93763,2010,8,Bình Định,Provincial,Cultivation,Lúa,,Area_Planted,24515.0,ha,Actual,PL4
15ca07632ac93763,2010,8,Bình Định,Provincial,Cultivation,Lúa,,Area_Planted,22788.0,ha,Actual,PL4
15ca07632ac93763,2010,8,Bình Định,Provincial,Cultivation,Lúa,,Area_Planted,19600.0,ha,Actual,PL4
15ca07632ac93763,2010,8,Bình Định,Provincial,Cultivation,Lúa,,Area_Planted,6711.0,ha,Actual,PL4
15ca07632ac93763,2010,8,Bình Định,Provincial,Cultivation,Lúa,,Area_Planted,12889.0,ha,Actual,PL4
bfb50ef548b77ce3,2010,8,Phú Yên,Provincial,Cultivation,Lúa,,Area_Planted,23774.0,ha,Actual,PL4
bfb50ef548b77ce3,2010,8,Phú Yên,Provincial,Cultivation,Lúa,,Area_Planted,1400.0,ha,Actual,PL4
bfb50ef548b77ce3,2010,8,Phú Yên,Provincial,Cultivation,Lúa,,Area_Planted,4500.0,ha,Actual,PL4
bfb50ef548b77ce3,2010,8,Phú Yên,Provincial,Cultivation,Lúa,,Area_Planted,17656.0,ha,Actual,PL4
bfb50ef548b77ce3,2010,8,Phú Yên,Provincial,Cultivation,Lúa,,Area_Planted,5112.0,ha,Actual,PL4
bfb50ef548b77ce3,2010,8,Phú Yên,Provincial,Cultivation,Lúa,,Area_Planted,175.0,ha,Actual,PL4
bfb50ef548b77ce3,2010,8,Phú Yên,Provincial,Cultivation,Lúa,,Area_Planted,12369.0,ha,Actual,PL4
7cbedeead5f409fd,2010,8,Khánh Hoà,Provincial,Cultivation,Lúa,,Area_Planted,8065.0,ha,Actual,PL4
7cbedeead5f409fd,2010,8,Khánh Hoà,Provincial,Cultivation,Lúa,,Area_Planted,2956.0,ha,Actual,PL4
7cbedeead5f409fd,2010,8,Khánh Hoà,Provincial,Cultivation,Lúa,,Area_Planted,109.0,ha,Actual,PL4
7cbedeead5f409fd,2010,8,Khánh Hoà,Provincial,Cultivation,Lúa,,Area_Planted,5000.0,ha,Actual,PL4
02639f091973de70,2010,8,Tây Nguyên,Provincial,Cultivation,Lúa,,Area_Planted,6489.0,ha,Actual,PL4
02639f091973de70,2010,8,Tây Nguyên,Provincial,Cultivation,Lúa,,Area_Planted,0.0,ha,Actual,PL4
02639f091973de70,2010,8,Tây Nguyên,Provincial,Cultivation,Lúa,,Area_Planted,139752.0,ha,Actual,PL4
02639f091973de70,2010,8,Tây Nguyên,Provincial,Cultivation,Lúa,,Area_Planted,284418.0,ha,Actual,PL4
02639f091973de70,2010,8,Tây Nguyên,Provincial,Cultivation,Lúa,,Area_Planted,154846.0,ha,Actual,PL4
02639f091973de70,2010,8,Tây Nguyên,Provincial,Cultivation,Lúa,,Area_Planted,7359.0,ha,Actual,PL4
02639f091973de70,2010,8,Tây Nguyên,Provincial,Cultivation,Lúa,,Area_Planted,122213.0,ha,Actual,PL4
14442f686cf250f1,2010,8,Kon Tum,Provincial,Cultivation,Lúa,,Area_Planted,15407.0,ha,Actual,PL4
14442f686cf250f1,2010,8,Kon Tum,Provincial,Cultivation,Lúa,,Area_Planted,43300.0,ha,Actual,PL4
14442f686cf250f1,2010,8,Kon Tum,Provincial,Cultivation,Lúa,,Area_Planted,6475.0,ha,Actual,PL4
14442f686cf250f1,2010,8,Kon Tum,Provincial,Cultivation,Lúa,,Area_Planted,137.0,ha,Actual,PL4
14442f686cf250f1,2010,8,Kon Tum,Provincial,Cultivation,Lúa,,Area_Planted,36688.0,ha,Actual,PL4
311427701aaf4f12,2010,8,Gia Lai,Provincial,Cultivation,Lúa,,Area_Planted,33524.0,ha,Actual,PL4
311427701aaf4f12,2010,8,Gia Lai,Provincial,Cultivation,Lúa,,Area_Planted,85155.0,ha,Actual,PL4
311427701aaf4f12,2010,8,Gia Lai,Provincial,Cultivation,Lúa,,Area_Planted,39773.0,ha,Actual,PL4
311427701aaf4f12,2010,8,Gia Lai,Provincial,Cultivation,Lúa,,Area_Planted,752.0,ha,Actual,PL4
311427701aaf4f12,2010,8,Gia Lai,Provincial,Cultivation,Lúa,,Area_Planted,44630.0,ha,Actual,PL4
079027f29fa56f21,2010,8,Đắc Lắc,Provincial,Cultivation,Lúa,,Area_Planted,44935.0,ha,Actual,PL4
079027f29fa56f21,2010,8,Đắc Lắc,Provincial,Cultivation,Lúa,,Area_Planted,98840.0,ha,Actual,PL4
079027f29fa56f21,2010,8,Đắc Lắc,Provincial,Cultivation,Lúa,,Area_Planted,73900.0,ha,Actual,PL4
079027f29fa56f21,2010,8,Đắc Lắc,Provincial,Cultivation,Lúa,,Area_Planted,1874.0,ha,Actual,PL4
079027f29fa56f21,2010,8,Đắc Lắc,Provincial,Cultivation,Lúa,,Area_Planted,23066.0,ha,Actual,PL4
b0a4036eed33fab3,2010,8,Đắc Nông,Provincial,Cultivation,Lúa,,Area_Planted,33110.0,ha,Actual,PL4
b0a4036eed33fab3,2010,8,Đắc Nông,Provincial,Cultivation,Lúa,,Area_Planted,40156.0,ha,Actual,PL4
b0a4036eed33fab3,2010,8,Đắc Nông,Provincial,Cultivation,Lúa,,Area_Planted,21400.0,ha,Actual,PL4
b0a4036eed33fab3,2010,8,Đắc Nông,Provincial,Cultivation,Lúa,,Area_Planted,3340.0,ha,Actual,PL4
b0a4036eed33fab3,2010,8,Đắc Nông,Provincial,Cultivation,Lúa,,Area_Planted,15416.0,ha,Actual,PL4
34377f038d748568,2010,8,Lâm Đồng,Provincial,Cultivation,Lúa,,Area_Planted,6489.0,ha,Actual,PL4
34377f038d748568,2010,8,Lâm Đồng,Provincial,Cultivation,Lúa,,Area_Planted,12776.0,ha,Actual,PL4
34377f038d748568,2010,8,Lâm Đồng,Provincial,Cultivation,Lúa,,Area_Planted,16967.0,ha,Actual,PL4
34377f038d748568,2010,8,Lâm Đồng,Provincial,Cultivation,Lúa,,Area_Planted,13298.0,ha,Actual,PL4
34377f038d748568,2010,8,Lâm Đồng,Provincial,Cultivation,Lúa,,Area_Planted,1256.0,ha,Actual,PL4
34377f038d748568,2010,8,Lâm Đồng,Provincial,Cultivation,Lúa,,Area_Planted,2413.0,ha,Actual,PL4
62a736d7a29d47ad,2010,8,Đông Nam Bộ,Provincial,Cultivation,Lúa,,Area_Planted,164393.0,ha,Actual,PL4
62a736d7a29d47ad,2010,8,Đông Nam Bộ,Provincial,Cultivation,Lúa,,Area_Planted,62751.0,ha,Actual,PL4
62a736d7a29d47ad,2010,8,Đông Nam Bộ,Provincial,Cultivation,Lúa,,Area_Planted,24446.0,ha,Actual,PL4
62a736d7a29d47ad,2010,8,Đông Nam Bộ,Provincial,Cultivation,Lúa,,Area_Planted,177227.0,ha,Actual,PL4
62a736d7a29d47ad,2010,8,Đông Nam Bộ,Provincial,Cultivation,Lúa,,Area_Planted,68626.0,ha,Actual,PL4
62a736d7a29d47ad,2010,8,Đông Nam Bộ,Provincial,Cultivation,Lúa,,Area_Planted,836.0,ha,Actual,PL4
62a736d7a29d47ad,2010,8,Đông Nam Bộ,Provincial,Cultivation,Lúa,,Area_Planted,107765.0,ha,Actual,PL4
d22e683b98ad145b,2010,8,TP Hồ Chí Minh,Provincial,Cultivation,Lúa,,Area_Planted,6214.0,ha,Actual,PL4
d22e683b98ad145b,2010,8,TP Hồ Chí Minh,Provincial,Cultivation,Lúa,,Area_Planted,297.0,ha,Actual,PL4
d22e683b98ad145b,2010,8,TP Hồ Chí Minh,Provincial,Cultivation,Lúa,,Area_Planted,1007.0,ha,Actual,PL4
d22e683b98ad145b,2010,8,TP Hồ Chí Minh,Provincial,Cultivation,Lúa,,Area_Planted,1007.0,ha,Actual,PL4
658f10e413a80d25,2010,8,Ninh Thuận,Provincial,Cultivation,Lúa,,Area_Planted,10640.0,ha,Actual,PL4
658f10e413a80d25,2010,8,Ninh Thuận,Provincial,Cultivation,Lúa,,Area_Planted,800.0,ha,Actual,PL4
658f10e413a80d25,2010,8,Ninh Thuận,Provincial,Cultivation,Lúa,,Area_Planted,1033.0,ha,Actual,PL4
658f10e413a80d25,2010,8,Ninh Thuận,Provincial,Cultivation,Lúa,,Area_Planted,6563.0,ha,Actual,PL4
658f10e413a80d25,2010,8,Ninh Thuận,Provincial,Cultivation,Lúa,,Area_Planted,6459.0,ha,Actual,PL4
658f10e413a80d25,2010,8,Ninh Thuận,Provincial,Cultivation,Lúa,,Area_Planted,104.0,ha,Actual,PL4
c3c424e21b6a20fe,2010,8,Bình Phước,Provincial,Cultivation,Lúa,,Area_Planted,14000.0,ha,Actual,PL4
c3c424e21b6a20fe,2010,8,Bình Phước,Provincial,Cultivation,Lúa,,Area_Planted,29630.0,ha,Actual,PL4
c3c424e21b6a20fe,2010,8,Bình Phước,Provincial,Cultivation,Lúa,,Area_Planted,5981.0,ha,Actual,PL4
c3c424e21b6a20fe,2010,8,Bình Phước,Provincial,Cultivation,Lúa,,Area_Planted,149.0,ha,Actual,PL4
c3c424e21b6a20fe,2010,8,Bình Phước,Provincial,Cultivation,Lúa,,Area_Planted,23500.0,ha,Actual,PL4
055280cc77152eea,2010,8,Tây Ninh,Provincial,Cultivation,Lúa,,Area_Planted,63642.0,ha,Actual,PL4
055280cc77152eea,2010,8,Tây Ninh,Provincial,Cultivation,Lúa,,Area_Planted,36846.0,ha,Actual,PL4
055280cc77152eea,2010,8,Tây Ninh,Provincial,Cultivation,Lúa,,Area_Planted,11972.0,ha,Actual,PL4
055280cc77152eea,2010,8,Tây Ninh,Provincial,Cultivation,Lúa,,Area_Planted,42262.0,ha,Actual,PL4
055280cc77152eea,2010,8,Tây Ninh,Provincial,Cultivation,Lúa,,Area_Planted,7800.0,ha,Actual,PL4
055280cc77152eea,2010,8,Tây Ninh,Provincial,Cultivation,Lúa,,Area_Planted,34462.0,ha,Actual,PL4
5d7b9b3ed9e5c0ee,2010,8,Bình Dương,Provincial,Cultivation,Lúa,,Area_Planted,2069.0,ha,Actual,PL4
5d7b9b3ed9e5c0ee,2010,8,Bình Dương,Provincial,Cultivation,Lúa,,Area_Planted,1136.0,ha,Actual,PL4
5d7b9b3ed9e5c0ee,2010,8,Bình Dương,Provincial,Cultivation,Lúa,,Area_Planted,4167.0,ha,Actual,PL4
5d7b9b3ed9e5c0ee,2010,8,Bình Dương,Provincial,Cultivation,Lúa,,Area_Planted,155.0,ha,Actual,PL4
5d7b9b3ed9e5c0ee,2010,8,Bình Dương,Provincial,Cultivation,Lúa,,Area_Planted,171.0,ha,Actual,PL4
5d7b9b3ed9e5c0ee,2010,8,Bình Dương,Provincial,Cultivation,Lúa,,Area_Planted,3841.0,ha,Actual,PL4
b2647d49710aa4a3,2010,8,Đồng Nai,Provincial,Cultivation,Lúa,,Area_Planted,25367.0,ha,Actual,PL4
b2647d49710aa4a3,2010,8,Đồng Nai,Provincial,Cultivation,Lúa,,Area_Planted,37797.0,ha,Actual,PL4
b2647d49710aa4a3,2010,8,Đồng Nai,Provincial,Cultivation,Lúa,,Area_Planted,25098.0,ha,Actual,PL4
b2647d49710aa4a3,2010,8,Đồng Nai,Provincial,Cultivation,Lúa,,Area_Planted,133.0,ha,Actual,PL4
b2647d49710aa4a3,2010,8,Đồng Nai,Provincial,Cultivation,Lúa,,Area_Planted,12566.0,ha,Actual,PL4
cd4e8d47d930279c,2010,8,Bình Thuận,Provincial,Cultivation,Lúa,,Area_Planted,38709.0,ha,Actual,PL4
cd4e8d47d930279c,2010,8,Bình Thuận,Provincial,Cultivation,Lúa,,Area_Planted,21929.0,ha,Actual,PL4
cd4e8d47d930279c,2010,8,Bình Thuận,Provincial,Cultivation,Lúa,,Area_Planted,7987.0,ha,Actual,PL4
cd4e8d47d930279c,2010,8,Bình Thuận,Provincial,Cultivation,Lúa,,Area_Planted,36189.0,ha,Actual,PL4
cd4e8d47d930279c,2010,8,Bình Thuận,Provincial,Cultivation,Lúa,,Area_Planted,10559.0,ha,Actual,PL4
cd4e8d47d930279c,2010,8,Bình Thuận,Provincial,Cultivation,Lúa,,Area_Planted,234.0,ha,Actual,PL4
cd4e8d47d930279c,2010,8,Bình Thuận,Provincial,Cultivation,Lúa,,Area_Planted,25396.0,ha,Actual,PL4
baf55b47d4308e78,2010,8,Bà Rịa-V.Tàu,Provincial,Cultivation,Lúa,,Area_Planted,3752.0,ha,Actual,PL4
baf55b47d4308e78,2010,8,Bà Rịa-V.Tàu,Provincial,Cultivation,Lúa,,Area_Planted,3176.0,ha,Actual,PL4
baf55b47d4308e78,2010,8,Bà Rịa-V.Tàu,Provincial,Cultivation,Lúa,,Area_Planted,2021.0,ha,Actual,PL4
baf55b47d4308e78,2010,8,Bà Rịa-V.Tàu,Provincial,Cultivation,Lúa,,Area_Planted,19612.0,ha,Actual,PL4
baf55b47d4308e78,2010,8,Bà Rịa-V.Tàu,Provincial,Cultivation,Lúa,,Area_Planted,11567.0,ha,Actual,PL4
baf55b47d4308e78,2010,8,Bà Rịa-V.Tàu,Provincial,Cultivation,Lúa,,Area_Planted,45.0,ha,Actual,PL4
baf55b47d4308e78,2010,8,Bà Rịa-V.Tàu,Provincial,Cultivation,Lúa,,Area_Planted,8000.0,ha,Actual,PL4
156a480435619645,2010,8,ĐBS Cửu Long,Provincial,Cultivation,Lúa,,Area_Planted,1635363.0,ha,Actual,PL4
156a480435619645,2010,8,ĐBS Cửu Long,Provincial,Cultivation,Lúa,,Area_Planted,1102879.0,ha,Actual,PL4
156a480435619645,2010,8,ĐBS Cửu Long,Provincial,Cultivation,Lúa,,Area_Planted,218929.0,ha,Actual,PL4
156a480435619645,2010,8,ĐBS Cửu Long,Provincial,Cultivation,Lúa,,Area_Planted,26351.0,ha,Actual,PL4
156a480435619645,2010,8,ĐBS Cửu Long,Provincial,Cultivation,Lúa,,Area_Planted,39759.0,ha,Actual,PL4
156a480435619645,2010,8,ĐBS Cửu Long,Provincial,Cultivation,Lúa,,Area_Planted,31782.0,ha,Actual,PL4
156a480435619645,2010,8,ĐBS Cửu Long,Provincial,Cultivation,Lúa,,Area_Planted,6009.0,ha,Actual,PL4
156a480435619645,2010,8,ĐBS Cửu Long,Provincial,Cultivation,Lúa,,Area_Planted,1968.0,ha,Actual,PL4
2179f52f2831c7fa,2010,8,Long An,Provincial,Cultivation,Lúa,,Area_Planted,207578.0,ha,Actual,PL4
2179f52f2831c7fa,2010,8,Long An,Provincial,Cultivation,Lúa,,Area_Planted,125392.0,ha,Actual,PL4
2179f52f2831c7fa,2010,8,Long An,Provincial,Cultivation,Lúa,,Area_Planted,5025.0,ha,Actual,PL4
2179f52f2831c7fa,2010,8,Long An,Provincial,Cultivation,Lúa,,Area_Planted,651.0,ha,Actual,PL4
2179f52f2831c7fa,2010,8,Long An,Provincial,Cultivation,Lúa,,Area_Planted,4995.0,ha,Actual,PL4
2179f52f2831c7fa,2010,8,Long An,Provincial,Cultivation,Lúa,,Area_Planted,4995.0,ha,Actual,PL4
c863405977c62ac9,2010,8,Đồng Tháp,Provincial,Cultivation,Lúa,,Area_Planted,197078.0,ha,Actual,PL4
c863405977c62ac9,2010,8,Đồng Tháp,Provincial,Cultivation,Lúa,,Area_Planted,197075.0,ha,Actual,PL4
c863405977c62ac9,2010,8,Đồng Tháp,Provincial,Cultivation,Lúa,,Area_Planted,56665.0,ha,Actual,PL4
c863405977c62ac9,2010,8,Đồng Tháp,Provincial,Cultivation,Lúa,,Area_Planted,4444.0,ha,Actual,PL4
c863405977c62ac9,2010,8,Đồng Tháp,Provincial,Cultivation,Lúa,,Area_Planted,3594.0,ha,Actual,PL4
c863405977c62ac9,2010,8,Đồng Tháp,Provincial,Cultivation,Lúa,,Area_Planted,850.0,ha,Actual,PL4
c2adaa2ba84f595f,2010,8,An Giang,Provincial,Cultivation,Lúa,,Area_Planted,232488.0,ha,Actual,PL4
c2adaa2ba84f595f,2010,8,An Giang,Provincial,Cultivation,Lúa,,Area_Planted,224363.0,ha,Actual,PL4
c2adaa2ba84f595f,2010,8,An Giang,Provincial,Cultivation,Lúa,,Area_Planted,14041.0,ha,Actual,PL4
c2adaa2ba84f595f,2010,8,An Giang,Provincial,Cultivation,Lúa,,Area_Planted,6307.0,ha,Actual,PL4
c2adaa2ba84f595f,2010,8,An Giang,Provincial,Cultivation,Lúa,,Area_Planted,6187.0,ha,Actual,PL4
c2adaa2ba84f595f,2010,8,An Giang,Provincial,Cultivation,Lúa,,Area_Planted,30.0,ha,Actual,PL4
c2adaa2ba84f595f,2010,8,An Giang,Provincial,Cultivation,Lúa,,Area_Planted,90.0,ha,Actual,PL4
aefe4c58780ab5ce,2010,8,Tiền Giang,Provincial,Cultivation,Lúa,,Area_Planted,120230.0,ha,Actual,PL4
aefe4c58780ab5ce,2010,8,Tiền Giang,Provincial,Cultivation,Lúa,,Area_Planted,61751.0,ha,Actual,PL4
aefe4c58780ab5ce,2010,8,Tiền Giang,Provincial,Cultivation,Lúa,,Area_Planted,4629.0,ha,Actual,PL4
aefe4c58780ab5ce,2010,8,Tiền Giang,Provincial,Cultivation,Lúa,,Area_Planted,4120.0,ha,Actual,PL4
aefe4c58780ab5ce,2010,8,Tiền Giang,Provincial,Cultivation,Lúa,,Area_Planted,250.0,ha,Actual,PL4
aefe4c58780ab5ce,2010,8,Tiền Giang,Provincial,Cultivation,Lúa,,Area_Planted,259.0,ha,Actual,PL4
4581a0b0ebd396d1,2010,8,Vĩnh Long,Provincial,Cultivation,Lúa,,Area_Planted,62751.0,ha,Actual,PL4
4581a0b0ebd396d1,2010,8,Vĩnh Long,Provincial,Cultivation,Lúa,,Area_Planted,62751.0,ha,Actual,PL4
4581a0b0ebd396d1,2010,8,Vĩnh Long,Provincial,Cultivation,Lúa,,Area_Planted,40151.0,ha,Actual,PL4
4581a0b0ebd396d1,2010,8,Vĩnh Long,Provincial,Cultivation,Lúa,,Area_Planted,6730.0,ha,Actual,PL4
4581a0b0ebd396d1,2010,8,Vĩnh Long,Provincial,Cultivation,Lúa,,Area_Planted,3947.0,ha,Actual,PL4
4581a0b0ebd396d1,2010,8,Vĩnh Long,Provincial,Cultivation,Lúa,,Area_Planted,2671.0,ha,Actual,PL4
4581a0b0ebd396d1,2010,8,Vĩnh Long,Provincial,Cultivation,Lúa,,Area_Planted,112.0,ha,Actual,PL4
547bc5ea2ad5c003,2010,8,Bến Tre,Provincial,Cultivation,Lúa,,Area_Planted,21341.0,ha,Actual,PL4
547bc5ea2ad5c003,2010,8,Bến Tre,Provincial,Cultivation,Lúa,,Area_Planted,563.0,ha,Actual,PL4
547bc5ea2ad5c003,2010,8,Bến Tre,Provincial,Cultivation,Lúa,,Area_Planted,406.0,ha,Actual,PL4
547bc5ea2ad5c003,2010,8,Bến Tre,Provincial,Cultivation,Lúa,,Area_Planted,50.0,ha,Actual,PL4
547bc5ea2ad5c003,2010,8,Bến Tre,Provincial,Cultivation,Lúa,,Area_Planted,107.0,ha,Actual,PL4
f1d0727ddfd20141,2010,8,Kiên Giang,Provincial,Cultivation,Lúa,,Area_Planted,274559.0,ha,Actual,PL4
f1d0727ddfd20141,2010,8,Kiên Giang,Provincial,Cultivation,Lúa,,Area_Planted,140837.0,ha,Actual,PL4
f1d0727ddfd20141,2010,8,Kiên Giang,Provincial,Cultivation,Lúa,,Area_Planted,11653.0,ha,Actual,PL4
f1d0727ddfd20141,2010,8,Kiên Giang,Provincial,Cultivation,Lúa,,Area_Planted,0.0,ha,Actual,PL4
88f21eecc72a6fa1,2010,8,Cần Thơ,Provincial,Cultivation,Lúa,,Area_Planted,84869.0,ha,Actual,PL4
88f21eecc72a6fa1,2010,8,Cần Thơ,Provincial,Cultivation,Lúa,,Area_Planted,83022.0,ha,Actual,PL4
88f21eecc72a6fa1,2010,8,Cần Thơ,Provincial,Cultivation,Lúa,,Area_Planted,34355.0,ha,Actual,PL4
88f21eecc72a6fa1,2010,8,Cần Thơ,Provincial,Cultivation,Lúa,,Area_Planted,563.0,ha,Actual,PL4
88f21eecc72a6fa1,2010,8,Cần Thơ,Provincial,Cultivation,Lúa,,Area_Planted,563.0,ha,Actual,PL4
a83c53f3d0e40968,2010,8,Hậu Giang,Provincial,Cultivation,Lúa,,Area_Planted,79744.0,ha,Actual,PL4
a83c53f3d0e40968,2010,8,Hậu Giang,Provincial,Cultivation,Lúa,,Area_Planted,79149.0,ha,Actual,PL4
a83c53f3d0e40968,2010,8,Hậu Giang,Provincial,Cultivation,Lúa,,Area_Planted,48460.0,ha,Actual,PL4
a83c53f3d0e40968,2010,8,Hậu Giang,Provincial,Cultivation,Lúa,,Area_Planted,2209.0,ha,Actual,PL4
a83c53f3d0e40968,2010,8,Hậu Giang,Provincial,Cultivation,Lúa,,Area_Planted,2209.0,ha,Actual,PL4
1bdbd9f2a10c6160,2010,8,Trà Vinh,Provincial,Cultivation,Lúa,,Area_Planted,81356.0,ha,Actual,PL4
1bdbd9f2a10c6160,2010,8,Trà Vinh,Provincial,Cultivation,Lúa,,Area_Planted,35415.0,ha,Actual,PL4
1bdbd9f2a10c6160,2010,8,Trà Vinh,Provincial,Cultivation,Lúa,,Area_Planted,22000.0,ha,Actual,PL4
1bdbd9f2a10c6160,2010,8,Trà Vinh,Provincial,Cultivation,Lúa,,Area_Planted,5913.0,ha,Actual,PL4
1bdbd9f2a10c6160,2010,8,Trà Vinh,Provincial,Cultivation,Lúa,,Area_Planted,3881.0,ha,Actual,PL4
1bdbd9f2a10c6160,2010,8,Trà Vinh,Provincial,Cultivation,Lúa,,Area_Planted,880.0,ha,Actual,PL4
1bdbd9f2a10c6160,2010,8,Trà Vinh,Provincial,Cultivation,Lúa,,Area_Planted,1152.0,ha,Actual,PL4
99facfc9a08c006c,2010,8,Sóc Trăng,Provincial,Cultivation,Lúa,,Area_Planted,188565.0,ha,Actual,PL4
99facfc9a08c006c,2010,8,Sóc Trăng,Provincial,Cultivation,Lúa,,Area_Planted,83344.0,ha,Actual,PL4
99facfc9a08c006c,2010,8,Sóc Trăng,Provincial,Cultivation,Lúa,,Area_Planted,4000.0,ha,Actual,PL4
99facfc9a08c006c,2010,8,Sóc Trăng,Provincial,Cultivation,Lúa,,Area_Planted,1000.0,ha,Actual,PL4
99facfc9a08c006c,2010,8,Sóc Trăng,Provincial,Cultivation,Lúa,,Area_Planted,3406.0,ha,Actual,PL4
99facfc9a08c006c,2010,8,Sóc Trăng,Provincial,Cultivation,Lúa,,Area_Planted,1880.0,ha,Actual,PL4
99facfc9a08c006c,2010,8,Sóc Trăng,Provincial,Cultivation,Lúa,,Area_Planted,1278.0,ha,Actual,PL4
99facfc9a08c006c,2010,8,Sóc Trăng,Provincial,Cultivation,Lúa,,Area_Planted,248.0,ha,Actual,PL4
e631f3feae405eaf,2010,8,Bạc Liêu,Provincial,Cultivation,Lúa,,Area_Planted,55634.0,ha,Actual,PL4
e631f3feae405eaf,2010,8,Bạc Liêu,Provincial,Cultivation,Lúa,,Area_Planted,5780.0,ha,Actual,PL4
e631f3feae405eaf,2010,8,Bạc Liêu,Provincial,Cultivation,Lúa,,Area_Planted,1138.0,ha,Actual,PL4
e631f3feae405eaf,2010,8,Bạc Liêu,Provincial,Cultivation,Lúa,,Area_Planted,2700.0,ha,Actual,PL4
e631f3feae405eaf,2010,8,Bạc Liêu,Provincial,Cultivation,Lúa,,Area_Planted,0.0,ha,Actual,PL4
3c16fad72c13f6f3,2010,8,Cà Mau,Provincial,Cultivation,Lúa,,Area_Planted,29170.0,ha,Actual,PL4
3c16fad72c13f6f3,2010,8,Cà Mau,Provincial,Cultivation,Lúa,,Area_Planted,4000.0,ha,Actual,PL4
3c16fad72c13f6f3,2010,8,Cà Mau,Provincial,Cultivation,Lúa,,Area_Planted,3441.0,ha,Actual,PL4
3c16fad72c13f6f3,2010,8,Cà Mau,Provincial,Cultivation,Lúa,,Area_Planted,0.0,ha,Actual,PL4
f1ff54e3ba9b508b,2010,8,Miền Nam,Provincial,Cultivation,Lúa,,Area_Planted,264166.0,ha,Actual,PL5
0a895ab9a5c6ce77,2010,8,Miền Nam,Provincial,Cultivation,Đậu,,Area_Planted,23694.0,ha,Actual,PL5
5346d020ddc6877f,2010,8,Miền Nam,Provincial,Cultivation,Lạc,,Area_Planted,71209.0,ha,Actual,PL5
f1ff54e3ba9b508b,2010,8,Miền Nam,Provincial,Cultivation,Lúa,,Area_Planted,25524.0,ha,Actual,PL5
f1ff54e3ba9b508b,2010,8,Miền Nam,Provincial,Cultivation,Lúa,,Area_Planted,13199.0,ha,Actual,PL5
c2e1e2b20afdc44d,2010,8,Miền Nam,Provincial,Cultivation,Mía,,Area_Planted,125672.0,ha,Actual,PL5
f1ff54e3ba9b508b,2010,8,Miền Nam,Provincial,Cultivation,Lúa,,Area_Planted,1006.0,ha,Actual,PL5
f1ff54e3ba9b508b,2010,8,Miền Nam,Provincial,Cultivation,Lúa,,Area_Planted,3862.0,ha,Actual,PL5
f1ff54e3ba9b508b,2010,8,Miền Nam,Provincial,Cultivation,Lúa,,Area_Planted,221733.0,ha,Actual,PL5
f1ff54e3ba9b508b,2010,8,Miền Nam,Provincial,Cultivation,Lúa,,Area_Planted,462588412.0,ha,Actual,PL5
59b88dc1145a48a7,2010,8,D.H Nam TrgBộ,Provincial,Cultivation,Lúa,,Area_Planted,71365.0,ha,Actual,PL5
7ab424d806c2f7a3,2010,8,D.H Nam TrgBộ,Provincial,Cultivation,Đậu,,Area_Planted,1574.0,ha,Actual,PL5
07e0a5e298ec0e30,2010,8,D.H Nam TrgBộ,Provincial,Cultivation,Lạc,,Area_Planted,23896.0,ha,Actual,PL5
59b88dc1145a48a7,2010,8,D.H Nam TrgBộ,Provincial,Cultivation,Lúa,,Area_Planted,6301.0,ha,Actual,PL5
59b88dc1145a48a7,2010,8,D.H Nam TrgBộ,Provincial,Cultivation,Lúa,,Area_Planted,902.0,ha,Actual,PL5
7421388a66b074f5,2010,8,D.H Nam TrgBộ,Provincial,Cultivation,Mía,,Area_Planted,38217.0,ha,Actual,PL5
59b88dc1145a48a7,2010,8,D.H Nam TrgBộ,Provincial,Cultivation,Lúa,,Area_Planted,434.0,ha,Actual,PL5
59b88dc1145a48a7,2010,8,D.H Nam TrgBộ,Provincial,Cultivation,Lúa,,Area_Planted,41.0,ha,Actual,PL5
59b88dc1145a48a7,2010,8,D.H Nam TrgBộ,Provincial,Cultivation,Lúa,,Area_Planted,27863.0,ha,Actual,PL5
59b88dc1145a48a7,2010,8,D.H Nam TrgBộ,Provincial,Cultivation,Lúa,,Area_Planted,27863.0,ha,Actual,PL5
fefb76538965eba9,2010,8,TP Đà Nẵng,Provincial,Cultivation,Lúa,,Area_Planted,1195.0,ha,Actual,PL5
ca2b727755479d09,2010,8,TP Đà Nẵng,Provincial,Cultivation,Lạc,,Area_Planted,618.0,ha,Actual,PL5
fefb76538965eba9,2010,8,TP Đà Nẵng,Provincial,Cultivation,Lúa,,Area_Planted,211.0,ha,Actual,PL5
bece96b7fb93b208,2010,8,TP Đà Nẵng,Provincial,Cultivation,Mía,,Area_Planted,366.0,ha,Actual,PL5
fefb76538965eba9,2010,8,TP Đà Nẵng,Provincial,Cultivation,Lúa,,Area_Planted,659.0,ha,Actual,PL5
fefb76538965eba9,2010,8,TP Đà Nẵng,Provincial,Cultivation,Lúa,,Area_Planted,78.0,ha,Actual,PL5
02a67730a7ec22cc,2010,8,Quảng Nam,Provincial,Cultivation,Lúa,,Area_Planted,13252.0,ha,Actual,PL5
9b929ad24d42fb26,2010,8,Quảng Nam,Provincial,Cultivation,Lạc,,Area_Planted,9772.0,ha,Actual,PL5
02a67730a7ec22cc,2010,8,Quảng Nam,Provincial,Cultivation,Lúa,,Area_Planted,2101.0,ha,Actual,PL5
02a67730a7ec22cc,2010,8,Quảng Nam,Provincial,Cultivation,Lúa,,Area_Planted,502.0,ha,Actual,PL5
2945372f9fd19bd0,2010,8,Quảng Nam,Provincial,Cultivation,Mía,,Area_Planted,700.0,ha,Actual,PL5
02a67730a7ec22cc,2010,8,Quảng Nam,Provincial,Cultivation,Lúa,,Area_Planted,177.0,ha,Actual,PL5
02a67730a7ec22cc,2010,8,Quảng Nam,Provincial,Cultivation,Lúa,,Area_Planted,8500.0,ha,Actual,PL5
02a67730a7ec22cc,2010,8,Quảng Nam,Provincial,Cultivation,Lúa,,Area_Planted,3400.0,ha,Actual,PL5
7601b3c8c84e204b,2010,8,Quảng Ngãi,Provincial,Cultivation,Lúa,,Area_Planted,10365.0,ha,Actual,PL5
6c6de55c7dd09e73,2010,8,Quảng Ngãi,Provincial,Cultivation,Đậu,,Area_Planted,375.0,ha,Actual,PL5
c9a47b94b65dd543,2010,8,Quảng Ngãi,Provincial,Cultivation,Lạc,,Area_Planted,3796.0,ha,Actual,PL5
1cd88a71f57de144,2010,8,Quảng Ngãi,Provincial,Cultivation,Mía,,Area_Planted,6194.0,ha,Actual,PL5
7601b3c8c84e204b,2010,8,Quảng Ngãi,Provincial,Cultivation,Lúa,,Area_Planted,5849.0,ha,Actual,PL5
7601b3c8c84e204b,2010,8,Quảng Ngãi,Provincial,Cultivation,Lúa,,Area_Planted,1475.0,ha,Actual,PL5
15ca07632ac93763,2010,8,Bình Định,Provincial,Cultivation,Lúa,,Area_Planted,13551.0,ha,Actual,PL5
7424472d9eb19019,2010,8,Bình Định,Provincial,Cultivation,Đậu,,Area_Planted,881.0,ha,Actual,PL5
af45493ced024564,2010,8,Bình Định,Provincial,Cultivation,Lạc,,Area_Planted,8893.0,ha,Actual,PL5
15ca07632ac93763,2010,8,Bình Định,Provincial,Cultivation,Lúa,,Area_Planted,1576.0,ha,Actual,PL5
ad6ef56277aeeeca,2010,8,Bình Định,Provincial,Cultivation,Mía,,Area_Planted,2201.0,ha,Actual,PL5
15ca07632ac93763,2010,8,Bình Định,Provincial,Cultivation,Lúa,,Area_Planted,8159.0,ha,Actual,PL5
15ca07632ac93763,2010,8,Bình Định,Provincial,Cultivation,Lúa,,Area_Planted,1039.0,ha,Actual,PL5
bfb50ef548b77ce3,2010,8,Phú Yên,Provincial,Cultivation,Lúa,,Area_Planted,16823.0,ha,Actual,PL5
6ea474a8a9d7849e,2010,8,Phú Yên,Provincial,Cultivation,Đậu,,Area_Planted,318.0,ha,Actual,PL5
a1f03c4849615eea,2010,8,Phú Yên,Provincial,Cultivation,Lạc,,Area_Planted,672.0,ha,Actual,PL5
bfb50ef548b77ce3,2010,8,Phú Yên,Provincial,Cultivation,Lúa,,Area_Planted,2413.0,ha,Actual,PL5
bfb50ef548b77ce3,2010,8,Phú Yên,Provincial,Cultivation,Lúa,,Area_Planted,400.0,ha,Actual,PL5
b2bec570025ce630,2010,8,Phú Yên,Provincial,Cultivation,Mía,,Area_Planted,12722.0,ha,Actual,PL5
bfb50ef548b77ce3,2010,8,Phú Yên,Provincial,Cultivation,Lúa,,Area_Planted,257.0,ha,Actual,PL5
bfb50ef548b77ce3,2010,8,Phú Yên,Provincial,Cultivation,Lúa,,Area_Planted,41.0,ha,Actual,PL5
bfb50ef548b77ce3,2010,8,Phú Yên,Provincial,Cultivation,Lúa,,Area_Planted,2456.0,ha,Actual,PL5
bfb50ef548b77ce3,2010,8,Phú Yên,Provincial,Cultivation,Lúa,,Area_Planted,1687.0,ha,Actual,PL5
7cbedeead5f409fd,2010,8,Khánh Hoà,Provincial,Cultivation,Lúa,,Area_Planted,16179.0,ha,Actual,PL5
14d3679b1a0d3492,2010,8,Khánh Hoà,Provincial,Cultivation,Lạc,,Area_Planted,145.0,ha,Actual,PL5
2aae987a0d3b8f09,2010,8,Khánh Hoà,Provincial,Cultivation,Mía,,Area_Planted,16034.0,ha,Actual,PL5
7cbedeead5f409fd,2010,8,Khánh Hoà,Provincial,Cultivation,Lúa,,Area_Planted,2240.0,ha,Actual,PL5
7cbedeead5f409fd,2010,8,Khánh Hoà,Provincial,Cultivation,Lúa,,Area_Planted,733.0,ha,Actual,PL5
02639f091973de70,2010,8,Tây Nguyên,Provincial,Cultivation,Lúa,,Area_Planted,51202.0,ha,Actual,PL5
a9665a3aa04ade08,2010,8,Tây Nguyên,Provincial,Cultivation,Đậu,,Area_Planted,13867.0,ha,Actual,PL5
f4e40630c226617a,2010,8,Tây Nguyên,Provincial,Cultivation,Lạc,,Area_Planted,6891.0,ha,Actual,PL5
02639f091973de70,2010,8,Tây Nguyên,Provincial,Cultivation,Lúa,,Area_Planted,1436.0,ha,Actual,PL5
02639f091973de70,2010,8,Tây Nguyên,Provincial,Cultivation,Lúa,,Area_Planted,6539.0,ha,Actual,PL5
f707a1a9b817fe63,2010,8,Tây Nguyên,Provincial,Cultivation,Mía,,Area_Planted,22469.0,ha,Actual,PL5
02639f091973de70,2010,8,Tây Nguyên,Provincial,Cultivation,Lúa,,Area_Planted,0.0,ha,Actual,PL5
02639f091973de70,2010,8,Tây Nguyên,Provincial,Cultivation,Lúa,,Area_Planted,0.0,ha,Actual,PL5
02639f091973de70,2010,8,Tây Nguyên,Provincial,Cultivation,Lúa,,Area_Planted,29948.0,ha,Actual,PL5
02639f091973de70,2010,8,Tây Nguyên,Provincial,Cultivation,Lúa,,Area_Planted,19229.0,ha,Actual,PL5
14442f686cf250f1,2010,8,Kon Tum,Provincial,Cultivation,Lúa,,Area_Planted,4108.0,ha,Actual,PL5
dbd3eb9052648e9e,2010,8,Kon Tum,Provincial,Cultivation,Lạc,,Area_Planted,144.0,ha,Actual,PL5
14442f686cf250f1,2010,8,Kon Tum,Provincial,Cultivation,Lúa,,Area_Planted,1867.0,ha,Actual,PL5
2523f2ac9a032d04,2010,8,Kon Tum,Provincial,Cultivation,Mía,,Area_Planted,2097.0,ha,Actual,PL5
14442f686cf250f1,2010,8,Kon Tum,Provincial,Cultivation,Lúa,,Area_Planted,700.0,ha,Actual,PL5
14442f686cf250f1,2010,8,Kon Tum,Provincial,Cultivation,Lúa,,Area_Planted,92.0,ha,Actual,PL5
311427701aaf4f12,2010,8,Gia Lai,Provincial,Cultivation,Lúa,,Area_Planted,13629.0,ha,Actual,PL5
00ee2686773773e0,2010,8,Gia Lai,Provincial,Cultivation,Lạc,,Area_Planted,800.0,ha,Actual,PL5
311427701aaf4f12,2010,8,Gia Lai,Provincial,Cultivation,Lúa,,Area_Planted,900.0,ha,Actual,PL5
311427701aaf4f12,2010,8,Gia Lai,Provincial,Cultivation,Lúa,,Area_Planted,4622.0,ha,Actual,PL5
d372d69dc37a80b2,2010,8,Gia Lai,Provincial,Cultivation,Mía,,Area_Planted,7307.0,ha,Actual,PL5
311427701aaf4f12,2010,8,Gia Lai,Provincial,Cultivation,Lúa,,Area_Planted,8108.0,ha,Actual,PL5
311427701aaf4f12,2010,8,Gia Lai,Provincial,Cultivation,Lúa,,Area_Planted,3488.0,ha,Actual,PL5
079027f29fa56f21,2010,8,Đắc Lắc,Provincial,Cultivation,Lúa,,Area_Planted,20300.0,ha,Actual,PL5
7b1b1f3c57cab518,2010,8,Đắc Lắc,Provincial,Cultivation,Đậu,,Area_Planted,5187.0,ha,Actual,PL5
51620bdd8e2cf9d7,2010,8,Đắc Lắc,Provincial,Cultivation,Lạc,,Area_Planted,2737.0,ha,Actual,PL5
079027f29fa56f21,2010,8,Đắc Lắc,Provincial,Cultivation,Lúa,,Area_Planted,536.0,ha,Actual,PL5
079027f29fa56f21,2010,8,Đắc Lắc,Provincial,Cultivation,Lúa,,Area_Planted,50.0,ha,Actual,PL5
14395a23b8cec429,2010,8,Đắc Lắc,Provincial,Cultivation,Mía,,Area_Planted,11790.0,ha,Actual,PL5
079027f29fa56f21,2010,8,Đắc Lắc,Provincial,Cultivation,Lúa,,Area_Planted,3540.0,ha,Actual,PL5
079027f29fa56f21,2010,8,Đắc Lắc,Provincial,Cultivation,Lúa,,Area_Planted,9078.0,ha,Actual,PL5
b0a4036eed33fab3,2010,8,Đắc Nông,Provincial,Cultivation,Lúa,,Area_Planted,11965.0,ha,Actual,PL5
bfa571f92e8cc8db,2010,8,Đắc Nông,Provincial,Cultivation,Đậu,,Area_Planted,8680.0,ha,Actual,PL5
17016a711920911b,2010,8,Đắc Nông,Provincial,Cultivation,Lạc,,Area_Planted,3210.0,ha,Actual,PL5
6e174e38c74b0417,2010,8,Đắc Nông,Provincial,Cultivation,Mía,,Area_Planted,75.0,ha,Actual,PL5
b0a4036eed33fab3,2010,8,Đắc Nông,Provincial,Cultivation,Lúa,,Area_Planted,1398.0,ha,Actual,PL5
b0a4036eed33fab3,2010,8,Đắc Nông,Provincial,Cultivation,Lúa,,Area_Planted,5271.0,ha,Actual,PL5
34377f038d748568,2010,8,Lâm Đồng,Provincial,Cultivation,Lúa,,Area_Planted,1200.0,ha,Actual,PL5
a528e4168e203d81,2010,8,Lâm Đồng,Provincial,Cultivation,Mía,,Area_Planted,1200.0,ha,Actual,PL5
34377f038d748568,2010,8,Lâm Đồng,Provincial,Cultivation,Lúa,,Area_Planted,16202.0,ha,Actual,PL5
34377f038d748568,2010,8,Lâm Đồng,Provincial,Cultivation,Lúa,,Area_Planted,1300.0,ha,Actual,PL5
62a736d7a29d47ad,2010,8,Đông Nam Bộ,Provincial,Cultivation,Lúa,,Area_Planted,56719.0,ha,Actual,PL5
b9c8ff95315d9077,2010,8,Đông Nam Bộ,Provincial,Cultivation,Đậu,,Area_Planted,671.0,ha,Actual,PL5
c2c90482ba9d2f44,2010,8,Đông Nam Bộ,Provincial,Cultivation,Lạc,,Area_Planted,26002.0,ha,Actual,PL5
62a736d7a29d47ad,2010,8,Đông Nam Bộ,Provincial,Cultivation,Lúa,,Area_Planted,7642.0,ha,Actual,PL5
62a736d7a29d47ad,2010,8,Đông Nam Bộ,Provincial,Cultivation,Lúa,,Area_Planted,5596.0,ha,Actual,PL5
6aa9b01c5f185d44,2010,8,Đông Nam Bộ,Provincial,Cultivation,Mía,,Area_Planted,16236.0,ha,Actual,PL5
62a736d7a29d47ad,2010,8,Đông Nam Bộ,Provincial,Cultivation,Lúa,,Area_Planted,572.0,ha,Actual,PL5
62a736d7a29d47ad,2010,8,Đông Nam Bộ,Provincial,Cultivation,Lúa,,Area_Planted,0.0,ha,Actual,PL5
62a736d7a29d47ad,2010,8,Đông Nam Bộ,Provincial,Cultivation,Lúa,,Area_Planted,54665.0,ha,Actual,PL5
62a736d7a29d47ad,2010,8,Đông Nam Bộ,Provincial,Cultivation,Lúa,,Area_Planted,14002.0,ha,Actual,PL5
6dea7047b176047b,2010,8,TP Hồ ChíMinh,Provincial,Cultivation,Lúa,,Area_Planted,2690.0,ha,Actual,PL5
e45c48895145f996,2010,8,TP Hồ ChíMinh,Provincial,Cultivation,Lạc,,Area_Planted,900.0,ha,Actual,PL5
8f1633f66a39387b,2010,8,TP Hồ ChíMinh,Provincial,Cultivation,Mía,,Area_Planted,1790.0,ha,Actual,PL5
6dea7047b176047b,2010,8,TP Hồ ChíMinh,Provincial,Cultivation,Lúa,,Area_Planted,10489.0,ha,Actual,PL5
658f10e413a80d25,2010,8,Ninh Thuận,Provincial,Cultivation,Lúa,,Area_Planted,1613.0,ha,Actual,PL5
db56acaeac4e000a,2010,8,Ninh Thuận,Provincial,Cultivation,Lạc,,Area_Planted,135.0,ha,Actual,PL5
658f10e413a80d25,2010,8,Ninh Thuận,Provincial,Cultivation,Lúa,,Area_Planted,461.0,ha,Actual,PL5
658f10e413a80d25,2010,8,Ninh Thuận,Provincial,Cultivation,Lúa,,Area_Planted,32.0,ha,Actual,PL5
68acc1bdcd5a55d9,2010,8,Ninh Thuận,Provincial,Cultivation,Mía,,Area_Planted,413.0,ha,Actual,PL5
658f10e413a80d25,2010,8,Ninh Thuận,Provincial,Cultivation,Lúa,,Area_Planted,572.0,ha,Actual,PL5
658f10e413a80d25,2010,8,Ninh Thuận,Provincial,Cultivation,Lúa,,Area_Planted,8820.0,ha,Actual,PL5
658f10e413a80d25,2010,8,Ninh Thuận,Provincial,Cultivation,Lúa,,Area_Planted,2097.0,ha,Actual,PL5
c3c424e21b6a20fe,2010,8,Bình Phước,Provincial,Cultivation,Lúa,,Area_Planted,140.0,ha,Actual,PL5
09d35134fd64af7e,2010,8,Bình Phước,Provincial,Cultivation,Lạc,,Area_Planted,130.0,ha,Actual,PL5
c3c424e21b6a20fe,2010,8,Bình Phước,Provincial,Cultivation,Lúa,,Area_Planted,10.0,ha,Actual,PL5
c3c424e21b6a20fe,2010,8,Bình Phước,Provincial,Cultivation,Lúa,,Area_Planted,816.0,ha,Actual,PL5
055280cc77152eea,2010,8,Tây Ninh,Provincial,Cultivation,Lúa,,Area_Planted,30398.0,ha,Actual,PL5
ba0ac1b375b40c38,2010,8,Tây Ninh,Provincial,Cultivation,Lạc,,Area_Planted,16174.0,ha,Actual,PL5
055280cc77152eea,2010,8,Tây Ninh,Provincial,Cultivation,Lúa,,Area_Planted,1502.0,ha,Actual,PL5
055280cc77152eea,2010,8,Tây Ninh,Provincial,Cultivation,Lúa,,Area_Planted,4632.0,ha,Actual,PL5
bb394dd17ca68f79,2010,8,Tây Ninh,Provincial,Cultivation,Mía,,Area_Planted,8090.0,ha,Actual,PL5
055280cc77152eea,2010,8,Tây Ninh,Provincial,Cultivation,Lúa,,Area_Planted,15398.0,ha,Actual,PL5
055280cc77152eea,2010,8,Tây Ninh,Provincial,Cultivation,Lúa,,Area_Planted,5520.0,ha,Actual,PL5
5d7b9b3ed9e5c0ee,2010,8,Bình Dương,Provincial,Cultivation,Lúa,,Area_Planted,934.0,ha,Actual,PL5
b3313380eddc8290,2010,8,Bình Dương,Provincial,Cultivation,Lạc,,Area_Planted,635.0,ha,Actual,PL5
fc20cb78c47f9169,2010,8,Bình Dương,Provincial,Cultivation,Mía,,Area_Planted,299.0,ha,Actual,PL5
5d7b9b3ed9e5c0ee,2010,8,Bình Dương,Provincial,Cultivation,Lúa,,Area_Planted,2871.0,ha,Actual,PL5
5d7b9b3ed9e5c0ee,2010,8,Bình Dương,Provincial,Cultivation,Lúa,,Area_Planted,199.0,ha,Actual,PL5
b2647d49710aa4a3,2010,8,Đồng Nai,Provincial,Cultivation,Lúa,,Area_Planted,10297.0,ha,Actual,PL5
028bd020e0ce0d4a,2010,8,Đồng Nai,Provincial,Cultivation,Đậu,,Area_Planted,419.0,ha,Actual,PL5
5f5e1fb13c21a77b,2010,8,Đồng Nai,Provincial,Cultivation,Lạc,,Area_Planted,4100.0,ha,Actual,PL5
b2647d49710aa4a3,2010,8,Đồng Nai,Provincial,Cultivation,Lúa,,Area_Planted,20.0,ha,Actual,PL5
b2647d49710aa4a3,2010,8,Đồng Nai,Provincial,Cultivation,Lúa,,Area_Planted,800.0,ha,Actual,PL5
24368b67259cfef8,2010,8,Đồng Nai,Provincial,Cultivation,Mía,,Area_Planted,4958.0,ha,Actual,PL5
b2647d49710aa4a3,2010,8,Đồng Nai,Provincial,Cultivation,Lúa,,Area_Planted,9728.0,ha,Actual,PL5
b2647d49710aa4a3,2010,8,Đồng Nai,Provincial,Cultivation,Lúa,,Area_Planted,3942.0,ha,Actual,PL5
cd4e8d47d930279c,2010,8,Bình Thuận,Provincial,Cultivation,Lúa,,Area_Planted,9950.0,ha,Actual,PL5
270ed802b94a082a,2010,8,Bình Thuận,Provincial,Cultivation,Đậu,,Area_Planted,241.0,ha,Actual,PL5
9b2129f127777a1b,2010,8,Bình Thuận,Provincial,Cultivation,Lạc,,Area_Planted,3487.0,ha,Actual,PL5
cd4e8d47d930279c,2010,8,Bình Thuận,Provincial,Cultivation,Lúa,,Area_Planted,5649.0,ha,Actual,PL5
cd4e8d47d930279c,2010,8,Bình Thuận,Provincial,Cultivation,Lúa,,Area_Planted,31.0,ha,Actual,PL5
018382c9151bafbd,2010,8,Bình Thuận,Provincial,Cultivation,Mía,,Area_Planted,542.0,ha,Actual,PL5
cd4e8d47d930279c,2010,8,Bình Thuận,Provincial,Cultivation,Lúa,,Area_Planted,2118.0,ha,Actual,PL5
cd4e8d47d930279c,2010,8,Bình Thuận,Provincial,Cultivation,Lúa,,Area_Planted,1763.0,ha,Actual,PL5
baf55b47d4308e78,2010,8,Bà Rịa-V.Tàu,Provincial,Cultivation,Lúa,,Area_Planted,697.0,ha,Actual,PL5
ee3fa579602c86be,2010,8,Bà Rịa-V.Tàu,Provincial,Cultivation,Đậu,,Area_Planted,11.0,ha,Actual,PL5
3d66ab2da93712e6,2010,8,Bà Rịa-V.Tàu,Provincial,Cultivation,Lạc,,Area_Planted,441.0,ha,Actual,PL5
baf55b47d4308e78,2010,8,Bà Rịa-V.Tàu,Provincial,Cultivation,Lúa,,Area_Planted,101.0,ha,Actual,PL5
e10fbefe53ef6457,2010,8,Bà Rịa-V.Tàu,Provincial,Cultivation,Mía,,Area_Planted,144.0,ha,Actual,PL5
baf55b47d4308e78,2010,8,Bà Rịa-V.Tàu,Provincial,Cultivation,Lúa,,Area_Planted,4425.0,ha,Actual,PL5
baf55b47d4308e78,2010,8,Bà Rịa-V.Tàu,Provincial,Cultivation,Lúa,,Area_Planted,481.0,ha,Actual,PL5
156a480435619645,2010,8,ĐBS Cửu Long,Provincial,Cultivation,Lúa,,Area_Planted,84880.0,ha,Actual,PL5
275aa697be24fcd8,2010,8,ĐBS Cửu Long,Provincial,Cultivation,Đậu,,Area_Planted,7582.0,ha,Actual,PL5
771b3ddebd8c94d6,2010,8,ĐBS Cửu Long,Provincial,Cultivation,Lạc,,Area_Planted,14420.0,ha,Actual,PL5
156a480435619645,2010,8,ĐBS Cửu Long,Provincial,Cultivation,Lúa,,Area_Planted,10145.0,ha,Actual,PL5
156a480435619645,2010,8,ĐBS Cửu Long,Provincial,Cultivation,Lúa,,Area_Planted,162.0,ha,Actual,PL5
19433f2b8647cecf,2010,8,ĐBS Cửu Long,Provincial,Cultivation,Mía,,Area_Planted,48750.0,ha,Actual,PL5
156a480435619645,2010,8,ĐBS Cửu Long,Provincial,Cultivation,Lúa,,Area_Planted,0.0,ha,Actual,PL5
156a480435619645,2010,8,ĐBS Cửu Long,Provincial,Cultivation,Lúa,,Area_Planted,3821.0,ha,Actual,PL5
156a480435619645,2010,8,ĐBS Cửu Long,Provincial,Cultivation,Lúa,,Area_Planted,109257.0,ha,Actual,PL5
156a480435619645,2010,8,ĐBS Cửu Long,Provincial,Cultivation,Lúa,,Area_Planted,4615.0,ha,Actual,PL5
2179f52f2831c7fa,2010,8,Long An,Provincial,Cultivation,Lúa,,Area_Planted,25032.0,ha,Actual,PL5
7b2a51659d38ac08,2010,8,Long An,Provincial,Cultivation,Lạc,,Area_Planted,7000.0,ha,Actual,PL5
2179f52f2831c7fa,2010,8,Long An,Provincial,Cultivation,Lúa,,Area_Planted,1275.0,ha,Actual,PL5
2179f52f2831c7fa,2010,8,Long An,Provincial,Cultivation,Lúa,,Area_Planted,122.0,ha,Actual,PL5
35ef9504a27900a7,2010,8,Long An,Provincial,Cultivation,Mía,,Area_Planted,13991.0,ha,Actual,PL5
2179f52f2831c7fa,2010,8,Long An,Provincial,Cultivation,Lúa,,Area_Planted,2644.0,ha,Actual,PL5
2179f52f2831c7fa,2010,8,Long An,Provincial,Cultivation,Lúa,,Area_Planted,13036.0,ha,Actual,PL5
c863405977c62ac9,2010,8,Đồng Tháp,Provincial,Cultivation,Lúa,,Area_Planted,8994.0,ha,Actual,PL5
fccbca639158dec6,2010,8,Đồng Tháp,Provincial,Cultivation,Đậu,,Area_Planted,4928.0,ha,Actual,PL5
2dcdfe453f7b9e62,2010,8,Đồng Tháp,Provincial,Cultivation,Lạc,,Area_Planted,81.0,ha,Actual,PL5
c863405977c62ac9,2010,8,Đồng Tháp,Provincial,Cultivation,Lúa,,Area_Planted,3761.0,ha,Actual,PL5
c863405977c62ac9,2010,8,Đồng Tháp,Provincial,Cultivation,Lúa,,Area_Planted,15.0,ha,Actual,PL5
23aaeaef245e8199,2010,8,Đồng Tháp,Provincial,Cultivation,Mía,,Area_Planted,124.0,ha,Actual,PL5
c863405977c62ac9,2010,8,Đồng Tháp,Provincial,Cultivation,Lúa,,Area_Planted,85.0,ha,Actual,PL5
c863405977c62ac9,2010,8,Đồng Tháp,Provincial,Cultivation,Lúa,,Area_Planted,8550.0,ha,Actual,PL5
c2adaa2ba84f595f,2010,8,An Giang,Provincial,Cultivation,Lúa,,Area_Planted,1352.0,ha,Actual,PL5
adfbf5ffbd84cfb7,2010,8,An Giang,Provincial,Cultivation,Đậu,,Area_Planted,322.0,ha,Actual,PL5
7b7d1c93a0583913,2010,8,An Giang,Provincial,Cultivation,Lạc,,Area_Planted,175.0,ha,Actual,PL5
c2adaa2ba84f595f,2010,8,An Giang,Provincial,Cultivation,Lúa,,Area_Planted,836.0,ha,Actual,PL5
c2adaa2ba84f595f,2010,8,An Giang,Provincial,Cultivation,Lúa,,Area_Planted,1.0,ha,Actual,PL5
cd00a3034be3d9d3,2010,8,An Giang,Provincial,Cultivation,Mía,,Area_Planted,18.0,ha,Actual,PL5
c2adaa2ba84f595f,2010,8,An Giang,Provincial,Cultivation,Lúa,,Area_Planted,7396.0,ha,Actual,PL5
c2adaa2ba84f595f,2010,8,An Giang,Provincial,Cultivation,Lúa,,Area_Planted,1181.0,ha,Actual,PL5
aefe4c58780ab5ce,2010,8,Tiền Giang,Provincial,Cultivation,Lúa,,Area_Planted,218.0,ha,Actual,PL5
33bcf0017c94cdef,2010,8,Tiền Giang,Provincial,Cultivation,Mía,,Area_Planted,218.0,ha,Actual,PL5
aefe4c58780ab5ce,2010,8,Tiền Giang,Provincial,Cultivation,Lúa,,Area_Planted,26785.0,ha,Actual,PL5
4581a0b0ebd396d1,2010,8,Vĩnh Long,Provincial,Cultivation,Lúa,,Area_Planted,1941.0,ha,Actual,PL5
b49693bb5deafa48,2010,8,Vĩnh Long,Provincial,Cultivation,Đậu,,Area_Planted,1101.0,ha,Actual,PL5
cefdd090bb8b7978,2010,8,Vĩnh Long,Provincial,Cultivation,Lạc,,Area_Planted,29.0,ha,Actual,PL5
4581a0b0ebd396d1,2010,8,Vĩnh Long,Provincial,Cultivation,Lúa,,Area_Planted,205.0,ha,Actual,PL5
bd6170694e756ef2,2010,8,Vĩnh Long,Provincial,Cultivation,Mía,,Area_Planted,62.0,ha,Actual,PL5
4581a0b0ebd396d1,2010,8,Vĩnh Long,Provincial,Cultivation,Lúa,,Area_Planted,544.0,ha,Actual,PL5
4581a0b0ebd396d1,2010,8,Vĩnh Long,Provincial,Cultivation,Lúa,,Area_Planted,9595.0,ha,Actual,PL5
4581a0b0ebd396d1,2010,8,Vĩnh Long,Provincial,Cultivation,Lúa,,Area_Planted,240.0,ha,Actual,PL5
547bc5ea2ad5c003,2010,8,Bến Tre,Provincial,Cultivation,Lúa,,Area_Planted,6190.0,ha,Actual,PL5
b41a313fba26b116,2010,8,Bến Tre,Provincial,Cultivation,Lạc,,Area_Planted,132.0,ha,Actual,PL5
3c1ddb5e2b25b896,2010,8,Bến Tre,Provincial,Cultivation,Mía,,Area_Planted,5865.0,ha,Actual,PL5
547bc5ea2ad5c003,2010,8,Bến Tre,Provincial,Cultivation,Lúa,,Area_Planted,193.0,ha,Actual,PL5
547bc5ea2ad5c003,2010,8,Bến Tre,Provincial,Cultivation,Lúa,,Area_Planted,2544.0,ha,Actual,PL5
547bc5ea2ad5c003,2010,8,Bến Tre,Provincial,Cultivation,Lúa,,Area_Planted,3.0,ha,Actual,PL5
f1d0727ddfd20141,2010,8,Kiên Giang,Provincial,Cultivation,Lúa,,Area_Planted,0.0,ha,Actual,PL5
88f21eecc72a6fa1,2010,8,Cần Thơ,Provincial,Cultivation,Lúa,,Area_Planted,8395.0,ha,Actual,PL5
0a47460d435a977f,2010,8,Cần Thơ,Provincial,Cultivation,Đậu,,Area_Planted,745.0,ha,Actual,PL5
7e19c8a40e0c0934,2010,8,Cần Thơ,Provincial,Cultivation,Lạc,,Area_Planted,3558.0,ha,Actual,PL5
88f21eecc72a6fa1,2010,8,Cần Thơ,Provincial,Cultivation,Lúa,,Area_Planted,4068.0,ha,Actual,PL5
88f21eecc72a6fa1,2010,8,Cần Thơ,Provincial,Cultivation,Lúa,,Area_Planted,24.0,ha,Actual,PL5
88f21eecc72a6fa1,2010,8,Cần Thơ,Provincial,Cultivation,Lúa,,Area_Planted,4103.0,ha,Actual,PL5
88f21eecc72a6fa1,2010,8,Cần Thơ,Provincial,Cultivation,Lúa,,Area_Planted,583.0,ha,Actual,PL5
a83c53f3d0e40968,2010,8,Hậu Giang,Provincial,Cultivation,Lúa,,Area_Planted,13118.0,ha,Actual,PL5
57f70f671413b2af,2010,8,Hậu Giang,Provincial,Cultivation,Mía,,Area_Planted,13118.0,ha,Actual,PL5
a83c53f3d0e40968,2010,8,Hậu Giang,Provincial,Cultivation,Lúa,,Area_Planted,7756.0,ha,Actual,PL5
a83c53f3d0e40968,2010,8,Hậu Giang,Provincial,Cultivation,Lúa,,Area_Planted,77.0,ha,Actual,PL5
1bdbd9f2a10c6160,2010,8,Trà Vinh,Provincial,Cultivation,Lúa,,Area_Planted,8782.0,ha,Actual,PL5
fae7840a9893c0d1,2010,8,Trà Vinh,Provincial,Cultivation,Đậu,,Area_Planted,224.0,ha,Actual,PL5
8f15b8e3d94e286a,2010,8,Trà Vinh,Provincial,Cultivation,Lạc,,Area_Planted,3445.0,ha,Actual,PL5
7fe8776d4c25009d,2010,8,Trà Vinh,Provincial,Cultivation,Mía,,Area_Planted,4758.0,ha,Actual,PL5
1bdbd9f2a10c6160,2010,8,Trà Vinh,Provincial,Cultivation,Lúa,,Area_Planted,355.0,ha,Actual,PL5
1bdbd9f2a10c6160,2010,8,Trà Vinh,Provincial,Cultivation,Lúa,,Area_Planted,14649.0,ha,Actual,PL5
1bdbd9f2a10c6160,2010,8,Trà Vinh,Provincial,Cultivation,Lúa,,Area_Planted,765.0,ha,Actual,PL5
99facfc9a08c006c,2010,8,Sóc Trăng,Provincial,Cultivation,Lúa,,Area_Planted,10727.0,ha,Actual,PL5
ad3f5f0fccad0f0a,2010,8,Sóc Trăng,Provincial,Cultivation,Đậu,,Area_Planted,131.0,ha,Actual,PL5
9f16f014cc6f4d58,2010,8,Sóc Trăng,Provincial,Cultivation,Mía,,Area_Planted,10596.0,ha,Actual,PL5
99facfc9a08c006c,2010,8,Sóc Trăng,Provincial,Cultivation,Lúa,,Area_Planted,14843.0,ha,Actual,PL5
99facfc9a08c006c,2010,8,Sóc Trăng,Provincial,Cultivation,Lúa,,Area_Planted,1766.0,ha,Actual,PL5
e631f3feae405eaf,2010,8,Bạc Liêu,Provincial,Cultivation,Lúa,,Area_Planted,131.0,ha,Actual,PL5
1314729232018401,2010,8,Bạc Liêu,Provincial,Cultivation,Đậu,,Area_Planted,131.0,ha,Actual,PL5
41a5fef03f9f6416,2010,8,Cả nước,National,Forestry,Rừng,,Area_Planted,1496.0,1000_ha,Estimated,PL6
d218df9cb1ce46d6,2010,8,Cả nước,National,Forestry,Rừng,,Area_Planted,2067.0,1000_ha,Plan,PL6
621ddb21d43d0bcb,2010,8,Cả nước,National,Forestry,Rừng,,Area,319.0,1000_ha,Estimated,PL6
4d94d2f748775e17,2010,8,Cả nước,National,Forestry,Rừng,,Area,648.0,1000_ha,Plan,PL6
621ddb21d43d0bcb,2010,8,Cả nước,National,Forestry,Rừng,,Area,1177.0,1000_ha,Estimated,PL6
4d94d2f748775e17,2010,8,Cả nước,National,Forestry,Rừng,,Area,1419.0,1000_ha,Plan,PL6
1d1364a6f7d887a2,2010,8,Cả nước,National,Forestry,Rừng trồng,,Area,2756.0,1000_ha,Estimated,PL6
a1a37ddbd6b1facc,2010,8,Cả nước,National,Forestry,Rừng trồng,,Area,1497.0,1000_ha,Plan,PL6
621ddb21d43d0bcb,2010,8,Cả nước,National,Forestry,Rừng,,Area,1371.0,1000_ha,Estimated,PL6
4d94d2f748775e17,2010,8,Cả nước,National,Forestry,Rừng,,Area,200.0,1000_ha,Plan,PL6
77bcfda9b956167a,2010,8,Cả nước,National,Forestry,Rừng tái sinh,,Area,7217.0,1000_ha,Estimated,PL6
d55d9ece04655136,2010,8,Cả nước,National,Forestry,Rừng tái sinh,,Area,6688.0,1000_ha,Plan,PL6
8639afa8d2b79ad4,2010,8,Cả nước,National,Forestry,Rừng bảo vệ,,Area,23680.0,1000_ha,Estimated,PL6
f6e58a47e732adf7,2010,8,Cả nước,National,Forestry,Rừng bảo vệ,,Area,15063.0,1000_ha,Plan,PL6
cee205e247be0c5d,2010,8,Cả nước,National,Forestry,Gỗ,,Production,24942.0,1000_m3,Estimated,PL6
97314b127a7e6128,2010,8,Cả nước,National,Forestry,Gỗ,,Production,47000.0,1000_m3,Plan,PL6
d3a230f2950db5bc,2010,1,Cả nước,National,Trade,0,Xuất khẩu,Export_Volume,4.0,1000_ton,Actual,PL8
8dd5348acee0bc1d,2010,1,Cả nước,National,Trade,0,Xuất khẩu,Export_Value,5.0,million_USD,Actual,PL8
f5c678e5624c8f41,2010,1,Cả nước,National,Trade,I,Xuất khẩu,Export_Volume,2892.0,1000_ton,Actual,PL8
b4df723700280f76,2010,1,Cả nước,National,Trade,I,Xuất khẩu,Export_Value,516.0,million_USD,Actual,PL8
ce65d98ac9b88677,2010,1,Cả nước,National,Trade,1,Xuất khẩu,Export_Volume,1461.0,1000_ton,Actual,PL8
f03af49953205af9,2010,1,Cả nước,National,Trade,1,Xuất khẩu,Export_Value,221.0,million_USD,Actual,PL8
6ad3a542ee32bad0,2010,1,Cả nước,National,Trade,1.1,Xuất khẩu,Export_Volume,1389.0,1000_ton,Actual,PL8
bbf663e23d72da1b,2010,1,Cả nước,National,Trade,1.1,Xuất khẩu,Export_Value,216.0,million_USD,Actual,PL8
16eca1a8a4caf739,2010,1,Cả nước,National,Trade,1.2,Xuất khẩu,Export_Volume,72.0,1000_ton,Actual,PL8
72d923524a2732cb,2010,1,Cả nước,National,Trade,1.2,Xuất khẩu,Export_Value,5.0,million_USD,Actual,PL8
676708456fb5db6b,2010,1,Cả nước,National,Trade,2,Xuất khẩu,Export_Volume,1431.0,1000_ton,Actual,PL8
1ccce210e6333e65,2010,1,Cả nước,National,Trade,2,Xuất khẩu,Export_Value,295.0,million_USD,Actual,PL8
ccc0f10ac2069a5e,2010,8,Cả nước,National,Investment,Vốn thực hiện đầu tư,,Investment_Amount,5358800.0,million_VND,Plan,PL9
ba58dbac75febb9a,2010,8,Cả nước,National,Investment,Vốn thực hiện đầu tư,,Investment_Amount,3322900.0,million_VND,Cumulative,PL9
599aeb58aadab4da,2010,8,Cả nước,National,Investment,Đầu tư Thuỷ lợi,,Investment_Amount,3821000.0,million_VND,Plan,PL9
840669e21a7600b2,2010,8,Cả nước,National,Investment,Đầu tư Thuỷ lợi,,Investment_Amount,2517000.0,million_VND,Cumulative,PL9
1309dcb4c4e7f538,2010,8,Cả nước,National,Investment,Đầu tư Nông nghiệp,,Investment_Amount,809400.0,million_VND,Plan,PL9
d53f8684adb90bb6,2010,8,Cả nước,National,Investment,Đầu tư Nông nghiệp,,Investment_Amount,400900.0,million_VND,Cumulative,PL9
fc780592d1446349,2010,8,Cả nước,National,Investment,Đầu tư Lâm nghiệp,,Investment_Amount,354000.0,million_VND,Plan,PL9
f84260ca123bb7c7,2010,8,Cả nước,National,Investment,Đầu tư Lâm nghiệp,,Investment_Amount,162000.0,million_VND,Cumulative,PL9
61a0f67b16848410,2010,8,Cả nước,National,Investment,Đầu tư Thuỷ sản,,Investment_Amount,132700.0,million_VND,Plan,PL9
ef35456d79dd2c3f,2010,8,Cả nước,National,Investment,Đầu tư Thuỷ sản,,Investment_Amount,83500.0,million_VND,Cumulative,PL9
442f80f6f42c2c75,2010,8,Cả nước,National,Investment,Khoa học - Công nghệ,,Investment_Amount,50000.0,million_VND,Plan,PL9
4a95e3a50918be1b,2010,8,Cả nước,National,Investment,Khoa học - Công nghệ,,Investment_Amount,33500.0,million_VND,Cumulative,PL9
84a8708d7664c004,2010,8,Cả nước,National,Investment,Giáo dục - Đào tạo,,Investment_Amount,70000.0,million_VND,Plan,PL9
8da4b4ce35bd1708,2010,8,Cả nước,National,Investment,Giáo dục - Đào tạo,,Investment_Amount,65000.0,million_VND,Cumulative,PL9
78a2ec27ee76712c,2010,8,Cả nước,National,Investment,Các ngành khác,,Investment_Amount,121700.0,million_VND,Plan,PL9
1ae2f2002f163248,2010,8,Cả nước,National,Investment,Các ngành khác,,Investment_Amount,61000.0,million_VND,Cumulative,PL9
58db6a5015da66bd,2010,8,Cả nước,National,Investment,Chương trình mục tiêu,,Investment_Amount,47263.0,million_VND,Plan,PL9
439636c479295f7a,2010,8,Cả nước,National,Investment,Chương trình mục tiêu,,Investment_Amount,34000.0,million_VND,Cumulative,PL9
1e525e4bc88460f2,2010,8,Cả nước,National,Investment,Vốn đầu tư theo các mục tiêunhiệm vụ cụ thể,,Investment_Amount,320900.0,million_VND,Plan,PL9
7e252de96036737f,2010,8,Cả nước,National,Investment,Vốn đầu tư theo các mục tiêunhiệm vụ cụ thể,,Investment_Amount,162500.0,million_VND,Cumulative,PL9
8bf6072ca75eeea8,2010,8,Cả nước,National,Investment,Bổ sung dự trữ Quốc gia,,Investment_Amount,65000.0,million_VND,Plan,PL9
d61ea9bc7310ef52,2010,8,Cả nước,National,Investment,Vốn chuẩn bị đầu tư,,Investment_Amount,35000.0,million_VND,Plan,PL9
d76b7397f64c409c,2010,8,Cả nước,National,Investment,Vốn chuẩn bị đầu tư,,Investment_Amount,32000.0,million_VND,Cumulative,PL9
826b13251656a097,2010,8,Cả nước,National,Investment,Vốn trái phiếu Chính phủ,,Investment_Amount,4000000.0,million_VND,Plan,PL9
14eec6684a7f0516,2010,8,Cả nước,National,Investment,Vốn trái phiếu Chính phủ,,Investment_Amount,3116000.0,million_VND,Cumulative,PL9
4bc14c5b73ad762f,2010,8,Cả nước,National,Investment,Các dự án có trong QĐ171,,Investment_Amount,3000000.0,million_VND,Plan,PL9
3c2902e35ee161da,2010,8,Cả nước,National,Investment,Các dự án có trong QĐ171,,Investment_Amount,2350000.0,million_VND,Cumulative,PL9
e41acd411ed8d4ab,2010,8,Cả nước,National,Investment,Các dự án cấp bách bổ sung,,Investment_Amount,400000.0,million_VND,Plan,PL9
3e679218c058b87f,2010,8,Cả nước,National,Investment,Các dự án cấp bách bổ sung,,Investment_Amount,335000.0,million_VND,Cumulative,PL9
787d4b250fea51dd,2010,8,Cả nước,National,Investment,Các dự án thuỷ lợi ĐBSHồng,,Investment_Amount,600000.0,million_VND,Plan,PL9
66f5557ba53334a4,2010,8,Cả nước,National,Investment,Các dự án thuỷ lợi ĐBSHồng,,Investment_Amount,431000.0,million_VND,Cumulative,PL9
aaf39aa1c4350ff0,2010,8,Cả nước,National,Investment,Tổng vốn đầu tư : = A + B,,Investment_Amount,9826963.0,million_VND,Plan,PL9
7040295afff3095d,2010,8,Cả nước,National,Investment,Tổng vốn đầu tư : = A + B,,Investment_Amount,6667400.0,million_VND,Cumulative,PL9
