record_id,year,month,location_name,geo_level,sector,commodity,sub_item,attribute,value,unit,data_type,appendix_number
e3d37196-4fa4-4437-a32f-a9c1f7550cbd,2009,4,Miền Nam,Regional,Cultivation,Lúa,Hè Thu,Area_Planted,699.3,1000_ha,Actual,PL1
93de1018-f3f9-4258-9eeb-a520d0e0c7fe,2009,4,Miền Nam,Regional,Cultivation,Lúa,Đông Xuân,Area_Harvested,1745.7,1000_ha,Actual,PL1
04e8ce94-0921-44cc-9e1d-936cc1ba4a70,2010,4,Miền Nam,Regional,Cultivation,Lúa,Đông Xuân,Area_Harvested,90.2,1000_ha,Actual,PL1
d81a5e45-83bc-4ac4-8d57-271f700de0ac,2009,4,Cả nước,National,Cultivation,Màu lương thực,,Area_Planted,734.5,1000_ha,Actual,PL1
d71e66a4-979b-4f23-a150-c30219f70d78,2009,4,Cả nước,National,Cultivation,Khoai lang,,Area_Planted,93.3,1000_ha,Actual,PL1
95bde48a-c111-4d9a-8311-0a43cac9f6d5,2009,4,Cả nước,National,Cultivation,Sắn,,Area_Planted,157.1,1000_ha,Actual,PL1
d8836628-166a-4ccc-9e6c-dca4dd461d40,2009,4,Cả nước,National,Cultivation,Lạc,,Area_Planted,166.8,1000_ha,Actual,PL1
61d0314f-1f3b-4c53-8321-75a26a6638d6,2009,4,Cả nước,National,Cultivation,Rau đậu,,Area_Planted,459.1,1000_ha,Actual,PL1
d35cc453-ee82-4ef7-a427-83c17b4aacd2,2010,4,Miền Bắc,Regional,Cultivation,Lúa,,Area_Planted,1123474.0,ha,Actual,PL2a
5b943347-eafe-443e-8058-526115fc1f3d,2010,4,Miền Bắc,Regional,Cultivation,Lúa,,Area_Planted,374331.0,ha,Actual,PL2a
957bb16d-e1c2-4af6-936c-a8f8e1468dd5,2010,4,Miền Bắc,Regional,Cultivation,Ngô,,Area_Planted,214018.0,ha,Actual,PL2a
2097b2c1-eea2-4ec7-b4c2-8e6c48d33ecb,2010,4,Miền Bắc,Regional,Cultivation,Lúa,,Area_Planted,25819.0,ha,Actual,PL2a
47ff4679-8e9d-4cdf-8dc2-31839e9fffa8,2010,4,Miền Bắc,Regional,Cultivation,Sắn,,Area_Planted,106021.0,ha,Actual,PL2a
405da646-a348-46fc-85fc-ff43635924ac,2010,4,Miền Bắc,Regional,Cultivation,Lúa,,Area_Planted,28728.0,ha,Actual,PL2a
08e53d48-d199-4df5-a952-43ac69e00b74,2010,4,ĐB sông Hồng,Provincial,Cultivation,Lúa,,Area_Planted,560912.0,ha,Actual,PL2a
ed889c99-3d42-43fa-bcfd-1ff51e61e751,2010,4,ĐB sông Hồng,Provincial,Cultivation,Lúa,,Area_Planted,56648.0,ha,Actual,PL2a
0dcb7eb7-b207-4b2e-aa73-33ca0bfed5bd,2010,4,ĐB sông Hồng,Provincial,Cultivation,Ngô,,Area_Planted,27929.0,ha,Actual,PL2a
311ce49f-34f9-43fb-8546-453304a66210,2010,4,ĐB sông Hồng,Provincial,Cultivation,Lúa,,Area_Planted,7232.0,ha,Actual,PL2a
d084547f-1f10-41ba-8be2-f9f92d3f2ebf,2010,4,ĐB sông Hồng,Provincial,Cultivation,Sắn,,Area_Planted,4332.0,ha,Actual,PL2a
51752ede-4e60-441a-a3aa-cc99010f3e3f,2010,4,ĐB sông Hồng,Provincial,Cultivation,Lúa,,Area_Planted,11864.0,ha,Actual,PL2a
ca03615c-180b-4795-afc6-565dc3ed6d3a,2010,4,Hà Nội,Provincial,Cultivation,Lúa,,Area_Planted,99870.0,ha,Actual,PL2a
0dd5779c-8d84-4768-9021-d14aab245ea6,2010,4,Hà Nội,Provincial,Cultivation,Lúa,,Area_Planted,11717.0,ha,Actual,PL2a
94c4a6c5-8aa7-42bd-8371-d9160b756094,2010,4,Hà Nội,Provincial,Cultivation,Ngô,,Area_Planted,7217.0,ha,Actual,PL2a
5e9f3b0f-d861-4d3d-a2ff-b8fecc957242,2010,4,Hà Nội,Provincial,Cultivation,Lúa,,Area_Planted,3000.0,ha,Actual,PL2a
44752ebf-6f23-47fd-a967-ae1a3e354d69,2010,4,Hà Nội,Provincial,Cultivation,Sắn,,Area_Planted,1300.0,ha,Actual,PL2a
79a98364-28f6-4706-99e8-8aae5b386ef6,2010,4,Hà Nội,Provincial,Cultivation,Lúa,,Area_Planted,200.0,ha,Actual,PL2a
4c75255b-4665-43fc-b8ce-b08b8a930f3e,2010,4,Hải Phòng,Provincial,Cultivation,Lúa,,Area_Planted,39204.0,ha,Actual,PL2a
0b1fb78d-c06d-4e8a-8e41-17731d98ac27,2010,4,Hải Phòng,Provincial,Cultivation,Lúa,,Area_Planted,2670.0,ha,Actual,PL2a
a6083659-039a-4c30-b9b8-3370c74128d7,2010,4,Hải Phòng,Provincial,Cultivation,Ngô,,Area_Planted,170.0,ha,Actual,PL2a
05da1746-16ad-4838-ae15-41d2ba77290d,2010,4,Hải Phòng,Provincial,Cultivation,Lúa,,Area_Planted,2500.0,ha,Actual,PL2a
5d1f0c03-ca6b-49d0-b0b0-2fc098d14742,2010,4,Vĩnh Phúc,Provincial,Cultivation,Lúa,,Area_Planted,30975.0,ha,Actual,PL2a
f151dc71-bb6b-45b5-a006-51d95b74c69d,2010,4,Vĩnh Phúc,Provincial,Cultivation,Lúa,,Area_Planted,6547.0,ha,Actual,PL2a
6b132c66-ceb8-4254-baa2-322383f526b1,2010,4,Vĩnh Phúc,Provincial,Cultivation,Ngô,,Area_Planted,2391.0,ha,Actual,PL2a
ba886f0c-175e-4745-aa55-863dc81090a5,2010,4,Vĩnh Phúc,Provincial,Cultivation,Lúa,,Area_Planted,299.0,ha,Actual,PL2a
32aaeb1d-5ece-472d-8331-4fd9b63bf9e5,2010,4,Vĩnh Phúc,Provincial,Cultivation,Sắn,,Area_Planted,1722.0,ha,Actual,PL2a
3c75cb98-ae98-49e9-a83a-69d694572c86,2010,4,Vĩnh Phúc,Provincial,Cultivation,Lúa,,Area_Planted,2135.0,ha,Actual,PL2a
806343c9-fa53-4f84-bacd-08af1af37076,2010,4,Bắc Ninh,Provincial,Cultivation,Lúa,,Area_Planted,36882.0,ha,Actual,PL2a
bb18bf7a-36f9-4d77-afd1-d53b080afae3,2010,4,Bắc Ninh,Provincial,Cultivation,Lúa,,Area_Planted,1819.0,ha,Actual,PL2a
1e238e89-b917-4dac-800f-0fdf69c99def,2010,4,Bắc Ninh,Provincial,Cultivation,Ngô,,Area_Planted,1235.0,ha,Actual,PL2a
05a8e612-0a82-4501-80e1-215382b9639c,2010,4,Bắc Ninh,Provincial,Cultivation,Lúa,,Area_Planted,584.0,ha,Actual,PL2a
4ab51e6b-df05-4a48-92c5-413dd7e94bd2,2010,4,Hải Dương,Provincial,Cultivation,Lúa,,Area_Planted,63360.0,ha,Actual,PL2a
03cc19d7-e510-4b09-94ea-2196d2ca406b,2010,4,Hải Dương,Provincial,Cultivation,Lúa,,Area_Planted,7391.0,ha,Actual,PL2a
9166fe17-4073-450a-b935-8343f7d56cff,2010,4,Hải Dương,Provincial,Cultivation,Ngô,,Area_Planted,1200.0,ha,Actual,PL2a
5c354123-c043-42aa-85da-eccb12df7af6,2010,4,Hải Dương,Provincial,Cultivation,Lúa,,Area_Planted,900.0,ha,Actual,PL2a
d0dd61d1-1706-4bd4-8770-96ee55608f29,2010,4,Hưng Yên,Provincial,Cultivation,Lúa,,Area_Planted,38500.0,ha,Actual,PL2a
43008caa-d4dc-4b37-a7ad-a8175bbf4f2c,2010,4,Hưng Yên,Provincial,Cultivation,Lúa,,Area_Planted,3068.0,ha,Actual,PL2a
34ab8e40-0b57-4423-9a6b-a5604c664720,2010,4,Hưng Yên,Provincial,Cultivation,Ngô,,Area_Planted,3068.0,ha,Actual,PL2a
234a87fa-51d1-4254-bc7d-619cc92fe1d0,2010,4,Hà Nam,Provincial,Cultivation,Lúa,,Area_Planted,34370.0,ha,Actual,PL2a
5cb3f477-85b4-41eb-a3b2-0b16da40b560,2010,4,Hà Nam,Provincial,Cultivation,Lúa,,Area_Planted,3228.0,ha,Actual,PL2a
f2a67f94-00d7-48f7-b36b-a92c6bdfdc29,2010,4,Hà Nam,Provincial,Cultivation,Ngô,,Area_Planted,3228.0,ha,Actual,PL2a
009e45b4-fd82-49f0-a1e9-2be1cd067156,2010,4,Nam Định,Provincial,Cultivation,Lúa,,Area_Planted,77600.0,ha,Actual,PL2a
51705ca7-929d-4035-89d0-062c32ce2144,2010,4,Nam Định,Provincial,Cultivation,Lúa,,Area_Planted,6250.0,ha,Actual,PL2a
71b92a56-3d3a-4e1f-96d5-f400898cb6e3,2010,4,Nam Định,Provincial,Cultivation,Ngô,,Area_Planted,1450.0,ha,Actual,PL2a
d00b7bd4-6639-493a-82ab-78007cf7a9dd,2010,4,Nam Định,Provincial,Cultivation,Sắn,,Area_Planted,300.0,ha,Actual,PL2a
8d2126e4-2715-4ead-a174-46a92ccb9175,2010,4,Nam Định,Provincial,Cultivation,Lúa,,Area_Planted,4500.0,ha,Actual,PL2a
668b4400-9c19-4886-9781-a971ea0bcef1,2010,4,Thái Bình,Provincial,Cultivation,Lúa,,Area_Planted,81500.0,ha,Actual,PL2a
b214b4b9-7034-4f29-a144-2630fbc9630b,2010,4,Thái Bình,Provincial,Cultivation,Lúa,,Area_Planted,4045.0,ha,Actual,PL2a
4e41dc54-79e0-4139-9f3b-4fcf53c37e24,2010,4,Thái Bình,Provincial,Cultivation,Ngô,,Area_Planted,2100.0,ha,Actual,PL2a
41b956d9-5cb8-4c91-a1e0-8d783eb10c99,2010,4,Thái Bình,Provincial,Cultivation,Lúa,,Area_Planted,1945.0,ha,Actual,PL2a
16f0e5b9-c62b-4a43-bbf4-a63727190340,2010,4,Ninh Bình,Provincial,Cultivation,Lúa,,Area_Planted,41603.0,ha,Actual,PL2a
a131d0a3-cee5-43a3-815c-c9d37b777fa9,2010,4,Ninh Bình,Provincial,Cultivation,Lúa,,Area_Planted,1245.0,ha,Actual,PL2a
75f69025-00e1-46c7-8ec1-4f8823eab212,2010,4,Ninh Bình,Provincial,Cultivation,Ngô,,Area_Planted,1170.0,ha,Actual,PL2a
c5f34746-920f-4ba8-9712-3b8b56cf7875,2010,4,Ninh Bình,Provincial,Cultivation,Lúa,,Area_Planted,75.0,ha,Actual,PL2a
2645072f-fd03-42e1-bd94-ff5aa026a183,2010,4,Quảng Ninh,Provincial,Cultivation,Lúa,,Area_Planted,17049.0,ha,Actual,PL2a
5a71b8bf-9920-4489-9298-4841fb45e38a,2010,4,Quảng Ninh,Provincial,Cultivation,Lúa,,Area_Planted,8668.0,ha,Actual,PL2a
504d5648-6ab9-4f35-b438-922f88a1b907,2010,4,Quảng Ninh,Provincial,Cultivation,Ngô,,Area_Planted,4699.0,ha,Actual,PL2a
315e9a2d-83af-4975-972e-33360d627efa,2010,4,Quảng Ninh,Provincial,Cultivation,Lúa,,Area_Planted,2959.0,ha,Actual,PL2a
eee113a6-a585-4970-b8a5-9e1b5741ca78,2010,4,Quảng Ninh,Provincial,Cultivation,Sắn,,Area_Planted,1010.0,ha,Actual,PL2a
2fb83f42-610f-4074-977a-254f60108346,2010,4,Trung du và MN phíaBắc,Provincial,Cultivation,Lúa,,Area_Planted,224195.0,ha,Actual,PL2a
10d5046c-b9ea-4d1e-9d6b-c12c13a5bf6f,2010,4,Trung du và MN phíaBắc,Provincial,Cultivation,Lúa,,Area_Planted,207212.0,ha,Actual,PL2a
97a257e6-339c-4b3f-90e1-ca4e89ae935c,2010,4,Trung du và MN phíaBắc,Provincial,Cultivation,Ngô,,Area_Planted,138168.0,ha,Actual,PL2a
36941f73-a51d-45b8-bf08-af198c715660,2010,4,Trung du và MN phíaBắc,Provincial,Cultivation,Lúa,,Area_Planted,6831.0,ha,Actual,PL2a
a0e76e0c-c426-4492-9068-b10d3d0f3c50,2010,4,Trung du và MN phíaBắc,Provincial,Cultivation,Sắn,,Area_Planted,55657.0,ha,Actual,PL2a
cf4a677e-6a8d-42d5-a381-33165645f5a4,2010,4,Trung du và MN phíaBắc,Provincial,Cultivation,Lúa,,Area_Planted,6955.0,ha,Actual,PL2a
664c5454-2cd5-48b4-a79b-99bcec393da5,2010,4,Hà Giang,Provincial,Cultivation,Lúa,,Area_Planted,9074.0,ha,Actual,PL2a
fbd34df3-c830-4473-8acc-086b1c47cd3f,2010,4,Hà Giang,Provincial,Cultivation,Lúa,,Area_Planted,25662.0,ha,Actual,PL2a
92b6cfa0-6c11-4aed-9a78-95d83215581c,2010,4,Hà Giang,Provincial,Cultivation,Ngô,,Area_Planted,25662.0,ha,Actual,PL2a
0d7cddfd-952e-429f-91e9-4c802c863549,2010,4,Cao Bằng,Provincial,Cultivation,Lúa,,Area_Planted,2300.0,ha,Actual,PL2a
8c187c7a-2199-43ed-9a11-af726892a4d6,2010,4,Cao Bằng,Provincial,Cultivation,Lúa,,Area_Planted,11756.0,ha,Actual,PL2a
8b931dba-67c4-4955-b789-bd0d337f4c9a,2010,4,Cao Bằng,Provincial,Cultivation,Ngô,,Area_Planted,11561.0,ha,Actual,PL2a
79a6c5c6-f2be-4e68-8d2b-a23a3f839788,2010,4,Cao Bằng,Provincial,Cultivation,Lúa,,Area_Planted,195.0,ha,Actual,PL2a
e8eb304d-5aa7-41c0-9bed-b210e9e82eb8,2010,4,Lào Cai,Provincial,Cultivation,Lúa,,Area_Planted,8847.0,ha,Actual,PL2a
67441bb6-b4c8-4c55-b2f0-458ce8e95668,2010,4,Lào Cai,Provincial,Cultivation,Lúa,,Area_Planted,18826.0,ha,Actual,PL2a
3b4da9fd-8fb6-4c61-ab4b-457380949008,2010,4,Lào Cai,Provincial,Cultivation,Ngô,,Area_Planted,14509.0,ha,Actual,PL2a
a5739fe9-a410-4ff0-97b9-a73c9ddde28c,2010,4,Lào Cai,Provincial,Cultivation,Lúa,,Area_Planted,400.0,ha,Actual,PL2a
891e129c-1d1f-4c1e-89f3-29da62f11cd7,2010,4,Lào Cai,Provincial,Cultivation,Sắn,,Area_Planted,4317.0,ha,Actual,PL2a
6fd687bb-49ec-419c-95b4-64ebb9b1fc02,2010,4,Bắc Cạn,Provincial,Cultivation,Lúa,,Area_Planted,7270.0,ha,Actual,PL2a
519c7393-e54e-48c4-8e08-0381ec84d592,2010,4,Bắc Cạn,Provincial,Cultivation,Lúa,,Area_Planted,9525.0,ha,Actual,PL2a
29ea720b-630e-4065-b6d8-438c94986b80,2010,4,Bắc Cạn,Provincial,Cultivation,Ngô,,Area_Planted,7980.0,ha,Actual,PL2a
8b423e54-1fed-4c46-af3d-52e748d3b5b6,2010,4,Bắc Cạn,Provincial,Cultivation,Lúa,,Area_Planted,154.0,ha,Actual,PL2a
2cac63c9-affa-4e56-b88c-562d9dfb9be5,2010,4,Bắc Cạn,Provincial,Cultivation,Sắn,,Area_Planted,1144.0,ha,Actual,PL2a
df116004-a49c-4f1e-9686-7a75fc8ba778,2010,4,Bắc Cạn,Provincial,Cultivation,Lúa,,Area_Planted,247.0,ha,Actual,PL2a
892d0a33-2ac0-400a-b455-58b2318ecf36,2010,4,Lạng Sơn,Provincial,Cultivation,Lúa,,Area_Planted,6824.0,ha,Actual,PL2a
f8dc783e-db33-48aa-9ebd-2ab4b715549a,2010,4,Lạng Sơn,Provincial,Cultivation,Lúa,,Area_Planted,11637.0,ha,Actual,PL2a
d95c11af-a2ce-42af-ac91-ede026ef08f3,2010,4,Lạng Sơn,Provincial,Cultivation,Ngô,,Area_Planted,9664.0,ha,Actual,PL2a
6abd4f66-5370-4c43-9f83-6c72366bae03,2010,4,Lạng Sơn,Provincial,Cultivation,Lúa,,Area_Planted,1973.0,ha,Actual,PL2a
08ec570d-a7ba-4c42-b28b-ec960b630e30,2010,4,Tuyên Quang,Provincial,Cultivation,Lúa,,Area_Planted,19492.0,ha,Actual,PL2a
228955b2-de06-47a8-9f5f-ee3d22224e4b,2010,4,Tuyên Quang,Provincial,Cultivation,Lúa,,Area_Planted,7333.0,ha,Actual,PL2a
9a3903da-f5fe-4659-96eb-917998c9d564,2010,4,Tuyên Quang,Provincial,Cultivation,Ngô,,Area_Planted,6933.0,ha,Actual,PL2a
a9fe5939-d804-457a-87b7-e62a33fa9d0d,2010,4,Tuyên Quang,Provincial,Cultivation,Lúa,,Area_Planted,400.0,ha,Actual,PL2a
4ec34476-f9e1-4723-add9-0afeaf9249ac,2010,4,Yên Bái,Provincial,Cultivation,Lúa,,Area_Planted,17438.0,ha,Actual,PL2a
21209599-bd0f-4df4-b4eb-3a630f75d73f,2010,4,Yên Bái,Provincial,Cultivation,Lúa,,Area_Planted,21070.0,ha,Actual,PL2a
bcda0e58-10e1-452d-a586-53bb5f73ea37,2010,4,Yên Bái,Provincial,Cultivation,Ngô,,Area_Planted,7996.0,ha,Actual,PL2a
3b8b06bb-e740-43cc-a047-51a559e5b90a,2010,4,Yên Bái,Provincial,Cultivation,Lúa,,Area_Planted,778.0,ha,Actual,PL2a
f830ccea-8302-4542-a235-ea00b24ab58d,2010,4,Yên Bái,Provincial,Cultivation,Sắn,,Area_Planted,11779.0,ha,Actual,PL2a
699eab20-bf30-4a3c-b40b-e47ac4f00c1d,2010,4,Yên Bái,Provincial,Cultivation,Lúa,,Area_Planted,517.0,ha,Actual,PL2a
f73b8663-8a12-4528-a73f-cda41dedcbdf,2010,4,Thái Nguyên,Provincial,Cultivation,Lúa,,Area_Planted,27974.0,ha,Actual,PL2a
189a98ec-9d2c-4d0b-9103-51048df5f703,2010,4,Thái Nguyên,Provincial,Cultivation,Lúa,,Area_Planted,10397.0,ha,Actual,PL2a
eda2a521-d573-4915-8ef3-83f1946758fe,2010,4,Thái Nguyên,Provincial,Cultivation,Ngô,,Area_Planted,6069.0,ha,Actual,PL2a
0a88e8f8-835e-43e8-bf3a-bc39beffe581,2010,4,Thái Nguyên,Provincial,Cultivation,Lúa,,Area_Planted,1398.0,ha,Actual,PL2a
04495192-7db3-40a0-b125-7d85a3d7e0f5,2010,4,Thái Nguyên,Provincial,Cultivation,Sắn,,Area_Planted,2930.0,ha,Actual,PL2a
687b1aa3-ddf0-4cb2-badf-e0b768b44173,2010,4,Phú Thọ,Provincial,Cultivation,Lúa,,Area_Planted,35506.0,ha,Actual,PL2a
a7ef0f1a-d3eb-4ff8-8b29-3ccc6f7dd7d3,2010,4,Phú Thọ,Provincial,Cultivation,Lúa,,Area_Planted,6900.0,ha,Actual,PL2a
5c365908-6c4a-4c44-9b95-da3c0e452001,2010,4,Phú Thọ,Provincial,Cultivation,Ngô,,Area_Planted,5722.0,ha,Actual,PL2a
bffbc3cf-18ba-429f-ace4-affaecad43d1,2010,4,Phú Thọ,Provincial,Cultivation,Lúa,,Area_Planted,391.0,ha,Actual,PL2a
c1af53aa-3e9f-4afe-8b44-65964cb89cb0,2010,4,Phú Thọ,Provincial,Cultivation,Sắn,,Area_Planted,585.0,ha,Actual,PL2a
c4e671ce-0ff4-4ed8-8803-5ba0ce37e1e9,2010,4,Phú Thọ,Provincial,Cultivation,Lúa,,Area_Planted,202.0,ha,Actual,PL2a
cf0ea261-3f6a-413f-9e44-edbaff447665,2010,4,Bắc Giang,Provincial,Cultivation,Lúa,,Area_Planted,51259.0,ha,Actual,PL2a
7e0541f8-97c3-44c7-8b44-517d22781229,2010,4,Bắc Giang,Provincial,Cultivation,Lúa,,Area_Planted,5234.0,ha,Actual,PL2a
c780e5c8-12ff-4a82-86b8-b58d1b104d4c,2010,4,Bắc Giang,Provincial,Cultivation,Ngô,,Area_Planted,1470.0,ha,Actual,PL2a
247de873-91f9-43b6-a610-484ed4d40562,2010,4,Bắc Giang,Provincial,Cultivation,Lúa,,Area_Planted,1564.0,ha,Actual,PL2a
3b2717ad-986b-4564-b774-f5e4adbf52ed,2010,4,Bắc Giang,Provincial,Cultivation,Sắn,,Area_Planted,2200.0,ha,Actual,PL2a
5c3a8d69-4d00-44c2-8615-44f1ea4bf92d,2010,4,Lai Châu,Provincial,Cultivation,Lúa,,Area_Planted,5414.0,ha,Actual,PL2a
86701fa0-1f03-486c-8756-7992197766eb,2010,4,Lai Châu,Provincial,Cultivation,Lúa,,Area_Planted,13766.0,ha,Actual,PL2a
eb51328b-5df6-43ae-b651-645868ec11dc,2010,4,Lai Châu,Provincial,Cultivation,Ngô,,Area_Planted,8875.0,ha,Actual,PL2a
58cdc638-5530-4670-b7a6-58bf0f588199,2010,4,Lai Châu,Provincial,Cultivation,Sắn,,Area_Planted,4891.0,ha,Actual,PL2a
b5424d51-a103-49dd-8efa-9af954e7e1bf,2010,4,Điện Biên,Provincial,Cultivation,Lúa,,Area_Planted,7862.0,ha,Actual,PL2a
7969c0cb-d77c-4bb2-8d18-3306cabcd484,2010,4,Điện Biên,Provincial,Cultivation,Lúa,,Area_Planted,8500.0,ha,Actual,PL2a
75f83d14-6b17-4dd0-b82c-681419917a0e,2010,4,Điện Biên,Provincial,Cultivation,Ngô,,Area_Planted,4500.0,ha,Actual,PL2a
22a6e113-2794-4140-bad0-6d3aaa96eefc,2010,4,Điện Biên,Provincial,Cultivation,Sắn,,Area_Planted,4000.0,ha,Actual,PL2a
13e8f6b2-1e32-4589-b849-1e21a78be0de,2010,4,Sơn La,Provincial,Cultivation,Lúa,,Area_Planted,8973.0,ha,Actual,PL2a
44288cca-1605-44e4-9e64-ede5d3397cd3,2010,4,Sơn La,Provincial,Cultivation,Lúa,,Area_Planted,26005.0,ha,Actual,PL2a
75de8cb6-26a3-4f62-95fb-cf05a53c7b9f,2010,4,Sơn La,Provincial,Cultivation,Ngô,,Area_Planted,11180.0,ha,Actual,PL2a
dcd71be9-06a9-40f3-b166-062c6c7f8077,2010,4,Sơn La,Provincial,Cultivation,Lúa,,Area_Planted,82.0,ha,Actual,PL2a
3d5909f9-c870-4a05-9900-195b937d7909,2010,4,Sơn La,Provincial,Cultivation,Sắn,,Area_Planted,12500.0,ha,Actual,PL2a
ccb2f417-9756-42d0-993e-911fcfba409a,2010,4,Sơn La,Provincial,Cultivation,Lúa,,Area_Planted,2243.0,ha,Actual,PL2a
a6780bb6-e0ae-45e1-a6a4-27d00603ab49,2010,4,Hoà Bình,Provincial,Cultivation,Lúa,,Area_Planted,15962.0,ha,Actual,PL2a
06e80074-9092-4381-9c5d-bfaa4b4d89ba,2010,4,Hoà Bình,Provincial,Cultivation,Lúa,,Area_Planted,30601.0,ha,Actual,PL2a
7a9c30ee-30f4-44e9-84d7-49677424fafa,2010,4,Hoà Bình,Provincial,Cultivation,Ngô,,Area_Planted,16047.0,ha,Actual,PL2a
d1442d71-04a6-4f7c-ae63-423feaa139c1,2010,4,Hoà Bình,Provincial,Cultivation,Lúa,,Area_Planted,1665.0,ha,Actual,PL2a
b202ed07-31fd-4dbc-80db-aa7c25b862b7,2010,4,Hoà Bình,Provincial,Cultivation,Sắn,,Area_Planted,11311.0,ha,Actual,PL2a
59128537-64d7-437a-a520-de302f673a12,2010,4,Hoà Bình,Provincial,Cultivation,Lúa,,Area_Planted,1578.0,ha,Actual,PL2a
695172cd-1953-434a-a960-0294918462e4,2010,4,Bắc Trung Bộ,Provincial,Cultivation,Lúa,,Area_Planted,338367.0,ha,Actual,PL2a
f56be313-05ab-4573-a92a-4080e42bf541,2010,4,Bắc Trung Bộ,Provincial,Cultivation,Lúa,,Area_Planted,110471.0,ha,Actual,PL2a
eccfaea0-76eb-4ebd-81bb-cdee02863d62,2010,4,Bắc Trung Bộ,Provincial,Cultivation,Ngô,,Area_Planted,47921.0,ha,Actual,PL2a
25252f77-f4ee-4647-b493-0c2a67b96f9f,2010,4,Bắc Trung Bộ,Provincial,Cultivation,Lúa,,Area_Planted,11756.0,ha,Actual,PL2a
3fa48393-3767-4c3a-a29f-1d0f64c19678,2010,4,Bắc Trung Bộ,Provincial,Cultivation,Sắn,,Area_Planted,46032.0,ha,Actual,PL2a
9f3dd4ae-3d9d-4301-a33e-74da2251453d,2010,4,Bắc Trung Bộ,Provincial,Cultivation,Lúa,,Area_Planted,9909.0,ha,Actual,PL2a
d81f44a6-71d9-415e-99f7-add47d4dd11f,2010,4,Thanh Hoá,Provincial,Cultivation,Lúa,,Area_Planted,120198.0,ha,Actual,PL2a
8d327da9-25c7-41f2-83d0-2a0e9a241286,2010,4,Thanh Hoá,Provincial,Cultivation,Lúa,,Area_Planted,34409.0,ha,Actual,PL2a
7fd373ca-fae1-47e9-be76-3dceeae67bf5,2010,4,Thanh Hoá,Provincial,Cultivation,Ngô,,Area_Planted,20000.0,ha,Actual,PL2a
cb6a898b-dee2-4b5d-aad6-df0ecc6a85fb,2010,4,Thanh Hoá,Provincial,Cultivation,Lúa,,Area_Planted,4500.0,ha,Actual,PL2a
96e1f0ab-6914-44f4-a3cd-5d50cfc0eb1e,2010,4,Thanh Hoá,Provincial,Cultivation,Sắn,,Area_Planted,9200.0,ha,Actual,PL2a
dfa0ebd9-d698-4d8f-bde5-2e5fd68730ca,2010,4,Thanh Hoá,Provincial,Cultivation,Lúa,,Area_Planted,709.0,ha,Actual,PL2a
d7fc3649-a48d-4f60-bc64-93373a62317b,2010,4,Nghệ An,Provincial,Cultivation,Lúa,,Area_Planted,86500.0,ha,Actual,PL2a
6b4f8e81-f5e8-430b-a349-217dc36ccab8,2010,4,Nghệ An,Provincial,Cultivation,Lúa,,Area_Planted,37190.0,ha,Actual,PL2a
d42762e2-1e72-4db1-8724-55d8303f3bb6,2010,4,Nghệ An,Provincial,Cultivation,Ngô,,Area_Planted,17400.0,ha,Actual,PL2a
5bb5a432-8e3a-4427-a445-c9d4f200f3bc,2010,4,Nghệ An,Provincial,Cultivation,Lúa,,Area_Planted,2340.0,ha,Actual,PL2a
5160e0df-2fd0-4fcc-a9a1-b0de7c7515a1,2010,4,Nghệ An,Provincial,Cultivation,Sắn,,Area_Planted,16950.0,ha,Actual,PL2a
2b6a2d36-af79-4a6f-a58a-d43820186fb7,2010,4,Nghệ An,Provincial,Cultivation,Lúa,,Area_Planted,500.0,ha,Actual,PL2a
cd9940c1-2b1b-4c85-8bf5-2ac5e856a2b2,2010,4,Hà Tĩnh,Provincial,Cultivation,Lúa,,Area_Planted,53108.0,ha,Actual,PL2a
1240c088-3e97-49e0-953b-22664eb286e2,2010,4,Hà Tĩnh,Provincial,Cultivation,Lúa,,Area_Planted,5179.0,ha,Actual,PL2a
453053c1-8cb0-4ed5-bc30-f893c2e21e74,2010,4,Hà Tĩnh,Provincial,Cultivation,Ngô,,Area_Planted,2426.0,ha,Actual,PL2a
82529c4f-6023-4e8c-bfda-7f9d4cce07e0,2010,4,Hà Tĩnh,Provincial,Cultivation,Lúa,,Area_Planted,2750.0,ha,Actual,PL2a
6a281890-c082-457a-bbad-36ae6f574b8b,2010,4,Quảng Bình,Provincial,Cultivation,Lúa,,Area_Planted,27646.0,ha,Actual,PL2a
c1c9b103-5a46-440b-8fb5-9fc15e742a74,2010,4,Quảng Bình,Provincial,Cultivation,Lúa,,Area_Planted,13258.0,ha,Actual,PL2a
3ec70b32-6cd5-4eb8-9eb2-460a89ca80bf,2010,4,Quảng Bình,Provincial,Cultivation,Ngô,,Area_Planted,4110.0,ha,Actual,PL2a
31d36f3f-1519-48d6-ae77-165737bd5c3c,2010,4,Quảng Bình,Provincial,Cultivation,Lúa,,Area_Planted,1416.0,ha,Actual,PL2a
8c7ad5ad-6f06-490d-9bf9-acd9b6fa95e6,2010,4,Quảng Bình,Provincial,Cultivation,Sắn,,Area_Planted,5782.0,ha,Actual,PL2a
c6956060-5352-468d-8147-dcee16ce2b8e,2010,4,Quảng Bình,Provincial,Cultivation,Lúa,,Area_Planted,1950.0,ha,Actual,PL2a
324cf584-a6c0-4438-89e3-d3135a47fbae,2010,4,Quảng Trị,Provincial,Cultivation,Lúa,,Area_Planted,23763.0,ha,Actual,PL2a
c28ebebc-c926-4a7e-b079-318e1e2fb462,2010,4,Quảng Trị,Provincial,Cultivation,Lúa,,Area_Planted,12185.0,ha,Actual,PL2a
b6ad4a26-8000-4add-9439-a84dc2f2db9f,2010,4,Quảng Trị,Provincial,Cultivation,Ngô,,Area_Planted,2185.0,ha,Actual,PL2a
555ed0c0-8ea4-4f4f-a4d7-e65836bfe76b,2010,4,Quảng Trị,Provincial,Cultivation,Sắn,,Area_Planted,8000.0,ha,Actual,PL2a
f071ee8f-1dde-41a8-ad0d-c5822407cece,2010,4,Quảng Trị,Provincial,Cultivation,Lúa,,Area_Planted,2000.0,ha,Actual,PL2a
93ac19a8-897c-4ee4-9d19-2e5bc742970e,2010,4,Thừa Thiên Huế,Provincial,Cultivation,Lúa,,Area_Planted,27152.0,ha,Actual,PL2a
a8f96438-9866-489b-8c8f-8467c2954ef9,2010,4,Thừa Thiên Huế,Provincial,Cultivation,Lúa,,Area_Planted,8250.0,ha,Actual,PL2a
9e5b5c19-4534-4c07-a750-826b82921a91,2010,4,Thừa Thiên Huế,Provincial,Cultivation,Ngô,,Area_Planted,1800.0,ha,Actual,PL2a
5eabf6eb-e5f9-4bc0-aae0-0774c1b7450a,2010,4,Thừa Thiên Huế,Provincial,Cultivation,Lúa,,Area_Planted,3500.0,ha,Actual,PL2a
64e1ba26-4d87-4031-9db9-a7254e6c41b2,2010,4,Thừa Thiên Huế,Provincial,Cultivation,Sắn,,Area_Planted,6100.0,ha,Actual,PL2a
fc2ab225-1523-471d-8707-146aa2fc66f5,2010,4,Thừa Thiên Huế,Provincial,Cultivation,Lúa,,Area_Planted,2000.0,ha,Actual,PL2a
0b04a8e9-6a1a-49de-a79f-f841b3aedc43,2010,4,Miền Nam,Regional,Cultivation,Lúa,,Area_Planted,1935918.0,ha,Actual,PL2b
bf4a6d49-447c-4e98-a1e2-25263c93c030,2010,4,Miền Nam,Regional,Cultivation,Lúa,,Area_Planted,1745686.0,ha,Actual,PL2b
6e094a88-bb77-4f01-8864-4d1510b63993,2010,4,Miền Nam,Regional,Cultivation,Lúa,,Area_Planted,90.2,ha,Actual,PL2b
585c1ef3-3b58-40b2-af58-de2b2cb7a351,2010,4,Miền Nam,Regional,Cultivation,Lúa,,Area_Planted,699253.0,ha,Actual,PL2b
99af1543-1e54-42e9-89d6-e00545a18fbc,2010,4,Miền Nam,Regional,Cultivation,Lúa,,Area_Planted,134490.0,ha,Actual,PL2b
6765a027-0e6b-407e-ac62-7bd1d906dd56,2010,4,Miền Nam,Regional,Cultivation,Lúa,,Area_Planted,67141.0,ha,Actual,PL2b
a3496364-d996-4d13-a9b2-fb9f8225d781,2010,4,Miền Nam,Regional,Cultivation,Lúa,,Area_Planted,9930.0,ha,Actual,PL2b
bb6f6b05-b11e-4c40-b7b0-8964bfb91c86,2010,4,Miền Nam,Regional,Cultivation,Lúa,,Area_Planted,51065.0,ha,Actual,PL2b
1568fa75-0c90-4ff3-b1db-459798fd6367,2010,4,Miền Nam,Regional,Cultivation,Lúa,,Area_Planted,6354.0,ha,Actual,PL2b
2388b9ea-7dc0-445a-a236-faf61e69cf85,2010,4,D.H Nam trung bộ,Provincial,Cultivation,Lúa,,Area_Planted,186308.0,ha,Actual,PL2b
1e300a80-feb2-41e3-bd31-054ab73dbd67,2010,4,D.H Nam trung bộ,Provincial,Cultivation,Lúa,,Area_Planted,97432.0,ha,Actual,PL2b
d7a235ac-236e-4fc8-8f7e-e9c18ca85fb8,2010,4,D.H Nam trung bộ,Provincial,Cultivation,Lúa,,Area_Planted,52.3,ha,Actual,PL2b
8ddfe007-5cb5-4bb5-8393-63ee97e83817,2010,4,D.H Nam trung bộ,Provincial,Cultivation,Lúa,,Area_Planted,19830.0,ha,Actual,PL2b
f59ff766-1a15-4360-9e50-0f575ffab646,2010,4,D.H Nam trung bộ,Provincial,Cultivation,Lúa,,Area_Planted,42864.0,ha,Actual,PL2b
62667150-4c62-484c-93db-9155c04b3b24,2010,4,D.H Nam trung bộ,Provincial,Cultivation,Lúa,,Area_Planted,16196.0,ha,Actual,PL2b
c59ab882-2708-47f9-859e-da0f8de6dc34,2010,4,D.H Nam trung bộ,Provincial,Cultivation,Lúa,,Area_Planted,2452.0,ha,Actual,PL2b
8f75b7ae-c584-4bdd-957d-8f5f445b1c0a,2010,4,D.H Nam trung bộ,Provincial,Cultivation,Lúa,,Area_Planted,24216.0,ha,Actual,PL2b
a0b34a02-fb6e-4450-a41e-a82ff73abc4d,2010,4,TP Đà Nẵng,Provincial,Cultivation,Lúa,,Area_Planted,4000.0,ha,Actual,PL2b
9b6e8a8d-0314-4a97-a894-b93d61377506,2010,4,TP Đà Nẵng,Provincial,Cultivation,Lúa,,Area_Planted,54.0,ha,Actual,PL2b
b3982989-05d3-4a95-824e-85bace4a454d,2010,4,TP Đà Nẵng,Provincial,Cultivation,Lúa,,Area_Planted,1.4,ha,Actual,PL2b
604a8649-e5da-4a11-a2f4-b1d1d79b5f2c,2010,4,TP Đà Nẵng,Provincial,Cultivation,Lúa,,Area_Planted,853.0,ha,Actual,PL2b
01de22fc-2ab7-42c9-84f7-b7333ec04643,2010,4,TP Đà Nẵng,Provincial,Cultivation,Lúa,,Area_Planted,323.0,ha,Actual,PL2b
1c3033a6-ce6c-4658-acdc-ceee8a4c4acc,2010,4,TP Đà Nẵng,Provincial,Cultivation,Lúa,,Area_Planted,268.0,ha,Actual,PL2b
d50de098-c229-443c-b32d-d5fea4c24733,2010,4,TP Đà Nẵng,Provincial,Cultivation,Lúa,,Area_Planted,262.0,ha,Actual,PL2b
871b0d2a-4e33-4033-851c-265272bb1b16,2010,4,Quảng Nam,Provincial,Cultivation,Lúa,,Area_Planted,52912.0,ha,Actual,PL2b
3b4751fa-ca92-4313-a80e-9409142973c5,2010,4,Quảng Nam,Provincial,Cultivation,Lúa,,Area_Planted,9700.0,ha,Actual,PL2b
b921e161-5a02-4291-8e11-9df6ebf3def7,2010,4,Quảng Nam,Provincial,Cultivation,Lúa,,Area_Planted,18.3,ha,Actual,PL2b
23be7147-6b2a-4876-acff-a28d580d1bf7,2010,4,Quảng Nam,Provincial,Cultivation,Lúa,,Area_Planted,15995.0,ha,Actual,PL2b
11532367-759c-4be3-8712-732a7fc64061,2010,4,Quảng Nam,Provincial,Cultivation,Lúa,,Area_Planted,5960.0,ha,Actual,PL2b
6dee1fe9-2e48-4c39-b603-8815d6d26607,2010,4,Quảng Nam,Provincial,Cultivation,Lúa,,Area_Planted,115.0,ha,Actual,PL2b
eac5240c-bc7f-48d5-97ad-c4c3c8e1b8a0,2010,4,Quảng Nam,Provincial,Cultivation,Lúa,,Area_Planted,9920.0,ha,Actual,PL2b
796419ff-b6ee-4436-ba79-278ea28a70c9,2010,4,Quảng Ngãi,Provincial,Cultivation,Lúa,,Area_Planted,36664.0,ha,Actual,PL2b
cbf0f785-112e-4dd5-a708-a7303c46a0e4,2010,4,Quảng Ngãi,Provincial,Cultivation,Lúa,,Area_Planted,9057.0,ha,Actual,PL2b
d819da8c-2b1e-4d0d-aa6a-24ad8318cc2e,2010,4,Quảng Ngãi,Provincial,Cultivation,Lúa,,Area_Planted,24.7,ha,Actual,PL2b
acae4067-2b69-4bb5-a1b7-6631ff922e6f,2010,4,Quảng Ngãi,Provincial,Cultivation,Lúa,,Area_Planted,9841.0,ha,Actual,PL2b
f0ed1ea9-bdb2-4932-bc8d-f208fc9d0ce5,2010,4,Quảng Ngãi,Provincial,Cultivation,Lúa,,Area_Planted,4920.0,ha,Actual,PL2b
0933ad46-dd91-4190-b911-d6fee78fcb7c,2010,4,Quảng Ngãi,Provincial,Cultivation,Lúa,,Area_Planted,1900.0,ha,Actual,PL2b
44d55d2b-861a-4e7c-a9e2-43af2f8999da,2010,4,Quảng Ngãi,Provincial,Cultivation,Lúa,,Area_Planted,3021.0,ha,Actual,PL2b
931f9f08-c1f2-4eb2-a43e-6265e772cbad,2010,4,Bình Định,Provincial,Cultivation,Lúa,,Area_Planted,47421.0,ha,Actual,PL2b
7060ffa0-3d2e-4dea-a42a-9861fab54148,2010,4,Bình Định,Provincial,Cultivation,Lúa,,Area_Planted,42741.0,ha,Actual,PL2b
518d19eb-313d-438d-ac83-a8b4fe8baf9c,2010,4,Bình Định,Provincial,Cultivation,Lúa,,Area_Planted,90.1,ha,Actual,PL2b
8807cbb2-4bee-42a0-b996-f3167d05a5d0,2010,4,Bình Định,Provincial,Cultivation,Lúa,,Area_Planted,19830.0,ha,Actual,PL2b
5944d43c-02c7-40c6-992d-3484673b34d9,2010,4,Bình Định,Provincial,Cultivation,Lúa,,Area_Planted,9869.0,ha,Actual,PL2b
00861ccf-e1a3-42d2-8b52-b772e1156de5,2010,4,Bình Định,Provincial,Cultivation,Lúa,,Area_Planted,1877.0,ha,Actual,PL2b
ee61b7c0-4f82-429f-b318-d77c25872187,2010,4,Bình Định,Provincial,Cultivation,Lúa,,Area_Planted,7992.0,ha,Actual,PL2b
36017aac-71c6-4776-9564-099f7f19ce79,2010,4,Phú Yên,Provincial,Cultivation,Lúa,,Area_Planted,25931.0,ha,Actual,PL2b
4a3d8f39-e37b-4b29-b5bf-a4605b6cc43b,2010,4,Phú Yên,Provincial,Cultivation,Lúa,,Area_Planted,16500.0,ha,Actual,PL2b
8cea9753-b3f7-4795-a543-86be291d8c66,2010,4,Phú Yên,Provincial,Cultivation,Lúa,,Area_Planted,63.6,ha,Actual,PL2b
665d9214-72d0-40a2-a2c9-dac0781eb350,2010,4,Phú Yên,Provincial,Cultivation,Lúa,,Area_Planted,5266.0,ha,Actual,PL2b
903c80a0-58e5-4729-b2de-6868f210f51b,2010,4,Phú Yên,Provincial,Cultivation,Lúa,,Area_Planted,2076.0,ha,Actual,PL2b
0e0b0e87-0e39-4934-8a76-0deb9ec3e208,2010,4,Phú Yên,Provincial,Cultivation,Lúa,,Area_Planted,169.0,ha,Actual,PL2b
92a01924-40be-46b5-8549-f37b072235a4,2010,4,Phú Yên,Provincial,Cultivation,Lúa,,Area_Planted,3021.0,ha,Actual,PL2b
b71e77a0-b083-48e3-8fd6-8151c988493e,2010,4,Khánh Hoà,Provincial,Cultivation,Lúa,,Area_Planted,19380.0,ha,Actual,PL2b
631fd575-cd6a-44ab-8f9e-7ebb20007eb0,2010,4,Khánh Hoà,Provincial,Cultivation,Lúa,,Area_Planted,19380.0,ha,Actual,PL2b
16caed52-7d45-48b9-a6c8-b6fe7308a2d2,2010,4,Khánh Hoà,Provincial,Cultivation,Lúa,,Area_Planted,100.0,ha,Actual,PL2b
0352d3f5-eca7-4c92-b67c-bcf69984abcd,2010,4,Khánh Hoà,Provincial,Cultivation,Lúa,,Area_Planted,1040.0,ha,Actual,PL2b
dc3c7e09-5186-46b2-8c2a-712ece8d0fa1,2010,4,Khánh Hoà,Provincial,Cultivation,Lúa,,Area_Planted,1040.0,ha,Actual,PL2b
6fdfe35e-1100-4de4-80a2-27005ce4496a,2010,4,Tây Nguyên,Provincial,Cultivation,Lúa,,Area_Planted,74161.0,ha,Actual,PL2b
7b6d8e0e-aae9-4b32-87ce-13a3a86ea5cf,2010,4,Tây Nguyên,Provincial,Cultivation,Lúa,,Area_Planted,21772.0,ha,Actual,PL2b
51942ffc-3f6f-41f5-b30d-9688aa7df29c,2010,4,Tây Nguyên,Provincial,Cultivation,Lúa,,Area_Planted,29.4,ha,Actual,PL2b
27848c9e-f7ce-4136-bd73-9da42fe715c8,2010,4,Tây Nguyên,Provincial,Cultivation,Lúa,,Area_Planted,1168.0,ha,Actual,PL2b
29492471-cc72-4a46-9bc5-19e6368efe40,2010,4,Tây Nguyên,Provincial,Cultivation,Lúa,,Area_Planted,18294.0,ha,Actual,PL2b
9754bc40-f3c4-43a8-8cdc-eb45fba49dcd,2010,4,Tây Nguyên,Provincial,Cultivation,Lúa,,Area_Planted,11659.0,ha,Actual,PL2b
028a86c3-676c-4a0a-8942-ee72541f2fbc,2010,4,Tây Nguyên,Provincial,Cultivation,Lúa,,Area_Planted,1735.0,ha,Actual,PL2b
fe7b4f3f-fe39-4f88-b63d-efb56ca8e6c0,2010,4,Tây Nguyên,Provincial,Cultivation,Lúa,,Area_Planted,4900.0,ha,Actual,PL2b
19ec8a7b-a41a-4161-add1-85ace55494c9,2010,4,Kon Tum,Provincial,Cultivation,Lúa,,Area_Planted,6583.0,ha,Actual,PL2b
5512b4e3-d8b8-4eb1-ad4c-c017b2020367,2010,4,Kon Tum,Provincial,Cultivation,Lúa,,Area_Planted,606.0,ha,Actual,PL2b
77e155b1-c0a2-402e-9b3b-471d555b1e5c,2010,4,Kon Tum,Provincial,Cultivation,Lúa,,Area_Planted,606.0,ha,Actual,PL2b
e3ca6270-2263-4f1a-a5c7-6a4f1cca39de,2010,4,Gia Lai,Provincial,Cultivation,Lúa,,Area_Planted,23998.0,ha,Actual,PL2b
140272c2-894b-462d-b18e-d838fd0e089b,2010,4,Gia Lai,Provincial,Cultivation,Lúa,,Area_Planted,4799.0,ha,Actual,PL2b
e6417e8e-08fd-4822-9152-236440c1055f,2010,4,Gia Lai,Provincial,Cultivation,Lúa,,Area_Planted,20.0,ha,Actual,PL2b
d978a1a8-f059-4682-9a4b-8de0e49ceaad,2010,4,Gia Lai,Provincial,Cultivation,Lúa,,Area_Planted,9040.0,ha,Actual,PL2b
0dfa6e1a-0646-4003-bc51-1897e9798663,2010,4,Gia Lai,Provincial,Cultivation,Lúa,,Area_Planted,4417.0,ha,Actual,PL2b
2d84f506-52f6-442f-b2e5-4ce53758a909,2010,4,Gia Lai,Provincial,Cultivation,Lúa,,Area_Planted,340.0,ha,Actual,PL2b
2b4b620f-a66f-4b54-9180-66279859f31f,2010,4,Gia Lai,Provincial,Cultivation,Lúa,,Area_Planted,4283.0,ha,Actual,PL2b
23a6213f-39ee-4565-b542-3cc0559f7aac,2010,4,Đắc Lắc,Provincial,Cultivation,Lúa,,Area_Planted,29019.0,ha,Actual,PL2b
aa09b5ba-c840-4186-808c-b96dd94b9953,2010,4,Đắc Lắc,Provincial,Cultivation,Lúa,,Area_Planted,10064.0,ha,Actual,PL2b
39c38c07-e5b2-4a97-b9b3-ec67ab14511e,2010,4,Đắc Lắc,Provincial,Cultivation,Lúa,,Area_Planted,34.7,ha,Actual,PL2b
b86e3c86-2ff9-43c5-8282-5a69fa56a9bc,2010,4,Đắc Lắc,Provincial,Cultivation,Lúa,,Area_Planted,4181.0,ha,Actual,PL2b
6a8eeeaf-9979-4a03-be21-3c9e0fdfb033,2010,4,Đắc Lắc,Provincial,Cultivation,Lúa,,Area_Planted,2938.0,ha,Actual,PL2b
2a74c8c0-a382-4a4f-8d60-6b1d65096ac9,2010,4,Đắc Lắc,Provincial,Cultivation,Lúa,,Area_Planted,626.0,ha,Actual,PL2b
74d4b6e6-80a1-4515-91ab-a33b70214959,2010,4,Đắc Lắc,Provincial,Cultivation,Lúa,,Area_Planted,617.0,ha,Actual,PL2b
c0825f25-57e2-49fb-9a17-ec1163e86eee,2010,4,Đắc Nông,Provincial,Cultivation,Lúa,,Area_Planted,3853.0,ha,Actual,PL2b
c917b8d5-137e-4967-a9f8-4250328adfe1,2010,4,Đắc Nông,Provincial,Cultivation,Lúa,,Area_Planted,1046.0,ha,Actual,PL2b
32007a78-7a43-4ad8-a15b-323ec679eb19,2010,4,Đắc Nông,Provincial,Cultivation,Lúa,,Area_Planted,27.1,ha,Actual,PL2b
dba35014-5b14-4d3f-9119-0f4b2824edf5,2010,4,Đắc Nông,Provincial,Cultivation,Lúa,,Area_Planted,3482.0,ha,Actual,PL2b
bc72e0a1-c07f-4041-afb9-02457ce8c5d9,2010,4,Đắc Nông,Provincial,Cultivation,Lúa,,Area_Planted,2713.0,ha,Actual,PL2b
00af0577-119b-4296-bdea-2b35909d8f34,2010,4,Đắc Nông,Provincial,Cultivation,Lúa,,Area_Planted,769.0,ha,Actual,PL2b
811e3e1e-f978-4aff-a2f2-a4c44a525c72,2010,4,Lâm Đồng,Provincial,Cultivation,Lúa,,Area_Planted,10708.0,ha,Actual,PL2b
a58c92f3-9211-40c2-aa77-c86952ab5b61,2010,4,Lâm Đồng,Provincial,Cultivation,Lúa,,Area_Planted,5863.0,ha,Actual,PL2b
7300a567-4db8-4648-878c-50f7a3093fa3,2010,4,Lâm Đồng,Provincial,Cultivation,Lúa,,Area_Planted,54.8,ha,Actual,PL2b
8c82c7f5-5f63-42dc-aba0-29c7efcf2c6d,2010,4,Lâm Đồng,Provincial,Cultivation,Lúa,,Area_Planted,1168.0,ha,Actual,PL2b
3c441a74-2d28-4141-9fb6-3edca7322360,2010,4,Lâm Đồng,Provincial,Cultivation,Lúa,,Area_Planted,985.0,ha,Actual,PL2b
33840bb2-595d-4693-8985-560c44111bfb,2010,4,Lâm Đồng,Provincial,Cultivation,Lúa,,Area_Planted,985.0,ha,Actual,PL2b
a8bbefd9-17ee-44f4-b7d7-a937296c9335,2010,4,Đông Nam Bộ,Provincial,Cultivation,Lúa,,Area_Planted,114037.0,ha,Actual,PL2b
31238766-a1cf-433a-b959-4570831cab96,2010,4,Đông Nam Bộ,Provincial,Cultivation,Lúa,,Area_Planted,92197.0,ha,Actual,PL2b
c0f010c5-7a0c-4510-931d-d8d5661bae5b,2010,4,Đông Nam Bộ,Provincial,Cultivation,Lúa,,Area_Planted,80.8,ha,Actual,PL2b
a65e52c9-4255-48ef-8162-db34894775a2,2010,4,Đông Nam Bộ,Provincial,Cultivation,Lúa,,Area_Planted,7999.0,ha,Actual,PL2b
bf522d2b-0218-41b0-a4f2-1a7a9ce4c55a,2010,4,Đông Nam Bộ,Provincial,Cultivation,Lúa,,Area_Planted,44188.0,ha,Actual,PL2b
1656be3d-780c-4f8a-84f8-e75a3aeb97a8,2010,4,Đông Nam Bộ,Provincial,Cultivation,Lúa,,Area_Planted,19652.0,ha,Actual,PL2b
7226eb0b-048a-4c40-a31b-e7b2f4428d3e,2010,4,Đông Nam Bộ,Provincial,Cultivation,Lúa,,Area_Planted,365.0,ha,Actual,PL2b
5bd765c9-a6ad-467f-920e-4afb9c3398cf,2010,4,Đông Nam Bộ,Provincial,Cultivation,Lúa,,Area_Planted,20469.0,ha,Actual,PL2b
e8d7b4bd-679d-4592-acb1-26ac84899feb,2010,4,Đông Nam Bộ,Provincial,Cultivation,Lúa,,Area_Planted,3702.0,ha,Actual,PL2b
ef8d263b-1d7d-43e1-966f-ac3cb7e5ca07,2010,4,TP Hồ Chí Minh,Provincial,Cultivation,Lúa,,Area_Planted,6637.0,ha,Actual,PL2b
cfe43431-6536-46d4-ae40-bd734d95ae94,2010,4,TP Hồ Chí Minh,Provincial,Cultivation,Lúa,,Area_Planted,3111.0,ha,Actual,PL2b
a784280f-16f5-49f1-8533-85ff46d468a7,2010,4,TP Hồ Chí Minh,Provincial,Cultivation,Lúa,,Area_Planted,46.9,ha,Actual,PL2b
5bced0b5-ddd1-430d-85c5-ee441dabcd04,2010,4,TP Hồ Chí Minh,Provincial,Cultivation,Lúa,,Area_Planted,774.0,ha,Actual,PL2b
6ab11391-8b44-4e5a-be2d-feb2b8e54de6,2010,4,TP Hồ Chí Minh,Provincial,Cultivation,Lúa,,Area_Planted,774.0,ha,Actual,PL2b
265de403-6e74-4445-bc7e-49dd06fe2446,2010,4,Ninh Thuận,Provincial,Cultivation,Lúa,,Area_Planted,13104.0,ha,Actual,PL2b
03d52110-0096-484e-bd99-f82734c7502a,2010,4,Ninh Thuận,Provincial,Cultivation,Lúa,,Area_Planted,7173.0,ha,Actual,PL2b
86374faa-cf83-4077-8c1d-87313b8e7333,2010,4,Ninh Thuận,Provincial,Cultivation,Lúa,,Area_Planted,54.7,ha,Actual,PL2b
e97cfbe1-8d09-4fdb-9027-c7f5da1ede93,2010,4,Ninh Thuận,Provincial,Cultivation,Lúa,,Area_Planted,2264.0,ha,Actual,PL2b
2f5910d7-e70d-424a-8fa0-b3c1003d8c1d,2010,4,Ninh Thuận,Provincial,Cultivation,Lúa,,Area_Planted,2264.0,ha,Actual,PL2b
dc029fc6-a7a9-4b69-a230-f4e3efeada27,2010,4,Bình Phước,Provincial,Cultivation,Lúa,,Area_Planted,2897.0,ha,Actual,PL2b
8b7e211a-6db3-44f0-a39e-bf25e0e784db,2010,4,Bình Phước,Provincial,Cultivation,Lúa,,Area_Planted,2897.0,ha,Actual,PL2b
efd0e90f-fd79-4b91-a47f-916573c8ab98,2010,4,Bình Phước,Provincial,Cultivation,Lúa,,Area_Planted,100.0,ha,Actual,PL2b
c600e3fe-531a-438a-a19e-7e68d8207b17,2010,4,Bình Phước,Provincial,Cultivation,Lúa,,Area_Planted,989.0,ha,Actual,PL2b
79cffa85-529a-4da0-82fe-938a2bd0a9f6,2010,4,Bình Phước,Provincial,Cultivation,Lúa,,Area_Planted,526.0,ha,Actual,PL2b
b4914946-6413-43f0-af1b-32addf7cd505,2010,4,Bình Phước,Provincial,Cultivation,Lúa,,Area_Planted,149.0,ha,Actual,PL2b
951ff67c-023b-4b0d-9696-0b0ebea30282,2010,4,Bình Phước,Provincial,Cultivation,Lúa,,Area_Planted,314.0,ha,Actual,PL2b
637b6b46-7f12-4055-b284-7d8a117be6f5,2010,4,Tây Ninh,Provincial,Cultivation,Lúa,,Area_Planted,45247.0,ha,Actual,PL2b
10393ce9-eaaa-4f7e-bb55-8db341787fcc,2010,4,Tây Ninh,Provincial,Cultivation,Lúa,,Area_Planted,39360.0,ha,Actual,PL2b
0e9d3c3a-77d2-40ea-a723-749e620ac943,2010,4,Tây Ninh,Provincial,Cultivation,Lúa,,Area_Planted,87.0,ha,Actual,PL2b
8da3ded9-69e4-4b03-bab2-956774364b42,2010,4,Tây Ninh,Provincial,Cultivation,Lúa,,Area_Planted,7999.0,ha,Actual,PL2b
7c01cba3-2b71-4f5e-b566-befd7157e1d4,2010,4,Tây Ninh,Provincial,Cultivation,Lúa,,Area_Planted,24094.0,ha,Actual,PL2b
7f836ce3-c689-471c-82aa-de7575b23925,2010,4,Tây Ninh,Provincial,Cultivation,Lúa,,Area_Planted,3745.0,ha,Actual,PL2b
6457a8fa-9ab9-4bb8-af54-4a608b68295b,2010,4,Tây Ninh,Provincial,Cultivation,Lúa,,Area_Planted,17058.0,ha,Actual,PL2b
421f0a8b-2b19-48e5-8c31-2fa7d5587686,2010,4,Tây Ninh,Provincial,Cultivation,Lúa,,Area_Planted,3291.0,ha,Actual,PL2b
31b0a15b-4340-41c5-8971-f41c9c122a1f,2010,4,Bình Dương,Provincial,Cultivation,Lúa,,Area_Planted,2546.0,ha,Actual,PL2b
65d2629d-4eef-4834-b6ec-02db2724cd66,2010,4,Bình Dương,Provincial,Cultivation,Lúa,,Area_Planted,1700.0,ha,Actual,PL2b
430cd862-f1bb-4874-b459-697c38b0ba82,2010,4,Bình Dương,Provincial,Cultivation,Lúa,,Area_Planted,66.8,ha,Actual,PL2b
a88d27f4-8843-4af5-83c0-8e45a16eca52,2010,4,Bình Dương,Provincial,Cultivation,Lúa,,Area_Planted,1927.0,ha,Actual,PL2b
a526e347-68de-4c07-a1ee-074f7a7c32b9,2010,4,Bình Dương,Provincial,Cultivation,Lúa,,Area_Planted,141.0,ha,Actual,PL2b
888e3b85-ce79-4c37-8faa-2b181dda8655,2010,4,Bình Dương,Provincial,Cultivation,Lúa,,Area_Planted,171.0,ha,Actual,PL2b
071d4b9d-872c-4535-bc16-4700fd94fcc6,2010,4,Bình Dương,Provincial,Cultivation,Lúa,,Area_Planted,1204.0,ha,Actual,PL2b
4d59f673-d161-434b-9fa5-a0f6964f646a,2010,4,Bình Dương,Provincial,Cultivation,Lúa,,Area_Planted,411.0,ha,Actual,PL2b
ed21f881-a1c4-4022-b185-641d8ba02ae4,2010,4,Đồng Nai,Provincial,Cultivation,Lúa,,Area_Planted,14565.0,ha,Actual,PL2b
3eeb52db-834e-4936-b337-874f3ff8e93a,2010,4,Đồng Nai,Provincial,Cultivation,Lúa,,Area_Planted,9921.0,ha,Actual,PL2b
8f50f2f7-1ac9-480a-ad70-4527f97f2bde,2010,4,Đồng Nai,Provincial,Cultivation,Lúa,,Area_Planted,68.1,ha,Actual,PL2b
803d395c-5d33-4254-abfe-65a9518ae481,2010,4,Đồng Nai,Provincial,Cultivation,Lúa,,Area_Planted,9593.0,ha,Actual,PL2b
f792f6ab-8099-4b24-92fc-0e58d4c87723,2010,4,Đồng Nai,Provincial,Cultivation,Lúa,,Area_Planted,8055.0,ha,Actual,PL2b
ed2e68d1-3b9d-4b2b-a279-60b78271357f,2010,4,Đồng Nai,Provincial,Cultivation,Lúa,,Area_Planted,1538.0,ha,Actual,PL2b
59287de2-cb19-4201-9591-64c084b371e6,2010,4,Bình Thuận,Provincial,Cultivation,Lúa,,Area_Planted,23787.0,ha,Actual,PL2b
bcadc228-67d5-4f1a-b062-e0c2fa84aac4,2010,4,Bình Thuận,Provincial,Cultivation,Lúa,,Area_Planted,22781.0,ha,Actual,PL2b
f3a90f2e-7ad8-42de-b206-163761cfb52c,2010,4,Bình Thuận,Provincial,Cultivation,Lúa,,Area_Planted,95.8,ha,Actual,PL2b
75aca0be-6f53-43a1-bd63-8efc8b2e9ef0,2010,4,Bình Thuận,Provincial,Cultivation,Lúa,,Area_Planted,3399.0,ha,Actual,PL2b
e8fd7f70-c1af-43eb-ab10-e257cc522b3b,2010,4,Bình Thuận,Provincial,Cultivation,Lúa,,Area_Planted,3115.0,ha,Actual,PL2b
3dceae9e-eb74-4615-b8d5-24388a6081f2,2010,4,Bình Thuận,Provincial,Cultivation,Lúa,,Area_Planted,284.0,ha,Actual,PL2b
cf479789-f84f-4f21-a990-9f2234eb1bc7,2010,4,Bà Rịa-V.Tàu,Provincial,Cultivation,Lúa,,Area_Planted,5254.0,ha,Actual,PL2b
83accdcf-5cf0-45f4-a3d7-b226aa3a1aea,2010,4,Bà Rịa-V.Tàu,Provincial,Cultivation,Lúa,,Area_Planted,5254.0,ha,Actual,PL2b
79a4198d-dd87-4384-912a-1b04e5c6ed77,2010,4,Bà Rịa-V.Tàu,Provincial,Cultivation,Lúa,,Area_Planted,100.0,ha,Actual,PL2b
5911ef9b-da4a-459e-b1a8-ee7d0e9c8b17,2010,4,Bà Rịa-V.Tàu,Provincial,Cultivation,Lúa,,Area_Planted,1148.0,ha,Actual,PL2b
8c586f9b-7a96-4d80-9492-8eb0144c5e15,2010,4,Bà Rịa-V.Tàu,Provincial,Cultivation,Lúa,,Area_Planted,1032.0,ha,Actual,PL2b
b9568a46-bba5-44a2-bb9c-0f7d442d57cb,2010,4,Bà Rịa-V.Tàu,Provincial,Cultivation,Lúa,,Area_Planted,45.0,ha,Actual,PL2b
6cf1377a-f7ff-45aa-b5a3-75762342c99e,2010,4,Bà Rịa-V.Tàu,Provincial,Cultivation,Lúa,,Area_Planted,71.0,ha,Actual,PL2b
6532b078-39b6-4899-8d51-162899939a35,2010,4,ĐBS Cửu Long,Provincial,Cultivation,Lúa,,Area_Planted,1561412.0,ha,Actual,PL2b
05da123a-d39f-4164-ad5f-662d39c5c5a1,2010,4,ĐBS Cửu Long,Provincial,Cultivation,Lúa,,Area_Planted,1534285.0,ha,Actual,PL2b
4d44fcb4-db37-49a3-bbbd-76706e46b9bc,2010,4,ĐBS Cửu Long,Provincial,Cultivation,Lúa,,Area_Planted,98.3,ha,Actual,PL2b
ff73d138-6df4-42ae-8867-0221146cdbd7,2010,4,ĐBS Cửu Long,Provincial,Cultivation,Lúa,,Area_Planted,670256.0,ha,Actual,PL2b
31347936-0fe9-405b-80c2-bf5ddf7a5051,2010,4,ĐBS Cửu Long,Provincial,Cultivation,Lúa,,Area_Planted,29144.0,ha,Actual,PL2b
d4fd1e36-9921-4445-8bd4-a6f9fc544937,2010,4,ĐBS Cửu Long,Provincial,Cultivation,Lúa,,Area_Planted,19634.0,ha,Actual,PL2b
3829e56b-a8ca-4039-a136-168f61e9c076,2010,4,ĐBS Cửu Long,Provincial,Cultivation,Lúa,,Area_Planted,5378.0,ha,Actual,PL2b
059bdd7c-3f73-4fd7-83a4-e41ab77a92df,2010,4,ĐBS Cửu Long,Provincial,Cultivation,Lúa,,Area_Planted,1480.0,ha,Actual,PL2b
0283a6a0-6bd0-4e3e-ad3c-90d628291bef,2010,4,ĐBS Cửu Long,Provincial,Cultivation,Lúa,,Area_Planted,2652.0,ha,Actual,PL2b
3309c71c-e2df-4d6d-84ee-d9e16518d79b,2010,4,Long An,Provincial,Cultivation,Lúa,,Area_Planted,251025.0,ha,Actual,PL2b
f2b9ef38-9930-44af-89e2-d9af586d4d3d,2010,4,Long An,Provincial,Cultivation,Lúa,,Area_Planted,251025.0,ha,Actual,PL2b
a57e54b5-e851-4736-9102-c2e22f32c93d,2010,4,Long An,Provincial,Cultivation,Lúa,,Area_Planted,100.0,ha,Actual,PL2b
9debd8d5-c62c-48e6-9b8c-e63b26eaba2c,2010,4,Long An,Provincial,Cultivation,Lúa,,Area_Planted,63691.0,ha,Actual,PL2b
5fa39cc7-0f94-45f3-b789-73f802163b1f,2010,4,Long An,Provincial,Cultivation,Lúa,,Area_Planted,4654.0,ha,Actual,PL2b
0642bce9-c337-4f53-923d-0607d11ebaeb,2010,4,Long An,Provincial,Cultivation,Lúa,,Area_Planted,4654.0,ha,Actual,PL2b
d9334878-52c5-4925-b32b-56fea3261bc2,2010,4,Đồng Tháp,Provincial,Cultivation,Lúa,,Area_Planted,207672.0,ha,Actual,PL2b
22da2978-84f0-4b78-aa18-e3887d0da874,2010,4,Đồng Tháp,Provincial,Cultivation,Lúa,,Area_Planted,207672.0,ha,Actual,PL2b
ceaf8b62-4e21-472d-903e-76185ae006e7,2010,4,Đồng Tháp,Provincial,Cultivation,Lúa,,Area_Planted,100.0,ha,Actual,PL2b
158b1178-e0cf-4b12-be2e-dabe208cd88e,2010,4,Đồng Tháp,Provincial,Cultivation,Lúa,,Area_Planted,125956.0,ha,Actual,PL2b
eef3af10-63c8-44ed-8c3f-3a736f646a70,2010,4,Đồng Tháp,Provincial,Cultivation,Lúa,,Area_Planted,4035.0,ha,Actual,PL2b
95eca548-4b79-4dfe-b1b0-ff80387594a6,2010,4,Đồng Tháp,Provincial,Cultivation,Lúa,,Area_Planted,2409.0,ha,Actual,PL2b
02974d60-f1bb-43ee-b29a-02c40aeb756e,2010,4,Đồng Tháp,Provincial,Cultivation,Lúa,,Area_Planted,642.0,ha,Actual,PL2b
45fc40e1-f49b-4dbe-9914-af84e1abe2ab,2010,4,Đồng Tháp,Provincial,Cultivation,Lúa,,Area_Planted,984.0,ha,Actual,PL2b
71eb7277-6e72-40ae-8f11-87635755bf5b,2010,4,An Giang,Provincial,Cultivation,Lúa,,Area_Planted,234212.0,ha,Actual,PL2b
82556065-675f-48e7-b5ec-e4c4f5e051a8,2010,4,An Giang,Provincial,Cultivation,Lúa,,Area_Planted,232185.0,ha,Actual,PL2b
50b7bd86-7b8a-48b4-8d21-fe3078396a60,2010,4,An Giang,Provincial,Cultivation,Lúa,,Area_Planted,99.1,ha,Actual,PL2b
011bc7a8-0562-4491-89ee-52076d0854ab,2010,4,An Giang,Provincial,Cultivation,Lúa,,Area_Planted,128052.0,ha,Actual,PL2b
25cd1958-df00-40ef-a085-5b4cb25a9f3a,2010,4,An Giang,Provincial,Cultivation,Lúa,,Area_Planted,3030.0,ha,Actual,PL2b
56d9852a-a992-4ec2-a327-31015ffe888d,2010,4,An Giang,Provincial,Cultivation,Lúa,,Area_Planted,2910.0,ha,Actual,PL2b
d561cf1a-2723-403e-bb80-5bcfa8c04fd4,2010,4,An Giang,Provincial,Cultivation,Lúa,,Area_Planted,30.0,ha,Actual,PL2b
c102d0aa-3507-48af-aac4-fbdc4c8a199c,2010,4,An Giang,Provincial,Cultivation,Lúa,,Area_Planted,90.0,ha,Actual,PL2b
0b04ad54-c13c-4649-9a6f-45ce8a4de3e1,2010,4,Tiền Giang,Provincial,Cultivation,Lúa,,Area_Planted,82272.0,ha,Actual,PL2b
eba075ae-ea58-403a-b26f-ca304eb9fc27,2010,4,Tiền Giang,Provincial,Cultivation,Lúa,,Area_Planted,82272.0,ha,Actual,PL2b
e726b707-25f3-42fa-8882-8e57a489723a,2010,4,Tiền Giang,Provincial,Cultivation,Lúa,,Area_Planted,100.0,ha,Actual,PL2b
29fc6d43-0372-45f9-8e34-7752c228e594,2010,4,Tiền Giang,Provincial,Cultivation,Lúa,,Area_Planted,40064.0,ha,Actual,PL2b
456a396f-fa70-45da-a854-6074e48d4d41,2010,4,Tiền Giang,Provincial,Cultivation,Lúa,,Area_Planted,4418.0,ha,Actual,PL2b
d19537da-b75e-447d-bf09-1efb58fb3e55,2010,4,Tiền Giang,Provincial,Cultivation,Lúa,,Area_Planted,2760.0,ha,Actual,PL2b
302da9ee-0a0e-4421-a115-c8d6c7e8ea43,2010,4,Tiền Giang,Provincial,Cultivation,Lúa,,Area_Planted,200.0,ha,Actual,PL2b
da46957d-5d0b-463c-aecc-167afe9e336a,2010,4,Tiền Giang,Provincial,Cultivation,Lúa,,Area_Planted,1458.0,ha,Actual,PL2b
5b99822a-e045-4c49-987f-73bf0bf4def3,2010,4,Vĩnh Long,Provincial,Cultivation,Lúa,,Area_Planted,66902.0,ha,Actual,PL2b
02de9267-088e-4f16-8ba6-807e3e886ee5,2010,4,Vĩnh Long,Provincial,Cultivation,Lúa,,Area_Planted,66920.0,ha,Actual,PL2b
7a01946e-599e-45cd-a90a-e54bf5ff88e2,2010,4,Vĩnh Long,Provincial,Cultivation,Lúa,,Area_Planted,100.0,ha,Actual,PL2b
77337a43-2ecc-45e4-851a-833b576bcfcf,2010,4,Vĩnh Long,Provincial,Cultivation,Lúa,,Area_Planted,52032.0,ha,Actual,PL2b
6c10ab67-9eed-4286-b733-85f1e483bdb4,2010,4,Vĩnh Long,Provincial,Cultivation,Lúa,,Area_Planted,3292.0,ha,Actual,PL2b
14afcd30-1156-4394-9bdb-b7b7de27c644,2010,4,Vĩnh Long,Provincial,Cultivation,Lúa,,Area_Planted,660.0,ha,Actual,PL2b
b5da874a-5160-4b8a-b6ac-2c11ccc66cb7,2010,4,Vĩnh Long,Provincial,Cultivation,Lúa,,Area_Planted,2484.0,ha,Actual,PL2b
8324ae69-a33b-40de-b1e2-1d6d60a17596,2010,4,Vĩnh Long,Provincial,Cultivation,Lúa,,Area_Planted,148.0,ha,Actual,PL2b
5eb709ba-180c-4895-a1db-55636cff4441,2010,4,Bến Tre,Provincial,Cultivation,Lúa,,Area_Planted,20812.0,ha,Actual,PL2b
82c2b1ba-e80b-4a58-a24c-aa61e34e9def,2010,4,Bến Tre,Provincial,Cultivation,Lúa,,Area_Planted,18324.0,ha,Actual,PL2b
2a572380-8238-4b09-a312-e4ea7bf07f79,2010,4,Bến Tre,Provincial,Cultivation,Lúa,,Area_Planted,88.0,ha,Actual,PL2b
c4c08efc-920d-41e5-9658-98821240265d,2010,4,Bến Tre,Provincial,Cultivation,Lúa,,Area_Planted,777.0,ha,Actual,PL2b
55a26b49-79c4-400c-bbcb-170a37ef85fc,2010,4,Bến Tre,Provincial,Cultivation,Lúa,,Area_Planted,375.0,ha,Actual,PL2b
4c8a8d63-9ec0-4771-9530-c80f5a3768c3,2010,4,Bến Tre,Provincial,Cultivation,Lúa,,Area_Planted,64.0,ha,Actual,PL2b
b90491be-8645-4e31-82a5-e725b8686d24,2010,4,Bến Tre,Provincial,Cultivation,Lúa,,Area_Planted,128.0,ha,Actual,PL2b
e68d6bf3-fed8-4397-b303-17bb9486c4f6,2010,4,Bến Tre,Provincial,Cultivation,Lúa,,Area_Planted,210.0,ha,Actual,PL2b
b980c38b-69f8-405f-866a-bfa4da8d20ff,2010,4,Kiên Giang,Provincial,Cultivation,Lúa,,Area_Planted,284145.0,ha,Actual,PL2b
99335835-66b3-4f6c-96b3-28b2721e7bb5,2010,4,Kiên Giang,Provincial,Cultivation,Lúa,,Area_Planted,280925.0,ha,Actual,PL2b
9ae0439e-cd95-4b7c-a00c-bfb466bda995,2010,4,Kiên Giang,Provincial,Cultivation,Lúa,,Area_Planted,98.9,ha,Actual,PL2b
92f4dabe-0814-4565-bbbb-f9f05b231be9,2010,4,Kiên Giang,Provincial,Cultivation,Lúa,,Area_Planted,58400.0,ha,Actual,PL2b
b89a0efc-aea0-4daa-8d9a-08dbe9d5f8d8,2010,4,Cần Thơ,Provincial,Cultivation,Lúa,,Area_Planted,89673.0,ha,Actual,PL2b
5ff16d6a-faea-4f2e-b45f-ac4a69b7ca19,2010,4,Cần Thơ,Provincial,Cultivation,Lúa,,Area_Planted,89673.0,ha,Actual,PL2b
4f7b484b-2bef-4e0b-8278-043fed22cd18,2010,4,Cần Thơ,Provincial,Cultivation,Lúa,,Area_Planted,100.0,ha,Actual,PL2b
76a0a316-07b2-4309-9219-c6d9bb4bd004,2010,4,Cần Thơ,Provincial,Cultivation,Lúa,,Area_Planted,72391.0,ha,Actual,PL2b
569c66ea-d923-4182-8dfd-6b019965ae6a,2010,4,Cần Thơ,Provincial,Cultivation,Lúa,,Area_Planted,387.0,ha,Actual,PL2b
b02908da-845d-4a34-85d6-41c9fad76896,2010,4,Cần Thơ,Provincial,Cultivation,Lúa,,Area_Planted,387.0,ha,Actual,PL2b
35db53e3-3bdd-47cf-8d3d-42b3cc031923,2010,4,Hậu Giang,Provincial,Cultivation,Lúa,,Area_Planted,84504.0,ha,Actual,PL2b
42e156ee-4cb7-4c37-bd30-149a5a71566f,2010,4,Hậu Giang,Provincial,Cultivation,Lúa,,Area_Planted,84263.0,ha,Actual,PL2b
1d7913ad-402d-4c3e-8457-3433f8dd979c,2010,4,Hậu Giang,Provincial,Cultivation,Lúa,,Area_Planted,99.7,ha,Actual,PL2b
ad4a5bd6-9160-4a3c-b4f1-a1192f24ec4b,2010,4,Hậu Giang,Provincial,Cultivation,Lúa,,Area_Planted,34661.0,ha,Actual,PL2b
36a8fe88-279c-421c-8658-15e8158e1fb3,2010,4,Hậu Giang,Provincial,Cultivation,Lúa,,Area_Planted,1291.0,ha,Actual,PL2b
e6d68b14-fcfc-440a-9b25-b48fe51d69d5,2010,4,Hậu Giang,Provincial,Cultivation,Lúa,,Area_Planted,1291.0,ha,Actual,PL2b
0baf3087-d5a3-4f60-912b-811405439812,2010,4,Trà Vinh,Provincial,Cultivation,Lúa,,Area_Planted,55916.0,ha,Actual,PL2b
35a6937b-8052-415a-95b0-4030a227d4db,2010,4,Trà Vinh,Provincial,Cultivation,Lúa,,Area_Planted,53310.0,ha,Actual,PL2b
5cf3b283-06c7-4a08-9190-6664281524e0,2010,4,Trà Vinh,Provincial,Cultivation,Lúa,,Area_Planted,95.3,ha,Actual,PL2b
63911af6-cf94-40b5-8cf6-817ceb9eb322,2010,4,Trà Vinh,Provincial,Cultivation,Lúa,,Area_Planted,18060.0,ha,Actual,PL2b
7e069729-9b57-4d03-b78b-a24aec49c604,2010,4,Trà Vinh,Provincial,Cultivation,Lúa,,Area_Planted,4719.0,ha,Actual,PL2b
bf6f1e56-fb92-462b-8837-5f6ad661b604,2010,4,Trà Vinh,Provincial,Cultivation,Lúa,,Area_Planted,3173.0,ha,Actual,PL2b
a158314b-5948-457e-bb9a-f621f21d8393,2010,4,Trà Vinh,Provincial,Cultivation,Lúa,,Area_Planted,880.0,ha,Actual,PL2b
d8f66fb5-f4f9-46cb-b377-0b8e939f8a9a,2010,4,Trà Vinh,Provincial,Cultivation,Lúa,,Area_Planted,666.0,ha,Actual,PL2b
312adb27-0212-4e48-9310-01f0e6180f04,2010,4,Sóc Trăng,Provincial,Cultivation,Lúa,,Area_Planted,139648.0,ha,Actual,PL2b
907295e7-b7ed-4edb-af7a-85095af4cc60,2010,4,Sóc Trăng,Provincial,Cultivation,Lúa,,Area_Planted,138500.0,ha,Actual,PL2b
a342534f-cf47-400d-b5d8-be05df208794,2010,4,Sóc Trăng,Provincial,Cultivation,Lúa,,Area_Planted,99.2,ha,Actual,PL2b
53463540-d7c7-4959-8e50-43e0f31edd0c,2010,4,Sóc Trăng,Provincial,Cultivation,Lúa,,Area_Planted,71244.0,ha,Actual,PL2b
0101c83f-2e2e-4a90-a566-a7c5539af801,2010,4,Sóc Trăng,Provincial,Cultivation,Lúa,,Area_Planted,2541.0,ha,Actual,PL2b
4a0f39f7-c8db-4654-b85a-93af10ab3b32,2010,4,Sóc Trăng,Provincial,Cultivation,Lúa,,Area_Planted,1015.0,ha,Actual,PL2b
3c57598d-759a-4d01-a498-dea0a88adf2b,2010,4,Sóc Trăng,Provincial,Cultivation,Lúa,,Area_Planted,1278.0,ha,Actual,PL2b
095b848e-5752-46b7-b9df-3efad5bab248,2010,4,Sóc Trăng,Provincial,Cultivation,Lúa,,Area_Planted,248.0,ha,Actual,PL2b
51996487-73f4-497f-a33a-47d7f3315fbd,2010,4,Bạc Liêu,Provincial,Cultivation,Lúa,,Area_Planted,44631.0,ha,Actual,PL2b
c673dc13-30b4-4afd-871f-60808bda02e5,2010,4,Bạc Liêu,Provincial,Cultivation,Lúa,,Area_Planted,29216.0,ha,Actual,PL2b
c31d155c-e6d7-45f4-9b55-75d8a3fe29f5,2010,4,Bạc Liêu,Provincial,Cultivation,Lúa,,Area_Planted,65.5,ha,Actual,PL2b
0821bac2-d229-4d5c-8c6c-ff70248b3209,2010,4,Bạc Liêu,Provincial,Cultivation,Lúa,,Area_Planted,5705.0,ha,Actual,PL2b
cf6cd3cd-33f3-4a27-8d3d-0a08acee860c,2010,4,Miền Bắc,Regional,Cultivation,Lúa,,Area_Planted,213806.0,ha,Actual,PL3a
c530e936-665d-4034-a024-f7943a7286ba,2010,4,Miền Bắc,Regional,Cultivation,Đậu,,Area_Planted,34603.0,ha,Actual,PL3a
95d5daa7-bc5f-4094-9714-432769aee0a1,2010,4,Miền Bắc,Regional,Cultivation,Lạc,,Area_Planted,119238.0,ha,Actual,PL3a
ec0fa6ac-0450-4ed8-938b-71597b0ee1ff,2010,4,Miền Bắc,Regional,Cultivation,Mía,,Area_Planted,43419.0,ha,Actual,PL3a
71b91b0a-cfca-4c95-b797-12feccb940bc,2010,4,Miền Bắc,Regional,Cultivation,Thuốc lá,,Area_Planted,12397.0,ha,Actual,PL3a
8e7e88b1-fd38-43d6-8bd9-ab1db19ed261,2010,4,Miền Bắc,Regional,Cultivation,Thuốc lá,,Area_Planted,134409.0,ha,Actual,PL3a
0102c353-6b5c-4f47-8e06-b298fe3f3cd2,2010,4,ĐB sông Hồng,Provincial,Cultivation,Lúa,,Area_Planted,33621.0,ha,Actual,PL3a
652e1f23-130d-4f8c-9532-424fb45df6e0,2010,4,ĐB sông Hồng,Provincial,Cultivation,Đậu,,Area_Planted,9313.0,ha,Actual,PL3a
ef53fad7-a791-498f-b2ef-abb2e0710e1c,2010,4,ĐB sông Hồng,Provincial,Cultivation,Lạc,,Area_Planted,20568.0,ha,Actual,PL3a
c8299709-5a13-4167-8201-e28425dabb4e,2010,4,ĐB sông Hồng,Provincial,Cultivation,Mía,,Area_Planted,224.0,ha,Actual,PL3a
d10a90d2-8c88-4177-9391-3ee98b77d065,2010,4,ĐB sông Hồng,Provincial,Cultivation,Thuốc lá,,Area_Planted,2747.0,ha,Actual,PL3a
ec321c2e-af7f-49ff-b782-392b4d40f705,2010,4,ĐB sông Hồng,Provincial,Cultivation,Thuốc lá,,Area_Planted,68600.0,ha,Actual,PL3a
ffc70d82-a31b-46d1-8d07-1371fbc5291e,2010,4,Hà Nội,Provincial,Cultivation,Lúa,,Area_Planted,8200.0,ha,Actual,PL3a
5ba05be4-a565-4391-a319-1230b5f147d0,2010,4,Hà Nội,Provincial,Cultivation,Đậu,,Area_Planted,3000.0,ha,Actual,PL3a
8e9b6d6e-87b2-4714-abe5-5cf3d556462c,2010,4,Hà Nội,Provincial,Cultivation,Lạc,,Area_Planted,5000.0,ha,Actual,PL3a
aa8e8b96-f217-4199-8b0e-56c323e0aa86,2010,4,Hà Nội,Provincial,Cultivation,Mía,,Area_Planted,200.0,ha,Actual,PL3a
f331fc95-120d-4f6f-95d9-33284fe7dd93,2010,4,Hà Nội,Provincial,Cultivation,Thuốc lá,,Area_Planted,10351.0,ha,Actual,PL3a
837b6239-a8ab-420f-8408-8b48e07e5681,2010,4,Hải Phòng,Provincial,Cultivation,Lúa,,Area_Planted,2674.0,ha,Actual,PL3a
bdb2b2dc-edbb-4282-aea7-8b0f1a62513b,2010,4,Hải Phòng,Provincial,Cultivation,Đậu,,Area_Planted,200.0,ha,Actual,PL3a
564e06bc-b2ec-4b50-b3c5-653c097a2351,2010,4,Hải Phòng,Provincial,Cultivation,Thuốc lá,,Area_Planted,2347.0,ha,Actual,PL3a
dfb79cd2-5218-41f9-8a3b-4f8d644a1a51,2010,4,Hải Phòng,Provincial,Cultivation,Thuốc lá,,Area_Planted,10933.0,ha,Actual,PL3a
5058b9b8-bb05-4a6e-8daa-70c20ea5c2c0,2010,4,Vĩnh Phúc,Provincial,Cultivation,Lúa,,Area_Planted,3863.0,ha,Actual,PL3a
da36da0d-f4df-43d8-8e53-e68ad07b62f1,2010,4,Vĩnh Phúc,Provincial,Cultivation,Đậu,,Area_Planted,774.0,ha,Actual,PL3a
a458d491-8d2e-451c-9a9c-594180025ea2,2010,4,Vĩnh Phúc,Provincial,Cultivation,Lạc,,Area_Planted,2804.0,ha,Actual,PL3a
55a19ddc-a03d-4c64-aaae-97b504bfb569,2010,4,Vĩnh Phúc,Provincial,Cultivation,Mía,,Area_Planted,24.0,ha,Actual,PL3a
2ff10482-3b7a-4ebd-bac1-b3e087811487,2010,4,Vĩnh Phúc,Provincial,Cultivation,Thuốc lá,,Area_Planted,4847.0,ha,Actual,PL3a
523333f8-e08e-4b16-b90b-729ac275a7e0,2010,4,Bắc Ninh,Provincial,Cultivation,Lúa,,Area_Planted,1389.0,ha,Actual,PL3a
d3cc9fd6-ae02-462b-ba2c-78c26d8d7873,2010,4,Bắc Ninh,Provincial,Cultivation,Đậu,,Area_Planted,295.0,ha,Actual,PL3a
0f8c1d17-74f6-4d9b-a874-03ba325cc661,2010,4,Bắc Ninh,Provincial,Cultivation,Lạc,,Area_Planted,935.0,ha,Actual,PL3a
c12b8e6d-5963-40f5-a452-a2734324407f,2010,4,Bắc Ninh,Provincial,Cultivation,Thuốc lá,,Area_Planted,1546.0,ha,Actual,PL3a
463f1a02-a2f0-49f7-a528-8f71aba405fb,2010,4,Hải Dương,Provincial,Cultivation,Lúa,,Area_Planted,1980.0,ha,Actual,PL3a
86a94777-1d70-416c-873c-18e3dfe165b3,2010,4,Hải Dương,Provincial,Cultivation,Đậu,,Area_Planted,780.0,ha,Actual,PL3a
30dc3ae1-6fe7-48d9-bfc5-df690195294a,2010,4,Hải Dương,Provincial,Cultivation,Lạc,,Area_Planted,1200.0,ha,Actual,PL3a
ea5f8ee9-06f8-4e74-999a-5748ba21a7db,2010,4,Hải Dương,Provincial,Cultivation,Thuốc lá,,Area_Planted,12000.0,ha,Actual,PL3a
d3c63981-abcb-4b88-9151-5ea1d73fd81d,2010,4,Hưng Yên,Provincial,Cultivation,Lúa,,Area_Planted,3697.0,ha,Actual,PL3a
b13a46ba-a74e-4fd1-ba22-7bc0cfc8d6f0,2010,4,Hưng Yên,Provincial,Cultivation,Đậu,,Area_Planted,2758.0,ha,Actual,PL3a
ba46614f-aa05-49cd-bdc4-ecb4e704ba34,2010,4,Hưng Yên,Provincial,Cultivation,Lạc,,Area_Planted,717.0,ha,Actual,PL3a
c280e62c-5f2b-4cce-9ece-550223079480,2010,4,Hưng Yên,Provincial,Cultivation,Thuốc lá,,Area_Planted,9379.0,ha,Actual,PL3a
f9598bf4-21c8-4780-8864-049e9e1482ce,2010,4,Hà Nam,Provincial,Cultivation,Lúa,,Area_Planted,484.0,ha,Actual,PL3a
91e1a83e-9f76-4466-8680-47b60a417d98,2010,4,Hà Nam,Provincial,Cultivation,Đậu,,Area_Planted,128.0,ha,Actual,PL3a
d84f2e40-4373-461d-a77b-b2cebd3e46ea,2010,4,Hà Nam,Provincial,Cultivation,Lạc,,Area_Planted,356.0,ha,Actual,PL3a
0cabc24b-0ebd-40ce-a182-70576162dee9,2010,4,Hà Nam,Provincial,Cultivation,Thuốc lá,,Area_Planted,1426.0,ha,Actual,PL3a
7713195c-12e4-4db7-8b08-723adb56925d,2010,4,Nam Định,Provincial,Cultivation,Lúa,,Area_Planted,3758.0,ha,Actual,PL3a
a4c92b9e-3a87-47eb-9a6a-7134b6d60c19,2010,4,Nam Định,Provincial,Cultivation,Đậu,,Area_Planted,758.0,ha,Actual,PL3a
19657b38-3f54-4034-afcd-4230d017272b,2010,4,Nam Định,Provincial,Cultivation,Lạc,,Area_Planted,3000.0,ha,Actual,PL3a
a396eded-5ac4-4683-987c-b244102107d3,2010,4,Nam Định,Provincial,Cultivation,Thuốc lá,,Area_Planted,7883.0,ha,Actual,PL3a
f89e24ac-1a15-4bf6-a098-63abd8088bb3,2010,4,Thái Bình,Provincial,Cultivation,Lúa,,Area_Planted,1900.0,ha,Actual,PL3a
42ac5e8e-9f5e-46b9-927b-11ff4d644ca6,2010,4,Thái Bình,Provincial,Cultivation,Lạc,,Area_Planted,1500.0,ha,Actual,PL3a
41f83bc7-01a9-4d50-bba2-c1ac9a214ccf,2010,4,Thái Bình,Provincial,Cultivation,Thuốc lá,,Area_Planted,400.0,ha,Actual,PL3a
01dedabc-a514-4dfb-a186-033697a2c68b,2010,4,Thái Bình,Provincial,Cultivation,Thuốc lá,,Area_Planted,1500.0,ha,Actual,PL3a
3988421c-3c87-461f-970f-71c555994646,2010,4,Ninh Bình,Provincial,Cultivation,Lúa,,Area_Planted,2769.0,ha,Actual,PL3a
2d1116bd-820e-46f9-bf98-2e1e3200ad0b,2010,4,Ninh Bình,Provincial,Cultivation,Lạc,,Area_Planted,2769.0,ha,Actual,PL3a
f66b6c9e-9d17-4230-8e2d-b43e94ab5638,2010,4,Ninh Bình,Provincial,Cultivation,Thuốc lá,,Area_Planted,4051.0,ha,Actual,PL3a
795547ae-3464-434a-8061-09322a8f8375,2010,4,Quảng Ninh,Provincial,Cultivation,Lúa,,Area_Planted,2907.0,ha,Actual,PL3a
95f44a40-e2a6-4141-bf02-6be2d3d78df0,2010,4,Quảng Ninh,Provincial,Cultivation,Đậu,,Area_Planted,620.0,ha,Actual,PL3a
0d80d8ab-dc3d-4c7f-88e9-beff229a369e,2010,4,Quảng Ninh,Provincial,Cultivation,Lạc,,Area_Planted,2287.0,ha,Actual,PL3a
e873691b-1180-4a93-b2fe-2f88389ab7af,2010,4,Quảng Ninh,Provincial,Cultivation,Thuốc lá,,Area_Planted,4684.0,ha,Actual,PL3a
98f4d606-d1c1-42ee-9017-2f9953b7b791,2010,4,Trung du và MN phíaBắc,Provincial,Cultivation,Lúa,,Area_Planted,78198.0,ha,Actual,PL3a
145db71a-ea81-4768-bf3b-f3901c30e5cb,2010,4,Trung du và MN phíaBắc,Provincial,Cultivation,Đậu,,Area_Planted,24525.0,ha,Actual,PL3a
cf7b58bb-ee5b-424e-9f10-ba691b78c435,2010,4,Trung du và MN phíaBắc,Provincial,Cultivation,Lạc,,Area_Planted,32633.0,ha,Actual,PL3a
d774ac35-e78f-43f5-8ab8-92925e70b79b,2010,4,Trung du và MN phíaBắc,Provincial,Cultivation,Mía,,Area_Planted,8626.0,ha,Actual,PL3a
efdff56c-7e95-4c78-9ad0-e509dc573f29,2010,4,Trung du và MN phíaBắc,Provincial,Cultivation,Thuốc lá,,Area_Planted,9570.0,ha,Actual,PL3a
6871b5cf-3f91-443a-a639-60a8f5c00caf,2010,4,Trung du và MN phíaBắc,Provincial,Cultivation,Thuốc lá,,Area_Planted,35277.0,ha,Actual,PL3a
33cb986c-cfe0-4c17-ba3d-656cc36d6ea9,2010,4,Hà Giang,Provincial,Cultivation,Lúa,,Area_Planted,11367.0,ha,Actual,PL3a
b36d94ea-e470-4521-971c-4fe0edfbde98,2010,4,Hà Giang,Provincial,Cultivation,Đậu,,Area_Planted,6475.0,ha,Actual,PL3a
d1055fdd-85d8-4f56-a83a-435ad86641e5,2010,4,Hà Giang,Provincial,Cultivation,Lạc,,Area_Planted,4682.0,ha,Actual,PL3a
05e545c0-9e64-4c45-becc-953f8e387430,2010,4,Hà Giang,Provincial,Cultivation,Thuốc lá,,Area_Planted,8904.0,ha,Actual,PL3a
d7ebcf6d-2e68-4b80-901f-feace7f66070,2010,4,Cao Bằng,Provincial,Cultivation,Lúa,,Area_Planted,5705.0,ha,Actual,PL3a
0f98bb83-896c-4e2a-b2fc-c66caa54ff67,2010,4,Cao Bằng,Provincial,Cultivation,Đậu,,Area_Planted,1105.0,ha,Actual,PL3a
475076d6-536a-45e9-ac2c-2fa2cd36ca77,2010,4,Cao Bằng,Provincial,Cultivation,Lạc,,Area_Planted,70.0,ha,Actual,PL3a
45eec83b-4e85-43e9-88e7-017ca5d83117,2010,4,Cao Bằng,Provincial,Cultivation,Mía,,Area_Planted,1238.0,ha,Actual,PL3a
eafa952a-8895-4273-b5e0-a4cf4bfab5a7,2010,4,Cao Bằng,Provincial,Cultivation,Thuốc lá,,Area_Planted,3058.0,ha,Actual,PL3a
c7b5cbb9-0a01-4b4c-af1f-bfb694bbb255,2010,4,Cao Bằng,Provincial,Cultivation,Thuốc lá,,Area_Planted,924.0,ha,Actual,PL3a
cacebf10-b2e3-4699-b31c-bdebba175840,2010,4,Lào Cai,Provincial,Cultivation,Lúa,,Area_Planted,2608.0,ha,Actual,PL3a
137bbc2f-72c2-4c1f-88fe-e2c88399d79f,2010,4,Lào Cai,Provincial,Cultivation,Đậu,,Area_Planted,1786.0,ha,Actual,PL3a
1e53d433-2a5f-49d2-83d9-95c599e30978,2010,4,Lào Cai,Provincial,Cultivation,Lạc,,Area_Planted,380.0,ha,Actual,PL3a
ee2020d9-fe65-4fae-a13d-1faefc88a780,2010,4,Lào Cai,Provincial,Cultivation,Thuốc lá,,Area_Planted,442.0,ha,Actual,PL3a
360b5651-82eb-42ac-b21e-d877c7df79b2,2010,4,Lào Cai,Provincial,Cultivation,Thuốc lá,,Area_Planted,2014.0,ha,Actual,PL3a
7903c882-82a2-4769-9e2e-7fd5f06b4afa,2010,4,Bắc Cạn,Provincial,Cultivation,Lúa,,Area_Planted,2130.0,ha,Actual,PL3a
82f5559d-8499-404d-a40f-a9d15fb1f11d,2010,4,Bắc Cạn,Provincial,Cultivation,Đậu,,Area_Planted,456.0,ha,Actual,PL3a
6e52b755-0546-4a21-8e3b-8bf5848caff7,2010,4,Bắc Cạn,Provincial,Cultivation,Lạc,,Area_Planted,310.0,ha,Actual,PL3a
28826002-f8d6-43a5-92ae-b4bbcc4e047b,2010,4,Bắc Cạn,Provincial,Cultivation,Mía,,Area_Planted,38.0,ha,Actual,PL3a
997f79e5-c10e-4043-bc49-6e95bb0cf6bc,2010,4,Bắc Cạn,Provincial,Cultivation,Thuốc lá,,Area_Planted,1326.0,ha,Actual,PL3a
81f8196c-5f71-4e2c-bb37-65720d130b45,2010,4,Bắc Cạn,Provincial,Cultivation,Thuốc lá,,Area_Planted,556.0,ha,Actual,PL3a
82627b8f-eac4-4307-a6ff-379402439693,2010,4,Lạng Sơn,Provincial,Cultivation,Lúa,,Area_Planted,9254.0,ha,Actual,PL3a
5c44b9d5-2ca2-45e1-930c-df361456f484,2010,4,Lạng Sơn,Provincial,Cultivation,Đậu,,Area_Planted,1600.0,ha,Actual,PL3a
f95909e6-0fdc-4453-9bf8-8ac658a6951b,2010,4,Lạng Sơn,Provincial,Cultivation,Lạc,,Area_Planted,1500.0,ha,Actual,PL3a
e2a16ba9-f720-4c4d-8c52-7e8c56653e6e,2010,4,Lạng Sơn,Provincial,Cultivation,Mía,,Area_Planted,200.0,ha,Actual,PL3a
4a46f063-f7c8-4f73-bea5-e0d318dc63f9,2010,4,Lạng Sơn,Provincial,Cultivation,Thuốc lá,,Area_Planted,4659.0,ha,Actual,PL3a
985278c1-abdf-4819-b730-635c1d60eb7c,2010,4,Lạng Sơn,Provincial,Cultivation,Thuốc lá,,Area_Planted,650.0,ha,Actual,PL3a
a3cf3407-e75f-49a1-a0fd-82b193da2334,2010,4,Tuyên Quang,Provincial,Cultivation,Lúa,,Area_Planted,5141.0,ha,Actual,PL3a
df4cda68-2fe1-45fc-b4f5-04e82dcd9e0b,2010,4,Tuyên Quang,Provincial,Cultivation,Đậu,,Area_Planted,1139.0,ha,Actual,PL3a
e33e9f4d-d224-4c7f-8afb-f74c541a61a5,2010,4,Tuyên Quang,Provincial,Cultivation,Lạc,,Area_Planted,4002.0,ha,Actual,PL3a
0295a9af-17ec-476f-a97b-28f9a46ad363,2010,4,Tuyên Quang,Provincial,Cultivation,Thuốc lá,,Area_Planted,2221.0,ha,Actual,PL3a
44901962-69c4-4e10-8697-cba12bcffe56,2010,4,Yên Bái,Provincial,Cultivation,Lúa,,Area_Planted,3468.0,ha,Actual,PL3a
a994b8e8-2502-4675-aba8-ab757ba3b3be,2010,4,Yên Bái,Provincial,Cultivation,Đậu,,Area_Planted,1191.0,ha,Actual,PL3a
a1e0fe37-1a25-4a26-b918-d25243af9620,2010,4,Yên Bái,Provincial,Cultivation,Lạc,,Area_Planted,1262.0,ha,Actual,PL3a
ae9546c6-8caf-4c54-ad65-8536e8703765,2010,4,Yên Bái,Provincial,Cultivation,Mía,,Area_Planted,630.0,ha,Actual,PL3a
859ff6ce-5814-4958-b11c-b85e408d1a28,2010,4,Yên Bái,Provincial,Cultivation,Thuốc lá,,Area_Planted,4597.0,ha,Actual,PL3a
aa554f85-6f37-49da-9a5d-b4c6e3cc94c0,2010,4,Thái Nguyên,Provincial,Cultivation,Lúa,,Area_Planted,4389.0,ha,Actual,PL3a
58468f7b-c518-437d-b1a4-da8c6758a51d,2010,4,Thái Nguyên,Provincial,Cultivation,Đậu,,Area_Planted,1072.0,ha,Actual,PL3a
2e2b0c39-23c5-4874-998a-f876a4b6943e,2010,4,Thái Nguyên,Provincial,Cultivation,Lạc,,Area_Planted,3317.0,ha,Actual,PL3a
ae62139f-2634-44ae-a3aa-a0f5f5aa4a3d,2010,4,Thái Nguyên,Provincial,Cultivation,Thuốc lá,,Area_Planted,2322.0,ha,Actual,PL3a
c7dc6593-c12c-453f-9b58-15de396dd234,2010,4,Phú Thọ,Provincial,Cultivation,Lúa,,Area_Planted,6115.0,ha,Actual,PL3a
bfdec1c1-38e1-4fd3-a795-7332a541dfae,2010,4,Phú Thọ,Provincial,Cultivation,Đậu,,Area_Planted,1801.0,ha,Actual,PL3a
b18c07a7-d05c-4f7c-a84a-ed2ede35068a,2010,4,Phú Thọ,Provincial,Cultivation,Lạc,,Area_Planted,4314.0,ha,Actual,PL3a
fc29f5b2-d504-484b-bfff-69f85152b65b,2010,4,Phú Thọ,Provincial,Cultivation,Thuốc lá,,Area_Planted,2416.0,ha,Actual,PL3a
77ffc0e8-1718-430c-88e4-b928311e5a1a,2010,4,Bắc Giang,Provincial,Cultivation,Lúa,,Area_Planted,9563.0,ha,Actual,PL3a
e77cfbd5-91fb-4a26-b438-a54743833566,2010,4,Bắc Giang,Provincial,Cultivation,Đậu,,Area_Planted,706.0,ha,Actual,PL3a
2cb62c7a-542c-45fa-b76a-06fd92bf3a5d,2010,4,Bắc Giang,Provincial,Cultivation,Lạc,,Area_Planted,8550.0,ha,Actual,PL3a
36451c39-8866-4423-9541-614a2a6bff13,2010,4,Bắc Giang,Provincial,Cultivation,Thuốc lá,,Area_Planted,85.0,ha,Actual,PL3a
c6f033e0-640a-4184-9f90-d7127d9adffa,2010,4,Bắc Giang,Provincial,Cultivation,Thuốc lá,,Area_Planted,5036.0,ha,Actual,PL3a
9fb43d74-4b0d-4baf-bd3b-fb605c5205f7,2010,4,Lai Châu,Provincial,Cultivation,Lúa,,Area_Planted,1302.0,ha,Actual,PL3a
b3ff806b-88a7-4483-b906-9027f5bf1614,2010,4,Lai Châu,Provincial,Cultivation,Đậu,,Area_Planted,585.0,ha,Actual,PL3a
d3ae098f-3f14-4f7c-a876-39c929f3b301,2010,4,Lai Châu,Provincial,Cultivation,Lạc,,Area_Planted,448.0,ha,Actual,PL3a
d9fbf76e-c83a-4ecb-85ce-4cee6bd0eea8,2010,4,Lai Châu,Provincial,Cultivation,Thuốc lá,,Area_Planted,164.0,ha,Actual,PL3a
6ecd66b0-d432-4b8f-8f4d-372aabcecabb,2010,4,Điện Biên,Provincial,Cultivation,Lúa,,Area_Planted,2478.0,ha,Actual,PL3a
b6782f53-354f-4761-8351-d816ea8ae7ff,2010,4,Điện Biên,Provincial,Cultivation,Đậu,,Area_Planted,2000.0,ha,Actual,PL3a
06fab7a3-81d6-4a97-8d19-aba406533e10,2010,4,Điện Biên,Provincial,Cultivation,Lạc,,Area_Planted,350.0,ha,Actual,PL3a
539ad3cb-870f-49cb-ae02-87ddbf53c83d,2010,4,Điện Biên,Provincial,Cultivation,Thuốc lá,,Area_Planted,950.0,ha,Actual,PL3a
52444962-9bc7-4017-b73c-51bc79f090c4,2010,4,Sơn La,Provincial,Cultivation,Lúa,,Area_Planted,4756.0,ha,Actual,PL3a
706fbece-6f56-463e-8e77-f849c79869f5,2010,4,Sơn La,Provincial,Cultivation,Đậu,,Area_Planted,4363.0,ha,Actual,PL3a
f0751eff-cbd3-4b47-8f2f-2ce86195de39,2010,4,Sơn La,Provincial,Cultivation,Mía,,Area_Planted,291.0,ha,Actual,PL3a
da81aa2d-445a-44b1-a161-dfc6bc1c343a,2010,4,Sơn La,Provincial,Cultivation,Thuốc lá,,Area_Planted,1776.0,ha,Actual,PL3a
31527764-ac70-4e5a-984f-ae3659689d4e,2010,4,Hoà Bình,Provincial,Cultivation,Lúa,,Area_Planted,9923.0,ha,Actual,PL3a
e3b5ce95-bd45-4c86-ba6f-cf9ba8a29b84,2010,4,Hoà Bình,Provincial,Cultivation,Đậu,,Area_Planted,246.0,ha,Actual,PL3a
29bd2a12-4043-4ca5-b27c-0cdf8c6977c6,2010,4,Hoà Bình,Provincial,Cultivation,Lạc,,Area_Planted,3448.0,ha,Actual,PL3a
89c4d4c4-7823-405b-85f8-47988bd5c545,2010,4,Hoà Bình,Provincial,Cultivation,Mía,,Area_Planted,6229.0,ha,Actual,PL3a
4a71d8cf-8375-4094-b20e-b3143ae02174,2010,4,Hoà Bình,Provincial,Cultivation,Thuốc lá,,Area_Planted,2747.0,ha,Actual,PL3a
97446511-5def-404c-8f74-09480a45d3fc,2010,4,Bắc Trung Bộ,Provincial,Cultivation,Lúa,,Area_Planted,101987.0,ha,Actual,PL3a
5113521e-ea8e-468d-afd4-465fdab1555c,2010,4,Bắc Trung Bộ,Provincial,Cultivation,Đậu,,Area_Planted,765.0,ha,Actual,PL3a
8c1094c4-2844-497c-8fb6-a07c1d38d629,2010,4,Bắc Trung Bộ,Provincial,Cultivation,Lạc,,Area_Planted,66037.0,ha,Actual,PL3a
7eea7f64-f2f5-4e88-9bb7-dedb08a42a1c,2010,4,Bắc Trung Bộ,Provincial,Cultivation,Mía,,Area_Planted,34569.0,ha,Actual,PL3a
95835c71-a0f2-4ace-9429-b2c72d7e7f07,2010,4,Bắc Trung Bộ,Provincial,Cultivation,Thuốc lá,,Area_Planted,80.0,ha,Actual,PL3a
a68dac33-90b5-4866-a832-db858af97802,2010,4,Bắc Trung Bộ,Provincial,Cultivation,Thuốc lá,,Area_Planted,30531.0,ha,Actual,PL3a
ea619609-9e67-49e9-b7e5-41575dae1a72,2010,4,Thanh Hoá,Provincial,Cultivation,Lúa,,Area_Planted,23184.0,ha,Actual,PL3a
2953ecf2-d614-4b50-81b5-ad6529a84cdd,2010,4,Thanh Hoá,Provincial,Cultivation,Đậu,,Area_Planted,465.0,ha,Actual,PL3a
cb503a49-2ad0-4c73-8291-b0247541e119,2010,4,Thanh Hoá,Provincial,Cultivation,Lạc,,Area_Planted,12150.0,ha,Actual,PL3a
bf205ace-cdce-4cfe-b5cb-e48d42c70c06,2010,4,Thanh Hoá,Provincial,Cultivation,Mía,,Area_Planted,10569.0,ha,Actual,PL3a
bad7ba20-5134-4dbb-9999-f63cf66ee319,2010,4,Thanh Hoá,Provincial,Cultivation,Thuốc lá,,Area_Planted,11000.0,ha,Actual,PL3a
9b563faa-977d-4f1d-a565-d821a0a9bf39,2010,4,Nghệ An,Provincial,Cultivation,Lúa,,Area_Planted,45443.0,ha,Actual,PL3a
2649e325-6dab-439d-b615-6a652ff07930,2010,4,Nghệ An,Provincial,Cultivation,Đậu,,Area_Planted,300.0,ha,Actual,PL3a
16aebcdf-410b-4f71-9e58-7eda7839670a,2010,4,Nghệ An,Provincial,Cultivation,Lạc,,Area_Planted,21063.0,ha,Actual,PL3a
c63bcc29-9986-4ccc-9820-2afe297eeb6d,2010,4,Nghệ An,Provincial,Cultivation,Mía,,Area_Planted,24000.0,ha,Actual,PL3a
c958b023-43f9-45cd-a265-a4a9bf354e02,2010,4,Nghệ An,Provincial,Cultivation,Thuốc lá,,Area_Planted,80.0,ha,Actual,PL3a
93ea259b-8dd3-4954-8d5e-cf9eefb66999,2010,4,Nghệ An,Provincial,Cultivation,Thuốc lá,,Area_Planted,10500.0,ha,Actual,PL3a
c85fdda2-d252-484e-a2ff-ca2dfdc830bc,2010,4,Hà Tĩnh,Provincial,Cultivation,Lúa,,Area_Planted,20240.0,ha,Actual,PL3a
baf67777-c8b0-4705-b23b-5447af3ac27c,2010,4,Hà Tĩnh,Provincial,Cultivation,Lạc,,Area_Planted,19961.0,ha,Actual,PL3a
7164a642-4b85-42b5-bd3c-743f56e794d6,2010,4,Hà Tĩnh,Provincial,Cultivation,Thuốc lá,,Area_Planted,3366.0,ha,Actual,PL3a
a4b8f499-a06a-4883-a1e4-9f3ab4499743,2010,4,Quảng Bình,Provincial,Cultivation,Lúa,,Area_Planted,4863.0,ha,Actual,PL3a
d23ad71e-e07b-434a-a202-3d2c224865f7,2010,4,Quảng Bình,Provincial,Cultivation,Lạc,,Area_Planted,4863.0,ha,Actual,PL3a
50120843-c56f-4c15-b1a7-61bf3e603a70,2010,4,Quảng Bình,Provincial,Cultivation,Thuốc lá,,Area_Planted,586.0,ha,Actual,PL3a
85663e15-3cc3-4867-b604-a57a92aeda64,2010,4,Quảng Trị,Provincial,Cultivation,Lúa,,Area_Planted,4757.0,ha,Actual,PL3a
264b77ac-00d6-452f-99b8-19bdf5530deb,2010,4,Quảng Trị,Provincial,Cultivation,Lạc,,Area_Planted,4500.0,ha,Actual,PL3a
06d88725-3f6b-4545-bfdc-af3cc1e073e1,2010,4,Quảng Trị,Provincial,Cultivation,Thuốc lá,,Area_Planted,3879.0,ha,Actual,PL3a
7edec5ee-1958-4f02-9e40-d642d449944d,2010,4,Thừa Thiên Huế,Provincial,Cultivation,Lúa,,Area_Planted,3500.0,ha,Actual,PL3a
6ac9f3cc-2fc4-4432-a075-ec7a08ad72b1,2010,4,Thừa Thiên Huế,Provincial,Cultivation,Lạc,,Area_Planted,3500.0,ha,Actual,PL3a
a6b96efe-c361-4e31-bb80-56dd33fa54ff,2010,4,Thừa Thiên Huế,Provincial,Cultivation,Thuốc lá,,Area_Planted,1200.0,ha,Actual,PL3a
e4e6e836-fe11-4407-8b1e-76530b38804f,2010,4,Miền Nam,Regional,Cultivation,Lúa,,Area_Planted,144577.0,ha,Actual,PL3b
971d5d1a-1ff4-4d57-87a4-0cdf11ba8300,2010,4,Miền Nam,Regional,Cultivation,Đậu,,Area_Planted,7290.0,ha,Actual,PL3b
057e056f-a4f6-4a16-9643-94d4256c5bf0,2010,4,Miền Nam,Regional,Cultivation,Lạc,,Area_Planted,39898.0,ha,Actual,PL3b
fca3b058-d11f-4a65-b1ce-3c7baf597461,2010,4,Miền Nam,Regional,Cultivation,Lúa,,Area_Planted,10523.0,ha,Actual,PL3b
26d3d634-7ea9-47af-af45-92a14fa576de,2010,4,Miền Nam,Regional,Cultivation,Lúa,,Area_Planted,10947.0,ha,Actual,PL3b
a4dcb88c-f3b1-4ea2-be08-bff3fec31253,2010,4,Miền Nam,Regional,Cultivation,Mía,,Area_Planted,73818.0,ha,Actual,PL3b
f049abea-43c9-4291-ad78-7f878cca6bd6,2010,4,Miền Nam,Regional,Cultivation,Lúa,,Area_Planted,434.0,ha,Actual,PL3b
17e06e0f-3fa3-4773-82f8-8edbd8a49111,2010,4,Miền Nam,Regional,Cultivation,Lúa,,Area_Planted,1198.0,ha,Actual,PL3b
83c98868-906d-4cb0-8f26-53ae1a5ba559,2010,4,Miền Nam,Regional,Cultivation,Lúa,,Area_Planted,186106.0,ha,Actual,PL3b
09f0f3e3-b961-4ee5-86c2-7dab022ae25a,2010,4,Miền Nam,Regional,Cultivation,Lúa,,Area_Planted,224847560.0,ha,Actual,PL3b
94b5dbc8-dda8-4305-8bda-fbd3320ff180,2010,4,D.H Nam Trg Bộ,Provincial,Cultivation,Lúa,,Area_Planted,29126.0,ha,Actual,PL3b
fb4631bd-bda7-470f-8f4b-8a26b68311a2,2010,4,D.H Nam Trg Bộ,Provincial,Cultivation,Đậu,,Area_Planted,650.0,ha,Actual,PL3b
da7cf98c-ef74-4fc0-9b32-6497015a90e0,2010,4,D.H Nam Trg Bộ,Provincial,Cultivation,Lạc,,Area_Planted,19322.0,ha,Actual,PL3b
7aa581c3-d4a0-4566-93aa-924d70c20d00,2010,4,D.H Nam Trg Bộ,Provincial,Cultivation,Lúa,,Area_Planted,81.0,ha,Actual,PL3b
cc98f54f-8dd1-4668-83e6-97590cebc469,2010,4,D.H Nam Trg Bộ,Provincial,Cultivation,Lúa,,Area_Planted,874.0,ha,Actual,PL3b
51443d35-cc56-4915-9dde-8b815e8e87d7,2010,4,D.H Nam Trg Bộ,Provincial,Cultivation,Mía,,Area_Planted,7724.0,ha,Actual,PL3b
40fd5974-8203-4f7e-9c88-c2966049263c,2010,4,D.H Nam Trg Bộ,Provincial,Cultivation,Lúa,,Area_Planted,434.0,ha,Actual,PL3b
a9e3a1f6-255f-4630-9787-ccf01432ae0f,2010,4,D.H Nam Trg Bộ,Provincial,Cultivation,Lúa,,Area_Planted,41.0,ha,Actual,PL3b
40c43879-d211-4258-bd62-436fecaa7b36,2010,4,D.H Nam Trg Bộ,Provincial,Cultivation,Lúa,,Area_Planted,22061.0,ha,Actual,PL3b
68d974f8-67e8-4c8c-85b8-8ef1a2903624,2010,4,D.H Nam Trg Bộ,Provincial,Cultivation,Lúa,,Area_Planted,22061.0,ha,Actual,PL3b
c1b9032e-405c-47a1-8d7d-65e1777d847f,2010,4,TP Đà Nẵng,Provincial,Cultivation,Lúa,,Area_Planted,735.0,ha,Actual,PL3b
2f019fe0-048a-45cf-b5a8-b17f3a8dc472,2010,4,TP Đà Nẵng,Provincial,Cultivation,Lạc,,Area_Planted,618.0,ha,Actual,PL3b
1f9e80a7-52d2-4a5a-8cfb-b7c3b6182459,2010,4,TP Đà Nẵng,Provincial,Cultivation,Mía,,Area_Planted,117.0,ha,Actual,PL3b
9fc84118-67a3-4150-a151-7a58224bb164,2010,4,TP Đà Nẵng,Provincial,Cultivation,Lúa,,Area_Planted,369.0,ha,Actual,PL3b
e891c4ed-65cf-4cc8-b0a7-fd79799bff6f,2010,4,TP Đà Nẵng,Provincial,Cultivation,Lúa,,Area_Planted,78.0,ha,Actual,PL3b
ba539d95-2e2e-432d-a167-6791b020cb6e,2010,4,Quảng Nam,Provincial,Cultivation,Lúa,,Area_Planted,9232.0,ha,Actual,PL3b
86397295-bbcb-4622-9a04-0143f2a566df,2010,4,Quảng Nam,Provincial,Cultivation,Lạc,,Area_Planted,8264.0,ha,Actual,PL3b
00878652-95b2-4cd0-b610-82d8ece2ce2b,2010,4,Quảng Nam,Provincial,Cultivation,Lúa,,Area_Planted,502.0,ha,Actual,PL3b
44aa555a-0ecc-474b-8bba-e0e1b0e8e3fd,2010,4,Quảng Nam,Provincial,Cultivation,Mía,,Area_Planted,289.0,ha,Actual,PL3b
790455f3-ea93-406d-be90-72f16daab7cd,2010,4,Quảng Nam,Provincial,Cultivation,Lúa,,Area_Planted,177.0,ha,Actual,PL3b
48cefe86-f70f-45ef-bda8-a3d22a422cd2,2010,4,Quảng Nam,Provincial,Cultivation,Lúa,,Area_Planted,8500.0,ha,Actual,PL3b
28417e11-a850-48a4-b757-e6f7b5d4a545,2010,4,Quảng Nam,Provincial,Cultivation,Lúa,,Area_Planted,3400.0,ha,Actual,PL3b
ebb72770-19f8-4fe8-b808-55b901d16afa,2010,4,Quảng Ngãi,Provincial,Cultivation,Lúa,,Area_Planted,3561.0,ha,Actual,PL3b
b1c432d5-6343-48a9-88b1-62d9d575b690,2010,4,Quảng Ngãi,Provincial,Cultivation,Lạc,,Area_Planted,3561.0,ha,Actual,PL3b
15177c60-a67e-4a97-9a73-082b41839973,2010,4,Quảng Ngãi,Provincial,Cultivation,Lúa,,Area_Planted,5572.0,ha,Actual,PL3b
bac36530-86c7-4415-8ca1-419427424c01,2010,4,Quảng Ngãi,Provincial,Cultivation,Lúa,,Area_Planted,1712.0,ha,Actual,PL3b
85164f15-b929-466b-af9d-d18d4c25e561,2010,4,Bình Định,Provincial,Cultivation,Lúa,,Area_Planted,6566.0,ha,Actual,PL3b
0807a9c1-e9a8-4407-b7c6-9d08d6b37dca,2010,4,Bình Định,Provincial,Cultivation,Đậu,,Area_Planted,334.0,ha,Actual,PL3b
3910371f-24ab-494f-badc-a1b8a89d79a0,2010,4,Bình Định,Provincial,Cultivation,Lạc,,Area_Planted,6232.0,ha,Actual,PL3b
51790c29-2215-4170-8aa7-2c59b7f706c5,2010,4,Bình Định,Provincial,Cultivation,Lúa,,Area_Planted,4964.0,ha,Actual,PL3b
41f5fc63-edc7-420f-9a0b-16c82ffc9d33,2010,4,Bình Định,Provincial,Cultivation,Lúa,,Area_Planted,683.0,ha,Actual,PL3b
de9a0943-941a-41c7-8187-b077a49cf819,2010,4,Phú Yên,Provincial,Cultivation,Lúa,,Area_Planted,8922.0,ha,Actual,PL3b
bd3474d1-1b84-4b18-b7ce-d0c60fc7c931,2010,4,Phú Yên,Provincial,Cultivation,Đậu,,Area_Planted,316.0,ha,Actual,PL3b
77f556c1-e1c2-4089-95ae-e0be50154c48,2010,4,Phú Yên,Provincial,Cultivation,Lạc,,Area_Planted,537.0,ha,Actual,PL3b
b5d0d817-ddcb-4b79-88fd-7df7dbc064c1,2010,4,Phú Yên,Provincial,Cultivation,Lúa,,Area_Planted,81.0,ha,Actual,PL3b
fd053ad0-7c63-48c0-aa31-34d0236d9e72,2010,4,Phú Yên,Provincial,Cultivation,Lúa,,Area_Planted,372.0,ha,Actual,PL3b
1d1f4b26-d8a8-4529-b268-e19f4bbb3628,2010,4,Phú Yên,Provincial,Cultivation,Mía,,Area_Planted,7318.0,ha,Actual,PL3b
d21a6661-ac92-4df0-911c-968d0c7c83d4,2010,4,Phú Yên,Provincial,Cultivation,Lúa,,Area_Planted,257.0,ha,Actual,PL3b
07f0ed1d-5b9e-4866-b156-b43a8cc80205,2010,4,Phú Yên,Provincial,Cultivation,Lúa,,Area_Planted,41.0,ha,Actual,PL3b
85ec6767-a9b4-4cb7-96aa-2f6461f0ebf3,2010,4,Phú Yên,Provincial,Cultivation,Lúa,,Area_Planted,2456.0,ha,Actual,PL3b
33323197-c3a2-4df3-a495-feef0813e5ee,2010,4,Phú Yên,Provincial,Cultivation,Lúa,,Area_Planted,1687.0,ha,Actual,PL3b
f677c234-9e5a-49e8-b099-3affcff76ee9,2010,4,Khánh Hoà,Provincial,Cultivation,Lúa,,Area_Planted,110.0,ha,Actual,PL3b
1c1160d0-0117-4dcc-911c-878d729de07d,2010,4,Khánh Hoà,Provincial,Cultivation,Lạc,,Area_Planted,110.0,ha,Actual,PL3b
63af417e-1da6-4599-8e07-01b4618d97ad,2010,4,Khánh Hoà,Provincial,Cultivation,Lúa,,Area_Planted,200.0,ha,Actual,PL3b
0bf86086-192e-4930-91f7-a948462fcf48,2010,4,Tây Nguyên,Provincial,Cultivation,Lúa,,Area_Planted,14804.0,ha,Actual,PL3b
5e12e2de-7c07-4d94-b7bd-cc407a32e80b,2010,4,Tây Nguyên,Provincial,Cultivation,Lạc,,Area_Planted,309.0,ha,Actual,PL3b
542df07d-f185-40fd-bc7e-622fc49af881,2010,4,Tây Nguyên,Provincial,Cultivation,Lúa,,Area_Planted,4622.0,ha,Actual,PL3b
ae2ee9c4-a5c7-457a-a200-5311e17e8cc3,2010,4,Tây Nguyên,Provincial,Cultivation,Mía,,Area_Planted,9404.0,ha,Actual,PL3b
b37729f4-43ad-40f4-ba32-fb6f992315aa,2010,4,Tây Nguyên,Provincial,Cultivation,Lúa,,Area_Planted,40566.0,ha,Actual,PL3b
5a5a89ec-ae74-4d1f-af70-f26d39b14dbd,2010,4,Tây Nguyên,Provincial,Cultivation,Lúa,,Area_Planted,4802.0,ha,Actual,PL3b
c4fb3ad5-7be3-4175-9540-e50a6bb9b81a,2010,4,Kon Tum,Provincial,Cultivation,Lúa,,Area_Planted,2155.0,ha,Actual,PL3b
34d2666d-e352-413f-bb68-1e437c4decc0,2010,4,Kon Tum,Provincial,Cultivation,Lạc,,Area_Planted,58.0,ha,Actual,PL3b
dccf55eb-c3af-4f7c-a872-b2e7fa168ab5,2010,4,Kon Tum,Provincial,Cultivation,Mía,,Area_Planted,2097.0,ha,Actual,PL3b
84247386-ba02-4549-ba63-dde5e116b2cb,2010,4,Kon Tum,Provincial,Cultivation,Lúa,,Area_Planted,8700.0,ha,Actual,PL3b
b7a89d93-9714-4a1f-8b25-382a76c414d3,2010,4,Kon Tum,Provincial,Cultivation,Lúa,,Area_Planted,92.0,ha,Actual,PL3b
14c4fced-38f6-40e0-82c0-3d85b1bdf1fe,2010,4,Gia Lai,Provincial,Cultivation,Lúa,,Area_Planted,12140.0,ha,Actual,PL3b
d1d3da22-3153-4a22-8fa9-60e8cdde2a3e,2010,4,Gia Lai,Provincial,Cultivation,Lạc,,Area_Planted,211.0,ha,Actual,PL3b
f7b9429f-0838-4780-936d-b31a5ce50879,2010,4,Gia Lai,Provincial,Cultivation,Lúa,,Area_Planted,4622.0,ha,Actual,PL3b
b36d5ae1-db35-4568-84bc-2739d2a9c533,2010,4,Gia Lai,Provincial,Cultivation,Mía,,Area_Planted,7307.0,ha,Actual,PL3b
257bc678-9c07-4057-bac9-27371b132187,2010,4,Gia Lai,Provincial,Cultivation,Lúa,,Area_Planted,8108.0,ha,Actual,PL3b
a46e0926-1e8a-4c04-a221-ee458ca5d07d,2010,4,Gia Lai,Provincial,Cultivation,Lúa,,Area_Planted,2652.0,ha,Actual,PL3b
b89992fb-bf29-4872-9f95-7124db11900c,2010,4,Đắc Lắc,Provincial,Cultivation,Lúa,,Area_Planted,509.0,ha,Actual,PL3b
46821a6a-a92d-442f-8908-9d49b3973023,2010,4,Đắc Lắc,Provincial,Cultivation,Lạc,,Area_Planted,40.0,ha,Actual,PL3b
5298364b-44e5-4bab-9c44-f80ace3d9831,2010,4,Đắc Lắc,Provincial,Cultivation,Lúa,,Area_Planted,2528.0,ha,Actual,PL3b
8bb292ac-b711-4ef8-b0ea-cf2cf0ddd3e8,2010,4,Đắc Lắc,Provincial,Cultivation,Lúa,,Area_Planted,1588.0,ha,Actual,PL3b
fe1beed0-9773-45a7-90a0-aa578a283dcf,2010,4,Đắc Nông,Provincial,Cultivation,Lúa,,Area_Planted,7411.0,ha,Actual,PL3b
467b3988-3c3a-4316-9855-5e7b46ea377e,2010,4,Đắc Nông,Provincial,Cultivation,Lúa,,Area_Planted,55.0,ha,Actual,PL3b
24e62a42-7b31-4f11-a619-8fe6494e17b0,2010,4,Lâm Đồng,Provincial,Cultivation,Lúa,,Area_Planted,13819.0,ha,Actual,PL3b
43e02cd4-b1f8-41c2-b3d1-013e16a832e0,2010,4,Lâm Đồng,Provincial,Cultivation,Lúa,,Area_Planted,415.0,ha,Actual,PL3b
8383d408-bad7-4327-86e7-bb539f4eb0d7,2010,4,Đông Nam Bộ,Provincial,Cultivation,Lúa,,Area_Planted,28440.0,ha,Actual,PL3b
935d3f4f-ef99-4e70-aa0d-49276a32882e,2010,4,Đông Nam Bộ,Provincial,Cultivation,Đậu,,Area_Planted,302.0,ha,Actual,PL3b
c29aa3c7-a330-4044-a857-1433a2e0e341,2010,4,Đông Nam Bộ,Provincial,Cultivation,Lạc,,Area_Planted,12224.0,ha,Actual,PL3b
4dfed4cf-61a5-4aa5-972d-4c0600ea8f06,2010,4,Đông Nam Bộ,Provincial,Cultivation,Lúa,,Area_Planted,1349.0,ha,Actual,PL3b
2aad8835-ee15-4ebf-af04-de9ddb5cd168,2010,4,Đông Nam Bộ,Provincial,Cultivation,Lúa,,Area_Planted,5411.0,ha,Actual,PL3b
48d1dc42-a5ab-4bb3-9879-7275bffd7910,2010,4,Đông Nam Bộ,Provincial,Cultivation,Mía,,Area_Planted,9154.0,ha,Actual,PL3b
7bc50b1c-1d18-43f1-be94-87e1004730b7,2010,4,Đông Nam Bộ,Provincial,Cultivation,Lúa,,Area_Planted,31656.0,ha,Actual,PL3b
c7aa565c-e3dc-4da9-857e-d52cc44e50c3,2010,4,Đông Nam Bộ,Provincial,Cultivation,Lúa,,Area_Planted,7528.0,ha,Actual,PL3b
39abb5f7-66c4-4d3d-b9e5-47becdb4dd4a,2010,4,TP Hồ Chí Minh,Provincial,Cultivation,Lúa,,Area_Planted,1984.0,ha,Actual,PL3b
1be2b8dc-3ddb-4d75-bfde-120578f8e930,2010,4,TP Hồ Chí Minh,Provincial,Cultivation,Lạc,,Area_Planted,194.0,ha,Actual,PL3b
68617282-aeae-498c-8aec-727452e8dda4,2010,4,TP Hồ Chí Minh,Provincial,Cultivation,Mía,,Area_Planted,1790.0,ha,Actual,PL3b
8ba45d41-e03e-4c19-bbec-52ccba71800d,2010,4,TP Hồ Chí Minh,Provincial,Cultivation,Lúa,,Area_Planted,5746.0,ha,Actual,PL3b
a1febccf-9f02-4a98-a2ab-9bdd896a6c47,2010,4,Ninh Thuận,Provincial,Cultivation,Lúa,,Area_Planted,300.0,ha,Actual,PL3b
b66b22a9-0572-4993-b308-96ff7c7b9844,2010,4,Ninh Thuận,Provincial,Cultivation,Mía,,Area_Planted,300.0,ha,Actual,PL3b
19dc917a-6f8a-4379-9843-097bc0b8d8af,2010,4,Ninh Thuận,Provincial,Cultivation,Lúa,,Area_Planted,2819.0,ha,Actual,PL3b
ddc9a777-a3b5-49d9-b91e-424ad10290b2,2010,4,Ninh Thuận,Provincial,Cultivation,Lúa,,Area_Planted,895.0,ha,Actual,PL3b
47f3b90b-b185-44a2-b8b3-c3c5388c712f,2010,4,Bình Phước,Provincial,Cultivation,Lúa,,Area_Planted,816.0,ha,Actual,PL3b
89e564f6-c316-4a12-b969-42ae1b1f2852,2010,4,Tây Ninh,Provincial,Cultivation,Lúa,,Area_Planted,22623.0,ha,Actual,PL3b
92daa01b-b851-42d3-ac72-72e2e3ae4554,2010,4,Tây Ninh,Provincial,Cultivation,Lạc,,Area_Planted,10025.0,ha,Actual,PL3b
9377bcf8-7e20-481f-aa5f-ad42faa40b66,2010,4,Tây Ninh,Provincial,Cultivation,Lúa,,Area_Planted,1292.0,ha,Actual,PL3b
83b7ec6e-240e-4e9c-99e8-8308765d4f49,2010,4,Tây Ninh,Provincial,Cultivation,Lúa,,Area_Planted,4611.0,ha,Actual,PL3b
cfd92535-e8b1-4b12-8873-202c542737ae,2010,4,Tây Ninh,Provincial,Cultivation,Mía,,Area_Planted,6695.0,ha,Actual,PL3b
bc2aa978-daa9-484a-bf75-847d40194374,2010,4,Tây Ninh,Provincial,Cultivation,Lúa,,Area_Planted,7704.0,ha,Actual,PL3b
73821703-92b6-48d7-925b-24adad248b21,2010,4,Tây Ninh,Provincial,Cultivation,Lúa,,Area_Planted,2677.0,ha,Actual,PL3b
4a0ad857-346a-4568-8b85-0856a4bbf352,2010,4,Bình Dương,Provincial,Cultivation,Lúa,,Area_Planted,929.0,ha,Actual,PL3b
d9785ae4-fe38-489a-a565-bb2123f48fe7,2010,4,Bình Dương,Provincial,Cultivation,Lạc,,Area_Planted,630.0,ha,Actual,PL3b
5014737f-588d-46b3-9ed5-f4644b29f91f,2010,4,Bình Dương,Provincial,Cultivation,Mía,,Area_Planted,299.0,ha,Actual,PL3b
e6514d09-4d68-40d9-86b1-05ab7a0c4227,2010,4,Bình Dương,Provincial,Cultivation,Lúa,,Area_Planted,1955.0,ha,Actual,PL3b
661571eb-53bd-4408-bd9c-a53c71712010,2010,4,Bình Dương,Provincial,Cultivation,Lúa,,Area_Planted,150.0,ha,Actual,PL3b
d698032b-21e0-46fd-97f6-ebb567c76471,2010,4,Đồng Nai,Provincial,Cultivation,Lúa,,Area_Planted,1377.0,ha,Actual,PL3b
08c7a3b4-eb11-4cc8-ba38-2855d7cc7eb1,2010,4,Đồng Nai,Provincial,Cultivation,Đậu,,Area_Planted,291.0,ha,Actual,PL3b
e8dd8c32-e04c-4bd2-bc41-eecfc3f2d6e2,2010,4,Đồng Nai,Provincial,Cultivation,Lạc,,Area_Planted,261.0,ha,Actual,PL3b
757eb601-f568-4fc3-9f97-9c1e92839ae6,2010,4,Đồng Nai,Provincial,Cultivation,Lúa,,Area_Planted,25.0,ha,Actual,PL3b
b41f74d8-e4b9-4e0c-a6ce-60eac9af45c6,2010,4,Đồng Nai,Provincial,Cultivation,Lúa,,Area_Planted,800.0,ha,Actual,PL3b
c0f51ead-c934-492a-8d6c-df0e53116d6c,2010,4,Đồng Nai,Provincial,Cultivation,Lúa,,Area_Planted,6298.0,ha,Actual,PL3b
47542e01-aa58-4a28-9ceb-ac2b4b69ab04,2010,4,Đồng Nai,Provincial,Cultivation,Lúa,,Area_Planted,1911.0,ha,Actual,PL3b
ba797199-95b7-4cb5-8e11-e2d133984038,2010,4,Bình Thuận,Provincial,Cultivation,Lúa,,Area_Planted,1096.0,ha,Actual,PL3b
d3363200-ae32-43ee-b6f2-3be4aea84445,2010,4,Bình Thuận,Provincial,Cultivation,Lạc,,Area_Planted,1064.0,ha,Actual,PL3b
e1117ab6-4d2d-45b8-9ab5-b3a88fa1bd9d,2010,4,Bình Thuận,Provincial,Cultivation,Lúa,,Area_Planted,32.0,ha,Actual,PL3b
2e2607e6-b884-479f-82c2-84a0be962224,2010,4,Bình Thuận,Provincial,Cultivation,Lúa,,Area_Planted,2118.0,ha,Actual,PL3b
c29a0b8f-d48d-4a05-b9c0-e6aba42b7d48,2010,4,Bình Thuận,Provincial,Cultivation,Lúa,,Area_Planted,1763.0,ha,Actual,PL3b
1f8c9788-7b30-45c9-892c-300a058d92f2,2010,4,Bà Rịa-V.Tàu,Provincial,Cultivation,Lúa,,Area_Planted,131.0,ha,Actual,PL3b
1dd5733e-c491-4095-aff8-952777f15f43,2010,4,Bà Rịa-V.Tàu,Provincial,Cultivation,Đậu,,Area_Planted,11.0,ha,Actual,PL3b
68c107ed-5566-4c2f-8e3c-54f79ad80563,2010,4,Bà Rịa-V.Tàu,Provincial,Cultivation,Lạc,,Area_Planted,50.0,ha,Actual,PL3b
8f08dc2a-586b-46d7-a66e-80e761469c86,2010,4,Bà Rịa-V.Tàu,Provincial,Cultivation,Mía,,Area_Planted,70.0,ha,Actual,PL3b
39b60618-f336-4e7d-b748-9d5eb2d1fa0d,2010,4,Bà Rịa-V.Tàu,Provincial,Cultivation,Lúa,,Area_Planted,4200.0,ha,Actual,PL3b
d7ed76ad-0343-44ee-8c5b-f03655ed8b3c,2010,4,Bà Rịa-V.Tàu,Provincial,Cultivation,Lúa,,Area_Planted,132.0,ha,Actual,PL3b
72435545-0754-41ef-ae95-b8790df84738,2010,4,ĐBS Cửu Long,Provincial,Cultivation,Lúa,,Area_Planted,72207.0,ha,Actual,PL3b
fea31008-5d95-4e16-8492-bb15b5fb86f6,2010,4,ĐBS Cửu Long,Provincial,Cultivation,Đậu,,Area_Planted,6338.0,ha,Actual,PL3b
c0c2a29e-ed5c-4777-ab16-27f9e5025cc0,2010,4,ĐBS Cửu Long,Provincial,Cultivation,Lạc,,Area_Planted,8043.0,ha,Actual,PL3b
1fa00de0-4303-4e40-a1e2-459aa35d7b88,2010,4,ĐBS Cửu Long,Provincial,Cultivation,Lúa,,Area_Planted,9093.0,ha,Actual,PL3b
4328c7bc-ee88-4a38-9701-dcce37056d56,2010,4,ĐBS Cửu Long,Provincial,Cultivation,Lúa,,Area_Planted,40.0,ha,Actual,PL3b
7da061e4-38ab-412f-8953-9921ffb8911a,2010,4,ĐBS Cửu Long,Provincial,Cultivation,Mía,,Area_Planted,47536.0,ha,Actual,PL3b
b115da26-8dda-4429-8a28-7bcbec56ff43,2010,4,ĐBS Cửu Long,Provincial,Cultivation,Lúa,,Area_Planted,1157.0,ha,Actual,PL3b
75da6bd2-9a3d-4a12-adae-267cb0ccd1a9,2010,4,ĐBS Cửu Long,Provincial,Cultivation,Lúa,,Area_Planted,91823.0,ha,Actual,PL3b
ef038508-0614-4609-9180-02d392110775,2010,4,ĐBS Cửu Long,Provincial,Cultivation,Lúa,,Area_Planted,2594.0,ha,Actual,PL3b
2a6ead6f-b4b4-4b19-90e8-3498950fdfc2,2010,4,Long An,Provincial,Cultivation,Lúa,,Area_Planted,17656.0,ha,Actual,PL3b
2deceab9-c976-48b1-a64e-b9f73580f028,2010,4,Long An,Provincial,Cultivation,Lạc,,Area_Planted,4242.0,ha,Actual,PL3b
ebbdf23c-0f41-4a4f-8a9d-d4882d386bd7,2010,4,Long An,Provincial,Cultivation,Lúa,,Area_Planted,533.0,ha,Actual,PL3b
5ff11a25-795c-416a-b0c7-85b5de59aafb,2010,4,Long An,Provincial,Cultivation,Mía,,Area_Planted,12881.0,ha,Actual,PL3b
9d596081-4ed3-418b-bd12-76ad04e80f5a,2010,4,Long An,Provincial,Cultivation,Lúa,,Area_Planted,8460.0,ha,Actual,PL3b
6f9d8375-1a4a-482d-91c9-2afd12aa6eb4,2010,4,Đồng Tháp,Provincial,Cultivation,Lúa,,Area_Planted,8665.0,ha,Actual,PL3b
7de893f8-ec49-44b8-a2ae-ad91ccce89d3,2010,4,Đồng Tháp,Provincial,Cultivation,Đậu,,Area_Planted,4879.0,ha,Actual,PL3b
8c620c2e-e5b9-457d-a5ae-54c91c6be3ae,2010,4,Đồng Tháp,Provincial,Cultivation,Lạc,,Area_Planted,16.0,ha,Actual,PL3b
234b917d-182a-4396-bfd4-c0e8f1ece34c,2010,4,Đồng Tháp,Provincial,Cultivation,Lúa,,Area_Planted,3646.0,ha,Actual,PL3b
c43e0955-d887-4736-8bff-3f0798e458b9,2010,4,Đồng Tháp,Provincial,Cultivation,Lúa,,Area_Planted,15.0,ha,Actual,PL3b
87e16fb4-d352-44a1-b5be-bc2ceae44bf3,2010,4,Đồng Tháp,Provincial,Cultivation,Mía,,Area_Planted,24.0,ha,Actual,PL3b
a75a286d-1053-4230-89d7-15a1eeb94382,2010,4,Đồng Tháp,Provincial,Cultivation,Lúa,,Area_Planted,85.0,ha,Actual,PL3b
68b3b52e-e3c2-4825-90a8-6349eff82881,2010,4,Đồng Tháp,Provincial,Cultivation,Lúa,,Area_Planted,5083.0,ha,Actual,PL3b
90f42ea5-3d1b-4de2-9ef7-5454a4fae24a,2010,4,An Giang,Provincial,Cultivation,Lúa,,Area_Planted,1352.0,ha,Actual,PL3b
e26ea56b-7eb6-4bd4-8c88-03d757f17e36,2010,4,An Giang,Provincial,Cultivation,Đậu,,Area_Planted,322.0,ha,Actual,PL3b
c58962c2-b076-4c3a-b36b-45620d6f6783,2010,4,An Giang,Provincial,Cultivation,Lạc,,Area_Planted,175.0,ha,Actual,PL3b
bc25db68-8fe1-490f-a989-5b3bcd1e3cf4,2010,4,An Giang,Provincial,Cultivation,Lúa,,Area_Planted,836.0,ha,Actual,PL3b
a29ee2bb-f3bc-49b6-922c-330e4ba5b4d3,2010,4,An Giang,Provincial,Cultivation,Lúa,,Area_Planted,1.0,ha,Actual,PL3b
d76125f5-a6f1-46bd-98c1-fc71d94f9bd9,2010,4,An Giang,Provincial,Cultivation,Mía,,Area_Planted,18.0,ha,Actual,PL3b
b475ce08-12a1-44ba-8ea8-21ec3ee6b782,2010,4,An Giang,Provincial,Cultivation,Lúa,,Area_Planted,7396.0,ha,Actual,PL3b
4cc1513c-0aba-4e82-9e75-2119bee898f8,2010,4,An Giang,Provincial,Cultivation,Lúa,,Area_Planted,1181.0,ha,Actual,PL3b
d25efdfc-e272-4c08-8621-7cce0c37c790,2010,4,Tiền Giang,Provincial,Cultivation,Lúa,,Area_Planted,19198.0,ha,Actual,PL3b
c44388be-1b84-4c92-9720-8e997e91d2a7,2010,4,Vĩnh Long,Provincial,Cultivation,Lúa,,Area_Planted,1588.0,ha,Actual,PL3b
b1f8dce8-368b-4a7e-b6fe-0fe28dd4c76d,2010,4,Vĩnh Long,Provincial,Cultivation,Đậu,,Area_Planted,700.0,ha,Actual,PL3b
54b491b6-0be6-4ec2-959c-d0df18a5f86b,2010,4,Vĩnh Long,Provincial,Cultivation,Lạc,,Area_Planted,29.0,ha,Actual,PL3b
047c1e62-aa38-498b-b6e4-5287d7963862,2010,4,Vĩnh Long,Provincial,Cultivation,Lúa,,Area_Planted,205.0,ha,Actual,PL3b
26255e42-e51b-4ef6-8b7f-6ea4e84b0a71,2010,4,Vĩnh Long,Provincial,Cultivation,Mía,,Area_Planted,144.0,ha,Actual,PL3b
2899ff72-a384-4e51-a5ff-7c95364d07d1,2010,4,Vĩnh Long,Provincial,Cultivation,Lúa,,Area_Planted,510.0,ha,Actual,PL3b
720dfb89-a55f-49fa-9444-74b9d4a94860,2010,4,Vĩnh Long,Provincial,Cultivation,Lúa,,Area_Planted,9845.0,ha,Actual,PL3b
ac384efe-4548-4380-8560-a3763ef6dfe5,2010,4,Vĩnh Long,Provincial,Cultivation,Lúa,,Area_Planted,243.0,ha,Actual,PL3b
b706eccc-e8af-4ffd-ac31-c91ee44c40cc,2010,4,Bến Tre,Provincial,Cultivation,Lúa,,Area_Planted,6321.0,ha,Actual,PL3b
689310eb-0e51-485e-b47c-8bed2ae9d7d2,2010,4,Bến Tre,Provincial,Cultivation,Lạc,,Area_Planted,122.0,ha,Actual,PL3b
2eb2f467-2b5e-44c6-97dd-3c3a9ff90fe6,2010,4,Bến Tre,Provincial,Cultivation,Mía,,Area_Planted,5992.0,ha,Actual,PL3b
78a337aa-f83a-4891-a87f-8550261e61c2,2010,4,Bến Tre,Provincial,Cultivation,Lúa,,Area_Planted,207.0,ha,Actual,PL3b
1f8bb4a8-fd09-4cce-a99d-b6724d9e8040,2010,4,Bến Tre,Provincial,Cultivation,Lúa,,Area_Planted,2317.0,ha,Actual,PL3b
31a17cfd-0005-4497-a6c3-e8e2df00ab82,2010,4,Bến Tre,Provincial,Cultivation,Lúa,,Area_Planted,3.0,ha,Actual,PL3b
2dca23cb-555e-45a1-82a7-b960b4569910,2010,4,Cần Thơ,Provincial,Cultivation,Lúa,,Area_Planted,4215.0,ha,Actual,PL3b
0e0e5ca9-afdb-40f8-89d4-28ee5526abdd,2010,4,Cần Thơ,Provincial,Cultivation,Đậu,,Area_Planted,304.0,ha,Actual,PL3b
7f296803-526f-4311-849a-10383c2e50be,2010,4,Cần Thơ,Provincial,Cultivation,Lạc,,Area_Planted,14.0,ha,Actual,PL3b
d118e8a6-b976-48dd-b7b9-6f9242e37664,2010,4,Cần Thơ,Provincial,Cultivation,Lúa,,Area_Planted,3873.0,ha,Actual,PL3b
dff822a3-7dc1-4f3e-8121-b71653a6f364,2010,4,Cần Thơ,Provincial,Cultivation,Lúa,,Area_Planted,24.0,ha,Actual,PL3b
034d65d0-01ed-4726-b450-7fd8a4b93d5b,2010,4,Cần Thơ,Provincial,Cultivation,Lúa,,Area_Planted,2994.0,ha,Actual,PL3b
84f7fec6-dd29-4594-9b9d-9fc0d2c524fe,2010,4,Cần Thơ,Provincial,Cultivation,Lúa,,Area_Planted,325.0,ha,Actual,PL3b
403d4ba9-6888-411c-8cc4-025c702d227b,2010,4,Hậu Giang,Provincial,Cultivation,Lúa,,Area_Planted,13123.0,ha,Actual,PL3b
175ade50-1819-4ba7-9a28-7f1f0552ef13,2010,4,Hậu Giang,Provincial,Cultivation,Mía,,Area_Planted,13123.0,ha,Actual,PL3b
f9600af5-3ef6-4ae7-9c4b-8bfc78bbfde3,2010,4,Hậu Giang,Provincial,Cultivation,Lúa,,Area_Planted,872.0,ha,Actual,PL3b
0953774a-11ce-4346-8922-3717db54cd24,2010,4,Hậu Giang,Provincial,Cultivation,Lúa,,Area_Planted,77.0,ha,Actual,PL3b
90cabc86-701c-4599-83f4-9cb58f6be598,2010,4,Trà Vinh,Provincial,Cultivation,Lúa,,Area_Planted,8560.0,ha,Actual,PL3b
733c47e5-7e75-4237-900b-d938c357a4aa,2010,4,Trà Vinh,Provincial,Cultivation,Đậu,,Area_Planted,2.0,ha,Actual,PL3b
1cb4a3bd-2648-4c62-8279-8e69dd341a5e,2010,4,Trà Vinh,Provincial,Cultivation,Lạc,,Area_Planted,3445.0,ha,Actual,PL3b
2a8eb8f7-2991-4060-b98a-25965326bbe4,2010,4,Trà Vinh,Provincial,Cultivation,Mía,,Area_Planted,4758.0,ha,Actual,PL3b
d48b7ace-a73f-49c8-846e-74610e9feb02,2010,4,Trà Vinh,Provincial,Cultivation,Lúa,,Area_Planted,355.0,ha,Actual,PL3b
11113df6-0f26-48cd-8581-ae41eb8c81c8,2010,4,Trà Vinh,Provincial,Cultivation,Lúa,,Area_Planted,14649.0,ha,Actual,PL3b
d777724a-8538-4c2b-8bc7-655f61d68e1e,2010,4,Trà Vinh,Provincial,Cultivation,Lúa,,Area_Planted,765.0,ha,Actual,PL3b
8d17be61-d5f5-4cf5-a9ad-cd27a412b467,2010,4,Sóc Trăng,Provincial,Cultivation,Lúa,,Area_Planted,10596.0,ha,Actual,PL3b
cc03fea0-6b05-457c-8ccf-172f2b07c69b,2010,4,Sóc Trăng,Provincial,Cultivation,Mía,,Area_Planted,10596.0,ha,Actual,PL3b
348e3211-a7b2-4c68-adf6-768ee8a684c8,2010,4,Sóc Trăng,Provincial,Cultivation,Lúa,,Area_Planted,21009.0,ha,Actual,PL3b
07aa874a-6a99-46f7-8c74-77f056a39d43,2010,4,Bạc Liêu,Provincial,Cultivation,Lúa,,Area_Planted,131.0,ha,Actual,PL3b
43cdfa50-0a0c-4f41-8312-113772a437e2,2010,4,Bạc Liêu,Provincial,Cultivation,Đậu,,Area_Planted,131.0,ha,Actual,PL3b
7f8cd38b-da12-4985-9835-22ea6c6d1f46,2010,4,Cả nước,National,Forestry,Rừng,,Area,106.0,1000_ha,Estimated,PL6
bf3185d0-0cca-467c-9429-586404965af2,2010,4,Cả nước,National,Forestry,Rừng,,Area,770.0,1000_ha,Plan,PL6
2fb5de1f-9d29-4548-8390-b4ebe9982e4f,2010,4,Cả nước,National,Forestry,Rừng,,Area,31.0,1000_ha,Estimated,PL6
4d26dd59-0901-4acd-b785-f18d939c7344,2010,4,Cả nước,National,Forestry,Rừng,,Area,236.0,1000_ha,Plan,PL6
40273f53-cfc1-45be-af67-af4e9ba2a8b3,2010,4,Cả nước,National,Forestry,Rừng,,Area,2.0,1000_ha,Plan,PL6
54e39038-b457-4304-bc05-5cf09f1a65c3,2010,4,Cả nước,National,Forestry,Rừng,,Area,17.0,1000_ha,Plan,PL6
071ce5cb-220b-4dbf-b767-8cab9c7672c0,2010,4,Cả nước,National,Forestry,Rừng,,Area,0.9,1000_ha,Estimated,PL6
71ed8030-5290-47d4-9926-77ac4c294af6,2010,4,Cả nước,National,Forestry,Rừng,,Area,9.0,1000_ha,Plan,PL6
3719def2-3c25-4fde-82a4-95acc02eb98d,2010,4,Cả nước,National,Forestry,Rừng,,Area,0.1,1000_ha,Estimated,PL6
cd541e53-04d5-4d38-bfee-596eba8d60ed,2010,4,Cả nước,National,Forestry,Rừng,,Area,10.0,1000_ha,Plan,PL6
8635cda2-1304-4f84-a093-ad20ace4412d,2010,4,Cả nước,National,Forestry,Rừng,,Area,5.0,1000_ha,Plan,PL6
49636d69-f990-4871-b77b-5c7576bdc653,2010,4,Cả nước,National,Forestry,Rừng,,Area,11.0,1000_ha,Estimated,PL6
066c4ed3-d6f8-4593-96dc-6e0d5e749d80,2010,4,Cả nước,National,Forestry,Rừng,,Area,64.0,1000_ha,Plan,PL6
027de2cf-c2ef-4c2c-ab40-e60d073ee395,2010,4,Cả nước,National,Forestry,Rừng,,Area,1.0,1000_ha,Estimated,PL6
4e48ba44-7517-462b-9125-09e1506e99ad,2010,4,Cả nước,National,Forestry,Rừng,,Area,42.0,1000_ha,Plan,PL6
48b270b1-c8ee-4a02-b1a1-a22aa4e39bb5,2010,4,Cả nước,National,Forestry,Rừng,,Area,3.0,1000_ha,Estimated,PL6
7019e1a4-ff6f-4ad9-b220-4d2665383315,2010,4,Cả nước,National,Forestry,Rừng,,Area,20.0,1000_ha,Plan,PL6
aed2c5e7-5ca5-44ed-9754-8539e736d635,2010,4,Cả nước,National,Forestry,Rừng,,Area,8.0,1000_ha,Estimated,PL6
faf35af8-f9de-46e4-9c9b-64f828808136,2010,4,Cả nước,National,Forestry,Rừng,,Area,48.0,1000_ha,Plan,PL6
509500de-10f5-439d-b7f1-dded8b5b918d,2010,4,Cả nước,National,Forestry,Rừng,,Area,0.7,1000_ha,Estimated,PL6
219c60b2-0219-43e1-ac21-77408e17dffd,2010,4,Cả nước,National,Forestry,Rừng,,Area,4.0,1000_ha,Plan,PL6
62e8316c-d91e-45ca-b0e8-6207797b37e7,2010,4,Cả nước,National,Forestry,Rừng,,Area,6.0,1000_ha,Estimated,PL6
f43d5254-957d-45a0-9f01-01d6458cd2f2,2010,4,Cả nước,National,Forestry,Rừng,,Area,16.0,1000_ha,Plan,PL6
f8de06d1-b158-4245-9c7a-c6ed144ea357,2010,4,Cả nước,National,Forestry,Rừng,,Area,48.0,1000_ha,Estimated,PL6
60c727b3-254f-46fc-bd5d-c37cfaae5134,2010,4,Cả nước,National,Forestry,Rừng,,Area,204.0,1000_ha,Plan,PL6
33f962d9-7154-4be2-b547-7eaaa7061556,2010,4,Cả nước,National,Forestry,Rừng,,Area,3.0,1000_ha,Estimated,PL6
5c8580a8-a7d1-4195-b248-6e7f636c4693,2010,4,Cả nước,National,Forestry,Rừng,,Area,6.0,1000_ha,Plan,PL6
f6c93401-a27e-4958-a758-f0348d8ff311,2010,4,Cả nước,National,Forestry,Rừng,,Area,3.0,1000_ha,Estimated,PL6
67a12f74-5cdf-4e41-a4fc-14f0337a2b99,2010,4,Cả nước,National,Forestry,Rừng,,Area,3.0,1000_ha,Plan,PL6
0d719932-4932-46a4-8a47-61c971ba0118,2010,4,Cả nước,National,Forestry,Rừng,,Area,6.0,1000_ha,Estimated,PL6
cf996fb2-82ef-40eb-ae33-ef7dca98d8fa,2010,4,Cả nước,National,Forestry,Rừng,,Area,33.0,1000_ha,Plan,PL6
d269975e-39f8-4b62-b8f4-645d724793a6,2010,4,Cả nước,National,Forestry,Rừng,,Area,6.0,1000_ha,Estimated,PL6
8f9c34c0-bd8a-44b3-89ea-ddd2e1bfffca,2010,4,Cả nước,National,Forestry,Rừng,,Area,22.0,1000_ha,Plan,PL6
d908cc49-388f-4562-b244-9f4b11d0a7ed,2010,4,Cả nước,National,Forestry,Rừng,,Area,13.0,1000_ha,Estimated,PL6
dd2dfac8-51d1-49c1-9d6d-c1955dc5f98f,2010,4,Cả nước,National,Forestry,Rừng,,Area,26.0,1000_ha,Plan,PL6
c917cd03-a39b-4889-83dc-80bc2429088e,2010,4,Cả nước,National,Forestry,Rừng,,Area,3.0,1000_ha,Estimated,PL6
b681c5f7-0fe3-43c0-962b-44d14a94fb99,2010,4,Cả nước,National,Forestry,Rừng,,Area,7.0,1000_ha,Plan,PL6
8543fd65-ddb8-4385-94a6-8f9d8a72e0a3,2010,4,Cả nước,National,Forestry,Rừng,,Area,8.0,1000_ha,Estimated,PL6
0e110a96-1d29-45c9-90b4-ea7de323a3d2,2010,4,Cả nước,National,Forestry,Rừng,,Area,17.0,1000_ha,Plan,PL6
59fb7cda-9037-4913-91f6-519e64db19f7,2010,4,Cả nước,National,Forestry,Rừng,,Area,4.0,1000_ha,Estimated,PL6
0eb1a70e-9503-43a0-8019-3c0e1e641a14,2010,4,Cả nước,National,Forestry,Rừng,,Area,35.0,1000_ha,Plan,PL6
ae9db491-4d2f-40a5-8503-b4f42c7e1166,2010,4,Cả nước,National,Forestry,Rừng,,Area,16.0,1000_ha,Plan,PL6
ea5dbe24-ab5c-4a38-b643-2b84092cd484,2010,4,Cả nước,National,Forestry,Rừng,,Area,9.0,1000_ha,Plan,PL6
cc38c823-9201-4e89-8c86-4a7d5e8cf708,2010,4,Cả nước,National,Forestry,Rừng,,Area,2.0,1000_ha,Estimated,PL6
1f73b7c4-d4ff-4acb-a38a-7ae9bd0b43ae,2010,4,Cả nước,National,Forestry,Rừng,,Area,9.0,1000_ha,Plan,PL6
811fd4f1-917e-443e-a4a2-7261a6c60cb6,2010,4,Cả nước,National,Forestry,Rừng,,Area,13.0,1000_ha,Plan,PL6
ce9c103b-da64-41ab-b5fd-febd5279831d,2010,4,Cả nước,National,Forestry,Rừng,,Area,1.0,1000_ha,Estimated,PL6
1b6a8316-ff5a-4d2f-81ce-bebbd94ef1af,2010,4,Cả nước,National,Forestry,Rừng,,Area,5.0,1000_ha,Plan,PL6
968a2ce0-e4b5-4f75-a204-6a76a7680b32,2010,4,Cả nước,National,Forestry,Rừng,,Area,3.0,1000_ha,Plan,PL6
aa0f4570-af0e-4b52-896b-cbcc0b4b618b,2010,4,Cả nước,National,Forestry,Rừng,,Area,28.0,1000_ha,Estimated,PL6
25dc3199-0281-4642-8504-28b06df03313,2010,4,Cả nước,National,Forestry,Rừng,,Area,330.0,1000_ha,Plan,PL6
d44ed498-fd17-4619-b219-4066ffbe7be7,2010,4,Cả nước,National,Forestry,Rừng,,Area,8.0,1000_ha,Plan,PL6
38ccc9a6-936a-4781-89a3-ac051f18ac13,2010,4,Cả nước,National,Forestry,Rừng,,Area,20.0,1000_ha,Plan,PL6
70773eb1-cf0d-44f8-8df0-075d8485577f,2010,4,Cả nước,National,Forestry,Rừng,,Area,4.0,1000_ha,Estimated,PL6
9a6ff978-d1d6-45e2-ab89-9310e671bfef,2010,4,Cả nước,National,Forestry,Rừng,,Area,14.0,1000_ha,Plan,PL6
24c9e524-f35c-45c9-9dad-5ea04935f6dc,2010,4,Cả nước,National,Forestry,Rừng,,Area,27.0,1000_ha,Plan,PL6
bd35acc2-d82d-4210-8ce3-5e4fcbab3710,2010,4,Cả nước,National,Forestry,Rừng,,Area,55.0,1000_ha,Plan,PL6
ad229ac6-fbec-4427-9b9a-eb10d8c850a6,2010,4,Cả nước,National,Forestry,Rừng,,Area,6.0,1000_ha,Estimated,PL6
2947f57e-b3ea-4a90-b8fc-74c6a3b153ac,2010,4,Cả nước,National,Forestry,Rừng,,Area,37.0,1000_ha,Plan,PL6
aa79781a-8afc-4394-aa9a-aaa449c1e32b,2010,4,Cả nước,National,Forestry,Rừng,,Area,17.0,1000_ha,Plan,PL6
bef5dc0b-3131-43b9-8509-1fe06f865446,2010,4,Cả nước,National,Forestry,Rừng,,Area,3.0,1000_ha,Estimated,PL6
c313cfbd-d779-4e4e-a8b7-4efa17dccf14,2010,4,Cả nước,National,Forestry,Rừng,,Area,23.0,1000_ha,Plan,PL6
8f246293-b41e-4373-b944-8972a9f55fa3,2010,4,Cả nước,National,Forestry,Rừng,,Area,0.6,1000_ha,Estimated,PL6
d6905c22-b2fa-425e-abc3-db353b16dda5,2010,4,Cả nước,National,Forestry,Rừng,,Area,7.0,1000_ha,Plan,PL6
259ff0b9-3872-4a08-b3cd-10f54a210a51,2010,4,Cả nước,National,Forestry,Rừng,,Area,2.0,1000_ha,Estimated,PL6
dd793b31-2824-4e29-bf11-58a9f087c50c,2010,4,Cả nước,National,Forestry,Rừng,,Area,16.0,1000_ha,Plan,PL6
f2413a95-d9b0-4781-a55f-7aa8f7de9836,2010,4,Cả nước,National,Forestry,Rừng,,Area,6.0,1000_ha,Estimated,PL6
c4c92fbb-4b07-489e-a8ff-44de8e9ae1f3,2010,4,Cả nước,National,Forestry,Rừng,,Area,31.0,1000_ha,Plan,PL6
1b6229b6-0967-46f4-9546-9cc30fb1f413,2010,4,Cả nước,National,Forestry,Rừng,,Area,3.0,1000_ha,Estimated,PL6
b2bb9c99-b651-49f7-82cc-3b6c645567c8,2010,4,Cả nước,National,Forestry,Rừng,,Area,28.0,1000_ha,Plan,PL6
ff48d12a-90b6-4979-bb46-921dc9251fc5,2010,4,Cả nước,National,Forestry,Rừng,,Area,1.0,1000_ha,Estimated,PL6
b744f38d-646a-43b7-991d-64d144487a19,2010,4,Cả nước,National,Forestry,Rừng,,Area,17.0,1000_ha,Plan,PL6
3432cc6e-c67f-47ae-99ca-92c3158180b8,2010,4,Cả nước,National,Forestry,Rừng,,Area,7.0,1000_ha,Plan,PL6
b83bf9f2-2e80-4418-9254-3626c573ea27,2010,4,Cả nước,National,Forestry,Rừng,,Area,4.0,1000_ha,Estimated,PL6
16cb066c-3c75-47ab-89a6-7abc82e12616,2010,4,Cả nước,National,Forestry,Rừng,,Area,24.0,1000_ha,Plan,PL6
6cea3e75-9c15-4a2e-8444-7a43dafd8661,2010,1,Cả nước,National,Trade,"1. Nông sản chính,trong đó:",Xuất khẩu,Export_Value,890.0,million_USD,Actual,PL8
aa010fe5-bcb4-4d8e-9fc8-2dfe12348877,2010,1,Cả nước,National,Trade,Cà phê,Xuất khẩu,Export_Volume,120.0,1000_ton,Actual,PL8
4bdf1945-3708-4cac-a188-13b0bb43b697,2010,1,Cả nước,National,Trade,Cà phê,Xuất khẩu,Export_Value,168.0,million_USD,Actual,PL8
7376a56c-2bb4-445c-acc1-8d04def6b38f,2010,1,Cả nước,National,Trade,Cao su,Xuất khẩu,Export_Volume,50.0,1000_ton,Actual,PL8
d56b330e-76ef-43f4-896e-35066ca66acf,2010,1,Cả nước,National,Trade,Cao su,Xuất khẩu,Export_Value,120.0,million_USD,Actual,PL8
e871b706-9cbc-4e90-a92c-34c43ff2d1b0,2010,1,Cả nước,National,Trade,Gạo,Xuất khẩu,Export_Volume,700.0,1000_ton,Actual,PL8
56269861-7f41-47cd-ab5e-e6f06caf80ff,2010,1,Cả nước,National,Trade,Gạo,Xuất khẩu,Export_Value,385.0,million_USD,Actual,PL8
2b6728d5-5777-4632-811b-f0d115d84497,2010,1,Cả nước,National,Trade,Chè,Xuất khẩu,Export_Volume,7.0,1000_ton,Actual,PL8
30b8bb5e-fade-4956-a87c-83ac4493634a,2010,1,Cả nước,National,Trade,Chè,Xuất khẩu,Export_Value,10.0,million_USD,Actual,PL8
6e33320e-0086-490e-897b-5dcc12d1d29d,2010,1,Cả nước,National,Trade,Hạt điều,Xuất khẩu,Export_Volume,10.0,1000_ton,Actual,PL8
8437a0c7-2da3-4e4c-8c6c-e10e69d7b0b2,2010,1,Cả nước,National,Trade,Hạt điều,Xuất khẩu,Export_Value,52.0,million_USD,Actual,PL8
75a1d9b6-8be7-4e3f-9871-c65d17b3dc6e,2010,1,Cả nước,National,Trade,Hạt tiêu,Xuất khẩu,Export_Volume,15.0,1000_ton,Actual,PL8
1bcb71b0-75c0-48ea-ad8d-684613553b84,2010,1,Cả nước,National,Trade,Hạt tiêu,Xuất khẩu,Export_Value,45.0,million_USD,Actual,PL8
346fcc80-0341-4cbb-8b01-f9dd6b3a616e,2010,1,Cả nước,National,Trade,Hàng rau quả,Xuất khẩu,Export_Value,37.0,million_USD,Actual,PL8
95fe9014-7abb-4f50-968d-8c23e3e0e7b9,2010,1,Cả nước,National,Trade,Sắn và sản phẩm từ sắn,Xuất khẩu,Export_Volume,430.0,1000_ton,Actual,PL8
d6841d63-4151-4578-9440-ff1d51d9e26c,2010,1,Cả nước,National,Trade,Sắn và sản phẩm từ sắn,Xuất khẩu,Export_Value,73.0,million_USD,Actual,PL8
31c010c6-914e-47b8-ba22-02f81ce157e6,2010,1,Cả nước,National,Trade,2. Thuỷ sản,Xuất khẩu,Export_Value,350.0,million_USD,Actual,PL8
25259600-3704-463d-9af4-9958e2615af2,2010,1,Cả nước,National,Trade,"3. Lâm sản chính,trong đó:",Xuất khẩu,Export_Value,3002.0,million_USD,Actual,PL8
f74fd2df-5019-4e40-8e15-09f7c727fd8e,2010,1,Cả nước,National,Trade,Gỗ & sản phẩm gỗ,Xuất khẩu,Export_Value,280.0,million_USD,Actual,PL8
d67806ec-98b5-4ad2-b5c1-fe13fc2e804f,2010,1,Cả nước,National,Trade,"SP mây, tre, cói, thảm",Xuất khẩu,Export_Value,18.0,million_USD,Actual,PL8
4423178d-0350-4fb6-98a2-6d0538912397,2010,1,Cả nước,National,Trade,Các mặt hàng nông lâm sản khác,Xuất khẩu,Export_Value,60.0,million_USD,Actual,PL8
48907f7a-7f07-4584-88fe-5c0be8b813a5,2010,1,Cả nước,National,Trade,Các mặt hàng nhập khẩu chính,Xuất khẩu,Export_Value,716.0,million_USD,Actual,PL8
ea16d54a-96da-4e00-bfbf-39368d8b633d,2010,1,Cả nước,National,Trade,Phân bón các loại,Xuất khẩu,Export_Volume,200.0,1000_ton,Actual,PL8
8d617a12-0f50-447e-b7e5-3f9442205b9b,2010,1,Cả nước,National,Trade,Phân bón các loại,Xuất khẩu,Export_Value,60.0,million_USD,Actual,PL8
30fb96b3-29c3-46ce-8ae0-078d8b9f6a74,2010,1,Cả nước,National,Trade,- U RE,Xuất khẩu,Export_Volume,40.0,1000_ton,Actual,PL8
31557965-e817-4c51-84b1-7f4594900993,2010,1,Cả nước,National,Trade,- U RE,Xuất khẩu,Export_Value,13.0,million_USD,Actual,PL8
69b5f326-cd32-46b6-a694-3a22c6f98900,2010,1,Cả nước,National,Trade,- S A,Xuất khẩu,Export_Volume,60.0,1000_ton,Actual,PL8
5f59ea85-61f3-4af2-89f5-95e28969905f,2010,1,Cả nước,National,Trade,- S A,Xuất khẩu,Export_Value,9.0,million_USD,Actual,PL8
756d6cf4-b93a-4d43-9fbf-178bdbab5c6c,2010,1,Cả nước,National,Trade,- D A P,Xuất khẩu,Export_Volume,30.0,1000_ton,Actual,PL8
a0546a22-e4c1-46ae-8b5f-3bc3d54cafce,2010,1,Cả nước,National,Trade,- D A P,Xuất khẩu,Export_Value,13.0,million_USD,Actual,PL8
2f7b514b-ab3b-4e83-941a-0b2dcbe29a89,2010,1,Cả nước,National,Trade,- N P K,Xuất khẩu,Export_Volume,25.0,1000_ton,Actual,PL8
257d41a6-38f6-4579-896d-349603d7de54,2010,1,Cả nước,National,Trade,- N P K,Xuất khẩu,Export_Value,9.0,million_USD,Actual,PL8
33b0cc67-f39a-47bd-b10e-5b2b7dc7b222,2010,1,Cả nước,National,Trade,- Các loại phân bón khác,Xuất khẩu,Export_Volume,45.0,1000_ton,Actual,PL8
7f637b12-865f-44e2-af4a-5acb787e64d2,2010,1,Cả nước,National,Trade,- Các loại phân bón khác,Xuất khẩu,Export_Value,16.0,million_USD,Actual,PL8
a74aa3f0-f5ca-46fc-973e-81e4bc469b7f,2010,1,Cả nước,National,Trade,Thuốc trừ sâu & nguyên liệu,Xuất khẩu,Export_Value,45.0,million_USD,Actual,PL8
e502fe2f-8ff9-4711-994c-6301bc9a5864,2010,1,Cả nước,National,Trade,Lúa mỳ,Xuất khẩu,Export_Volume,185.0,1000_ton,Actual,PL8
9fa82af6-3a3f-4d1a-8493-5cbdb10e285b,2010,1,Cả nước,National,Trade,Lúa mỳ,Xuất khẩu,Export_Value,45.0,million_USD,Actual,PL8
791c34d7-0f4e-4b98-b262-57457439837f,2010,1,Cả nước,National,Trade,Thức ăn gia súc và nguyên liệu,Xuất khẩu,Export_Value,200.0,million_USD,Actual,PL8
76c60f16-464c-4d20-aa49-261a5a2624bb,2010,1,Cả nước,National,Trade,"Dầu mỡ động, thực vật",Xuất khẩu,Export_Value,60.0,million_USD,Actual,PL8
fdb21c07-5af8-4492-8841-0c3966914a90,2010,1,Cả nước,National,Trade,Cao su,Xuất khẩu,Export_Volume,30.0,1000_ton,Actual,PL8
c08dac07-d855-4bde-8a6a-45dd24db23f4,2010,1,Cả nước,National,Trade,Cao su,Xuất khẩu,Export_Value,60.0,million_USD,Actual,PL8
ed6a9a4e-2b1f-4dc4-bd30-3db03eb911d7,2010,1,Cả nước,National,Trade,Bông các loại,Xuất khẩu,Export_Volume,35.0,1000_ton,Actual,PL8
182f859a-cfe9-46ff-af89-6857659e1569,2010,1,Cả nước,National,Trade,Bông các loại,Xuất khẩu,Export_Value,60.0,million_USD,Actual,PL8
adbbef39-afba-4222-b59b-e8257c854c97,2010,1,Cả nước,National,Trade,Sữa &sản phẩm sữa,Xuất khẩu,Export_Value,60.0,million_USD,Actual,PL8
81c9acce-bfca-4508-a885-a816715a3a2e,2010,1,Cả nước,National,Trade,Gỗ & sản phẩm gỗ,Xuất khẩu,Export_Value,80.0,million_USD,Actual,PL8
c61ecd55-9cce-437b-afc0-b7f6d1b5a1bc,2010,1,Cả nước,National,Trade,Muối,Xuất khẩu,Export_Value,1.0,million_USD,Actual,PL8
1b1060db-ac7f-4c05-8274-737236d63eb7,2010,1,Cả nước,National,Trade,Hàng thủy sản,Xuất khẩu,Export_Value,25.0,million_USD,Actual,PL8
ec8be3da-29b1-4b43-89a4-d5e3e71d056f,2010,1,Cả nước,National,Trade,Hàng rau quả,Xuất khẩu,Export_Value,20.0,million_USD,Actual,PL8
e1aca5a1-3148-43cb-a076-bc838677ae80,2010,4,Cả nước,National,Investment,Cà phê,,Investment_Amount,442534.0,million_VND,Plan,PL9a
04a1c9bb-a5d3-473a-a939-2cea88229641,2010,4,Cả nước,National,Investment,Cà phê,,Investment_Amount,482605.0,million_VND,Cumulative,PL9a
ce16f96f-e1be-466e-9cef-3419456c2653,2010,4,Cả nước,National,Investment,ĐỨC,,Investment_Amount,48326.0,million_VND,Plan,PL9a
aad66d24-3855-46e5-894e-8dd1b4a97cc3,2010,4,Cả nước,National,Investment,ĐỨC,,Investment_Amount,67861.0,million_VND,Cumulative,PL9a
a969b56e-78e3-442e-a83c-29e087fff8e3,2010,4,Cả nước,National,Investment,HOA KỲ,,Investment_Amount,42914.0,million_VND,Plan,PL9a
13c480d7-ab2c-47f7-a92b-209ee391d1d5,2010,4,Cả nước,National,Investment,HOA KỲ,,Investment_Amount,60356.0,million_VND,Cumulative,PL9a
6755b4ab-f80a-42be-a790-cfb343e2ef2c,2010,4,Cả nước,National,Investment,ITALIA,,Investment_Amount,43820.0,million_VND,Plan,PL9a
e83f746f-6bf7-4726-a46c-fc42f49a7e6b,2010,4,Cả nước,National,Investment,ITALIA,,Investment_Amount,30080.0,million_VND,Cumulative,PL9a
b2b10e89-adc8-4886-a427-21da8531ca82,2010,4,Cả nước,National,Investment,NHẬT BẢN,,Investment_Amount,17921.0,million_VND,Plan,PL9a
981d902d-e584-4ed9-bd0e-153f8bf292f9,2010,4,Cả nước,National,Investment,NHẬT BẢN,,Investment_Amount,26204.0,million_VND,Cumulative,PL9a
5a64ebea-6b02-44e1-954b-c62f64f702b6,2010,4,Cả nước,National,Investment,TÂY BAN NHA,,Investment_Amount,24090.0,million_VND,Plan,PL9a
804e089d-0fcf-40a9-aeca-d4d363c1902b,2010,4,Cả nước,National,Investment,TÂY BAN NHA,,Investment_Amount,24594.0,million_VND,Cumulative,PL9a
636adfcc-cfe5-4318-8f7c-871b64020833,2010,4,Cả nước,National,Investment,BỈ,,Investment_Amount,74881.0,million_VND,Plan,PL9a
be573479-e79c-453f-bbb5-f55acf60f0d6,2010,4,Cả nước,National,Investment,BỈ,,Investment_Amount,20742.0,million_VND,Cumulative,PL9a
f8c37f51-54fb-4aa9-84ae-091a77777a88,2010,4,Cả nước,National,Investment,ANH,,Investment_Amount,10922.0,million_VND,Plan,PL9a
b2b6a61a-fad6-45d7-b883-c443db9ddf9f,2010,4,Cả nước,National,Investment,ANH,,Investment_Amount,15438.0,million_VND,Cumulative,PL9a
b67f5acc-8ebd-4b08-8c40-3198f44d33e8,2010,4,Cả nước,National,Investment,NGA,,Investment_Amount,7706.0,million_VND,Plan,PL9a
c275f7a8-4b0a-4233-843d-35d8676a7deb,2010,4,Cả nước,National,Investment,NGA,,Investment_Amount,13431.0,million_VND,Cumulative,PL9a
9de791df-1005-4c46-bb5c-60d22bd36b87,2010,4,Cả nước,National,Investment,INĐÔNÊXIA,,Investment_Amount,728.0,million_VND,Plan,PL9a
6639f3db-1bfd-435f-929f-df53456fd405,2010,4,Cả nước,National,Investment,INĐÔNÊXIA,,Investment_Amount,13256.0,million_VND,Cumulative,PL9a
d1ca51db-707c-411d-bfbe-411ed6d6a89c,2010,4,Cả nước,National,Investment,HÀN QUỐC,,Investment_Amount,9658.0,million_VND,Plan,PL9a
89bea671-da0b-4872-96b2-1026d0c43ccc,2010,4,Cả nước,National,Investment,HÀN QUỐC,,Investment_Amount,10599.0,million_VND,Cumulative,PL9a
66cbbb56-86e2-4fad-884a-f4f369852c8e,2010,4,Cả nước,National,Investment,Cao su,,Investment_Amount,118885.0,million_VND,Plan,PL9a
ae4d73fc-f3b3-4270-9632-56f4e04b1f0e,2010,4,Cả nước,National,Investment,Cao su,,Investment_Amount,325478.0,million_VND,Cumulative,PL9a
74d32060-71bf-4c02-a3e2-bdf81c5a908f,2010,4,Cả nước,National,Investment,TRUNG QUỐC,,Investment_Amount,86510.0,million_VND,Plan,PL9a
16f162d1-58c6-4934-be67-807bb0ee0129,2010,4,Cả nước,National,Investment,TRUNG QUỐC,,Investment_Amount,222795.0,million_VND,Cumulative,PL9a
a1ca9692-e9da-455b-983f-1efabcc4ca5f,2010,4,Cả nước,National,Investment,HÀN QUỐC,,Investment_Amount,5952.0,million_VND,Plan,PL9a
7c3c0120-9387-4cd9-ab52-4a9acd0dabec,2010,4,Cả nước,National,Investment,HÀN QUỐC,,Investment_Amount,14689.0,million_VND,Cumulative,PL9a
aee29604-76c3-41bd-a4e9-e3661336c622,2010,4,Cả nước,National,Investment,NGA,,Investment_Amount,432.0,million_VND,Plan,PL9a
2aad105c-229b-4527-b4bc-f0746fbe7797,2010,4,Cả nước,National,Investment,NGA,,Investment_Amount,13471.0,million_VND,Cumulative,PL9a
582d7ed0-5dcc-481a-9b4e-87164def64d7,2010,4,Cả nước,National,Investment,ĐÀI LOAN,,Investment_Amount,3480.0,million_VND,Plan,PL9a
e93f9c6c-0cd0-467b-8363-262bb1dbbce6,2010,4,Cả nước,National,Investment,ĐÀI LOAN,,Investment_Amount,11928.0,million_VND,Cumulative,PL9a
b16b8033-5e21-458f-ac95-c9f74c92ec07,2010,4,Cả nước,National,Investment,ĐỨC,,Investment_Amount,2882.0,million_VND,Plan,PL9a
34481030-73ea-4b5e-8b41-5d624ef23a8a,2010,4,Cả nước,National,Investment,ĐỨC,,Investment_Amount,10935.0,million_VND,Cumulative,PL9a
ba92224f-af2c-4b24-b160-557a5141569b,2010,4,Cả nước,National,Investment,HOA KỲ,,Investment_Amount,3300.0,million_VND,Plan,PL9a
de85c04c-79be-47b0-8982-231191739126,2010,4,Cả nước,National,Investment,HOA KỲ,,Investment_Amount,8665.0,million_VND,Cumulative,PL9a
25b34a54-1f83-48a6-b6df-dd518ed458c3,2010,4,Cả nước,National,Investment,NHẬT BẢN,,Investment_Amount,1873.0,million_VND,Plan,PL9a
aba7ee17-ec1d-4759-927c-05dc3f42ffa4,2010,4,Cả nước,National,Investment,NHẬT BẢN,,Investment_Amount,6810.0,million_VND,Cumulative,PL9a
eb549c9e-ac9a-4e27-8b70-ba20b3e13570,2010,4,Cả nước,National,Investment,THỔ NHĨ KỲ,,Investment_Amount,1435.0,million_VND,Plan,PL9a
a9ccfb32-2847-45d5-9514-670ec57649e2,2010,4,Cả nước,National,Investment,THỔ NHĨ KỲ,,Investment_Amount,5266.0,million_VND,Cumulative,PL9a
f8e0e5e3-5568-494c-9f5a-52eb426e6bd9,2010,4,Cả nước,National,Investment,MALAIXIA,,Investment_Amount,3141.0,million_VND,Plan,PL9a
b4161b15-1005-4355-9a19-1ae47acfae79,2010,4,Cả nước,National,Investment,MALAIXIA,,Investment_Amount,4842.0,million_VND,Cumulative,PL9a
2bab4d14-7d68-40ae-be3f-1f020ed59cad,2010,4,Cả nước,National,Investment,ẤN ĐỘ,,Investment_Amount,247.0,million_VND,Plan,PL9a
453f2627-e26d-4fbb-aeae-7f4d12fef548,2010,4,Cả nước,National,Investment,ẤN ĐỘ,,Investment_Amount,4366.0,million_VND,Cumulative,PL9a
48de5fd2-5315-4fdf-8e5a-ecdb4b8a2866,2010,4,Cả nước,National,Investment,Chè,,Investment_Amount,23327.0,million_VND,Plan,PL9a
fc6755b9-485b-4019-9044-0a72cef2f298,2010,4,Cả nước,National,Investment,Chè,,Investment_Amount,35609.0,million_VND,Cumulative,PL9a
822dea07-8310-4dfe-8a38-c9aa18c90b90,2010,4,Cả nước,National,Investment,NGA,,Investment_Amount,3866.0,million_VND,Plan,PL9a
e0164f1c-00af-4249-babf-9be89bd8c783,2010,4,Cả nước,National,Investment,NGA,,Investment_Amount,7094.0,million_VND,Cumulative,PL9a
36edf807-8798-4414-b61b-1d4ecf549a09,2010,4,Cả nước,National,Investment,PAKISTAN,,Investment_Amount,6739.0,million_VND,Plan,PL9a
46e81448-82d8-4e62-97d0-4b228ffb689c,2010,4,Cả nước,National,Investment,PAKISTAN,,Investment_Amount,3951.0,million_VND,Cumulative,PL9a
2322a2e3-49d7-4577-89c7-c63fda084f5c,2010,4,Cả nước,National,Investment,ĐÀI LOAN,,Investment_Amount,3015.0,million_VND,Plan,PL9a
b89c7d09-e4e2-46bc-a971-5f2d9d52a6f5,2010,4,Cả nước,National,Investment,ĐÀI LOAN,,Investment_Amount,3649.0,million_VND,Cumulative,PL9a
b367506e-a277-4e77-b308-f672294727b7,2010,4,Cả nước,National,Investment,TIỂU V Q ARẬPTHỐNG NHÂT,,Investment_Amount,37.0,million_VND,Plan,PL9a
2ec8a8c2-3ce6-40f6-9044-0134fed6c64e,2010,4,Cả nước,National,Investment,TIỂU V Q ARẬPTHỐNG NHÂT,,Investment_Amount,2216.0,million_VND,Cumulative,PL9a
1ee84f22-383f-40c3-a469-90e2858eee75,2010,4,Cả nước,National,Investment,ẤN ĐỘ,,Investment_Amount,638.0,million_VND,Plan,PL9a
30ab1043-d95a-43a5-b768-1fe3c09cab6c,2010,4,Cả nước,National,Investment,ẤN ĐỘ,,Investment_Amount,2168.0,million_VND,Cumulative,PL9a
0cbf45f6-b4e5-43fe-b58c-69c4f91baa6e,2010,4,Cả nước,National,Investment,TRUNG QUỐC,,Investment_Amount,875.0,million_VND,Plan,PL9a
dfc74727-11f6-4b19-9727-f6ff81e337aa,2010,4,Cả nước,National,Investment,TRUNG QUỐC,,Investment_Amount,1539.0,million_VND,Cumulative,PL9a
2ed8f1bb-1283-4f50-a2bc-7ad8285cba90,2010,4,Cả nước,National,Investment,HOA KỲ,,Investment_Amount,840.0,million_VND,Plan,PL9a
40aadaa2-4f37-435b-8f9e-142563127c22,2010,4,Cả nước,National,Investment,HOA KỲ,,Investment_Amount,1490.0,million_VND,Cumulative,PL9a
5de716c2-2214-49d1-83ef-b244ae8d4960,2010,4,Cả nước,National,Investment,ĐỨC,,Investment_Amount,656.0,million_VND,Plan,PL9a
4b30a775-7769-43ae-a9db-3aeae7659e70,2010,4,Cả nước,National,Investment,ĐỨC,,Investment_Amount,1447.0,million_VND,Cumulative,PL9a
1210ec27-0f8c-4ef9-981e-65635e3640f2,2010,4,Cả nước,National,Investment,INĐÔNÊXIA,,Investment_Amount,637.0,million_VND,Plan,PL9a
4b3459dd-5b56-4098-ab1e-34cf29a77f4b,2010,4,Cả nước,National,Investment,INĐÔNÊXIA,,Investment_Amount,1292.0,million_VND,Cumulative,PL9a
2000a0c1-265c-44bf-aa9e-fa9d82b9369c,2010,4,Cả nước,National,Investment,PHILIPPIN,,Investment_Amount,98.0,million_VND,Plan,PL9a
934ba9af-898a-4bb0-8fbb-201e34dce398,2010,4,Cả nước,National,Investment,PHILIPPIN,,Investment_Amount,955.0,million_VND,Cumulative,PL9a
e7c31547-7573-44d6-8535-e37c512e2c09,2010,4,Cả nước,National,Investment,Gạo,,Investment_Amount,1780451.0,million_VND,Plan,PL9a
80e757c7-c4b8-441b-adb4-1ad6754deaac,2010,4,Cả nước,National,Investment,Gạo,,Investment_Amount,792565.0,million_VND,Cumulative,PL9a
e051ff0e-c5e0-4762-bd34-8e095b618f5f,2010,4,Cả nước,National,Investment,PHILIPPIN,,Investment_Amount,650954.0,million_VND,Plan,PL9a
3680f26a-7bd2-45bf-946c-74f262dcf601,2010,4,Cả nước,National,Investment,PHILIPPIN,,Investment_Amount,487199.0,million_VND,Cumulative,PL9a
13d5453f-4b18-47cd-bd1c-bed66f3300cf,2010,4,Cả nước,National,Investment,MALAIXIA,,Investment_Amount,170691.0,million_VND,Plan,PL9a
81a84c43-1308-419d-bab8-80cea4730a93,2010,4,Cả nước,National,Investment,MALAIXIA,,Investment_Amount,53471.0,million_VND,Cumulative,PL9a
d5d0b2af-7856-4bf2-8935-2d14949cbc55,2010,4,Cả nước,National,Investment,CU BA,,Investment_Amount,115600.0,million_VND,Plan,PL9a
427f30f3-75d7-4143-9ed2-cadec35f5423,2010,4,Cả nước,National,Investment,CU BA,,Investment_Amount,43847.0,million_VND,Cumulative,PL9a
fab5b336-eac6-4e5c-b13d-f50311a4e275,2010,4,Cả nước,National,Investment,ĐÀI LOAN,,Investment_Amount,33311.0,million_VND,Plan,PL9a
9abd8fff-95ee-4c30-9658-5e215b073ba7,2010,4,Cả nước,National,Investment,ĐÀI LOAN,,Investment_Amount,40597.0,million_VND,Cumulative,PL9a
c0840da6-424e-4bab-954b-c42d30d16766,2010,4,Cả nước,National,Investment,SINGAPO,,Investment_Amount,57140.0,million_VND,Plan,PL9a
10a9aed1-cebc-47a3-965d-4356017db946,2010,4,Cả nước,National,Investment,SINGAPO,,Investment_Amount,36872.0,million_VND,Cumulative,PL9a
6add8e53-3e9f-415e-81ef-a75949bdd405,2010,4,Cả nước,National,Investment,INĐÔNÊXIA,,Investment_Amount,15250.0,million_VND,Plan,PL9a
3489cf0b-3b0e-413c-8cbc-a21578c65c13,2010,4,Cả nước,National,Investment,INĐÔNÊXIA,,Investment_Amount,8227.0,million_VND,Cumulative,PL9a
cf8bd85c-0b1c-4c34-b16a-deee26c048a9,2010,4,Cả nước,National,Investment,HỒNG KÔNG,,Investment_Amount,2631.0,million_VND,Plan,PL9a
873c836e-dc4a-4ae7-a192-a97050fa796d,2010,4,Cả nước,National,Investment,HỒNG KÔNG,,Investment_Amount,6601.0,million_VND,Cumulative,PL9a
b8aa8988-ffab-4f1c-acf6-3fdce77e39a3,2010,4,Cả nước,National,Investment,NGA,,Investment_Amount,36225.0,million_VND,Plan,PL9a
f18d7be4-319e-4002-a23c-52c02eaee670,2010,4,Cả nước,National,Investment,NGA,,Investment_Amount,6598.0,million_VND,Cumulative,PL9a
554a3d56-79dd-4876-9294-14da59a571e2,2010,4,Cả nước,National,Investment,UCRAINA,,Investment_Amount,13244.0,million_VND,Plan,PL9a
ff6e4519-a847-441c-9f02-146ab74ab450,2010,4,Cả nước,National,Investment,UCRAINA,,Investment_Amount,1879.0,million_VND,Cumulative,PL9a
1e6debe7-fbf1-4274-ba42-48d9b2c606ea,2010,4,Cả nước,National,Investment,NAM PHI,,Investment_Amount,14521.0,million_VND,Plan,PL9a
76603115-cdd9-43aa-8b32-ec200f0fe5be,2010,4,Cả nước,National,Investment,NAM PHI,,Investment_Amount,1437.0,million_VND,Cumulative,PL9a
3c09d177-f540-4c47-a085-e11bcaf171f9,2010,4,Cả nước,National,Investment,Gỗ & sản phẩm gỗ,,Investment_Amount,746939.0,million_VND,Cumulative,PL9a
b2bab295-4879-4e60-8957-07ecec0cc54a,2010,4,Cả nước,National,Investment,HOA KỲ,,Investment_Amount,279252.0,million_VND,Cumulative,PL9a
6e8452e1-35ec-482a-8b53-0185de7dddc3,2010,4,Cả nước,National,Investment,NHẬT BẢN,,Investment_Amount,94655.0,million_VND,Cumulative,PL9a
52778846-42fc-4038-bc09-4eb11c27f9b5,2010,4,Cả nước,National,Investment,Bông các loại,,Investment_Amount,34597.0,million_VND,Plan,PL9b
72f3410e-d330-4ab0-ad31-df0b2c9c0aa1,2010,4,Cả nước,National,Investment,Bông các loại,,Investment_Amount,148145.0,million_VND,Cumulative,PL9b
5f58dfde-5903-4a4f-bd24-ff683dd9dfeb,2010,4,Cả nước,National,Investment,Hoa Kỳ,,Investment_Amount,18258.0,million_VND,Plan,PL9b
ca55bce2-d17e-4859-9a52-63b36919cb82,2010,4,Cả nước,National,Investment,Hoa Kỳ,,Investment_Amount,45571.0,million_VND,Cumulative,PL9b
3d54e63b-346c-487b-9a30-de22af830b92,2010,4,Cả nước,National,Investment,Ấn Độ,,Investment_Amount,1073.0,million_VND,Plan,PL9b
5d9f2944-b81c-4da4-a6c1-3cfca0653b8c,2010,4,Cả nước,National,Investment,Ấn Độ,,Investment_Amount,38392.0,million_VND,Cumulative,PL9b
131c91e1-b265-4f1b-9a43-d480e8386fef,2010,4,Cả nước,National,Investment,Braxin,,Investment_Amount,1847.0,million_VND,Plan,PL9b
b8f88dc6-caac-453a-bf37-fab4f1f9ec73,2010,4,Cả nước,National,Investment,Braxin,,Investment_Amount,6437.0,million_VND,Cumulative,PL9b
e411aa45-03c4-4b7d-b151-0eadac46f656,2010,4,Cả nước,National,Investment,Trung Quốc,,Investment_Amount,64.0,million_VND,Plan,PL9b
79bdf116-f81d-4adc-8d41-611015e04233,2010,4,Cả nước,National,Investment,Trung Quốc,,Investment_Amount,377.0,million_VND,Cumulative,PL9b
fc732ed0-0f89-4f5f-beb9-f1fa2606539b,2010,4,Cả nước,National,Investment,Hàn Quốc,,Investment_Amount,134.0,million_VND,Plan,PL9b
b90701b6-f63f-4062-a3ce-06c168c58762,2010,4,Cả nước,National,Investment,Hàn Quốc,,Investment_Amount,206.0,million_VND,Cumulative,PL9b
50a3cce6-6363-40bc-9bcd-9dfb782c2650,2010,4,Cả nước,National,Investment,Inđônêxia,,Investment_Amount,1729.0,million_VND,Plan,PL9b
8b5b1571-da7a-4a77-a0b9-45054507f8cd,2010,4,Cả nước,National,Investment,Inđônêxia,,Investment_Amount,171.0,million_VND,Cumulative,PL9b
c9d7d8ae-3bf1-4fc4-8178-fc3c407652c8,2010,4,Cả nước,National,Investment,Italia,,Investment_Amount,350.0,million_VND,Plan,PL9b
51152a12-c293-4bf3-9d3c-d89d10b79a4a,2010,4,Cả nước,National,Investment,Italia,,Investment_Amount,139.0,million_VND,Cumulative,PL9b
91828b96-2746-4e16-b8bc-12f60283d817,2010,4,Cả nước,National,Investment,Thuỵ Sỹ,,Investment_Amount,419.0,million_VND,Plan,PL9b
809b38e0-1f26-4770-8da0-f8997c1194ed,2010,4,Cả nước,National,Investment,Thuỵ Sỹ,,Investment_Amount,121.0,million_VND,Cumulative,PL9b
92938930-4989-4db6-aacb-7bdee472c44d,2010,4,Cả nước,National,Investment,Đài Loan,,Investment_Amount,32.0,million_VND,Plan,PL9b
25bc1acd-3cb6-4ab2-9d6c-a7a7da683397,2010,4,Cả nước,National,Investment,Đài Loan,,Investment_Amount,38.0,million_VND,Cumulative,PL9b
8887a17a-ad1f-4c78-9a75-8a1d7c82f990,2010,4,Cả nước,National,Investment,Cao su,,Investment_Amount,47006.0,million_VND,Plan,PL9b
0e669e27-e8bd-4136-9951-fd6f9f8bd147,2010,4,Cả nước,National,Investment,Cao su,,Investment_Amount,141838.0,million_VND,Cumulative,PL9b
fd6085b8-0e14-4887-9537-77ae5c47a0bc,2010,4,Cả nước,National,Investment,Thái Lan,,Investment_Amount,14710.0,million_VND,Plan,PL9b
09c3399e-e140-46af-8271-2281816ec65e,2010,4,Cả nước,National,Investment,Thái Lan,,Investment_Amount,27008.0,million_VND,Cumulative,PL9b
d3defd9f-8069-4c54-bcb4-9eb302adc67c,2010,4,Cả nước,National,Investment,Campuchia,,Investment_Amount,10329.0,million_VND,Plan,PL9b
8762ab86-ba3b-453a-8f9f-bf612ef556b2,2010,4,Cả nước,National,Investment,Campuchia,,Investment_Amount,22995.0,million_VND,Cumulative,PL9b
61a6d73b-5e60-459d-9131-c39cacdb3a58,2010,4,Cả nước,National,Investment,Hàn Quốc,,Investment_Amount,7924.0,million_VND,Plan,PL9b
e8032dc6-9fd9-4b0c-bf2b-24bece7056fb,2010,4,Cả nước,National,Investment,Hàn Quốc,,Investment_Amount,22042.0,million_VND,Cumulative,PL9b
ca2396bc-59dd-4d19-84a6-4fcf6a66c49c,2010,4,Cả nước,National,Investment,Nhật Bản,,Investment_Amount,2142.0,million_VND,Plan,PL9b
eca04884-29ed-49e6-ba03-385088d78a81,2010,4,Cả nước,National,Investment,Nhật Bản,,Investment_Amount,15828.0,million_VND,Cumulative,PL9b
2d889fe7-f6d7-4be3-8874-06ad23083051,2010,4,Cả nước,National,Investment,Đài Loan,,Investment_Amount,3112.0,million_VND,Plan,PL9b
1c89514d-96d8-41c7-85d7-e6062b450ae2,2010,4,Cả nước,National,Investment,Đài Loan,,Investment_Amount,9729.0,million_VND,Cumulative,PL9b
8edc69f4-545f-4b56-878d-4bbb59bc7e40,2010,4,Cả nước,National,Investment,Inđônêxia,,Investment_Amount,1235.0,million_VND,Plan,PL9b
54c506eb-20bb-47ef-a5d8-39f49ca4dd10,2010,4,Cả nước,National,Investment,Inđônêxia,,Investment_Amount,6074.0,million_VND,Cumulative,PL9b
304e4c96-5a6b-49f5-a8e1-a7c208f547c5,2010,4,Cả nước,National,Investment,Nga,,Investment_Amount,504.0,million_VND,Plan,PL9b
03ca3998-be52-4ae3-acad-f6c3eff4cbd0,2010,4,Cả nước,National,Investment,Nga,,Investment_Amount,5535.0,million_VND,Cumulative,PL9b
8398b3d3-96fc-4ba1-8502-5068a87717c0,2010,4,Cả nước,National,Investment,Trung Quốc,,Investment_Amount,1378.0,million_VND,Plan,PL9b
9e327560-05d9-46c0-a24f-850e607677b7,2010,4,Cả nước,National,Investment,Trung Quốc,,Investment_Amount,5276.0,million_VND,Cumulative,PL9b
20a17914-19db-4434-b732-f43baac48cf8,2010,4,Cả nước,National,Investment,Malaixia,,Investment_Amount,1656.0,million_VND,Plan,PL9b
a1128746-ef71-4439-98fa-849057f94bf1,2010,4,Cả nước,National,Investment,Malaixia,,Investment_Amount,5053.0,million_VND,Cumulative,PL9b
2086b176-0b39-44b5-bece-b7281013ba72,2010,4,Cả nước,National,Investment,Hoa Kỳ,,Investment_Amount,286.0,million_VND,Plan,PL9b
a2e8492e-74c3-4a39-b146-a10a3c4d7657,2010,4,Cả nước,National,Investment,Hoa Kỳ,,Investment_Amount,4573.0,million_VND,Cumulative,PL9b
e28f977a-7690-465e-bc68-88c162bbf086,2010,4,Cả nước,National,Investment,Dầu mỡ động thựcvật,,Investment_Amount,141434.0,million_VND,Cumulative,PL9b
ef35c6e4-f745-4616-8fcf-b082a9fe7b67,2010,4,Cả nước,National,Investment,Malaixia,,Investment_Amount,66435.0,million_VND,Cumulative,PL9b
7e00bd2e-0503-40c9-a89b-407d1af7c9ea,2010,4,Cả nước,National,Investment,Inđônêxia,,Investment_Amount,40286.0,million_VND,Cumulative,PL9b
6944b997-d01c-4b4d-aa6d-6b03961ac427,2010,4,Cả nước,National,Investment,Hoa Kỳ,,Investment_Amount,24679.0,million_VND,Cumulative,PL9b
4917cb42-5829-4694-8a9a-5ce72849186a,2010,4,Cả nước,National,Investment,Thái Lan,,Investment_Amount,2803.0,million_VND,Cumulative,PL9b
75b4b178-d79d-4507-979e-65d0b1edc8c2,2010,4,Cả nước,National,Investment,Ấn Độ,,Investment_Amount,1093.0,million_VND,Cumulative,PL9b
d91dbfca-bebb-45c9-b13f-6a1e4c4a6fdc,2010,4,Cả nước,National,Investment,Hàn Quốc,,Investment_Amount,731.0,million_VND,Cumulative,PL9b
65b02a23-b3e4-431c-8ad5-f98edd0a5705,2010,4,Cả nước,National,Investment,Chilê,,Investment_Amount,571.0,million_VND,Cumulative,PL9b
029771f4-03d1-4387-81db-2f26938ec19a,2010,4,Cả nước,National,Investment,Ôxtrâylia,,Investment_Amount,405.0,million_VND,Cumulative,PL9b
0507fba2-c154-41c1-8138-594264c38f97,2010,4,Cả nước,National,Investment,Singapo,,Investment_Amount,404.0,million_VND,Cumulative,PL9b
0cb79c74-a172-4811-8e72-000ef1b6b6b9,2010,4,Cả nước,National,Investment,Trung Quốc,,Investment_Amount,270.0,million_VND,Cumulative,PL9b
5f57d182-98d9-482a-b254-8eaa078e4386,2010,4,Cả nước,National,Investment,Lúa mì,,Investment_Amount,262150.0,million_VND,Plan,PL9b
67ed1a9b-611a-44e2-b27b-762458fcda7b,2010,4,Cả nước,National,Investment,Lúa mì,,Investment_Amount,110474.0,million_VND,Cumulative,PL9b
f411e084-b609-4da9-ae25-5bfb37879248,2010,4,Cả nước,National,Investment,Ôxtrâylia,,Investment_Amount,210999.0,million_VND,Plan,PL9b
8f99f185-c39e-450d-ac0e-116364ed322a,2010,4,Cả nước,National,Investment,Ôxtrâylia,,Investment_Amount,71320.0,million_VND,Cumulative,PL9b
39942eb3-7967-4ee7-8e6d-1ea02a87215f,2010,4,Cả nước,National,Investment,Ucraina,,Investment_Amount,24267.0,million_VND,Plan,PL9b
31eff407-675e-446b-a210-9f880a6fe04c,2010,4,Cả nước,National,Investment,Ucraina,,Investment_Amount,19873.0,million_VND,Cumulative,PL9b
0bd70c24-a0c4-4149-9f3b-bca189865fc4,2010,4,Cả nước,National,Investment,Braxin,,Investment_Amount,11692.0,million_VND,Cumulative,PL9b
bb75d73b-8862-4e38-9251-e6f544809ec4,2010,4,Cả nước,National,Investment,Hoa Kỳ,,Investment_Amount,1839.0,million_VND,Plan,PL9b
814b2a4b-5e9c-40af-a1b0-4e6bd612fb35,2010,4,Cả nước,National,Investment,Hoa Kỳ,,Investment_Amount,3439.0,million_VND,Cumulative,PL9b
5d3b9cdb-a93b-419d-966e-eac22d02de10,2010,4,Cả nước,National,Investment,Nga,,Investment_Amount,1068.0,million_VND,Plan,PL9b
1db76e7c-6a65-4f98-82cb-288988ceaa88,2010,4,Cả nước,National,Investment,Nga,,Investment_Amount,2332.0,million_VND,Cumulative,PL9b
d1942af8-e225-42c5-ace9-adca6c205043,2010,4,Cả nước,National,Investment,Gỗ & sản phẩm gỗ,,Investment_Amount,221248.0,million_VND,Cumulative,PL9b
ad109c95-212a-4230-a91e-395db9ec9deb,2010,4,Cả nước,National,Investment,Hoa Kỳ,,Investment_Amount,33970.0,million_VND,Cumulative,PL9b
5e11d911-50a7-474d-af91-2f95f8274185,2010,4,Cả nước,National,Investment,Malaixia,,Investment_Amount,30316.0,million_VND,Cumulative,PL9b
abbd4515-82e6-46c0-89c3-438e4fabf98a,2010,4,Cả nước,National,Investment,Trung Quốc,,Investment_Amount,30251.0,million_VND,Cumulative,PL9b
90305c12-c000-4666-957d-d88ed2199a59,2010,4,Cả nước,National,Investment,Lào,,Investment_Amount,22568.0,million_VND,Cumulative,PL9b
70876ae6-28e6-478d-a49a-7a81c5d8ac05,2010,4,Cả nước,National,Investment,Thái Lan,,Investment_Amount,18196.0,million_VND,Cumulative,PL9b
073d2577-753a-4d29-9ef4-d6b72cbfc88b,2010,4,Cả nước,National,Investment,Niuzilân,,Investment_Amount,13642.0,million_VND,Cumulative,PL9b
a172c3a2-3668-4022-b7af-3e3c10cc77e0,2010,4,Cả nước,National,Investment,Campuchia,,Investment_Amount,8958.0,million_VND,Cumulative,PL9b
db524a53-9ef0-4127-8a67-a210e68dc4ac,2010,4,Cả nước,National,Investment,Chilê,,Investment_Amount,5147.0,million_VND,Cumulative,PL9b
3e6c6f17-a318-4a0d-9313-ab12ff1d9502,2010,4,Cả nước,National,Investment,Inđônêxia,,Investment_Amount,4710.0,million_VND,Cumulative,PL9b
ffc59407-dad4-4ff4-9b1a-957ddccaefd1,2010,4,Cả nước,National,Investment,Braxin,,Investment_Amount,4253.0,million_VND,Cumulative,PL9b
3cd269eb-3c70-431f-ac60-0e61dd3e8330,2010,4,Cả nước,National,Investment,Phân bón các loại,,Investment_Amount,1115814.0,million_VND,Plan,PL9b
af6138eb-6448-43c0-8c0c-4c59677f8a5c,2010,4,Cả nước,National,Investment,Phân bón các loại,,Investment_Amount,292942.0,million_VND,Cumulative,PL9b
1fcdd806-28a1-4b8c-be41-1a18406b5d4d,2010,4,Cả nước,National,Investment,Trung Quốc,,Investment_Amount,456298.0,million_VND,Plan,PL9b
94d57a18-adf8-4eeb-8ac3-57d331e17286,2010,4,Cả nước,National,Investment,Trung Quốc,,Investment_Amount,109731.0,million_VND,Cumulative,PL9b
