record_id,year,month,location_name,geo_level,sector,commodity,sub_item,attribute,value,unit,data_type,appendix_number
416aac1998ea53e8,2010,1,1. Gieo cấy lúa đông xuân cả nước,Provincial,Cultivation,Lúa,Đông Xuân,Area_Planted,18810.0,1000_ha,Actual,PL1
4cb209a196e9997e,2011,1,1. Gieo cấy lúa đông xuân cả nước,Provincial,Cultivation,Lúa,Đông Xuân,Area_Planted,19476.0,1000_ha,Actual,PL1
854c92f72278f160,2010,1,- Miền Nam,Provincial,Cultivation,Unknown,,Area_Planted,18071.0,1000_ha,Actual,PL1
bdf29bcb2947dd9a,2011,1,- Miền Nam,Provincial,Cultivation,Unknown,,Area_Planted,18610.0,1000_ha,Actual,PL1
2fd38541b0e19e55,2010,1,2. Thu hoạch lúa mùa miền Nam,Provincial,Cultivation,Unknown,,Area_Planted,6470.0,1000_ha,Actual,PL1
7a2bd4ece42e80dc,2011,1,2. Thu hoạch lúa mùa miền Nam,Provincial,Cultivation,Unknown,,Area_Planted,6049.0,1000_ha,Actual,PL1
f6a2a66f3bd6eac0,2010,1,3. Gieo trồng màu lương thực(),Provincial,Cultivation,Màu lương thực,,Area_Planted,2981.0,1000_ha,Actual,PL1
de04a96a8c07286b,2011,1,3. Gieo trồng màu lương thực(),Provincial,Cultivation,Màu lương thực,,Area_Planted,2647.0,1000_ha,Actual,PL1
01286832af72af15,2010,1,- Khoai lang,Provincial,Cultivation,Khoai lang,,Area_Planted,694.0,1000_ha,Actual,PL1
f4355eedd3005903,2011,1,- Khoai lang,Provincial,Cultivation,Khoai lang,,Area_Planted,557.0,1000_ha,Actual,PL1
04a1605edc6b269b,2010,1,4. Gieo trồng cây công nghiệp ngắn ngày(),Provincial,Cultivation,Cây công nghiệp ngắn ngày,,Area_Planted,1272.0,1000_ha,Actual,PL1
9ca517d6006a6168,2011,1,4. Gieo trồng cây công nghiệp ngắn ngày(),Provincial,Cultivation,Cây công nghiệp ngắn ngày,,Area_Planted,1329.0,1000_ha,Actual,PL1
90f605c053ad98c8,2010,1,- Lạc,Provincial,Cultivation,Lạc,,Area_Planted,303.0,1000_ha,Actual,PL1
f6978bdcf40b2ffe,2011,1,- Lạc,Provincial,Cultivation,Lạc,,Area_Planted,284.0,1000_ha,Actual,PL1
28af4cd47c0e727f,2010,1,"5. Gieo trồng rau, đậu các loại()",Provincial,Cultivation,Rau đậu,,Area_Planted,2266.0,1000_ha,Actual,PL1
b2c13b292435b188,2011,1,"5. Gieo trồng rau, đậu các loại()",Provincial,Cultivation,Rau đậu,,Area_Planted,2536.0,1000_ha,Actual,PL1
01ccf0b512e61e5e,2011,1,Miền Bắc,Provincial,Cultivation,Lúa,,Area_Planted,86558.0,ha,Actual,PL2
01ccf0b512e61e5e,2011,1,Miền Bắc,Provincial,Cultivation,Lúa,,Area_Planted,237953.0,ha,Actual,PL2
5f7cce38d8fd7701,2011,1,Miền Bắc,Provincial,Cultivation,Ngô,,Area_Planted,155782.0,ha,Actual,PL2
01ccf0b512e61e5e,2011,1,Miền Bắc,Provincial,Cultivation,Lúa,,Area_Planted,51306.0,ha,Actual,PL2
7daf4b6730fe9b62,2011,1,Miền Bắc,Provincial,Cultivation,Sắn,,Area_Planted,30464.0,ha,Actual,PL2
01ccf0b512e61e5e,2011,1,Miền Bắc,Provincial,Cultivation,Lúa,,Area_Planted,400.0,ha,Actual,PL2
18fc1475cf0145cf,2011,1,ĐB sông Hồng,Provincial,Cultivation,Lúa,,Area_Planted,3207.0,ha,Actual,PL2
18fc1475cf0145cf,2011,1,ĐB sông Hồng,Provincial,Cultivation,Lúa,,Area_Planted,73215.0,ha,Actual,PL2
2b24f8f200ac5e31,2011,1,ĐB sông Hồng,Provincial,Cultivation,Ngô,,Area_Planted,55570.0,ha,Actual,PL2
18fc1475cf0145cf,2011,1,ĐB sông Hồng,Provincial,Cultivation,Lúa,,Area_Planted,17445.0,ha,Actual,PL2
7e7daca62408ace7,2011,1,ĐB sông Hồng,Provincial,Cultivation,Sắn,,Area_Planted,0.0,ha,Actual,PL2
18fc1475cf0145cf,2011,1,ĐB sông Hồng,Provincial,Cultivation,Lúa,,Area_Planted,200.0,ha,Actual,PL2
10098617814994db,2011,1,Hà Nội,Provincial,Cultivation,Lúa,,Area_Planted,17638.0,ha,Actual,PL2
e3f276465fb5861a,2011,1,Hà Nội,Provincial,Cultivation,Ngô,,Area_Planted,13428.0,ha,Actual,PL2
10098617814994db,2011,1,Hà Nội,Provincial,Cultivation,Lúa,,Area_Planted,4210.0,ha,Actual,PL2
3c6e45a1bfe20a93,2011,1,Hải Phòng,Provincial,Cultivation,Lúa,,Area_Planted,3263.0,ha,Actual,PL2
dc8a0d6c2dde3c98,2011,1,Hải Phòng,Provincial,Cultivation,Ngô,,Area_Planted,2151.0,ha,Actual,PL2
3c6e45a1bfe20a93,2011,1,Hải Phòng,Provincial,Cultivation,Lúa,,Area_Planted,1112.0,ha,Actual,PL2
7538aeab2615eb5c,2011,1,Vĩnh Phúc,Provincial,Cultivation,Lúa,,Area_Planted,2847.0,ha,Actual,PL2
7538aeab2615eb5c,2011,1,Vĩnh Phúc,Provincial,Cultivation,Lúa,,Area_Planted,15237.0,ha,Actual,PL2
bcb1d98a460cb52f,2011,1,Vĩnh Phúc,Provincial,Cultivation,Ngô,,Area_Planted,12776.0,ha,Actual,PL2
7538aeab2615eb5c,2011,1,Vĩnh Phúc,Provincial,Cultivation,Lúa,,Area_Planted,2261.0,ha,Actual,PL2
7538aeab2615eb5c,2011,1,Vĩnh Phúc,Provincial,Cultivation,Lúa,,Area_Planted,200.0,ha,Actual,PL2
199c14d31aec10f9,2011,1,Bắc Ninh,Provincial,Cultivation,Lúa,,Area_Planted,2373.0,ha,Actual,PL2
b036c2a3d090de75,2011,1,Bắc Ninh,Provincial,Cultivation,Ngô,,Area_Planted,1568.0,ha,Actual,PL2
199c14d31aec10f9,2011,1,Bắc Ninh,Provincial,Cultivation,Lúa,,Area_Planted,805.0,ha,Actual,PL2
9135e6f20fb96e61,2011,1,Hải Dương,Provincial,Cultivation,Lúa,,Area_Planted,2540.0,ha,Actual,PL2
e406548ad46b358b,2011,1,Hải Dương,Provincial,Cultivation,Ngô,,Area_Planted,2540.0,ha,Actual,PL2
abf033c17e03098d,2011,1,Hưng Yên,Provincial,Cultivation,Lúa,,Area_Planted,6000.0,ha,Actual,PL2
571156f47415ba80,2011,1,Hưng Yên,Provincial,Cultivation,Ngô,,Area_Planted,5000.0,ha,Actual,PL2
abf033c17e03098d,2011,1,Hưng Yên,Provincial,Cultivation,Lúa,,Area_Planted,1000.0,ha,Actual,PL2
f68c79265df979ed,2011,1,Hà Nam,Provincial,Cultivation,Lúa,,Area_Planted,4298.0,ha,Actual,PL2
1e19fd2804abbde2,2011,1,Hà Nam,Provincial,Cultivation,Ngô,,Area_Planted,39022336.0,ha,Actual,PL2
f68c79265df979ed,2011,1,Hà Nam,Provincial,Cultivation,Lúa,,Area_Planted,396.0,ha,Actual,PL2
04c64407a622276d,2011,1,Nam Định,Provincial,Cultivation,Lúa,,Area_Planted,3275.0,ha,Actual,PL2
8daf1f7bf3cadf8a,2011,1,Nam Định,Provincial,Cultivation,Ngô,,Area_Planted,3275.0,ha,Actual,PL2
04c64407a622276d,2011,1,Nam Định,Provincial,Cultivation,Lúa,,Area_Planted,939.0,ha,Actual,PL2
8fbec477b0774644,2011,1,Thái Bình,Provincial,Cultivation,Lúa,,Area_Planted,9930.0,ha,Actual,PL2
84f628d6e64b91f3,2011,1,Thái Bình,Provincial,Cultivation,Ngô,,Area_Planted,6950.0,ha,Actual,PL2
8fbec477b0774644,2011,1,Thái Bình,Provincial,Cultivation,Lúa,,Area_Planted,2980.0,ha,Actual,PL2
e3552e79df3eb04f,2011,1,Ninh Bình,Provincial,Cultivation,Lúa,,Area_Planted,110.0,ha,Actual,PL2
e3552e79df3eb04f,2011,1,Ninh Bình,Provincial,Cultivation,Lúa,,Area_Planted,5338.0,ha,Actual,PL2
9e200ab9cdaa0d00,2011,1,Ninh Bình,Provincial,Cultivation,Ngô,,Area_Planted,3331.0,ha,Actual,PL2
e3552e79df3eb04f,2011,1,Ninh Bình,Provincial,Cultivation,Lúa,,Area_Planted,2007.0,ha,Actual,PL2
f7157f15fc1b47a7,2011,1,Quảng Ninh,Provincial,Cultivation,Lúa,,Area_Planted,250.0,ha,Actual,PL2
f7157f15fc1b47a7,2011,1,Quảng Ninh,Provincial,Cultivation,Lúa,,Area_Planted,3323.0,ha,Actual,PL2
cc8b6dab7510d9c8,2011,1,Quảng Ninh,Provincial,Cultivation,Ngô,,Area_Planted,1588.0,ha,Actual,PL2
f7157f15fc1b47a7,2011,1,Quảng Ninh,Provincial,Cultivation,Lúa,,Area_Planted,1735.0,ha,Actual,PL2
e35d88ae9da86f90,2011,1,TD và MN phía Bắc,Provincial,Cultivation,Lúa,,Area_Planted,1925.0,ha,Actual,PL2
e35d88ae9da86f90,2011,1,TD và MN phía Bắc,Provincial,Cultivation,Lúa,,Area_Planted,66817.0,ha,Actual,PL2
5f5a80918e6c1870,2011,1,TD và MN phía Bắc,Provincial,Cultivation,Ngô,,Area_Planted,42535.0,ha,Actual,PL2
e35d88ae9da86f90,2011,1,TD và MN phía Bắc,Provincial,Cultivation,Lúa,,Area_Planted,16493.0,ha,Actual,PL2
eed87fcf2783d6d6,2011,1,TD và MN phía Bắc,Provincial,Cultivation,Sắn,,Area_Planted,7589.0,ha,Actual,PL2
e35d88ae9da86f90,2011,1,TD và MN phía Bắc,Provincial,Cultivation,Lúa,,Area_Planted,200.0,ha,Actual,PL2
28ac140346c90350,2011,1,Hà Giang,Provincial,Cultivation,Lúa,,Area_Planted,720.0,ha,Actual,PL2
bbfbfdd95eed2807,2011,1,Hà Giang,Provincial,Cultivation,Ngô,,Area_Planted,720.0,ha,Actual,PL2
7f3301e2097ce1c9,2011,1,Cao Bằng,Provincial,Cultivation,Lúa,,Area_Planted,223.0,ha,Actual,PL2
f6f39200b43644c1,2011,1,Cao Bằng,Provincial,Cultivation,Ngô,,Area_Planted,151.0,ha,Actual,PL2
7f3301e2097ce1c9,2011,1,Cao Bằng,Provincial,Cultivation,Lúa,,Area_Planted,72.0,ha,Actual,PL2
3da61f444b1ca54d,2011,1,Lào Cai,Provincial,Cultivation,Lúa,,Area_Planted,588.0,ha,Actual,PL2
63ff5e9f020a9152,2011,1,Lào Cai,Provincial,Cultivation,Ngô,,Area_Planted,412.0,ha,Actual,PL2
3da61f444b1ca54d,2011,1,Lào Cai,Provincial,Cultivation,Lúa,,Area_Planted,176.0,ha,Actual,PL2
7041c2ccaceb5400,2011,1,Bắc Cạn,Provincial,Cultivation,Lúa,,Area_Planted,429.0,ha,Actual,PL2
5f5d7c22f716548e,2011,1,Bắc Cạn,Provincial,Cultivation,Ngô,,Area_Planted,387.0,ha,Actual,PL2
7041c2ccaceb5400,2011,1,Bắc Cạn,Provincial,Cultivation,Lúa,,Area_Planted,42.0,ha,Actual,PL2
4d5ce02cd0acb6c6,2011,1,Lạng Sơn,Provincial,Cultivation,Lúa,,Area_Planted,0.0,ha,Actual,PL2
2325afd4a57fbf33,2011,1,Tuyên Quang,Provincial,Cultivation,Lúa,,Area_Planted,27.0,ha,Actual,PL2
2325afd4a57fbf33,2011,1,Tuyên Quang,Provincial,Cultivation,Lúa,,Area_Planted,7589.0,ha,Actual,PL2
5a646fc6ad115a22,2011,1,Tuyên Quang,Provincial,Cultivation,Ngô,,Area_Planted,5011.0,ha,Actual,PL2
2325afd4a57fbf33,2011,1,Tuyên Quang,Provincial,Cultivation,Lúa,,Area_Planted,2578.0,ha,Actual,PL2
0483616f297c43ea,2011,1,Yên Bái,Provincial,Cultivation,Lúa,,Area_Planted,7413.0,ha,Actual,PL2
2e8c489a7e716dbc,2011,1,Yên Bái,Provincial,Cultivation,Ngô,,Area_Planted,6513.0,ha,Actual,PL2
0483616f297c43ea,2011,1,Yên Bái,Provincial,Cultivation,Lúa,,Area_Planted,900.0,ha,Actual,PL2
46d494e6a65b5a75,2011,1,Thái Nguyên,Provincial,Cultivation,Lúa,,Area_Planted,11093.0,ha,Actual,PL2
0a77d22a938b9865,2011,1,Thái Nguyên,Provincial,Cultivation,Ngô,,Area_Planted,6886.0,ha,Actual,PL2
46d494e6a65b5a75,2011,1,Thái Nguyên,Provincial,Cultivation,Lúa,,Area_Planted,4207.0,ha,Actual,PL2
67c5db585365f8fb,2011,1,Phú Thọ,Provincial,Cultivation,Lúa,,Area_Planted,723.0,ha,Actual,PL2
67c5db585365f8fb,2011,1,Phú Thọ,Provincial,Cultivation,Lúa,,Area_Planted,21720.0,ha,Actual,PL2
76ba65e84f32daa1,2011,1,Phú Thọ,Provincial,Cultivation,Ngô,,Area_Planted,12323.0,ha,Actual,PL2
67c5db585365f8fb,2011,1,Phú Thọ,Provincial,Cultivation,Lúa,,Area_Planted,1608.0,ha,Actual,PL2
950485d48f262784,2011,1,Phú Thọ,Provincial,Cultivation,Sắn,,Area_Planted,7589.0,ha,Actual,PL2
67c5db585365f8fb,2011,1,Phú Thọ,Provincial,Cultivation,Lúa,,Area_Planted,200.0,ha,Actual,PL2
87d918fb8d33bc91,2011,1,Bắc Giang,Provincial,Cultivation,Lúa,,Area_Planted,280.0,ha,Actual,PL2
87d918fb8d33bc91,2011,1,Bắc Giang,Provincial,Cultivation,Lúa,,Area_Planted,12000.0,ha,Actual,PL2
ad79cd5bb500bd21,2011,1,Bắc Giang,Provincial,Cultivation,Ngô,,Area_Planted,7000.0,ha,Actual,PL2
87d918fb8d33bc91,2011,1,Bắc Giang,Provincial,Cultivation,Lúa,,Area_Planted,5000.0,ha,Actual,PL2
8d2bd63bd25d7392,2011,1,Lai Châu,Provincial,Cultivation,Lúa,,Area_Planted,640.0,ha,Actual,PL2
8d2bd63bd25d7392,2011,1,Lai Châu,Provincial,Cultivation,Lúa,,Area_Planted,200.0,ha,Actual,PL2
1a7b98cd24f78e24,2011,1,Lai Châu,Provincial,Cultivation,Ngô,,Area_Planted,200.0,ha,Actual,PL2
36d8197b75b88bb9,2011,1,Điện Biên,Provincial,Cultivation,Lúa,,Area_Planted,220.0,ha,Actual,PL2
36d8197b75b88bb9,2011,1,Điện Biên,Provincial,Cultivation,Lúa,,Area_Planted,18.0,ha,Actual,PL2
ff1d8b18e1022128,2011,1,Điện Biên,Provincial,Cultivation,Ngô,,Area_Planted,18.0,ha,Actual,PL2
c1307c3ce480f84e,2011,1,Sơn La,Provincial,Cultivation,Lúa,,Area_Planted,35.0,ha,Actual,PL2
c1307c3ce480f84e,2011,1,Sơn La,Provincial,Cultivation,Lúa,,Area_Planted,550.0,ha,Actual,PL2
a9efd45e7c7c0d53,2011,1,Sơn La,Provincial,Cultivation,Ngô,,Area_Planted,550.0,ha,Actual,PL2
600a1fdc53dec3e7,2011,1,Hoà Bình,Provincial,Cultivation,Lúa,,Area_Planted,4274.0,ha,Actual,PL2
76736212df4c7b72,2011,1,Hoà Bình,Provincial,Cultivation,Ngô,,Area_Planted,2364.0,ha,Actual,PL2
600a1fdc53dec3e7,2011,1,Hoà Bình,Provincial,Cultivation,Lúa,,Area_Planted,1910.0,ha,Actual,PL2
c787521b2760f9ba,2011,1,Bắc Trung Bộ,Provincial,Cultivation,Lúa,,Area_Planted,81426.0,ha,Actual,PL2
c787521b2760f9ba,2011,1,Bắc Trung Bộ,Provincial,Cultivation,Lúa,,Area_Planted,97920.0,ha,Actual,PL2
319d062695965156,2011,1,Bắc Trung Bộ,Provincial,Cultivation,Ngô,,Area_Planted,57677.0,ha,Actual,PL2
c787521b2760f9ba,2011,1,Bắc Trung Bộ,Provincial,Cultivation,Lúa,,Area_Planted,17368.0,ha,Actual,PL2
a9d31ef97264b517,2011,1,Bắc Trung Bộ,Provincial,Cultivation,Sắn,,Area_Planted,22875.0,ha,Actual,PL2
c787521b2760f9ba,2011,1,Bắc Trung Bộ,Provincial,Cultivation,Lúa,,Area_Planted,0.0,ha,Actual,PL2
905b5679815d3462,2011,1,Thanh Hoá,Provincial,Cultivation,Lúa,,Area_Planted,10086.0,ha,Actual,PL2
905b5679815d3462,2011,1,Thanh Hoá,Provincial,Cultivation,Lúa,,Area_Planted,43134.0,ha,Actual,PL2
f8f1c4c524543a41,2011,1,Thanh Hoá,Provincial,Cultivation,Ngô,,Area_Planted,20188.0,ha,Actual,PL2
905b5679815d3462,2011,1,Thanh Hoá,Provincial,Cultivation,Lúa,,Area_Planted,6446.0,ha,Actual,PL2
eb28c072441acc65,2011,1,Thanh Hoá,Provincial,Cultivation,Sắn,,Area_Planted,16500.0,ha,Actual,PL2
ee8ba4f7ecaf33e0,2011,1,Nghệ An,Provincial,Cultivation,Lúa,,Area_Planted,4000.0,ha,Actual,PL2
ee8ba4f7ecaf33e0,2011,1,Nghệ An,Provincial,Cultivation,Lúa,,Area_Planted,33657.0,ha,Actual,PL2
031bb3bfbcbd0af8,2011,1,Nghệ An,Provincial,Cultivation,Ngô,,Area_Planted,27047.0,ha,Actual,PL2
ee8ba4f7ecaf33e0,2011,1,Nghệ An,Provincial,Cultivation,Lúa,,Area_Planted,6610.0,ha,Actual,PL2
d94ef7a0dcde8941,2011,1,Hà Tĩnh,Provincial,Cultivation,Lúa,,Area_Planted,22540.0,ha,Actual,PL2
d94ef7a0dcde8941,2011,1,Hà Tĩnh,Provincial,Cultivation,Lúa,,Area_Planted,8009.0,ha,Actual,PL2
e8beea6c0a526afd,2011,1,Hà Tĩnh,Provincial,Cultivation,Ngô,,Area_Planted,4777.0,ha,Actual,PL2
d94ef7a0dcde8941,2011,1,Hà Tĩnh,Provincial,Cultivation,Lúa,,Area_Planted,3232.0,ha,Actual,PL2
2ffc9a88a2d426a8,2011,1,Quảng Bình,Provincial,Cultivation,Lúa,,Area_Planted,20800.0,ha,Actual,PL2
2ffc9a88a2d426a8,2011,1,Quảng Bình,Provincial,Cultivation,Lúa,,Area_Planted,3900.0,ha,Actual,PL2
62c4e847798a82ae,2011,1,Quảng Bình,Provincial,Cultivation,Ngô,,Area_Planted,3900.0,ha,Actual,PL2
0fd19fe26c3cc39d,2011,1,Quảng Trị,Provincial,Cultivation,Lúa,,Area_Planted,17000.0,ha,Actual,PL2
0fd19fe26c3cc39d,2011,1,Quảng Trị,Provincial,Cultivation,Lúa,,Area_Planted,7000.0,ha,Actual,PL2
7d5e53ea8bf244ed,2011,1,Quảng Trị,Provincial,Cultivation,Ngô,,Area_Planted,1500.0,ha,Actual,PL2
0fd19fe26c3cc39d,2011,1,Quảng Trị,Provincial,Cultivation,Lúa,,Area_Planted,500.0,ha,Actual,PL2
ffffa70f02209d59,2011,1,Quảng Trị,Provincial,Cultivation,Sắn,,Area_Planted,5000.0,ha,Actual,PL2
08a2c4fa66def5d1,2011,1,Thừa Thiên Huế,Provincial,Cultivation,Lúa,,Area_Planted,7000.0,ha,Actual,PL2
08a2c4fa66def5d1,2011,1,Thừa Thiên Huế,Provincial,Cultivation,Lúa,,Area_Planted,2220.0,ha,Actual,PL2
222e606a8c5adc71,2011,1,Thừa Thiên Huế,Provincial,Cultivation,Ngô,,Area_Planted,265.0,ha,Actual,PL2
08a2c4fa66def5d1,2011,1,Thừa Thiên Huế,Provincial,Cultivation,Lúa,,Area_Planted,580.0,ha,Actual,PL2
b7693f009b697fb6,2011,1,Thừa Thiên Huế,Provincial,Cultivation,Sắn,,Area_Planted,1375.0,ha,Actual,PL2
01ccf0b512e61e5e,2011,1,Miền Bắc,Provincial,Cultivation,Lúa,,Area_Planted,94179.0,ha,Actual,PL3
01ccf0b512e61e5e,2011,1,Miền Bắc,Provincial,Cultivation,Lúa,,Area_Planted,9231.0,ha,Actual,PL3
01ccf0b512e61e5e,2011,1,Miền Bắc,Provincial,Cultivation,Lúa,,Area_Planted,873.0,ha,Actual,PL3
b7affd1f0254322c,2011,1,Miền Bắc,Provincial,Cultivation,Rau,,Area_Planted,140459.0,ha,Actual,PL3
18fc1475cf0145cf,2011,1,ĐB sông Hồng,Provincial,Cultivation,Lúa,,Area_Planted,75095.0,ha,Actual,PL3
18fc1475cf0145cf,2011,1,ĐB sông Hồng,Provincial,Cultivation,Lúa,,Area_Planted,1525.0,ha,Actual,PL3
18fc1475cf0145cf,2011,1,ĐB sông Hồng,Provincial,Cultivation,Lúa,,Area_Planted,300.0,ha,Actual,PL3
cf2f48a1854d2b25,2011,1,ĐB sông Hồng,Provincial,Cultivation,Rau,,Area_Planted,79719.0,ha,Actual,PL3
10098617814994db,2011,1,Hà Nội,Provincial,Cultivation,Lúa,,Area_Planted,31124.0,ha,Actual,PL3
10098617814994db,2011,1,Hà Nội,Provincial,Cultivation,Lúa,,Area_Planted,605.0,ha,Actual,PL3
38c8119cbac86192,2011,1,Hà Nội,Provincial,Cultivation,Rau,,Area_Planted,12125.0,ha,Actual,PL3
3c6e45a1bfe20a93,2011,1,Hải Phòng,Provincial,Cultivation,Lúa,,Area_Planted,300.0,ha,Actual,PL3
3c6e45a1bfe20a93,2011,1,Hải Phòng,Provincial,Cultivation,Lúa,,Area_Planted,300.0,ha,Actual,PL3
7cd9d95924fc6ee2,2011,1,Hải Phòng,Provincial,Cultivation,Rau,,Area_Planted,8559.0,ha,Actual,PL3
7538aeab2615eb5c,2011,1,Vĩnh Phúc,Provincial,Cultivation,Lúa,,Area_Planted,4015.0,ha,Actual,PL3
7538aeab2615eb5c,2011,1,Vĩnh Phúc,Provincial,Cultivation,Lúa,,Area_Planted,476.0,ha,Actual,PL3
5e3a2efe36ac3fc7,2011,1,Vĩnh Phúc,Provincial,Cultivation,Rau,,Area_Planted,3628.0,ha,Actual,PL3
199c14d31aec10f9,2011,1,Bắc Ninh,Provincial,Cultivation,Lúa,,Area_Planted,1314.0,ha,Actual,PL3
199c14d31aec10f9,2011,1,Bắc Ninh,Provincial,Cultivation,Lúa,,Area_Planted,5.0,ha,Actual,PL3
2d06050680793f60,2011,1,Bắc Ninh,Provincial,Cultivation,Rau,,Area_Planted,4387.0,ha,Actual,PL3
9135e6f20fb96e61,2011,1,Hải Dương,Provincial,Cultivation,Lúa,,Area_Planted,162.0,ha,Actual,PL3
fca6bb14cdec45c4,2011,1,Hải Dương,Provincial,Cultivation,Rau,,Area_Planted,16306.0,ha,Actual,PL3
abf033c17e03098d,2011,1,Hưng Yên,Provincial,Cultivation,Lúa,,Area_Planted,2008.0,ha,Actual,PL3
abf033c17e03098d,2011,1,Hưng Yên,Provincial,Cultivation,Lúa,,Area_Planted,108.0,ha,Actual,PL3
c2cbd1bdef561849,2011,1,Hưng Yên,Provincial,Cultivation,Rau,,Area_Planted,4697.0,ha,Actual,PL3
f68c79265df979ed,2011,1,Hà Nam,Provincial,Cultivation,Lúa,,Area_Planted,11243.0,ha,Actual,PL3
f68c79265df979ed,2011,1,Hà Nam,Provincial,Cultivation,Lúa,,Area_Planted,42.0,ha,Actual,PL3
4ecb81a230728f2f,2011,1,Hà Nam,Provincial,Cultivation,Rau,,Area_Planted,1848.0,ha,Actual,PL3
04c64407a622276d,2011,1,Nam Định,Provincial,Cultivation,Lúa,,Area_Planted,1377.0,ha,Actual,PL3
2575793fa1165295,2011,1,Nam Định,Provincial,Cultivation,Rau,,Area_Planted,7967.0,ha,Actual,PL3
8fbec477b0774644,2011,1,Thái Bình,Provincial,Cultivation,Lúa,,Area_Planted,13250.0,ha,Actual,PL3
f6f5500d1ef41e0f,2011,1,Thái Bình,Provincial,Cultivation,Rau,,Area_Planted,12000.0,ha,Actual,PL3
e3552e79df3eb04f,2011,1,Ninh Bình,Provincial,Cultivation,Lúa,,Area_Planted,10272.0,ha,Actual,PL3
e3552e79df3eb04f,2011,1,Ninh Bình,Provincial,Cultivation,Lúa,,Area_Planted,274.0,ha,Actual,PL3
a6f9b4fc7a3b1965,2011,1,Ninh Bình,Provincial,Cultivation,Rau,,Area_Planted,4530.0,ha,Actual,PL3
f7157f15fc1b47a7,2011,1,Quảng Ninh,Provincial,Cultivation,Lúa,,Area_Planted,30.0,ha,Actual,PL3
f7157f15fc1b47a7,2011,1,Quảng Ninh,Provincial,Cultivation,Lúa,,Area_Planted,15.0,ha,Actual,PL3
0a75980b14771fbf,2011,1,Quảng Ninh,Provincial,Cultivation,Rau,,Area_Planted,3672.0,ha,Actual,PL3
e35d88ae9da86f90,2011,1,TD và MN phía Bắc,Provincial,Cultivation,Lúa,,Area_Planted,4452.0,ha,Actual,PL3
e35d88ae9da86f90,2011,1,TD và MN phía Bắc,Provincial,Cultivation,Lúa,,Area_Planted,1582.0,ha,Actual,PL3
e35d88ae9da86f90,2011,1,TD và MN phía Bắc,Provincial,Cultivation,Lúa,,Area_Planted,565.0,ha,Actual,PL3
fbf5b9d06d801789,2011,1,TD và MN phía Bắc,Provincial,Cultivation,Rau,,Area_Planted,27986.0,ha,Actual,PL3
28ac140346c90350,2011,1,Hà Giang,Provincial,Cultivation,Lúa,,Area_Planted,0.0,ha,Actual,PL3
22464425f054a715,2011,1,Hà Giang,Provincial,Cultivation,Rau,,Area_Planted,3105.0,ha,Actual,PL3
7f3301e2097ce1c9,2011,1,Cao Bằng,Provincial,Cultivation,Lúa,,Area_Planted,0.0,ha,Actual,PL3
af41558d68f8c2d1,2011,1,Cao Bằng,Provincial,Cultivation,Rau,,Area_Planted,430.0,ha,Actual,PL3
3da61f444b1ca54d,2011,1,Lào Cai,Provincial,Cultivation,Lúa,,Area_Planted,0.0,ha,Actual,PL3
620655991a838456,2011,1,Lào Cai,Provincial,Cultivation,Rau,,Area_Planted,2195.0,ha,Actual,PL3
7041c2ccaceb5400,2011,1,Bắc Cạn,Provincial,Cultivation,Lúa,,Area_Planted,0.0,ha,Actual,PL3
cfc8be5b18fb47c9,2011,1,Bắc Cạn,Provincial,Cultivation,Rau,,Area_Planted,199.0,ha,Actual,PL3
4d5ce02cd0acb6c6,2011,1,Lạng Sơn,Provincial,Cultivation,Lúa,,Area_Planted,565.0,ha,Actual,PL3
4d5ce02cd0acb6c6,2011,1,Lạng Sơn,Provincial,Cultivation,Lúa,,Area_Planted,565.0,ha,Actual,PL3
d95819d1ef54cbdc,2011,1,Lạng Sơn,Provincial,Cultivation,Rau,,Area_Planted,210.0,ha,Actual,PL3
2325afd4a57fbf33,2011,1,Tuyên Quang,Provincial,Cultivation,Lúa,,Area_Planted,756.0,ha,Actual,PL3
2325afd4a57fbf33,2011,1,Tuyên Quang,Provincial,Cultivation,Lúa,,Area_Planted,47.0,ha,Actual,PL3
cb81afe359ae0c4e,2011,1,Tuyên Quang,Provincial,Cultivation,Rau,,Area_Planted,1311.0,ha,Actual,PL3
0483616f297c43ea,2011,1,Yên Bái,Provincial,Cultivation,Lúa,,Area_Planted,0.0,ha,Actual,PL3
0acc7f3ebae65cd8,2011,1,Yên Bái,Provincial,Cultivation,Rau,,Area_Planted,1558.0,ha,Actual,PL3
46d494e6a65b5a75,2011,1,Thái Nguyên,Provincial,Cultivation,Lúa,,Area_Planted,177.0,ha,Actual,PL3
46d494e6a65b5a75,2011,1,Thái Nguyên,Provincial,Cultivation,Lúa,,Area_Planted,121.0,ha,Actual,PL3
3e8a26cbc86e81b8,2011,1,Thái Nguyên,Provincial,Cultivation,Rau,,Area_Planted,4487.0,ha,Actual,PL3
67c5db585365f8fb,2011,1,Phú Thọ,Provincial,Cultivation,Lúa,,Area_Planted,1007.0,ha,Actual,PL3
67c5db585365f8fb,2011,1,Phú Thọ,Provincial,Cultivation,Lúa,,Area_Planted,56.0,ha,Actual,PL3
0f20368e767a4770,2011,1,Phú Thọ,Provincial,Cultivation,Rau,,Area_Planted,3285.0,ha,Actual,PL3
87d918fb8d33bc91,2011,1,Bắc Giang,Provincial,Cultivation,Lúa,,Area_Planted,1373.0,ha,Actual,PL3
87d918fb8d33bc91,2011,1,Bắc Giang,Provincial,Cultivation,Lúa,,Area_Planted,1358.0,ha,Actual,PL3
4192c65610ae3eec,2011,1,Bắc Giang,Provincial,Cultivation,Rau,,Area_Planted,7500.0,ha,Actual,PL3
8d2bd63bd25d7392,2011,1,Lai Châu,Provincial,Cultivation,Lúa,,Area_Planted,20.0,ha,Actual,PL3
03d9836212127ca6,2011,1,Lai Châu,Provincial,Cultivation,Rau,,Area_Planted,307.0,ha,Actual,PL3
36d8197b75b88bb9,2011,1,Điện Biên,Provincial,Cultivation,Lúa,,Area_Planted,47.0,ha,Actual,PL3
118b61443b44810c,2011,1,Điện Biên,Provincial,Cultivation,Rau,,Area_Planted,125.0,ha,Actual,PL3
c1307c3ce480f84e,2011,1,Sơn La,Provincial,Cultivation,Lúa,,Area_Planted,0.0,ha,Actual,PL3
84bc0bb25e57ab50,2011,1,Sơn La,Provincial,Cultivation,Rau,,Area_Planted,1374.0,ha,Actual,PL3
600a1fdc53dec3e7,2011,1,Hoà Bình,Provincial,Cultivation,Lúa,,Area_Planted,507.0,ha,Actual,PL3
878e65bf1889af09,2011,1,Hoà Bình,Provincial,Cultivation,Rau,,Area_Planted,1900.0,ha,Actual,PL3
c787521b2760f9ba,2011,1,Bắc Trung Bộ,Provincial,Cultivation,Lúa,,Area_Planted,14632.0,ha,Actual,PL3
c787521b2760f9ba,2011,1,Bắc Trung Bộ,Provincial,Cultivation,Lúa,,Area_Planted,6124.0,ha,Actual,PL3
c787521b2760f9ba,2011,1,Bắc Trung Bộ,Provincial,Cultivation,Lúa,,Area_Planted,8.0,ha,Actual,PL3
560002056c4f8436,2011,1,Bắc Trung Bộ,Provincial,Cultivation,Rau,,Area_Planted,32754.0,ha,Actual,PL3
905b5679815d3462,2011,1,Thanh Hoá,Provincial,Cultivation,Lúa,,Area_Planted,10221.0,ha,Actual,PL3
905b5679815d3462,2011,1,Thanh Hoá,Provincial,Cultivation,Lúa,,Area_Planted,1721.0,ha,Actual,PL3
5754a202fe001610,2011,1,Thanh Hoá,Provincial,Cultivation,Rau,,Area_Planted,16794.0,ha,Actual,PL3
ee8ba4f7ecaf33e0,2011,1,Nghệ An,Provincial,Cultivation,Lúa,,Area_Planted,1700.0,ha,Actual,PL3
ee8ba4f7ecaf33e0,2011,1,Nghệ An,Provincial,Cultivation,Lúa,,Area_Planted,1700.0,ha,Actual,PL3
cec24132169f68f3,2011,1,Nghệ An,Provincial,Cultivation,Rau,,Area_Planted,9244.0,ha,Actual,PL3
d94ef7a0dcde8941,2011,1,Hà Tĩnh,Provincial,Cultivation,Lúa,,Area_Planted,0.0,ha,Actual,PL3
d72392ca37a5fff2,2011,1,Hà Tĩnh,Provincial,Cultivation,Rau,,Area_Planted,4455.0,ha,Actual,PL3
2ffc9a88a2d426a8,2011,1,Quảng Bình,Provincial,Cultivation,Lúa,,Area_Planted,0.0,ha,Actual,PL3
2c29f42726a815cb,2011,1,Quảng Bình,Provincial,Cultivation,Rau,,Area_Planted,456.0,ha,Actual,PL3
0fd19fe26c3cc39d,2011,1,Quảng Trị,Provincial,Cultivation,Lúa,,Area_Planted,2600.0,ha,Actual,PL3
0fd19fe26c3cc39d,2011,1,Quảng Trị,Provincial,Cultivation,Lúa,,Area_Planted,2600.0,ha,Actual,PL3
c9aed63315c646c5,2011,1,Quảng Trị,Provincial,Cultivation,Rau,,Area_Planted,1010.0,ha,Actual,PL3
08a2c4fa66def5d1,2011,1,Thừa Thiên Huế,Provincial,Cultivation,Lúa,,Area_Planted,111.0,ha,Actual,PL3
08a2c4fa66def5d1,2011,1,Thừa Thiên Huế,Provincial,Cultivation,Lúa,,Area_Planted,103.0,ha,Actual,PL3
08a2c4fa66def5d1,2011,1,Thừa Thiên Huế,Provincial,Cultivation,Lúa,,Area_Planted,8.0,ha,Actual,PL3
d9574c6a85145634,2011,1,Thừa Thiên Huế,Provincial,Cultivation,Rau,,Area_Planted,795.0,ha,Actual,PL3
879ba22983c95555,2011,1,Miền Nam,Provincial,Cultivation,Lúa,,Area_Planted,604876.0,ha,Actual,PL4
879ba22983c95555,2011,1,Miền Nam,Provincial,Cultivation,Lúa,,Area_Planted,770.0,ha,Actual,PL4
879ba22983c95555,2011,1,Miền Nam,Provincial,Cultivation,Lúa,,Area_Planted,1861021.0,ha,Actual,PL4
879ba22983c95555,2011,1,Miền Nam,Provincial,Cultivation,Lúa,,Area_Planted,126339.0,ha,Actual,PL4
879ba22983c95555,2011,1,Miền Nam,Provincial,Cultivation,Lúa,,Area_Planted,78160.0,ha,Actual,PL4
879ba22983c95555,2011,1,Miền Nam,Provincial,Cultivation,Lúa,,Area_Planted,38562.0,ha,Actual,PL4
879ba22983c95555,2011,1,Miền Nam,Provincial,Cultivation,Lúa,,Area_Planted,7394.0,ha,Actual,PL4
879ba22983c95555,2011,1,Miền Nam,Provincial,Cultivation,Lúa,,Area_Planted,25551.0,ha,Actual,PL4
879ba22983c95555,2011,1,Miền Nam,Provincial,Cultivation,Lúa,,Area_Planted,6653.0,ha,Actual,PL4
c1025fb100b23504,2011,1,D.H Nam Trung Bộ,Provincial,Cultivation,Lúa,,Area_Planted,93139.0,ha,Actual,PL4
c1025fb100b23504,2011,1,D.H Nam Trung Bộ,Provincial,Cultivation,Lúa,,Area_Planted,1000.0,ha,Actual,PL4
c1025fb100b23504,2011,1,D.H Nam Trung Bộ,Provincial,Cultivation,Lúa,,Area_Planted,169511.0,ha,Actual,PL4
c1025fb100b23504,2011,1,D.H Nam Trung Bộ,Provincial,Cultivation,Lúa,,Area_Planted,19700.0,ha,Actual,PL4
c1025fb100b23504,2011,1,D.H Nam Trung Bộ,Provincial,Cultivation,Lúa,,Area_Planted,9582.0,ha,Actual,PL4
c1025fb100b23504,2011,1,D.H Nam Trung Bộ,Provincial,Cultivation,Lúa,,Area_Planted,3304.0,ha,Actual,PL4
c1025fb100b23504,2011,1,D.H Nam Trung Bộ,Provincial,Cultivation,Lúa,,Area_Planted,6574.0,ha,Actual,PL4
c1025fb100b23504,2011,1,D.H Nam Trung Bộ,Provincial,Cultivation,Lúa,,Area_Planted,240.0,ha,Actual,PL4
f379f1374371c35e,2011,1,TP Đà Nẵng,Provincial,Cultivation,Lúa,,Area_Planted,3300.0,ha,Actual,PL4
f379f1374371c35e,2011,1,TP Đà Nẵng,Provincial,Cultivation,Lúa,,Area_Planted,1000.0,ha,Actual,PL4
f379f1374371c35e,2011,1,TP Đà Nẵng,Provincial,Cultivation,Lúa,,Area_Planted,3469.0,ha,Actual,PL4
f379f1374371c35e,2011,1,TP Đà Nẵng,Provincial,Cultivation,Lúa,,Area_Planted,358.0,ha,Actual,PL4
f379f1374371c35e,2011,1,TP Đà Nẵng,Provincial,Cultivation,Lúa,,Area_Planted,92.0,ha,Actual,PL4
f379f1374371c35e,2011,1,TP Đà Nẵng,Provincial,Cultivation,Lúa,,Area_Planted,212.0,ha,Actual,PL4
f379f1374371c35e,2011,1,TP Đà Nẵng,Provincial,Cultivation,Lúa,,Area_Planted,54.0,ha,Actual,PL4
97142cd9f6b054d2,2011,1,Quảng Nam,Provincial,Cultivation,Lúa,,Area_Planted,44124.0,ha,Actual,PL4
97142cd9f6b054d2,2011,1,Quảng Nam,Provincial,Cultivation,Lúa,,Area_Planted,1000.0,ha,Actual,PL4
97142cd9f6b054d2,2011,1,Quảng Nam,Provincial,Cultivation,Lúa,,Area_Planted,42145.0,ha,Actual,PL4
97142cd9f6b054d2,2011,1,Quảng Nam,Provincial,Cultivation,Lúa,,Area_Planted,13155.0,ha,Actual,PL4
97142cd9f6b054d2,2011,1,Quảng Nam,Provincial,Cultivation,Lúa,,Area_Planted,4285.0,ha,Actual,PL4
97142cd9f6b054d2,2011,1,Quảng Nam,Provincial,Cultivation,Lúa,,Area_Planted,2850.0,ha,Actual,PL4
97142cd9f6b054d2,2011,1,Quảng Nam,Provincial,Cultivation,Lúa,,Area_Planted,5820.0,ha,Actual,PL4
97142cd9f6b054d2,2011,1,Quảng Nam,Provincial,Cultivation,Lúa,,Area_Planted,200.0,ha,Actual,PL4
55e5d3f1df3266d1,2011,1,Quảng Ngãi,Provincial,Cultivation,Lúa,,Area_Planted,6000.0,ha,Actual,PL4
55e5d3f1df3266d1,2011,1,Quảng Ngãi,Provincial,Cultivation,Lúa,,Area_Planted,1000.0,ha,Actual,PL4
55e5d3f1df3266d1,2011,1,Quảng Ngãi,Provincial,Cultivation,Lúa,,Area_Planted,36763.0,ha,Actual,PL4
55e5d3f1df3266d1,2011,1,Quảng Ngãi,Provincial,Cultivation,Lúa,,Area_Planted,2550.0,ha,Actual,PL4
55e5d3f1df3266d1,2011,1,Quảng Ngãi,Provincial,Cultivation,Lúa,,Area_Planted,2400.0,ha,Actual,PL4
55e5d3f1df3266d1,2011,1,Quảng Ngãi,Provincial,Cultivation,Lúa,,Area_Planted,150.0,ha,Actual,PL4
ff01fcbe04562def,2011,1,Bình Định,Provincial,Cultivation,Lúa,,Area_Planted,23494.0,ha,Actual,PL4
ff01fcbe04562def,2011,1,Bình Định,Provincial,Cultivation,Lúa,,Area_Planted,1000.0,ha,Actual,PL4
ff01fcbe04562def,2011,1,Bình Định,Provincial,Cultivation,Lúa,,Area_Planted,47334.0,ha,Actual,PL4
ff01fcbe04562def,2011,1,Bình Định,Provincial,Cultivation,Lúa,,Area_Planted,2030.0,ha,Actual,PL4
ff01fcbe04562def,2011,1,Bình Định,Provincial,Cultivation,Lúa,,Area_Planted,2030.0,ha,Actual,PL4
4589808632c038ec,2011,1,Phú Yên,Provincial,Cultivation,Lúa,,Area_Planted,7721.0,ha,Actual,PL4
4589808632c038ec,2011,1,Phú Yên,Provincial,Cultivation,Lúa,,Area_Planted,1000.0,ha,Actual,PL4
4589808632c038ec,2011,1,Phú Yên,Provincial,Cultivation,Lúa,,Area_Planted,25800.0,ha,Actual,PL4
4589808632c038ec,2011,1,Phú Yên,Provincial,Cultivation,Lúa,,Area_Planted,1607.0,ha,Actual,PL4
4589808632c038ec,2011,1,Phú Yên,Provincial,Cultivation,Lúa,,Area_Planted,775.0,ha,Actual,PL4
4589808632c038ec,2011,1,Phú Yên,Provincial,Cultivation,Lúa,,Area_Planted,92.0,ha,Actual,PL4
4589808632c038ec,2011,1,Phú Yên,Provincial,Cultivation,Lúa,,Area_Planted,700.0,ha,Actual,PL4
4589808632c038ec,2011,1,Phú Yên,Provincial,Cultivation,Lúa,,Area_Planted,40.0,ha,Actual,PL4
c9dc16d6cd851d46,2011,1,Khánh Hoà,Provincial,Cultivation,Lúa,,Area_Planted,1000.0,ha,Actual,PL4
c9dc16d6cd851d46,2011,1,Khánh Hoà,Provincial,Cultivation,Lúa,,Area_Planted,0.0,ha,Actual,PL4
d17ea1f02216dc0f,2011,1,Tây Nguyên,Provincial,Cultivation,Lúa,,Area_Planted,140533.0,ha,Actual,PL4
d17ea1f02216dc0f,2011,1,Tây Nguyên,Provincial,Cultivation,Lúa,,Area_Planted,1000.0,ha,Actual,PL4
d17ea1f02216dc0f,2011,1,Tây Nguyên,Provincial,Cultivation,Lúa,,Area_Planted,55310.0,ha,Actual,PL4
d17ea1f02216dc0f,2011,1,Tây Nguyên,Provincial,Cultivation,Lúa,,Area_Planted,8253.0,ha,Actual,PL4
d17ea1f02216dc0f,2011,1,Tây Nguyên,Provincial,Cultivation,Lúa,,Area_Planted,3777.0,ha,Actual,PL4
d17ea1f02216dc0f,2011,1,Tây Nguyên,Provincial,Cultivation,Lúa,,Area_Planted,402.0,ha,Actual,PL4
d17ea1f02216dc0f,2011,1,Tây Nguyên,Provincial,Cultivation,Lúa,,Area_Planted,4074.0,ha,Actual,PL4
d17ea1f02216dc0f,2011,1,Tây Nguyên,Provincial,Cultivation,Lúa,,Area_Planted,0.0,ha,Actual,PL4
97149afcfaae064b,2011,1,Kon Tum,Provincial,Cultivation,Lúa,,Area_Planted,15859.0,ha,Actual,PL4
97149afcfaae064b,2011,1,Kon Tum,Provincial,Cultivation,Lúa,,Area_Planted,1000.0,ha,Actual,PL4
97149afcfaae064b,2011,1,Kon Tum,Provincial,Cultivation,Lúa,,Area_Planted,3900.0,ha,Actual,PL4
97149afcfaae064b,2011,1,Kon Tum,Provincial,Cultivation,Lúa,,Area_Planted,256.0,ha,Actual,PL4
97149afcfaae064b,2011,1,Kon Tum,Provincial,Cultivation,Lúa,,Area_Planted,256.0,ha,Actual,PL4
4b59f130fb0d9255,2011,1,Gia Lai,Provincial,Cultivation,Lúa,,Area_Planted,46437.0,ha,Actual,PL4
4b59f130fb0d9255,2011,1,Gia Lai,Provincial,Cultivation,Lúa,,Area_Planted,1000.0,ha,Actual,PL4
4b59f130fb0d9255,2011,1,Gia Lai,Provincial,Cultivation,Lúa,,Area_Planted,18730.0,ha,Actual,PL4
4b59f130fb0d9255,2011,1,Gia Lai,Provincial,Cultivation,Lúa,,Area_Planted,7997.0,ha,Actual,PL4
4b59f130fb0d9255,2011,1,Gia Lai,Provincial,Cultivation,Lúa,,Area_Planted,3521.0,ha,Actual,PL4
4b59f130fb0d9255,2011,1,Gia Lai,Provincial,Cultivation,Lúa,,Area_Planted,402.0,ha,Actual,PL4
4b59f130fb0d9255,2011,1,Gia Lai,Provincial,Cultivation,Lúa,,Area_Planted,4074.0,ha,Actual,PL4
b9d20ac78b0aa603,2011,1,Đắc Lắc,Provincial,Cultivation,Lúa,,Area_Planted,55459.0,ha,Actual,PL4
b9d20ac78b0aa603,2011,1,Đắc Lắc,Provincial,Cultivation,Lúa,,Area_Planted,1000.0,ha,Actual,PL4
b9d20ac78b0aa603,2011,1,Đắc Lắc,Provincial,Cultivation,Lúa,,Area_Planted,24000.0,ha,Actual,PL4
b9d20ac78b0aa603,2011,1,Đắc Lắc,Provincial,Cultivation,Lúa,,Area_Planted,0.0,ha,Actual,PL4
c12cd904b8f82d88,2011,1,Đắc Nông,Provincial,Cultivation,Lúa,,Area_Planted,6432.0,ha,Actual,PL4
c12cd904b8f82d88,2011,1,Đắc Nông,Provincial,Cultivation,Lúa,,Area_Planted,1000.0,ha,Actual,PL4
c12cd904b8f82d88,2011,1,Đắc Nông,Provincial,Cultivation,Lúa,,Area_Planted,80.0,ha,Actual,PL4
c12cd904b8f82d88,2011,1,Đắc Nông,Provincial,Cultivation,Lúa,,Area_Planted,0.0,ha,Actual,PL4
a64a1eea0f24330e,2011,1,Lâm Đồng,Provincial,Cultivation,Lúa,,Area_Planted,16346.0,ha,Actual,PL4
a64a1eea0f24330e,2011,1,Lâm Đồng,Provincial,Cultivation,Lúa,,Area_Planted,1000.0,ha,Actual,PL4
a64a1eea0f24330e,2011,1,Lâm Đồng,Provincial,Cultivation,Lúa,,Area_Planted,8600.0,ha,Actual,PL4
a64a1eea0f24330e,2011,1,Lâm Đồng,Provincial,Cultivation,Lúa,,Area_Planted,0.0,ha,Actual,PL4
b2a136a7a92e0e5c,2011,1,Đông Nam Bộ,Provincial,Cultivation,Lúa,,Area_Planted,163061.0,ha,Actual,PL4
b2a136a7a92e0e5c,2011,1,Đông Nam Bộ,Provincial,Cultivation,Lúa,,Area_Planted,934.0,ha,Actual,PL4
b2a136a7a92e0e5c,2011,1,Đông Nam Bộ,Provincial,Cultivation,Lúa,,Area_Planted,100801.0,ha,Actual,PL4
b2a136a7a92e0e5c,2011,1,Đông Nam Bộ,Provincial,Cultivation,Lúa,,Area_Planted,8407.0,ha,Actual,PL4
b2a136a7a92e0e5c,2011,1,Đông Nam Bộ,Provincial,Cultivation,Lúa,,Area_Planted,29909.0,ha,Actual,PL4
b2a136a7a92e0e5c,2011,1,Đông Nam Bộ,Provincial,Cultivation,Lúa,,Area_Planted,14616.0,ha,Actual,PL4
b2a136a7a92e0e5c,2011,1,Đông Nam Bộ,Provincial,Cultivation,Lúa,,Area_Planted,518.0,ha,Actual,PL4
b2a136a7a92e0e5c,2011,1,Đông Nam Bộ,Provincial,Cultivation,Lúa,,Area_Planted,14480.0,ha,Actual,PL4
b2a136a7a92e0e5c,2011,1,Đông Nam Bộ,Provincial,Cultivation,Lúa,,Area_Planted,295.0,ha,Actual,PL4
d59f13e48412fe4e,2011,1,TP Hồ Chí Minh,Provincial,Cultivation,Lúa,,Area_Planted,7000.0,ha,Actual,PL4
d59f13e48412fe4e,2011,1,TP Hồ Chí Minh,Provincial,Cultivation,Lúa,,Area_Planted,700.0,ha,Actual,PL4
d59f13e48412fe4e,2011,1,TP Hồ Chí Minh,Provincial,Cultivation,Lúa,,Area_Planted,6637.0,ha,Actual,PL4
d59f13e48412fe4e,2011,1,TP Hồ Chí Minh,Provincial,Cultivation,Lúa,,Area_Planted,500.0,ha,Actual,PL4
d59f13e48412fe4e,2011,1,TP Hồ Chí Minh,Provincial,Cultivation,Lúa,,Area_Planted,500.0,ha,Actual,PL4
36489059dc1e8656,2011,1,Ninh Thuận,Provincial,Cultivation,Lúa,,Area_Planted,12500.0,ha,Actual,PL4
36489059dc1e8656,2011,1,Ninh Thuận,Provincial,Cultivation,Lúa,,Area_Planted,918.0,ha,Actual,PL4
36489059dc1e8656,2011,1,Ninh Thuận,Provincial,Cultivation,Lúa,,Area_Planted,11055.0,ha,Actual,PL4
36489059dc1e8656,2011,1,Ninh Thuận,Provincial,Cultivation,Lúa,,Area_Planted,2626.0,ha,Actual,PL4
36489059dc1e8656,2011,1,Ninh Thuận,Provincial,Cultivation,Lúa,,Area_Planted,2500.0,ha,Actual,PL4
36489059dc1e8656,2011,1,Ninh Thuận,Provincial,Cultivation,Lúa,,Area_Planted,60.0,ha,Actual,PL4
36489059dc1e8656,2011,1,Ninh Thuận,Provincial,Cultivation,Lúa,,Area_Planted,66.0,ha,Actual,PL4
31d8e97cd67d3316,2011,1,Bình Phước,Provincial,Cultivation,Lúa,,Area_Planted,10000.0,ha,Actual,PL4
31d8e97cd67d3316,2011,1,Bình Phước,Provincial,Cultivation,Lúa,,Area_Planted,1000.0,ha,Actual,PL4
31d8e97cd67d3316,2011,1,Bình Phước,Provincial,Cultivation,Lúa,,Area_Planted,2134.0,ha,Actual,PL4
31d8e97cd67d3316,2011,1,Bình Phước,Provincial,Cultivation,Lúa,,Area_Planted,814.0,ha,Actual,PL4
31d8e97cd67d3316,2011,1,Bình Phước,Provincial,Cultivation,Lúa,,Area_Planted,341.0,ha,Actual,PL4
31d8e97cd67d3316,2011,1,Bình Phước,Provincial,Cultivation,Lúa,,Area_Planted,46.0,ha,Actual,PL4
31d8e97cd67d3316,2011,1,Bình Phước,Provincial,Cultivation,Lúa,,Area_Planted,308.0,ha,Actual,PL4
31d8e97cd67d3316,2011,1,Bình Phước,Provincial,Cultivation,Lúa,,Area_Planted,119.0,ha,Actual,PL4
df7c6ee1709d8bf7,2011,1,Tây Ninh,Provincial,Cultivation,Lúa,,Area_Planted,50000.0,ha,Actual,PL4
df7c6ee1709d8bf7,2011,1,Tây Ninh,Provincial,Cultivation,Lúa,,Area_Planted,887.0,ha,Actual,PL4
df7c6ee1709d8bf7,2011,1,Tây Ninh,Provincial,Cultivation,Lúa,,Area_Planted,38486.0,ha,Actual,PL4
df7c6ee1709d8bf7,2011,1,Tây Ninh,Provincial,Cultivation,Lúa,,Area_Planted,13832.0,ha,Actual,PL4
df7c6ee1709d8bf7,2011,1,Tây Ninh,Provincial,Cultivation,Lúa,,Area_Planted,2352.0,ha,Actual,PL4
df7c6ee1709d8bf7,2011,1,Tây Ninh,Provincial,Cultivation,Lúa,,Area_Planted,32.0,ha,Actual,PL4
df7c6ee1709d8bf7,2011,1,Tây Ninh,Provincial,Cultivation,Lúa,,Area_Planted,11438.0,ha,Actual,PL4
df7c6ee1709d8bf7,2011,1,Tây Ninh,Provincial,Cultivation,Lúa,,Area_Planted,10.0,ha,Actual,PL4
9dcb4fc0eee0e5cc,2011,1,Bình Dương,Provincial,Cultivation,Lúa,,Area_Planted,5000.0,ha,Actual,PL4
9dcb4fc0eee0e5cc,2011,1,Bình Dương,Provincial,Cultivation,Lúa,,Area_Planted,935.0,ha,Actual,PL4
9dcb4fc0eee0e5cc,2011,1,Bình Dương,Provincial,Cultivation,Lúa,,Area_Planted,1661.0,ha,Actual,PL4
9dcb4fc0eee0e5cc,2011,1,Bình Dương,Provincial,Cultivation,Lúa,,Area_Planted,868.0,ha,Actual,PL4
9dcb4fc0eee0e5cc,2011,1,Bình Dương,Provincial,Cultivation,Lúa,,Area_Planted,83.0,ha,Actual,PL4
9dcb4fc0eee0e5cc,2011,1,Bình Dương,Provincial,Cultivation,Lúa,,Area_Planted,25.0,ha,Actual,PL4
9dcb4fc0eee0e5cc,2011,1,Bình Dương,Provincial,Cultivation,Lúa,,Area_Planted,714.0,ha,Actual,PL4
9dcb4fc0eee0e5cc,2011,1,Bình Dương,Provincial,Cultivation,Lúa,,Area_Planted,46.0,ha,Actual,PL4
0d71ef10ecf17945,2011,1,Đồng Nai,Provincial,Cultivation,Lúa,,Area_Planted,28000.0,ha,Actual,PL4
0d71ef10ecf17945,2011,1,Đồng Nai,Provincial,Cultivation,Lúa,,Area_Planted,979.0,ha,Actual,PL4
0d71ef10ecf17945,2011,1,Đồng Nai,Provincial,Cultivation,Lúa,,Area_Planted,8407.0,ha,Actual,PL4
0d71ef10ecf17945,2011,1,Đồng Nai,Provincial,Cultivation,Lúa,,Area_Planted,8407.0,ha,Actual,PL4
0d71ef10ecf17945,2011,1,Đồng Nai,Provincial,Cultivation,Lúa,,Area_Planted,6732.0,ha,Actual,PL4
0d71ef10ecf17945,2011,1,Đồng Nai,Provincial,Cultivation,Lúa,,Area_Planted,4949.0,ha,Actual,PL4
0d71ef10ecf17945,2011,1,Đồng Nai,Provincial,Cultivation,Lúa,,Area_Planted,57.0,ha,Actual,PL4
0d71ef10ecf17945,2011,1,Đồng Nai,Provincial,Cultivation,Lúa,,Area_Planted,1631.0,ha,Actual,PL4
0d71ef10ecf17945,2011,1,Đồng Nai,Provincial,Cultivation,Lúa,,Area_Planted,95.0,ha,Actual,PL4
5618130758816d0f,2011,1,Bình Thuận,Provincial,Cultivation,Lúa,,Area_Planted,38561.0,ha,Actual,PL4
5618130758816d0f,2011,1,Bình Thuận,Provincial,Cultivation,Lúa,,Area_Planted,1000.0,ha,Actual,PL4
5618130758816d0f,2011,1,Bình Thuận,Provincial,Cultivation,Lúa,,Area_Planted,27909.0,ha,Actual,PL4
5618130758816d0f,2011,1,Bình Thuận,Provincial,Cultivation,Lúa,,Area_Planted,3423.0,ha,Actual,PL4
5618130758816d0f,2011,1,Bình Thuận,Provincial,Cultivation,Lúa,,Area_Planted,2815.0,ha,Actual,PL4
5618130758816d0f,2011,1,Bình Thuận,Provincial,Cultivation,Lúa,,Area_Planted,262.0,ha,Actual,PL4
5618130758816d0f,2011,1,Bình Thuận,Provincial,Cultivation,Lúa,,Area_Planted,323.0,ha,Actual,PL4
5618130758816d0f,2011,1,Bình Thuận,Provincial,Cultivation,Lúa,,Area_Planted,23.0,ha,Actual,PL4
036560c04c5452a0,2011,1,Bà Rịa-V.Tàu,Provincial,Cultivation,Lúa,,Area_Planted,12000.0,ha,Actual,PL4
036560c04c5452a0,2011,1,Bà Rịa-V.Tàu,Provincial,Cultivation,Lúa,,Area_Planted,988.0,ha,Actual,PL4
036560c04c5452a0,2011,1,Bà Rịa-V.Tàu,Provincial,Cultivation,Lúa,,Area_Planted,4512.0,ha,Actual,PL4
036560c04c5452a0,2011,1,Bà Rịa-V.Tàu,Provincial,Cultivation,Lúa,,Area_Planted,1114.0,ha,Actual,PL4
036560c04c5452a0,2011,1,Bà Rịa-V.Tàu,Provincial,Cultivation,Lúa,,Area_Planted,1076.0,ha,Actual,PL4
036560c04c5452a0,2011,1,Bà Rịa-V.Tàu,Provincial,Cultivation,Lúa,,Area_Planted,36.0,ha,Actual,PL4
036560c04c5452a0,2011,1,Bà Rịa-V.Tàu,Provincial,Cultivation,Lúa,,Area_Planted,2.0,ha,Actual,PL4
c5ebe34060427881,2011,1,ĐBS Cửu Long,Provincial,Cultivation,Lúa,,Area_Planted,208143.0,ha,Actual,PL4
c5ebe34060427881,2011,1,ĐBS Cửu Long,Provincial,Cultivation,Lúa,,Area_Planted,552.0,ha,Actual,PL4
c5ebe34060427881,2011,1,ĐBS Cửu Long,Provincial,Cultivation,Lúa,,Area_Planted,1535398.0,ha,Actual,PL4
c5ebe34060427881,2011,1,ĐBS Cửu Long,Provincial,Cultivation,Lúa,,Area_Planted,117932.0,ha,Actual,PL4
c5ebe34060427881,2011,1,ĐBS Cửu Long,Provincial,Cultivation,Lúa,,Area_Planted,20298.0,ha,Actual,PL4
c5ebe34060427881,2011,1,ĐBS Cửu Long,Provincial,Cultivation,Lúa,,Area_Planted,10587.0,ha,Actual,PL4
c5ebe34060427881,2011,1,ĐBS Cửu Long,Provincial,Cultivation,Lúa,,Area_Planted,3170.0,ha,Actual,PL4
c5ebe34060427881,2011,1,ĐBS Cửu Long,Provincial,Cultivation,Lúa,,Area_Planted,423.0,ha,Actual,PL4
c5ebe34060427881,2011,1,ĐBS Cửu Long,Provincial,Cultivation,Lúa,,Area_Planted,6118.0,ha,Actual,PL4
8bad20b212bfe327,2011,1,Long An,Provincial,Cultivation,Lúa,,Area_Planted,8522.0,ha,Actual,PL4
8bad20b212bfe327,2011,1,Long An,Provincial,Cultivation,Lúa,,Area_Planted,846.0,ha,Actual,PL4
8bad20b212bfe327,2011,1,Long An,Provincial,Cultivation,Lúa,,Area_Planted,247488.0,ha,Actual,PL4
8bad20b212bfe327,2011,1,Long An,Provincial,Cultivation,Lúa,,Area_Planted,34687.0,ha,Actual,PL4
8bad20b212bfe327,2011,1,Long An,Provincial,Cultivation,Lúa,,Area_Planted,5371.0,ha,Actual,PL4
8bad20b212bfe327,2011,1,Long An,Provincial,Cultivation,Lúa,,Area_Planted,2241.0,ha,Actual,PL4
8bad20b212bfe327,2011,1,Long An,Provincial,Cultivation,Lúa,,Area_Planted,3130.0,ha,Actual,PL4
8677ebc552b8a57c,2011,1,Đồng Tháp,Provincial,Cultivation,Lúa,,Area_Planted,206591.0,ha,Actual,PL4
8677ebc552b8a57c,2011,1,Đồng Tháp,Provincial,Cultivation,Lúa,,Area_Planted,7025.0,ha,Actual,PL4
8677ebc552b8a57c,2011,1,Đồng Tháp,Provincial,Cultivation,Lúa,,Area_Planted,1217.0,ha,Actual,PL4
8677ebc552b8a57c,2011,1,Đồng Tháp,Provincial,Cultivation,Lúa,,Area_Planted,817.0,ha,Actual,PL4
8677ebc552b8a57c,2011,1,Đồng Tháp,Provincial,Cultivation,Lúa,,Area_Planted,40.0,ha,Actual,PL4
8677ebc552b8a57c,2011,1,Đồng Tháp,Provincial,Cultivation,Lúa,,Area_Planted,360.0,ha,Actual,PL4
a2751875634acd43,2011,1,An Giang,Provincial,Cultivation,Lúa,,Area_Planted,233947.0,ha,Actual,PL4
a2751875634acd43,2011,1,An Giang,Provincial,Cultivation,Lúa,,Area_Planted,3727.0,ha,Actual,PL4
a2751875634acd43,2011,1,An Giang,Provincial,Cultivation,Lúa,,Area_Planted,2876.0,ha,Actual,PL4
a2751875634acd43,2011,1,An Giang,Provincial,Cultivation,Lúa,,Area_Planted,101.0,ha,Actual,PL4
a2751875634acd43,2011,1,An Giang,Provincial,Cultivation,Lúa,,Area_Planted,139.0,ha,Actual,PL4
a2751875634acd43,2011,1,An Giang,Provincial,Cultivation,Lúa,,Area_Planted,611.0,ha,Actual,PL4
0ce26921f5bc93c1,2011,1,Tiền Giang,Provincial,Cultivation,Lúa,,Area_Planted,80351.0,ha,Actual,PL4
0ce26921f5bc93c1,2011,1,Tiền Giang,Provincial,Cultivation,Lúa,,Area_Planted,2552.0,ha,Actual,PL4
0ce26921f5bc93c1,2011,1,Tiền Giang,Provincial,Cultivation,Lúa,,Area_Planted,1403.0,ha,Actual,PL4
0ce26921f5bc93c1,2011,1,Tiền Giang,Provincial,Cultivation,Lúa,,Area_Planted,205.0,ha,Actual,PL4
0ce26921f5bc93c1,2011,1,Tiền Giang,Provincial,Cultivation,Lúa,,Area_Planted,35.0,ha,Actual,PL4
0ce26921f5bc93c1,2011,1,Tiền Giang,Provincial,Cultivation,Lúa,,Area_Planted,909.0,ha,Actual,PL4
8323ff43850a29f1,2011,1,Vĩnh Long,Provincial,Cultivation,Lúa,,Area_Planted,65912.0,ha,Actual,PL4
8323ff43850a29f1,2011,1,Vĩnh Long,Provincial,Cultivation,Lúa,,Area_Planted,3116.0,ha,Actual,PL4
8323ff43850a29f1,2011,1,Vĩnh Long,Provincial,Cultivation,Lúa,,Area_Planted,1984.0,ha,Actual,PL4
8323ff43850a29f1,2011,1,Vĩnh Long,Provincial,Cultivation,Lúa,,Area_Planted,254.0,ha,Actual,PL4
8323ff43850a29f1,2011,1,Vĩnh Long,Provincial,Cultivation,Lúa,,Area_Planted,1690.0,ha,Actual,PL4
8323ff43850a29f1,2011,1,Vĩnh Long,Provincial,Cultivation,Lúa,,Area_Planted,15.0,ha,Actual,PL4
8323ff43850a29f1,2011,1,Vĩnh Long,Provincial,Cultivation,Lúa,,Area_Planted,25.0,ha,Actual,PL4
b37dc6a87c68d289,2011,1,Bến Tre,Provincial,Cultivation,Lúa,,Area_Planted,27348.0,ha,Actual,PL4
b37dc6a87c68d289,2011,1,Bến Tre,Provincial,Cultivation,Lúa,,Area_Planted,834.0,ha,Actual,PL4
b37dc6a87c68d289,2011,1,Bến Tre,Provincial,Cultivation,Lúa,,Area_Planted,14266.0,ha,Actual,PL4
b37dc6a87c68d289,2011,1,Bến Tre,Provincial,Cultivation,Lúa,,Area_Planted,270.0,ha,Actual,PL4
b37dc6a87c68d289,2011,1,Bến Tre,Provincial,Cultivation,Lúa,,Area_Planted,120.0,ha,Actual,PL4
b37dc6a87c68d289,2011,1,Bến Tre,Provincial,Cultivation,Lúa,,Area_Planted,50.0,ha,Actual,PL4
b37dc6a87c68d289,2011,1,Bến Tre,Provincial,Cultivation,Lúa,,Area_Planted,100.0,ha,Actual,PL4
7ae4f49666dc693a,2011,1,Kiên Giang,Provincial,Cultivation,Lúa,,Area_Planted,19322.0,ha,Actual,PL4
7ae4f49666dc693a,2011,1,Kiên Giang,Provincial,Cultivation,Lúa,,Area_Planted,310.0,ha,Actual,PL4
7ae4f49666dc693a,2011,1,Kiên Giang,Provincial,Cultivation,Lúa,,Area_Planted,286347.0,ha,Actual,PL4
7ae4f49666dc693a,2011,1,Kiên Giang,Provincial,Cultivation,Lúa,,Area_Planted,17942.0,ha,Actual,PL4
7ae4f49666dc693a,2011,1,Kiên Giang,Provincial,Cultivation,Lúa,,Area_Planted,0.0,ha,Actual,PL4
ca54c4e53c0f0dcb,2011,1,Cần Thơ,Provincial,Cultivation,Lúa,,Area_Planted,88635.0,ha,Actual,PL4
ca54c4e53c0f0dcb,2011,1,Cần Thơ,Provincial,Cultivation,Lúa,,Area_Planted,201.0,ha,Actual,PL4
ca54c4e53c0f0dcb,2011,1,Cần Thơ,Provincial,Cultivation,Lúa,,Area_Planted,187.0,ha,Actual,PL4
ca54c4e53c0f0dcb,2011,1,Cần Thơ,Provincial,Cultivation,Lúa,,Area_Planted,14.0,ha,Actual,PL4
54b3288d8189370a,2011,1,Hậu Giang,Provincial,Cultivation,Lúa,,Area_Planted,82210.0,ha,Actual,PL4
54b3288d8189370a,2011,1,Hậu Giang,Provincial,Cultivation,Lúa,,Area_Planted,6390.0,ha,Actual,PL4
54b3288d8189370a,2011,1,Hậu Giang,Provincial,Cultivation,Lúa,,Area_Planted,1975.0,ha,Actual,PL4
54b3288d8189370a,2011,1,Hậu Giang,Provincial,Cultivation,Lúa,,Area_Planted,1291.0,ha,Actual,PL4
54b3288d8189370a,2011,1,Hậu Giang,Provincial,Cultivation,Lúa,,Area_Planted,383.0,ha,Actual,PL4
54b3288d8189370a,2011,1,Hậu Giang,Provincial,Cultivation,Lúa,,Area_Planted,300.0,ha,Actual,PL4
843c436fe1efb519,2011,1,Trà Vinh,Provincial,Cultivation,Lúa,,Area_Planted,70066.0,ha,Actual,PL4
843c436fe1efb519,2011,1,Trà Vinh,Provincial,Cultivation,Lúa,,Area_Planted,764.0,ha,Actual,PL4
843c436fe1efb519,2011,1,Trà Vinh,Provincial,Cultivation,Lúa,,Area_Planted,55202.0,ha,Actual,PL4
843c436fe1efb519,2011,1,Trà Vinh,Provincial,Cultivation,Lúa,,Area_Planted,826.0,ha,Actual,PL4
843c436fe1efb519,2011,1,Trà Vinh,Provincial,Cultivation,Lúa,,Area_Planted,608.0,ha,Actual,PL4
843c436fe1efb519,2011,1,Trà Vinh,Provincial,Cultivation,Lúa,,Area_Planted,109.0,ha,Actual,PL4
843c436fe1efb519,2011,1,Trà Vinh,Provincial,Cultivation,Lúa,,Area_Planted,72.0,ha,Actual,PL4
843c436fe1efb519,2011,1,Trà Vinh,Provincial,Cultivation,Lúa,,Area_Planted,37.0,ha,Actual,PL4
c602bbe15b292234,2011,1,Sóc Trăng,Provincial,Cultivation,Lúa,,Area_Planted,14213.0,ha,Actual,PL4
c602bbe15b292234,2011,1,Sóc Trăng,Provincial,Cultivation,Lúa,,Area_Planted,684.0,ha,Actual,PL4
c602bbe15b292234,2011,1,Sóc Trăng,Provincial,Cultivation,Lúa,,Area_Planted,137945.0,ha,Actual,PL4
c602bbe15b292234,2011,1,Sóc Trăng,Provincial,Cultivation,Lúa,,Area_Planted,43792.0,ha,Actual,PL4
c602bbe15b292234,2011,1,Sóc Trăng,Provincial,Cultivation,Lúa,,Area_Planted,1585.0,ha,Actual,PL4
c602bbe15b292234,2011,1,Sóc Trăng,Provincial,Cultivation,Lúa,,Area_Planted,789.0,ha,Actual,PL4
c602bbe15b292234,2011,1,Sóc Trăng,Provincial,Cultivation,Lúa,,Area_Planted,578.0,ha,Actual,PL4
c602bbe15b292234,2011,1,Sóc Trăng,Provincial,Cultivation,Lúa,,Area_Planted,62.0,ha,Actual,PL4
c602bbe15b292234,2011,1,Sóc Trăng,Provincial,Cultivation,Lúa,,Area_Planted,156.0,ha,Actual,PL4
1ddb439a82d3dd72,2011,1,Bạc Liêu,Provincial,Cultivation,Lúa,,Area_Planted,27807.0,ha,Actual,PL4
1ddb439a82d3dd72,2011,1,Bạc Liêu,Provincial,Cultivation,Lúa,,Area_Planted,446.0,ha,Actual,PL4
1ddb439a82d3dd72,2011,1,Bạc Liêu,Provincial,Cultivation,Lúa,,Area_Planted,36504.0,ha,Actual,PL4
1ddb439a82d3dd72,2011,1,Bạc Liêu,Provincial,Cultivation,Lúa,,Area_Planted,4980.0,ha,Actual,PL4
1ddb439a82d3dd72,2011,1,Bạc Liêu,Provincial,Cultivation,Lúa,,Area_Planted,590.0,ha,Actual,PL4
1ddb439a82d3dd72,2011,1,Bạc Liêu,Provincial,Cultivation,Lúa,,Area_Planted,590.0,ha,Actual,PL4
60cbb4e3d5568c93,2011,1,Cà Mau,Provincial,Cultivation,Lúa,,Area_Planted,40865.0,ha,Actual,PL4
60cbb4e3d5568c93,2011,1,Cà Mau,Provincial,Cultivation,Lúa,,Area_Planted,460.0,ha,Actual,PL4
60cbb4e3d5568c93,2011,1,Cà Mau,Provincial,Cultivation,Lúa,,Area_Planted,0.0,ha,Actual,PL4
879ba22983c95555,2011,1,Miền Nam,Provincial,Cultivation,Lúa,,Area_Planted,66857.0,ha,Actual,PL5
47f565bbd88f2d93,2011,1,Miền Nam,Provincial,Cultivation,Đậu,,Area_Planted,664.0,ha,Actual,PL5
703423b2c2025a18,2011,1,Miền Nam,Provincial,Cultivation,Lạc,,Area_Planted,19205.0,ha,Actual,PL5
879ba22983c95555,2011,1,Miền Nam,Provincial,Cultivation,Lúa,,Area_Planted,1224.0,ha,Actual,PL5
c3ba69231abe5b84,2011,1,Miền Nam,Provincial,Cultivation,Thuốc lá,,Area_Planted,6281.0,ha,Actual,PL5
0c4b0550cc15dbb1,2011,1,Miền Nam,Provincial,Cultivation,Mía,,Area_Planted,39032.0,ha,Actual,PL5
879ba22983c95555,2011,1,Miền Nam,Provincial,Cultivation,Lúa,,Area_Planted,327.0,ha,Actual,PL5
879ba22983c95555,2011,1,Miền Nam,Provincial,Cultivation,Lúa,,Area_Planted,124.0,ha,Actual,PL5
879ba22983c95555,2011,1,Miền Nam,Provincial,Cultivation,Lúa,,Area_Planted,100358.0,ha,Actual,PL5
879ba22983c95555,2011,1,Miền Nam,Provincial,Cultivation,Lúa,,Area_Planted,127341178.0,ha,Actual,PL5
9842aef63ec98251,2011,1,D.H Nam Trg Bộ,Provincial,Cultivation,Lúa,,Area_Planted,8463.0,ha,Actual,PL5
e3294bd3dce8d906,2011,1,D.H Nam Trg Bộ,Provincial,Cultivation,Đậu,,Area_Planted,427.0,ha,Actual,PL5
4c2d3201a1d52421,2011,1,D.H Nam Trg Bộ,Provincial,Cultivation,Lạc,,Area_Planted,7105.0,ha,Actual,PL5
9842aef63ec98251,2011,1,D.H Nam Trg Bộ,Provincial,Cultivation,Lúa,,Area_Planted,16.0,ha,Actual,PL5
2da5593d03d68407,2011,1,D.H Nam Trg Bộ,Provincial,Cultivation,Thuốc lá,,Area_Planted,85.0,ha,Actual,PL5
eb05bf44ce16d0c9,2011,1,D.H Nam Trg Bộ,Provincial,Cultivation,Mía,,Area_Planted,803.0,ha,Actual,PL5
9842aef63ec98251,2011,1,D.H Nam Trg Bộ,Provincial,Cultivation,Lúa,,Area_Planted,0.0,ha,Actual,PL5
9842aef63ec98251,2011,1,D.H Nam Trg Bộ,Provincial,Cultivation,Lúa,,Area_Planted,27.0,ha,Actual,PL5
9842aef63ec98251,2011,1,D.H Nam Trg Bộ,Provincial,Cultivation,Lúa,,Area_Planted,6306.0,ha,Actual,PL5
9842aef63ec98251,2011,1,D.H Nam Trg Bộ,Provincial,Cultivation,Lúa,,Area_Planted,6306.0,ha,Actual,PL5
f379f1374371c35e,2011,1,TP Đà Nẵng,Provincial,Cultivation,Lúa,,Area_Planted,738.0,ha,Actual,PL5
84c4474616ec145d,2011,1,TP Đà Nẵng,Provincial,Cultivation,Lạc,,Area_Planted,558.0,ha,Actual,PL5
1d22e30916668ef3,2011,1,TP Đà Nẵng,Provincial,Cultivation,Mía,,Area_Planted,180.0,ha,Actual,PL5
f379f1374371c35e,2011,1,TP Đà Nẵng,Provincial,Cultivation,Lúa,,Area_Planted,235.0,ha,Actual,PL5
97142cd9f6b054d2,2011,1,Quảng Nam,Provincial,Cultivation,Lúa,,Area_Planted,0.0,ha,Actual,PL5
55e5d3f1df3266d1,2011,1,Quảng Ngãi,Provincial,Cultivation,Lúa,,Area_Planted,0.0,ha,Actual,PL5
ff01fcbe04562def,2011,1,Bình Định,Provincial,Cultivation,Lúa,,Area_Planted,6470.0,ha,Actual,PL5
707d271487aa65ff,2011,1,Bình Định,Provincial,Cultivation,Đậu,,Area_Planted,187.0,ha,Actual,PL5
5aa6d5656a21919f,2011,1,Bình Định,Provincial,Cultivation,Lạc,,Area_Planted,6283.0,ha,Actual,PL5
ff01fcbe04562def,2011,1,Bình Định,Provincial,Cultivation,Lúa,,Area_Planted,4991.0,ha,Actual,PL5
ff01fcbe04562def,2011,1,Bình Định,Provincial,Cultivation,Lúa,,Area_Planted,607.0,ha,Actual,PL5
4589808632c038ec,2011,1,Phú Yên,Provincial,Cultivation,Lúa,,Area_Planted,1255.0,ha,Actual,PL5
ea8a33dd3321f1ad,2011,1,Phú Yên,Provincial,Cultivation,Đậu,,Area_Planted,240.0,ha,Actual,PL5
cd89b2d1d9897dc4,2011,1,Phú Yên,Provincial,Cultivation,Lạc,,Area_Planted,264.0,ha,Actual,PL5
4589808632c038ec,2011,1,Phú Yên,Provincial,Cultivation,Lúa,,Area_Planted,16.0,ha,Actual,PL5
fefa6e4fc92f14cb,2011,1,Phú Yên,Provincial,Cultivation,Thuốc lá,,Area_Planted,85.0,ha,Actual,PL5
8b722a187cb038e0,2011,1,Phú Yên,Provincial,Cultivation,Mía,,Area_Planted,623.0,ha,Actual,PL5
4589808632c038ec,2011,1,Phú Yên,Provincial,Cultivation,Lúa,,Area_Planted,27.0,ha,Actual,PL5
4589808632c038ec,2011,1,Phú Yên,Provincial,Cultivation,Lúa,,Area_Planted,1080.0,ha,Actual,PL5
4589808632c038ec,2011,1,Phú Yên,Provincial,Cultivation,Lúa,,Area_Planted,571.0,ha,Actual,PL5
c9dc16d6cd851d46,2011,1,Khánh Hoà,Provincial,Cultivation,Lúa,,Area_Planted,0.0,ha,Actual,PL5
d17ea1f02216dc0f,2011,1,Tây Nguyên,Provincial,Cultivation,Lúa,,Area_Planted,9492.0,ha,Actual,PL5
832e958a16636176,2011,1,Tây Nguyên,Provincial,Cultivation,Đậu,,Area_Planted,0.0,ha,Actual,PL5
93036e288d77cc6c,2011,1,Tây Nguyên,Provincial,Cultivation,Lạc,,Area_Planted,39.0,ha,Actual,PL5
d17ea1f02216dc0f,2011,1,Tây Nguyên,Provincial,Cultivation,Lúa,,Area_Planted,0.0,ha,Actual,PL5
ec8fc5760a68740c,2011,1,Tây Nguyên,Provincial,Cultivation,Thuốc lá,,Area_Planted,2818.0,ha,Actual,PL5
f426a5c29af58b5c,2011,1,Tây Nguyên,Provincial,Cultivation,Mía,,Area_Planted,6332.0,ha,Actual,PL5
d17ea1f02216dc0f,2011,1,Tây Nguyên,Provincial,Cultivation,Lúa,,Area_Planted,303.0,ha,Actual,PL5
d17ea1f02216dc0f,2011,1,Tây Nguyên,Provincial,Cultivation,Lúa,,Area_Planted,0.0,ha,Actual,PL5
d17ea1f02216dc0f,2011,1,Tây Nguyên,Provincial,Cultivation,Lúa,,Area_Planted,6201.0,ha,Actual,PL5
d17ea1f02216dc0f,2011,1,Tây Nguyên,Provincial,Cultivation,Lúa,,Area_Planted,1933.0,ha,Actual,PL5
97149afcfaae064b,2011,1,Kon Tum,Provincial,Cultivation,Lúa,,Area_Planted,2142.0,ha,Actual,PL5
3f8860b52646a509,2011,1,Kon Tum,Provincial,Cultivation,Lạc,,Area_Planted,9.0,ha,Actual,PL5
b6b005842e330f65,2011,1,Kon Tum,Provincial,Cultivation,Mía,,Area_Planted,2133.0,ha,Actual,PL5
97149afcfaae064b,2011,1,Kon Tum,Provincial,Cultivation,Lúa,,Area_Planted,569.0,ha,Actual,PL5
97149afcfaae064b,2011,1,Kon Tum,Provincial,Cultivation,Lúa,,Area_Planted,24.0,ha,Actual,PL5
4b59f130fb0d9255,2011,1,Gia Lai,Provincial,Cultivation,Lúa,,Area_Planted,7350.0,ha,Actual,PL5
32706400c4bf1cfc,2011,1,Gia Lai,Provincial,Cultivation,Lạc,,Area_Planted,30.0,ha,Actual,PL5
95781696e284393d,2011,1,Gia Lai,Provincial,Cultivation,Thuốc lá,,Area_Planted,2818.0,ha,Actual,PL5
c636685574229dac,2011,1,Gia Lai,Provincial,Cultivation,Mía,,Area_Planted,4199.0,ha,Actual,PL5
4b59f130fb0d9255,2011,1,Gia Lai,Provincial,Cultivation,Lúa,,Area_Planted,303.0,ha,Actual,PL5
4b59f130fb0d9255,2011,1,Gia Lai,Provincial,Cultivation,Lúa,,Area_Planted,5632.0,ha,Actual,PL5
4b59f130fb0d9255,2011,1,Gia Lai,Provincial,Cultivation,Lúa,,Area_Planted,1909.0,ha,Actual,PL5
b9d20ac78b0aa603,2011,1,Đắc Lắc,Provincial,Cultivation,Lúa,,Area_Planted,0.0,ha,Actual,PL5
c12cd904b8f82d88,2011,1,Đắc Nông,Provincial,Cultivation,Lúa,,Area_Planted,0.0,ha,Actual,PL5
2f4de8358146ce4a,2011,1,LâĐồ  m ng,Provincial,Cultivation,Lúa,,Area_Planted,0.0,ha,Actual,PL5
b2a136a7a92e0e5c,2011,1,Đông Nam Bộ,Provincial,Cultivation,Lúa,,Area_Planted,19602.0,ha,Actual,PL5
97ca0fc859aa1e99,2011,1,Đông Nam Bộ,Provincial,Cultivation,Đậu,,Area_Planted,126.0,ha,Actual,PL5
21e76ac4d6b6fdf3,2011,1,Đông Nam Bộ,Provincial,Cultivation,Lạc,,Area_Planted,7951.0,ha,Actual,PL5
b2a136a7a92e0e5c,2011,1,Đông Nam Bộ,Provincial,Cultivation,Lúa,,Area_Planted,579.0,ha,Actual,PL5
8d0a4e2cd9841be1,2011,1,Đông Nam Bộ,Provincial,Cultivation,Thuốc lá,,Area_Planted,3361.0,ha,Actual,PL5
faf99135a0ae44c4,2011,1,Đông Nam Bộ,Provincial,Cultivation,Mía,,Area_Planted,7561.0,ha,Actual,PL5
b2a136a7a92e0e5c,2011,1,Đông Nam Bộ,Provincial,Cultivation,Lúa,,Area_Planted,24.0,ha,Actual,PL5
b2a136a7a92e0e5c,2011,1,Đông Nam Bộ,Provincial,Cultivation,Lúa,,Area_Planted,0.0,ha,Actual,PL5
b2a136a7a92e0e5c,2011,1,Đông Nam Bộ,Provincial,Cultivation,Lúa,,Area_Planted,18514.0,ha,Actual,PL5
b2a136a7a92e0e5c,2011,1,Đông Nam Bộ,Provincial,Cultivation,Lúa,,Area_Planted,7634.0,ha,Actual,PL5
d59f13e48412fe4e,2011,1,TP Hồ Chí Minh,Provincial,Cultivation,Lúa,,Area_Planted,2480.0,ha,Actual,PL5
1477d08a1c01d04a,2011,1,TP Hồ Chí Minh,Provincial,Cultivation,Lạc,,Area_Planted,180.0,ha,Actual,PL5
520cbf1d13651fff,2011,1,TP Hồ Chí Minh,Provincial,Cultivation,Mía,,Area_Planted,2300.0,ha,Actual,PL5
d59f13e48412fe4e,2011,1,TP Hồ Chí Minh,Provincial,Cultivation,Lúa,,Area_Planted,3800.0,ha,Actual,PL5
36489059dc1e8656,2011,1,Ninh Thuận,Provincial,Cultivation,Lúa,,Area_Planted,670.0,ha,Actual,PL5
e4f0a6f3aa8e163f,2011,1,Ninh Thuận,Provincial,Cultivation,Lạc,,Area_Planted,140.0,ha,Actual,PL5
47354b584088c22a,2011,1,Ninh Thuận,Provincial,Cultivation,Thuốc lá,,Area_Planted,450.0,ha,Actual,PL5
55397591c98a1e77,2011,1,Ninh Thuận,Provincial,Cultivation,Mía,,Area_Planted,60.0,ha,Actual,PL5
36489059dc1e8656,2011,1,Ninh Thuận,Provincial,Cultivation,Lúa,,Area_Planted,20.0,ha,Actual,PL5
36489059dc1e8656,2011,1,Ninh Thuận,Provincial,Cultivation,Lúa,,Area_Planted,2500.0,ha,Actual,PL5
36489059dc1e8656,2011,1,Ninh Thuận,Provincial,Cultivation,Lúa,,Area_Planted,1350.0,ha,Actual,PL5
31d8e97cd67d3316,2011,1,Bình Phước,Provincial,Cultivation,Lúa,,Area_Planted,65.0,ha,Actual,PL5
2e760e0cb056a786,2011,1,Bình Phước,Provincial,Cultivation,Đậu,,Area_Planted,17.0,ha,Actual,PL5
108ad3360f90e303,2011,1,Bình Phước,Provincial,Cultivation,Lạc,,Area_Planted,32.0,ha,Actual,PL5
31d8e97cd67d3316,2011,1,Bình Phước,Provincial,Cultivation,Lúa,,Area_Planted,3.0,ha,Actual,PL5
6e6c101dabff5a61,2011,1,Bình Phước,Provincial,Cultivation,Mía,,Area_Planted,13.0,ha,Actual,PL5
31d8e97cd67d3316,2011,1,Bình Phước,Provincial,Cultivation,Lúa,,Area_Planted,586.0,ha,Actual,PL5
31d8e97cd67d3316,2011,1,Bình Phước,Provincial,Cultivation,Lúa,,Area_Planted,120.0,ha,Actual,PL5
df7c6ee1709d8bf7,2011,1,Tây Ninh,Provincial,Cultivation,Lúa,,Area_Planted,10510.0,ha,Actual,PL5
99630f76ec61b5cf,2011,1,Tây Ninh,Provincial,Cultivation,Lạc,,Area_Planted,6798.0,ha,Actual,PL5
df7c6ee1709d8bf7,2011,1,Tây Ninh,Provincial,Cultivation,Lúa,,Area_Planted,442.0,ha,Actual,PL5
d082e32ddb60c403,2011,1,Tây Ninh,Provincial,Cultivation,Thuốc lá,,Area_Planted,2151.0,ha,Actual,PL5
40c7b605cd9ffe73,2011,1,Tây Ninh,Provincial,Cultivation,Mía,,Area_Planted,1119.0,ha,Actual,PL5
df7c6ee1709d8bf7,2011,1,Tây Ninh,Provincial,Cultivation,Lúa,,Area_Planted,5128.0,ha,Actual,PL5
df7c6ee1709d8bf7,2011,1,Tây Ninh,Provincial,Cultivation,Lúa,,Area_Planted,2289.0,ha,Actual,PL5
9dcb4fc0eee0e5cc,2011,1,Bình Dương,Provincial,Cultivation,Lúa,,Area_Planted,388.0,ha,Actual,PL5
9ecba3460c6a070f,2011,1,Bình Dương,Provincial,Cultivation,Lạc,,Area_Planted,240.0,ha,Actual,PL5
9dcb4fc0eee0e5cc,2011,1,Bình Dương,Provincial,Cultivation,Lúa,,Area_Planted,59.0,ha,Actual,PL5
6aa2185a5ade5291,2011,1,Bình Dương,Provincial,Cultivation,Mía,,Area_Planted,89.0,ha,Actual,PL5
9dcb4fc0eee0e5cc,2011,1,Bình Dương,Provincial,Cultivation,Lúa,,Area_Planted,1452.0,ha,Actual,PL5
9dcb4fc0eee0e5cc,2011,1,Bình Dương,Provincial,Cultivation,Lúa,,Area_Planted,58.0,ha,Actual,PL5
0d71ef10ecf17945,2011,1,Đồng Nai,Provincial,Cultivation,Lúa,,Area_Planted,1108.0,ha,Actual,PL5
3d3638d6d0951712,2011,1,Đồng Nai,Provincial,Cultivation,Đậu,,Area_Planted,109.0,ha,Actual,PL5
efbde67f1d450d94,2011,1,Đồng Nai,Provincial,Cultivation,Lạc,,Area_Planted,144.0,ha,Actual,PL5
0d71ef10ecf17945,2011,1,Đồng Nai,Provincial,Cultivation,Lúa,,Area_Planted,8.0,ha,Actual,PL5
1ac95365099a72fe,2011,1,Đồng Nai,Provincial,Cultivation,Thuốc lá,,Area_Planted,706.0,ha,Actual,PL5
85a30c6c825133c6,2011,1,Đồng Nai,Provincial,Cultivation,Mía,,Area_Planted,137.0,ha,Actual,PL5
0d71ef10ecf17945,2011,1,Đồng Nai,Provincial,Cultivation,Lúa,,Area_Planted,4.0,ha,Actual,PL5
0d71ef10ecf17945,2011,1,Đồng Nai,Provincial,Cultivation,Lúa,,Area_Planted,3531.0,ha,Actual,PL5
0d71ef10ecf17945,2011,1,Đồng Nai,Provincial,Cultivation,Lúa,,Area_Planted,1504.0,ha,Actual,PL5
5618130758816d0f,2011,1,Bình Thuận,Provincial,Cultivation,Lúa,,Area_Planted,4381.0,ha,Actual,PL5
57f265b13c0adeeb,2011,1,Bình Thuận,Provincial,Cultivation,Lạc,,Area_Planted,417.0,ha,Actual,PL5
5618130758816d0f,2011,1,Bình Thuận,Provincial,Cultivation,Lúa,,Area_Planted,67.0,ha,Actual,PL5
3d63aeb52e98d8d6,2011,1,Bình Thuận,Provincial,Cultivation,Thuốc lá,,Area_Planted,54.0,ha,Actual,PL5
cde0ab38039f38bb,2011,1,Bình Thuận,Provincial,Cultivation,Mía,,Area_Planted,3843.0,ha,Actual,PL5
5618130758816d0f,2011,1,Bình Thuận,Provincial,Cultivation,Lúa,,Area_Planted,1517.0,ha,Actual,PL5
5618130758816d0f,2011,1,Bình Thuận,Provincial,Cultivation,Lúa,,Area_Planted,2313.0,ha,Actual,PL5
036560c04c5452a0,2011,1,Bà Rịa-V.Tàu,Provincial,Cultivation,Lúa,,Area_Planted,0.0,ha,Actual,PL5
c5ebe34060427881,2011,1,ĐBS Cửu Long,Provincial,Cultivation,Lúa,,Area_Planted,29299.0,ha,Actual,PL5
706b9684180ff65c,2011,1,ĐBS Cửu Long,Provincial,Cultivation,Đậu,,Area_Planted,111.0,ha,Actual,PL5
40322db104f10657,2011,1,ĐBS Cửu Long,Provincial,Cultivation,Lạc,,Area_Planted,4110.0,ha,Actual,PL5
c5ebe34060427881,2011,1,ĐBS Cửu Long,Provincial,Cultivation,Lúa,,Area_Planted,629.0,ha,Actual,PL5
dee8c292e82d7467,2011,1,ĐBS Cửu Long,Provincial,Cultivation,Thuốc lá,,Area_Planted,17.0,ha,Actual,PL5
a0455d9fc9269cc1,2011,1,ĐBS Cửu Long,Provincial,Cultivation,Mía,,Area_Planted,24336.0,ha,Actual,PL5
c5ebe34060427881,2011,1,ĐBS Cửu Long,Provincial,Cultivation,Lúa,,Area_Planted,0.0,ha,Actual,PL5
c5ebe34060427881,2011,1,ĐBS Cửu Long,Provincial,Cultivation,Lúa,,Area_Planted,97.0,ha,Actual,PL5
c5ebe34060427881,2011,1,ĐBS Cửu Long,Provincial,Cultivation,Lúa,,Area_Planted,69337.0,ha,Actual,PL5
c5ebe34060427881,2011,1,ĐBS Cửu Long,Provincial,Cultivation,Lúa,,Area_Planted,1989.0,ha,Actual,PL5
8bad20b212bfe327,2011,1,Long An,Provincial,Cultivation,Lúa,,Area_Planted,16295.0,ha,Actual,PL5
a839f9d52a8ecd7c,2011,1,Long An,Provincial,Cultivation,Lạc,,Area_Planted,3474.0,ha,Actual,PL5
8bad20b212bfe327,2011,1,Long An,Provincial,Cultivation,Lúa,,Area_Planted,250.0,ha,Actual,PL5
be9d138e0a551c69,2011,1,Long An,Provincial,Cultivation,Mía,,Area_Planted,12571.0,ha,Actual,PL5
8bad20b212bfe327,2011,1,Long An,Provincial,Cultivation,Lúa,,Area_Planted,7190.0,ha,Actual,PL5
8677ebc552b8a57c,2011,1,Đồng Tháp,Provincial,Cultivation,Lúa,,Area_Planted,109.0,ha,Actual,PL5
8677ebc552b8a57c,2011,1,Đồng Tháp,Provincial,Cultivation,Lúa,,Area_Planted,24.0,ha,Actual,PL5
8677ebc552b8a57c,2011,1,Đồng Tháp,Provincial,Cultivation,Lúa,,Area_Planted,85.0,ha,Actual,PL5
8677ebc552b8a57c,2011,1,Đồng Tháp,Provincial,Cultivation,Lúa,,Area_Planted,4314.0,ha,Actual,PL5
8677ebc552b8a57c,2011,1,Đồng Tháp,Provincial,Cultivation,Lúa,,Area_Planted,321.0,ha,Actual,PL5
a2751875634acd43,2011,1,An Giang,Provincial,Cultivation,Lúa,,Area_Planted,685.0,ha,Actual,PL5
91dad09e7a13c1ad,2011,1,An Giang,Provincial,Cultivation,Đậu,,Area_Planted,79.0,ha,Actual,PL5
2c4c5e4420a0904a,2011,1,An Giang,Provincial,Cultivation,Lạc,,Area_Planted,236.0,ha,Actual,PL5
a2751875634acd43,2011,1,An Giang,Provincial,Cultivation,Lúa,,Area_Planted,338.0,ha,Actual,PL5
6be86671cc986d75,2011,1,An Giang,Provincial,Cultivation,Thuốc lá,,Area_Planted,17.0,ha,Actual,PL5
d4701d8ea46ee351,2011,1,An Giang,Provincial,Cultivation,Mía,,Area_Planted,15.0,ha,Actual,PL5
a2751875634acd43,2011,1,An Giang,Provincial,Cultivation,Lúa,,Area_Planted,10270.0,ha,Actual,PL5
0ce26921f5bc93c1,2011,1,Tiền Giang,Provincial,Cultivation,Lúa,,Area_Planted,60.0,ha,Actual,PL5
090aa99d5142ae3d,2011,1,Tiền Giang,Provincial,Cultivation,Lạc,,Area_Planted,49.0,ha,Actual,PL5
5e94cae25e690add,2011,1,Tiền Giang,Provincial,Cultivation,Mía,,Area_Planted,11.0,ha,Actual,PL5
0ce26921f5bc93c1,2011,1,Tiền Giang,Provincial,Cultivation,Lúa,,Area_Planted,12832.0,ha,Actual,PL5
0ce26921f5bc93c1,2011,1,Tiền Giang,Provincial,Cultivation,Lúa,,Area_Planted,56.0,ha,Actual,PL5
8323ff43850a29f1,2011,1,Vĩnh Long,Provincial,Cultivation,Lúa,,Area_Planted,0.0,ha,Actual,PL5
8323ff43850a29f1,2011,1,Vĩnh Long,Provincial,Cultivation,Lúa,,Area_Planted,3728.0,ha,Actual,PL5
8323ff43850a29f1,2011,1,Vĩnh Long,Provincial,Cultivation,Lúa,,Area_Planted,226.0,ha,Actual,PL5
b37dc6a87c68d289,2011,1,Bến Tre,Provincial,Cultivation,Lúa,,Area_Planted,45.0,ha,Actual,PL5
30a450bb196f5de5,2011,1,Bến Tre,Provincial,Cultivation,Lạc,,Area_Planted,45.0,ha,Actual,PL5
b37dc6a87c68d289,2011,1,Bến Tre,Provincial,Cultivation,Lúa,,Area_Planted,1936.0,ha,Actual,PL5
7ae4f49666dc693a,2011,1,Kiên Giang,Provincial,Cultivation,Lúa,,Area_Planted,0.0,ha,Actual,PL5
ca54c4e53c0f0dcb,2011,1,Cần Thơ,Provincial,Cultivation,Lúa,,Area_Planted,51.0,ha,Actual,PL5
c65a4f6b4424f287,2011,1,Cần Thơ,Provincial,Cultivation,Đậu,,Area_Planted,30.0,ha,Actual,PL5
46f94463074b5cff,2011,1,Cần Thơ,Provincial,Cultivation,Lạc,,Area_Planted,5.0,ha,Actual,PL5
ca54c4e53c0f0dcb,2011,1,Cần Thơ,Provincial,Cultivation,Lúa,,Area_Planted,17.0,ha,Actual,PL5
ca54c4e53c0f0dcb,2011,1,Cần Thơ,Provincial,Cultivation,Lúa,,Area_Planted,2046.0,ha,Actual,PL5
ca54c4e53c0f0dcb,2011,1,Cần Thơ,Provincial,Cultivation,Lúa,,Area_Planted,261.0,ha,Actual,PL5
54b3288d8189370a,2011,1,Hậu Giang,Provincial,Cultivation,Lúa,,Area_Planted,5210.0,ha,Actual,PL5
871c255e15faeb78,2011,1,Hậu Giang,Provincial,Cultivation,Mía,,Area_Planted,5210.0,ha,Actual,PL5
54b3288d8189370a,2011,1,Hậu Giang,Provincial,Cultivation,Lúa,,Area_Planted,9094.0,ha,Actual,PL5
54b3288d8189370a,2011,1,Hậu Giang,Provincial,Cultivation,Lúa,,Area_Planted,419.0,ha,Actual,PL5
843c436fe1efb519,2011,1,Trà Vinh,Provincial,Cultivation,Lúa,,Area_Planted,1040.0,ha,Actual,PL5
958b602865282b2a,2011,1,Trà Vinh,Provincial,Cultivation,Lạc,,Area_Planted,296.0,ha,Actual,PL5
6be4c1b2f6e4b434,2011,1,Trà Vinh,Provincial,Cultivation,Mía,,Area_Planted,732.0,ha,Actual,PL5
843c436fe1efb519,2011,1,Trà Vinh,Provincial,Cultivation,Lúa,,Area_Planted,12.0,ha,Actual,PL5
843c436fe1efb519,2011,1,Trà Vinh,Provincial,Cultivation,Lúa,,Area_Planted,3054.0,ha,Actual,PL5
843c436fe1efb519,2011,1,Trà Vinh,Provincial,Cultivation,Lúa,,Area_Planted,205.0,ha,Actual,PL5
c602bbe15b292234,2011,1,Sóc Trăng,Provincial,Cultivation,Lúa,,Area_Planted,5804.0,ha,Actual,PL5
30c46a6b6c26926c,2011,1,Sóc Trăng,Provincial,Cultivation,Đậu,,Area_Planted,2.0,ha,Actual,PL5
18751e6e2c514d93,2011,1,Sóc Trăng,Provincial,Cultivation,Lạc,,Area_Planted,5.0,ha,Actual,PL5
0fac131c156d9fb4,2011,1,Sóc Trăng,Provincial,Cultivation,Mía,,Area_Planted,5797.0,ha,Actual,PL5
c602bbe15b292234,2011,1,Sóc Trăng,Provincial,Cultivation,Lúa,,Area_Planted,12950.0,ha,Actual,PL5
c602bbe15b292234,2011,1,Sóc Trăng,Provincial,Cultivation,Lúa,,Area_Planted,501.0,ha,Actual,PL5
1ddb439a82d3dd72,2011,1,Bạc Liêu,Provincial,Cultivation,Lúa,,Area_Planted,0.0,ha,Actual,PL5
1ddb439a82d3dd72,2011,1,Bạc Liêu,Provincial,Cultivation,Lúa,,Area_Planted,1244.0,ha,Actual,PL5
60cbb4e3d5568c93,2011,1,Cà Mau,Provincial,Cultivation,Lúa,,Area_Planted,680.0,ha,Actual,PL5
17890cbb92693099,2011,1,Cả nước,National,Forestry,Rừng,,Area,6.0,1000_ha,Plan,PL6
f4ae88545e8cdbd7,2011,1,Cả nước,National,Forestry,Rừng,,Area,1012.0,1000_ha,Estimated,PL6
17890cbb92693099,2011,1,Cả nước,National,Forestry,Rừng,,Area,430.0,1000_ha,Plan,PL6
f4ae88545e8cdbd7,2011,1,Cả nước,National,Forestry,Rừng,,Area,1000.0,1000_ha,Estimated,PL6
17890cbb92693099,2011,1,Cả nước,National,Forestry,Rừng,,Area,230.0,1000_ha,Plan,PL6
f4ae88545e8cdbd7,2011,1,Cả nước,National,Forestry,Rừng,,Area,1000.0,1000_ha,Estimated,PL6
17890cbb92693099,2011,1,Cả nước,National,Forestry,Rừng,,Area,220.0,1000_ha,Plan,PL6
f4ae88545e8cdbd7,2011,1,Cả nước,National,Forestry,Rừng,,Area,1000.0,1000_ha,Estimated,PL6
17890cbb92693099,2011,1,Cả nước,National,Forestry,Rừng,,Area,10.0,1000_ha,Plan,PL6
f4ae88545e8cdbd7,2011,1,Cả nước,National,Forestry,Rừng,,Area,1025.0,1000_ha,Estimated,PL6
17890cbb92693099,2011,1,Cả nước,National,Forestry,Rừng,,Area,200.0,1000_ha,Plan,PL6
a7751093830ef3a7,2011,1,Cả nước,National,Trade,I,Xuất khẩu,Export_Volume,150500.0,1000_ton,Actual,PL8
639f3f427c92236f,2011,1,Cả nước,National,Trade,I,Xuất khẩu,Export_Value,148500.0,million_USD,Actual,PL8
a84b2af0da829d1f,2011,1,Cả nước,National,Trade,1,Xuất khẩu,Export_Volume,120000.0,1000_ton,Actual,PL8
4f1fe84b320a3531,2011,1,Cả nước,National,Trade,1,Xuất khẩu,Export_Value,120000.0,million_USD,Actual,PL8
2cd5be89bfdc3209,2011,1,Cả nước,National,Trade,2,Xuất khẩu,Export_Volume,9500.0,1000_ton,Actual,PL8
0ba7888b5fa038bc,2011,1,Cả nước,National,Trade,2,Xuất khẩu,Export_Value,9500.0,million_USD,Actual,PL8
2021edcb8c6443a0,2011,1,Cả nước,National,Trade,3,Xuất khẩu,Export_Volume,7500.0,1000_ton,Actual,PL8
74efd74d32dc740e,2011,1,Cả nước,National,Trade,3,Xuất khẩu,Export_Value,7500.0,million_USD,Actual,PL8
c3e5e046a7542b6e,2011,1,Cả nước,National,Trade,4,Xuất khẩu,Export_Volume,500.0,1000_ton,Actual,PL8
917a279348ce102e,2011,1,Cả nước,National,Trade,4,Xuất khẩu,Export_Value,500.0,million_USD,Actual,PL8
1adc7ccab2bdf207,2011,1,Cả nước,National,Trade,5,Xuất khẩu,Export_Volume,2000.0,1000_ton,Actual,PL8
aa67a61e36515bba,2011,1,Cả nước,National,Trade,5,Xuất khẩu,Export_Value,2000.0,million_USD,Actual,PL8
61d27eb9f6a02f1d,2011,1,Cả nước,National,Trade,6,Xuất khẩu,Export_Volume,4500.0,1000_ton,Actual,PL8
82d25f4bf8793781,2011,1,Cả nước,National,Trade,6,Xuất khẩu,Export_Value,4500.0,million_USD,Actual,PL8
bd8b955b31081b96,2011,1,Cả nước,National,Trade,7,Xuất khẩu,Export_Volume,3500.0,1000_ton,Actual,PL8
fd07d37ad169277a,2011,1,Cả nước,National,Trade,7,Xuất khẩu,Export_Value,3500.0,million_USD,Actual,PL8
9be351a5f25c5666,2011,1,Cả nước,National,Trade,8,Xuất khẩu,Export_Volume,3000.0,1000_ton,Actual,PL8
04a90158c5a11434,2011,1,Cả nước,National,Trade,8,Xuất khẩu,Export_Value,3000.0,million_USD,Actual,PL8
24b1269e1f6c88e1,2011,1,Cả nước,National,Trade,II,Xuất khẩu,Export_Volume,5000.0,1000_ton,Actual,PL8
9e272c5e56166d62,2011,1,Cả nước,National,Trade,II,Xuất khẩu,Export_Value,5000.0,million_USD,Actual,PL8
9d2cffd1d3ea7c54,2011,1,Cả nước,National,Trade,IV,Xuất khẩu,Export_Volume,1000.0,1000_ton,Actual,PL8
af79a578052d8129,2011,1,Cả nước,National,Trade,IV,Xuất khẩu,Export_Value,1000.0,million_USD,Actual,PL8
8a83661e067bf244,2011,1,Cả nước,National,Investment,143,,Investment_Amount,201.0,million_VND,Plan,PL9
6108b167bbabee47,2011,1,Cả nước,National,Investment,143,,Investment_Amount,6972.0,million_VND,Cumulative,PL9
b9e4a8cac7032e96,2011,1,Cả nước,National,Investment,54,,Investment_Amount,137.0,million_VND,Plan,PL9
6642f8380acc8ac6,2011,1,Cả nước,National,Investment,54,,Investment_Amount,12881.0,million_VND,Cumulative,PL9
5586fa5522d078f0,2011,1,Cả nước,National,Investment,381,,Investment_Amount,205.0,million_VND,Plan,PL9
deacaf9dd27de1b1,2011,1,Cả nước,National,Investment,381,,Investment_Amount,10245.0,million_VND,Cumulative,PL9
2647393bc84a919a,2011,1,Cả nước,National,Investment,11,,Investment_Amount,15.0,million_VND,Plan,PL9
763f8d05fac5b061,2011,1,Cả nước,National,Investment,11,,Investment_Amount,10158.0,million_VND,Cumulative,PL9
b7fe7aebec0d2a74,2011,1,Cả nước,National,Investment,13,,Investment_Amount,71.0,million_VND,Plan,PL9
b29fdc54c3a69550,2011,1,Cả nước,National,Investment,13,,Investment_Amount,11426.0,million_VND,Cumulative,PL9
4506c1b0f799087e,2011,1,Cả nước,National,Investment,8,,Investment_Amount,23.0,million_VND,Plan,PL9
a89321a9a00672c6,2011,1,Cả nước,National,Investment,8,,Investment_Amount,9296.0,million_VND,Cumulative,PL9
d40a16f498408e6f,2011,1,Cả nước,National,Investment,253,,Investment_Amount,68.0,million_VND,Plan,PL9
16905052c064e874,2011,1,Cả nước,National,Investment,253,,Investment_Amount,7313.0,million_VND,Cumulative,PL9
da1e87e2853001e1,2011,1,Cả nước,National,Investment,505,,Investment_Amount,146.0,million_VND,Plan,PL9
c38ebc329c9209ad,2011,1,Cả nước,National,Investment,505,,Investment_Amount,10296.0,million_VND,Cumulative,PL9
75e58a192a20a40b,2011,1,Cả nước,National,Investment,207,,Investment_Amount,66.0,million_VND,Plan,PL9
2d77222608e81887,2011,1,Cả nước,National,Investment,207,,Investment_Amount,9452.0,million_VND,Cumulative,PL9
3d7b1f604938519e,2011,1,Cả nước,National,Investment,153,,Investment_Amount,20.0,million_VND,Plan,PL9
b282386343ee3d29,2011,1,Cả nước,National,Investment,153,,Investment_Amount,9415.0,million_VND,Cumulative,PL9
6d94f5d9369a87db,2011,1,Cả nước,National,Investment,58,,Investment_Amount,24.0,million_VND,Plan,PL9
6535b6b9db83e15c,2011,1,Cả nước,National,Investment,58,,Investment_Amount,15480.0,million_VND,Cumulative,PL9
e2e8d901c4a61866,2011,1,Cả nước,National,Investment,28,,Investment_Amount,10.0,million_VND,Plan,PL9
e9ad1b3d3df2652d,2011,1,Cả nước,National,Investment,28,,Investment_Amount,10152.0,million_VND,Cumulative,PL9
237c329426e4eecb,2011,1,Cả nước,National,Investment,59,,Investment_Amount,26.0,million_VND,Plan,PL9
9726115e789cc577,2011,1,Cả nước,National,Investment,59,,Investment_Amount,10505.0,million_VND,Cumulative,PL9
fdcb9496109bef07,2011,1,Cả nước,National,Investment,149,,Investment_Amount,35.0,million_VND,Plan,PL9
220b756a7614c7f9,2011,1,Cả nước,National,Investment,149,,Investment_Amount,12001.0,million_VND,Cumulative,PL9
4ee7a447c6d6a2db,2011,1,Cả nước,National,Investment,27,,Investment_Amount,45.0,million_VND,Plan,PL9
751e692090742d56,2011,1,Cả nước,National,Investment,27,,Investment_Amount,10029.0,million_VND,Cumulative,PL9
a0f7db5c871c6e13,2011,1,Cả nước,National,Investment,33,,Investment_Amount,51.0,million_VND,Plan,PL9
82edb90b7e193e01,2011,1,Cả nước,National,Investment,33,,Investment_Amount,8535.0,million_VND,Cumulative,PL9
947ed03e2cd4effe,2010,2,1. Gieo cấy lúa đông xuân cả nước,Provincial,Cultivation,Lúa,Đông Xuân,Area_Planted,27427.0,1000_ha,Actual,PL1
b75ed281e2e32595,2011,2,1. Gieo cấy lúa đông xuân cả nước,Provincial,Cultivation,Lúa,Đông Xuân,Area_Planted,25807.0,1000_ha,Actual,PL1
08e073b257201d1d,2010,2,- Vùng Duyên hải Bắc Trung bộ,Provincial,Cultivation,Unknown,,Area_Planted,3350.0,1000_ha,Actual,PL1
376fe39908493bc1,2011,2,- Vùng Duyên hải Bắc Trung bộ,Provincial,Cultivation,Unknown,,Area_Planted,2986.0,1000_ha,Actual,PL1
6a12f19fe878b031,2010,2,+ Miền Nam,Provincial,Cultivation,Unknown,,Area_Planted,18578.0,1000_ha,Actual,PL1
09cf015274b6e62c,2011,2,+ Miền Nam,Provincial,Cultivation,Unknown,,Area_Planted,19068.0,1000_ha,Actual,PL1
82c79abeea7ffa0e,2010,2,2. Thu hoạch lúa đông xuân ở miền Nam,Provincial,Cultivation,Lúa,Đông Xuân,Area_Harvested,2680.0,1000_ha,Actual,PL1
08a2f363182b9938,2011,2,2. Thu hoạch lúa đông xuân ở miền Nam,Provincial,Cultivation,Lúa,Đông Xuân,Area_Harvested,3771.0,1000_ha,Actual,PL1
910d68ca4d5992e6,2010,2,3. Gieo trồng màu lương thực(),Provincial,Cultivation,Màu lương thực,,Area_Planted,4283.0,1000_ha,Actual,PL1
05fd2e979dc01c7b,2011,2,3. Gieo trồng màu lương thực(),Provincial,Cultivation,Màu lương thực,,Area_Planted,4147.0,1000_ha,Actual,PL1
c6b807a35f75d8df,2010,2,- Khoai lang,Provincial,Cultivation,Khoai lang,,Area_Planted,685.0,1000_ha,Actual,PL1
35c6834e4b4a86f5,2011,2,- Khoai lang,Provincial,Cultivation,Khoai lang,,Area_Planted,638.0,1000_ha,Actual,PL1
8703cdbbbde26358,2010,2,- Sắn,Provincial,Cultivation,Sắn,,Area_Planted,958.0,1000_ha,Actual,PL1
a7087eabfcba1c52,2011,2,- Sắn,Provincial,Cultivation,Sắn,,Area_Planted,972.0,1000_ha,Actual,PL1
3af685c751d9a75c,2010,2,4. Gieo trồng cây công nghiệp ngắn ngày(),Provincial,Cultivation,Cây công nghiệp ngắn ngày,,Area_Planted,2472.0,1000_ha,Actual,PL1
30f0f41dc089cf89,2011,2,4. Gieo trồng cây công nghiệp ngắn ngày(),Provincial,Cultivation,Cây công nghiệp ngắn ngày,,Area_Planted,2637.0,1000_ha,Actual,PL1
03a60f3926c4b279,2010,2,- Lạc,Provincial,Cultivation,Lạc,,Area_Planted,993.0,1000_ha,Actual,PL1
4cf9e7d9d2d2f979,2011,2,- Lạc,Provincial,Cultivation,Lạc,,Area_Planted,951.0,1000_ha,Actual,PL1
1a1682d2e4babb06,2010,2,"5. Gieo trồng rau, đậu các loại()",Provincial,Cultivation,Rau đậu,,Area_Planted,3102.0,1000_ha,Actual,PL1
3693ca64a2a94813,2011,2,"5. Gieo trồng rau, đậu các loại()",Provincial,Cultivation,Rau đậu,,Area_Planted,3200.0,1000_ha,Actual,PL1
1b2564a99cfd9e5e,2011,11,HOA KỲ,International,Trade,Bông các loại,Xuất khẩu,Export_Volume,17692.0,ton,Actual,PL11
5aed7f807305ecc2,2011,11,HOA KỲ,International,Trade,Bông các loại,Xuất khẩu,Export_Value,52806.0,1000_USD,Actual,PL11
c3c646fdb453e9f5,2011,11,ẤN ĐỘ,International,Trade,Bông các loại,Xuất khẩu,Export_Volume,11960.0,ton,Actual,PL11
a5b14229de2f36a9,2011,11,ẤN ĐỘ,International,Trade,Bông các loại,Xuất khẩu,Export_Value,31690.0,1000_USD,Actual,PL11
1033f9ef84449ab7,2011,11,BRAXIN,International,Trade,Bông các loại,Xuất khẩu,Export_Volume,452.0,ton,Actual,PL11
95401ca94f46062d,2011,11,BRAXIN,International,Trade,Bông các loại,Xuất khẩu,Export_Value,1572.0,1000_USD,Actual,PL11
ecd2ac94dd0e7588,2011,11,TRUNG QUỐC,International,Trade,Bông các loại,Xuất khẩu,Export_Volume,37.0,ton,Actual,PL11
f86827d5fd1b44d2,2011,11,TRUNG QUỐC,International,Trade,Bông các loại,Xuất khẩu,Export_Value,185.0,1000_USD,Actual,PL11
5ee54eabc0c2c90e,2011,11,HÀN QUỐC,International,Trade,Bông các loại,Xuất khẩu,Export_Volume,45.0,ton,Actual,PL11
6795ed9f11310d93,2011,11,HÀN QUỐC,International,Trade,Bông các loại,Xuất khẩu,Export_Value,107.0,1000_USD,Actual,PL11
20ce4c200c5d5e7b,2011,11,ITALIA,International,Trade,Bông các loại,Xuất khẩu,Export_Volume,78.0,ton,Actual,PL11
8a767b4ec2e62aa4,2011,11,ITALIA,International,Trade,Bông các loại,Xuất khẩu,Export_Value,100.0,1000_USD,Actual,PL11
35adab7f0ee3de54,2011,11,IN ĐÔ NÊ XI A,International,Trade,Bông các loại,Xuất khẩu,Export_Volume,40.0,ton,Actual,PL11
2a6be5ceee4a5df5,2011,11,IN ĐÔ NÊ XI A,International,Trade,Bông các loại,Xuất khẩu,Export_Value,89.0,1000_USD,Actual,PL11
0da52fe8c46a8e34,2011,11,ĐÀI LOAN,International,Trade,Bông các loại,Xuất khẩu,Export_Volume,24.0,ton,Actual,PL11
978d7b8acc86b835,2011,11,ĐÀI LOAN,International,Trade,Bông các loại,Xuất khẩu,Export_Value,72.0,1000_USD,Actual,PL11
b71c9337fe356e00,2011,11,CAMPUCHIA,International,Trade,Cao su,Xuất khẩu,Export_Volume,3303.0,ton,Actual,PL11
68d84100e2813e46,2011,11,CAMPUCHIA,International,Trade,Cao su,Xuất khẩu,Export_Value,15870.0,1000_USD,Actual,PL11
6a0fd411e4574e46,2011,11,HÀN QUỐC,International,Trade,Cao su,Xuất khẩu,Export_Volume,3608.0,ton,Actual,PL11
65ccf13427efd1bc,2011,11,HÀN QUỐC,International,Trade,Cao su,Xuất khẩu,Export_Value,10728.0,1000_USD,Actual,PL11
02361f50534fec01,2011,11,THÁI LAN,International,Trade,Cao su,Xuất khẩu,Export_Volume,3140.0,ton,Actual,PL11
8e5eee3df42f5a4d,2011,11,THÁI LAN,International,Trade,Cao su,Xuất khẩu,Export_Value,8116.0,1000_USD,Actual,PL11
3afd77892efe788c,2011,11,ĐÀI LOAN,International,Trade,Cao su,Xuất khẩu,Export_Volume,2422.0,ton,Actual,PL11
7f6f45aa2281adba,2011,11,ĐÀI LOAN,International,Trade,Cao su,Xuất khẩu,Export_Value,6307.0,1000_USD,Actual,PL11
19c0ac4cf7ceeefb,2011,11,NHẬT BẢN,International,Trade,Cao su,Xuất khẩu,Export_Volume,1850.0,ton,Actual,PL11
1ccf04a0e5afb459,2011,11,NHẬT BẢN,International,Trade,Cao su,Xuất khẩu,Export_Value,5645.0,1000_USD,Actual,PL11
0b712456339608dc,2011,11,TRUNG QUỐC,International,Trade,Cao su,Xuất khẩu,Export_Volume,1321.0,ton,Actual,PL11
1995a8e839a2d21e,2011,11,TRUNG QUỐC,International,Trade,Cao su,Xuất khẩu,Export_Value,2818.0,1000_USD,Actual,PL11
ba8c4032bfc4d7a1,2011,11,HOA KỲ,International,Trade,Cao su,Xuất khẩu,Export_Volume,1542.0,ton,Actual,PL11
26f7aa3d17a62683,2011,11,HOA KỲ,International,Trade,Cao su,Xuất khẩu,Export_Value,2025.0,1000_USD,Actual,PL11
b2836a97c1e7b5e3,2011,11,PHÁP,International,Trade,Cao su,Xuất khẩu,Export_Volume,414.0,ton,Actual,PL11
1e57106a121d3f1d,2011,11,PHÁP,International,Trade,Cao su,Xuất khẩu,Export_Value,1400.0,1000_USD,Actual,PL11
67b1aa00c1a79bf1,2011,11,NGA,International,Trade,Cao su,Xuất khẩu,Export_Volume,190.0,ton,Actual,PL11
aad5c2ffd5927782,2011,11,NGA,International,Trade,Cao su,Xuất khẩu,Export_Value,895.0,1000_USD,Actual,PL11
2ea038b4a331fa00,2011,11,MALAIXIA,International,Trade,Cao su,Xuất khẩu,Export_Volume,947.0,ton,Actual,PL11
dd6828b061c831f5,2011,11,MALAIXIA,International,Trade,Cao su,Xuất khẩu,Export_Value,610.0,1000_USD,Actual,PL11
0b27908dcba257d4,2011,11,MALAIXIA,International,Trade,Dầu mỡ động thực vật,Xuất khẩu,Export_Value,31187.0,1000_USD,Actual,PL11
4cb233b771678d5d,2011,11,ACHENTINA,International,Trade,Dầu mỡ động thực vật,Xuất khẩu,Export_Value,27397.0,1000_USD,Actual,PL11
aaca15bf348568be,2011,11,IN ĐÔ NÊ XI A,International,Trade,Dầu mỡ động thực vật,Xuất khẩu,Export_Value,20106.0,1000_USD,Actual,PL11
ec11acb120db5e3d,2011,11,CHI LÊ,International,Trade,Dầu mỡ động thực vật,Xuất khẩu,Export_Value,1134.0,1000_USD,Actual,PL11
9d1af1936cb88ae7,2011,11,THÁI LAN,International,Trade,Dầu mỡ động thực vật,Xuất khẩu,Export_Value,535.0,1000_USD,Actual,PL11
62c3b62b466343e5,2011,11,TRUNG QUỐC,International,Trade,Dầu mỡ động thực vật,Xuất khẩu,Export_Value,388.0,1000_USD,Actual,PL11
6c73cc73972f3a42,2011,11,HOA KỲ,International,Trade,Dầu mỡ động thực vật,Xuất khẩu,Export_Value,325.0,1000_USD,Actual,PL11
e43c65bd477787b3,2011,11,HÀN QUỐC,International,Trade,Dầu mỡ động thực vật,Xuất khẩu,Export_Value,296.0,1000_USD,Actual,PL11
d68ef83f6fa06c95,2011,11,ẤN ĐỘ,International,Trade,Dầu mỡ động thực vật,Xuất khẩu,Export_Value,125.0,1000_USD,Actual,PL11
a23761ddd5381674,2011,11,XINH GA PO,International,Trade,Dầu mỡ động thực vật,Xuất khẩu,Export_Value,117.0,1000_USD,Actual,PL11
ce75cb4cfa01eeda,2011,11,HOA KỲ,International,Trade,Lúa mì,Xuất khẩu,Export_Volume,4903.0,ton,Actual,PL11
df28912c7ea05e93,2011,11,HOA KỲ,International,Trade,Lúa mì,Xuất khẩu,Export_Value,1965.0,1000_USD,Actual,PL11
2d86b0705921a5d1,2011,11,Ô X TRÂY LIA,International,Trade,Lúa mì,Xuất khẩu,Export_Volume,106677.0,ton,Actual,PL11
c5a085ab4b0b736e,2011,11,Ô X TRÂY LIA,International,Trade,Lúa mì,Xuất khẩu,Export_Value,36264.0,1000_USD,Actual,PL11
af6427c7d8c9b0fd,2011,11,LÀO,International,Trade,Gỗ & sản phẩm gỗ,Xuất khẩu,Export_Value,21181.0,1000_USD,Actual,PL11
88006c21ea8dc711,2011,11,TRUNG QUỐC,International,Trade,Gỗ & sản phẩm gỗ,Xuất khẩu,Export_Value,11412.0,1000_USD,Actual,PL11
2d8f05700ca0d3d7,2011,11,HOA KỲ,International,Trade,Gỗ & sản phẩm gỗ,Xuất khẩu,Export_Value,8917.0,1000_USD,Actual,PL11
54d06b6dbdf3ed5d,2011,11,MALAIXIA,International,Trade,Gỗ & sản phẩm gỗ,Xuất khẩu,Export_Value,6475.0,1000_USD,Actual,PL11
e17dbfc092cf4ab1,2011,11,THÁI LAN,International,Trade,Gỗ & sản phẩm gỗ,Xuất khẩu,Export_Value,5441.0,1000_USD,Actual,PL11
59bf2a5631f1de19,2011,11,HÀN QUỐC,International,Trade,Gỗ & sản phẩm gỗ,Xuất khẩu,Export_Value,5115.0,1000_USD,Actual,PL11
1654725334c4aa39,2011,11,NIU ZI LÂN,International,Trade,Gỗ & sản phẩm gỗ,Xuất khẩu,Export_Value,3372.0,1000_USD,Actual,PL11
2ce519779f6a000a,2011,11,CAMPUCHIA,International,Trade,Gỗ & sản phẩm gỗ,Xuất khẩu,Export_Value,3250.0,1000_USD,Actual,PL11
5e120a4d5713b6ef,2011,11,BRAXIN,International,Trade,Gỗ & sản phẩm gỗ,Xuất khẩu,Export_Value,2687.0,1000_USD,Actual,PL11
03c7e363f43636d4,2011,11,IN ĐÔ NÊ XI A,International,Trade,Gỗ & sản phẩm gỗ,Xuất khẩu,Export_Value,1970.0,1000_USD,Actual,PL11
07aed4898df2e5c9,2011,11,TRUNG QUỐC,International,Trade,Phân bón các loại,Xuất khẩu,Export_Volume,131853.0,ton,Actual,PL11
f1b443697c40dcb5,2011,11,TRUNG QUỐC,International,Trade,Phân bón các loại,Xuất khẩu,Export_Value,44691.0,1000_USD,Actual,PL11
4d08f421c2048a83,2011,11,PHI LIP PIN,International,Trade,Phân bón các loại,Xuất khẩu,Export_Volume,19620.0,ton,Actual,PL11
d17c0d37d67dc111,2011,11,PHI LIP PIN,International,Trade,Phân bón các loại,Xuất khẩu,Export_Value,10352.0,1000_USD,Actual,PL11
4bc79e63e064354d,2011,11,CA NA ĐA,International,Trade,Phân bón các loại,Xuất khẩu,Export_Volume,23091.0,ton,Actual,PL11
b52a08e7face3bce,2011,11,CA NA ĐA,International,Trade,Phân bón các loại,Xuất khẩu,Export_Value,9957.0,1000_USD,Actual,PL11
8fdb931acdd7c535,2011,11,NHẬT BẢN,International,Trade,Phân bón các loại,Xuất khẩu,Export_Volume,13040.0,ton,Actual,PL11
9287bcc44462043c,2011,11,NHẬT BẢN,International,Trade,Phân bón các loại,Xuất khẩu,Export_Value,2603.0,1000_USD,Actual,PL11
66fcb7ec98749ee9,2011,11,ĐÀI LOAN,International,Trade,Phân bón các loại,Xuất khẩu,Export_Volume,6327.0,ton,Actual,PL11
4182332b06e56451,2011,11,ĐÀI LOAN,International,Trade,Phân bón các loại,Xuất khẩu,Export_Value,1510.0,1000_USD,Actual,PL11
98d4940d7fccf3bb,2011,2,Miền Bắc,Provincial,Cultivation,Lúa,,Area_Planted,673920.0,ha,Actual,PL2
98d4940d7fccf3bb,2011,2,Miền Bắc,Provincial,Cultivation,Lúa,,Area_Planted,299753.0,ha,Actual,PL2
ac3b34789628f1c1,2011,2,Miền Bắc,Provincial,Cultivation,Ngô,,Area_Planted,190043.0,ha,Actual,PL2
98d4940d7fccf3bb,2011,2,Miền Bắc,Provincial,Cultivation,Lúa,,Area_Planted,54039.0,ha,Actual,PL2
5b966f8327fc52ff,2011,2,Miền Bắc,Provincial,Cultivation,Sắn,,Area_Planted,55036.0,ha,Actual,PL2
98d4940d7fccf3bb,2011,2,Miền Bắc,Provincial,Cultivation,Lúa,,Area_Planted,635.0,ha,Actual,PL2
58d2ede04a25fd66,2011,2,ĐB sông Hồng,Provincial,Cultivation,Lúa,,Area_Planted,299838.0,ha,Actual,PL2
58d2ede04a25fd66,2011,2,ĐB sông Hồng,Provincial,Cultivation,Lúa,,Area_Planted,76989.0,ha,Actual,PL2
686e8cc7764db8ee,2011,2,ĐB sông Hồng,Provincial,Cultivation,Ngô,,Area_Planted,58340.0,ha,Actual,PL2
58d2ede04a25fd66,2011,2,ĐB sông Hồng,Provincial,Cultivation,Lúa,,Area_Planted,17675.0,ha,Actual,PL2
2df74e03c482d671,2011,2,ĐB sông Hồng,Provincial,Cultivation,Sắn,,Area_Planted,774.0,ha,Actual,PL2
58d2ede04a25fd66,2011,2,ĐB sông Hồng,Provincial,Cultivation,Lúa,,Area_Planted,200.0,ha,Actual,PL2
dc9c27c053f65631,2011,2,Hà Nội,Provincial,Cultivation,Lúa,,Area_Planted,80000.0,ha,Actual,PL2
dc9c27c053f65631,2011,2,Hà Nội,Provincial,Cultivation,Lúa,,Area_Planted,17638.0,ha,Actual,PL2
abb3250a9b8eae5c,2011,2,Hà Nội,Provincial,Cultivation,Ngô,,Area_Planted,13428.0,ha,Actual,PL2
dc9c27c053f65631,2011,2,Hà Nội,Provincial,Cultivation,Lúa,,Area_Planted,4210.0,ha,Actual,PL2
0e33c415b49b6d85,2011,2,Hải Phòng,Provincial,Cultivation,Lúa,,Area_Planted,18934.0,ha,Actual,PL2
0e33c415b49b6d85,2011,2,Hải Phòng,Provincial,Cultivation,Lúa,,Area_Planted,3263.0,ha,Actual,PL2
6793c263cc5f61f7,2011,2,Hải Phòng,Provincial,Cultivation,Ngô,,Area_Planted,2151.0,ha,Actual,PL2
0e33c415b49b6d85,2011,2,Hải Phòng,Provincial,Cultivation,Lúa,,Area_Planted,1112.0,ha,Actual,PL2
79858b7652fb8d9e,2011,2,Vĩnh Phúc,Provincial,Cultivation,Lúa,,Area_Planted,17923.0,ha,Actual,PL2
79858b7652fb8d9e,2011,2,Vĩnh Phúc,Provincial,Cultivation,Lúa,,Area_Planted,15711.0,ha,Actual,PL2
f1c6a3490fa55643,2011,2,Vĩnh Phúc,Provincial,Cultivation,Ngô,,Area_Planted,12776.0,ha,Actual,PL2
79858b7652fb8d9e,2011,2,Vĩnh Phúc,Provincial,Cultivation,Lúa,,Area_Planted,2261.0,ha,Actual,PL2
e5d7a5b93dab9c31,2011,2,Vĩnh Phúc,Provincial,Cultivation,Sắn,,Area_Planted,474.0,ha,Actual,PL2
79858b7652fb8d9e,2011,2,Vĩnh Phúc,Provincial,Cultivation,Lúa,,Area_Planted,200.0,ha,Actual,PL2
4a03dbae25af2af3,2011,2,Bắc Ninh,Provincial,Cultivation,Lúa,,Area_Planted,650.0,ha,Actual,PL2
4a03dbae25af2af3,2011,2,Bắc Ninh,Provincial,Cultivation,Lúa,,Area_Planted,3342.0,ha,Actual,PL2
f6c048bc93bfa8f4,2011,2,Bắc Ninh,Provincial,Cultivation,Ngô,,Area_Planted,2537.0,ha,Actual,PL2
4a03dbae25af2af3,2011,2,Bắc Ninh,Provincial,Cultivation,Lúa,,Area_Planted,805.0,ha,Actual,PL2
ac42a01390fccbef,2011,2,Hải Dương,Provincial,Cultivation,Lúa,,Area_Planted,35153.0,ha,Actual,PL2
ac42a01390fccbef,2011,2,Hải Dương,Provincial,Cultivation,Lúa,,Area_Planted,2540.0,ha,Actual,PL2
d8e951e7851368a4,2011,2,Hải Dương,Provincial,Cultivation,Ngô,,Area_Planted,2540.0,ha,Actual,PL2
295edfcb8ce183f5,2011,2,Hưng Yên,Provincial,Cultivation,Lúa,,Area_Planted,14000.0,ha,Actual,PL2
295edfcb8ce183f5,2011,2,Hưng Yên,Provincial,Cultivation,Lúa,,Area_Planted,6000.0,ha,Actual,PL2
239b7c3984c079ee,2011,2,Hưng Yên,Provincial,Cultivation,Ngô,,Area_Planted,5000.0,ha,Actual,PL2
295edfcb8ce183f5,2011,2,Hưng Yên,Provincial,Cultivation,Lúa,,Area_Planted,1000.0,ha,Actual,PL2
fce625b2e5695b20,2011,2,Hà Nam,Provincial,Cultivation,Lúa,,Area_Planted,15000.0,ha,Actual,PL2
fce625b2e5695b20,2011,2,Hà Nam,Provincial,Cultivation,Lúa,,Area_Planted,4298.0,ha,Actual,PL2
f9eb0a0e5c151c41,2011,2,Hà Nam,Provincial,Cultivation,Ngô,,Area_Planted,39022889.0,ha,Actual,PL2
fce625b2e5695b20,2011,2,Hà Nam,Provincial,Cultivation,Lúa,,Area_Planted,396.0,ha,Actual,PL2
df0f0d21c1bc587a,2011,2,Nam Định,Provincial,Cultivation,Lúa,,Area_Planted,3040.0,ha,Actual,PL2
df0f0d21c1bc587a,2011,2,Nam Định,Provincial,Cultivation,Lúa,,Area_Planted,3828.0,ha,Actual,PL2
7e435ded6f9f45dc,2011,2,Nam Định,Provincial,Cultivation,Ngô,,Area_Planted,3828.0,ha,Actual,PL2
df0f0d21c1bc587a,2011,2,Nam Định,Provincial,Cultivation,Lúa,,Area_Planted,939.0,ha,Actual,PL2
d71d2cfb190e6efa,2011,2,Thái Bình,Provincial,Cultivation,Lúa,,Area_Planted,75000.0,ha,Actual,PL2
d71d2cfb190e6efa,2011,2,Thái Bình,Provincial,Cultivation,Lúa,,Area_Planted,9930.0,ha,Actual,PL2
56dad48d38838c9e,2011,2,Thái Bình,Provincial,Cultivation,Ngô,,Area_Planted,6950.0,ha,Actual,PL2
d71d2cfb190e6efa,2011,2,Thái Bình,Provincial,Cultivation,Lúa,,Area_Planted,2980.0,ha,Actual,PL2
a11a06e42690b73e,2011,2,Ninh Bình,Provincial,Cultivation,Lúa,,Area_Planted,32632.0,ha,Actual,PL2
a11a06e42690b73e,2011,2,Ninh Bình,Provincial,Cultivation,Lúa,,Area_Planted,6562.0,ha,Actual,PL2
2ead5e06a63433a8,2011,2,Ninh Bình,Provincial,Cultivation,Ngô,,Area_Planted,4055.0,ha,Actual,PL2
a11a06e42690b73e,2011,2,Ninh Bình,Provincial,Cultivation,Lúa,,Area_Planted,2207.0,ha,Actual,PL2
9c62ec806c860cab,2011,2,Ninh Bình,Provincial,Cultivation,Sắn,,Area_Planted,300.0,ha,Actual,PL2
269c494102e54db4,2011,2,TD và MN phía Bắc,Provincial,Cultivation,Lúa,,Area_Planted,75443.0,ha,Actual,PL2
269c494102e54db4,2011,2,TD và MN phía Bắc,Provincial,Cultivation,Lúa,,Area_Planted,97081.0,ha,Actual,PL2
2e590b0635523cd6,2011,2,TD và MN phía Bắc,Provincial,Cultivation,Ngô,,Area_Planted,53748.0,ha,Actual,PL2
269c494102e54db4,2011,2,TD và MN phía Bắc,Provincial,Cultivation,Lúa,,Area_Planted,16581.0,ha,Actual,PL2
846ef877902d3d65,2011,2,TD và MN phía Bắc,Provincial,Cultivation,Sắn,,Area_Planted,26552.0,ha,Actual,PL2
269c494102e54db4,2011,2,TD và MN phía Bắc,Provincial,Cultivation,Lúa,,Area_Planted,200.0,ha,Actual,PL2
71cc694ab2b58c7f,2011,2,Hà Giang,Provincial,Cultivation,Lúa,,Area_Planted,4627.0,ha,Actual,PL2
6a74485f9e4bb9d1,2011,2,Hà Giang,Provincial,Cultivation,Ngô,,Area_Planted,4627.0,ha,Actual,PL2
b5e7978789e25e44,2011,2,Cao Bằng,Provincial,Cultivation,Lúa,,Area_Planted,3540.0,ha,Actual,PL2
4350148398dcf983,2011,2,Cao Bằng,Provincial,Cultivation,Ngô,,Area_Planted,3468.0,ha,Actual,PL2
b5e7978789e25e44,2011,2,Cao Bằng,Provincial,Cultivation,Lúa,,Area_Planted,72.0,ha,Actual,PL2
2391f00cc593fdfb,2011,2,Lào Cai,Provincial,Cultivation,Lúa,,Area_Planted,676.0,ha,Actual,PL2
a57c7a5db85c8251,2011,2,Lào Cai,Provincial,Cultivation,Ngô,,Area_Planted,500.0,ha,Actual,PL2
2391f00cc593fdfb,2011,2,Lào Cai,Provincial,Cultivation,Lúa,,Area_Planted,176.0,ha,Actual,PL2
4fd5fe621fa35798,2011,2,Bắc Cạn,Provincial,Cultivation,Lúa,,Area_Planted,429.0,ha,Actual,PL2
14e8b872353fc2a9,2011,2,Bắc Cạn,Provincial,Cultivation,Ngô,,Area_Planted,387.0,ha,Actual,PL2
4fd5fe621fa35798,2011,2,Bắc Cạn,Provincial,Cultivation,Lúa,,Area_Planted,42.0,ha,Actual,PL2
6e320ab372733947,2011,2,Lạng Sơn,Provincial,Cultivation,Lúa,,Area_Planted,397.0,ha,Actual,PL2
956153a22fa13616,2011,2,Lạng Sơn,Provincial,Cultivation,Ngô,,Area_Planted,309.0,ha,Actual,PL2
6e320ab372733947,2011,2,Lạng Sơn,Provincial,Cultivation,Lúa,,Area_Planted,88.0,ha,Actual,PL2
b280a7c83b655c91,2011,2,Tuyên Quang,Provincial,Cultivation,Lúa,,Area_Planted,4946.0,ha,Actual,PL2
b280a7c83b655c91,2011,2,Tuyên Quang,Provincial,Cultivation,Lúa,,Area_Planted,7589.0,ha,Actual,PL2
5794be0316785626,2011,2,Tuyên Quang,Provincial,Cultivation,Ngô,,Area_Planted,5011.0,ha,Actual,PL2
b280a7c83b655c91,2011,2,Tuyên Quang,Provincial,Cultivation,Lúa,,Area_Planted,2578.0,ha,Actual,PL2
42a63014b2563e19,2011,2,Yên Bái,Provincial,Cultivation,Lúa,,Area_Planted,6820.0,ha,Actual,PL2
42a63014b2563e19,2011,2,Yên Bái,Provincial,Cultivation,Lúa,,Area_Planted,7613.0,ha,Actual,PL2
0a6ed406ac35ceac,2011,2,Yên Bái,Provincial,Cultivation,Ngô,,Area_Planted,6513.0,ha,Actual,PL2
42a63014b2563e19,2011,2,Yên Bái,Provincial,Cultivation,Lúa,,Area_Planted,900.0,ha,Actual,PL2
cd87edd27b581a3a,2011,2,Yên Bái,Provincial,Cultivation,Sắn,,Area_Planted,200.0,ha,Actual,PL2
089443d2b8af82b6,2011,2,Thái Nguyên,Provincial,Cultivation,Lúa,,Area_Planted,4106.0,ha,Actual,PL2
089443d2b8af82b6,2011,2,Thái Nguyên,Provincial,Cultivation,Lúa,,Area_Planted,11093.0,ha,Actual,PL2
3df7ed993cd1101d,2011,2,Thái Nguyên,Provincial,Cultivation,Ngô,,Area_Planted,6886.0,ha,Actual,PL2
089443d2b8af82b6,2011,2,Thái Nguyên,Provincial,Cultivation,Lúa,,Area_Planted,4207.0,ha,Actual,PL2
d615d15d51a8893a,2011,2,Phú Thọ,Provincial,Cultivation,Lúa,,Area_Planted,29823.0,ha,Actual,PL2
d615d15d51a8893a,2011,2,Phú Thọ,Provincial,Cultivation,Lúa,,Area_Planted,25132.0,ha,Actual,PL2
6057fc512263f561,2011,2,Phú Thọ,Provincial,Cultivation,Ngô,,Area_Planted,15735.0,ha,Actual,PL2
d615d15d51a8893a,2011,2,Phú Thọ,Provincial,Cultivation,Lúa,,Area_Planted,1608.0,ha,Actual,PL2
94ef4ab3dc1eb989,2011,2,Phú Thọ,Provincial,Cultivation,Sắn,,Area_Planted,7589.0,ha,Actual,PL2
d615d15d51a8893a,2011,2,Phú Thọ,Provincial,Cultivation,Lúa,,Area_Planted,200.0,ha,Actual,PL2
73e812f7cc83bfb5,2011,2,Lai Châu,Provincial,Cultivation,Lúa,,Area_Planted,4000.0,ha,Actual,PL2
73e812f7cc83bfb5,2011,2,Lai Châu,Provincial,Cultivation,Lúa,,Area_Planted,200.0,ha,Actual,PL2
b44633ada133e639,2011,2,Lai Châu,Provincial,Cultivation,Ngô,,Area_Planted,200.0,ha,Actual,PL2
5f91af4b179c11d8,2011,2,Điện Biên,Provincial,Cultivation,Lúa,,Area_Planted,5000.0,ha,Actual,PL2
5f91af4b179c11d8,2011,2,Điện Biên,Provincial,Cultivation,Lúa,,Area_Planted,18.0,ha,Actual,PL2
49db792e25ae7373,2011,2,Điện Biên,Provincial,Cultivation,Ngô,,Area_Planted,18.0,ha,Actual,PL2
9668ab2d6f1ec106,2011,2,Sơn La,Provincial,Cultivation,Lúa,,Area_Planted,3360.0,ha,Actual,PL2
9668ab2d6f1ec106,2011,2,Sơn La,Provincial,Cultivation,Lúa,,Area_Planted,19493.0,ha,Actual,PL2
49bd7b422bb16b79,2011,2,Sơn La,Provincial,Cultivation,Ngô,,Area_Planted,730.0,ha,Actual,PL2
ae74e65bb94cd8d9,2011,2,Sơn La,Provincial,Cultivation,Sắn,,Area_Planted,18763.0,ha,Actual,PL2
5ad54cfc57b39f50,2011,2,Hoà Bình,Provincial,Cultivation,Lúa,,Area_Planted,13000.0,ha,Actual,PL2
5ad54cfc57b39f50,2011,2,Hoà Bình,Provincial,Cultivation,Lúa,,Area_Planted,4274.0,ha,Actual,PL2
3133cd895c4f2d14,2011,2,Hoà Bình,Provincial,Cultivation,Ngô,,Area_Planted,2364.0,ha,Actual,PL2
5ad54cfc57b39f50,2011,2,Hoà Bình,Provincial,Cultivation,Lúa,,Area_Planted,1910.0,ha,Actual,PL2
0716c7d01cc85200,2011,2,Bắc Trung Bộ,Provincial,Cultivation,Lúa,,Area_Planted,298639.0,ha,Actual,PL2
0716c7d01cc85200,2011,2,Bắc Trung Bộ,Provincial,Cultivation,Lúa,,Area_Planted,125683.0,ha,Actual,PL2
fc040359a33df4f3,2011,2,Bắc Trung Bộ,Provincial,Cultivation,Ngô,,Area_Planted,77955.0,ha,Actual,PL2
0716c7d01cc85200,2011,2,Bắc Trung Bộ,Provincial,Cultivation,Lúa,,Area_Planted,19783.0,ha,Actual,PL2
a99fa15218a8d8ba,2011,2,Bắc Trung Bộ,Provincial,Cultivation,Sắn,,Area_Planted,27710.0,ha,Actual,PL2
0716c7d01cc85200,2011,2,Bắc Trung Bộ,Provincial,Cultivation,Lúa,,Area_Planted,235.0,ha,Actual,PL2
52eafcedb86ab013,2011,2,Thanh Hoá,Provincial,Cultivation,Lúa,,Area_Planted,106600.0,ha,Actual,PL2
52eafcedb86ab013,2011,2,Thanh Hoá,Provincial,Cultivation,Lúa,,Area_Planted,53922.0,ha,Actual,PL2
6a295a5fcbd00b97,2011,2,Thanh Hoá,Provincial,Cultivation,Ngô,,Area_Planted,30781.0,ha,Actual,PL2
52eafcedb86ab013,2011,2,Thanh Hoá,Provincial,Cultivation,Lúa,,Area_Planted,6641.0,ha,Actual,PL2
817be1ef6c73ff43,2011,2,Thanh Hoá,Provincial,Cultivation,Sắn,,Area_Planted,16500.0,ha,Actual,PL2
6da7a78073d558ce,2011,2,Nghệ An,Provincial,Cultivation,Lúa,,Area_Planted,65000.0,ha,Actual,PL2
6da7a78073d558ce,2011,2,Nghệ An,Provincial,Cultivation,Lúa,,Area_Planted,42057.0,ha,Actual,PL2
361727ddcdc7e0de,2011,2,Nghệ An,Provincial,Cultivation,Ngô,,Area_Planted,34447.0,ha,Actual,PL2
6da7a78073d558ce,2011,2,Nghệ An,Provincial,Cultivation,Lúa,,Area_Planted,7610.0,ha,Actual,PL2
4829d3e1cb6e22c8,2011,2,Hà Tĩnh,Provincial,Cultivation,Lúa,,Area_Planted,48364.0,ha,Actual,PL2
4829d3e1cb6e22c8,2011,2,Hà Tĩnh,Provincial,Cultivation,Lúa,,Area_Planted,8009.0,ha,Actual,PL2
607d05004ed93151,2011,2,Hà Tĩnh,Provincial,Cultivation,Ngô,,Area_Planted,4777.0,ha,Actual,PL2
4829d3e1cb6e22c8,2011,2,Hà Tĩnh,Provincial,Cultivation,Lúa,,Area_Planted,3232.0,ha,Actual,PL2
9076f1eb7885cb0e,2011,2,Quảng Bình,Provincial,Cultivation,Lúa,,Area_Planted,26930.0,ha,Actual,PL2
9076f1eb7885cb0e,2011,2,Quảng Bình,Provincial,Cultivation,Lúa,,Area_Planted,4300.0,ha,Actual,PL2
9f164523dc2f7c5d,2011,2,Quảng Bình,Provincial,Cultivation,Ngô,,Area_Planted,4300.0,ha,Actual,PL2
7dabf49ebe4f4a9c,2011,2,Quảng Trị,Provincial,Cultivation,Lúa,,Area_Planted,24029.0,ha,Actual,PL2
7dabf49ebe4f4a9c,2011,2,Quảng Trị,Provincial,Cultivation,Lúa,,Area_Planted,9700.0,ha,Actual,PL2
0db1307e4d6093af,2011,2,Quảng Trị,Provincial,Cultivation,Ngô,,Area_Planted,2200.0,ha,Actual,PL2
7dabf49ebe4f4a9c,2011,2,Quảng Trị,Provincial,Cultivation,Lúa,,Area_Planted,500.0,ha,Actual,PL2
c9367093b87e2038,2011,2,Quảng Trị,Provincial,Cultivation,Sắn,,Area_Planted,7000.0,ha,Actual,PL2
38c51ab3cbc81633,2011,2,ThừThiê H ế  a n u,Provincial,Cultivation,Lúa,,Area_Planted,235.0,ha,Actual,PL2
a3d148571ba52976,2011,2,Miền Nam,Provincial,Cultivation,Lúa,,Area_Planted,1906829.0,ha,Actual,PL3
a3d148571ba52976,2011,2,Miền Nam,Provincial,Cultivation,Lúa,,Area_Planted,377117.0,ha,Actual,PL3
a3d148571ba52976,2011,2,Miền Nam,Provincial,Cultivation,Lúa,,Area_Planted,20.0,ha,Actual,PL3
a3d148571ba52976,2011,2,Miền Nam,Provincial,Cultivation,Lúa,,Area_Planted,114983.0,ha,Actual,PL3
a3d148571ba52976,2011,2,Miền Nam,Provincial,Cultivation,Lúa,,Area_Planted,55721.0,ha,Actual,PL3
a3d148571ba52976,2011,2,Miền Nam,Provincial,Cultivation,Lúa,,Area_Planted,9715.0,ha,Actual,PL3
a3d148571ba52976,2011,2,Miền Nam,Provincial,Cultivation,Lúa,,Area_Planted,42164.0,ha,Actual,PL3
a3d148571ba52976,2011,2,Miền Nam,Provincial,Cultivation,Lúa,,Area_Planted,7384.0,ha,Actual,PL3
96ee256def9de89e,2011,2,D H NTBộ.am rung,Provincial,Cultivation,Lúa,,Area_Planted,0.0,ha,Actual,PL3
96ee256def9de89e,2011,2,D H NTBộ.am rung,Provincial,Cultivation,Lúa,,Area_Planted,247.0,ha,Actual,PL3
49c9f07ff5ded2bf,2011,2,TP Đà Nẵng,Provincial,Cultivation,Lúa,,Area_Planted,3479.0,ha,Actual,PL3
49c9f07ff5ded2bf,2011,2,TP Đà Nẵng,Provincial,Cultivation,Lúa,,Area_Planted,853.0,ha,Actual,PL3
49c9f07ff5ded2bf,2011,2,TP Đà Nẵng,Provincial,Cultivation,Lúa,,Area_Planted,332.0,ha,Actual,PL3
49c9f07ff5ded2bf,2011,2,TP Đà Nẵng,Provincial,Cultivation,Lúa,,Area_Planted,220.0,ha,Actual,PL3
49c9f07ff5ded2bf,2011,2,TP Đà Nẵng,Provincial,Cultivation,Lúa,,Area_Planted,301.0,ha,Actual,PL3
11b9ec0d7645f22a,2011,2,Quảng Nam,Provincial,Cultivation,Lúa,,Area_Planted,42550.0,ha,Actual,PL3
11b9ec0d7645f22a,2011,2,Quảng Nam,Provincial,Cultivation,Lúa,,Area_Planted,14170.0,ha,Actual,PL3
11b9ec0d7645f22a,2011,2,Quảng Nam,Provincial,Cultivation,Lúa,,Area_Planted,5300.0,ha,Actual,PL3
11b9ec0d7645f22a,2011,2,Quảng Nam,Provincial,Cultivation,Lúa,,Area_Planted,2850.0,ha,Actual,PL3
11b9ec0d7645f22a,2011,2,Quảng Nam,Provincial,Cultivation,Lúa,,Area_Planted,5820.0,ha,Actual,PL3
11b9ec0d7645f22a,2011,2,Quảng Nam,Provincial,Cultivation,Lúa,,Area_Planted,200.0,ha,Actual,PL3
923fe0929b9e3601,2011,2,Quảng Ngãi,Provincial,Cultivation,Lúa,,Area_Planted,36763.0,ha,Actual,PL3
923fe0929b9e3601,2011,2,Quảng Ngãi,Provincial,Cultivation,Lúa,,Area_Planted,15750.0,ha,Actual,PL3
923fe0929b9e3601,2011,2,Quảng Ngãi,Provincial,Cultivation,Lúa,,Area_Planted,4420.0,ha,Actual,PL3
923fe0929b9e3601,2011,2,Quảng Ngãi,Provincial,Cultivation,Lúa,,Area_Planted,150.0,ha,Actual,PL3
923fe0929b9e3601,2011,2,Quảng Ngãi,Provincial,Cultivation,Lúa,,Area_Planted,11180.0,ha,Actual,PL3
d28662ef7e2bf903,2011,2,Bình Định,Provincial,Cultivation,Lúa,,Area_Planted,47500.0,ha,Actual,PL3
d28662ef7e2bf903,2011,2,Bình Định,Provincial,Cultivation,Lúa,,Area_Planted,2162.0,ha,Actual,PL3
d28662ef7e2bf903,2011,2,Bình Định,Provincial,Cultivation,Lúa,,Area_Planted,2162.0,ha,Actual,PL3
16d6fd930860ecc4,2011,2,Phú Yên,Provincial,Cultivation,Lúa,,Area_Planted,26162.0,ha,Actual,PL3
16d6fd930860ecc4,2011,2,Phú Yên,Provincial,Cultivation,Lúa,,Area_Planted,4795.0,ha,Actual,PL3
16d6fd930860ecc4,2011,2,Phú Yên,Provincial,Cultivation,Lúa,,Area_Planted,1494.0,ha,Actual,PL3
16d6fd930860ecc4,2011,2,Phú Yên,Provincial,Cultivation,Lúa,,Area_Planted,158.0,ha,Actual,PL3
16d6fd930860ecc4,2011,2,Phú Yên,Provincial,Cultivation,Lúa,,Area_Planted,3096.0,ha,Actual,PL3
16d6fd930860ecc4,2011,2,Phú Yên,Provincial,Cultivation,Lúa,,Area_Planted,47.0,ha,Actual,PL3
405d31c61c9999c1,2011,2,Khánh Hoà,Provincial,Cultivation,Lúa,,Area_Planted,0.0,ha,Actual,PL3
e7c730dd161749be,2011,2,Tây Nguyên,Provincial,Cultivation,Lúa,,Area_Planted,74619.0,ha,Actual,PL3
e7c730dd161749be,2011,2,Tây Nguyên,Provincial,Cultivation,Lúa,,Area_Planted,71.0,ha,Actual,PL3
e7c730dd161749be,2011,2,Tây Nguyên,Provincial,Cultivation,Lúa,,Area_Planted,18700.0,ha,Actual,PL3
e7c730dd161749be,2011,2,Tây Nguyên,Provincial,Cultivation,Lúa,,Area_Planted,11002.0,ha,Actual,PL3
e7c730dd161749be,2011,2,Tây Nguyên,Provincial,Cultivation,Lúa,,Area_Planted,2192.0,ha,Actual,PL3
e7c730dd161749be,2011,2,Tây Nguyên,Provincial,Cultivation,Lúa,,Area_Planted,5506.0,ha,Actual,PL3
e7c730dd161749be,2011,2,Tây Nguyên,Provincial,Cultivation,Lúa,,Area_Planted,0.0,ha,Actual,PL3
20d2152f0a2a71c5,2011,2,Kon Tum,Provincial,Cultivation,Lúa,,Area_Planted,6039.0,ha,Actual,PL3
20d2152f0a2a71c5,2011,2,Kon Tum,Provincial,Cultivation,Lúa,,Area_Planted,312.0,ha,Actual,PL3
20d2152f0a2a71c5,2011,2,Kon Tum,Provincial,Cultivation,Lúa,,Area_Planted,312.0,ha,Actual,PL3
b8ebcd51ec42183a,2011,2,Gia Lai,Provincial,Cultivation,Lúa,,Area_Planted,24046.0,ha,Actual,PL3
b8ebcd51ec42183a,2011,2,Gia Lai,Provincial,Cultivation,Lúa,,Area_Planted,9505.0,ha,Actual,PL3
b8ebcd51ec42183a,2011,2,Gia Lai,Provincial,Cultivation,Lúa,,Area_Planted,4115.0,ha,Actual,PL3
b8ebcd51ec42183a,2011,2,Gia Lai,Provincial,Cultivation,Lúa,,Area_Planted,426.0,ha,Actual,PL3
b8ebcd51ec42183a,2011,2,Gia Lai,Provincial,Cultivation,Lúa,,Area_Planted,4964.0,ha,Actual,PL3
4f6e2c08b292720f,2011,2,Đắc Lắc,Provincial,Cultivation,Lúa,,Area_Planted,30191.0,ha,Actual,PL3
4f6e2c08b292720f,2011,2,Đắc Lắc,Provincial,Cultivation,Lúa,,Area_Planted,71.0,ha,Actual,PL3
4f6e2c08b292720f,2011,2,Đắc Lắc,Provincial,Cultivation,Lúa,,Area_Planted,3924.0,ha,Actual,PL3
4f6e2c08b292720f,2011,2,Đắc Lắc,Provincial,Cultivation,Lúa,,Area_Planted,2770.0,ha,Actual,PL3
4f6e2c08b292720f,2011,2,Đắc Lắc,Provincial,Cultivation,Lúa,,Area_Planted,612.0,ha,Actual,PL3
4f6e2c08b292720f,2011,2,Đắc Lắc,Provincial,Cultivation,Lúa,,Area_Planted,542.0,ha,Actual,PL3
74094690248482f8,2011,2,Đắc Nông,Provincial,Cultivation,Lúa,,Area_Planted,4149.0,ha,Actual,PL3
74094690248482f8,2011,2,Đắc Nông,Provincial,Cultivation,Lúa,,Area_Planted,3647.0,ha,Actual,PL3
74094690248482f8,2011,2,Đắc Nông,Provincial,Cultivation,Lúa,,Area_Planted,2747.0,ha,Actual,PL3
74094690248482f8,2011,2,Đắc Nông,Provincial,Cultivation,Lúa,,Area_Planted,900.0,ha,Actual,PL3
bc9ea0ec8f57c678,2011,2,Lâm Đồng,Provincial,Cultivation,Lúa,,Area_Planted,10194.0,ha,Actual,PL3
bc9ea0ec8f57c678,2011,2,Lâm Đồng,Provincial,Cultivation,Lúa,,Area_Planted,1312.0,ha,Actual,PL3
bc9ea0ec8f57c678,2011,2,Lâm Đồng,Provincial,Cultivation,Lúa,,Area_Planted,1058.0,ha,Actual,PL3
bc9ea0ec8f57c678,2011,2,Lâm Đồng,Provincial,Cultivation,Lúa,,Area_Planted,254.0,ha,Actual,PL3
0a5cd2b6681b338f,2011,2,Đông Nam Bộ,Provincial,Cultivation,Lúa,,Area_Planted,109341.0,ha,Actual,PL3
0a5cd2b6681b338f,2011,2,Đông Nam Bộ,Provincial,Cultivation,Lúa,,Area_Planted,9689.0,ha,Actual,PL3
0a5cd2b6681b338f,2011,2,Đông Nam Bộ,Provincial,Cultivation,Lúa,,Area_Planted,9.0,ha,Actual,PL3
0a5cd2b6681b338f,2011,2,Đông Nam Bộ,Provincial,Cultivation,Lúa,,Area_Planted,33747.0,ha,Actual,PL3
0a5cd2b6681b338f,2011,2,Đông Nam Bộ,Provincial,Cultivation,Lúa,,Area_Planted,17119.0,ha,Actual,PL3
0a5cd2b6681b338f,2011,2,Đông Nam Bộ,Provincial,Cultivation,Lúa,,Area_Planted,598.0,ha,Actual,PL3
0a5cd2b6681b338f,2011,2,Đông Nam Bộ,Provincial,Cultivation,Lúa,,Area_Planted,15591.0,ha,Actual,PL3
0a5cd2b6681b338f,2011,2,Đông Nam Bộ,Provincial,Cultivation,Lúa,,Area_Planted,439.0,ha,Actual,PL3
201614f592c41e42,2011,2,TP Hồ Chí Minh,Provincial,Cultivation,Lúa,,Area_Planted,5353.0,ha,Actual,PL3
201614f592c41e42,2011,2,TP Hồ Chí Minh,Provincial,Cultivation,Lúa,,Area_Planted,500.0,ha,Actual,PL3
201614f592c41e42,2011,2,TP Hồ Chí Minh,Provincial,Cultivation,Lúa,,Area_Planted,500.0,ha,Actual,PL3
a586f12b2ba7917b,2011,2,Ninh Thuận,Provincial,Cultivation,Lúa,,Area_Planted,14591.0,ha,Actual,PL3
a586f12b2ba7917b,2011,2,Ninh Thuận,Provincial,Cultivation,Lúa,,Area_Planted,2720.0,ha,Actual,PL3
a586f12b2ba7917b,2011,2,Ninh Thuận,Provincial,Cultivation,Lúa,,Area_Planted,2500.0,ha,Actual,PL3
a586f12b2ba7917b,2011,2,Ninh Thuận,Provincial,Cultivation,Lúa,,Area_Planted,69.0,ha,Actual,PL3
a586f12b2ba7917b,2011,2,Ninh Thuận,Provincial,Cultivation,Lúa,,Area_Planted,151.0,ha,Actual,PL3
0f76c5e839f693f1,2011,2,Bình Phước,Provincial,Cultivation,Lúa,,Area_Planted,2265.0,ha,Actual,PL3
0f76c5e839f693f1,2011,2,Bình Phước,Provincial,Cultivation,Lúa,,Area_Planted,1211.0,ha,Actual,PL3
0f76c5e839f693f1,2011,2,Bình Phước,Provincial,Cultivation,Lúa,,Area_Planted,349.0,ha,Actual,PL3
0f76c5e839f693f1,2011,2,Bình Phước,Provincial,Cultivation,Lúa,,Area_Planted,60.0,ha,Actual,PL3
0f76c5e839f693f1,2011,2,Bình Phước,Provincial,Cultivation,Lúa,,Area_Planted,671.0,ha,Actual,PL3
0f76c5e839f693f1,2011,2,Bình Phước,Provincial,Cultivation,Lúa,,Area_Planted,131.0,ha,Actual,PL3
efc64127214e0af8,2011,2,Tây Ninh,Provincial,Cultivation,Lúa,,Area_Planted,38486.0,ha,Actual,PL3
efc64127214e0af8,2011,2,Tây Ninh,Provincial,Cultivation,Lúa,,Area_Planted,13832.0,ha,Actual,PL3
efc64127214e0af8,2011,2,Tây Ninh,Provincial,Cultivation,Lúa,,Area_Planted,2352.0,ha,Actual,PL3
efc64127214e0af8,2011,2,Tây Ninh,Provincial,Cultivation,Lúa,,Area_Planted,32.0,ha,Actual,PL3
efc64127214e0af8,2011,2,Tây Ninh,Provincial,Cultivation,Lúa,,Area_Planted,11438.0,ha,Actual,PL3
efc64127214e0af8,2011,2,Tây Ninh,Provincial,Cultivation,Lúa,,Area_Planted,10.0,ha,Actual,PL3
ef13926b59e0167d,2011,2,Bình Dương,Provincial,Cultivation,Lúa,,Area_Planted,2237.0,ha,Actual,PL3
ef13926b59e0167d,2011,2,Bình Dương,Provincial,Cultivation,Lúa,,Area_Planted,1360.0,ha,Actual,PL3
ef13926b59e0167d,2011,2,Bình Dương,Provincial,Cultivation,Lúa,,Area_Planted,86.0,ha,Actual,PL3
ef13926b59e0167d,2011,2,Bình Dương,Provincial,Cultivation,Lúa,,Area_Planted,54.0,ha,Actual,PL3
ef13926b59e0167d,2011,2,Bình Dương,Provincial,Cultivation,Lúa,,Area_Planted,1118.0,ha,Actual,PL3
ef13926b59e0167d,2011,2,Bình Dương,Provincial,Cultivation,Lúa,,Area_Planted,102.0,ha,Actual,PL3
c4d4a7d71e2ddfc8,2011,2,Đồng Nai,Provincial,Cultivation,Lúa,,Area_Planted,11306.0,ha,Actual,PL3
c4d4a7d71e2ddfc8,2011,2,Đồng Nai,Provincial,Cultivation,Lúa,,Area_Planted,8407.0,ha,Actual,PL3
c4d4a7d71e2ddfc8,2011,2,Đồng Nai,Provincial,Cultivation,Lúa,,Area_Planted,9413.0,ha,Actual,PL3
c4d4a7d71e2ddfc8,2011,2,Đồng Nai,Provincial,Cultivation,Lúa,,Area_Planted,7267.0,ha,Actual,PL3
c4d4a7d71e2ddfc8,2011,2,Đồng Nai,Provincial,Cultivation,Lúa,,Area_Planted,85.0,ha,Actual,PL3
c4d4a7d71e2ddfc8,2011,2,Đồng Nai,Provincial,Cultivation,Lúa,,Area_Planted,1890.0,ha,Actual,PL3
c4d4a7d71e2ddfc8,2011,2,Đồng Nai,Provincial,Cultivation,Lúa,,Area_Planted,171.0,ha,Actual,PL3
48b23dff0df8ef56,2011,2,Bình Thuận,Provincial,Cultivation,Lúa,,Area_Planted,30216.0,ha,Actual,PL3
48b23dff0df8ef56,2011,2,Bình Thuận,Provincial,Cultivation,Lúa,,Area_Planted,1100.0,ha,Actual,PL3
48b23dff0df8ef56,2011,2,Bình Thuận,Provincial,Cultivation,Lúa,,Area_Planted,3561.0,ha,Actual,PL3
48b23dff0df8ef56,2011,2,Bình Thuận,Provincial,Cultivation,Lúa,,Area_Planted,2955.0,ha,Actual,PL3
48b23dff0df8ef56,2011,2,Bình Thuận,Provincial,Cultivation,Lúa,,Area_Planted,260.0,ha,Actual,PL3
48b23dff0df8ef56,2011,2,Bình Thuận,Provincial,Cultivation,Lúa,,Area_Planted,323.0,ha,Actual,PL3
48b23dff0df8ef56,2011,2,Bình Thuận,Provincial,Cultivation,Lúa,,Area_Planted,23.0,ha,Actual,PL3
d67c862cf71572e2,2011,2,Bà Rịa-V.Tàu,Provincial,Cultivation,Lúa,,Area_Planted,4887.0,ha,Actual,PL3
d67c862cf71572e2,2011,2,Bà Rịa-V.Tàu,Provincial,Cultivation,Lúa,,Area_Planted,182.0,ha,Actual,PL3
d67c862cf71572e2,2011,2,Bà Rịa-V.Tàu,Provincial,Cultivation,Lúa,,Area_Planted,1150.0,ha,Actual,PL3
d67c862cf71572e2,2011,2,Bà Rịa-V.Tàu,Provincial,Cultivation,Lúa,,Area_Planted,1110.0,ha,Actual,PL3
d67c862cf71572e2,2011,2,Bà Rịa-V.Tàu,Provincial,Cultivation,Lúa,,Area_Planted,38.0,ha,Actual,PL3
d67c862cf71572e2,2011,2,Bà Rịa-V.Tàu,Provincial,Cultivation,Lúa,,Area_Planted,2.0,ha,Actual,PL3
f20bd3fc0edf1faa,2011,2,ĐBS Cửu Long,Provincial,Cultivation,Lúa,,Area_Planted,1566415.0,ha,Actual,PL3
f20bd3fc0edf1faa,2011,2,ĐBS Cửu Long,Provincial,Cultivation,Lúa,,Area_Planted,367357.0,ha,Actual,PL3
f20bd3fc0edf1faa,2011,2,ĐBS Cửu Long,Provincial,Cultivation,Lúa,,Area_Planted,23.0,ha,Actual,PL3
f20bd3fc0edf1faa,2011,2,ĐBS Cửu Long,Provincial,Cultivation,Lúa,,Area_Planted,24806.0,ha,Actual,PL3
f20bd3fc0edf1faa,2011,2,ĐBS Cửu Long,Provincial,Cultivation,Lúa,,Area_Planted,13892.0,ha,Actual,PL3
f20bd3fc0edf1faa,2011,2,ĐBS Cửu Long,Provincial,Cultivation,Lúa,,Area_Planted,3547.0,ha,Actual,PL3
f20bd3fc0edf1faa,2011,2,ĐBS Cửu Long,Provincial,Cultivation,Lúa,,Area_Planted,670.0,ha,Actual,PL3
f20bd3fc0edf1faa,2011,2,ĐBS Cửu Long,Provincial,Cultivation,Lúa,,Area_Planted,6698.0,ha,Actual,PL3
cb7fe24abc0bdc0c,2011,2,Long An,Provincial,Cultivation,Lúa,,Area_Planted,253524.0,ha,Actual,PL3
cb7fe24abc0bdc0c,2011,2,Long An,Provincial,Cultivation,Lúa,,Area_Planted,78554.0,ha,Actual,PL3
cb7fe24abc0bdc0c,2011,2,Long An,Provincial,Cultivation,Lúa,,Area_Planted,31.0,ha,Actual,PL3
cb7fe24abc0bdc0c,2011,2,Long An,Provincial,Cultivation,Lúa,,Area_Planted,7324.0,ha,Actual,PL3
cb7fe24abc0bdc0c,2011,2,Long An,Provincial,Cultivation,Lúa,,Area_Planted,3990.0,ha,Actual,PL3
cb7fe24abc0bdc0c,2011,2,Long An,Provincial,Cultivation,Lúa,,Area_Planted,3334.0,ha,Actual,PL3
ab9125382e0df90c,2011,2,Đồng Tháp,Provincial,Cultivation,Lúa,,Area_Planted,206942.0,ha,Actual,PL3
ab9125382e0df90c,2011,2,Đồng Tháp,Provincial,Cultivation,Lúa,,Area_Planted,47843.0,ha,Actual,PL3
ab9125382e0df90c,2011,2,Đồng Tháp,Provincial,Cultivation,Lúa,,Area_Planted,23.0,ha,Actual,PL3
ab9125382e0df90c,2011,2,Đồng Tháp,Provincial,Cultivation,Lúa,,Area_Planted,1399.0,ha,Actual,PL3
ab9125382e0df90c,2011,2,Đồng Tháp,Provincial,Cultivation,Lúa,,Area_Planted,931.0,ha,Actual,PL3
ab9125382e0df90c,2011,2,Đồng Tháp,Provincial,Cultivation,Lúa,,Area_Planted,100.0,ha,Actual,PL3
ab9125382e0df90c,2011,2,Đồng Tháp,Provincial,Cultivation,Lúa,,Area_Planted,368.0,ha,Actual,PL3
be1af73fb0b59b60,2011,2,An Giang,Provincial,Cultivation,Lúa,,Area_Planted,235402.0,ha,Actual,PL3
be1af73fb0b59b60,2011,2,An Giang,Provincial,Cultivation,Lúa,,Area_Planted,5890.0,ha,Actual,PL3
be1af73fb0b59b60,2011,2,An Giang,Provincial,Cultivation,Lúa,,Area_Planted,3.0,ha,Actual,PL3
be1af73fb0b59b60,2011,2,An Giang,Provincial,Cultivation,Lúa,,Area_Planted,4325.0,ha,Actual,PL3
be1af73fb0b59b60,2011,2,An Giang,Provincial,Cultivation,Lúa,,Area_Planted,3260.0,ha,Actual,PL3
be1af73fb0b59b60,2011,2,An Giang,Provincial,Cultivation,Lúa,,Area_Planted,141.0,ha,Actual,PL3
be1af73fb0b59b60,2011,2,An Giang,Provincial,Cultivation,Lúa,,Area_Planted,272.0,ha,Actual,PL3
be1af73fb0b59b60,2011,2,An Giang,Provincial,Cultivation,Lúa,,Area_Planted,652.0,ha,Actual,PL3
3539004e34759d88,2011,2,Tiền Giang,Provincial,Cultivation,Lúa,,Area_Planted,80351.0,ha,Actual,PL3
3539004e34759d88,2011,2,Tiền Giang,Provincial,Cultivation,Lúa,,Area_Planted,33550.0,ha,Actual,PL3
3539004e34759d88,2011,2,Tiền Giang,Provincial,Cultivation,Lúa,,Area_Planted,42.0,ha,Actual,PL3
3539004e34759d88,2011,2,Tiền Giang,Provincial,Cultivation,Lúa,,Area_Planted,3096.0,ha,Actual,PL3
3539004e34759d88,2011,2,Tiền Giang,Provincial,Cultivation,Lúa,,Area_Planted,1753.0,ha,Actual,PL3
3539004e34759d88,2011,2,Tiền Giang,Provincial,Cultivation,Lúa,,Area_Planted,218.0,ha,Actual,PL3
3539004e34759d88,2011,2,Tiền Giang,Provincial,Cultivation,Lúa,,Area_Planted,50.0,ha,Actual,PL3
3539004e34759d88,2011,2,Tiền Giang,Provincial,Cultivation,Lúa,,Area_Planted,1075.0,ha,Actual,PL3
85dd7ef4521c0442,2011,2,Vĩnh Long,Provincial,Cultivation,Lúa,,Area_Planted,65912.0,ha,Actual,PL3
85dd7ef4521c0442,2011,2,Vĩnh Long,Provincial,Cultivation,Lúa,,Area_Planted,17070.0,ha,Actual,PL3
85dd7ef4521c0442,2011,2,Vĩnh Long,Provincial,Cultivation,Lúa,,Area_Planted,26.0,ha,Actual,PL3
85dd7ef4521c0442,2011,2,Vĩnh Long,Provincial,Cultivation,Lúa,,Area_Planted,2459.0,ha,Actual,PL3
85dd7ef4521c0442,2011,2,Vĩnh Long,Provincial,Cultivation,Lúa,,Area_Planted,302.0,ha,Actual,PL3
85dd7ef4521c0442,2011,2,Vĩnh Long,Provincial,Cultivation,Lúa,,Area_Planted,2083.0,ha,Actual,PL3
85dd7ef4521c0442,2011,2,Vĩnh Long,Provincial,Cultivation,Lúa,,Area_Planted,19.0,ha,Actual,PL3
85dd7ef4521c0442,2011,2,Vĩnh Long,Provincial,Cultivation,Lúa,,Area_Planted,55.0,ha,Actual,PL3
98b8b88386166248,2011,2,Bến Tre,Provincial,Cultivation,Lúa,,Area_Planted,20632.0,ha,Actual,PL3
98b8b88386166248,2011,2,Bến Tre,Provincial,Cultivation,Lúa,,Area_Planted,0.0,ha,Actual,PL3
98b8b88386166248,2011,2,Bến Tre,Provincial,Cultivation,Lúa,,Area_Planted,400.0,ha,Actual,PL3
98b8b88386166248,2011,2,Bến Tre,Provincial,Cultivation,Lúa,,Area_Planted,250.0,ha,Actual,PL3
98b8b88386166248,2011,2,Bến Tre,Provincial,Cultivation,Lúa,,Area_Planted,50.0,ha,Actual,PL3
98b8b88386166248,2011,2,Bến Tre,Provincial,Cultivation,Lúa,,Area_Planted,100.0,ha,Actual,PL3
ded7f17bcf20f2ad,2011,2,Kiên Giang,Provincial,Cultivation,Lúa,,Area_Planted,287383.0,ha,Actual,PL3
ded7f17bcf20f2ad,2011,2,Kiên Giang,Provincial,Cultivation,Lúa,,Area_Planted,82528.0,ha,Actual,PL3
ded7f17bcf20f2ad,2011,2,Kiên Giang,Provincial,Cultivation,Lúa,,Area_Planted,29.0,ha,Actual,PL3
ded7f17bcf20f2ad,2011,2,Kiên Giang,Provincial,Cultivation,Lúa,,Area_Planted,0.0,ha,Actual,PL3
8b6394b4166c3670,2011,2,Cần Thơ,Provincial,Cultivation,Lúa,,Area_Planted,88635.0,ha,Actual,PL3
8b6394b4166c3670,2011,2,Cần Thơ,Provincial,Cultivation,Lúa,,Area_Planted,2264.0,ha,Actual,PL3
8b6394b4166c3670,2011,2,Cần Thơ,Provincial,Cultivation,Lúa,,Area_Planted,3.0,ha,Actual,PL3
8b6394b4166c3670,2011,2,Cần Thơ,Provincial,Cultivation,Lúa,,Area_Planted,252.0,ha,Actual,PL3
8b6394b4166c3670,2011,2,Cần Thơ,Provincial,Cultivation,Lúa,,Area_Planted,238.0,ha,Actual,PL3
8b6394b4166c3670,2011,2,Cần Thơ,Provincial,Cultivation,Lúa,,Area_Planted,14.0,ha,Actual,PL3
4409c8553d655bd6,2011,2,Hậu Giang,Provincial,Cultivation,Lúa,,Area_Planted,83040.0,ha,Actual,PL3
4409c8553d655bd6,2011,2,Hậu Giang,Provincial,Cultivation,Lúa,,Area_Planted,9585.0,ha,Actual,PL3
4409c8553d655bd6,2011,2,Hậu Giang,Provincial,Cultivation,Lúa,,Area_Planted,12.0,ha,Actual,PL3
4409c8553d655bd6,2011,2,Hậu Giang,Provincial,Cultivation,Lúa,,Area_Planted,803.0,ha,Actual,PL3
4409c8553d655bd6,2011,2,Hậu Giang,Provincial,Cultivation,Lúa,,Area_Planted,439.0,ha,Actual,PL3
4409c8553d655bd6,2011,2,Hậu Giang,Provincial,Cultivation,Lúa,,Area_Planted,63.0,ha,Actual,PL3
4409c8553d655bd6,2011,2,Hậu Giang,Provincial,Cultivation,Lúa,,Area_Planted,300.0,ha,Actual,PL3
eb68d89ea8f3eaac,2011,2,Trà Vinh,Provincial,Cultivation,Lúa,,Area_Planted,61067.0,ha,Actual,PL3
eb68d89ea8f3eaac,2011,2,Trà Vinh,Provincial,Cultivation,Lúa,,Area_Planted,6522.0,ha,Actual,PL3
eb68d89ea8f3eaac,2011,2,Trà Vinh,Provincial,Cultivation,Lúa,,Area_Planted,11.0,ha,Actual,PL3
eb68d89ea8f3eaac,2011,2,Trà Vinh,Provincial,Cultivation,Lúa,,Area_Planted,2015.0,ha,Actual,PL3
eb68d89ea8f3eaac,2011,2,Trà Vinh,Provincial,Cultivation,Lúa,,Area_Planted,1427.0,ha,Actual,PL3
eb68d89ea8f3eaac,2011,2,Trà Vinh,Provincial,Cultivation,Lúa,,Area_Planted,266.0,ha,Actual,PL3
eb68d89ea8f3eaac,2011,2,Trà Vinh,Provincial,Cultivation,Lúa,,Area_Planted,159.0,ha,Actual,PL3
eb68d89ea8f3eaac,2011,2,Trà Vinh,Provincial,Cultivation,Lúa,,Area_Planted,163.0,ha,Actual,PL3
11c4dc6737d70ebc,2011,2,Sóc Trăng,Provincial,Cultivation,Lúa,,Area_Planted,137945.0,ha,Actual,PL3
11c4dc6737d70ebc,2011,2,Sóc Trăng,Provincial,Cultivation,Lúa,,Area_Planted,78023.0,ha,Actual,PL3
11c4dc6737d70ebc,2011,2,Sóc Trăng,Provincial,Cultivation,Lúa,,Area_Planted,57.0,ha,Actual,PL3
11c4dc6737d70ebc,2011,2,Sóc Trăng,Provincial,Cultivation,Lúa,,Area_Planted,2114.0,ha,Actual,PL3
11c4dc6737d70ebc,2011,2,Sóc Trăng,Provincial,Cultivation,Lúa,,Area_Planted,1272.0,ha,Actual,PL3
11c4dc6737d70ebc,2011,2,Sóc Trăng,Provincial,Cultivation,Lúa,,Area_Planted,612.0,ha,Actual,PL3
11c4dc6737d70ebc,2011,2,Sóc Trăng,Provincial,Cultivation,Lúa,,Area_Planted,70.0,ha,Actual,PL3
11c4dc6737d70ebc,2011,2,Sóc Trăng,Provincial,Cultivation,Lúa,,Area_Planted,160.0,ha,Actual,PL3
9fd439badcd5baa3,2011,2,Bạc Liêu,Provincial,Cultivation,Lúa,,Area_Planted,45582.0,ha,Actual,PL3
9fd439badcd5baa3,2011,2,Bạc Liêu,Provincial,Cultivation,Lúa,,Area_Planted,5528.0,ha,Actual,PL3
9fd439badcd5baa3,2011,2,Bạc Liêu,Provincial,Cultivation,Lúa,,Area_Planted,12.0,ha,Actual,PL3
9fd439badcd5baa3,2011,2,Bạc Liêu,Provincial,Cultivation,Lúa,,Area_Planted,620.0,ha,Actual,PL3
9fd439badcd5baa3,2011,2,Bạc Liêu,Provincial,Cultivation,Lúa,,Area_Planted,30.0,ha,Actual,PL3
9fd439badcd5baa3,2011,2,Bạc Liêu,Provincial,Cultivation,Lúa,,Area_Planted,590.0,ha,Actual,PL3
ec3b959787a0eb07,2011,2,Cà Mau,Provincial,Cultivation,Lúa,,Area_Planted,0.0,ha,Actual,PL3
98d4940d7fccf3bb,2011,2,Miền Bắc,Provincial,Cultivation,Lúa,,Area_Planted,150874.0,ha,Actual,PL4
98d4940d7fccf3bb,2011,2,Miền Bắc,Provincial,Cultivation,Lúa,,Area_Planted,60599.0,ha,Actual,PL4
98d4940d7fccf3bb,2011,2,Miền Bắc,Provincial,Cultivation,Lúa,,Area_Planted,1960.0,ha,Actual,PL4
92a05a62e002995e,2011,2,Miền Bắc,Provincial,Cultivation,Rau,,Area_Planted,164097.0,ha,Actual,PL4
58d2ede04a25fd66,2011,2,ĐB sông Hồng,Provincial,Cultivation,Lúa,,Area_Planted,86117.0,ha,Actual,PL4
58d2ede04a25fd66,2011,2,ĐB sông Hồng,Provincial,Cultivation,Lúa,,Area_Planted,12189.0,ha,Actual,PL4
58d2ede04a25fd66,2011,2,ĐB sông Hồng,Provincial,Cultivation,Lúa,,Area_Planted,300.0,ha,Actual,PL4
9fe92cea2577dd0c,2011,2,ĐB sông Hồng,Provincial,Cultivation,Rau,,Area_Planted,90476.0,ha,Actual,PL4
dc9c27c053f65631,2011,2,Hà Nội,Provincial,Cultivation,Lúa,,Area_Planted,31124.0,ha,Actual,PL4
dc9c27c053f65631,2011,2,Hà Nội,Provincial,Cultivation,Lúa,,Area_Planted,605.0,ha,Actual,PL4
11f7be9dec47ca52,2011,2,Hà Nội,Provincial,Cultivation,Rau,,Area_Planted,12125.0,ha,Actual,PL4
0e33c415b49b6d85,2011,2,Hải Phòng,Provincial,Cultivation,Lúa,,Area_Planted,300.0,ha,Actual,PL4
0e33c415b49b6d85,2011,2,Hải Phòng,Provincial,Cultivation,Lúa,,Area_Planted,300.0,ha,Actual,PL4
c06322430371f1d7,2011,2,Hải Phòng,Provincial,Cultivation,Rau,,Area_Planted,8559.0,ha,Actual,PL4
79858b7652fb8d9e,2011,2,Vĩnh Phúc,Provincial,Cultivation,Lúa,,Area_Planted,5349.0,ha,Actual,PL4
79858b7652fb8d9e,2011,2,Vĩnh Phúc,Provincial,Cultivation,Lúa,,Area_Planted,1810.0,ha,Actual,PL4
a1189e2215cf09b3,2011,2,Vĩnh Phúc,Provincial,Cultivation,Rau,,Area_Planted,3628.0,ha,Actual,PL4
4a03dbae25af2af3,2011,2,Bắc Ninh,Provincial,Cultivation,Lúa,,Area_Planted,1700.0,ha,Actual,PL4
4a03dbae25af2af3,2011,2,Bắc Ninh,Provincial,Cultivation,Lúa,,Area_Planted,391.0,ha,Actual,PL4
00217926d225e37e,2011,2,Bắc Ninh,Provincial,Cultivation,Rau,,Area_Planted,5301.0,ha,Actual,PL4
ac42a01390fccbef,2011,2,Hải Dương,Provincial,Cultivation,Lúa,,Area_Planted,162.0,ha,Actual,PL4
235e234fee00c2a4,2011,2,Hải Dương,Provincial,Cultivation,Rau,,Area_Planted,16306.0,ha,Actual,PL4
295edfcb8ce183f5,2011,2,Hưng Yên,Provincial,Cultivation,Lúa,,Area_Planted,2321.0,ha,Actual,PL4
295edfcb8ce183f5,2011,2,Hưng Yên,Provincial,Cultivation,Lúa,,Area_Planted,108.0,ha,Actual,PL4
22f09930931a1743,2011,2,Hưng Yên,Provincial,Cultivation,Rau,,Area_Planted,7080.0,ha,Actual,PL4
fce625b2e5695b20,2011,2,Hà Nam,Provincial,Cultivation,Lúa,,Area_Planted,11243.0,ha,Actual,PL4
fce625b2e5695b20,2011,2,Hà Nam,Provincial,Cultivation,Lúa,,Area_Planted,42.0,ha,Actual,PL4
3280a0d109d24351,2011,2,Hà Nam,Provincial,Cultivation,Rau,,Area_Planted,1848.0,ha,Actual,PL4
df0f0d21c1bc587a,2011,2,Nam Định,Provincial,Cultivation,Lúa,,Area_Planted,5855.0,ha,Actual,PL4
df0f0d21c1bc587a,2011,2,Nam Định,Provincial,Cultivation,Lúa,,Area_Planted,4433.0,ha,Actual,PL4
ec9d62be9885fbf4,2011,2,Nam Định,Provincial,Cultivation,Rau,,Area_Planted,15427.0,ha,Actual,PL4
d71d2cfb190e6efa,2011,2,Thái Bình,Provincial,Cultivation,Lúa,,Area_Planted,14250.0,ha,Actual,PL4
d71d2cfb190e6efa,2011,2,Thái Bình,Provincial,Cultivation,Lúa,,Area_Planted,1000.0,ha,Actual,PL4
59f860750121ce7f,2011,2,Thái Bình,Provincial,Cultivation,Rau,,Area_Planted,12000.0,ha,Actual,PL4
a11a06e42690b73e,2011,2,Ninh Bình,Provincial,Cultivation,Lúa,,Area_Planted,13646.0,ha,Actual,PL4
a11a06e42690b73e,2011,2,Ninh Bình,Provincial,Cultivation,Lúa,,Area_Planted,3648.0,ha,Actual,PL4
61b43752056cc6ec,2011,2,Ninh Bình,Provincial,Cultivation,Rau,,Area_Planted,4530.0,ha,Actual,PL4
a87d2138b3f22638,2011,2,Quảng Ninh,Provincial,Cultivation,Lúa,,Area_Planted,167.0,ha,Actual,PL4
a87d2138b3f22638,2011,2,Quảng Ninh,Provincial,Cultivation,Lúa,,Area_Planted,152.0,ha,Actual,PL4
9f3d574d2ac7ac2d,2011,2,Quảng Ninh,Provincial,Cultivation,Rau,,Area_Planted,3672.0,ha,Actual,PL4
269c494102e54db4,2011,2,TD và MN phía Bắc,Provincial,Cultivation,Lúa,,Area_Planted,13246.0,ha,Actual,PL4
269c494102e54db4,2011,2,TD và MN phía Bắc,Provincial,Cultivation,Lúa,,Area_Planted,5431.0,ha,Actual,PL4
269c494102e54db4,2011,2,TD và MN phía Bắc,Provincial,Cultivation,Lúa,,Area_Planted,1628.0,ha,Actual,PL4
adbd3aa0aefb8830,2011,2,TD và MN phía Bắc,Provincial,Cultivation,Rau,,Area_Planted,32442.0,ha,Actual,PL4
71cc694ab2b58c7f,2011,2,Hà Giang,Provincial,Cultivation,Lúa,,Area_Planted,3301.0,ha,Actual,PL4
71cc694ab2b58c7f,2011,2,Hà Giang,Provincial,Cultivation,Lúa,,Area_Planted,780.0,ha,Actual,PL4
615f30b698926893,2011,2,Hà Giang,Provincial,Cultivation,Rau,,Area_Planted,5503.0,ha,Actual,PL4
b5e7978789e25e44,2011,2,Cao Bằng,Provincial,Cultivation,Lúa,,Area_Planted,1711.0,ha,Actual,PL4
b5e7978789e25e44,2011,2,Cao Bằng,Provincial,Cultivation,Lúa,,Area_Planted,3.0,ha,Actual,PL4
b5e7978789e25e44,2011,2,Cao Bằng,Provincial,Cultivation,Lúa,,Area_Planted,1215.0,ha,Actual,PL4
70ace8781f3e98b5,2011,2,Cao Bằng,Provincial,Cultivation,Rau,,Area_Planted,430.0,ha,Actual,PL4
2391f00cc593fdfb,2011,2,Lào Cai,Provincial,Cultivation,Lúa,,Area_Planted,861.0,ha,Actual,PL4
2391f00cc593fdfb,2011,2,Lào Cai,Provincial,Cultivation,Lúa,,Area_Planted,111.0,ha,Actual,PL4
24614a06011d508b,2011,2,Lào Cai,Provincial,Cultivation,Rau,,Area_Planted,2195.0,ha,Actual,PL4
4fd5fe621fa35798,2011,2,Bắc Cạn,Provincial,Cultivation,Lúa,,Area_Planted,5.0,ha,Actual,PL4
c9da4c3d1dfb2c47,2011,2,Bắc Cạn,Provincial,Cultivation,Rau,,Area_Planted,199.0,ha,Actual,PL4
6e320ab372733947,2011,2,Lạng Sơn,Provincial,Cultivation,Lúa,,Area_Planted,302.0,ha,Actual,PL4
6e320ab372733947,2011,2,Lạng Sơn,Provincial,Cultivation,Lúa,,Area_Planted,302.0,ha,Actual,PL4
19ec569e58b3becb,2011,2,Lạng Sơn,Provincial,Cultivation,Rau,,Area_Planted,2268.0,ha,Actual,PL4
b280a7c83b655c91,2011,2,Tuyên Quang,Provincial,Cultivation,Lúa,,Area_Planted,756.0,ha,Actual,PL4
b280a7c83b655c91,2011,2,Tuyên Quang,Provincial,Cultivation,Lúa,,Area_Planted,47.0,ha,Actual,PL4
0a4411e5ffe3defd,2011,2,Tuyên Quang,Provincial,Cultivation,Rau,,Area_Planted,1311.0,ha,Actual,PL4
42a63014b2563e19,2011,2,Yên Bái,Provincial,Cultivation,Lúa,,Area_Planted,0.0,ha,Actual,PL4
1fff5bc3910143a1,2011,2,Yên Bái,Provincial,Cultivation,Rau,,Area_Planted,1558.0,ha,Actual,PL4
089443d2b8af82b6,2011,2,Thái Nguyên,Provincial,Cultivation,Lúa,,Area_Planted,177.0,ha,Actual,PL4
089443d2b8af82b6,2011,2,Thái Nguyên,Provincial,Cultivation,Lúa,,Area_Planted,121.0,ha,Actual,PL4
3c3b29969c5fc39a,2011,2,Thái Nguyên,Provincial,Cultivation,Rau,,Area_Planted,4487.0,ha,Actual,PL4
d615d15d51a8893a,2011,2,Phú Thọ,Provincial,Cultivation,Lúa,,Area_Planted,3864.0,ha,Actual,PL4
d615d15d51a8893a,2011,2,Phú Thọ,Provincial,Cultivation,Lúa,,Area_Planted,2800.0,ha,Actual,PL4
974082a0a685b598,2011,2,Phú Thọ,Provincial,Cultivation,Rau,,Area_Planted,3285.0,ha,Actual,PL4
4fbe9d889dee2877,2011,2,Bắc Giang,Provincial,Cultivation,Lúa,,Area_Planted,1695.0,ha,Actual,PL4
4fbe9d889dee2877,2011,2,Bắc Giang,Provincial,Cultivation,Lúa,,Area_Planted,1680.0,ha,Actual,PL4
aab5fa5c25e9bcb6,2011,2,Bắc Giang,Provincial,Cultivation,Rau,,Area_Planted,7500.0,ha,Actual,PL4
73e812f7cc83bfb5,2011,2,Lai Châu,Provincial,Cultivation,Lúa,,Area_Planted,20.0,ha,Actual,PL4
5499399e3c703582,2011,2,Lai Châu,Provincial,Cultivation,Rau,,Area_Planted,307.0,ha,Actual,PL4
5f91af4b179c11d8,2011,2,Điện Biên,Provincial,Cultivation,Lúa,,Area_Planted,47.0,ha,Actual,PL4
299d62c1817a6be9,2011,2,Điện Biên,Provincial,Cultivation,Rau,,Area_Planted,125.0,ha,Actual,PL4
9668ab2d6f1ec106,2011,2,Sơn La,Provincial,Cultivation,Lúa,,Area_Planted,0.0,ha,Actual,PL4
1ded37bb4a4b0440,2011,2,Sơn La,Provincial,Cultivation,Rau,,Area_Planted,1374.0,ha,Actual,PL4
5ad54cfc57b39f50,2011,2,Hoà Bình,Provincial,Cultivation,Lúa,,Area_Planted,507.0,ha,Actual,PL4
f2e490bd1e621d70,2011,2,Hoà Bình,Provincial,Cultivation,Rau,,Area_Planted,1900.0,ha,Actual,PL4
0716c7d01cc85200,2011,2,Bắc Trung Bộ,Provincial,Cultivation,Lúa,,Area_Planted,51511.0,ha,Actual,PL4
0716c7d01cc85200,2011,2,Bắc Trung Bộ,Provincial,Cultivation,Lúa,,Area_Planted,42979.0,ha,Actual,PL4
0716c7d01cc85200,2011,2,Bắc Trung Bộ,Provincial,Cultivation,Lúa,,Area_Planted,32.0,ha,Actual,PL4
a92f9bc2e545bac6,2011,2,Bắc Trung Bộ,Provincial,Cultivation,Rau,,Area_Planted,41179.0,ha,Actual,PL4
52eafcedb86ab013,2011,2,Thanh Hoá,Provincial,Cultivation,Lúa,,Area_Planted,23832.0,ha,Actual,PL4
52eafcedb86ab013,2011,2,Thanh Hoá,Provincial,Cultivation,Lúa,,Area_Planted,15332.0,ha,Actual,PL4
851f8246c42ac5ef,2011,2,Thanh Hoá,Provincial,Cultivation,Rau,,Area_Planted,16794.0,ha,Actual,PL4
6da7a78073d558ce,2011,2,Nghệ An,Provincial,Cultivation,Lúa,,Area_Planted,13000.0,ha,Actual,PL4
6da7a78073d558ce,2011,2,Nghệ An,Provincial,Cultivation,Lúa,,Area_Planted,13000.0,ha,Actual,PL4
83004d91fdcc71db,2011,2,Nghệ An,Provincial,Cultivation,Rau,,Area_Planted,14744.0,ha,Actual,PL4
4829d3e1cb6e22c8,2011,2,Hà Tĩnh,Provincial,Cultivation,Lúa,,Area_Planted,5847.0,ha,Actual,PL4
4829d3e1cb6e22c8,2011,2,Hà Tĩnh,Provincial,Cultivation,Lúa,,Area_Planted,5847.0,ha,Actual,PL4
1af99c457a5eabd7,2011,2,Hà Tĩnh,Provincial,Cultivation,Rau,,Area_Planted,4455.0,ha,Actual,PL4
9076f1eb7885cb0e,2011,2,Quảng Bình,Provincial,Cultivation,Lúa,,Area_Planted,4090.0,ha,Actual,PL4
9076f1eb7885cb0e,2011,2,Quảng Bình,Provincial,Cultivation,Lúa,,Area_Planted,4090.0,ha,Actual,PL4
618d610abf76d723,2011,2,Quảng Bình,Provincial,Cultivation,Rau,,Area_Planted,456.0,ha,Actual,PL4
7dabf49ebe4f4a9c,2011,2,Quảng Trị,Provincial,Cultivation,Lúa,,Area_Planted,3600.0,ha,Actual,PL4
7dabf49ebe4f4a9c,2011,2,Quảng Trị,Provincial,Cultivation,Lúa,,Area_Planted,3600.0,ha,Actual,PL4
19dee72a6ccf02f6,2011,2,Quảng Trị,Provincial,Cultivation,Rau,,Area_Planted,1010.0,ha,Actual,PL4
a50009cbbeab694d,2011,2,Thừa Thiên Huế,Provincial,Cultivation,Lúa,,Area_Planted,1142.0,ha,Actual,PL4
a50009cbbeab694d,2011,2,Thừa Thiên Huế,Provincial,Cultivation,Lúa,,Area_Planted,1110.0,ha,Actual,PL4
a50009cbbeab694d,2011,2,Thừa Thiên Huế,Provincial,Cultivation,Lúa,,Area_Planted,32.0,ha,Actual,PL4
030829b6aec65b78,2011,2,Thừa Thiên Huế,Provincial,Cultivation,Rau,,Area_Planted,3720.0,ha,Actual,PL4
a3d148571ba52976,2011,2,Miền Nam,Provincial,Cultivation,Lúa,,Area_Planted,112863.0,ha,Actual,PL5
d72681a5d9903f73,2011,2,Miền Nam,Provincial,Cultivation,Đậu,,Area_Planted,797.0,ha,Actual,PL5
390bc20be79941fd,2011,2,Miền Nam,Provincial,Cultivation,Lạc,,Area_Planted,34452.0,ha,Actual,PL5
a3d148571ba52976,2011,2,Miền Nam,Provincial,Cultivation,Lúa,,Area_Planted,3310.0,ha,Actual,PL5
a3d148571ba52976,2011,2,Miền Nam,Provincial,Cultivation,Lúa,,Area_Planted,8051.0,ha,Actual,PL5
9a1645729eb43d65,2011,2,Miền Nam,Provincial,Cultivation,Mía,,Area_Planted,65142.0,ha,Actual,PL5
a3d148571ba52976,2011,2,Miền Nam,Provincial,Cultivation,Lúa,,Area_Planted,785.0,ha,Actual,PL5
a3d148571ba52976,2011,2,Miền Nam,Provincial,Cultivation,Lúa,,Area_Planted,326.0,ha,Actual,PL5
a3d148571ba52976,2011,2,Miền Nam,Provincial,Cultivation,Lúa,,Area_Planted,136707.0,ha,Actual,PL5
a3d148571ba52976,2011,2,Miền Nam,Provincial,Cultivation,Lúa,,Area_Planted,192435035.0,ha,Actual,PL5
d4f822bfd653a0c6,2011,2,D.H Nam Trg Bộ,Provincial,Cultivation,Lúa,,Area_Planted,28307.0,ha,Actual,PL5
34d37d240610ff33,2011,2,D.H Nam Trg Bộ,Provincial,Cultivation,Đậu,,Area_Planted,466.0,ha,Actual,PL5
20514780c14aeb76,2011,2,D.H Nam Trg Bộ,Provincial,Cultivation,Lạc,,Area_Planted,18723.0,ha,Actual,PL5
d4f822bfd653a0c6,2011,2,D.H Nam Trg Bộ,Provincial,Cultivation,Lúa,,Area_Planted,57.0,ha,Actual,PL5
d4f822bfd653a0c6,2011,2,D.H Nam Trg Bộ,Provincial,Cultivation,Lúa,,Area_Planted,665.0,ha,Actual,PL5
6da69a2becbd7a8b,2011,2,D.H Nam Trg Bộ,Provincial,Cultivation,Mía,,Area_Planted,7990.0,ha,Actual,PL5
d4f822bfd653a0c6,2011,2,D.H Nam Trg Bộ,Provincial,Cultivation,Lúa,,Area_Planted,370.0,ha,Actual,PL5
d4f822bfd653a0c6,2011,2,D.H Nam Trg Bộ,Provincial,Cultivation,Lúa,,Area_Planted,37.0,ha,Actual,PL5
d4f822bfd653a0c6,2011,2,D.H Nam Trg Bộ,Provincial,Cultivation,Lúa,,Area_Planted,17234.0,ha,Actual,PL5
d4f822bfd653a0c6,2011,2,D.H Nam Trg Bộ,Provincial,Cultivation,Lúa,,Area_Planted,17234.0,ha,Actual,PL5
49c9f07ff5ded2bf,2011,2,TP Đà Nẵng,Provincial,Cultivation,Lúa,,Area_Planted,968.0,ha,Actual,PL5
ecafbea5882c5957,2011,2,TP Đà Nẵng,Provincial,Cultivation,Lạc,,Area_Planted,671.0,ha,Actual,PL5
617f614a3a16371f,2011,2,TP Đà Nẵng,Provincial,Cultivation,Mía,,Area_Planted,297.0,ha,Actual,PL5
49c9f07ff5ded2bf,2011,2,TP Đà Nẵng,Provincial,Cultivation,Lúa,,Area_Planted,352.0,ha,Actual,PL5
11b9ec0d7645f22a,2011,2,Quảng Nam,Provincial,Cultivation,Lúa,,Area_Planted,7976.0,ha,Actual,PL5
b9ad0e6d2be5ee06,2011,2,Quảng Nam,Provincial,Cultivation,Đậu,,Area_Planted,10.0,ha,Actual,PL5
c49f0ee271d8580b,2011,2,Quảng Nam,Provincial,Cultivation,Lạc,,Area_Planted,7200.0,ha,Actual,PL5
11b9ec0d7645f22a,2011,2,Quảng Nam,Provincial,Cultivation,Lúa,,Area_Planted,10.0,ha,Actual,PL5
11b9ec0d7645f22a,2011,2,Quảng Nam,Provincial,Cultivation,Lúa,,Area_Planted,410.0,ha,Actual,PL5
9031c25670aa5967,2011,2,Quảng Nam,Provincial,Cultivation,Mía,,Area_Planted,150.0,ha,Actual,PL5
11b9ec0d7645f22a,2011,2,Quảng Nam,Provincial,Cultivation,Lúa,,Area_Planted,196.0,ha,Actual,PL5
11b9ec0d7645f22a,2011,2,Quảng Nam,Provincial,Cultivation,Lúa,,Area_Planted,4800.0,ha,Actual,PL5
11b9ec0d7645f22a,2011,2,Quảng Nam,Provincial,Cultivation,Lúa,,Area_Planted,2000.0,ha,Actual,PL5
923fe0929b9e3601,2011,2,Quảng Ngãi,Provincial,Cultivation,Lúa,,Area_Planted,7964.0,ha,Actual,PL5
981ef0fed53f8521,2011,2,Quảng Ngãi,Provincial,Cultivation,Lạc,,Area_Planted,3990.0,ha,Actual,PL5
e033cbc24487b59a,2011,2,Quảng Ngãi,Provincial,Cultivation,Mía,,Area_Planted,3975.0,ha,Actual,PL5
923fe0929b9e3601,2011,2,Quảng Ngãi,Provincial,Cultivation,Lúa,,Area_Planted,5300.0,ha,Actual,PL5
923fe0929b9e3601,2011,2,Quảng Ngãi,Provincial,Cultivation,Lúa,,Area_Planted,1644.0,ha,Actual,PL5
d28662ef7e2bf903,2011,2,Bình Định,Provincial,Cultivation,Lúa,,Area_Planted,6575.0,ha,Actual,PL5
7f054e732e3c744b,2011,2,Bình Định,Provincial,Cultivation,Đậu,,Area_Planted,187.0,ha,Actual,PL5
05a5bf4ee53bbe8a,2011,2,Bình Định,Provincial,Cultivation,Lạc,,Area_Planted,6388.0,ha,Actual,PL5
d28662ef7e2bf903,2011,2,Bình Định,Provincial,Cultivation,Lúa,,Area_Planted,5067.0,ha,Actual,PL5
d28662ef7e2bf903,2011,2,Bình Định,Provincial,Cultivation,Lúa,,Area_Planted,647.0,ha,Actual,PL5
16d6fd930860ecc4,2011,2,Phú Yên,Provincial,Cultivation,Lúa,,Area_Planted,4824.0,ha,Actual,PL5
6126a4806679594e,2011,2,Phú Yên,Provincial,Cultivation,Đậu,,Area_Planted,269.0,ha,Actual,PL5
88e27bd3bff8dcd9,2011,2,Phú Yên,Provincial,Cultivation,Lạc,,Area_Planted,474.0,ha,Actual,PL5
16d6fd930860ecc4,2011,2,Phú Yên,Provincial,Cultivation,Lúa,,Area_Planted,47.0,ha,Actual,PL5
16d6fd930860ecc4,2011,2,Phú Yên,Provincial,Cultivation,Lúa,,Area_Planted,255.0,ha,Actual,PL5
be5b3882dde2dcd5,2011,2,Phú Yên,Provincial,Cultivation,Mía,,Area_Planted,3568.0,ha,Actual,PL5
16d6fd930860ecc4,2011,2,Phú Yên,Provincial,Cultivation,Lúa,,Area_Planted,174.0,ha,Actual,PL5
16d6fd930860ecc4,2011,2,Phú Yên,Provincial,Cultivation,Lúa,,Area_Planted,37.0,ha,Actual,PL5
16d6fd930860ecc4,2011,2,Phú Yên,Provincial,Cultivation,Lúa,,Area_Planted,1715.0,ha,Actual,PL5
16d6fd930860ecc4,2011,2,Phú Yên,Provincial,Cultivation,Lúa,,Area_Planted,744.0,ha,Actual,PL5
405d31c61c9999c1,2011,2,Khánh Hoà,Provincial,Cultivation,Lúa,,Area_Planted,0.0,ha,Actual,PL5
e7c730dd161749be,2011,2,Tây Nguyên,Provincial,Cultivation,Lúa,,Area_Planted,12193.0,ha,Actual,PL5
52650fe4fe970cc4,2011,2,Tây Nguyên,Provincial,Cultivation,Đậu,,Area_Planted,0.0,ha,Actual,PL5
1dff54097b0839a9,2011,2,Tây Nguyên,Provincial,Cultivation,Lạc,,Area_Planted,75.0,ha,Actual,PL5
e7c730dd161749be,2011,2,Tây Nguyên,Provincial,Cultivation,Lúa,,Area_Planted,0.0,ha,Actual,PL5
e7c730dd161749be,2011,2,Tây Nguyên,Provincial,Cultivation,Lúa,,Area_Planted,3329.0,ha,Actual,PL5
649a3d9a58d8ab7e,2011,2,Tây Nguyên,Provincial,Cultivation,Mía,,Area_Planted,8486.0,ha,Actual,PL5
e7c730dd161749be,2011,2,Tây Nguyên,Provincial,Cultivation,Lúa,,Area_Planted,303.0,ha,Actual,PL5
e7c730dd161749be,2011,2,Tây Nguyên,Provincial,Cultivation,Lúa,,Area_Planted,0.0,ha,Actual,PL5
e7c730dd161749be,2011,2,Tây Nguyên,Provincial,Cultivation,Lúa,,Area_Planted,19691.0,ha,Actual,PL5
e7c730dd161749be,2011,2,Tây Nguyên,Provincial,Cultivation,Lúa,,Area_Planted,3431.0,ha,Actual,PL5
20d2152f0a2a71c5,2011,2,Kon Tum,Provincial,Cultivation,Lúa,,Area_Planted,2157.0,ha,Actual,PL5
a091bdb1b1d92fed,2011,2,Kon Tum,Provincial,Cultivation,Lạc,,Area_Planted,9.0,ha,Actual,PL5
a4cbc666d4af03d7,2011,2,Kon Tum,Provincial,Cultivation,Mía,,Area_Planted,2148.0,ha,Actual,PL5
20d2152f0a2a71c5,2011,2,Kon Tum,Provincial,Cultivation,Lúa,,Area_Planted,714.0,ha,Actual,PL5
20d2152f0a2a71c5,2011,2,Kon Tum,Provincial,Cultivation,Lúa,,Area_Planted,61.0,ha,Actual,PL5
b8ebcd51ec42183a,2011,2,Gia Lai,Provincial,Cultivation,Lúa,,Area_Planted,9533.0,ha,Actual,PL5
ba4ef9ee3bc18b6c,2011,2,Gia Lai,Provincial,Cultivation,Lạc,,Area_Planted,46.0,ha,Actual,PL5
b8ebcd51ec42183a,2011,2,Gia Lai,Provincial,Cultivation,Lúa,,Area_Planted,2847.0,ha,Actual,PL5
e15004a0aab3063a,2011,2,Gia Lai,Provincial,Cultivation,Mía,,Area_Planted,6338.0,ha,Actual,PL5
b8ebcd51ec42183a,2011,2,Gia Lai,Provincial,Cultivation,Lúa,,Area_Planted,303.0,ha,Actual,PL5
b8ebcd51ec42183a,2011,2,Gia Lai,Provincial,Cultivation,Lúa,,Area_Planted,6604.0,ha,Actual,PL5
b8ebcd51ec42183a,2011,2,Gia Lai,Provincial,Cultivation,Lúa,,Area_Planted,2137.0,ha,Actual,PL5
4f6e2c08b292720f,2011,2,Đắc Lắc,Provincial,Cultivation,Lúa,,Area_Planted,502.0,ha,Actual,PL5
5a9c17c36149fc6f,2011,2,Đắc Lắc,Provincial,Cultivation,Lạc,,Area_Planted,20.0,ha,Actual,PL5
4f6e2c08b292720f,2011,2,Đắc Lắc,Provincial,Cultivation,Lúa,,Area_Planted,482.0,ha,Actual,PL5
4f6e2c08b292720f,2011,2,Đắc Lắc,Provincial,Cultivation,Lúa,,Area_Planted,2471.0,ha,Actual,PL5
4f6e2c08b292720f,2011,2,Đắc Lắc,Provincial,Cultivation,Lúa,,Area_Planted,703.0,ha,Actual,PL5
74094690248482f8,2011,2,Đắc Nông,Provincial,Cultivation,Lúa,,Area_Planted,0.0,ha,Actual,PL5
74094690248482f8,2011,2,Đắc Nông,Provincial,Cultivation,Lúa,,Area_Planted,834.0,ha,Actual,PL5
74094690248482f8,2011,2,Đắc Nông,Provincial,Cultivation,Lúa,,Area_Planted,220.0,ha,Actual,PL5
bc9ea0ec8f57c678,2011,2,Lâm Đồng,Provincial,Cultivation,Lúa,,Area_Planted,0.0,ha,Actual,PL5
bc9ea0ec8f57c678,2011,2,Lâm Đồng,Provincial,Cultivation,Lúa,,Area_Planted,9068.0,ha,Actual,PL5
bc9ea0ec8f57c678,2011,2,Lâm Đồng,Provincial,Cultivation,Lúa,,Area_Planted,311.0,ha,Actual,PL5
0a5cd2b6681b338f,2011,2,Đông Nam Bộ,Provincial,Cultivation,Lúa,,Area_Planted,21611.0,ha,Actual,PL5
35cc0e123fd15d15,2011,2,Đông Nam Bộ,Provincial,Cultivation,Đậu,,Area_Planted,187.0,ha,Actual,PL5
69d5375952434d7b,2011,2,Đông Nam Bộ,Provincial,Cultivation,Lạc,,Area_Planted,8472.0,ha,Actual,PL5
0a5cd2b6681b338f,2011,2,Đông Nam Bộ,Provincial,Cultivation,Lúa,,Area_Planted,731.0,ha,Actual,PL5
0a5cd2b6681b338f,2011,2,Đông Nam Bộ,Provincial,Cultivation,Lúa,,Area_Planted,4040.0,ha,Actual,PL5
8322d1e556eb0066,2011,2,Đông Nam Bộ,Provincial,Cultivation,Mía,,Area_Planted,8069.0,ha,Actual,PL5
0a5cd2b6681b338f,2011,2,Đông Nam Bộ,Provincial,Cultivation,Lúa,,Area_Planted,112.0,ha,Actual,PL5
0a5cd2b6681b338f,2011,2,Đông Nam Bộ,Provincial,Cultivation,Lúa,,Area_Planted,0.0,ha,Actual,PL5
0a5cd2b6681b338f,2011,2,Đông Nam Bộ,Provincial,Cultivation,Lúa,,Area_Planted,23032.0,ha,Actual,PL5
0a5cd2b6681b338f,2011,2,Đông Nam Bộ,Provincial,Cultivation,Lúa,,Area_Planted,8247.0,ha,Actual,PL5
201614f592c41e42,2011,2,TP Hồ Chí Minh,Provincial,Cultivation,Lúa,,Area_Planted,2480.0,ha,Actual,PL5
03251e88a09c4474,2011,2,TP Hồ Chí Minh,Provincial,Cultivation,Lạc,,Area_Planted,180.0,ha,Actual,PL5
6c4adeb0313e64ba,2011,2,TP Hồ Chí Minh,Provincial,Cultivation,Mía,,Area_Planted,2300.0,ha,Actual,PL5
201614f592c41e42,2011,2,TP Hồ Chí Minh,Provincial,Cultivation,Lúa,,Area_Planted,4332.0,ha,Actual,PL5
a586f12b2ba7917b,2011,2,Ninh Thuận,Provincial,Cultivation,Lúa,,Area_Planted,1084.0,ha,Actual,PL5
61b6e6ba6d740950,2011,2,Ninh Thuận,Provincial,Cultivation,Lạc,,Area_Planted,140.0,ha,Actual,PL5
a586f12b2ba7917b,2011,2,Ninh Thuận,Provincial,Cultivation,Lúa,,Area_Planted,60.0,ha,Actual,PL5
a586f12b2ba7917b,2011,2,Ninh Thuận,Provincial,Cultivation,Lúa,,Area_Planted,782.0,ha,Actual,PL5
854c576d559773cd,2011,2,Ninh Thuận,Provincial,Cultivation,Mía,,Area_Planted,60.0,ha,Actual,PL5
a586f12b2ba7917b,2011,2,Ninh Thuận,Provincial,Cultivation,Lúa,,Area_Planted,42.0,ha,Actual,PL5
a586f12b2ba7917b,2011,2,Ninh Thuận,Provincial,Cultivation,Lúa,,Area_Planted,2720.0,ha,Actual,PL5
a586f12b2ba7917b,2011,2,Ninh Thuận,Provincial,Cultivation,Lúa,,Area_Planted,1366.0,ha,Actual,PL5
0f76c5e839f693f1,2011,2,Bình Phước,Provincial,Cultivation,Lúa,,Area_Planted,77.0,ha,Actual,PL5
332ef64f06451388,2011,2,Bình Phước,Provincial,Cultivation,Đậu,,Area_Planted,22.0,ha,Actual,PL5
037f964526eb5717,2011,2,Bình Phước,Provincial,Cultivation,Lạc,,Area_Planted,37.0,ha,Actual,PL5
0f76c5e839f693f1,2011,2,Bình Phước,Provincial,Cultivation,Lúa,,Area_Planted,3.0,ha,Actual,PL5
0f76c5e839f693f1,2011,2,Bình Phước,Provincial,Cultivation,Lúa,,Area_Planted,2.0,ha,Actual,PL5
9f1515e6e25805fd,2011,2,Bình Phước,Provincial,Cultivation,Mía,,Area_Planted,13.0,ha,Actual,PL5
0f76c5e839f693f1,2011,2,Bình Phước,Provincial,Cultivation,Lúa,,Area_Planted,598.0,ha,Actual,PL5
0f76c5e839f693f1,2011,2,Bình Phước,Provincial,Cultivation,Lúa,,Area_Planted,126.0,ha,Actual,PL5
efc64127214e0af8,2011,2,Tây Ninh,Provincial,Cultivation,Lúa,,Area_Planted,10510.0,ha,Actual,PL5
f3848ed227c1e65f,2011,2,Tây Ninh,Provincial,Cultivation,Lạc,,Area_Planted,6798.0,ha,Actual,PL5
efc64127214e0af8,2011,2,Tây Ninh,Provincial,Cultivation,Lúa,,Area_Planted,442.0,ha,Actual,PL5
efc64127214e0af8,2011,2,Tây Ninh,Provincial,Cultivation,Lúa,,Area_Planted,2151.0,ha,Actual,PL5
278eaae744687345,2011,2,Tây Ninh,Provincial,Cultivation,Mía,,Area_Planted,1119.0,ha,Actual,PL5
efc64127214e0af8,2011,2,Tây Ninh,Provincial,Cultivation,Lúa,,Area_Planted,5128.0,ha,Actual,PL5
efc64127214e0af8,2011,2,Tây Ninh,Provincial,Cultivation,Lúa,,Area_Planted,2289.0,ha,Actual,PL5
ef13926b59e0167d,2011,2,Bình Dương,Provincial,Cultivation,Lúa,,Area_Planted,617.0,ha,Actual,PL5
2f3699da6e02f875,2011,2,Bình Dương,Provincial,Cultivation,Lạc,,Area_Planted,382.0,ha,Actual,PL5
ef13926b59e0167d,2011,2,Bình Dương,Provincial,Cultivation,Lúa,,Area_Planted,140.0,ha,Actual,PL5
d2c1759713187eac,2011,2,Bình Dương,Provincial,Cultivation,Mía,,Area_Planted,95.0,ha,Actual,PL5
ef13926b59e0167d,2011,2,Bình Dương,Provincial,Cultivation,Lúa,,Area_Planted,1708.0,ha,Actual,PL5
ef13926b59e0167d,2011,2,Bình Dương,Provincial,Cultivation,Lúa,,Area_Planted,68.0,ha,Actual,PL5
c4d4a7d71e2ddfc8,2011,2,Đồng Nai,Provincial,Cultivation,Lúa,,Area_Planted,1885.0,ha,Actual,PL5
f0f11d8fcd64288c,2011,2,Đồng Nai,Provincial,Cultivation,Đậu,,Area_Planted,165.0,ha,Actual,PL5
a210c92535eb7a05,2011,2,Đồng Nai,Provincial,Cultivation,Lạc,,Area_Planted,210.0,ha,Actual,PL5
c4d4a7d71e2ddfc8,2011,2,Đồng Nai,Provincial,Cultivation,Lúa,,Area_Planted,19.0,ha,Actual,PL5
c4d4a7d71e2ddfc8,2011,2,Đồng Nai,Provincial,Cultivation,Lúa,,Area_Planted,936.0,ha,Actual,PL5
46fffcf9bb6152be,2011,2,Đồng Nai,Provincial,Cultivation,Mía,,Area_Planted,548.0,ha,Actual,PL5
c4d4a7d71e2ddfc8,2011,2,Đồng Nai,Provincial,Cultivation,Lúa,,Area_Planted,7.0,ha,Actual,PL5
c4d4a7d71e2ddfc8,2011,2,Đồng Nai,Provincial,Cultivation,Lúa,,Area_Planted,4111.0,ha,Actual,PL5
c4d4a7d71e2ddfc8,2011,2,Đồng Nai,Provincial,Cultivation,Lúa,,Area_Planted,1650.0,ha,Actual,PL5
48b23dff0df8ef56,2011,2,Bình Thuận,Provincial,Cultivation,Lúa,,Area_Planted,4591.0,ha,Actual,PL5
1e63e1a83a26c855,2011,2,Bình Thuận,Provincial,Cultivation,Lạc,,Area_Planted,617.0,ha,Actual,PL5
48b23dff0df8ef56,2011,2,Bình Thuận,Provincial,Cultivation,Lúa,,Area_Planted,67.0,ha,Actual,PL5
48b23dff0df8ef56,2011,2,Bình Thuận,Provincial,Cultivation,Lúa,,Area_Planted,54.0,ha,Actual,PL5
05ed05d5a0fb8705,2011,2,Bình Thuận,Provincial,Cultivation,Mía,,Area_Planted,3843.0,ha,Actual,PL5
48b23dff0df8ef56,2011,2,Bình Thuận,Provincial,Cultivation,Lúa,,Area_Planted,10.0,ha,Actual,PL5
48b23dff0df8ef56,2011,2,Bình Thuận,Provincial,Cultivation,Lúa,,Area_Planted,1563.0,ha,Actual,PL5
48b23dff0df8ef56,2011,2,Bình Thuận,Provincial,Cultivation,Lúa,,Area_Planted,2629.0,ha,Actual,PL5
d67c862cf71572e2,2011,2,Bà Rịa-V.Tàu,Provincial,Cultivation,Lúa,,Area_Planted,367.0,ha,Actual,PL5
c9fb870a332b5132,2011,2,Bà Rịa-V.Tàu,Provincial,Cultivation,Lạc,,Area_Planted,108.0,ha,Actual,PL5
d67c862cf71572e2,2011,2,Bà Rịa-V.Tàu,Provincial,Cultivation,Lúa,,Area_Planted,115.0,ha,Actual,PL5
67eb9f4df3632b75,2011,2,Bà Rịa-V.Tàu,Provincial,Cultivation,Mía,,Area_Planted,91.0,ha,Actual,PL5
d67c862cf71572e2,2011,2,Bà Rịa-V.Tàu,Provincial,Cultivation,Lúa,,Area_Planted,53.0,ha,Actual,PL5
d67c862cf71572e2,2011,2,Bà Rịa-V.Tàu,Provincial,Cultivation,Lúa,,Area_Planted,2872.0,ha,Actual,PL5
d67c862cf71572e2,2011,2,Bà Rịa-V.Tàu,Provincial,Cultivation,Lúa,,Area_Planted,119.0,ha,Actual,PL5
f20bd3fc0edf1faa,2011,2,ĐBS Cửu Long,Provincial,Cultivation,Lúa,,Area_Planted,50752.0,ha,Actual,PL5
5da926e109dbe3ea,2011,2,ĐBS Cửu Long,Provincial,Cultivation,Đậu,,Area_Planted,144.0,ha,Actual,PL5
47f0adb8a1474564,2011,2,ĐBS Cửu Long,Provincial,Cultivation,Lạc,,Area_Planted,7182.0,ha,Actual,PL5
f20bd3fc0edf1faa,2011,2,ĐBS Cửu Long,Provincial,Cultivation,Lúa,,Area_Planted,2522.0,ha,Actual,PL5
f20bd3fc0edf1faa,2011,2,ĐBS Cửu Long,Provincial,Cultivation,Lúa,,Area_Planted,17.0,ha,Actual,PL5
9f0c00183e02e13b,2011,2,ĐBS Cửu Long,Provincial,Cultivation,Mía,,Area_Planted,40598.0,ha,Actual,PL5
f20bd3fc0edf1faa,2011,2,ĐBS Cửu Long,Provincial,Cultivation,Lúa,,Area_Planted,0.0,ha,Actual,PL5
f20bd3fc0edf1faa,2011,2,ĐBS Cửu Long,Provincial,Cultivation,Lúa,,Area_Planted,289.0,ha,Actual,PL5
f20bd3fc0edf1faa,2011,2,ĐBS Cửu Long,Provincial,Cultivation,Lúa,,Area_Planted,76749.0,ha,Actual,PL5
f20bd3fc0edf1faa,2011,2,ĐBS Cửu Long,Provincial,Cultivation,Lúa,,Area_Planted,2530.0,ha,Actual,PL5
cb7fe24abc0bdc0c,2011,2,Long An,Provincial,Cultivation,Lúa,,Area_Planted,18488.0,ha,Actual,PL5
2eb9abe9e34f48a7,2011,2,Long An,Provincial,Cultivation,Lạc,,Area_Planted,5112.0,ha,Actual,PL5
cb7fe24abc0bdc0c,2011,2,Long An,Provincial,Cultivation,Lúa,,Area_Planted,805.0,ha,Actual,PL5
117e4237c9102733,2011,2,Long An,Provincial,Cultivation,Mía,,Area_Planted,12571.0,ha,Actual,PL5
cb7fe24abc0bdc0c,2011,2,Long An,Provincial,Cultivation,Lúa,,Area_Planted,7636.0,ha,Actual,PL5
ab9125382e0df90c,2011,2,Đồng Tháp,Provincial,Cultivation,Lúa,,Area_Planted,130.0,ha,Actual,PL5
ab9125382e0df90c,2011,2,Đồng Tháp,Provincial,Cultivation,Lúa,,Area_Planted,45.0,ha,Actual,PL5
ab9125382e0df90c,2011,2,Đồng Tháp,Provincial,Cultivation,Lúa,,Area_Planted,85.0,ha,Actual,PL5
ab9125382e0df90c,2011,2,Đồng Tháp,Provincial,Cultivation,Lúa,,Area_Planted,4321.0,ha,Actual,PL5
ab9125382e0df90c,2011,2,Đồng Tháp,Provincial,Cultivation,Lúa,,Area_Planted,434.0,ha,Actual,PL5
be1af73fb0b59b60,2011,2,An Giang,Provincial,Cultivation,Lúa,,Area_Planted,935.0,ha,Actual,PL5
1919baaaf89ef723,2011,2,An Giang,Provincial,Cultivation,Đậu,,Area_Planted,85.0,ha,Actual,PL5
073d76f0d43f53e9,2011,2,An Giang,Provincial,Cultivation,Lạc,,Area_Planted,273.0,ha,Actual,PL5
be1af73fb0b59b60,2011,2,An Giang,Provincial,Cultivation,Lúa,,Area_Planted,545.0,ha,Actual,PL5
be1af73fb0b59b60,2011,2,An Giang,Provincial,Cultivation,Lúa,,Area_Planted,17.0,ha,Actual,PL5
a3f7b1a864738681,2011,2,An Giang,Provincial,Cultivation,Mía,,Area_Planted,15.0,ha,Actual,PL5
be1af73fb0b59b60,2011,2,An Giang,Provincial,Cultivation,Lúa,,Area_Planted,11982.0,ha,Actual,PL5
3539004e34759d88,2011,2,Tiền Giang,Provincial,Cultivation,Lúa,,Area_Planted,108.0,ha,Actual,PL5
40137a27bb669320,2011,2,Tiền Giang,Provincial,Cultivation,Lạc,,Area_Planted,65.0,ha,Actual,PL5
f020383569405368,2011,2,Tiền Giang,Provincial,Cultivation,Mía,,Area_Planted,43.0,ha,Actual,PL5
3539004e34759d88,2011,2,Tiền Giang,Provincial,Cultivation,Lúa,,Area_Planted,16726.0,ha,Actual,PL5
3539004e34759d88,2011,2,Tiền Giang,Provincial,Cultivation,Lúa,,Area_Planted,65.0,ha,Actual,PL5
85dd7ef4521c0442,2011,2,Vĩnh Long,Provincial,Cultivation,Lúa,,Area_Planted,276.0,ha,Actual,PL5
952651f5991f39aa,2011,2,Vĩnh Long,Provincial,Cultivation,Đậu,,Area_Planted,20.0,ha,Actual,PL5
ab458dd662f9e76c,2011,2,Vĩnh Long,Provincial,Cultivation,Lạc,,Area_Planted,5.0,ha,Actual,PL5
85dd7ef4521c0442,2011,2,Vĩnh Long,Provincial,Cultivation,Lúa,,Area_Planted,224.0,ha,Actual,PL5
671c420aca95d532,2011,2,Vĩnh Long,Provincial,Cultivation,Mía,,Area_Planted,27.0,ha,Actual,PL5
85dd7ef4521c0442,2011,2,Vĩnh Long,Provincial,Cultivation,Lúa,,Area_Planted,4457.0,ha,Actual,PL5
85dd7ef4521c0442,2011,2,Vĩnh Long,Provincial,Cultivation,Lúa,,Area_Planted,336.0,ha,Actual,PL5
98b8b88386166248,2011,2,Bến Tre,Provincial,Cultivation,Lúa,,Area_Planted,5880.0,ha,Actual,PL5
475ff2c4ae1cd375,2011,2,Bến Tre,Provincial,Cultivation,Lạc,,Area_Planted,80.0,ha,Actual,PL5
cae420bf8eb4e0db,2011,2,Bến Tre,Provincial,Cultivation,Mía,,Area_Planted,5800.0,ha,Actual,PL5
98b8b88386166248,2011,2,Bến Tre,Provincial,Cultivation,Lúa,,Area_Planted,1936.0,ha,Actual,PL5
ded7f17bcf20f2ad,2011,2,Kiên Giang,Provincial,Cultivation,Lúa,,Area_Planted,0.0,ha,Actual,PL5
8b6394b4166c3670,2011,2,Cần Thơ,Provincial,Cultivation,Lúa,,Area_Planted,939.0,ha,Actual,PL5
c0aea12f65e8b242,2011,2,Cần Thơ,Provincial,Cultivation,Đậu,,Area_Planted,31.0,ha,Actual,PL5
cda923c72a9e35c1,2011,2,Cần Thơ,Provincial,Cultivation,Lạc,,Area_Planted,5.0,ha,Actual,PL5
8b6394b4166c3670,2011,2,Cần Thơ,Provincial,Cultivation,Lúa,,Area_Planted,903.0,ha,Actual,PL5
8b6394b4166c3670,2011,2,Cần Thơ,Provincial,Cultivation,Lúa,,Area_Planted,2449.0,ha,Actual,PL5
8b6394b4166c3670,2011,2,Cần Thơ,Provincial,Cultivation,Lúa,,Area_Planted,325.0,ha,Actual,PL5
4409c8553d655bd6,2011,2,Hậu Giang,Provincial,Cultivation,Lúa,,Area_Planted,12072.0,ha,Actual,PL5
3656da5ebe3eb429,2011,2,Hậu Giang,Provincial,Cultivation,Mía,,Area_Planted,12072.0,ha,Actual,PL5
4409c8553d655bd6,2011,2,Hậu Giang,Provincial,Cultivation,Lúa,,Area_Planted,3273.0,ha,Actual,PL5
4409c8553d655bd6,2011,2,Hậu Giang,Provincial,Cultivation,Lúa,,Area_Planted,419.0,ha,Actual,PL5
eb68d89ea8f3eaac,2011,2,Trà Vinh,Provincial,Cultivation,Lúa,,Area_Planted,5039.0,ha,Actual,PL5
9e29280a2d422c19,2011,2,Trà Vinh,Provincial,Cultivation,Lạc,,Area_Planted,1636.0,ha,Actual,PL5
70c28527069eab08,2011,2,Trà Vinh,Provincial,Cultivation,Mía,,Area_Planted,3199.0,ha,Actual,PL5
eb68d89ea8f3eaac,2011,2,Trà Vinh,Provincial,Cultivation,Lúa,,Area_Planted,204.0,ha,Actual,PL5
eb68d89ea8f3eaac,2011,2,Trà Vinh,Provincial,Cultivation,Lúa,,Area_Planted,8106.0,ha,Actual,PL5
eb68d89ea8f3eaac,2011,2,Trà Vinh,Provincial,Cultivation,Lúa,,Area_Planted,320.0,ha,Actual,PL5
11c4dc6737d70ebc,2011,2,Sóc Trăng,Provincial,Cultivation,Lúa,,Area_Planted,6885.0,ha,Actual,PL5
29bfcc5a111b3e94,2011,2,Sóc Trăng,Provincial,Cultivation,Đậu,,Area_Planted,8.0,ha,Actual,PL5
f592b129f47684a2,2011,2,Sóc Trăng,Provincial,Cultivation,Lạc,,Area_Planted,6.0,ha,Actual,PL5
df79acb101206534,2011,2,Sóc Trăng,Provincial,Cultivation,Mía,,Area_Planted,6871.0,ha,Actual,PL5
11c4dc6737d70ebc,2011,2,Sóc Trăng,Provincial,Cultivation,Lúa,,Area_Planted,12950.0,ha,Actual,PL5
11c4dc6737d70ebc,2011,2,Sóc Trăng,Provincial,Cultivation,Lúa,,Area_Planted,631.0,ha,Actual,PL5
9fd439badcd5baa3,2011,2,Bạc Liêu,Provincial,Cultivation,Lúa,,Area_Planted,0.0,ha,Actual,PL5
9fd439badcd5baa3,2011,2,Bạc Liêu,Provincial,Cultivation,Lúa,,Area_Planted,1693.0,ha,Actual,PL5
ec3b959787a0eb07,2011,2,Cà Mau,Provincial,Cultivation,Lúa,,Area_Planted,1221.0,ha,Actual,PL5
5e93c8410d46c74a,2011,2,Cả nước,National,Forestry,Rừng,,Area,5.0,1000_ha,Estimated,PL6
3e989ec8b8ac6e6d,2011,2,Cả nước,National,Forestry,Rừng,,Area,3.0,1000_ha,Plan,PL6
5e93c8410d46c74a,2011,2,Cả nước,National,Forestry,Rừng,,Area,340.0,1000_ha,Estimated,PL6
3e989ec8b8ac6e6d,2011,2,Cả nước,National,Forestry,Rừng,,Area,3554.0,1000_ha,Plan,PL6
5e93c8410d46c74a,2011,2,Cả nước,National,Forestry,Rừng,,Area,200.0,1000_ha,Estimated,PL6
3e989ec8b8ac6e6d,2011,2,Cả nước,National,Forestry,Rừng,,Area,2124.0,1000_ha,Plan,PL6
5e93c8410d46c74a,2011,2,Cả nước,National,Forestry,Rừng,,Area,190.0,1000_ha,Estimated,PL6
3e989ec8b8ac6e6d,2011,2,Cả nước,National,Forestry,Rừng,,Area,202.0,1000_ha,Plan,PL6
5e93c8410d46c74a,2011,2,Cả nước,National,Forestry,Rừng,,Area,10.0,1000_ha,Estimated,PL6
3e989ec8b8ac6e6d,2011,2,Cả nước,National,Forestry,Rừng,,Area,104.0,1000_ha,Plan,PL6
5e93c8410d46c74a,2011,2,Cả nước,National,Forestry,Rừng,,Area,140.0,1000_ha,Estimated,PL6
3e989ec8b8ac6e6d,2011,2,Cả nước,National,Forestry,Rừng,,Area,143.0,1000_ha,Plan,PL6
a7751093830ef3a7,2011,1,Cả nước,National,Trade,I,Xuất khẩu,Export_Volume,346071.0,1000_ton,Actual,PL8
639f3f427c92236f,2011,1,Cả nước,National,Trade,I,Xuất khẩu,Export_Value,200850.0,million_USD,Actual,PL8
a84b2af0da829d1f,2011,1,Cả nước,National,Trade,1,Xuất khẩu,Export_Volume,315571.0,1000_ton,Actual,PL8
4f1fe84b320a3531,2011,1,Cả nước,National,Trade,1,Xuất khẩu,Export_Value,154000.0,million_USD,Actual,PL8
2cd5be89bfdc3209,2011,1,Cả nước,National,Trade,2,Xuất khẩu,Export_Volume,9500.0,1000_ton,Actual,PL8
0ba7888b5fa038bc,2011,1,Cả nước,National,Trade,2,Xuất khẩu,Export_Value,23500.0,million_USD,Actual,PL8
2021edcb8c6443a0,2011,1,Cả nước,National,Trade,3,Xuất khẩu,Export_Volume,7500.0,1000_ton,Actual,PL8
74efd74d32dc740e,2011,1,Cả nước,National,Trade,3,Xuất khẩu,Export_Value,8000.0,million_USD,Actual,PL8
c3e5e046a7542b6e,2011,1,Cả nước,National,Trade,4,Xuất khẩu,Export_Volume,500.0,1000_ton,Actual,PL8
917a279348ce102e,2011,1,Cả nước,National,Trade,4,Xuất khẩu,Export_Value,1000.0,million_USD,Actual,PL8
1adc7ccab2bdf207,2011,1,Cả nước,National,Trade,5,Xuất khẩu,Export_Volume,2000.0,1000_ton,Actual,PL8
aa67a61e36515bba,2011,1,Cả nước,National,Trade,5,Xuất khẩu,Export_Value,2500.0,million_USD,Actual,PL8
61d27eb9f6a02f1d,2011,1,Cả nước,National,Trade,6,Xuất khẩu,Export_Volume,4500.0,1000_ton,Actual,PL8
82d25f4bf8793781,2011,1,Cả nước,National,Trade,6,Xuất khẩu,Export_Value,4000.0,million_USD,Actual,PL8
bd8b955b31081b96,2011,1,Cả nước,National,Trade,7,Xuất khẩu,Export_Volume,3500.0,1000_ton,Actual,PL8
fd07d37ad169277a,2011,1,Cả nước,National,Trade,7,Xuất khẩu,Export_Value,3000.0,million_USD,Actual,PL8
9be351a5f25c5666,2011,1,Cả nước,National,Trade,8,Xuất khẩu,Export_Volume,3000.0,1000_ton,Actual,PL8
04a90158c5a11434,2011,1,Cả nước,National,Trade,8,Xuất khẩu,Export_Value,4850.0,million_USD,Actual,PL8
24b1269e1f6c88e1,2011,1,Cả nước,National,Trade,II,Xuất khẩu,Export_Volume,4500.0,1000_ton,Actual,PL8
9e272c5e56166d62,2011,1,Cả nước,National,Trade,II,Xuất khẩu,Export_Value,6000.0,million_USD,Actual,PL8
9d2cffd1d3ea7c54,2011,1,Cả nước,National,Trade,IV,Xuất khẩu,Export_Volume,1000.0,1000_ton,Actual,PL8
af79a578052d8129,2011,1,Cả nước,National,Trade,IV,Xuất khẩu,Export_Value,1500.0,million_USD,Actual,PL8
d5d4184c7efb188d,2011,1,Cả nước,National,Trade,B,Xuất khẩu,Export_Volume,0.0,1000_ton,Actual,PL8
17d3ad5003ccf87e,2011,1,Cả nước,National,Trade,B,Xuất khẩu,Export_Value,170000.0,million_USD,Actual,PL8
639f3f427c92236f,2011,1,Cả nước,National,Trade,I,Xuất khẩu,Export_Value,125000.0,million_USD,Actual,PL8
9e272c5e56166d62,2011,1,Cả nước,National,Trade,II,Xuất khẩu,Export_Value,25000.0,million_USD,Actual,PL8
bdfcf0a05668c328,2011,1,Cả nước,National,Trade,III,Xuất khẩu,Export_Value,20000.0,million_USD,Actual,PL8
43cb70b2e4a9c1c1,2011,1,Cả nước,National,Trade,C,Xuất khẩu,Export_Volume,351571.0,1000_ton,Actual,PL8
5caa5236f6a75bbe,2011,1,Cả nước,National,Trade,C,Xuất khẩu,Export_Value,378350.0,million_USD,Actual,PL8
0c2fbf99c082e82e,2011,2,Cả nước,National,Investment,145,,Investment_Amount,283.0,million_VND,Plan,PL9
5258bbdc51f3c3c1,2011,2,Cả nước,National,Investment,145,,Investment_Amount,225.0,million_VND,Cumulative,PL9
ae70afd9bebba5fe,2011,2,Cả nước,National,Investment,76,,Investment_Amount,332.0,million_VND,Plan,PL9
6ca176a9567490dd,2011,2,Cả nước,National,Investment,76,,Investment_Amount,106.0,million_VND,Cumulative,PL9
72a7200bd401eb59,2011,2,Cả nước,National,Investment,541,,Investment_Amount,282.0,million_VND,Plan,PL9
af9fa8143ff7d096,2011,2,Cả nước,National,Investment,541,,Investment_Amount,1141.0,million_VND,Cumulative,PL9
1f7942922c8ca75e,2011,2,Cả nước,National,Investment,11,,Investment_Amount,16.0,million_VND,Plan,PL9
e10482c8a78cc74e,2011,2,Cả nước,National,Investment,11,,Investment_Amount,22.0,million_VND,Cumulative,PL9
3bcfe4d0416f850e,2011,2,Cả nước,National,Investment,14,,Investment_Amount,96.0,million_VND,Plan,PL9
0029d69c7684af05,2011,2,Cả nước,National,Investment,14,,Investment_Amount,24.0,million_VND,Cumulative,PL9
7463b8ba9d4c153f,2011,2,Cả nước,National,Investment,5,,Investment_Amount,23.0,million_VND,Plan,PL9
a6c50650186f1f81,2011,2,Cả nước,National,Investment,5,,Investment_Amount,11.0,million_VND,Cumulative,PL9
40a8ced439a40be8,2011,2,Cả nước,National,Investment,343,,Investment_Amount,117.0,million_VND,Plan,PL9
3d30fc5546385067,2011,2,Cả nước,National,Investment,343,,Investment_Amount,543.0,million_VND,Cumulative,PL9
cb211b4659dfd077,2011,2,Cả nước,National,Investment,Các mặt hàng nông lâm sản khác,,Investment_Amount,92.0,million_VND,Plan,PL9
10a71ad8346733a7,2011,2,Cả nước,National,Investment,278,,Investment_Amount,106.0,million_VND,Plan,PL9
8b8700c2f768b694,2011,2,Cả nước,National,Investment,278,,Investment_Amount,558.0,million_VND,Cumulative,PL9
19281c6a1f92abad,2011,2,Cả nước,National,Investment,30,,Investment_Amount,11.0,million_VND,Plan,PL9
c4a4cdeed0b35257,2011,2,Cả nước,National,Investment,30,,Investment_Amount,60.0,million_VND,Cumulative,PL9
410f37acaaff9c97,2011,2,Cả nước,National,Investment,58,,Investment_Amount,10.0,million_VND,Plan,PL9
21c5b1f79aaaa585,2011,2,Cả nước,National,Investment,58,,Investment_Amount,118.0,million_VND,Cumulative,PL9
179824c9ddb3374a,2011,2,Cả nước,National,Investment,50,,Investment_Amount,28.0,million_VND,Plan,PL9
592fcac6a3673cc5,2011,2,Cả nước,National,Investment,50,,Investment_Amount,100.0,million_VND,Cumulative,PL9
10ac23cfef412647,2011,2,Cả nước,National,Investment,9,,Investment_Amount,4.0,million_VND,Plan,PL9
75baf5eee1eb7bd4,2011,2,Cả nước,National,Investment,9,,Investment_Amount,19.0,million_VND,Cumulative,PL9
0f7e7eedc08d7f14,2011,2,Cả nước,National,Investment,130,,Investment_Amount,52.0,million_VND,Plan,PL9
32a908a9b9aa5379,2011,2,Cả nước,National,Investment,130,,Investment_Amount,260.0,million_VND,Cumulative,PL9
d72412a33352ccc9,2011,2,Cả nước,National,Investment,112,,Investment_Amount,38.0,million_VND,Plan,PL9
3cc2bbf681b427df,2011,2,Cả nước,National,Investment,112,,Investment_Amount,212.0,million_VND,Cumulative,PL9
fa0582d6a531cca3,2011,2,Cả nước,National,Investment,23,,Investment_Amount,60.0,million_VND,Plan,PL9
882a6c3321f086e3,2011,2,Cả nước,National,Investment,23,,Investment_Amount,43.0,million_VND,Cumulative,PL9
2dc3422f33dc1c1a,2011,2,Cả nước,National,Investment,37,,Investment_Amount,104.0,million_VND,Plan,PL9
8e6c93dd47eb0d7a,2011,2,Cả nước,National,Investment,37,,Investment_Amount,67.0,million_VND,Cumulative,PL9
f1399dd9801019ea,2010,3,1. Gieo cấy lúa đông xuân cả nước,Provincial,Cultivation,Lúa,Đông Xuân,Area_Planted,30731.0,1000_ha,Actual,PL1
1933e1899b871d85,2010,3,+ Bắc Trung bộ,Provincial,Cultivation,Unknown,,Area_Planted,3402.0,1000_ha,Actual,PL1
df10a6f19d3264fa,2010,3,- Miền Nam,Provincial,Cultivation,Unknown,,Area_Planted,19783.0,1000_ha,Actual,PL1
0f80600c7b4269cb,2010,3,2. Thu hoạch lúa đông xuân miền Nam,Provincial,Cultivation,Lúa,Đông Xuân,Area_Harvested,10163.0,1000_ha,Actual,PL1
7a6984b784b1ff19,2011,3,2. Thu hoạch lúa đông xuân miền Nam,Provincial,Cultivation,Lúa,Đông Xuân,Area_Harvested,514.0,1000_ha,Actual,PL1
09f60ae147e19801,2010,3,3. Gieo cấy lúa hè thu ở ĐBSCL,Provincial,Cultivation,Unknown,,Area_Planted,1975.0,1000_ha,Actual,PL1
52ae08775cea8478,2010,3,4. Gieo trồng màu lương thực(*),Provincial,Cultivation,Màu lương thực,,Area_Planted,5900.0,1000_ha,Actual,PL1
d84cfc771b7ff2ef,2010,3,- Khoai lang,Provincial,Cultivation,Khoai lang,,Area_Planted,835.0,1000_ha,Actual,PL1
d26cbd33a511dce3,2010,3,- Sắn,Provincial,Cultivation,Sắn,,Area_Planted,1412.0,1000_ha,Actual,PL1
3039a4f96b118c5b,2010,3,5. Gieo trồng cây công nghiệp ngắn ngày(*),Provincial,Cultivation,Cây công nghiệp ngắn ngày,,Area_Planted,4382.0,1000_ha,Actual,PL1
e694bd1bb281442e,2010,3,- Lạc,Provincial,Cultivation,Lạc,,Area_Planted,1655.0,1000_ha,Actual,PL1
774324363ad636b0,2010,3,- Mía (trồng mới),Provincial,Cultivation,Unknown,,Area_Planted,1339.0,1000_ha,Actual,PL1
758bb883dd5455c0,2010,3,- Thuốc lá,Provincial,Cultivation,Unknown,,Area_Planted,169.0,1000_ha,Actual,PL1
1e0bce4bb26fe4dc,2010,3,"6. Gieo trồng rau, đậu các loại(*)",Provincial,Cultivation,Rau đậu,,Area_Planted,4059.0,1000_ha,Actual,PL1
9e4ca74690a98bcb,2011,11,HOA KỲ,International,Trade,Cà phê,Nhập khẩu,Import_Volume,33669.0,ton,Actual,PL12
a6453607f2c1353a,2011,11,HOA KỲ,International,Trade,Cà phê,Nhập khẩu,Import_Value,74880.0,1000_USD,Actual,PL12
6a82a91f95d4d462,2011,11,ĐỨC,International,Trade,Cà phê,Nhập khẩu,Import_Volume,30077.0,ton,Actual,PL12
3c57f94f4ce1a511,2011,11,ĐỨC,International,Trade,Cà phê,Nhập khẩu,Import_Value,61661.0,1000_USD,Actual,PL12
744dbb791da9d121,2011,11,BỈ,International,Trade,Cà phê,Nhập khẩu,Import_Volume,29913.0,ton,Actual,PL12
613dcb7c849c094e,2011,11,BỈ,International,Trade,Cà phê,Nhập khẩu,Import_Value,57487.0,1000_USD,Actual,PL12
baa2d00add31f747,2011,11,ITALIA,International,Trade,Cà phê,Nhập khẩu,Import_Volume,27641.0,ton,Actual,PL12
32a7f1d816a50f4a,2011,11,ITALIA,International,Trade,Cà phê,Nhập khẩu,Import_Value,52282.0,1000_USD,Actual,PL12
79afbf78f86222ca,2011,11,TÂY BAN NHA,International,Trade,Cà phê,Nhập khẩu,Import_Volume,19130.0,ton,Actual,PL12
79f7d67b6d6d51c3,2011,11,TÂY BAN NHA,International,Trade,Cà phê,Nhập khẩu,Import_Value,37237.0,1000_USD,Actual,PL12
b65b72afe16882f6,2011,11,NHẬT BẢN,International,Trade,Cà phê,Nhập khẩu,Import_Volume,9043.0,ton,Actual,PL12
74cc3e6748312197,2011,11,NHẬT BẢN,International,Trade,Cà phê,Nhập khẩu,Import_Value,22288.0,1000_USD,Actual,PL12
b9e5c104d3a8fbe2,2011,11,HÀ LAN,International,Trade,Cà phê,Nhập khẩu,Import_Volume,10500.0,ton,Actual,PL12
7b440520695edbfd,2011,11,HÀ LAN,International,Trade,Cà phê,Nhập khẩu,Import_Value,20501.0,1000_USD,Actual,PL12
612a4bbf9cb2f9b2,2011,11,XINH GA PO,International,Trade,Cà phê,Nhập khẩu,Import_Volume,7906.0,ton,Actual,PL12
c170fcabde27a709,2011,11,XINH GA PO,International,Trade,Cà phê,Nhập khẩu,Import_Value,15460.0,1000_USD,Actual,PL12
ad036809bf45668e,2011,11,THỤY SỸ,International,Trade,Cà phê,Nhập khẩu,Import_Volume,7737.0,ton,Actual,PL12
d28c2280b690d7bb,2011,11,THỤY SỸ,International,Trade,Cà phê,Nhập khẩu,Import_Value,15404.0,1000_USD,Actual,PL12
e714b1ed30829c86,2011,11,ANH,International,Trade,Cà phê,Nhập khẩu,Import_Volume,6637.0,ton,Actual,PL12
41fade2aa9bc3c65,2011,11,ANH,International,Trade,Cà phê,Nhập khẩu,Import_Value,14292.0,1000_USD,Actual,PL12
98a58c766ca1afea,2011,11,TRUNG QUỐC,International,Trade,Cao su,Nhập khẩu,Import_Volume,75861.0,ton,Actual,PL12
44e378be8c1c2659,2011,11,TRUNG QUỐC,International,Trade,Cao su,Nhập khẩu,Import_Value,341035.0,1000_USD,Actual,PL12
f3843438f44c4410,2011,11,MALAIXIA,International,Trade,Cao su,Nhập khẩu,Import_Volume,6554.0,ton,Actual,PL12
4527643d6924f396,2011,11,MALAIXIA,International,Trade,Cao su,Nhập khẩu,Import_Value,30000.0,1000_USD,Actual,PL12
d57f019800888e0a,2011,11,ĐÀI LOAN,International,Trade,Cao su,Nhập khẩu,Import_Volume,5568.0,ton,Actual,PL12
b9885f71ae271e54,2011,11,ĐÀI LOAN,International,Trade,Cao su,Nhập khẩu,Import_Value,25865.0,1000_USD,Actual,PL12
20452730ae6585bc,2011,11,HÀN QUỐC,International,Trade,Cao su,Nhập khẩu,Import_Volume,5758.0,ton,Actual,PL12
fe2a07b9819c5ac2,2011,11,HÀN QUỐC,International,Trade,Cao su,Nhập khẩu,Import_Value,23268.0,1000_USD,Actual,PL12
a8e65acb0263b176,2011,11,HOA KỲ,International,Trade,Cao su,Nhập khẩu,Import_Volume,5565.0,ton,Actual,PL12
d58eef195f29152e,2011,11,HOA KỲ,International,Trade,Cao su,Nhập khẩu,Import_Value,20795.0,1000_USD,Actual,PL12
298ab163ca3cabfa,2011,11,ĐỨC,International,Trade,Cao su,Nhập khẩu,Import_Volume,3850.0,ton,Actual,PL12
a8b4f93c57bcb96a,2011,11,ĐỨC,International,Trade,Cao su,Nhập khẩu,Import_Value,18185.0,1000_USD,Actual,PL12
35f3e0135b85fc72,2011,11,THỔ NHĨ KỲ,International,Trade,Cao su,Nhập khẩu,Import_Volume,2272.0,ton,Actual,PL12
60d7c22e0fdb46de,2011,11,THỔ NHĨ KỲ,International,Trade,Cao su,Nhập khẩu,Import_Value,10911.0,1000_USD,Actual,PL12
cf19aa15035f1cca,2011,11,NHẬT BẢN,International,Trade,Cao su,Nhập khẩu,Import_Volume,2165.0,ton,Actual,PL12
f1b2ed3cf4f41ba6,2011,11,NHẬT BẢN,International,Trade,Cao su,Nhập khẩu,Import_Value,10767.0,1000_USD,Actual,PL12
3d29de919a33fc48,2011,11,NGA,International,Trade,Cao su,Nhập khẩu,Import_Volume,1836.0,ton,Actual,PL12
4f92302b4a3842db,2011,11,NGA,International,Trade,Cao su,Nhập khẩu,Import_Value,9502.0,1000_USD,Actual,PL12
3079ff3ebb75eeb0,2011,11,TÂY BAN NHA,International,Trade,Cao su,Nhập khẩu,Import_Volume,1698.0,ton,Actual,PL12
c5fd61c749e3167c,2011,11,TÂY BAN NHA,International,Trade,Cao su,Nhập khẩu,Import_Value,7918.0,1000_USD,Actual,PL12
280585a99838b7dd,2011,11,PAKIXTAN,International,Trade,Chè,Nhập khẩu,Import_Volume,3996.0,ton,Actual,PL12
a1e6d0aa1963139c,2011,11,PAKIXTAN,International,Trade,Chè,Nhập khẩu,Import_Value,6440.0,1000_USD,Actual,PL12
a43363859ba876a6,2011,11,NGA,International,Trade,Chè,Nhập khẩu,Import_Volume,2247.0,ton,Actual,PL12
1367725134c1ddf4,2011,11,NGA,International,Trade,Chè,Nhập khẩu,Import_Value,3473.0,1000_USD,Actual,PL12
ae0cd8858332a681,2011,11,ĐÀI LOAN,International,Trade,Chè,Nhập khẩu,Import_Volume,1843.0,ton,Actual,PL12
699a9b3a50159710,2011,11,ĐÀI LOAN,International,Trade,Chè,Nhập khẩu,Import_Value,2343.0,1000_USD,Actual,PL12
76d8ecce4042b175,2011,11,TRUNG QUỐC,International,Trade,Chè,Nhập khẩu,Import_Volume,1120.0,ton,Actual,PL12
ae9f7dd0ee04db84,2011,11,TRUNG QUỐC,International,Trade,Chè,Nhập khẩu,Import_Value,1359.0,1000_USD,Actual,PL12
0d116bacc43c1948,2011,11,IN ĐÔ NÊ XI A,International,Trade,Chè,Nhập khẩu,Import_Volume,750.0,ton,Actual,PL12
24cbbcae84936bd5,2011,11,IN ĐÔ NÊ XI A,International,Trade,Chè,Nhập khẩu,Import_Value,815.0,1000_USD,Actual,PL12
d73a5f137cbdcfd8,2011,11,HOA KỲ,International,Trade,Chè,Nhập khẩu,Import_Volume,606.0,ton,Actual,PL12
38e852b9f7e5fb11,2011,11,HOA KỲ,International,Trade,Chè,Nhập khẩu,Import_Value,661.0,1000_USD,Actual,PL12
52b75c09cbc1f256,2011,11,BA LAN,International,Trade,Chè,Nhập khẩu,Import_Volume,522.0,ton,Actual,PL12
73b45371dd96cb86,2011,11,BA LAN,International,Trade,Chè,Nhập khẩu,Import_Value,521.0,1000_USD,Actual,PL12
deacb6b69c663627,2011,11,ĐỨC,International,Trade,Chè,Nhập khẩu,Import_Volume,425.0,ton,Actual,PL12
c188e377fe6a1796,2011,11,ĐỨC,International,Trade,Chè,Nhập khẩu,Import_Value,520.0,1000_USD,Actual,PL12
cc59312d9def2beb,2011,11,ARẬP XÊÚT,International,Trade,Chè,Nhập khẩu,Import_Volume,211.0,ton,Actual,PL12
1ae5d9af07373d6f,2011,11,ARẬP XÊÚT,International,Trade,Chè,Nhập khẩu,Import_Value,425.0,1000_USD,Actual,PL12
21f7f32e9be923a7,2011,11,TVQ ARẬP THỐNG NHẤT,International,Trade,Chè,Nhập khẩu,Import_Volume,164.0,ton,Actual,PL12
4705d79b19d32e69,2011,11,TVQ ARẬP THỐNG NHẤT,International,Trade,Chè,Nhập khẩu,Import_Value,290.0,1000_USD,Actual,PL12
d81d4650f6898859,2011,11,IN ĐÔ NÊ XI A,International,Trade,Gạo,Nhập khẩu,Import_Volume,403925.0,ton,Actual,PL12
9820b2302c428df1,2011,11,IN ĐÔ NÊ XI A,International,Trade,Gạo,Nhập khẩu,Import_Value,205315.0,1000_USD,Actual,PL12
8470c55dd707a459,2011,11,MALAIXIA,International,Trade,Gạo,Nhập khẩu,Import_Volume,70619.0,ton,Actual,PL12
5298d8d5e08d7056,2011,11,MALAIXIA,International,Trade,Gạo,Nhập khẩu,Import_Value,33947.0,1000_USD,Actual,PL12
07a6405fbb2f6712,2011,11,CUBA,International,Trade,Gạo,Nhập khẩu,Import_Volume,47750.0,ton,Actual,PL12
28074771609da7aa,2011,11,CUBA,International,Trade,Gạo,Nhập khẩu,Import_Value,27904.0,1000_USD,Actual,PL12
c1d85e24744fd2b7,2011,11,XINH GA PO,International,Trade,Gạo,Nhập khẩu,Import_Volume,46432.0,ton,Actual,PL12
0948b90d55c8f101,2011,11,XINH GA PO,International,Trade,Gạo,Nhập khẩu,Import_Value,24314.0,1000_USD,Actual,PL12
37adca88784d0a69,2011,11,HỒNG CÔNG,International,Trade,Gạo,Nhập khẩu,Import_Volume,14300.0,ton,Actual,PL12
c8260b1ab57252c4,2011,11,HỒNG CÔNG,International,Trade,Gạo,Nhập khẩu,Import_Value,8968.0,1000_USD,Actual,PL12
1118adbba15088e6,2011,11,ĐÀI LOAN,International,Trade,Gạo,Nhập khẩu,Import_Volume,12109.0,ton,Actual,PL12
976677884add6ec7,2011,11,ĐÀI LOAN,International,Trade,Gạo,Nhập khẩu,Import_Value,6274.0,1000_USD,Actual,PL12
6519d13d7f257896,2011,11,TRUNG QUỐC,International,Trade,Gạo,Nhập khẩu,Import_Volume,9705.0,ton,Actual,PL12
dbfe42f4cc093663,2011,11,TRUNG QUỐC,International,Trade,Gạo,Nhập khẩu,Import_Value,6194.0,1000_USD,Actual,PL12
d184918a0dba2043,2011,11,ĐÔNG TIMO,International,Trade,Gạo,Nhập khẩu,Import_Volume,7630.0,ton,Actual,PL12
27f1dc3290cd9d92,2011,11,ĐÔNG TIMO,International,Trade,Gạo,Nhập khẩu,Import_Value,3769.0,1000_USD,Actual,PL12
75dba153ccef2313,2011,11,NAM PHI,International,Trade,Gạo,Nhập khẩu,Import_Volume,3050.0,ton,Actual,PL12
5b4ebc9f0dd6b487,2011,11,NAM PHI,International,Trade,Gạo,Nhập khẩu,Import_Value,1568.0,1000_USD,Actual,PL12
ed5862d7255e0f70,2011,11,B RU NÂY,International,Trade,Gạo,Nhập khẩu,Import_Volume,2230.0,ton,Actual,PL12
47c01295fa572345,2011,11,B RU NÂY,International,Trade,Gạo,Nhập khẩu,Import_Value,1346.0,1000_USD,Actual,PL12
4c4f6749384f6b4a,2011,11,HOA KỲ,International,Trade,Gỗ & sản phẩm gỗ,Nhập khẩu,Import_Value,164673.0,1000_USD,Actual,PL12
3dfba881dfe6badb,2011,11,NHẬT BẢN,International,Trade,Gỗ & sản phẩm gỗ,Nhập khẩu,Import_Value,74794.0,1000_USD,Actual,PL12
af3f4d50389a199a,2011,11,TRUNG QUỐC,International,Trade,Gỗ & sản phẩm gỗ,Nhập khẩu,Import_Value,54318.0,1000_USD,Actual,PL12
e8e227db4093ab20,2011,11,ANH,International,Trade,Gỗ & sản phẩm gỗ,Nhập khẩu,Import_Value,29606.0,1000_USD,Actual,PL12
840954b4d9ed649a,2011,11,HÀN QUỐC,International,Trade,Gỗ & sản phẩm gỗ,Nhập khẩu,Import_Value,25542.0,1000_USD,Actual,PL12
eedd7e532157ce1e,2011,3,Cả nước,National,Investment,Bông các loại,,Investment_Amount,56664.0,million_VND,Plan,PL13
388d79475c027ca2,2011,3,Cả nước,National,Investment,Bông các loại,,Investment_Amount,188498.0,million_VND,Cumulative,PL13
462c5ef319e6d1c9,2011,3,Cả nước,National,Investment,HOA KỲ,,Investment_Amount,14694.0,million_VND,Plan,PL13
b752ad6c0f6044c4,2011,3,Cả nước,National,Investment,HOA KỲ,,Investment_Amount,110714.0,million_VND,Cumulative,PL13
1eb0d4ca9a1b1542,2011,3,Cả nước,National,Investment,ẤN ĐỘ,,Investment_Amount,16671.0,million_VND,Plan,PL13
069dcd4c6b829188,2011,3,Cả nước,National,Investment,ẤN ĐỘ,,Investment_Amount,40909.0,million_VND,Cumulative,PL13
558cbc321f45f132,2011,3,Cả nước,National,Investment,BRAXIN,,Investment_Amount,2404.0,million_VND,Plan,PL13
600432221a52877f,2011,3,Cả nước,National,Investment,BRAXIN,,Investment_Amount,4667.0,million_VND,Cumulative,PL13
798a0a82e18bece4,2011,3,Cả nước,National,Investment,TRUNG QUỐC,,Investment_Amount,53.0,million_VND,Plan,PL13
fc3ba1a8386c582b,2011,3,Cả nước,National,Investment,TRUNG QUỐC,,Investment_Amount,410.0,million_VND,Cumulative,PL13
234d8f5a225c9f34,2011,3,Cả nước,National,Investment,HÀN QUỐC,,Investment_Amount,24.0,million_VND,Plan,PL13
d3038668e767857d,2011,3,Cả nước,National,Investment,HÀN QUỐC,,Investment_Amount,316.0,million_VND,Cumulative,PL13
ad77bccc0159673e,2011,3,Cả nước,National,Investment,ĐÀI LOAN,,Investment_Amount,23.0,million_VND,Plan,PL13
c3edf5c4d75c8e79,2011,3,Cả nước,National,Investment,ĐÀI LOAN,,Investment_Amount,152.0,million_VND,Cumulative,PL13
b185a9bb2ce18a85,2011,3,Cả nước,National,Investment,ITALIA,,Investment_Amount,122.0,million_VND,Plan,PL13
664ed179fccc2213,2011,3,Cả nước,National,Investment,ITALIA,,Investment_Amount,101.0,million_VND,Cumulative,PL13
a341545b9b950489,2011,3,Cả nước,National,Investment,IN ĐÔ NÊ XI A,,Investment_Amount,105.0,million_VND,Plan,PL13
0e9a542b5c41dde3,2011,3,Cả nước,National,Investment,IN ĐÔ NÊ XI A,,Investment_Amount,89.0,million_VND,Cumulative,PL13
4081210b2a1a4379,2011,3,Cả nước,National,Investment,Cao su,,Investment_Amount,46404.0,million_VND,Plan,PL13
04a4d4e45e1ef87a,2011,3,Cả nước,National,Investment,Cao su,,Investment_Amount,127455.0,million_VND,Cumulative,PL13
40401e7a0fe91aed,2011,3,Cả nước,National,Investment,CAMPUCHIA,,Investment_Amount,6230.0,million_VND,Plan,PL13
1612e3dbe0b5281f,2011,3,Cả nước,National,Investment,CAMPUCHIA,,Investment_Amount,31658.0,million_VND,Cumulative,PL13
234d8f5a225c9f34,2011,3,Cả nước,National,Investment,HÀN QUỐC,,Investment_Amount,8237.0,million_VND,Plan,PL13
d3038668e767857d,2011,3,Cả nước,National,Investment,HÀN QUỐC,,Investment_Amount,22328.0,million_VND,Cumulative,PL13
b31a1f6e0afe50d7,2011,3,Cả nước,National,Investment,THÁI LAN,,Investment_Amount,8423.0,million_VND,Plan,PL13
03a0cf95e4ae42d8,2011,3,Cả nước,National,Investment,THÁI LAN,,Investment_Amount,19242.0,million_VND,Cumulative,PL13
5e225af7cf408641,2011,3,Cả nước,National,Investment,NHẬT BẢN,,Investment_Amount,3607.0,million_VND,Plan,PL13
2d43bf00bf7ff396,2011,3,Cả nước,National,Investment,NHẬT BẢN,,Investment_Amount,13484.0,million_VND,Cumulative,PL13
ad77bccc0159673e,2011,3,Cả nước,National,Investment,ĐÀI LOAN,,Investment_Amount,3020.0,million_VND,Plan,PL13
c3edf5c4d75c8e79,2011,3,Cả nước,National,Investment,ĐÀI LOAN,,Investment_Amount,11838.0,million_VND,Cumulative,PL13
798a0a82e18bece4,2011,3,Cả nước,National,Investment,TRUNG QUỐC,,Investment_Amount,1676.0,million_VND,Plan,PL13
fc3ba1a8386c582b,2011,3,Cả nước,National,Investment,TRUNG QUỐC,,Investment_Amount,5291.0,million_VND,Cumulative,PL13
462c5ef319e6d1c9,2011,3,Cả nước,National,Investment,HOA KỲ,,Investment_Amount,3743.0,million_VND,Plan,PL13
b752ad6c0f6044c4,2011,3,Cả nước,National,Investment,HOA KỲ,,Investment_Amount,4593.0,million_VND,Cumulative,PL13
905e7b855e4e1ea9,2011,3,Cả nước,National,Investment,NGA,,Investment_Amount,1582.0,million_VND,Plan,PL13
d9b10e34935dda30,2011,3,Cả nước,National,Investment,NGA,,Investment_Amount,3756.0,million_VND,Cumulative,PL13
8c1523a2171edde7,2011,3,Cả nước,National,Investment,PHÁP,,Investment_Amount,372.0,million_VND,Plan,PL13
3d2ff4b781c263b2,2011,3,Cả nước,National,Investment,PHÁP,,Investment_Amount,2330.0,million_VND,Cumulative,PL13
664ed179fccc2213,2011,3,Cả nước,National,Investment,ITALIA,,Investment_Amount,1459.0,million_VND,Cumulative,PL13
4147fe8fdfc7186b,2011,3,Cả nước,National,Investment,Dầu mỡ động thực vật,,Investment_Amount,120297.0,million_VND,Cumulative,PL13
279c5a0cb39ff55a,2011,3,Cả nước,National,Investment,MALAIXIA,,Investment_Amount,50742.0,million_VND,Cumulative,PL13
0e9a542b5c41dde3,2011,3,Cả nước,National,Investment,IN ĐÔ NÊ XI A,,Investment_Amount,34294.0,million_VND,Cumulative,PL13
caf590220745d2ce,2011,3,Cả nước,National,Investment,ACHENTINA,,Investment_Amount,27426.0,million_VND,Cumulative,PL13
4c5bb0a9ea063843,2011,3,Cả nước,National,Investment,CHI LÊ,,Investment_Amount,1832.0,million_VND,Cumulative,PL13
b752ad6c0f6044c4,2011,3,Cả nước,National,Investment,HOA KỲ,,Investment_Amount,912.0,million_VND,Cumulative,PL13
03a0cf95e4ae42d8,2011,3,Cả nước,National,Investment,THÁI LAN,,Investment_Amount,868.0,million_VND,Cumulative,PL13
d3038668e767857d,2011,3,Cả nước,National,Investment,HÀN QUỐC,,Investment_Amount,504.0,million_VND,Cumulative,PL13
fc3ba1a8386c582b,2011,3,Cả nước,National,Investment,TRUNG QUỐC,,Investment_Amount,434.0,million_VND,Cumulative,PL13
069dcd4c6b829188,2011,3,Cả nước,National,Investment,ẤN ĐỘ,,Investment_Amount,422.0,million_VND,Cumulative,PL13
6bf909a492095480,2011,3,Cả nước,National,Investment,XINH GA PO,,Investment_Amount,350.0,million_VND,Cumulative,PL13
fd230d8be4923902,2011,3,Cả nước,National,Investment,Lúa mì,,Investment_Amount,243250.0,million_VND,Plan,PL13
0e08b8427c50cfa4,2011,3,Cả nước,National,Investment,Lúa mì,,Investment_Amount,100222.0,million_VND,Cumulative,PL13
d6af8ee2e21067ad,2011,3,Cả nước,National,Investment,Ô X TRÂY LIA,,Investment_Amount,148436.0,million_VND,Plan,PL13
9c57a528945e340b,2011,3,Cả nước,National,Investment,Ô X TRÂY LIA,,Investment_Amount,96576.0,million_VND,Cumulative,PL13
462c5ef319e6d1c9,2011,3,Cả nước,National,Investment,HOA KỲ,,Investment_Amount,6404.0,million_VND,Plan,PL13
b752ad6c0f6044c4,2011,3,Cả nước,National,Investment,HOA KỲ,,Investment_Amount,3352.0,million_VND,Cumulative,PL13
a04b45f397da0a57,2011,3,Cả nước,National,Investment,Gỗ & sản phẩm gỗ,,Investment_Amount,135968.0,million_VND,Cumulative,PL13
ef7940a6d461d9f8,2011,3,Cả nước,National,Investment,LÀO,,Investment_Amount,26177.0,million_VND,Cumulative,PL13
fc3ba1a8386c582b,2011,3,Cả nước,National,Investment,TRUNG QUỐC,,Investment_Amount,16080.0,million_VND,Cumulative,PL13
b752ad6c0f6044c4,2011,3,Cả nước,National,Investment,HOA KỲ,,Investment_Amount,15217.0,million_VND,Cumulative,PL13
279c5a0cb39ff55a,2011,3,Cả nước,National,Investment,MALAIXIA,,Investment_Amount,13198.0,million_VND,Cumulative,PL13
03a0cf95e4ae42d8,2011,3,Cả nước,National,Investment,THÁI LAN,,Investment_Amount,8318.0,million_VND,Cumulative,PL13
2834ce33d9dc98a0,2011,3,Cả nước,National,Investment,NIU ZI LÂN,,Investment_Amount,6511.0,million_VND,Cumulative,PL13
600432221a52877f,2011,3,Cả nước,National,Investment,BRAXIN,,Investment_Amount,3969.0,million_VND,Cumulative,PL13
1612e3dbe0b5281f,2011,3,Cả nước,National,Investment,CAMPUCHIA,,Investment_Amount,3950.0,million_VND,Cumulative,PL13
16361932cb61d19b,2011,3,Cả nước,National,Investment,MI AN MA,,Investment_Amount,3910.0,million_VND,Cumulative,PL13
0e9a542b5c41dde3,2011,3,Cả nước,National,Investment,IN ĐÔ NÊ XI A,,Investment_Amount,2663.0,million_VND,Cumulative,PL13
03c57897b2c62303,2011,3,Cả nước,National,Investment,Phân bón các loại,,Investment_Amount,747629.0,million_VND,Plan,PL13
e2c479d0a0919f49,2011,3,Cả nước,National,Investment,Phân bón các loại,,Investment_Amount,146836.0,million_VND,Cumulative,PL13
798a0a82e18bece4,2011,3,Cả nước,National,Investment,TRUNG QUỐC,,Investment_Amount,257547.0,million_VND,Plan,PL13
fc3ba1a8386c582b,2011,3,Cả nước,National,Investment,TRUNG QUỐC,,Investment_Amount,67371.0,million_VND,Cumulative,PL13
2216f2e4c500b528,2011,3,Cả nước,National,Investment,CA NA ĐA,,Investment_Amount,17390.0,million_VND,Plan,PL13
488e96d6cba95dc1,2011,3,Cả nước,National,Investment,CA NA ĐA,,Investment_Amount,18842.0,million_VND,Cumulative,PL13
3f62b110f688b57a,2011,3,Cả nước,National,Investment,PHI LIP PIN,,Investment_Amount,53735.0,million_VND,Plan,PL13
5d196f71a13235df,2011,3,Cả nước,National,Investment,PHI LIP PIN,,Investment_Amount,10759.0,million_VND,Cumulative,PL13
cfbe2559a62cbf1b,2011,3,Miền Bắc,Provincial,Cultivation,Lúa,,Area_Planted,1094767.0,ha,Actual,PL2
cfbe2559a62cbf1b,2011,3,Miền Bắc,Provincial,Cultivation,Lúa,,Area_Planted,437510.0,ha,Actual,PL2
271f61165b6e11ee,2011,3,Miền Bắc,Provincial,Cultivation,Ngô,,Area_Planted,289652.0,ha,Actual,PL2
2d6efb0aab52a2b7,2011,3,Miền Bắc,Provincial,Cultivation,Khoai lang,,Area_Planted,69615.0,ha,Actual,PL2
26b0ae8f2f3f9116,2011,3,Miền Bắc,Provincial,Cultivation,Sắn,,Area_Planted,75959.0,ha,Actual,PL2
cfbe2559a62cbf1b,2011,3,Miền Bắc,Provincial,Cultivation,Lúa,,Area_Planted,2284.0,ha,Actual,PL2
a9ce6979b1354644,2011,3,ĐB sông Hồng,Provincial,Cultivation,Lúa,,Area_Planted,554032.0,ha,Actual,PL2
a9ce6979b1354644,2011,3,ĐB sông Hồng,Provincial,Cultivation,Lúa,,Area_Planted,104978.0,ha,Actual,PL2
9a0f19b28a4faada,2011,3,ĐB sông Hồng,Provincial,Cultivation,Ngô,,Area_Planted,80936.0,ha,Actual,PL2
0784fa757e697c75,2011,3,ĐB sông Hồng,Provincial,Cultivation,Khoai lang,,Area_Planted,20416.0,ha,Actual,PL2
35d34ecbb39bfd60,2011,3,ĐB sông Hồng,Provincial,Cultivation,Sắn,,Area_Planted,2968.0,ha,Actual,PL2
a9ce6979b1354644,2011,3,ĐB sông Hồng,Provincial,Cultivation,Lúa,,Area_Planted,657.0,ha,Actual,PL2
f99c6134f781ce50,2011,3,Hà Nội,Provincial,Cultivation,Lúa,,Area_Planted,100387.0,ha,Actual,PL2
f99c6134f781ce50,2011,3,Hà Nội,Provincial,Cultivation,Lúa,,Area_Planted,26383.0,ha,Actual,PL2
94214f8933a2a440,2011,3,Hà Nội,Provincial,Cultivation,Ngô,,Area_Planted,20368.0,ha,Actual,PL2
2b269a0eae0c2695,2011,3,Hà Nội,Provincial,Cultivation,Khoai lang,,Area_Planted,4868.0,ha,Actual,PL2
295109e7bbaa6edb,2011,3,Hà Nội,Provincial,Cultivation,Sắn,,Area_Planted,690.0,ha,Actual,PL2
f99c6134f781ce50,2011,3,Hà Nội,Provincial,Cultivation,Lúa,,Area_Planted,457.0,ha,Actual,PL2
54215d493077e47d,2011,3,Hải Phòng,Provincial,Cultivation,Lúa,,Area_Planted,38000.0,ha,Actual,PL2
54215d493077e47d,2011,3,Hải Phòng,Provincial,Cultivation,Lúa,,Area_Planted,3263.0,ha,Actual,PL2
c59388e65d593cf5,2011,3,Hải Phòng,Provincial,Cultivation,Ngô,,Area_Planted,2151.0,ha,Actual,PL2
be8c593f6c321623,2011,3,Hải Phòng,Provincial,Cultivation,Khoai lang,,Area_Planted,1112.0,ha,Actual,PL2
9ee8ffa26a87c1c9,2011,3,Vĩnh Phúc,Provincial,Cultivation,Lúa,,Area_Planted,31260.0,ha,Actual,PL2
9ee8ffa26a87c1c9,2011,3,Vĩnh Phúc,Provincial,Cultivation,Lúa,,Area_Planted,19145.0,ha,Actual,PL2
938ef310ef29f5d2,2011,3,Vĩnh Phúc,Provincial,Cultivation,Ngô,,Area_Planted,15087.0,ha,Actual,PL2
6cf16ab52cb5f70b,2011,3,Vĩnh Phúc,Provincial,Cultivation,Khoai lang,,Area_Planted,2438.0,ha,Actual,PL2
fb94b887c2f2d4f6,2011,3,Vĩnh Phúc,Provincial,Cultivation,Sắn,,Area_Planted,1420.0,ha,Actual,PL2
9ee8ffa26a87c1c9,2011,3,Vĩnh Phúc,Provincial,Cultivation,Lúa,,Area_Planted,200.0,ha,Actual,PL2
83fb48064f2e0a73,2011,3,Bắc Ninh,Provincial,Cultivation,Lúa,,Area_Planted,35929.0,ha,Actual,PL2
83fb48064f2e0a73,2011,3,Bắc Ninh,Provincial,Cultivation,Lúa,,Area_Planted,4937.0,ha,Actual,PL2
97c47b4d2b7f2782,2011,3,Bắc Ninh,Provincial,Cultivation,Ngô,,Area_Planted,4132.0,ha,Actual,PL2
15bdeaae640be413,2011,3,Bắc Ninh,Provincial,Cultivation,Khoai lang,,Area_Planted,805.0,ha,Actual,PL2
67306b94a4f62bfa,2011,3,Hải Dương,Provincial,Cultivation,Lúa,,Area_Planted,60077.0,ha,Actual,PL2
67306b94a4f62bfa,2011,3,Hải Dương,Provincial,Cultivation,Lúa,,Area_Planted,2540.0,ha,Actual,PL2
ebc14c705c49ef0b,2011,3,Hải Dương,Provincial,Cultivation,Ngô,,Area_Planted,2540.0,ha,Actual,PL2
269cbe259357b8ad,2011,3,Hưng Yên,Provincial,Cultivation,Lúa,,Area_Planted,40305.0,ha,Actual,PL2
269cbe259357b8ad,2011,3,Hưng Yên,Provincial,Cultivation,Lúa,,Area_Planted,8624.0,ha,Actual,PL2
b3da41fd915af475,2011,3,Hưng Yên,Provincial,Cultivation,Ngô,,Area_Planted,7624.0,ha,Actual,PL2
170066ccf97e9c33,2011,3,Hưng Yên,Provincial,Cultivation,Khoai lang,,Area_Planted,1000.0,ha,Actual,PL2
275ef2a88383071a,2011,3,Hà Nam,Provincial,Cultivation,Lúa,,Area_Planted,33133.0,ha,Actual,PL2
275ef2a88383071a,2011,3,Hà Nam,Provincial,Cultivation,Lúa,,Area_Planted,7664.0,ha,Actual,PL2
0353c1ea5532b80c,2011,3,Hà Nam,Provincial,Cultivation,Ngô,,Area_Planted,72673119.0,ha,Actual,PL2
e14a88a7aab4c8e9,2011,3,Hà Nam,Provincial,Cultivation,Khoai lang,,Area_Planted,396.0,ha,Actual,PL2
050be567ce4a9bc5,2011,3,Nam Định,Provincial,Cultivation,Lúa,,Area_Planted,77800.0,ha,Actual,PL2
050be567ce4a9bc5,2011,3,Nam Định,Provincial,Cultivation,Lúa,,Area_Planted,4652.0,ha,Actual,PL2
08188568315fbf5a,2011,3,Nam Định,Provincial,Cultivation,Ngô,,Area_Planted,4652.0,ha,Actual,PL2
92ce057ceb5b809e,2011,3,Nam Định,Provincial,Cultivation,Khoai lang,,Area_Planted,1533.0,ha,Actual,PL2
6c9dc88e472c2b96,2011,3,Thái Bình,Provincial,Cultivation,Lúa,,Area_Planted,82739.0,ha,Actual,PL2
6c9dc88e472c2b96,2011,3,Thái Bình,Provincial,Cultivation,Lúa,,Area_Planted,12360.0,ha,Actual,PL2
fefa587a23431124,2011,3,Thái Bình,Provincial,Cultivation,Ngô,,Area_Planted,9380.0,ha,Actual,PL2
e934c4c6780a2a84,2011,3,Thái Bình,Provincial,Cultivation,Khoai lang,,Area_Planted,2980.0,ha,Actual,PL2
4070f1e2a91008e8,2011,3,Ninh Bình,Provincial,Cultivation,Lúa,,Area_Planted,41012.0,ha,Actual,PL2
4070f1e2a91008e8,2011,3,Ninh Bình,Provincial,Cultivation,Lúa,,Area_Planted,9282.0,ha,Actual,PL2
c421dbd10ff3ea1a,2011,3,Ninh Bình,Provincial,Cultivation,Ngô,,Area_Planted,5629.0,ha,Actual,PL2
8e0328cb33d9ad41,2011,3,Ninh Bình,Provincial,Cultivation,Khoai lang,,Area_Planted,2795.0,ha,Actual,PL2
c3bc564ec00a35dc,2011,3,Ninh Bình,Provincial,Cultivation,Sắn,,Area_Planted,858.0,ha,Actual,PL2
addfe3216a33bfd1,2011,3,Quảng Ninh,Provincial,Cultivation,Lúa,,Area_Planted,13390.0,ha,Actual,PL2
addfe3216a33bfd1,2011,3,Quảng Ninh,Provincial,Cultivation,Lúa,,Area_Planted,6128.0,ha,Actual,PL2
c8334c57009f2c9b,2011,3,Quảng Ninh,Provincial,Cultivation,Ngô,,Area_Planted,3639.0,ha,Actual,PL2
e75e7cd25cb4a8f1,2011,3,Quảng Ninh,Provincial,Cultivation,Khoai lang,,Area_Planted,2489.0,ha,Actual,PL2
6b761938f4c5213a,2011,3,TD và MN phía Bắc,Provincial,Cultivation,Lúa,,Area_Planted,200519.0,ha,Actual,PL2
6b761938f4c5213a,2011,3,TD và MN phía Bắc,Provincial,Cultivation,Lúa,,Area_Planted,179682.0,ha,Actual,PL2
d94d3ab28e66c3c7,2011,3,TD và MN phía Bắc,Provincial,Cultivation,Ngô,,Area_Planted,115958.0,ha,Actual,PL2
7e700e63b69118a7,2011,3,TD và MN phía Bắc,Provincial,Cultivation,Khoai lang,,Area_Planted,21595.0,ha,Actual,PL2
afecca8723cb2e2d,2011,3,TD và MN phía Bắc,Provincial,Cultivation,Sắn,,Area_Planted,40852.0,ha,Actual,PL2
6b761938f4c5213a,2011,3,TD và MN phía Bắc,Provincial,Cultivation,Lúa,,Area_Planted,1277.0,ha,Actual,PL2
e52dd388c50328ad,2011,3,Hà Giang,Provincial,Cultivation,Lúa,,Area_Planted,7913.0,ha,Actual,PL2
e52dd388c50328ad,2011,3,Hà Giang,Provincial,Cultivation,Lúa,,Area_Planted,19413.0,ha,Actual,PL2
3c6ec490816a14e1,2011,3,Hà Giang,Provincial,Cultivation,Ngô,,Area_Planted,19413.0,ha,Actual,PL2
41c06811815a9da4,2011,3,Cao Bằng,Provincial,Cultivation,Lúa,,Area_Planted,3540.0,ha,Actual,PL2
c2f16edd3377a9fb,2011,3,Cao Bằng,Provincial,Cultivation,Ngô,,Area_Planted,3468.0,ha,Actual,PL2
953c81b302449832,2011,3,Cao Bằng,Provincial,Cultivation,Khoai lang,,Area_Planted,72.0,ha,Actual,PL2
c4c76676a8478aff,2011,3,Lào Cai,Provincial,Cultivation,Lúa,,Area_Planted,3801.0,ha,Actual,PL2
c4c76676a8478aff,2011,3,Lào Cai,Provincial,Cultivation,Lúa,,Area_Planted,5429.0,ha,Actual,PL2
870e0d4521c61b3d,2011,3,Lào Cai,Provincial,Cultivation,Ngô,,Area_Planted,5253.0,ha,Actual,PL2
d8e27ecc4632b3f3,2011,3,Lào Cai,Provincial,Cultivation,Khoai lang,,Area_Planted,176.0,ha,Actual,PL2
4b61755848740184,2011,3,Bắc Cạn,Provincial,Cultivation,Lúa,,Area_Planted,1679.0,ha,Actual,PL2
4b61755848740184,2011,3,Bắc Cạn,Provincial,Cultivation,Lúa,,Area_Planted,3891.0,ha,Actual,PL2
7eef8e425ca2a698,2011,3,Bắc Cạn,Provincial,Cultivation,Ngô,,Area_Planted,3618.0,ha,Actual,PL2
ef8679800a654017,2011,3,Bắc Cạn,Provincial,Cultivation,Khoai lang,,Area_Planted,42.0,ha,Actual,PL2
65d5657e471431f6,2011,3,Bắc Cạn,Provincial,Cultivation,Sắn,,Area_Planted,118.0,ha,Actual,PL2
4b61755848740184,2011,3,Bắc Cạn,Provincial,Cultivation,Lúa,,Area_Planted,113.0,ha,Actual,PL2
02d6f8d738f7906d,2011,3,Lạng Sơn,Provincial,Cultivation,Lúa,,Area_Planted,2500.0,ha,Actual,PL2
02d6f8d738f7906d,2011,3,Lạng Sơn,Provincial,Cultivation,Lúa,,Area_Planted,5255.0,ha,Actual,PL2
10a5fa26dad73a25,2011,3,Lạng Sơn,Provincial,Cultivation,Ngô,,Area_Planted,4805.0,ha,Actual,PL2
5b88b6fbcd1ae4e9,2011,3,Lạng Sơn,Provincial,Cultivation,Khoai lang,,Area_Planted,400.0,ha,Actual,PL2
02d6f8d738f7906d,2011,3,Lạng Sơn,Provincial,Cultivation,Lúa,,Area_Planted,50.0,ha,Actual,PL2
87ffeac14bb4fb05,2011,3,Tuyên Quang,Provincial,Cultivation,Lúa,,Area_Planted,19562.0,ha,Actual,PL2
87ffeac14bb4fb05,2011,3,Tuyên Quang,Provincial,Cultivation,Lúa,,Area_Planted,9284.0,ha,Actual,PL2
312ead7f79e1908c,2011,3,Tuyên Quang,Provincial,Cultivation,Ngô,,Area_Planted,6447.0,ha,Actual,PL2
67afce9018040ea6,2011,3,Tuyên Quang,Provincial,Cultivation,Khoai lang,,Area_Planted,2837.0,ha,Actual,PL2
306a0cc51c67ba60,2011,3,Yên Bái,Provincial,Cultivation,Lúa,,Area_Planted,17260.0,ha,Actual,PL2
306a0cc51c67ba60,2011,3,Yên Bái,Provincial,Cultivation,Lúa,,Area_Planted,18918.0,ha,Actual,PL2
c7b378a36ddfc4a6,2011,3,Yên Bái,Provincial,Cultivation,Ngô,,Area_Planted,11818.0,ha,Actual,PL2
0ac7710262921a1d,2011,3,Yên Bái,Provincial,Cultivation,Khoai lang,,Area_Planted,1580.0,ha,Actual,PL2
4ba47435cc95fd92,2011,3,Yên Bái,Provincial,Cultivation,Sắn,,Area_Planted,5520.0,ha,Actual,PL2
19995bea80f83456,2011,3,Thái Nguyên,Provincial,Cultivation,Lúa,,Area_Planted,27930.0,ha,Actual,PL2
19995bea80f83456,2011,3,Thái Nguyên,Provincial,Cultivation,Lúa,,Area_Planted,16945.0,ha,Actual,PL2
3023fd7890e93315,2011,3,Thái Nguyên,Provincial,Cultivation,Ngô,,Area_Planted,11796.0,ha,Actual,PL2
69f338110ffec5d0,2011,3,Thái Nguyên,Provincial,Cultivation,Khoai lang,,Area_Planted,4207.0,ha,Actual,PL2
24deb4bc196923e3,2011,3,Thái Nguyên,Provincial,Cultivation,Sắn,,Area_Planted,942.0,ha,Actual,PL2
929a4f1c81a1fd50,2011,3,Phú Thọ,Provincial,Cultivation,Lúa,,Area_Planted,35897.0,ha,Actual,PL2
929a4f1c81a1fd50,2011,3,Phú Thọ,Provincial,Cultivation,Lúa,,Area_Planted,27527.0,ha,Actual,PL2
d4180c78a08e36c6,2011,3,Phú Thọ,Provincial,Cultivation,Ngô,,Area_Planted,17911.0,ha,Actual,PL2
04e993f977d53616,2011,3,Phú Thọ,Provincial,Cultivation,Khoai lang,,Area_Planted,1827.0,ha,Actual,PL2
734e52e16803c229,2011,3,Phú Thọ,Provincial,Cultivation,Sắn,,Area_Planted,7589.0,ha,Actual,PL2
929a4f1c81a1fd50,2011,3,Phú Thọ,Provincial,Cultivation,Lúa,,Area_Planted,200.0,ha,Actual,PL2
14e1adfeba06aa0b,2011,3,Bắc Giang,Provincial,Cultivation,Lúa,,Area_Planted,48445.0,ha,Actual,PL2
14e1adfeba06aa0b,2011,3,Bắc Giang,Provincial,Cultivation,Lúa,,Area_Planted,14780.0,ha,Actual,PL2
a8b23cb8b8321f6f,2011,3,Bắc Giang,Provincial,Cultivation,Ngô,,Area_Planted,7856.0,ha,Actual,PL2
1ae9493050506371,2011,3,Bắc Giang,Provincial,Cultivation,Khoai lang,,Area_Planted,6924.0,ha,Actual,PL2
3e2e7725ecdbece0,2011,3,Lai Châu,Provincial,Cultivation,Lúa,,Area_Planted,4428.0,ha,Actual,PL2
3e2e7725ecdbece0,2011,3,Lai Châu,Provincial,Cultivation,Lúa,,Area_Planted,736.0,ha,Actual,PL2
2e38441c8c1c632c,2011,3,Lai Châu,Provincial,Cultivation,Ngô,,Area_Planted,736.0,ha,Actual,PL2
1aa9ac1893e0a2d2,2011,3,Điện Biên,Provincial,Cultivation,Lúa,,Area_Planted,7897.0,ha,Actual,PL2
1aa9ac1893e0a2d2,2011,3,Điện Biên,Provincial,Cultivation,Lúa,,Area_Planted,1013.0,ha,Actual,PL2
4f537c50b34e0253,2011,3,Điện Biên,Provincial,Cultivation,Ngô,,Area_Planted,93.0,ha,Actual,PL2
765c6eb903559882,2011,3,Điện Biên,Provincial,Cultivation,Sắn,,Area_Planted,920.0,ha,Actual,PL2
4566c6ff6075b3a6,2011,3,Sơn La,Provincial,Cultivation,Lúa,,Area_Planted,8706.0,ha,Actual,PL2
4566c6ff6075b3a6,2011,3,Sơn La,Provincial,Cultivation,Lúa,,Area_Planted,23943.0,ha,Actual,PL2
574ed95f1edfe1e6,2011,3,Sơn La,Provincial,Cultivation,Ngô,,Area_Planted,5180.0,ha,Actual,PL2
be6f477da1655f0b,2011,3,Sơn La,Provincial,Cultivation,Sắn,,Area_Planted,18763.0,ha,Actual,PL2
a81cc83d90e608dc,2011,3,Hoà Bình,Provincial,Cultivation,Lúa,,Area_Planted,14501.0,ha,Actual,PL2
a81cc83d90e608dc,2011,3,Hoà Bình,Provincial,Cultivation,Lúa,,Area_Planted,29008.0,ha,Actual,PL2
2cb23ef6fb10677a,2011,3,Hoà Bình,Provincial,Cultivation,Ngô,,Area_Planted,17564.0,ha,Actual,PL2
3dc432b0021977b5,2011,3,Hoà Bình,Provincial,Cultivation,Khoai lang,,Area_Planted,3530.0,ha,Actual,PL2
203200de3be5514e,2011,3,Hoà Bình,Provincial,Cultivation,Sắn,,Area_Planted,7000.0,ha,Actual,PL2
a81cc83d90e608dc,2011,3,Hoà Bình,Provincial,Cultivation,Lúa,,Area_Planted,914.0,ha,Actual,PL2
6ec9a4da60868c6a,2011,3,Bắc Trung Bộ,Provincial,Cultivation,Lúa,,Area_Planted,340216.0,ha,Actual,PL2
6ec9a4da60868c6a,2011,3,Bắc Trung Bộ,Provincial,Cultivation,Lúa,,Area_Planted,152850.0,ha,Actual,PL2
577ae6f3c547a14f,2011,3,Bắc Trung Bộ,Provincial,Cultivation,Ngô,,Area_Planted,92758.0,ha,Actual,PL2
c7d3def05e84156d,2011,3,Bắc Trung Bộ,Provincial,Cultivation,Khoai lang,,Area_Planted,27603.0,ha,Actual,PL2
6b2eb8c4ae129c23,2011,3,Bắc Trung Bộ,Provincial,Cultivation,Sắn,,Area_Planted,32139.0,ha,Actual,PL2
6ec9a4da60868c6a,2011,3,Bắc Trung Bộ,Provincial,Cultivation,Lúa,,Area_Planted,350.0,ha,Actual,PL2
2cb1f05df139f8a7,2011,3,Thanh Hoá,Provincial,Cultivation,Lúa,,Area_Planted,120705.0,ha,Actual,PL2
2cb1f05df139f8a7,2011,3,Thanh Hoá,Provincial,Cultivation,Lúa,,Area_Planted,59430.0,ha,Actual,PL2
5e2303a24159b0a7,2011,3,Thanh Hoá,Provincial,Cultivation,Ngô,,Area_Planted,33501.0,ha,Actual,PL2
b275baab6677d614,2011,3,Thanh Hoá,Provincial,Cultivation,Khoai lang,,Area_Planted,9429.0,ha,Actual,PL2
c091960a7f90cc16,2011,3,Thanh Hoá,Provincial,Cultivation,Sắn,,Area_Planted,16500.0,ha,Actual,PL2
9be768e3f3d98f32,2011,3,Nghệ An,Provincial,Cultivation,Lúa,,Area_Planted,87500.0,ha,Actual,PL2
9be768e3f3d98f32,2011,3,Nghệ An,Provincial,Cultivation,Lúa,,Area_Planted,52157.0,ha,Actual,PL2
02a58a80e27626cd,2011,3,Nghệ An,Provincial,Cultivation,Ngô,,Area_Planted,43247.0,ha,Actual,PL2
f72eddce52b437ea,2011,3,Nghệ An,Provincial,Cultivation,Khoai lang,,Area_Planted,8910.0,ha,Actual,PL2
ce6b4f69f1cca5a6,2011,3,Hà Tĩnh,Provincial,Cultivation,Lúa,,Area_Planted,53743.0,ha,Actual,PL2
ce6b4f69f1cca5a6,2011,3,Hà Tĩnh,Provincial,Cultivation,Lúa,,Area_Planted,15011.0,ha,Actual,PL2
62e608e5351e7345,2011,3,Hà Tĩnh,Provincial,Cultivation,Ngô,,Area_Planted,7760.0,ha,Actual,PL2
c41efd1e83d19c75,2011,3,Hà Tĩnh,Provincial,Cultivation,Khoai lang,,Area_Planted,4664.0,ha,Actual,PL2
d9c39b68b6810682,2011,3,Hà Tĩnh,Provincial,Cultivation,Sắn,,Area_Planted,2587.0,ha,Actual,PL2
d634b0aa15ebf62a,2011,3,Quảng Bình,Provincial,Cultivation,Lúa,,Area_Planted,27100.0,ha,Actual,PL2
d634b0aa15ebf62a,2011,3,Quảng Bình,Provincial,Cultivation,Lúa,,Area_Planted,4300.0,ha,Actual,PL2
ab86ff14e7942a0f,2011,3,Quảng Bình,Provincial,Cultivation,Ngô,,Area_Planted,4300.0,ha,Actual,PL2
51cbdc2b5db94046,2011,3,Quảng Trị,Provincial,Cultivation,Lúa,,Area_Planted,24029.0,ha,Actual,PL2
51cbdc2b5db94046,2011,3,Quảng Trị,Provincial,Cultivation,Lúa,,Area_Planted,9700.0,ha,Actual,PL2
a85e4ae773cc1bd3,2011,3,Quảng Trị,Provincial,Cultivation,Ngô,,Area_Planted,2200.0,ha,Actual,PL2
4316d2dcff2d2b2b,2011,3,Quảng Trị,Provincial,Cultivation,Khoai lang,,Area_Planted,500.0,ha,Actual,PL2
90ea58bc623a9f40,2011,3,Quảng Trị,Provincial,Cultivation,Sắn,,Area_Planted,7000.0,ha,Actual,PL2
28b773c2ba67a0e7,2011,3,Thừa Thiên Huế,Provincial,Cultivation,Lúa,,Area_Planted,27139.0,ha,Actual,PL2
28b773c2ba67a0e7,2011,3,Thừa Thiên Huế,Provincial,Cultivation,Lúa,,Area_Planted,12252.0,ha,Actual,PL2
0d1bb555d752e309,2011,3,Thừa Thiên Huế,Provincial,Cultivation,Ngô,,Area_Planted,1750.0,ha,Actual,PL2
ed78434905aa171d,2011,3,Thừa Thiên Huế,Provincial,Cultivation,Khoai lang,,Area_Planted,4100.0,ha,Actual,PL2
083f2c77f009cc5f,2011,3,Thừa Thiên Huế,Provincial,Cultivation,Sắn,,Area_Planted,6052.0,ha,Actual,PL2
28b773c2ba67a0e7,2011,3,Thừa Thiên Huế,Provincial,Cultivation,Lúa,,Area_Planted,350.0,ha,Actual,PL2
cfbe2559a62cbf1b,2011,3,Miền Bắc,Provincial,Cultivation,Lúa,,Area_Planted,270056.0,ha,Actual,PL3
ee7a573b81376a7d,2011,3,Miền Bắc,Provincial,Cultivation,Đậu tương,,Area_Planted,99575.0,ha,Actual,PL3
f7e024baff92862b,2011,3,Miền Bắc,Provincial,Cultivation,Lạc,,Area_Planted,126572.0,ha,Actual,PL3
650a94c4a305b446,2011,3,Miền Bắc,Provincial,Cultivation,Mía,,Area_Planted,32339.0,ha,Actual,PL3
8b650de577c400be,2011,3,Miền Bắc,Provincial,Cultivation,Thuốc lá,,Area_Planted,7237.0,ha,Actual,PL3
cfbe2559a62cbf1b,2011,3,Miền Bắc,Provincial,Cultivation,Lúa,,Area_Planted,4333.0,ha,Actual,PL3
cfbe2559a62cbf1b,2011,3,Miền Bắc,Provincial,Cultivation,Lúa,,Area_Planted,205368.0,ha,Actual,PL3
a9ce6979b1354644,2011,3,ĐB sông Hồng,Provincial,Cultivation,Lúa,,Area_Planted,105584.0,ha,Actual,PL3
1c1c397519c267f4,2011,3,ĐB sông Hồng,Provincial,Cultivation,Đậu tương,,Area_Planted,76382.0,ha,Actual,PL3
1ec2815da1192f9c,2011,3,ĐB sông Hồng,Provincial,Cultivation,Lạc,,Area_Planted,25524.0,ha,Actual,PL3
1a05ef0710499c34,2011,3,ĐB sông Hồng,Provincial,Cultivation,Mía,,Area_Planted,1116.0,ha,Actual,PL3
1c9bb8de61b91314,2011,3,ĐB sông Hồng,Provincial,Cultivation,Thuốc lá,,Area_Planted,1000.0,ha,Actual,PL3
a9ce6979b1354644,2011,3,ĐB sông Hồng,Provincial,Cultivation,Lúa,,Area_Planted,1562.0,ha,Actual,PL3
a9ce6979b1354644,2011,3,ĐB sông Hồng,Provincial,Cultivation,Lúa,,Area_Planted,106751.0,ha,Actual,PL3
f99c6134f781ce50,2011,3,Hà Nội,Provincial,Cultivation,Lúa,,Area_Planted,38093.0,ha,Actual,PL3
e875ced4d04404bc,2011,3,Hà Nội,Provincial,Cultivation,Đậu tương,,Area_Planted,31797.0,ha,Actual,PL3
a075206f3fa90476,2011,3,Hà Nội,Provincial,Cultivation,Lạc,,Area_Planted,5839.0,ha,Actual,PL3
f99c6134f781ce50,2011,3,Hà Nội,Provincial,Cultivation,Lúa,,Area_Planted,457.0,ha,Actual,PL3
f99c6134f781ce50,2011,3,Hà Nội,Provincial,Cultivation,Lúa,,Area_Planted,19677.0,ha,Actual,PL3
54215d493077e47d,2011,3,Hải Phòng,Provincial,Cultivation,Lúa,,Area_Planted,1000.0,ha,Actual,PL3
3670af914c4af5c1,2011,3,Hải Phòng,Provincial,Cultivation,Thuốc lá,,Area_Planted,1000.0,ha,Actual,PL3
54215d493077e47d,2011,3,Hải Phòng,Provincial,Cultivation,Lúa,,Area_Planted,8559.0,ha,Actual,PL3
9ee8ffa26a87c1c9,2011,3,Vĩnh Phúc,Provincial,Cultivation,Lúa,,Area_Planted,7211.0,ha,Actual,PL3
a08a802158a1bd9e,2011,3,Vĩnh Phúc,Provincial,Cultivation,Đậu tương,,Area_Planted,4008.0,ha,Actual,PL3
b8550498d8241070,2011,3,Vĩnh Phúc,Provincial,Cultivation,Lạc,,Area_Planted,2668.0,ha,Actual,PL3
ec89d05a00094931,2011,3,Vĩnh Phúc,Provincial,Cultivation,Mía,,Area_Planted,209.0,ha,Actual,PL3
9ee8ffa26a87c1c9,2011,3,Vĩnh Phúc,Provincial,Cultivation,Lúa,,Area_Planted,326.0,ha,Actual,PL3
9ee8ffa26a87c1c9,2011,3,Vĩnh Phúc,Provincial,Cultivation,Lúa,,Area_Planted,5738.0,ha,Actual,PL3
83fb48064f2e0a73,2011,3,Bắc Ninh,Provincial,Cultivation,Lúa,,Area_Planted,2580.0,ha,Actual,PL3
3a9512e02c95f566,2011,3,Bắc Ninh,Provincial,Cultivation,Đậu tương,,Area_Planted,1309.0,ha,Actual,PL3
f054f5650be3abe4,2011,3,Bắc Ninh,Provincial,Cultivation,Lạc,,Area_Planted,1271.0,ha,Actual,PL3
83fb48064f2e0a73,2011,3,Bắc Ninh,Provincial,Cultivation,Lúa,,Area_Planted,6147.0,ha,Actual,PL3
67306b94a4f62bfa,2011,3,Hải Dương,Provincial,Cultivation,Lúa,,Area_Planted,162.0,ha,Actual,PL3
5e58fe934a20c235,2011,3,Hải Dương,Provincial,Cultivation,Đậu tương,,Area_Planted,162.0,ha,Actual,PL3
67306b94a4f62bfa,2011,3,Hải Dương,Provincial,Cultivation,Lúa,,Area_Planted,16306.0,ha,Actual,PL3
269cbe259357b8ad,2011,3,Hưng Yên,Provincial,Cultivation,Lúa,,Area_Planted,3392.0,ha,Actual,PL3
6b551880180d1606,2011,3,Hưng Yên,Provincial,Cultivation,Đậu tương,,Area_Planted,2678.0,ha,Actual,PL3
2d7858e1469debcd,2011,3,Hưng Yên,Provincial,Cultivation,Lạc,,Area_Planted,714.0,ha,Actual,PL3
269cbe259357b8ad,2011,3,Hưng Yên,Provincial,Cultivation,Lúa,,Area_Planted,9631.0,ha,Actual,PL3
275ef2a88383071a,2011,3,Hà Nam,Provincial,Cultivation,Lúa,,Area_Planted,11362.0,ha,Actual,PL3
640060e0484872bb,2011,3,Hà Nam,Provincial,Cultivation,Đậu tương,,Area_Planted,11320.0,ha,Actual,PL3
ae9dc6a2e1c3618f,2011,3,Hà Nam,Provincial,Cultivation,Lạc,,Area_Planted,42.0,ha,Actual,PL3
275ef2a88383071a,2011,3,Hà Nam,Provincial,Cultivation,Lúa,,Area_Planted,3009.0,ha,Actual,PL3
050be567ce4a9bc5,2011,3,Nam Định,Provincial,Cultivation,Lúa,,Area_Planted,7155.0,ha,Actual,PL3
7b4407f31a464cd2,2011,3,Nam Định,Provincial,Cultivation,Đậu tương,,Area_Planted,1422.0,ha,Actual,PL3
5c88fdc852845192,2011,3,Nam Định,Provincial,Cultivation,Lạc,,Area_Planted,5733.0,ha,Actual,PL3
050be567ce4a9bc5,2011,3,Nam Định,Provincial,Cultivation,Lúa,,Area_Planted,16907.0,ha,Actual,PL3
6c9dc88e472c2b96,2011,3,Thái Bình,Provincial,Cultivation,Lúa,,Area_Planted,16335.0,ha,Actual,PL3
cff6a17de38473dd,2011,3,Thái Bình,Provincial,Cultivation,Đậu tương,,Area_Planted,13250.0,ha,Actual,PL3
b7a736c13b475b48,2011,3,Thái Bình,Provincial,Cultivation,Lạc,,Area_Planted,3085.0,ha,Actual,PL3
6c9dc88e472c2b96,2011,3,Thái Bình,Provincial,Cultivation,Lúa,,Area_Planted,12000.0,ha,Actual,PL3
4070f1e2a91008e8,2011,3,Ninh Bình,Provincial,Cultivation,Lúa,,Area_Planted,15491.0,ha,Actual,PL3
ce62f556bbe34195,2011,3,Ninh Bình,Provincial,Cultivation,Đậu tương,,Area_Planted,9998.0,ha,Actual,PL3
6fa36bc262d92750,2011,3,Ninh Bình,Provincial,Cultivation,Lạc,,Area_Planted,4156.0,ha,Actual,PL3
96f5de529db7f243,2011,3,Ninh Bình,Provincial,Cultivation,Mía,,Area_Planted,907.0,ha,Actual,PL3
4070f1e2a91008e8,2011,3,Ninh Bình,Provincial,Cultivation,Lúa,,Area_Planted,430.0,ha,Actual,PL3
4070f1e2a91008e8,2011,3,Ninh Bình,Provincial,Cultivation,Lúa,,Area_Planted,5105.0,ha,Actual,PL3
addfe3216a33bfd1,2011,3,Quảng Ninh,Provincial,Cultivation,Lúa,,Area_Planted,2803.0,ha,Actual,PL3
374e6eff4f5b88cb,2011,3,Quảng Ninh,Provincial,Cultivation,Đậu tương,,Area_Planted,438.0,ha,Actual,PL3
29929244ace4c3d2,2011,3,Quảng Ninh,Provincial,Cultivation,Lạc,,Area_Planted,2016.0,ha,Actual,PL3
addfe3216a33bfd1,2011,3,Quảng Ninh,Provincial,Cultivation,Lúa,,Area_Planted,349.0,ha,Actual,PL3
addfe3216a33bfd1,2011,3,Quảng Ninh,Provincial,Cultivation,Lúa,,Area_Planted,3672.0,ha,Actual,PL3
6b761938f4c5213a,2011,3,TD và MN phía Bắc,Provincial,Cultivation,Lúa,,Area_Planted,61796.0,ha,Actual,PL3
01493a27d70eb21a,2011,3,TD và MN phía Bắc,Provincial,Cultivation,Đậu tương,,Area_Planted,14692.0,ha,Actual,PL3
a026b578bfa80572,2011,3,TD và MN phía Bắc,Provincial,Cultivation,Lạc,,Area_Planted,29773.0,ha,Actual,PL3
c06047ec5f9a7828,2011,3,TD và MN phía Bắc,Provincial,Cultivation,Mía,,Area_Planted,8523.0,ha,Actual,PL3
7d3342a1f89e32c6,2011,3,TD và MN phía Bắc,Provincial,Cultivation,Thuốc lá,,Area_Planted,6187.0,ha,Actual,PL3
6b761938f4c5213a,2011,3,TD và MN phía Bắc,Provincial,Cultivation,Lúa,,Area_Planted,2621.0,ha,Actual,PL3
6b761938f4c5213a,2011,3,TD và MN phía Bắc,Provincial,Cultivation,Lúa,,Area_Planted,47008.0,ha,Actual,PL3
e52dd388c50328ad,2011,3,Hà Giang,Provincial,Cultivation,Lúa,,Area_Planted,11548.0,ha,Actual,PL3
e7f10fe3d70372d6,2011,3,Hà Giang,Provincial,Cultivation,Đậu tương,,Area_Planted,6662.0,ha,Actual,PL3
83595a9d4821a2fa,2011,3,Hà Giang,Provincial,Cultivation,Lạc,,Area_Planted,4196.0,ha,Actual,PL3
e52dd388c50328ad,2011,3,Hà Giang,Provincial,Cultivation,Lúa,,Area_Planted,690.0,ha,Actual,PL3
e52dd388c50328ad,2011,3,Hà Giang,Provincial,Cultivation,Lúa,,Area_Planted,6613.0,ha,Actual,PL3
41c06811815a9da4,2011,3,Cao Bằng,Provincial,Cultivation,Lúa,,Area_Planted,2138.0,ha,Actual,PL3
98b435a60981b276,2011,3,Cao Bằng,Provincial,Cultivation,Đậu tương,,Area_Planted,493.0,ha,Actual,PL3
98a062b9e0174a5b,2011,3,Cao Bằng,Provincial,Cultivation,Lạc,,Area_Planted,20.0,ha,Actual,PL3
8f1523dc99d004eb,2011,3,Cao Bằng,Provincial,Cultivation,Mía,,Area_Planted,410.0,ha,Actual,PL3
2e4ae319bc29c322,2011,3,Cao Bằng,Provincial,Cultivation,Thuốc lá,,Area_Planted,1215.0,ha,Actual,PL3
41c06811815a9da4,2011,3,Cao Bằng,Provincial,Cultivation,Lúa,,Area_Planted,430.0,ha,Actual,PL3
c4c76676a8478aff,2011,3,Lào Cai,Provincial,Cultivation,Lúa,,Area_Planted,2882.0,ha,Actual,PL3
f58ba9ceb8e1101f,2011,3,Lào Cai,Provincial,Cultivation,Đậu tương,,Area_Planted,2350.0,ha,Actual,PL3
88b95f0d75ca9e8b,2011,3,Lào Cai,Provincial,Cultivation,Thuốc lá,,Area_Planted,532.0,ha,Actual,PL3
c4c76676a8478aff,2011,3,Lào Cai,Provincial,Cultivation,Lúa,,Area_Planted,2195.0,ha,Actual,PL3
4b61755848740184,2011,3,Bắc Cạn,Provincial,Cultivation,Lúa,,Area_Planted,1791.0,ha,Actual,PL3
ebcdea7f8a98722c,2011,3,Bắc Cạn,Provincial,Cultivation,Đậu tương,,Area_Planted,551.0,ha,Actual,PL3
9bb95ef0a34af4ce,2011,3,Bắc Cạn,Provincial,Cultivation,Lạc,,Area_Planted,17.0,ha,Actual,PL3
fdc8e5b33a7ea10b,2011,3,Bắc Cạn,Provincial,Cultivation,Thuốc lá,,Area_Planted,1006.0,ha,Actual,PL3
4b61755848740184,2011,3,Bắc Cạn,Provincial,Cultivation,Lúa,,Area_Planted,217.0,ha,Actual,PL3
4b61755848740184,2011,3,Bắc Cạn,Provincial,Cultivation,Lúa,,Area_Planted,312.0,ha,Actual,PL3
02d6f8d738f7906d,2011,3,Lạng Sơn,Provincial,Cultivation,Lúa,,Area_Planted,4134.0,ha,Actual,PL3
cd886e79ac6f9348,2011,3,Lạng Sơn,Provincial,Cultivation,Thuốc lá,,Area_Planted,3334.0,ha,Actual,PL3
02d6f8d738f7906d,2011,3,Lạng Sơn,Provincial,Cultivation,Lúa,,Area_Planted,800.0,ha,Actual,PL3
02d6f8d738f7906d,2011,3,Lạng Sơn,Provincial,Cultivation,Lúa,,Area_Planted,3500.0,ha,Actual,PL3
87ffeac14bb4fb05,2011,3,Tuyên Quang,Provincial,Cultivation,Lúa,,Area_Planted,4372.0,ha,Actual,PL3
53f2e2e5d21a3c7c,2011,3,Tuyên Quang,Provincial,Cultivation,Đậu tương,,Area_Planted,990.0,ha,Actual,PL3
91229a39b496c26e,2011,3,Tuyên Quang,Provincial,Cultivation,Lạc,,Area_Planted,3382.0,ha,Actual,PL3
87ffeac14bb4fb05,2011,3,Tuyên Quang,Provincial,Cultivation,Lúa,,Area_Planted,1311.0,ha,Actual,PL3
306a0cc51c67ba60,2011,3,Yên Bái,Provincial,Cultivation,Lúa,,Area_Planted,1172.0,ha,Actual,PL3
ffb3be587a2af8cf,2011,3,Yên Bái,Provincial,Cultivation,Lạc,,Area_Planted,1172.0,ha,Actual,PL3
306a0cc51c67ba60,2011,3,Yên Bái,Provincial,Cultivation,Lúa,,Area_Planted,1558.0,ha,Actual,PL3
19995bea80f83456,2011,3,Thái Nguyên,Provincial,Cultivation,Lúa,,Area_Planted,3133.0,ha,Actual,PL3
867b5d81054ec494,2011,3,Thái Nguyên,Provincial,Cultivation,Đậu tương,,Area_Planted,545.0,ha,Actual,PL3
6a634aee6653dd13,2011,3,Thái Nguyên,Provincial,Cultivation,Lạc,,Area_Planted,2488.0,ha,Actual,PL3
a819d6cd9668a765,2011,3,Thái Nguyên,Provincial,Cultivation,Thuốc lá,,Area_Planted,100.0,ha,Actual,PL3
19995bea80f83456,2011,3,Thái Nguyên,Provincial,Cultivation,Lúa,,Area_Planted,5826.0,ha,Actual,PL3
929a4f1c81a1fd50,2011,3,Phú Thọ,Provincial,Cultivation,Lúa,,Area_Planted,5340.0,ha,Actual,PL3
e9baff43bd2032fa,2011,3,Phú Thọ,Provincial,Cultivation,Đậu tương,,Area_Planted,1171.0,ha,Actual,PL3
4bd82dd42b9e88bf,2011,3,Phú Thọ,Provincial,Cultivation,Lạc,,Area_Planted,4169.0,ha,Actual,PL3
929a4f1c81a1fd50,2011,3,Phú Thọ,Provincial,Cultivation,Lúa,,Area_Planted,5652.0,ha,Actual,PL3
14e1adfeba06aa0b,2011,3,Bắc Giang,Provincial,Cultivation,Lúa,,Area_Planted,11081.0,ha,Actual,PL3
2cf7c66a65794f58,2011,3,Bắc Giang,Provincial,Cultivation,Đậu tương,,Area_Planted,376.0,ha,Actual,PL3
d655c8d9c990bb0d,2011,3,Bắc Giang,Provincial,Cultivation,Lạc,,Area_Planted,10705.0,ha,Actual,PL3
14e1adfeba06aa0b,2011,3,Bắc Giang,Provincial,Cultivation,Lúa,,Area_Planted,14288.0,ha,Actual,PL3
3e2e7725ecdbece0,2011,3,Lai Châu,Provincial,Cultivation,Lúa,,Area_Planted,134.0,ha,Actual,PL3
8b25d4c444d7b178,2011,3,Lai Châu,Provincial,Cultivation,Đậu tương,,Area_Planted,20.0,ha,Actual,PL3
9d20eb89874272fa,2011,3,Lai Châu,Provincial,Cultivation,Lạc,,Area_Planted,114.0,ha,Actual,PL3
3e2e7725ecdbece0,2011,3,Lai Châu,Provincial,Cultivation,Lúa,,Area_Planted,307.0,ha,Actual,PL3
1aa9ac1893e0a2d2,2011,3,Điện Biên,Provincial,Cultivation,Lúa,,Area_Planted,932.0,ha,Actual,PL3
a5e591a31bdf9e27,2011,3,Điện Biên,Provincial,Cultivation,Đậu tương,,Area_Planted,622.0,ha,Actual,PL3
fca9e0438b2b5182,2011,3,Điện Biên,Provincial,Cultivation,Lạc,,Area_Planted,310.0,ha,Actual,PL3
1aa9ac1893e0a2d2,2011,3,Điện Biên,Provincial,Cultivation,Lúa,,Area_Planted,125.0,ha,Actual,PL3
4566c6ff6075b3a6,2011,3,Sơn La,Provincial,Cultivation,Lúa,,Area_Planted,105.0,ha,Actual,PL3
d70c18353dface87,2011,3,Sơn La,Provincial,Cultivation,Đậu tương,,Area_Planted,105.0,ha,Actual,PL3
4566c6ff6075b3a6,2011,3,Sơn La,Provincial,Cultivation,Lúa,,Area_Planted,2320.0,ha,Actual,PL3
a81cc83d90e608dc,2011,3,Hoà Bình,Provincial,Cultivation,Lúa,,Area_Planted,13034.0,ha,Actual,PL3
4ce73f42af0bd07c,2011,3,Hoà Bình,Provincial,Cultivation,Đậu tương,,Area_Planted,807.0,ha,Actual,PL3
8c018a958d468b9e,2011,3,Hoà Bình,Provincial,Cultivation,Lạc,,Area_Planted,3200.0,ha,Actual,PL3
f61cb94f236fabd7,2011,3,Hoà Bình,Provincial,Cultivation,Mía,,Area_Planted,8113.0,ha,Actual,PL3
a81cc83d90e608dc,2011,3,Hoà Bình,Provincial,Cultivation,Lúa,,Area_Planted,914.0,ha,Actual,PL3
a81cc83d90e608dc,2011,3,Hoà Bình,Provincial,Cultivation,Lúa,,Area_Planted,2571.0,ha,Actual,PL3
6ec9a4da60868c6a,2011,3,Bắc Trung Bộ,Provincial,Cultivation,Lúa,,Area_Planted,102675.0,ha,Actual,PL3
cbc87ac419529b43,2011,3,Bắc Trung Bộ,Provincial,Cultivation,Đậu tương,,Area_Planted,8500.0,ha,Actual,PL3
08bcf54f8ea374e1,2011,3,Bắc Trung Bộ,Provincial,Cultivation,Lạc,,Area_Planted,71275.0,ha,Actual,PL3
80cd135acaf02742,2011,3,Bắc Trung Bộ,Provincial,Cultivation,Mía,,Area_Planted,22700.0,ha,Actual,PL3
708b4d82e56a8eab,2011,3,Bắc Trung Bộ,Provincial,Cultivation,Thuốc lá,,Area_Planted,50.0,ha,Actual,PL3
6ec9a4da60868c6a,2011,3,Bắc Trung Bộ,Provincial,Cultivation,Lúa,,Area_Planted,150.0,ha,Actual,PL3
6ec9a4da60868c6a,2011,3,Bắc Trung Bộ,Provincial,Cultivation,Lúa,,Area_Planted,51609.0,ha,Actual,PL3
2cb1f05df139f8a7,2011,3,Thanh Hoá,Provincial,Cultivation,Lúa,,Area_Planted,36432.0,ha,Actual,PL3
688516494e07b2c7,2011,3,Thanh Hoá,Provincial,Cultivation,Đậu tương,,Area_Planted,8500.0,ha,Actual,PL3
2732089186de4f71,2011,3,Thanh Hoá,Provincial,Cultivation,Lạc,,Area_Planted,15332.0,ha,Actual,PL3
d3f4e40571ac67b4,2011,3,Thanh Hoá,Provincial,Cultivation,Mía,,Area_Planted,12600.0,ha,Actual,PL3
2cb1f05df139f8a7,2011,3,Thanh Hoá,Provincial,Cultivation,Lúa,,Area_Planted,16794.0,ha,Actual,PL3
9be768e3f3d98f32,2011,3,Nghệ An,Provincial,Cultivation,Lúa,,Area_Planted,30223.0,ha,Actual,PL3
97ea94462abae549,2011,3,Nghệ An,Provincial,Cultivation,Lạc,,Area_Planted,20223.0,ha,Actual,PL3
2b09f80aa1d066ea,2011,3,Nghệ An,Provincial,Cultivation,Mía,,Area_Planted,10000.0,ha,Actual,PL3
9be768e3f3d98f32,2011,3,Nghệ An,Provincial,Cultivation,Lúa,,Area_Planted,20841.0,ha,Actual,PL3
ce6b4f69f1cca5a6,2011,3,Hà Tĩnh,Provincial,Cultivation,Lúa,,Area_Planted,23777.0,ha,Actual,PL3
544984f439e4bd6c,2011,3,Hà Tĩnh,Provincial,Cultivation,Lạc,,Area_Planted,23777.0,ha,Actual,PL3
ce6b4f69f1cca5a6,2011,3,Hà Tĩnh,Provincial,Cultivation,Lúa,,Area_Planted,7358.0,ha,Actual,PL3
d634b0aa15ebf62a,2011,3,Quảng Bình,Provincial,Cultivation,Lúa,,Area_Planted,5100.0,ha,Actual,PL3
dd34f61de6fbe496,2011,3,Quảng Bình,Provincial,Cultivation,Lạc,,Area_Planted,5100.0,ha,Actual,PL3
d634b0aa15ebf62a,2011,3,Quảng Bình,Provincial,Cultivation,Lúa,,Area_Planted,456.0,ha,Actual,PL3
51cbdc2b5db94046,2011,3,Quảng Trị,Provincial,Cultivation,Lúa,,Area_Planted,3600.0,ha,Actual,PL3
7723d79513fb8200,2011,3,Quảng Trị,Provincial,Cultivation,Lạc,,Area_Planted,3600.0,ha,Actual,PL3
51cbdc2b5db94046,2011,3,Quảng Trị,Provincial,Cultivation,Lúa,,Area_Planted,1010.0,ha,Actual,PL3
28b773c2ba67a0e7,2011,3,Thừa Thiên Huế,Provincial,Cultivation,Lúa,,Area_Planted,3543.0,ha,Actual,PL3
bb19062a45701db3,2011,3,Thừa Thiên Huế,Provincial,Cultivation,Lạc,,Area_Planted,3243.0,ha,Actual,PL3
283dcc157eba6939,2011,3,Thừa Thiên Huế,Provincial,Cultivation,Mía,,Area_Planted,100.0,ha,Actual,PL3
3edf5d6a379fe9cf,2011,3,Thừa Thiên Huế,Provincial,Cultivation,Thuốc lá,,Area_Planted,50.0,ha,Actual,PL3
28b773c2ba67a0e7,2011,3,Thừa Thiên Huế,Provincial,Cultivation,Lúa,,Area_Planted,150.0,ha,Actual,PL3
28b773c2ba67a0e7,2011,3,Thừa Thiên Huế,Provincial,Cultivation,Lúa,,Area_Planted,5150.0,ha,Actual,PL3
f0913e01d590000e,2011,3,Miền Nam,Provincial,Cultivation,Lúa,,Area_Planted,1978295.0,ha,Actual,PL4
f0913e01d590000e,2011,3,Miền Nam,Provincial,Cultivation,Lúa,,Area_Planted,1016255.0,ha,Actual,PL4
f0913e01d590000e,2011,3,Miền Nam,Provincial,Cultivation,Lúa,,Area_Planted,197527.0,ha,Actual,PL4
f0913e01d590000e,2011,3,Miền Nam,Provincial,Cultivation,Lúa,,Area_Planted,152506.0,ha,Actual,PL4
f0913e01d590000e,2011,3,Miền Nam,Provincial,Cultivation,Lúa,,Area_Planted,64038.0,ha,Actual,PL4
f0913e01d590000e,2011,3,Miền Nam,Provincial,Cultivation,Lúa,,Area_Planted,13878.0,ha,Actual,PL4
f0913e01d590000e,2011,3,Miền Nam,Provincial,Cultivation,Lúa,,Area_Planted,65234.0,ha,Actual,PL4
f0913e01d590000e,2011,3,Miền Nam,Provincial,Cultivation,Lúa,,Area_Planted,9356.0,ha,Actual,PL4
a1b2e17f1cc75389,2011,3,D.H Nam Tr. Bộ,Provincial,Cultivation,Lúa,,Area_Planted,176220.0,ha,Actual,PL4
a1b2e17f1cc75389,2011,3,D.H Nam Tr. Bộ,Provincial,Cultivation,Lúa,,Area_Planted,7875.0,ha,Actual,PL4
a1b2e17f1cc75389,2011,3,D.H Nam Tr. Bộ,Provincial,Cultivation,Lúa,,Area_Planted,51126.0,ha,Actual,PL4
a1b2e17f1cc75389,2011,3,D.H Nam Tr. Bộ,Provincial,Cultivation,Lúa,,Area_Planted,15068.0,ha,Actual,PL4
a1b2e17f1cc75389,2011,3,D.H Nam Tr. Bộ,Provincial,Cultivation,Lúa,,Area_Planted,3650.0,ha,Actual,PL4
a1b2e17f1cc75389,2011,3,D.H Nam Tr. Bộ,Provincial,Cultivation,Lúa,,Area_Planted,31553.0,ha,Actual,PL4
a1b2e17f1cc75389,2011,3,D.H Nam Tr. Bộ,Provincial,Cultivation,Lúa,,Area_Planted,855.0,ha,Actual,PL4
9c7f3ae2d9fce8be,2011,3,TP Đà Nẵng,Provincial,Cultivation,Lúa,,Area_Planted,3479.0,ha,Actual,PL4
9c7f3ae2d9fce8be,2011,3,TP Đà Nẵng,Provincial,Cultivation,Lúa,,Area_Planted,853.0,ha,Actual,PL4
9c7f3ae2d9fce8be,2011,3,TP Đà Nẵng,Provincial,Cultivation,Lúa,,Area_Planted,332.0,ha,Actual,PL4
9c7f3ae2d9fce8be,2011,3,TP Đà Nẵng,Provincial,Cultivation,Lúa,,Area_Planted,220.0,ha,Actual,PL4
9c7f3ae2d9fce8be,2011,3,TP Đà Nẵng,Provincial,Cultivation,Lúa,,Area_Planted,301.0,ha,Actual,PL4
d99e0f05fde6f104,2011,3,Quảng Nam,Provincial,Cultivation,Lúa,,Area_Planted,42780.0,ha,Actual,PL4
d99e0f05fde6f104,2011,3,Quảng Nam,Provincial,Cultivation,Lúa,,Area_Planted,19410.0,ha,Actual,PL4
d99e0f05fde6f104,2011,3,Quảng Nam,Provincial,Cultivation,Lúa,,Area_Planted,5910.0,ha,Actual,PL4
d99e0f05fde6f104,2011,3,Quảng Nam,Provincial,Cultivation,Lúa,,Area_Planted,3100.0,ha,Actual,PL4
d99e0f05fde6f104,2011,3,Quảng Nam,Provincial,Cultivation,Lúa,,Area_Planted,10200.0,ha,Actual,PL4
d99e0f05fde6f104,2011,3,Quảng Nam,Provincial,Cultivation,Lúa,,Area_Planted,200.0,ha,Actual,PL4
b247cfb729551fc0,2011,3,Quảng Ngãi,Provincial,Cultivation,Lúa,,Area_Planted,36763.0,ha,Actual,PL4
b247cfb729551fc0,2011,3,Quảng Ngãi,Provincial,Cultivation,Lúa,,Area_Planted,15830.0,ha,Actual,PL4
b247cfb729551fc0,2011,3,Quảng Ngãi,Provincial,Cultivation,Lúa,,Area_Planted,4500.0,ha,Actual,PL4
b247cfb729551fc0,2011,3,Quảng Ngãi,Provincial,Cultivation,Lúa,,Area_Planted,150.0,ha,Actual,PL4
b247cfb729551fc0,2011,3,Quảng Ngãi,Provincial,Cultivation,Lúa,,Area_Planted,11180.0,ha,Actual,PL4
e3df46a6f3c67f53,2011,3,Bình Định,Provincial,Cultivation,Lúa,,Area_Planted,47568.0,ha,Actual,PL4
e3df46a6f3c67f53,2011,3,Bình Định,Provincial,Cultivation,Lúa,,Area_Planted,2925.0,ha,Actual,PL4
e3df46a6f3c67f53,2011,3,Bình Định,Provincial,Cultivation,Lúa,,Area_Planted,2262.0,ha,Actual,PL4
e3df46a6f3c67f53,2011,3,Bình Định,Provincial,Cultivation,Lúa,,Area_Planted,2262.0,ha,Actual,PL4
b79fdac00c6ed641,2011,3,Phú Yên,Provincial,Cultivation,Lúa,,Area_Planted,26222.0,ha,Actual,PL4
b79fdac00c6ed641,2011,3,Phú Yên,Provincial,Cultivation,Lúa,,Area_Planted,8541.0,ha,Actual,PL4
b79fdac00c6ed641,2011,3,Phú Yên,Provincial,Cultivation,Lúa,,Area_Planted,2064.0,ha,Actual,PL4
b79fdac00c6ed641,2011,3,Phú Yên,Provincial,Cultivation,Lúa,,Area_Planted,180.0,ha,Actual,PL4
b79fdac00c6ed641,2011,3,Phú Yên,Provincial,Cultivation,Lúa,,Area_Planted,6212.0,ha,Actual,PL4
b79fdac00c6ed641,2011,3,Phú Yên,Provincial,Cultivation,Lúa,,Area_Planted,85.0,ha,Actual,PL4
a16861e4d0c542bc,2011,3,Khánh Hoà,Provincial,Cultivation,Lúa,,Area_Planted,19408.0,ha,Actual,PL4
a16861e4d0c542bc,2011,3,Khánh Hoà,Provincial,Cultivation,Lúa,,Area_Planted,4950.0,ha,Actual,PL4
a16861e4d0c542bc,2011,3,Khánh Hoà,Provincial,Cultivation,Lúa,,Area_Planted,4230.0,ha,Actual,PL4
a16861e4d0c542bc,2011,3,Khánh Hoà,Provincial,Cultivation,Lúa,,Area_Planted,3660.0,ha,Actual,PL4
a16861e4d0c542bc,2011,3,Khánh Hoà,Provincial,Cultivation,Lúa,,Area_Planted,570.0,ha,Actual,PL4
e5afca78f3cd364e,2011,3,Tây Nguyên,Provincial,Cultivation,Lúa,,Area_Planted,76864.0,ha,Actual,PL4
e5afca78f3cd364e,2011,3,Tây Nguyên,Provincial,Cultivation,Lúa,,Area_Planted,549.0,ha,Actual,PL4
e5afca78f3cd364e,2011,3,Tây Nguyên,Provincial,Cultivation,Lúa,,Area_Planted,20535.0,ha,Actual,PL4
e5afca78f3cd364e,2011,3,Tây Nguyên,Provincial,Cultivation,Lúa,,Area_Planted,12480.0,ha,Actual,PL4
e5afca78f3cd364e,2011,3,Tây Nguyên,Provincial,Cultivation,Lúa,,Area_Planted,2346.0,ha,Actual,PL4
e5afca78f3cd364e,2011,3,Tây Nguyên,Provincial,Cultivation,Lúa,,Area_Planted,5710.0,ha,Actual,PL4
1be3a46e5f6427d8,2011,3,Kon Tum,Provincial,Cultivation,Lúa,,Area_Planted,6583.0,ha,Actual,PL4
1be3a46e5f6427d8,2011,3,Kon Tum,Provincial,Cultivation,Lúa,,Area_Planted,636.0,ha,Actual,PL4
1be3a46e5f6427d8,2011,3,Kon Tum,Provincial,Cultivation,Lúa,,Area_Planted,636.0,ha,Actual,PL4
a076c86712d5ca7a,2011,3,Gia Lai,Provincial,Cultivation,Lúa,,Area_Planted,24409.0,ha,Actual,PL4
a076c86712d5ca7a,2011,3,Gia Lai,Provincial,Cultivation,Lúa,,Area_Planted,10122.0,ha,Actual,PL4
a076c86712d5ca7a,2011,3,Gia Lai,Provincial,Cultivation,Lúa,,Area_Planted,4587.0,ha,Actual,PL4
a076c86712d5ca7a,2011,3,Gia Lai,Provincial,Cultivation,Lúa,,Area_Planted,431.0,ha,Actual,PL4
a076c86712d5ca7a,2011,3,Gia Lai,Provincial,Cultivation,Lúa,,Area_Planted,5105.0,ha,Actual,PL4
1cf21bd846fa8970,2011,3,Đắc Lắc,Provincial,Cultivation,Lúa,,Area_Planted,30594.0,ha,Actual,PL4
1cf21bd846fa8970,2011,3,Đắc Lắc,Provincial,Cultivation,Lúa,,Area_Planted,549.0,ha,Actual,PL4
1cf21bd846fa8970,2011,3,Đắc Lắc,Provincial,Cultivation,Lúa,,Area_Planted,4462.0,ha,Actual,PL4
1cf21bd846fa8970,2011,3,Đắc Lắc,Provincial,Cultivation,Lúa,,Area_Planted,3165.0,ha,Actual,PL4
1cf21bd846fa8970,2011,3,Đắc Lắc,Provincial,Cultivation,Lúa,,Area_Planted,692.0,ha,Actual,PL4
1cf21bd846fa8970,2011,3,Đắc Lắc,Provincial,Cultivation,Lúa,,Area_Planted,605.0,ha,Actual,PL4
792ec8b71162f45f,2011,3,Đắc Nông,Provincial,Cultivation,Lúa,,Area_Planted,4428.0,ha,Actual,PL4
792ec8b71162f45f,2011,3,Đắc Nông,Provincial,Cultivation,Lúa,,Area_Planted,3722.0,ha,Actual,PL4
792ec8b71162f45f,2011,3,Đắc Nông,Provincial,Cultivation,Lúa,,Area_Planted,2753.0,ha,Actual,PL4
792ec8b71162f45f,2011,3,Đắc Nông,Provincial,Cultivation,Lúa,,Area_Planted,969.0,ha,Actual,PL4
a44d1247f29adc04,2011,3,Lâm Đồng,Provincial,Cultivation,Lúa,,Area_Planted,10850.0,ha,Actual,PL4
a44d1247f29adc04,2011,3,Lâm Đồng,Provincial,Cultivation,Lúa,,Area_Planted,1593.0,ha,Actual,PL4
a44d1247f29adc04,2011,3,Lâm Đồng,Provincial,Cultivation,Lúa,,Area_Planted,1339.0,ha,Actual,PL4
a44d1247f29adc04,2011,3,Lâm Đồng,Provincial,Cultivation,Lúa,,Area_Planted,254.0,ha,Actual,PL4
13c33b9921856abd,2011,3,Đông Nam Bộ,Provincial,Cultivation,Lúa,,Area_Planted,117475.0,ha,Actual,PL4
13c33b9921856abd,2011,3,Đông Nam Bộ,Provincial,Cultivation,Lúa,,Area_Planted,16006.0,ha,Actual,PL4
13c33b9921856abd,2011,3,Đông Nam Bộ,Provincial,Cultivation,Lúa,,Area_Planted,45069.0,ha,Actual,PL4
13c33b9921856abd,2011,3,Đông Nam Bộ,Provincial,Cultivation,Lúa,,Area_Planted,17423.0,ha,Actual,PL4
13c33b9921856abd,2011,3,Đông Nam Bộ,Provincial,Cultivation,Lúa,,Area_Planted,692.0,ha,Actual,PL4
13c33b9921856abd,2011,3,Đông Nam Bộ,Provincial,Cultivation,Lúa,,Area_Planted,26194.0,ha,Actual,PL4
13c33b9921856abd,2011,3,Đông Nam Bộ,Provincial,Cultivation,Lúa,,Area_Planted,760.0,ha,Actual,PL4
8d93ea8142ff270d,2011,3,TP Hồ Chí Minh,Provincial,Cultivation,Lúa,,Area_Planted,5405.0,ha,Actual,PL4
8d93ea8142ff270d,2011,3,TP Hồ Chí Minh,Provincial,Cultivation,Lúa,,Area_Planted,163.0,ha,Actual,PL4
7cdd7b395c813fee,2011,3,Ninh Thuận,Provincial,Cultivation,Lúa,,Area_Planted,14591.0,ha,Actual,PL4
7cdd7b395c813fee,2011,3,Ninh Thuận,Provincial,Cultivation,Lúa,,Area_Planted,300.0,ha,Actual,PL4
7cdd7b395c813fee,2011,3,Ninh Thuận,Provincial,Cultivation,Lúa,,Area_Planted,5047.0,ha,Actual,PL4
7cdd7b395c813fee,2011,3,Ninh Thuận,Provincial,Cultivation,Lúa,,Area_Planted,2500.0,ha,Actual,PL4
7cdd7b395c813fee,2011,3,Ninh Thuận,Provincial,Cultivation,Lúa,,Area_Planted,69.0,ha,Actual,PL4
7cdd7b395c813fee,2011,3,Ninh Thuận,Provincial,Cultivation,Lúa,,Area_Planted,2478.0,ha,Actual,PL4
e41162cdbe3065ca,2011,3,Bình Phước,Provincial,Cultivation,Lúa,,Area_Planted,2901.0,ha,Actual,PL4
e41162cdbe3065ca,2011,3,Bình Phước,Provincial,Cultivation,Lúa,,Area_Planted,1494.0,ha,Actual,PL4
e41162cdbe3065ca,2011,3,Bình Phước,Provincial,Cultivation,Lúa,,Area_Planted,438.0,ha,Actual,PL4
e41162cdbe3065ca,2011,3,Bình Phước,Provincial,Cultivation,Lúa,,Area_Planted,93.0,ha,Actual,PL4
e41162cdbe3065ca,2011,3,Bình Phước,Provincial,Cultivation,Lúa,,Area_Planted,832.0,ha,Actual,PL4
e41162cdbe3065ca,2011,3,Bình Phước,Provincial,Cultivation,Lúa,,Area_Planted,131.0,ha,Actual,PL4
f6540ca1032e61bf,2011,3,Tây Ninh,Provincial,Cultivation,Lúa,,Area_Planted,45314.0,ha,Actual,PL4
f6540ca1032e61bf,2011,3,Tây Ninh,Provincial,Cultivation,Lúa,,Area_Planted,5971.0,ha,Actual,PL4
f6540ca1032e61bf,2011,3,Tây Ninh,Provincial,Cultivation,Lúa,,Area_Planted,22773.0,ha,Actual,PL4
f6540ca1032e61bf,2011,3,Tây Ninh,Provincial,Cultivation,Lúa,,Area_Planted,2971.0,ha,Actual,PL4
f6540ca1032e61bf,2011,3,Tây Ninh,Provincial,Cultivation,Lúa,,Area_Planted,127.0,ha,Actual,PL4
f6540ca1032e61bf,2011,3,Tây Ninh,Provincial,Cultivation,Lúa,,Area_Planted,19388.0,ha,Actual,PL4
f6540ca1032e61bf,2011,3,Tây Ninh,Provincial,Cultivation,Lúa,,Area_Planted,287.0,ha,Actual,PL4
374f87615624c906,2011,3,Bình Dương,Provincial,Cultivation,Lúa,,Area_Planted,2596.0,ha,Actual,PL4
374f87615624c906,2011,3,Bình Dương,Provincial,Cultivation,Lúa,,Area_Planted,2596.0,ha,Actual,PL4
374f87615624c906,2011,3,Bình Dương,Provincial,Cultivation,Lúa,,Area_Planted,1541.0,ha,Actual,PL4
374f87615624c906,2011,3,Bình Dương,Provincial,Cultivation,Lúa,,Area_Planted,112.0,ha,Actual,PL4
374f87615624c906,2011,3,Bình Dương,Provincial,Cultivation,Lúa,,Area_Planted,1283.0,ha,Actual,PL4
374f87615624c906,2011,3,Bình Dương,Provincial,Cultivation,Lúa,,Area_Planted,146.0,ha,Actual,PL4
faa6cc655dfc6fee,2011,3,Đồng Nai,Provincial,Cultivation,Lúa,,Area_Planted,11306.0,ha,Actual,PL4
faa6cc655dfc6fee,2011,3,Đồng Nai,Provincial,Cultivation,Lúa,,Area_Planted,9413.0,ha,Actual,PL4
faa6cc655dfc6fee,2011,3,Đồng Nai,Provincial,Cultivation,Lúa,,Area_Planted,7267.0,ha,Actual,PL4
faa6cc655dfc6fee,2011,3,Đồng Nai,Provincial,Cultivation,Lúa,,Area_Planted,85.0,ha,Actual,PL4
faa6cc655dfc6fee,2011,3,Đồng Nai,Provincial,Cultivation,Lúa,,Area_Planted,1890.0,ha,Actual,PL4
faa6cc655dfc6fee,2011,3,Đồng Nai,Provincial,Cultivation,Lúa,,Area_Planted,171.0,ha,Actual,PL4
bc2cef2f62c0d704,2011,3,Bình Thuận,Provincial,Cultivation,Lúa,,Area_Planted,30443.0,ha,Actual,PL4
bc2cef2f62c0d704,2011,3,Bình Thuận,Provincial,Cultivation,Lúa,,Area_Planted,4600.0,ha,Actual,PL4
bc2cef2f62c0d704,2011,3,Bình Thuận,Provincial,Cultivation,Lúa,,Area_Planted,3650.0,ha,Actual,PL4
bc2cef2f62c0d704,2011,3,Bình Thuận,Provincial,Cultivation,Lúa,,Area_Planted,3026.0,ha,Actual,PL4
bc2cef2f62c0d704,2011,3,Bình Thuận,Provincial,Cultivation,Lúa,,Area_Planted,278.0,ha,Actual,PL4
bc2cef2f62c0d704,2011,3,Bình Thuận,Provincial,Cultivation,Lúa,,Area_Planted,323.0,ha,Actual,PL4
bc2cef2f62c0d704,2011,3,Bình Thuận,Provincial,Cultivation,Lúa,,Area_Planted,23.0,ha,Actual,PL4
dceb27360c35da50,2011,3,Bà Rịa-V.Tàu,Provincial,Cultivation,Lúa,,Area_Planted,4919.0,ha,Actual,PL4
dceb27360c35da50,2011,3,Bà Rịa-V.Tàu,Provincial,Cultivation,Lúa,,Area_Planted,2376.0,ha,Actual,PL4
dceb27360c35da50,2011,3,Bà Rịa-V.Tàu,Provincial,Cultivation,Lúa,,Area_Planted,1151.0,ha,Actual,PL4
dceb27360c35da50,2011,3,Bà Rịa-V.Tàu,Provincial,Cultivation,Lúa,,Area_Planted,1109.0,ha,Actual,PL4
dceb27360c35da50,2011,3,Bà Rịa-V.Tàu,Provincial,Cultivation,Lúa,,Area_Planted,40.0,ha,Actual,PL4
dceb27360c35da50,2011,3,Bà Rịa-V.Tàu,Provincial,Cultivation,Lúa,,Area_Planted,2.0,ha,Actual,PL4
c47138edcfff3b29,2011,3,ĐBS Cửu Long,Provincial,Cultivation,Lúa,,Area_Planted,1607736.0,ha,Actual,PL4
c47138edcfff3b29,2011,3,ĐBS Cửu Long,Provincial,Cultivation,Lúa,,Area_Planted,991825.0,ha,Actual,PL4
c47138edcfff3b29,2011,3,ĐBS Cửu Long,Provincial,Cultivation,Lúa,,Area_Planted,197527.0,ha,Actual,PL4
c47138edcfff3b29,2011,3,ĐBS Cửu Long,Provincial,Cultivation,Lúa,,Area_Planted,35775.0,ha,Actual,PL4
c47138edcfff3b29,2011,3,ĐBS Cửu Long,Provincial,Cultivation,Lúa,,Area_Planted,19067.0,ha,Actual,PL4
c47138edcfff3b29,2011,3,ĐBS Cửu Long,Provincial,Cultivation,Lúa,,Area_Planted,7190.0,ha,Actual,PL4
c47138edcfff3b29,2011,3,ĐBS Cửu Long,Provincial,Cultivation,Lúa,,Area_Planted,1778.0,ha,Actual,PL4
c47138edcfff3b29,2011,3,ĐBS Cửu Long,Provincial,Cultivation,Lúa,,Area_Planted,7741.0,ha,Actual,PL4
f3ef19fef9e91013,2011,3,Long An,Provincial,Cultivation,Lúa,,Area_Planted,254014.0,ha,Actual,PL4
f3ef19fef9e91013,2011,3,Long An,Provincial,Cultivation,Lúa,,Area_Planted,138087.0,ha,Actual,PL4
f3ef19fef9e91013,2011,3,Long An,Provincial,Cultivation,Lúa,,Area_Planted,8393.0,ha,Actual,PL4
f3ef19fef9e91013,2011,3,Long An,Provincial,Cultivation,Lúa,,Area_Planted,4441.0,ha,Actual,PL4
f3ef19fef9e91013,2011,3,Long An,Provincial,Cultivation,Lúa,,Area_Planted,48.0,ha,Actual,PL4
f3ef19fef9e91013,2011,3,Long An,Provincial,Cultivation,Lúa,,Area_Planted,570.0,ha,Actual,PL4
f3ef19fef9e91013,2011,3,Long An,Provincial,Cultivation,Lúa,,Area_Planted,3334.0,ha,Actual,PL4
3be349ffbf9749a6,2011,3,Đồng Tháp,Provincial,Cultivation,Lúa,,Area_Planted,206941.0,ha,Actual,PL4
3be349ffbf9749a6,2011,3,Đồng Tháp,Provincial,Cultivation,Lúa,,Area_Planted,162336.0,ha,Actual,PL4
3be349ffbf9749a6,2011,3,Đồng Tháp,Provincial,Cultivation,Lúa,,Area_Planted,52038.0,ha,Actual,PL4
3be349ffbf9749a6,2011,3,Đồng Tháp,Provincial,Cultivation,Lúa,,Area_Planted,3046.0,ha,Actual,PL4
3be349ffbf9749a6,2011,3,Đồng Tháp,Provincial,Cultivation,Lúa,,Area_Planted,1998.0,ha,Actual,PL4
3be349ffbf9749a6,2011,3,Đồng Tháp,Provincial,Cultivation,Lúa,,Area_Planted,401.0,ha,Actual,PL4
3be349ffbf9749a6,2011,3,Đồng Tháp,Provincial,Cultivation,Lúa,,Area_Planted,647.0,ha,Actual,PL4
7f0acd2a80e14a65,2011,3,An Giang,Provincial,Cultivation,Lúa,,Area_Planted,235482.0,ha,Actual,PL4
7f0acd2a80e14a65,2011,3,An Giang,Provincial,Cultivation,Lúa,,Area_Planted,78784.0,ha,Actual,PL4
7f0acd2a80e14a65,2011,3,An Giang,Provincial,Cultivation,Lúa,,Area_Planted,4824.0,ha,Actual,PL4
7f0acd2a80e14a65,2011,3,An Giang,Provincial,Cultivation,Lúa,,Area_Planted,3598.0,ha,Actual,PL4
7f0acd2a80e14a65,2011,3,An Giang,Provincial,Cultivation,Lúa,,Area_Planted,146.0,ha,Actual,PL4
7f0acd2a80e14a65,2011,3,An Giang,Provincial,Cultivation,Lúa,,Area_Planted,460.0,ha,Actual,PL4
7f0acd2a80e14a65,2011,3,An Giang,Provincial,Cultivation,Lúa,,Area_Planted,620.0,ha,Actual,PL4
c775d3bffecabe01,2011,3,Tiền Giang,Provincial,Cultivation,Lúa,,Area_Planted,80351.0,ha,Actual,PL4
c775d3bffecabe01,2011,3,Tiền Giang,Provincial,Cultivation,Lúa,,Area_Planted,69458.0,ha,Actual,PL4
c775d3bffecabe01,2011,3,Tiền Giang,Provincial,Cultivation,Lúa,,Area_Planted,40300.0,ha,Actual,PL4
c775d3bffecabe01,2011,3,Tiền Giang,Provincial,Cultivation,Lúa,,Area_Planted,4015.0,ha,Actual,PL4
c775d3bffecabe01,2011,3,Tiền Giang,Provincial,Cultivation,Lúa,,Area_Planted,2584.0,ha,Actual,PL4
c775d3bffecabe01,2011,3,Tiền Giang,Provincial,Cultivation,Lúa,,Area_Planted,221.0,ha,Actual,PL4
c775d3bffecabe01,2011,3,Tiền Giang,Provincial,Cultivation,Lúa,,Area_Planted,98.0,ha,Actual,PL4
c775d3bffecabe01,2011,3,Tiền Giang,Provincial,Cultivation,Lúa,,Area_Planted,1113.0,ha,Actual,PL4
c35feb7d68c03201,2011,3,Vĩnh Long,Provincial,Cultivation,Lúa,,Area_Planted,65830.0,ha,Actual,PL4
c35feb7d68c03201,2011,3,Vĩnh Long,Provincial,Cultivation,Lúa,,Area_Planted,65830.0,ha,Actual,PL4
c35feb7d68c03201,2011,3,Vĩnh Long,Provincial,Cultivation,Lúa,,Area_Planted,26988.0,ha,Actual,PL4
c35feb7d68c03201,2011,3,Vĩnh Long,Provincial,Cultivation,Lúa,,Area_Planted,4891.0,ha,Actual,PL4
c35feb7d68c03201,2011,3,Vĩnh Long,Provincial,Cultivation,Lúa,,Area_Planted,580.0,ha,Actual,PL4
c35feb7d68c03201,2011,3,Vĩnh Long,Provincial,Cultivation,Lúa,,Area_Planted,4231.0,ha,Actual,PL4
c35feb7d68c03201,2011,3,Vĩnh Long,Provincial,Cultivation,Lúa,,Area_Planted,20.0,ha,Actual,PL4
c35feb7d68c03201,2011,3,Vĩnh Long,Provincial,Cultivation,Lúa,,Area_Planted,60.0,ha,Actual,PL4
8ccf37ef9edca4c9,2011,3,Bến Tre,Provincial,Cultivation,Lúa,,Area_Planted,20632.0,ha,Actual,PL4
8ccf37ef9edca4c9,2011,3,Bến Tre,Provincial,Cultivation,Lúa,,Area_Planted,2179.0,ha,Actual,PL4
8ccf37ef9edca4c9,2011,3,Bến Tre,Provincial,Cultivation,Lúa,,Area_Planted,400.0,ha,Actual,PL4
8ccf37ef9edca4c9,2011,3,Bến Tre,Provincial,Cultivation,Lúa,,Area_Planted,250.0,ha,Actual,PL4
8ccf37ef9edca4c9,2011,3,Bến Tre,Provincial,Cultivation,Lúa,,Area_Planted,50.0,ha,Actual,PL4
8ccf37ef9edca4c9,2011,3,Bến Tre,Provincial,Cultivation,Lúa,,Area_Planted,100.0,ha,Actual,PL4
bb7cd8310f191a14,2011,3,Kiên Giang,Provincial,Cultivation,Lúa,,Area_Planted,278383.0,ha,Actual,PL4
bb7cd8310f191a14,2011,3,Kiên Giang,Provincial,Cultivation,Lúa,,Area_Planted,213939.0,ha,Actual,PL4
bb7cd8310f191a14,2011,3,Kiên Giang,Provincial,Cultivation,Lúa,,Area_Planted,7725.0,ha,Actual,PL4
bb7cd8310f191a14,2011,3,Kiên Giang,Provincial,Cultivation,Lúa,,Area_Planted,730.0,ha,Actual,PL4
bb7cd8310f191a14,2011,3,Kiên Giang,Provincial,Cultivation,Lúa,,Area_Planted,730.0,ha,Actual,PL4
d0366078f6e5edc9,2011,3,Cần Thơ,Provincial,Cultivation,Lúa,,Area_Planted,88644.0,ha,Actual,PL4
d0366078f6e5edc9,2011,3,Cần Thơ,Provincial,Cultivation,Lúa,,Area_Planted,70740.0,ha,Actual,PL4
d0366078f6e5edc9,2011,3,Cần Thơ,Provincial,Cultivation,Lúa,,Area_Planted,14953.0,ha,Actual,PL4
d0366078f6e5edc9,2011,3,Cần Thơ,Provincial,Cultivation,Lúa,,Area_Planted,377.0,ha,Actual,PL4
d0366078f6e5edc9,2011,3,Cần Thơ,Provincial,Cultivation,Lúa,,Area_Planted,345.0,ha,Actual,PL4
d0366078f6e5edc9,2011,3,Cần Thơ,Provincial,Cultivation,Lúa,,Area_Planted,32.0,ha,Actual,PL4
ce8ad9866ed1238c,2011,3,Hậu Giang,Provincial,Cultivation,Lúa,,Area_Planted,83040.0,ha,Actual,PL4
ce8ad9866ed1238c,2011,3,Hậu Giang,Provincial,Cultivation,Lúa,,Area_Planted,20317.0,ha,Actual,PL4
ce8ad9866ed1238c,2011,3,Hậu Giang,Provincial,Cultivation,Lúa,,Area_Planted,4104.0,ha,Actual,PL4
ce8ad9866ed1238c,2011,3,Hậu Giang,Provincial,Cultivation,Lúa,,Area_Planted,1057.0,ha,Actual,PL4
ce8ad9866ed1238c,2011,3,Hậu Giang,Provincial,Cultivation,Lúa,,Area_Planted,677.0,ha,Actual,PL4
ce8ad9866ed1238c,2011,3,Hậu Giang,Provincial,Cultivation,Lúa,,Area_Planted,80.0,ha,Actual,PL4
ce8ad9866ed1238c,2011,3,Hậu Giang,Provincial,Cultivation,Lúa,,Area_Planted,300.0,ha,Actual,PL4
6268bc4d462bac00,2011,3,Trà Vinh,Provincial,Cultivation,Lúa,,Area_Planted,61067.0,ha,Actual,PL4
6268bc4d462bac00,2011,3,Trà Vinh,Provincial,Cultivation,Lúa,,Area_Planted,20472.0,ha,Actual,PL4
6268bc4d462bac00,2011,3,Trà Vinh,Provincial,Cultivation,Lúa,,Area_Planted,2901.0,ha,Actual,PL4
6268bc4d462bac00,2011,3,Trà Vinh,Provincial,Cultivation,Lúa,,Area_Planted,3938.0,ha,Actual,PL4
6268bc4d462bac00,2011,3,Trà Vinh,Provincial,Cultivation,Lúa,,Area_Planted,2683.0,ha,Actual,PL4
6268bc4d462bac00,2011,3,Trà Vinh,Provincial,Cultivation,Lúa,,Area_Planted,667.0,ha,Actual,PL4
6268bc4d462bac00,2011,3,Trà Vinh,Provincial,Cultivation,Lúa,,Area_Planted,330.0,ha,Actual,PL4
6268bc4d462bac00,2011,3,Trà Vinh,Provincial,Cultivation,Lúa,,Area_Planted,258.0,ha,Actual,PL4
32c74b9b6fbd9a51,2011,3,Sóc Trăng,Provincial,Cultivation,Lúa,,Area_Planted,138254.0,ha,Actual,PL4
32c74b9b6fbd9a51,2011,3,Sóc Trăng,Provincial,Cultivation,Lúa,,Area_Planted,94628.0,ha,Actual,PL4
32c74b9b6fbd9a51,2011,3,Sóc Trăng,Provincial,Cultivation,Lúa,,Area_Planted,48518.0,ha,Actual,PL4
32c74b9b6fbd9a51,2011,3,Sóc Trăng,Provincial,Cultivation,Lúa,,Area_Planted,3526.0,ha,Actual,PL4
32c74b9b6fbd9a51,2011,3,Sóc Trăng,Provincial,Cultivation,Lúa,,Area_Planted,1862.0,ha,Actual,PL4
32c74b9b6fbd9a51,2011,3,Sóc Trăng,Provincial,Cultivation,Lúa,,Area_Planted,1346.0,ha,Actual,PL4
32c74b9b6fbd9a51,2011,3,Sóc Trăng,Provincial,Cultivation,Lúa,,Area_Planted,200.0,ha,Actual,PL4
32c74b9b6fbd9a51,2011,3,Sóc Trăng,Provincial,Cultivation,Lúa,,Area_Planted,118.0,ha,Actual,PL4
f5693af8ecf51acc,2011,3,Bạc Liêu,Provincial,Cultivation,Lúa,,Area_Planted,46329.0,ha,Actual,PL4
f5693af8ecf51acc,2011,3,Bạc Liêu,Provincial,Cultivation,Lúa,,Area_Planted,6287.0,ha,Actual,PL4
f5693af8ecf51acc,2011,3,Bạc Liêu,Provincial,Cultivation,Lúa,,Area_Planted,578.0,ha,Actual,PL4
f5693af8ecf51acc,2011,3,Bạc Liêu,Provincial,Cultivation,Lúa,,Area_Planted,49.0,ha,Actual,PL4
f5693af8ecf51acc,2011,3,Bạc Liêu,Provincial,Cultivation,Lúa,,Area_Planted,529.0,ha,Actual,PL4
08e7d93f7df97aef,2011,3,Cà Mau,Provincial,Cultivation,Lúa,,Area_Planted,48768.0,ha,Actual,PL4
08e7d93f7df97aef,2011,3,Cà Mau,Provincial,Cultivation,Lúa,,Area_Planted,48768.0,ha,Actual,PL4
f0913e01d590000e,2011,3,Miền Nam,Provincial,Cultivation,Lúa,,Area_Planted,168836.0,ha,Actual,PL5
931ac885bfa75ff9,2011,3,Miền Nam,Provincial,Cultivation,Đậu,,Area_Planted,3103.0,ha,Actual,PL5
9c3553a7a2313d83,2011,3,Miền Nam,Provincial,Cultivation,Lạc,,Area_Planted,38931.0,ha,Actual,PL5
f0913e01d590000e,2011,3,Miền Nam,Provincial,Cultivation,Lúa,,Area_Planted,12132.0,ha,Actual,PL5
f0913e01d590000e,2011,3,Miền Nam,Provincial,Cultivation,Lúa,,Area_Planted,9643.0,ha,Actual,PL5
b8459641c6765fc6,2011,3,Miền Nam,Provincial,Cultivation,Mía,,Area_Planted,101529.0,ha,Actual,PL5
f0913e01d590000e,2011,3,Miền Nam,Provincial,Cultivation,Lúa,,Area_Planted,862.0,ha,Actual,PL5
f0913e01d590000e,2011,3,Miền Nam,Provincial,Cultivation,Lúa,,Area_Planted,174730.0,ha,Actual,PL5
f0913e01d590000e,2011,3,Miền Nam,Provincial,Cultivation,Lúa,,Area_Planted,257864802.0,ha,Actual,PL5
fe088cc6c219e06f,2011,3,D.H Nam Trg Bộ,Provincial,Cultivation,Lúa,,Area_Planted,48628.0,ha,Actual,PL5
e103847bb5f099dd,2011,3,D.H Nam Trg Bộ,Provincial,Cultivation,Đậu,,Area_Planted,506.0,ha,Actual,PL5
c66bf6116fabd33a,2011,3,D.H Nam Trg Bộ,Provincial,Cultivation,Lạc,,Area_Planted,20595.0,ha,Actual,PL5
fe088cc6c219e06f,2011,3,D.H Nam Trg Bộ,Provincial,Cultivation,Lúa,,Area_Planted,75.0,ha,Actual,PL5
fe088cc6c219e06f,2011,3,D.H Nam Trg Bộ,Provincial,Cultivation,Lúa,,Area_Planted,786.0,ha,Actual,PL5
3600d6718ff6fefb,2011,3,D.H Nam Trg Bộ,Provincial,Cultivation,Mía,,Area_Planted,26219.0,ha,Actual,PL5
fe088cc6c219e06f,2011,3,D.H Nam Trg Bộ,Provincial,Cultivation,Lúa,,Area_Planted,447.0,ha,Actual,PL5
fe088cc6c219e06f,2011,3,D.H Nam Trg Bộ,Provincial,Cultivation,Lúa,,Area_Planted,25633.0,ha,Actual,PL5
fe088cc6c219e06f,2011,3,D.H Nam Trg Bộ,Provincial,Cultivation,Lúa,,Area_Planted,25633.0,ha,Actual,PL5
9c7f3ae2d9fce8be,2011,3,TP Đà Nẵng,Provincial,Cultivation,Lúa,,Area_Planted,1198.0,ha,Actual,PL5
df5bc8f79c3c1c2e,2011,3,TP Đà Nẵng,Provincial,Cultivation,Lạc,,Area_Planted,784.0,ha,Actual,PL5
ba7aecbaf66e95ef,2011,3,TP Đà Nẵng,Provincial,Cultivation,Mía,,Area_Planted,414.0,ha,Actual,PL5
9c7f3ae2d9fce8be,2011,3,TP Đà Nẵng,Provincial,Cultivation,Lúa,,Area_Planted,469.0,ha,Actual,PL5
d99e0f05fde6f104,2011,3,Quảng Nam,Provincial,Cultivation,Lúa,,Area_Planted,9258.0,ha,Actual,PL5
6ad7623e88a8738d,2011,3,Quảng Nam,Provincial,Cultivation,Lạc,,Area_Planted,8370.0,ha,Actual,PL5
d99e0f05fde6f104,2011,3,Quảng Nam,Provincial,Cultivation,Lúa,,Area_Planted,450.0,ha,Actual,PL5
f77b76f3622d217c,2011,3,Quảng Nam,Provincial,Cultivation,Mía,,Area_Planted,250.0,ha,Actual,PL5
d99e0f05fde6f104,2011,3,Quảng Nam,Provincial,Cultivation,Lúa,,Area_Planted,188.0,ha,Actual,PL5
d99e0f05fde6f104,2011,3,Quảng Nam,Provincial,Cultivation,Lúa,,Area_Planted,10690.0,ha,Actual,PL5
b247cfb729551fc0,2011,3,Quảng Ngãi,Provincial,Cultivation,Lúa,,Area_Planted,7964.0,ha,Actual,PL5
22e4daae5c4b9056,2011,3,Quảng Ngãi,Provincial,Cultivation,Lạc,,Area_Planted,3990.0,ha,Actual,PL5
79c034585d3e8918,2011,3,Quảng Ngãi,Provincial,Cultivation,Mía,,Area_Planted,3975.0,ha,Actual,PL5
b247cfb729551fc0,2011,3,Quảng Ngãi,Provincial,Cultivation,Lúa,,Area_Planted,5300.0,ha,Actual,PL5
b247cfb729551fc0,2011,3,Quảng Ngãi,Provincial,Cultivation,Lúa,,Area_Planted,1644.0,ha,Actual,PL5
e3df46a6f3c67f53,2011,3,Bình Định,Provincial,Cultivation,Lúa,,Area_Planted,7147.0,ha,Actual,PL5
ba9f5ab778048d1c,2011,3,Bình Định,Provincial,Cultivation,Đậu,,Area_Planted,221.0,ha,Actual,PL5
f2f2b735567a8aea,2011,3,Bình Định,Provincial,Cultivation,Lạc,,Area_Planted,6926.0,ha,Actual,PL5
e3df46a6f3c67f53,2011,3,Bình Định,Provincial,Cultivation,Lúa,,Area_Planted,5358.0,ha,Actual,PL5
e3df46a6f3c67f53,2011,3,Bình Định,Provincial,Cultivation,Lúa,,Area_Planted,871.0,ha,Actual,PL5
b79fdac00c6ed641,2011,3,Phú Yên,Provincial,Cultivation,Lúa,,Area_Planted,9074.0,ha,Actual,PL5
a14f20fc5b3c0b4b,2011,3,Phú Yên,Provincial,Cultivation,Đậu,,Area_Planted,285.0,ha,Actual,PL5
d3af987117b7eeb4,2011,3,Phú Yên,Provincial,Cultivation,Lạc,,Area_Planted,526.0,ha,Actual,PL5
b79fdac00c6ed641,2011,3,Phú Yên,Provincial,Cultivation,Lúa,,Area_Planted,75.0,ha,Actual,PL5
b79fdac00c6ed641,2011,3,Phú Yên,Provincial,Cultivation,Lúa,,Area_Planted,336.0,ha,Actual,PL5
434e6691df041710,2011,3,Phú Yên,Provincial,Cultivation,Mía,,Area_Planted,7593.0,ha,Actual,PL5
b79fdac00c6ed641,2011,3,Phú Yên,Provincial,Cultivation,Lúa,,Area_Planted,259.0,ha,Actual,PL5
b79fdac00c6ed641,2011,3,Phú Yên,Provincial,Cultivation,Lúa,,Area_Planted,2348.0,ha,Actual,PL5
b79fdac00c6ed641,2011,3,Phú Yên,Provincial,Cultivation,Lúa,,Area_Planted,1311.0,ha,Actual,PL5
a16861e4d0c542bc,2011,3,Khánh Hoà,Provincial,Cultivation,Lúa,,Area_Planted,13987.0,ha,Actual,PL5
e6ccd09a60f07c3b,2011,3,Khánh Hoà,Provincial,Cultivation,Mía,,Area_Planted,13987.0,ha,Actual,PL5
a16861e4d0c542bc,2011,3,Khánh Hoà,Provincial,Cultivation,Lúa,,Area_Planted,1467.0,ha,Actual,PL5
a16861e4d0c542bc,2011,3,Khánh Hoà,Provincial,Cultivation,Lúa,,Area_Planted,976.0,ha,Actual,PL5
e5afca78f3cd364e,2011,3,Tây Nguyên,Provincial,Cultivation,Lúa,,Area_Planted,14481.0,ha,Actual,PL5
3fc5c19b9e667370,2011,3,Tây Nguyên,Provincial,Cultivation,Lạc,,Area_Planted,118.0,ha,Actual,PL5
e5afca78f3cd364e,2011,3,Tây Nguyên,Provincial,Cultivation,Lúa,,Area_Planted,3502.0,ha,Actual,PL5
8f6f3caf5de67ba5,2011,3,Tây Nguyên,Provincial,Cultivation,Mía,,Area_Planted,9292.0,ha,Actual,PL5
e5afca78f3cd364e,2011,3,Tây Nguyên,Provincial,Cultivation,Lúa,,Area_Planted,303.0,ha,Actual,PL5
e5afca78f3cd364e,2011,3,Tây Nguyên,Provincial,Cultivation,Lúa,,Area_Planted,25612.0,ha,Actual,PL5
e5afca78f3cd364e,2011,3,Tây Nguyên,Provincial,Cultivation,Lúa,,Area_Planted,4065.0,ha,Actual,PL5
1be3a46e5f6427d8,2011,3,Kon Tum,Provincial,Cultivation,Lúa,,Area_Planted,1769.0,ha,Actual,PL5
4cd3c045f3cd7d04,2011,3,Kon Tum,Provincial,Cultivation,Lạc,,Area_Planted,13.0,ha,Actual,PL5
b3c7023ad53a7262,2011,3,Kon Tum,Provincial,Cultivation,Mía,,Area_Planted,1756.0,ha,Actual,PL5
1be3a46e5f6427d8,2011,3,Kon Tum,Provincial,Cultivation,Lúa,,Area_Planted,749.0,ha,Actual,PL5
1be3a46e5f6427d8,2011,3,Kon Tum,Provincial,Cultivation,Lúa,,Area_Planted,57.0,ha,Actual,PL5
a076c86712d5ca7a,2011,3,Gia Lai,Provincial,Cultivation,Lúa,,Area_Planted,10942.0,ha,Actual,PL5
d6742e423c2d6457,2011,3,Gia Lai,Provincial,Cultivation,Lạc,,Area_Planted,85.0,ha,Actual,PL5
a076c86712d5ca7a,2011,3,Gia Lai,Provincial,Cultivation,Lúa,,Area_Planted,3019.0,ha,Actual,PL5
00d158fdc268b021,2011,3,Gia Lai,Provincial,Cultivation,Mía,,Area_Planted,7536.0,ha,Actual,PL5
a076c86712d5ca7a,2011,3,Gia Lai,Provincial,Cultivation,Lúa,,Area_Planted,303.0,ha,Actual,PL5
a076c86712d5ca7a,2011,3,Gia Lai,Provincial,Cultivation,Lúa,,Area_Planted,8071.0,ha,Actual,PL5
a076c86712d5ca7a,2011,3,Gia Lai,Provincial,Cultivation,Lúa,,Area_Planted,2310.0,ha,Actual,PL5
1cf21bd846fa8970,2011,3,Đắc Lắc,Provincial,Cultivation,Lúa,,Area_Planted,1770.0,ha,Actual,PL5
0051389e52d1646a,2011,3,Đắc Lắc,Provincial,Cultivation,Lạc,,Area_Planted,20.0,ha,Actual,PL5
1cf21bd846fa8970,2011,3,Đắc Lắc,Provincial,Cultivation,Lúa,,Area_Planted,483.0,ha,Actual,PL5
1cf21bd846fa8970,2011,3,Đắc Lắc,Provincial,Cultivation,Lúa,,Area_Planted,2642.0,ha,Actual,PL5
1cf21bd846fa8970,2011,3,Đắc Lắc,Provincial,Cultivation,Lúa,,Area_Planted,933.0,ha,Actual,PL5
792ec8b71162f45f,2011,3,Đắc Nông,Provincial,Cultivation,Lúa,,Area_Planted,913.0,ha,Actual,PL5
792ec8b71162f45f,2011,3,Đắc Nông,Provincial,Cultivation,Lúa,,Area_Planted,220.0,ha,Actual,PL5
a44d1247f29adc04,2011,3,Lâm Đồng,Provincial,Cultivation,Lúa,,Area_Planted,13237.0,ha,Actual,PL5
a44d1247f29adc04,2011,3,Lâm Đồng,Provincial,Cultivation,Lúa,,Area_Planted,545.0,ha,Actual,PL5
13c33b9921856abd,2011,3,Đông Nam Bộ,Provincial,Cultivation,Lúa,,Area_Planted,27729.0,ha,Actual,PL5
76f5beb4933c829b,2011,3,Đông Nam Bộ,Provincial,Cultivation,Đậu,,Area_Planted,189.0,ha,Actual,PL5
9e26ceae997e10ca,2011,3,Đông Nam Bộ,Provincial,Cultivation,Lạc,,Area_Planted,9138.0,ha,Actual,PL5
13c33b9921856abd,2011,3,Đông Nam Bộ,Provincial,Cultivation,Lúa,,Area_Planted,948.0,ha,Actual,PL5
13c33b9921856abd,2011,3,Đông Nam Bộ,Provincial,Cultivation,Lúa,,Area_Planted,5232.0,ha,Actual,PL5
a4fd881f436ff4a8,2011,3,Đông Nam Bộ,Provincial,Cultivation,Mía,,Area_Planted,12110.0,ha,Actual,PL5
13c33b9921856abd,2011,3,Đông Nam Bộ,Provincial,Cultivation,Lúa,,Area_Planted,112.0,ha,Actual,PL5
13c33b9921856abd,2011,3,Đông Nam Bộ,Provincial,Cultivation,Lúa,,Area_Planted,26641.0,ha,Actual,PL5
13c33b9921856abd,2011,3,Đông Nam Bộ,Provincial,Cultivation,Lúa,,Area_Planted,10402.0,ha,Actual,PL5
8d93ea8142ff270d,2011,3,TP Hồ Chí Minh,Provincial,Cultivation,Lúa,,Area_Planted,2300.0,ha,Actual,PL5
8201b0c306de7fe4,2011,3,TP Hồ Chí Minh,Provincial,Cultivation,Mía,,Area_Planted,2300.0,ha,Actual,PL5
8d93ea8142ff270d,2011,3,TP Hồ Chí Minh,Provincial,Cultivation,Lúa,,Area_Planted,4577.0,ha,Actual,PL5
7cdd7b395c813fee,2011,3,Ninh Thuận,Provincial,Cultivation,Lúa,,Area_Planted,2419.0,ha,Actual,PL5
1eca016970a11706,2011,3,Ninh Thuận,Provincial,Cultivation,Lạc,,Area_Planted,131.0,ha,Actual,PL5
7cdd7b395c813fee,2011,3,Ninh Thuận,Provincial,Cultivation,Lúa,,Area_Planted,21.0,ha,Actual,PL5
7cdd7b395c813fee,2011,3,Ninh Thuận,Provincial,Cultivation,Lúa,,Area_Planted,782.0,ha,Actual,PL5
642d00e32d03f9fa,2011,3,Ninh Thuận,Provincial,Cultivation,Mía,,Area_Planted,1443.0,ha,Actual,PL5
7cdd7b395c813fee,2011,3,Ninh Thuận,Provincial,Cultivation,Lúa,,Area_Planted,42.0,ha,Actual,PL5
7cdd7b395c813fee,2011,3,Ninh Thuận,Provincial,Cultivation,Lúa,,Area_Planted,2720.0,ha,Actual,PL5
7cdd7b395c813fee,2011,3,Ninh Thuận,Provincial,Cultivation,Lúa,,Area_Planted,1366.0,ha,Actual,PL5
e41162cdbe3065ca,2011,3,Bình Phước,Provincial,Cultivation,Lúa,,Area_Planted,103.0,ha,Actual,PL5
2a2af6abdb81a84b,2011,3,Bình Phước,Provincial,Cultivation,Đậu,,Area_Planted,24.0,ha,Actual,PL5
19a3ead29eed0ca1,2011,3,Bình Phước,Provincial,Cultivation,Lạc,,Area_Planted,41.0,ha,Actual,PL5
e41162cdbe3065ca,2011,3,Bình Phước,Provincial,Cultivation,Lúa,,Area_Planted,6.0,ha,Actual,PL5
e41162cdbe3065ca,2011,3,Bình Phước,Provincial,Cultivation,Lúa,,Area_Planted,2.0,ha,Actual,PL5
857523dbef847e13,2011,3,Bình Phước,Provincial,Cultivation,Mía,,Area_Planted,30.0,ha,Actual,PL5
e41162cdbe3065ca,2011,3,Bình Phước,Provincial,Cultivation,Lúa,,Area_Planted,853.0,ha,Actual,PL5
e41162cdbe3065ca,2011,3,Bình Phước,Provincial,Cultivation,Lúa,,Area_Planted,143.0,ha,Actual,PL5
f6540ca1032e61bf,2011,3,Tây Ninh,Provincial,Cultivation,Lúa,,Area_Planted,15292.0,ha,Actual,PL5
9a019edf909e3123,2011,3,Tây Ninh,Provincial,Cultivation,Lạc,,Area_Planted,7497.0,ha,Actual,PL5
f6540ca1032e61bf,2011,3,Tây Ninh,Provincial,Cultivation,Lúa,,Area_Planted,695.0,ha,Actual,PL5
f6540ca1032e61bf,2011,3,Tây Ninh,Provincial,Cultivation,Lúa,,Area_Planted,3340.0,ha,Actual,PL5
88774a52bb5d5f77,2011,3,Tây Ninh,Provincial,Cultivation,Mía,,Area_Planted,3760.0,ha,Actual,PL5
f6540ca1032e61bf,2011,3,Tây Ninh,Provincial,Cultivation,Lúa,,Area_Planted,7609.0,ha,Actual,PL5
f6540ca1032e61bf,2011,3,Tây Ninh,Provincial,Cultivation,Lúa,,Area_Planted,4325.0,ha,Actual,PL5
374f87615624c906,2011,3,Bình Dương,Provincial,Cultivation,Lúa,,Area_Planted,718.0,ha,Actual,PL5
fe7be0ed10830703,2011,3,Bình Dương,Provincial,Cultivation,Lạc,,Area_Planted,483.0,ha,Actual,PL5
374f87615624c906,2011,3,Bình Dương,Provincial,Cultivation,Lúa,,Area_Planted,140.0,ha,Actual,PL5
93505d16e2691f9a,2011,3,Bình Dương,Provincial,Cultivation,Mía,,Area_Planted,95.0,ha,Actual,PL5
374f87615624c906,2011,3,Bình Dương,Provincial,Cultivation,Lúa,,Area_Planted,1933.0,ha,Actual,PL5
374f87615624c906,2011,3,Bình Dương,Provincial,Cultivation,Lúa,,Area_Planted,122.0,ha,Actual,PL5
faa6cc655dfc6fee,2011,3,Đồng Nai,Provincial,Cultivation,Lúa,,Area_Planted,1885.0,ha,Actual,PL5
4eeae0e82e04ab59,2011,3,Đồng Nai,Provincial,Cultivation,Đậu,,Area_Planted,165.0,ha,Actual,PL5
15efc7324098e31b,2011,3,Đồng Nai,Provincial,Cultivation,Lạc,,Area_Planted,210.0,ha,Actual,PL5
faa6cc655dfc6fee,2011,3,Đồng Nai,Provincial,Cultivation,Lúa,,Area_Planted,19.0,ha,Actual,PL5
faa6cc655dfc6fee,2011,3,Đồng Nai,Provincial,Cultivation,Lúa,,Area_Planted,936.0,ha,Actual,PL5
09bcafbc58d2df8e,2011,3,Đồng Nai,Provincial,Cultivation,Mía,,Area_Planted,548.0,ha,Actual,PL5
faa6cc655dfc6fee,2011,3,Đồng Nai,Provincial,Cultivation,Lúa,,Area_Planted,7.0,ha,Actual,PL5
faa6cc655dfc6fee,2011,3,Đồng Nai,Provincial,Cultivation,Lúa,,Area_Planted,4111.0,ha,Actual,PL5
faa6cc655dfc6fee,2011,3,Đồng Nai,Provincial,Cultivation,Lúa,,Area_Planted,1650.0,ha,Actual,PL5
bc2cef2f62c0d704,2011,3,Bình Thuận,Provincial,Cultivation,Lúa,,Area_Planted,4642.0,ha,Actual,PL5
f59904f821a61188,2011,3,Bình Thuận,Provincial,Cultivation,Lạc,,Area_Planted,668.0,ha,Actual,PL5
bc2cef2f62c0d704,2011,3,Bình Thuận,Provincial,Cultivation,Lúa,,Area_Planted,67.0,ha,Actual,PL5
bc2cef2f62c0d704,2011,3,Bình Thuận,Provincial,Cultivation,Lúa,,Area_Planted,54.0,ha,Actual,PL5
cbf49628b18c8758,2011,3,Bình Thuận,Provincial,Cultivation,Mía,,Area_Planted,3843.0,ha,Actual,PL5
bc2cef2f62c0d704,2011,3,Bình Thuận,Provincial,Cultivation,Lúa,,Area_Planted,10.0,ha,Actual,PL5
bc2cef2f62c0d704,2011,3,Bình Thuận,Provincial,Cultivation,Lúa,,Area_Planted,1648.0,ha,Actual,PL5
bc2cef2f62c0d704,2011,3,Bình Thuận,Provincial,Cultivation,Lúa,,Area_Planted,2678.0,ha,Actual,PL5
dceb27360c35da50,2011,3,Bà Rịa-V.Tàu,Provincial,Cultivation,Lúa,,Area_Planted,370.0,ha,Actual,PL5
091a419c3ddcda78,2011,3,Bà Rịa-V.Tàu,Provincial,Cultivation,Lạc,,Area_Planted,108.0,ha,Actual,PL5
dceb27360c35da50,2011,3,Bà Rịa-V.Tàu,Provincial,Cultivation,Lúa,,Area_Planted,118.0,ha,Actual,PL5
4dd36eca718a0dc1,2011,3,Bà Rịa-V.Tàu,Provincial,Cultivation,Mía,,Area_Planted,91.0,ha,Actual,PL5
dceb27360c35da50,2011,3,Bà Rịa-V.Tàu,Provincial,Cultivation,Lúa,,Area_Planted,53.0,ha,Actual,PL5
dceb27360c35da50,2011,3,Bà Rịa-V.Tàu,Provincial,Cultivation,Lúa,,Area_Planted,3190.0,ha,Actual,PL5
dceb27360c35da50,2011,3,Bà Rịa-V.Tàu,Provincial,Cultivation,Lúa,,Area_Planted,118.0,ha,Actual,PL5
c47138edcfff3b29,2011,3,ĐBS Cửu Long,Provincial,Cultivation,Lúa,,Area_Planted,77313.0,ha,Actual,PL5
c1afd6627dcac72f,2011,3,ĐBS Cửu Long,Provincial,Cultivation,Đậu,,Area_Planted,2408.0,ha,Actual,PL5
ad67bc850974557c,2011,3,ĐBS Cửu Long,Provincial,Cultivation,Lạc,,Area_Planted,9080.0,ha,Actual,PL5
c47138edcfff3b29,2011,3,ĐBS Cửu Long,Provincial,Cultivation,Lúa,,Area_Planted,11109.0,ha,Actual,PL5
c47138edcfff3b29,2011,3,ĐBS Cửu Long,Provincial,Cultivation,Lúa,,Area_Planted,123.0,ha,Actual,PL5
4affb3fd90ae004d,2011,3,ĐBS Cửu Long,Provincial,Cultivation,Mía,,Area_Planted,53909.0,ha,Actual,PL5
c47138edcfff3b29,2011,3,ĐBS Cửu Long,Provincial,Cultivation,Lúa,,Area_Planted,96844.0,ha,Actual,PL5
c47138edcfff3b29,2011,3,ĐBS Cửu Long,Provincial,Cultivation,Lúa,,Area_Planted,6517.0,ha,Actual,PL5
f3ef19fef9e91013,2011,3,Long An,Provincial,Cultivation,Lúa,,Area_Planted,18786.0,ha,Actual,PL5
fb67f1315292337d,2011,3,Long An,Provincial,Cultivation,Lạc,,Area_Planted,5118.0,ha,Actual,PL5
f3ef19fef9e91013,2011,3,Long An,Provincial,Cultivation,Lúa,,Area_Planted,1016.0,ha,Actual,PL5
f3ef19fef9e91013,2011,3,Long An,Provincial,Cultivation,Lúa,,Area_Planted,81.0,ha,Actual,PL5
32b68a76330299bd,2011,3,Long An,Provincial,Cultivation,Mía,,Area_Planted,12571.0,ha,Actual,PL5
f3ef19fef9e91013,2011,3,Long An,Provincial,Cultivation,Lúa,,Area_Planted,7526.0,ha,Actual,PL5
3be349ffbf9749a6,2011,3,Đồng Tháp,Provincial,Cultivation,Lúa,,Area_Planted,5790.0,ha,Actual,PL5
b4c9fd94729bc994,2011,3,Đồng Tháp,Provincial,Cultivation,Đậu,,Area_Planted,1690.0,ha,Actual,PL5
8d978d4d852742ef,2011,3,Đồng Tháp,Provincial,Cultivation,Lạc,,Area_Planted,140.0,ha,Actual,PL5
3be349ffbf9749a6,2011,3,Đồng Tháp,Provincial,Cultivation,Lúa,,Area_Planted,3946.0,ha,Actual,PL5
e52cbc71267947b1,2011,3,Đồng Tháp,Provincial,Cultivation,Mía,,Area_Planted,14.0,ha,Actual,PL5
3be349ffbf9749a6,2011,3,Đồng Tháp,Provincial,Cultivation,Lúa,,Area_Planted,6081.0,ha,Actual,PL5
3be349ffbf9749a6,2011,3,Đồng Tháp,Provincial,Cultivation,Lúa,,Area_Planted,1160.0,ha,Actual,PL5
7f0acd2a80e14a65,2011,3,An Giang,Provincial,Cultivation,Lúa,,Area_Planted,1041.0,ha,Actual,PL5
bdd064ee4cbe6841,2011,3,An Giang,Provincial,Cultivation,Đậu,,Area_Planted,69.0,ha,Actual,PL5
f668e126eb68e359,2011,3,An Giang,Provincial,Cultivation,Lạc,,Area_Planted,281.0,ha,Actual,PL5
7f0acd2a80e14a65,2011,3,An Giang,Provincial,Cultivation,Lúa,,Area_Planted,628.0,ha,Actual,PL5
7f0acd2a80e14a65,2011,3,An Giang,Provincial,Cultivation,Lúa,,Area_Planted,42.0,ha,Actual,PL5
e57c3ba96ec7abc4,2011,3,An Giang,Provincial,Cultivation,Mía,,Area_Planted,21.0,ha,Actual,PL5
7f0acd2a80e14a65,2011,3,An Giang,Provincial,Cultivation,Lúa,,Area_Planted,11488.0,ha,Actual,PL5
7f0acd2a80e14a65,2011,3,An Giang,Provincial,Cultivation,Lúa,,Area_Planted,1817.0,ha,Actual,PL5
c775d3bffecabe01,2011,3,Tiền Giang,Provincial,Cultivation,Lúa,,Area_Planted,186.0,ha,Actual,PL5
475f7adb622273f9,2011,3,Tiền Giang,Provincial,Cultivation,Lạc,,Area_Planted,83.0,ha,Actual,PL5
4c7cfce1353c5056,2011,3,Tiền Giang,Provincial,Cultivation,Mía,,Area_Planted,103.0,ha,Actual,PL5
c775d3bffecabe01,2011,3,Tiền Giang,Provincial,Cultivation,Lúa,,Area_Planted,19640.0,ha,Actual,PL5
c775d3bffecabe01,2011,3,Tiền Giang,Provincial,Cultivation,Lúa,,Area_Planted,76.0,ha,Actual,PL5
c35feb7d68c03201,2011,3,Vĩnh Long,Provincial,Cultivation,Lúa,,Area_Planted,955.0,ha,Actual,PL5
c7ef3491937ffcdc,2011,3,Vĩnh Long,Provincial,Cultivation,Đậu,,Area_Planted,319.0,ha,Actual,PL5
95d790472db2f25e,2011,3,Vĩnh Long,Provincial,Cultivation,Lạc,,Area_Planted,5.0,ha,Actual,PL5
c35feb7d68c03201,2011,3,Vĩnh Long,Provincial,Cultivation,Lúa,,Area_Planted,602.0,ha,Actual,PL5
733dee0374312989,2011,3,Vĩnh Long,Provincial,Cultivation,Mía,,Area_Planted,29.0,ha,Actual,PL5
c35feb7d68c03201,2011,3,Vĩnh Long,Provincial,Cultivation,Lúa,,Area_Planted,7740.0,ha,Actual,PL5
c35feb7d68c03201,2011,3,Vĩnh Long,Provincial,Cultivation,Lúa,,Area_Planted,430.0,ha,Actual,PL5
8ccf37ef9edca4c9,2011,3,Bến Tre,Provincial,Cultivation,Lúa,,Area_Planted,5880.0,ha,Actual,PL5
2ec6b72d52c24b62,2011,3,Bến Tre,Provincial,Cultivation,Lạc,,Area_Planted,80.0,ha,Actual,PL5
099e76e17d7f0b41,2011,3,Bến Tre,Provincial,Cultivation,Mía,,Area_Planted,5800.0,ha,Actual,PL5
8ccf37ef9edca4c9,2011,3,Bến Tre,Provincial,Cultivation,Lúa,,Area_Planted,1936.0,ha,Actual,PL5
bb7cd8310f191a14,2011,3,Kiên Giang,Provincial,Cultivation,Lúa,,Area_Planted,4512.0,ha,Actual,PL5
d80775c0ac561481,2011,3,Kiên Giang,Provincial,Cultivation,Mía,,Area_Planted,4512.0,ha,Actual,PL5
bb7cd8310f191a14,2011,3,Kiên Giang,Provincial,Cultivation,Lúa,,Area_Planted,2335.0,ha,Actual,PL5
d0366078f6e5edc9,2011,3,Cần Thơ,Provincial,Cultivation,Lúa,,Area_Planted,5118.0,ha,Actual,PL5
6f4fe778d55c399c,2011,3,Cần Thơ,Provincial,Cultivation,Đậu,,Area_Planted,197.0,ha,Actual,PL5
f7966cb2fb0d7d1a,2011,3,Cần Thơ,Provincial,Cultivation,Lạc,,Area_Planted,5.0,ha,Actual,PL5
d0366078f6e5edc9,2011,3,Cần Thơ,Provincial,Cultivation,Lúa,,Area_Planted,4917.0,ha,Actual,PL5
d0366078f6e5edc9,2011,3,Cần Thơ,Provincial,Cultivation,Lúa,,Area_Planted,3229.0,ha,Actual,PL5
d0366078f6e5edc9,2011,3,Cần Thơ,Provincial,Cultivation,Lúa,,Area_Planted,462.0,ha,Actual,PL5
ce8ad9866ed1238c,2011,3,Hậu Giang,Provincial,Cultivation,Lúa,,Area_Planted,13614.0,ha,Actual,PL5
c45ad47be22fd60f,2011,3,Hậu Giang,Provincial,Cultivation,Mía,,Area_Planted,13614.0,ha,Actual,PL5
ce8ad9866ed1238c,2011,3,Hậu Giang,Provincial,Cultivation,Lúa,,Area_Planted,5732.0,ha,Actual,PL5
ce8ad9866ed1238c,2011,3,Hậu Giang,Provincial,Cultivation,Lúa,,Area_Planted,419.0,ha,Actual,PL5
6268bc4d462bac00,2011,3,Trà Vinh,Provincial,Cultivation,Lúa,,Area_Planted,8197.0,ha,Actual,PL5
bb5fe9914b1037a4,2011,3,Trà Vinh,Provincial,Cultivation,Lạc,,Area_Planted,3302.0,ha,Actual,PL5
b7502e70dbff91d9,2011,3,Trà Vinh,Provincial,Cultivation,Mía,,Area_Planted,4895.0,ha,Actual,PL5
6268bc4d462bac00,2011,3,Trà Vinh,Provincial,Cultivation,Lúa,,Area_Planted,11715.0,ha,Actual,PL5
6268bc4d462bac00,2011,3,Trà Vinh,Provincial,Cultivation,Lúa,,Area_Planted,422.0,ha,Actual,PL5
32c74b9b6fbd9a51,2011,3,Sóc Trăng,Provincial,Cultivation,Lúa,,Area_Planted,10747.0,ha,Actual,PL5
c705d16387fc756c,2011,3,Sóc Trăng,Provincial,Cultivation,Đậu,,Area_Planted,133.0,ha,Actual,PL5
0a2fbbf4964dcaf5,2011,3,Sóc Trăng,Provincial,Cultivation,Lạc,,Area_Planted,67.0,ha,Actual,PL5
be8424303af94650,2011,3,Sóc Trăng,Provincial,Cultivation,Mía,,Area_Planted,10547.0,ha,Actual,PL5
32c74b9b6fbd9a51,2011,3,Sóc Trăng,Provincial,Cultivation,Lúa,,Area_Planted,14712.0,ha,Actual,PL5
32c74b9b6fbd9a51,2011,3,Sóc Trăng,Provincial,Cultivation,Lúa,,Area_Planted,1731.0,ha,Actual,PL5
f5693af8ecf51acc,2011,3,Bạc Liêu,Provincial,Cultivation,Lúa,,Area_Planted,2805.0,ha,Actual,PL5
08e7d93f7df97aef,2011,3,Cà Mau,Provincial,Cultivation,Lúa,,Area_Planted,1803.0,ha,Actual,PL5
a4cf7478a66bd637,2011,3,Cà Mau,Provincial,Cultivation,Mía,,Area_Planted,1803.0,ha,Actual,PL5
08e7d93f7df97aef,2011,3,Cà Mau,Provincial,Cultivation,Lúa,,Area_Planted,1905.0,ha,Actual,PL5
7bcdc0fb81e8e66c,2011,3,Cả nước,National,Forestry,Rừng,,Area,761.0,1000_ha,Estimated,PL6
28b3591df70f9215,2011,3,Cả nước,National,Forestry,Rừng,,Area,155.0,1000_ha,Plan,PL6
7bcdc0fb81e8e66c,2011,3,Cả nước,National,Forestry,Rừng,,Area,541.0,1000_ha,Estimated,PL6
28b3591df70f9215,2011,3,Cả nước,National,Forestry,Rừng,,Area,23.0,1000_ha,Plan,PL6
7bcdc0fb81e8e66c,2011,3,Cả nước,National,Forestry,Rừng,,Area,799.0,1000_ha,Estimated,PL6
28b3591df70f9215,2011,3,Cả nước,National,Forestry,Rừng,,Area,132.0,1000_ha,Plan,PL6
b963e24dcbded300,2011,3,Cả nước,National,Forestry,Rừng trồng,,Area,1206.0,1000_ha,Estimated,PL6
d071253cf0e41b68,2011,3,Cả nước,National,Forestry,Rừng trồng,,Area,725.0,1000_ha,Plan,PL6
7bcdc0fb81e8e66c,2011,3,Cả nước,National,Forestry,Rừng,,Area,1010.0,1000_ha,Estimated,PL6
28b3591df70f9215,2011,3,Cả nước,National,Forestry,Rừng,,Area,597.0,1000_ha,Plan,PL6
9525abc2e90b93de,2011,3,Cả nước,National,Forestry,Rừng tái sinh,,Area,1003.0,1000_ha,Estimated,PL6
00b15a86ca163d70,2011,3,Cả nước,National,Forestry,Rừng tái sinh,,Area,605.0,1000_ha,Plan,PL6
9f286ddb312aa24a,2011,3,Cả nước,National,Forestry,Rừng bảo vệ,,Area,1020.0,1000_ha,Estimated,PL6
63da242ee3b117ee,2011,3,Cả nước,National,Forestry,Rừng bảo vệ,,Area,1720.0,1000_ha,Plan,PL6
97ab3bf567b09a01,2011,3,Cả nước,National,Forestry,Gỗ,,Production,1257.0,1000_m3,Estimated,PL6
4133fd50ecc1f7b3,2011,3,Cả nước,National,Forestry,Gỗ,,Production,761.0,1000_m3,Plan,PL6
a84b2af0da829d1f,2011,1,Cả nước,National,Trade,1,Xuất khẩu,Export_Volume,4.0,1000_ton,Actual,PL8
4f1fe84b320a3531,2011,1,Cả nước,National,Trade,1,Xuất khẩu,Export_Value,6.0,million_USD,Actual,PL8
c5f92846956e8673,2011,1,Cả nước,National,Trade,Cả nước,Xuất khẩu,Export_Volume,367331.0,1000_ton,Actual,PL8
e4b3fb9996c868b5,2011,1,Cả nước,National,Trade,Cả nước,Xuất khẩu,Export_Value,129672.0,million_USD,Actual,PL8
86f3fc44efbbadc9,2011,1,Cả nước,National,Trade,Quảng Ninh,Xuất khẩu,Export_Volume,886.0,1000_ton,Actual,PL8
11544717a1fc7baa,2011,1,Cả nước,National,Trade,Quảng Ninh,Xuất khẩu,Export_Value,4541.0,million_USD,Actual,PL8
f0aef8bc9f8957df,2011,1,Cả nước,National,Trade,Hải Phòng,Xuất khẩu,Export_Value,9440.0,million_USD,Actual,PL8
0ca98c71461322d9,2011,1,Cả nước,National,Trade,Thái Bình,Xuất khẩu,Export_Volume,4500.0,1000_ton,Actual,PL8
9d61985531e2373c,2011,1,Cả nước,National,Trade,Thái Bình,Xuất khẩu,Export_Value,3000.0,million_USD,Actual,PL8
e1d47dd2ee603afd,2011,1,Cả nước,National,Trade,Nam Định,Xuất khẩu,Export_Volume,4874.0,1000_ton,Actual,PL8
36320f1ca253e376,2011,1,Cả nước,National,Trade,Nam Định,Xuất khẩu,Export_Value,3012.0,million_USD,Actual,PL8
b66a291822544f97,2011,1,Cả nước,National,Trade,Ninh Bình,Xuất khẩu,Export_Volume,4558.0,1000_ton,Actual,PL8
fb287bca2ec3cc67,2011,1,Cả nước,National,Trade,Ninh Bình,Xuất khẩu,Export_Value,250.0,million_USD,Actual,PL8
921eb5cec2cb0541,2011,1,Cả nước,National,Trade,Thanh Hoá,Xuất khẩu,Export_Volume,5249.0,1000_ton,Actual,PL8
c58bbb488f4d6ca0,2011,1,Cả nước,National,Trade,Thanh Hoá,Xuất khẩu,Export_Value,1830.0,million_USD,Actual,PL8
c40c1d5740796db4,2011,1,Cả nước,National,Trade,Nghệ An,Xuất khẩu,Export_Volume,6335.0,1000_ton,Actual,PL8
4cf839a82ef2da38,2011,1,Cả nước,National,Trade,Nghệ An,Xuất khẩu,Export_Value,534.0,million_USD,Actual,PL8
2804c14cd03d3884,2011,1,Cả nước,National,Trade,Hà Tĩnh,Xuất khẩu,Export_Volume,60.0,1000_ton,Actual,PL8
5e8737a32c485186,2011,1,Cả nước,National,Trade,Hà Tĩnh,Xuất khẩu,Export_Value,125.0,million_USD,Actual,PL8
0cd4ee60bcdb3a36,2011,1,Cả nước,National,Trade,Quảng Trị,Xuất khẩu,Export_Value,375.0,million_USD,Actual,PL8
092be49f6b38ba2d,2011,1,Cả nước,National,Trade,Thừa Thiên Huế,Xuất khẩu,Export_Volume,24.0,1000_ton,Actual,PL8
57b63542a60dc305,2011,1,Cả nước,National,Trade,Thừa Thiên Huế,Xuất khẩu,Export_Value,36.0,million_USD,Actual,PL8
0ad00e0f2cf8bd1c,2011,1,Cả nước,National,Trade,Đà Nẵng,Xuất khẩu,Export_Volume,90.0,1000_ton,Actual,PL8
3568e816d83478d2,2011,1,Cả nước,National,Trade,Quảng Ngãi,Xuất khẩu,Export_Volume,150.0,1000_ton,Actual,PL8
e4eb14b54c8f8638,2011,1,Cả nước,National,Trade,Quảng Ngãi,Xuất khẩu,Export_Value,380.0,million_USD,Actual,PL8
bdda5e524e55fb64,2011,1,Cả nước,National,Trade,Phú Yên,Xuất khẩu,Export_Volume,25.0,1000_ton,Actual,PL8
4c1d9fab2428f336,2011,1,Cả nước,National,Trade,Phú Yên,Xuất khẩu,Export_Value,11.0,million_USD,Actual,PL8
f4ac1f718925ab10,2011,1,Cả nước,National,Trade,Khánh Hoà,Xuất khẩu,Export_Value,4680.0,million_USD,Actual,PL8
a0dc614db970f03c,2011,1,Cả nước,National,Trade,Ni h Th ậnun,Xuất khẩu,Export_Volume,65.0,1000_ton,Actual,PL8
d5e9b686fba87c62,2011,1,Cả nước,National,Trade,Ni h Th ậnun,Xuất khẩu,Export_Value,578.0,million_USD,Actual,PL8
ec39a33501cf47d6,2011,1,Cả nước,National,Trade,Bình Thuận,Xuất khẩu,Export_Volume,2202.0,1000_ton,Actual,PL8
7cb6b6d5100d52e3,2011,1,Cả nước,National,Trade,Bình Thuận,Xuất khẩu,Export_Value,1954.0,million_USD,Actual,PL8
d423b6a5cb28d53d,2011,1,Cả nước,National,Trade,Tây Ninh,Xuất khẩu,Export_Volume,1500.0,1000_ton,Actual,PL8
55046fb19f1c856a,2011,1,Cả nước,National,Trade,Bà Rịa - Vũng Tàu,Xuất khẩu,Export_Volume,187.0,1000_ton,Actual,PL8
9898dd85d71eb139,2011,1,Cả nước,National,Trade,Bà Rịa - Vũng Tàu,Xuất khẩu,Export_Value,2208.0,million_USD,Actual,PL8
764ab5aff411365c,2011,1,Cả nước,National,Trade,TP.Hồ Chí Minh,Xuất khẩu,Export_Volume,2365.0,1000_ton,Actual,PL8
3b8d0c6514671c68,2011,1,Cả nước,National,Trade,TP.Hồ Chí Minh,Xuất khẩu,Export_Value,2722.0,million_USD,Actual,PL8
a820c357c4c24e40,2011,1,Cả nước,National,Trade,Long An,Xuất khẩu,Export_Value,98.0,million_USD,Actual,PL8
fc846f9bb716a17f,2011,1,Cả nước,National,Trade,Bến Tre,Xuất khẩu,Export_Volume,26100.0,1000_ton,Actual,PL8
d379d97107ee5f6f,2011,1,Cả nước,National,Trade,Bến Tre,Xuất khẩu,Export_Value,3750.0,million_USD,Actual,PL8
77f58d9dfaa8e660,2011,1,Cả nước,National,Trade,Trà Vinh,Xuất khẩu,Export_Volume,3036.0,1000_ton,Actual,PL8
416022aaf878076e,2011,1,Cả nước,National,Trade,Trà Vinh,Xuất khẩu,Export_Value,3591.0,million_USD,Actual,PL8
862dd7ceefc8aa08,2011,1,Cả nước,National,Trade,Vĩnh Long,Xuất khẩu,Export_Volume,20447.0,1000_ton,Actual,PL8
34120affc5fb65f7,2011,1,Cả nước,National,Trade,Đồng Tháp,Xuất khẩu,Export_Volume,95181.0,1000_ton,Actual,PL8
bb4267e1f76155c2,2011,1,Cả nước,National,Trade,An Giang,Xuất khẩu,Export_Volume,90000.0,1000_ton,Actual,PL8
9365c28b06149ec0,2011,1,Cả nước,National,Trade,Cần Thơ,Xuất khẩu,Export_Volume,15717.0,1000_ton,Actual,PL8
9e92ca67b8fe93c1,2011,1,Cả nước,National,Trade,Hậu Giang,Xuất khẩu,Export_Volume,8000.0,1000_ton,Actual,PL8
f86589f4a3445fd2,2011,1,Cả nước,National,Trade,Sóc Trăng,Xuất khẩu,Export_Volume,500.0,1000_ton,Actual,PL8
c9f850e257b3a2b5,2011,1,Cả nước,National,Trade,Sóc Trăng,Xuất khẩu,Export_Value,2.0,million_USD,Actual,PL8
4a001df78b3cdb42,2011,1,Cả nước,National,Trade,Bạc Liêu,Xuất khẩu,Export_Value,21115.0,million_USD,Actual,PL8
174fae7b62b86c14,2011,1,Cả nước,National,Trade,Cà Mau,Xuất khẩu,Export_Volume,5204.0,1000_ton,Actual,PL8
9d66b8a77b08f8da,2011,1,Cả nước,National,Trade,Cà Mau,Xuất khẩu,Export_Value,51296.0,million_USD,Actual,PL8
00e300dd34d35766,2011,3,Cả nước,National,Investment,Cả nước,,Investment_Amount,11787.0,million_VND,Plan,PL9
b7b3ce309d1bc256,2011,3,Cả nước,National,Investment,Cả nước,,Investment_Amount,584.0,million_VND,Cumulative,PL9
66253aae435742e6,2011,3,Cả nước,National,Investment,Miền Bắc,,Investment_Amount,2607.0,million_VND,Plan,PL9
27eb3fb94ac93a62,2011,3,Cả nước,National,Investment,Miền Bắc,,Investment_Amount,187.0,million_VND,Cumulative,PL9
a2d81acd9ef12680,2011,3,Cả nước,National,Investment,Sơn Dương,,Investment_Amount,220.0,million_VND,Plan,PL9
f853be9fcdf69a20,2011,3,Cả nước,National,Investment,Sơn Dương,,Investment_Amount,17.0,million_VND,Cumulative,PL9
fe591ef152e99857,2011,3,Cả nước,National,Investment,Cao Bằng,,Investment_Amount,105.0,million_VND,Plan,PL9
57ae65a141947a26,2011,3,Cả nước,National,Investment,Cao Bằng,,Investment_Amount,7.0,million_VND,Cumulative,PL9
8bda35069c8a62f2,2011,3,Cả nước,National,Investment,Sơn La,,Investment_Amount,130.0,million_VND,Plan,PL9
f1616d5947e6bacd,2011,3,Cả nước,National,Investment,Sơn La,,Investment_Amount,8.0,million_VND,Cumulative,PL9
930caf891cb2923b,2011,3,Cả nước,National,Investment,Hoà Bình,,Investment_Amount,55.0,million_VND,Plan,PL9
fab8a87b09d89efa,2011,3,Cả nước,National,Investment,Hoà Bình,,Investment_Amount,4.0,million_VND,Cumulative,PL9
5bf1dd9019c87588,2011,3,Cả nước,National,Investment,Lam Sơn,,Investment_Amount,750.0,million_VND,Plan,PL9
508c00f12739d719,2011,3,Cả nước,National,Investment,Lam Sơn,,Investment_Amount,46.0,million_VND,Cumulative,PL9
a73dd42d01be8120,2011,3,Cả nước,National,Investment,Việt - Đài,,Investment_Amount,387.0,million_VND,Plan,PL9
2b79c6a35f135a57,2011,3,Cả nước,National,Investment,Việt - Đài,,Investment_Amount,34.0,million_VND,Cumulative,PL9
ab84db73333f5fdd,2011,3,Cả nước,National,Investment,Nông Cống,,Investment_Amount,180.0,million_VND,Plan,PL9
c33affecc2b5d686,2011,3,Cả nước,National,Investment,Nông Cống,,Investment_Amount,10.0,million_VND,Cumulative,PL9
58efdb67f5fe7d68,2011,3,Cả nước,National,Investment,N.An-Tate&Lyle,,Investment_Amount,427.0,million_VND,Plan,PL9
64a73b84de806ace,2011,3,Cả nước,National,Investment,N.An-Tate&Lyle,,Investment_Amount,37.0,million_VND,Cumulative,PL9
64fc0ad7bb920cc7,2011,3,Cả nước,National,Investment,Sông Lam,,Investment_Amount,53.0,million_VND,Plan,PL9
f59cc2b62d319b3c,2011,3,Cả nước,National,Investment,Sông Lam,,Investment_Amount,3.0,million_VND,Cumulative,PL9
6dc8e72ecddd3ade,2011,3,Cả nước,National,Investment,Sông Con,,Investment_Amount,300.0,million_VND,Plan,PL9
c5593ffff029c683,2011,3,Cả nước,National,Investment,Sông Con,,Investment_Amount,23.0,million_VND,Cumulative,PL9
06778e8f646a70b7,2011,3,Cả nước,National,Investment,Miền Tr- TN,,Investment_Amount,3970.0,million_VND,Plan,PL9
e95573fb6f08965e,2011,3,Cả nước,National,Investment,Miền Tr- TN,,Investment_Amount,120.0,million_VND,Cumulative,PL9
e4fd7a5288b3d112,2011,3,Cả nước,National,Investment,Phổ Phong,,Investment_Amount,230.0,million_VND,Plan,PL9
94bac9dbd917b831,2011,3,Cả nước,National,Investment,Phổ Phong,,Investment_Amount,6.0,million_VND,Cumulative,PL9
300deffc750aaa51,2011,3,Cả nước,National,Investment,An Khê,,Investment_Amount,650.0,million_VND,Plan,PL9
bb1adff2732d853c,2011,3,Cả nước,National,Investment,An Khê,,Investment_Amount,27.0,million_VND,Cumulative,PL9
2c1afca4bb46808e,2011,3,Cả nước,National,Investment,Bình Định,,Investment_Amount,420.0,million_VND,Plan,PL9
434e376b04cf45be,2011,3,Cả nước,National,Investment,Bình Định,,Investment_Amount,18.0,million_VND,Cumulative,PL9
6423d768c92ecec5,2011,3,Cả nước,National,Investment,KCP Phú Yên,,Investment_Amount,630.0,million_VND,Plan,PL9
328d9ed356bf6cb8,2011,3,Cả nước,National,Investment,KCP Phú Yên,,Investment_Amount,8.0,million_VND,Cumulative,PL9
eb244582f7bd6f6c,2011,3,Cả nước,National,Investment,Tuy Hoà,,Investment_Amount,200.0,million_VND,Plan,PL9
bb1102c9341f2c9d,2011,3,Cả nước,National,Investment,Tuy Hoà,,Investment_Amount,5.0,million_VND,Cumulative,PL9
ae44238424640f87,2011,3,Cả nước,National,Investment,Ninh Hoà,,Investment_Amount,330.0,million_VND,Plan,PL9
255316272085551e,2011,3,Cả nước,National,Investment,Ninh Hoà,,Investment_Amount,10.0,million_VND,Cumulative,PL9
060bbc3d9f708cab,2011,3,Cả nước,National,Investment,Khánh Hoà,,Investment_Amount,500.0,million_VND,Plan,PL9
f1873e7d75a30e7f,2011,3,Cả nước,National,Investment,Khánh Hoà,,Investment_Amount,8.0,million_VND,Cumulative,PL9
c647c5ddeb27f3f6,2011,3,Cả nước,National,Investment,Gia Lai,,Investment_Amount,300.0,million_VND,Plan,PL9
08d71496e2d60d94,2011,3,Cả nước,National,Investment,Gia Lai,,Investment_Amount,13.0,million_VND,Cumulative,PL9
9db0a0cd8b8c130b,2011,3,Cả nước,National,Investment,Kon Tum,,Investment_Amount,165.0,million_VND,Plan,PL9
d19c1fa1ca98301b,2011,3,Cả nước,National,Investment,Kon Tum,,Investment_Amount,9.0,million_VND,Cumulative,PL9
9ccc4003be5134ce,2011,3,Cả nước,National,Investment,333 Đắc Lắc,,Investment_Amount,200.0,million_VND,Plan,PL9
e61855de638c7996,2011,3,Cả nước,National,Investment,333 Đắc Lắc,,Investment_Amount,5.0,million_VND,Cumulative,PL9
df8d4b02403d57e4,2011,3,Cả nước,National,Investment,Đắc Nông,,Investment_Amount,170.0,million_VND,Plan,PL9
6b2f3fd146beb64c,2011,3,Cả nước,National,Investment,Đắc Nông,,Investment_Amount,8.0,million_VND,Cumulative,PL9
e7dcf154645eed38,2011,3,Cả nước,National,Investment,Phan Rang,,Investment_Amount,110.0,million_VND,Plan,PL9
4186212265e470ac,2011,3,Cả nước,National,Investment,Phan Rang,,Investment_Amount,3.0,million_VND,Cumulative,PL9
2ef4ee4a0c42c5bd,2011,3,Cả nước,National,Investment,Sugar VN,,Investment_Amount,65.0,million_VND,Plan,PL9
96afb73ec2001bf1,2011,3,Cả nước,National,Investment,Sugar VN,,Investment_Amount,3.0,million_VND,Cumulative,PL9
27633ced9e6b331c,2011,3,Cả nước,National,Investment,Miền Nam,,Investment_Amount,5210.0,million_VND,Plan,PL9
a81380fb67b36dbb,2011,3,Cả nước,National,Investment,Miền Nam,,Investment_Amount,277.0,million_VND,Cumulative,PL9
4b3b80fb6ba90ef8,2011,3,Cả nước,National,Investment,Biên Hoà Trị An,,Investment_Amount,190.0,million_VND,Plan,PL9
f3ac1ae4c95a081d,2011,3,Cả nước,National,Investment,Biên Hoà Trị An,,Investment_Amount,8.0,million_VND,Cumulative,PL9
5502ee6fa6a80d0b,2011,3,Cả nước,National,Investment,La Ngà,,Investment_Amount,250.0,million_VND,Plan,PL9
dcc9531ed8bae0ed,2011,3,Cả nước,National,Investment,La Ngà,,Investment_Amount,10.0,million_VND,Cumulative,PL9
25ec20024f5e6ee2,2011,3,Cả nước,National,Investment,Hiệp Hoà,,Investment_Amount,258.0,million_VND,Plan,PL9
61f87aaf3e55e8c8,2011,3,Cả nước,National,Investment,Hiệp Hoà,,Investment_Amount,12.0,million_VND,Cumulative,PL9
b12460a09110d864,2011,3,Cả nước,National,Investment,Biên Hòa TN,,Investment_Amount,410.0,million_VND,Plan,PL9
49c78de292a8fa0d,2011,3,Cả nước,National,Investment,Biên Hòa TN,,Investment_Amount,22.0,million_VND,Cumulative,PL9
16f6d062b56ac37d,2011,3,Cả nước,National,Investment,Bourbon TN,,Investment_Amount,900.0,million_VND,Plan,PL9
733ad5950b0883be,2011,3,Cả nước,National,Investment,Bourbon TN,,Investment_Amount,52.0,million_VND,Cumulative,PL9
de38ad9303401ce6,2011,3,Cả nước,National,Investment,NIVL,,Investment_Amount,750.0,million_VND,Plan,PL9
b43503816203525d,2011,3,Cả nước,National,Investment,NIVL,,Investment_Amount,30.0,million_VND,Cumulative,PL9
dc66a79b584f2e2c,2011,3,Cả nước,National,Investment,Nước Trong,,Investment_Amount,220.0,million_VND,Plan,PL9
b752cb9728d2e91b,2011,3,Cả nước,National,Investment,Nước Trong,,Investment_Amount,17.0,million_VND,Cumulative,PL9
43b38eb1b44c87e2,2011,3,Cả nước,National,Investment,Sóc Trăng,,Investment_Amount,350.0,million_VND,Plan,PL9
31e075e907c0d796,2011,3,Cả nước,National,Investment,Sóc Trăng,,Investment_Amount,17.0,million_VND,Cumulative,PL9
71bfb437b92f7207,2011,3,Cả nước,National,Investment,Kiên Giang,,Investment_Amount,100.0,million_VND,Plan,PL9
08134a42751dd11a,2011,3,Cả nước,National,Investment,Kiên Giang,,Investment_Amount,5.0,million_VND,Cumulative,PL9
70706cdb358d1667,2011,3,Cả nước,National,Investment,Bến Tre,,Investment_Amount,270.0,million_VND,Plan,PL9
048b444821616d86,2011,3,Cả nước,National,Investment,Bến Tre,,Investment_Amount,13.0,million_VND,Cumulative,PL9
9df7000731acf58b,2011,3,Cả nước,National,Investment,Phụng Hiệp,,Investment_Amount,450.0,million_VND,Plan,PL9
e888967fce0bfd51,2011,3,Cả nước,National,Investment,Phụng Hiệp,,Investment_Amount,23.0,million_VND,Cumulative,PL9
914db585c4e38b4e,2011,3,Cả nước,National,Investment,Vị Thanh,,Investment_Amount,550.0,million_VND,Plan,PL9
7e8babf64bad245d,2011,3,Cả nước,National,Investment,Vị Thanh,,Investment_Amount,30.0,million_VND,Cumulative,PL9
23ce05fd72d1d2f6,2011,3,Cả nước,National,Investment,Long Mỹ Phát,,Investment_Amount,260.0,million_VND,Plan,PL9
f69d6caa4330c8c6,2011,3,Cả nước,National,Investment,Long Mỹ Phát,,Investment_Amount,13.0,million_VND,Cumulative,PL9
c02b1a3011948a51,2011,3,Cả nước,National,Investment,Cà Mau,,Investment_Amount,142.0,million_VND,Plan,PL9
0329394fb396740a,2011,3,Cả nước,National,Investment,Cà Mau,,Investment_Amount,9.0,million_VND,Cumulative,PL9
9f6b7e375ef8d8d3,2011,3,Cả nước,National,Investment,Trà Vinh,,Investment_Amount,300.0,million_VND,Plan,PL9
df1a0f8e20459ef3,2011,3,Cả nước,National,Investment,Trà Vinh,,Investment_Amount,18.0,million_VND,Cumulative,PL9
2720e862e249fe17,2010,4,1. Gieo cấy lúa hè thu miền Nam,Provincial,Cultivation,Unknown,,Area_Planted,6743.0,1000_ha,Actual,PL1
9c5835be735abbd0,2010,4,2. Thu hoạch lúa đông xuân miền Nam,Provincial,Cultivation,Lúa,Đông Xuân,Area_Harvested,16487.0,1000_ha,Actual,PL1
8ef031ff79d79db3,2011,4,2. Thu hoạch lúa đông xuân miền Nam,Provincial,Cultivation,Lúa,Đông Xuân,Area_Harvested,828.0,1000_ha,Actual,PL1
d37161dd9e4cc740,2010,4,3.1. Gieo trồng màu lương thực,Provincial,Cultivation,Màu lương thực,,Area_Planted,7982.0,1000_ha,Actual,PL1
01b683c4c813ffe0,2010,4,- Khoai lang,Provincial,Cultivation,Khoai lang,,Area_Planted,940.0,1000_ha,Actual,PL1
ee70bfa884f47220,2010,4,- Sắn,Provincial,Cultivation,Sắn,,Area_Planted,1860.0,1000_ha,Actual,PL1
fcc13a76149c2e95,2010,4,3.2. Gieo trồng cây công nghiệp,Provincial,Cultivation,Unknown,,Area_Planted,4689.0,1000_ha,Actual,PL1
5f441d7e42c83fca,2010,4,- Lạc,Provincial,Cultivation,Lạc,,Area_Planted,1721.0,1000_ha,Actual,PL1
fefa8b0cc9fecffb,2010,4,- Mía,Provincial,Cultivation,Unknown,,Area_Planted,1427.0,1000_ha,Actual,PL1
6122d0e555b3f877,2010,4,- Thuốc lá,Provincial,Cultivation,Unknown,,Area_Planted,189.0,1000_ha,Actual,PL1
adf4249ad332b812,2010,4,"4. Gieo trồng rau, đậu các loại",Provincial,Cultivation,Rau đậu,,Area_Planted,4472.0,1000_ha,Actual,PL1
917c450b99f6844c,2011,11,2=(3+7),International,Trade,Tổngsản lượng,Xuất khẩu,Export_Volume,6.0,ton,Actual,PL11
d6a32aa344367197,2011,11,1483945.4,International,Trade,Tổngsản lượng,Xuất khẩu,Export_Volume,1982704.0,ton,Actual,PL11
99bf694ae2fd93de,2011,11,1483945.4,International,Trade,Tổngsản lượng,Xuất khẩu,Export_Value,7866044.0,1000_USD,Actual,PL11
be6ba92435ba3801,2011,11,22211.0,International,Trade,Tổngsản lượng,Xuất khẩu,Export_Volume,58210.0,ton,Actual,PL11
e3fc65aa5fd027b4,2011,11,22211.0,International,Trade,Tổngsản lượng,Xuất khẩu,Export_Value,153340.0,1000_USD,Actual,PL11
5b85e521c50352b1,2011,11,27450.0,International,Trade,Tổngsản lượng,Xuất khẩu,Export_Volume,135900.0,ton,Actual,PL11
a23f54d0d2dfe96a,2011,11,27450.0,International,Trade,Tổngsản lượng,Xuất khẩu,Export_Value,138600.0,1000_USD,Actual,PL11
90732e30c5bf6881,2011,11,24863.0,International,Trade,Tổngsản lượng,Xuất khẩu,Export_Volume,45000.0,ton,Actual,PL11
e1005169573ec222,2011,11,24863.0,International,Trade,Tổngsản lượng,Xuất khẩu,Export_Value,143630.0,1000_USD,Actual,PL11
d601384e2673792f,2011,11,22265.0,International,Trade,Tổngsản lượng,Xuất khẩu,Export_Volume,58450.0,ton,Actual,PL11
693d702bc30859cb,2011,11,22265.0,International,Trade,Tổngsản lượng,Xuất khẩu,Export_Value,94500.0,1000_USD,Actual,PL11
7d5c4cb0b2663339,2011,11,8718.0,International,Trade,Tổngsản lượng,Xuất khẩu,Export_Volume,6300.0,ton,Actual,PL11
6066e777d7c73e88,2011,11,8718.0,International,Trade,Tổngsản lượng,Xuất khẩu,Export_Value,26700.0,1000_USD,Actual,PL11
0abcd6a65d887bc1,2011,11,17004.0,International,Trade,Tổngsản lượng,Xuất khẩu,Export_Volume,34430.0,ton,Actual,PL11
e5d06345bf06c3a6,2011,11,17004.0,International,Trade,Tổngsản lượng,Xuất khẩu,Export_Value,69550.0,1000_USD,Actual,PL11
f6688b6243e94024,2011,11,31809.0,International,Trade,Tổngsản lượng,Xuất khẩu,Export_Volume,8000.0,ton,Actual,PL11
3fb7e8aaf37df261,2011,11,31809.0,International,Trade,Tổngsản lượng,Xuất khẩu,Export_Value,230450.0,1000_USD,Actual,PL11
bfd9e193c27ce5a1,2011,11,7527.0,International,Trade,Tổngsản lượng,Xuất khẩu,Export_Volume,4460.0,ton,Actual,PL11
a2fa44e61636175b,2011,11,7527.0,International,Trade,Tổngsản lượng,Xuất khẩu,Export_Value,55800.0,1000_USD,Actual,PL11
06281077ff657c51,2011,11,7861.0,International,Trade,Tổngsản lượng,Xuất khẩu,Export_Value,78610.0,1000_USD,Actual,PL11
4fdcb4dc4f807bf5,2011,11,9428.0,International,Trade,Tổngsản lượng,Xuất khẩu,Export_Volume,3000.0,ton,Actual,PL11
8395c4738d7f515f,2011,11,9428.0,International,Trade,Tổngsản lượng,Xuất khẩu,Export_Value,65000.0,1000_USD,Actual,PL11
b31aa700cb2c7399,2011,11,40600.0,International,Trade,Tổngsản lượng,Xuất khẩu,Export_Volume,65000.0,ton,Actual,PL11
a115acbb6e43ebe1,2011,11,40600.0,International,Trade,Tổngsản lượng,Xuất khẩu,Export_Value,300000.0,1000_USD,Actual,PL11
00856a621a5aba30,2011,11,13550.0,International,Trade,Tổngsản lượng,Xuất khẩu,Export_Value,134000.0,1000_USD,Actual,PL11
eda2e22f0edc1f23,2011,11,28644.0,International,Trade,Tổngsản lượng,Xuất khẩu,Export_Volume,440.0,ton,Actual,PL11
5ac2a956575e9ccb,2011,11,28644.0,International,Trade,Tổngsản lượng,Xuất khẩu,Export_Value,279790.0,1000_USD,Actual,PL11
6a9861100a62c41a,2011,11,43093.9,International,Trade,Tổngsản lượng,Xuất khẩu,Export_Volume,2839.0,ton,Actual,PL11
b25cc56ebce45745,2011,11,43093.9,International,Trade,Tổngsản lượng,Xuất khẩu,Export_Value,428100.0,1000_USD,Actual,PL11
dafb89e89650d442,2011,11,18330.0,International,Trade,Tổngsản lượng,Xuất khẩu,Export_Volume,5170.0,ton,Actual,PL11
96f8941c7705c795,2011,11,18330.0,International,Trade,Tổngsản lượng,Xuất khẩu,Export_Value,177500.0,1000_USD,Actual,PL11
cec1f40182cc87f6,2011,11,34200.0,International,Trade,Tổngsản lượng,Xuất khẩu,Export_Volume,64000.0,ton,Actual,PL11
2c2c9e498182386e,2011,11,34200.0,International,Trade,Tổngsản lượng,Xuất khẩu,Export_Value,278000.0,1000_USD,Actual,PL11
3a85a46cf6daa912,2011,11,17359.0,International,Trade,Tổngsản lượng,Xuất khẩu,Export_Volume,19490.0,ton,Actual,PL11
28aed6f8bf557f6b,2011,11,17359.0,International,Trade,Tổngsản lượng,Xuất khẩu,Export_Value,153150.0,1000_USD,Actual,PL11
3ab4765181cdcb83,2011,11,45388.0,International,Trade,Tổngsản lượng,Xuất khẩu,Export_Volume,23410.0,ton,Actual,PL11
b183a33c7d3ee454,2011,11,45388.0,International,Trade,Tổngsản lượng,Xuất khẩu,Export_Value,404750.0,1000_USD,Actual,PL11
f178b279cc34bd57,2011,11,3400.0,International,Trade,Tổngsản lượng,Xuất khẩu,Export_Value,14000.0,1000_USD,Actual,PL11
ca932fb2eb0669b0,2011,11,86781.0,International,Trade,Tổngsản lượng,Xuất khẩu,Export_Volume,45900.0,ton,Actual,PL11
947c56eaba45d0bf,2011,11,86781.0,International,Trade,Tổngsản lượng,Xuất khẩu,Export_Value,806010.0,1000_USD,Actual,PL11
c3e95ccb6a77c41c,2011,11,13001.0,International,Trade,Tổngsản lượng,Xuất khẩu,Export_Volume,32310.0,ton,Actual,PL11
198683959ddbdcac,2011,11,13001.0,International,Trade,Tổngsản lượng,Xuất khẩu,Export_Value,69450.0,1000_USD,Actual,PL11
9c9d704794b2d5fe,2011,11,4992.0,International,Trade,Tổngsản lượng,Xuất khẩu,Export_Volume,9890.0,ton,Actual,PL11
cfea503615fcf21b,2011,11,4992.0,International,Trade,Tổngsản lượng,Xuất khẩu,Export_Value,40030.0,1000_USD,Actual,PL11
ae87d0bc92b8c20d,2011,11,69336.0,International,Trade,Tổngsản lượng,Xuất khẩu,Export_Volume,113340.0,ton,Actual,PL11
2f13999440a4c646,2011,11,69336.0,International,Trade,Tổngsản lượng,Xuất khẩu,Export_Value,275620.0,1000_USD,Actual,PL11
f79681a97f6c9b6e,2011,11,64250.0,International,Trade,Tổngsản lượng,Xuất khẩu,Export_Volume,37500.0,ton,Actual,PL11
000753f78d0f6012,2011,11,64250.0,International,Trade,Tổngsản lượng,Xuất khẩu,Export_Value,325000.0,1000_USD,Actual,PL11
fe328e1f295d047b,2011,11,33221.0,International,Trade,Tổngsản lượng,Xuất khẩu,Export_Volume,20200.0,ton,Actual,PL11
750ea2c00f275eb2,2011,11,33221.0,International,Trade,Tổngsản lượng,Xuất khẩu,Export_Value,225010.0,1000_USD,Actual,PL11
35e6294bbb2a3fe0,2011,11,50462.0,International,Trade,Tổngsản lượng,Xuất khẩu,Export_Value,23000.0,1000_USD,Actual,PL11
2d5824603f13a344,2011,11,130688.3,International,Trade,Tổngsản lượng,Xuất khẩu,Export_Value,18735.0,1000_USD,Actual,PL11
fe92a431734900d9,2011,11,125869.3,International,Trade,Tổngsản lượng,Xuất khẩu,Export_Value,100000.0,1000_USD,Actual,PL11
49fdf0ccc3c3f4be,2011,11,140163.0,International,Trade,Tổngsản lượng,Xuất khẩu,Export_Volume,92770.0,ton,Actual,PL11
8da3b9e3be157361,2011,11,140163.0,International,Trade,Tổngsản lượng,Xuất khẩu,Export_Value,1181010.0,1000_USD,Actual,PL11
1180b817df4261f5,2011,11,14532.0,International,Trade,Tổngsản lượng,Xuất khẩu,Export_Volume,110.0,ton,Actual,PL11
645d51c200b40ce6,2011,11,14532.0,International,Trade,Tổngsản lượng,Xuất khẩu,Export_Value,137210.0,1000_USD,Actual,PL11
717232409fbc87bf,2011,11,61304.7,International,Trade,Tổngsản lượng,Xuất khẩu,Export_Volume,307550.0,ton,Actual,PL11
5f51294d0afad688,2011,11,61304.7,International,Trade,Tổngsản lượng,Xuất khẩu,Export_Value,305497.0,1000_USD,Actual,PL11
0382545fc4477b47,2011,11,131198.0,International,Trade,Tổngsản lượng,Xuất khẩu,Export_Volume,681940.0,ton,Actual,PL11
bb66ec187597ec6d,2011,11,131198.0,International,Trade,Tổngsản lượng,Xuất khẩu,Export_Value,562000.0,1000_USD,Actual,PL11
0459b751efce0cd9,2011,4,Cả nước,National,Investment,CẢ NƯỚC,,Investment_Amount,9679000.0,million_VND,Plan,PL13
5669a95d237d5096,2011,4,Cả nước,National,Investment,CẢ NƯỚC,,Investment_Amount,178900.0,million_VND,Cumulative,PL13
3f6d496d99344125,2011,4,Cả nước,National,Investment,Miền Bắc,,Investment_Amount,2442000.0,million_VND,Plan,PL13
a4f02d5ca135ebf5,2011,4,Cả nước,National,Investment,Miền Bắc,,Investment_Amount,28600.0,million_VND,Cumulative,PL13
7dde61b918c32224,2011,4,Cả nước,National,Investment,Sơn Dương,,Investment_Amount,194000.0,million_VND,Plan,PL13
9d76d7866d335062,2011,4,Cả nước,National,Investment,Sơn Dương,,Investment_Amount,3200.0,million_VND,Cumulative,PL13
0d4f50a815003230,2011,4,Cả nước,National,Investment,Cao Bằng,,Investment_Amount,90000.0,million_VND,Plan,PL13
ed67827b469fbe47,2011,4,Cả nước,National,Investment,Cao Bằng,,Investment_Amount,1600.0,million_VND,Cumulative,PL13
69a07a90b3f5d41f,2011,4,Cả nước,National,Investment,Sơn La,,Investment_Amount,125000.0,million_VND,Plan,PL13
688c61e4f51c3c9d,2011,4,Cả nước,National,Investment,Sơn La,,Investment_Amount,200.0,million_VND,Cumulative,PL13
6caa6cf3dfcb8229,2011,4,Cả nước,National,Investment,Hoà Bình,,Investment_Amount,55000.0,million_VND,Plan,PL13
008a7c46f6b0ef1e,2011,4,Cả nước,National,Investment,Lam Sơn,,Investment_Amount,660000.0,million_VND,Plan,PL13
90d242d9adbd1a2c,2011,4,Cả nước,National,Investment,Lam Sơn,,Investment_Amount,18000.0,million_VND,Cumulative,PL13
b4969d1235c36270,2011,4,Cả nước,National,Investment,Việt - Đài,,Investment_Amount,387000.0,million_VND,Plan,PL13
ae8ad81b48dce79b,2011,4,Cả nước,National,Investment,Nông Cống,,Investment_Amount,159000.0,million_VND,Plan,PL13
e4421b25776dc676,2011,4,Cả nước,National,Investment,Nông Cống,,Investment_Amount,4600.0,million_VND,Cumulative,PL13
995f2e8bacb58b8d,2011,4,Cả nước,National,Investment,N.An-Tate&Lyle,,Investment_Amount,427000.0,million_VND,Plan,PL13
325415de4a5a60aa,2011,4,Cả nước,National,Investment,Sông Lam,,Investment_Amount,45000.0,million_VND,Plan,PL13
1ca157c5c554cc8f,2011,4,Cả nước,National,Investment,Sông Lam,,Investment_Amount,1000.0,million_VND,Cumulative,PL13
94bd57ec458ba3dc,2011,4,Cả nước,National,Investment,Sông Con,,Investment_Amount,300000.0,million_VND,Plan,PL13
d5cbc75cd0cc5579,2011,4,Cả nước,National,Investment,Miền Tr- TN,,Investment_Amount,2572000.0,million_VND,Plan,PL13
0dff14fd45859546,2011,4,Cả nước,National,Investment,Miền Tr- TN,,Investment_Amount,91600.0,million_VND,Cumulative,PL13
fee64d4a3fca4af6,2011,4,Cả nước,National,Investment,Phổ Phong,,Investment_Amount,136000.0,million_VND,Plan,PL13
b5acc1b51d8ecb23,2011,4,Cả nước,National,Investment,Phổ Phong,,Investment_Amount,4500.0,million_VND,Cumulative,PL13
45bea3525ef41c80,2011,4,Cả nước,National,Investment,An Khê,,Investment_Amount,450000.0,million_VND,Plan,PL13
039a5a831bbba975,2011,4,Cả nước,National,Investment,An Khê,,Investment_Amount,11000.0,million_VND,Cumulative,PL13
8a23bb8c2809fcba,2011,4,Cả nước,National,Investment,Bình Định,,Investment_Amount,310000.0,million_VND,Plan,PL13
906f8945f8002b42,2011,4,Cả nước,National,Investment,Bình Định,,Investment_Amount,9500.0,million_VND,Cumulative,PL13
08110b8f9779a8a3,2011,4,Cả nước,National,Investment,KCP Phú Yên,,Investment_Amount,305000.0,million_VND,Plan,PL13
e96c50e69b89b7e6,2011,4,Cả nước,National,Investment,KCP Phú Yên,,Investment_Amount,13700.0,million_VND,Cumulative,PL13
5e9f7a3a319a957b,2011,4,Cả nước,National,Investment,Tuy Hoà,,Investment_Amount,100000.0,million_VND,Plan,PL13
9a71f25f2a4144e7,2011,4,Cả nước,National,Investment,Tuy Hoà,,Investment_Amount,3400.0,million_VND,Cumulative,PL13
8794d51e6843ecf3,2011,4,Cả nước,National,Investment,Ninh Hoà,,Investment_Amount,200000.0,million_VND,Plan,PL13
9ca8ab1064befcd0,2011,4,Cả nước,National,Investment,Ninh Hoà,,Investment_Amount,8000.0,million_VND,Cumulative,PL13
872890af5fab9fe5,2011,4,Cả nước,National,Investment,Khánh Hoà,,Investment_Amount,350000.0,million_VND,Plan,PL13
d3fbc372bf56eb13,2011,4,Cả nước,National,Investment,Khánh Hoà,,Investment_Amount,20000.0,million_VND,Cumulative,PL13
4c53baea21e6404e,2011,4,Cả nước,National,Investment,Gia Lai,,Investment_Amount,199000.0,million_VND,Plan,PL13
6539ec4295bf5ccc,2011,4,Cả nước,National,Investment,Gia Lai,,Investment_Amount,5700.0,million_VND,Cumulative,PL13
5803b21bb0947def,2011,4,Cả nước,National,Investment,Kon Tum,,Investment_Amount,150000.0,million_VND,Plan,PL13
5a5baeee1acb24aa,2011,4,Cả nước,National,Investment,Kon Tum,,Investment_Amount,4000.0,million_VND,Cumulative,PL13
5e5c54c4aa17851f,2011,4,Cả nước,National,Investment,333 Đắc Lắc,,Investment_Amount,111000.0,million_VND,Plan,PL13
dafd1d51514080da,2011,4,Cả nước,National,Investment,333 Đắc Lắc,,Investment_Amount,4800.0,million_VND,Cumulative,PL13
611cc854b2b534ab,2011,4,Cả nước,National,Investment,Đắc Nông,,Investment_Amount,133000.0,million_VND,Plan,PL13
4d7d724722bf5243,2011,4,Cả nước,National,Investment,Đắc Nông,,Investment_Amount,4500.0,million_VND,Cumulative,PL13
5e24512605156def,2011,4,Cả nước,National,Investment,Phan Rang,,Investment_Amount,63000.0,million_VND,Plan,PL13
db874845d5e67a0b,2011,4,Cả nước,National,Investment,Phan Rang,,Investment_Amount,2500.0,million_VND,Cumulative,PL13
60fa21a16afd56ae,2011,4,Cả nước,National,Investment,Sugar VN,,Investment_Amount,65000.0,million_VND,Plan,PL13
4a7f5fbbfda29fe8,2011,4,Cả nước,National,Investment,Miền Nam,,Investment_Amount,4665000.0,million_VND,Plan,PL13
6ca0cf3cf16481a6,2011,4,Cả nước,National,Investment,Miền Nam,,Investment_Amount,58700.0,million_VND,Cumulative,PL13
4c0277264c02f851,2011,4,Cả nước,National,Investment,Biên Hoà Trị An,,Investment_Amount,150000.0,million_VND,Plan,PL13
742208bf6efddf55,2011,4,Cả nước,National,Investment,Biên Hoà Trị An,,Investment_Amount,3000.0,million_VND,Cumulative,PL13
ac8c1372edca4911,2011,4,Cả nước,National,Investment,La Ngà,,Investment_Amount,200000.0,million_VND,Plan,PL13
d7b182ce9e41d607,2011,4,Cả nước,National,Investment,La Ngà,,Investment_Amount,5800.0,million_VND,Cumulative,PL13
921da60f2a63da1a,2011,4,Cả nước,National,Investment,Hiệp Hoà,,Investment_Amount,214000.0,million_VND,Plan,PL13
3ecb639687d798a5,2011,4,Cả nước,National,Investment,Hiệp Hoà,,Investment_Amount,3100.0,million_VND,Cumulative,PL13
2ce35e27141ec85c,2011,4,Cả nước,National,Investment,Biên Hòa TN,,Investment_Amount,390000.0,million_VND,Plan,PL13
128cc1fae2048212,2011,4,Cả nước,National,Investment,Biên Hòa TN,,Investment_Amount,4000.0,million_VND,Cumulative,PL13
84223217d1bb138b,2011,4,Cả nước,National,Investment,Bourbon TN,,Investment_Amount,880000.0,million_VND,Plan,PL13
025e935493544c17,2011,4,Cả nước,National,Investment,Bourbon TN,,Investment_Amount,5500.0,million_VND,Cumulative,PL13
f98a07bd7adb5df3,2011,4,Cả nước,National,Investment,NIVL,,Investment_Amount,555000.0,million_VND,Plan,PL13
248b6853bbf9da33,2011,4,Cả nước,National,Investment,NIVL,,Investment_Amount,8200.0,million_VND,Cumulative,PL13
7221f5a38bfd4dd9,2011,4,Cả nước,National,Investment,Nước Trong,,Investment_Amount,220000.0,million_VND,Plan,PL13
4c7dba068f5e9a10,2011,4,Cả nước,National,Investment,Sóc Trăng,,Investment_Amount,300000.0,million_VND,Plan,PL13
6ec5ce339d7d2d27,2011,4,Cả nước,National,Investment,Sóc Trăng,,Investment_Amount,7000.0,million_VND,Cumulative,PL13
2bd5cb15b667b24b,2011,4,Cả nước,National,Investment,Kiên Giang,,Investment_Amount,100000.0,million_VND,Plan,PL13
b908f1931403b7bd,2011,4,Cả nước,National,Investment,Kiên Giang,,Investment_Amount,300.0,million_VND,Cumulative,PL13
e0f1f8733b6072b7,2011,4,Cả nước,National,Investment,Bến Tre,,Investment_Amount,230000.0,million_VND,Plan,PL13
ddc945caf6d2e392,2011,4,Cả nước,National,Investment,Bến Tre,,Investment_Amount,4200.0,million_VND,Cumulative,PL13
89855fece9512388,2011,4,Cả nước,National,Investment,Phụng Hiệp,,Investment_Amount,360000.0,million_VND,Plan,PL13
13694076d2a72e3c,2011,4,Cả nước,National,Investment,Phụng Hiệp,,Investment_Amount,5000.0,million_VND,Cumulative,PL13
008eb85c5602a086,2011,4,Cả nước,National,Investment,Vị Thanh,,Investment_Amount,429000.0,million_VND,Plan,PL13
89aca53a53f07813,2011,4,Cả nước,National,Investment,Vị Thanh,,Investment_Amount,5300.0,million_VND,Cumulative,PL13
71a802187e385623,2011,4,Cả nước,National,Investment,Long Mỹ Phát,,Investment_Amount,210000.0,million_VND,Plan,PL13
6dd18e1968531834,2011,4,Cả nước,National,Investment,Long Mỹ Phát,,Investment_Amount,2000.0,million_VND,Cumulative,PL13
96f891c1afaf3d82,2011,4,Cả nước,National,Investment,Cà Mau,,Investment_Amount,142000.0,million_VND,Plan,PL13
8861447bb280478b,2011,4,Cả nước,National,Investment,Cà Mau,,Investment_Amount,300.0,million_VND,Cumulative,PL13
839d9092ccde4725,2011,4,Cả nước,National,Investment,Trà Vinh,,Investment_Amount,285000.0,million_VND,Plan,PL13
1534bdc57968904d,2011,4,Cả nước,National,Investment,Trà Vinh,,Investment_Amount,5000.0,million_VND,Cumulative,PL13
9d23175c7380ea21,2011,4,Miền Bắc,Provincial,Cultivation,Lúa,,Area_Planted,1129388.0,ha,Actual,PL2
9d23175c7380ea21,2011,4,Miền Bắc,Provincial,Cultivation,Lúa,,Area_Planted,631695.0,ha,Actual,PL2
12f0a60de58622d7,2011,4,Miền Bắc,Provincial,Cultivation,Ngô,,Area_Planted,433511.0,ha,Actual,PL2
cc627aa46375e8eb,2011,4,Miền Bắc,Provincial,Cultivation,Khoai lang,,Area_Planted,78629.0,ha,Actual,PL2
2eeb8cd5dea594d0,2011,4,Miền Bắc,Provincial,Cultivation,Sắn,,Area_Planted,113990.0,ha,Actual,PL2
9d23175c7380ea21,2011,4,Miền Bắc,Provincial,Cultivation,Lúa,,Area_Planted,5566.0,ha,Actual,PL2
f832b3ff3d1e1658,2011,4,ĐB sông Hồng,Provincial,Cultivation,Lúa,,Area_Planted,564005.0,ha,Actual,PL2
f832b3ff3d1e1658,2011,4,ĐB sông Hồng,Provincial,Cultivation,Lúa,,Area_Planted,109389.0,ha,Actual,PL2
74c35f8443fbda22,2011,4,ĐB sông Hồng,Provincial,Cultivation,Ngô,,Area_Planted,82121.0,ha,Actual,PL2
131639c3e43d151c,2011,4,ĐB sông Hồng,Provincial,Cultivation,Khoai lang,,Area_Planted,21746.0,ha,Actual,PL2
a33aabe8ec3180eb,2011,4,ĐB sông Hồng,Provincial,Cultivation,Sắn,,Area_Planted,4099.0,ha,Actual,PL2
f832b3ff3d1e1658,2011,4,ĐB sông Hồng,Provincial,Cultivation,Lúa,,Area_Planted,1422.0,ha,Actual,PL2
8cca7eb2c885cb9c,2011,4,Hà Nội,Provincial,Cultivation,Lúa,,Area_Planted,100387.0,ha,Actual,PL2
8cca7eb2c885cb9c,2011,4,Hà Nội,Provincial,Cultivation,Lúa,,Area_Planted,26383.0,ha,Actual,PL2
d167d01e911b6dff,2011,4,Hà Nội,Provincial,Cultivation,Ngô,,Area_Planted,20368.0,ha,Actual,PL2
bd5d0b18bb5dd233,2011,4,Hà Nội,Provincial,Cultivation,Khoai lang,,Area_Planted,4868.0,ha,Actual,PL2
41bf9caf40c02e77,2011,4,Hà Nội,Provincial,Cultivation,Sắn,,Area_Planted,690.0,ha,Actual,PL2
8cca7eb2c885cb9c,2011,4,Hà Nội,Provincial,Cultivation,Lúa,,Area_Planted,457.0,ha,Actual,PL2
0d4f222104bc7336,2011,4,Hải Phòng,Provincial,Cultivation,Lúa,,Area_Planted,38507.0,ha,Actual,PL2
0d4f222104bc7336,2011,4,Hải Phòng,Provincial,Cultivation,Lúa,,Area_Planted,3263.0,ha,Actual,PL2
76babc3f9a3eeac2,2011,4,Hải Phòng,Provincial,Cultivation,Ngô,,Area_Planted,2151.0,ha,Actual,PL2
0fdac7d140c578e5,2011,4,Hải Phòng,Provincial,Cultivation,Khoai lang,,Area_Planted,1112.0,ha,Actual,PL2
391a187b278cf623,2011,4,Vĩnh Phúc,Provincial,Cultivation,Lúa,,Area_Planted,31371.0,ha,Actual,PL2
391a187b278cf623,2011,4,Vĩnh Phúc,Provincial,Cultivation,Lúa,,Area_Planted,19145.0,ha,Actual,PL2
63d858ae7e5e2778,2011,4,Vĩnh Phúc,Provincial,Cultivation,Ngô,,Area_Planted,15087.0,ha,Actual,PL2
9f1ee0e1b97ccdd6,2011,4,Vĩnh Phúc,Provincial,Cultivation,Khoai lang,,Area_Planted,2438.0,ha,Actual,PL2
12376a7576978782,2011,4,Vĩnh Phúc,Provincial,Cultivation,Sắn,,Area_Planted,1420.0,ha,Actual,PL2
391a187b278cf623,2011,4,Vĩnh Phúc,Provincial,Cultivation,Lúa,,Area_Planted,200.0,ha,Actual,PL2
fbcb7514f66d3ec7,2011,4,Bắc Ninh,Provincial,Cultivation,Lúa,,Area_Planted,35929.0,ha,Actual,PL2
fbcb7514f66d3ec7,2011,4,Bắc Ninh,Provincial,Cultivation,Lúa,,Area_Planted,4937.0,ha,Actual,PL2
94af2e3b231ca843,2011,4,Bắc Ninh,Provincial,Cultivation,Ngô,,Area_Planted,4132.0,ha,Actual,PL2
7180713e5d0ddc34,2011,4,Bắc Ninh,Provincial,Cultivation,Khoai lang,,Area_Planted,805.0,ha,Actual,PL2
a219e3c4a96fb101,2011,4,Hải Dương,Provincial,Cultivation,Lúa,,Area_Planted,63817.0,ha,Actual,PL2
a219e3c4a96fb101,2011,4,Hải Dương,Provincial,Cultivation,Lúa,,Area_Planted,3462.0,ha,Actual,PL2
423d0612983b2c1d,2011,4,Hải Dương,Provincial,Cultivation,Ngô,,Area_Planted,2540.0,ha,Actual,PL2
f81e7743fa636b14,2011,4,Hải Dương,Provincial,Cultivation,Khoai lang,,Area_Planted,922.0,ha,Actual,PL2
a1ad2b0a09c85695,2011,4,Hưng Yên,Provincial,Cultivation,Lúa,,Area_Planted,40305.0,ha,Actual,PL2
a1ad2b0a09c85695,2011,4,Hưng Yên,Provincial,Cultivation,Lúa,,Area_Planted,8624.0,ha,Actual,PL2
2e0fe768c944787c,2011,4,Hưng Yên,Provincial,Cultivation,Ngô,,Area_Planted,7624.0,ha,Actual,PL2
2d903623040ec650,2011,4,Hưng Yên,Provincial,Cultivation,Khoai lang,,Area_Planted,1000.0,ha,Actual,PL2
e7405270cc1df0cd,2011,4,Hà Nam,Provincial,Cultivation,Lúa,,Area_Planted,34522.0,ha,Actual,PL2
e7405270cc1df0cd,2011,4,Hà Nam,Provincial,Cultivation,Lúa,,Area_Planted,7664.0,ha,Actual,PL2
d1cecbf51f5db286,2011,4,Hà Nam,Provincial,Cultivation,Ngô,,Area_Planted,72673119.0,ha,Actual,PL2
2e4c95b54d4d1f68,2011,4,Hà Nam,Provincial,Cultivation,Khoai lang,,Area_Planted,396.0,ha,Actual,PL2
30a620bd4a7b0a85,2011,4,Nam Định,Provincial,Cultivation,Lúa,,Area_Planted,77800.0,ha,Actual,PL2
30a620bd4a7b0a85,2011,4,Nam Định,Provincial,Cultivation,Lúa,,Area_Planted,4652.0,ha,Actual,PL2
abeb9c578419d6ae,2011,4,Nam Định,Provincial,Cultivation,Ngô,,Area_Planted,4652.0,ha,Actual,PL2
3b608f30b957d833,2011,4,Nam Định,Provincial,Cultivation,Khoai lang,,Area_Planted,1533.0,ha,Actual,PL2
e155330fb512b4de,2011,4,Thái Bình,Provincial,Cultivation,Lúa,,Area_Planted,82739.0,ha,Actual,PL2
e155330fb512b4de,2011,4,Thái Bình,Provincial,Cultivation,Lúa,,Area_Planted,12360.0,ha,Actual,PL2
78dd92767456f56b,2011,4,Thái Bình,Provincial,Cultivation,Ngô,,Area_Planted,9380.0,ha,Actual,PL2
337ad84e0824e4ec,2011,4,Thái Bình,Provincial,Cultivation,Khoai lang,,Area_Planted,2980.0,ha,Actual,PL2
e130e7f24fe2562b,2011,4,Ninh Bình,Provincial,Cultivation,Lúa,,Area_Planted,41594.0,ha,Actual,PL2
e130e7f24fe2562b,2011,4,Ninh Bình,Provincial,Cultivation,Lúa,,Area_Planted,9353.0,ha,Actual,PL2
b37c25d72b6b2d5b,2011,4,Ninh Bình,Provincial,Cultivation,Ngô,,Area_Planted,5629.0,ha,Actual,PL2
f915a970ba2b98bb,2011,4,Ninh Bình,Provincial,Cultivation,Khoai lang,,Area_Planted,2795.0,ha,Actual,PL2
c1dadff166e6d2e2,2011,4,Ninh Bình,Provincial,Cultivation,Sắn,,Area_Planted,929.0,ha,Actual,PL2
1291848e320fd2d0,2011,4,Quảng Ninh,Provincial,Cultivation,Lúa,,Area_Planted,17034.0,ha,Actual,PL2
1291848e320fd2d0,2011,4,Quảng Ninh,Provincial,Cultivation,Lúa,,Area_Planted,9546.0,ha,Actual,PL2
3c7b3ab0790b9b69,2011,4,Quảng Ninh,Provincial,Cultivation,Ngô,,Area_Planted,4824.0,ha,Actual,PL2
3e3c7f45ddcef1ff,2011,4,Quảng Ninh,Provincial,Cultivation,Khoai lang,,Area_Planted,2897.0,ha,Actual,PL2
d87d66a7b0b2c940,2011,4,Quảng Ninh,Provincial,Cultivation,Sắn,,Area_Planted,1060.0,ha,Actual,PL2
1291848e320fd2d0,2011,4,Quảng Ninh,Provincial,Cultivation,Lúa,,Area_Planted,765.0,ha,Actual,PL2
244707224656c88e,2011,4,TD và MN phía Bắc,Provincial,Cultivation,Lúa,,Area_Planted,224965.0,ha,Actual,PL2
244707224656c88e,2011,4,TD và MN phía Bắc,Provincial,Cultivation,Lúa,,Area_Planted,355330.0,ha,Actual,PL2
748645a237b22e20,2011,4,TD và MN phía Bắc,Provincial,Cultivation,Ngô,,Area_Planted,257940.0,ha,Actual,PL2
5d26447a612dd1fe,2011,4,TD và MN phía Bắc,Provincial,Cultivation,Khoai lang,,Area_Planted,23743.0,ha,Actual,PL2
484ba39005d4567b,2011,4,TD và MN phía Bắc,Provincial,Cultivation,Sắn,,Area_Planted,69852.0,ha,Actual,PL2
244707224656c88e,2011,4,TD và MN phía Bắc,Provincial,Cultivation,Lúa,,Area_Planted,3794.0,ha,Actual,PL2
e9f526990cfd2a02,2011,4,Hà Giang,Provincial,Cultivation,Lúa,,Area_Planted,9907.0,ha,Actual,PL2
e9f526990cfd2a02,2011,4,Hà Giang,Provincial,Cultivation,Lúa,,Area_Planted,34528.0,ha,Actual,PL2
75c246c3c96a3931,2011,4,Hà Giang,Provincial,Cultivation,Ngô,,Area_Planted,34528.0,ha,Actual,PL2
ef3be947b3b83fdd,2011,4,Cao Bằng,Provincial,Cultivation,Lúa,,Area_Planted,2683.0,ha,Actual,PL2
ef3be947b3b83fdd,2011,4,Cao Bằng,Provincial,Cultivation,Lúa,,Area_Planted,24631.0,ha,Actual,PL2
7c748b96c5bfa904,2011,4,Cao Bằng,Provincial,Cultivation,Ngô,,Area_Planted,24559.0,ha,Actual,PL2
43a5851633f5704a,2011,4,Cao Bằng,Provincial,Cultivation,Khoai lang,,Area_Planted,72.0,ha,Actual,PL2
0c754203db05922f,2011,4,Lào Cai,Provincial,Cultivation,Lúa,,Area_Planted,9198.0,ha,Actual,PL2
0c754203db05922f,2011,4,Lào Cai,Provincial,Cultivation,Lúa,,Area_Planted,21597.0,ha,Actual,PL2
bd630d02fe565c6f,2011,4,Lào Cai,Provincial,Cultivation,Ngô,,Area_Planted,21421.0,ha,Actual,PL2
ac4ad1c50e3d217c,2011,4,Lào Cai,Provincial,Cultivation,Khoai lang,,Area_Planted,176.0,ha,Actual,PL2
12c9b37ab4438eb4,2011,4,Bắc Cạn,Provincial,Cultivation,Lúa,,Area_Planted,7501.0,ha,Actual,PL2
12c9b37ab4438eb4,2011,4,Bắc Cạn,Provincial,Cultivation,Lúa,,Area_Planted,9526.0,ha,Actual,PL2
72e8be82f3d0d4e8,2011,4,Bắc Cạn,Provincial,Cultivation,Ngô,,Area_Planted,8573.0,ha,Actual,PL2
d5c822595b14bc3d,2011,4,Bắc Cạn,Provincial,Cultivation,Khoai lang,,Area_Planted,92.0,ha,Actual,PL2
7e5d75b6f9cd6e0d,2011,4,Bắc Cạn,Provincial,Cultivation,Sắn,,Area_Planted,748.0,ha,Actual,PL2
12c9b37ab4438eb4,2011,4,Bắc Cạn,Provincial,Cultivation,Lúa,,Area_Planted,113.0,ha,Actual,PL2
6ef649f728aa126f,2011,4,Lạng Sơn,Provincial,Cultivation,Lúa,,Area_Planted,8254.0,ha,Actual,PL2
6ef649f728aa126f,2011,4,Lạng Sơn,Provincial,Cultivation,Lúa,,Area_Planted,14001.0,ha,Actual,PL2
794ce7a1763389d6,2011,4,Lạng Sơn,Provincial,Cultivation,Ngô,,Area_Planted,10465.0,ha,Actual,PL2
808f96f8ee859129,2011,4,Lạng Sơn,Provincial,Cultivation,Khoai lang,,Area_Planted,696.0,ha,Actual,PL2
cb74986be533e3eb,2011,4,Lạng Sơn,Provincial,Cultivation,Sắn,,Area_Planted,2790.0,ha,Actual,PL2
6ef649f728aa126f,2011,4,Lạng Sơn,Provincial,Cultivation,Lúa,,Area_Planted,50.0,ha,Actual,PL2
15b8898d44e3b11f,2011,4,Tuyên Quang,Provincial,Cultivation,Lúa,,Area_Planted,19653.0,ha,Actual,PL2
15b8898d44e3b11f,2011,4,Tuyên Quang,Provincial,Cultivation,Lúa,,Area_Planted,9542.0,ha,Actual,PL2
2723feb8af9d16e9,2011,4,Tuyên Quang,Provincial,Cultivation,Ngô,,Area_Planted,6705.0,ha,Actual,PL2
3d65e1b29fdd8a5d,2011,4,Tuyên Quang,Provincial,Cultivation,Khoai lang,,Area_Planted,2837.0,ha,Actual,PL2
59136163242af4da,2011,4,Yên Bái,Provincial,Cultivation,Lúa,,Area_Planted,17840.0,ha,Actual,PL2
59136163242af4da,2011,4,Yên Bái,Provincial,Cultivation,Lúa,,Area_Planted,30059.0,ha,Actual,PL2
740997bc20008866,2011,4,Yên Bái,Provincial,Cultivation,Ngô,,Area_Planted,15832.0,ha,Actual,PL2
1965c20489b4072d,2011,4,Yên Bái,Provincial,Cultivation,Khoai lang,,Area_Planted,1580.0,ha,Actual,PL2
a12353463dcfe9be,2011,4,Yên Bái,Provincial,Cultivation,Sắn,,Area_Planted,12647.0,ha,Actual,PL2
d07ec714bd5a147d,2011,4,Thái Nguyên,Provincial,Cultivation,Lúa,,Area_Planted,29267.0,ha,Actual,PL2
d07ec714bd5a147d,2011,4,Thái Nguyên,Provincial,Cultivation,Lúa,,Area_Planted,22000.0,ha,Actual,PL2
12eefb9ea71a491d,2011,4,Thái Nguyên,Provincial,Cultivation,Ngô,,Area_Planted,13659.0,ha,Actual,PL2
7f1c401446d062a6,2011,4,Thái Nguyên,Provincial,Cultivation,Khoai lang,,Area_Planted,5795.0,ha,Actual,PL2
e1616ed03f3d94dc,2011,4,Thái Nguyên,Provincial,Cultivation,Sắn,,Area_Planted,2546.0,ha,Actual,PL2
8a7e44ed6eb90f34,2011,4,Phú Thọ,Provincial,Cultivation,Lúa,,Area_Planted,35897.0,ha,Actual,PL2
8a7e44ed6eb90f34,2011,4,Phú Thọ,Provincial,Cultivation,Lúa,,Area_Planted,27527.0,ha,Actual,PL2
37565c838188f863,2011,4,Phú Thọ,Provincial,Cultivation,Ngô,,Area_Planted,17911.0,ha,Actual,PL2
6c6de2cec8d504b5,2011,4,Phú Thọ,Provincial,Cultivation,Khoai lang,,Area_Planted,1827.0,ha,Actual,PL2
24f1cbee08ec61ce,2011,4,Phú Thọ,Provincial,Cultivation,Sắn,,Area_Planted,7589.0,ha,Actual,PL2
8a7e44ed6eb90f34,2011,4,Phú Thọ,Provincial,Cultivation,Lúa,,Area_Planted,200.0,ha,Actual,PL2
2e38a11fe08e8987,2011,4,Bắc Giang,Provincial,Cultivation,Lúa,,Area_Planted,48445.0,ha,Actual,PL2
2e38a11fe08e8987,2011,4,Bắc Giang,Provincial,Cultivation,Lúa,,Area_Planted,15123.0,ha,Actual,PL2
5061da5d99b5845c,2011,4,Bắc Giang,Provincial,Cultivation,Ngô,,Area_Planted,8061.0,ha,Actual,PL2
303e445f4de5dbac,2011,4,Bắc Giang,Provincial,Cultivation,Khoai lang,,Area_Planted,7062.0,ha,Actual,PL2
b1fbdfc5dc5020ce,2011,4,Lai Châu,Provincial,Cultivation,Lúa,,Area_Planted,4428.0,ha,Actual,PL2
b1fbdfc5dc5020ce,2011,4,Lai Châu,Provincial,Cultivation,Lúa,,Area_Planted,17813.0,ha,Actual,PL2
7c86267d985eb6b1,2011,4,Lai Châu,Provincial,Cultivation,Ngô,,Area_Planted,13352.0,ha,Actual,PL2
fc475f457af63f07,2011,4,Lai Châu,Provincial,Cultivation,Sắn,,Area_Planted,4461.0,ha,Actual,PL2
bd4cf916ca1946ef,2011,4,Điện Biên,Provincial,Cultivation,Lúa,,Area_Planted,7858.0,ha,Actual,PL2
bd4cf916ca1946ef,2011,4,Điện Biên,Provincial,Cultivation,Lúa,,Area_Planted,13954.0,ha,Actual,PL2
14e725c3e2e86bda,2011,4,Điện Biên,Provincial,Cultivation,Ngô,,Area_Planted,8983.0,ha,Actual,PL2
d14eebab7f759e40,2011,4,Điện Biên,Provincial,Cultivation,Sắn,,Area_Planted,4971.0,ha,Actual,PL2
520bbcd7d7a10562,2011,4,Sơn La,Provincial,Cultivation,Lúa,,Area_Planted,9047.0,ha,Actual,PL2
520bbcd7d7a10562,2011,4,Sơn La,Provincial,Cultivation,Lúa,,Area_Planted,79959.0,ha,Actual,PL2
53b5183919fc5c4e,2011,4,Sơn La,Provincial,Cultivation,Ngô,,Area_Planted,55550.0,ha,Actual,PL2
e401ec00de76b08f,2011,4,Sơn La,Provincial,Cultivation,Khoai lang,,Area_Planted,76.0,ha,Actual,PL2
83501bcf03c02d3c,2011,4,Sơn La,Provincial,Cultivation,Sắn,,Area_Planted,22102.0,ha,Actual,PL2
520bbcd7d7a10562,2011,4,Sơn La,Provincial,Cultivation,Lúa,,Area_Planted,2231.0,ha,Actual,PL2
eb4ede620078b412,2011,4,Hoà Bình,Provincial,Cultivation,Lúa,,Area_Planted,14987.0,ha,Actual,PL2
eb4ede620078b412,2011,4,Hoà Bình,Provincial,Cultivation,Lúa,,Area_Planted,35069.0,ha,Actual,PL2
7c6377297bef8ff1,2011,4,Hoà Bình,Provincial,Cultivation,Ngô,,Area_Planted,18341.0,ha,Actual,PL2
9cf832e6a2ed0c9c,2011,4,Hoà Bình,Provincial,Cultivation,Khoai lang,,Area_Planted,3530.0,ha,Actual,PL2
3d35bec8befb2f7b,2011,4,Hoà Bình,Provincial,Cultivation,Sắn,,Area_Planted,11998.0,ha,Actual,PL2
eb4ede620078b412,2011,4,Hoà Bình,Provincial,Cultivation,Lúa,,Area_Planted,1200.0,ha,Actual,PL2
ab3d6991aaa03b61,2011,4,Bắc Trung Bộ,Provincial,Cultivation,Lúa,,Area_Planted,340418.0,ha,Actual,PL2
ab3d6991aaa03b61,2011,4,Bắc Trung Bộ,Provincial,Cultivation,Lúa,,Area_Planted,166977.0,ha,Actual,PL2
3051d3dbc9f70f72,2011,4,Bắc Trung Bộ,Provincial,Cultivation,Ngô,,Area_Planted,93449.0,ha,Actual,PL2
6fec351329d2c119,2011,4,Bắc Trung Bộ,Provincial,Cultivation,Khoai lang,,Area_Planted,33139.0,ha,Actual,PL2
80e59ea003214317,2011,4,Bắc Trung Bộ,Provincial,Cultivation,Sắn,,Area_Planted,40039.0,ha,Actual,PL2
ab3d6991aaa03b61,2011,4,Bắc Trung Bộ,Provincial,Cultivation,Lúa,,Area_Planted,350.0,ha,Actual,PL2
52a83a5bc2472b02,2011,4,Thanh Hoá,Provincial,Cultivation,Lúa,,Area_Planted,120705.0,ha,Actual,PL2
52a83a5bc2472b02,2011,4,Thanh Hoá,Provincial,Cultivation,Lúa,,Area_Planted,59430.0,ha,Actual,PL2
4ae7e7b07a9c685e,2011,4,Thanh Hoá,Provincial,Cultivation,Ngô,,Area_Planted,33501.0,ha,Actual,PL2
99b9fec18bc9ed27,2011,4,Thanh Hoá,Provincial,Cultivation,Khoai lang,,Area_Planted,9429.0,ha,Actual,PL2
b2e7b42f7c319778,2011,4,Thanh Hoá,Provincial,Cultivation,Sắn,,Area_Planted,16500.0,ha,Actual,PL2
66ca5dd5ea7fff46,2011,4,Nghệ An,Provincial,Cultivation,Lúa,,Area_Planted,87500.0,ha,Actual,PL2
66ca5dd5ea7fff46,2011,4,Nghệ An,Provincial,Cultivation,Lúa,,Area_Planted,52157.0,ha,Actual,PL2
43af428bebf96ed2,2011,4,Nghệ An,Provincial,Cultivation,Ngô,,Area_Planted,43247.0,ha,Actual,PL2
150b89b0c2188aa9,2011,4,Nghệ An,Provincial,Cultivation,Khoai lang,,Area_Planted,8910.0,ha,Actual,PL2
8b3ebd02097d27aa,2011,4,Hà Tĩnh,Provincial,Cultivation,Lúa,,Area_Planted,53764.0,ha,Actual,PL2
8b3ebd02097d27aa,2011,4,Hà Tĩnh,Provincial,Cultivation,Lúa,,Area_Planted,16738.0,ha,Actual,PL2
d4e63b31eeea2dd4,2011,4,Hà Tĩnh,Provincial,Cultivation,Ngô,,Area_Planted,8151.0,ha,Actual,PL2
b23a2704d0b79a8c,2011,4,Hà Tĩnh,Provincial,Cultivation,Khoai lang,,Area_Planted,6000.0,ha,Actual,PL2
091358a272d37b1f,2011,4,Hà Tĩnh,Provincial,Cultivation,Sắn,,Area_Planted,2587.0,ha,Actual,PL2
4446cc49e32f8a46,2011,4,Quảng Bình,Provincial,Cultivation,Lúa,,Area_Planted,27100.0,ha,Actual,PL2
4446cc49e32f8a46,2011,4,Quảng Bình,Provincial,Cultivation,Lúa,,Area_Planted,14400.0,ha,Actual,PL2
7ba96bdb83dc4458,2011,4,Quảng Bình,Provincial,Cultivation,Ngô,,Area_Planted,4300.0,ha,Actual,PL2
b4b73ed6a79c0bc2,2011,4,Quảng Bình,Provincial,Cultivation,Khoai lang,,Area_Planted,4200.0,ha,Actual,PL2
638db2d6cbbf1075,2011,4,Quảng Bình,Provincial,Cultivation,Sắn,,Area_Planted,5900.0,ha,Actual,PL2
cdabf42f4d0e218d,2011,4,Quảng Trị,Provincial,Cultivation,Lúa,,Area_Planted,24029.0,ha,Actual,PL2
cdabf42f4d0e218d,2011,4,Quảng Trị,Provincial,Cultivation,Lúa,,Area_Planted,12000.0,ha,Actual,PL2
7f3090c233a030fb,2011,4,Quảng Trị,Provincial,Cultivation,Ngô,,Area_Planted,2500.0,ha,Actual,PL2
4d12e007becf4287,2011,4,Quảng Trị,Provincial,Cultivation,Khoai lang,,Area_Planted,500.0,ha,Actual,PL2
364aa8bf5a3d51dd,2011,4,Quảng Trị,Provincial,Cultivation,Sắn,,Area_Planted,9000.0,ha,Actual,PL2
d0f42d5a524ae815,2011,4,Thừa Thiên Huế,Provincial,Cultivation,Lúa,,Area_Planted,27320.0,ha,Actual,PL2
d0f42d5a524ae815,2011,4,Thừa Thiên Huế,Provincial,Cultivation,Lúa,,Area_Planted,12252.0,ha,Actual,PL2
b1eb268cbcf630ac,2011,4,Thừa Thiên Huế,Provincial,Cultivation,Ngô,,Area_Planted,1750.0,ha,Actual,PL2
6cdfaa0cde9f0f7f,2011,4,Thừa Thiên Huế,Provincial,Cultivation,Khoai lang,,Area_Planted,4100.0,ha,Actual,PL2
84af4d84f560ecfa,2011,4,Thừa Thiên Huế,Provincial,Cultivation,Sắn,,Area_Planted,6052.0,ha,Actual,PL2
d0f42d5a524ae815,2011,4,Thừa Thiên Huế,Provincial,Cultivation,Lúa,,Area_Planted,350.0,ha,Actual,PL2
9d23175c7380ea21,2011,4,Miền Bắc,Provincial,Cultivation,Lúa,,Area_Planted,289277.0,ha,Actual,PL3
c931958188438c60,2011,4,Miền Bắc,Provincial,Cultivation,Đậu tương,,Area_Planted,107860.0,ha,Actual,PL3
6064a799de977005,2011,4,Miền Bắc,Provincial,Cultivation,Lạc,,Area_Planted,131932.0,ha,Actual,PL3
c2247e42d6b55618,2011,4,Miền Bắc,Provincial,Cultivation,Mía,,Area_Planted,35473.0,ha,Actual,PL3
7126e4a60a259a53,2011,4,Miền Bắc,Provincial,Cultivation,Thuốc lá,,Area_Planted,9180.0,ha,Actual,PL3
9d23175c7380ea21,2011,4,Miền Bắc,Provincial,Cultivation,Lúa,,Area_Planted,4831.0,ha,Actual,PL3
9d23175c7380ea21,2011,4,Miền Bắc,Provincial,Cultivation,Lúa,,Area_Planted,214511.0,ha,Actual,PL3
f832b3ff3d1e1658,2011,4,ĐB sông Hồng,Provincial,Cultivation,Lúa,,Area_Planted,106698.0,ha,Actual,PL3
2aaab86c40a4f911,2011,4,ĐB sông Hồng,Provincial,Cultivation,Đậu tương,,Area_Planted,76502.0,ha,Actual,PL3
7afe00c2813ad009,2011,4,ĐB sông Hồng,Provincial,Cultivation,Lạc,,Area_Planted,26080.0,ha,Actual,PL3
af2d590013e606e9,2011,4,ĐB sông Hồng,Provincial,Cultivation,Mía,,Area_Planted,1531.0,ha,Actual,PL3
a52c35da63d63f24,2011,4,ĐB sông Hồng,Provincial,Cultivation,Thuốc lá,,Area_Planted,1000.0,ha,Actual,PL3
f832b3ff3d1e1658,2011,4,ĐB sông Hồng,Provincial,Cultivation,Lúa,,Area_Planted,1584.0,ha,Actual,PL3
f832b3ff3d1e1658,2011,4,ĐB sông Hồng,Provincial,Cultivation,Lúa,,Area_Planted,110812.0,ha,Actual,PL3
8cca7eb2c885cb9c,2011,4,Hà Nội,Provincial,Cultivation,Lúa,,Area_Planted,38093.0,ha,Actual,PL3
e276935d61184f7a,2011,4,Hà Nội,Provincial,Cultivation,Đậu tương,,Area_Planted,31797.0,ha,Actual,PL3
8c9fecd0c78f537e,2011,4,Hà Nội,Provincial,Cultivation,Lạc,,Area_Planted,5839.0,ha,Actual,PL3
8cca7eb2c885cb9c,2011,4,Hà Nội,Provincial,Cultivation,Lúa,,Area_Planted,457.0,ha,Actual,PL3
8cca7eb2c885cb9c,2011,4,Hà Nội,Provincial,Cultivation,Lúa,,Area_Planted,19677.0,ha,Actual,PL3
0d4f222104bc7336,2011,4,Hải Phòng,Provincial,Cultivation,Lúa,,Area_Planted,1000.0,ha,Actual,PL3
ca697d3194722206,2011,4,Hải Phòng,Provincial,Cultivation,Thuốc lá,,Area_Planted,1000.0,ha,Actual,PL3
0d4f222104bc7336,2011,4,Hải Phòng,Provincial,Cultivation,Lúa,,Area_Planted,11230.0,ha,Actual,PL3
391a187b278cf623,2011,4,Vĩnh Phúc,Provincial,Cultivation,Lúa,,Area_Planted,7260.0,ha,Actual,PL3
2a86a912a1ce57e9,2011,4,Vĩnh Phúc,Provincial,Cultivation,Đậu tương,,Area_Planted,4008.0,ha,Actual,PL3
49deb796d0fd8cd7,2011,4,Vĩnh Phúc,Provincial,Cultivation,Lạc,,Area_Planted,2679.0,ha,Actual,PL3
e3988c97c5f0a9be,2011,4,Vĩnh Phúc,Provincial,Cultivation,Mía,,Area_Planted,247.0,ha,Actual,PL3
391a187b278cf623,2011,4,Vĩnh Phúc,Provincial,Cultivation,Lúa,,Area_Planted,326.0,ha,Actual,PL3
391a187b278cf623,2011,4,Vĩnh Phúc,Provincial,Cultivation,Lúa,,Area_Planted,5738.0,ha,Actual,PL3
fbcb7514f66d3ec7,2011,4,Bắc Ninh,Provincial,Cultivation,Lúa,,Area_Planted,2580.0,ha,Actual,PL3
7dfe506b3afbfada,2011,4,Bắc Ninh,Provincial,Cultivation,Đậu tương,,Area_Planted,1309.0,ha,Actual,PL3
ac7ad8c41558012f,2011,4,Bắc Ninh,Provincial,Cultivation,Lạc,,Area_Planted,1271.0,ha,Actual,PL3
fbcb7514f66d3ec7,2011,4,Bắc Ninh,Provincial,Cultivation,Lúa,,Area_Planted,6147.0,ha,Actual,PL3
a219e3c4a96fb101,2011,4,Hải Dương,Provincial,Cultivation,Lúa,,Area_Planted,262.0,ha,Actual,PL3
a23916003a95fd28,2011,4,Hải Dương,Provincial,Cultivation,Đậu tương,,Area_Planted,211.0,ha,Actual,PL3
baa6a158656b299d,2011,4,Hải Dương,Provincial,Cultivation,Lạc,,Area_Planted,51.0,ha,Actual,PL3
a219e3c4a96fb101,2011,4,Hải Dương,Provincial,Cultivation,Lúa,,Area_Planted,16306.0,ha,Actual,PL3
a1ad2b0a09c85695,2011,4,Hưng Yên,Provincial,Cultivation,Lúa,,Area_Planted,3392.0,ha,Actual,PL3
0f1897bc91049690,2011,4,Hưng Yên,Provincial,Cultivation,Đậu tương,,Area_Planted,2678.0,ha,Actual,PL3
555d3f8e6dbd866f,2011,4,Hưng Yên,Provincial,Cultivation,Lạc,,Area_Planted,714.0,ha,Actual,PL3
a1ad2b0a09c85695,2011,4,Hưng Yên,Provincial,Cultivation,Lúa,,Area_Planted,9631.0,ha,Actual,PL3
e7405270cc1df0cd,2011,4,Hà Nam,Provincial,Cultivation,Lúa,,Area_Planted,11440.0,ha,Actual,PL3
fcf025cd8381247b,2011,4,Hà Nam,Provincial,Cultivation,Đậu tương,,Area_Planted,11320.0,ha,Actual,PL3
b75322e124ae4b08,2011,4,Hà Nam,Provincial,Cultivation,Lạc,,Area_Planted,119.0,ha,Actual,PL3
e7405270cc1df0cd,2011,4,Hà Nam,Provincial,Cultivation,Lúa,,Area_Planted,3009.0,ha,Actual,PL3
30a620bd4a7b0a85,2011,4,Nam Định,Provincial,Cultivation,Lúa,,Area_Planted,7155.0,ha,Actual,PL3
5a2152c0853a7fdd,2011,4,Nam Định,Provincial,Cultivation,Đậu tương,,Area_Planted,1422.0,ha,Actual,PL3
ebef92e16f3a8f68,2011,4,Nam Định,Provincial,Cultivation,Lạc,,Area_Planted,5733.0,ha,Actual,PL3
30a620bd4a7b0a85,2011,4,Nam Định,Provincial,Cultivation,Lúa,,Area_Planted,16907.0,ha,Actual,PL3
e155330fb512b4de,2011,4,Thái Bình,Provincial,Cultivation,Lúa,,Area_Planted,16335.0,ha,Actual,PL3
0ecb684d66004c29,2011,4,Thái Bình,Provincial,Cultivation,Đậu tương,,Area_Planted,13250.0,ha,Actual,PL3
fd87279a6c56c0ce,2011,4,Thái Bình,Provincial,Cultivation,Lạc,,Area_Planted,3085.0,ha,Actual,PL3
e155330fb512b4de,2011,4,Thái Bình,Provincial,Cultivation,Lúa,,Area_Planted,12000.0,ha,Actual,PL3
e130e7f24fe2562b,2011,4,Ninh Bình,Provincial,Cultivation,Lúa,,Area_Planted,15560.0,ha,Actual,PL3
89c9c76b5c478700,2011,4,Ninh Bình,Provincial,Cultivation,Đậu tương,,Area_Planted,9998.0,ha,Actual,PL3
ad50f9ebb5a95a5c,2011,4,Ninh Bình,Provincial,Cultivation,Lạc,,Area_Planted,4225.0,ha,Actual,PL3
018838fa04dc6e78,2011,4,Ninh Bình,Provincial,Cultivation,Mía,,Area_Planted,907.0,ha,Actual,PL3
e130e7f24fe2562b,2011,4,Ninh Bình,Provincial,Cultivation,Lúa,,Area_Planted,430.0,ha,Actual,PL3
e130e7f24fe2562b,2011,4,Ninh Bình,Provincial,Cultivation,Lúa,,Area_Planted,5105.0,ha,Actual,PL3
1291848e320fd2d0,2011,4,Quảng Ninh,Provincial,Cultivation,Lúa,,Area_Planted,3621.0,ha,Actual,PL3
5fb1ef9a56a35831,2011,4,Quảng Ninh,Provincial,Cultivation,Đậu tương,,Area_Planted,509.0,ha,Actual,PL3
0dcb7168b7e3f041,2011,4,Quảng Ninh,Provincial,Cultivation,Lạc,,Area_Planted,2364.0,ha,Actual,PL3
3001bc8ac0b4d2cc,2011,4,Quảng Ninh,Provincial,Cultivation,Mía,,Area_Planted,377.0,ha,Actual,PL3
1291848e320fd2d0,2011,4,Quảng Ninh,Provincial,Cultivation,Lúa,,Area_Planted,371.0,ha,Actual,PL3
1291848e320fd2d0,2011,4,Quảng Ninh,Provincial,Cultivation,Lúa,,Area_Planted,5062.0,ha,Actual,PL3
244707224656c88e,2011,4,TD và MN phía Bắc,Provincial,Cultivation,Lúa,,Area_Planted,79085.0,ha,Actual,PL3
0a4184f7bc40a821,2011,4,TD và MN phía Bắc,Provincial,Cultivation,Đậu tương,,Area_Planted,22858.0,ha,Actual,PL3
8775e2c61294b881,2011,4,TD và MN phía Bắc,Provincial,Cultivation,Lạc,,Area_Planted,33758.0,ha,Actual,PL3
2b90ca6f3e6a475f,2011,4,TD và MN phía Bắc,Provincial,Cultivation,Mía,,Area_Planted,11242.0,ha,Actual,PL3
3e10e7bc017e09f1,2011,4,TD và MN phía Bắc,Provincial,Cultivation,Thuốc lá,,Area_Planted,8130.0,ha,Actual,PL3
244707224656c88e,2011,4,TD và MN phía Bắc,Provincial,Cultivation,Lúa,,Area_Planted,3097.0,ha,Actual,PL3
244707224656c88e,2011,4,TD và MN phía Bắc,Provincial,Cultivation,Lúa,,Area_Planted,50376.0,ha,Actual,PL3
e9f526990cfd2a02,2011,4,Hà Giang,Provincial,Cultivation,Lúa,,Area_Planted,12099.0,ha,Actual,PL3
f4b4d058f9dab816,2011,4,Hà Giang,Provincial,Cultivation,Đậu tương,,Area_Planted,6809.0,ha,Actual,PL3
e475a9575aaf6225,2011,4,Hà Giang,Provincial,Cultivation,Lạc,,Area_Planted,4600.0,ha,Actual,PL3
e9f526990cfd2a02,2011,4,Hà Giang,Provincial,Cultivation,Lúa,,Area_Planted,690.0,ha,Actual,PL3
e9f526990cfd2a02,2011,4,Hà Giang,Provincial,Cultivation,Lúa,,Area_Planted,6613.0,ha,Actual,PL3
ef3be947b3b83fdd,2011,4,Cao Bằng,Provincial,Cultivation,Lúa,,Area_Planted,5780.0,ha,Actual,PL3
9d309c45e9741102,2011,4,Cao Bằng,Provincial,Cultivation,Đậu tương,,Area_Planted,1318.0,ha,Actual,PL3
865bd4b17529958d,2011,4,Cao Bằng,Provincial,Cultivation,Lạc,,Area_Planted,211.0,ha,Actual,PL3
41e16c3f49aabcb7,2011,4,Cao Bằng,Provincial,Cultivation,Mía,,Area_Planted,1209.0,ha,Actual,PL3
79dc30436f8723e6,2011,4,Cao Bằng,Provincial,Cultivation,Thuốc lá,,Area_Planted,3042.0,ha,Actual,PL3
ef3be947b3b83fdd,2011,4,Cao Bằng,Provincial,Cultivation,Lúa,,Area_Planted,430.0,ha,Actual,PL3
0c754203db05922f,2011,4,Lào Cai,Provincial,Cultivation,Lúa,,Area_Planted,3127.0,ha,Actual,PL3
b959d54b24519633,2011,4,Lào Cai,Provincial,Cultivation,Đậu tương,,Area_Planted,2517.0,ha,Actual,PL3
8111d1516fd775b3,2011,4,Lào Cai,Provincial,Cultivation,Thuốc lá,,Area_Planted,610.0,ha,Actual,PL3
0c754203db05922f,2011,4,Lào Cai,Provincial,Cultivation,Lúa,,Area_Planted,2195.0,ha,Actual,PL3
12c9b37ab4438eb4,2011,4,Bắc Cạn,Provincial,Cultivation,Lúa,,Area_Planted,2737.0,ha,Actual,PL3
566b12ae39a1d4b8,2011,4,Bắc Cạn,Provincial,Cultivation,Đậu tương,,Area_Planted,854.0,ha,Actual,PL3
22d8c4b22c323603,2011,4,Bắc Cạn,Provincial,Cultivation,Lạc,,Area_Planted,259.0,ha,Actual,PL3
ae77005d78561906,2011,4,Bắc Cạn,Provincial,Cultivation,Mía,,Area_Planted,60.0,ha,Actual,PL3
8319001e8de05832,2011,4,Bắc Cạn,Provincial,Cultivation,Thuốc lá,,Area_Planted,1044.0,ha,Actual,PL3
12c9b37ab4438eb4,2011,4,Bắc Cạn,Provincial,Cultivation,Lúa,,Area_Planted,520.0,ha,Actual,PL3
12c9b37ab4438eb4,2011,4,Bắc Cạn,Provincial,Cultivation,Lúa,,Area_Planted,389.0,ha,Actual,PL3
6ef649f728aa126f,2011,4,Lạng Sơn,Provincial,Cultivation,Lúa,,Area_Planted,4681.0,ha,Actual,PL3
51419403659a916f,2011,4,Lạng Sơn,Provincial,Cultivation,Đậu tương,,Area_Planted,547.0,ha,Actual,PL3
0ec10edab0449aa1,2011,4,Lạng Sơn,Provincial,Cultivation,Thuốc lá,,Area_Planted,3334.0,ha,Actual,PL3
6ef649f728aa126f,2011,4,Lạng Sơn,Provincial,Cultivation,Lúa,,Area_Planted,800.0,ha,Actual,PL3
6ef649f728aa126f,2011,4,Lạng Sơn,Provincial,Cultivation,Lúa,,Area_Planted,3500.0,ha,Actual,PL3
15b8898d44e3b11f,2011,4,Tuyên Quang,Provincial,Cultivation,Lúa,,Area_Planted,4516.0,ha,Actual,PL3
34f755ba7ca0cff1,2011,4,Tuyên Quang,Provincial,Cultivation,Đậu tương,,Area_Planted,1092.0,ha,Actual,PL3
be743d9e31a1b1a8,2011,4,Tuyên Quang,Provincial,Cultivation,Lạc,,Area_Planted,3424.0,ha,Actual,PL3
15b8898d44e3b11f,2011,4,Tuyên Quang,Provincial,Cultivation,Lúa,,Area_Planted,1311.0,ha,Actual,PL3
59136163242af4da,2011,4,Yên Bái,Provincial,Cultivation,Lúa,,Area_Planted,1462.0,ha,Actual,PL3
a4cc720e5887b44b,2011,4,Yên Bái,Provincial,Cultivation,Lạc,,Area_Planted,1462.0,ha,Actual,PL3
59136163242af4da,2011,4,Yên Bái,Provincial,Cultivation,Lúa,,Area_Planted,1558.0,ha,Actual,PL3
d07ec714bd5a147d,2011,4,Thái Nguyên,Provincial,Cultivation,Lúa,,Area_Planted,4356.0,ha,Actual,PL3
b40fa6b367d6b217,2011,4,Thái Nguyên,Provincial,Cultivation,Đậu tương,,Area_Planted,1066.0,ha,Actual,PL3
790968631328a66f,2011,4,Thái Nguyên,Provincial,Cultivation,Lạc,,Area_Planted,3190.0,ha,Actual,PL3
a292e8fd058e91c4,2011,4,Thái Nguyên,Provincial,Cultivation,Thuốc lá,,Area_Planted,100.0,ha,Actual,PL3
d07ec714bd5a147d,2011,4,Thái Nguyên,Provincial,Cultivation,Lúa,,Area_Planted,7199.0,ha,Actual,PL3
8a7e44ed6eb90f34,2011,4,Phú Thọ,Provincial,Cultivation,Lúa,,Area_Planted,6551.0,ha,Actual,PL3
30be0528a773f841,2011,4,Phú Thọ,Provincial,Cultivation,Đậu tương,,Area_Planted,1238.0,ha,Actual,PL3
e8a6777c2f044eae,2011,4,Phú Thọ,Provincial,Cultivation,Lạc,,Area_Planted,5313.0,ha,Actual,PL3
8a7e44ed6eb90f34,2011,4,Phú Thọ,Provincial,Cultivation,Lúa,,Area_Planted,6123.0,ha,Actual,PL3
2e38a11fe08e8987,2011,4,Bắc Giang,Provincial,Cultivation,Lúa,,Area_Planted,11440.0,ha,Actual,PL3
4c5b144122033a4b,2011,4,Bắc Giang,Provincial,Cultivation,Đậu tương,,Area_Planted,488.0,ha,Actual,PL3
fc2503c2763af709,2011,4,Bắc Giang,Provincial,Cultivation,Lạc,,Area_Planted,10952.0,ha,Actual,PL3
2e38a11fe08e8987,2011,4,Bắc Giang,Provincial,Cultivation,Lúa,,Area_Planted,14509.0,ha,Actual,PL3
b1fbdfc5dc5020ce,2011,4,Lai Châu,Provincial,Cultivation,Lúa,,Area_Planted,1154.0,ha,Actual,PL3
c212b01a194b19be,2011,4,Lai Châu,Provincial,Cultivation,Đậu tương,,Area_Planted,517.0,ha,Actual,PL3
74958b263adc6fc9,2011,4,Lai Châu,Provincial,Cultivation,Lạc,,Area_Planted,637.0,ha,Actual,PL3
b1fbdfc5dc5020ce,2011,4,Lai Châu,Provincial,Cultivation,Lúa,,Area_Planted,307.0,ha,Actual,PL3
bd4cf916ca1946ef,2011,4,Điện Biên,Provincial,Cultivation,Lúa,,Area_Planted,2105.0,ha,Actual,PL3
303a5085f808a901,2011,4,Điện Biên,Provincial,Cultivation,Đậu tương,,Area_Planted,1595.0,ha,Actual,PL3
0f8abdec9ee6213f,2011,4,Điện Biên,Provincial,Cultivation,Lạc,,Area_Planted,510.0,ha,Actual,PL3
bd4cf916ca1946ef,2011,4,Điện Biên,Provincial,Cultivation,Lúa,,Area_Planted,125.0,ha,Actual,PL3
520bbcd7d7a10562,2011,4,Sơn La,Provincial,Cultivation,Lúa,,Area_Planted,5263.0,ha,Actual,PL3
b45b7a116ac023f7,2011,4,Sơn La,Provincial,Cultivation,Đậu tương,,Area_Planted,4010.0,ha,Actual,PL3
c35aa37e2757d52c,2011,4,Sơn La,Provincial,Cultivation,Mía,,Area_Planted,1253.0,ha,Actual,PL3
520bbcd7d7a10562,2011,4,Sơn La,Provincial,Cultivation,Lúa,,Area_Planted,3030.0,ha,Actual,PL3
eb4ede620078b412,2011,4,Hoà Bình,Provincial,Cultivation,Lúa,,Area_Planted,13814.0,ha,Actual,PL3
556a20779d876ae2,2011,4,Hoà Bình,Provincial,Cultivation,Đậu tương,,Area_Planted,807.0,ha,Actual,PL3
c7fa02c1e0b10cd4,2011,4,Hoà Bình,Provincial,Cultivation,Lạc,,Area_Planted,3200.0,ha,Actual,PL3
53cb9fe92f97ba05,2011,4,Hoà Bình,Provincial,Cultivation,Mía,,Area_Planted,8720.0,ha,Actual,PL3
eb4ede620078b412,2011,4,Hoà Bình,Provincial,Cultivation,Lúa,,Area_Planted,1087.0,ha,Actual,PL3
eb4ede620078b412,2011,4,Hoà Bình,Provincial,Cultivation,Lúa,,Area_Planted,3087.0,ha,Actual,PL3
ab3d6991aaa03b61,2011,4,Bắc Trung Bộ,Provincial,Cultivation,Lúa,,Area_Planted,103494.0,ha,Actual,PL3
11ae7f6533ea2ca2,2011,4,Bắc Trung Bộ,Provincial,Cultivation,Đậu tương,,Area_Planted,8500.0,ha,Actual,PL3
8cef16278ee8a1e0,2011,4,Bắc Trung Bộ,Provincial,Cultivation,Lạc,,Area_Planted,72094.0,ha,Actual,PL3
98e4b6d214e62b19,2011,4,Bắc Trung Bộ,Provincial,Cultivation,Mía,,Area_Planted,22700.0,ha,Actual,PL3
c14716ebb9dd30f3,2011,4,Bắc Trung Bộ,Provincial,Cultivation,Thuốc lá,,Area_Planted,50.0,ha,Actual,PL3
ab3d6991aaa03b61,2011,4,Bắc Trung Bộ,Provincial,Cultivation,Lúa,,Area_Planted,150.0,ha,Actual,PL3
ab3d6991aaa03b61,2011,4,Bắc Trung Bộ,Provincial,Cultivation,Lúa,,Area_Planted,53323.0,ha,Actual,PL3
52a83a5bc2472b02,2011,4,Thanh Hoá,Provincial,Cultivation,Lúa,,Area_Planted,36432.0,ha,Actual,PL3
a7ddd0138eeac0d9,2011,4,Thanh Hoá,Provincial,Cultivation,Đậu tương,,Area_Planted,8500.0,ha,Actual,PL3
67f4fa468194cfd7,2011,4,Thanh Hoá,Provincial,Cultivation,Lạc,,Area_Planted,15332.0,ha,Actual,PL3
dc59b8b4a82e39c0,2011,4,Thanh Hoá,Provincial,Cultivation,Mía,,Area_Planted,12600.0,ha,Actual,PL3
52a83a5bc2472b02,2011,4,Thanh Hoá,Provincial,Cultivation,Lúa,,Area_Planted,16794.0,ha,Actual,PL3
66ca5dd5ea7fff46,2011,4,Nghệ An,Provincial,Cultivation,Lúa,,Area_Planted,30223.0,ha,Actual,PL3
58de551d5b485642,2011,4,Nghệ An,Provincial,Cultivation,Lạc,,Area_Planted,20223.0,ha,Actual,PL3
5cce6d85ec2bec99,2011,4,Nghệ An,Provincial,Cultivation,Mía,,Area_Planted,10000.0,ha,Actual,PL3
66ca5dd5ea7fff46,2011,4,Nghệ An,Provincial,Cultivation,Lúa,,Area_Planted,20841.0,ha,Actual,PL3
8b3ebd02097d27aa,2011,4,Hà Tĩnh,Provincial,Cultivation,Lúa,,Area_Planted,23777.0,ha,Actual,PL3
78c444d8a738d0be,2011,4,Hà Tĩnh,Provincial,Cultivation,Lạc,,Area_Planted,23777.0,ha,Actual,PL3
8b3ebd02097d27aa,2011,4,Hà Tĩnh,Provincial,Cultivation,Lúa,,Area_Planted,8672.0,ha,Actual,PL3
4446cc49e32f8a46,2011,4,Quảng Bình,Provincial,Cultivation,Lúa,,Area_Planted,5100.0,ha,Actual,PL3
e855ddcb4fc07bcc,2011,4,Quảng Bình,Provincial,Cultivation,Lạc,,Area_Planted,5100.0,ha,Actual,PL3
4446cc49e32f8a46,2011,4,Quảng Bình,Provincial,Cultivation,Lúa,,Area_Planted,456.0,ha,Actual,PL3
cdabf42f4d0e218d,2011,4,Quảng Trị,Provincial,Cultivation,Lúa,,Area_Planted,4300.0,ha,Actual,PL3
2eed71ae11ce0a06,2011,4,Quảng Trị,Provincial,Cultivation,Lạc,,Area_Planted,4300.0,ha,Actual,PL3
cdabf42f4d0e218d,2011,4,Quảng Trị,Provincial,Cultivation,Lúa,,Area_Planted,1010.0,ha,Actual,PL3
d0f42d5a524ae815,2011,4,Thừa Thiên Huế,Provincial,Cultivation,Lúa,,Area_Planted,3662.0,ha,Actual,PL3
cdfd5dc4b7bd4a82,2011,4,Thừa Thiên Huế,Provincial,Cultivation,Lạc,,Area_Planted,3362.0,ha,Actual,PL3
a1cb63abaaae57b8,2011,4,Thừa Thiên Huế,Provincial,Cultivation,Mía,,Area_Planted,100.0,ha,Actual,PL3
bc96adab927d2f6c,2011,4,Thừa Thiên Huế,Provincial,Cultivation,Thuốc lá,,Area_Planted,50.0,ha,Actual,PL3
d0f42d5a524ae815,2011,4,Thừa Thiên Huế,Provincial,Cultivation,Lúa,,Area_Planted,150.0,ha,Actual,PL3
d0f42d5a524ae815,2011,4,Thừa Thiên Huế,Provincial,Cultivation,Lúa,,Area_Planted,5550.0,ha,Actual,PL3
19db29068fe81a84,2011,4,Miền Nam,Provincial,Cultivation,Lúa,,Area_Planted,1648741.0,ha,Actual,PL4
19db29068fe81a84,2011,4,Miền Nam,Provincial,Cultivation,Lúa,,Area_Planted,828.0,ha,Actual,PL4
19db29068fe81a84,2011,4,Miền Nam,Provincial,Cultivation,Lúa,,Area_Planted,643.0,ha,Actual,PL4
19db29068fe81a84,2011,4,Miền Nam,Provincial,Cultivation,Lúa,,Area_Planted,10605312.0,ha,Actual,PL4
19db29068fe81a84,2011,4,Miền Nam,Provincial,Cultivation,Lúa,,Area_Planted,674344.0,ha,Actual,PL4
19db29068fe81a84,2011,4,Miền Nam,Provincial,Cultivation,Lúa,,Area_Planted,166511.0,ha,Actual,PL4
19db29068fe81a84,2011,4,Miền Nam,Provincial,Cultivation,Lúa,,Area_Planted,69332.0,ha,Actual,PL4
19db29068fe81a84,2011,4,Miền Nam,Provincial,Cultivation,Lúa,,Area_Planted,15351.0,ha,Actual,PL4
19db29068fe81a84,2011,4,Miền Nam,Provincial,Cultivation,Lúa,,Area_Planted,72014.0,ha,Actual,PL4
19db29068fe81a84,2011,4,Miền Nam,Provincial,Cultivation,Lúa,,Area_Planted,72014.0,ha,Actual,PL4
d1f9e96734b18aad,2011,4,D.H Nam TB,Provincial,Cultivation,Lúa,,Area_Planted,74494.0,ha,Actual,PL4
d1f9e96734b18aad,2011,4,D.H Nam TB,Provincial,Cultivation,Lúa,,Area_Planted,423.0,ha,Actual,PL4
d1f9e96734b18aad,2011,4,D.H Nam TB,Provincial,Cultivation,Lúa,,Area_Planted,510.0,ha,Actual,PL4
d1f9e96734b18aad,2011,4,D.H Nam TB,Provincial,Cultivation,Lúa,,Area_Planted,379725.0,ha,Actual,PL4
d1f9e96734b18aad,2011,4,D.H Nam TB,Provincial,Cultivation,Lúa,,Area_Planted,22296.0,ha,Actual,PL4
d1f9e96734b18aad,2011,4,D.H Nam TB,Provincial,Cultivation,Lúa,,Area_Planted,56708.0,ha,Actual,PL4
d1f9e96734b18aad,2011,4,D.H Nam TB,Provincial,Cultivation,Lúa,,Area_Planted,15243.0,ha,Actual,PL4
d1f9e96734b18aad,2011,4,D.H Nam TB,Provincial,Cultivation,Lúa,,Area_Planted,3650.0,ha,Actual,PL4
d1f9e96734b18aad,2011,4,D.H Nam TB,Provincial,Cultivation,Lúa,,Area_Planted,36902.0,ha,Actual,PL4
d1f9e96734b18aad,2011,4,D.H Nam TB,Provincial,Cultivation,Lúa,,Area_Planted,913.0,ha,Actual,PL4
c95e60bc36cd5d94,2011,4,TP Đà Nẵng,Provincial,Cultivation,Lúa,,Area_Planted,853.0,ha,Actual,PL4
c95e60bc36cd5d94,2011,4,TP Đà Nẵng,Provincial,Cultivation,Lúa,,Area_Planted,332.0,ha,Actual,PL4
c95e60bc36cd5d94,2011,4,TP Đà Nẵng,Provincial,Cultivation,Lúa,,Area_Planted,220.0,ha,Actual,PL4
c95e60bc36cd5d94,2011,4,TP Đà Nẵng,Provincial,Cultivation,Lúa,,Area_Planted,301.0,ha,Actual,PL4
f973ba546f2b7e51,2011,4,Quảng Nam,Provincial,Cultivation,Lúa,,Area_Planted,7000.0,ha,Actual,PL4
f973ba546f2b7e51,2011,4,Quảng Nam,Provincial,Cultivation,Lúa,,Area_Planted,164.0,ha,Actual,PL4
f973ba546f2b7e51,2011,4,Quảng Nam,Provincial,Cultivation,Lúa,,Area_Planted,19410.0,ha,Actual,PL4
f973ba546f2b7e51,2011,4,Quảng Nam,Provincial,Cultivation,Lúa,,Area_Planted,5910.0,ha,Actual,PL4
f973ba546f2b7e51,2011,4,Quảng Nam,Provincial,Cultivation,Lúa,,Area_Planted,3100.0,ha,Actual,PL4
f973ba546f2b7e51,2011,4,Quảng Nam,Provincial,Cultivation,Lúa,,Area_Planted,10200.0,ha,Actual,PL4
f973ba546f2b7e51,2011,4,Quảng Nam,Provincial,Cultivation,Lúa,,Area_Planted,200.0,ha,Actual,PL4
224327ea79d97d31,2011,4,Quảng Ngãi,Provincial,Cultivation,Lúa,,Area_Planted,5109.0,ha,Actual,PL4
224327ea79d97d31,2011,4,Quảng Ngãi,Provincial,Cultivation,Lúa,,Area_Planted,140.0,ha,Actual,PL4
224327ea79d97d31,2011,4,Quảng Ngãi,Provincial,Cultivation,Lúa,,Area_Planted,350.0,ha,Actual,PL4
224327ea79d97d31,2011,4,Quảng Ngãi,Provincial,Cultivation,Lúa,,Area_Planted,17882.0,ha,Actual,PL4
224327ea79d97d31,2011,4,Quảng Ngãi,Provincial,Cultivation,Lúa,,Area_Planted,20150.0,ha,Actual,PL4
224327ea79d97d31,2011,4,Quảng Ngãi,Provincial,Cultivation,Lúa,,Area_Planted,4500.0,ha,Actual,PL4
224327ea79d97d31,2011,4,Quảng Ngãi,Provincial,Cultivation,Lúa,,Area_Planted,150.0,ha,Actual,PL4
224327ea79d97d31,2011,4,Quảng Ngãi,Provincial,Cultivation,Lúa,,Area_Planted,15500.0,ha,Actual,PL4
09c2150476659c74,2011,4,Bình Định,Provincial,Cultivation,Lúa,,Area_Planted,33477.0,ha,Actual,PL4
09c2150476659c74,2011,4,Bình Định,Provincial,Cultivation,Lúa,,Area_Planted,704.0,ha,Actual,PL4
09c2150476659c74,2011,4,Bình Định,Provincial,Cultivation,Lúa,,Area_Planted,625.0,ha,Actual,PL4
09c2150476659c74,2011,4,Bình Định,Provincial,Cultivation,Lúa,,Area_Planted,209106.0,ha,Actual,PL4
09c2150476659c74,2011,4,Bình Định,Provincial,Cultivation,Lúa,,Area_Planted,22146.0,ha,Actual,PL4
09c2150476659c74,2011,4,Bình Định,Provincial,Cultivation,Lúa,,Area_Planted,2288.0,ha,Actual,PL4
09c2150476659c74,2011,4,Bình Định,Provincial,Cultivation,Lúa,,Area_Planted,2288.0,ha,Actual,PL4
d41117929490eaa3,2011,4,Phú Yên,Provincial,Cultivation,Lúa,,Area_Planted,9500.0,ha,Actual,PL4
d41117929490eaa3,2011,4,Phú Yên,Provincial,Cultivation,Lúa,,Area_Planted,361.0,ha,Actual,PL4
d41117929490eaa3,2011,4,Phú Yên,Provincial,Cultivation,Lúa,,Area_Planted,525.0,ha,Actual,PL4
d41117929490eaa3,2011,4,Phú Yên,Provincial,Cultivation,Lúa,,Area_Planted,49875.0,ha,Actual,PL4
d41117929490eaa3,2011,4,Phú Yên,Provincial,Cultivation,Lúa,,Area_Planted,150.0,ha,Actual,PL4
d41117929490eaa3,2011,4,Phú Yên,Provincial,Cultivation,Lúa,,Area_Planted,9777.0,ha,Actual,PL4
d41117929490eaa3,2011,4,Phú Yên,Provincial,Cultivation,Lúa,,Area_Planted,2213.0,ha,Actual,PL4
d41117929490eaa3,2011,4,Phú Yên,Provincial,Cultivation,Lúa,,Area_Planted,180.0,ha,Actual,PL4
d41117929490eaa3,2011,4,Phú Yên,Provincial,Cultivation,Lúa,,Area_Planted,7241.0,ha,Actual,PL4
d41117929490eaa3,2011,4,Phú Yên,Provincial,Cultivation,Lúa,,Area_Planted,143.0,ha,Actual,PL4
43c6e15567de2cfa,2011,4,Khánh Hoà,Provincial,Cultivation,Lúa,,Area_Planted,19408.0,ha,Actual,PL4
43c6e15567de2cfa,2011,4,Khánh Hoà,Provincial,Cultivation,Lúa,,Area_Planted,1000.0,ha,Actual,PL4
43c6e15567de2cfa,2011,4,Khánh Hoà,Provincial,Cultivation,Lúa,,Area_Planted,530.0,ha,Actual,PL4
43c6e15567de2cfa,2011,4,Khánh Hoà,Provincial,Cultivation,Lúa,,Area_Planted,102862.0,ha,Actual,PL4
43c6e15567de2cfa,2011,4,Khánh Hoà,Provincial,Cultivation,Lúa,,Area_Planted,4230.0,ha,Actual,PL4
43c6e15567de2cfa,2011,4,Khánh Hoà,Provincial,Cultivation,Lúa,,Area_Planted,3660.0,ha,Actual,PL4
43c6e15567de2cfa,2011,4,Khánh Hoà,Provincial,Cultivation,Lúa,,Area_Planted,570.0,ha,Actual,PL4
3f4eedb3eb524a45,2011,4,Tây Nguyên,Provincial,Cultivation,Lúa,,Area_Planted,19831.0,ha,Actual,PL4
3f4eedb3eb524a45,2011,4,Tây Nguyên,Provincial,Cultivation,Lúa,,Area_Planted,257.0,ha,Actual,PL4
3f4eedb3eb524a45,2011,4,Tây Nguyên,Provincial,Cultivation,Lúa,,Area_Planted,526.0,ha,Actual,PL4
3f4eedb3eb524a45,2011,4,Tây Nguyên,Provincial,Cultivation,Lúa,,Area_Planted,104251.0,ha,Actual,PL4
3f4eedb3eb524a45,2011,4,Tây Nguyên,Provincial,Cultivation,Lúa,,Area_Planted,995.0,ha,Actual,PL4
3f4eedb3eb524a45,2011,4,Tây Nguyên,Provincial,Cultivation,Lúa,,Area_Planted,20780.0,ha,Actual,PL4
3f4eedb3eb524a45,2011,4,Tây Nguyên,Provincial,Cultivation,Lúa,,Area_Planted,12815.0,ha,Actual,PL4
3f4eedb3eb524a45,2011,4,Tây Nguyên,Provincial,Cultivation,Lúa,,Area_Planted,2249.0,ha,Actual,PL4
3f4eedb3eb524a45,2011,4,Tây Nguyên,Provincial,Cultivation,Lúa,,Area_Planted,5717.0,ha,Actual,PL4
e91f6b00c8a8a00f,2011,4,Kon Tum,Provincial,Cultivation,Lúa,,Area_Planted,636.0,ha,Actual,PL4
e91f6b00c8a8a00f,2011,4,Kon Tum,Provincial,Cultivation,Lúa,,Area_Planted,636.0,ha,Actual,PL4
e8132fd54a4c4c4a,2011,4,Gia Lai,Provincial,Cultivation,Lúa,,Area_Planted,11300.0,ha,Actual,PL4
e8132fd54a4c4c4a,2011,4,Gia Lai,Provincial,Cultivation,Lúa,,Area_Planted,463.0,ha,Actual,PL4
e8132fd54a4c4c4a,2011,4,Gia Lai,Provincial,Cultivation,Lúa,,Area_Planted,520.0,ha,Actual,PL4
e8132fd54a4c4c4a,2011,4,Gia Lai,Provincial,Cultivation,Lúa,,Area_Planted,58760.0,ha,Actual,PL4
e8132fd54a4c4c4a,2011,4,Gia Lai,Provincial,Cultivation,Lúa,,Area_Planted,10122.0,ha,Actual,PL4
e8132fd54a4c4c4a,2011,4,Gia Lai,Provincial,Cultivation,Lúa,,Area_Planted,4587.0,ha,Actual,PL4
e8132fd54a4c4c4a,2011,4,Gia Lai,Provincial,Cultivation,Lúa,,Area_Planted,431.0,ha,Actual,PL4
e8132fd54a4c4c4a,2011,4,Gia Lai,Provincial,Cultivation,Lúa,,Area_Planted,5105.0,ha,Actual,PL4
e65fe6908e4ac183,2011,4,Đắc Lắc,Provincial,Cultivation,Lúa,,Area_Planted,3657.0,ha,Actual,PL4
e65fe6908e4ac183,2011,4,Đắc Lắc,Provincial,Cultivation,Lúa,,Area_Planted,118.0,ha,Actual,PL4
e65fe6908e4ac183,2011,4,Đắc Lắc,Provincial,Cultivation,Lúa,,Area_Planted,500.0,ha,Actual,PL4
e65fe6908e4ac183,2011,4,Đắc Lắc,Provincial,Cultivation,Lúa,,Area_Planted,18285.0,ha,Actual,PL4
e65fe6908e4ac183,2011,4,Đắc Lắc,Provincial,Cultivation,Lúa,,Area_Planted,4495.0,ha,Actual,PL4
e65fe6908e4ac183,2011,4,Đắc Lắc,Provincial,Cultivation,Lúa,,Area_Planted,3191.0,ha,Actual,PL4
e65fe6908e4ac183,2011,4,Đắc Lắc,Provincial,Cultivation,Lúa,,Area_Planted,692.0,ha,Actual,PL4
e65fe6908e4ac183,2011,4,Đắc Lắc,Provincial,Cultivation,Lúa,,Area_Planted,612.0,ha,Actual,PL4
1f58fe85daef182b,2011,4,Đắc Nông,Provincial,Cultivation,Lúa,,Area_Planted,623.0,ha,Actual,PL4
1f58fe85daef182b,2011,4,Đắc Nông,Provincial,Cultivation,Lúa,,Area_Planted,138.0,ha,Actual,PL4
1f58fe85daef182b,2011,4,Đắc Nông,Provincial,Cultivation,Lúa,,Area_Planted,532.0,ha,Actual,PL4
1f58fe85daef182b,2011,4,Đắc Nông,Provincial,Cultivation,Lúa,,Area_Planted,3316.0,ha,Actual,PL4
1f58fe85daef182b,2011,4,Đắc Nông,Provincial,Cultivation,Lúa,,Area_Planted,3634.0,ha,Actual,PL4
1f58fe85daef182b,2011,4,Đắc Nông,Provincial,Cultivation,Lúa,,Area_Planted,2762.0,ha,Actual,PL4
1f58fe85daef182b,2011,4,Đắc Nông,Provincial,Cultivation,Lúa,,Area_Planted,872.0,ha,Actual,PL4
84fd3c025096444f,2011,4,Lâm Đồng,Provincial,Cultivation,Lúa,,Area_Planted,995.0,ha,Actual,PL4
84fd3c025096444f,2011,4,Lâm Đồng,Provincial,Cultivation,Lúa,,Area_Planted,254.0,ha,Actual,PL4
e93b1e98123b1dfc,2011,4,Đông Nam Bộ,Provincial,Cultivation,Lúa,,Area_Planted,94530.0,ha,Actual,PL4
e93b1e98123b1dfc,2011,4,Đông Nam Bộ,Provincial,Cultivation,Lúa,,Area_Planted,781.0,ha,Actual,PL4
e93b1e98123b1dfc,2011,4,Đông Nam Bộ,Provincial,Cultivation,Lúa,,Area_Planted,521.0,ha,Actual,PL4
e93b1e98123b1dfc,2011,4,Đông Nam Bộ,Provincial,Cultivation,Lúa,,Area_Planted,492891.0,ha,Actual,PL4
e93b1e98123b1dfc,2011,4,Đông Nam Bộ,Provincial,Cultivation,Lúa,,Area_Planted,5648.0,ha,Actual,PL4
e93b1e98123b1dfc,2011,4,Đông Nam Bộ,Provincial,Cultivation,Lúa,,Area_Planted,48283.0,ha,Actual,PL4
e93b1e98123b1dfc,2011,4,Đông Nam Bộ,Provincial,Cultivation,Lúa,,Area_Planted,19371.0,ha,Actual,PL4
e93b1e98123b1dfc,2011,4,Đông Nam Bộ,Provincial,Cultivation,Lúa,,Area_Planted,738.0,ha,Actual,PL4
e93b1e98123b1dfc,2011,4,Đông Nam Bộ,Provincial,Cultivation,Lúa,,Area_Planted,27388.0,ha,Actual,PL4
e93b1e98123b1dfc,2011,4,Đông Nam Bộ,Provincial,Cultivation,Lúa,,Area_Planted,786.0,ha,Actual,PL4
ca4b8a4687b2183b,2011,4,TP Hồ Chí Minh,Provincial,Cultivation,Lúa,,Area_Planted,5405.0,ha,Actual,PL4
ca4b8a4687b2183b,2011,4,TP Hồ Chí Minh,Provincial,Cultivation,Lúa,,Area_Planted,1000.0,ha,Actual,PL4
ca4b8a4687b2183b,2011,4,TP Hồ Chí Minh,Provincial,Cultivation,Lúa,,Area_Planted,510.0,ha,Actual,PL4
ca4b8a4687b2183b,2011,4,TP Hồ Chí Minh,Provincial,Cultivation,Lúa,,Area_Planted,27571.0,ha,Actual,PL4
ca4b8a4687b2183b,2011,4,TP Hồ Chí Minh,Provincial,Cultivation,Lúa,,Area_Planted,650.0,ha,Actual,PL4
2e9d7aec7b5bd354,2011,4,Ninh Thuận,Provincial,Cultivation,Lúa,,Area_Planted,3400.0,ha,Actual,PL4
2e9d7aec7b5bd354,2011,4,Ninh Thuận,Provincial,Cultivation,Lúa,,Area_Planted,233.0,ha,Actual,PL4
2e9d7aec7b5bd354,2011,4,Ninh Thuận,Provincial,Cultivation,Lúa,,Area_Planted,650.0,ha,Actual,PL4
2e9d7aec7b5bd354,2011,4,Ninh Thuận,Provincial,Cultivation,Lúa,,Area_Planted,22100.0,ha,Actual,PL4
2e9d7aec7b5bd354,2011,4,Ninh Thuận,Provincial,Cultivation,Lúa,,Area_Planted,5047.0,ha,Actual,PL4
2e9d7aec7b5bd354,2011,4,Ninh Thuận,Provincial,Cultivation,Lúa,,Area_Planted,2500.0,ha,Actual,PL4
2e9d7aec7b5bd354,2011,4,Ninh Thuận,Provincial,Cultivation,Lúa,,Area_Planted,69.0,ha,Actual,PL4
2e9d7aec7b5bd354,2011,4,Ninh Thuận,Provincial,Cultivation,Lúa,,Area_Planted,2478.0,ha,Actual,PL4
0de69276833d850c,2011,4,Bình Phước,Provincial,Cultivation,Lúa,,Area_Planted,2908.0,ha,Actual,PL4
0de69276833d850c,2011,4,Bình Phước,Provincial,Cultivation,Lúa,,Area_Planted,1000.0,ha,Actual,PL4
0de69276833d850c,2011,4,Bình Phước,Provincial,Cultivation,Lúa,,Area_Planted,336.0,ha,Actual,PL4
0de69276833d850c,2011,4,Bình Phước,Provincial,Cultivation,Lúa,,Area_Planted,9774.0,ha,Actual,PL4
0de69276833d850c,2011,4,Bình Phước,Provincial,Cultivation,Lúa,,Area_Planted,1496.0,ha,Actual,PL4
0de69276833d850c,2011,4,Bình Phước,Provincial,Cultivation,Lúa,,Area_Planted,440.0,ha,Actual,PL4
0de69276833d850c,2011,4,Bình Phước,Provincial,Cultivation,Lúa,,Area_Planted,93.0,ha,Actual,PL4
0de69276833d850c,2011,4,Bình Phước,Provincial,Cultivation,Lúa,,Area_Planted,832.0,ha,Actual,PL4
0de69276833d850c,2011,4,Bình Phước,Provincial,Cultivation,Lúa,,Area_Planted,131.0,ha,Actual,PL4
6cd91805522be33b,2011,4,Tây Ninh,Provincial,Cultivation,Lúa,,Area_Planted,32518.0,ha,Actual,PL4
6cd91805522be33b,2011,4,Tây Ninh,Provincial,Cultivation,Lúa,,Area_Planted,718.0,ha,Actual,PL4
6cd91805522be33b,2011,4,Tây Ninh,Provincial,Cultivation,Lúa,,Area_Planted,450.0,ha,Actual,PL4
6cd91805522be33b,2011,4,Tây Ninh,Provincial,Cultivation,Lúa,,Area_Planted,146331.0,ha,Actual,PL4
6cd91805522be33b,2011,4,Tây Ninh,Provincial,Cultivation,Lúa,,Area_Planted,4236.0,ha,Actual,PL4
6cd91805522be33b,2011,4,Tây Ninh,Provincial,Cultivation,Lúa,,Area_Planted,23652.0,ha,Actual,PL4
6cd91805522be33b,2011,4,Tây Ninh,Provincial,Cultivation,Lúa,,Area_Planted,3187.0,ha,Actual,PL4
6cd91805522be33b,2011,4,Tây Ninh,Provincial,Cultivation,Lúa,,Area_Planted,127.0,ha,Actual,PL4
6cd91805522be33b,2011,4,Tây Ninh,Provincial,Cultivation,Lúa,,Area_Planted,20051.0,ha,Actual,PL4
6cd91805522be33b,2011,4,Tây Ninh,Provincial,Cultivation,Lúa,,Area_Planted,287.0,ha,Actual,PL4
82c5da4af805267b,2011,4,Bình Dương,Provincial,Cultivation,Lúa,,Area_Planted,2596.0,ha,Actual,PL4
82c5da4af805267b,2011,4,Bình Dương,Provincial,Cultivation,Lúa,,Area_Planted,1000.0,ha,Actual,PL4
82c5da4af805267b,2011,4,Bình Dương,Provincial,Cultivation,Lúa,,Area_Planted,446.0,ha,Actual,PL4
82c5da4af805267b,2011,4,Bình Dương,Provincial,Cultivation,Lúa,,Area_Planted,11570.0,ha,Actual,PL4
82c5da4af805267b,2011,4,Bình Dương,Provincial,Cultivation,Lúa,,Area_Planted,68.0,ha,Actual,PL4
82c5da4af805267b,2011,4,Bình Dương,Provincial,Cultivation,Lúa,,Area_Planted,1787.0,ha,Actual,PL4
82c5da4af805267b,2011,4,Bình Dương,Provincial,Cultivation,Lúa,,Area_Planted,126.0,ha,Actual,PL4
82c5da4af805267b,2011,4,Bình Dương,Provincial,Cultivation,Lúa,,Area_Planted,1489.0,ha,Actual,PL4
82c5da4af805267b,2011,4,Bình Dương,Provincial,Cultivation,Lúa,,Area_Planted,172.0,ha,Actual,PL4
ff2aa1fe1675d125,2011,4,Đồng Nai,Provincial,Cultivation,Lúa,,Area_Planted,13989.0,ha,Actual,PL4
ff2aa1fe1675d125,2011,4,Đồng Nai,Provincial,Cultivation,Lúa,,Area_Planted,1000.0,ha,Actual,PL4
ff2aa1fe1675d125,2011,4,Đồng Nai,Provincial,Cultivation,Lúa,,Area_Planted,565.0,ha,Actual,PL4
ff2aa1fe1675d125,2011,4,Đồng Nai,Provincial,Cultivation,Lúa,,Area_Planted,79038.0,ha,Actual,PL4
ff2aa1fe1675d125,2011,4,Đồng Nai,Provincial,Cultivation,Lúa,,Area_Planted,11452.0,ha,Actual,PL4
ff2aa1fe1675d125,2011,4,Đồng Nai,Provincial,Cultivation,Lúa,,Area_Planted,8943.0,ha,Actual,PL4
ff2aa1fe1675d125,2011,4,Đồng Nai,Provincial,Cultivation,Lúa,,Area_Planted,123.0,ha,Actual,PL4
ff2aa1fe1675d125,2011,4,Đồng Nai,Provincial,Cultivation,Lúa,,Area_Planted,2215.0,ha,Actual,PL4
ff2aa1fe1675d125,2011,4,Đồng Nai,Provincial,Cultivation,Lúa,,Area_Planted,171.0,ha,Actual,PL4
993882a247cdbcf8,2011,4,Bình Thuận,Provincial,Cultivation,Lúa,,Area_Planted,29178.0,ha,Actual,PL4
993882a247cdbcf8,2011,4,Bình Thuận,Provincial,Cultivation,Lúa,,Area_Planted,933.0,ha,Actual,PL4
993882a247cdbcf8,2011,4,Bình Thuận,Provincial,Cultivation,Lúa,,Area_Planted,594.0,ha,Actual,PL4
993882a247cdbcf8,2011,4,Bình Thuận,Provincial,Cultivation,Lúa,,Area_Planted,173317.0,ha,Actual,PL4
993882a247cdbcf8,2011,4,Bình Thuận,Provincial,Cultivation,Lúa,,Area_Planted,3690.0,ha,Actual,PL4
993882a247cdbcf8,2011,4,Bình Thuận,Provincial,Cultivation,Lúa,,Area_Planted,3066.0,ha,Actual,PL4
993882a247cdbcf8,2011,4,Bình Thuận,Provincial,Cultivation,Lúa,,Area_Planted,278.0,ha,Actual,PL4
993882a247cdbcf8,2011,4,Bình Thuận,Provincial,Cultivation,Lúa,,Area_Planted,323.0,ha,Actual,PL4
993882a247cdbcf8,2011,4,Bình Thuận,Provincial,Cultivation,Lúa,,Area_Planted,23.0,ha,Actual,PL4
6e5eb4e111da527c,2011,4,Bà Rịa-V.Tàu,Provincial,Cultivation,Lúa,,Area_Planted,4536.0,ha,Actual,PL4
6e5eb4e111da527c,2011,4,Bà Rịa-V.Tàu,Provincial,Cultivation,Lúa,,Area_Planted,922.0,ha,Actual,PL4
6e5eb4e111da527c,2011,4,Bà Rịa-V.Tàu,Provincial,Cultivation,Lúa,,Area_Planted,511.0,ha,Actual,PL4
6e5eb4e111da527c,2011,4,Bà Rịa-V.Tàu,Provincial,Cultivation,Lúa,,Area_Planted,23190.0,ha,Actual,PL4
6e5eb4e111da527c,2011,4,Bà Rịa-V.Tàu,Provincial,Cultivation,Lúa,,Area_Planted,694.0,ha,Actual,PL4
6e5eb4e111da527c,2011,4,Bà Rịa-V.Tàu,Provincial,Cultivation,Lúa,,Area_Planted,1159.0,ha,Actual,PL4
6e5eb4e111da527c,2011,4,Bà Rịa-V.Tàu,Provincial,Cultivation,Lúa,,Area_Planted,1109.0,ha,Actual,PL4
6e5eb4e111da527c,2011,4,Bà Rịa-V.Tàu,Provincial,Cultivation,Lúa,,Area_Planted,48.0,ha,Actual,PL4
6e5eb4e111da527c,2011,4,Bà Rịa-V.Tàu,Provincial,Cultivation,Lúa,,Area_Planted,2.0,ha,Actual,PL4
3ad20e445d225f90,2011,4,ĐBS Cửu Long,Provincial,Cultivation,Lúa,,Area_Planted,1459886.0,ha,Actual,PL4
3ad20e445d225f90,2011,4,ĐBS Cửu Long,Provincial,Cultivation,Lúa,,Area_Planted,903.0,ha,Actual,PL4
3ad20e445d225f90,2011,4,ĐBS Cửu Long,Provincial,Cultivation,Lúa,,Area_Planted,660.0,ha,Actual,PL4
3ad20e445d225f90,2011,4,ĐBS Cửu Long,Provincial,Cultivation,Lúa,,Area_Planted,9628445.0,ha,Actual,PL4
3ad20e445d225f90,2011,4,ĐBS Cửu Long,Provincial,Cultivation,Lúa,,Area_Planted,645405.0,ha,Actual,PL4
3ad20e445d225f90,2011,4,ĐBS Cửu Long,Provincial,Cultivation,Lúa,,Area_Planted,40740.0,ha,Actual,PL4
3ad20e445d225f90,2011,4,ĐBS Cửu Long,Provincial,Cultivation,Lúa,,Area_Planted,21904.0,ha,Actual,PL4
3ad20e445d225f90,2011,4,ĐBS Cửu Long,Provincial,Cultivation,Lúa,,Area_Planted,8714.0,ha,Actual,PL4
3ad20e445d225f90,2011,4,ĐBS Cửu Long,Provincial,Cultivation,Lúa,,Area_Planted,2008.0,ha,Actual,PL4
3ad20e445d225f90,2011,4,ĐBS Cửu Long,Provincial,Cultivation,Lúa,,Area_Planted,8114.0,ha,Actual,PL4
8628169e681ff5da,2011,4,Long An,Provincial,Cultivation,Lúa,,Area_Planted,246258.0,ha,Actual,PL4
8628169e681ff5da,2011,4,Long An,Provincial,Cultivation,Lúa,,Area_Planted,969.0,ha,Actual,PL4
8628169e681ff5da,2011,4,Long An,Provincial,Cultivation,Lúa,,Area_Planted,579.0,ha,Actual,PL4
8628169e681ff5da,2011,4,Long An,Provincial,Cultivation,Lúa,,Area_Planted,1426819.0,ha,Actual,PL4
8628169e681ff5da,2011,4,Long An,Provincial,Cultivation,Lúa,,Area_Planted,50652.0,ha,Actual,PL4
8628169e681ff5da,2011,4,Long An,Provincial,Cultivation,Lúa,,Area_Planted,8558.0,ha,Actual,PL4
8628169e681ff5da,2011,4,Long An,Provincial,Cultivation,Lúa,,Area_Planted,4606.0,ha,Actual,PL4
8628169e681ff5da,2011,4,Long An,Provincial,Cultivation,Lúa,,Area_Planted,48.0,ha,Actual,PL4
8628169e681ff5da,2011,4,Long An,Provincial,Cultivation,Lúa,,Area_Planted,570.0,ha,Actual,PL4
8628169e681ff5da,2011,4,Long An,Provincial,Cultivation,Lúa,,Area_Planted,3334.0,ha,Actual,PL4
d189803e8f19102d,2011,4,Đồng Tháp,Provincial,Cultivation,Lúa,,Area_Planted,206195.0,ha,Actual,PL4
d189803e8f19102d,2011,4,Đồng Tháp,Provincial,Cultivation,Lúa,,Area_Planted,997.0,ha,Actual,PL4
d189803e8f19102d,2011,4,Đồng Tháp,Provincial,Cultivation,Lúa,,Area_Planted,707.0,ha,Actual,PL4
d189803e8f19102d,2011,4,Đồng Tháp,Provincial,Cultivation,Lúa,,Area_Planted,1457799.0,ha,Actual,PL4
d189803e8f19102d,2011,4,Đồng Tháp,Provincial,Cultivation,Lúa,,Area_Planted,167680.0,ha,Actual,PL4
d189803e8f19102d,2011,4,Đồng Tháp,Provincial,Cultivation,Lúa,,Area_Planted,4908.0,ha,Actual,PL4
d189803e8f19102d,2011,4,Đồng Tháp,Provincial,Cultivation,Lúa,,Area_Planted,2852.0,ha,Actual,PL4
d189803e8f19102d,2011,4,Đồng Tháp,Provincial,Cultivation,Lúa,,Area_Planted,1293.0,ha,Actual,PL4
d189803e8f19102d,2011,4,Đồng Tháp,Provincial,Cultivation,Lúa,,Area_Planted,763.0,ha,Actual,PL4
742ed17d857ddb9d,2011,4,An Giang,Provincial,Cultivation,Lúa,,Area_Planted,211267.0,ha,Actual,PL4
742ed17d857ddb9d,2011,4,An Giang,Provincial,Cultivation,Lúa,,Area_Planted,897.0,ha,Actual,PL4
742ed17d857ddb9d,2011,4,An Giang,Provincial,Cultivation,Lúa,,Area_Planted,739.0,ha,Actual,PL4
742ed17d857ddb9d,2011,4,An Giang,Provincial,Cultivation,Lúa,,Area_Planted,1561822.0,ha,Actual,PL4
742ed17d857ddb9d,2011,4,An Giang,Provincial,Cultivation,Lúa,,Area_Planted,89547.0,ha,Actual,PL4
742ed17d857ddb9d,2011,4,An Giang,Provincial,Cultivation,Lúa,,Area_Planted,5843.0,ha,Actual,PL4
742ed17d857ddb9d,2011,4,An Giang,Provincial,Cultivation,Lúa,,Area_Planted,4364.0,ha,Actual,PL4
742ed17d857ddb9d,2011,4,An Giang,Provincial,Cultivation,Lúa,,Area_Planted,189.0,ha,Actual,PL4
742ed17d857ddb9d,2011,4,An Giang,Provincial,Cultivation,Lúa,,Area_Planted,460.0,ha,Actual,PL4
742ed17d857ddb9d,2011,4,An Giang,Provincial,Cultivation,Lúa,,Area_Planted,830.0,ha,Actual,PL4
e5f69ff9c45d3434,2011,4,Tiền Giang,Provincial,Cultivation,Lúa,,Area_Planted,80351.0,ha,Actual,PL4
e5f69ff9c45d3434,2011,4,Tiền Giang,Provincial,Cultivation,Lúa,,Area_Planted,1000.0,ha,Actual,PL4
e5f69ff9c45d3434,2011,4,Tiền Giang,Provincial,Cultivation,Lúa,,Area_Planted,673.0,ha,Actual,PL4
e5f69ff9c45d3434,2011,4,Tiền Giang,Provincial,Cultivation,Lúa,,Area_Planted,540550.0,ha,Actual,PL4
e5f69ff9c45d3434,2011,4,Tiền Giang,Provincial,Cultivation,Lúa,,Area_Planted,40495.0,ha,Actual,PL4
e5f69ff9c45d3434,2011,4,Tiền Giang,Provincial,Cultivation,Lúa,,Area_Planted,4372.0,ha,Actual,PL4
e5f69ff9c45d3434,2011,4,Tiền Giang,Provincial,Cultivation,Lúa,,Area_Planted,2849.0,ha,Actual,PL4
e5f69ff9c45d3434,2011,4,Tiền Giang,Provincial,Cultivation,Lúa,,Area_Planted,240.0,ha,Actual,PL4
e5f69ff9c45d3434,2011,4,Tiền Giang,Provincial,Cultivation,Lúa,,Area_Planted,151.0,ha,Actual,PL4
e5f69ff9c45d3434,2011,4,Tiền Giang,Provincial,Cultivation,Lúa,,Area_Planted,1132.0,ha,Actual,PL4
6d375c80feb37f0d,2011,4,Vĩnh Long,Provincial,Cultivation,Lúa,,Area_Planted,65830.0,ha,Actual,PL4
6d375c80feb37f0d,2011,4,Vĩnh Long,Provincial,Cultivation,Lúa,,Area_Planted,1000.0,ha,Actual,PL4
6d375c80feb37f0d,2011,4,Vĩnh Long,Provincial,Cultivation,Lúa,,Area_Planted,660.0,ha,Actual,PL4
6d375c80feb37f0d,2011,4,Vĩnh Long,Provincial,Cultivation,Lúa,,Area_Planted,434775.0,ha,Actual,PL4
6d375c80feb37f0d,2011,4,Vĩnh Long,Provincial,Cultivation,Lúa,,Area_Planted,61227.0,ha,Actual,PL4
6d375c80feb37f0d,2011,4,Vĩnh Long,Provincial,Cultivation,Lúa,,Area_Planted,5528.0,ha,Actual,PL4
6d375c80feb37f0d,2011,4,Vĩnh Long,Provincial,Cultivation,Lúa,,Area_Planted,812.0,ha,Actual,PL4
6d375c80feb37f0d,2011,4,Vĩnh Long,Provincial,Cultivation,Lúa,,Area_Planted,4520.0,ha,Actual,PL4
6d375c80feb37f0d,2011,4,Vĩnh Long,Provincial,Cultivation,Lúa,,Area_Planted,118.0,ha,Actual,PL4
6d375c80feb37f0d,2011,4,Vĩnh Long,Provincial,Cultivation,Lúa,,Area_Planted,78.0,ha,Actual,PL4
5fb0790c96cb19ef,2011,4,Bến Tre,Provincial,Cultivation,Lúa,,Area_Planted,9366.0,ha,Actual,PL4
5fb0790c96cb19ef,2011,4,Bến Tre,Provincial,Cultivation,Lúa,,Area_Planted,454.0,ha,Actual,PL4
5fb0790c96cb19ef,2011,4,Bến Tre,Provincial,Cultivation,Lúa,,Area_Planted,535.0,ha,Actual,PL4
5fb0790c96cb19ef,2011,4,Bến Tre,Provincial,Cultivation,Lúa,,Area_Planted,50108.0,ha,Actual,PL4
5fb0790c96cb19ef,2011,4,Bến Tre,Provincial,Cultivation,Lúa,,Area_Planted,400.0,ha,Actual,PL4
5fb0790c96cb19ef,2011,4,Bến Tre,Provincial,Cultivation,Lúa,,Area_Planted,250.0,ha,Actual,PL4
5fb0790c96cb19ef,2011,4,Bến Tre,Provincial,Cultivation,Lúa,,Area_Planted,50.0,ha,Actual,PL4
5fb0790c96cb19ef,2011,4,Bến Tre,Provincial,Cultivation,Lúa,,Area_Planted,100.0,ha,Actual,PL4
62416ecabd97857a,2011,4,Kiên Giang,Provincial,Cultivation,Lúa,,Area_Planted,287364.0,ha,Actual,PL4
62416ecabd97857a,2011,4,Kiên Giang,Provincial,Cultivation,Lúa,,Area_Planted,1000.0,ha,Actual,PL4
62416ecabd97857a,2011,4,Kiên Giang,Provincial,Cultivation,Lúa,,Area_Planted,684.0,ha,Actual,PL4
62416ecabd97857a,2011,4,Kiên Giang,Provincial,Cultivation,Lúa,,Area_Planted,1965570.0,ha,Actual,PL4
62416ecabd97857a,2011,4,Kiên Giang,Provincial,Cultivation,Lúa,,Area_Planted,57151.0,ha,Actual,PL4
62416ecabd97857a,2011,4,Kiên Giang,Provincial,Cultivation,Lúa,,Area_Planted,730.0,ha,Actual,PL4
62416ecabd97857a,2011,4,Kiên Giang,Provincial,Cultivation,Lúa,,Area_Planted,730.0,ha,Actual,PL4
f84d04b5e3613c6e,2011,4,Cần Thơ,Provincial,Cultivation,Lúa,,Area_Planted,88672.0,ha,Actual,PL4
f84d04b5e3613c6e,2011,4,Cần Thơ,Provincial,Cultivation,Lúa,,Area_Planted,1000.0,ha,Actual,PL4
f84d04b5e3613c6e,2011,4,Cần Thơ,Provincial,Cultivation,Lúa,,Area_Planted,715.0,ha,Actual,PL4
f84d04b5e3613c6e,2011,4,Cần Thơ,Provincial,Cultivation,Lúa,,Area_Planted,634005.0,ha,Actual,PL4
f84d04b5e3613c6e,2011,4,Cần Thơ,Provincial,Cultivation,Lúa,,Area_Planted,77631.0,ha,Actual,PL4
f84d04b5e3613c6e,2011,4,Cần Thơ,Provincial,Cultivation,Lúa,,Area_Planted,490.0,ha,Actual,PL4
f84d04b5e3613c6e,2011,4,Cần Thơ,Provincial,Cultivation,Lúa,,Area_Planted,458.0,ha,Actual,PL4
f84d04b5e3613c6e,2011,4,Cần Thơ,Provincial,Cultivation,Lúa,,Area_Planted,32.0,ha,Actual,PL4
8696e9160da0cced,2011,4,Hậu Giang,Provincial,Cultivation,Lúa,,Area_Planted,20317.0,ha,Actual,PL4
8696e9160da0cced,2011,4,Hậu Giang,Provincial,Cultivation,Lúa,,Area_Planted,245.0,ha,Actual,PL4
8696e9160da0cced,2011,4,Hậu Giang,Provincial,Cultivation,Lúa,,Area_Planted,690.0,ha,Actual,PL4
8696e9160da0cced,2011,4,Hậu Giang,Provincial,Cultivation,Lúa,,Area_Planted,140185.0,ha,Actual,PL4
8696e9160da0cced,2011,4,Hậu Giang,Provincial,Cultivation,Lúa,,Area_Planted,32368.0,ha,Actual,PL4
8696e9160da0cced,2011,4,Hậu Giang,Provincial,Cultivation,Lúa,,Area_Planted,1338.0,ha,Actual,PL4
8696e9160da0cced,2011,4,Hậu Giang,Provincial,Cultivation,Lúa,,Area_Planted,817.0,ha,Actual,PL4
8696e9160da0cced,2011,4,Hậu Giang,Provincial,Cultivation,Lúa,,Area_Planted,221.0,ha,Actual,PL4
8696e9160da0cced,2011,4,Hậu Giang,Provincial,Cultivation,Lúa,,Area_Planted,300.0,ha,Actual,PL4
3a05fd82e60bf662,2011,4,Trà Vinh,Provincial,Cultivation,Lúa,,Area_Planted,47904.0,ha,Actual,PL4
3a05fd82e60bf662,2011,4,Trà Vinh,Provincial,Cultivation,Lúa,,Area_Planted,784.0,ha,Actual,PL4
3a05fd82e60bf662,2011,4,Trà Vinh,Provincial,Cultivation,Lúa,,Area_Planted,548.0,ha,Actual,PL4
3a05fd82e60bf662,2011,4,Trà Vinh,Provincial,Cultivation,Lúa,,Area_Planted,262514.0,ha,Actual,PL4
3a05fd82e60bf662,2011,4,Trà Vinh,Provincial,Cultivation,Lúa,,Area_Planted,14736.0,ha,Actual,PL4
3a05fd82e60bf662,2011,4,Trà Vinh,Provincial,Cultivation,Lúa,,Area_Planted,4469.0,ha,Actual,PL4
3a05fd82e60bf662,2011,4,Trà Vinh,Provincial,Cultivation,Lúa,,Area_Planted,2985.0,ha,Actual,PL4
3a05fd82e60bf662,2011,4,Trà Vinh,Provincial,Cultivation,Lúa,,Area_Planted,807.0,ha,Actual,PL4
3a05fd82e60bf662,2011,4,Trà Vinh,Provincial,Cultivation,Lúa,,Area_Planted,409.0,ha,Actual,PL4
3a05fd82e60bf662,2011,4,Trà Vinh,Provincial,Cultivation,Lúa,,Area_Planted,268.0,ha,Actual,PL4
6b8e41541816a7d3,2011,4,Sóc Trăng,Provincial,Cultivation,Lúa,,Area_Planted,122023.0,ha,Actual,PL4
6b8e41541816a7d3,2011,4,Sóc Trăng,Provincial,Cultivation,Lúa,,Area_Planted,883.0,ha,Actual,PL4
6b8e41541816a7d3,2011,4,Sóc Trăng,Provincial,Cultivation,Lúa,,Area_Planted,638.0,ha,Actual,PL4
6b8e41541816a7d3,2011,4,Sóc Trăng,Provincial,Cultivation,Lúa,,Area_Planted,778385.0,ha,Actual,PL4
6b8e41541816a7d3,2011,4,Sóc Trăng,Provincial,Cultivation,Lúa,,Area_Planted,48918.0,ha,Actual,PL4
6b8e41541816a7d3,2011,4,Sóc Trăng,Provincial,Cultivation,Lúa,,Area_Planted,3526.0,ha,Actual,PL4
6b8e41541816a7d3,2011,4,Sóc Trăng,Provincial,Cultivation,Lúa,,Area_Planted,1862.0,ha,Actual,PL4
6b8e41541816a7d3,2011,4,Sóc Trăng,Provincial,Cultivation,Lúa,,Area_Planted,1346.0,ha,Actual,PL4
6b8e41541816a7d3,2011,4,Sóc Trăng,Provincial,Cultivation,Lúa,,Area_Planted,200.0,ha,Actual,PL4
6b8e41541816a7d3,2011,4,Sóc Trăng,Provincial,Cultivation,Lúa,,Area_Planted,118.0,ha,Actual,PL4
0b93c679c32c3b6e,2011,4,Bạc Liêu,Provincial,Cultivation,Lúa,,Area_Planted,25571.0,ha,Actual,PL4
0b93c679c32c3b6e,2011,4,Bạc Liêu,Provincial,Cultivation,Lúa,,Area_Planted,552.0,ha,Actual,PL4
0b93c679c32c3b6e,2011,4,Bạc Liêu,Provincial,Cultivation,Lúa,,Area_Planted,650.0,ha,Actual,PL4
0b93c679c32c3b6e,2011,4,Bạc Liêu,Provincial,Cultivation,Lúa,,Area_Planted,166212.0,ha,Actual,PL4
0b93c679c32c3b6e,2011,4,Bạc Liêu,Provincial,Cultivation,Lúa,,Area_Planted,5000.0,ha,Actual,PL4
0b93c679c32c3b6e,2011,4,Bạc Liêu,Provincial,Cultivation,Lúa,,Area_Planted,578.0,ha,Actual,PL4
0b93c679c32c3b6e,2011,4,Bạc Liêu,Provincial,Cultivation,Lúa,,Area_Planted,49.0,ha,Actual,PL4
0b93c679c32c3b6e,2011,4,Bạc Liêu,Provincial,Cultivation,Lúa,,Area_Planted,529.0,ha,Actual,PL4
041fccf566694f25,2011,4,Cà Mau,Provincial,Cultivation,Lúa,,Area_Planted,48768.0,ha,Actual,PL4
041fccf566694f25,2011,4,Cà Mau,Provincial,Cultivation,Lúa,,Area_Planted,1000.0,ha,Actual,PL4
041fccf566694f25,2011,4,Cà Mau,Provincial,Cultivation,Lúa,,Area_Planted,430.0,ha,Actual,PL4
041fccf566694f25,2011,4,Cà Mau,Provincial,Cultivation,Lúa,,Area_Planted,209702.0,ha,Actual,PL4
19db29068fe81a84,2011,4,Miền Nam,Provincial,Cultivation,Lúa,,Area_Planted,179647.0,ha,Actual,PL5
2b08fa67007336b6,2011,4,Miền Nam,Provincial,Cultivation,Đậu,,Area_Planted,4485.0,ha,Actual,PL5
51a9828cadae4159,2011,4,Miền Nam,Provincial,Cultivation,Lạc,,Area_Planted,40145.0,ha,Actual,PL5
19db29068fe81a84,2011,4,Miền Nam,Provincial,Cultivation,Lúa,,Area_Planted,16190.0,ha,Actual,PL5
19db29068fe81a84,2011,4,Miền Nam,Provincial,Cultivation,Lúa,,Area_Planted,9727.0,ha,Actual,PL5
92ddc137c5934312,2011,4,Miền Nam,Provincial,Cultivation,Mía,,Area_Planted,107256.0,ha,Actual,PL5
19db29068fe81a84,2011,4,Miền Nam,Provincial,Cultivation,Lúa,,Area_Planted,865.0,ha,Actual,PL5
19db29068fe81a84,2011,4,Miền Nam,Provincial,Cultivation,Lúa,,Area_Planted,979.0,ha,Actual,PL5
19db29068fe81a84,2011,4,Miền Nam,Provincial,Cultivation,Lúa,,Area_Planted,203812.0,ha,Actual,PL5
19db29068fe81a84,2011,4,Miền Nam,Provincial,Cultivation,Lúa,,Area_Planted,288525379.0,ha,Actual,PL5
88ff6361187cb1dc,2011,4,D.H Nam Trg Bộ,Provincial,Cultivation,Lúa,,Area_Planted,52532.0,ha,Actual,PL5
df759e9620a6ab3e,2011,4,D.H Nam Trg Bộ,Provincial,Cultivation,Đậu,,Area_Planted,506.0,ha,Actual,PL5
0063f201696813bf,2011,4,D.H Nam Trg Bộ,Provincial,Cultivation,Lạc,,Area_Planted,20676.0,ha,Actual,PL5
88ff6361187cb1dc,2011,4,D.H Nam Trg Bộ,Provincial,Cultivation,Lúa,,Area_Planted,140.0,ha,Actual,PL5
88ff6361187cb1dc,2011,4,D.H Nam Trg Bộ,Provincial,Cultivation,Lúa,,Area_Planted,786.0,ha,Actual,PL5
9488a16a8e0b2453,2011,4,D.H Nam Trg Bộ,Provincial,Cultivation,Mía,,Area_Planted,29937.0,ha,Actual,PL5
88ff6361187cb1dc,2011,4,D.H Nam Trg Bộ,Provincial,Cultivation,Lúa,,Area_Planted,450.0,ha,Actual,PL5
88ff6361187cb1dc,2011,4,D.H Nam Trg Bộ,Provincial,Cultivation,Lúa,,Area_Planted,37.0,ha,Actual,PL5
88ff6361187cb1dc,2011,4,D.H Nam Trg Bộ,Provincial,Cultivation,Lúa,,Area_Planted,25930.0,ha,Actual,PL5
88ff6361187cb1dc,2011,4,D.H Nam Trg Bộ,Provincial,Cultivation,Lúa,,Area_Planted,25930.0,ha,Actual,PL5
c95e60bc36cd5d94,2011,4,TP Đà Nẵng,Provincial,Cultivation,Lúa,,Area_Planted,1198.0,ha,Actual,PL5
bf924273551aa504,2011,4,TP Đà Nẵng,Provincial,Cultivation,Lạc,,Area_Planted,784.0,ha,Actual,PL5
d47018edc6443948,2011,4,TP Đà Nẵng,Provincial,Cultivation,Mía,,Area_Planted,414.0,ha,Actual,PL5
c95e60bc36cd5d94,2011,4,TP Đà Nẵng,Provincial,Cultivation,Lúa,,Area_Planted,469.0,ha,Actual,PL5
f973ba546f2b7e51,2011,4,Quảng Nam,Provincial,Cultivation,Lúa,,Area_Planted,9258.0,ha,Actual,PL5
01f103f1b2cbfae1,2011,4,Quảng Nam,Provincial,Cultivation,Lạc,,Area_Planted,8370.0,ha,Actual,PL5
f973ba546f2b7e51,2011,4,Quảng Nam,Provincial,Cultivation,Lúa,,Area_Planted,450.0,ha,Actual,PL5
b1d30325c019d459,2011,4,Quảng Nam,Provincial,Cultivation,Mía,,Area_Planted,250.0,ha,Actual,PL5
f973ba546f2b7e51,2011,4,Quảng Nam,Provincial,Cultivation,Lúa,,Area_Planted,188.0,ha,Actual,PL5
f973ba546f2b7e51,2011,4,Quảng Nam,Provincial,Cultivation,Lúa,,Area_Planted,10690.0,ha,Actual,PL5
224327ea79d97d31,2011,4,Quảng Ngãi,Provincial,Cultivation,Lúa,,Area_Planted,8383.0,ha,Actual,PL5
b1b05868952de334,2011,4,Quảng Ngãi,Provincial,Cultivation,Lạc,,Area_Planted,4063.0,ha,Actual,PL5
e286534af7a0678a,2011,4,Quảng Ngãi,Provincial,Cultivation,Mía,,Area_Planted,4320.0,ha,Actual,PL5
224327ea79d97d31,2011,4,Quảng Ngãi,Provincial,Cultivation,Lúa,,Area_Planted,5300.0,ha,Actual,PL5
224327ea79d97d31,2011,4,Quảng Ngãi,Provincial,Cultivation,Lúa,,Area_Planted,1644.0,ha,Actual,PL5
09c2150476659c74,2011,4,Bình Định,Provincial,Cultivation,Lúa,,Area_Planted,7147.0,ha,Actual,PL5
762d291b1503d0b7,2011,4,Bình Định,Provincial,Cultivation,Đậu,,Area_Planted,221.0,ha,Actual,PL5
85fff0f5ffb5ddcc,2011,4,Bình Định,Provincial,Cultivation,Lạc,,Area_Planted,6926.0,ha,Actual,PL5
09c2150476659c74,2011,4,Bình Định,Provincial,Cultivation,Lúa,,Area_Planted,5432.0,ha,Actual,PL5
09c2150476659c74,2011,4,Bình Định,Provincial,Cultivation,Lúa,,Area_Planted,893.0,ha,Actual,PL5
d41117929490eaa3,2011,4,Phú Yên,Provincial,Cultivation,Lúa,,Area_Planted,12559.0,ha,Actual,PL5
e8f8959922216b13,2011,4,Phú Yên,Provincial,Cultivation,Đậu,,Area_Planted,285.0,ha,Actual,PL5
3f10bcb364bf5465,2011,4,Phú Yên,Provincial,Cultivation,Lạc,,Area_Planted,533.0,ha,Actual,PL5
d41117929490eaa3,2011,4,Phú Yên,Provincial,Cultivation,Lúa,,Area_Planted,140.0,ha,Actual,PL5
d41117929490eaa3,2011,4,Phú Yên,Provincial,Cultivation,Lúa,,Area_Planted,336.0,ha,Actual,PL5
0a2ea15c31897016,2011,4,Phú Yên,Provincial,Cultivation,Mía,,Area_Planted,10966.0,ha,Actual,PL5
d41117929490eaa3,2011,4,Phú Yên,Provincial,Cultivation,Lúa,,Area_Planted,262.0,ha,Actual,PL5
d41117929490eaa3,2011,4,Phú Yên,Provincial,Cultivation,Lúa,,Area_Planted,37.0,ha,Actual,PL5
d41117929490eaa3,2011,4,Phú Yên,Provincial,Cultivation,Lúa,,Area_Planted,2571.0,ha,Actual,PL5
d41117929490eaa3,2011,4,Phú Yên,Provincial,Cultivation,Lúa,,Area_Planted,1866.0,ha,Actual,PL5
43c6e15567de2cfa,2011,4,Khánh Hoà,Provincial,Cultivation,Lúa,,Area_Planted,13987.0,ha,Actual,PL5
1ece69e4ef6bd9a9,2011,4,Khánh Hoà,Provincial,Cultivation,Mía,,Area_Planted,13987.0,ha,Actual,PL5
43c6e15567de2cfa,2011,4,Khánh Hoà,Provincial,Cultivation,Lúa,,Area_Planted,1467.0,ha,Actual,PL5
43c6e15567de2cfa,2011,4,Khánh Hoà,Provincial,Cultivation,Lúa,,Area_Planted,976.0,ha,Actual,PL5
3f4eedb3eb524a45,2011,4,Tây Nguyên,Provincial,Cultivation,Lúa,,Area_Planted,13214.0,ha,Actual,PL5
09a0538e69b2b147,2011,4,Tây Nguyên,Provincial,Cultivation,Lạc,,Area_Planted,118.0,ha,Actual,PL5
3f4eedb3eb524a45,2011,4,Tây Nguyên,Provincial,Cultivation,Lúa,,Area_Planted,3502.0,ha,Actual,PL5
4d09898227feddc1,2011,4,Tây Nguyên,Provincial,Cultivation,Mía,,Area_Planted,9292.0,ha,Actual,PL5
3f4eedb3eb524a45,2011,4,Tây Nguyên,Provincial,Cultivation,Lúa,,Area_Planted,303.0,ha,Actual,PL5
3f4eedb3eb524a45,2011,4,Tây Nguyên,Provincial,Cultivation,Lúa,,Area_Planted,28581.0,ha,Actual,PL5
3f4eedb3eb524a45,2011,4,Tây Nguyên,Provincial,Cultivation,Lúa,,Area_Planted,4303.0,ha,Actual,PL5
e91f6b00c8a8a00f,2011,4,Kon Tum,Provincial,Cultivation,Lúa,,Area_Planted,1769.0,ha,Actual,PL5
e800829673cde255,2011,4,Kon Tum,Provincial,Cultivation,Lạc,,Area_Planted,13.0,ha,Actual,PL5
5446eabdbe9ffe18,2011,4,Kon Tum,Provincial,Cultivation,Mía,,Area_Planted,1756.0,ha,Actual,PL5
e91f6b00c8a8a00f,2011,4,Kon Tum,Provincial,Cultivation,Lúa,,Area_Planted,749.0,ha,Actual,PL5
e91f6b00c8a8a00f,2011,4,Kon Tum,Provincial,Cultivation,Lúa,,Area_Planted,57.0,ha,Actual,PL5
e8132fd54a4c4c4a,2011,4,Gia Lai,Provincial,Cultivation,Lúa,,Area_Planted,10942.0,ha,Actual,PL5
9120c87317a16a37,2011,4,Gia Lai,Provincial,Cultivation,Lạc,,Area_Planted,85.0,ha,Actual,PL5
e8132fd54a4c4c4a,2011,4,Gia Lai,Provincial,Cultivation,Lúa,,Area_Planted,3019.0,ha,Actual,PL5
e3b820b1e57b796c,2011,4,Gia Lai,Provincial,Cultivation,Mía,,Area_Planted,7536.0,ha,Actual,PL5
e8132fd54a4c4c4a,2011,4,Gia Lai,Provincial,Cultivation,Lúa,,Area_Planted,303.0,ha,Actual,PL5
e8132fd54a4c4c4a,2011,4,Gia Lai,Provincial,Cultivation,Lúa,,Area_Planted,8071.0,ha,Actual,PL5
e8132fd54a4c4c4a,2011,4,Gia Lai,Provincial,Cultivation,Lúa,,Area_Planted,2310.0,ha,Actual,PL5
e65fe6908e4ac183,2011,4,Đắc Lắc,Provincial,Cultivation,Lúa,,Area_Planted,503.0,ha,Actual,PL5
d5a10693cc0fca19,2011,4,Đắc Lắc,Provincial,Cultivation,Lạc,,Area_Planted,20.0,ha,Actual,PL5
e65fe6908e4ac183,2011,4,Đắc Lắc,Provincial,Cultivation,Lúa,,Area_Planted,483.0,ha,Actual,PL5
e65fe6908e4ac183,2011,4,Đắc Lắc,Provincial,Cultivation,Lúa,,Area_Planted,2655.0,ha,Actual,PL5
e65fe6908e4ac183,2011,4,Đắc Lắc,Provincial,Cultivation,Lúa,,Area_Planted,1184.0,ha,Actual,PL5
1f58fe85daef182b,2011,4,Đắc Nông,Provincial,Cultivation,Lúa,,Area_Planted,90516201.0,ha,Actual,PL5
1f58fe85daef182b,2011,4,Đắc Nông,Provincial,Cultivation,Lúa,,Area_Planted,207545.0,ha,Actual,PL5
e93b1e98123b1dfc,2011,4,Đông Nam Bộ,Provincial,Cultivation,Lúa,,Area_Planted,29413.0,ha,Actual,PL5
30f6f2221d6d8335,2011,4,Đông Nam Bộ,Provincial,Cultivation,Đậu,,Area_Planted,276.0,ha,Actual,PL5
b08fc84ebfaf9e30,2011,4,Đông Nam Bộ,Provincial,Cultivation,Lạc,,Area_Planted,9432.0,ha,Actual,PL5
e93b1e98123b1dfc,2011,4,Đông Nam Bộ,Provincial,Cultivation,Lúa,,Area_Planted,1019.0,ha,Actual,PL5
e93b1e98123b1dfc,2011,4,Đông Nam Bộ,Provincial,Cultivation,Lúa,,Area_Planted,5316.0,ha,Actual,PL5
f59133e2b03ca6a9,2011,4,Đông Nam Bộ,Provincial,Cultivation,Mía,,Area_Planted,13258.0,ha,Actual,PL5
e93b1e98123b1dfc,2011,4,Đông Nam Bộ,Provincial,Cultivation,Lúa,,Area_Planted,112.0,ha,Actual,PL5
e93b1e98123b1dfc,2011,4,Đông Nam Bộ,Provincial,Cultivation,Lúa,,Area_Planted,30523.0,ha,Actual,PL5
e93b1e98123b1dfc,2011,4,Đông Nam Bộ,Provincial,Cultivation,Lúa,,Area_Planted,10757.0,ha,Actual,PL5
ca4b8a4687b2183b,2011,4,TP Hồ Chí Minh,Provincial,Cultivation,Lúa,,Area_Planted,2300.0,ha,Actual,PL5
c550bc6ed894ff3e,2011,4,TP Hồ Chí Minh,Provincial,Cultivation,Mía,,Area_Planted,2300.0,ha,Actual,PL5
ca4b8a4687b2183b,2011,4,TP Hồ Chí Minh,Provincial,Cultivation,Lúa,,Area_Planted,6295.0,ha,Actual,PL5
2e9d7aec7b5bd354,2011,4,Ninh Thuận,Provincial,Cultivation,Lúa,,Area_Planted,2829.0,ha,Actual,PL5
5ef77d2d0e591b35,2011,4,Ninh Thuận,Provincial,Cultivation,Lạc,,Area_Planted,131.0,ha,Actual,PL5
2e9d7aec7b5bd354,2011,4,Ninh Thuận,Provincial,Cultivation,Lúa,,Area_Planted,21.0,ha,Actual,PL5
2e9d7aec7b5bd354,2011,4,Ninh Thuận,Provincial,Cultivation,Lúa,,Area_Planted,782.0,ha,Actual,PL5
bbfad87ad80ccf83,2011,4,Ninh Thuận,Provincial,Cultivation,Mía,,Area_Planted,1853.0,ha,Actual,PL5
2e9d7aec7b5bd354,2011,4,Ninh Thuận,Provincial,Cultivation,Lúa,,Area_Planted,42.0,ha,Actual,PL5
2e9d7aec7b5bd354,2011,4,Ninh Thuận,Provincial,Cultivation,Lúa,,Area_Planted,2720.0,ha,Actual,PL5
2e9d7aec7b5bd354,2011,4,Ninh Thuận,Provincial,Cultivation,Lúa,,Area_Planted,1366.0,ha,Actual,PL5
0de69276833d850c,2011,4,Bình Phước,Provincial,Cultivation,Lúa,,Area_Planted,103.0,ha,Actual,PL5
26af3552301332c2,2011,4,Bình Phước,Provincial,Cultivation,Đậu,,Area_Planted,24.0,ha,Actual,PL5
190153511e264b73,2011,4,Bình Phước,Provincial,Cultivation,Lạc,,Area_Planted,41.0,ha,Actual,PL5
0de69276833d850c,2011,4,Bình Phước,Provincial,Cultivation,Lúa,,Area_Planted,6.0,ha,Actual,PL5
0de69276833d850c,2011,4,Bình Phước,Provincial,Cultivation,Lúa,,Area_Planted,2.0,ha,Actual,PL5
4e9741a8d57786ba,2011,4,Bình Phước,Provincial,Cultivation,Mía,,Area_Planted,30.0,ha,Actual,PL5
0de69276833d850c,2011,4,Bình Phước,Provincial,Cultivation,Lúa,,Area_Planted,857.0,ha,Actual,PL5
0de69276833d850c,2011,4,Bình Phước,Provincial,Cultivation,Lúa,,Area_Planted,143.0,ha,Actual,PL5
6cd91805522be33b,2011,4,Tây Ninh,Provincial,Cultivation,Lúa,,Area_Planted,15675.0,ha,Actual,PL5
13ecab2757a39789,2011,4,Tây Ninh,Provincial,Cultivation,Lạc,,Area_Planted,7687.0,ha,Actual,PL5
6cd91805522be33b,2011,4,Tây Ninh,Provincial,Cultivation,Lúa,,Area_Planted,696.0,ha,Actual,PL5
6cd91805522be33b,2011,4,Tây Ninh,Provincial,Cultivation,Lúa,,Area_Planted,3340.0,ha,Actual,PL5
781b87b7cb08f61c,2011,4,Tây Ninh,Provincial,Cultivation,Mía,,Area_Planted,3952.0,ha,Actual,PL5
6cd91805522be33b,2011,4,Tây Ninh,Provincial,Cultivation,Lúa,,Area_Planted,8779.0,ha,Actual,PL5
6cd91805522be33b,2011,4,Tây Ninh,Provincial,Cultivation,Lúa,,Area_Planted,4553.0,ha,Actual,PL5
82c5da4af805267b,2011,4,Bình Dương,Provincial,Cultivation,Lúa,,Area_Planted,907.0,ha,Actual,PL5
3de8cde740b1fe5c,2011,4,Bình Dương,Provincial,Cultivation,Lạc,,Area_Planted,555.0,ha,Actual,PL5
82c5da4af805267b,2011,4,Bình Dương,Provincial,Cultivation,Lúa,,Area_Planted,190.0,ha,Actual,PL5
faf50fa69966af87,2011,4,Bình Dương,Provincial,Cultivation,Mía,,Area_Planted,162.0,ha,Actual,PL5
82c5da4af805267b,2011,4,Bình Dương,Provincial,Cultivation,Lúa,,Area_Planted,2219.0,ha,Actual,PL5
82c5da4af805267b,2011,4,Bình Dương,Provincial,Cultivation,Lúa,,Area_Planted,122.0,ha,Actual,PL5
ff2aa1fe1675d125,2011,4,Đồng Nai,Provincial,Cultivation,Lúa,,Area_Planted,2587.0,ha,Actual,PL5
945c1b1c2e4bfbcb,2011,4,Đồng Nai,Provincial,Cultivation,Đậu,,Area_Planted,252.0,ha,Actual,PL5
9f5e3bc63e603287,2011,4,Đồng Nai,Provincial,Cultivation,Lạc,,Area_Planted,242.0,ha,Actual,PL5
ff2aa1fe1675d125,2011,4,Đồng Nai,Provincial,Cultivation,Lúa,,Area_Planted,39.0,ha,Actual,PL5
ff2aa1fe1675d125,2011,4,Đồng Nai,Provincial,Cultivation,Lúa,,Area_Planted,1020.0,ha,Actual,PL5
a980475b6103af4a,2011,4,Đồng Nai,Provincial,Cultivation,Mía,,Area_Planted,1027.0,ha,Actual,PL5
ff2aa1fe1675d125,2011,4,Đồng Nai,Provincial,Cultivation,Lúa,,Area_Planted,7.0,ha,Actual,PL5
ff2aa1fe1675d125,2011,4,Đồng Nai,Provincial,Cultivation,Lúa,,Area_Planted,4811.0,ha,Actual,PL5
ff2aa1fe1675d125,2011,4,Đồng Nai,Provincial,Cultivation,Lúa,,Area_Planted,1777.0,ha,Actual,PL5
993882a247cdbcf8,2011,4,Bình Thuận,Provincial,Cultivation,Lúa,,Area_Planted,4642.0,ha,Actual,PL5
7785f8696b51750a,2011,4,Bình Thuận,Provincial,Cultivation,Lạc,,Area_Planted,668.0,ha,Actual,PL5
993882a247cdbcf8,2011,4,Bình Thuận,Provincial,Cultivation,Lúa,,Area_Planted,67.0,ha,Actual,PL5
993882a247cdbcf8,2011,4,Bình Thuận,Provincial,Cultivation,Lúa,,Area_Planted,54.0,ha,Actual,PL5
57dceb75f1cb653e,2011,4,Bình Thuận,Provincial,Cultivation,Mía,,Area_Planted,3843.0,ha,Actual,PL5
993882a247cdbcf8,2011,4,Bình Thuận,Provincial,Cultivation,Lúa,,Area_Planted,10.0,ha,Actual,PL5
993882a247cdbcf8,2011,4,Bình Thuận,Provincial,Cultivation,Lúa,,Area_Planted,1648.0,ha,Actual,PL5
993882a247cdbcf8,2011,4,Bình Thuận,Provincial,Cultivation,Lúa,,Area_Planted,2678.0,ha,Actual,PL5
6e5eb4e111da527c,2011,4,Bà Rịa-V.Tàu,Provincial,Cultivation,Lúa,,Area_Planted,370.0,ha,Actual,PL5
750824caaf169892,2011,4,Bà Rịa-V.Tàu,Provincial,Cultivation,Lạc,,Area_Planted,108.0,ha,Actual,PL5
6e5eb4e111da527c,2011,4,Bà Rịa-V.Tàu,Provincial,Cultivation,Lúa,,Area_Planted,118.0,ha,Actual,PL5
bb870ae99f8b657c,2011,4,Bà Rịa-V.Tàu,Provincial,Cultivation,Mía,,Area_Planted,91.0,ha,Actual,PL5
6e5eb4e111da527c,2011,4,Bà Rịa-V.Tàu,Provincial,Cultivation,Lúa,,Area_Planted,53.0,ha,Actual,PL5
6e5eb4e111da527c,2011,4,Bà Rịa-V.Tàu,Provincial,Cultivation,Lúa,,Area_Planted,3194.0,ha,Actual,PL5
6e5eb4e111da527c,2011,4,Bà Rịa-V.Tàu,Provincial,Cultivation,Lúa,,Area_Planted,118.0,ha,Actual,PL5
3ad20e445d225f90,2011,4,ĐBS Cửu Long,Provincial,Cultivation,Lúa,,Area_Planted,84488.0,ha,Actual,PL5
278972041ba97d5b,2011,4,ĐBS Cửu Long,Provincial,Cultivation,Đậu,,Area_Planted,3703.0,ha,Actual,PL5
1ecbf878d9df4802,2011,4,ĐBS Cửu Long,Provincial,Cultivation,Lạc,,Area_Planted,9919.0,ha,Actual,PL5
3ad20e445d225f90,2011,4,ĐBS Cửu Long,Provincial,Cultivation,Lúa,,Area_Planted,15031.0,ha,Actual,PL5
3ad20e445d225f90,2011,4,ĐBS Cửu Long,Provincial,Cultivation,Lúa,,Area_Planted,123.0,ha,Actual,PL5
dfb857f93d95bde9,2011,4,ĐBS Cửu Long,Provincial,Cultivation,Mía,,Area_Planted,54770.0,ha,Actual,PL5
3ad20e445d225f90,2011,4,ĐBS Cửu Long,Provincial,Cultivation,Lúa,,Area_Planted,942.0,ha,Actual,PL5
3ad20e445d225f90,2011,4,ĐBS Cửu Long,Provincial,Cultivation,Lúa,,Area_Planted,118778.0,ha,Actual,PL5
3ad20e445d225f90,2011,4,ĐBS Cửu Long,Provincial,Cultivation,Lúa,,Area_Planted,8414.0,ha,Actual,PL5
8628169e681ff5da,2011,4,Long An,Provincial,Cultivation,Lúa,,Area_Planted,19984.0,ha,Actual,PL5
02ea852a725a71a8,2011,4,Long An,Provincial,Cultivation,Lạc,,Area_Planted,5635.0,ha,Actual,PL5
8628169e681ff5da,2011,4,Long An,Provincial,Cultivation,Lúa,,Area_Planted,1697.0,ha,Actual,PL5
8628169e681ff5da,2011,4,Long An,Provincial,Cultivation,Lúa,,Area_Planted,81.0,ha,Actual,PL5
d66d62321532c24d,2011,4,Long An,Provincial,Cultivation,Mía,,Area_Planted,12571.0,ha,Actual,PL5
8628169e681ff5da,2011,4,Long An,Provincial,Cultivation,Lúa,,Area_Planted,9724.0,ha,Actual,PL5
d189803e8f19102d,2011,4,Đồng Tháp,Provincial,Cultivation,Lúa,,Area_Planted,7739.0,ha,Actual,PL5
f5d63c01ebbd4d6b,2011,4,Đồng Tháp,Provincial,Cultivation,Đậu,,Area_Planted,2437.0,ha,Actual,PL5
842a679339ad1518,2011,4,Đồng Tháp,Provincial,Cultivation,Lạc,,Area_Planted,175.0,ha,Actual,PL5
d189803e8f19102d,2011,4,Đồng Tháp,Provincial,Cultivation,Lúa,,Area_Planted,4854.0,ha,Actual,PL5
d94e6a0077035683,2011,4,Đồng Tháp,Provincial,Cultivation,Mía,,Area_Planted,96.0,ha,Actual,PL5
d189803e8f19102d,2011,4,Đồng Tháp,Provincial,Cultivation,Lúa,,Area_Planted,177.0,ha,Actual,PL5
d189803e8f19102d,2011,4,Đồng Tháp,Provincial,Cultivation,Lúa,,Area_Planted,8228.0,ha,Actual,PL5
d189803e8f19102d,2011,4,Đồng Tháp,Provincial,Cultivation,Lúa,,Area_Planted,1428.0,ha,Actual,PL5
742ed17d857ddb9d,2011,4,An Giang,Provincial,Cultivation,Lúa,,Area_Planted,2647.0,ha,Actual,PL5
d8788ab725e661dc,2011,4,An Giang,Provincial,Cultivation,Đậu,,Area_Planted,199.0,ha,Actual,PL5
325f1e47b321290e,2011,4,An Giang,Provincial,Cultivation,Lạc,,Area_Planted,478.0,ha,Actual,PL5
742ed17d857ddb9d,2011,4,An Giang,Provincial,Cultivation,Lúa,,Area_Planted,1907.0,ha,Actual,PL5
742ed17d857ddb9d,2011,4,An Giang,Provincial,Cultivation,Lúa,,Area_Planted,42.0,ha,Actual,PL5
ab07e2fc3769a200,2011,4,An Giang,Provincial,Cultivation,Mía,,Area_Planted,21.0,ha,Actual,PL5
742ed17d857ddb9d,2011,4,An Giang,Provincial,Cultivation,Lúa,,Area_Planted,17272.0,ha,Actual,PL5
742ed17d857ddb9d,2011,4,An Giang,Provincial,Cultivation,Lúa,,Area_Planted,2979.0,ha,Actual,PL5
e5f69ff9c45d3434,2011,4,Tiền Giang,Provincial,Cultivation,Lúa,,Area_Planted,253.0,ha,Actual,PL5
317b874c933bf49f,2011,4,Tiền Giang,Provincial,Cultivation,Lạc,,Area_Planted,98.0,ha,Actual,PL5
63c36fedc3f4e95c,2011,4,Tiền Giang,Provincial,Cultivation,Mía,,Area_Planted,155.0,ha,Actual,PL5
e5f69ff9c45d3434,2011,4,Tiền Giang,Provincial,Cultivation,Lúa,,Area_Planted,21144.0,ha,Actual,PL5
e5f69ff9c45d3434,2011,4,Tiền Giang,Provincial,Cultivation,Lúa,,Area_Planted,121.0,ha,Actual,PL5
6d375c80feb37f0d,2011,4,Vĩnh Long,Provincial,Cultivation,Lúa,,Area_Planted,1726.0,ha,Actual,PL5
7daa263b5c704d8d,2011,4,Vĩnh Long,Provincial,Cultivation,Đậu,,Area_Planted,717.0,ha,Actual,PL5
9cb159d142a4d14f,2011,4,Vĩnh Long,Provincial,Cultivation,Lạc,,Area_Planted,24.0,ha,Actual,PL5
6d375c80feb37f0d,2011,4,Vĩnh Long,Provincial,Cultivation,Lúa,,Area_Planted,918.0,ha,Actual,PL5
83b4fd7cd1150bab,2011,4,Vĩnh Long,Provincial,Cultivation,Mía,,Area_Planted,68.0,ha,Actual,PL5
6d375c80feb37f0d,2011,4,Vĩnh Long,Provincial,Cultivation,Lúa,,Area_Planted,11481.0,ha,Actual,PL5
6d375c80feb37f0d,2011,4,Vĩnh Long,Provincial,Cultivation,Lúa,,Area_Planted,430.0,ha,Actual,PL5
5fb0790c96cb19ef,2011,4,Bến Tre,Provincial,Cultivation,Lúa,,Area_Planted,5880.0,ha,Actual,PL5
588003e484cccdb7,2011,4,Bến Tre,Provincial,Cultivation,Lạc,,Area_Planted,80.0,ha,Actual,PL5
5214dced6619b3a7,2011,4,Bến Tre,Provincial,Cultivation,Mía,,Area_Planted,5800.0,ha,Actual,PL5
5fb0790c96cb19ef,2011,4,Bến Tre,Provincial,Cultivation,Lúa,,Area_Planted,1936.0,ha,Actual,PL5
62416ecabd97857a,2011,4,Kiên Giang,Provincial,Cultivation,Lúa,,Area_Planted,4512.0,ha,Actual,PL5
92fcd2f2554736ea,2011,4,Kiên Giang,Provincial,Cultivation,Mía,,Area_Planted,4512.0,ha,Actual,PL5
62416ecabd97857a,2011,4,Kiên Giang,Provincial,Cultivation,Lúa,,Area_Planted,2335.0,ha,Actual,PL5
f84d04b5e3613c6e,2011,4,Cần Thơ,Provincial,Cultivation,Lúa,,Area_Planted,5877.0,ha,Actual,PL5
b32370481ad53917,2011,4,Cần Thơ,Provincial,Cultivation,Đậu,,Area_Planted,218.0,ha,Actual,PL5
0485fb3d4ffaa240,2011,4,Cần Thơ,Provincial,Cultivation,Lạc,,Area_Planted,5.0,ha,Actual,PL5
f84d04b5e3613c6e,2011,4,Cần Thơ,Provincial,Cultivation,Lúa,,Area_Planted,5655.0,ha,Actual,PL5
f84d04b5e3613c6e,2011,4,Cần Thơ,Provincial,Cultivation,Lúa,,Area_Planted,5224.0,ha,Actual,PL5
f84d04b5e3613c6e,2011,4,Cần Thơ,Provincial,Cultivation,Lúa,,Area_Planted,462.0,ha,Actual,PL5
8696e9160da0cced,2011,4,Hậu Giang,Provincial,Cultivation,Lúa,,Area_Planted,13705.0,ha,Actual,PL5
bbd65768838c0401,2011,4,Hậu Giang,Provincial,Cultivation,Mía,,Area_Planted,13705.0,ha,Actual,PL5
8696e9160da0cced,2011,4,Hậu Giang,Provincial,Cultivation,Lúa,,Area_Planted,6849.0,ha,Actual,PL5
8696e9160da0cced,2011,4,Hậu Giang,Provincial,Cultivation,Lúa,,Area_Planted,561.0,ha,Actual,PL5
3a05fd82e60bf662,2011,4,Trà Vinh,Provincial,Cultivation,Lúa,,Area_Planted,9615.0,ha,Actual,PL5
4b33c2bb619e673a,2011,4,Trà Vinh,Provincial,Cultivation,Lạc,,Area_Planted,3358.0,ha,Actual,PL5
3ed034052a5cbac7,2011,4,Trà Vinh,Provincial,Cultivation,Mía,,Area_Planted,5492.0,ha,Actual,PL5
3a05fd82e60bf662,2011,4,Trà Vinh,Provincial,Cultivation,Lúa,,Area_Planted,765.0,ha,Actual,PL5
3a05fd82e60bf662,2011,4,Trà Vinh,Provincial,Cultivation,Lúa,,Area_Planted,13019.0,ha,Actual,PL5
3a05fd82e60bf662,2011,4,Trà Vinh,Provincial,Cultivation,Lúa,,Area_Planted,702.0,ha,Actual,PL5
6b8e41541816a7d3,2011,4,Sóc Trăng,Provincial,Cultivation,Lúa,,Area_Planted,10747.0,ha,Actual,PL5
59b4686b8c5a96ee,2011,4,Sóc Trăng,Provincial,Cultivation,Đậu,,Area_Planted,133.0,ha,Actual,PL5
c22f680bc87b3d94,2011,4,Sóc Trăng,Provincial,Cultivation,Lạc,,Area_Planted,67.0,ha,Actual,PL5
358f51409526e10c,2011,4,Sóc Trăng,Provincial,Cultivation,Mía,,Area_Planted,10547.0,ha,Actual,PL5
6b8e41541816a7d3,2011,4,Sóc Trăng,Provincial,Cultivation,Lúa,,Area_Planted,14712.0,ha,Actual,PL5
6b8e41541816a7d3,2011,4,Sóc Trăng,Provincial,Cultivation,Lúa,,Area_Planted,1731.0,ha,Actual,PL5
0b93c679c32c3b6e,2011,4,Bạc Liêu,Provincial,Cultivation,Lúa,,Area_Planted,4616.0,ha,Actual,PL5
041fccf566694f25,2011,4,Cà Mau,Provincial,Cultivation,Lúa,,Area_Planted,1803.0,ha,Actual,PL5
e2a5ce2ed3eb41bd,2011,4,Cà Mau,Provincial,Cultivation,Mía,,Area_Planted,1803.0,ha,Actual,PL5
041fccf566694f25,2011,4,Cà Mau,Provincial,Cultivation,Lúa,,Area_Planted,2237.0,ha,Actual,PL5
f77851cfcf906ef7,2011,4,Cả nước,National,Forestry,Rừng,,Area,1256286.0,1000_ha,Estimated,PL6
c84182d3bd4ddd74,2011,4,Cả nước,National,Forestry,Rừng,,Area,1071536.0,1000_ha,Plan,PL6
f77851cfcf906ef7,2011,4,Cả nước,National,Forestry,Rừng,,Area,864500.0,1000_ha,Estimated,PL6
c84182d3bd4ddd74,2011,4,Cả nước,National,Forestry,Rừng,,Area,729000.0,1000_ha,Plan,PL6
f77851cfcf906ef7,2011,4,Cả nước,National,Forestry,Rừng,,Area,294286.0,1000_ha,Estimated,PL6
c84182d3bd4ddd74,2011,4,Cả nước,National,Forestry,Rừng,,Area,266436.0,1000_ha,Plan,PL6
f77851cfcf906ef7,2011,4,Cả nước,National,Forestry,Rừng,,Area,39500.0,1000_ha,Estimated,PL6
c84182d3bd4ddd74,2011,4,Cả nước,National,Forestry,Rừng,,Area,27500.0,1000_ha,Plan,PL6
f77851cfcf906ef7,2011,4,Cả nước,National,Forestry,Rừng,,Area,6100.0,1000_ha,Estimated,PL6
c84182d3bd4ddd74,2011,4,Cả nước,National,Forestry,Rừng,,Area,4500.0,1000_ha,Plan,PL6
f77851cfcf906ef7,2011,4,Cả nước,National,Forestry,Rừng,,Area,11200.0,1000_ha,Estimated,PL6
c84182d3bd4ddd74,2011,4,Cả nước,National,Forestry,Rừng,,Area,7500.0,1000_ha,Plan,PL6
f77851cfcf906ef7,2011,4,Cả nước,National,Forestry,Rừng,,Area,18000.0,1000_ha,Estimated,PL6
c84182d3bd4ddd74,2011,4,Cả nước,National,Forestry,Rừng,,Area,13000.0,1000_ha,Plan,PL6
f77851cfcf906ef7,2011,4,Cả nước,National,Forestry,Rừng,,Area,14050.0,1000_ha,Estimated,PL6
c84182d3bd4ddd74,2011,4,Cả nước,National,Forestry,Rừng,,Area,10250.0,1000_ha,Plan,PL6
f77851cfcf906ef7,2011,4,Cả nước,National,Forestry,Rừng,,Area,19850.0,1000_ha,Estimated,PL6
c84182d3bd4ddd74,2011,4,Cả nước,National,Forestry,Rừng,,Area,13350.0,1000_ha,Plan,PL6
f77851cfcf906ef7,2011,4,Cả nước,National,Forestry,Rừng,,Area,28750.0,1000_ha,Estimated,PL6
c84182d3bd4ddd74,2011,4,Cả nước,National,Forestry,Rừng,,Area,19750.0,1000_ha,Plan,PL6
f77851cfcf906ef7,2011,4,Cả nước,National,Forestry,Rừng,,Area,7000.0,1000_ha,Estimated,PL6
c84182d3bd4ddd74,2011,4,Cả nước,National,Forestry,Rừng,,Area,4500.0,1000_ha,Plan,PL6
f77851cfcf906ef7,2011,4,Cả nước,National,Forestry,Rừng,,Area,776100.0,1000_ha,Estimated,PL6
c84182d3bd4ddd74,2011,4,Cả nước,National,Forestry,Rừng,,Area,532000.0,1000_ha,Plan,PL6
f77851cfcf906ef7,2011,4,Cả nước,National,Forestry,Rừng,,Area,530000.0,1000_ha,Estimated,PL6
c84182d3bd4ddd74,2011,4,Cả nước,National,Forestry,Rừng,,Area,375000.0,1000_ha,Plan,PL6
f77851cfcf906ef7,2011,4,Cả nước,National,Forestry,Rừng,,Area,117550.0,1000_ha,Estimated,PL6
c84182d3bd4ddd74,2011,4,Cả nước,National,Forestry,Rừng,,Area,75000.0,1000_ha,Plan,PL6
f77851cfcf906ef7,2011,4,Cả nước,National,Forestry,Rừng,,Area,128550.0,1000_ha,Estimated,PL6
c84182d3bd4ddd74,2011,4,Cả nước,National,Forestry,Rừng,,Area,82000.0,1000_ha,Plan,PL6
f77851cfcf906ef7,2011,4,Cả nước,National,Forestry,Rừng,,Area,2068136.0,1000_ha,Estimated,PL6
c84182d3bd4ddd74,2011,4,Cả nước,National,Forestry,Rừng,,Area,1627786.0,1000_ha,Plan,PL6
a84b2af0da829d1f,2011,1,Cả nước,National,Trade,1,Xuất khẩu,Export_Volume,60356.0,1000_ton,Actual,PL8
4f1fe84b320a3531,2011,1,Cả nước,National,Trade,1,Xuất khẩu,Export_Value,57072.0,million_USD,Actual,PL8
2cd5be89bfdc3209,2011,1,Cả nước,National,Trade,2,Xuất khẩu,Export_Volume,20742.0,1000_ton,Actual,PL8
0ba7888b5fa038bc,2011,1,Cả nước,National,Trade,2,Xuất khẩu,Export_Value,58005.0,million_USD,Actual,PL8
2021edcb8c6443a0,2011,1,Cả nước,National,Trade,3,Xuất khẩu,Export_Volume,67861.0,1000_ton,Actual,PL8
74efd74d32dc740e,2011,1,Cả nước,National,Trade,3,Xuất khẩu,Export_Value,49249.0,million_USD,Actual,PL8
c3e5e046a7542b6e,2011,1,Cả nước,National,Trade,4,Xuất khẩu,Export_Volume,30080.0,1000_ton,Actual,PL8
917a279348ce102e,2011,1,Cả nước,National,Trade,4,Xuất khẩu,Export_Value,42037.0,million_USD,Actual,PL8
1adc7ccab2bdf207,2011,1,Cả nước,National,Trade,5,Xuất khẩu,Export_Volume,24594.0,1000_ton,Actual,PL8
aa67a61e36515bba,2011,1,Cả nước,National,Trade,5,Xuất khẩu,Export_Value,29102.0,million_USD,Actual,PL8
61d27eb9f6a02f1d,2011,1,Cả nước,National,Trade,6,Xuất khẩu,Export_Volume,26204.0,1000_ton,Actual,PL8
82d25f4bf8793781,2011,1,Cả nước,National,Trade,6,Xuất khẩu,Export_Value,13990.0,million_USD,Actual,PL8
bd8b955b31081b96,2011,1,Cả nước,National,Trade,7,Xuất khẩu,Export_Volume,10305.0,1000_ton,Actual,PL8
fd07d37ad169277a,2011,1,Cả nước,National,Trade,7,Xuất khẩu,Export_Value,16338.0,million_USD,Actual,PL8
9be351a5f25c5666,2011,1,Cả nước,National,Trade,8,Xuất khẩu,Export_Volume,15438.0,1000_ton,Actual,PL8
04a90158c5a11434,2011,1,Cả nước,National,Trade,8,Xuất khẩu,Export_Value,11347.0,million_USD,Actual,PL8
952c995972118f7a,2011,1,Cả nước,National,Trade,9,Xuất khẩu,Export_Volume,8827.0,1000_ton,Actual,PL8
0694f6070772f833,2011,1,Cả nước,National,Trade,9,Xuất khẩu,Export_Value,11428.0,million_USD,Actual,PL8
28d0c9a332506388,2011,1,Cả nước,National,Trade,10,Xuất khẩu,Export_Volume,2447.0,1000_ton,Actual,PL8
6263bfafba3a0ebd,2011,1,Cả nước,National,Trade,10,Xuất khẩu,Export_Value,9973.0,million_USD,Actual,PL8
a84b2af0da829d1f,2011,1,Cả nước,National,Trade,1,Xuất khẩu,Export_Volume,222795.0,1000_ton,Actual,PL8
4f1fe84b320a3531,2011,1,Cả nước,National,Trade,1,Xuất khẩu,Export_Value,104196.0,million_USD,Actual,PL8
2cd5be89bfdc3209,2011,1,Cả nước,National,Trade,2,Xuất khẩu,Export_Volume,4842.0,1000_ton,Actual,PL8
0ba7888b5fa038bc,2011,1,Cả nước,National,Trade,2,Xuất khẩu,Export_Value,8174.0,million_USD,Actual,PL8
2021edcb8c6443a0,2011,1,Cả nước,National,Trade,3,Xuất khẩu,Export_Volume,14689.0,1000_ton,Actual,PL8
74efd74d32dc740e,2011,1,Cả nước,National,Trade,3,Xuất khẩu,Export_Value,8108.0,million_USD,Actual,PL8
c3e5e046a7542b6e,2011,1,Cả nước,National,Trade,4,Xuất khẩu,Export_Volume,11928.0,1000_ton,Actual,PL8
917a279348ce102e,2011,1,Cả nước,National,Trade,4,Xuất khẩu,Export_Value,6655.0,million_USD,Actual,PL8
1adc7ccab2bdf207,2011,1,Cả nước,National,Trade,5,Xuất khẩu,Export_Volume,10935.0,1000_ton,Actual,PL8
aa67a61e36515bba,2011,1,Cả nước,National,Trade,5,Xuất khẩu,Export_Value,5579.0,million_USD,Actual,PL8
61d27eb9f6a02f1d,2011,1,Cả nước,National,Trade,6,Xuất khẩu,Export_Volume,8665.0,1000_ton,Actual,PL8
82d25f4bf8793781,2011,1,Cả nước,National,Trade,6,Xuất khẩu,Export_Value,6023.0,million_USD,Actual,PL8
bd8b955b31081b96,2011,1,Cả nước,National,Trade,7,Xuất khẩu,Export_Volume,13471.0,1000_ton,Actual,PL8
fd07d37ad169277a,2011,1,Cả nước,National,Trade,7,Xuất khẩu,Export_Value,2642.0,million_USD,Actual,PL8
9be351a5f25c5666,2011,1,Cả nước,National,Trade,8,Xuất khẩu,Export_Volume,5266.0,1000_ton,Actual,PL8
04a90158c5a11434,2011,1,Cả nước,National,Trade,8,Xuất khẩu,Export_Value,2844.0,million_USD,Actual,PL8
952c995972118f7a,2011,1,Cả nước,National,Trade,9,Xuất khẩu,Export_Volume,6810.0,1000_ton,Actual,PL8
0694f6070772f833,2011,1,Cả nước,National,Trade,9,Xuất khẩu,Export_Value,2612.0,million_USD,Actual,PL8
28d0c9a332506388,2011,1,Cả nước,National,Trade,10,Xuất khẩu,Export_Volume,3142.0,1000_ton,Actual,PL8
6263bfafba3a0ebd,2011,1,Cả nước,National,Trade,10,Xuất khẩu,Export_Value,2356.0,million_USD,Actual,PL8
a84b2af0da829d1f,2011,1,Cả nước,National,Trade,1,Xuất khẩu,Export_Volume,3951.0,1000_ton,Actual,PL8
4f1fe84b320a3531,2011,1,Cả nước,National,Trade,1,Xuất khẩu,Export_Value,4451.0,million_USD,Actual,PL8
2cd5be89bfdc3209,2011,1,Cả nước,National,Trade,2,Xuất khẩu,Export_Volume,7094.0,1000_ton,Actual,PL8
0ba7888b5fa038bc,2011,1,Cả nước,National,Trade,2,Xuất khẩu,Export_Value,3928.0,million_USD,Actual,PL8
2021edcb8c6443a0,2011,1,Cả nước,National,Trade,3,Xuất khẩu,Export_Volume,3649.0,1000_ton,Actual,PL8
74efd74d32dc740e,2011,1,Cả nước,National,Trade,3,Xuất khẩu,Export_Value,3225.0,million_USD,Actual,PL8
c3e5e046a7542b6e,2011,1,Cả nước,National,Trade,4,Xuất khẩu,Export_Volume,1539.0,1000_ton,Actual,PL8
917a279348ce102e,2011,1,Cả nước,National,Trade,4,Xuất khẩu,Export_Value,1883.0,million_USD,Actual,PL8
1adc7ccab2bdf207,2011,1,Cả nước,National,Trade,5,Xuất khẩu,Export_Volume,1292.0,1000_ton,Actual,PL8
aa67a61e36515bba,2011,1,Cả nước,National,Trade,5,Xuất khẩu,Export_Value,1596.0,million_USD,Actual,PL8
61d27eb9f6a02f1d,2011,1,Cả nước,National,Trade,6,Xuất khẩu,Export_Volume,1490.0,1000_ton,Actual,PL8
82d25f4bf8793781,2011,1,Cả nước,National,Trade,6,Xuất khẩu,Export_Value,869.0,million_USD,Actual,PL8
bd8b955b31081b96,2011,1,Cả nước,National,Trade,7,Xuất khẩu,Export_Volume,1447.0,1000_ton,Actual,PL8
fd07d37ad169277a,2011,1,Cả nước,National,Trade,7,Xuất khẩu,Export_Value,617.0,million_USD,Actual,PL8
9be351a5f25c5666,2011,1,Cả nước,National,Trade,8,Xuất khẩu,Export_Volume,898.0,1000_ton,Actual,PL8
04a90158c5a11434,2011,1,Cả nước,National,Trade,8,Xuất khẩu,Export_Value,752.0,million_USD,Actual,PL8
952c995972118f7a,2011,1,Cả nước,National,Trade,9,Xuất khẩu,Export_Volume,711.0,1000_ton,Actual,PL8
0694f6070772f833,2011,1,Cả nước,National,Trade,9,Xuất khẩu,Export_Value,337.0,million_USD,Actual,PL8
28d0c9a332506388,2011,1,Cả nước,National,Trade,10,Xuất khẩu,Export_Volume,2216.0,1000_ton,Actual,PL8
6263bfafba3a0ebd,2011,1,Cả nước,National,Trade,10,Xuất khẩu,Export_Value,252.0,million_USD,Actual,PL8
a84b2af0da829d1f,2011,1,Cả nước,National,Trade,1,Xuất khẩu,Export_Volume,8227.0,1000_ton,Actual,PL8
4f1fe84b320a3531,2011,1,Cả nước,National,Trade,1,Xuất khẩu,Export_Value,684850.0,million_USD,Actual,PL8
2cd5be89bfdc3209,2011,1,Cả nước,National,Trade,2,Xuất khẩu,Export_Volume,43847.0,1000_ton,Actual,PL8
0ba7888b5fa038bc,2011,1,Cả nước,National,Trade,2,Xuất khẩu,Export_Value,156700.0,million_USD,Actual,PL8
2021edcb8c6443a0,2011,1,Cả nước,National,Trade,3,Xuất khẩu,Export_Volume,53471.0,1000_ton,Actual,PL8
74efd74d32dc740e,2011,1,Cả nước,National,Trade,3,Xuất khẩu,Export_Value,119293.0,million_USD,Actual,PL8
c3e5e046a7542b6e,2011,1,Cả nước,National,Trade,4,Xuất khẩu,Export_Volume,36872.0,1000_ton,Actual,PL8
917a279348ce102e,2011,1,Cả nước,National,Trade,4,Xuất khẩu,Export_Value,95775.0,million_USD,Actual,PL8
aa67a61e36515bba,2011,1,Cả nước,National,Trade,5,Xuất khẩu,Export_Value,69852.0,million_USD,Actual,PL8
61d27eb9f6a02f1d,2011,1,Cả nước,National,Trade,6,Xuất khẩu,Export_Volume,487199.0,1000_ton,Actual,PL8
82d25f4bf8793781,2011,1,Cả nước,National,Trade,6,Xuất khẩu,Export_Value,47259.0,million_USD,Actual,PL8
bd8b955b31081b96,2011,1,Cả nước,National,Trade,7,Xuất khẩu,Export_Volume,6601.0,1000_ton,Actual,PL8
fd07d37ad169277a,2011,1,Cả nước,National,Trade,7,Xuất khẩu,Export_Value,34158.0,million_USD,Actual,PL8
9be351a5f25c5666,2011,1,Cả nước,National,Trade,8,Xuất khẩu,Export_Volume,40597.0,1000_ton,Actual,PL8
04a90158c5a11434,2011,1,Cả nước,National,Trade,8,Xuất khẩu,Export_Value,26311.0,million_USD,Actual,PL8
952c995972118f7a,2011,1,Cả nước,National,Trade,9,Xuất khẩu,Export_Volume,6598.0,1000_ton,Actual,PL8
0694f6070772f833,2011,1,Cả nước,National,Trade,9,Xuất khẩu,Export_Value,11765.0,million_USD,Actual,PL8
6263bfafba3a0ebd,2011,1,Cả nước,National,Trade,10,Xuất khẩu,Export_Value,10460.0,million_USD,Actual,PL8
a84b2af0da829d1f,2011,1,Cả nước,National,Trade,1,Xuất khẩu,Export_Volume,279252.0,1000_ton,Actual,PL8
2cd5be89bfdc3209,2011,1,Cả nước,National,Trade,2,Xuất khẩu,Export_Volume,94655.0,1000_ton,Actual,PL8
2021edcb8c6443a0,2011,1,Cả nước,National,Trade,3,Xuất khẩu,Export_Volume,75265.0,1000_ton,Actual,PL8
c3e5e046a7542b6e,2011,1,Cả nước,National,Trade,4,Xuất khẩu,Export_Volume,24347.0,1000_ton,Actual,PL8
1adc7ccab2bdf207,2011,1,Cả nước,National,Trade,5,Xuất khẩu,Export_Volume,46742.0,1000_ton,Actual,PL8
61d27eb9f6a02f1d,2011,1,Cả nước,National,Trade,6,Xuất khẩu,Export_Volume,37724.0,1000_ton,Actual,PL8
1f0fa3b6c871f392,2011,4,Cả nước,National,Investment,Bông các loại,,Investment_Amount,91380.0,million_VND,Plan,PL9
cf0dfd7b06fa3172,2011,4,Cả nước,National,Investment,Bông các loại,,Investment_Amount,319823.0,million_VND,Cumulative,PL9
915d853cf09641bd,2011,4,Cả nước,National,Investment,HOA KỲ,,Investment_Amount,27491.0,million_VND,Plan,PL9
cd6c197f30d25b98,2011,4,Cả nước,National,Investment,HOA KỲ,,Investment_Amount,189687.0,million_VND,Cumulative,PL9
f13b180c84e21b89,2011,4,Cả nước,National,Investment,ẤN ĐỘ,,Investment_Amount,24060.0,million_VND,Plan,PL9
0d0bccf9df15163a,2011,4,Cả nước,National,Investment,ẤN ĐỘ,,Investment_Amount,58604.0,million_VND,Cumulative,PL9
fd4d77af33b60a46,2011,4,Cả nước,National,Investment,BRAXIN,,Investment_Amount,3710.0,million_VND,Plan,PL9
746f1f243191775e,2011,4,Cả nước,National,Investment,BRAXIN,,Investment_Amount,6050.0,million_VND,Cumulative,PL9
4a0b0f6dd39dcd46,2011,4,Cả nước,National,Investment,TRUNG QUỐC,,Investment_Amount,64.0,million_VND,Plan,PL9
0bd90de9332df465,2011,4,Cả nước,National,Investment,TRUNG QUỐC,,Investment_Amount,690.0,million_VND,Cumulative,PL9
d863fe74962333a7,2011,4,Cả nước,National,Investment,IN ĐÔ NÊ XI A,,Investment_Amount,118.0,million_VND,Plan,PL9
da9ff375746083f2,2011,4,Cả nước,National,Investment,IN ĐÔ NÊ XI A,,Investment_Amount,619.0,million_VND,Cumulative,PL9
052146f83aa3d3b3,2011,4,Cả nước,National,Investment,HÀN QUỐC,,Investment_Amount,74.0,million_VND,Plan,PL9
9c7b1390fbe741de,2011,4,Cả nước,National,Investment,HÀN QUỐC,,Investment_Amount,608.0,million_VND,Cumulative,PL9
9c8a670afd6cb7e3,2011,4,Cả nước,National,Investment,ĐÀI LOAN,,Investment_Amount,24.0,million_VND,Plan,PL9
f24b620ddbfb16e4,2011,4,Cả nước,National,Investment,ĐÀI LOAN,,Investment_Amount,315.0,million_VND,Cumulative,PL9
20cd63c8b128a793,2011,4,Cả nước,National,Investment,ITALIA,,Investment_Amount,165.0,million_VND,Plan,PL9
92eb93a77886ad15,2011,4,Cả nước,National,Investment,ITALIA,,Investment_Amount,218.0,million_VND,Cumulative,PL9
639fee30b83f6f87,2011,4,Cả nước,National,Investment,Cao su,,Investment_Amount,73505.0,million_VND,Plan,PL9
a53ad31c0e1b7428,2011,4,Cả nước,National,Investment,Cao su,,Investment_Amount,199973.0,million_VND,Cumulative,PL9
052146f83aa3d3b3,2011,4,Cả nước,National,Investment,HÀN QUỐC,,Investment_Amount,11634.0,million_VND,Plan,PL9
9c7b1390fbe741de,2011,4,Cả nước,National,Investment,HÀN QUỐC,,Investment_Amount,39979.0,million_VND,Cumulative,PL9
05819172d0e71003,2011,4,Cả nước,National,Investment,CAMPUCHIA,,Investment_Amount,7811.0,million_VND,Plan,PL9
ed243e9ccf42542e,2011,4,Cả nước,National,Investment,CAMPUCHIA,,Investment_Amount,37971.0,million_VND,Cumulative,PL9
9028b51578bffab2,2011,4,Cả nước,National,Investment,THÁI LAN,,Investment_Amount,13602.0,million_VND,Plan,PL9
62fadd9545c120d3,2011,4,Cả nước,National,Investment,THÁI LAN,,Investment_Amount,30160.0,million_VND,Cumulative,PL9
9c8a670afd6cb7e3,2011,4,Cả nước,National,Investment,ĐÀI LOAN,,Investment_Amount,5014.0,million_VND,Plan,PL9
f24b620ddbfb16e4,2011,4,Cả nước,National,Investment,ĐÀI LOAN,,Investment_Amount,22874.0,million_VND,Cumulative,PL9
f808aa8869d745b8,2011,4,Cả nước,National,Investment,NHẬT BẢN,,Investment_Amount,5802.0,million_VND,Plan,PL9
d64839598a86bd9a,2011,4,Cả nước,National,Investment,NHẬT BẢN,,Investment_Amount,22255.0,million_VND,Cumulative,PL9
4a0b0f6dd39dcd46,2011,4,Cả nước,National,Investment,TRUNG QUỐC,,Investment_Amount,2812.0,million_VND,Plan,PL9
0bd90de9332df465,2011,4,Cả nước,National,Investment,TRUNG QUỐC,,Investment_Amount,9696.0,million_VND,Cumulative,PL9
915d853cf09641bd,2011,4,Cả nước,National,Investment,HOA KỲ,,Investment_Amount,5696.0,million_VND,Plan,PL9
cd6c197f30d25b98,2011,4,Cả nước,National,Investment,HOA KỲ,,Investment_Amount,6330.0,million_VND,Cumulative,PL9
9b7883ce3a98ee85,2011,4,Cả nước,National,Investment,NGA,,Investment_Amount,2485.0,million_VND,Plan,PL9
34d24b18a176c221,2011,4,Cả nước,National,Investment,NGA,,Investment_Amount,4404.0,million_VND,Cumulative,PL9
c709c98086e05270,2011,4,Cả nước,National,Investment,PHÁP,,Investment_Amount,1088.0,million_VND,Plan,PL9
6e065b6fc24e35c9,2011,4,Cả nước,National,Investment,PHÁP,,Investment_Amount,4063.0,million_VND,Cumulative,PL9
20cd63c8b128a793,2011,4,Cả nước,National,Investment,ITALIA,,Investment_Amount,163.0,million_VND,Plan,PL9
92eb93a77886ad15,2011,4,Cả nước,National,Investment,ITALIA,,Investment_Amount,2259.0,million_VND,Cumulative,PL9
e72c5d860d9cf1ce,2011,4,Cả nước,National,Investment,Dầu mỡ động thực vật,,Investment_Amount,212785.0,million_VND,Cumulative,PL9
05f764e6182e2d4b,2011,4,Cả nước,National,Investment,MALAIXIA,,Investment_Amount,103253.0,million_VND,Cumulative,PL9
da9ff375746083f2,2011,4,Cả nước,National,Investment,IN ĐÔ NÊ XI A,,Investment_Amount,54021.0,million_VND,Cumulative,PL9
51de9b8b8e2dd3e8,2011,4,Cả nước,National,Investment,ACHENTINA,,Investment_Amount,43459.0,million_VND,Cumulative,PL9
62459aa053089ca4,2011,4,Cả nước,National,Investment,CHI LÊ,,Investment_Amount,2277.0,million_VND,Cumulative,PL9
cd6c197f30d25b98,2011,4,Cả nước,National,Investment,HOA KỲ,,Investment_Amount,1283.0,million_VND,Cumulative,PL9
62fadd9545c120d3,2011,4,Cả nước,National,Investment,THÁI LAN,,Investment_Amount,1241.0,million_VND,Cumulative,PL9
0bd90de9332df465,2011,4,Cả nước,National,Investment,TRUNG QUỐC,,Investment_Amount,1018.0,million_VND,Cumulative,PL9
9c7b1390fbe741de,2011,4,Cả nước,National,Investment,HÀN QUỐC,,Investment_Amount,911.0,million_VND,Cumulative,PL9
0d0bccf9df15163a,2011,4,Cả nước,National,Investment,ẤN ĐỘ,,Investment_Amount,816.0,million_VND,Cumulative,PL9
8711bd2dad9e85af,2011,4,Cả nước,National,Investment,XINH GA PO,,Investment_Amount,661.0,million_VND,Cumulative,PL9
a008d89c31b1bde8,2011,4,Cả nước,National,Investment,Lúa mì,,Investment_Amount,451207.0,million_VND,Plan,PL9
be7869b0af84c4f5,2011,4,Cả nước,National,Investment,Lúa mì,,Investment_Amount,182826.0,million_VND,Cumulative,PL9
f3203062d76f678e,2011,4,Cả nước,National,Investment,Ô X TRÂY LIA,,Investment_Amount,281964.0,million_VND,Plan,PL9
e56045fded245fb0,2011,4,Cả nước,National,Investment,Ô X TRÂY LIA,,Investment_Amount,160053.0,million_VND,Cumulative,PL9
915d853cf09641bd,2011,4,Cả nước,National,Investment,HOA KỲ,,Investment_Amount,12126.0,million_VND,Plan,PL9
cd6c197f30d25b98,2011,4,Cả nước,National,Investment,HOA KỲ,,Investment_Amount,21763.0,million_VND,Cumulative,PL9
07efabab345d8edf,2011,4,Cả nước,National,Investment,Gỗ & sản phẩm gỗ,,Investment_Amount,245617.0,million_VND,Cumulative,PL9
5f13654138892202,2011,4,Cả nước,National,Investment,LÀO,,Investment_Amount,59351.0,million_VND,Cumulative,PL9
cd6c197f30d25b98,2011,4,Cả nước,National,Investment,HOA KỲ,,Investment_Amount,28227.0,million_VND,Cumulative,PL9
0bd90de9332df465,2011,4,Cả nước,National,Investment,TRUNG QUỐC,,Investment_Amount,27509.0,million_VND,Cumulative,PL9
05f764e6182e2d4b,2011,4,Cả nước,National,Investment,MALAIXIA,,Investment_Amount,19780.0,million_VND,Cumulative,PL9
62fadd9545c120d3,2011,4,Cả nước,National,Investment,THÁI LAN,,Investment_Amount,13516.0,million_VND,Cumulative,PL9
502331b0c3148e74,2011,4,Cả nước,National,Investment,NIU ZI LÂN,,Investment_Amount,10342.0,million_VND,Cumulative,PL9
ed243e9ccf42542e,2011,4,Cả nước,National,Investment,CAMPUCHIA,,Investment_Amount,7519.0,million_VND,Cumulative,PL9
746f1f243191775e,2011,4,Cả nước,National,Investment,BRAXIN,,Investment_Amount,7126.0,million_VND,Cumulative,PL9
a1ab5b93f83fd9cb,2011,4,Cả nước,National,Investment,MI AN MA,,Investment_Amount,6794.0,million_VND,Cumulative,PL9
da9ff375746083f2,2011,4,Cả nước,National,Investment,IN ĐÔ NÊ XI A,,Investment_Amount,4349.0,million_VND,Cumulative,PL9
e11361b03dc19af3,2011,4,Cả nước,National,Investment,Phân bón các loại,,Investment_Amount,942720.0,million_VND,Plan,PL9
18d264e1192281b3,2011,4,Cả nước,National,Investment,Phân bón các loại,,Investment_Amount,289884.0,million_VND,Cumulative,PL9
4a0b0f6dd39dcd46,2011,4,Cả nước,National,Investment,TRUNG QUỐC,,Investment_Amount,349136.0,million_VND,Plan,PL9
0bd90de9332df465,2011,4,Cả nước,National,Investment,TRUNG QUỐC,,Investment_Amount,120322.0,million_VND,Cumulative,PL9
dedad4294bd5b9ee,2011,4,Cả nước,National,Investment,CA NA ĐA,,Investment_Amount,24503.0,million_VND,Plan,PL9
d1de91ec576d6548,2011,4,Cả nước,National,Investment,CA NA ĐA,,Investment_Amount,27088.0,million_VND,Cumulative,PL9
9fcc31a90639e287,2011,4,Cả nước,National,Investment,PHI LIP PIN,,Investment_Amount,74285.0,million_VND,Plan,PL9
500f1ce70a83e4ba,2011,4,Cả nước,National,Investment,PHI LIP PIN,,Investment_Amount,25549.0,million_VND,Cumulative,PL9
f808aa8869d745b8,2011,4,Cả nước,National,Investment,NHẬT BẢN,,Investment_Amount,75118.0,million_VND,Plan,PL9
d64839598a86bd9a,2011,4,Cả nước,National,Investment,NHẬT BẢN,,Investment_Amount,13323.0,million_VND,Cumulative,PL9
052146f83aa3d3b3,2011,4,Cả nước,National,Investment,HÀN QUỐC,,Investment_Amount,62311.0,million_VND,Plan,PL9
9c7b1390fbe741de,2011,4,Cả nước,National,Investment,HÀN QUỐC,,Investment_Amount,10966.0,million_VND,Cumulative,PL9
1897825710c39fd4,2010,6,1. Thu hoạch lúa đông xuân miền Bắc,Provincial,Cultivation,Lúa,Đông Xuân,Area_Harvested,11008.0,1000_ha,Actual,PL1
06b6e44bc56c4bba,2011,6,1. Thu hoạch lúa đông xuân miền Bắc,Provincial,Cultivation,Lúa,Đông Xuân,Area_Harvested,4808.0,1000_ha,Actual,PL1
8253f717bffb7376,2010,6,- Bắc Trung bộ,Provincial,Cultivation,Unknown,,Area_Planted,3410.0,1000_ha,Actual,PL1
202d572013383808,2011,6,- Bắc Trung bộ,Provincial,Cultivation,Unknown,,Area_Planted,2157.0,1000_ha,Actual,PL1
7f0b03c999c02545,2010,6,2. Gieo cấy lúa hè thu cả nước,Provincial,Cultivation,Unknown,,Area_Planted,18333.0,1000_ha,Actual,PL1
2428299f0f324782,2011,6,2. Gieo cấy lúa hè thu cả nước,Provincial,Cultivation,Unknown,,Area_Planted,20178.0,1000_ha,Actual,PL1
576e7dd3bc728bc6,2010,6,- Miền Nam,Provincial,Cultivation,Unknown,,Area_Planted,17120.0,1000_ha,Actual,PL1
cc9832ba60f797f8,2011,6,- Miền Nam,Provincial,Cultivation,Unknown,,Area_Planted,19378.0,1000_ha,Actual,PL1
2c72734c83f196af,2010,6,3.1 Gieo trồng màu lương thực,Provincial,Cultivation,Màu lương thực,,Area_Planted,12309.0,1000_ha,Actual,PL1
465ed260836ae74e,2011,6,3.1 Gieo trồng màu lương thực,Provincial,Cultivation,Màu lương thực,,Area_Planted,13202.0,1000_ha,Actual,PL1
d4218792fdc47aee,2010,6,- Khoai lang,Provincial,Cultivation,Khoai lang,,Area_Planted,1060.0,1000_ha,Actual,PL1
55c0fc9a5ae908af,2011,6,- Khoai lang,Provincial,Cultivation,Khoai lang,,Area_Planted,1144.0,1000_ha,Actual,PL1
707b59e2f209e89e,2010,6,- Sắn,Provincial,Cultivation,Sắn,,Area_Planted,3069.0,1000_ha,Actual,PL1
628c4ca3e397c339,2011,6,- Sắn,Provincial,Cultivation,Sắn,,Area_Planted,3800.0,1000_ha,Actual,PL1
0fd4dbe5a3d43961,2010,6,3.2 Gieo trồng cây công nghiệp ngắn ngày,Provincial,Cultivation,Cây công nghiệp ngắn ngày,,Area_Planted,5275.0,1000_ha,Actual,PL1
019202c3afa0938b,2011,6,3.2 Gieo trồng cây công nghiệp ngắn ngày,Provincial,Cultivation,Cây công nghiệp ngắn ngày,,Area_Planted,5450.0,1000_ha,Actual,PL1
ad631f601e8c77fa,2010,6,- Đậu tương,Provincial,Cultivation,Đậu tương,,Area_Planted,1434.0,1000_ha,Actual,PL1
b96552cb07f312de,2011,6,- Đậu tương,Provincial,Cultivation,Đậu tương,,Area_Planted,1227.0,1000_ha,Actual,PL1
e885ce257d13fdd4,2010,6,- Thuốc lá,Provincial,Cultivation,Unknown,,Area_Planted,264.0,1000_ha,Actual,PL1
6c1f46b5d2b1b373,2011,6,- Thuốc lá,Provincial,Cultivation,Unknown,,Area_Planted,194.0,1000_ha,Actual,PL1
17f07e91cc60ae8c,2010,6,- Mía,Provincial,Cultivation,Unknown,,Area_Planted,1338.0,1000_ha,Actual,PL1
8244bc4927d2de6f,2011,6,- Mía,Provincial,Cultivation,Unknown,,Area_Planted,1691.0,1000_ha,Actual,PL1
33f4d551322c3df7,2010,6,"3.3 Gieo trồng rau, đậu các loại",Provincial,Cultivation,Rau đậu,,Area_Planted,5740.0,1000_ha,Actual,PL1
0a70e68267268fa7,2011,6,"3.3 Gieo trồng rau, đậu các loại",Provincial,Cultivation,Rau đậu,,Area_Planted,5964.0,1000_ha,Actual,PL1
78978920f8bd05c3,2011,6,Cả nước,National,Investment,98,,Investment_Amount,238.0,million_VND,Plan,PL13
c74d5013e6894b6f,2011,6,Cả nước,National,Investment,98,,Investment_Amount,913.0,million_VND,Cumulative,PL13
43d1a25b68e424fe,2011,6,Cả nước,National,Investment,35,,Investment_Amount,151.0,million_VND,Plan,PL13
7e2dd7d891c6c15c,2011,6,Cả nước,National,Investment,35,,Investment_Amount,274.0,million_VND,Cumulative,PL13
bf809810f881130d,2011,6,Cả nước,National,Investment,644,,Investment_Amount,315.0,million_VND,Plan,PL13
554a024dc0f91149,2011,6,Cả nước,National,Investment,644,,Investment_Amount,3977.0,million_VND,Cumulative,PL13
c6c77c66a0e22977,2011,6,Cả nước,National,Investment,9,,Investment_Amount,13.0,million_VND,Plan,PL13
415635f127385cb9,2011,6,Cả nước,National,Investment,9,,Investment_Amount,50.0,million_VND,Cumulative,PL13
2a73960cbed996e3,2011,6,Cả nước,National,Investment,13,,Investment_Amount,105.0,million_VND,Plan,PL13
2566184234ca820e,2011,6,Cả nước,National,Investment,13,,Investment_Amount,67.0,million_VND,Cumulative,PL13
2a73960cbed996e3,2011,6,Cả nước,National,Investment,13,,Investment_Amount,76.0,million_VND,Plan,PL13
2566184234ca820e,2011,6,Cả nước,National,Investment,13,,Investment_Amount,70.0,million_VND,Cumulative,PL13
b189a649a232b396,2011,6,Cả nước,National,Investment,135,,Investment_Amount,61.0,million_VND,Plan,PL13
2481ae07381e6325,2011,6,Cả nước,National,Investment,135,,Investment_Amount,1711.0,million_VND,Cumulative,PL13
0f10cf55906f5256,2011,6,Cả nước,National,Investment,252,,Investment_Amount,107.0,million_VND,Plan,PL13
6e3b3a7969d588be,2011,6,Cả nước,National,Investment,252,,Investment_Amount,1810.0,million_VND,Cumulative,PL13
5788035ceeae881c,2011,6,Cả nước,National,Investment,55,,Investment_Amount,17.0,million_VND,Plan,PL13
722204ecf978b0d0,2011,6,Cả nước,National,Investment,55,,Investment_Amount,384.0,million_VND,Cumulative,PL13
0aa59c7097fef08a,2011,6,Cả nước,National,Investment,29,,Investment_Amount,6.0,million_VND,Plan,PL13
ce8aafa077d27ddb,2011,6,Cả nước,National,Investment,29,,Investment_Amount,400.0,million_VND,Cumulative,PL13
1db33cd660fc44c9,2011,6,Cả nước,National,Investment,34,,Investment_Amount,21.0,million_VND,Plan,PL13
372127ac3581751b,2011,6,Cả nước,National,Investment,34,,Investment_Amount,215.0,million_VND,Cumulative,PL13
cfc7b7e77f0f818e,2011,6,Cả nước,National,Investment,41,,Investment_Amount,18.0,million_VND,Plan,PL13
7667a5ccd9368200,2011,6,Cả nước,National,Investment,41,,Investment_Amount,153.0,million_VND,Cumulative,PL13
4d0b8bfa2fc28077,2011,6,Cả nước,National,Investment,94,,Investment_Amount,44.0,million_VND,Plan,PL13
6826eb7b9278b203,2011,6,Cả nước,National,Investment,94,,Investment_Amount,656.0,million_VND,Cumulative,PL13
2d4623fdcb7e43bd,2011,6,Cả nước,National,Investment,330,,Investment_Amount,124.0,million_VND,Plan,PL13
04a539e6e02b1567,2011,6,Cả nước,National,Investment,330,,Investment_Amount,1332.0,million_VND,Cumulative,PL13
00e01cb043e43f07,2011,6,Cả nước,National,Investment,0,,Investment_Amount,210.0,million_VND,Plan,PL13
00e01cb043e43f07,2011,6,Cả nước,National,Investment,0,,Investment_Amount,72.0,million_VND,Plan,PL13
ba944adb54cc79b3,2011,6,Cả nước,National,Investment,31,,Investment_Amount,69.0,million_VND,Plan,PL13
2abca301102e7c13,2011,6,Cả nước,National,Investment,31,,Investment_Amount,167.0,million_VND,Cumulative,PL13
8b050701d05935a0,2011,6,Cả nước,National,Investment,27,,Investment_Amount,113.0,million_VND,Plan,PL13
aca903fbf7c715be,2011,6,Cả nước,National,Investment,27,,Investment_Amount,198.0,million_VND,Cumulative,PL13
d9ea606c04d2583a,2011,6,Miền BắcĐB sông Hồng  Hà Nội  Hải Phòng  Vĩnh Phúc  Bắc Ninh  Hải Dương  Hưng Yên  Hà Nam  Nam Định  Thái Bình  Ninh Bình  Quảng NinhTD và MN  Hà Giang  Cao Bằng  Lào Cai  Bắc Cạn  Lạng Sơn  Tuyên Quang  Yên Bái  Thái Nguyên  Phú Thọ  Bắc Giang  Lai Châu  Điện Biên  Sơn La  Hoà BìnhBắc Trung Bộ  Thanh Hoá  Nghệ An  Hà Tĩnh  Quảng Bình  Quảng Trị  Thừa Thiên Huế,Provincial,Cultivation,Lúa,,Area_Planted,1.1483525634301004e+175,ha,Actual,PL2
0b730efedae01cf7,2011,6,Miền BắcĐB sông Hồng  Hà Nội  Hải Phòng  Vĩnh Phúc  Bắc Ninh  Hải Dương  Hưng Yên  Hà Nam  Nam Định  Thái Bình  Ninh Bình  Quảng NinhTD và MN  Hà Giang  Cao Bằng  Lào Cai  Bắc Cạn  Lạng Sơn  Tuyên Quang  Yên Bái  Thái Nguyên  Phú Thọ  Bắc Giang  Lai Châu  Điện Biên  Sơn La  Hoà BìnhBắc Trung Bộ  Thanh Hoá  Nghệ An  Hà Tĩnh  Quảng Bình  Quảng Trị  Thừa Thiên Huế,Provincial,Cultivation,Lúa,,Area_Harvested,4.808382069647778e+134,ha,Actual,PL2
ff27cfdc6d251f53,2011,6,Miền BắcĐB sông Hồng  Hà Nội  Hải Phòng  Vĩnh Phúc  Bắc Ninh  Hải Dương  Hưng Yên  Hà Nam  Nam Định  Thái Bình  Ninh Bình  Quảng NinhTD và MN  Hà Giang  Cao Bằng  Lào Cai  Bắc Cạn  Lạng Sơn  Tuyên Quang  Yên Bái  Thái Nguyên  Phú Thọ  Bắc Giang  Lai Châu  Điện Biên  Sơn La  Hoà BìnhBắc Trung Bộ  Thanh Hoá  Nghệ An  Hà Tĩnh  Quảng Bình  Quảng Trị  Thừa Thiên Huế,Provincial,Cultivation,Lúa,,Harvest_percent,4.193677754197175e+96,percent,Actual,PL2
d9ea606c04d2583a,2011,6,Miền BắcĐB sông Hồng  Hà Nội  Hải Phòng  Vĩnh Phúc  Bắc Ninh  Hải Dương  Hưng Yên  Hà Nam  Nam Định  Thái Bình  Ninh Bình  Quảng NinhTD và MN  Hà Giang  Cao Bằng  Lào Cai  Bắc Cạn  Lạng Sơn  Tuyên Quang  Yên Bái  Thái Nguyên  Phú Thọ  Bắc Giang  Lai Châu  Điện Biên  Sơn La  Hoà BìnhBắc Trung Bộ  Thanh Hoá  Nghệ An  Hà Tĩnh  Quảng Bình  Quảng Trị  Thừa Thiên Huế,Provincial,Cultivation,Lúa,,Area_Planted,6.246385726506408e+77,ha,Actual,PL2
d9ea606c04d2583a,2011,6,Miền BắcĐB sông Hồng  Hà Nội  Hải Phòng  Vĩnh Phúc  Bắc Ninh  Hải Dương  Hưng Yên  Hà Nam  Nam Định  Thái Bình  Ninh Bình  Quảng NinhTD và MN  Hà Giang  Cao Bằng  Lào Cai  Bắc Cạn  Lạng Sơn  Tuyên Quang  Yên Bái  Thái Nguyên  Phú Thọ  Bắc Giang  Lai Châu  Điện Biên  Sơn La  Hoà BìnhBắc Trung Bộ  Thanh Hoá  Nghệ An  Hà Tĩnh  Quảng Bình  Quảng Trị  Thừa Thiên Huế,Provincial,Cultivation,Lúa,,Area_Planted,8.117171125842639e+171,ha,Actual,PL2
4567d72fe4129aa4,2011,6,Miền BắcĐB sông Hồng  Hà Nội  Hải Phòng  Vĩnh Phúc  Bắc Ninh  Hải Dương  Hưng Yên  Hà Nam  Nam Định  Thái Bình  Ninh Bình  Quảng NinhTD và MN  Hà Giang  Cao Bằng  Lào Cai  Bắc Cạn  Lạng Sơn  Tuyên Quang  Yên Bái  Thái Nguyên  Phú Thọ  Bắc Giang  Lai Châu  Điện Biên  Sơn La  Hoà BìnhBắc Trung Bộ  Thanh Hoá  Nghệ An  Hà Tĩnh  Quảng Bình  Quảng Trị  Thừa Thiên Huế,Provincial,Cultivation,Khoai lang,,Area_Planted,8.927421983486811e+122,ha,Actual,PL2
65e366c9871d02b7,2011,6,Miền BắcĐB sông Hồng  Hà Nội  Hải Phòng  Vĩnh Phúc  Bắc Ninh  Hải Dương  Hưng Yên  Hà Nam  Nam Định  Thái Bình  Ninh Bình  Quảng NinhTD và MN  Hà Giang  Cao Bằng  Lào Cai  Bắc Cạn  Lạng Sơn  Tuyên Quang  Yên Bái  Thái Nguyên  Phú Thọ  Bắc Giang  Lai Châu  Điện Biên  Sơn La  Hoà BìnhBắc Trung Bộ  Thanh Hoá  Nghệ An  Hà Tĩnh  Quảng Bình  Quảng Trị  Thừa Thiên Huế,Provincial,Cultivation,Sắn,,Area_Planted,1.5752446636901948e+102,ha,Actual,PL2
ee94fb31ce23b733,2011,6,Miền BắcĐB sông Hồng  Hà Nội  Hải Phòng  Vĩnh Phúc  Bắc Ninh  Hải Dương  Hưng Yên  Hà Nam  Nam Định  Thái Bình  Ninh Bình  Quảng NinhTD và MN phía Bắc  Hà Giang  Cao Bằng  Lào Cai  Bắc Cạn  Lạng Sơn  Tuyên Quang  Yên Bái  Thái Nguyên  Phú Thọ  Bắc Giang  Lai Châu  Điện Biên  Sơn La  Hoà BìnhBắc Trung Bộ  Thanh Hoá  Nghệ An  Hà Tĩnh  Quảng Bình  Quảng Trị  Thừa Thiên Huế,Provincial,Cultivation,Lúa,,Area_Planted,3.0366810819538095e+155,ha,Actual,PL3
b971b9fe5ffce0d6,2011,6,Miền BắcĐB sông Hồng  Hà Nội  Hải Phòng  Vĩnh Phúc  Bắc Ninh  Hải Dương  Hưng Yên  Hà Nam  Nam Định  Thái Bình  Ninh Bình  Quảng NinhTD và MN phía Bắc  Hà Giang  Cao Bằng  Lào Cai  Bắc Cạn  Lạng Sơn  Tuyên Quang  Yên Bái  Thái Nguyên  Phú Thọ  Bắc Giang  Lai Châu  Điện Biên  Sơn La  Hoà BìnhBắc Trung Bộ  Thanh Hoá  Nghệ An  Hà Tĩnh  Quảng Bình  Quảng Trị  Thừa Thiên Huế,Provincial,Cultivation,Đậu tương,,Area_Planted,1.1367376659317974e+122,ha,Actual,PL3
06b13cc6ef95bc86,2011,6,Miền BắcĐB sông Hồng  Hà Nội  Hải Phòng  Vĩnh Phúc  Bắc Ninh  Hải Dương  Hưng Yên  Hà Nam  Nam Định  Thái Bình  Ninh Bình  Quảng NinhTD và MN phía Bắc  Hà Giang  Cao Bằng  Lào Cai  Bắc Cạn  Lạng Sơn  Tuyên Quang  Yên Bái  Thái Nguyên  Phú Thọ  Bắc Giang  Lai Châu  Điện Biên  Sơn La  Hoà BìnhBắc Trung Bộ  Thanh Hoá  Nghệ An  Hà Tĩnh  Quảng Bình  Quảng Trị  Thừa Thiên Huế,Provincial,Cultivation,Lạc,,Area_Planted,1.3582826444583931e+131,ha,Actual,PL3
0e7b0fd7a6c313a2,2011,6,Miền BắcĐB sông Hồng  Hà Nội  Hải Phòng  Vĩnh Phúc  Bắc Ninh  Hải Dương  Hưng Yên  Hà Nam  Nam Định  Thái Bình  Ninh Bình  Quảng NinhTD và MN phía Bắc  Hà Giang  Cao Bằng  Lào Cai  Bắc Cạn  Lạng Sơn  Tuyên Quang  Yên Bái  Thái Nguyên  Phú Thọ  Bắc Giang  Lai Châu  Điện Biên  Sơn La  Hoà BìnhBắc Trung Bộ  Thanh Hoá  Nghệ An  Hà Tĩnh  Quảng Bình  Quảng Trị  Thừa Thiên Huế,Provincial,Cultivation,Mía,,Area_Planted,3.857816002479074e+62,ha,Actual,PL3
d8640ede2397c67b,2011,6,Miền BắcĐB sông Hồng  Hà Nội  Hải Phòng  Vĩnh Phúc  Bắc Ninh  Hải Dương  Hưng Yên  Hà Nam  Nam Định  Thái Bình  Ninh Bình  Quảng NinhTD và MN phía Bắc  Hà Giang  Cao Bằng  Lào Cai  Bắc Cạn  Lạng Sơn  Tuyên Quang  Yên Bái  Thái Nguyên  Phú Thọ  Bắc Giang  Lai Châu  Điện Biên  Sơn La  Hoà BìnhBắc Trung Bộ  Thanh Hoá  Nghệ An  Hà Tĩnh  Quảng Bình  Quảng Trị  Thừa Thiên Huế,Provincial,Cultivation,Thuốc lá,,Area_Planted,9.51610001000831e+41,ha,Actual,PL3
ee94fb31ce23b733,2011,6,Miền BắcĐB sông Hồng  Hà Nội  Hải Phòng  Vĩnh Phúc  Bắc Ninh  Hải Dương  Hưng Yên  Hà Nam  Nam Định  Thái Bình  Ninh Bình  Quảng NinhTD và MN phía Bắc  Hà Giang  Cao Bằng  Lào Cai  Bắc Cạn  Lạng Sơn  Tuyên Quang  Yên Bái  Thái Nguyên  Phú Thọ  Bắc Giang  Lai Châu  Điện Biên  Sơn La  Hoà BìnhBắc Trung Bộ  Thanh Hoá  Nghệ An  Hà Tĩnh  Quảng Bình  Quảng Trị  Thừa Thiên Huế,Provincial,Cultivation,Lúa,,Area_Planted,6.073249145732643e+50,ha,Actual,PL3
ee94fb31ce23b733,2011,6,Miền BắcĐB sông Hồng  Hà Nội  Hải Phòng  Vĩnh Phúc  Bắc Ninh  Hải Dương  Hưng Yên  Hà Nam  Nam Định  Thái Bình  Ninh Bình  Quảng NinhTD và MN phía Bắc  Hà Giang  Cao Bằng  Lào Cai  Bắc Cạn  Lạng Sơn  Tuyên Quang  Yên Bái  Thái Nguyên  Phú Thọ  Bắc Giang  Lai Châu  Điện Biên  Sơn La  Hoà BìnhBắc Trung Bộ  Thanh Hoá  Nghệ An  Hà Tĩnh  Quảng Bình  Quảng Trị  Thừa Thiên Huế,Provincial,Cultivation,Lúa,,Area_Planted,2.4853911212319677e+150,ha,Actual,PL3
05c097041ae99ab8,2011,6,Miền NamD.H Nam Trung Bộ  TP Đà Nẵng  Quảng Nam  Quảng Ngãi  Bình Định  Phú Yên  Khánh HoàTây Nguyên  Kon Tum  Gia Lai  Đắc Lắc  Đắc Nông  Lâm ĐồngĐông Nam Bộ  TP Hồ Chí Minh  Ninh Thuận  Bình Phước  Tây Ninh  Bình Dương  Đồng Nai  Bình Thuận  Bà Rịa-V.TàuĐBS Cửu Long  Long An  Đồng Tháp  An Giang  Tiền Giang  Vĩnh Long  Bến Tre  Kiên Giang  Cần Thơ  Hậu Giang  Trà Vinh  Sóc Trăng  Bạc Liêu  Cà Mau,Provincial,Cultivation,Lúa,,Area_Planted,4.521604441617521e+31,ha,Actual,PL4
05c097041ae99ab8,2011,6,Miền NamD.H Nam Trung Bộ  TP Đà Nẵng  Quảng Nam  Quảng Ngãi  Bình Định  Phú Yên  Khánh HoàTây Nguyên  Kon Tum  Gia Lai  Đắc Lắc  Đắc Nông  Lâm ĐồngĐông Nam Bộ  TP Hồ Chí Minh  Ninh Thuận  Bình Phước  Tây Ninh  Bình Dương  Đồng Nai  Bình Thuận  Bà Rịa-V.TàuĐBS Cửu Long  Long An  Đồng Tháp  An Giang  Tiền Giang  Vĩnh Long  Bến Tre  Kiên Giang  Cần Thơ  Hậu Giang  Trà Vinh  Sóc Trăng  Bạc Liêu  Cà Mau,Provincial,Cultivation,Lúa,,Area_Planted,5.084518058414533e+157,ha,Actual,PL4
05c097041ae99ab8,2011,6,Miền NamD.H Nam Trung Bộ  TP Đà Nẵng  Quảng Nam  Quảng Ngãi  Bình Định  Phú Yên  Khánh HoàTây Nguyên  Kon Tum  Gia Lai  Đắc Lắc  Đắc Nông  Lâm ĐồngĐông Nam Bộ  TP Hồ Chí Minh  Ninh Thuận  Bình Phước  Tây Ninh  Bình Dương  Đồng Nai  Bình Thuận  Bà Rịa-V.TàuĐBS Cửu Long  Long An  Đồng Tháp  An Giang  Tiền Giang  Vĩnh Long  Bến Tre  Kiên Giang  Cần Thơ  Hậu Giang  Trà Vinh  Sóc Trăng  Bạc Liêu  Cà Mau,Provincial,Cultivation,Lúa,,Area_Planted,2.514466674605601e+94,ha,Actual,PL4
05c097041ae99ab8,2011,6,Miền NamD.H Nam Trung Bộ  TP Đà Nẵng  Quảng Nam  Quảng Ngãi  Bình Định  Phú Yên  Khánh HoàTây Nguyên  Kon Tum  Gia Lai  Đắc Lắc  Đắc Nông  Lâm ĐồngĐông Nam Bộ  TP Hồ Chí Minh  Ninh Thuận  Bình Phước  Tây Ninh  Bình Dương  Đồng Nai  Bình Thuận  Bà Rịa-V.TàuĐBS Cửu Long  Long An  Đồng Tháp  An Giang  Tiền Giang  Vĩnh Long  Bến Tre  Kiên Giang  Cần Thơ  Hậu Giang  Trà Vinh  Sóc Trăng  Bạc Liêu  Cà Mau,Provincial,Cultivation,Lúa,,Area_Planted,2.225104646030112e+113,ha,Actual,PL4
05c097041ae99ab8,2011,6,Miền NamD.H Nam Trung Bộ  TP Đà Nẵng  Quảng Nam  Quảng Ngãi  Bình Định  Phú Yên  Khánh HoàTây Nguyên  Kon Tum  Gia Lai  Đắc Lắc  Đắc Nông  Lâm ĐồngĐông Nam Bộ  TP Hồ Chí Minh  Ninh Thuận  Bình Phước  Tây Ninh  Bình Dương  Đồng Nai  Bình Thuận  Bà Rịa-V.TàuĐBS Cửu Long  Long An  Đồng Tháp  An Giang  Tiền Giang  Vĩnh Long  Bến Tre  Kiên Giang  Cần Thơ  Hậu Giang  Trà Vinh  Sóc Trăng  Bạc Liêu  Cà Mau,Provincial,Cultivation,Lúa,,Area_Planted,1.2177110020023067e+83,ha,Actual,PL4
b91ce5306a3dc2b4,2011,6,Miền NamD.H Nam Trg Bộ  TP Đà Nẵng  Quảng Nam  Quảng Ngãi  Bình Định  Phú Yên  Khánh HoàTây Nguyên  Kon Tum  Gia Lai  Đắc Lắc  Đắc Nông  Lâm ĐồngĐông Nam Bộ  TP Hồ Chí Minh  Ninh Thuận  Bình Phước  Tây Ninh  Bình Dương  Đồng Nai  Bình Thuận  Bà Rịa-V.TàuĐBS Cửu Long  Long An  Đồng Tháp  An Giang  Tiền Giang  Vĩnh Long  Bến Tre  Kiên Giang  Cần Thơ  Hậu Giang  Trà Vinh  Sóc Trăng  Bạc Liêu  Cà Mau,Provincial,Cultivation,Lúa,,Area_Planted,2.413457202914501e+156,ha,Actual,PL5
c57274c40831e02a,2011,6,Miền NamD.H Nam Trg Bộ  TP Đà Nẵng  Quảng Nam  Quảng Ngãi  Bình Định  Phú Yên  Khánh HoàTây Nguyên  Kon Tum  Gia Lai  Đắc Lắc  Đắc Nông  Lâm ĐồngĐông Nam Bộ  TP Hồ Chí Minh  Ninh Thuận  Bình Phước  Tây Ninh  Bình Dương  Đồng Nai  Bình Thuận  Bà Rịa-V.TàuĐBS Cửu Long  Long An  Đồng Tháp  An Giang  Tiền Giang  Vĩnh Long  Bến Tre  Kiên Giang  Cần Thơ  Hậu Giang  Trà Vinh  Sóc Trăng  Bạc Liêu  Cà Mau,Provincial,Cultivation,Đậu,,Area_Planted,9.058803654522854e+53,ha,Actual,PL5
b91ce5306a3dc2b4,2011,6,Miền NamD.H Nam Trg Bộ  TP Đà Nẵng  Quảng Nam  Quảng Ngãi  Bình Định  Phú Yên  Khánh HoàTây Nguyên  Kon Tum  Gia Lai  Đắc Lắc  Đắc Nông  Lâm ĐồngĐông Nam Bộ  TP Hồ Chí Minh  Ninh Thuận  Bình Phước  Tây Ninh  Bình Dương  Đồng Nai  Bình Thuận  Bà Rịa-V.TàuĐBS Cửu Long  Long An  Đồng Tháp  An Giang  Tiền Giang  Vĩnh Long  Bến Tre  Kiên Giang  Cần Thơ  Hậu Giang  Trà Vinh  Sóc Trăng  Bạc Liêu  Cà Mau,Provincial,Cultivation,Lúa,,Area_Planted,2.9625555825219002e+79,ha,Actual,PL5
b91ce5306a3dc2b4,2011,6,Miền NamD.H Nam Trg Bộ  TP Đà Nẵng  Quảng Nam  Quảng Ngãi  Bình Định  Phú Yên  Khánh HoàTây Nguyên  Kon Tum  Gia Lai  Đắc Lắc  Đắc Nông  Lâm ĐồngĐông Nam Bộ  TP Hồ Chí Minh  Ninh Thuận  Bình Phước  Tây Ninh  Bình Dương  Đồng Nai  Bình Thuận  Bà Rịa-V.TàuĐBS Cửu Long  Long An  Đồng Tháp  An Giang  Tiền Giang  Vĩnh Long  Bến Tre  Kiên Giang  Cần Thơ  Hậu Giang  Trà Vinh  Sóc Trăng  Bạc Liêu  Cà Mau,Provincial,Cultivation,Lúa,,Area_Planted,9.870857450563514e+53,ha,Actual,PL5
c0e7ec16aa4814d4,2011,6,Miền NamD.H Nam Trg Bộ  TP Đà Nẵng  Quảng Nam  Quảng Ngãi  Bình Định  Phú Yên  Khánh HoàTây Nguyên  Kon Tum  Gia Lai  Đắc Lắc  Đắc Nông  Lâm ĐồngĐông Nam Bộ  TP Hồ Chí Minh  Ninh Thuận  Bình Phước  Tây Ninh  Bình Dương  Đồng Nai  Bình Thuận  Bà Rịa-V.TàuĐBS Cửu Long  Long An  Đồng Tháp  An Giang  Tiền Giang  Vĩnh Long  Bến Tre  Kiên Giang  Cần Thơ  Hậu Giang  Trà Vinh  Sóc Trăng  Bạc Liêu  Cà Mau,Provincial,Cultivation,Mía,,Area_Planted,1.3056340784414252e+126,ha,Actual,PL5
b91ce5306a3dc2b4,2011,6,Miền NamD.H Nam Trg Bộ  TP Đà Nẵng  Quảng Nam  Quảng Ngãi  Bình Định  Phú Yên  Khánh HoàTây Nguyên  Kon Tum  Gia Lai  Đắc Lắc  Đắc Nông  Lâm ĐồngĐông Nam Bộ  TP Hồ Chí Minh  Ninh Thuận  Bình Phước  Tây Ninh  Bình Dương  Đồng Nai  Bình Thuận  Bà Rịa-V.TàuĐBS Cửu Long  Long An  Đồng Tháp  An Giang  Tiền Giang  Vĩnh Long  Bến Tre  Kiên Giang  Cần Thơ  Hậu Giang  Trà Vinh  Sóc Trăng  Bạc Liêu  Cà Mau,Provincial,Cultivation,Lúa,,Area_Planted,1.0314601882724183e+29,ha,Actual,PL5
b91ce5306a3dc2b4,2011,6,Miền NamD.H Nam Trg Bộ  TP Đà Nẵng  Quảng Nam  Quảng Ngãi  Bình Định  Phú Yên  Khánh HoàTây Nguyên  Kon Tum  Gia Lai  Đắc Lắc  Đắc Nông  Lâm ĐồngĐông Nam Bộ  TP Hồ Chí Minh  Ninh Thuận  Bình Phước  Tây Ninh  Bình Dương  Đồng Nai  Bình Thuận  Bà Rịa-V.TàuĐBS Cửu Long  Long An  Đồng Tháp  An Giang  Tiền Giang  Vĩnh Long  Bến Tre  Kiên Giang  Cần Thơ  Hậu Giang  Trà Vinh  Sóc Trăng  Bạc Liêu  Cà Mau,Provincial,Cultivation,Lúa,,Area_Planted,4.12337370040863e+23,ha,Actual,PL5
b91ce5306a3dc2b4,2011,6,Miền NamD.H Nam Trg Bộ  TP Đà Nẵng  Quảng Nam  Quảng Ngãi  Bình Định  Phú Yên  Khánh HoàTây Nguyên  Kon Tum  Gia Lai  Đắc Lắc  Đắc Nông  Lâm ĐồngĐông Nam Bộ  TP Hồ Chí Minh  Ninh Thuận  Bình Phước  Tây Ninh  Bình Dương  Đồng Nai  Bình Thuận  Bà Rịa-V.TàuĐBS Cửu Long  Long An  Đồng Tháp  An Giang  Tiền Giang  Vĩnh Long  Bến Tre  Kiên Giang  Cần Thơ  Hậu Giang  Trà Vinh  Sóc Trăng  Bạc Liêu  Cà Mau,Provincial,Cultivation,Lúa,,Area_Planted,7.246768621644172e+109,ha,Actual,PL5
d2e4bc3b4b90b966,2011,6,Cả nước,National,Forestry,Rừng,,Area,78277.0,1000_ha,Estimated,PL6
2dd10861669e45a8,2011,6,Cả nước,National,Forestry,Rừng,,Area,80762.0,1000_ha,Plan,PL6
d2e4bc3b4b90b966,2011,6,Cả nước,National,Forestry,Rừng,,Area,2569.0,1000_ha,Estimated,PL6
2dd10861669e45a8,2011,6,Cả nước,National,Forestry,Rừng,,Area,34802.0,1000_ha,Plan,PL6
2dd10861669e45a8,2011,6,Cả nước,National,Forestry,Rừng,,Area,21979.0,1000_ha,Plan,PL6
d2e4bc3b4b90b966,2011,6,Cả nước,National,Forestry,Rừng,,Area,2569.0,1000_ha,Estimated,PL6
2dd10861669e45a8,2011,6,Cả nước,National,Forestry,Rừng,,Area,4950.0,1000_ha,Plan,PL6
2dd10861669e45a8,2011,6,Cả nước,National,Forestry,Rừng,,Area,887.0,1000_ha,Plan,PL6
2dd10861669e45a8,2011,6,Cả nước,National,Forestry,Rừng,,Area,286.0,1000_ha,Plan,PL6
2dd10861669e45a8,2011,6,Cả nước,National,Forestry,Rừng,,Area,6700.0,1000_ha,Plan,PL6
d2e4bc3b4b90b966,2011,6,Cả nước,National,Forestry,Rừng,,Area,69054.0,1000_ha,Estimated,PL6
2dd10861669e45a8,2011,6,Cả nước,National,Forestry,Rừng,,Area,8466.0,1000_ha,Plan,PL6
d2e4bc3b4b90b966,2011,6,Cả nước,National,Forestry,Rừng,,Area,7408.0,1000_ha,Estimated,PL6
d2e4bc3b4b90b966,2011,6,Cả nước,National,Forestry,Rừng,,Area,6545.0,1000_ha,Estimated,PL6
d2e4bc3b4b90b966,2011,6,Cả nước,National,Forestry,Rừng,,Area,4983.0,1000_ha,Estimated,PL6
2dd10861669e45a8,2011,6,Cả nước,National,Forestry,Rừng,,Area,1000.0,1000_ha,Plan,PL6
d2e4bc3b4b90b966,2011,6,Cả nước,National,Forestry,Rừng,,Area,4913.0,1000_ha,Estimated,PL6
d2e4bc3b4b90b966,2011,6,Cả nước,National,Forestry,Rừng,,Area,889.0,1000_ha,Estimated,PL6
d2e4bc3b4b90b966,2011,6,Cả nước,National,Forestry,Rừng,,Area,734.0,1000_ha,Estimated,PL6
d2e4bc3b4b90b966,2011,6,Cả nước,National,Forestry,Rừng,,Area,6114.0,1000_ha,Estimated,PL6
2dd10861669e45a8,2011,6,Cả nước,National,Forestry,Rừng,,Area,2700.0,1000_ha,Plan,PL6
d2e4bc3b4b90b966,2011,6,Cả nước,National,Forestry,Rừng,,Area,7307.0,1000_ha,Estimated,PL6
2dd10861669e45a8,2011,6,Cả nước,National,Forestry,Rừng,,Area,4766.0,1000_ha,Plan,PL6
d2e4bc3b4b90b966,2011,6,Cả nước,National,Forestry,Rừng,,Area,112.0,1000_ha,Estimated,PL6
d2e4bc3b4b90b966,2011,6,Cả nước,National,Forestry,Rừng,,Area,2556.0,1000_ha,Estimated,PL6
d2e4bc3b4b90b966,2011,6,Cả nước,National,Forestry,Rừng,,Area,7400.0,1000_ha,Estimated,PL6
d2e4bc3b4b90b966,2011,6,Cả nước,National,Forestry,Rừng,,Area,3742.0,1000_ha,Estimated,PL6
d2e4bc3b4b90b966,2011,6,Cả nước,National,Forestry,Rừng,,Area,15816.0,1000_ha,Estimated,PL6
d2e4bc3b4b90b966,2011,6,Cả nước,National,Forestry,Rừng,,Area,535.0,1000_ha,Estimated,PL6
d2e4bc3b4b90b966,2011,6,Cả nước,National,Forestry,Rừng,,Area,1563.0,1000_ha,Estimated,PL6
2dd10861669e45a8,2011,6,Cả nước,National,Forestry,Rừng,,Area,23242.0,1000_ha,Plan,PL6
d2e4bc3b4b90b966,2011,6,Cả nước,National,Forestry,Rừng,,Area,36.0,1000_ha,Estimated,PL6
2dd10861669e45a8,2011,6,Cả nước,National,Forestry,Rừng,,Area,686.0,1000_ha,Plan,PL6
2dd10861669e45a8,2011,6,Cả nước,National,Forestry,Rừng,,Area,3550.0,1000_ha,Plan,PL6
d2e4bc3b4b90b966,2011,6,Cả nước,National,Forestry,Rừng,,Area,207.0,1000_ha,Estimated,PL6
d2e4bc3b4b90b966,2011,6,Cả nước,National,Forestry,Rừng,,Area,1018.0,1000_ha,Estimated,PL6
2dd10861669e45a8,2011,6,Cả nước,National,Forestry,Rừng,,Area,15256.0,1000_ha,Plan,PL6
2dd10861669e45a8,2011,6,Cả nước,National,Forestry,Rừng,,Area,3750.0,1000_ha,Plan,PL6
d2e4bc3b4b90b966,2011,6,Cả nước,National,Forestry,Rừng,,Area,302.0,1000_ha,Estimated,PL6
a7751093830ef3a7,2011,1,Cả nước,National,Trade,I,Xuất khẩu,Export_Volume,203.0,1000_ton,Actual,PL8
639f3f427c92236f,2011,1,Cả nước,National,Trade,I,Xuất khẩu,Export_Value,5756.0,million_USD,Actual,PL8
2021edcb8c6443a0,2011,1,Cả nước,National,Trade,3,Xuất khẩu,Export_Volume,3.0,1000_ton,Actual,PL8
c3e5e046a7542b6e,2011,1,Cả nước,National,Trade,4,Xuất khẩu,Export_Volume,200.0,1000_ton,Actual,PL8
917a279348ce102e,2011,1,Cả nước,National,Trade,4,Xuất khẩu,Export_Value,5728.0,million_USD,Actual,PL8
24b1269e1f6c88e1,2011,1,Cả nước,National,Trade,II,Xuất khẩu,Export_Volume,1654.0,1000_ton,Actual,PL8
9e272c5e56166d62,2011,1,Cả nước,National,Trade,II,Xuất khẩu,Export_Value,32204.0,million_USD,Actual,PL8
f64e91bfcf5b6a3a,2011,1,Cả nước,National,Trade,11,Xuất khẩu,Export_Value,1100.0,million_USD,Actual,PL8
3569e5c972415bbd,2011,1,Cả nước,National,Trade,12,Xuất khẩu,Export_Volume,4.0,1000_ton,Actual,PL8
5938aa8d764baed8,2011,1,Cả nước,National,Trade,12,Xuất khẩu,Export_Value,24.0,million_USD,Actual,PL8
1cdd785c805abe39,2011,1,Cả nước,National,Trade,13,Xuất khẩu,Export_Volume,107.0,1000_ton,Actual,PL8
761213f45e053237,2011,1,Cả nước,National,Trade,13,Xuất khẩu,Export_Value,7853.0,million_USD,Actual,PL8
d9e11d820a1b61e1,2011,1,Cả nước,National,Trade,14,Xuất khẩu,Export_Volume,431.0,1000_ton,Actual,PL8
bcfd7508f74d4055,2011,1,Cả nước,National,Trade,14,Xuất khẩu,Export_Value,2161.0,million_USD,Actual,PL8
fd64e4d3b4ab0ed3,2011,1,Cả nước,National,Trade,15,Xuất khẩu,Export_Volume,174.0,1000_ton,Actual,PL8
dd2af0af8917bf84,2011,1,Cả nước,National,Trade,15,Xuất khẩu,Export_Value,1635.0,million_USD,Actual,PL8
be7adfffb6cb5694,2011,1,Cả nước,National,Trade,16,Xuất khẩu,Export_Value,6785.0,million_USD,Actual,PL8
a80eedbce8d09672,2011,1,Cả nước,National,Trade,17,Xuất khẩu,Export_Value,3643.0,million_USD,Actual,PL8
3d7ce1e8f058b206,2011,1,Cả nước,National,Trade,18,Xuất khẩu,Export_Value,451.0,million_USD,Actual,PL8
3fbad90c8f778184,2011,1,Cả nước,National,Trade,19,Xuất khẩu,Export_Volume,11.0,1000_ton,Actual,PL8
18c8e7cfd8bb29db,2011,1,Cả nước,National,Trade,19,Xuất khẩu,Export_Value,2309.0,million_USD,Actual,PL8
84abff0a208f4a65,2011,1,Cả nước,National,Trade,20,Xuất khẩu,Export_Value,720.0,million_USD,Actual,PL8
98da9caa0ccf3fab,2011,1,Cả nước,National,Trade,21,Xuất khẩu,Export_Volume,300.0,1000_ton,Actual,PL8
bf17aed0c02295e4,2011,1,Cả nước,National,Trade,21,Xuất khẩu,Export_Value,360.0,million_USD,Actual,PL8
80bdbf66fdf3da1d,2011,1,Cả nước,National,Trade,23,Xuất khẩu,Export_Volume,2150.0,1000_ton,Actual,PL8
95ffcb97de2a99bb,2011,1,Cả nước,National,Trade,23,Xuất khẩu,Export_Value,1643.0,million_USD,Actual,PL8
49452949eebb294f,2011,1,Cả nước,National,Trade,24,Xuất khẩu,Export_Volume,412.0,1000_ton,Actual,PL8
9f4007323ca7668c,2011,1,Cả nước,National,Trade,24,Xuất khẩu,Export_Value,3520.0,million_USD,Actual,PL8
e0c33ac5d4a52500,2011,1,Cả nước,National,Trade,III,Xuất khẩu,Export_Volume,285.0,1000_ton,Actual,PL8
bdfcf0a05668c328,2011,1,Cả nước,National,Trade,III,Xuất khẩu,Export_Value,6126.0,million_USD,Actual,PL8
55c0cb1a9a95130c,2011,1,Cả nước,National,Trade,25,Xuất khẩu,Export_Volume,20.0,1000_ton,Actual,PL8
37314f74f5e1b6ab,2011,1,Cả nước,National,Trade,25,Xuất khẩu,Export_Value,3284.0,million_USD,Actual,PL8
aab5fb640d1a02a9,2011,1,Cả nước,National,Trade,26,Xuất khẩu,Export_Volume,265.0,1000_ton,Actual,PL8
79f39359754aec89,2011,1,Cả nước,National,Trade,26,Xuất khẩu,Export_Value,2842.0,million_USD,Actual,PL8
5513fc2cf001a111,2011,6,Cả nước,National,Investment,A,,Investment_Amount,1.0,million_VND,Plan,PL9
8c1bcbf7de64951a,2011,6,Cả nước,National,Investment,A,,Investment_Amount,4.0,million_VND,Cumulative,PL9
3dc832bb604430e4,2011,6,Cả nước,National,Investment,Tổng sản lượng,,Investment_Amount,5056.0,million_VND,Plan,PL9
7a19a87565c252a6,2011,6,Cả nước,National,Investment,Tổng sản lượng,,Investment_Amount,522.0,million_VND,Cumulative,PL9
fea30e390afcdbef,2011,6,Cả nước,National,Investment,Sản lượng khai thác,,Investment_Amount,210.0,million_VND,Plan,PL9
1291d6953c99f97a,2011,6,Cả nước,National,Investment,Sản lượng khai thác,,Investment_Amount,222.0,million_VND,Cumulative,PL9
ba98816a73cd4738,2011,6,Cả nước,National,Investment,Khai thác biển,,Investment_Amount,200.0,million_VND,Plan,PL9
74688f5434362232,2011,6,Cả nước,National,Investment,Khai thác biển,,Investment_Amount,211.0,million_VND,Cumulative,PL9
f4565e496e741f4a,2011,6,Cả nước,National,Investment,Khai thác nội địa,,Investment_Amount,10.0,million_VND,Plan,PL9
6617906808a4fee0,2011,6,Cả nước,National,Investment,Khai thác nội địa,,Investment_Amount,11.0,million_VND,Cumulative,PL9
f729636f996f450d,2011,6,Cả nước,National,Investment,Sản lượng nuôi trồng,,Investment_Amount,2956.0,million_VND,Plan,PL9
4036f074ef341b92,2011,6,Cả nước,National,Investment,Sản lượng nuôi trồng,,Investment_Amount,300.0,million_VND,Cumulative,PL9
a6f51cceb3b9217a,2010,7,1. Thu hoạch lúa hè thu miền Nam,Provincial,Cultivation,Unknown,,Area_Planted,7138.0,1000_ha,Actual,PL1
40b512ab818a79d6,2011,7,1. Thu hoạch lúa hè thu miền Nam,Provincial,Cultivation,Unknown,,Area_Planted,373.0,1000_ha,Actual,PL1
692e564c874f2a9a,2010,7,2. Gieo cấy lúa mùa cả nước,Provincial,Cultivation,Unknown,,Area_Planted,12517.0,1000_ha,Actual,PL1
3c3fcd773965a95e,2010,7,- Miền Nam (*),Provincial,Cultivation,Unknown,,Area_Planted,4191.0,1000_ha,Actual,PL1
908232dc504bd9e3,2010,7,3.1 Gieo trồng màu lương thực,Provincial,Cultivation,Màu lương thực,,Area_Planted,15111.0,1000_ha,Actual,PL1
a63380afacfd1fed,2010,7,- Khoai lang,Provincial,Cultivation,Khoai lang,,Area_Planted,1222.0,1000_ha,Actual,PL1
8936d679bd441460,2010,7,- Sắn,Provincial,Cultivation,Sắn,,Area_Planted,4548.0,1000_ha,Actual,PL1
4c6abb43ac397592,2010,7,3.2 Gieo trồng cây công nghiệp ngắn ngày,Provincial,Cultivation,Cây công nghiệp ngắn ngày,,Area_Planted,5950.0,1000_ha,Actual,PL1
880902e59baffad1,2010,7,- Đậu tương,Provincial,Cultivation,Đậu tương,,Area_Planted,1425.0,1000_ha,Actual,PL1
f62b343d8304cb43,2010,7,- Thuốc lá,Provincial,Cultivation,Unknown,,Area_Planted,195.0,1000_ha,Actual,PL1
1194202a31194521,2010,7,- Mía,Provincial,Cultivation,Unknown,,Area_Planted,1822.0,1000_ha,Actual,PL1
2697f483af674f34,2010,7,"3.3 Gieo trồng rau, đậu các loại",Provincial,Cultivation,Rau đậu,,Area_Planted,6610.0,1000_ha,Actual,PL1
c011142ce29df46d,2011,12,Cả nước,National,Trade,Hà Nội,Xuất khẩu,Export_Volume,30.0,1000_ton,Estimated,PL10
e0b16a115150bd23,2011,12,Cả nước,National,Trade,Hà Nội,Xuất khẩu,Export_Value,188.0,million_USD,Estimated,PL10
21f3dc40c1fd6ef4,2011,12,Cả nước,National,Trade,Tổng số,Xuất khẩu,Export_Volume,30.0,1000_ton,Estimated,PL10
c3c86aa66e60bdb4,2011,12,Cả nước,National,Trade,Tổng số,Xuất khẩu,Export_Value,188.0,million_USD,Estimated,PL10
072316a4d8ac1a6a,2011,7,Cả nước,National,Investment,Cà phê,,Investment_Amount,658717.0,million_VND,Plan,PL13
38f03cd9c51be763,2011,7,Cả nước,National,Investment,Cà phê,,Investment_Amount,1898958.0,million_VND,Cumulative,PL13
3079f3437630f5a0,2011,7,Cả nước,National,Investment,HOA KỲ,,Investment_Amount,75775.0,million_VND,Plan,PL13
c2baa4bb7cb17921,2011,7,Cả nước,National,Investment,HOA KỲ,,Investment_Amount,210444.0,million_VND,Cumulative,PL13
5c5af41c826bd875,2011,7,Cả nước,National,Investment,ĐỨC,,Investment_Amount,88447.0,million_VND,Plan,PL13
831dc87fba5d3600,2011,7,Cả nước,National,Investment,ĐỨC,,Investment_Amount,188916.0,million_VND,Cumulative,PL13
2980f89357814c7d,2011,7,Cả nước,National,Investment,BỈ,,Investment_Amount,28077.0,million_VND,Plan,PL13
326fa272add87b6c,2011,7,Cả nước,National,Investment,BỈ,,Investment_Amount,184148.0,million_VND,Cumulative,PL13
651c2a3a4379a16f,2011,7,Cả nước,National,Investment,ITALIA,,Investment_Amount,42091.0,million_VND,Plan,PL13
39d0b973250bcb74,2011,7,Cả nước,National,Investment,ITALIA,,Investment_Amount,131709.0,million_VND,Cumulative,PL13
2a3bdc7cf3400c75,2011,7,Cả nước,National,Investment,TÂY BAN NHA,,Investment_Amount,46265.0,million_VND,Plan,PL13
487d238b29409a4e,2011,7,Cả nước,National,Investment,TÂY BAN NHA,,Investment_Amount,101328.0,million_VND,Cumulative,PL13
41613d8777eea14d,2011,7,Cả nước,National,Investment,NHẬT BẢN,,Investment_Amount,32543.0,million_VND,Plan,PL13
4106dc13fe8dfec9,2011,7,Cả nước,National,Investment,NHẬT BẢN,,Investment_Amount,71124.0,million_VND,Cumulative,PL13
9ee44a20054e1b16,2011,7,Cả nước,National,Investment,HÀ LAN,,Investment_Amount,12078.0,million_VND,Plan,PL13
918a3468ad31fd4f,2011,7,Cả nước,National,Investment,HÀ LAN,,Investment_Amount,51442.0,million_VND,Cumulative,PL13
2001f367b231daf2,2011,7,Cả nước,National,Investment,ANH,,Investment_Amount,18437.0,million_VND,Plan,PL13
3dce7c21e6879753,2011,7,Cả nước,National,Investment,ANH,,Investment_Amount,48690.0,million_VND,Cumulative,PL13
36f95aa179c37166,2011,7,Cả nước,National,Investment,TRUNG QUỐC,,Investment_Amount,12335.0,million_VND,Plan,PL13
07d639f5209b97a5,2011,7,Cả nước,National,Investment,TRUNG QUỐC,,Investment_Amount,38924.0,million_VND,Cumulative,PL13
3d92ce505c217bbc,2011,7,Cả nước,National,Investment,HÀN QUỐC,,Investment_Amount,13897.0,million_VND,Plan,PL13
fa453aa4ad593365,2011,7,Cả nước,National,Investment,HÀN QUỐC,,Investment_Amount,36215.0,million_VND,Cumulative,PL13
7fd000e32c6382ab,2011,7,Cả nước,National,Investment,Cao su,,Investment_Amount,239190.0,million_VND,Plan,PL13
79d54d3f02c4ea27,2011,7,Cả nước,National,Investment,Cao su,,Investment_Amount,1261596.0,million_VND,Cumulative,PL13
36f95aa179c37166,2011,7,Cả nước,National,Investment,TRUNG QUỐC,,Investment_Amount,140096.0,million_VND,Plan,PL13
07d639f5209b97a5,2011,7,Cả nước,National,Investment,TRUNG QUỐC,,Investment_Amount,736086.0,million_VND,Cumulative,PL13
3bc2ea329a09a19e,2011,7,Cả nước,National,Investment,MALAIXIA,,Investment_Amount,11603.0,million_VND,Plan,PL13
accd8955f217eddb,2011,7,Cả nước,National,Investment,MALAIXIA,,Investment_Amount,95676.0,million_VND,Cumulative,PL13
3d92ce505c217bbc,2011,7,Cả nước,National,Investment,HÀN QUỐC,,Investment_Amount,13349.0,million_VND,Plan,PL13
fa453aa4ad593365,2011,7,Cả nước,National,Investment,HÀN QUỐC,,Investment_Amount,61390.0,million_VND,Cumulative,PL13
fd13b0d35a4c4f5a,2011,7,Cả nước,National,Investment,ĐÀI LOAN,,Investment_Amount,11371.0,million_VND,Plan,PL13
38220f0060cb3ec0,2011,7,Cả nước,National,Investment,ĐÀI LOAN,,Investment_Amount,56472.0,million_VND,Cumulative,PL13
5c5af41c826bd875,2011,7,Cả nước,National,Investment,ĐỨC,,Investment_Amount,9586.0,million_VND,Plan,PL13
831dc87fba5d3600,2011,7,Cả nước,National,Investment,ĐỨC,,Investment_Amount,53925.0,million_VND,Cumulative,PL13
3079f3437630f5a0,2011,7,Cả nước,National,Investment,HOA KỲ,,Investment_Amount,7088.0,million_VND,Plan,PL13
c2baa4bb7cb17921,2011,7,Cả nước,National,Investment,HOA KỲ,,Investment_Amount,35712.0,million_VND,Cumulative,PL13
4e03f985647712b9,2011,7,Cả nước,National,Investment,NGA,,Investment_Amount,8153.0,million_VND,Plan,PL13
df557cf542539b23,2011,7,Cả nước,National,Investment,NGA,,Investment_Amount,27314.0,million_VND,Cumulative,PL13
3db7d935860e5485,2011,7,Cả nước,National,Investment,THỔ NHĨ KỲ,,Investment_Amount,4447.0,million_VND,Plan,PL13
236e47bb6086fb4a,2011,7,Cả nước,National,Investment,THỔ NHĨ KỲ,,Investment_Amount,24987.0,million_VND,Cumulative,PL13
41613d8777eea14d,2011,7,Cả nước,National,Investment,NHẬT BẢN,,Investment_Amount,4340.0,million_VND,Plan,PL13
4106dc13fe8dfec9,2011,7,Cả nước,National,Investment,NHẬT BẢN,,Investment_Amount,23534.0,million_VND,Cumulative,PL13
2a3bdc7cf3400c75,2011,7,Cả nước,National,Investment,TÂY BAN NHA,,Investment_Amount,2548.0,million_VND,Plan,PL13
487d238b29409a4e,2011,7,Cả nước,National,Investment,TÂY BAN NHA,,Investment_Amount,16786.0,million_VND,Cumulative,PL13
ece53485770b7d8a,2011,7,Cả nước,National,Investment,Chè,,Investment_Amount,55031.0,million_VND,Plan,PL13
5979fb54cc69dd63,2011,7,Cả nước,National,Investment,Chè,,Investment_Amount,78400.0,million_VND,Cumulative,PL13
b6f1d2574cb3b4a9,2011,7,Cả nước,National,Investment,PAKIXTAN,,Investment_Amount,7588.0,million_VND,Plan,PL13
16018127386d3b70,2011,7,Cả nước,National,Investment,PAKIXTAN,,Investment_Amount,12695.0,million_VND,Cumulative,PL13
fd13b0d35a4c4f5a,2011,7,Cả nước,National,Investment,ĐÀI LOAN,,Investment_Amount,9268.0,million_VND,Plan,PL13
38220f0060cb3ec0,2011,7,Cả nước,National,Investment,ĐÀI LOAN,,Investment_Amount,11377.0,million_VND,Cumulative,PL13
4e03f985647712b9,2011,7,Cả nước,National,Investment,NGA,,Investment_Amount,9139.0,million_VND,Plan,PL13
df557cf542539b23,2011,7,Cả nước,National,Investment,NGA,,Investment_Amount,10554.0,million_VND,Cumulative,PL13
36f95aa179c37166,2011,7,Cả nước,National,Investment,TRUNG QUỐC,,Investment_Amount,4549.0,million_VND,Plan,PL13
07d639f5209b97a5,2011,7,Cả nước,National,Investment,TRUNG QUỐC,,Investment_Amount,6558.0,million_VND,Cumulative,PL13
917845d2d6b60a51,2011,7,Cả nước,National,Investment,IN ĐÔ NÊ XI A,,Investment_Amount,2415.0,million_VND,Plan,PL13
0cc672606f30dcd5,2011,7,Cả nước,National,Investment,IN ĐÔ NÊ XI A,,Investment_Amount,3770.0,million_VND,Cumulative,PL13
3079f3437630f5a0,2011,7,Cả nước,National,Investment,HOA KỲ,,Investment_Amount,2545.0,million_VND,Plan,PL13
c2baa4bb7cb17921,2011,7,Cả nước,National,Investment,HOA KỲ,,Investment_Amount,1975.0,million_VND,Cumulative,PL13
5c5af41c826bd875,2011,7,Cả nước,National,Investment,ĐỨC,,Investment_Amount,1635.0,million_VND,Plan,PL13
831dc87fba5d3600,2011,7,Cả nước,National,Investment,ĐỨC,,Investment_Amount,1860.0,million_VND,Cumulative,PL13
8dff44ae927e3f1e,2011,7,Cả nước,National,Investment,BA LAN,,Investment_Amount,1311.0,million_VND,Plan,PL13
34df7164c6109771,2011,7,Cả nước,National,Investment,BA LAN,,Investment_Amount,1224.0,million_VND,Cumulative,PL13
54385b538e07d9a0,2011,7,Cả nước,National,Investment,ARẬP XÊÚT,,Investment_Amount,855.0,million_VND,Cumulative,PL13
0fffe67dbdda132b,2011,7,Cả nước,National,Investment,TVQ ARẬP THỐNG NHẤT,,Investment_Amount,1462.0,million_VND,Plan,PL13
b46237dd20662bc1,2011,7,Cả nước,National,Investment,TVQ ARẬP THỐNG NHẤT,,Investment_Amount,761.0,million_VND,Cumulative,PL13
a75f15d2fd12e597,2011,7,Cả nước,National,Investment,Gạo,,Investment_Amount,3457364.0,million_VND,Plan,PL13
0bc59510ae18725f,2011,7,Cả nước,National,Investment,Gạo,,Investment_Amount,1978621.0,million_VND,Cumulative,PL13
917845d2d6b60a51,2011,7,Cả nước,National,Investment,IN ĐÔ NÊ XI A,,Investment_Amount,16545.0,million_VND,Plan,PL13
0cc672606f30dcd5,2011,7,Cả nước,National,Investment,IN ĐÔ NÊ XI A,,Investment_Amount,354428.0,million_VND,Cumulative,PL13
ee2e359996cb4d2f,2011,7,Cả nước,National,Investment,PHI LIP PIN,,Investment_Amount,1278759.0,million_VND,Plan,PL13
168694b13af68436,2011,7,Cả nước,National,Investment,PHI LIP PIN,,Investment_Amount,306977.0,million_VND,Cumulative,PL13
3bc2ea329a09a19e,2011,7,Cả nước,National,Investment,MALAIXIA,,Investment_Amount,181181.0,million_VND,Plan,PL13
accd8955f217eddb,2011,7,Cả nước,National,Investment,MALAIXIA,,Investment_Amount,162819.0,million_VND,Cumulative,PL13
2ae95e94e43ad32f,2011,7,Cả nước,National,Investment,CUBA,,Investment_Amount,148400.0,million_VND,Plan,PL13
12ef69811b79a1b8,2011,7,Cả nước,National,Investment,CUBA,,Investment_Amount,157633.0,million_VND,Cumulative,PL13
42515f04f9344476,2011,7,Cả nước,National,Investment,XÊ NÊ GAN,,Investment_Amount,133039.0,million_VND,Cumulative,PL13
9e6e7c9a54746417,2011,7,Cả nước,National,Investment,BĂNG LA ĐÉT,,Investment_Amount,126495.0,million_VND,Cumulative,PL13
07d639f5209b97a5,2011,7,Cả nước,National,Investment,TRUNG QUỐC,,Investment_Amount,108590.0,million_VND,Cumulative,PL13
4353d41bc2e304d6,2011,7,Cả nước,National,Investment,XINH GA PO,,Investment_Amount,339046.0,million_VND,Plan,PL13
f6a2bea3be49e9a1,2011,7,Cả nước,National,Investment,XINH GA PO,,Investment_Amount,104823.0,million_VND,Cumulative,PL13
3cbd0e0a998c9209,2011,7,Cả nước,National,Investment,BỜ BIỂN NGÀ,,Investment_Amount,55017.0,million_VND,Cumulative,PL13
d8d5f45699ac0f2e,2011,7,Cả nước,National,Investment,HỒNG CÔNG,,Investment_Amount,71077.0,million_VND,Plan,PL13
1f1b0f91fe8e5bff,2011,7,Cả nước,National,Investment,HỒNG CÔNG,,Investment_Amount,46835.0,million_VND,Cumulative,PL13
ca031ce991a5e42c,2011,7,Cả nước,National,Investment,Gỗ & sản phẩm gỗ,,Investment_Amount,1784683.0,million_VND,Cumulative,PL13
c2baa4bb7cb17921,2011,7,Cả nước,National,Investment,HOA KỲ,,Investment_Amount,627172.0,million_VND,Cumulative,PL13
07d639f5209b97a5,2011,7,Cả nước,National,Investment,TRUNG QUỐC,,Investment_Amount,288481.0,million_VND,Cumulative,PL13
4106dc13fe8dfec9,2011,7,Cả nước,National,Investment,NHẬT BẢN,,Investment_Amount,255056.0,million_VND,Cumulative,PL13
fa453aa4ad593365,2011,7,Cả nước,National,Investment,HÀN QUỐC,,Investment_Amount,87956.0,million_VND,Cumulative,PL13
3dce7c21e6879753,2011,7,Cả nước,National,Investment,ANH,,Investment_Amount,86029.0,million_VND,Cumulative,PL13
831dc87fba5d3600,2011,7,Cả nước,National,Investment,ĐỨC,,Investment_Amount,58499.0,million_VND,Cumulative,PL13
71febbfa9f1ae8b5,2011,7,Miền Bắc,Provincial,Cultivation,Lúa,,Area_Planted,832602.0,ha,Actual,PL2
71febbfa9f1ae8b5,2011,7,Miền Bắc,Provincial,Cultivation,Lúa,,Area_Planted,150545.0,ha,Actual,PL2
71febbfa9f1ae8b5,2011,7,Miền Bắc,Provincial,Cultivation,Lúa,,Area_Planted,884073.0,ha,Actual,PL2
21a7af3d04469ed6,2011,7,Miền Bắc,Provincial,Cultivation,Ngô,,Area_Planted,608708.0,ha,Actual,PL2
1b3f42960a3d13be,2011,7,Miền Bắc,Provincial,Cultivation,Khoai lang,,Area_Planted,93669.0,ha,Actual,PL2
57e077eae3270700,2011,7,Miền Bắc,Provincial,Cultivation,Sắn,,Area_Planted,159486.0,ha,Actual,PL2
71febbfa9f1ae8b5,2011,7,Miền Bắc,Provincial,Cultivation,Lúa,,Area_Planted,22211.0,ha,Actual,PL2
2367336b58e67211,2011,7,ĐB sông Hồng,Provincial,Cultivation,Lúa,,Area_Planted,437127.0,ha,Actual,PL2
2367336b58e67211,2011,7,ĐB sông Hồng,Provincial,Cultivation,Lúa,,Area_Planted,0.0,ha,Actual,PL2
2367336b58e67211,2011,7,ĐB sông Hồng,Provincial,Cultivation,Lúa,,Area_Planted,120085.0,ha,Actual,PL2
e139f74c80f9aebb,2011,7,ĐB sông Hồng,Provincial,Cultivation,Ngô,,Area_Planted,89678.0,ha,Actual,PL2
8ae085fa719cb3b4,2011,7,ĐB sông Hồng,Provincial,Cultivation,Khoai lang,,Area_Planted,22809.0,ha,Actual,PL2
825aacdeb5f6dcf7,2011,7,ĐB sông Hồng,Provincial,Cultivation,Sắn,,Area_Planted,4663.0,ha,Actual,PL2
2367336b58e67211,2011,7,ĐB sông Hồng,Provincial,Cultivation,Lúa,,Area_Planted,2936.0,ha,Actual,PL2
a294d54c4b80bbdc,2011,7,Hà Nội,Provincial,Cultivation,Lúa,,Area_Planted,905060.0,ha,Actual,PL2
a294d54c4b80bbdc,2011,7,Hà Nội,Provincial,Cultivation,Lúa,,Area_Planted,29179.0,ha,Actual,PL2
f1ff279b7767cc8e,2011,7,Hà Nội,Provincial,Cultivation,Ngô,,Area_Planted,23164.0,ha,Actual,PL2
b4e49d80c9e96f70,2011,7,Hà Nội,Provincial,Cultivation,Khoai lang,,Area_Planted,4868.0,ha,Actual,PL2
cdc8785677390ebc,2011,7,Hà Nội,Provincial,Cultivation,Sắn,,Area_Planted,690.0,ha,Actual,PL2
a294d54c4b80bbdc,2011,7,Hà Nội,Provincial,Cultivation,Lúa,,Area_Planted,457.0,ha,Actual,PL2
815c6f9d7720820e,2011,7,Hải Phòng,Provincial,Cultivation,Lúa,,Area_Planted,156620.0,ha,Actual,PL2
815c6f9d7720820e,2011,7,Hải Phòng,Provincial,Cultivation,Lúa,,Area_Planted,4873.0,ha,Actual,PL2
285a839f9406ad7a,2011,7,Hải Phòng,Provincial,Cultivation,Ngô,,Area_Planted,2247.0,ha,Actual,PL2
b70abae269dad533,2011,7,Hải Phòng,Provincial,Cultivation,Khoai lang,,Area_Planted,1112.0,ha,Actual,PL2
815c6f9d7720820e,2011,7,Hải Phòng,Provincial,Cultivation,Lúa,,Area_Planted,1514.0,ha,Actual,PL2
3e1b42f746101d16,2011,7,Vĩnh Phúc,Provincial,Cultivation,Lúa,,Area_Planted,303170.0,ha,Actual,PL2
3e1b42f746101d16,2011,7,Vĩnh Phúc,Provincial,Cultivation,Lúa,,Area_Planted,20697.0,ha,Actual,PL2
80ee403e25c8d136,2011,7,Vĩnh Phúc,Provincial,Cultivation,Ngô,,Area_Planted,16029.0,ha,Actual,PL2
98aa000f626790dc,2011,7,Vĩnh Phúc,Provincial,Cultivation,Khoai lang,,Area_Planted,2518.0,ha,Actual,PL2
9e9f775fea59a10e,2011,7,Vĩnh Phúc,Provincial,Cultivation,Sắn,,Area_Planted,1949.0,ha,Actual,PL2
3e1b42f746101d16,2011,7,Vĩnh Phúc,Provincial,Cultivation,Lúa,,Area_Planted,200.0,ha,Actual,PL2
1d615bc060d73504,2011,7,Bắc Ninh,Provincial,Cultivation,Lúa,,Area_Planted,370000.0,ha,Actual,PL2
1d615bc060d73504,2011,7,Bắc Ninh,Provincial,Cultivation,Lúa,,Area_Planted,4937.0,ha,Actual,PL2
92a314e20d425c43,2011,7,Bắc Ninh,Provincial,Cultivation,Ngô,,Area_Planted,4132.0,ha,Actual,PL2
dc23f510a24db507,2011,7,Bắc Ninh,Provincial,Cultivation,Khoai lang,,Area_Planted,805.0,ha,Actual,PL2
eb4fc1929a15d44c,2011,7,Hải Dương,Provincial,Cultivation,Lúa,,Area_Planted,229000.0,ha,Actual,PL2
eb4fc1929a15d44c,2011,7,Hải Dương,Provincial,Cultivation,Lúa,,Area_Planted,3912.0,ha,Actual,PL2
a5c1206e3f37caf8,2011,7,Hải Dương,Provincial,Cultivation,Ngô,,Area_Planted,2850.0,ha,Actual,PL2
13237145f4ea187f,2011,7,Hải Dương,Provincial,Cultivation,Khoai lang,,Area_Planted,1062.0,ha,Actual,PL2
fe1a7e347cdd5f9c,2011,7,Hưng Yên,Provincial,Cultivation,Lúa,,Area_Planted,208200.0,ha,Actual,PL2
fe1a7e347cdd5f9c,2011,7,Hưng Yên,Provincial,Cultivation,Lúa,,Area_Planted,8624.0,ha,Actual,PL2
bb2c353da1a21e46,2011,7,Hưng Yên,Provincial,Cultivation,Ngô,,Area_Planted,7624.0,ha,Actual,PL2
3ce344a2f2cf22b7,2011,7,Hưng Yên,Provincial,Cultivation,Khoai lang,,Area_Planted,1000.0,ha,Actual,PL2
6ea1365c160e27f3,2011,7,Hà Nam,Provincial,Cultivation,Lúa,,Area_Planted,333090.0,ha,Actual,PL2
6ea1365c160e27f3,2011,7,Hà Nam,Provincial,Cultivation,Lúa,,Area_Planted,9210.0,ha,Actual,PL2
cb37bd246ed0770b,2011,7,Hà Nam,Provincial,Cultivation,Ngô,,Area_Planted,88144265.0,ha,Actual,PL2
8207549eb337a74a,2011,7,Hà Nam,Provincial,Cultivation,Khoai lang,,Area_Planted,396.0,ha,Actual,PL2
5f73ff9fef6c8811,2011,7,Nam Định,Provincial,Cultivation,Lúa,,Area_Planted,806350.0,ha,Actual,PL2
5f73ff9fef6c8811,2011,7,Nam Định,Provincial,Cultivation,Lúa,,Area_Planted,5917.0,ha,Actual,PL2
32a11ad22b150c67,2011,7,Nam Định,Provincial,Cultivation,Ngô,,Area_Planted,5917.0,ha,Actual,PL2
f36617539216534a,2011,7,Nam Định,Provincial,Cultivation,Khoai lang,,Area_Planted,1652.0,ha,Actual,PL2
a8f2e932cbcb583b,2011,7,Thái Bình,Provincial,Cultivation,Lúa,,Area_Planted,698000.0,ha,Actual,PL2
a8f2e932cbcb583b,2011,7,Thái Bình,Provincial,Cultivation,Lúa,,Area_Planted,12360.0,ha,Actual,PL2
e2d3576b8c99754c,2011,7,Thái Bình,Provincial,Cultivation,Ngô,,Area_Planted,9380.0,ha,Actual,PL2
5b1f58364b87adc1,2011,7,Thái Bình,Provincial,Cultivation,Khoai lang,,Area_Planted,2980.0,ha,Actual,PL2
e3e87da6854ee9b1,2011,7,Ninh Bình,Provincial,Cultivation,Lúa,,Area_Planted,241630.0,ha,Actual,PL2
e3e87da6854ee9b1,2011,7,Ninh Bình,Provincial,Cultivation,Lúa,,Area_Planted,9719.0,ha,Actual,PL2
7182338797ffb8e1,2011,7,Ninh Bình,Provincial,Cultivation,Ngô,,Area_Planted,5925.0,ha,Actual,PL2
f88e413b7204591b,2011,7,Ninh Bình,Provincial,Cultivation,Khoai lang,,Area_Planted,2865.0,ha,Actual,PL2
003e34383fd429d9,2011,7,Ninh Bình,Provincial,Cultivation,Sắn,,Area_Planted,929.0,ha,Actual,PL2
029a3cde72d9b78d,2011,7,Quảng Ninh,Provincial,Cultivation,Lúa,,Area_Planted,120150.0,ha,Actual,PL2
029a3cde72d9b78d,2011,7,Quảng Ninh,Provincial,Cultivation,Lúa,,Area_Planted,10658.0,ha,Actual,PL2
22c37cd2c7b6d9f1,2011,7,Quảng Ninh,Provincial,Cultivation,Ngô,,Area_Planted,5248.0,ha,Actual,PL2
f9ea768ad9110993,2011,7,Quảng Ninh,Provincial,Cultivation,Khoai lang,,Area_Planted,3550.0,ha,Actual,PL2
1817b7aff30d8ee3,2011,7,Quảng Ninh,Provincial,Cultivation,Sắn,,Area_Planted,1095.0,ha,Actual,PL2
029a3cde72d9b78d,2011,7,Quảng Ninh,Provincial,Cultivation,Lúa,,Area_Planted,765.0,ha,Actual,PL2
73b8372d7d9037b9,2011,7,TD và MN,Provincial,Cultivation,Lúa,,Area_Planted,231554.0,ha,Actual,PL2
73b8372d7d9037b9,2011,7,TD và MN,Provincial,Cultivation,Lúa,,Area_Planted,0.0,ha,Actual,PL2
73b8372d7d9037b9,2011,7,TD và MN,Provincial,Cultivation,Lúa,,Area_Planted,520800.0,ha,Actual,PL2
bc56432f3a7e4679,2011,7,TD và MN,Provincial,Cultivation,Ngô,,Area_Planted,394349.0,ha,Actual,PL2
b9a6c5ce71b180eb,2011,7,TD và MN,Provincial,Cultivation,Khoai lang,,Area_Planted,26533.0,ha,Actual,PL2
ef3c9c3828390e2d,2011,7,TD và MN,Provincial,Cultivation,Sắn,,Area_Planted,92594.0,ha,Actual,PL2
73b8372d7d9037b9,2011,7,TD và MN,Provincial,Cultivation,Lúa,,Area_Planted,7324.0,ha,Actual,PL2
c4e7e503dc1fd107,2011,7,Cao Bằng,Provincial,Cultivation,Lúa,,Area_Planted,111714.0,ha,Actual,PL2
c4e7e503dc1fd107,2011,7,Cao Bằng,Provincial,Cultivation,Lúa,,Area_Planted,34706.0,ha,Actual,PL2
a93130b20499a9be,2011,7,Cao Bằng,Provincial,Cultivation,Ngô,,Area_Planted,34634.0,ha,Actual,PL2
c8028693571d7f23,2011,7,Cao Bằng,Provincial,Cultivation,Khoai lang,,Area_Planted,72.0,ha,Actual,PL2
9499eb7280008a2e,2011,7,Lào Cai,Provincial,Cultivation,Lúa,,Area_Planted,107480.0,ha,Actual,PL2
9499eb7280008a2e,2011,7,Lào Cai,Provincial,Cultivation,Lúa,,Area_Planted,27829.0,ha,Actual,PL2
f72444280da1bd5d,2011,7,Lào Cai,Provincial,Cultivation,Ngô,,Area_Planted,22239.0,ha,Actual,PL2
a7df7deef2386735,2011,7,Lào Cai,Provincial,Cultivation,Khoai lang,,Area_Planted,307.0,ha,Actual,PL2
efa9c74a0bc13f0b,2011,7,Lào Cai,Provincial,Cultivation,Sắn,,Area_Planted,4897.0,ha,Actual,PL2
9499eb7280008a2e,2011,7,Lào Cai,Provincial,Cultivation,Lúa,,Area_Planted,386.0,ha,Actual,PL2
4ea6c6c71528764e,2011,7,Bắc Cạn,Provincial,Cultivation,Lúa,,Area_Planted,33910.0,ha,Actual,PL2
4ea6c6c71528764e,2011,7,Bắc Cạn,Provincial,Cultivation,Lúa,,Area_Planted,16499.0,ha,Actual,PL2
b40759cc98aab2a2,2011,7,Bắc Cạn,Provincial,Cultivation,Ngô,,Area_Planted,12919.0,ha,Actual,PL2
abe4f983b51e22a1,2011,7,Bắc Cạn,Provincial,Cultivation,Khoai lang,,Area_Planted,321.0,ha,Actual,PL2
6dd5da16351c4413,2011,7,Bắc Cạn,Provincial,Cultivation,Sắn,,Area_Planted,2501.0,ha,Actual,PL2
4ea6c6c71528764e,2011,7,Bắc Cạn,Provincial,Cultivation,Lúa,,Area_Planted,758.0,ha,Actual,PL2
eb8dd036f4049a0c,2011,7,Lạng Sơn,Provincial,Cultivation,Lúa,,Area_Planted,153940.0,ha,Actual,PL2
eb8dd036f4049a0c,2011,7,Lạng Sơn,Provincial,Cultivation,Lúa,,Area_Planted,23714.0,ha,Actual,PL2
ab19a54d97ddfd0c,2011,7,Lạng Sơn,Provincial,Cultivation,Ngô,,Area_Planted,17274.0,ha,Actual,PL2
43112151ec00e9b1,2011,7,Lạng Sơn,Provincial,Cultivation,Khoai lang,,Area_Planted,696.0,ha,Actual,PL2
bb2823786ec8899f,2011,7,Lạng Sơn,Provincial,Cultivation,Sắn,,Area_Planted,5694.0,ha,Actual,PL2
eb8dd036f4049a0c,2011,7,Lạng Sơn,Provincial,Cultivation,Lúa,,Area_Planted,50.0,ha,Actual,PL2
504081f2ab733110,2011,7,Tuyên Quang,Provincial,Cultivation,Lúa,,Area_Planted,141810.0,ha,Actual,PL2
504081f2ab733110,2011,7,Tuyên Quang,Provincial,Cultivation,Lúa,,Area_Planted,11300.0,ha,Actual,PL2
83ecf46a071c4b80,2011,7,Tuyên Quang,Provincial,Cultivation,Ngô,,Area_Planted,7718.0,ha,Actual,PL2
f0a3c71b144215bd,2011,7,Tuyên Quang,Provincial,Cultivation,Khoai lang,,Area_Planted,3582.0,ha,Actual,PL2
767ef67449cfb755,2011,7,Yên Bái,Provincial,Cultivation,Lúa,,Area_Planted,183120.0,ha,Actual,PL2
767ef67449cfb755,2011,7,Yên Bái,Provincial,Cultivation,Lúa,,Area_Planted,35409.0,ha,Actual,PL2
ef58baa474c02b4c,2011,7,Yên Bái,Provincial,Cultivation,Ngô,,Area_Planted,18452.0,ha,Actual,PL2
0367715e703f1afd,2011,7,Yên Bái,Provincial,Cultivation,Khoai lang,,Area_Planted,2006.0,ha,Actual,PL2
f3e93dc0614ff8ba,2011,7,Yên Bái,Provincial,Cultivation,Sắn,,Area_Planted,14951.0,ha,Actual,PL2
623e4b2efae8289c,2011,7,Thái Nguyên,Provincial,Cultivation,Lúa,,Area_Planted,288070.0,ha,Actual,PL2
623e4b2efae8289c,2011,7,Thái Nguyên,Provincial,Cultivation,Lúa,,Area_Planted,25506.0,ha,Actual,PL2
7a1db8c895c42297,2011,7,Thái Nguyên,Provincial,Cultivation,Ngô,,Area_Planted,15840.0,ha,Actual,PL2
0af35ab5a7b6b493,2011,7,Thái Nguyên,Provincial,Cultivation,Khoai lang,,Area_Planted,6214.0,ha,Actual,PL2
e30ab18b090bea18,2011,7,Thái Nguyên,Provincial,Cultivation,Sắn,,Area_Planted,3452.0,ha,Actual,PL2
010acf29e2b0b3a0,2011,7,Phú Thọ,Provincial,Cultivation,Lúa,,Area_Planted,320740.0,ha,Actual,PL2
010acf29e2b0b3a0,2011,7,Phú Thọ,Provincial,Cultivation,Lúa,,Area_Planted,30426.0,ha,Actual,PL2
eaac434e155183fa,2011,7,Phú Thọ,Provincial,Cultivation,Ngô,,Area_Planted,20294.0,ha,Actual,PL2
d71f85c006f8c1d2,2011,7,Phú Thọ,Provincial,Cultivation,Khoai lang,,Area_Planted,1873.0,ha,Actual,PL2
c4a801c6cf12fdf1,2011,7,Phú Thọ,Provincial,Cultivation,Sắn,,Area_Planted,8059.0,ha,Actual,PL2
010acf29e2b0b3a0,2011,7,Phú Thọ,Provincial,Cultivation,Lúa,,Area_Planted,200.0,ha,Actual,PL2
be04cc7ccdb9fa24,2011,7,Bắc Giang,Provincial,Cultivation,Lúa,,Area_Planted,220800.0,ha,Actual,PL2
be04cc7ccdb9fa24,2011,7,Bắc Giang,Provincial,Cultivation,Lúa,,Area_Planted,16418.0,ha,Actual,PL2
abcde166a7bd8573,2011,7,Bắc Giang,Provincial,Cultivation,Ngô,,Area_Planted,9356.0,ha,Actual,PL2
f619fafb54c93655,2011,7,Bắc Giang,Provincial,Cultivation,Khoai lang,,Area_Planted,7062.0,ha,Actual,PL2
fb6f8ad304361e39,2011,7,Lai Châu,Provincial,Cultivation,Lúa,,Area_Planted,199390.0,ha,Actual,PL2
fb6f8ad304361e39,2011,7,Lai Châu,Provincial,Cultivation,Lúa,,Area_Planted,23221.0,ha,Actual,PL2
bc488bfda84f9b55,2011,7,Lai Châu,Provincial,Cultivation,Ngô,,Area_Planted,18057.0,ha,Actual,PL2
53fb4325093a6b07,2011,7,Lai Châu,Provincial,Cultivation,Sắn,,Area_Planted,5164.0,ha,Actual,PL2
ef6748391079edcd,2011,7,Điện Biên,Provincial,Cultivation,Lúa,,Area_Planted,131930.0,ha,Actual,PL2
ef6748391079edcd,2011,7,Điện Biên,Provincial,Cultivation,Lúa,,Area_Planted,36932.0,ha,Actual,PL2
ed3bd7030bc623a4,2011,7,Điện Biên,Provincial,Cultivation,Ngô,,Area_Planted,29913.0,ha,Actual,PL2
d6363c620bd744fd,2011,7,Điện Biên,Provincial,Cultivation,Sắn,,Area_Planted,7019.0,ha,Actual,PL2
d7b6eb5e400a9104,2011,7,Sơn La,Provincial,Cultivation,Lúa,,Area_Planted,106400.0,ha,Actual,PL2
d7b6eb5e400a9104,2011,7,Sơn La,Provincial,Cultivation,Lúa,,Area_Planted,152161.0,ha,Actual,PL2
d8a31c50f3cc7cc4,2011,7,Sơn La,Provincial,Cultivation,Ngô,,Area_Planted,119224.0,ha,Actual,PL2
cd45d24d80c94a26,2011,7,Sơn La,Provincial,Cultivation,Khoai lang,,Area_Planted,211.0,ha,Actual,PL2
e21824edcb0ebd27,2011,7,Sơn La,Provincial,Cultivation,Sắn,,Area_Planted,28514.0,ha,Actual,PL2
d7b6eb5e400a9104,2011,7,Sơn La,Provincial,Cultivation,Lúa,,Area_Planted,4212.0,ha,Actual,PL2
20b003c22a807aa5,2011,7,Hoà Bình,Provincial,Cultivation,Lúa,,Area_Planted,154380.0,ha,Actual,PL2
20b003c22a807aa5,2011,7,Hoà Bình,Provincial,Cultivation,Lúa,,Area_Planted,43180.0,ha,Actual,PL2
e2e6a6813b9da038,2011,7,Hoà Bình,Provincial,Cultivation,Ngô,,Area_Planted,24930.0,ha,Actual,PL2
8fa53071aeb32d3d,2011,7,Hoà Bình,Provincial,Cultivation,Khoai lang,,Area_Planted,4189.0,ha,Actual,PL2
b48a0dbedc3f9bfa,2011,7,Hoà Bình,Provincial,Cultivation,Sắn,,Area_Planted,12343.0,ha,Actual,PL2
20b003c22a807aa5,2011,7,Hoà Bình,Provincial,Cultivation,Lúa,,Area_Planted,1718.0,ha,Actual,PL2
1d582787c0100dd7,2011,7,Bắc Trung Bộ,Provincial,Cultivation,Lúa,,Area_Planted,163921.0,ha,Actual,PL2
1d582787c0100dd7,2011,7,Bắc Trung Bộ,Provincial,Cultivation,Lúa,,Area_Planted,150545.0,ha,Actual,PL2
1d582787c0100dd7,2011,7,Bắc Trung Bộ,Provincial,Cultivation,Lúa,,Area_Planted,243188.0,ha,Actual,PL2
100d7c0dc7775e1d,2011,7,Bắc Trung Bộ,Provincial,Cultivation,Ngô,,Area_Planted,124681.0,ha,Actual,PL2
d95a8065dd48d6f8,2011,7,Bắc Trung Bộ,Provincial,Cultivation,Khoai lang,,Area_Planted,44327.0,ha,Actual,PL2
6b249601845192c7,2011,7,Bắc Trung Bộ,Provincial,Cultivation,Sắn,,Area_Planted,62229.0,ha,Actual,PL2
1d582787c0100dd7,2011,7,Bắc Trung Bộ,Provincial,Cultivation,Lúa,,Area_Planted,11951.0,ha,Actual,PL2
e1881ca0faed6807,2011,7,Thanh Hoá,Provincial,Cultivation,Lúa,,Area_Planted,1242210.0,ha,Actual,PL2
e1881ca0faed6807,2011,7,Thanh Hoá,Provincial,Cultivation,Lúa,,Area_Planted,79913.0,ha,Actual,PL2
6e86619a591efce1,2011,7,Thanh Hoá,Provincial,Cultivation,Ngô,,Area_Planted,53361.0,ha,Actual,PL2
f5604329543a6889,2011,7,Thanh Hoá,Provincial,Cultivation,Khoai lang,,Area_Planted,10052.0,ha,Actual,PL2
7c8ed0940adb68d7,2011,7,Thanh Hoá,Provincial,Cultivation,Sắn,,Area_Planted,16500.0,ha,Actual,PL2
4c983b7387d76a0f,2011,7,Nghệ An,Provincial,Cultivation,Lúa,,Area_Planted,390000.0,ha,Actual,PL2
4c983b7387d76a0f,2011,7,Nghệ An,Provincial,Cultivation,Lúa,,Area_Planted,510000.0,ha,Actual,PL2
4c983b7387d76a0f,2011,7,Nghệ An,Provincial,Cultivation,Lúa,,Area_Planted,96067.0,ha,Actual,PL2
b55575ba68025a65,2011,7,Nghệ An,Provincial,Cultivation,Ngô,,Area_Planted,54247.0,ha,Actual,PL2
0ac618565dcdade9,2011,7,Nghệ An,Provincial,Cultivation,Khoai lang,,Area_Planted,10010.0,ha,Actual,PL2
d5ee17b2e0335c34,2011,7,Nghệ An,Provincial,Cultivation,Sắn,,Area_Planted,20209.0,ha,Actual,PL2
4c983b7387d76a0f,2011,7,Nghệ An,Provincial,Cultivation,Lúa,,Area_Planted,11601.0,ha,Actual,PL2
47519bb8ca91e9ee,2011,7,Hà Tĩnh,Provincial,Cultivation,Lúa,,Area_Planted,7000.0,ha,Actual,PL2
47519bb8ca91e9ee,2011,7,Hà Tĩnh,Provincial,Cultivation,Lúa,,Area_Planted,399370.0,ha,Actual,PL2
47519bb8ca91e9ee,2011,7,Hà Tĩnh,Provincial,Cultivation,Lúa,,Area_Planted,18808.0,ha,Actual,PL2
779d2c765fd4336a,2011,7,Hà Tĩnh,Provincial,Cultivation,Ngô,,Area_Planted,8523.0,ha,Actual,PL2
dd24d80a0d36acdd,2011,7,Hà Tĩnh,Provincial,Cultivation,Khoai lang,,Area_Planted,6765.0,ha,Actual,PL2
830b9c4424925946,2011,7,Hà Tĩnh,Provincial,Cultivation,Sắn,,Area_Planted,3520.0,ha,Actual,PL2
20c889a99c31bd86,2011,7,Quảng Bình,Provincial,Cultivation,Lúa,,Area_Planted,133700.0,ha,Actual,PL2
20c889a99c31bd86,2011,7,Quảng Bình,Provincial,Cultivation,Lúa,,Area_Planted,14400.0,ha,Actual,PL2
8ff6f40b25f3664a,2011,7,Quảng Bình,Provincial,Cultivation,Ngô,,Area_Planted,4300.0,ha,Actual,PL2
3568ba05d63cd293,2011,7,Quảng Bình,Provincial,Cultivation,Khoai lang,,Area_Planted,4200.0,ha,Actual,PL2
6266b8f7e64e7d92,2011,7,Quảng Bình,Provincial,Cultivation,Sắn,,Area_Planted,5900.0,ha,Actual,PL2
f6fb5f71ccae56b7,2011,7,Quảng Trị,Provincial,Cultivation,Lúa,,Area_Planted,205990.0,ha,Actual,PL2
f6fb5f71ccae56b7,2011,7,Quảng Trị,Provincial,Cultivation,Lúa,,Area_Planted,20500.0,ha,Actual,PL2
119887fb15d8df7f,2011,7,Quảng Trị,Provincial,Cultivation,Ngô,,Area_Planted,2500.0,ha,Actual,PL2
913c39f136e0a3ad,2011,7,Quảng Trị,Provincial,Cultivation,Khoai lang,,Area_Planted,9000.0,ha,Actual,PL2
d80db353062eeb28,2011,7,Quảng Trị,Provincial,Cultivation,Sắn,,Area_Planted,9000.0,ha,Actual,PL2
7e9ca7e2bb42ec39,2011,7,Thừa Thiên Huế,Provincial,Cultivation,Lúa,,Area_Planted,256390.0,ha,Actual,PL2
7e9ca7e2bb42ec39,2011,7,Thừa Thiên Huế,Provincial,Cultivation,Lúa,,Area_Planted,13500.0,ha,Actual,PL2
e04baf1c35095757,2011,7,Thừa Thiên Huế,Provincial,Cultivation,Ngô,,Area_Planted,1750.0,ha,Actual,PL2
a007496ccae084f2,2011,7,Thừa Thiên Huế,Provincial,Cultivation,Khoai lang,,Area_Planted,4300.0,ha,Actual,PL2
cacfd5b3279acf33,2011,7,Thừa Thiên Huế,Provincial,Cultivation,Sắn,,Area_Planted,7100.0,ha,Actual,PL2
7e9ca7e2bb42ec39,2011,7,Thừa Thiên Huế,Provincial,Cultivation,Lúa,,Area_Planted,350.0,ha,Actual,PL2
71febbfa9f1ae8b5,2011,7,Miền Bắc,Provincial,Cultivation,Lúa,,Area_Planted,333759.0,ha,Actual,PL3
681d3fac37219833,2011,7,Miền Bắc,Provincial,Cultivation,Đậu tương,,Area_Planted,132940.0,ha,Actual,PL3
f2e708af5f07c9fb,2011,7,Miền Bắc,Provincial,Cultivation,Lạc,,Area_Planted,139941.0,ha,Actual,PL3
a912d75804dd33fe,2011,7,Miền Bắc,Provincial,Cultivation,Mía,,Area_Planted,38923.0,ha,Actual,PL3
75bd3180f31368a7,2011,7,Miền Bắc,Provincial,Cultivation,Thuốc lá,,Area_Planted,9634.0,ha,Actual,PL3
71febbfa9f1ae8b5,2011,7,Miền Bắc,Provincial,Cultivation,Lúa,,Area_Planted,12322.0,ha,Actual,PL3
71febbfa9f1ae8b5,2011,7,Miền Bắc,Provincial,Cultivation,Lúa,,Area_Planted,266571.0,ha,Actual,PL3
2367336b58e67211,2011,7,ĐB sông Hồng,Provincial,Cultivation,Lúa,,Area_Planted,118040.0,ha,Actual,PL3
6d54b925939fe800,2011,7,ĐB sông Hồng,Provincial,Cultivation,Đậu tương,,Area_Planted,84298.0,ha,Actual,PL3
b8559f8c12b2e93b,2011,7,ĐB sông Hồng,Provincial,Cultivation,Lạc,,Area_Planted,27613.0,ha,Actual,PL3
59d2959b5422c909,2011,7,ĐB sông Hồng,Provincial,Cultivation,Mía,,Area_Planted,1945.0,ha,Actual,PL3
c801ce1c2be333e2,2011,7,ĐB sông Hồng,Provincial,Cultivation,Thuốc lá,,Area_Planted,1000.0,ha,Actual,PL3
2367336b58e67211,2011,7,ĐB sông Hồng,Provincial,Cultivation,Lúa,,Area_Planted,3184.0,ha,Actual,PL3
2367336b58e67211,2011,7,ĐB sông Hồng,Provincial,Cultivation,Lúa,,Area_Planted,123061.0,ha,Actual,PL3
a294d54c4b80bbdc,2011,7,Hà Nội,Provincial,Cultivation,Lúa,,Area_Planted,40760.0,ha,Actual,PL3
d2d681822ed006c4,2011,7,Hà Nội,Provincial,Cultivation,Đậu tương,,Area_Planted,33712.0,ha,Actual,PL3
5cd8e5652660344c,2011,7,Hà Nội,Provincial,Cultivation,Lạc,,Area_Planted,6298.0,ha,Actual,PL3
a294d54c4b80bbdc,2011,7,Hà Nội,Provincial,Cultivation,Lúa,,Area_Planted,750.0,ha,Actual,PL3
a294d54c4b80bbdc,2011,7,Hà Nội,Provincial,Cultivation,Lúa,,Area_Planted,24439.0,ha,Actual,PL3
815c6f9d7720820e,2011,7,Hải Phòng,Provincial,Cultivation,Lúa,,Area_Planted,1200.0,ha,Actual,PL3
64fc5cf4dc58d876,2011,7,Hải Phòng,Provincial,Cultivation,Đậu tương,,Area_Planted,200.0,ha,Actual,PL3
fc3ad74eb9527002,2011,7,Hải Phòng,Provincial,Cultivation,Thuốc lá,,Area_Planted,1000.0,ha,Actual,PL3
815c6f9d7720820e,2011,7,Hải Phòng,Provincial,Cultivation,Lúa,,Area_Planted,12230.0,ha,Actual,PL3
3e1b42f746101d16,2011,7,Vĩnh Phúc,Provincial,Cultivation,Lúa,,Area_Planted,8444.0,ha,Actual,PL3
f942f43960f7d03d,2011,7,Vĩnh Phúc,Provincial,Cultivation,Đậu tương,,Area_Planted,4482.0,ha,Actual,PL3
73c10bcc52182910,2011,7,Vĩnh Phúc,Provincial,Cultivation,Lạc,,Area_Planted,3249.0,ha,Actual,PL3
b140ccb82c834c43,2011,7,Vĩnh Phúc,Provincial,Cultivation,Mía,,Area_Planted,387.0,ha,Actual,PL3
3e1b42f746101d16,2011,7,Vĩnh Phúc,Provincial,Cultivation,Lúa,,Area_Planted,326.0,ha,Actual,PL3
3e1b42f746101d16,2011,7,Vĩnh Phúc,Provincial,Cultivation,Lúa,,Area_Planted,6709.0,ha,Actual,PL3
1d615bc060d73504,2011,7,Bắc Ninh,Provincial,Cultivation,Lúa,,Area_Planted,2580.0,ha,Actual,PL3
4277e988e3827ee2,2011,7,Bắc Ninh,Provincial,Cultivation,Đậu tương,,Area_Planted,1309.0,ha,Actual,PL3
7f38047e308a27b6,2011,7,Bắc Ninh,Provincial,Cultivation,Lạc,,Area_Planted,1271.0,ha,Actual,PL3
1d615bc060d73504,2011,7,Bắc Ninh,Provincial,Cultivation,Lúa,,Area_Planted,6147.0,ha,Actual,PL3
eb4fc1929a15d44c,2011,7,Hải Dương,Provincial,Cultivation,Lúa,,Area_Planted,1084.0,ha,Actual,PL3
f0c92ceca2fa5968,2011,7,Hải Dương,Provincial,Cultivation,Đậu tương,,Area_Planted,881.0,ha,Actual,PL3
480a8564b96b0ed2,2011,7,Hải Dương,Provincial,Cultivation,Lạc,,Area_Planted,203.0,ha,Actual,PL3
eb4fc1929a15d44c,2011,7,Hải Dương,Provincial,Cultivation,Lúa,,Area_Planted,16306.0,ha,Actual,PL3
fe1a7e347cdd5f9c,2011,7,Hưng Yên,Provincial,Cultivation,Lúa,,Area_Planted,3392.0,ha,Actual,PL3
7840d53b67a49178,2011,7,Hưng Yên,Provincial,Cultivation,Đậu tương,,Area_Planted,2678.0,ha,Actual,PL3
32fd3f46abc2b366,2011,7,Hưng Yên,Provincial,Cultivation,Lạc,,Area_Planted,714.0,ha,Actual,PL3
fe1a7e347cdd5f9c,2011,7,Hưng Yên,Provincial,Cultivation,Lúa,,Area_Planted,9631.0,ha,Actual,PL3
6ea1365c160e27f3,2011,7,Hà Nam,Provincial,Cultivation,Lúa,,Area_Planted,12405.0,ha,Actual,PL3
b648e164137c9c74,2011,7,Hà Nam,Provincial,Cultivation,Đậu tương,,Area_Planted,12286.0,ha,Actual,PL3
08bd899e03ad82c3,2011,7,Hà Nam,Provincial,Cultivation,Lạc,,Area_Planted,119.0,ha,Actual,PL3
6ea1365c160e27f3,2011,7,Hà Nam,Provincial,Cultivation,Lúa,,Area_Planted,3960.0,ha,Actual,PL3
5f73ff9fef6c8811,2011,7,Nam Định,Provincial,Cultivation,Lúa,,Area_Planted,7710.0,ha,Actual,PL3
0f76dd1f97c8c64f,2011,7,Nam Định,Provincial,Cultivation,Đậu tương,,Area_Planted,1772.0,ha,Actual,PL3
20971a547febab51,2011,7,Nam Định,Provincial,Cultivation,Lạc,,Area_Planted,5733.0,ha,Actual,PL3
3a26831bbb26d6ce,2011,7,Nam Định,Provincial,Cultivation,Mía,,Area_Planted,205.0,ha,Actual,PL3
5f73ff9fef6c8811,2011,7,Nam Định,Provincial,Cultivation,Lúa,,Area_Planted,16907.0,ha,Actual,PL3
a8f2e932cbcb583b,2011,7,Thái Bình,Provincial,Cultivation,Lúa,,Area_Planted,19215.0,ha,Actual,PL3
09aef07c05f1bbf2,2011,7,Thái Bình,Provincial,Cultivation,Đậu tương,,Area_Planted,15730.0,ha,Actual,PL3
95caa48016964d92,2011,7,Thái Bình,Provincial,Cultivation,Lạc,,Area_Planted,3085.0,ha,Actual,PL3
a8f2e932cbcb583b,2011,7,Thái Bình,Provincial,Cultivation,Lúa,,Area_Planted,400.0,ha,Actual,PL3
a8f2e932cbcb583b,2011,7,Thái Bình,Provincial,Cultivation,Lúa,,Area_Planted,13120.0,ha,Actual,PL3
e3e87da6854ee9b1,2011,7,Ninh Bình,Provincial,Cultivation,Lúa,,Area_Planted,16095.0,ha,Actual,PL3
641784e982fce89c,2011,7,Ninh Bình,Provincial,Cultivation,Đậu tương,,Area_Planted,10503.0,ha,Actual,PL3
71dedd3db9418a7a,2011,7,Ninh Bình,Provincial,Cultivation,Lạc,,Area_Planted,4255.0,ha,Actual,PL3
23d098902e4ce21e,2011,7,Ninh Bình,Provincial,Cultivation,Mía,,Area_Planted,907.0,ha,Actual,PL3
e3e87da6854ee9b1,2011,7,Ninh Bình,Provincial,Cultivation,Lúa,,Area_Planted,430.0,ha,Actual,PL3
e3e87da6854ee9b1,2011,7,Ninh Bình,Provincial,Cultivation,Lúa,,Area_Planted,5364.0,ha,Actual,PL3
029a3cde72d9b78d,2011,7,Quảng Ninh,Provincial,Cultivation,Lúa,,Area_Planted,5154.0,ha,Actual,PL3
ce22b549b1fe53ef,2011,7,Quảng Ninh,Provincial,Cultivation,Đậu tương,,Area_Planted,745.0,ha,Actual,PL3
ae6788e1efd3e31e,2011,7,Quảng Ninh,Provincial,Cultivation,Lạc,,Area_Planted,2685.0,ha,Actual,PL3
9fc7278211d4c2f8,2011,7,Quảng Ninh,Provincial,Cultivation,Mía,,Area_Planted,446.0,ha,Actual,PL3
029a3cde72d9b78d,2011,7,Quảng Ninh,Provincial,Cultivation,Lúa,,Area_Planted,1278.0,ha,Actual,PL3
029a3cde72d9b78d,2011,7,Quảng Ninh,Provincial,Cultivation,Lúa,,Area_Planted,8248.0,ha,Actual,PL3
02ade7194ca30bda,2011,7,TD và MN phía Bắc,Provincial,Cultivation,Lúa,,Area_Planted,102958.0,ha,Actual,PL3
bd7ffbf46ea20007,2011,7,TD và MN phía Bắc,Provincial,Cultivation,Đậu tương,,Area_Planted,38488.0,ha,Actual,PL3
4a43a6d000107ef3,2011,7,TD và MN phía Bắc,Provincial,Cultivation,Lạc,,Area_Planted,38446.0,ha,Actual,PL3
f188ef1b234a28eb,2011,7,TD và MN phía Bắc,Provincial,Cultivation,Mía,,Area_Planted,14278.0,ha,Actual,PL3
f08ecb27217cb38e,2011,7,TD và MN phía Bắc,Provincial,Cultivation,Thuốc lá,,Area_Planted,8428.0,ha,Actual,PL3
02ade7194ca30bda,2011,7,TD và MN phía Bắc,Provincial,Cultivation,Lúa,,Area_Planted,3318.0,ha,Actual,PL3
02ade7194ca30bda,2011,7,TD và MN phía Bắc,Provincial,Cultivation,Lúa,,Area_Planted,74362.0,ha,Actual,PL3
ed1a9a80655387e2,2011,7,Hà Giang,Provincial,Cultivation,Lúa,,Area_Planted,12545.0,ha,Actual,PL3
0cb8d77e3d77e1de,2011,7,Hà Giang,Provincial,Cultivation,Đậu tương,,Area_Planted,7125.0,ha,Actual,PL3
e20d94f11731e6ca,2011,7,Hà Giang,Provincial,Cultivation,Lạc,,Area_Planted,4730.0,ha,Actual,PL3
ed1a9a80655387e2,2011,7,Hà Giang,Provincial,Cultivation,Lúa,,Area_Planted,690.0,ha,Actual,PL3
ed1a9a80655387e2,2011,7,Hà Giang,Provincial,Cultivation,Lúa,,Area_Planted,11223.0,ha,Actual,PL3
c4e7e503dc1fd107,2011,7,Cao Bằng,Provincial,Cultivation,Lúa,,Area_Planted,6433.0,ha,Actual,PL3
5ced8f110ffa082b,2011,7,Cao Bằng,Provincial,Cultivation,Đậu tương,,Area_Planted,1744.0,ha,Actual,PL3
d3a54985fb506410,2011,7,Cao Bằng,Provincial,Cultivation,Lạc,,Area_Planted,320.0,ha,Actual,PL3
4e2b2cce7366f58b,2011,7,Cao Bằng,Provincial,Cultivation,Mía,,Area_Planted,1209.0,ha,Actual,PL3
68917bdd6644f5ce,2011,7,Cao Bằng,Provincial,Cultivation,Thuốc lá,,Area_Planted,3160610136.0,ha,Actual,PL3
c4e7e503dc1fd107,2011,7,Cao Bằng,Provincial,Cultivation,Lúa,,Area_Planted,3160610136.0,ha,Actual,PL3
c4e7e503dc1fd107,2011,7,Cao Bằng,Provincial,Cultivation,Lúa,,Area_Planted,430.0,ha,Actual,PL3
9499eb7280008a2e,2011,7,Lào Cai,Provincial,Cultivation,Lúa,,Area_Planted,3820.0,ha,Actual,PL3
ad20d130a619e52e,2011,7,Lào Cai,Provincial,Cultivation,Đậu tương,,Area_Planted,2517.0,ha,Actual,PL3
08b8085b04410e18,2011,7,Lào Cai,Provincial,Cultivation,Lạc,,Area_Planted,557.0,ha,Actual,PL3
be8b69885f4c279a,2011,7,Lào Cai,Provincial,Cultivation,Thuốc lá,,Area_Planted,610.0,ha,Actual,PL3
9499eb7280008a2e,2011,7,Lào Cai,Provincial,Cultivation,Lúa,,Area_Planted,610.0,ha,Actual,PL3
9499eb7280008a2e,2011,7,Lào Cai,Provincial,Cultivation,Lúa,,Area_Planted,3200.0,ha,Actual,PL3
4ea6c6c71528764e,2011,7,Bắc Cạn,Provincial,Cultivation,Lúa,,Area_Planted,3895.0,ha,Actual,PL3
cf8cd54dcd16bb54,2011,7,Bắc Cạn,Provincial,Cultivation,Đậu tương,,Area_Planted,1717.0,ha,Actual,PL3
b7a260fe41b3e7eb,2011,7,Bắc Cạn,Provincial,Cultivation,Lạc,,Area_Planted,461.0,ha,Actual,PL3
4d9e1af6796766fa,2011,7,Bắc Cạn,Provincial,Cultivation,Mía,,Area_Planted,126.0,ha,Actual,PL3
5bf3b214306af01b,2011,7,Bắc Cạn,Provincial,Cultivation,Thuốc lá,,Area_Planted,1071.0,ha,Actual,PL3
4ea6c6c71528764e,2011,7,Bắc Cạn,Provincial,Cultivation,Lúa,,Area_Planted,520.0,ha,Actual,PL3
4ea6c6c71528764e,2011,7,Bắc Cạn,Provincial,Cultivation,Lúa,,Area_Planted,1309.0,ha,Actual,PL3
eb8dd036f4049a0c,2011,7,Lạng Sơn,Provincial,Cultivation,Lúa,,Area_Planted,4868.0,ha,Actual,PL3
6a6210530173e357,2011,7,Lạng Sơn,Provincial,Cultivation,Đậu tương,,Area_Planted,734.0,ha,Actual,PL3
651df94d766d57cb,2011,7,Lạng Sơn,Provincial,Cultivation,Thuốc lá,,Area_Planted,3334.0,ha,Actual,PL3
eb8dd036f4049a0c,2011,7,Lạng Sơn,Provincial,Cultivation,Lúa,,Area_Planted,800.0,ha,Actual,PL3
eb8dd036f4049a0c,2011,7,Lạng Sơn,Provincial,Cultivation,Lúa,,Area_Planted,4184.0,ha,Actual,PL3
504081f2ab733110,2011,7,Tuyên Quang,Provincial,Cultivation,Lúa,,Area_Planted,6889.0,ha,Actual,PL3
fdbbdc510745655e,2011,7,Tuyên Quang,Provincial,Cultivation,Đậu tương,,Area_Planted,1309.0,ha,Actual,PL3
30bb2fd164e49881,2011,7,Tuyên Quang,Provincial,Cultivation,Lạc,,Area_Planted,3424.0,ha,Actual,PL3
6f0338dbdc010c66,2011,7,Tuyên Quang,Provincial,Cultivation,Mía,,Area_Planted,2156.0,ha,Actual,PL3
504081f2ab733110,2011,7,Tuyên Quang,Provincial,Cultivation,Lúa,,Area_Planted,1311.0,ha,Actual,PL3
767ef67449cfb755,2011,7,Yên Bái,Provincial,Cultivation,Lúa,,Area_Planted,3522.0,ha,Actual,PL3
87e1018adf2f1ec7,2011,7,Yên Bái,Provincial,Cultivation,Đậu tương,,Area_Planted,1096.0,ha,Actual,PL3
5b85a52905f815d0,2011,7,Yên Bái,Provincial,Cultivation,Lạc,,Area_Planted,1632.0,ha,Actual,PL3
81d9c4a028eff28d,2011,7,Yên Bái,Provincial,Cultivation,Mía,,Area_Planted,775.0,ha,Actual,PL3
767ef67449cfb755,2011,7,Yên Bái,Provincial,Cultivation,Lúa,,Area_Planted,19.0,ha,Actual,PL3
767ef67449cfb755,2011,7,Yên Bái,Provincial,Cultivation,Lúa,,Area_Planted,4896.0,ha,Actual,PL3
623e4b2efae8289c,2011,7,Thái Nguyên,Provincial,Cultivation,Lúa,,Area_Planted,5381.0,ha,Actual,PL3
2809a3f8cc9535d7,2011,7,Thái Nguyên,Provincial,Cultivation,Đậu tương,,Area_Planted,1204.0,ha,Actual,PL3
01a20a9f227d5d03,2011,7,Thái Nguyên,Provincial,Cultivation,Lạc,,Area_Planted,3858.0,ha,Actual,PL3
3e8f3030fceda455,2011,7,Thái Nguyên,Provincial,Cultivation,Thuốc lá,,Area_Planted,253.0,ha,Actual,PL3
623e4b2efae8289c,2011,7,Thái Nguyên,Provincial,Cultivation,Lúa,,Area_Planted,66.0,ha,Actual,PL3
623e4b2efae8289c,2011,7,Thái Nguyên,Provincial,Cultivation,Lúa,,Area_Planted,9822.0,ha,Actual,PL3
010acf29e2b0b3a0,2011,7,Phú Thọ,Provincial,Cultivation,Lúa,,Area_Planted,7179.0,ha,Actual,PL3
1193e51d1334fdfa,2011,7,Phú Thọ,Provincial,Cultivation,Đậu tương,,Area_Planted,1695.0,ha,Actual,PL3
e932c2ff3af459f3,2011,7,Phú Thọ,Provincial,Cultivation,Lạc,,Area_Planted,5484.0,ha,Actual,PL3
010acf29e2b0b3a0,2011,7,Phú Thọ,Provincial,Cultivation,Lúa,,Area_Planted,6451.0,ha,Actual,PL3
be04cc7ccdb9fa24,2011,7,Bắc Giang,Provincial,Cultivation,Lúa,,Area_Planted,11729.0,ha,Actual,PL3
a0ec528ab9007ad0,2011,7,Bắc Giang,Provincial,Cultivation,Đậu tương,,Area_Planted,777.0,ha,Actual,PL3
d0eaec14532c344e,2011,7,Bắc Giang,Provincial,Cultivation,Lạc,,Area_Planted,10952.0,ha,Actual,PL3
be04cc7ccdb9fa24,2011,7,Bắc Giang,Provincial,Cultivation,Lúa,,Area_Planted,15170.0,ha,Actual,PL3
fb6f8ad304361e39,2011,7,Lai Châu,Provincial,Cultivation,Lúa,,Area_Planted,2293.0,ha,Actual,PL3
aee22e0e1019ee1f,2011,7,Lai Châu,Provincial,Cultivation,Đậu tương,,Area_Planted,998.0,ha,Actual,PL3
6905eb68cf312992,2011,7,Lai Châu,Provincial,Cultivation,Lạc,,Area_Planted,1295.0,ha,Actual,PL3
fb6f8ad304361e39,2011,7,Lai Châu,Provincial,Cultivation,Lúa,,Area_Planted,378.0,ha,Actual,PL3
ef6748391079edcd,2011,7,Điện Biên,Provincial,Cultivation,Lúa,,Area_Planted,10822.0,ha,Actual,PL3
1cb780df5869182f,2011,7,Điện Biên,Provincial,Cultivation,Đậu tương,,Area_Planted,9844.0,ha,Actual,PL3
9cad290a3ac166e6,2011,7,Điện Biên,Provincial,Cultivation,Lạc,,Area_Planted,978.0,ha,Actual,PL3
ef6748391079edcd,2011,7,Điện Biên,Provincial,Cultivation,Lúa,,Area_Planted,1946.0,ha,Actual,PL3
d7b6eb5e400a9104,2011,7,Sơn La,Provincial,Cultivation,Lúa,,Area_Planted,8588.0,ha,Actual,PL3
4297a6ed3661d174,2011,7,Sơn La,Provincial,Cultivation,Đậu tương,,Area_Planted,6314.0,ha,Actual,PL3
748cfe5dd5caad6e,2011,7,Sơn La,Provincial,Cultivation,Lạc,,Area_Planted,982.0,ha,Actual,PL3
9150b7ba89bfb568,2011,7,Sơn La,Provincial,Cultivation,Mía,,Area_Planted,1292.0,ha,Actual,PL3
d7b6eb5e400a9104,2011,7,Sơn La,Provincial,Cultivation,Lúa,,Area_Planted,4977.0,ha,Actual,PL3
20b003c22a807aa5,2011,7,Hoà Bình,Provincial,Cultivation,Lúa,,Area_Planted,14995.0,ha,Actual,PL3
4db8de39a847b833,2011,7,Hoà Bình,Provincial,Cultivation,Đậu tương,,Area_Planted,1414.0,ha,Actual,PL3
ad6d20d597857aad,2011,7,Hoà Bình,Provincial,Cultivation,Lạc,,Area_Planted,3774.0,ha,Actual,PL3
20743e7574c91759,2011,7,Hoà Bình,Provincial,Cultivation,Mía,,Area_Planted,8720.0,ha,Actual,PL3
20b003c22a807aa5,2011,7,Hoà Bình,Provincial,Cultivation,Lúa,,Area_Planted,1087.0,ha,Actual,PL3
20b003c22a807aa5,2011,7,Hoà Bình,Provincial,Cultivation,Lúa,,Area_Planted,9065.0,ha,Actual,PL3
1d582787c0100dd7,2011,7,Bắc Trung Bộ,Provincial,Cultivation,Lúa,,Area_Planted,112762.0,ha,Actual,PL3
b340b4eb8258451e,2011,7,Bắc Trung Bộ,Provincial,Cultivation,Đậu tương,,Area_Planted,10154.0,ha,Actual,PL3
d31de0d92697a145,2011,7,Bắc Trung Bộ,Provincial,Cultivation,Lạc,,Area_Planted,73882.0,ha,Actual,PL3
936e8c7f12545bf7,2011,7,Bắc Trung Bộ,Provincial,Cultivation,Mía,,Area_Planted,22700.0,ha,Actual,PL3
e7cd6bee936ec99c,2011,7,Bắc Trung Bộ,Provincial,Cultivation,Thuốc lá,,Area_Planted,206.0,ha,Actual,PL3
1d582787c0100dd7,2011,7,Bắc Trung Bộ,Provincial,Cultivation,Lúa,,Area_Planted,5820.0,ha,Actual,PL3
1d582787c0100dd7,2011,7,Bắc Trung Bộ,Provincial,Cultivation,Lúa,,Area_Planted,69148.0,ha,Actual,PL3
e1881ca0faed6807,2011,7,Thanh Hoá,Provincial,Cultivation,Lúa,,Area_Planted,37747.0,ha,Actual,PL3
0f4b4de69575273d,2011,7,Thanh Hoá,Provincial,Cultivation,Đậu tương,,Area_Planted,9815.0,ha,Actual,PL3
8275d6a43cdb7816,2011,7,Thanh Hoá,Provincial,Cultivation,Lạc,,Area_Planted,15332.0,ha,Actual,PL3
27c65323e9128a7d,2011,7,Thanh Hoá,Provincial,Cultivation,Mía,,Area_Planted,12600.0,ha,Actual,PL3
e1881ca0faed6807,2011,7,Thanh Hoá,Provincial,Cultivation,Lúa,,Area_Planted,26788.0,ha,Actual,PL3
4c983b7387d76a0f,2011,7,Nghệ An,Provincial,Cultivation,Lúa,,Area_Planted,36868.0,ha,Actual,PL3
c4c851c85442bf02,2011,7,Nghệ An,Provincial,Cultivation,Đậu tương,,Area_Planted,339.0,ha,Actual,PL3
a66bf2ce710bac1f,2011,7,Nghệ An,Provincial,Cultivation,Lạc,,Area_Planted,21623.0,ha,Actual,PL3
4dbd16c5a2c7f951,2011,7,Nghệ An,Provincial,Cultivation,Mía,,Area_Planted,10000.0,ha,Actual,PL3
87920dd59227f096,2011,7,Nghệ An,Provincial,Cultivation,Thuốc lá,,Area_Planted,156.0,ha,Actual,PL3
4c983b7387d76a0f,2011,7,Nghệ An,Provincial,Cultivation,Lúa,,Area_Planted,4750.0,ha,Actual,PL3
4c983b7387d76a0f,2011,7,Nghệ An,Provincial,Cultivation,Lúa,,Area_Planted,20885.0,ha,Actual,PL3
47519bb8ca91e9ee,2011,7,Hà Tĩnh,Provincial,Cultivation,Lúa,,Area_Planted,24947.0,ha,Actual,PL3
76587c8ba9c62fb2,2011,7,Hà Tĩnh,Provincial,Cultivation,Lạc,,Area_Planted,24027.0,ha,Actual,PL3
47519bb8ca91e9ee,2011,7,Hà Tĩnh,Provincial,Cultivation,Lúa,,Area_Planted,920.0,ha,Actual,PL3
47519bb8ca91e9ee,2011,7,Hà Tĩnh,Provincial,Cultivation,Lúa,,Area_Planted,10809.0,ha,Actual,PL3
20c889a99c31bd86,2011,7,Quảng Bình,Provincial,Cultivation,Lúa,,Area_Planted,5100.0,ha,Actual,PL3
c2c0e967282b62be,2011,7,Quảng Bình,Provincial,Cultivation,Lạc,,Area_Planted,5100.0,ha,Actual,PL3
20c889a99c31bd86,2011,7,Quảng Bình,Provincial,Cultivation,Lúa,,Area_Planted,456.0,ha,Actual,PL3
f6fb5f71ccae56b7,2011,7,Quảng Trị,Provincial,Cultivation,Lúa,,Area_Planted,4300.0,ha,Actual,PL3
dcb8edb6a3fecead,2011,7,Quảng Trị,Provincial,Cultivation,Lạc,,Area_Planted,4300.0,ha,Actual,PL3
f6fb5f71ccae56b7,2011,7,Quảng Trị,Provincial,Cultivation,Lúa,,Area_Planted,4610.0,ha,Actual,PL3
7e9ca7e2bb42ec39,2011,7,Thừa Thiên Huế,Provincial,Cultivation,Lúa,,Area_Planted,3800.0,ha,Actual,PL3
f35c80974fa9743b,2011,7,Thừa Thiên Huế,Provincial,Cultivation,Lạc,,Area_Planted,3500.0,ha,Actual,PL3
4c3621e038b33049,2011,7,Thừa Thiên Huế,Provincial,Cultivation,Mía,,Area_Planted,100.0,ha,Actual,PL3
a5debfaa29a81c95,2011,7,Thừa Thiên Huế,Provincial,Cultivation,Thuốc lá,,Area_Planted,50.0,ha,Actual,PL3
7e9ca7e2bb42ec39,2011,7,Thừa Thiên Huế,Provincial,Cultivation,Lúa,,Area_Planted,150.0,ha,Actual,PL3
7e9ca7e2bb42ec39,2011,7,Thừa Thiên Huế,Provincial,Cultivation,Lúa,,Area_Planted,5600.0,ha,Actual,PL3
4f4053937c5ab1fe,2011,7,Miền Nam,Provincial,Cultivation,Lúa,,Area_Planted,1915845.0,ha,Actual,PL4
4f4053937c5ab1fe,2011,7,Miền Nam,Provincial,Cultivation,Lúa,,Area_Planted,713800.0,ha,Actual,PL4
4f4053937c5ab1fe,2011,7,Miền Nam,Provincial,Cultivation,Lúa,,Area_Planted,579.0,ha,Actual,PL4
4f4053937c5ab1fe,2011,7,Miền Nam,Provincial,Cultivation,Lúa,,Area_Planted,419132.0,ha,Actual,PL4
4f4053937c5ab1fe,2011,7,Miền Nam,Provincial,Cultivation,Lúa,,Area_Planted,627013.0,ha,Actual,PL4
4f4053937c5ab1fe,2011,7,Miền Nam,Provincial,Cultivation,Lúa,,Area_Planted,289892.0,ha,Actual,PL4
4f4053937c5ab1fe,2011,7,Miền Nam,Provincial,Cultivation,Lúa,,Area_Planted,28544.0,ha,Actual,PL4
4f4053937c5ab1fe,2011,7,Miền Nam,Provincial,Cultivation,Lúa,,Area_Planted,295339.0,ha,Actual,PL4
4f4053937c5ab1fe,2011,7,Miền Nam,Provincial,Cultivation,Lúa,,Area_Planted,13239.0,ha,Actual,PL4
fc1dbdafce647ed3,2011,7,D.H Nam Trung Bộ,Provincial,Cultivation,Lúa,,Area_Planted,116603.0,ha,Actual,PL4
fc1dbdafce647ed3,2011,7,D.H Nam Trung Bộ,Provincial,Cultivation,Lúa,,Area_Planted,51484.0,ha,Actual,PL4
fc1dbdafce647ed3,2011,7,D.H Nam Trung Bộ,Provincial,Cultivation,Lúa,,Area_Planted,91127.0,ha,Actual,PL4
fc1dbdafce647ed3,2011,7,D.H Nam Trung Bộ,Provincial,Cultivation,Lúa,,Area_Planted,33826.0,ha,Actual,PL4
fc1dbdafce647ed3,2011,7,D.H Nam Trung Bộ,Provincial,Cultivation,Lúa,,Area_Planted,6707.0,ha,Actual,PL4
fc1dbdafce647ed3,2011,7,D.H Nam Trung Bộ,Provincial,Cultivation,Lúa,,Area_Planted,49453.0,ha,Actual,PL4
fc1dbdafce647ed3,2011,7,D.H Nam Trung Bộ,Provincial,Cultivation,Lúa,,Area_Planted,1141.0,ha,Actual,PL4
ebd482168e51b963,2011,7,TP Đà Nẵng,Provincial,Cultivation,Lúa,,Area_Planted,3285.0,ha,Actual,PL4
ebd482168e51b963,2011,7,TP Đà Nẵng,Provincial,Cultivation,Lúa,,Area_Planted,1453.0,ha,Actual,PL4
ebd482168e51b963,2011,7,TP Đà Nẵng,Provincial,Cultivation,Lúa,,Area_Planted,692.0,ha,Actual,PL4
ebd482168e51b963,2011,7,TP Đà Nẵng,Provincial,Cultivation,Lúa,,Area_Planted,460.0,ha,Actual,PL4
ebd482168e51b963,2011,7,TP Đà Nẵng,Provincial,Cultivation,Lúa,,Area_Planted,301.0,ha,Actual,PL4
b788d16d831da4c0,2011,7,Quảng Nam,Provincial,Cultivation,Lúa,,Area_Planted,37000.0,ha,Actual,PL4
b788d16d831da4c0,2011,7,Quảng Nam,Provincial,Cultivation,Lúa,,Area_Planted,28381.0,ha,Actual,PL4
b788d16d831da4c0,2011,7,Quảng Nam,Provincial,Cultivation,Lúa,,Area_Planted,10581.0,ha,Actual,PL4
b788d16d831da4c0,2011,7,Quảng Nam,Provincial,Cultivation,Lúa,,Area_Planted,5600.0,ha,Actual,PL4
b788d16d831da4c0,2011,7,Quảng Nam,Provincial,Cultivation,Lúa,,Area_Planted,12000.0,ha,Actual,PL4
b788d16d831da4c0,2011,7,Quảng Nam,Provincial,Cultivation,Lúa,,Area_Planted,200.0,ha,Actual,PL4
6dac5581afb1f8b1,2011,7,Quảng Ngãi,Provincial,Cultivation,Lúa,,Area_Planted,32390.0,ha,Actual,PL4
6dac5581afb1f8b1,2011,7,Quảng Ngãi,Provincial,Cultivation,Lúa,,Area_Planted,24322.0,ha,Actual,PL4
6dac5581afb1f8b1,2011,7,Quảng Ngãi,Provincial,Cultivation,Lúa,,Area_Planted,8400.0,ha,Actual,PL4
6dac5581afb1f8b1,2011,7,Quảng Ngãi,Provincial,Cultivation,Lúa,,Area_Planted,422.0,ha,Actual,PL4
6dac5581afb1f8b1,2011,7,Quảng Ngãi,Provincial,Cultivation,Lúa,,Area_Planted,15500.0,ha,Actual,PL4
fbb57dc051150185,2011,7,Bình Định,Provincial,Cultivation,Lúa,,Area_Planted,42203.0,ha,Actual,PL4
fbb57dc051150185,2011,7,Bình Định,Provincial,Cultivation,Lúa,,Area_Planted,20435.0,ha,Actual,PL4
fbb57dc051150185,2011,7,Bình Định,Provincial,Cultivation,Lúa,,Area_Planted,563.0,ha,Actual,PL4
fbb57dc051150185,2011,7,Bình Định,Provincial,Cultivation,Lúa,,Area_Planted,10869.0,ha,Actual,PL4
fbb57dc051150185,2011,7,Bình Định,Provincial,Cultivation,Lúa,,Area_Planted,5213.0,ha,Actual,PL4
fbb57dc051150185,2011,7,Bình Định,Provincial,Cultivation,Lúa,,Area_Planted,5213.0,ha,Actual,PL4
a392903e124a1c6c,2011,7,Phú Yên,Provincial,Cultivation,Lúa,,Area_Planted,24000.0,ha,Actual,PL4
a392903e124a1c6c,2011,7,Phú Yên,Provincial,Cultivation,Lúa,,Area_Planted,230.0,ha,Actual,PL4
a392903e124a1c6c,2011,7,Phú Yên,Provincial,Cultivation,Lúa,,Area_Planted,20854.0,ha,Actual,PL4
a392903e124a1c6c,2011,7,Phú Yên,Provincial,Cultivation,Lúa,,Area_Planted,5031.0,ha,Actual,PL4
a392903e124a1c6c,2011,7,Phú Yên,Provincial,Cultivation,Lúa,,Area_Planted,225.0,ha,Actual,PL4
a392903e124a1c6c,2011,7,Phú Yên,Provincial,Cultivation,Lúa,,Area_Planted,15327.0,ha,Actual,PL4
a392903e124a1c6c,2011,7,Phú Yên,Provincial,Cultivation,Lúa,,Area_Planted,271.0,ha,Actual,PL4
b499e94ccdcd860b,2011,7,Khánh Hoà,Provincial,Cultivation,Lúa,,Area_Planted,18010.0,ha,Actual,PL4
b499e94ccdcd860b,2011,7,Khánh Hoà,Provincial,Cultivation,Lúa,,Area_Planted,2800.0,ha,Actual,PL4
b499e94ccdcd860b,2011,7,Khánh Hoà,Provincial,Cultivation,Lúa,,Area_Planted,550.0,ha,Actual,PL4
b499e94ccdcd860b,2011,7,Khánh Hoà,Provincial,Cultivation,Lúa,,Area_Planted,100.0,ha,Actual,PL4
b499e94ccdcd860b,2011,7,Khánh Hoà,Provincial,Cultivation,Lúa,,Area_Planted,10904.0,ha,Actual,PL4
b499e94ccdcd860b,2011,7,Khánh Hoà,Provincial,Cultivation,Lúa,,Area_Planted,3909.0,ha,Actual,PL4
b499e94ccdcd860b,2011,7,Khánh Hoà,Provincial,Cultivation,Lúa,,Area_Planted,6325.0,ha,Actual,PL4
b499e94ccdcd860b,2011,7,Khánh Hoà,Provincial,Cultivation,Lúa,,Area_Planted,670.0,ha,Actual,PL4
1e536107bc19f296,2011,7,Tây Nguyên,Provincial,Cultivation,Lúa,,Area_Planted,6160.0,ha,Actual,PL4
1e536107bc19f296,2011,7,Tây Nguyên,Provincial,Cultivation,Lúa,,Area_Planted,102265.0,ha,Actual,PL4
1e536107bc19f296,2011,7,Tây Nguyên,Provincial,Cultivation,Lúa,,Area_Planted,299262.0,ha,Actual,PL4
1e536107bc19f296,2011,7,Tây Nguyên,Provincial,Cultivation,Lúa,,Area_Planted,152274.0,ha,Actual,PL4
1e536107bc19f296,2011,7,Tây Nguyên,Provincial,Cultivation,Lúa,,Area_Planted,9207.0,ha,Actual,PL4
1e536107bc19f296,2011,7,Tây Nguyên,Provincial,Cultivation,Lúa,,Area_Planted,137626.0,ha,Actual,PL4
1e536107bc19f296,2011,7,Tây Nguyên,Provincial,Cultivation,Lúa,,Area_Planted,155.0,ha,Actual,PL4
3a07ce6ecde89c0d,2011,7,Kon Tum,Provincial,Cultivation,Lúa,,Area_Planted,11663.0,ha,Actual,PL4
3a07ce6ecde89c0d,2011,7,Kon Tum,Provincial,Cultivation,Lúa,,Area_Planted,45316.0,ha,Actual,PL4
3a07ce6ecde89c0d,2011,7,Kon Tum,Provincial,Cultivation,Lúa,,Area_Planted,6704.0,ha,Actual,PL4
3a07ce6ecde89c0d,2011,7,Kon Tum,Provincial,Cultivation,Lúa,,Area_Planted,134.0,ha,Actual,PL4
3a07ce6ecde89c0d,2011,7,Kon Tum,Provincial,Cultivation,Lúa,,Area_Planted,38478.0,ha,Actual,PL4
0828f1b3167437f6,2011,7,Gia Lai,Provincial,Cultivation,Lúa,,Area_Planted,39233.0,ha,Actual,PL4
0828f1b3167437f6,2011,7,Gia Lai,Provincial,Cultivation,Lúa,,Area_Planted,88285.0,ha,Actual,PL4
0828f1b3167437f6,2011,7,Gia Lai,Provincial,Cultivation,Lúa,,Area_Planted,32842.0,ha,Actual,PL4
0828f1b3167437f6,2011,7,Gia Lai,Provincial,Cultivation,Lúa,,Area_Planted,1167.0,ha,Actual,PL4
0828f1b3167437f6,2011,7,Gia Lai,Provincial,Cultivation,Lúa,,Area_Planted,54276.0,ha,Actual,PL4
10513b47ca8863f3,2011,7,Đắc Lắc,Provincial,Cultivation,Lúa,,Area_Planted,44909.0,ha,Actual,PL4
10513b47ca8863f3,2011,7,Đắc Lắc,Provincial,Cultivation,Lúa,,Area_Planted,98172.0,ha,Actual,PL4
10513b47ca8863f3,2011,7,Đắc Lắc,Provincial,Cultivation,Lúa,,Area_Planted,69348.0,ha,Actual,PL4
10513b47ca8863f3,2011,7,Đắc Lắc,Provincial,Cultivation,Lúa,,Area_Planted,2101.0,ha,Actual,PL4
10513b47ca8863f3,2011,7,Đắc Lắc,Provincial,Cultivation,Lúa,,Area_Planted,26568.0,ha,Actual,PL4
10513b47ca8863f3,2011,7,Đắc Lắc,Provincial,Cultivation,Lúa,,Area_Planted,155.0,ha,Actual,PL4
439e96e482d210de,2011,7,Đắc Nông,Provincial,Cultivation,Lúa,,Area_Planted,6460.0,ha,Actual,PL4
439e96e482d210de,2011,7,Đắc Nông,Provincial,Cultivation,Lúa,,Area_Planted,53459.0,ha,Actual,PL4
439e96e482d210de,2011,7,Đắc Nông,Provincial,Cultivation,Lúa,,Area_Planted,29604.0,ha,Actual,PL4
439e96e482d210de,2011,7,Đắc Nông,Provincial,Cultivation,Lúa,,Area_Planted,5551.0,ha,Actual,PL4
439e96e482d210de,2011,7,Đắc Nông,Provincial,Cultivation,Lúa,,Area_Planted,18304.0,ha,Actual,PL4
34b3f1fcbfdffcf3,2011,7,Lâm Đồng,Provincial,Cultivation,Lúa,,Area_Planted,6160.0,ha,Actual,PL4
34b3f1fcbfdffcf3,2011,7,Lâm Đồng,Provincial,Cultivation,Lúa,,Area_Planted,14029.0,ha,Actual,PL4
34b3f1fcbfdffcf3,2011,7,Lâm Đồng,Provincial,Cultivation,Lúa,,Area_Planted,13775.0,ha,Actual,PL4
34b3f1fcbfdffcf3,2011,7,Lâm Đồng,Provincial,Cultivation,Lúa,,Area_Planted,254.0,ha,Actual,PL4
cf865aec6c3d6f70,2011,7,Đông Nam Bộ,Provincial,Cultivation,Lúa,,Area_Planted,146196.0,ha,Actual,PL4
cf865aec6c3d6f70,2011,7,Đông Nam Bộ,Provincial,Cultivation,Lúa,,Area_Planted,3573.0,ha,Actual,PL4
cf865aec6c3d6f70,2011,7,Đông Nam Bộ,Provincial,Cultivation,Lúa,,Area_Planted,6389.0,ha,Actual,PL4
cf865aec6c3d6f70,2011,7,Đông Nam Bộ,Provincial,Cultivation,Lúa,,Area_Planted,181262.0,ha,Actual,PL4
cf865aec6c3d6f70,2011,7,Đông Nam Bộ,Provincial,Cultivation,Lúa,,Area_Planted,72042.0,ha,Actual,PL4
cf865aec6c3d6f70,2011,7,Đông Nam Bộ,Provincial,Cultivation,Lúa,,Area_Planted,1596.0,ha,Actual,PL4
cf865aec6c3d6f70,2011,7,Đông Nam Bộ,Provincial,Cultivation,Lúa,,Area_Planted,105166.0,ha,Actual,PL4
cf865aec6c3d6f70,2011,7,Đông Nam Bộ,Provincial,Cultivation,Lúa,,Area_Planted,2458.0,ha,Actual,PL4
d8c1d0f02a0d64c9,2011,7,TP Hồ Chí Minh,Provincial,Cultivation,Lúa,,Area_Planted,5316.0,ha,Actual,PL4
c0d075695b128322,2011,7,Ninh Thuận,Provincial,Cultivation,Lúa,,Area_Planted,14275.0,ha,Actual,PL4
c0d075695b128322,2011,7,Ninh Thuận,Provincial,Cultivation,Lúa,,Area_Planted,13313.0,ha,Actual,PL4
c0d075695b128322,2011,7,Ninh Thuận,Provincial,Cultivation,Lúa,,Area_Planted,7901.0,ha,Actual,PL4
c0d075695b128322,2011,7,Ninh Thuận,Provincial,Cultivation,Lúa,,Area_Planted,101.0,ha,Actual,PL4
c0d075695b128322,2011,7,Ninh Thuận,Provincial,Cultivation,Lúa,,Area_Planted,5285.0,ha,Actual,PL4
c0d075695b128322,2011,7,Ninh Thuận,Provincial,Cultivation,Lúa,,Area_Planted,26.0,ha,Actual,PL4
e52df5eb5b9fb646,2011,7,Bình Phước,Provincial,Cultivation,Lúa,,Area_Planted,6389.0,ha,Actual,PL4
e52df5eb5b9fb646,2011,7,Bình Phước,Provincial,Cultivation,Lúa,,Area_Planted,20382.0,ha,Actual,PL4
e52df5eb5b9fb646,2011,7,Bình Phước,Provincial,Cultivation,Lúa,,Area_Planted,5086.0,ha,Actual,PL4
e52df5eb5b9fb646,2011,7,Bình Phước,Provincial,Cultivation,Lúa,,Area_Planted,458.0,ha,Actual,PL4
e52df5eb5b9fb646,2011,7,Bình Phước,Provincial,Cultivation,Lúa,,Area_Planted,14331.0,ha,Actual,PL4
e52df5eb5b9fb646,2011,7,Bình Phước,Provincial,Cultivation,Lúa,,Area_Planted,507.0,ha,Actual,PL4
1582e0a558f3846d,2011,7,Tây Ninh,Provincial,Cultivation,Lúa,,Area_Planted,52217.0,ha,Actual,PL4
1582e0a558f3846d,2011,7,Tây Ninh,Provincial,Cultivation,Lúa,,Area_Planted,3180.0,ha,Actual,PL4
1582e0a558f3846d,2011,7,Tây Ninh,Provincial,Cultivation,Lúa,,Area_Planted,37580.0,ha,Actual,PL4
1582e0a558f3846d,2011,7,Tây Ninh,Provincial,Cultivation,Lúa,,Area_Planted,4090.0,ha,Actual,PL4
1582e0a558f3846d,2011,7,Tây Ninh,Provincial,Cultivation,Lúa,,Area_Planted,157.0,ha,Actual,PL4
1582e0a558f3846d,2011,7,Tây Ninh,Provincial,Cultivation,Lúa,,Area_Planted,32706.0,ha,Actual,PL4
1582e0a558f3846d,2011,7,Tây Ninh,Provincial,Cultivation,Lúa,,Area_Planted,627.0,ha,Actual,PL4
04cf99d50ea1ff6d,2011,7,Bình Dương,Provincial,Cultivation,Lúa,,Area_Planted,1216.0,ha,Actual,PL4
04cf99d50ea1ff6d,2011,7,Bình Dương,Provincial,Cultivation,Lúa,,Area_Planted,3457.0,ha,Actual,PL4
04cf99d50ea1ff6d,2011,7,Bình Dương,Provincial,Cultivation,Lúa,,Area_Planted,229.0,ha,Actual,PL4
04cf99d50ea1ff6d,2011,7,Bình Dương,Provincial,Cultivation,Lúa,,Area_Planted,50.0,ha,Actual,PL4
04cf99d50ea1ff6d,2011,7,Bình Dương,Provincial,Cultivation,Lúa,,Area_Planted,3000.0,ha,Actual,PL4
04cf99d50ea1ff6d,2011,7,Bình Dương,Provincial,Cultivation,Lúa,,Area_Planted,178.0,ha,Actual,PL4
0e4f65520482d6d3,2011,7,Đồng Nai,Provincial,Cultivation,Lúa,,Area_Planted,25447.0,ha,Actual,PL4
0e4f65520482d6d3,2011,7,Đồng Nai,Provincial,Cultivation,Lúa,,Area_Planted,43556.0,ha,Actual,PL4
0e4f65520482d6d3,2011,7,Đồng Nai,Provincial,Cultivation,Lúa,,Area_Planted,31124.0,ha,Actual,PL4
0e4f65520482d6d3,2011,7,Đồng Nai,Provincial,Cultivation,Lúa,,Area_Planted,228.0,ha,Actual,PL4
0e4f65520482d6d3,2011,7,Đồng Nai,Provincial,Cultivation,Lúa,,Area_Planted,11643.0,ha,Actual,PL4
0e4f65520482d6d3,2011,7,Đồng Nai,Provincial,Cultivation,Lúa,,Area_Planted,561.0,ha,Actual,PL4
4b49ac0e1eb1e6d1,2011,7,Bình Thuận,Provincial,Cultivation,Lúa,,Area_Planted,40093.0,ha,Actual,PL4
4b49ac0e1eb1e6d1,2011,7,Bình Thuận,Provincial,Cultivation,Lúa,,Area_Planted,44399.0,ha,Actual,PL4
4b49ac0e1eb1e6d1,2011,7,Bình Thuận,Provincial,Cultivation,Lúa,,Area_Planted,13637.0,ha,Actual,PL4
4b49ac0e1eb1e6d1,2011,7,Bình Thuận,Provincial,Cultivation,Lúa,,Area_Planted,511.0,ha,Actual,PL4
4b49ac0e1eb1e6d1,2011,7,Bình Thuận,Provincial,Cultivation,Lúa,,Area_Planted,29754.0,ha,Actual,PL4
4b49ac0e1eb1e6d1,2011,7,Bình Thuận,Provincial,Cultivation,Lúa,,Area_Planted,497.0,ha,Actual,PL4
6336d6ef2dd7e70a,2011,7,Bà Rịa-V.Tàu,Provincial,Cultivation,Lúa,,Area_Planted,7632.0,ha,Actual,PL4
6336d6ef2dd7e70a,2011,7,Bà Rịa-V.Tàu,Provincial,Cultivation,Lúa,,Area_Planted,393.0,ha,Actual,PL4
6336d6ef2dd7e70a,2011,7,Bà Rịa-V.Tàu,Provincial,Cultivation,Lúa,,Area_Planted,18575.0,ha,Actual,PL4
6336d6ef2dd7e70a,2011,7,Bà Rịa-V.Tàu,Provincial,Cultivation,Lúa,,Area_Planted,9975.0,ha,Actual,PL4
6336d6ef2dd7e70a,2011,7,Bà Rịa-V.Tàu,Provincial,Cultivation,Lúa,,Area_Planted,91.0,ha,Actual,PL4
6336d6ef2dd7e70a,2011,7,Bà Rịa-V.Tàu,Provincial,Cultivation,Lúa,,Area_Planted,8447.0,ha,Actual,PL4
6336d6ef2dd7e70a,2011,7,Bà Rịa-V.Tàu,Provincial,Cultivation,Lúa,,Area_Planted,62.0,ha,Actual,PL4
a77e00210ce44098,2011,7,ĐBS Cửu Long,Provincial,Cultivation,Lúa,,Area_Planted,1646886.0,ha,Actual,PL4
a77e00210ce44098,2011,7,ĐBS Cửu Long,Provincial,Cultivation,Lúa,,Area_Planted,710227.0,ha,Actual,PL4
a77e00210ce44098,2011,7,ĐBS Cửu Long,Provincial,Cultivation,Lúa,,Area_Planted,563.0,ha,Actual,PL4
a77e00210ce44098,2011,7,ĐBS Cửu Long,Provincial,Cultivation,Lúa,,Area_Planted,258994.0,ha,Actual,PL4
a77e00210ce44098,2011,7,ĐBS Cửu Long,Provincial,Cultivation,Lúa,,Area_Planted,55363.0,ha,Actual,PL4
a77e00210ce44098,2011,7,ĐBS Cửu Long,Provincial,Cultivation,Lúa,,Area_Planted,31750.0,ha,Actual,PL4
a77e00210ce44098,2011,7,ĐBS Cửu Long,Provincial,Cultivation,Lúa,,Area_Planted,11034.0,ha,Actual,PL4
a77e00210ce44098,2011,7,ĐBS Cửu Long,Provincial,Cultivation,Lúa,,Area_Planted,3094.0,ha,Actual,PL4
a77e00210ce44098,2011,7,ĐBS Cửu Long,Provincial,Cultivation,Lúa,,Area_Planted,9485.0,ha,Actual,PL4
405fb2b02918a77a,2011,7,Long An,Provincial,Cultivation,Lúa,,Area_Planted,216968.0,ha,Actual,PL4
405fb2b02918a77a,2011,7,Long An,Provincial,Cultivation,Lúa,,Area_Planted,59892.0,ha,Actual,PL4
405fb2b02918a77a,2011,7,Long An,Provincial,Cultivation,Lúa,,Area_Planted,534.0,ha,Actual,PL4
405fb2b02918a77a,2011,7,Long An,Provincial,Cultivation,Lúa,,Area_Planted,8889.0,ha,Actual,PL4
405fb2b02918a77a,2011,7,Long An,Provincial,Cultivation,Lúa,,Area_Planted,4932.0,ha,Actual,PL4
405fb2b02918a77a,2011,7,Long An,Provincial,Cultivation,Lúa,,Area_Planted,48.0,ha,Actual,PL4
405fb2b02918a77a,2011,7,Long An,Provincial,Cultivation,Lúa,,Area_Planted,570.0,ha,Actual,PL4
405fb2b02918a77a,2011,7,Long An,Provincial,Cultivation,Lúa,,Area_Planted,3339.0,ha,Actual,PL4
de0e6ff4199f29ff,2011,7,Đồng Tháp,Provincial,Cultivation,Lúa,,Area_Planted,195390.0,ha,Actual,PL4
de0e6ff4199f29ff,2011,7,Đồng Tháp,Provincial,Cultivation,Lúa,,Area_Planted,161247.0,ha,Actual,PL4
de0e6ff4199f29ff,2011,7,Đồng Tháp,Provincial,Cultivation,Lúa,,Area_Planted,588.0,ha,Actual,PL4
de0e6ff4199f29ff,2011,7,Đồng Tháp,Provincial,Cultivation,Lúa,,Area_Planted,77021.0,ha,Actual,PL4
de0e6ff4199f29ff,2011,7,Đồng Tháp,Provincial,Cultivation,Lúa,,Area_Planted,6494.0,ha,Actual,PL4
de0e6ff4199f29ff,2011,7,Đồng Tháp,Provincial,Cultivation,Lúa,,Area_Planted,4283.0,ha,Actual,PL4
de0e6ff4199f29ff,2011,7,Đồng Tháp,Provincial,Cultivation,Lúa,,Area_Planted,1448.0,ha,Actual,PL4
de0e6ff4199f29ff,2011,7,Đồng Tháp,Provincial,Cultivation,Lúa,,Area_Planted,763.0,ha,Actual,PL4
b2a4c63ce5e36429,2011,7,An Giang,Provincial,Cultivation,Lúa,,Area_Planted,227480.0,ha,Actual,PL4
b2a4c63ce5e36429,2011,7,An Giang,Provincial,Cultivation,Lúa,,Area_Planted,80054.0,ha,Actual,PL4
b2a4c63ce5e36429,2011,7,An Giang,Provincial,Cultivation,Lúa,,Area_Planted,563.0,ha,Actual,PL4
b2a4c63ce5e36429,2011,7,An Giang,Provincial,Cultivation,Lúa,,Area_Planted,4405.0,ha,Actual,PL4
b2a4c63ce5e36429,2011,7,An Giang,Provincial,Cultivation,Lúa,,Area_Planted,10459.0,ha,Actual,PL4
b2a4c63ce5e36429,2011,7,An Giang,Provincial,Cultivation,Lúa,,Area_Planted,8129.0,ha,Actual,PL4
b2a4c63ce5e36429,2011,7,An Giang,Provincial,Cultivation,Lúa,,Area_Planted,271.0,ha,Actual,PL4
b2a4c63ce5e36429,2011,7,An Giang,Provincial,Cultivation,Lúa,,Area_Planted,963.0,ha,Actual,PL4
b2a4c63ce5e36429,2011,7,An Giang,Provincial,Cultivation,Lúa,,Area_Planted,1096.0,ha,Actual,PL4
466d473292207ed0,2011,7,Tiền Giang,Provincial,Cultivation,Lúa,,Area_Planted,121372.0,ha,Actual,PL4
466d473292207ed0,2011,7,Tiền Giang,Provincial,Cultivation,Lúa,,Area_Planted,42163.0,ha,Actual,PL4
466d473292207ed0,2011,7,Tiền Giang,Provincial,Cultivation,Lúa,,Area_Planted,546.0,ha,Actual,PL4
466d473292207ed0,2011,7,Tiền Giang,Provincial,Cultivation,Lúa,,Area_Planted,5306.0,ha,Actual,PL4
466d473292207ed0,2011,7,Tiền Giang,Provincial,Cultivation,Lúa,,Area_Planted,3718.0,ha,Actual,PL4
466d473292207ed0,2011,7,Tiền Giang,Provincial,Cultivation,Lúa,,Area_Planted,256.0,ha,Actual,PL4
466d473292207ed0,2011,7,Tiền Giang,Provincial,Cultivation,Lúa,,Area_Planted,169.0,ha,Actual,PL4
466d473292207ed0,2011,7,Tiền Giang,Provincial,Cultivation,Lúa,,Area_Planted,1163.0,ha,Actual,PL4
8db119d1adefbb2d,2011,7,Vĩnh Long,Provincial,Cultivation,Lúa,,Area_Planted,61625.0,ha,Actual,PL4
8db119d1adefbb2d,2011,7,Vĩnh Long,Provincial,Cultivation,Lúa,,Area_Planted,58022.0,ha,Actual,PL4
8db119d1adefbb2d,2011,7,Vĩnh Long,Provincial,Cultivation,Lúa,,Area_Planted,575.0,ha,Actual,PL4
8db119d1adefbb2d,2011,7,Vĩnh Long,Provincial,Cultivation,Lúa,,Area_Planted,40973.0,ha,Actual,PL4
8db119d1adefbb2d,2011,7,Vĩnh Long,Provincial,Cultivation,Lúa,,Area_Planted,7700.0,ha,Actual,PL4
8db119d1adefbb2d,2011,7,Vĩnh Long,Provincial,Cultivation,Lúa,,Area_Planted,1376.0,ha,Actual,PL4
8db119d1adefbb2d,2011,7,Vĩnh Long,Provincial,Cultivation,Lúa,,Area_Planted,5927.0,ha,Actual,PL4
8db119d1adefbb2d,2011,7,Vĩnh Long,Provincial,Cultivation,Lúa,,Area_Planted,161.0,ha,Actual,PL4
8db119d1adefbb2d,2011,7,Vĩnh Long,Provincial,Cultivation,Lúa,,Area_Planted,236.0,ha,Actual,PL4
658418097dc09dac,2011,7,Bến Tre,Provincial,Cultivation,Lúa,,Area_Planted,23388.0,ha,Actual,PL4
658418097dc09dac,2011,7,Bến Tre,Provincial,Cultivation,Lúa,,Area_Planted,882.0,ha,Actual,PL4
658418097dc09dac,2011,7,Bến Tre,Provincial,Cultivation,Lúa,,Area_Planted,622.0,ha,Actual,PL4
658418097dc09dac,2011,7,Bến Tre,Provincial,Cultivation,Lúa,,Area_Planted,150.0,ha,Actual,PL4
658418097dc09dac,2011,7,Bến Tre,Provincial,Cultivation,Lúa,,Area_Planted,100.0,ha,Actual,PL4
658418097dc09dac,2011,7,Bến Tre,Provincial,Cultivation,Lúa,,Area_Planted,10.0,ha,Actual,PL4
9648ea4f9c04ed7a,2011,7,Kiên Giang,Provincial,Cultivation,Lúa,,Area_Planted,282063.0,ha,Actual,PL4
9648ea4f9c04ed7a,2011,7,Kiên Giang,Provincial,Cultivation,Lúa,,Area_Planted,74106.0,ha,Actual,PL4
9648ea4f9c04ed7a,2011,7,Kiên Giang,Provincial,Cultivation,Lúa,,Area_Planted,545.0,ha,Actual,PL4
9648ea4f9c04ed7a,2011,7,Kiên Giang,Provincial,Cultivation,Lúa,,Area_Planted,873.0,ha,Actual,PL4
9648ea4f9c04ed7a,2011,7,Kiên Giang,Provincial,Cultivation,Lúa,,Area_Planted,873.0,ha,Actual,PL4
a5211a48e43c87de,2011,7,Cần Thơ,Provincial,Cultivation,Lúa,,Area_Planted,81563.0,ha,Actual,PL4
a5211a48e43c87de,2011,7,Cần Thơ,Provincial,Cultivation,Lúa,,Area_Planted,78041.0,ha,Actual,PL4
a5211a48e43c87de,2011,7,Cần Thơ,Provincial,Cultivation,Lúa,,Area_Planted,563.0,ha,Actual,PL4
a5211a48e43c87de,2011,7,Cần Thơ,Provincial,Cultivation,Lúa,,Area_Planted,51670.0,ha,Actual,PL4
a5211a48e43c87de,2011,7,Cần Thơ,Provincial,Cultivation,Lúa,,Area_Planted,811.0,ha,Actual,PL4
a5211a48e43c87de,2011,7,Cần Thơ,Provincial,Cultivation,Lúa,,Area_Planted,742.0,ha,Actual,PL4
a5211a48e43c87de,2011,7,Cần Thơ,Provincial,Cultivation,Lúa,,Area_Planted,69.0,ha,Actual,PL4
39dda161810c8b90,2011,7,Hậu Giang,Provincial,Cultivation,Lúa,,Area_Planted,79047.0,ha,Actual,PL4
39dda161810c8b90,2011,7,Hậu Giang,Provincial,Cultivation,Lúa,,Area_Planted,51984.0,ha,Actual,PL4
39dda161810c8b90,2011,7,Hậu Giang,Provincial,Cultivation,Lúa,,Area_Planted,543.0,ha,Actual,PL4
39dda161810c8b90,2011,7,Hậu Giang,Provincial,Cultivation,Lúa,,Area_Planted,23215.0,ha,Actual,PL4
39dda161810c8b90,2011,7,Hậu Giang,Provincial,Cultivation,Lúa,,Area_Planted,1724.0,ha,Actual,PL4
39dda161810c8b90,2011,7,Hậu Giang,Provincial,Cultivation,Lúa,,Area_Planted,1114.0,ha,Actual,PL4
39dda161810c8b90,2011,7,Hậu Giang,Provincial,Cultivation,Lúa,,Area_Planted,221.0,ha,Actual,PL4
39dda161810c8b90,2011,7,Hậu Giang,Provincial,Cultivation,Lúa,,Area_Planted,389.0,ha,Actual,PL4
e51c5a8ea8708682,2011,7,Trà Vinh,Provincial,Cultivation,Lúa,,Area_Planted,81041.0,ha,Actual,PL4
e51c5a8ea8708682,2011,7,Trà Vinh,Provincial,Cultivation,Lúa,,Area_Planted,16683.0,ha,Actual,PL4
e51c5a8ea8708682,2011,7,Trà Vinh,Provincial,Cultivation,Lúa,,Area_Planted,539.0,ha,Actual,PL4
e51c5a8ea8708682,2011,7,Trà Vinh,Provincial,Cultivation,Lúa,,Area_Planted,7542.0,ha,Actual,PL4
e51c5a8ea8708682,2011,7,Trà Vinh,Provincial,Cultivation,Lúa,,Area_Planted,6903.0,ha,Actual,PL4
e51c5a8ea8708682,2011,7,Trà Vinh,Provincial,Cultivation,Lúa,,Area_Planted,4295.0,ha,Actual,PL4
e51c5a8ea8708682,2011,7,Trà Vinh,Provincial,Cultivation,Lúa,,Area_Planted,1342.0,ha,Actual,PL4
e51c5a8ea8708682,2011,7,Trà Vinh,Provincial,Cultivation,Lúa,,Area_Planted,763.0,ha,Actual,PL4
e51c5a8ea8708682,2011,7,Trà Vinh,Provincial,Cultivation,Lúa,,Area_Planted,504.0,ha,Actual,PL4
4dddfe1dfe590704,2011,7,Sóc Trăng,Provincial,Cultivation,Lúa,,Area_Planted,186232.0,ha,Actual,PL4
4dddfe1dfe590704,2011,7,Sóc Trăng,Provincial,Cultivation,Lúa,,Area_Planted,52909.0,ha,Actual,PL4
4dddfe1dfe590704,2011,7,Sóc Trăng,Provincial,Cultivation,Lúa,,Area_Planted,666.0,ha,Actual,PL4
4dddfe1dfe590704,2011,7,Sóc Trăng,Provincial,Cultivation,Lúa,,Area_Planted,3293.0,ha,Actual,PL4
4dddfe1dfe590704,2011,7,Sóc Trăng,Provincial,Cultivation,Lúa,,Area_Planted,4631.0,ha,Actual,PL4
4dddfe1dfe590704,2011,7,Sóc Trăng,Provincial,Cultivation,Lúa,,Area_Planted,2448.0,ha,Actual,PL4
4dddfe1dfe590704,2011,7,Sóc Trăng,Provincial,Cultivation,Lúa,,Area_Planted,1371.0,ha,Actual,PL4
4dddfe1dfe590704,2011,7,Sóc Trăng,Provincial,Cultivation,Lúa,,Area_Planted,368.0,ha,Actual,PL4
4dddfe1dfe590704,2011,7,Sóc Trăng,Provincial,Cultivation,Lúa,,Area_Planted,444.0,ha,Actual,PL4
ffec14f9af2eaef3,2011,7,Bạc Liêu,Provincial,Cultivation,Lúa,,Area_Planted,55809.0,ha,Actual,PL4
ffec14f9af2eaef3,2011,7,Bạc Liêu,Provincial,Cultivation,Lúa,,Area_Planted,217.0,ha,Actual,PL4
ffec14f9af2eaef3,2011,7,Bạc Liêu,Provincial,Cultivation,Lúa,,Area_Planted,525.0,ha,Actual,PL4
ffec14f9af2eaef3,2011,7,Bạc Liêu,Provincial,Cultivation,Lúa,,Area_Planted,1580.0,ha,Actual,PL4
ffec14f9af2eaef3,2011,7,Bạc Liêu,Provincial,Cultivation,Lúa,,Area_Planted,691.0,ha,Actual,PL4
ffec14f9af2eaef3,2011,7,Bạc Liêu,Provincial,Cultivation,Lúa,,Area_Planted,92.0,ha,Actual,PL4
ffec14f9af2eaef3,2011,7,Bạc Liêu,Provincial,Cultivation,Lúa,,Area_Planted,599.0,ha,Actual,PL4
bc13730725dd9c17,2011,7,Cà Mau,Provincial,Cultivation,Lúa,,Area_Planted,34908.0,ha,Actual,PL4
bc13730725dd9c17,2011,7,Cà Mau,Provincial,Cultivation,Lúa,,Area_Planted,34908.0,ha,Actual,PL4
bc13730725dd9c17,2011,7,Cà Mau,Provincial,Cultivation,Lúa,,Area_Planted,430.0,ha,Actual,PL4
bc13730725dd9c17,2011,7,Cà Mau,Provincial,Cultivation,Lúa,,Area_Planted,49296.0,ha,Actual,PL4
4f4053937c5ab1fe,2011,7,Miền Nam,Provincial,Cultivation,Lúa,,Area_Planted,261214.0,ha,Actual,PL5
1f20dd705b06ba8a,2011,7,Miền Nam,Provincial,Cultivation,Đậu,,Area_Planted,9529.0,ha,Actual,PL5
25764d2a48f906c2,2011,7,Miền Nam,Provincial,Cultivation,Lạc,,Area_Planted,60830.0,ha,Actual,PL5
4f4053937c5ab1fe,2011,7,Miền Nam,Provincial,Cultivation,Lúa,,Area_Planted,32429.0,ha,Actual,PL5
4f4053937c5ab1fe,2011,7,Miền Nam,Provincial,Cultivation,Lúa,,Area_Planted,9903.0,ha,Actual,PL5
19bfba353f213cd8,2011,7,Miền Nam,Provincial,Cultivation,Mía,,Area_Planted,143289.0,ha,Actual,PL5
4f4053937c5ab1fe,2011,7,Miền Nam,Provincial,Cultivation,Lúa,,Area_Planted,1032.0,ha,Actual,PL5
4f4053937c5ab1fe,2011,7,Miền Nam,Provincial,Cultivation,Lúa,,Area_Planted,4202.0,ha,Actual,PL5
4f4053937c5ab1fe,2011,7,Miền Nam,Provincial,Cultivation,Lúa,,Area_Planted,315574.0,ha,Actual,PL5
4f4053937c5ab1fe,2011,7,Miền Nam,Provincial,Cultivation,Lúa,,Area_Planted,788448109.0,ha,Actual,PL5
e272e3510ffbcb99,2011,7,D.H Nam Trg Bộ,Provincial,Cultivation,Lúa,,Area_Planted,77929.0,ha,Actual,PL5
ea2c986b9ec92725,2011,7,D.H Nam Trg Bộ,Provincial,Cultivation,Đậu,,Area_Planted,823.0,ha,Actual,PL5
73b3859e3517e2b9,2011,7,D.H Nam Trg Bộ,Provincial,Cultivation,Lạc,,Area_Planted,25067.0,ha,Actual,PL5
e272e3510ffbcb99,2011,7,D.H Nam Trg Bộ,Provincial,Cultivation,Lúa,,Area_Planted,6378.0,ha,Actual,PL5
e272e3510ffbcb99,2011,7,D.H Nam Trg Bộ,Provincial,Cultivation,Lúa,,Area_Planted,883.0,ha,Actual,PL5
1c642254e0133ebd,2011,7,D.H Nam Trg Bộ,Provincial,Cultivation,Mía,,Area_Planted,44282.0,ha,Actual,PL5
e272e3510ffbcb99,2011,7,D.H Nam Trg Bộ,Provincial,Cultivation,Lúa,,Area_Planted,460.0,ha,Actual,PL5
e272e3510ffbcb99,2011,7,D.H Nam Trg Bộ,Provincial,Cultivation,Lúa,,Area_Planted,37.0,ha,Actual,PL5
e272e3510ffbcb99,2011,7,D.H Nam Trg Bộ,Provincial,Cultivation,Lúa,,Area_Planted,44024.0,ha,Actual,PL5
e272e3510ffbcb99,2011,7,D.H Nam Trg Bộ,Provincial,Cultivation,Lúa,,Area_Planted,44024.0,ha,Actual,PL5
ebd482168e51b963,2011,7,TP Đà Nẵng,Provincial,Cultivation,Lúa,,Area_Planted,1453.0,ha,Actual,PL5
f0b670804b50ae23,2011,7,TP Đà Nẵng,Provincial,Cultivation,Lạc,,Area_Planted,784.0,ha,Actual,PL5
ebd482168e51b963,2011,7,TP Đà Nẵng,Provincial,Cultivation,Lúa,,Area_Planted,255.0,ha,Actual,PL5
2c2a45c8ec1cc04b,2011,7,TP Đà Nẵng,Provincial,Cultivation,Mía,,Area_Planted,414.0,ha,Actual,PL5
ebd482168e51b963,2011,7,TP Đà Nẵng,Provincial,Cultivation,Lúa,,Area_Planted,780.0,ha,Actual,PL5
b788d16d831da4c0,2011,7,Quảng Nam,Provincial,Cultivation,Lúa,,Area_Planted,12539.0,ha,Actual,PL5
593b1aa8d1ffa8ec,2011,7,Quảng Nam,Provincial,Cultivation,Lạc,,Area_Planted,9751.0,ha,Actual,PL5
b788d16d831da4c0,2011,7,Quảng Nam,Provincial,Cultivation,Lúa,,Area_Planted,1900.0,ha,Actual,PL5
b788d16d831da4c0,2011,7,Quảng Nam,Provincial,Cultivation,Lúa,,Area_Planted,450.0,ha,Actual,PL5
02b634e6cbc90e6a,2011,7,Quảng Nam,Provincial,Cultivation,Mía,,Area_Planted,250.0,ha,Actual,PL5
b788d16d831da4c0,2011,7,Quảng Nam,Provincial,Cultivation,Lúa,,Area_Planted,188.0,ha,Actual,PL5
b788d16d831da4c0,2011,7,Quảng Nam,Provincial,Cultivation,Lúa,,Area_Planted,16880.0,ha,Actual,PL5
6dac5581afb1f8b1,2011,7,Quảng Ngãi,Provincial,Cultivation,Lúa,,Area_Planted,11758.0,ha,Actual,PL5
2a721a8f66f31321,2011,7,Quảng Ngãi,Provincial,Cultivation,Đậu,,Area_Planted,65.0,ha,Actual,PL5
b158d5dd3443ad83,2011,7,Quảng Ngãi,Provincial,Cultivation,Lạc,,Area_Planted,5443.0,ha,Actual,PL5
6dac5581afb1f8b1,2011,7,Quảng Ngãi,Provincial,Cultivation,Lúa,,Area_Planted,56.0,ha,Actual,PL5
fbb47e06932ae027,2011,7,Quảng Ngãi,Provincial,Cultivation,Mía,,Area_Planted,6194.0,ha,Actual,PL5
6dac5581afb1f8b1,2011,7,Quảng Ngãi,Provincial,Cultivation,Lúa,,Area_Planted,10253.0,ha,Actual,PL5
6dac5581afb1f8b1,2011,7,Quảng Ngãi,Provincial,Cultivation,Lúa,,Area_Planted,2790.0,ha,Actual,PL5
fbb57dc051150185,2011,7,Bình Định,Provincial,Cultivation,Lúa,,Area_Planted,10304.0,ha,Actual,PL5
aefa6fe5cbadbbae,2011,7,Bình Định,Provincial,Cultivation,Đậu,,Area_Planted,452.0,ha,Actual,PL5
474e528abd96acfa,2011,7,Bình Định,Provincial,Cultivation,Lạc,,Area_Planted,8396.0,ha,Actual,PL5
fbb57dc051150185,2011,7,Bình Định,Provincial,Cultivation,Lúa,,Area_Planted,1456.0,ha,Actual,PL5
fbb57dc051150185,2011,7,Bình Định,Provincial,Cultivation,Lúa,,Area_Planted,9531.0,ha,Actual,PL5
fbb57dc051150185,2011,7,Bình Định,Provincial,Cultivation,Lúa,,Area_Planted,1723.0,ha,Actual,PL5
a392903e124a1c6c,2011,7,Phú Yên,Provincial,Cultivation,Lúa,,Area_Planted,24335.0,ha,Actual,PL5
878c7c4e05c2e056,2011,7,Phú Yên,Provincial,Cultivation,Đậu,,Area_Planted,305.0,ha,Actual,PL5
f21e5583657e7cb4,2011,7,Phú Yên,Provincial,Cultivation,Lạc,,Area_Planted,693.0,ha,Actual,PL5
a392903e124a1c6c,2011,7,Phú Yên,Provincial,Cultivation,Lúa,,Area_Planted,2767.0,ha,Actual,PL5
a392903e124a1c6c,2011,7,Phú Yên,Provincial,Cultivation,Lúa,,Area_Planted,377.0,ha,Actual,PL5
843c00f0b67aca9a,2011,7,Phú Yên,Provincial,Cultivation,Mía,,Area_Planted,19884.0,ha,Actual,PL5
a392903e124a1c6c,2011,7,Phú Yên,Provincial,Cultivation,Lúa,,Area_Planted,272.0,ha,Actual,PL5
a392903e124a1c6c,2011,7,Phú Yên,Provincial,Cultivation,Lúa,,Area_Planted,37.0,ha,Actual,PL5
a392903e124a1c6c,2011,7,Phú Yên,Provincial,Cultivation,Lúa,,Area_Planted,3527.0,ha,Actual,PL5
a392903e124a1c6c,2011,7,Phú Yên,Provincial,Cultivation,Lúa,,Area_Planted,2815.0,ha,Actual,PL5
b499e94ccdcd860b,2011,7,Khánh Hoà,Provincial,Cultivation,Lúa,,Area_Planted,17540.0,ha,Actual,PL5
fa22864accbedef0,2011,7,Khánh Hoà,Provincial,Cultivation,Mía,,Area_Planted,17540.0,ha,Actual,PL5
b499e94ccdcd860b,2011,7,Khánh Hoà,Provincial,Cultivation,Lúa,,Area_Planted,3054.0,ha,Actual,PL5
b499e94ccdcd860b,2011,7,Khánh Hoà,Provincial,Cultivation,Lúa,,Area_Planted,781.0,ha,Actual,PL5
1e536107bc19f296,2011,7,Tây Nguyên,Provincial,Cultivation,Lúa,,Area_Planted,37194.0,ha,Actual,PL5
8e805ffaff87b83e,2011,7,Tây Nguyên,Provincial,Cultivation,Đậu,,Area_Planted,3776.0,ha,Actual,PL5
910c6474499f20fd,2011,7,Tây Nguyên,Provincial,Cultivation,Lạc,,Area_Planted,8828.0,ha,Actual,PL5
1e536107bc19f296,2011,7,Tây Nguyên,Provincial,Cultivation,Lúa,,Area_Planted,3287.0,ha,Actual,PL5
1e536107bc19f296,2011,7,Tây Nguyên,Provincial,Cultivation,Lúa,,Area_Planted,3532.0,ha,Actual,PL5
693811f6d45c95d9,2011,7,Tây Nguyên,Provincial,Cultivation,Mía,,Area_Planted,17354.0,ha,Actual,PL5
1e536107bc19f296,2011,7,Tây Nguyên,Provincial,Cultivation,Lúa,,Area_Planted,418.0,ha,Actual,PL5
1e536107bc19f296,2011,7,Tây Nguyên,Provincial,Cultivation,Lúa,,Area_Planted,0.0,ha,Actual,PL5
1e536107bc19f296,2011,7,Tây Nguyên,Provincial,Cultivation,Lúa,,Area_Planted,43773.0,ha,Actual,PL5
1e536107bc19f296,2011,7,Tây Nguyên,Provincial,Cultivation,Lúa,,Area_Planted,41116.0,ha,Actual,PL5
3a07ce6ecde89c0d,2011,7,Kon Tum,Provincial,Cultivation,Lúa,,Area_Planted,1888.0,ha,Actual,PL5
9d5e70e482b3f070,2011,7,Kon Tum,Provincial,Cultivation,Đậu,,Area_Planted,23.0,ha,Actual,PL5
af03751fefecdf02,2011,7,Kon Tum,Provincial,Cultivation,Lạc,,Area_Planted,95.0,ha,Actual,PL5
88951eafda567b59,2011,7,Kon Tum,Provincial,Cultivation,Mía,,Area_Planted,1770.0,ha,Actual,PL5
3a07ce6ecde89c0d,2011,7,Kon Tum,Provincial,Cultivation,Lúa,,Area_Planted,1748.0,ha,Actual,PL5
3a07ce6ecde89c0d,2011,7,Kon Tum,Provincial,Cultivation,Lúa,,Area_Planted,481.0,ha,Actual,PL5
0828f1b3167437f6,2011,7,Gia Lai,Provincial,Cultivation,Lúa,,Area_Planted,15568.0,ha,Actual,PL5
7958c1e91362adaa,2011,7,Gia Lai,Provincial,Cultivation,Lạc,,Area_Planted,1081.0,ha,Actual,PL5
0828f1b3167437f6,2011,7,Gia Lai,Provincial,Cultivation,Lúa,,Area_Planted,2821.0,ha,Actual,PL5
0828f1b3167437f6,2011,7,Gia Lai,Provincial,Cultivation,Lúa,,Area_Planted,3019.0,ha,Actual,PL5
1fdca8848ad98dee,2011,7,Gia Lai,Provincial,Cultivation,Mía,,Area_Planted,8229.0,ha,Actual,PL5
0828f1b3167437f6,2011,7,Gia Lai,Provincial,Cultivation,Lúa,,Area_Planted,418.0,ha,Actual,PL5
0828f1b3167437f6,2011,7,Gia Lai,Provincial,Cultivation,Lúa,,Area_Planted,9997.0,ha,Actual,PL5
0828f1b3167437f6,2011,7,Gia Lai,Provincial,Cultivation,Lúa,,Area_Planted,10602.0,ha,Actual,PL5
10513b47ca8863f3,2011,7,Đắc Lắc,Provincial,Cultivation,Lúa,,Area_Planted,14700.0,ha,Actual,PL5
bbad450e14de45b9,2011,7,Đắc Lắc,Provincial,Cultivation,Đậu,,Area_Planted,3753.0,ha,Actual,PL5
e68047ace51db399,2011,7,Đắc Lắc,Provincial,Cultivation,Lạc,,Area_Planted,2613.0,ha,Actual,PL5
10513b47ca8863f3,2011,7,Đắc Lắc,Provincial,Cultivation,Lúa,,Area_Planted,466.0,ha,Actual,PL5
10513b47ca8863f3,2011,7,Đắc Lắc,Provincial,Cultivation,Lúa,,Area_Planted,513.0,ha,Actual,PL5
f26401a591b90eb8,2011,7,Đắc Lắc,Provincial,Cultivation,Mía,,Area_Planted,7355.0,ha,Actual,PL5
10513b47ca8863f3,2011,7,Đắc Lắc,Provincial,Cultivation,Lúa,,Area_Planted,4905.0,ha,Actual,PL5
10513b47ca8863f3,2011,7,Đắc Lắc,Provincial,Cultivation,Lúa,,Area_Planted,13807.0,ha,Actual,PL5
439e96e482d210de,2011,7,Đắc Nông,Provincial,Cultivation,Lúa,,Area_Planted,5039.0,ha,Actual,PL5
41ca5b37c988629f,2011,7,Đắc Nông,Provincial,Cultivation,Lạc,,Area_Planted,5039.0,ha,Actual,PL5
439e96e482d210de,2011,7,Đắc Nông,Provincial,Cultivation,Lúa,,Area_Planted,905.0,ha,Actual,PL5
439e96e482d210de,2011,7,Đắc Nông,Provincial,Cultivation,Lúa,,Area_Planted,15003.0,ha,Actual,PL5
5e40d27faa8fd24d,2011,7,ồ  Lâm Đng,Provincial,Cultivation,Lúa,,Area_Planted,0.0,ha,Actual,PL5
5e40d27faa8fd24d,2011,7,ồ  Lâm Đng,Provincial,Cultivation,Lúa,,Area_Planted,26219.0,ha,Actual,PL5
5e40d27faa8fd24d,2011,7,ồ  Lâm Đng,Provincial,Cultivation,Lúa,,Area_Planted,1223.0,ha,Actual,PL5
cf865aec6c3d6f70,2011,7,Đông Nam Bộ,Provincial,Cultivation,Lúa,,Area_Planted,51003.0,ha,Actual,PL5
17b4b59257c61851,2011,7,Đông Nam Bộ,Provincial,Cultivation,Đậu,,Area_Planted,491.0,ha,Actual,PL5
e10d6c6f7611f44c,2011,7,Đông Nam Bộ,Provincial,Cultivation,Lạc,,Area_Planted,15526.0,ha,Actual,PL5
cf865aec6c3d6f70,2011,7,Đông Nam Bộ,Provincial,Cultivation,Lúa,,Area_Planted,6575.0,ha,Actual,PL5
cf865aec6c3d6f70,2011,7,Đông Nam Bộ,Provincial,Cultivation,Lúa,,Area_Planted,5358.0,ha,Actual,PL5
b9a915705747b1da,2011,7,Đông Nam Bộ,Provincial,Cultivation,Mía,,Area_Planted,22899.0,ha,Actual,PL5
cf865aec6c3d6f70,2011,7,Đông Nam Bộ,Provincial,Cultivation,Lúa,,Area_Planted,154.0,ha,Actual,PL5
cf865aec6c3d6f70,2011,7,Đông Nam Bộ,Provincial,Cultivation,Lúa,,Area_Planted,0.0,ha,Actual,PL5
cf865aec6c3d6f70,2011,7,Đông Nam Bộ,Provincial,Cultivation,Lúa,,Area_Planted,50704.0,ha,Actual,PL5
cf865aec6c3d6f70,2011,7,Đông Nam Bộ,Provincial,Cultivation,Lúa,,Area_Planted,19296.0,ha,Actual,PL5
d8c1d0f02a0d64c9,2011,7,TP Hồ Chí Minh,Provincial,Cultivation,Lúa,,Area_Planted,2300.0,ha,Actual,PL5
374f014903919b7c,2011,7,TP Hồ Chí Minh,Provincial,Cultivation,Mía,,Area_Planted,2300.0,ha,Actual,PL5
d8c1d0f02a0d64c9,2011,7,TP Hồ Chí Minh,Provincial,Cultivation,Lúa,,Area_Planted,7520.0,ha,Actual,PL5
c0d075695b128322,2011,7,Ninh Thuận,Provincial,Cultivation,Lúa,,Area_Planted,5746.0,ha,Actual,PL5
4e9e0d7ed94914d6,2011,7,Ninh Thuận,Provincial,Cultivation,Đậu,,Area_Planted,3.0,ha,Actual,PL5
55a264c1411d139e,2011,7,Ninh Thuận,Provincial,Cultivation,Lạc,,Area_Planted,212.0,ha,Actual,PL5
c0d075695b128322,2011,7,Ninh Thuận,Provincial,Cultivation,Lúa,,Area_Planted,21.0,ha,Actual,PL5
c0d075695b128322,2011,7,Ninh Thuận,Provincial,Cultivation,Lúa,,Area_Planted,782.0,ha,Actual,PL5
17e09fb3751ff3ab,2011,7,Ninh Thuận,Provincial,Cultivation,Mía,,Area_Planted,4645.0,ha,Actual,PL5
c0d075695b128322,2011,7,Ninh Thuận,Provincial,Cultivation,Lúa,,Area_Planted,83.0,ha,Actual,PL5
c0d075695b128322,2011,7,Ninh Thuận,Provincial,Cultivation,Lúa,,Area_Planted,4638.0,ha,Actual,PL5
c0d075695b128322,2011,7,Ninh Thuận,Provincial,Cultivation,Lúa,,Area_Planted,3476.0,ha,Actual,PL5
e52df5eb5b9fb646,2011,7,Bình Phước,Provincial,Cultivation,Lúa,,Area_Planted,549.0,ha,Actual,PL5
231bc7b63b9a9e02,2011,7,Bình Phước,Provincial,Cultivation,Đậu,,Area_Planted,24.0,ha,Actual,PL5
87ce2990ac5afb9f,2011,7,Bình Phước,Provincial,Cultivation,Lạc,,Area_Planted,109.0,ha,Actual,PL5
e52df5eb5b9fb646,2011,7,Bình Phước,Provincial,Cultivation,Lúa,,Area_Planted,41.0,ha,Actual,PL5
e52df5eb5b9fb646,2011,7,Bình Phước,Provincial,Cultivation,Lúa,,Area_Planted,2.0,ha,Actual,PL5
4f3043a76f1f3d0e,2011,7,Bình Phước,Provincial,Cultivation,Mía,,Area_Planted,372.0,ha,Actual,PL5
e52df5eb5b9fb646,2011,7,Bình Phước,Provincial,Cultivation,Lúa,,Area_Planted,1.0,ha,Actual,PL5
e52df5eb5b9fb646,2011,7,Bình Phước,Provincial,Cultivation,Lúa,,Area_Planted,2661.0,ha,Actual,PL5
e52df5eb5b9fb646,2011,7,Bình Phước,Provincial,Cultivation,Lúa,,Area_Planted,1156.0,ha,Actual,PL5
1582e0a558f3846d,2011,7,Tây Ninh,Provincial,Cultivation,Lúa,,Area_Planted,19311.0,ha,Actual,PL5
9b3ae93034601413,2011,7,Tây Ninh,Provincial,Cultivation,Lạc,,Area_Planted,10635.0,ha,Actual,PL5
1582e0a558f3846d,2011,7,Tây Ninh,Provincial,Cultivation,Lúa,,Area_Planted,790.0,ha,Actual,PL5
1582e0a558f3846d,2011,7,Tây Ninh,Provincial,Cultivation,Lúa,,Area_Planted,3340.0,ha,Actual,PL5
15e5947ae4af4997,2011,7,Tây Ninh,Provincial,Cultivation,Mía,,Area_Planted,4546.0,ha,Actual,PL5
1582e0a558f3846d,2011,7,Tây Ninh,Provincial,Cultivation,Lúa,,Area_Planted,13665.0,ha,Actual,PL5
1582e0a558f3846d,2011,7,Tây Ninh,Provincial,Cultivation,Lúa,,Area_Planted,6588.0,ha,Actual,PL5
04cf99d50ea1ff6d,2011,7,Bình Dương,Provincial,Cultivation,Lúa,,Area_Planted,907.0,ha,Actual,PL5
e0af69b1a0517a51,2011,7,Bình Dương,Provincial,Cultivation,Lạc,,Area_Planted,555.0,ha,Actual,PL5
04cf99d50ea1ff6d,2011,7,Bình Dương,Provincial,Cultivation,Lúa,,Area_Planted,190.0,ha,Actual,PL5
2ad3d00c44159f20,2011,7,Bình Dương,Provincial,Cultivation,Mía,,Area_Planted,162.0,ha,Actual,PL5
04cf99d50ea1ff6d,2011,7,Bình Dương,Provincial,Cultivation,Lúa,,Area_Planted,2812.0,ha,Actual,PL5
04cf99d50ea1ff6d,2011,7,Bình Dương,Provincial,Cultivation,Lúa,,Area_Planted,513.0,ha,Actual,PL5
0e4f65520482d6d3,2011,7,Đồng Nai,Provincial,Cultivation,Lúa,,Area_Planted,9052.0,ha,Actual,PL5
84686bad8c1b504c,2011,7,Đồng Nai,Provincial,Cultivation,Đậu,,Area_Planted,464.0,ha,Actual,PL5
f435aa2010d3db87,2011,7,Đồng Nai,Provincial,Cultivation,Lạc,,Area_Planted,743.0,ha,Actual,PL5
0e4f65520482d6d3,2011,7,Đồng Nai,Provincial,Cultivation,Lúa,,Area_Planted,95.0,ha,Actual,PL5
0e4f65520482d6d3,2011,7,Đồng Nai,Provincial,Cultivation,Lúa,,Area_Planted,1062.0,ha,Actual,PL5
76f5ae390d649f4f,2011,7,Đồng Nai,Provincial,Cultivation,Mía,,Area_Planted,6681.0,ha,Actual,PL5
0e4f65520482d6d3,2011,7,Đồng Nai,Provincial,Cultivation,Lúa,,Area_Planted,7.0,ha,Actual,PL5
0e4f65520482d6d3,2011,7,Đồng Nai,Provincial,Cultivation,Lúa,,Area_Planted,8882.0,ha,Actual,PL5
0e4f65520482d6d3,2011,7,Đồng Nai,Provincial,Cultivation,Lúa,,Area_Planted,4049.0,ha,Actual,PL5
4b49ac0e1eb1e6d1,2011,7,Bình Thuận,Provincial,Cultivation,Lúa,,Area_Planted,12026.0,ha,Actual,PL5
b10639bcc1c30c3b,2011,7,Bình Thuận,Provincial,Cultivation,Lạc,,Area_Planted,2727.0,ha,Actual,PL5
4b49ac0e1eb1e6d1,2011,7,Bình Thuận,Provincial,Cultivation,Lúa,,Area_Planted,5341.0,ha,Actual,PL5
4b49ac0e1eb1e6d1,2011,7,Bình Thuận,Provincial,Cultivation,Lúa,,Area_Planted,54.0,ha,Actual,PL5
e8b9aabec4e579e8,2011,7,Bình Thuận,Provincial,Cultivation,Mía,,Area_Planted,3894.0,ha,Actual,PL5
4b49ac0e1eb1e6d1,2011,7,Bình Thuận,Provincial,Cultivation,Lúa,,Area_Planted,10.0,ha,Actual,PL5
4b49ac0e1eb1e6d1,2011,7,Bình Thuận,Provincial,Cultivation,Lúa,,Area_Planted,3817.0,ha,Actual,PL5
4b49ac0e1eb1e6d1,2011,7,Bình Thuận,Provincial,Cultivation,Lúa,,Area_Planted,2936.0,ha,Actual,PL5
6336d6ef2dd7e70a,2011,7,Bà Rịa-V.Tàu,Provincial,Cultivation,Lúa,,Area_Planted,1112.0,ha,Actual,PL5
4f2651050055a0c3,2011,7,Bà Rịa-V.Tàu,Provincial,Cultivation,Lạc,,Area_Planted,545.0,ha,Actual,PL5
6336d6ef2dd7e70a,2011,7,Bà Rịa-V.Tàu,Provincial,Cultivation,Lúa,,Area_Planted,97.0,ha,Actual,PL5
6336d6ef2dd7e70a,2011,7,Bà Rịa-V.Tàu,Provincial,Cultivation,Lúa,,Area_Planted,118.0,ha,Actual,PL5
acbeb474f339569e,2011,7,Bà Rịa-V.Tàu,Provincial,Cultivation,Mía,,Area_Planted,299.0,ha,Actual,PL5
6336d6ef2dd7e70a,2011,7,Bà Rịa-V.Tàu,Provincial,Cultivation,Lúa,,Area_Planted,53.0,ha,Actual,PL5
6336d6ef2dd7e70a,2011,7,Bà Rịa-V.Tàu,Provincial,Cultivation,Lúa,,Area_Planted,6709.0,ha,Actual,PL5
6336d6ef2dd7e70a,2011,7,Bà Rịa-V.Tàu,Provincial,Cultivation,Lúa,,Area_Planted,578.0,ha,Actual,PL5
a77e00210ce44098,2011,7,ĐBS Cửu Long,Provincial,Cultivation,Lúa,,Area_Planted,95088.0,ha,Actual,PL5
a05b98ee6c2c6082,2011,7,ĐBS Cửu Long,Provincial,Cultivation,Đậu,,Area_Planted,4440.0,ha,Actual,PL5
162747fd88398bc9,2011,7,ĐBS Cửu Long,Provincial,Cultivation,Lạc,,Area_Planted,11410.0,ha,Actual,PL5
a77e00210ce44098,2011,7,ĐBS Cửu Long,Provincial,Cultivation,Lúa,,Area_Planted,16190.0,ha,Actual,PL5
a77e00210ce44098,2011,7,ĐBS Cửu Long,Provincial,Cultivation,Lúa,,Area_Planted,130.0,ha,Actual,PL5
3a79c10b553ecf19,2011,7,ĐBS Cửu Long,Provincial,Cultivation,Mía,,Area_Planted,58754.0,ha,Actual,PL5
a77e00210ce44098,2011,7,ĐBS Cửu Long,Provincial,Cultivation,Lúa,,Area_Planted,0.0,ha,Actual,PL5
a77e00210ce44098,2011,7,ĐBS Cửu Long,Provincial,Cultivation,Lúa,,Area_Planted,4165.0,ha,Actual,PL5
a77e00210ce44098,2011,7,ĐBS Cửu Long,Provincial,Cultivation,Lúa,,Area_Planted,177073.0,ha,Actual,PL5
a77e00210ce44098,2011,7,ĐBS Cửu Long,Provincial,Cultivation,Lúa,,Area_Planted,10323.0,ha,Actual,PL5
405fb2b02918a77a,2011,7,Long An,Provincial,Cultivation,Lúa,,Area_Planted,24338.0,ha,Actual,PL5
409208f55703745f,2011,7,Long An,Provincial,Cultivation,Lạc,,Area_Planted,6158.0,ha,Actual,PL5
405fb2b02918a77a,2011,7,Long An,Provincial,Cultivation,Lúa,,Area_Planted,1782.0,ha,Actual,PL5
405fb2b02918a77a,2011,7,Long An,Provincial,Cultivation,Lúa,,Area_Planted,81.0,ha,Actual,PL5
47a60a8b7231541f,2011,7,Long An,Provincial,Cultivation,Mía,,Area_Planted,13276.0,ha,Actual,PL5
405fb2b02918a77a,2011,7,Long An,Provincial,Cultivation,Lúa,,Area_Planted,3041.0,ha,Actual,PL5
405fb2b02918a77a,2011,7,Long An,Provincial,Cultivation,Lúa,,Area_Planted,13465.0,ha,Actual,PL5
de0e6ff4199f29ff,2011,7,Đồng Tháp,Provincial,Cultivation,Lúa,,Area_Planted,8167.0,ha,Actual,PL5
447857a06ff7ef67,2011,7,Đồng Tháp,Provincial,Cultivation,Đậu,,Area_Planted,2603.0,ha,Actual,PL5
863784a0c4b39187,2011,7,Đồng Tháp,Provincial,Cultivation,Lạc,,Area_Planted,235.0,ha,Actual,PL5
de0e6ff4199f29ff,2011,7,Đồng Tháp,Provincial,Cultivation,Lúa,,Area_Planted,5034.0,ha,Actual,PL5
804b5fb670a5210d,2011,7,Đồng Tháp,Provincial,Cultivation,Mía,,Area_Planted,101.0,ha,Actual,PL5
de0e6ff4199f29ff,2011,7,Đồng Tháp,Provincial,Cultivation,Lúa,,Area_Planted,194.0,ha,Actual,PL5
de0e6ff4199f29ff,2011,7,Đồng Tháp,Provincial,Cultivation,Lúa,,Area_Planted,10541.0,ha,Actual,PL5
de0e6ff4199f29ff,2011,7,Đồng Tháp,Provincial,Cultivation,Lúa,,Area_Planted,1523.0,ha,Actual,PL5
b2a4c63ce5e36429,2011,7,An Giang,Provincial,Cultivation,Lúa,,Area_Planted,3088.0,ha,Actual,PL5
642b5675f538f981,2011,7,An Giang,Provincial,Cultivation,Đậu,,Area_Planted,241.0,ha,Actual,PL5
5c564cad8349e91e,2011,7,An Giang,Provincial,Cultivation,Lạc,,Area_Planted,638.0,ha,Actual,PL5
b2a4c63ce5e36429,2011,7,An Giang,Provincial,Cultivation,Lúa,,Area_Planted,2108.0,ha,Actual,PL5
b2a4c63ce5e36429,2011,7,An Giang,Provincial,Cultivation,Lúa,,Area_Planted,49.0,ha,Actual,PL5
eb5d321945a13862,2011,7,An Giang,Provincial,Cultivation,Mía,,Area_Planted,47.0,ha,Actual,PL5
b2a4c63ce5e36429,2011,7,An Giang,Provincial,Cultivation,Lúa,,Area_Planted,5.0,ha,Actual,PL5
b2a4c63ce5e36429,2011,7,An Giang,Provincial,Cultivation,Lúa,,Area_Planted,25135.0,ha,Actual,PL5
b2a4c63ce5e36429,2011,7,An Giang,Provincial,Cultivation,Lúa,,Area_Planted,3405.0,ha,Actual,PL5
466d473292207ed0,2011,7,Tiền Giang,Provincial,Cultivation,Lúa,,Area_Planted,535.0,ha,Actual,PL5
0bc62e2034838c86,2011,7,Tiền Giang,Provincial,Cultivation,Đậu,,Area_Planted,218.0,ha,Actual,PL5
4206edf7ba1e154b,2011,7,Tiền Giang,Provincial,Cultivation,Lạc,,Area_Planted,110.0,ha,Actual,PL5
e88fa7c5e95cf724,2011,7,Tiền Giang,Provincial,Cultivation,Mía,,Area_Planted,207.0,ha,Actual,PL5
466d473292207ed0,2011,7,Tiền Giang,Provincial,Cultivation,Lúa,,Area_Planted,30563.0,ha,Actual,PL5
466d473292207ed0,2011,7,Tiền Giang,Provincial,Cultivation,Lúa,,Area_Planted,134.0,ha,Actual,PL5
8db119d1adefbb2d,2011,7,Vĩnh Long,Provincial,Cultivation,Lúa,,Area_Planted,2590.0,ha,Actual,PL5
40c71bc31adccea9,2011,7,Vĩnh Long,Provincial,Cultivation,Đậu,,Area_Planted,912.0,ha,Actual,PL5
d05773d391d2efe0,2011,7,Vĩnh Long,Provincial,Cultivation,Lạc,,Area_Planted,29.0,ha,Actual,PL5
8db119d1adefbb2d,2011,7,Vĩnh Long,Provincial,Cultivation,Lúa,,Area_Planted,1568.0,ha,Actual,PL5
c3567f1793bc4c4c,2011,7,Vĩnh Long,Provincial,Cultivation,Mía,,Area_Planted,82.0,ha,Actual,PL5
8db119d1adefbb2d,2011,7,Vĩnh Long,Provincial,Cultivation,Lúa,,Area_Planted,15891.0,ha,Actual,PL5
8db119d1adefbb2d,2011,7,Vĩnh Long,Provincial,Cultivation,Lúa,,Area_Planted,755.0,ha,Actual,PL5
658418097dc09dac,2011,7,Bến Tre,Provincial,Cultivation,Lúa,,Area_Planted,5933.0,ha,Actual,PL5
6f527f8b267bc10c,2011,7,Bến Tre,Provincial,Cultivation,Lạc,,Area_Planted,133.0,ha,Actual,PL5
1db0e1efe73f8314,2011,7,Bến Tre,Provincial,Cultivation,Mía,,Area_Planted,5800.0,ha,Actual,PL5
658418097dc09dac,2011,7,Bến Tre,Provincial,Cultivation,Lúa,,Area_Planted,3666.0,ha,Actual,PL5
658418097dc09dac,2011,7,Bến Tre,Provincial,Cultivation,Lúa,,Area_Planted,3.0,ha,Actual,PL5
9648ea4f9c04ed7a,2011,7,Kiên Giang,Provincial,Cultivation,Lúa,,Area_Planted,4512.0,ha,Actual,PL5
873747ccf26bffaf,2011,7,Kiên Giang,Provincial,Cultivation,Mía,,Area_Planted,4512.0,ha,Actual,PL5
9648ea4f9c04ed7a,2011,7,Kiên Giang,Provincial,Cultivation,Lúa,,Area_Planted,2999.0,ha,Actual,PL5
a5211a48e43c87de,2011,7,Cần Thơ,Provincial,Cultivation,Lúa,,Area_Planted,5944.0,ha,Actual,PL5
26f8ebefa6dd97e6,2011,7,Cần Thơ,Provincial,Cultivation,Đậu,,Area_Planted,228.0,ha,Actual,PL5
46a741e575bf8eb8,2011,7,Cần Thơ,Provincial,Cultivation,Lạc,,Area_Planted,18.0,ha,Actual,PL5
a5211a48e43c87de,2011,7,Cần Thơ,Provincial,Cultivation,Lúa,,Area_Planted,5698.0,ha,Actual,PL5
a5211a48e43c87de,2011,7,Cần Thơ,Provincial,Cultivation,Lúa,,Area_Planted,692622.0,ha,Actual,PL5
a5211a48e43c87de,2011,7,Cần Thơ,Provincial,Cultivation,Lúa,,Area_Planted,797.0,ha,Actual,PL5
39dda161810c8b90,2011,7,Hậu Giang,Provincial,Cultivation,Lúa,,Area_Planted,13747.0,ha,Actual,PL5
9233b096e6e7e731,2011,7,Hậu Giang,Provincial,Cultivation,Mía,,Area_Planted,13747.0,ha,Actual,PL5
39dda161810c8b90,2011,7,Hậu Giang,Provincial,Cultivation,Lúa,,Area_Planted,10969.0,ha,Actual,PL5
39dda161810c8b90,2011,7,Hậu Giang,Provincial,Cultivation,Lúa,,Area_Planted,561.0,ha,Actual,PL5
e51c5a8ea8708682,2011,7,Trà Vinh,Provincial,Cultivation,Lúa,,Area_Planted,11138.0,ha,Actual,PL5
b6a3a48c5f095ac6,2011,7,Trà Vinh,Provincial,Cultivation,Lạc,,Area_Planted,4012.0,ha,Actual,PL5
6e5615bd47535f43,2011,7,Trà Vinh,Provincial,Cultivation,Mía,,Area_Planted,6200.0,ha,Actual,PL5
e51c5a8ea8708682,2011,7,Trà Vinh,Provincial,Cultivation,Lúa,,Area_Planted,925.0,ha,Actual,PL5
e51c5a8ea8708682,2011,7,Trà Vinh,Provincial,Cultivation,Lúa,,Area_Planted,20186.0,ha,Actual,PL5
e51c5a8ea8708682,2011,7,Trà Vinh,Provincial,Cultivation,Lúa,,Area_Planted,1024.0,ha,Actual,PL5
4dddfe1dfe590704,2011,7,Sóc Trăng,Provincial,Cultivation,Lúa,,Area_Planted,13294.0,ha,Actual,PL5
3b28d64e73996d0e,2011,7,Sóc Trăng,Provincial,Cultivation,Đậu,,Area_Planted,238.0,ha,Actual,PL5
01fbe98bef326415,2011,7,Sóc Trăng,Provincial,Cultivation,Lạc,,Area_Planted,77.0,ha,Actual,PL5
dcb85f0926851d59,2011,7,Sóc Trăng,Provincial,Cultivation,Mía,,Area_Planted,12979.0,ha,Actual,PL5
4dddfe1dfe590704,2011,7,Sóc Trăng,Provincial,Cultivation,Lúa,,Area_Planted,24236.0,ha,Actual,PL5
4dddfe1dfe590704,2011,7,Sóc Trăng,Provincial,Cultivation,Lúa,,Area_Planted,2121.0,ha,Actual,PL5
ffec14f9af2eaef3,2011,7,Bạc Liêu,Provincial,Cultivation,Lúa,,Area_Planted,0.0,ha,Actual,PL5
ffec14f9af2eaef3,2011,7,Bạc Liêu,Provincial,Cultivation,Lúa,,Area_Planted,8586.0,ha,Actual,PL5
bc13730725dd9c17,2011,7,Cà Mau,Provincial,Cultivation,Lúa,,Area_Planted,1803.0,ha,Actual,PL5
3c558bd8aefccf20,2011,7,Cà Mau,Provincial,Cultivation,Mía,,Area_Planted,1803.0,ha,Actual,PL5
bc13730725dd9c17,2011,7,Cà Mau,Provincial,Cultivation,Lúa,,Area_Planted,3910.0,ha,Actual,PL5
d30629bdf4398281,2011,7,Cả nước,National,Forestry,Rừng,,Area,721.0,1000_ha,Estimated,PL6
2ef9e8867beed09d,2011,7,Cả nước,National,Forestry,Rừng,,Area,1167.0,1000_ha,Plan,PL6
d30629bdf4398281,2011,7,Cả nước,National,Forestry,Rừng,,Area,402.0,1000_ha,Estimated,PL6
2ef9e8867beed09d,2011,7,Cả nước,National,Forestry,Rừng,,Area,226.0,1000_ha,Plan,PL6
d30629bdf4398281,2011,7,Cả nước,National,Forestry,Rừng,,Area,798.0,1000_ha,Estimated,PL6
2ef9e8867beed09d,2011,7,Cả nước,National,Forestry,Rừng,,Area,941.0,1000_ha,Plan,PL6
d30629bdf4398281,2011,7,Cả nước,National,Forestry,Rừng,,Area,1075.0,1000_ha,Estimated,PL6
2ef9e8867beed09d,2011,7,Cả nước,National,Forestry,Rừng,,Area,2542.0,1000_ha,Plan,PL6
d30629bdf4398281,2011,7,Cả nước,National,Forestry,Rừng,,Area,1003.0,1000_ha,Estimated,PL6
2ef9e8867beed09d,2011,7,Cả nước,National,Forestry,Rừng,,Area,1237.0,1000_ha,Plan,PL6
d30629bdf4398281,2011,7,Cả nước,National,Forestry,Rừng,,Area,1002.0,1000_ha,Estimated,PL6
2ef9e8867beed09d,2011,7,Cả nước,National,Forestry,Rừng,,Area,6940.0,1000_ha,Plan,PL6
d30629bdf4398281,2011,7,Cả nước,National,Forestry,Rừng,,Area,1049.0,1000_ha,Estimated,PL6
2ef9e8867beed09d,2011,7,Cả nước,National,Forestry,Rừng,,Area,22395.0,1000_ha,Plan,PL6
d30629bdf4398281,2011,7,Cả nước,National,Forestry,Rừng,,Area,1126.0,1000_ha,Estimated,PL6
2ef9e8867beed09d,2011,7,Cả nước,National,Forestry,Rừng,,Area,20864.0,1000_ha,Plan,PL6
5e274106d240a4a0,2011,1,Cả nước,National,Trade,0,Xuất khẩu,Export_Volume,3.0,1000_ton,Actual,PL8
b08e4ae37b4c8078,2011,1,Cả nước,National,Trade,0,Xuất khẩu,Export_Value,4.0,million_USD,Actual,PL8
a7751093830ef3a7,2011,1,Cả nước,National,Trade,I,Xuất khẩu,Export_Volume,527.0,1000_ton,Actual,PL8
639f3f427c92236f,2011,1,Cả nước,National,Trade,I,Xuất khẩu,Export_Value,3039.0,million_USD,Actual,PL8
a84b2af0da829d1f,2011,1,Cả nước,National,Trade,1,Xuất khẩu,Export_Volume,224.0,1000_ton,Actual,PL8
4f1fe84b320a3531,2011,1,Cả nước,National,Trade,1,Xuất khẩu,Export_Value,1476.0,million_USD,Actual,PL8
120910804e23fcb1,2011,1,Cả nước,National,Trade,1.1,Xuất khẩu,Export_Volume,210.0,1000_ton,Actual,PL8
1f790a109f13eba5,2011,1,Cả nước,National,Trade,1.1,Xuất khẩu,Export_Value,1380.0,million_USD,Actual,PL8
7654cedad9f9e411,2011,1,Cả nước,National,Trade,1.2,Xuất khẩu,Export_Volume,14.0,1000_ton,Actual,PL8
a5e143faa97aa0f1,2011,1,Cả nước,National,Trade,1.2,Xuất khẩu,Export_Value,96.0,million_USD,Actual,PL8
2cd5be89bfdc3209,2011,1,Cả nước,National,Trade,2,Xuất khẩu,Export_Volume,303.0,1000_ton,Actual,PL8
0ba7888b5fa038bc,2011,1,Cả nước,National,Trade,2,Xuất khẩu,Export_Value,1563.0,million_USD,Actual,PL8
f28d50620bd9d17f,2011,7,Cả nước,National,Investment,48654,,Investment_Amount,12560.0,million_VND,Plan,PL9
82941c6815635078,2011,7,Cả nước,National,Investment,48654,,Investment_Amount,36094.0,million_VND,Cumulative,PL9
fb34d5ceea6378d0,2011,7,Cả nước,National,Investment,58621,,Investment_Amount,29379.0,million_VND,Plan,PL9
037856b2dfca7165,2011,7,Cả nước,National,Investment,58621,,Investment_Amount,29242.0,million_VND,Cumulative,PL9
06a60d2eecef54b9,2011,7,Cả nước,National,Investment,36550,,Investment_Amount,15500.0,million_VND,Plan,PL9
68e28e7b08ed456c,2011,7,Cả nước,National,Investment,36550,,Investment_Amount,21050.0,million_VND,Cumulative,PL9
b732bb600f6bb911,2011,7,Cả nước,National,Investment,54181,,Investment_Amount,32115.0,million_VND,Plan,PL9
331810a1605313c0,2011,7,Cả nước,National,Investment,54181,,Investment_Amount,22066.0,million_VND,Cumulative,PL9
f58544c8074eaa9b,2011,7,Cả nước,National,Investment,12965,,Investment_Amount,9815.0,million_VND,Plan,PL9
64f0f21ca7c3c25b,2011,7,Cả nước,National,Investment,12965,,Investment_Amount,3150.0,million_VND,Cumulative,PL9
c2542723dfdcaef6,2011,7,Cả nước,National,Investment,62362,,Investment_Amount,16425.0,million_VND,Plan,PL9
7f6bd366a0612aa7,2011,7,Cả nước,National,Investment,62362,,Investment_Amount,45937.0,million_VND,Cumulative,PL9
b4297b38e6742895,2011,7,Cả nước,National,Investment,65812,,Investment_Amount,21068.0,million_VND,Plan,PL9
2d4339d417b3ef95,2011,7,Cả nước,National,Investment,65812,,Investment_Amount,44744.0,million_VND,Cumulative,PL9
0834ce21ad564277,2011,7,Cả nước,National,Investment,21750,,Investment_Amount,6670.0,million_VND,Plan,PL9
14ea5211a8909302,2011,7,Cả nước,National,Investment,21750,,Investment_Amount,15080.0,million_VND,Cumulative,PL9
872396cd3ceb6d86,2011,7,Cả nước,National,Investment,22880,,Investment_Amount,4380.0,million_VND,Plan,PL9
a474aae12492abfd,2011,7,Cả nước,National,Investment,22880,,Investment_Amount,18500.0,million_VND,Cumulative,PL9
8bb919223e925785,2011,7,Cả nước,National,Investment,13578,,Investment_Amount,5228.0,million_VND,Plan,PL9
da74ab9bc745137a,2011,7,Cả nước,National,Investment,13578,,Investment_Amount,8350.0,million_VND,Cumulative,PL9
f4cbaa4c91537b51,2011,7,Cả nước,National,Investment,20727,,Investment_Amount,5400.0,million_VND,Plan,PL9
de04ddc96c1cc066,2011,7,Cả nước,National,Investment,20727,,Investment_Amount,15327.0,million_VND,Cumulative,PL9
86f792136688ba96,2011,7,Cả nước,National,Investment,25150,,Investment_Amount,250.0,million_VND,Plan,PL9
1a6a8195643f2ab3,2011,7,Cả nước,National,Investment,25150,,Investment_Amount,24900.0,million_VND,Cumulative,PL9
61265844da317e91,2011,7,Cả nước,National,Investment,46150,,Investment_Amount,5450.0,million_VND,Plan,PL9
261c23024324e1d9,2011,7,Cả nước,National,Investment,46150,,Investment_Amount,40700.0,million_VND,Cumulative,PL9
e93822a2d0c1f1b5,2011,7,Cả nước,National,Investment,70309,,Investment_Amount,3097.0,million_VND,Plan,PL9
8ced7211b3d85923,2011,7,Cả nước,National,Investment,70309,,Investment_Amount,67212.0,million_VND,Cumulative,PL9
1e7b9fcf1538e27a,2011,7,Cả nước,National,Investment,82532,,Investment_Amount,3398.0,million_VND,Plan,PL9
74f32e7707e8c357,2011,7,Cả nước,National,Investment,82532,,Investment_Amount,79134.0,million_VND,Cumulative,PL9
7c442dc1a242186c,2011,7,Cả nước,National,Investment,38722,,Investment_Amount,5122.0,million_VND,Plan,PL9
f4c211a349340035,2011,7,Cả nước,National,Investment,38722,,Investment_Amount,33600.0,million_VND,Cumulative,PL9
d5693263fb704641,2011,7,Cả nước,National,Investment,59200,,Investment_Amount,13000.0,million_VND,Plan,PL9
6500124c138a76f7,2011,7,Cả nước,National,Investment,59200,,Investment_Amount,46200.0,million_VND,Cumulative,PL9
e98ab6c97e4214a0,2011,7,Cả nước,National,Investment,33721,,Investment_Amount,5753.0,million_VND,Plan,PL9
a7d15b5f1abcc364,2011,7,Cả nước,National,Investment,33721,,Investment_Amount,27968.0,million_VND,Cumulative,PL9
149c21c7552c168f,2011,7,Cả nước,National,Investment,98957,,Investment_Amount,8025.0,million_VND,Plan,PL9
a218d028a2ba5022,2011,7,Cả nước,National,Investment,98957,,Investment_Amount,90932.0,million_VND,Cumulative,PL9
ffa8708a06027964,2011,7,Cả nước,National,Investment,6079,,Investment_Amount,4014.0,million_VND,Plan,PL9
7d779d4a5fe3a34f,2011,7,Cả nước,National,Investment,6079,,Investment_Amount,2065.0,million_VND,Cumulative,PL9
a6019337ce2e80a1,2011,7,Cả nước,National,Investment,u164564,,Investment_Amount,6030.0,million_VND,Plan,PL9
07bba6027173a983,2011,7,Cả nước,National,Investment,u164564,,Investment_Amount,158534.0,million_VND,Cumulative,PL9
b7efd8ae66a15d0c,2011,7,Cả nước,National,Investment,25800,,Investment_Amount,12800.0,million_VND,Plan,PL9
f6df137430a9a915,2011,7,Cả nước,National,Investment,25800,,Investment_Amount,13000.0,million_VND,Cumulative,PL9
b0cf8104ff29c807,2011,7,Cả nước,National,Investment,10745,,Investment_Amount,4395.0,million_VND,Plan,PL9
7f92f4874feeee00,2011,7,Cả nước,National,Investment,10745,,Investment_Amount,6350.0,million_VND,Cumulative,PL9
68f46e7ce0707842,2011,7,Cả nước,National,Investment,131430,,Investment_Amount,81426.0,million_VND,Plan,PL9
df5818a9a197f016,2011,7,Cả nước,National,Investment,131430,,Investment_Amount,50004.0,million_VND,Cumulative,PL9
78d6aaab1e479ab3,2011,7,Cả nước,National,Investment,147075,,Investment_Amount,85875.0,million_VND,Plan,PL9
01fced6e3897156c,2011,7,Cả nước,National,Investment,147075,,Investment_Amount,61200.0,million_VND,Cumulative,PL9
8fcc563153162162,2011,7,Cả nước,National,Investment,73744,,Investment_Amount,34756.0,million_VND,Plan,PL9
af267cdfa924c224,2011,7,Cả nước,National,Investment,73744,,Investment_Amount,38988.0,million_VND,Cumulative,PL9
474175fa13a3985d,2011,7,Cả nước,National,Investment,85313,,Investment_Amount,79830.0,million_VND,Plan,PL9
d5c3090cff956409,2011,7,Cả nước,National,Investment,85313,,Investment_Amount,5483.0,million_VND,Cumulative,PL9
4c12522e0475d6f5,2011,7,Cả nước,National,Investment,209331,,Investment_Amount,204250.0,million_VND,Plan,PL9
e8d1ba3f77b9dfa5,2011,7,Cả nước,National,Investment,209331,,Investment_Amount,5081.0,million_VND,Cumulative,PL9
2c329d765cb1b2ab,2011,7,Cả nước,National,Investment,199200,,Investment_Amount,198000.0,million_VND,Plan,PL9
88d53f7d9ab92840,2011,7,Cả nước,National,Investment,199200,,Investment_Amount,1200.0,million_VND,Cumulative,PL9
7f18c74b1593d6d4,2011,7,Cả nước,National,Investment,290163,,Investment_Amount,58957.0,million_VND,Plan,PL9
68d6dc56843178d3,2011,7,Cả nước,National,Investment,290163,,Investment_Amount,231206.0,million_VND,Cumulative,PL9
c52b9e1240686b64,2011,7,Cả nước,National,Investment,100966,,Investment_Amount,100966.0,million_VND,Plan,PL9
9bd39625767b4144,2011,7,Cả nước,National,Investment,100966,,Investment_Amount,0.0,million_VND,Cumulative,PL9
d71a73306eaac8c4,2011,7,Cả nước,National,Investment,35799,,Investment_Amount,34799.0,million_VND,Plan,PL9
2e94b04b18964ee3,2011,7,Cả nước,National,Investment,35799,,Investment_Amount,1000.0,million_VND,Cumulative,PL9
9842fe754ce6f4ce,2011,7,Cả nước,National,Investment,34357,,Investment_Amount,11037.0,million_VND,Plan,PL9
914707ceb834e231,2011,7,Cả nước,National,Investment,34357,,Investment_Amount,23320.0,million_VND,Cumulative,PL9
263a9f92ab6d017b,2011,7,Cả nước,National,Investment,130060,,Investment_Amount,69688.0,million_VND,Plan,PL9
833c637557379fbf,2011,7,Cả nước,National,Investment,130060,,Investment_Amount,60372.0,million_VND,Cumulative,PL9
b4a99d9a72abd0c0,2011,7,Cả nước,National,Investment,243360,,Investment_Amount,148500.0,million_VND,Plan,PL9
2fc18026fdb7d230,2011,7,Cả nước,National,Investment,243360,,Investment_Amount,94860.0,million_VND,Cumulative,PL9
af02b06085735f9a,2010,8,1. Thu hoạch lúa hè thu miền Nam,Provincial,Cultivation,Unknown,,Area_Planted,11930.0,1000_ha,Actual,PL1
f7ab1b9d38149140,2011,8,1. Thu hoạch lúa hè thu miền Nam,Provincial,Cultivation,Unknown,,Area_Planted,12210.0,1000_ha,Actual,PL1
57ad1b07bc8c59a4,2010,8,2. Gieo cấy lúa mùa cả nước,Provincial,Cultivation,Unknown,,Area_Planted,14069.0,1000_ha,Actual,PL1
46393d0d04c4b868,2011,8,2. Gieo cấy lúa mùa cả nước,Provincial,Cultivation,Unknown,,Area_Planted,14328.0,1000_ha,Actual,PL1
a502a679baffd453,2010,8,- Miền Nam,Provincial,Cultivation,Unknown,,Area_Planted,2450.0,1000_ha,Actual,PL1
483dbe300bdfb080,2011,8,- Miền Nam,Provincial,Cultivation,Unknown,,Area_Planted,2928.0,1000_ha,Actual,PL1
ac0a0bf65439f68c,2010,8,3.1 Gieo trồng màu lương thực,Provincial,Cultivation,Màu lương thực,,Area_Planted,15099.0,1000_ha,Actual,PL1
cddb0fae5b00d9ea,2011,8,3.1 Gieo trồng màu lương thực,Provincial,Cultivation,Màu lương thực,,Area_Planted,16120.0,1000_ha,Actual,PL1
c1cac7bf7008de40,2010,8,- Khoai lang,Provincial,Cultivation,Khoai lang,,Area_Planted,1220.0,1000_ha,Actual,PL1
539eec1428e37b62,2011,8,- Khoai lang,Provincial,Cultivation,Khoai lang,,Area_Planted,1316.0,1000_ha,Actual,PL1
7eb9d76495ab8b10,2010,8,- Sắn,Provincial,Cultivation,Sắn,,Area_Planted,4265.0,1000_ha,Actual,PL1
ee6b620ecd97e265,2011,8,- Sắn,Provincial,Cultivation,Sắn,,Area_Planted,4842.0,1000_ha,Actual,PL1
dc34f1eb7a80b518,2010,8,3.2 Gieo trồng cây công nghiệp ngắn ngày,Provincial,Cultivation,Cây công nghiệp ngắn ngày,,Area_Planted,6222.0,1000_ha,Actual,PL1
a3d97bcdc3657fd5,2011,8,3.2 Gieo trồng cây công nghiệp ngắn ngày,Provincial,Cultivation,Cây công nghiệp ngắn ngày,,Area_Planted,6482.0,1000_ha,Actual,PL1
3b0557d6269a0167,2010,8,- Đậu tương,Provincial,Cultivation,Đậu tương,,Area_Planted,1787.0,1000_ha,Actual,PL1
3907120664ff2276,2011,8,- Đậu tương,Provincial,Cultivation,Đậu tương,,Area_Planted,1682.0,1000_ha,Actual,PL1
636cfd4700620156,2010,8,- Thuốc lá,Provincial,Cultivation,Unknown,,Area_Planted,264.0,1000_ha,Actual,PL1
495121462c0247dc,2011,8,- Thuốc lá,Provincial,Cultivation,Unknown,,Area_Planted,198.0,1000_ha,Actual,PL1
7ae09394beebfc80,2010,8,"3.3 Gieo trồng rau, đậu các loại",Provincial,Cultivation,Rau đậu,,Area_Planted,6263.0,1000_ha,Actual,PL1
0a05c12c92046360,2011,8,"3.3 Gieo trồng rau, đậu các loại",Provincial,Cultivation,Rau đậu,,Area_Planted,6627.0,1000_ha,Actual,PL1
9e4ca74690a98bcb,2011,11,HOA KỲ,International,Trade,Cà phê,Nhập khẩu,Import_Volume,93611.0,ton,Actual,PL12
a6453607f2c1353a,2011,11,HOA KỲ,International,Trade,Cà phê,Nhập khẩu,Import_Value,227866.0,1000_USD,Actual,PL12
6a82a91f95d4d462,2011,11,ĐỨC,International,Trade,Cà phê,Nhập khẩu,Import_Volume,90564.0,ton,Actual,PL12
3c57f94f4ce1a511,2011,11,ĐỨC,International,Trade,Cà phê,Nhập khẩu,Import_Value,201769.0,1000_USD,Actual,PL12
744dbb791da9d121,2011,11,BỈ,International,Trade,Cà phê,Nhập khẩu,Import_Volume,84315.0,ton,Actual,PL12
613dcb7c849c094e,2011,11,BỈ,International,Trade,Cà phê,Nhập khẩu,Import_Value,186112.0,1000_USD,Actual,PL12
baa2d00add31f747,2011,11,ITALIA,International,Trade,Cà phê,Nhập khẩu,Import_Volume,65234.0,ton,Actual,PL12
32a7f1d816a50f4a,2011,11,ITALIA,International,Trade,Cà phê,Nhập khẩu,Import_Value,138067.0,1000_USD,Actual,PL12
79afbf78f86222ca,2011,11,TÂY BAN NHA,International,Trade,Cà phê,Nhập khẩu,Import_Volume,48954.0,ton,Actual,PL12
79f7d67b6d6d51c3,2011,11,TÂY BAN NHA,International,Trade,Cà phê,Nhập khẩu,Import_Value,105967.0,1000_USD,Actual,PL12
b65b72afe16882f6,2011,11,NHẬT BẢN,International,Trade,Cà phê,Nhập khẩu,Import_Volume,31874.0,ton,Actual,PL12
74cc3e6748312197,2011,11,NHẬT BẢN,International,Trade,Cà phê,Nhập khẩu,Import_Value,82565.0,1000_USD,Actual,PL12
b9e5c104d3a8fbe2,2011,11,HÀ LAN,International,Trade,Cà phê,Nhập khẩu,Import_Volume,24363.0,ton,Actual,PL12
7b440520695edbfd,2011,11,HÀ LAN,International,Trade,Cà phê,Nhập khẩu,Import_Value,52670.0,1000_USD,Actual,PL12
e714b1ed30829c86,2011,11,ANH,International,Trade,Cà phê,Nhập khẩu,Import_Volume,21630.0,ton,Actual,PL12
41fade2aa9bc3c65,2011,11,ANH,International,Trade,Cà phê,Nhập khẩu,Import_Value,49529.0,1000_USD,Actual,PL12
0fb949dc4e72821a,2011,11,HÀN QUỐC,International,Trade,Cà phê,Nhập khẩu,Import_Volume,19712.0,ton,Actual,PL12
19a3026c7e2a018a,2011,11,HÀN QUỐC,International,Trade,Cà phê,Nhập khẩu,Import_Value,41349.0,1000_USD,Actual,PL12
49f64211cd755bfc,2011,11,TRUNG QUỐC,International,Trade,Cà phê,Nhập khẩu,Import_Volume,18251.0,ton,Actual,PL12
1f0247ceb0d4743f,2011,11,TRUNG QUỐC,International,Trade,Cà phê,Nhập khẩu,Import_Value,41244.0,1000_USD,Actual,PL12
98a58c766ca1afea,2011,11,TRUNG QUỐC,International,Trade,Cao su,Nhập khẩu,Import_Volume,223061.0,ton,Actual,PL12
44e378be8c1c2659,2011,11,TRUNG QUỐC,International,Trade,Cao su,Nhập khẩu,Import_Value,945966.0,1000_USD,Actual,PL12
f3843438f44c4410,2011,11,MALAIXIA,International,Trade,Cao su,Nhập khẩu,Import_Volume,27837.0,ton,Actual,PL12
4527643d6924f396,2011,11,MALAIXIA,International,Trade,Cao su,Nhập khẩu,Import_Value,121447.0,1000_USD,Actual,PL12
d57f019800888e0a,2011,11,ĐÀI LOAN,International,Trade,Cao su,Nhập khẩu,Import_Volume,15728.0,ton,Actual,PL12
b9885f71ae271e54,2011,11,ĐÀI LOAN,International,Trade,Cao su,Nhập khẩu,Import_Value,74352.0,1000_USD,Actual,PL12
20452730ae6585bc,2011,11,HÀN QUỐC,International,Trade,Cao su,Nhập khẩu,Import_Volume,17352.0,ton,Actual,PL12
fe2a07b9819c5ac2,2011,11,HÀN QUỐC,International,Trade,Cao su,Nhập khẩu,Import_Value,73978.0,1000_USD,Actual,PL12
298ab163ca3cabfa,2011,11,ĐỨC,International,Trade,Cao su,Nhập khẩu,Import_Volume,13947.0,ton,Actual,PL12
a8b4f93c57bcb96a,2011,11,ĐỨC,International,Trade,Cao su,Nhập khẩu,Import_Value,68707.0,1000_USD,Actual,PL12
a8e65acb0263b176,2011,11,HOA KỲ,International,Trade,Cao su,Nhập khẩu,Import_Volume,11350.0,ton,Actual,PL12
d58eef195f29152e,2011,11,HOA KỲ,International,Trade,Cao su,Nhập khẩu,Import_Value,43386.0,1000_USD,Actual,PL12
3d29de919a33fc48,2011,11,NGA,International,Trade,Cao su,Nhập khẩu,Import_Volume,6353.0,ton,Actual,PL12
4f92302b4a3842db,2011,11,NGA,International,Trade,Cao su,Nhập khẩu,Import_Value,32126.0,1000_USD,Actual,PL12
35f3e0135b85fc72,2011,11,THỔ NHĨ KỲ,International,Trade,Cao su,Nhập khẩu,Import_Volume,6354.0,ton,Actual,PL12
60d7c22e0fdb46de,2011,11,THỔ NHĨ KỲ,International,Trade,Cao su,Nhập khẩu,Import_Value,29327.0,1000_USD,Actual,PL12
cf19aa15035f1cca,2011,11,NHẬT BẢN,International,Trade,Cao su,Nhập khẩu,Import_Volume,5344.0,ton,Actual,PL12
f1b2ed3cf4f41ba6,2011,11,NHẬT BẢN,International,Trade,Cao su,Nhập khẩu,Import_Value,27475.0,1000_USD,Actual,PL12
aba6a486fa835709,2011,11,ẤN ĐỘ,International,Trade,Cao su,Nhập khẩu,Import_Volume,4451.0,ton,Actual,PL12
e22cc42173a82b45,2011,11,ẤN ĐỘ,International,Trade,Cao su,Nhập khẩu,Import_Value,20913.0,1000_USD,Actual,PL12
280585a99838b7dd,2011,11,PAKIXTAN,International,Trade,Chè,Nhập khẩu,Import_Volume,9284.0,ton,Actual,PL12
a1e6d0aa1963139c,2011,11,PAKIXTAN,International,Trade,Chè,Nhập khẩu,Import_Value,17004.0,1000_USD,Actual,PL12
ae0cd8858332a681,2011,11,ĐÀI LOAN,International,Trade,Chè,Nhập khẩu,Import_Volume,11432.0,ton,Actual,PL12
699a9b3a50159710,2011,11,ĐÀI LOAN,International,Trade,Chè,Nhập khẩu,Import_Value,14485.0,1000_USD,Actual,PL12
a43363859ba876a6,2011,11,NGA,International,Trade,Chè,Nhập khẩu,Import_Volume,8651.0,ton,Actual,PL12
1367725134c1ddf4,2011,11,NGA,International,Trade,Chè,Nhập khẩu,Import_Value,12886.0,1000_USD,Actual,PL12
76d8ecce4042b175,2011,11,TRUNG QUỐC,International,Trade,Chè,Nhập khẩu,Import_Volume,8091.0,ton,Actual,PL12
ae9f7dd0ee04db84,2011,11,TRUNG QUỐC,International,Trade,Chè,Nhập khẩu,Import_Value,9632.0,1000_USD,Actual,PL12
0d116bacc43c1948,2011,11,IN ĐÔ NÊ XI A,International,Trade,Chè,Nhập khẩu,Import_Volume,4505.0,ton,Actual,PL12
24cbbcae84936bd5,2011,11,IN ĐÔ NÊ XI A,International,Trade,Chè,Nhập khẩu,Import_Value,4741.0,1000_USD,Actual,PL12
d73a5f137cbdcfd8,2011,11,HOA KỲ,International,Trade,Chè,Nhập khẩu,Import_Volume,2196.0,ton,Actual,PL12
38e852b9f7e5fb11,2011,11,HOA KỲ,International,Trade,Chè,Nhập khẩu,Import_Value,2352.0,1000_USD,Actual,PL12
deacb6b69c663627,2011,11,ĐỨC,International,Trade,Chè,Nhập khẩu,Import_Volume,1630.0,ton,Actual,PL12
c188e377fe6a1796,2011,11,ĐỨC,International,Trade,Chè,Nhập khẩu,Import_Value,2326.0,1000_USD,Actual,PL12
d73a39126e7427cc,2011,8,Cả nước,National,Investment,Bông các loại,,Investment_Amount,213562.0,million_VND,Plan,PL13
a314f3107a3e3cc2,2011,8,Cả nước,National,Investment,Bông các loại,,Investment_Amount,705493.0,million_VND,Cumulative,PL13
69084dee9014eb11,2011,8,Cả nước,National,Investment,HOA KỲ,,Investment_Amount,75457.0,million_VND,Plan,PL13
4d27b023b4460907,2011,8,Cả nước,National,Investment,HOA KỲ,,Investment_Amount,399747.0,million_VND,Cumulative,PL13
19572b0677630b8d,2011,8,Cả nước,National,Investment,ẤN ĐỘ,,Investment_Amount,46705.0,million_VND,Plan,PL13
07c350c9a967489d,2011,8,Cả nước,National,Investment,ẤN ĐỘ,,Investment_Amount,80050.0,million_VND,Cumulative,PL13
53ff54bd8c3c02d5,2011,8,Cả nước,National,Investment,PAKIXTAN,,Investment_Amount,15728.0,million_VND,Cumulative,PL13
4d1ef7d1873d1a1d,2011,8,Cả nước,National,Investment,Ô X TRÂY LIA,,Investment_Amount,14136.0,million_VND,Cumulative,PL13
42e967dbf17e756c,2011,8,Cả nước,National,Investment,BỜ BIỂN NGÀ,,Investment_Amount,11880.0,million_VND,Cumulative,PL13
e5e1eeea457f9782,2011,8,Cả nước,National,Investment,BRAXIN,,Investment_Amount,5535.0,million_VND,Plan,PL13
9bb0845242ed4cf7,2011,8,Cả nước,National,Investment,BRAXIN,,Investment_Amount,7989.0,million_VND,Cumulative,PL13
2ea5c0d7eb7bd4d0,2011,8,Cả nước,National,Investment,ACHENTINA,,Investment_Amount,6842.0,million_VND,Cumulative,PL13
7739cdd245083c4c,2011,8,Cả nước,National,Investment,TRUNG QUỐC,,Investment_Amount,168.0,million_VND,Plan,PL13
e3bb8c8911a6954a,2011,8,Cả nước,National,Investment,TRUNG QUỐC,,Investment_Amount,5933.0,million_VND,Cumulative,PL13
79fbcfd79e4fe4c1,2011,8,Cả nước,National,Investment,PHÁP,,Investment_Amount,1723.0,million_VND,Cumulative,PL13
c28dc6967cd1d490,2011,8,Cả nước,National,Investment,IN ĐÔ NÊ XI A,,Investment_Amount,659.0,million_VND,Plan,PL13
c7b2e16903942d14,2011,8,Cả nước,National,Investment,IN ĐÔ NÊ XI A,,Investment_Amount,1081.0,million_VND,Cumulative,PL13
09c776eacaca6db2,2011,8,Cả nước,National,Investment,Cao su,,Investment_Amount,165377.0,million_VND,Plan,PL13
e192a6ebeda5ada2,2011,8,Cả nước,National,Investment,Cao su,,Investment_Amount,518069.0,million_VND,Cumulative,PL13
68fd50f2261c5079,2011,8,Cả nước,National,Investment,HÀN QUỐC,,Investment_Amount,26182.0,million_VND,Plan,PL13
91c969ac36241c96,2011,8,Cả nước,National,Investment,HÀN QUỐC,,Investment_Amount,102766.0,million_VND,Cumulative,PL13
36b7c743461fda25,2011,8,Cả nước,National,Investment,CAMPUCHIA,,Investment_Amount,16392.0,million_VND,Plan,PL13
4091b39e7e91751c,2011,8,Cả nước,National,Investment,CAMPUCHIA,,Investment_Amount,101700.0,million_VND,Cumulative,PL13
0ac358fad64c4a66,2011,8,Cả nước,National,Investment,THÁI LAN,,Investment_Amount,23264.0,million_VND,Plan,PL13
cd92216e8417e594,2011,8,Cả nước,National,Investment,THÁI LAN,,Investment_Amount,75111.0,million_VND,Cumulative,PL13
18ef3029280b4d54,2011,8,Cả nước,National,Investment,ĐÀI LOAN,,Investment_Amount,14444.0,million_VND,Plan,PL13
b0f77a10c5271b99,2011,8,Cả nước,National,Investment,ĐÀI LOAN,,Investment_Amount,58395.0,million_VND,Cumulative,PL13
086c3dc506e29501,2011,8,Cả nước,National,Investment,NHẬT BẢN,,Investment_Amount,13439.0,million_VND,Plan,PL13
de89ef390ecbf4ae,2011,8,Cả nước,National,Investment,NHẬT BẢN,,Investment_Amount,52474.0,million_VND,Cumulative,PL13
7739cdd245083c4c,2011,8,Cả nước,National,Investment,TRUNG QUỐC,,Investment_Amount,11852.0,million_VND,Plan,PL13
e3bb8c8911a6954a,2011,8,Cả nước,National,Investment,TRUNG QUỐC,,Investment_Amount,32533.0,million_VND,Cumulative,PL13
69084dee9014eb11,2011,8,Cả nước,National,Investment,HOA KỲ,,Investment_Amount,12788.0,million_VND,Plan,PL13
4d27b023b4460907,2011,8,Cả nước,National,Investment,HOA KỲ,,Investment_Amount,18196.0,million_VND,Cumulative,PL13
6582e59b545d17f1,2011,8,Cả nước,National,Investment,NGA,,Investment_Amount,4808.0,million_VND,Plan,PL13
5a9d1870a4a0f4a4,2011,8,Cả nước,National,Investment,NGA,,Investment_Amount,16279.0,million_VND,Cumulative,PL13
c03e4e6b7c059ae3,2011,8,Cả nước,National,Investment,PHÁP,,Investment_Amount,2146.0,million_VND,Plan,PL13
79fbcfd79e4fe4c1,2011,8,Cả nước,National,Investment,PHÁP,,Investment_Amount,8661.0,million_VND,Cumulative,PL13
4fa96737b557c45b,2011,8,Cả nước,National,Investment,MALAIXIA,,Investment_Amount,6348.0,million_VND,Plan,PL13
3fc2970ca34bdf1c,2011,8,Cả nước,National,Investment,MALAIXIA,,Investment_Amount,4585.0,million_VND,Cumulative,PL13
eb7b26f9032f9976,2011,8,Cả nước,National,Investment,Dầu mỡ động thực vật,,Investment_Amount,522623.0,million_VND,Cumulative,PL13
3fc2970ca34bdf1c,2011,8,Cả nước,National,Investment,MALAIXIA,,Investment_Amount,285703.0,million_VND,Cumulative,PL13
c7b2e16903942d14,2011,8,Cả nước,National,Investment,IN ĐÔ NÊ XI A,,Investment_Amount,122938.0,million_VND,Cumulative,PL13
2ea5c0d7eb7bd4d0,2011,8,Cả nước,National,Investment,ACHENTINA,,Investment_Amount,80107.0,million_VND,Cumulative,PL13
cd92216e8417e594,2011,8,Cả nước,National,Investment,THÁI LAN,,Investment_Amount,5122.0,million_VND,Cumulative,PL13
2af921462eb0287a,2011,8,Cả nước,National,Investment,CHI LÊ,,Investment_Amount,4931.0,million_VND,Cumulative,PL13
e3bb8c8911a6954a,2011,8,Cả nước,National,Investment,TRUNG QUỐC,,Investment_Amount,3722.0,million_VND,Cumulative,PL13
4d27b023b4460907,2011,8,Cả nước,National,Investment,HOA KỲ,,Investment_Amount,3015.0,million_VND,Cumulative,PL13
7ecafca10422aceb,2011,8,Miền Bắc,Provincial,Cultivation,Lúa,,Area_Planted,1139928.0,ha,Actual,PL2
7ecafca10422aceb,2011,8,Miền Bắc,Provincial,Cultivation,Lúa,,Area_Planted,164214.0,ha,Actual,PL2
7ecafca10422aceb,2011,8,Miền Bắc,Provincial,Cultivation,Lúa,,Area_Planted,933412.0,ha,Actual,PL2
806780c782cfefa9,2011,8,Miền Bắc,Provincial,Cultivation,Ngô,,Area_Planted,646713.0,ha,Actual,PL2
373e2260db9239a3,2011,8,Miền Bắc,Provincial,Cultivation,Khoai lang,,Area_Planted,101012.0,ha,Actual,PL2
477bf3e30a9f5a76,2011,8,Miền Bắc,Provincial,Cultivation,Sắn,,Area_Planted,163475.0,ha,Actual,PL2
7ecafca10422aceb,2011,8,Miền Bắc,Provincial,Cultivation,Lúa,,Area_Planted,22211.0,ha,Actual,PL2
51f1738ea592100c,2011,8,ĐB sông Hồng,Provincial,Cultivation,Lúa,,Area_Planted,580840.0,ha,Actual,PL2
51f1738ea592100c,2011,8,ĐB sông Hồng,Provincial,Cultivation,Lúa,,Area_Planted,125086.0,ha,Actual,PL2
32b83413f9c61df5,2011,8,ĐB sông Hồng,Provincial,Cultivation,Ngô,,Area_Planted,91811.0,ha,Actual,PL2
69a999a274d9179f,2011,8,ĐB sông Hồng,Provincial,Cultivation,Khoai lang,,Area_Planted,25676.0,ha,Actual,PL2
7587b4357a31fc49,2011,8,ĐB sông Hồng,Provincial,Cultivation,Sắn,,Area_Planted,4663.0,ha,Actual,PL2
51f1738ea592100c,2011,8,ĐB sông Hồng,Provincial,Cultivation,Lúa,,Area_Planted,2936.0,ha,Actual,PL2
c5aef869b69c9c22,2011,8,Hà Nội,Provincial,Cultivation,Lúa,,Area_Planted,101778.0,ha,Actual,PL2
c5aef869b69c9c22,2011,8,Hà Nội,Provincial,Cultivation,Lúa,,Area_Planted,29834.0,ha,Actual,PL2
eb00664c151c817b,2011,8,Hà Nội,Provincial,Cultivation,Ngô,,Area_Planted,23164.0,ha,Actual,PL2
315d8fe77d9263d7,2011,8,Hà Nội,Provincial,Cultivation,Khoai lang,,Area_Planted,5523.0,ha,Actual,PL2
673dc15c25ffef35,2011,8,Hà Nội,Provincial,Cultivation,Sắn,,Area_Planted,690.0,ha,Actual,PL2
c5aef869b69c9c22,2011,8,Hà Nội,Provincial,Cultivation,Lúa,,Area_Planted,457.0,ha,Actual,PL2
0c6406922a0fbc5c,2011,8,Hải Phòng,Provincial,Cultivation,Lúa,,Area_Planted,41199.0,ha,Actual,PL2
0c6406922a0fbc5c,2011,8,Hải Phòng,Provincial,Cultivation,Lúa,,Area_Planted,4873.0,ha,Actual,PL2
4aff234725a067c9,2011,8,Hải Phòng,Provincial,Cultivation,Ngô,,Area_Planted,2247.0,ha,Actual,PL2
2dd9af111fd77460,2011,8,Hải Phòng,Provincial,Cultivation,Khoai lang,,Area_Planted,1112.0,ha,Actual,PL2
0c6406922a0fbc5c,2011,8,Hải Phòng,Provincial,Cultivation,Lúa,,Area_Planted,1514.0,ha,Actual,PL2
cceb5ec89f8dc24d,2011,8,Vĩnh Phúc,Provincial,Cultivation,Lúa,,Area_Planted,30317.0,ha,Actual,PL2
cceb5ec89f8dc24d,2011,8,Vĩnh Phúc,Provincial,Cultivation,Lúa,,Area_Planted,20971.0,ha,Actual,PL2
e15f3fc974a29b0f,2011,8,Vĩnh Phúc,Provincial,Cultivation,Ngô,,Area_Planted,16229.0,ha,Actual,PL2
d2775a2faa1181b8,2011,8,Vĩnh Phúc,Provincial,Cultivation,Khoai lang,,Area_Planted,2593.0,ha,Actual,PL2
908d5f04c4268e34,2011,8,Vĩnh Phúc,Provincial,Cultivation,Sắn,,Area_Planted,1949.0,ha,Actual,PL2
cceb5ec89f8dc24d,2011,8,Vĩnh Phúc,Provincial,Cultivation,Lúa,,Area_Planted,200.0,ha,Actual,PL2
14e9dd3d9bed21dd,2011,8,Bắc Ninh,Provincial,Cultivation,Lúa,,Area_Planted,36839.0,ha,Actual,PL2
14e9dd3d9bed21dd,2011,8,Bắc Ninh,Provincial,Cultivation,Lúa,,Area_Planted,5962.0,ha,Actual,PL2
979a7dc6e89e848f,2011,8,Bắc Ninh,Provincial,Cultivation,Ngô,,Area_Planted,4132.0,ha,Actual,PL2
3d1246921f2151e2,2011,8,Bắc Ninh,Provincial,Cultivation,Khoai lang,,Area_Planted,1830.0,ha,Actual,PL2
0f7731351acddbeb,2011,8,Hải Dương,Provincial,Cultivation,Lúa,,Area_Planted,62945.0,ha,Actual,PL2
0f7731351acddbeb,2011,8,Hải Dương,Provincial,Cultivation,Lúa,,Area_Planted,3922.0,ha,Actual,PL2
559baeb4e064b822,2011,8,Hải Dương,Provincial,Cultivation,Ngô,,Area_Planted,2850.0,ha,Actual,PL2
2fcc651c6c584072,2011,8,Hải Dương,Provincial,Cultivation,Khoai lang,,Area_Planted,1072.0,ha,Actual,PL2
81b1e1fa1ef4c855,2011,8,Hưng Yên,Provincial,Cultivation,Lúa,,Area_Planted,39206.0,ha,Actual,PL2
81b1e1fa1ef4c855,2011,8,Hưng Yên,Provincial,Cultivation,Lúa,,Area_Planted,8624.0,ha,Actual,PL2
7b35a831dc6ee470,2011,8,Hưng Yên,Provincial,Cultivation,Ngô,,Area_Planted,7624.0,ha,Actual,PL2
d8c3728a0531386f,2011,8,Hưng Yên,Provincial,Cultivation,Khoai lang,,Area_Planted,1000.0,ha,Actual,PL2
c7b4a42b86436a9d,2011,8,Hà Nam,Provincial,Cultivation,Lúa,,Area_Planted,35275.0,ha,Actual,PL2
c7b4a42b86436a9d,2011,8,Hà Nam,Provincial,Cultivation,Lúa,,Area_Planted,9210.0,ha,Actual,PL2
d1f0787b9a130f94,2011,8,Hà Nam,Provincial,Cultivation,Ngô,,Area_Planted,88144330.0,ha,Actual,PL2
f39cc5b0737cd57c,2011,8,Hà Nam,Provincial,Cultivation,Khoai lang,,Area_Planted,396.0,ha,Actual,PL2
6ffd76cb72534126,2011,8,Nam Định,Provincial,Cultivation,Lúa,,Area_Planted,80635.0,ha,Actual,PL2
6ffd76cb72534126,2011,8,Nam Định,Provincial,Cultivation,Lúa,,Area_Planted,5982.0,ha,Actual,PL2
ce343c9119cca978,2011,8,Nam Định,Provincial,Cultivation,Ngô,,Area_Planted,5982.0,ha,Actual,PL2
60db1785984fd62c,2011,8,Nam Định,Provincial,Cultivation,Khoai lang,,Area_Planted,1652.0,ha,Actual,PL2
bf2308f80c476bf0,2011,8,Thái Bình,Provincial,Cultivation,Lúa,,Area_Planted,80796.0,ha,Actual,PL2
bf2308f80c476bf0,2011,8,Thái Bình,Provincial,Cultivation,Lúa,,Area_Planted,12360.0,ha,Actual,PL2
f9edfebdf57a5f8b,2011,8,Thái Bình,Provincial,Cultivation,Ngô,,Area_Planted,9380.0,ha,Actual,PL2
f73920c867be133e,2011,8,Thái Bình,Provincial,Cultivation,Khoai lang,,Area_Planted,2980.0,ha,Actual,PL2
96246ba841ec5d8e,2011,8,Ninh Bình,Provincial,Cultivation,Lúa,,Area_Planted,39011.0,ha,Actual,PL2
96246ba841ec5d8e,2011,8,Ninh Bình,Provincial,Cultivation,Lúa,,Area_Planted,10732.0,ha,Actual,PL2
ed01954347bd3251,2011,8,Ninh Bình,Provincial,Cultivation,Ngô,,Area_Planted,6734.0,ha,Actual,PL2
6c6a28077798a0a8,2011,8,Ninh Bình,Provincial,Cultivation,Khoai lang,,Area_Planted,3069.0,ha,Actual,PL2
0d86d7dd9fbf6022,2011,8,Ninh Bình,Provincial,Cultivation,Sắn,,Area_Planted,929.0,ha,Actual,PL2
0f48dd3ed0a8b617,2011,8,Quảng Ninh,Provincial,Cultivation,Lúa,,Area_Planted,32839.0,ha,Actual,PL2
0f48dd3ed0a8b617,2011,8,Quảng Ninh,Provincial,Cultivation,Lúa,,Area_Planted,12616.0,ha,Actual,PL2
7ab40c8705ea05f2,2011,8,Quảng Ninh,Provincial,Cultivation,Ngô,,Area_Planted,6307.0,ha,Actual,PL2
b021767177828d4c,2011,8,Quảng Ninh,Provincial,Cultivation,Khoai lang,,Area_Planted,4449.0,ha,Actual,PL2
4ec4eaabb9e467da,2011,8,Quảng Ninh,Provincial,Cultivation,Sắn,,Area_Planted,1095.0,ha,Actual,PL2
0f48dd3ed0a8b617,2011,8,Quảng Ninh,Provincial,Cultivation,Lúa,,Area_Planted,765.0,ha,Actual,PL2
a722eccf017c0f79,2011,8,TD và MN,Provincial,Cultivation,Lúa,,Area_Planted,378469.0,ha,Actual,PL2
a722eccf017c0f79,2011,8,TD và MN,Provincial,Cultivation,Lúa,,Area_Planted,557258.0,ha,Actual,PL2
07d1c8743654d6d8,2011,8,TD và MN,Provincial,Cultivation,Ngô,,Area_Planted,428825.0,ha,Actual,PL2
1bd0052e61a46d30,2011,8,TD và MN,Provincial,Cultivation,Khoai lang,,Area_Planted,28515.0,ha,Actual,PL2
dff4bce8fe313796,2011,8,TD và MN,Provincial,Cultivation,Sắn,,Area_Planted,92594.0,ha,Actual,PL2
a722eccf017c0f79,2011,8,TD và MN,Provincial,Cultivation,Lúa,,Area_Planted,7324.0,ha,Actual,PL2
3542d99858c5904e,2011,8,Hà Giang,Provincial,Cultivation,Lúa,,Area_Planted,26091.0,ha,Actual,PL2
3542d99858c5904e,2011,8,Hà Giang,Provincial,Cultivation,Lúa,,Area_Planted,47148.0,ha,Actual,PL2
550ec46b0f7b8b5a,2011,8,Hà Giang,Provincial,Cultivation,Ngô,,Area_Planted,47148.0,ha,Actual,PL2
207448fd8ad380a2,2011,8,Cao Bằng,Provincial,Cultivation,Khoai lang,,Area_Planted,714.0,ha,Actual,PL2
80f8cdd00cfdedbf,2011,8,Lào Cai,Provincial,Cultivation,Lúa,,Area_Planted,19669.0,ha,Actual,PL2
80f8cdd00cfdedbf,2011,8,Lào Cai,Provincial,Cultivation,Lúa,,Area_Planted,34790.0,ha,Actual,PL2
9646e0c73a04b9fd,2011,8,Lào Cai,Provincial,Cultivation,Ngô,,Area_Planted,29200.0,ha,Actual,PL2
aa3023aa0903914d,2011,8,Lào Cai,Provincial,Cultivation,Khoai lang,,Area_Planted,307.0,ha,Actual,PL2
20633a6fc9876815,2011,8,Lào Cai,Provincial,Cultivation,Sắn,,Area_Planted,4897.0,ha,Actual,PL2
80f8cdd00cfdedbf,2011,8,Lào Cai,Provincial,Cultivation,Lúa,,Area_Planted,386.0,ha,Actual,PL2
b9bdc49023b40fa0,2011,8,Bắc Cạn,Provincial,Cultivation,Lúa,,Area_Planted,13816.0,ha,Actual,PL2
b9bdc49023b40fa0,2011,8,Bắc Cạn,Provincial,Cultivation,Lúa,,Area_Planted,18678.0,ha,Actual,PL2
9ab2b0b4329be84e,2011,8,Bắc Cạn,Provincial,Cultivation,Ngô,,Area_Planted,15098.0,ha,Actual,PL2
ada45d5a48526649,2011,8,Bắc Cạn,Provincial,Cultivation,Khoai lang,,Area_Planted,321.0,ha,Actual,PL2
c01799951f7f91c6,2011,8,Bắc Cạn,Provincial,Cultivation,Sắn,,Area_Planted,2501.0,ha,Actual,PL2
b9bdc49023b40fa0,2011,8,Bắc Cạn,Provincial,Cultivation,Lúa,,Area_Planted,758.0,ha,Actual,PL2
238a53d698d5c4fe,2011,8,Lạng Sơn,Provincial,Cultivation,Lúa,,Area_Planted,33850.0,ha,Actual,PL2
238a53d698d5c4fe,2011,8,Lạng Sơn,Provincial,Cultivation,Lúa,,Area_Planted,24914.0,ha,Actual,PL2
b0a4db93592dd487,2011,8,Lạng Sơn,Provincial,Cultivation,Ngô,,Area_Planted,18474.0,ha,Actual,PL2
65a46caa93c3fe65,2011,8,Lạng Sơn,Provincial,Cultivation,Khoai lang,,Area_Planted,696.0,ha,Actual,PL2
946dd7c5d9c5806e,2011,8,Lạng Sơn,Provincial,Cultivation,Sắn,,Area_Planted,5694.0,ha,Actual,PL2
238a53d698d5c4fe,2011,8,Lạng Sơn,Provincial,Cultivation,Lúa,,Area_Planted,50.0,ha,Actual,PL2
c0dc02103eb0cb1e,2011,8,Tuyên Quang,Provincial,Cultivation,Lúa,,Area_Planted,25749.0,ha,Actual,PL2
c0dc02103eb0cb1e,2011,8,Tuyên Quang,Provincial,Cultivation,Lúa,,Area_Planted,14516.0,ha,Actual,PL2
9816d149eea7b002,2011,8,Tuyên Quang,Provincial,Cultivation,Ngô,,Area_Planted,10934.0,ha,Actual,PL2
63b9327aa8c23fdb,2011,8,Tuyên Quang,Provincial,Cultivation,Khoai lang,,Area_Planted,3582.0,ha,Actual,PL2
c6a4bee2864f546e,2011,8,Yên Bái,Provincial,Cultivation,Lúa,,Area_Planted,19880.0,ha,Actual,PL2
c6a4bee2864f546e,2011,8,Yên Bái,Provincial,Cultivation,Lúa,,Area_Planted,39939.0,ha,Actual,PL2
599de7d0eba58031,2011,8,Yên Bái,Provincial,Cultivation,Ngô,,Area_Planted,22982.0,ha,Actual,PL2
3091b019e15cc762,2011,8,Yên Bái,Provincial,Cultivation,Khoai lang,,Area_Planted,2006.0,ha,Actual,PL2
efae64392616db91,2011,8,Yên Bái,Provincial,Cultivation,Sắn,,Area_Planted,14951.0,ha,Actual,PL2
53246d9f3cfeb93d,2011,8,Thái Nguyên,Provincial,Cultivation,Lúa,,Area_Planted,40845.0,ha,Actual,PL2
53246d9f3cfeb93d,2011,8,Thái Nguyên,Provincial,Cultivation,Lúa,,Area_Planted,27364.0,ha,Actual,PL2
583271eabfdb5b3b,2011,8,Thái Nguyên,Provincial,Cultivation,Ngô,,Area_Planted,16900.0,ha,Actual,PL2
c0c5b401c0066884,2011,8,Thái Nguyên,Provincial,Cultivation,Khoai lang,,Area_Planted,7012.0,ha,Actual,PL2
7fa2e5b4d4de6450,2011,8,Thái Nguyên,Provincial,Cultivation,Sắn,,Area_Planted,3452.0,ha,Actual,PL2
331e750df1eb7b83,2011,8,Phú Thọ,Provincial,Cultivation,Lúa,,Area_Planted,34000.0,ha,Actual,PL2
331e750df1eb7b83,2011,8,Phú Thọ,Provincial,Cultivation,Lúa,,Area_Planted,31563.0,ha,Actual,PL2
ab6901b27a1dfda4,2011,8,Phú Thọ,Provincial,Cultivation,Ngô,,Area_Planted,21431.0,ha,Actual,PL2
354fb06a0a50eacc,2011,8,Phú Thọ,Provincial,Cultivation,Khoai lang,,Area_Planted,1873.0,ha,Actual,PL2
89eaa4cf94f9ebd5,2011,8,Phú Thọ,Provincial,Cultivation,Sắn,,Area_Planted,8059.0,ha,Actual,PL2
331e750df1eb7b83,2011,8,Phú Thọ,Provincial,Cultivation,Lúa,,Area_Planted,200.0,ha,Actual,PL2
9f01299703f8510c,2011,8,Bắc Giang,Provincial,Cultivation,Lúa,,Area_Planted,58500.0,ha,Actual,PL2
9f01299703f8510c,2011,8,Bắc Giang,Provincial,Cultivation,Lúa,,Area_Planted,16418.0,ha,Actual,PL2
5e8badf1ced1876c,2011,8,Bắc Giang,Provincial,Cultivation,Ngô,,Area_Planted,9356.0,ha,Actual,PL2
c0f326ab61d7674f,2011,8,Bắc Giang,Provincial,Cultivation,Khoai lang,,Area_Planted,7062.0,ha,Actual,PL2
93b44d24d24fed50,2011,8,Lai Châu,Provincial,Cultivation,Lúa,,Area_Planted,24100.0,ha,Actual,PL2
93b44d24d24fed50,2011,8,Lai Châu,Provincial,Cultivation,Lúa,,Area_Planted,23221.0,ha,Actual,PL2
c4115207a7e86d20,2011,8,Lai Châu,Provincial,Cultivation,Ngô,,Area_Planted,18057.0,ha,Actual,PL2
859ad23fec390166,2011,8,Lai Châu,Provincial,Cultivation,Sắn,,Area_Planted,5164.0,ha,Actual,PL2
bc90bd829d1da6ab,2011,8,Điện Biên,Provincial,Cultivation,Lúa,,Area_Planted,16167.0,ha,Actual,PL2
bc90bd829d1da6ab,2011,8,Điện Biên,Provincial,Cultivation,Lúa,,Area_Planted,38531.0,ha,Actual,PL2
6fc341110e464078,2011,8,Điện Biên,Provincial,Cultivation,Ngô,,Area_Planted,31512.0,ha,Actual,PL2
0587cdfa9edd5a80,2011,8,Điện Biên,Provincial,Cultivation,Sắn,,Area_Planted,7019.0,ha,Actual,PL2
7a4207b1f644d0ca,2011,8,Sơn La,Provincial,Cultivation,Lúa,,Area_Planted,15845.0,ha,Actual,PL2
7a4207b1f644d0ca,2011,8,Sơn La,Provincial,Cultivation,Lúa,,Area_Planted,155626.0,ha,Actual,PL2
6aeefcafe288840e,2011,8,Sơn La,Provincial,Cultivation,Ngô,,Area_Planted,122534.0,ha,Actual,PL2
25bb711f16497fef,2011,8,Sơn La,Provincial,Cultivation,Khoai lang,,Area_Planted,366.0,ha,Actual,PL2
82923e0b88798c25,2011,8,Sơn La,Provincial,Cultivation,Sắn,,Area_Planted,28514.0,ha,Actual,PL2
7a4207b1f644d0ca,2011,8,Sơn La,Provincial,Cultivation,Lúa,,Area_Planted,4212.0,ha,Actual,PL2
c8c4d4e50ab4753b,2011,8,Hoà Bình,Provincial,Cultivation,Lúa,,Area_Planted,23877.0,ha,Actual,PL2
c8c4d4e50ab4753b,2011,8,Hoà Bình,Provincial,Cultivation,Lúa,,Area_Planted,49202.0,ha,Actual,PL2
6b4ce4ba1e2e7f3b,2011,8,Hoà Bình,Provincial,Cultivation,Ngô,,Area_Planted,30565.0,ha,Actual,PL2
39513aee97e582d2,2011,8,Hoà Bình,Provincial,Cultivation,Khoai lang,,Area_Planted,4576.0,ha,Actual,PL2
8aa3794a7c7a4927,2011,8,Hoà Bình,Provincial,Cultivation,Sắn,,Area_Planted,12343.0,ha,Actual,PL2
c8c4d4e50ab4753b,2011,8,Hoà Bình,Provincial,Cultivation,Lúa,,Area_Planted,1718.0,ha,Actual,PL2
548cfe5856c85fb4,2011,8,Bắc Trung Bộ,Provincial,Cultivation,Lúa,,Area_Planted,180619.0,ha,Actual,PL2
548cfe5856c85fb4,2011,8,Bắc Trung Bộ,Provincial,Cultivation,Lúa,,Area_Planted,164214.0,ha,Actual,PL2
548cfe5856c85fb4,2011,8,Bắc Trung Bộ,Provincial,Cultivation,Lúa,,Area_Planted,251068.0,ha,Actual,PL2
094631322fefef18,2011,8,Bắc Trung Bộ,Provincial,Cultivation,Ngô,,Area_Planted,126078.0,ha,Actual,PL2
ec3e511f20b5503a,2011,8,Bắc Trung Bộ,Provincial,Cultivation,Khoai lang,,Area_Planted,46821.0,ha,Actual,PL2
3dbbfb294edf76e5,2011,8,Bắc Trung Bộ,Provincial,Cultivation,Sắn,,Area_Planted,66218.0,ha,Actual,PL2
548cfe5856c85fb4,2011,8,Bắc Trung Bộ,Provincial,Cultivation,Lúa,,Area_Planted,11951.0,ha,Actual,PL2
fe342f3cf9d21d45,2011,8,Thanh Hoá,Provincial,Cultivation,Lúa,,Area_Planted,135029.0,ha,Actual,PL2
fe342f3cf9d21d45,2011,8,Thanh Hoá,Provincial,Cultivation,Lúa,,Area_Planted,83794.0,ha,Actual,PL2
8b7e4a972b98b82d,2011,8,Thanh Hoá,Provincial,Cultivation,Ngô,,Area_Planted,53361.0,ha,Actual,PL2
3c121eeca6a4e185,2011,8,Thanh Hoá,Provincial,Cultivation,Khoai lang,,Area_Planted,12076.0,ha,Actual,PL2
5bf6566da300cae7,2011,8,Thanh Hoá,Provincial,Cultivation,Sắn,,Area_Planted,18357.0,ha,Actual,PL2
d05068567b5e39dd,2011,8,Nghệ An,Provincial,Cultivation,Lúa,,Area_Planted,41500.0,ha,Actual,PL2
d05068567b5e39dd,2011,8,Nghệ An,Provincial,Cultivation,Lúa,,Area_Planted,542960.0,ha,Actual,PL2
d05068567b5e39dd,2011,8,Nghệ An,Provincial,Cultivation,Lúa,,Area_Planted,96467.0,ha,Actual,PL2
888c7a49a7498b19,2011,8,Nghệ An,Provincial,Cultivation,Ngô,,Area_Planted,54247.0,ha,Actual,PL2
be3ce0de9dd95eec,2011,8,Nghệ An,Provincial,Cultivation,Khoai lang,,Area_Planted,10410.0,ha,Actual,PL2
c0ecac062330f927,2011,8,Nghệ An,Provincial,Cultivation,Sắn,,Area_Planted,20209.0,ha,Actual,PL2
d05068567b5e39dd,2011,8,Nghệ An,Provincial,Cultivation,Lúa,,Area_Planted,11601.0,ha,Actual,PL2
8767ed1b077037ec,2011,8,Hà Tĩnh,Provincial,Cultivation,Lúa,,Area_Planted,4090.0,ha,Actual,PL2
8767ed1b077037ec,2011,8,Hà Tĩnh,Provincial,Cultivation,Lúa,,Area_Planted,402060.0,ha,Actual,PL2
8767ed1b077037ec,2011,8,Hà Tĩnh,Provincial,Cultivation,Lúa,,Area_Planted,18878.0,ha,Actual,PL2
eb3a9824a2693795,2011,8,Hà Tĩnh,Provincial,Cultivation,Ngô,,Area_Planted,8523.0,ha,Actual,PL2
e6a3c842a0587163,2011,8,Hà Tĩnh,Provincial,Cultivation,Khoai lang,,Area_Planted,6835.0,ha,Actual,PL2
30740d585bb35801,2011,8,Hà Tĩnh,Provincial,Cultivation,Sắn,,Area_Planted,3520.0,ha,Actual,PL2
8772c18e5d846889,2011,8,Quảng Bình,Provincial,Cultivation,Lúa,,Area_Planted,221000.0,ha,Actual,PL2
8772c18e5d846889,2011,8,Quảng Bình,Provincial,Cultivation,Lúa,,Area_Planted,14400.0,ha,Actual,PL2
8fc29ea2ea577a22,2011,8,Quảng Bình,Provincial,Cultivation,Ngô,,Area_Planted,4300.0,ha,Actual,PL2
208e7fa48a00f503,2011,8,Quảng Bình,Provincial,Cultivation,Khoai lang,,Area_Planted,4200.0,ha,Actual,PL2
1a8d967d2ae27868,2011,8,Quảng Bình,Provincial,Cultivation,Sắn,,Area_Planted,5900.0,ha,Actual,PL2
38a1426e3490024d,2011,8,Quảng Trị,Provincial,Cultivation,Lúa,,Area_Planted,216000.0,ha,Actual,PL2
38a1426e3490024d,2011,8,Quảng Trị,Provincial,Cultivation,Lúa,,Area_Planted,24029.0,ha,Actual,PL2
9ef09d4cd7cb0fa6,2011,8,Quảng Trị,Provincial,Cultivation,Ngô,,Area_Planted,3897.0,ha,Actual,PL2
98dd5a68e87fac89,2011,8,Quảng Trị,Provincial,Cultivation,Khoai lang,,Area_Planted,9000.0,ha,Actual,PL2
53ab7ae8aca33181,2011,8,Quảng Trị,Provincial,Cultivation,Sắn,,Area_Planted,11132.0,ha,Actual,PL2
398176234cb24475,2011,8,Thừa Thiên Huế,Provincial,Cultivation,Lúa,,Area_Planted,260120.0,ha,Actual,PL2
398176234cb24475,2011,8,Thừa Thiên Huế,Provincial,Cultivation,Lúa,,Area_Planted,13500.0,ha,Actual,PL2
819749f9befaabfe,2011,8,Thừa Thiên Huế,Provincial,Cultivation,Ngô,,Area_Planted,1750.0,ha,Actual,PL2
3d52c9e2b42118c9,2011,8,Thừa Thiên Huế,Provincial,Cultivation,Khoai lang,,Area_Planted,4300.0,ha,Actual,PL2
27192a3293b16789,2011,8,Thừa Thiên Huế,Provincial,Cultivation,Sắn,,Area_Planted,7100.0,ha,Actual,PL2
398176234cb24475,2011,8,Thừa Thiên Huế,Provincial,Cultivation,Lúa,,Area_Planted,350.0,ha,Actual,PL2
7ecafca10422aceb,2011,8,Miền Bắc,Provincial,Cultivation,Lúa,,Area_Planted,367492.0,ha,Actual,PL3
e49daa42c79c1fd1,2011,8,Miền Bắc,Provincial,Cultivation,Đậu tương,,Area_Planted,155826.0,ha,Actual,PL3
4744751b512d364b,2011,8,Miền Bắc,Provincial,Cultivation,Lạc,,Area_Planted,147665.0,ha,Actual,PL3
b386a860ebb437c8,2011,8,Miền Bắc,Provincial,Cultivation,Mía,,Area_Planted,40108.0,ha,Actual,PL3
3eae2b5021f24723,2011,8,Miền Bắc,Provincial,Cultivation,Thuốc lá,,Area_Planted,9789.0,ha,Actual,PL3
7ecafca10422aceb,2011,8,Miền Bắc,Provincial,Cultivation,Lúa,,Area_Planted,14104.0,ha,Actual,PL3
7ecafca10422aceb,2011,8,Miền Bắc,Provincial,Cultivation,Lúa,,Area_Planted,280417.0,ha,Actual,PL3
51f1738ea592100c,2011,8,ĐB sông Hồng,Provincial,Cultivation,Lúa,,Area_Planted,122117.0,ha,Actual,PL3
7ca2ece7d640e855,2011,8,ĐB sông Hồng,Provincial,Cultivation,Đậu tương,,Area_Planted,86634.0,ha,Actual,PL3
15974ebf45b75be0,2011,8,ĐB sông Hồng,Provincial,Cultivation,Lạc,,Area_Planted,29354.0,ha,Actual,PL3
ef813592432a47e5,2011,8,ĐB sông Hồng,Provincial,Cultivation,Mía,,Area_Planted,1945.0,ha,Actual,PL3
0b76bce07f8f5200,2011,8,ĐB sông Hồng,Provincial,Cultivation,Thuốc lá,,Area_Planted,1000.0,ha,Actual,PL3
51f1738ea592100c,2011,8,ĐB sông Hồng,Provincial,Cultivation,Lúa,,Area_Planted,3184.0,ha,Actual,PL3
51f1738ea592100c,2011,8,ĐB sông Hồng,Provincial,Cultivation,Lúa,,Area_Planted,127538.0,ha,Actual,PL3
c5aef869b69c9c22,2011,8,Hà Nội,Provincial,Cultivation,Lúa,,Area_Planted,41040.0,ha,Actual,PL3
b310aa14ac63d0f3,2011,8,Hà Nội,Provincial,Cultivation,Đậu tương,,Area_Planted,33805.0,ha,Actual,PL3
1843f42c1ca7dedc,2011,8,Hà Nội,Provincial,Cultivation,Lạc,,Area_Planted,6485.0,ha,Actual,PL3
c5aef869b69c9c22,2011,8,Hà Nội,Provincial,Cultivation,Lúa,,Area_Planted,750.0,ha,Actual,PL3
c5aef869b69c9c22,2011,8,Hà Nội,Provincial,Cultivation,Lúa,,Area_Planted,25890.0,ha,Actual,PL3
0c6406922a0fbc5c,2011,8,Hải Phòng,Provincial,Cultivation,Lúa,,Area_Planted,1200.0,ha,Actual,PL3
04be3cfc44f39b74,2011,8,Hải Phòng,Provincial,Cultivation,Đậu tương,,Area_Planted,200.0,ha,Actual,PL3
769ee228797d02bb,2011,8,Hải Phòng,Provincial,Cultivation,Thuốc lá,,Area_Planted,1000.0,ha,Actual,PL3
0c6406922a0fbc5c,2011,8,Hải Phòng,Provincial,Cultivation,Lúa,,Area_Planted,12230.0,ha,Actual,PL3
cceb5ec89f8dc24d,2011,8,Vĩnh Phúc,Provincial,Cultivation,Lúa,,Area_Planted,8776.0,ha,Actual,PL3
47b7b822f2226e26,2011,8,Vĩnh Phúc,Provincial,Cultivation,Đậu tương,,Area_Planted,4693.0,ha,Actual,PL3
3cc60c4d42c3f972,2011,8,Vĩnh Phúc,Provincial,Cultivation,Lạc,,Area_Planted,3370.0,ha,Actual,PL3
b9a8aba775181aa2,2011,8,Vĩnh Phúc,Provincial,Cultivation,Mía,,Area_Planted,387.0,ha,Actual,PL3
cceb5ec89f8dc24d,2011,8,Vĩnh Phúc,Provincial,Cultivation,Lúa,,Area_Planted,326.0,ha,Actual,PL3
cceb5ec89f8dc24d,2011,8,Vĩnh Phúc,Provincial,Cultivation,Lúa,,Area_Planted,6992.0,ha,Actual,PL3
14e9dd3d9bed21dd,2011,8,Bắc Ninh,Provincial,Cultivation,Lúa,,Area_Planted,3437.0,ha,Actual,PL3
b183852b9d8c4537,2011,8,Bắc Ninh,Provincial,Cultivation,Đậu tương,,Area_Planted,2021.0,ha,Actual,PL3
87748cee06bdaa9a,2011,8,Bắc Ninh,Provincial,Cultivation,Lạc,,Area_Planted,1416.0,ha,Actual,PL3
14e9dd3d9bed21dd,2011,8,Bắc Ninh,Provincial,Cultivation,Lúa,,Area_Planted,6772.0,ha,Actual,PL3
0f7731351acddbeb,2011,8,Hải Dương,Provincial,Cultivation,Lúa,,Area_Planted,1107.0,ha,Actual,PL3
8f2734e8311af8da,2011,8,Hải Dương,Provincial,Cultivation,Đậu tương,,Area_Planted,881.0,ha,Actual,PL3
02c8ae7953b3a79f,2011,8,Hải Dương,Provincial,Cultivation,Lạc,,Area_Planted,226.0,ha,Actual,PL3
0f7731351acddbeb,2011,8,Hải Dương,Provincial,Cultivation,Lúa,,Area_Planted,16306.0,ha,Actual,PL3
81b1e1fa1ef4c855,2011,8,Hưng Yên,Provincial,Cultivation,Lúa,,Area_Planted,3392.0,ha,Actual,PL3
227d87e2334042be,2011,8,Hưng Yên,Provincial,Cultivation,Đậu tương,,Area_Planted,2678.0,ha,Actual,PL3
1b0d18c4875ac4fc,2011,8,Hưng Yên,Provincial,Cultivation,Lạc,,Area_Planted,714.0,ha,Actual,PL3
81b1e1fa1ef4c855,2011,8,Hưng Yên,Provincial,Cultivation,Lúa,,Area_Planted,9631.0,ha,Actual,PL3
c7b4a42b86436a9d,2011,8,Hà Nam,Provincial,Cultivation,Lúa,,Area_Planted,12405.0,ha,Actual,PL3
27017911ff272efa,2011,8,Hà Nam,Provincial,Cultivation,Đậu tương,,Area_Planted,12286.0,ha,Actual,PL3
e5b1a150879d1523,2011,8,Hà Nam,Provincial,Cultivation,Lạc,,Area_Planted,119.0,ha,Actual,PL3
c7b4a42b86436a9d,2011,8,Hà Nam,Provincial,Cultivation,Lúa,,Area_Planted,3960.0,ha,Actual,PL3
6ffd76cb72534126,2011,8,Nam Định,Provincial,Cultivation,Lúa,,Area_Planted,9608.0,ha,Actual,PL3
dffaad3527ab52cb,2011,8,Nam Định,Provincial,Cultivation,Đậu tương,,Area_Planted,2732.0,ha,Actual,PL3
668c68dba0f249be,2011,8,Nam Định,Provincial,Cultivation,Lạc,,Area_Planted,6671.0,ha,Actual,PL3
7c6f56af427bb78c,2011,8,Nam Định,Provincial,Cultivation,Mía,,Area_Planted,205.0,ha,Actual,PL3
6ffd76cb72534126,2011,8,Nam Định,Provincial,Cultivation,Lúa,,Area_Planted,17731.0,ha,Actual,PL3
bf2308f80c476bf0,2011,8,Thái Bình,Provincial,Cultivation,Lúa,,Area_Planted,19215.0,ha,Actual,PL3
aeba8d83322b4a18,2011,8,Thái Bình,Provincial,Cultivation,Đậu tương,,Area_Planted,15730.0,ha,Actual,PL3
df6d49d8c41f9362,2011,8,Thái Bình,Provincial,Cultivation,Lạc,,Area_Planted,3085.0,ha,Actual,PL3
bf2308f80c476bf0,2011,8,Thái Bình,Provincial,Cultivation,Lúa,,Area_Planted,400.0,ha,Actual,PL3
bf2308f80c476bf0,2011,8,Thái Bình,Provincial,Cultivation,Lúa,,Area_Planted,13120.0,ha,Actual,PL3
96246ba841ec5d8e,2011,8,Ninh Bình,Provincial,Cultivation,Lúa,,Area_Planted,16559.0,ha,Actual,PL3
1777051a08c300e9,2011,8,Ninh Bình,Provincial,Cultivation,Đậu tương,,Area_Planted,10777.0,ha,Actual,PL3
7ac6e3331e811d4f,2011,8,Ninh Bình,Provincial,Cultivation,Lạc,,Area_Planted,4445.0,ha,Actual,PL3
5c75caf7a47cb0c4,2011,8,Ninh Bình,Provincial,Cultivation,Mía,,Area_Planted,907.0,ha,Actual,PL3
96246ba841ec5d8e,2011,8,Ninh Bình,Provincial,Cultivation,Lúa,,Area_Planted,430.0,ha,Actual,PL3
96246ba841ec5d8e,2011,8,Ninh Bình,Provincial,Cultivation,Lúa,,Area_Planted,6242.0,ha,Actual,PL3
0f48dd3ed0a8b617,2011,8,Quảng Ninh,Provincial,Cultivation,Lúa,,Area_Planted,5379.0,ha,Actual,PL3
4699dc92b03510e7,2011,8,Quảng Ninh,Provincial,Cultivation,Đậu tương,,Area_Planted,832.0,ha,Actual,PL3
31be2c480046301e,2011,8,Quảng Ninh,Provincial,Cultivation,Lạc,,Area_Planted,2823.0,ha,Actual,PL3
c061e6a0e1d51019,2011,8,Quảng Ninh,Provincial,Cultivation,Mía,,Area_Planted,446.0,ha,Actual,PL3
0f48dd3ed0a8b617,2011,8,Quảng Ninh,Provincial,Cultivation,Lúa,,Area_Planted,1278.0,ha,Actual,PL3
0f48dd3ed0a8b617,2011,8,Quảng Ninh,Provincial,Cultivation,Lúa,,Area_Planted,8664.0,ha,Actual,PL3
b01db65c4d1e3e80,2011,8,TD và MN phía Bắc,Provincial,Cultivation,Lúa,,Area_Planted,130241.0,ha,Actual,PL3
4c5ed20829fd252c,2011,8,TD và MN phía Bắc,Provincial,Cultivation,Đậu tương,,Area_Planted,59038.0,ha,Actual,PL3
1fc7e92dd9b78848,2011,8,TD và MN phía Bắc,Provincial,Cultivation,Lạc,,Area_Planted,43794.0,ha,Actual,PL3
7013d12a1e909eb8,2011,8,TD và MN phía Bắc,Provincial,Cultivation,Mía,,Area_Planted,15464.0,ha,Actual,PL3
40fd74cc3307f5e2,2011,8,TD và MN phía Bắc,Provincial,Cultivation,Thuốc lá,,Area_Planted,8583.0,ha,Actual,PL3
b01db65c4d1e3e80,2011,8,TD và MN phía Bắc,Provincial,Cultivation,Lúa,,Area_Planted,3363.0,ha,Actual,PL3
b01db65c4d1e3e80,2011,8,TD và MN phía Bắc,Provincial,Cultivation,Lúa,,Area_Planted,79223.0,ha,Actual,PL3
3542d99858c5904e,2011,8,Hà Giang,Provincial,Cultivation,Lúa,,Area_Planted,27366.0,ha,Actual,PL3
a1081cbea8d198ed,2011,8,Hà Giang,Provincial,Cultivation,Đậu tương,,Area_Planted,20468.0,ha,Actual,PL3
f4b1b21db7a19c47,2011,8,Hà Giang,Provincial,Cultivation,Lạc,,Area_Planted,6208.0,ha,Actual,PL3
3542d99858c5904e,2011,8,Hà Giang,Provincial,Cultivation,Lúa,,Area_Planted,690.0,ha,Actual,PL3
3542d99858c5904e,2011,8,Hà Giang,Provincial,Cultivation,Lúa,,Area_Planted,11223.0,ha,Actual,PL3
09741c2fc3fd001a,2011,8,Cao Bằng,Provincial,Cultivation,Lúa,,Area_Planted,12323.0,ha,Actual,PL3
1476bcd891990d5d,2011,8,Cao Bằng,Provincial,Cultivation,Đậu tương,,Area_Planted,5082.0,ha,Actual,PL3
225f186028c0618f,2011,8,Cao Bằng,Provincial,Cultivation,Lạc,,Area_Planted,1531.0,ha,Actual,PL3
0087c46d9bfdb430,2011,8,Cao Bằng,Provincial,Cultivation,Mía,,Area_Planted,2395.0,ha,Actual,PL3
3faafe1c37f842a2,2011,8,Cao Bằng,Provincial,Cultivation,Thuốc lá,,Area_Planted,3316610136.0,ha,Actual,PL3
09741c2fc3fd001a,2011,8,Cao Bằng,Provincial,Cultivation,Lúa,,Area_Planted,3316610136.0,ha,Actual,PL3
09741c2fc3fd001a,2011,8,Cao Bằng,Provincial,Cultivation,Lúa,,Area_Planted,430.0,ha,Actual,PL3
80f8cdd00cfdedbf,2011,8,Lào Cai,Provincial,Cultivation,Lúa,,Area_Planted,4758.0,ha,Actual,PL3
9b02065aa1e70a57,2011,8,Lào Cai,Provincial,Cultivation,Đậu tương,,Area_Planted,3455.0,ha,Actual,PL3
42bcb9d735df09b5,2011,8,Lào Cai,Provincial,Cultivation,Lạc,,Area_Planted,557.0,ha,Actual,PL3
e2794de255f7f692,2011,8,Lào Cai,Provincial,Cultivation,Thuốc lá,,Area_Planted,610.0,ha,Actual,PL3
80f8cdd00cfdedbf,2011,8,Lào Cai,Provincial,Cultivation,Lúa,,Area_Planted,610.0,ha,Actual,PL3
80f8cdd00cfdedbf,2011,8,Lào Cai,Provincial,Cultivation,Lúa,,Area_Planted,3200.0,ha,Actual,PL3
b9bdc49023b40fa0,2011,8,Bắc Cạn,Provincial,Cultivation,Lúa,,Area_Planted,4141.0,ha,Actual,PL3
72c19d52716988db,2011,8,Bắc Cạn,Provincial,Cultivation,Đậu tương,,Area_Planted,1870.0,ha,Actual,PL3
fc3fab500be068b8,2011,8,Bắc Cạn,Provincial,Cultivation,Lạc,,Area_Planted,554.0,ha,Actual,PL3
a738e7bc50ced8b1,2011,8,Bắc Cạn,Provincial,Cultivation,Mía,,Area_Planted,126.0,ha,Actual,PL3
0fd3f5f024058b31,2011,8,Bắc Cạn,Provincial,Cultivation,Thuốc lá,,Area_Planted,1071.0,ha,Actual,PL3
b9bdc49023b40fa0,2011,8,Bắc Cạn,Provincial,Cultivation,Lúa,,Area_Planted,520.0,ha,Actual,PL3
b9bdc49023b40fa0,2011,8,Bắc Cạn,Provincial,Cultivation,Lúa,,Area_Planted,1676.0,ha,Actual,PL3
238a53d698d5c4fe,2011,8,Lạng Sơn,Provincial,Cultivation,Lúa,,Area_Planted,4868.0,ha,Actual,PL3
5c5478deef79e0a0,2011,8,Lạng Sơn,Provincial,Cultivation,Đậu tương,,Area_Planted,734.0,ha,Actual,PL3
bdb631855fa5156f,2011,8,Lạng Sơn,Provincial,Cultivation,Thuốc lá,,Area_Planted,3334.0,ha,Actual,PL3
238a53d698d5c4fe,2011,8,Lạng Sơn,Provincial,Cultivation,Lúa,,Area_Planted,800.0,ha,Actual,PL3
238a53d698d5c4fe,2011,8,Lạng Sơn,Provincial,Cultivation,Lúa,,Area_Planted,4184.0,ha,Actual,PL3
c0dc02103eb0cb1e,2011,8,Tuyên Quang,Provincial,Cultivation,Lúa,,Area_Planted,8599.0,ha,Actual,PL3
3dc5309e9052e224,2011,8,Tuyên Quang,Provincial,Cultivation,Đậu tương,,Area_Planted,1776.0,ha,Actual,PL3
7022dc3317e4129d,2011,8,Tuyên Quang,Provincial,Cultivation,Lạc,,Area_Planted,4667.0,ha,Actual,PL3
1a3899645f429e12,2011,8,Tuyên Quang,Provincial,Cultivation,Mía,,Area_Planted,2156.0,ha,Actual,PL3
c0dc02103eb0cb1e,2011,8,Tuyên Quang,Provincial,Cultivation,Lúa,,Area_Planted,1311.0,ha,Actual,PL3
c6a4bee2864f546e,2011,8,Yên Bái,Provincial,Cultivation,Lúa,,Area_Planted,3522.0,ha,Actual,PL3
344786fbf89ebc82,2011,8,Yên Bái,Provincial,Cultivation,Đậu tương,,Area_Planted,1096.0,ha,Actual,PL3
86dbaa87f9b36f2f,2011,8,Yên Bái,Provincial,Cultivation,Lạc,,Area_Planted,1632.0,ha,Actual,PL3
3d03d8f7f0b8a9ec,2011,8,Yên Bái,Provincial,Cultivation,Mía,,Area_Planted,775.0,ha,Actual,PL3
c6a4bee2864f546e,2011,8,Yên Bái,Provincial,Cultivation,Lúa,,Area_Planted,19.0,ha,Actual,PL3
c6a4bee2864f546e,2011,8,Yên Bái,Provincial,Cultivation,Lúa,,Area_Planted,4896.0,ha,Actual,PL3
53246d9f3cfeb93d,2011,8,Thái Nguyên,Provincial,Cultivation,Lúa,,Area_Planted,5786.0,ha,Actual,PL3
b8e4447828d0ad5e,2011,8,Thái Nguyên,Provincial,Cultivation,Đậu tương,,Area_Planted,1443.0,ha,Actual,PL3
b6718a09694ef08f,2011,8,Thái Nguyên,Provincial,Cultivation,Lạc,,Area_Planted,4024.0,ha,Actual,PL3
a56935761d7c7dda,2011,8,Thái Nguyên,Provincial,Cultivation,Thuốc lá,,Area_Planted,253.0,ha,Actual,PL3
53246d9f3cfeb93d,2011,8,Thái Nguyên,Provincial,Cultivation,Lúa,,Area_Planted,66.0,ha,Actual,PL3
53246d9f3cfeb93d,2011,8,Thái Nguyên,Provincial,Cultivation,Lúa,,Area_Planted,10143.0,ha,Actual,PL3
331e750df1eb7b83,2011,8,Phú Thọ,Provincial,Cultivation,Lúa,,Area_Planted,7179.0,ha,Actual,PL3
d3d1b70ee20e0c86,2011,8,Phú Thọ,Provincial,Cultivation,Đậu tương,,Area_Planted,1695.0,ha,Actual,PL3
63f60e095bf32d68,2011,8,Phú Thọ,Provincial,Cultivation,Lạc,,Area_Planted,5484.0,ha,Actual,PL3
331e750df1eb7b83,2011,8,Phú Thọ,Provincial,Cultivation,Lúa,,Area_Planted,8501.0,ha,Actual,PL3
9f01299703f8510c,2011,8,Bắc Giang,Provincial,Cultivation,Lúa,,Area_Planted,11729.0,ha,Actual,PL3
0f8352e637eab05d,2011,8,Bắc Giang,Provincial,Cultivation,Đậu tương,,Area_Planted,777.0,ha,Actual,PL3
a98521ff12ff1580,2011,8,Bắc Giang,Provincial,Cultivation,Lạc,,Area_Planted,10952.0,ha,Actual,PL3
9f01299703f8510c,2011,8,Bắc Giang,Provincial,Cultivation,Lúa,,Area_Planted,15170.0,ha,Actual,PL3
93b44d24d24fed50,2011,8,Lai Châu,Provincial,Cultivation,Lúa,,Area_Planted,2293.0,ha,Actual,PL3
c21f68840f2128b4,2011,8,Lai Châu,Provincial,Cultivation,Đậu tương,,Area_Planted,998.0,ha,Actual,PL3
2854bf573b5911eb,2011,8,Lai Châu,Provincial,Cultivation,Lạc,,Area_Planted,1295.0,ha,Actual,PL3
93b44d24d24fed50,2011,8,Lai Châu,Provincial,Cultivation,Lúa,,Area_Planted,378.0,ha,Actual,PL3
bc90bd829d1da6ab,2011,8,Điện Biên,Provincial,Cultivation,Lúa,,Area_Planted,12110.0,ha,Actual,PL3
34c4f67525231190,2011,8,Điện Biên,Provincial,Cultivation,Đậu tương,,Area_Planted,10690.0,ha,Actual,PL3
877d6ee4262ae76b,2011,8,Điện Biên,Provincial,Cultivation,Lạc,,Area_Planted,1420.0,ha,Actual,PL3
bc90bd829d1da6ab,2011,8,Điện Biên,Provincial,Cultivation,Lúa,,Area_Planted,1946.0,ha,Actual,PL3
7a4207b1f644d0ca,2011,8,Sơn La,Provincial,Cultivation,Lúa,,Area_Planted,10034.0,ha,Actual,PL3
ed14290a690ff815,2011,8,Sơn La,Provincial,Cultivation,Đậu tương,,Area_Planted,7353.0,ha,Actual,PL3
e192205c21155165,2011,8,Sơn La,Provincial,Cultivation,Lạc,,Area_Planted,1344.0,ha,Actual,PL3
f307b6b08dcf6f03,2011,8,Sơn La,Provincial,Cultivation,Mía,,Area_Planted,1292.0,ha,Actual,PL3
7a4207b1f644d0ca,2011,8,Sơn La,Provincial,Cultivation,Lúa,,Area_Planted,45.0,ha,Actual,PL3
7a4207b1f644d0ca,2011,8,Sơn La,Provincial,Cultivation,Lúa,,Area_Planted,5524.0,ha,Actual,PL3
c8c4d4e50ab4753b,2011,8,Hoà Bình,Provincial,Cultivation,Lúa,,Area_Planted,15534.0,ha,Actual,PL3
8cfe1cdf521478ae,2011,8,Hoà Bình,Provincial,Cultivation,Đậu tương,,Area_Planted,1601.0,ha,Actual,PL3
5d6b454b65425335,2011,8,Hoà Bình,Provincial,Cultivation,Lạc,,Area_Planted,4126.0,ha,Actual,PL3
309f773de1b3e39a,2011,8,Hoà Bình,Provincial,Cultivation,Mía,,Area_Planted,8720.0,ha,Actual,PL3
c8c4d4e50ab4753b,2011,8,Hoà Bình,Provincial,Cultivation,Lúa,,Area_Planted,1087.0,ha,Actual,PL3
c8c4d4e50ab4753b,2011,8,Hoà Bình,Provincial,Cultivation,Lúa,,Area_Planted,10641.0,ha,Actual,PL3
548cfe5856c85fb4,2011,8,Bắc Trung Bộ,Provincial,Cultivation,Lúa,,Area_Planted,115134.0,ha,Actual,PL3
80e8b9c9a7d84968,2011,8,Bắc Trung Bộ,Provincial,Cultivation,Đậu tương,,Area_Planted,10154.0,ha,Actual,PL3
428f6f8bf6977505,2011,8,Bắc Trung Bộ,Provincial,Cultivation,Lạc,,Area_Planted,74517.0,ha,Actual,PL3
b5b3e10d24bfe527,2011,8,Bắc Trung Bộ,Provincial,Cultivation,Mía,,Area_Planted,22700.0,ha,Actual,PL3
0161fd8467dcab30,2011,8,Bắc Trung Bộ,Provincial,Cultivation,Thuốc lá,,Area_Planted,206.0,ha,Actual,PL3
548cfe5856c85fb4,2011,8,Bắc Trung Bộ,Provincial,Cultivation,Lúa,,Area_Planted,7557.0,ha,Actual,PL3
548cfe5856c85fb4,2011,8,Bắc Trung Bộ,Provincial,Cultivation,Lúa,,Area_Planted,73656.0,ha,Actual,PL3
fe342f3cf9d21d45,2011,8,Thanh Hoá,Provincial,Cultivation,Lúa,,Area_Planted,38032.0,ha,Actual,PL3
376fe2e0ca1e3694,2011,8,Thanh Hoá,Provincial,Cultivation,Đậu tương,,Area_Planted,9815.0,ha,Actual,PL3
82d75a79b9e0c4ac,2011,8,Thanh Hoá,Provincial,Cultivation,Lạc,,Area_Planted,15617.0,ha,Actual,PL3
d1af0f49efd24fc3,2011,8,Thanh Hoá,Provincial,Cultivation,Mía,,Area_Planted,12600.0,ha,Actual,PL3
fe342f3cf9d21d45,2011,8,Thanh Hoá,Provincial,Cultivation,Lúa,,Area_Planted,26788.0,ha,Actual,PL3
d05068567b5e39dd,2011,8,Nghệ An,Provincial,Cultivation,Lúa,,Area_Planted,38955.0,ha,Actual,PL3
a8e68811a6224289,2011,8,Nghệ An,Provincial,Cultivation,Đậu tương,,Area_Planted,339.0,ha,Actual,PL3
f723f9f90c515521,2011,8,Nghệ An,Provincial,Cultivation,Lạc,,Area_Planted,21973.0,ha,Actual,PL3
2ad8bddafec1007f,2011,8,Nghệ An,Provincial,Cultivation,Mía,,Area_Planted,10000.0,ha,Actual,PL3
fc9f3645fe9909ec,2011,8,Nghệ An,Provincial,Cultivation,Thuốc lá,,Area_Planted,156.0,ha,Actual,PL3
d05068567b5e39dd,2011,8,Nghệ An,Provincial,Cultivation,Lúa,,Area_Planted,6487.0,ha,Actual,PL3
d05068567b5e39dd,2011,8,Nghệ An,Provincial,Cultivation,Lúa,,Area_Planted,23585.0,ha,Actual,PL3
8767ed1b077037ec,2011,8,Hà Tĩnh,Provincial,Cultivation,Lúa,,Area_Planted,24947.0,ha,Actual,PL3
1738a4e7f647377d,2011,8,Hà Tĩnh,Provincial,Cultivation,Lạc,,Area_Planted,24027.0,ha,Actual,PL3
8767ed1b077037ec,2011,8,Hà Tĩnh,Provincial,Cultivation,Lúa,,Area_Planted,920.0,ha,Actual,PL3
8767ed1b077037ec,2011,8,Hà Tĩnh,Provincial,Cultivation,Lúa,,Area_Planted,12617.0,ha,Actual,PL3
8772c18e5d846889,2011,8,Quảng Bình,Provincial,Cultivation,Lúa,,Area_Planted,5100.0,ha,Actual,PL3
20ad802f66e65d6d,2011,8,Quảng Bình,Provincial,Cultivation,Lạc,,Area_Planted,5100.0,ha,Actual,PL3
8772c18e5d846889,2011,8,Quảng Bình,Provincial,Cultivation,Lúa,,Area_Planted,456.0,ha,Actual,PL3
38a1426e3490024d,2011,8,Quảng Trị,Provincial,Cultivation,Lúa,,Area_Planted,4300.0,ha,Actual,PL3
e4f2a3d1cd77fa65,2011,8,Quảng Trị,Provincial,Cultivation,Lạc,,Area_Planted,4300.0,ha,Actual,PL3
38a1426e3490024d,2011,8,Quảng Trị,Provincial,Cultivation,Lúa,,Area_Planted,4610.0,ha,Actual,PL3
398176234cb24475,2011,8,Thừa Thiên Huế,Provincial,Cultivation,Lúa,,Area_Planted,3800.0,ha,Actual,PL3
e6cbb5ae3aef2eb2,2011,8,Thừa Thiên Huế,Provincial,Cultivation,Lạc,,Area_Planted,3500.0,ha,Actual,PL3
7a8b26e5903e7c3d,2011,8,Thừa Thiên Huế,Provincial,Cultivation,Mía,,Area_Planted,100.0,ha,Actual,PL3
9428ebc53fe8f320,2011,8,Thừa Thiên Huế,Provincial,Cultivation,Thuốc lá,,Area_Planted,50.0,ha,Actual,PL3
398176234cb24475,2011,8,Thừa Thiên Huế,Provincial,Cultivation,Lúa,,Area_Planted,150.0,ha,Actual,PL3
398176234cb24475,2011,8,Thừa Thiên Huế,Provincial,Cultivation,Lúa,,Area_Planted,5600.0,ha,Actual,PL3
5afcdf40d5d48e6e,2011,8,Miền Nam,Provincial,Cultivation,Lúa,,Area_Planted,1220985.0,ha,Actual,PL4
5afcdf40d5d48e6e,2011,8,Miền Nam,Provincial,Cultivation,Lúa,,Area_Planted,623.0,ha,Actual,PL4
5afcdf40d5d48e6e,2011,8,Miền Nam,Provincial,Cultivation,Lúa,,Area_Planted,548.0,ha,Actual,PL4
5afcdf40d5d48e6e,2011,8,Miền Nam,Provincial,Cultivation,Lúa,,Area_Planted,6693049.0,ha,Actual,PL4
5afcdf40d5d48e6e,2011,8,Miền Nam,Provincial,Cultivation,Lúa,,Area_Planted,292831.0,ha,Actual,PL4
5afcdf40d5d48e6e,2011,8,Miền Nam,Provincial,Cultivation,Lúa,,Area_Planted,358351.0,ha,Actual,PL4
5afcdf40d5d48e6e,2011,8,Miền Nam,Provincial,Cultivation,Lúa,,Area_Planted,678604.0,ha,Actual,PL4
5afcdf40d5d48e6e,2011,8,Miền Nam,Provincial,Cultivation,Lúa,,Area_Planted,312197.0,ha,Actual,PL4
5afcdf40d5d48e6e,2011,8,Miền Nam,Provincial,Cultivation,Lúa,,Area_Planted,30616.0,ha,Actual,PL4
5afcdf40d5d48e6e,2011,8,Miền Nam,Provincial,Cultivation,Lúa,,Area_Planted,320765.0,ha,Actual,PL4
5afcdf40d5d48e6e,2011,8,Miền Nam,Provincial,Cultivation,Lúa,,Area_Planted,15027.0,ha,Actual,PL4
6490c502f0dd5da8,2011,8,D.H Nam Trung Bộ,Provincial,Cultivation,Lúa,,Area_Planted,155085.0,ha,Actual,PL4
6490c502f0dd5da8,2011,8,D.H Nam Trung Bộ,Provincial,Cultivation,Lúa,,Area_Planted,65261.0,ha,Actual,PL4
6490c502f0dd5da8,2011,8,D.H Nam Trung Bộ,Provincial,Cultivation,Lúa,,Area_Planted,92502.0,ha,Actual,PL4
6490c502f0dd5da8,2011,8,D.H Nam Trung Bộ,Provincial,Cultivation,Lúa,,Area_Planted,34057.0,ha,Actual,PL4
6490c502f0dd5da8,2011,8,D.H Nam Trung Bộ,Provincial,Cultivation,Lúa,,Area_Planted,6786.0,ha,Actual,PL4
6490c502f0dd5da8,2011,8,D.H Nam Trung Bộ,Provincial,Cultivation,Lúa,,Area_Planted,50432.0,ha,Actual,PL4
6490c502f0dd5da8,2011,8,D.H Nam Trung Bộ,Provincial,Cultivation,Lúa,,Area_Planted,1227.0,ha,Actual,PL4
914dfb4d1d7a623e,2011,8,TP Đà Nẵng,Provincial,Cultivation,Lúa,,Area_Planted,3285.0,ha,Actual,PL4
914dfb4d1d7a623e,2011,8,TP Đà Nẵng,Provincial,Cultivation,Lúa,,Area_Planted,1453.0,ha,Actual,PL4
914dfb4d1d7a623e,2011,8,TP Đà Nẵng,Provincial,Cultivation,Lúa,,Area_Planted,692.0,ha,Actual,PL4
914dfb4d1d7a623e,2011,8,TP Đà Nẵng,Provincial,Cultivation,Lúa,,Area_Planted,460.0,ha,Actual,PL4
914dfb4d1d7a623e,2011,8,TP Đà Nẵng,Provincial,Cultivation,Lúa,,Area_Planted,301.0,ha,Actual,PL4
b38a6c0c0c23b453,2011,8,Quảng Nam,Provincial,Cultivation,Lúa,,Area_Planted,37000.0,ha,Actual,PL4
b38a6c0c0c23b453,2011,8,Quảng Nam,Provincial,Cultivation,Lúa,,Area_Planted,28381.0,ha,Actual,PL4
b38a6c0c0c23b453,2011,8,Quảng Nam,Provincial,Cultivation,Lúa,,Area_Planted,10581.0,ha,Actual,PL4
b38a6c0c0c23b453,2011,8,Quảng Nam,Provincial,Cultivation,Lúa,,Area_Planted,5600.0,ha,Actual,PL4
b38a6c0c0c23b453,2011,8,Quảng Nam,Provincial,Cultivation,Lúa,,Area_Planted,12000.0,ha,Actual,PL4
b38a6c0c0c23b453,2011,8,Quảng Nam,Provincial,Cultivation,Lúa,,Area_Planted,200.0,ha,Actual,PL4
34bf5239214ea308,2011,8,Quảng Ngãi,Provincial,Cultivation,Lúa,,Area_Planted,1549.0,ha,Actual,PL4
34bf5239214ea308,2011,8,Quảng Ngãi,Provincial,Cultivation,Lúa,,Area_Planted,48.0,ha,Actual,PL4
34bf5239214ea308,2011,8,Quảng Ngãi,Provincial,Cultivation,Lúa,,Area_Planted,500.0,ha,Actual,PL4
34bf5239214ea308,2011,8,Quảng Ngãi,Provincial,Cultivation,Lúa,,Area_Planted,7745.0,ha,Actual,PL4
34bf5239214ea308,2011,8,Quảng Ngãi,Provincial,Cultivation,Lúa,,Area_Planted,24322.0,ha,Actual,PL4
34bf5239214ea308,2011,8,Quảng Ngãi,Provincial,Cultivation,Lúa,,Area_Planted,8400.0,ha,Actual,PL4
34bf5239214ea308,2011,8,Quảng Ngãi,Provincial,Cultivation,Lúa,,Area_Planted,422.0,ha,Actual,PL4
34bf5239214ea308,2011,8,Quảng Ngãi,Provincial,Cultivation,Lúa,,Area_Planted,15500.0,ha,Actual,PL4
82e32b6bda1ccfad,2011,8,Bình Định,Provincial,Cultivation,Lúa,,Area_Planted,23373.0,ha,Actual,PL4
82e32b6bda1ccfad,2011,8,Bình Định,Provincial,Cultivation,Lúa,,Area_Planted,554.0,ha,Actual,PL4
82e32b6bda1ccfad,2011,8,Bình Định,Provincial,Cultivation,Lúa,,Area_Planted,564.0,ha,Actual,PL4
82e32b6bda1ccfad,2011,8,Bình Định,Provincial,Cultivation,Lúa,,Area_Planted,131940.0,ha,Actual,PL4
82e32b6bda1ccfad,2011,8,Bình Định,Provincial,Cultivation,Lúa,,Area_Planted,21376.0,ha,Actual,PL4
82e32b6bda1ccfad,2011,8,Bình Định,Provincial,Cultivation,Lúa,,Area_Planted,5213.0,ha,Actual,PL4
82e32b6bda1ccfad,2011,8,Bình Định,Provincial,Cultivation,Lúa,,Area_Planted,5213.0,ha,Actual,PL4
1688e18b27a35f47,2011,8,Phú Yên,Provincial,Cultivation,Lúa,,Area_Planted,3500.0,ha,Actual,PL4
1688e18b27a35f47,2011,8,Phú Yên,Provincial,Cultivation,Lúa,,Area_Planted,22229.0,ha,Actual,PL4
1688e18b27a35f47,2011,8,Phú Yên,Provincial,Cultivation,Lúa,,Area_Planted,5262.0,ha,Actual,PL4
1688e18b27a35f47,2011,8,Phú Yên,Provincial,Cultivation,Lúa,,Area_Planted,304.0,ha,Actual,PL4
1688e18b27a35f47,2011,8,Phú Yên,Provincial,Cultivation,Lúa,,Area_Planted,16306.0,ha,Actual,PL4
1688e18b27a35f47,2011,8,Phú Yên,Provincial,Cultivation,Lúa,,Area_Planted,357.0,ha,Actual,PL4
1e8b25bdd204d10d,2011,8,Khánh Hoà,Provincial,Cultivation,Lúa,,Area_Planted,2800.0,ha,Actual,PL4
1e8b25bdd204d10d,2011,8,Khánh Hoà,Provincial,Cultivation,Lúa,,Area_Planted,155.0,ha,Actual,PL4
1e8b25bdd204d10d,2011,8,Khánh Hoà,Provincial,Cultivation,Lúa,,Area_Planted,550.0,ha,Actual,PL4
1e8b25bdd204d10d,2011,8,Khánh Hoà,Provincial,Cultivation,Lúa,,Area_Planted,15400.0,ha,Actual,PL4
1e8b25bdd204d10d,2011,8,Khánh Hoà,Provincial,Cultivation,Lúa,,Area_Planted,100.0,ha,Actual,PL4
1e8b25bdd204d10d,2011,8,Khánh Hoà,Provincial,Cultivation,Lúa,,Area_Planted,10904.0,ha,Actual,PL4
1e8b25bdd204d10d,2011,8,Khánh Hoà,Provincial,Cultivation,Lúa,,Area_Planted,3909.0,ha,Actual,PL4
1e8b25bdd204d10d,2011,8,Khánh Hoà,Provincial,Cultivation,Lúa,,Area_Planted,6325.0,ha,Actual,PL4
1e8b25bdd204d10d,2011,8,Khánh Hoà,Provincial,Cultivation,Lúa,,Area_Planted,670.0,ha,Actual,PL4
cba10eaed2cfb992,2011,8,Tây Nguyên,Provincial,Cultivation,Lúa,,Area_Planted,129684.0,ha,Actual,PL4
cba10eaed2cfb992,2011,8,Tây Nguyên,Provincial,Cultivation,Lúa,,Area_Planted,329804.0,ha,Actual,PL4
cba10eaed2cfb992,2011,8,Tây Nguyên,Provincial,Cultivation,Lúa,,Area_Planted,170169.0,ha,Actual,PL4
cba10eaed2cfb992,2011,8,Tây Nguyên,Provincial,Cultivation,Lúa,,Area_Planted,10198.0,ha,Actual,PL4
cba10eaed2cfb992,2011,8,Tây Nguyên,Provincial,Cultivation,Lúa,,Area_Planted,149262.0,ha,Actual,PL4
cba10eaed2cfb992,2011,8,Tây Nguyên,Provincial,Cultivation,Lúa,,Area_Planted,175.0,ha,Actual,PL4
3274f6d9f03fed42,2011,8,Kon Tum,Provincial,Cultivation,Lúa,,Area_Planted,15414.0,ha,Actual,PL4
3274f6d9f03fed42,2011,8,Kon Tum,Provincial,Cultivation,Lúa,,Area_Planted,46256.0,ha,Actual,PL4
3274f6d9f03fed42,2011,8,Kon Tum,Provincial,Cultivation,Lúa,,Area_Planted,7021.0,ha,Actual,PL4
3274f6d9f03fed42,2011,8,Kon Tum,Provincial,Cultivation,Lúa,,Area_Planted,142.0,ha,Actual,PL4
3274f6d9f03fed42,2011,8,Kon Tum,Provincial,Cultivation,Lúa,,Area_Planted,39093.0,ha,Actual,PL4
2b890a4fd287d479,2011,8,Gia Lai,Provincial,Cultivation,Lúa,,Area_Planted,44637.0,ha,Actual,PL4
2b890a4fd287d479,2011,8,Gia Lai,Provincial,Cultivation,Lúa,,Area_Planted,92717.0,ha,Actual,PL4
2b890a4fd287d479,2011,8,Gia Lai,Provincial,Cultivation,Lúa,,Area_Planted,35839.0,ha,Actual,PL4
2b890a4fd287d479,2011,8,Gia Lai,Provincial,Cultivation,Lúa,,Area_Planted,1326.0,ha,Actual,PL4
2b890a4fd287d479,2011,8,Gia Lai,Provincial,Cultivation,Lúa,,Area_Planted,55552.0,ha,Actual,PL4
17b488dd84bdd5f1,2011,8,Đắc Lắc,Provincial,Cultivation,Lúa,,Area_Planted,49814.0,ha,Actual,PL4
17b488dd84bdd5f1,2011,8,Đắc Lắc,Provincial,Cultivation,Lúa,,Area_Planted,116283.0,ha,Actual,PL4
17b488dd84bdd5f1,2011,8,Đắc Lắc,Provincial,Cultivation,Lúa,,Area_Planted,83671.0,ha,Actual,PL4
17b488dd84bdd5f1,2011,8,Đắc Lắc,Provincial,Cultivation,Lúa,,Area_Planted,2188.0,ha,Actual,PL4
17b488dd84bdd5f1,2011,8,Đắc Lắc,Provincial,Cultivation,Lúa,,Area_Planted,30249.0,ha,Actual,PL4
17b488dd84bdd5f1,2011,8,Đắc Lắc,Provincial,Cultivation,Lúa,,Area_Planted,175.0,ha,Actual,PL4
3a0377032810524c,2011,8,Đắc Nông,Provincial,Cultivation,Lúa,,Area_Planted,7947.0,ha,Actual,PL4
3a0377032810524c,2011,8,Đắc Nông,Provincial,Cultivation,Lúa,,Area_Planted,56508.0,ha,Actual,PL4
3a0377032810524c,2011,8,Đắc Nông,Provincial,Cultivation,Lúa,,Area_Planted,29650.0,ha,Actual,PL4
3a0377032810524c,2011,8,Đắc Nông,Provincial,Cultivation,Lúa,,Area_Planted,5551.0,ha,Actual,PL4
3a0377032810524c,2011,8,Đắc Nông,Provincial,Cultivation,Lúa,,Area_Planted,21307.0,ha,Actual,PL4
8f5db54548c0c69d,2011,8,Lâm Đồng,Provincial,Cultivation,Lúa,,Area_Planted,11872.0,ha,Actual,PL4
8f5db54548c0c69d,2011,8,Lâm Đồng,Provincial,Cultivation,Lúa,,Area_Planted,18040.0,ha,Actual,PL4
8f5db54548c0c69d,2011,8,Lâm Đồng,Provincial,Cultivation,Lúa,,Area_Planted,13988.0,ha,Actual,PL4
8f5db54548c0c69d,2011,8,Lâm Đồng,Provincial,Cultivation,Lúa,,Area_Planted,991.0,ha,Actual,PL4
8f5db54548c0c69d,2011,8,Lâm Đồng,Provincial,Cultivation,Lúa,,Area_Planted,3061.0,ha,Actual,PL4
04dc8234ffcd4833,2011,8,Đông Nam Bộ,Provincial,Cultivation,Lúa,,Area_Planted,79460.0,ha,Actual,PL4
04dc8234ffcd4833,2011,8,Đông Nam Bộ,Provincial,Cultivation,Lúa,,Area_Planted,538.0,ha,Actual,PL4
04dc8234ffcd4833,2011,8,Đông Nam Bộ,Provincial,Cultivation,Lúa,,Area_Planted,240378.0,ha,Actual,PL4
04dc8234ffcd4833,2011,8,Đông Nam Bộ,Provincial,Cultivation,Lúa,,Area_Planted,30584.0,ha,Actual,PL4
04dc8234ffcd4833,2011,8,Đông Nam Bộ,Provincial,Cultivation,Lúa,,Area_Planted,195949.0,ha,Actual,PL4
04dc8234ffcd4833,2011,8,Đông Nam Bộ,Provincial,Cultivation,Lúa,,Area_Planted,73453.0,ha,Actual,PL4
04dc8234ffcd4833,2011,8,Đông Nam Bộ,Provincial,Cultivation,Lúa,,Area_Planted,1913.0,ha,Actual,PL4
04dc8234ffcd4833,2011,8,Đông Nam Bộ,Provincial,Cultivation,Lúa,,Area_Planted,117554.0,ha,Actual,PL4
04dc8234ffcd4833,2011,8,Đông Nam Bộ,Provincial,Cultivation,Lúa,,Area_Planted,3029.0,ha,Actual,PL4
c3337733740322ce,2011,8,TP Hồ Chí Minh,Provincial,Cultivation,Lúa,,Area_Planted,4000.0,ha,Actual,PL4
c3337733740322ce,2011,8,TP Hồ Chí Minh,Provincial,Cultivation,Lúa,,Area_Planted,665.0,ha,Actual,PL4
c3337733740322ce,2011,8,TP Hồ Chí Minh,Provincial,Cultivation,Lúa,,Area_Planted,450.0,ha,Actual,PL4
c3337733740322ce,2011,8,TP Hồ Chí Minh,Provincial,Cultivation,Lúa,,Area_Planted,18000.0,ha,Actual,PL4
c3337733740322ce,2011,8,TP Hồ Chí Minh,Provincial,Cultivation,Lúa,,Area_Planted,1223.0,ha,Actual,PL4
1b950d51a4bc088c,2011,8,Ninh Thuận,Provincial,Cultivation,Lúa,,Area_Planted,13313.0,ha,Actual,PL4
1b950d51a4bc088c,2011,8,Ninh Thuận,Provincial,Cultivation,Lúa,,Area_Planted,7901.0,ha,Actual,PL4
1b950d51a4bc088c,2011,8,Ninh Thuận,Provincial,Cultivation,Lúa,,Area_Planted,101.0,ha,Actual,PL4
1b950d51a4bc088c,2011,8,Ninh Thuận,Provincial,Cultivation,Lúa,,Area_Planted,5285.0,ha,Actual,PL4
1b950d51a4bc088c,2011,8,Ninh Thuận,Provincial,Cultivation,Lúa,,Area_Planted,26.0,ha,Actual,PL4
8863ed159f3a1747,2011,8,Bình Phước,Provincial,Cultivation,Lúa,,Area_Planted,11663.0,ha,Actual,PL4
8863ed159f3a1747,2011,8,Bình Phước,Provincial,Cultivation,Lúa,,Area_Planted,26571.0,ha,Actual,PL4
8863ed159f3a1747,2011,8,Bình Phước,Provincial,Cultivation,Lúa,,Area_Planted,6068.0,ha,Actual,PL4
8863ed159f3a1747,2011,8,Bình Phước,Provincial,Cultivation,Lúa,,Area_Planted,670.0,ha,Actual,PL4
8863ed159f3a1747,2011,8,Bình Phước,Provincial,Cultivation,Lúa,,Area_Planted,18812.0,ha,Actual,PL4
8863ed159f3a1747,2011,8,Bình Phước,Provincial,Cultivation,Lúa,,Area_Planted,1021.0,ha,Actual,PL4
19a1b9f344a6ca99,2011,8,Tây Ninh,Provincial,Cultivation,Lúa,,Area_Planted,31074.0,ha,Actual,PL4
19a1b9f344a6ca99,2011,8,Tây Ninh,Provincial,Cultivation,Lúa,,Area_Planted,595.0,ha,Actual,PL4
19a1b9f344a6ca99,2011,8,Tây Ninh,Provincial,Cultivation,Lúa,,Area_Planted,10816.0,ha,Actual,PL4
19a1b9f344a6ca99,2011,8,Tây Ninh,Provincial,Cultivation,Lúa,,Area_Planted,41081.0,ha,Actual,PL4
19a1b9f344a6ca99,2011,8,Tây Ninh,Provincial,Cultivation,Lúa,,Area_Planted,4209.0,ha,Actual,PL4
19a1b9f344a6ca99,2011,8,Tây Ninh,Provincial,Cultivation,Lúa,,Area_Planted,262.0,ha,Actual,PL4
19a1b9f344a6ca99,2011,8,Tây Ninh,Provincial,Cultivation,Lúa,,Area_Planted,35942.0,ha,Actual,PL4
19a1b9f344a6ca99,2011,8,Tây Ninh,Provincial,Cultivation,Lúa,,Area_Planted,668.0,ha,Actual,PL4
faf3546c232aac09,2011,8,Bình Dương,Provincial,Cultivation,Lúa,,Area_Planted,1401.0,ha,Actual,PL4
faf3546c232aac09,2011,8,Bình Dương,Provincial,Cultivation,Lúa,,Area_Planted,3512.0,ha,Actual,PL4
faf3546c232aac09,2011,8,Bình Dương,Provincial,Cultivation,Lúa,,Area_Planted,263.0,ha,Actual,PL4
faf3546c232aac09,2011,8,Bình Dương,Provincial,Cultivation,Lúa,,Area_Planted,50.0,ha,Actual,PL4
faf3546c232aac09,2011,8,Bình Dương,Provincial,Cultivation,Lúa,,Area_Planted,3021.0,ha,Actual,PL4
faf3546c232aac09,2011,8,Bình Dương,Provincial,Cultivation,Lúa,,Area_Planted,178.0,ha,Actual,PL4
49f0574d47a7e4e3,2011,8,Đồng Nai,Provincial,Cultivation,Lúa,,Area_Planted,25490.0,ha,Actual,PL4
49f0574d47a7e4e3,2011,8,Đồng Nai,Provincial,Cultivation,Lúa,,Area_Planted,1000.0,ha,Actual,PL4
49f0574d47a7e4e3,2011,8,Đồng Nai,Provincial,Cultivation,Lúa,,Area_Planted,455.0,ha,Actual,PL4
49f0574d47a7e4e3,2011,8,Đồng Nai,Provincial,Cultivation,Lúa,,Area_Planted,116056.0,ha,Actual,PL4
49f0574d47a7e4e3,2011,8,Đồng Nai,Provincial,Cultivation,Lúa,,Area_Planted,47188.0,ha,Actual,PL4
49f0574d47a7e4e3,2011,8,Đồng Nai,Provincial,Cultivation,Lúa,,Area_Planted,31174.0,ha,Actual,PL4
49f0574d47a7e4e3,2011,8,Đồng Nai,Provincial,Cultivation,Lúa,,Area_Planted,228.0,ha,Actual,PL4
49f0574d47a7e4e3,2011,8,Đồng Nai,Provincial,Cultivation,Lúa,,Area_Planted,15209.0,ha,Actual,PL4
49f0574d47a7e4e3,2011,8,Đồng Nai,Provincial,Cultivation,Lúa,,Area_Planted,577.0,ha,Actual,PL4
3ed7630b0359e85f,2011,8,Bình Thuận,Provincial,Cultivation,Lúa,,Area_Planted,16559.0,ha,Actual,PL4
3ed7630b0359e85f,2011,8,Bình Thuận,Provincial,Cultivation,Lúa,,Area_Planted,413.0,ha,Actual,PL4
3ed7630b0359e85f,2011,8,Bình Thuận,Provincial,Cultivation,Lúa,,Area_Planted,590.0,ha,Actual,PL4
3ed7630b0359e85f,2011,8,Bình Thuận,Provincial,Cultivation,Lúa,,Area_Planted,97698.0,ha,Actual,PL4
3ed7630b0359e85f,2011,8,Bình Thuận,Provincial,Cultivation,Lúa,,Area_Planted,3491.0,ha,Actual,PL4
3ed7630b0359e85f,2011,8,Bình Thuận,Provincial,Cultivation,Lúa,,Area_Planted,45587.0,ha,Actual,PL4
3ed7630b0359e85f,2011,8,Bình Thuận,Provincial,Cultivation,Lúa,,Area_Planted,13741.0,ha,Actual,PL4
3ed7630b0359e85f,2011,8,Bình Thuận,Provincial,Cultivation,Lúa,,Area_Planted,511.0,ha,Actual,PL4
3ed7630b0359e85f,2011,8,Bình Thuận,Provincial,Cultivation,Lúa,,Area_Planted,30838.0,ha,Actual,PL4
3ed7630b0359e85f,2011,8,Bình Thuận,Provincial,Cultivation,Lúa,,Area_Planted,497.0,ha,Actual,PL4
4b94599ccf12c473,2011,8,Bà Rịa-V.Tàu,Provincial,Cultivation,Lúa,,Area_Planted,2337.0,ha,Actual,PL4
4b94599ccf12c473,2011,8,Bà Rịa-V.Tàu,Provincial,Cultivation,Lúa,,Area_Planted,309.0,ha,Actual,PL4
4b94599ccf12c473,2011,8,Bà Rịa-V.Tàu,Provincial,Cultivation,Lúa,,Area_Planted,369.0,ha,Actual,PL4
4b94599ccf12c473,2011,8,Bà Rịa-V.Tàu,Provincial,Cultivation,Lúa,,Area_Planted,8624.0,ha,Actual,PL4
4b94599ccf12c473,2011,8,Bà Rịa-V.Tàu,Provincial,Cultivation,Lúa,,Area_Planted,1990.0,ha,Actual,PL4
4b94599ccf12c473,2011,8,Bà Rịa-V.Tàu,Provincial,Cultivation,Lúa,,Area_Planted,18697.0,ha,Actual,PL4
4b94599ccf12c473,2011,8,Bà Rịa-V.Tàu,Provincial,Cultivation,Lúa,,Area_Planted,10097.0,ha,Actual,PL4
4b94599ccf12c473,2011,8,Bà Rịa-V.Tàu,Provincial,Cultivation,Lúa,,Area_Planted,91.0,ha,Actual,PL4
4b94599ccf12c473,2011,8,Bà Rịa-V.Tàu,Provincial,Cultivation,Lúa,,Area_Planted,8447.0,ha,Actual,PL4
4b94599ccf12c473,2011,8,Bà Rịa-V.Tàu,Provincial,Cultivation,Lúa,,Area_Planted,62.0,ha,Actual,PL4
056894d4a71107ab,2011,8,ĐBS Cửu Long,Provincial,Cultivation,Lúa,,Area_Planted,1141525.0,ha,Actual,PL4
056894d4a71107ab,2011,8,ĐBS Cửu Long,Provincial,Cultivation,Lúa,,Area_Planted,676.0,ha,Actual,PL4
056894d4a71107ab,2011,8,ĐBS Cửu Long,Provincial,Cultivation,Lúa,,Area_Planted,552.0,ha,Actual,PL4
056894d4a71107ab,2011,8,ĐBS Cửu Long,Provincial,Cultivation,Lúa,,Area_Planted,6297587.0,ha,Actual,PL4
056894d4a71107ab,2011,8,ĐBS Cửu Long,Provincial,Cultivation,Lúa,,Area_Planted,67302.0,ha,Actual,PL4
056894d4a71107ab,2011,8,ĐBS Cửu Long,Provincial,Cultivation,Lúa,,Area_Planted,358351.0,ha,Actual,PL4
056894d4a71107ab,2011,8,ĐBS Cửu Long,Provincial,Cultivation,Lúa,,Area_Planted,60349.0,ha,Actual,PL4
056894d4a71107ab,2011,8,ĐBS Cửu Long,Provincial,Cultivation,Lúa,,Area_Planted,34518.0,ha,Actual,PL4
056894d4a71107ab,2011,8,ĐBS Cửu Long,Provincial,Cultivation,Lúa,,Area_Planted,11719.0,ha,Actual,PL4
056894d4a71107ab,2011,8,ĐBS Cửu Long,Provincial,Cultivation,Lúa,,Area_Planted,3517.0,ha,Actual,PL4
056894d4a71107ab,2011,8,ĐBS Cửu Long,Provincial,Cultivation,Lúa,,Area_Planted,10596.0,ha,Actual,PL4
1c0df8e17f4d427f,2011,8,Long An,Provincial,Cultivation,Lúa,,Area_Planted,133023.0,ha,Actual,PL4
1c0df8e17f4d427f,2011,8,Long An,Provincial,Cultivation,Lúa,,Area_Planted,607.0,ha,Actual,PL4
1c0df8e17f4d427f,2011,8,Long An,Provincial,Cultivation,Lúa,,Area_Planted,525.0,ha,Actual,PL4
1c0df8e17f4d427f,2011,8,Long An,Provincial,Cultivation,Lúa,,Area_Planted,698238.0,ha,Actual,PL4
1c0df8e17f4d427f,2011,8,Long An,Provincial,Cultivation,Lúa,,Area_Planted,2877.0,ha,Actual,PL4
1c0df8e17f4d427f,2011,8,Long An,Provincial,Cultivation,Lúa,,Area_Planted,1520.0,ha,Actual,PL4
1c0df8e17f4d427f,2011,8,Long An,Provincial,Cultivation,Lúa,,Area_Planted,9216.0,ha,Actual,PL4
1c0df8e17f4d427f,2011,8,Long An,Provincial,Cultivation,Lúa,,Area_Planted,4932.0,ha,Actual,PL4
1c0df8e17f4d427f,2011,8,Long An,Provincial,Cultivation,Lúa,,Area_Planted,48.0,ha,Actual,PL4
1c0df8e17f4d427f,2011,8,Long An,Provincial,Cultivation,Lúa,,Area_Planted,897.0,ha,Actual,PL4
1c0df8e17f4d427f,2011,8,Long An,Provincial,Cultivation,Lúa,,Area_Planted,3339.0,ha,Actual,PL4
34e3fd092f454f85,2011,8,Đồng Tháp,Provincial,Cultivation,Lúa,,Area_Planted,195007.0,ha,Actual,PL4
34e3fd092f454f85,2011,8,Đồng Tháp,Provincial,Cultivation,Lúa,,Area_Planted,996.0,ha,Actual,PL4
34e3fd092f454f85,2011,8,Đồng Tháp,Provincial,Cultivation,Lúa,,Area_Planted,583.0,ha,Actual,PL4
34e3fd092f454f85,2011,8,Đồng Tháp,Provincial,Cultivation,Lúa,,Area_Planted,1136891.0,ha,Actual,PL4
34e3fd092f454f85,2011,8,Đồng Tháp,Provincial,Cultivation,Lúa,,Area_Planted,89325.0,ha,Actual,PL4
34e3fd092f454f85,2011,8,Đồng Tháp,Provincial,Cultivation,Lúa,,Area_Planted,7699.0,ha,Actual,PL4
34e3fd092f454f85,2011,8,Đồng Tháp,Provincial,Cultivation,Lúa,,Area_Planted,4606.0,ha,Actual,PL4
34e3fd092f454f85,2011,8,Đồng Tháp,Provincial,Cultivation,Lúa,,Area_Planted,1544.0,ha,Actual,PL4
34e3fd092f454f85,2011,8,Đồng Tháp,Provincial,Cultivation,Lúa,,Area_Planted,1549.0,ha,Actual,PL4
3307dd6470eb5d85,2011,8,An Giang,Provincial,Cultivation,Lúa,,Area_Planted,197487.0,ha,Actual,PL4
3307dd6470eb5d85,2011,8,An Giang,Provincial,Cultivation,Lúa,,Area_Planted,848.0,ha,Actual,PL4
3307dd6470eb5d85,2011,8,An Giang,Provincial,Cultivation,Lúa,,Area_Planted,561.0,ha,Actual,PL4
3307dd6470eb5d85,2011,8,An Giang,Provincial,Cultivation,Lúa,,Area_Planted,1107899.0,ha,Actual,PL4
3307dd6470eb5d85,2011,8,An Giang,Provincial,Cultivation,Lúa,,Area_Planted,37564.0,ha,Actual,PL4
3307dd6470eb5d85,2011,8,An Giang,Provincial,Cultivation,Lúa,,Area_Planted,11698.0,ha,Actual,PL4
3307dd6470eb5d85,2011,8,An Giang,Provincial,Cultivation,Lúa,,Area_Planted,9352.0,ha,Actual,PL4
3307dd6470eb5d85,2011,8,An Giang,Provincial,Cultivation,Lúa,,Area_Planted,287.0,ha,Actual,PL4
3307dd6470eb5d85,2011,8,An Giang,Provincial,Cultivation,Lúa,,Area_Planted,963.0,ha,Actual,PL4
3307dd6470eb5d85,2011,8,An Giang,Provincial,Cultivation,Lúa,,Area_Planted,1096.0,ha,Actual,PL4
a39fd5b12e0bad66,2011,8,Tiền Giang,Provincial,Cultivation,Lúa,,Area_Planted,95349.0,ha,Actual,PL4
a39fd5b12e0bad66,2011,8,Tiền Giang,Provincial,Cultivation,Lúa,,Area_Planted,615.0,ha,Actual,PL4
a39fd5b12e0bad66,2011,8,Tiền Giang,Provincial,Cultivation,Lúa,,Area_Planted,499.0,ha,Actual,PL4
a39fd5b12e0bad66,2011,8,Tiền Giang,Provincial,Cultivation,Lúa,,Area_Planted,475505.0,ha,Actual,PL4
a39fd5b12e0bad66,2011,8,Tiền Giang,Provincial,Cultivation,Lúa,,Area_Planted,5669.0,ha,Actual,PL4
a39fd5b12e0bad66,2011,8,Tiền Giang,Provincial,Cultivation,Lúa,,Area_Planted,4068.0,ha,Actual,PL4
a39fd5b12e0bad66,2011,8,Tiền Giang,Provincial,Cultivation,Lúa,,Area_Planted,256.0,ha,Actual,PL4
a39fd5b12e0bad66,2011,8,Tiền Giang,Provincial,Cultivation,Lúa,,Area_Planted,169.0,ha,Actual,PL4
a39fd5b12e0bad66,2011,8,Tiền Giang,Provincial,Cultivation,Lúa,,Area_Planted,1176.0,ha,Actual,PL4
aec5d1c78be3489e,2011,8,Vĩnh Long,Provincial,Cultivation,Lúa,,Area_Planted,61625.0,ha,Actual,PL4
aec5d1c78be3489e,2011,8,Vĩnh Long,Provincial,Cultivation,Lúa,,Area_Planted,1000.0,ha,Actual,PL4
aec5d1c78be3489e,2011,8,Vĩnh Long,Provincial,Cultivation,Lúa,,Area_Planted,573.0,ha,Actual,PL4
aec5d1c78be3489e,2011,8,Vĩnh Long,Provincial,Cultivation,Lúa,,Area_Planted,353151.0,ha,Actual,PL4
aec5d1c78be3489e,2011,8,Vĩnh Long,Provincial,Cultivation,Lúa,,Area_Planted,0.0,ha,Actual,PL4
aec5d1c78be3489e,2011,8,Vĩnh Long,Provincial,Cultivation,Lúa,,Area_Planted,53645.0,ha,Actual,PL4
aec5d1c78be3489e,2011,8,Vĩnh Long,Provincial,Cultivation,Lúa,,Area_Planted,8212.0,ha,Actual,PL4
aec5d1c78be3489e,2011,8,Vĩnh Long,Provincial,Cultivation,Lúa,,Area_Planted,1376.0,ha,Actual,PL4
aec5d1c78be3489e,2011,8,Vĩnh Long,Provincial,Cultivation,Lúa,,Area_Planted,6391.0,ha,Actual,PL4
aec5d1c78be3489e,2011,8,Vĩnh Long,Provincial,Cultivation,Lúa,,Area_Planted,161.0,ha,Actual,PL4
aec5d1c78be3489e,2011,8,Vĩnh Long,Provincial,Cultivation,Lúa,,Area_Planted,284.0,ha,Actual,PL4
1729943be595677c,2011,8,Bến Tre,Provincial,Cultivation,Lúa,,Area_Planted,161.0,ha,Actual,PL4
1729943be595677c,2011,8,Bến Tre,Provincial,Cultivation,Lúa,,Area_Planted,7.0,ha,Actual,PL4
1729943be595677c,2011,8,Bến Tre,Provincial,Cultivation,Lúa,,Area_Planted,441.0,ha,Actual,PL4
1729943be595677c,2011,8,Bến Tre,Provincial,Cultivation,Lúa,,Area_Planted,710.0,ha,Actual,PL4
1729943be595677c,2011,8,Bến Tre,Provincial,Cultivation,Lúa,,Area_Planted,3155.0,ha,Actual,PL4
1729943be595677c,2011,8,Bến Tre,Provincial,Cultivation,Lúa,,Area_Planted,1021.0,ha,Actual,PL4
1729943be595677c,2011,8,Bến Tre,Provincial,Cultivation,Lúa,,Area_Planted,713.0,ha,Actual,PL4
1729943be595677c,2011,8,Bến Tre,Provincial,Cultivation,Lúa,,Area_Planted,198.0,ha,Actual,PL4
1729943be595677c,2011,8,Bến Tre,Provincial,Cultivation,Lúa,,Area_Planted,100.0,ha,Actual,PL4
1729943be595677c,2011,8,Bến Tre,Provincial,Cultivation,Lúa,,Area_Planted,10.0,ha,Actual,PL4
f7c0c98040340c49,2011,8,Kiên Giang,Provincial,Cultivation,Lúa,,Area_Planted,135934.0,ha,Actual,PL4
f7c0c98040340c49,2011,8,Kiên Giang,Provincial,Cultivation,Lúa,,Area_Planted,482.0,ha,Actual,PL4
f7c0c98040340c49,2011,8,Kiên Giang,Provincial,Cultivation,Lúa,,Area_Planted,551.0,ha,Actual,PL4
f7c0c98040340c49,2011,8,Kiên Giang,Provincial,Cultivation,Lúa,,Area_Planted,748996.0,ha,Actual,PL4
f7c0c98040340c49,2011,8,Kiên Giang,Provincial,Cultivation,Lúa,,Area_Planted,50042.0,ha,Actual,PL4
f7c0c98040340c49,2011,8,Kiên Giang,Provincial,Cultivation,Lúa,,Area_Planted,873.0,ha,Actual,PL4
f7c0c98040340c49,2011,8,Kiên Giang,Provincial,Cultivation,Lúa,,Area_Planted,873.0,ha,Actual,PL4
e07223d3a48400af,2011,8,Cần Thơ,Provincial,Cultivation,Lúa,,Area_Planted,81563.0,ha,Actual,PL4
e07223d3a48400af,2011,8,Cần Thơ,Provincial,Cultivation,Lúa,,Area_Planted,1000.0,ha,Actual,PL4
e07223d3a48400af,2011,8,Cần Thơ,Provincial,Cultivation,Lúa,,Area_Planted,560.0,ha,Actual,PL4
e07223d3a48400af,2011,8,Cần Thơ,Provincial,Cultivation,Lúa,,Area_Planted,456346.0,ha,Actual,PL4
e07223d3a48400af,2011,8,Cần Thơ,Provincial,Cultivation,Lúa,,Area_Planted,54363.0,ha,Actual,PL4
e07223d3a48400af,2011,8,Cần Thơ,Provincial,Cultivation,Lúa,,Area_Planted,934.0,ha,Actual,PL4
e07223d3a48400af,2011,8,Cần Thơ,Provincial,Cultivation,Lúa,,Area_Planted,865.0,ha,Actual,PL4
e07223d3a48400af,2011,8,Cần Thơ,Provincial,Cultivation,Lúa,,Area_Planted,69.0,ha,Actual,PL4
35e38edbf51f7b83,2011,8,Hậu Giang,Provincial,Cultivation,Lúa,,Area_Planted,72160.0,ha,Actual,PL4
35e38edbf51f7b83,2011,8,Hậu Giang,Provincial,Cultivation,Lúa,,Area_Planted,913.0,ha,Actual,PL4
35e38edbf51f7b83,2011,8,Hậu Giang,Provincial,Cultivation,Lúa,,Area_Planted,540.0,ha,Actual,PL4
35e38edbf51f7b83,2011,8,Hậu Giang,Provincial,Cultivation,Lúa,,Area_Planted,389666.0,ha,Actual,PL4
35e38edbf51f7b83,2011,8,Hậu Giang,Provincial,Cultivation,Lúa,,Area_Planted,42827.0,ha,Actual,PL4
35e38edbf51f7b83,2011,8,Hậu Giang,Provincial,Cultivation,Lúa,,Area_Planted,1752.0,ha,Actual,PL4
35e38edbf51f7b83,2011,8,Hậu Giang,Provincial,Cultivation,Lúa,,Area_Planted,1114.0,ha,Actual,PL4
35e38edbf51f7b83,2011,8,Hậu Giang,Provincial,Cultivation,Lúa,,Area_Planted,221.0,ha,Actual,PL4
35e38edbf51f7b83,2011,8,Hậu Giang,Provincial,Cultivation,Lúa,,Area_Planted,417.0,ha,Actual,PL4
5b87562fb9a427d4,2011,8,Trà Vinh,Provincial,Cultivation,Lúa,,Area_Planted,26574.0,ha,Actual,PL4
5b87562fb9a427d4,2011,8,Trà Vinh,Provincial,Cultivation,Lúa,,Area_Planted,328.0,ha,Actual,PL4
5b87562fb9a427d4,2011,8,Trà Vinh,Provincial,Cultivation,Lúa,,Area_Planted,529.0,ha,Actual,PL4
5b87562fb9a427d4,2011,8,Trà Vinh,Provincial,Cultivation,Lúa,,Area_Planted,140630.0,ha,Actual,PL4
5b87562fb9a427d4,2011,8,Trà Vinh,Provincial,Cultivation,Lúa,,Area_Planted,8694.0,ha,Actual,PL4
5b87562fb9a427d4,2011,8,Trà Vinh,Provincial,Cultivation,Lúa,,Area_Planted,7542.0,ha,Actual,PL4
5b87562fb9a427d4,2011,8,Trà Vinh,Provincial,Cultivation,Lúa,,Area_Planted,7413.0,ha,Actual,PL4
5b87562fb9a427d4,2011,8,Trà Vinh,Provincial,Cultivation,Lúa,,Area_Planted,4593.0,ha,Actual,PL4
5b87562fb9a427d4,2011,8,Trà Vinh,Provincial,Cultivation,Lúa,,Area_Planted,1403.0,ha,Actual,PL4
5b87562fb9a427d4,2011,8,Trà Vinh,Provincial,Cultivation,Lúa,,Area_Planted,859.0,ha,Actual,PL4
5b87562fb9a427d4,2011,8,Trà Vinh,Provincial,Cultivation,Lúa,,Area_Planted,558.0,ha,Actual,PL4
01eca160cfb5248c,2011,8,Sóc Trăng,Provincial,Cultivation,Lúa,,Area_Planted,82734.0,ha,Actual,PL4
01eca160cfb5248c,2011,8,Sóc Trăng,Provincial,Cultivation,Lúa,,Area_Planted,442.0,ha,Actual,PL4
01eca160cfb5248c,2011,8,Sóc Trăng,Provincial,Cultivation,Lúa,,Area_Planted,620.0,ha,Actual,PL4
01eca160cfb5248c,2011,8,Sóc Trăng,Provincial,Cultivation,Lúa,,Area_Planted,512951.0,ha,Actual,PL4
01eca160cfb5248c,2011,8,Sóc Trăng,Provincial,Cultivation,Lúa,,Area_Planted,921.0,ha,Actual,PL4
01eca160cfb5248c,2011,8,Sóc Trăng,Provincial,Cultivation,Lúa,,Area_Planted,6523.0,ha,Actual,PL4
01eca160cfb5248c,2011,8,Sóc Trăng,Provincial,Cultivation,Lúa,,Area_Planted,4994.0,ha,Actual,PL4
01eca160cfb5248c,2011,8,Sóc Trăng,Provincial,Cultivation,Lúa,,Area_Planted,2794.0,ha,Actual,PL4
01eca160cfb5248c,2011,8,Sóc Trăng,Provincial,Cultivation,Lúa,,Area_Planted,1371.0,ha,Actual,PL4
01eca160cfb5248c,2011,8,Sóc Trăng,Provincial,Cultivation,Lúa,,Area_Planted,368.0,ha,Actual,PL4
01eca160cfb5248c,2011,8,Sóc Trăng,Provincial,Cultivation,Lúa,,Area_Planted,461.0,ha,Actual,PL4
56ea1345d1891a14,2011,8,Bạc Liêu,Provincial,Cultivation,Lúa,,Area_Planted,25000.0,ha,Actual,PL4
56ea1345d1891a14,2011,8,Bạc Liêu,Provincial,Cultivation,Lúa,,Area_Planted,448.0,ha,Actual,PL4
56ea1345d1891a14,2011,8,Bạc Liêu,Provincial,Cultivation,Lúa,,Area_Planted,506.0,ha,Actual,PL4
56ea1345d1891a14,2011,8,Bạc Liêu,Provincial,Cultivation,Lúa,,Area_Planted,126500.0,ha,Actual,PL4
56ea1345d1891a14,2011,8,Bạc Liêu,Provincial,Cultivation,Lúa,,Area_Planted,2359.0,ha,Actual,PL4
56ea1345d1891a14,2011,8,Bạc Liêu,Provincial,Cultivation,Lúa,,Area_Planted,15000.0,ha,Actual,PL4
56ea1345d1891a14,2011,8,Bạc Liêu,Provincial,Cultivation,Lúa,,Area_Planted,869.0,ha,Actual,PL4
56ea1345d1891a14,2011,8,Bạc Liêu,Provincial,Cultivation,Lúa,,Area_Planted,105.0,ha,Actual,PL4
56ea1345d1891a14,2011,8,Bạc Liêu,Provincial,Cultivation,Lúa,,Area_Planted,764.0,ha,Actual,PL4
0d560742a360f0fc,2011,8,Cà Mau,Provincial,Cultivation,Lúa,,Area_Planted,34908.0,ha,Actual,PL4
0d560742a360f0fc,2011,8,Cà Mau,Provincial,Cultivation,Lúa,,Area_Planted,1000.0,ha,Actual,PL4
0d560742a360f0fc,2011,8,Cà Mau,Provincial,Cultivation,Lúa,,Area_Planted,430.0,ha,Actual,PL4
0d560742a360f0fc,2011,8,Cà Mau,Provincial,Cultivation,Lúa,,Area_Planted,150104.0,ha,Actual,PL4
0d560742a360f0fc,2011,8,Cà Mau,Provincial,Cultivation,Lúa,,Area_Planted,49296.0,ha,Actual,PL4
5afcdf40d5d48e6e,2011,8,Miền Nam,Provincial,Cultivation,Lúa,,Area_Planted,280753.0,ha,Actual,PL5
59cefc0e35d8d4d8,2011,8,Miền Nam,Provincial,Cultivation,Đậu,,Area_Planted,12336.0,ha,Actual,PL5
cc3bdcfa08c5c20d,2011,8,Miền Nam,Provincial,Cultivation,Lạc,,Area_Planted,65499.0,ha,Actual,PL5
5afcdf40d5d48e6e,2011,8,Miền Nam,Provincial,Cultivation,Lúa,,Area_Planted,32635.0,ha,Actual,PL5
5afcdf40d5d48e6e,2011,8,Miền Nam,Provincial,Cultivation,Lúa,,Area_Planted,10042.0,ha,Actual,PL5
2644e6c96f5394b1,2011,8,Miền Nam,Provincial,Cultivation,Mía,,Area_Planted,153010.0,ha,Actual,PL5
5afcdf40d5d48e6e,2011,8,Miền Nam,Provincial,Cultivation,Lúa,,Area_Planted,2590.0,ha,Actual,PL5
5afcdf40d5d48e6e,2011,8,Miền Nam,Provincial,Cultivation,Lúa,,Area_Planted,4642.0,ha,Actual,PL5
5afcdf40d5d48e6e,2011,8,Miền Nam,Provincial,Cultivation,Lúa,,Area_Planted,343363.0,ha,Actual,PL5
5afcdf40d5d48e6e,2011,8,Miền Nam,Provincial,Cultivation,Lúa,,Area_Planted,886219660.0,ha,Actual,PL5
69f9514205e49488,2011,8,D.H Nam Trg Bộ,Provincial,Cultivation,Lúa,,Area_Planted,78661.0,ha,Actual,PL5
356ea4e02cfd2f48,2011,8,D.H Nam Trg Bộ,Provincial,Cultivation,Đậu,,Area_Planted,823.0,ha,Actual,PL5
e04d4fdc2adc33fd,2011,8,D.H Nam Trg Bộ,Provincial,Cultivation,Lạc,,Area_Planted,25316.0,ha,Actual,PL5
69f9514205e49488,2011,8,D.H Nam Trg Bộ,Provincial,Cultivation,Lúa,,Area_Planted,6415.0,ha,Actual,PL5
69f9514205e49488,2011,8,D.H Nam Trg Bộ,Provincial,Cultivation,Lúa,,Area_Planted,1002.0,ha,Actual,PL5
5a5239d1765ebabc,2011,8,D.H Nam Trg Bộ,Provincial,Cultivation,Mía,,Area_Planted,44609.0,ha,Actual,PL5
69f9514205e49488,2011,8,D.H Nam Trg Bộ,Provincial,Cultivation,Lúa,,Area_Planted,460.0,ha,Actual,PL5
69f9514205e49488,2011,8,D.H Nam Trg Bộ,Provincial,Cultivation,Lúa,,Area_Planted,37.0,ha,Actual,PL5
69f9514205e49488,2011,8,D.H Nam Trg Bộ,Provincial,Cultivation,Lúa,,Area_Planted,44439.0,ha,Actual,PL5
69f9514205e49488,2011,8,D.H Nam Trg Bộ,Provincial,Cultivation,Lúa,,Area_Planted,44439.0,ha,Actual,PL5
914dfb4d1d7a623e,2011,8,TP Đà Nẵng,Provincial,Cultivation,Lúa,,Area_Planted,1453.0,ha,Actual,PL5
39f34b42dd5df6d6,2011,8,TP Đà Nẵng,Provincial,Cultivation,Lạc,,Area_Planted,784.0,ha,Actual,PL5
914dfb4d1d7a623e,2011,8,TP Đà Nẵng,Provincial,Cultivation,Lúa,,Area_Planted,255.0,ha,Actual,PL5
7e71543ffc209e1c,2011,8,TP Đà Nẵng,Provincial,Cultivation,Mía,,Area_Planted,414.0,ha,Actual,PL5
914dfb4d1d7a623e,2011,8,TP Đà Nẵng,Provincial,Cultivation,Lúa,,Area_Planted,977.0,ha,Actual,PL5
b38a6c0c0c23b453,2011,8,Quảng Nam,Provincial,Cultivation,Lúa,,Area_Planted,12539.0,ha,Actual,PL5
ed4f0eb6ef50adc2,2011,8,Quảng Nam,Provincial,Cultivation,Lạc,,Area_Planted,9751.0,ha,Actual,PL5
b38a6c0c0c23b453,2011,8,Quảng Nam,Provincial,Cultivation,Lúa,,Area_Planted,1900.0,ha,Actual,PL5
b38a6c0c0c23b453,2011,8,Quảng Nam,Provincial,Cultivation,Lúa,,Area_Planted,450.0,ha,Actual,PL5
bbb5d1b2cbb8437f,2011,8,Quảng Nam,Provincial,Cultivation,Mía,,Area_Planted,250.0,ha,Actual,PL5
b38a6c0c0c23b453,2011,8,Quảng Nam,Provincial,Cultivation,Lúa,,Area_Planted,188.0,ha,Actual,PL5
b38a6c0c0c23b453,2011,8,Quảng Nam,Provincial,Cultivation,Lúa,,Area_Planted,16880.0,ha,Actual,PL5
34bf5239214ea308,2011,8,Quảng Ngãi,Provincial,Cultivation,Lúa,,Area_Planted,11758.0,ha,Actual,PL5
91cf277bc8da46cc,2011,8,Quảng Ngãi,Provincial,Cultivation,Đậu,,Area_Planted,65.0,ha,Actual,PL5
f7b18c90e24e940f,2011,8,Quảng Ngãi,Provincial,Cultivation,Lạc,,Area_Planted,5443.0,ha,Actual,PL5
34bf5239214ea308,2011,8,Quảng Ngãi,Provincial,Cultivation,Lúa,,Area_Planted,56.0,ha,Actual,PL5
695957a6bf122465,2011,8,Quảng Ngãi,Provincial,Cultivation,Mía,,Area_Planted,6194.0,ha,Actual,PL5
34bf5239214ea308,2011,8,Quảng Ngãi,Provincial,Cultivation,Lúa,,Area_Planted,10253.0,ha,Actual,PL5
34bf5239214ea308,2011,8,Quảng Ngãi,Provincial,Cultivation,Lúa,,Area_Planted,2790.0,ha,Actual,PL5
82e32b6bda1ccfad,2011,8,Bình Định,Provincial,Cultivation,Lúa,,Area_Planted,10304.0,ha,Actual,PL5
37b5ad0eee6f7202,2011,8,Bình Định,Provincial,Cultivation,Đậu,,Area_Planted,452.0,ha,Actual,PL5
51fd64300d49e9a3,2011,8,Bình Định,Provincial,Cultivation,Lạc,,Area_Planted,8396.0,ha,Actual,PL5
82e32b6bda1ccfad,2011,8,Bình Định,Provincial,Cultivation,Lúa,,Area_Planted,1456.0,ha,Actual,PL5
82e32b6bda1ccfad,2011,8,Bình Định,Provincial,Cultivation,Lúa,,Area_Planted,9531.0,ha,Actual,PL5
82e32b6bda1ccfad,2011,8,Bình Định,Provincial,Cultivation,Lúa,,Area_Planted,1723.0,ha,Actual,PL5
1688e18b27a35f47,2011,8,Phú Yên,Provincial,Cultivation,Lúa,,Area_Planted,25067.0,ha,Actual,PL5
4a9d3ca3ca7ebec1,2011,8,Phú Yên,Provincial,Cultivation,Đậu,,Area_Planted,305.0,ha,Actual,PL5
587158aa6f796941,2011,8,Phú Yên,Provincial,Cultivation,Lạc,,Area_Planted,942.0,ha,Actual,PL5
1688e18b27a35f47,2011,8,Phú Yên,Provincial,Cultivation,Lúa,,Area_Planted,2804.0,ha,Actual,PL5
1688e18b27a35f47,2011,8,Phú Yên,Provincial,Cultivation,Lúa,,Area_Planted,496.0,ha,Actual,PL5
50b53d70a71549be,2011,8,Phú Yên,Provincial,Cultivation,Mía,,Area_Planted,20211.0,ha,Actual,PL5
1688e18b27a35f47,2011,8,Phú Yên,Provincial,Cultivation,Lúa,,Area_Planted,272.0,ha,Actual,PL5
1688e18b27a35f47,2011,8,Phú Yên,Provincial,Cultivation,Lúa,,Area_Planted,37.0,ha,Actual,PL5
1688e18b27a35f47,2011,8,Phú Yên,Provincial,Cultivation,Lúa,,Area_Planted,3745.0,ha,Actual,PL5
1688e18b27a35f47,2011,8,Phú Yên,Provincial,Cultivation,Lúa,,Area_Planted,4366.0,ha,Actual,PL5
1e8b25bdd204d10d,2011,8,Khánh Hoà,Provincial,Cultivation,Lúa,,Area_Planted,17540.0,ha,Actual,PL5
16dc18d03c093a8d,2011,8,Khánh Hoà,Provincial,Cultivation,Mía,,Area_Planted,17540.0,ha,Actual,PL5
1e8b25bdd204d10d,2011,8,Khánh Hoà,Provincial,Cultivation,Lúa,,Area_Planted,3054.0,ha,Actual,PL5
1e8b25bdd204d10d,2011,8,Khánh Hoà,Provincial,Cultivation,Lúa,,Area_Planted,781.0,ha,Actual,PL5
cba10eaed2cfb992,2011,8,Tây Nguyên,Provincial,Cultivation,Lúa,,Area_Planted,52227.0,ha,Actual,PL5
6e4ae227418299a2,2011,8,Tây Nguyên,Provincial,Cultivation,Đậu,,Area_Planted,6488.0,ha,Actual,PL5
9964305b19821095,2011,8,Tây Nguyên,Provincial,Cultivation,Lạc,,Area_Planted,10976.0,ha,Actual,PL5
cba10eaed2cfb992,2011,8,Tây Nguyên,Provincial,Cultivation,Lúa,,Area_Planted,3431.0,ha,Actual,PL5
cba10eaed2cfb992,2011,8,Tây Nguyên,Provincial,Cultivation,Lúa,,Area_Planted,3552.0,ha,Actual,PL5
bc0f921eb0c5e0bb,2011,8,Tây Nguyên,Provincial,Cultivation,Mía,,Area_Planted,25830.0,ha,Actual,PL5
cba10eaed2cfb992,2011,8,Tây Nguyên,Provincial,Cultivation,Lúa,,Area_Planted,1951.0,ha,Actual,PL5
cba10eaed2cfb992,2011,8,Tây Nguyên,Provincial,Cultivation,Lúa,,Area_Planted,0.0,ha,Actual,PL5
cba10eaed2cfb992,2011,8,Tây Nguyên,Provincial,Cultivation,Lúa,,Area_Planted,54375.0,ha,Actual,PL5
cba10eaed2cfb992,2011,8,Tây Nguyên,Provincial,Cultivation,Lúa,,Area_Planted,48360.0,ha,Actual,PL5
3274f6d9f03fed42,2011,8,Kon Tum,Provincial,Cultivation,Lúa,,Area_Planted,1904.0,ha,Actual,PL5
3ac3717328f56291,2011,8,Kon Tum,Provincial,Cultivation,Đậu,,Area_Planted,39.0,ha,Actual,PL5
29334a52da5a1253,2011,8,Kon Tum,Provincial,Cultivation,Lạc,,Area_Planted,95.0,ha,Actual,PL5
95d35378247cbb1e,2011,8,Kon Tum,Provincial,Cultivation,Mía,,Area_Planted,1770.0,ha,Actual,PL5
3274f6d9f03fed42,2011,8,Kon Tum,Provincial,Cultivation,Lúa,,Area_Planted,1838.0,ha,Actual,PL5
3274f6d9f03fed42,2011,8,Kon Tum,Provincial,Cultivation,Lúa,,Area_Planted,521.0,ha,Actual,PL5
2b890a4fd287d479,2011,8,Gia Lai,Provincial,Cultivation,Lúa,,Area_Planted,17979.0,ha,Actual,PL5
03709654c7b11b49,2011,8,Gia Lai,Provincial,Cultivation,Lạc,,Area_Planted,1380.0,ha,Actual,PL5
2b890a4fd287d479,2011,8,Gia Lai,Provincial,Cultivation,Lúa,,Area_Planted,2840.0,ha,Actual,PL5
2b890a4fd287d479,2011,8,Gia Lai,Provincial,Cultivation,Lúa,,Area_Planted,3019.0,ha,Actual,PL5
ff0b559377547b62,2011,8,Gia Lai,Provincial,Cultivation,Mía,,Area_Planted,9838.0,ha,Actual,PL5
2b890a4fd287d479,2011,8,Gia Lai,Provincial,Cultivation,Lúa,,Area_Planted,902.0,ha,Actual,PL5
2b890a4fd287d479,2011,8,Gia Lai,Provincial,Cultivation,Lúa,,Area_Planted,11518.0,ha,Actual,PL5
2b890a4fd287d479,2011,8,Gia Lai,Provincial,Cultivation,Lúa,,Area_Planted,11210.0,ha,Actual,PL5
17b488dd84bdd5f1,2011,8,Đắc Lắc,Provincial,Cultivation,Lúa,,Area_Planted,26107.0,ha,Actual,PL5
9c646ac3bdd06cd0,2011,8,Đắc Lắc,Provincial,Cultivation,Đậu,,Area_Planted,6360.0,ha,Actual,PL5
a12e7fd78afa67dc,2011,8,Đắc Lắc,Provincial,Cultivation,Lạc,,Area_Planted,4349.0,ha,Actual,PL5
17b488dd84bdd5f1,2011,8,Đắc Lắc,Provincial,Cultivation,Lúa,,Area_Planted,591.0,ha,Actual,PL5
17b488dd84bdd5f1,2011,8,Đắc Lắc,Provincial,Cultivation,Lúa,,Area_Planted,533.0,ha,Actual,PL5
c5cf9d99fb74815c,2011,8,Đắc Lắc,Provincial,Cultivation,Mía,,Area_Planted,13225.0,ha,Actual,PL5
17b488dd84bdd5f1,2011,8,Đắc Lắc,Provincial,Cultivation,Lúa,,Area_Planted,1049.0,ha,Actual,PL5
17b488dd84bdd5f1,2011,8,Đắc Lắc,Provincial,Cultivation,Lúa,,Area_Planted,6478.0,ha,Actual,PL5
17b488dd84bdd5f1,2011,8,Đắc Lắc,Provincial,Cultivation,Lúa,,Area_Planted,20342.0,ha,Actual,PL5
3a0377032810524c,2011,8,Đắc Nông,Provincial,Cultivation,Lúa,,Area_Planted,5039.0,ha,Actual,PL5
98924bfa9a289fe2,2011,8,Đắc Nông,Provincial,Cultivation,Lạc,,Area_Planted,5039.0,ha,Actual,PL5
3a0377032810524c,2011,8,Đắc Nông,Provincial,Cultivation,Lúa,,Area_Planted,905.0,ha,Actual,PL5
3a0377032810524c,2011,8,Đắc Nông,Provincial,Cultivation,Lúa,,Area_Planted,15003.0,ha,Actual,PL5
9acc82d483c29a12,2011,8,Lâm Đồng,Provincial,Cultivation,Đậu,,Area_Planted,89.0,ha,Actual,PL5
88345858cd378375,2011,8,Lâm Đồng,Provincial,Cultivation,Lạc,,Area_Planted,113.0,ha,Actual,PL5
77596f15995c78b3,2011,8,Lâm Đồng,Provincial,Cultivation,Mía,,Area_Planted,997.0,ha,Actual,PL5
04dc8234ffcd4833,2011,8,Đông Nam Bộ,Provincial,Cultivation,Lúa,,Area_Planted,54011.0,ha,Actual,PL5
a475128fb67d075a,2011,8,Đông Nam Bộ,Provincial,Cultivation,Đậu,,Area_Planted,573.0,ha,Actual,PL5
9f69248b30cd9b1f,2011,8,Đông Nam Bộ,Provincial,Cultivation,Lạc,,Area_Planted,17666.0,ha,Actual,PL5
04dc8234ffcd4833,2011,8,Đông Nam Bộ,Provincial,Cultivation,Lúa,,Area_Planted,6581.0,ha,Actual,PL5
04dc8234ffcd4833,2011,8,Đông Nam Bộ,Provincial,Cultivation,Lúa,,Area_Planted,5358.0,ha,Actual,PL5
408fce2b1bfaaa03,2011,8,Đông Nam Bộ,Provincial,Cultivation,Mía,,Area_Planted,23654.0,ha,Actual,PL5
04dc8234ffcd4833,2011,8,Đông Nam Bộ,Provincial,Cultivation,Lúa,,Area_Planted,179.0,ha,Actual,PL5
04dc8234ffcd4833,2011,8,Đông Nam Bộ,Provincial,Cultivation,Lúa,,Area_Planted,0.0,ha,Actual,PL5
04dc8234ffcd4833,2011,8,Đông Nam Bộ,Provincial,Cultivation,Lúa,,Area_Planted,55075.0,ha,Actual,PL5
04dc8234ffcd4833,2011,8,Đông Nam Bộ,Provincial,Cultivation,Lúa,,Area_Planted,20068.0,ha,Actual,PL5
c3337733740322ce,2011,8,TP Hồ Chí Minh,Provincial,Cultivation,Lúa,,Area_Planted,2300.0,ha,Actual,PL5
cbb7a19e11109e6f,2011,8,TP Hồ Chí Minh,Provincial,Cultivation,Mía,,Area_Planted,2300.0,ha,Actual,PL5
c3337733740322ce,2011,8,TP Hồ Chí Minh,Provincial,Cultivation,Lúa,,Area_Planted,10653.0,ha,Actual,PL5
1b950d51a4bc088c,2011,8,Ninh Thuận,Provincial,Cultivation,Lúa,,Area_Planted,5746.0,ha,Actual,PL5
cdd9ce31106fe4a8,2011,8,Ninh Thuận,Provincial,Cultivation,Đậu,,Area_Planted,3.0,ha,Actual,PL5
60059ad45d84a579,2011,8,Ninh Thuận,Provincial,Cultivation,Lạc,,Area_Planted,212.0,ha,Actual,PL5
1b950d51a4bc088c,2011,8,Ninh Thuận,Provincial,Cultivation,Lúa,,Area_Planted,21.0,ha,Actual,PL5
1b950d51a4bc088c,2011,8,Ninh Thuận,Provincial,Cultivation,Lúa,,Area_Planted,782.0,ha,Actual,PL5
3d90eee1730b4bd8,2011,8,Ninh Thuận,Provincial,Cultivation,Mía,,Area_Planted,4645.0,ha,Actual,PL5
1b950d51a4bc088c,2011,8,Ninh Thuận,Provincial,Cultivation,Lúa,,Area_Planted,83.0,ha,Actual,PL5
1b950d51a4bc088c,2011,8,Ninh Thuận,Provincial,Cultivation,Lúa,,Area_Planted,4638.0,ha,Actual,PL5
1b950d51a4bc088c,2011,8,Ninh Thuận,Provincial,Cultivation,Lúa,,Area_Planted,3476.0,ha,Actual,PL5
8863ed159f3a1747,2011,8,Bình Phước,Provincial,Cultivation,Lúa,,Area_Planted,1231.0,ha,Actual,PL5
e8e8982df13857ee,2011,8,Bình Phước,Provincial,Cultivation,Đậu,,Area_Planted,106.0,ha,Actual,PL5
23b434641cd38a82,2011,8,Bình Phước,Provincial,Cultivation,Lạc,,Area_Planted,574.0,ha,Actual,PL5
8863ed159f3a1747,2011,8,Bình Phước,Provincial,Cultivation,Lúa,,Area_Planted,41.0,ha,Actual,PL5
8863ed159f3a1747,2011,8,Bình Phước,Provincial,Cultivation,Lúa,,Area_Planted,2.0,ha,Actual,PL5
31bbf568b9626241,2011,8,Bình Phước,Provincial,Cultivation,Mía,,Area_Planted,482.0,ha,Actual,PL5
8863ed159f3a1747,2011,8,Bình Phước,Provincial,Cultivation,Lúa,,Area_Planted,26.0,ha,Actual,PL5
8863ed159f3a1747,2011,8,Bình Phước,Provincial,Cultivation,Lúa,,Area_Planted,2929.0,ha,Actual,PL5
8863ed159f3a1747,2011,8,Bình Phước,Provincial,Cultivation,Lúa,,Area_Planted,1660.0,ha,Actual,PL5
19a1b9f344a6ca99,2011,8,Tây Ninh,Provincial,Cultivation,Lúa,,Area_Planted,21003.0,ha,Actual,PL5
5ed8b2284f4928f3,2011,8,Tây Ninh,Provincial,Cultivation,Lạc,,Area_Planted,12310.0,ha,Actual,PL5
19a1b9f344a6ca99,2011,8,Tây Ninh,Provincial,Cultivation,Lúa,,Area_Planted,796.0,ha,Actual,PL5
19a1b9f344a6ca99,2011,8,Tây Ninh,Provincial,Cultivation,Lúa,,Area_Planted,3340.0,ha,Actual,PL5
05c6ec89ca6b7f3a,2011,8,Tây Ninh,Provincial,Cultivation,Mía,,Area_Planted,4557.0,ha,Actual,PL5
19a1b9f344a6ca99,2011,8,Tây Ninh,Provincial,Cultivation,Lúa,,Area_Planted,14483.0,ha,Actual,PL5
19a1b9f344a6ca99,2011,8,Tây Ninh,Provincial,Cultivation,Lúa,,Area_Planted,6689.0,ha,Actual,PL5
faf3546c232aac09,2011,8,Bình Dương,Provincial,Cultivation,Lúa,,Area_Planted,907.0,ha,Actual,PL5
8d11d05e8cb13b8b,2011,8,Bình Dương,Provincial,Cultivation,Lạc,,Area_Planted,555.0,ha,Actual,PL5
faf3546c232aac09,2011,8,Bình Dương,Provincial,Cultivation,Lúa,,Area_Planted,190.0,ha,Actual,PL5
aa46fa89103d3179,2011,8,Bình Dương,Provincial,Cultivation,Mía,,Area_Planted,162.0,ha,Actual,PL5
faf3546c232aac09,2011,8,Bình Dương,Provincial,Cultivation,Lúa,,Area_Planted,2990.0,ha,Actual,PL5
faf3546c232aac09,2011,8,Bình Dương,Provincial,Cultivation,Lúa,,Area_Planted,513.0,ha,Actual,PL5
49f0574d47a7e4e3,2011,8,Đồng Nai,Provincial,Cultivation,Lúa,,Area_Planted,9645.0,ha,Actual,PL5
cf3819b2e4822786,2011,8,Đồng Nai,Provincial,Cultivation,Đậu,,Area_Planted,464.0,ha,Actual,PL5
65484290318136da,2011,8,Đồng Nai,Provincial,Cultivation,Lạc,,Area_Planted,743.0,ha,Actual,PL5
49f0574d47a7e4e3,2011,8,Đồng Nai,Provincial,Cultivation,Lúa,,Area_Planted,95.0,ha,Actual,PL5
49f0574d47a7e4e3,2011,8,Đồng Nai,Provincial,Cultivation,Lúa,,Area_Planted,1062.0,ha,Actual,PL5
840b89c19b7d5246,2011,8,Đồng Nai,Provincial,Cultivation,Mía,,Area_Planted,7274.0,ha,Actual,PL5
49f0574d47a7e4e3,2011,8,Đồng Nai,Provincial,Cultivation,Lúa,,Area_Planted,7.0,ha,Actual,PL5
49f0574d47a7e4e3,2011,8,Đồng Nai,Provincial,Cultivation,Lúa,,Area_Planted,8856.0,ha,Actual,PL5
49f0574d47a7e4e3,2011,8,Đồng Nai,Provincial,Cultivation,Lúa,,Area_Planted,4049.0,ha,Actual,PL5
3ed7630b0359e85f,2011,8,Bình Thuận,Provincial,Cultivation,Lúa,,Area_Planted,12026.0,ha,Actual,PL5
52cec62362dedc21,2011,8,Bình Thuận,Provincial,Cultivation,Lạc,,Area_Planted,2727.0,ha,Actual,PL5
3ed7630b0359e85f,2011,8,Bình Thuận,Provincial,Cultivation,Lúa,,Area_Planted,5341.0,ha,Actual,PL5
3ed7630b0359e85f,2011,8,Bình Thuận,Provincial,Cultivation,Lúa,,Area_Planted,54.0,ha,Actual,PL5
2cf56cd2f4650c81,2011,8,Bình Thuận,Provincial,Cultivation,Mía,,Area_Planted,3894.0,ha,Actual,PL5
3ed7630b0359e85f,2011,8,Bình Thuận,Provincial,Cultivation,Lúa,,Area_Planted,10.0,ha,Actual,PL5
3ed7630b0359e85f,2011,8,Bình Thuận,Provincial,Cultivation,Lúa,,Area_Planted,3817.0,ha,Actual,PL5
3ed7630b0359e85f,2011,8,Bình Thuận,Provincial,Cultivation,Lúa,,Area_Planted,3103.0,ha,Actual,PL5
4b94599ccf12c473,2011,8,Bà Rịa-V.Tàu,Provincial,Cultivation,Lúa,,Area_Planted,1153.0,ha,Actual,PL5
8d065d24f39e31f3,2011,8,Bà Rịa-V.Tàu,Provincial,Cultivation,Lạc,,Area_Planted,545.0,ha,Actual,PL5
4b94599ccf12c473,2011,8,Bà Rịa-V.Tàu,Provincial,Cultivation,Lúa,,Area_Planted,97.0,ha,Actual,PL5
4b94599ccf12c473,2011,8,Bà Rịa-V.Tàu,Provincial,Cultivation,Lúa,,Area_Planted,118.0,ha,Actual,PL5
5cfa84949f3d35eb,2011,8,Bà Rịa-V.Tàu,Provincial,Cultivation,Mía,,Area_Planted,340.0,ha,Actual,PL5
4b94599ccf12c473,2011,8,Bà Rịa-V.Tàu,Provincial,Cultivation,Lúa,,Area_Planted,53.0,ha,Actual,PL5
4b94599ccf12c473,2011,8,Bà Rịa-V.Tàu,Provincial,Cultivation,Lúa,,Area_Planted,6709.0,ha,Actual,PL5
4b94599ccf12c473,2011,8,Bà Rịa-V.Tàu,Provincial,Cultivation,Lúa,,Area_Planted,578.0,ha,Actual,PL5
056894d4a71107ab,2011,8,ĐBS Cửu Long,Provincial,Cultivation,Lúa,,Area_Planted,95854.0,ha,Actual,PL5
37d909fd16886dc0,2011,8,ĐBS Cửu Long,Provincial,Cultivation,Đậu,,Area_Planted,4452.0,ha,Actual,PL5
3506ce59294c8971,2011,8,ĐBS Cửu Long,Provincial,Cultivation,Lạc,,Area_Planted,11541.0,ha,Actual,PL5
056894d4a71107ab,2011,8,ĐBS Cửu Long,Provincial,Cultivation,Lúa,,Area_Planted,16208.0,ha,Actual,PL5
056894d4a71107ab,2011,8,ĐBS Cửu Long,Provincial,Cultivation,Lúa,,Area_Planted,130.0,ha,Actual,PL5
c49c433461f3a709,2011,8,ĐBS Cửu Long,Provincial,Cultivation,Mía,,Area_Planted,58917.0,ha,Actual,PL5
056894d4a71107ab,2011,8,ĐBS Cửu Long,Provincial,Cultivation,Lúa,,Area_Planted,0.0,ha,Actual,PL5
056894d4a71107ab,2011,8,ĐBS Cửu Long,Provincial,Cultivation,Lúa,,Area_Planted,4605.0,ha,Actual,PL5
056894d4a71107ab,2011,8,ĐBS Cửu Long,Provincial,Cultivation,Lúa,,Area_Planted,189474.0,ha,Actual,PL5
056894d4a71107ab,2011,8,ĐBS Cửu Long,Provincial,Cultivation,Lúa,,Area_Planted,10533.0,ha,Actual,PL5
1c0df8e17f4d427f,2011,8,Long An,Provincial,Cultivation,Lúa,,Area_Planted,24687.0,ha,Actual,PL5
f1e5cbb7c33a0c0d,2011,8,Long An,Provincial,Cultivation,Lạc,,Area_Planted,6227.0,ha,Actual,PL5
1c0df8e17f4d427f,2011,8,Long An,Provincial,Cultivation,Lúa,,Area_Planted,1782.0,ha,Actual,PL5
1c0df8e17f4d427f,2011,8,Long An,Provincial,Cultivation,Lúa,,Area_Planted,81.0,ha,Actual,PL5
68a792adab0cedfe,2011,8,Long An,Provincial,Cultivation,Mía,,Area_Planted,13276.0,ha,Actual,PL5
1c0df8e17f4d427f,2011,8,Long An,Provincial,Cultivation,Lúa,,Area_Planted,3321.0,ha,Actual,PL5
1c0df8e17f4d427f,2011,8,Long An,Provincial,Cultivation,Lúa,,Area_Planted,13465.0,ha,Actual,PL5
1c0df8e17f4d427f,2011,8,Long An,Provincial,Cultivation,Lúa,,Area_Planted,19.0,ha,Actual,PL5
34e3fd092f454f85,2011,8,Đồng Tháp,Provincial,Cultivation,Lúa,,Area_Planted,8266.0,ha,Actual,PL5
f0c0f9d14bd7c06c,2011,8,Đồng Tháp,Provincial,Cultivation,Đậu,,Area_Planted,2603.0,ha,Actual,PL5
012ae0ec8d3ab962,2011,8,Đồng Tháp,Provincial,Cultivation,Lạc,,Area_Planted,236.0,ha,Actual,PL5
34e3fd092f454f85,2011,8,Đồng Tháp,Provincial,Cultivation,Lúa,,Area_Planted,5050.0,ha,Actual,PL5
509cf2e71ad98c6a,2011,8,Đồng Tháp,Provincial,Cultivation,Mía,,Area_Planted,183.0,ha,Actual,PL5
34e3fd092f454f85,2011,8,Đồng Tháp,Provincial,Cultivation,Lúa,,Area_Planted,194.0,ha,Actual,PL5
34e3fd092f454f85,2011,8,Đồng Tháp,Provincial,Cultivation,Lúa,,Area_Planted,11128.0,ha,Actual,PL5
34e3fd092f454f85,2011,8,Đồng Tháp,Provincial,Cultivation,Lúa,,Area_Planted,1556.0,ha,Actual,PL5
3307dd6470eb5d85,2011,8,An Giang,Provincial,Cultivation,Lúa,,Area_Planted,3140.0,ha,Actual,PL5
930013f7b52b6215,2011,8,An Giang,Provincial,Cultivation,Đậu,,Area_Planted,242.0,ha,Actual,PL5
59a92e7d8eaa20ce,2011,8,An Giang,Provincial,Cultivation,Lạc,,Area_Planted,638.0,ha,Actual,PL5
3307dd6470eb5d85,2011,8,An Giang,Provincial,Cultivation,Lúa,,Area_Planted,2108.0,ha,Actual,PL5
3307dd6470eb5d85,2011,8,An Giang,Provincial,Cultivation,Lúa,,Area_Planted,49.0,ha,Actual,PL5
fa61ed12766cb08b,2011,8,An Giang,Provincial,Cultivation,Mía,,Area_Planted,70.0,ha,Actual,PL5
3307dd6470eb5d85,2011,8,An Giang,Provincial,Cultivation,Lúa,,Area_Planted,33.0,ha,Actual,PL5
3307dd6470eb5d85,2011,8,An Giang,Provincial,Cultivation,Lúa,,Area_Planted,24447.0,ha,Actual,PL5
3307dd6470eb5d85,2011,8,An Giang,Provincial,Cultivation,Lúa,,Area_Planted,3405.0,ha,Actual,PL5
a39fd5b12e0bad66,2011,8,Tiền Giang,Provincial,Cultivation,Lúa,,Area_Planted,555.0,ha,Actual,PL5
f64401dc68f91e27,2011,8,Tiền Giang,Provincial,Cultivation,Đậu,,Area_Planted,218.0,ha,Actual,PL5
d35f534093cb2618,2011,8,Tiền Giang,Provincial,Cultivation,Lạc,,Area_Planted,129.0,ha,Actual,PL5
c95170f023ab0734,2011,8,Tiền Giang,Provincial,Cultivation,Mía,,Area_Planted,208.0,ha,Actual,PL5
a39fd5b12e0bad66,2011,8,Tiền Giang,Provincial,Cultivation,Lúa,,Area_Planted,35342.0,ha,Actual,PL5
a39fd5b12e0bad66,2011,8,Tiền Giang,Provincial,Cultivation,Lúa,,Area_Planted,134.0,ha,Actual,PL5
aec5d1c78be3489e,2011,8,Vĩnh Long,Provincial,Cultivation,Lúa,,Area_Planted,2601.0,ha,Actual,PL5
afa6b2b92e573e8e,2011,8,Vĩnh Long,Provincial,Cultivation,Đậu,,Area_Planted,912.0,ha,Actual,PL5
e181a1e6f83e8ad5,2011,8,Vĩnh Long,Provincial,Cultivation,Lạc,,Area_Planted,29.0,ha,Actual,PL5
aec5d1c78be3489e,2011,8,Vĩnh Long,Provincial,Cultivation,Lúa,,Area_Planted,1568.0,ha,Actual,PL5
790d727bfad74b39,2011,8,Vĩnh Long,Provincial,Cultivation,Mía,,Area_Planted,93.0,ha,Actual,PL5
aec5d1c78be3489e,2011,8,Vĩnh Long,Provincial,Cultivation,Lúa,,Area_Planted,16961.0,ha,Actual,PL5
aec5d1c78be3489e,2011,8,Vĩnh Long,Provincial,Cultivation,Lúa,,Area_Planted,805.0,ha,Actual,PL5
1729943be595677c,2011,8,Bến Tre,Provincial,Cultivation,Lúa,,Area_Planted,5975.0,ha,Actual,PL5
d76369bb5c0bb670,2011,8,Bến Tre,Provincial,Cultivation,Lạc,,Area_Planted,175.0,ha,Actual,PL5
e547098905aaec72,2011,8,Bến Tre,Provincial,Cultivation,Mía,,Area_Planted,5800.0,ha,Actual,PL5
1729943be595677c,2011,8,Bến Tre,Provincial,Cultivation,Lúa,,Area_Planted,3666.0,ha,Actual,PL5
1729943be595677c,2011,8,Bến Tre,Provincial,Cultivation,Lúa,,Area_Planted,3.0,ha,Actual,PL5
f7c0c98040340c49,2011,8,Kiên Giang,Provincial,Cultivation,Lúa,,Area_Planted,4512.0,ha,Actual,PL5
20d3ef7679a53a7d,2011,8,Kiên Giang,Provincial,Cultivation,Mía,,Area_Planted,4512.0,ha,Actual,PL5
f7c0c98040340c49,2011,8,Kiên Giang,Provincial,Cultivation,Lúa,,Area_Planted,2999.0,ha,Actual,PL5
e07223d3a48400af,2011,8,Cần Thơ,Provincial,Cultivation,Lúa,,Area_Planted,5958.0,ha,Actual,PL5
a5f263bc3660cc31,2011,8,Cần Thơ,Provincial,Cultivation,Đậu,,Area_Planted,239.0,ha,Actual,PL5
909e06334e32eaad,2011,8,Cần Thơ,Provincial,Cultivation,Lạc,,Area_Planted,18.0,ha,Actual,PL5
e07223d3a48400af,2011,8,Cần Thơ,Provincial,Cultivation,Lúa,,Area_Planted,5701.0,ha,Actual,PL5
e07223d3a48400af,2011,8,Cần Thơ,Provincial,Cultivation,Lúa,,Area_Planted,692622.0,ha,Actual,PL5
e07223d3a48400af,2011,8,Cần Thơ,Provincial,Cultivation,Lúa,,Area_Planted,869.0,ha,Actual,PL5
35e38edbf51f7b83,2011,8,Hậu Giang,Provincial,Cultivation,Lúa,,Area_Planted,13747.0,ha,Actual,PL5
59d296658505d796,2011,8,Hậu Giang,Provincial,Cultivation,Mía,,Area_Planted,13747.0,ha,Actual,PL5
35e38edbf51f7b83,2011,8,Hậu Giang,Provincial,Cultivation,Lúa,,Area_Planted,12808.0,ha,Actual,PL5
35e38edbf51f7b83,2011,8,Hậu Giang,Provincial,Cultivation,Lúa,,Area_Planted,561.0,ha,Actual,PL5
5b87562fb9a427d4,2011,8,Trà Vinh,Provincial,Cultivation,Lúa,,Area_Planted,11306.0,ha,Actual,PL5
cc0454a97e68fb60,2011,8,Trà Vinh,Provincial,Cultivation,Lạc,,Area_Planted,4012.0,ha,Actual,PL5
57df5f02d9551f03,2011,8,Trà Vinh,Provincial,Cultivation,Mía,,Area_Planted,6237.0,ha,Actual,PL5
5b87562fb9a427d4,2011,8,Trà Vinh,Provincial,Cultivation,Lúa,,Area_Planted,1057.0,ha,Actual,PL5
5b87562fb9a427d4,2011,8,Trà Vinh,Provincial,Cultivation,Lúa,,Area_Planted,22436.0,ha,Actual,PL5
5b87562fb9a427d4,2011,8,Trà Vinh,Provincial,Cultivation,Lúa,,Area_Planted,1024.0,ha,Actual,PL5
01eca160cfb5248c,2011,8,Sóc Trăng,Provincial,Cultivation,Lúa,,Area_Planted,13303.0,ha,Actual,PL5
87b00eec26ed8b9f,2011,8,Sóc Trăng,Provincial,Cultivation,Đậu,,Area_Planted,238.0,ha,Actual,PL5
508c1c9244c39b18,2011,8,Sóc Trăng,Provincial,Cultivation,Lạc,,Area_Planted,77.0,ha,Actual,PL5
c9616187b131954c,2011,8,Sóc Trăng,Provincial,Cultivation,Mía,,Area_Planted,12988.0,ha,Actual,PL5
01eca160cfb5248c,2011,8,Sóc Trăng,Provincial,Cultivation,Lúa,,Area_Planted,25110.0,ha,Actual,PL5
01eca160cfb5248c,2011,8,Sóc Trăng,Provincial,Cultivation,Lúa,,Area_Planted,2157.0,ha,Actual,PL5
56ea1345d1891a14,2011,8,Bạc Liêu,Provincial,Cultivation,Lúa,,Area_Planted,0.0,ha,Actual,PL5
56ea1345d1891a14,2011,8,Bạc Liêu,Provincial,Cultivation,Lúa,,Area_Planted,9600.0,ha,Actual,PL5
0d560742a360f0fc,2011,8,Cà Mau,Provincial,Cultivation,Lúa,,Area_Planted,1803.0,ha,Actual,PL5
2340b96ef74f323c,2011,8,Cà Mau,Provincial,Cultivation,Mía,,Area_Planted,1803.0,ha,Actual,PL5
0d560742a360f0fc,2011,8,Cà Mau,Provincial,Cultivation,Lúa,,Area_Planted,4586.0,ha,Actual,PL5
2b316936b6d7fcbc,2011,8,Cả nước,National,Forestry,Rừng,,Area,741.0,1000_ha,Estimated,PL6
791d9adc0d86705c,2011,8,Cả nước,National,Forestry,Rừng,,Area,1496.0,1000_ha,Plan,PL6
2b316936b6d7fcbc,2011,8,Cả nước,National,Forestry,Rừng,,Area,376.0,1000_ha,Estimated,PL6
791d9adc0d86705c,2011,8,Cả nước,National,Forestry,Rừng,,Area,319.0,1000_ha,Plan,PL6
2b316936b6d7fcbc,2011,8,Cả nước,National,Forestry,Rừng,,Area,839.0,1000_ha,Estimated,PL6
791d9adc0d86705c,2011,8,Cả nước,National,Forestry,Rừng,,Area,1177.0,1000_ha,Plan,PL6
2b316936b6d7fcbc,2011,8,Cả nước,National,Forestry,Rừng,,Area,1099.0,1000_ha,Estimated,PL6
791d9adc0d86705c,2011,8,Cả nước,National,Forestry,Rừng,,Area,2756.0,1000_ha,Plan,PL6
2b316936b6d7fcbc,2011,8,Cả nước,National,Forestry,Rừng,,Area,1004.0,1000_ha,Estimated,PL6
791d9adc0d86705c,2011,8,Cả nước,National,Forestry,Rừng,,Area,1371.0,1000_ha,Plan,PL6
2b316936b6d7fcbc,2011,8,Cả nước,National,Forestry,Rừng,,Area,964.0,1000_ha,Estimated,PL6
791d9adc0d86705c,2011,8,Cả nước,National,Forestry,Rừng,,Area,7217.0,1000_ha,Plan,PL6
2b316936b6d7fcbc,2011,8,Cả nước,National,Forestry,Rừng,,Area,1022.0,1000_ha,Estimated,PL6
791d9adc0d86705c,2011,8,Cả nước,National,Forestry,Rừng,,Area,23680.0,1000_ha,Plan,PL6
2b316936b6d7fcbc,2011,8,Cả nước,National,Forestry,Rừng,,Area,1115.0,1000_ha,Estimated,PL6
791d9adc0d86705c,2011,8,Cả nước,National,Forestry,Rừng,,Area,24942.0,1000_ha,Plan,PL6
5e274106d240a4a0,2011,1,Cả nước,National,Trade,0,Xuất khẩu,Export_Volume,3.0,1000_ton,Actual,PL8
b08e4ae37b4c8078,2011,1,Cả nước,National,Trade,0,Xuất khẩu,Export_Value,4.0,million_USD,Actual,PL8
a84b2af0da829d1f,2011,1,Cả nước,National,Trade,1,Xuất khẩu,Export_Volume,1715.0,1000_ton,Actual,PL8
4f1fe84b320a3531,2011,1,Cả nước,National,Trade,1,Xuất khẩu,Export_Value,1476.0,million_USD,Actual,PL8
120910804e23fcb1,2011,1,Cả nước,National,Trade,1.1,Xuất khẩu,Export_Volume,1605.0,1000_ton,Actual,PL8
1f790a109f13eba5,2011,1,Cả nước,National,Trade,1.1,Xuất khẩu,Export_Value,1380.0,million_USD,Actual,PL8
7654cedad9f9e411,2011,1,Cả nước,National,Trade,1.2,Xuất khẩu,Export_Volume,110.0,1000_ton,Actual,PL8
a5e143faa97aa0f1,2011,1,Cả nước,National,Trade,1.2,Xuất khẩu,Export_Value,96.0,million_USD,Actual,PL8
2cd5be89bfdc3209,2011,1,Cả nước,National,Trade,2,Xuất khẩu,Export_Volume,1753.0,1000_ton,Actual,PL8
0ba7888b5fa038bc,2011,1,Cả nước,National,Trade,2,Xuất khẩu,Export_Value,1563.0,million_USD,Actual,PL8
286b63e6114582f5,2011,8,Cả nước,National,Investment,1,,Investment_Amount,6.0,million_VND,Cumulative,PL9
6903d1b22440d4d7,2011,8,Cả nước,National,Investment,Quảng Ninh,,Investment_Amount,57126.0,million_VND,Plan,PL9
c934a61215d6e77c,2011,8,Cả nước,National,Investment,Quảng Ninh,,Investment_Amount,13264.0,million_VND,Cumulative,PL9
e892a99cfb3e6b17,2011,8,Cả nước,National,Investment,Hải Phòng,,Investment_Amount,66841.0,million_VND,Plan,PL9
e4454eeb8420f9f2,2011,8,Cả nước,National,Investment,Hải Phòng,,Investment_Amount,34079.0,million_VND,Cumulative,PL9
c291c4c25c849cc6,2011,8,Cả nước,National,Investment,Thái Bình*,,Investment_Amount,59000.0,million_VND,Plan,PL9
973d52623beb1d47,2011,8,Cả nước,National,Investment,Thái Bình*,,Investment_Amount,25650.0,million_VND,Cumulative,PL9
e2d1cfcbfe09000d,2011,8,Cả nước,National,Investment,Nam Định,,Investment_Amount,65928.0,million_VND,Plan,PL9
dade4d0cbee31ba6,2011,8,Cả nước,National,Investment,Nam Định,,Investment_Amount,20252.0,million_VND,Cumulative,PL9
bbbe8883c0ec2b41,2011,8,Cả nước,National,Investment,Ninh Bình,,Investment_Amount,15160.0,million_VND,Plan,PL9
756580c3defbb419,2011,8,Cả nước,National,Investment,Ninh Bình,,Investment_Amount,2890.0,million_VND,Cumulative,PL9
cbeed66d25613959,2011,8,Cả nước,National,Investment,Thanh Hoá,,Investment_Amount,72600.0,million_VND,Plan,PL9
1af2f43ebc70e41b,2011,8,Cả nước,National,Investment,Thanh Hoá,,Investment_Amount,6161.0,million_VND,Cumulative,PL9
99479819993527ea,2011,8,Cả nước,National,Investment,Nghệ An,,Investment_Amount,77264.0,million_VND,Plan,PL9
6ac4ee814987ee3f,2011,8,Cả nước,National,Investment,Nghệ An,,Investment_Amount,4053.0,million_VND,Cumulative,PL9
5f5858f9a36fa790,2011,8,Cả nước,National,Investment,Hà Tĩnh,,Investment_Amount,25138.0,million_VND,Plan,PL9
755c3c7c5253ad8c,2011,8,Cả nước,National,Investment,Hà Tĩnh,,Investment_Amount,3263.0,million_VND,Cumulative,PL9
dd70b868da8ca715,2011,8,Cả nước,National,Investment,Quảng Bình*,,Investment_Amount,27400.0,million_VND,Plan,PL9
0c0d0fe87e0d8a28,2011,8,Cả nước,National,Investment,Quảng Bình*,,Investment_Amount,1900.0,million_VND,Cumulative,PL9
c7320a140c28c16c,2011,8,Cả nước,National,Investment,Quảng Trị,,Investment_Amount,15778.0,million_VND,Plan,PL9
8c7ebc12fd9b6743,2011,8,Cả nước,National,Investment,Quảng Trị,,Investment_Amount,2800.0,million_VND,Cumulative,PL9
79cde6a26992aafc,2011,8,Cả nước,National,Investment,Thừa Thiên Huế,,Investment_Amount,25947.0,million_VND,Plan,PL9
55cc88e966745728,2011,8,Cả nước,National,Investment,Thừa Thiên Huế,,Investment_Amount,2826.0,million_VND,Cumulative,PL9
0b3a30793db7dfbf,2011,8,Cả nước,National,Investment,Đà Nẵng,,Investment_Amount,28620.0,million_VND,Plan,PL9
5602603276790750,2011,8,Cả nước,National,Investment,Quảng Nam*,,Investment_Amount,52950.0,million_VND,Plan,PL9
fd7c5ea70e6c412a,2011,8,Cả nước,National,Investment,Quảng Nam*,,Investment_Amount,2900.0,million_VND,Cumulative,PL9
f1a2f59863cf4821,2011,8,Cả nước,National,Investment,Quảng Ngãi,,Investment_Amount,83024.0,million_VND,Plan,PL9
fa376428d10e5ceb,2011,8,Cả nước,National,Investment,Quảng Ngãi,,Investment_Amount,2714.0,million_VND,Cumulative,PL9
75a2b69dc42afe7a,2011,8,Cả nước,National,Investment,Bình Định,,Investment_Amount,99045.0,million_VND,Plan,PL9
db427c9534967a58,2011,8,Cả nước,National,Investment,Bình Định,,Investment_Amount,3745.0,million_VND,Cumulative,PL9
02bbb4980adf6db5,2011,8,Cả nước,National,Investment,Phú Yên,,Investment_Amount,45825.0,million_VND,Plan,PL9
de7152f0c3dabadc,2011,8,Cả nước,National,Investment,Phú Yên,,Investment_Amount,7325.0,million_VND,Cumulative,PL9
a25d79e4f2280cce,2011,8,Cả nước,National,Investment,Khánh Hoà,,Investment_Amount,66870.0,million_VND,Plan,PL9
0f2e393421858c21,2011,8,Cả nước,National,Investment,Khánh Hoà,,Investment_Amount,14870.0,million_VND,Cumulative,PL9
a064f1138662fa2d,2011,8,Cả nước,National,Investment,Ninh Thuận,,Investment_Amount,48375.0,million_VND,Plan,PL9
63e27ef08b0c8b68,2011,8,Cả nước,National,Investment,Ninh Thuận,,Investment_Amount,6730.0,million_VND,Cumulative,PL9
3c57fec269268de6,2011,8,Cả nước,National,Investment,Bình Thuận,,Investment_Amount,121427.0,million_VND,Plan,PL9
18e75f068c32880e,2011,8,Cả nước,National,Investment,Bình Thuận,,Investment_Amount,5573.0,million_VND,Cumulative,PL9
400b6f826799556a,2011,8,Cả nước,National,Investment,Tây Ninh,,Investment_Amount,6831.0,million_VND,Plan,PL9
d60e1c4db12b70e2,2011,8,Cả nước,National,Investment,Bà Rịa - Vũng Tàu,,Investment_Amount,188387.0,million_VND,Plan,PL9
73b464f4f10084a3,2011,8,Cả nước,National,Investment,Bà Rịa - Vũng Tàu,,Investment_Amount,5543.0,million_VND,Cumulative,PL9
685e8897d7dd7594,2011,8,Cả nước,National,Investment,TP.Hồ Chí Minh,,Investment_Amount,31360.0,million_VND,Plan,PL9
c59c7a4e71fab87f,2011,8,Cả nước,National,Investment,TP.Hồ Chí Minh,,Investment_Amount,9900.0,million_VND,Cumulative,PL9
3d1615464ddc7c24,2011,8,Cả nước,National,Investment,Long An,,Investment_Amount,15203.0,million_VND,Plan,PL9
2d43d235755ac73b,2011,8,Cả nước,National,Investment,Long An,,Investment_Amount,5233.0,million_VND,Cumulative,PL9
f5406e916fbbf51c,2011,8,Cả nước,National,Investment,Tiền Giang,,Investment_Amount,157740.0,million_VND,Plan,PL9
cb258b7d0ff97249,2011,8,Cả nước,National,Investment,Tiền Giang,,Investment_Amount,27352.0,million_VND,Cumulative,PL9
1f0d3a9396fec8a8,2011,8,Cả nước,National,Investment,Bến Tre,,Investment_Amount,183185.0,million_VND,Plan,PL9
3af8e509d1456530,2011,8,Cả nước,National,Investment,Bến Tre,,Investment_Amount,21500.0,million_VND,Cumulative,PL9
e2b3161224653f27,2011,8,Cả nước,National,Investment,Trà Vinh,,Investment_Amount,87950.0,million_VND,Plan,PL9
41e1128581334bc4,2011,8,Cả nước,National,Investment,Trà Vinh,,Investment_Amount,14650.0,million_VND,Cumulative,PL9
0441184f72c953b6,2011,8,Cả nước,National,Investment,Vĩnh Long,,Investment_Amount,97600.0,million_VND,Plan,PL9
028f541e163aee50,2011,8,Cả nước,National,Investment,Đồng Tháp,,Investment_Amount,243259.0,million_VND,Plan,PL9
c0dd8a7464f7e3c7,2011,8,Cả nước,National,Investment,An Giang,,Investment_Amount,227838.0,million_VND,Plan,PL9
7f5dda352f8eed27,2011,8,Cả nước,National,Investment,Kiên Giang,,Investment_Amount,335426.0,million_VND,Plan,PL9
8f909fd7726e2980,2011,8,Cả nước,National,Investment,Kiên Giang,,Investment_Amount,26952.0,million_VND,Cumulative,PL9
bd325f5185a46abc,2011,8,Cả nước,National,Investment,Cần Thơ,,Investment_Amount,117187.0,million_VND,Plan,PL9
31a5047bbeb1217a,2011,8,Cả nước,National,Investment,Hậu Giang,,Investment_Amount,41946.0,million_VND,Plan,PL9
16fb98877a5ad128,2011,8,Cả nước,National,Investment,Sóc Trăng,,Investment_Amount,50446.0,million_VND,Plan,PL9
83a32af97b43f2aa,2011,8,Cả nước,National,Investment,Sóc Trăng,,Investment_Amount,5518.0,million_VND,Cumulative,PL9
6f1de9cd278391a6,2011,8,Cả nước,National,Investment,Bạc Liêu,,Investment_Amount,154937.0,million_VND,Plan,PL9
44b5b0fe47274c2d,2011,8,Cả nước,National,Investment,Bạc Liêu,,Investment_Amount,81806.0,million_VND,Cumulative,PL9
839eb9b99c75b90d,2011,8,Cả nước,National,Investment,Cà Mau,,Investment_Amount,276557.0,million_VND,Plan,PL9
235f603bcbaec52d,2011,8,Cả nước,National,Investment,Cà Mau,,Investment_Amount,155193.0,million_VND,Cumulative,PL9
45a1b53caf6d074b,2010,9,1. Thu hoạch lúa hè thu ở miền Nam,Provincial,Cultivation,Unknown,,Area_Planted,17567.0,1000_ha,Actual,PL1
c4720498573b6785,2011,9,1. Thu hoạch lúa hè thu ở miền Nam,Provincial,Cultivation,Unknown,,Area_Planted,18608.0,1000_ha,Actual,PL1
2e301c7e53d0f5f7,2010,9,2. Gieo trồng lúa thu đông ở vùng ĐBSCL,Provincial,Cultivation,Unknown,,Area_Planted,3800.0,1000_ha,Actual,PL1
6c665bf9058f8b7c,2011,9,2. Gieo trồng lúa thu đông ở vùng ĐBSCL,Provincial,Cultivation,Unknown,,Area_Planted,5680.0,1000_ha,Actual,PL1
ca6478ff8c8ec06b,2010,9,3. Gieo cấy lúa mùa cả nước,Provincial,Cultivation,Unknown,,Area_Planted,16466.0,1000_ha,Actual,PL1
7f5e3ba9bf9e03f3,2011,9,3. Gieo cấy lúa mùa cả nước,Provincial,Cultivation,Unknown,,Area_Planted,16623.0,1000_ha,Actual,PL1
c90987ae1036ddfb,2010,9,- Miền Nam,Provincial,Cultivation,Unknown,,Area_Planted,4549.0,1000_ha,Actual,PL1
8aac9c7058699a80,2011,9,- Miền Nam,Provincial,Cultivation,Unknown,,Area_Planted,5252.0,1000_ha,Actual,PL1
ff9b373e7157e2ed,2010,9,"4.1 Gieo trồng cây lương thực, có củ",Provincial,Cultivation,Unknown,,Area_Planted,15620.0,1000_ha,Actual,PL1
17a079cc217d9e82,2011,9,"4.1 Gieo trồng cây lương thực, có củ",Provincial,Cultivation,Unknown,,Area_Planted,17241.0,1000_ha,Actual,PL1
dee19c146547196d,2010,9,- Khoai lang,Provincial,Cultivation,Khoai lang,,Area_Planted,1235.0,1000_ha,Actual,PL1
429866e679192eb3,2011,9,- Khoai lang,Provincial,Cultivation,Khoai lang,,Area_Planted,1391.0,1000_ha,Actual,PL1
3615a4af659528e5,2010,9,- Sắn,Provincial,Cultivation,Sắn,,Area_Planted,4459.0,1000_ha,Actual,PL1
8da683034c914739,2011,9,- Sắn,Provincial,Cultivation,Sắn,,Area_Planted,5006.0,1000_ha,Actual,PL1
4a83ad56e73278f8,2010,9,4.2 Gieo trồng cây công nghiệp ngắn ngày,Provincial,Cultivation,Cây công nghiệp ngắn ngày,,Area_Planted,6579.0,1000_ha,Actual,PL1
77b75f512b16499e,2011,9,4.2 Gieo trồng cây công nghiệp ngắn ngày,Provincial,Cultivation,Cây công nghiệp ngắn ngày,,Area_Planted,6872.0,1000_ha,Actual,PL1
4db179ab8e59fa67,2010,9,- Đậu tương,Provincial,Cultivation,Đậu tương,,Area_Planted,1797.0,1000_ha,Actual,PL1
cfe8e4a7c4921c7c,2011,9,- Đậu tương,Provincial,Cultivation,Đậu tương,,Area_Planted,1753.0,1000_ha,Actual,PL1
5ba35deb5f195977,2010,9,- Mía,Provincial,Cultivation,Unknown,,Area_Planted,1597.0,1000_ha,Actual,PL1
4ef08f63125d022b,2011,9,- Mía,Provincial,Cultivation,Unknown,,Area_Planted,1913.0,1000_ha,Actual,PL1
8649acbc78559080,2010,9,- Thuốc lá,Provincial,Cultivation,Unknown,,Area_Planted,294.0,1000_ha,Actual,PL1
325ff78ccfbb77a4,2011,9,- Thuốc lá,Provincial,Cultivation,Unknown,,Area_Planted,203.0,1000_ha,Actual,PL1
b439e4b4a5f7bad0,2010,9,"4.3 Gieo trồng rau, đậu các loại",Provincial,Cultivation,Rau đậu,,Area_Planted,7259.0,1000_ha,Actual,PL1
13ff8043b37d0db0,2011,9,"4.3 Gieo trồng rau, đậu các loại",Provincial,Cultivation,Rau đậu,,Area_Planted,7942.0,1000_ha,Actual,PL1
7ee1c4ccea899a41,2011,12,Cả nước,National,Trade,"1. Nông sản chính,trong đó:",Xuất khẩu,Export_Value,10725.0,million_USD,Estimated,PL10
ede32af1387a0c07,2011,12,Cả nước,National,Trade,Cà phê,Xuất khẩu,Export_Volume,994.0,1000_ton,Estimated,PL10
af1e0606785d2c0c,2011,12,Cả nước,National,Trade,Cà phê,Xuất khẩu,Export_Value,2192.0,million_USD,Estimated,PL10
4cb4c65f12bba528,2011,12,Cả nước,National,Trade,Cao su,Xuất khẩu,Export_Volume,530.0,1000_ton,Estimated,PL10
8a418f8e57e3c1f6,2011,12,Cả nước,National,Trade,Cao su,Xuất khẩu,Export_Value,2286.0,million_USD,Estimated,PL10
a0a2798f84c8fce9,2011,12,Cả nước,National,Trade,Gạo,Xuất khẩu,Export_Volume,6230.0,1000_ton,Estimated,PL10
a870fd754c217834,2011,12,Cả nước,National,Trade,Gạo,Xuất khẩu,Export_Value,3113.0,million_USD,Estimated,PL10
5ebb15d98355acff,2011,12,Cả nước,National,Trade,Chè,Xuất khẩu,Export_Volume,99.0,1000_ton,Estimated,PL10
9fc41acf5a4fcd80,2011,12,Cả nước,National,Trade,Chè,Xuất khẩu,Export_Value,153.0,million_USD,Estimated,PL10
015bd75c72bfed5b,2011,12,Cả nước,National,Trade,Hạt điều,Xuất khẩu,Export_Volume,129.0,1000_ton,Estimated,PL10
3a9ae56306de5a31,2011,12,Cả nước,National,Trade,Hạt điều,Xuất khẩu,Export_Value,1078.0,million_USD,Estimated,PL10
c1a3ff7a92633772,2011,12,Cả nước,National,Trade,Hạt tiêu,Xuất khẩu,Export_Volume,115.0,1000_ton,Estimated,PL10
b39fcb82b16e1f7d,2011,12,Cả nước,National,Trade,Hạt tiêu,Xuất khẩu,Export_Value,663.0,million_USD,Estimated,PL10
2b9c1cb9f2364069,2011,12,Cả nước,National,Trade,Hàng rau quả,Xuất khẩu,Export_Value,493.0,million_USD,Estimated,PL10
5f4da8b2937f1603,2011,12,Cả nước,National,Trade,Sắn và sản phẩm từ sắn,Xuất khẩu,Export_Volume,2097.0,1000_ton,Estimated,PL10
d366d6151419bc88,2011,12,Cả nước,National,Trade,Sắn và sản phẩm từ sắn,Xuất khẩu,Export_Value,747.0,million_USD,Estimated,PL10
8dc3c766bf2e7a0d,2011,12,Cả nước,National,Trade,2. Thuỷ sản,Xuất khẩu,Export_Value,4408.0,million_USD,Estimated,PL10
a3c6ee2d4b55190e,2011,12,Cả nước,National,Trade,"3. Lâm sản chính,trong đó:",Xuất khẩu,Export_Value,3033.0,million_USD,Estimated,PL10
3e7ef0294b347736,2011,12,Cả nước,National,Trade,Quế,Xuất khẩu,Export_Value,26.0,million_USD,Estimated,PL10
57c9c40351c74e80,2011,12,Cả nước,National,Trade,Gỗ & sản phẩm gỗ,Xuất khẩu,Export_Value,2862.0,million_USD,Estimated,PL10
31f27655edc42a0c,2011,12,Cả nước,National,Trade,"SP mây, tre, cói, thảm",Xuất khẩu,Export_Value,146.0,million_USD,Estimated,PL10
e8f711661519572c,2011,12,Cả nước,National,Trade,Các mặt hàng nông lâm sản khá,Xuất khẩu,Export_Value,797.0,million_USD,Estimated,PL10
56225499360a3572,2011,12,Cả nước,National,Trade,Các mặt hàng nhập khẩu chính,Nhập khẩu,Import_Value,7870.0,million_USD,Estimated,PL10
f376bacf19286cbc,2011,12,Cả nước,National,Trade,Phân bón các loại,Nhập khẩu,Import_Volume,2917.0,1000_ton,Estimated,PL10
3885517a2cc664cf,2011,12,Cả nước,National,Trade,Phân bón các loại,Nhập khẩu,Import_Value,1180.0,million_USD,Estimated,PL10
96c668b55174d8e3,2011,12,Cả nước,National,Trade,- U RE,Nhập khẩu,Import_Volume,677.0,1000_ton,Estimated,PL10
498e70f0a9963413,2011,12,Cả nước,National,Trade,- U RE,Nhập khẩu,Import_Value,241.0,million_USD,Estimated,PL10
ebe1a690a6296783,2011,12,Cả nước,National,Trade,- S A,Nhập khẩu,Import_Volume,593.0,1000_ton,Estimated,PL10
3492a3a6a0c7242a,2011,12,Cả nước,National,Trade,- S A,Nhập khẩu,Import_Value,124.0,million_USD,Estimated,PL10
e14127f8a7878dd6,2011,12,Cả nước,National,Trade,- D A P,Nhập khẩu,Import_Volume,497.0,1000_ton,Estimated,PL10
86f30e5c83bc6b32,2011,12,Cả nước,National,Trade,- D A P,Nhập khẩu,Import_Value,308.0,million_USD,Estimated,PL10
8b5baab257e874e4,2011,12,Cả nước,National,Trade,- N P K,Nhập khẩu,Import_Volume,214.0,1000_ton,Estimated,PL10
fde637e73eb49d4f,2011,12,Cả nước,National,Trade,- N P K,Nhập khẩu,Import_Value,97.0,million_USD,Estimated,PL10
0f1b7bb76443e8db,2011,12,Cả nước,National,Trade,- Các loại phân bón kh,Nhập khẩu,Import_Volume,937.0,1000_ton,Estimated,PL10
637d6a432308a947,2011,12,Cả nước,National,Trade,- Các loại phân bón kh,Nhập khẩu,Import_Value,410.0,million_USD,Estimated,PL10
d0f1cd259987e21e,2011,12,Cả nước,National,Trade,Thuốc trừ sâu & nguyên liệu,Nhập khẩu,Import_Value,407.0,million_USD,Estimated,PL10
e2169d4e98fa4d3a,2011,12,Cả nước,National,Trade,Lúa mỳ,Nhập khẩu,Import_Volume,1711.0,1000_ton,Estimated,PL10
99b400448077ea0e,2011,12,Cả nước,National,Trade,Lúa mỳ,Nhập khẩu,Import_Value,590.0,million_USD,Estimated,PL10
4c03b29272da1323,2011,12,Cả nước,National,Trade,Thức ăn gia súc và nguyên liệu,Nhập khẩu,Import_Value,1761.0,million_USD,Estimated,PL10
d8d4a78591631e61,2011,12,Cả nước,National,Trade,"Dầu mỡ động, thực vật",Nhập khẩu,Import_Value,705.0,million_USD,Estimated,PL10
7abab0e4e4e61e5f,2011,12,Cả nước,National,Trade,Cao su,Nhập khẩu,Import_Volume,280.0,1000_ton,Estimated,PL10
2e9dd4c3bd82ad74,2011,12,Cả nước,National,Trade,Cao su,Nhập khẩu,Import_Value,721.0,million_USD,Estimated,PL10
7a16297e84ebd58b,2011,12,Cả nước,National,Trade,Bông các loại,Nhập khẩu,Import_Volume,232.0,1000_ton,Estimated,PL10
e7e8156c69e26574,2011,12,Cả nước,National,Trade,Bông các loại,Nhập khẩu,Import_Value,815.0,million_USD,Estimated,PL10
94840140287a507a,2011,12,Cả nước,National,Trade,Sữa &sản phẩm sữa,Nhập khẩu,Import_Value,670.0,million_USD,Estimated,PL10
873b852d0d607071,2011,12,Cả nước,National,Trade,Gỗ & sản phẩm gỗ,Nhập khẩu,Import_Value,1006.0,million_USD,Estimated,PL10
eae754af4231d6b1,2011,12,Cả nước,National,Trade,Muối,Nhập khẩu,Import_Value,154.0,million_USD,Estimated,PL10
26f1bd98c7f806b8,2011,12,Cả nước,National,Trade,Hàng thủy sản,Nhập khẩu,Import_Value,367.0,million_USD,Estimated,PL10
f26da7068bd186a1,2011,12,Cả nước,National,Trade,Hàng rau quả,Nhập khẩu,Import_Value,208.0,million_USD,Estimated,PL10
c7c97f4e76770c8b,2011,11,HOA KỲ,International,Trade,Cà phê,Xuất khẩu,Export_Volume,98540.0,ton,Actual,PL11
55b1872fc844b3c4,2011,11,HOA KỲ,International,Trade,Cà phê,Xuất khẩu,Export_Value,239801.0,1000_USD,Actual,PL11
2e7c58ab6b055c91,2011,11,ĐỨC,International,Trade,Cà phê,Xuất khẩu,Export_Volume,95476.0,ton,Actual,PL11
069b0f1fdd548238,2011,11,ĐỨC,International,Trade,Cà phê,Xuất khẩu,Export_Value,213183.0,1000_USD,Actual,PL11
9547e4301d956c55,2011,11,BỈ,International,Trade,Cà phê,Xuất khẩu,Export_Volume,85667.0,ton,Actual,PL11
77aafe129b543978,2011,11,BỈ,International,Trade,Cà phê,Xuất khẩu,Export_Value,189448.0,1000_USD,Actual,PL11
69c780bde8d58e14,2011,11,ITALIA,International,Trade,Cà phê,Xuất khẩu,Export_Volume,68116.0,ton,Actual,PL11
6326f18af08461e3,2011,11,ITALIA,International,Trade,Cà phê,Xuất khẩu,Export_Value,144847.0,1000_USD,Actual,PL11
c573e715b4081538,2011,11,TÂY BAN NHA,International,Trade,Cà phê,Xuất khẩu,Export_Volume,51034.0,ton,Actual,PL11
517a46ddc8af2576,2011,11,TÂY BAN NHA,International,Trade,Cà phê,Xuất khẩu,Export_Value,110391.0,1000_USD,Actual,PL11
60b6ec8d9f0cc599,2011,11,NHẬT BẢN,International,Trade,Cà phê,Xuất khẩu,Export_Volume,35204.0,ton,Actual,PL11
45a9f2577e1747f9,2011,11,NHẬT BẢN,International,Trade,Cà phê,Xuất khẩu,Export_Value,91052.0,1000_USD,Actual,PL11
f659587b164908f0,2011,11,ANH,International,Trade,Cà phê,Xuất khẩu,Export_Volume,23642.0,ton,Actual,PL11
c86678839da10b95,2011,11,ANH,International,Trade,Cà phê,Xuất khẩu,Export_Value,53518.0,1000_USD,Actual,PL11
b3802de442c172a5,2011,11,HÀ LAN,International,Trade,Cà phê,Xuất khẩu,Export_Volume,24618.0,ton,Actual,PL11
fbdee6247c22af77,2011,11,HÀ LAN,International,Trade,Cà phê,Xuất khẩu,Export_Value,53222.0,1000_USD,Actual,PL11
a4f14da33137084f,2011,11,HÀN QUỐC,International,Trade,Cà phê,Xuất khẩu,Export_Volume,21600.0,ton,Actual,PL11
161ae24af453bf6b,2011,11,HÀN QUỐC,International,Trade,Cà phê,Xuất khẩu,Export_Value,45426.0,1000_USD,Actual,PL11
37bea453e3ec0aac,2011,11,TRUNG QUỐC,International,Trade,Cà phê,Xuất khẩu,Export_Volume,18509.0,ton,Actual,PL11
2c33e7ab1a6cb0a8,2011,11,TRUNG QUỐC,International,Trade,Cà phê,Xuất khẩu,Export_Value,42096.0,1000_USD,Actual,PL11
0b712456339608dc,2011,11,TRUNG QUỐC,International,Trade,Cao su,Xuất khẩu,Export_Volume,274834.0,ton,Actual,PL11
1995a8e839a2d21e,2011,11,TRUNG QUỐC,International,Trade,Cao su,Xuất khẩu,Export_Value,1166133.0,1000_USD,Actual,PL11
2ea038b4a331fa00,2011,11,MALAIXIA,International,Trade,Cao su,Xuất khẩu,Export_Volume,32903.0,ton,Actual,PL11
dd6828b061c831f5,2011,11,MALAIXIA,International,Trade,Cao su,Xuất khẩu,Export_Value,142187.0,1000_USD,Actual,PL11
3afd77892efe788c,2011,11,ĐÀI LOAN,International,Trade,Cao su,Xuất khẩu,Export_Volume,19587.0,ton,Actual,PL11
7f6f45aa2281adba,2011,11,ĐÀI LOAN,International,Trade,Cao su,Xuất khẩu,Export_Value,91926.0,1000_USD,Actual,PL11
6a0fd411e4574e46,2011,11,HÀN QUỐC,International,Trade,Cao su,Xuất khẩu,Export_Volume,19755.0,ton,Actual,PL11
65ccf13427efd1bc,2011,11,HÀN QUỐC,International,Trade,Cao su,Xuất khẩu,Export_Value,82919.0,1000_USD,Actual,PL11
b0ed071026ce2fb6,2011,11,ĐỨC,International,Trade,Cao su,Xuất khẩu,Export_Volume,16923.0,ton,Actual,PL11
332648bd7dd1714a,2011,11,ĐỨC,International,Trade,Cao su,Xuất khẩu,Export_Value,82237.0,1000_USD,Actual,PL11
ba8c4032bfc4d7a1,2011,11,HOA KỲ,International,Trade,Cao su,Xuất khẩu,Export_Volume,13484.0,ton,Actual,PL11
26f7aa3d17a62683,2011,11,HOA KỲ,International,Trade,Cao su,Xuất khẩu,Export_Value,51921.0,1000_USD,Actual,PL11
11edffd4cb92a17c,2011,11,THỔ NHĨ KỲ,International,Trade,Cao su,Xuất khẩu,Export_Volume,7767.0,ton,Actual,PL11
e64f0232cb929334,2011,11,THỔ NHĨ KỲ,International,Trade,Cao su,Xuất khẩu,Export_Value,34927.0,1000_USD,Actual,PL11
67b1aa00c1a79bf1,2011,11,NGA,International,Trade,Cao su,Xuất khẩu,Export_Volume,6827.0,ton,Actual,PL11
aad5c2ffd5927782,2011,11,NGA,International,Trade,Cao su,Xuất khẩu,Export_Value,34291.0,1000_USD,Actual,PL11
19c0ac4cf7ceeefb,2011,11,NHẬT BẢN,International,Trade,Cao su,Xuất khẩu,Export_Volume,6249.0,ton,Actual,PL11
1ccf04a0e5afb459,2011,11,NHẬT BẢN,International,Trade,Cao su,Xuất khẩu,Export_Value,31794.0,1000_USD,Actual,PL11
56b8c736cfda03fa,2011,11,ẤN ĐỘ,International,Trade,Cao su,Xuất khẩu,Export_Volume,6352.0,ton,Actual,PL11
7273007c9efc9d6b,2011,11,ẤN ĐỘ,International,Trade,Cao su,Xuất khẩu,Export_Value,29690.0,1000_USD,Actual,PL11
eda69f6917976153,2011,11,PAKIXTAN,International,Trade,Chè,Xuất khẩu,Export_Volume,11441.0,ton,Actual,PL11
7aa272e70f335f10,2011,11,PAKIXTAN,International,Trade,Chè,Xuất khẩu,Export_Value,21264.0,1000_USD,Actual,PL11
b291f467419f7f96,2011,11,ĐÀI LOAN,International,Trade,Chè,Xuất khẩu,Export_Volume,13549.0,ton,Actual,PL11
48cc978ae5e6962a,2011,11,ĐÀI LOAN,International,Trade,Chè,Xuất khẩu,Export_Value,17185.0,1000_USD,Actual,PL11
93c9191e95b398bb,2011,11,NGA,International,Trade,Chè,Xuất khẩu,Export_Volume,9941.0,ton,Actual,PL11
c8343584b1ee35d4,2011,11,NGA,International,Trade,Chè,Xuất khẩu,Export_Value,14967.0,1000_USD,Actual,PL11
43a322e4b3728623,2011,11,TRUNG QUỐC,International,Trade,Chè,Xuất khẩu,Export_Volume,9271.0,ton,Actual,PL11
3713b0f5c18bdcad,2011,11,TRUNG QUỐC,International,Trade,Chè,Xuất khẩu,Export_Value,10999.0,1000_USD,Actual,PL11
c0902e669b42e23f,2011,11,IN ĐÔ NÊ XI A,International,Trade,Chè,Xuất khẩu,Export_Volume,5546.0,ton,Actual,PL11
ee7cea6e6994ecb2,2011,11,IN ĐÔ NÊ XI A,International,Trade,Chè,Xuất khẩu,Export_Value,5774.0,1000_USD,Actual,PL11
6de22589913c4523,2011,11,ARẬP XÊÚT,International,Trade,Chè,Xuất khẩu,Export_Volume,1311.0,ton,Actual,PL11
924f615f0096319d,2011,11,ARẬP XÊÚT,International,Trade,Chè,Xuất khẩu,Export_Value,2993.0,1000_USD,Actual,PL11
1f4270e1793c0161,2011,11,ĐỨC,International,Trade,Chè,Xuất khẩu,Export_Volume,2015.0,ton,Actual,PL11
dd9edd52995a17d8,2011,11,ĐỨC,International,Trade,Chè,Xuất khẩu,Export_Value,2922.0,1000_USD,Actual,PL11
4e682ea384e076d6,2011,11,HOA KỲ,International,Trade,Chè,Xuất khẩu,Export_Volume,2577.0,ton,Actual,PL11
586eb2e4a3d2d640,2011,11,HOA KỲ,International,Trade,Chè,Xuất khẩu,Export_Value,2789.0,1000_USD,Actual,PL11
5045849e66181b80,2011,11,TVQ ARẬP THỐNG NHẤT,International,Trade,Chè,Xuất khẩu,Export_Volume,1464.0,ton,Actual,PL11
c1b9fe6a2e1a26cd,2011,11,TVQ ARẬP THỐNG NHẤT,International,Trade,Chè,Xuất khẩu,Export_Value,2685.0,1000_USD,Actual,PL11
a45d2bb455be0ebe,2011,11,BA LAN,International,Trade,Chè,Xuất khẩu,Export_Volume,1672.0,ton,Actual,PL11
daed92bb62f54ebc,2011,11,BA LAN,International,Trade,Chè,Xuất khẩu,Export_Value,1849.0,1000_USD,Actual,PL11
1a8f719b5675bf5e,2011,11,IN ĐÔ NÊ XI A,International,Trade,Gạo,Xuất khẩu,Export_Volume,960825.0,ton,Actual,PL11
3c03d93283250526,2011,11,IN ĐÔ NÊ XI A,International,Trade,Gạo,Xuất khẩu,Export_Value,496043.0,1000_USD,Actual,PL11
96fa44778a5d3f32,2011,11,PHI LIP PIN,International,Trade,Gạo,Xuất khẩu,Export_Volume,896734.0,ton,Actual,PL11
7be9e1007cc2dc16,2011,11,PHI LIP PIN,International,Trade,Gạo,Xuất khẩu,Export_Value,433232.0,1000_USD,Actual,PL11
5d080bf22f5f7654,2011,11,MALAIXIA,International,Trade,Gạo,Xuất khẩu,Export_Volume,396845.0,ton,Actual,PL11
6342db0af1db699c,2011,11,MALAIXIA,International,Trade,Gạo,Xuất khẩu,Export_Value,208096.0,1000_USD,Actual,PL11
295cf58e3c58df77,2011,11,BĂNG LA ĐÉT,International,Trade,Gạo,Xuất khẩu,Export_Volume,339600.0,ton,Actual,PL11
e61172220192cd7b,2011,11,BĂNG LA ĐÉT,International,Trade,Gạo,Xuất khẩu,Export_Value,180380.0,1000_USD,Actual,PL11
141a2b2a05a507cc,2011,11,CUBA,International,Trade,Gạo,Xuất khẩu,Export_Volume,330900.0,ton,Actual,PL11
ce51c718efccb6a3,2011,11,CUBA,International,Trade,Gạo,Xuất khẩu,Export_Value,172554.0,1000_USD,Actual,PL11
512a95db68d4c9ac,2011,11,XÊ NÊ GAN,International,Trade,Gạo,Xuất khẩu,Export_Volume,403837.0,ton,Actual,PL11
60a4b35177f6bd8e,2011,11,XÊ NÊ GAN,International,Trade,Gạo,Xuất khẩu,Export_Value,166619.0,1000_USD,Actual,PL11
2096b209081e3feb,2011,11,XINH GA PO,International,Trade,Gạo,Xuất khẩu,Export_Volume,290878.0,ton,Actual,PL11
1006ef942cc2f8a9,2011,11,XINH GA PO,International,Trade,Gạo,Xuất khẩu,Export_Value,143798.0,1000_USD,Actual,PL11
0115a305437ae525,2011,11,TRUNG QUỐC,International,Trade,Gạo,Xuất khẩu,Export_Volume,271560.0,ton,Actual,PL11
36f5412022c6aeea,2011,11,TRUNG QUỐC,International,Trade,Gạo,Xuất khẩu,Export_Value,136071.0,1000_USD,Actual,PL11
23d07729ca9a68b2,2011,11,BỜ BIỂN NGÀ,International,Trade,Gạo,Xuất khẩu,Export_Volume,266572.0,ton,Actual,PL11
6dbb0b96d16bb220,2011,11,BỜ BIỂN NGÀ,International,Trade,Gạo,Xuất khẩu,Export_Value,124675.0,1000_USD,Actual,PL11
399dc6a32cab872a,2011,11,GANA,International,Trade,Gạo,Xuất khẩu,Export_Volume,120551.0,ton,Actual,PL11
b11495834a0229cb,2011,11,GANA,International,Trade,Gạo,Xuất khẩu,Export_Value,64896.0,1000_USD,Actual,PL11
2d8f05700ca0d3d7,2011,11,HOA KỲ,International,Trade,Gỗ & sản phẩm gỗ,Xuất khẩu,Export_Value,878250.0,1000_USD,Actual,PL11
88006c21ea8dc711,2011,11,TRUNG QUỐC,International,Trade,Gỗ & sản phẩm gỗ,Xuất khẩu,Export_Value,433703.0,1000_USD,Actual,PL11
8536ad0753bfddd8,2011,11,NHẬT BẢN,International,Trade,Gỗ & sản phẩm gỗ,Xuất khẩu,Export_Value,362837.0,1000_USD,Actual,PL11
59bf2a5631f1de19,2011,11,HÀN QUỐC,International,Trade,Gỗ & sản phẩm gỗ,Xuất khẩu,Export_Value,125449.0,1000_USD,Actual,PL11
9874e3c5ea52eaed,2011,11,ANH,International,Trade,Gỗ & sản phẩm gỗ,Xuất khẩu,Export_Value,105716.0,1000_USD,Actual,PL11
7e6bb295038dc248,2011,11,ĐỨC,International,Trade,Gỗ & sản phẩm gỗ,Xuất khẩu,Export_Value,72375.0,1000_USD,Actual,PL11
783f531f3f389f28,2011,11,Ô X TRÂY LIA,International,Trade,Gỗ & sản phẩm gỗ,Xuất khẩu,Export_Value,60594.0,1000_USD,Actual,PL11
60b0166dd606c714,2011,11,HOA KỲ,International,Trade,Bông các loại,Nhập khẩu,Import_Volume,117666.0,ton,Actual,PL12
6f97ea2648fc8549,2011,11,HOA KỲ,International,Trade,Bông các loại,Nhập khẩu,Import_Value,429925.0,1000_USD,Actual,PL12
1635369d6cddc296,2011,11,ẤN ĐỘ,International,Trade,Bông các loại,Nhập khẩu,Import_Volume,25422.0,ton,Actual,PL12
80cae5643d84e891,2011,11,ẤN ĐỘ,International,Trade,Bông các loại,Nhập khẩu,Import_Value,83298.0,1000_USD,Actual,PL12
734897ad820097db,2011,11,PAKIXTAN,International,Trade,Bông các loại,Nhập khẩu,Import_Volume,5762.0,ton,Actual,PL12
56f46cd5e7f3a7d2,2011,11,PAKIXTAN,International,Trade,Bông các loại,Nhập khẩu,Import_Value,18074.0,1000_USD,Actual,PL12
f2524558f1e6aed8,2011,11,Ô X TRÂY LIA,International,Trade,Bông các loại,Nhập khẩu,Import_Volume,3969.0,ton,Actual,PL12
ad127129ca7bd909,2011,11,Ô X TRÂY LIA,International,Trade,Bông các loại,Nhập khẩu,Import_Value,15698.0,1000_USD,Actual,PL12
faab325a7e53242f,2011,11,BRAXIN,International,Trade,Bông các loại,Nhập khẩu,Import_Volume,4607.0,ton,Actual,PL12
4eba6b145a212816,2011,11,BRAXIN,International,Trade,Bông các loại,Nhập khẩu,Import_Value,14143.0,1000_USD,Actual,PL12
48f9ba8251d5f5e7,2011,11,BỜ BIỂN NGÀ,International,Trade,Bông các loại,Nhập khẩu,Import_Volume,4154.0,ton,Actual,PL12
083e1d559daa32eb,2011,11,BỜ BIỂN NGÀ,International,Trade,Bông các loại,Nhập khẩu,Import_Value,12370.0,1000_USD,Actual,PL12
61426feaa6045384,2011,11,ACHENTINA,International,Trade,Bông các loại,Nhập khẩu,Import_Volume,2239.0,ton,Actual,PL12
8c3d5bb4794b601d,2011,11,ACHENTINA,International,Trade,Bông các loại,Nhập khẩu,Import_Value,8014.0,1000_USD,Actual,PL12
97856369657eedc7,2011,11,TRUNG QUỐC,International,Trade,Bông các loại,Nhập khẩu,Import_Volume,1430.0,ton,Actual,PL12
1879f99fd7ae4e43,2011,11,TRUNG QUỐC,International,Trade,Bông các loại,Nhập khẩu,Import_Value,6024.0,1000_USD,Actual,PL12
d51cb02716091a26,2011,11,PHÁP,International,Trade,Bông các loại,Nhập khẩu,Import_Volume,752.0,ton,Actual,PL12
7a0485b424583d44,2011,11,PHÁP,International,Trade,Bông các loại,Nhập khẩu,Import_Value,1723.0,1000_USD,Actual,PL12
a84646ce2a5e8072,2011,11,IN ĐÔ NÊ XI A,International,Trade,Bông các loại,Nhập khẩu,Import_Volume,449.0,ton,Actual,PL12
550e1a359c0e4032,2011,11,IN ĐÔ NÊ XI A,International,Trade,Bông các loại,Nhập khẩu,Import_Value,1179.0,1000_USD,Actual,PL12
8d1b74f998efbe52,2011,11,CAMPUCHIA,International,Trade,Cao su,Nhập khẩu,Import_Volume,26989.0,ton,Actual,PL12
38c52002d6e4d3d0,2011,11,CAMPUCHIA,International,Trade,Cao su,Nhập khẩu,Import_Value,123668.0,1000_USD,Actual,PL12
20452730ae6585bc,2011,11,HÀN QUỐC,International,Trade,Cao su,Nhập khẩu,Import_Volume,35806.0,ton,Actual,PL12
fe2a07b9819c5ac2,2011,11,HÀN QUỐC,International,Trade,Cao su,Nhập khẩu,Import_Value,118728.0,1000_USD,Actual,PL12
e19b4759391aad92,2011,11,THÁI LAN,International,Trade,Cao su,Nhập khẩu,Import_Volume,27509.0,ton,Actual,PL12
01ea02ac3cab8dd3,2011,11,THÁI LAN,International,Trade,Cao su,Nhập khẩu,Import_Value,95504.0,1000_USD,Actual,PL12
d57f019800888e0a,2011,11,ĐÀI LOAN,International,Trade,Cao su,Nhập khẩu,Import_Volume,21008.0,ton,Actual,PL12
b9885f71ae271e54,2011,11,ĐÀI LOAN,International,Trade,Cao su,Nhập khẩu,Import_Value,63986.0,1000_USD,Actual,PL12
cf19aa15035f1cca,2011,11,NHẬT BẢN,International,Trade,Cao su,Nhập khẩu,Import_Volume,17277.0,ton,Actual,PL12
f1b2ed3cf4f41ba6,2011,11,NHẬT BẢN,International,Trade,Cao su,Nhập khẩu,Import_Value,60154.0,1000_USD,Actual,PL12
98a58c766ca1afea,2011,11,TRUNG QUỐC,International,Trade,Cao su,Nhập khẩu,Import_Volume,15988.0,ton,Actual,PL12
44e378be8c1c2659,2011,11,TRUNG QUỐC,International,Trade,Cao su,Nhập khẩu,Import_Value,41562.0,1000_USD,Actual,PL12
a8e65acb0263b176,2011,11,HOA KỲ,International,Trade,Cao su,Nhập khẩu,Import_Volume,18501.0,ton,Actual,PL12
d58eef195f29152e,2011,11,HOA KỲ,International,Trade,Cao su,Nhập khẩu,Import_Value,21364.0,1000_USD,Actual,PL12
3d29de919a33fc48,2011,11,NGA,International,Trade,Cao su,Nhập khẩu,Import_Volume,4033.0,ton,Actual,PL12
4f92302b4a3842db,2011,11,NGA,International,Trade,Cao su,Nhập khẩu,Import_Value,18072.0,1000_USD,Actual,PL12
52153e347206d2d2,2011,11,PHÁP,International,Trade,Cao su,Nhập khẩu,Import_Volume,5999.0,ton,Actual,PL12
b2c9c956b10240ed,2011,11,PHÁP,International,Trade,Cao su,Nhập khẩu,Import_Value,10537.0,1000_USD,Actual,PL12
f3843438f44c4410,2011,11,MALAIXIA,International,Trade,Cao su,Nhập khẩu,Import_Volume,5630.0,ton,Actual,PL12
4527643d6924f396,2011,11,MALAIXIA,International,Trade,Cao su,Nhập khẩu,Import_Value,7312.0,1000_USD,Actual,PL12
b278539e6dfb33fe,2011,11,MALAIXIA,International,Trade,Dầu mỡ động thực vật,Nhập khẩu,Import_Value,346241.0,1000_USD,Actual,PL12
5ef7c63377290912,2011,11,IN ĐÔ NÊ XI A,International,Trade,Dầu mỡ động thực vật,Nhập khẩu,Import_Value,136911.0,1000_USD,Actual,PL12
93d90c94c77c8ba5,2011,11,ACHENTINA,International,Trade,Dầu mỡ động thực vật,Nhập khẩu,Import_Value,92201.0,1000_USD,Actual,PL12
5d9dc239028f0b92,2011,11,CHI LÊ,International,Trade,Dầu mỡ động thực vật,Nhập khẩu,Import_Value,6557.0,1000_USD,Actual,PL12
9d3038412cf45f31,2011,11,THÁI LAN,International,Trade,Dầu mỡ động thực vật,Nhập khẩu,Import_Value,5634.0,1000_USD,Actual,PL12
c434f19f3e3c0b6a,2011,11,TRUNG QUỐC,International,Trade,Dầu mỡ động thực vật,Nhập khẩu,Import_Value,4284.0,1000_USD,Actual,PL12
6ca551d083591042,2011,11,HOA KỲ,International,Trade,Dầu mỡ động thực vật,Nhập khẩu,Import_Value,3178.0,1000_USD,Actual,PL12
e97a565f75ee8646,2011,11,ẤN ĐỘ,International,Trade,Dầu mỡ động thực vật,Nhập khẩu,Import_Value,2810.0,1000_USD,Actual,PL12
1ce33e3a7182fec6,2011,11,HÀN QUỐC,International,Trade,Dầu mỡ động thực vật,Nhập khẩu,Import_Value,2504.0,1000_USD,Actual,PL12
66fed3eba0d00bba,2011,11,Ô X TRÂY LIA,International,Trade,Dầu mỡ động thực vật,Nhập khẩu,Import_Value,2079.0,1000_USD,Actual,PL12
c05edf3498a11fa0,2011,11,Ô X TRÂY LIA,International,Trade,Lúa mì,Nhập khẩu,Import_Volume,1402941.0,ton,Actual,PL12
624095684fd720bf,2011,11,Ô X TRÂY LIA,International,Trade,Lúa mì,Nhập khẩu,Import_Value,472439.0,1000_USD,Actual,PL12
2d5916306c1e5b0e,2011,11,HOA KỲ,International,Trade,Lúa mì,Nhập khẩu,Import_Volume,166602.0,ton,Actual,PL12
b5e9c8783e68e988,2011,11,HOA KỲ,International,Trade,Lúa mì,Nhập khẩu,Import_Value,65132.0,1000_USD,Actual,PL12
6a192059dac13db1,2011,11,CA NA ĐA,International,Trade,Lúa mì,Nhập khẩu,Import_Volume,12907.0,ton,Actual,PL12
116fb746fc18ae68,2011,11,CA NA ĐA,International,Trade,Lúa mì,Nhập khẩu,Import_Value,5676.0,1000_USD,Actual,PL12
0e3c2694bb532309,2011,11,LÀO,International,Trade,Gỗ & sản phẩm gỗ,Nhập khẩu,Import_Value,210769.0,1000_USD,Actual,PL12
af3f4d50389a199a,2011,11,TRUNG QUỐC,International,Trade,Gỗ & sản phẩm gỗ,Nhập khẩu,Import_Value,114074.0,1000_USD,Actual,PL12
4c4f6749384f6b4a,2011,11,HOA KỲ,International,Trade,Gỗ & sản phẩm gỗ,Nhập khẩu,Import_Value,96335.0,1000_USD,Actual,PL12
e05d6d23367b506b,2011,11,MALAIXIA,International,Trade,Gỗ & sản phẩm gỗ,Nhập khẩu,Import_Value,61888.0,1000_USD,Actual,PL12
4fcb6fe1e075f1ac,2011,11,THÁI LAN,International,Trade,Gỗ & sản phẩm gỗ,Nhập khẩu,Import_Value,58603.0,1000_USD,Actual,PL12
6433677437f71dcc,2011,11,NIU ZI LÂN,International,Trade,Gỗ & sản phẩm gỗ,Nhập khẩu,Import_Value,43051.0,1000_USD,Actual,PL12
fce7a7debbfce9b6,2011,11,CAMPUCHIA,International,Trade,Gỗ & sản phẩm gỗ,Nhập khẩu,Import_Value,27216.0,1000_USD,Actual,PL12
c87bb8f197267d91,2011,11,MI AN MA,International,Trade,Gỗ & sản phẩm gỗ,Nhập khẩu,Import_Value,23552.0,1000_USD,Actual,PL12
e31e52ed4f7d5bfe,2011,11,BRAXIN,International,Trade,Gỗ & sản phẩm gỗ,Nhập khẩu,Import_Value,18423.0,1000_USD,Actual,PL12
0938deebe28de1d0,2011,11,IN ĐÔ NÊ XI A,International,Trade,Gỗ & sản phẩm gỗ,Nhập khẩu,Import_Value,15033.0,1000_USD,Actual,PL12
d7bfca7b84ca6526,2011,11,TRUNG QUỐC,International,Trade,Phân bón các loại,Nhập khẩu,Import_Volume,1163880.0,ton,Actual,PL12
a3e0fd4edf605f79,2011,11,TRUNG QUỐC,International,Trade,Phân bón các loại,Nhập khẩu,Import_Value,452667.0,1000_USD,Actual,PL12
be681ee00589f1ff,2011,11,BÊ LA RÚT,International,Trade,Phân bón các loại,Nhập khẩu,Import_Volume,285167.0,ton,Actual,PL12
95a02692cedebcec,2011,11,BÊ LA RÚT,International,Trade,Phân bón các loại,Nhập khẩu,Import_Value,126991.0,1000_USD,Actual,PL12
3d0ab329d33365bd,2011,11,PHI LIP PIN,International,Trade,Phân bón các loại,Nhập khẩu,Import_Volume,201320.0,ton,Actual,PL12
b7230a68e7a5f2f9,2011,11,PHI LIP PIN,International,Trade,Phân bón các loại,Nhập khẩu,Import_Value,94621.0,1000_USD,Actual,PL12
f1de9e58d7ece11f,2011,11,IXRAEN,International,Trade,Phân bón các loại,Nhập khẩu,Import_Volume,148571.0,ton,Actual,PL12
83a2a8db3beae75f,2011,11,IXRAEN,International,Trade,Phân bón các loại,Nhập khẩu,Import_Value,68607.0,1000_USD,Actual,PL12
431813c602c57e8d,2011,9,Cả nước,National,Investment,Vốn thực hiện đầu tư,,Investment_Amount,3490600.0,million_VND,Plan,PL13
9a62518b54f693f3,2011,9,Cả nước,National,Investment,Vốn thực hiện đầu tư,,Investment_Amount,3214009.0,million_VND,Cumulative,PL13
846f5f52accd2aca,2011,9,Cả nước,National,Investment,Đầu tư Thuỷ lợi,,Investment_Amount,2117471.0,million_VND,Plan,PL13
6dbdeb2af3a55982,2011,9,Cả nước,National,Investment,Đầu tư Thuỷ lợi,,Investment_Amount,1740371.0,million_VND,Cumulative,PL13
759a396c14b0d329,2011,9,Cả nước,National,Investment,Đầu tư Nông nghiệp,,Investment_Amount,700300.0,million_VND,Plan,PL13
0fd01101dc0c4151,2011,9,Cả nước,National,Investment,Đầu tư Nông nghiệp,,Investment_Amount,1085477.0,million_VND,Cumulative,PL13
713c63c1c8dd4b93,2011,9,Cả nước,National,Investment,Đầu tư Lâm nghiệp,,Investment_Amount,283000.0,million_VND,Plan,PL13
0433324b5de45369,2011,9,Cả nước,National,Investment,Đầu tư Lâm nghiệp,,Investment_Amount,149663.0,million_VND,Cumulative,PL13
0d1f4fc06ccc39d1,2011,9,Cả nước,National,Investment,Đầu tư Thuỷ sản,,Investment_Amount,22929.0,million_VND,Plan,PL13
8f9c6faf45fc8bff,2011,9,Cả nước,National,Investment,Đầu tư Thuỷ sản,,Investment_Amount,18118.0,million_VND,Cumulative,PL13
8bdc880814e4847a,2011,9,Cả nước,National,Investment,Chương trình trọng điểm pháttriển và ứng dụng công nghệ sinhhọc,,Investment_Amount,30000.0,million_VND,Plan,PL13
9bbe2d599f028830,2011,9,Cả nước,National,Investment,Chương trình trọng điểm pháttriển và ứng dụng công nghệ sinhhọc,,Investment_Amount,20250.0,million_VND,Cumulative,PL13
4b7a6c9a2fa5c4b1,2011,9,Cả nước,National,Investment,Khoa học - Công nghệ,,Investment_Amount,52100.0,million_VND,Plan,PL13
f6a10cb969f56e84,2011,9,Cả nước,National,Investment,Khoa học - Công nghệ,,Investment_Amount,29891.0,million_VND,Cumulative,PL13
d4295467474b49ae,2011,9,Cả nước,National,Investment,Giáo dục - Đào tạo,,Investment_Amount,91000.0,million_VND,Plan,PL13
a1a3ba7afcaa58c7,2011,9,Cả nước,National,Investment,Giáo dục - Đào tạo,,Investment_Amount,54802.0,million_VND,Cumulative,PL13
aeef2de1c621243e,2011,9,Cả nước,National,Investment,Các ngành khác,,Investment_Amount,193800.0,million_VND,Plan,PL13
7f3d440244574033,2011,9,Cả nước,National,Investment,Các ngành khác,,Investment_Amount,135687.0,million_VND,Cumulative,PL13
1b1569d006cd76a6,2011,9,Cả nước,National,Investment,Vốn đầu tư theo các mục tiêunhiệm vụ cụ thể,,Investment_Amount,277000.0,million_VND,Plan,PL13
19efbd5b4c54521a,2011,9,Cả nước,National,Investment,Vốn đầu tư theo các mục tiêunhiệm vụ cụ thể,,Investment_Amount,182046.0,million_VND,Cumulative,PL13
e8665a5dad9bbcbf,2011,9,Cả nước,National,Investment,Bổ sung dự trữ Quốc gia,,Investment_Amount,71000.0,million_VND,Plan,PL13
9a06948461d35d56,2011,9,Cả nước,National,Investment,Vốn chuẩn bị đầu tư,,Investment_Amount,39700.0,million_VND,Plan,PL13
a71801880a74c81a,2011,9,Cả nước,National,Investment,Vốn chuẩn bị đầu tư,,Investment_Amount,27582.0,million_VND,Cumulative,PL13
9441a12834c49de8,2011,9,Cả nước,National,Investment,Vốn trái phiếu Chính phủ,,Investment_Amount,3500000.0,million_VND,Plan,PL13
5e85cdd5cc10ed60,2011,9,Cả nước,National,Investment,Vốn trái phiếu Chính phủ,,Investment_Amount,3033879.0,million_VND,Cumulative,PL13
fbb40722e501346d,2011,9,Cả nước,National,Investment,Các dự án có trong QĐ171,,Investment_Amount,2655100.0,million_VND,Plan,PL13
5f65e884077ad16c,2011,9,Cả nước,National,Investment,Các dự án có trong QĐ171,,Investment_Amount,2345479.0,million_VND,Cumulative,PL13
b4993783eac39e26,2011,9,Cả nước,National,Investment,Các dự án cấp bách bổ sung,,Investment_Amount,404000.0,million_VND,Plan,PL13
0fdd78620dbf35b1,2011,9,Cả nước,National,Investment,Các dự án cấp bách bổ sung,,Investment_Amount,378400.0,million_VND,Cumulative,PL13
9cdd177fea200f12,2011,9,Cả nước,National,Investment,Các dự án thuỷ lợi ĐBSHồng,,Investment_Amount,440900.0,million_VND,Plan,PL13
0d2b7306ac10ea79,2011,9,Cả nước,National,Investment,Các dự án thuỷ lợi ĐBSHồng,,Investment_Amount,310000.0,million_VND,Cumulative,PL13
1dd63282fbb67b71,2011,9,Cả nước,National,Investment,Tổng vốn đầu tư : = A + B,,Investment_Amount,7378300.0,million_VND,Plan,PL13
26d007799d62fb05,2011,9,Cả nước,National,Investment,Tổng vốn đầu tư : = A + B,,Investment_Amount,6457516.0,million_VND,Cumulative,PL13
5feda96b02280850,2011,9,Miền Bắc,Provincial,Cultivation,Lúa,,Area_Planted,1137177.0,ha,Actual,PL2
5feda96b02280850,2011,9,Miền Bắc,Provincial,Cultivation,Lúa,,Area_Planted,163841.0,ha,Actual,PL2
5feda96b02280850,2011,9,Miền Bắc,Provincial,Cultivation,Lúa,,Area_Planted,966847.0,ha,Actual,PL2
f65d14df71f3647b,2011,9,Miền Bắc,Provincial,Cultivation,Ngô,,Area_Planted,676267.0,ha,Actual,PL2
7c365e1a78e4223d,2011,9,Miền Bắc,Provincial,Cultivation,Khoai lang,,Area_Planted,102985.0,ha,Actual,PL2
8ab536734a1ff380,2011,9,Miền Bắc,Provincial,Cultivation,Sắn,,Area_Planted,164393.0,ha,Actual,PL2
5feda96b02280850,2011,9,Miền Bắc,Provincial,Cultivation,Lúa,,Area_Planted,23201.0,ha,Actual,PL2
ea72cd40dffeb4b9,2011,9,ĐB sông Hồng,Provincial,Cultivation,Lúa,,Area_Planted,573133.0,ha,Actual,PL2
ea72cd40dffeb4b9,2011,9,ĐB sông Hồng,Provincial,Cultivation,Lúa,,Area_Planted,0.0,ha,Actual,PL2
ea72cd40dffeb4b9,2011,9,ĐB sông Hồng,Provincial,Cultivation,Lúa,,Area_Planted,126601.0,ha,Actual,PL2
f073f96b61242dd5,2011,9,ĐB sông Hồng,Provincial,Cultivation,Ngô,,Area_Planted,93060.0,ha,Actual,PL2
35f146a44f8c539c,2011,9,ĐB sông Hồng,Provincial,Cultivation,Khoai lang,,Area_Planted,25913.0,ha,Actual,PL2
4c9a6a25e4262421,2011,9,ĐB sông Hồng,Provincial,Cultivation,Sắn,,Area_Planted,4692.0,ha,Actual,PL2
ea72cd40dffeb4b9,2011,9,ĐB sông Hồng,Provincial,Cultivation,Lúa,,Area_Planted,2936.0,ha,Actual,PL2
a90334db2276b0a4,2011,9,Hà Nội,Provincial,Cultivation,Lúa,,Area_Planted,101778.0,ha,Actual,PL2
a90334db2276b0a4,2011,9,Hà Nội,Provincial,Cultivation,Lúa,,Area_Planted,29834.0,ha,Actual,PL2
3ff71df26e7a9b5c,2011,9,Hà Nội,Provincial,Cultivation,Ngô,,Area_Planted,23164.0,ha,Actual,PL2
06e79eaf1c79b5ff,2011,9,Hà Nội,Provincial,Cultivation,Khoai lang,,Area_Planted,5523.0,ha,Actual,PL2
46bdea2ef5513878,2011,9,Hà Nội,Provincial,Cultivation,Sắn,,Area_Planted,690.0,ha,Actual,PL2
a90334db2276b0a4,2011,9,Hà Nội,Provincial,Cultivation,Lúa,,Area_Planted,457.0,ha,Actual,PL2
fcb168484761b15f,2011,9,Vĩnh Phúc,Provincial,Cultivation,Lúa,,Area_Planted,28480.0,ha,Actual,PL2
fcb168484761b15f,2011,9,Vĩnh Phúc,Provincial,Cultivation,Lúa,,Area_Planted,21776.0,ha,Actual,PL2
ed7f6830b6eabc2f,2011,9,Vĩnh Phúc,Provincial,Cultivation,Ngô,,Area_Planted,16771.0,ha,Actual,PL2
f15b4eed6603ad9c,2011,9,Vĩnh Phúc,Provincial,Cultivation,Khoai lang,,Area_Planted,2827.0,ha,Actual,PL2
0ac193bb8846664c,2011,9,Vĩnh Phúc,Provincial,Cultivation,Sắn,,Area_Planted,1978.0,ha,Actual,PL2
fcb168484761b15f,2011,9,Vĩnh Phúc,Provincial,Cultivation,Lúa,,Area_Planted,200.0,ha,Actual,PL2
0813c650a97d537c,2011,9,Bắc Ninh,Provincial,Cultivation,Lúa,,Area_Planted,36839.0,ha,Actual,PL2
0813c650a97d537c,2011,9,Bắc Ninh,Provincial,Cultivation,Lúa,,Area_Planted,5962.0,ha,Actual,PL2
a0a1bee8cfb3b5d9,2011,9,Bắc Ninh,Provincial,Cultivation,Ngô,,Area_Planted,4132.0,ha,Actual,PL2
1bf9d75a33ba1167,2011,9,Bắc Ninh,Provincial,Cultivation,Khoai lang,,Area_Planted,1830.0,ha,Actual,PL2
9a89725c82e4a51a,2011,9,Quảng Ninh,Provincial,Cultivation,Lúa,,Area_Planted,26666.0,ha,Actual,PL2
9a89725c82e4a51a,2011,9,Quảng Ninh,Provincial,Cultivation,Lúa,,Area_Planted,12643.0,ha,Actual,PL2
2d337a4e3b635b01,2011,9,Quảng Ninh,Provincial,Cultivation,Ngô,,Area_Planted,6331.0,ha,Actual,PL2
f1b5230e0426eec2,2011,9,Quảng Ninh,Provincial,Cultivation,Khoai lang,,Area_Planted,4452.0,ha,Actual,PL2
b1afa27a4ae41f38,2011,9,Quảng Ninh,Provincial,Cultivation,Sắn,,Area_Planted,1095.0,ha,Actual,PL2
9a89725c82e4a51a,2011,9,Quảng Ninh,Provincial,Cultivation,Lúa,,Area_Planted,765.0,ha,Actual,PL2
4813c958a2c1c1c8,2011,9,Hải Dương,Provincial,Cultivation,Lúa,,Area_Planted,63029.0,ha,Actual,PL2
4813c958a2c1c1c8,2011,9,Hải Dương,Provincial,Cultivation,Lúa,,Area_Planted,3922.0,ha,Actual,PL2
220d6512609678cf,2011,9,Hải Dương,Provincial,Cultivation,Ngô,,Area_Planted,2850.0,ha,Actual,PL2
470671a19a5e0891,2011,9,Hải Dương,Provincial,Cultivation,Khoai lang,,Area_Planted,1072.0,ha,Actual,PL2
a6e83c5aa281b547,2011,9,Hải Phòng,Provincial,Cultivation,Lúa,,Area_Planted,41199.0,ha,Actual,PL2
a6e83c5aa281b547,2011,9,Hải Phòng,Provincial,Cultivation,Lúa,,Area_Planted,4873.0,ha,Actual,PL2
e357cd78f39fa379,2011,9,Hải Phòng,Provincial,Cultivation,Ngô,,Area_Planted,2247.0,ha,Actual,PL2
ec1a390dfd326253,2011,9,Hải Phòng,Provincial,Cultivation,Khoai lang,,Area_Planted,1112.0,ha,Actual,PL2
a6e83c5aa281b547,2011,9,Hải Phòng,Provincial,Cultivation,Lúa,,Area_Planted,1514.0,ha,Actual,PL2
7263796965f9a393,2011,9,Hưng Yên,Provincial,Cultivation,Lúa,,Area_Planted,39206.0,ha,Actual,PL2
7263796965f9a393,2011,9,Hưng Yên,Provincial,Cultivation,Lúa,,Area_Planted,8624.0,ha,Actual,PL2
15d7422a0994265f,2011,9,Hưng Yên,Provincial,Cultivation,Ngô,,Area_Planted,7624.0,ha,Actual,PL2
a133caa4674585ea,2011,9,Hưng Yên,Provincial,Cultivation,Khoai lang,,Area_Planted,1000.0,ha,Actual,PL2
a442268f2702a536,2011,9,Thái Bình,Provincial,Cultivation,Lúa,,Area_Planted,80796.0,ha,Actual,PL2
a442268f2702a536,2011,9,Thái Bình,Provincial,Cultivation,Lúa,,Area_Planted,12360.0,ha,Actual,PL2
bad71fc2c85a6cd2,2011,9,Thái Bình,Provincial,Cultivation,Ngô,,Area_Planted,9380.0,ha,Actual,PL2
1dd108a858bf4998,2011,9,Thái Bình,Provincial,Cultivation,Khoai lang,,Area_Planted,2980.0,ha,Actual,PL2
6587c1b1e21fac30,2011,9,Hà Nam,Provincial,Cultivation,Lúa,,Area_Planted,35275.0,ha,Actual,PL2
6587c1b1e21fac30,2011,9,Hà Nam,Provincial,Cultivation,Lúa,,Area_Planted,9210.0,ha,Actual,PL2
28620b2004319b10,2011,9,Hà Nam,Provincial,Cultivation,Ngô,,Area_Planted,88145014.0,ha,Actual,PL2
848a5ace56544ee4,2011,9,Hà Nam,Provincial,Cultivation,Khoai lang,,Area_Planted,396.0,ha,Actual,PL2
be1c9627b47c648d,2011,9,Nam Định,Provincial,Cultivation,Lúa,,Area_Planted,80635.0,ha,Actual,PL2
be1c9627b47c648d,2011,9,Nam Định,Provincial,Cultivation,Lúa,,Area_Planted,6666.0,ha,Actual,PL2
3ffb252f8fff8f49,2011,9,Nam Định,Provincial,Cultivation,Ngô,,Area_Planted,6666.0,ha,Actual,PL2
45addb5e4a9322c6,2011,9,Nam Định,Provincial,Cultivation,Khoai lang,,Area_Planted,1652.0,ha,Actual,PL2
4c3bf83ceb1360a5,2011,9,Ninh Bình,Provincial,Cultivation,Lúa,,Area_Planted,39230.0,ha,Actual,PL2
4c3bf83ceb1360a5,2011,9,Ninh Bình,Provincial,Cultivation,Lúa,,Area_Planted,10732.0,ha,Actual,PL2
7f2b4f7365b2e5dd,2011,9,Ninh Bình,Provincial,Cultivation,Ngô,,Area_Planted,6734.0,ha,Actual,PL2
baa77d67e4b801bd,2011,9,Ninh Bình,Provincial,Cultivation,Khoai lang,,Area_Planted,3069.0,ha,Actual,PL2
9fceaaaaf4f1d9ee,2011,9,Ninh Bình,Provincial,Cultivation,Sắn,,Area_Planted,929.0,ha,Actual,PL2
da1d5715b511fb85,2011,9,TD và MN,Provincial,Cultivation,Lúa,,Area_Planted,383052.0,ha,Actual,PL2
da1d5715b511fb85,2011,9,TD và MN,Provincial,Cultivation,Lúa,,Area_Planted,0.0,ha,Actual,PL2
da1d5715b511fb85,2011,9,TD và MN,Provincial,Cultivation,Lúa,,Area_Planted,584133.0,ha,Actual,PL2
be973e9da793458a,2011,9,TD và MN,Provincial,Cultivation,Ngô,,Area_Planted,452876.0,ha,Actual,PL2
7223ad27a982b70f,2011,9,TD và MN,Provincial,Cultivation,Khoai lang,,Area_Planted,30251.0,ha,Actual,PL2
1b7b4d17a83f2e52,2011,9,TD và MN,Provincial,Cultivation,Sắn,,Area_Planted,92692.0,ha,Actual,PL2
da1d5715b511fb85,2011,9,TD và MN,Provincial,Cultivation,Lúa,,Area_Planted,8314.0,ha,Actual,PL2
7365bf827f2cef7a,2011,9,Hà Giang,Provincial,Cultivation,Lúa,,Area_Planted,26254.0,ha,Actual,PL2
7365bf827f2cef7a,2011,9,Hà Giang,Provincial,Cultivation,Lúa,,Area_Planted,49084.0,ha,Actual,PL2
7d5ed132b8e557e7,2011,9,Hà Giang,Provincial,Cultivation,Ngô,,Area_Planted,49084.0,ha,Actual,PL2
0e360ff136ed4c71,2011,9,Cao Bằng,Provincial,Cultivation,Khoai lang,,Area_Planted,803.0,ha,Actual,PL2
f262a1fba3970420,2011,9,Bắc Cạn,Provincial,Cultivation,Lúa,,Area_Planted,14117.0,ha,Actual,PL2
f262a1fba3970420,2011,9,Bắc Cạn,Provincial,Cultivation,Lúa,,Area_Planted,20904.0,ha,Actual,PL2
796484a1173d61ba,2011,9,Bắc Cạn,Provincial,Cultivation,Ngô,,Area_Planted,16908.0,ha,Actual,PL2
0c9deea6c40e470f,2011,9,Bắc Cạn,Provincial,Cultivation,Khoai lang,,Area_Planted,590.0,ha,Actual,PL2
13e1c0c7f74942cb,2011,9,Bắc Cạn,Provincial,Cultivation,Sắn,,Area_Planted,2599.0,ha,Actual,PL2
f262a1fba3970420,2011,9,Bắc Cạn,Provincial,Cultivation,Lúa,,Area_Planted,807.0,ha,Actual,PL2
617cdfe074297316,2011,9,Tuyên Quang,Provincial,Cultivation,Lúa,,Area_Planted,25758.0,ha,Actual,PL2
617cdfe074297316,2011,9,Tuyên Quang,Provincial,Cultivation,Lúa,,Area_Planted,17534.0,ha,Actual,PL2
57ed4583de2da4e3,2011,9,Tuyên Quang,Provincial,Cultivation,Ngô,,Area_Planted,13952.0,ha,Actual,PL2
9c9ad37d4368c29e,2011,9,Tuyên Quang,Provincial,Cultivation,Khoai lang,,Area_Planted,3582.0,ha,Actual,PL2
0ae84e910ac494b4,2011,9,Lào Cai,Provincial,Cultivation,Lúa,,Area_Planted,19669.0,ha,Actual,PL2
0ae84e910ac494b4,2011,9,Lào Cai,Provincial,Cultivation,Lúa,,Area_Planted,37710.0,ha,Actual,PL2
7cb68291f27169c7,2011,9,Lào Cai,Provincial,Cultivation,Ngô,,Area_Planted,32120.0,ha,Actual,PL2
4ccb2e678479a7c1,2011,9,Lào Cai,Provincial,Cultivation,Khoai lang,,Area_Planted,307.0,ha,Actual,PL2
3dd24a7e52d0b884,2011,9,Lào Cai,Provincial,Cultivation,Sắn,,Area_Planted,4897.0,ha,Actual,PL2
0ae84e910ac494b4,2011,9,Lào Cai,Provincial,Cultivation,Lúa,,Area_Planted,386.0,ha,Actual,PL2
98c2c605a5109eeb,2011,9,Yên Bái,Provincial,Cultivation,Lúa,,Area_Planted,23256.0,ha,Actual,PL2
98c2c605a5109eeb,2011,9,Yên Bái,Provincial,Cultivation,Lúa,,Area_Planted,41443.0,ha,Actual,PL2
f9eddaf513b0c1a6,2011,9,Yên Bái,Provincial,Cultivation,Ngô,,Area_Planted,24486.0,ha,Actual,PL2
f7ef8b7f8c68863e,2011,9,Yên Bái,Provincial,Cultivation,Khoai lang,,Area_Planted,2006.0,ha,Actual,PL2
c8f29ec2928a4b58,2011,9,Yên Bái,Provincial,Cultivation,Sắn,,Area_Planted,14951.0,ha,Actual,PL2
fd70f64d7688d0c0,2011,9,Thái Nguyên,Provincial,Cultivation,Lúa,,Area_Planted,39840.0,ha,Actual,PL2
fd70f64d7688d0c0,2011,9,Thái Nguyên,Provincial,Cultivation,Lúa,,Area_Planted,27847.0,ha,Actual,PL2
9fc2a5bacf4aa167,2011,9,Thái Nguyên,Provincial,Cultivation,Ngô,,Area_Planted,17254.0,ha,Actual,PL2
a293b95f825c7d44,2011,9,Thái Nguyên,Provincial,Cultivation,Khoai lang,,Area_Planted,7141.0,ha,Actual,PL2
4344a1752d8581d2,2011,9,Thái Nguyên,Provincial,Cultivation,Sắn,,Area_Planted,3452.0,ha,Actual,PL2
c96c15d842604f5d,2011,9,Lạng Sơn,Provincial,Cultivation,Lúa,,Area_Planted,33850.0,ha,Actual,PL2
c96c15d842604f5d,2011,9,Lạng Sơn,Provincial,Cultivation,Lúa,,Area_Planted,26837.0,ha,Actual,PL2
9c574c4399a5e89b,2011,9,Lạng Sơn,Provincial,Cultivation,Ngô,,Area_Planted,20397.0,ha,Actual,PL2
32203773be5299fe,2011,9,Lạng Sơn,Provincial,Cultivation,Khoai lang,,Area_Planted,696.0,ha,Actual,PL2
dd54415985c85ea7,2011,9,Lạng Sơn,Provincial,Cultivation,Sắn,,Area_Planted,5694.0,ha,Actual,PL2
c96c15d842604f5d,2011,9,Lạng Sơn,Provincial,Cultivation,Lúa,,Area_Planted,50.0,ha,Actual,PL2
ad074fa41f9e30e8,2011,9,Bắc Giang,Provincial,Cultivation,Lúa,,Area_Planted,59191.0,ha,Actual,PL2
ad074fa41f9e30e8,2011,9,Bắc Giang,Provincial,Cultivation,Lúa,,Area_Planted,18352.0,ha,Actual,PL2
a40439274ed7cbaa,2011,9,Bắc Giang,Provincial,Cultivation,Ngô,,Area_Planted,10792.0,ha,Actual,PL2
fc060520460c97cc,2011,9,Bắc Giang,Provincial,Cultivation,Khoai lang,,Area_Planted,7560.0,ha,Actual,PL2
a28243136e816233,2011,9,Phú Thọ,Provincial,Cultivation,Lúa,,Area_Planted,33907.0,ha,Actual,PL2
a28243136e816233,2011,9,Phú Thọ,Provincial,Cultivation,Lúa,,Area_Planted,31563.0,ha,Actual,PL2
b141ca83e7041da4,2011,9,Phú Thọ,Provincial,Cultivation,Ngô,,Area_Planted,21431.0,ha,Actual,PL2
f6508b8b7094c034,2011,9,Phú Thọ,Provincial,Cultivation,Khoai lang,,Area_Planted,1873.0,ha,Actual,PL2
3265af6298891856,2011,9,Phú Thọ,Provincial,Cultivation,Sắn,,Area_Planted,8059.0,ha,Actual,PL2
a28243136e816233,2011,9,Phú Thọ,Provincial,Cultivation,Lúa,,Area_Planted,200.0,ha,Actual,PL2
42d43c9a6b3ec021,2011,9,Điện Biên,Provincial,Cultivation,Lúa,,Area_Planted,16167.0,ha,Actual,PL2
42d43c9a6b3ec021,2011,9,Điện Biên,Provincial,Cultivation,Lúa,,Area_Planted,38531.0,ha,Actual,PL2
26d148a335ba2afb,2011,9,Điện Biên,Provincial,Cultivation,Ngô,,Area_Planted,31512.0,ha,Actual,PL2
ac77bd72f73253e4,2011,9,Điện Biên,Provincial,Cultivation,Sắn,,Area_Planted,7019.0,ha,Actual,PL2
f04001b4546c7e5c,2011,9,Lai Châu,Provincial,Cultivation,Lúa,,Area_Planted,24100.0,ha,Actual,PL2
f04001b4546c7e5c,2011,9,Lai Châu,Provincial,Cultivation,Lúa,,Area_Planted,24664.0,ha,Actual,PL2
62b1c181f975cb4b,2011,9,Lai Châu,Provincial,Cultivation,Ngô,,Area_Planted,19500.0,ha,Actual,PL2
ecd34820e6684f45,2011,9,Lai Châu,Provincial,Cultivation,Sắn,,Area_Planted,5164.0,ha,Actual,PL2
93cea3a9c51d23c7,2011,9,Sơn La,Provincial,Cultivation,Lúa,,Area_Planted,15845.0,ha,Actual,PL2
93cea3a9c51d23c7,2011,9,Sơn La,Provincial,Cultivation,Lúa,,Area_Planted,155809.0,ha,Actual,PL2
596c1a0ce51522a2,2011,9,Sơn La,Provincial,Cultivation,Ngô,,Area_Planted,122534.0,ha,Actual,PL2
996094da3a6cbbfe,2011,9,Sơn La,Provincial,Cultivation,Khoai lang,,Area_Planted,549.0,ha,Actual,PL2
bdde14d376f163b3,2011,9,Sơn La,Provincial,Cultivation,Sắn,,Area_Planted,28514.0,ha,Actual,PL2
93cea3a9c51d23c7,2011,9,Sơn La,Provincial,Cultivation,Lúa,,Area_Planted,4212.0,ha,Actual,PL2
0f3283fff29d26e5,2011,9,Hoà Bình,Provincial,Cultivation,Lúa,,Area_Planted,24559.0,ha,Actual,PL2
0f3283fff29d26e5,2011,9,Hoà Bình,Provincial,Cultivation,Lúa,,Area_Planted,56939.0,ha,Actual,PL2
b8d8b801fe990f5d,2011,9,Hoà Bình,Provincial,Cultivation,Ngô,,Area_Planted,36793.0,ha,Actual,PL2
29e6be0f053656f5,2011,9,Hoà Bình,Provincial,Cultivation,Khoai lang,,Area_Planted,5144.0,ha,Actual,PL2
d4e89ca1e07e8abd,2011,9,Hoà Bình,Provincial,Cultivation,Sắn,,Area_Planted,12343.0,ha,Actual,PL2
0f3283fff29d26e5,2011,9,Hoà Bình,Provincial,Cultivation,Lúa,,Area_Planted,2659.0,ha,Actual,PL2
59b1dab92b21222e,2011,9,Bắc Trung Bộ,Provincial,Cultivation,Lúa,,Area_Planted,180992.0,ha,Actual,PL2
59b1dab92b21222e,2011,9,Bắc Trung Bộ,Provincial,Cultivation,Lúa,,Area_Planted,163841.0,ha,Actual,PL2
59b1dab92b21222e,2011,9,Bắc Trung Bộ,Provincial,Cultivation,Lúa,,Area_Planted,256112.0,ha,Actual,PL2
7ca978a5c073a675,2011,9,Bắc Trung Bộ,Provincial,Cultivation,Ngô,,Area_Planted,130331.0,ha,Actual,PL2
4905b0f03bda2a18,2011,9,Bắc Trung Bộ,Provincial,Cultivation,Khoai lang,,Area_Planted,46821.0,ha,Actual,PL2
a2e2c12f2508562f,2011,9,Bắc Trung Bộ,Provincial,Cultivation,Sắn,,Area_Planted,67009.0,ha,Actual,PL2
59b1dab92b21222e,2011,9,Bắc Trung Bộ,Provincial,Cultivation,Lúa,,Area_Planted,11951.0,ha,Actual,PL2
bdca7c131be0cba3,2011,9,Thanh Hoá,Provincial,Cultivation,Lúa,,Area_Planted,135029.0,ha,Actual,PL2
bdca7c131be0cba3,2011,9,Thanh Hoá,Provincial,Cultivation,Lúa,,Area_Planted,83794.0,ha,Actual,PL2
2f217844efb83ecd,2011,9,Thanh Hoá,Provincial,Cultivation,Ngô,,Area_Planted,53361.0,ha,Actual,PL2
a474a11856a68cf7,2011,9,Thanh Hoá,Provincial,Cultivation,Khoai lang,,Area_Planted,12076.0,ha,Actual,PL2
5ae1343adb51feea,2011,9,Thanh Hoá,Provincial,Cultivation,Sắn,,Area_Planted,18357.0,ha,Actual,PL2
2ab82163fefd2b36,2011,9,Nghệ An,Provincial,Cultivation,Lúa,,Area_Planted,41500.0,ha,Actual,PL2
2ab82163fefd2b36,2011,9,Nghệ An,Provincial,Cultivation,Lúa,,Area_Planted,542960.0,ha,Actual,PL2
2ab82163fefd2b36,2011,9,Nghệ An,Provincial,Cultivation,Lúa,,Area_Planted,101511.0,ha,Actual,PL2
7c2f4b0ec5bdc1df,2011,9,Nghệ An,Provincial,Cultivation,Ngô,,Area_Planted,58500.0,ha,Actual,PL2
046b68da31627e81,2011,9,Nghệ An,Provincial,Cultivation,Khoai lang,,Area_Planted,10410.0,ha,Actual,PL2
1f903aec56b687f0,2011,9,Nghệ An,Provincial,Cultivation,Sắn,,Area_Planted,21000.0,ha,Actual,PL2
2ab82163fefd2b36,2011,9,Nghệ An,Provincial,Cultivation,Lúa,,Area_Planted,11601.0,ha,Actual,PL2
a6703049e3b2fab5,2011,9,Hà Tĩnh,Provincial,Cultivation,Lúa,,Area_Planted,4090.0,ha,Actual,PL2
a6703049e3b2fab5,2011,9,Hà Tĩnh,Provincial,Cultivation,Lúa,,Area_Planted,402060.0,ha,Actual,PL2
a6703049e3b2fab5,2011,9,Hà Tĩnh,Provincial,Cultivation,Lúa,,Area_Planted,18878.0,ha,Actual,PL2
30873769a1d87c12,2011,9,Hà Tĩnh,Provincial,Cultivation,Ngô,,Area_Planted,8523.0,ha,Actual,PL2
ae03806db5ac76fd,2011,9,Hà Tĩnh,Provincial,Cultivation,Khoai lang,,Area_Planted,6835.0,ha,Actual,PL2
695c1540f5f653e3,2011,9,Hà Tĩnh,Provincial,Cultivation,Sắn,,Area_Planted,3520.0,ha,Actual,PL2
8c09a643490d44a4,2011,9,Quảng Bình,Provincial,Cultivation,Lúa,,Area_Planted,221000.0,ha,Actual,PL2
8c09a643490d44a4,2011,9,Quảng Bình,Provincial,Cultivation,Lúa,,Area_Planted,14400.0,ha,Actual,PL2
dc0a93d2ec29d7fa,2011,9,Quảng Bình,Provincial,Cultivation,Ngô,,Area_Planted,4300.0,ha,Actual,PL2
61279cb02c28dd1a,2011,9,Quảng Bình,Provincial,Cultivation,Khoai lang,,Area_Planted,4200.0,ha,Actual,PL2
e860f9806edb6dac,2011,9,Quảng Bình,Provincial,Cultivation,Sắn,,Area_Planted,5900.0,ha,Actual,PL2
770519e029c9848a,2011,9,Quảng Trị,Provincial,Cultivation,Lúa,,Area_Planted,216000.0,ha,Actual,PL2
770519e029c9848a,2011,9,Quảng Trị,Provincial,Cultivation,Lúa,,Area_Planted,24029.0,ha,Actual,PL2
0e3e224eeb67d784,2011,9,Quảng Trị,Provincial,Cultivation,Ngô,,Area_Planted,3897.0,ha,Actual,PL2
5505a59a9dcff57b,2011,9,Quảng Trị,Provincial,Cultivation,Khoai lang,,Area_Planted,9000.0,ha,Actual,PL2
02282555b71d5f96,2011,9,Quảng Trị,Provincial,Cultivation,Sắn,,Area_Planted,11132.0,ha,Actual,PL2
8e17ce1c09e70d57,2011,9,Thừa Thiên Huế,Provincial,Cultivation,Lúa,,Area_Planted,3730.0,ha,Actual,PL2
8e17ce1c09e70d57,2011,9,Thừa Thiên Huế,Provincial,Cultivation,Lúa,,Area_Planted,256390.0,ha,Actual,PL2
8e17ce1c09e70d57,2011,9,Thừa Thiên Huế,Provincial,Cultivation,Lúa,,Area_Planted,13500.0,ha,Actual,PL2
8b48d0b4a16665b6,2011,9,Thừa Thiên Huế,Provincial,Cultivation,Ngô,,Area_Planted,1750.0,ha,Actual,PL2
9b4a246b9c23f550,2011,9,Thừa Thiên Huế,Provincial,Cultivation,Khoai lang,,Area_Planted,4300.0,ha,Actual,PL2
cb495e52a95dbb4b,2011,9,Thừa Thiên Huế,Provincial,Cultivation,Sắn,,Area_Planted,7100.0,ha,Actual,PL2
8e17ce1c09e70d57,2011,9,Thừa Thiên Huế,Provincial,Cultivation,Lúa,,Area_Planted,350.0,ha,Actual,PL2
5feda96b02280850,2011,9,Miền Bắc,Provincial,Cultivation,Lúa,,Area_Planted,374849.0,ha,Actual,PL3
c5ba1f07cf13d2d3,2011,9,Miền Bắc,Provincial,Cultivation,Đậu tương,,Area_Planted,161740.0,ha,Actual,PL3
c51f23c6b8e35816,2011,9,Miền Bắc,Provincial,Cultivation,Lạc,,Area_Planted,151763.0,ha,Actual,PL3
a2621e6e2c1ee620,2011,9,Miền Bắc,Provincial,Cultivation,Mía,,Area_Planted,37094.0,ha,Actual,PL3
b478857772571da3,2011,9,Miền Bắc,Provincial,Cultivation,Thuốc lá,,Area_Planted,9819.0,ha,Actual,PL3
5feda96b02280850,2011,9,Miền Bắc,Provincial,Cultivation,Lúa,,Area_Planted,14432.0,ha,Actual,PL3
5feda96b02280850,2011,9,Miền Bắc,Provincial,Cultivation,Lúa,,Area_Planted,302808.0,ha,Actual,PL3
ea72cd40dffeb4b9,2011,9,ĐB sông Hồng,Provincial,Cultivation,Lúa,,Area_Planted,122410.0,ha,Actual,PL3
d95c1600f62f6705,2011,9,ĐB sông Hồng,Provincial,Cultivation,Đậu tương,,Area_Planted,86716.0,ha,Actual,PL3
89bf076a4345c0f1,2011,9,ĐB sông Hồng,Provincial,Cultivation,Lạc,,Area_Planted,29565.0,ha,Actual,PL3
e57d438d07c94a31,2011,9,ĐB sông Hồng,Provincial,Cultivation,Mía,,Area_Planted,1945.0,ha,Actual,PL3
dca66c6ea427d203,2011,9,ĐB sông Hồng,Provincial,Cultivation,Thuốc lá,,Area_Planted,1000.0,ha,Actual,PL3
ea72cd40dffeb4b9,2011,9,ĐB sông Hồng,Provincial,Cultivation,Lúa,,Area_Planted,3184.0,ha,Actual,PL3
ea72cd40dffeb4b9,2011,9,ĐB sông Hồng,Provincial,Cultivation,Lúa,,Area_Planted,127848.0,ha,Actual,PL3
a90334db2276b0a4,2011,9,Hà Nội,Provincial,Cultivation,Lúa,,Area_Planted,41040.0,ha,Actual,PL3
0a45208d1d00a03d,2011,9,Hà Nội,Provincial,Cultivation,Đậu tương,,Area_Planted,33805.0,ha,Actual,PL3
581f4a4b4b040bd0,2011,9,Hà Nội,Provincial,Cultivation,Lạc,,Area_Planted,6485.0,ha,Actual,PL3
a90334db2276b0a4,2011,9,Hà Nội,Provincial,Cultivation,Lúa,,Area_Planted,750.0,ha,Actual,PL3
a90334db2276b0a4,2011,9,Hà Nội,Provincial,Cultivation,Lúa,,Area_Planted,25890.0,ha,Actual,PL3
fcb168484761b15f,2011,9,Vĩnh Phúc,Provincial,Cultivation,Lúa,,Area_Planted,9068.0,ha,Actual,PL3
8057ba5a0c79613c,2011,9,Vĩnh Phúc,Provincial,Cultivation,Đậu tương,,Area_Planted,4775.0,ha,Actual,PL3
8bcfd1e766fd5b23,2011,9,Vĩnh Phúc,Provincial,Cultivation,Lạc,,Area_Planted,3581.0,ha,Actual,PL3
1f0db67b83964b02,2011,9,Vĩnh Phúc,Provincial,Cultivation,Mía,,Area_Planted,387.0,ha,Actual,PL3
fcb168484761b15f,2011,9,Vĩnh Phúc,Provincial,Cultivation,Lúa,,Area_Planted,326.0,ha,Actual,PL3
fcb168484761b15f,2011,9,Vĩnh Phúc,Provincial,Cultivation,Lúa,,Area_Planted,7302.0,ha,Actual,PL3
0813c650a97d537c,2011,9,Bắc Ninh,Provincial,Cultivation,Lúa,,Area_Planted,3437.0,ha,Actual,PL3
1c1be198278c9aa2,2011,9,Bắc Ninh,Provincial,Cultivation,Đậu tương,,Area_Planted,2021.0,ha,Actual,PL3
1fe77fe35cf94b2a,2011,9,Bắc Ninh,Provincial,Cultivation,Lạc,,Area_Planted,1416.0,ha,Actual,PL3
0813c650a97d537c,2011,9,Bắc Ninh,Provincial,Cultivation,Lúa,,Area_Planted,6772.0,ha,Actual,PL3
9a89725c82e4a51a,2011,9,Quảng Ninh,Provincial,Cultivation,Lúa,,Area_Planted,5379.0,ha,Actual,PL3
e1c25fa725eb0a8e,2011,9,Quảng Ninh,Provincial,Cultivation,Đậu tương,,Area_Planted,832.0,ha,Actual,PL3
0fb4091a2e5001f9,2011,9,Quảng Ninh,Provincial,Cultivation,Lạc,,Area_Planted,2823.0,ha,Actual,PL3
ab1b270505564c90,2011,9,Quảng Ninh,Provincial,Cultivation,Mía,,Area_Planted,446.0,ha,Actual,PL3
9a89725c82e4a51a,2011,9,Quảng Ninh,Provincial,Cultivation,Lúa,,Area_Planted,1278.0,ha,Actual,PL3
9a89725c82e4a51a,2011,9,Quảng Ninh,Provincial,Cultivation,Lúa,,Area_Planted,8664.0,ha,Actual,PL3
4813c958a2c1c1c8,2011,9,Hải Dương,Provincial,Cultivation,Lúa,,Area_Planted,1107.0,ha,Actual,PL3
ac5b33989f4afeeb,2011,9,Hải Dương,Provincial,Cultivation,Đậu tương,,Area_Planted,881.0,ha,Actual,PL3
7fa4fc3efa9430c5,2011,9,Hải Dương,Provincial,Cultivation,Lạc,,Area_Planted,226.0,ha,Actual,PL3
4813c958a2c1c1c8,2011,9,Hải Dương,Provincial,Cultivation,Lúa,,Area_Planted,16306.0,ha,Actual,PL3
a6e83c5aa281b547,2011,9,Hải Phòng,Provincial,Cultivation,Lúa,,Area_Planted,1200.0,ha,Actual,PL3
5e2e970db455d5f5,2011,9,Hải Phòng,Provincial,Cultivation,Đậu tương,,Area_Planted,200.0,ha,Actual,PL3
8c6b79dc499f6b2c,2011,9,Hải Phòng,Provincial,Cultivation,Thuốc lá,,Area_Planted,1000.0,ha,Actual,PL3
a6e83c5aa281b547,2011,9,Hải Phòng,Provincial,Cultivation,Lúa,,Area_Planted,12230.0,ha,Actual,PL3
7263796965f9a393,2011,9,Hưng Yên,Provincial,Cultivation,Lúa,,Area_Planted,3392.0,ha,Actual,PL3
38ec7b396444ccb6,2011,9,Hưng Yên,Provincial,Cultivation,Đậu tương,,Area_Planted,2678.0,ha,Actual,PL3
3edb84d0becb2c94,2011,9,Hưng Yên,Provincial,Cultivation,Lạc,,Area_Planted,714.0,ha,Actual,PL3
7263796965f9a393,2011,9,Hưng Yên,Provincial,Cultivation,Lúa,,Area_Planted,400.0,ha,Actual,PL3
7263796965f9a393,2011,9,Hưng Yên,Provincial,Cultivation,Lúa,,Area_Planted,9631.0,ha,Actual,PL3
a442268f2702a536,2011,9,Thái Bình,Provincial,Cultivation,Lúa,,Area_Planted,19215.0,ha,Actual,PL3
7539e054998b66c2,2011,9,Thái Bình,Provincial,Cultivation,Đậu tương,,Area_Planted,15730.0,ha,Actual,PL3
982a087e6b944a4b,2011,9,Thái Bình,Provincial,Cultivation,Lạc,,Area_Planted,3085.0,ha,Actual,PL3
a442268f2702a536,2011,9,Thái Bình,Provincial,Cultivation,Lúa,,Area_Planted,13120.0,ha,Actual,PL3
6587c1b1e21fac30,2011,9,Hà Nam,Provincial,Cultivation,Lúa,,Area_Planted,12405.0,ha,Actual,PL3
f7d56385bc1f529c,2011,9,Hà Nam,Provincial,Cultivation,Đậu tương,,Area_Planted,12286.0,ha,Actual,PL3
5a5d229bf1c7e465,2011,9,Hà Nam,Provincial,Cultivation,Lạc,,Area_Planted,119.0,ha,Actual,PL3
6587c1b1e21fac30,2011,9,Hà Nam,Provincial,Cultivation,Lúa,,Area_Planted,3960.0,ha,Actual,PL3
be1c9627b47c648d,2011,9,Nam Định,Provincial,Cultivation,Lúa,,Area_Planted,9608.0,ha,Actual,PL3
47b07f6e45175d13,2011,9,Nam Định,Provincial,Cultivation,Đậu tương,,Area_Planted,2732.0,ha,Actual,PL3
468432ed0f1396ae,2011,9,Nam Định,Provincial,Cultivation,Lạc,,Area_Planted,6671.0,ha,Actual,PL3
d34f16eab153c9e6,2011,9,Nam Định,Provincial,Cultivation,Mía,,Area_Planted,205.0,ha,Actual,PL3
be1c9627b47c648d,2011,9,Nam Định,Provincial,Cultivation,Lúa,,Area_Planted,17731.0,ha,Actual,PL3
4c3bf83ceb1360a5,2011,9,Ninh Bình,Provincial,Cultivation,Lúa,,Area_Planted,16559.0,ha,Actual,PL3
a614c813f8837382,2011,9,Ninh Bình,Provincial,Cultivation,Đậu tương,,Area_Planted,10777.0,ha,Actual,PL3
16d30dd0afdc1492,2011,9,Ninh Bình,Provincial,Cultivation,Lạc,,Area_Planted,4445.0,ha,Actual,PL3
c35943f4772a437f,2011,9,Ninh Bình,Provincial,Cultivation,Mía,,Area_Planted,907.0,ha,Actual,PL3
4c3bf83ceb1360a5,2011,9,Ninh Bình,Provincial,Cultivation,Lúa,,Area_Planted,430.0,ha,Actual,PL3
4c3bf83ceb1360a5,2011,9,Ninh Bình,Provincial,Cultivation,Lúa,,Area_Planted,6242.0,ha,Actual,PL3
a2561c3050743036,2011,9,TD và MN phía Bắc,Provincial,Cultivation,Lúa,,Area_Planted,139892.0,ha,Actual,PL3
8599b165c9b2dedc,2011,9,TD và MN phía Bắc,Provincial,Cultivation,Đậu tương,,Area_Planted,64871.0,ha,Actual,PL3
7130f860b0cc72cd,2011,9,TD và MN phía Bắc,Provincial,Cultivation,Lạc,,Area_Planted,47381.0,ha,Actual,PL3
d5f6e8b6950f2f79,2011,9,TD và MN phía Bắc,Provincial,Cultivation,Mía,,Area_Planted,15517.0,ha,Actual,PL3
6b20938a2cbe8097,2011,9,TD và MN phía Bắc,Provincial,Cultivation,Thuốc lá,,Area_Planted,8583.0,ha,Actual,PL3
a2561c3050743036,2011,9,TD và MN phía Bắc,Provincial,Cultivation,Lúa,,Area_Planted,3541.0,ha,Actual,PL3
a2561c3050743036,2011,9,TD và MN phía Bắc,Provincial,Cultivation,Lúa,,Area_Planted,90293.0,ha,Actual,PL3
7365bf827f2cef7a,2011,9,Hà Giang,Provincial,Cultivation,Lúa,,Area_Planted,29458.0,ha,Actual,PL3
8125caca69f9147a,2011,9,Hà Giang,Provincial,Cultivation,Đậu tương,,Area_Planted,21708.0,ha,Actual,PL3
b8058364694d87b7,2011,9,Hà Giang,Provincial,Cultivation,Lạc,,Area_Planted,7060.0,ha,Actual,PL3
7365bf827f2cef7a,2011,9,Hà Giang,Provincial,Cultivation,Lúa,,Area_Planted,690.0,ha,Actual,PL3
7365bf827f2cef7a,2011,9,Hà Giang,Provincial,Cultivation,Lúa,,Area_Planted,11223.0,ha,Actual,PL3
e6d49201e4861d63,2011,9,Cao Bằng,Provincial,Cultivation,Lúa,,Area_Planted,12962.0,ha,Actual,PL3
69718c9fcaeca61e,2011,9,Cao Bằng,Provincial,Cultivation,Đậu tương,,Area_Planted,5662.0,ha,Actual,PL3
10f89b2256c0a991,2011,9,Cao Bằng,Provincial,Cultivation,Lạc,,Area_Planted,1590.0,ha,Actual,PL3
2641df6e67815e66,2011,9,Cao Bằng,Provincial,Cultivation,Mía,,Area_Planted,2395.0,ha,Actual,PL3
8dddd5612d6dbb99,2011,9,Cao Bằng,Provincial,Cultivation,Thuốc lá,,Area_Planted,33161071520.0,ha,Actual,PL3
e6d49201e4861d63,2011,9,Cao Bằng,Provincial,Cultivation,Lúa,,Area_Planted,33161071520.0,ha,Actual,PL3
e6d49201e4861d63,2011,9,Cao Bằng,Provincial,Cultivation,Lúa,,Area_Planted,430.0,ha,Actual,PL3
f262a1fba3970420,2011,9,Bắc Cạn,Provincial,Cultivation,Lúa,,Area_Planted,4340.0,ha,Actual,PL3
fefbb2cd81d001a0,2011,9,Bắc Cạn,Provincial,Cultivation,Đậu tương,,Area_Planted,1870.0,ha,Actual,PL3
e7e93f1efeaddc5d,2011,9,Bắc Cạn,Provincial,Cultivation,Lạc,,Area_Planted,700.0,ha,Actual,PL3
ad6e34105b2f03c8,2011,9,Bắc Cạn,Provincial,Cultivation,Mía,,Area_Planted,179.0,ha,Actual,PL3
624ee1f2b54ae294,2011,9,Bắc Cạn,Provincial,Cultivation,Thuốc lá,,Area_Planted,1071.0,ha,Actual,PL3
f262a1fba3970420,2011,9,Bắc Cạn,Provincial,Cultivation,Lúa,,Area_Planted,1071.0,ha,Actual,PL3
f262a1fba3970420,2011,9,Bắc Cạn,Provincial,Cultivation,Lúa,,Area_Planted,2529.0,ha,Actual,PL3
617cdfe074297316,2011,9,Tuyên Quang,Provincial,Cultivation,Lúa,,Area_Planted,8803.0,ha,Actual,PL3
1af0c308c6fa5e6b,2011,9,Tuyên Quang,Provincial,Cultivation,Đậu tương,,Area_Planted,1943.0,ha,Actual,PL3
0b9958bd6cc713ff,2011,9,Tuyên Quang,Provincial,Cultivation,Lạc,,Area_Planted,4704.0,ha,Actual,PL3
593f2f4686c13972,2011,9,Tuyên Quang,Provincial,Cultivation,Mía,,Area_Planted,2156.0,ha,Actual,PL3
617cdfe074297316,2011,9,Tuyên Quang,Provincial,Cultivation,Lúa,,Area_Planted,1311.0,ha,Actual,PL3
0ae84e910ac494b4,2011,9,Lào Cai,Provincial,Cultivation,Lúa,,Area_Planted,6321.0,ha,Actual,PL3
0cce29626ef00967,2011,9,Lào Cai,Provincial,Cultivation,Đậu tương,,Area_Planted,5018.0,ha,Actual,PL3
2362512b11832e70,2011,9,Lào Cai,Provincial,Cultivation,Lạc,,Area_Planted,557.0,ha,Actual,PL3
e9e32b6483ce82da,2011,9,Lào Cai,Provincial,Cultivation,Thuốc lá,,Area_Planted,610.0,ha,Actual,PL3
0ae84e910ac494b4,2011,9,Lào Cai,Provincial,Cultivation,Lúa,,Area_Planted,136.0,ha,Actual,PL3
0ae84e910ac494b4,2011,9,Lào Cai,Provincial,Cultivation,Lúa,,Area_Planted,3200.0,ha,Actual,PL3
98c2c605a5109eeb,2011,9,Yên Bái,Provincial,Cultivation,Lúa,,Area_Planted,3522.0,ha,Actual,PL3
1a9f6cc2b7eeaeaa,2011,9,Yên Bái,Provincial,Cultivation,Đậu tương,,Area_Planted,1096.0,ha,Actual,PL3
a2b018dfa5540ce4,2011,9,Yên Bái,Provincial,Cultivation,Lạc,,Area_Planted,1632.0,ha,Actual,PL3
2947cc72c8fffde3,2011,9,Yên Bái,Provincial,Cultivation,Mía,,Area_Planted,775.0,ha,Actual,PL3
98c2c605a5109eeb,2011,9,Yên Bái,Provincial,Cultivation,Lúa,,Area_Planted,19.0,ha,Actual,PL3
98c2c605a5109eeb,2011,9,Yên Bái,Provincial,Cultivation,Lúa,,Area_Planted,4896.0,ha,Actual,PL3
fd70f64d7688d0c0,2011,9,Thái Nguyên,Provincial,Cultivation,Lúa,,Area_Planted,6460.0,ha,Actual,PL3
1524dd0bd0917b1b,2011,9,Thái Nguyên,Provincial,Cultivation,Đậu tương,,Area_Planted,1715.0,ha,Actual,PL3
a6c788e72f6ed665,2011,9,Thái Nguyên,Provincial,Cultivation,Lạc,,Area_Planted,4426.0,ha,Actual,PL3
e7246366600bd739,2011,9,Thái Nguyên,Provincial,Cultivation,Thuốc lá,,Area_Planted,253.0,ha,Actual,PL3
fd70f64d7688d0c0,2011,9,Thái Nguyên,Provincial,Cultivation,Lúa,,Area_Planted,66.0,ha,Actual,PL3
fd70f64d7688d0c0,2011,9,Thái Nguyên,Provincial,Cultivation,Lúa,,Area_Planted,10143.0,ha,Actual,PL3
c96c15d842604f5d,2011,9,Lạng Sơn,Provincial,Cultivation,Lúa,,Area_Planted,4868.0,ha,Actual,PL3
0cd095b8d0441a0e,2011,9,Lạng Sơn,Provincial,Cultivation,Đậu tương,,Area_Planted,734.0,ha,Actual,PL3
117b38b9bdde136d,2011,9,Lạng Sơn,Provincial,Cultivation,Thuốc lá,,Area_Planted,3334.0,ha,Actual,PL3
c96c15d842604f5d,2011,9,Lạng Sơn,Provincial,Cultivation,Lúa,,Area_Planted,800.0,ha,Actual,PL3
c96c15d842604f5d,2011,9,Lạng Sơn,Provincial,Cultivation,Lúa,,Area_Planted,4184.0,ha,Actual,PL3
ad074fa41f9e30e8,2011,9,Bắc Giang,Provincial,Cultivation,Lúa,,Area_Planted,12888.0,ha,Actual,PL3
e85b19002a50ac11,2011,9,Bắc Giang,Provincial,Cultivation,Đậu tương,,Area_Planted,1196.0,ha,Actual,PL3
cf7c6b755cbd79fb,2011,9,Bắc Giang,Provincial,Cultivation,Lạc,,Area_Planted,11514.0,ha,Actual,PL3
ad074fa41f9e30e8,2011,9,Bắc Giang,Provincial,Cultivation,Lúa,,Area_Planted,178.0,ha,Actual,PL3
ad074fa41f9e30e8,2011,9,Bắc Giang,Provincial,Cultivation,Lúa,,Area_Planted,21979.0,ha,Actual,PL3
a28243136e816233,2011,9,Phú Thọ,Provincial,Cultivation,Lúa,,Area_Planted,7179.0,ha,Actual,PL3
7639ecf306f774c1,2011,9,Phú Thọ,Provincial,Cultivation,Đậu tương,,Area_Planted,1695.0,ha,Actual,PL3
d1567e341dca3206,2011,9,Phú Thọ,Provincial,Cultivation,Lạc,,Area_Planted,5484.0,ha,Actual,PL3
a28243136e816233,2011,9,Phú Thọ,Provincial,Cultivation,Lúa,,Area_Planted,8501.0,ha,Actual,PL3
42d43c9a6b3ec021,2011,9,Điện Biên,Provincial,Cultivation,Lúa,,Area_Planted,12676.0,ha,Actual,PL3
908c4d607f5b1406,2011,9,Điện Biên,Provincial,Cultivation,Đậu tương,,Area_Planted,10690.0,ha,Actual,PL3
4f7714b10d5068ec,2011,9,Điện Biên,Provincial,Cultivation,Lạc,,Area_Planted,1986.0,ha,Actual,PL3
42d43c9a6b3ec021,2011,9,Điện Biên,Provincial,Cultivation,Lúa,,Area_Planted,1946.0,ha,Actual,PL3
f04001b4546c7e5c,2011,9,Lai Châu,Provincial,Cultivation,Lúa,,Area_Planted,4529.0,ha,Actual,PL3
691fa66df65983d9,2011,9,Lai Châu,Provincial,Cultivation,Đậu tương,,Area_Planted,2590.0,ha,Actual,PL3
e92492076eb4abd3,2011,9,Lai Châu,Provincial,Cultivation,Lạc,,Area_Planted,1939.0,ha,Actual,PL3
f04001b4546c7e5c,2011,9,Lai Châu,Provincial,Cultivation,Lúa,,Area_Planted,420.0,ha,Actual,PL3
93cea3a9c51d23c7,2011,9,Sơn La,Provincial,Cultivation,Lúa,,Area_Planted,10345.0,ha,Actual,PL3
c742c39f321e2c96,2011,9,Sơn La,Provincial,Cultivation,Đậu tương,,Area_Planted,7353.0,ha,Actual,PL3
7c870db109f1e3f2,2011,9,Sơn La,Provincial,Cultivation,Lạc,,Area_Planted,1655.0,ha,Actual,PL3
771c871abf73a604,2011,9,Sơn La,Provincial,Cultivation,Mía,,Area_Planted,1292.0,ha,Actual,PL3
93cea3a9c51d23c7,2011,9,Sơn La,Provincial,Cultivation,Lúa,,Area_Planted,45.0,ha,Actual,PL3
93cea3a9c51d23c7,2011,9,Sơn La,Provincial,Cultivation,Lúa,,Area_Planted,7498.0,ha,Actual,PL3
0f3283fff29d26e5,2011,9,Hoà Bình,Provincial,Cultivation,Lúa,,Area_Planted,15542.0,ha,Actual,PL3
431db5b6ee1a3c7d,2011,9,Hoà Bình,Provincial,Cultivation,Đậu tương,,Area_Planted,1601.0,ha,Actual,PL3
aeb9806dc7f870d3,2011,9,Hoà Bình,Provincial,Cultivation,Lạc,,Area_Planted,4134.0,ha,Actual,PL3
8bc4645cc62764c3,2011,9,Hoà Bình,Provincial,Cultivation,Mía,,Area_Planted,8720.0,ha,Actual,PL3
0f3283fff29d26e5,2011,9,Hoà Bình,Provincial,Cultivation,Lúa,,Area_Planted,1087.0,ha,Actual,PL3
0f3283fff29d26e5,2011,9,Hoà Bình,Provincial,Cultivation,Lúa,,Area_Planted,12033.0,ha,Actual,PL3
59b1dab92b21222e,2011,9,Bắc Trung Bộ,Provincial,Cultivation,Lúa,,Area_Planted,112547.0,ha,Actual,PL3
06a2e990aacf0827,2011,9,Bắc Trung Bộ,Provincial,Cultivation,Đậu tương,,Area_Planted,10154.0,ha,Actual,PL3
92d8266f2aac2068,2011,9,Bắc Trung Bộ,Provincial,Cultivation,Lạc,,Area_Planted,74817.0,ha,Actual,PL3
83c5862ad1395aa2,2011,9,Bắc Trung Bộ,Provincial,Cultivation,Mía,,Area_Planted,19633.0,ha,Actual,PL3
2ca4ec1f5b0943ec,2011,9,Bắc Trung Bộ,Provincial,Cultivation,Thuốc lá,,Area_Planted,236.0,ha,Actual,PL3
59b1dab92b21222e,2011,9,Bắc Trung Bộ,Provincial,Cultivation,Lúa,,Area_Planted,7707.0,ha,Actual,PL3
59b1dab92b21222e,2011,9,Bắc Trung Bộ,Provincial,Cultivation,Lúa,,Area_Planted,84667.0,ha,Actual,PL3
bdca7c131be0cba3,2011,9,Thanh Hoá,Provincial,Cultivation,Lúa,,Area_Planted,38032.0,ha,Actual,PL3
fff05aa83adcfa2d,2011,9,Thanh Hoá,Provincial,Cultivation,Đậu tương,,Area_Planted,9815.0,ha,Actual,PL3
a14446e747398b25,2011,9,Thanh Hoá,Provincial,Cultivation,Lạc,,Area_Planted,15617.0,ha,Actual,PL3
954b1f41fd79ae1a,2011,9,Thanh Hoá,Provincial,Cultivation,Mía,,Area_Planted,12600.0,ha,Actual,PL3
bdca7c131be0cba3,2011,9,Thanh Hoá,Provincial,Cultivation,Lúa,,Area_Planted,26788.0,ha,Actual,PL3
2ab82163fefd2b36,2011,9,Nghệ An,Provincial,Cultivation,Lúa,,Area_Planted,35848.0,ha,Actual,PL3
54cb138cd2f9788d,2011,9,Nghệ An,Provincial,Cultivation,Đậu tương,,Area_Planted,339.0,ha,Actual,PL3
3226bb3bdc1cabce,2011,9,Nghệ An,Provincial,Cultivation,Lạc,,Area_Planted,21973.0,ha,Actual,PL3
e2eee7d261ab7d13,2011,9,Nghệ An,Provincial,Cultivation,Mía,,Area_Planted,6893.0,ha,Actual,PL3
52ee2d79a1210f86,2011,9,Nghệ An,Provincial,Cultivation,Thuốc lá,,Area_Planted,156.0,ha,Actual,PL3
2ab82163fefd2b36,2011,9,Nghệ An,Provincial,Cultivation,Lúa,,Area_Planted,6487.0,ha,Actual,PL3
2ab82163fefd2b36,2011,9,Nghệ An,Provincial,Cultivation,Lúa,,Area_Planted,33651.0,ha,Actual,PL3
a6703049e3b2fab5,2011,9,Hà Tĩnh,Provincial,Cultivation,Lúa,,Area_Planted,24947.0,ha,Actual,PL3
2a4c3ca65eba2f41,2011,9,Hà Tĩnh,Provincial,Cultivation,Lạc,,Area_Planted,24027.0,ha,Actual,PL3
a6703049e3b2fab5,2011,9,Hà Tĩnh,Provincial,Cultivation,Lúa,,Area_Planted,920.0,ha,Actual,PL3
a6703049e3b2fab5,2011,9,Hà Tĩnh,Provincial,Cultivation,Lúa,,Area_Planted,12617.0,ha,Actual,PL3
8c09a643490d44a4,2011,9,Quảng Bình,Provincial,Cultivation,Lúa,,Area_Planted,5100.0,ha,Actual,PL3
1e1ad54951666b4a,2011,9,Quảng Bình,Provincial,Cultivation,Lạc,,Area_Planted,5100.0,ha,Actual,PL3
8c09a643490d44a4,2011,9,Quảng Bình,Provincial,Cultivation,Lúa,,Area_Planted,456.0,ha,Actual,PL3
770519e029c9848a,2011,9,Quảng Trị,Provincial,Cultivation,Lúa,,Area_Planted,4300.0,ha,Actual,PL3
c415947b6e14e297,2011,9,Quảng Trị,Provincial,Cultivation,Lạc,,Area_Planted,4300.0,ha,Actual,PL3
770519e029c9848a,2011,9,Quảng Trị,Provincial,Cultivation,Lúa,,Area_Planted,4610.0,ha,Actual,PL3
8e17ce1c09e70d57,2011,9,Thừa Thiên Huế,Provincial,Cultivation,Lúa,,Area_Planted,4320.0,ha,Actual,PL3
c6829adf2a03ffbc,2011,9,Thừa Thiên Huế,Provincial,Cultivation,Lạc,,Area_Planted,3800.0,ha,Actual,PL3
f0e1ab0052a72fc2,2011,9,Thừa Thiên Huế,Provincial,Cultivation,Mía,,Area_Planted,140.0,ha,Actual,PL3
1356b62baa05877c,2011,9,Thừa Thiên Huế,Provincial,Cultivation,Thuốc lá,,Area_Planted,80.0,ha,Actual,PL3
8e17ce1c09e70d57,2011,9,Thừa Thiên Huế,Provincial,Cultivation,Lúa,,Area_Planted,300.0,ha,Actual,PL3
8e17ce1c09e70d57,2011,9,Thừa Thiên Huế,Provincial,Cultivation,Lúa,,Area_Planted,6545.0,ha,Actual,PL3
35f1539468e2c505,2011,9,Miền Nam,Provincial,Cultivation,Lúa,,Area_Planted,568026.0,ha,Actual,PL4
35f1539468e2c505,2011,9,Miền Nam,Provincial,Cultivation,Lúa,,Area_Planted,525154.0,ha,Actual,PL4
35f1539468e2c505,2011,9,Miền Nam,Provincial,Cultivation,Lúa,,Area_Planted,757293.0,ha,Actual,PL4
35f1539468e2c505,2011,9,Miền Nam,Provincial,Cultivation,Lúa,,Area_Planted,369055.0,ha,Actual,PL4
35f1539468e2c505,2011,9,Miền Nam,Provincial,Cultivation,Lúa,,Area_Planted,36115.0,ha,Actual,PL4
35f1539468e2c505,2011,9,Miền Nam,Provincial,Cultivation,Lúa,,Area_Planted,336181.0,ha,Actual,PL4
35f1539468e2c505,2011,9,Miền Nam,Provincial,Cultivation,Lúa,,Area_Planted,15943.0,ha,Actual,PL4
a23bbfdca6a11823,2011,9,D.H Nam Trung Bộ,Provincial,Cultivation,Lúa,,Area_Planted,82361.0,ha,Actual,PL4
a23bbfdca6a11823,2011,9,D.H Nam Trung Bộ,Provincial,Cultivation,Lúa,,Area_Planted,107045.0,ha,Actual,PL4
a23bbfdca6a11823,2011,9,D.H Nam Trung Bộ,Provincial,Cultivation,Lúa,,Area_Planted,41580.0,ha,Actual,PL4
a23bbfdca6a11823,2011,9,D.H Nam Trung Bộ,Provincial,Cultivation,Lúa,,Area_Planted,7006.0,ha,Actual,PL4
a23bbfdca6a11823,2011,9,D.H Nam Trung Bộ,Provincial,Cultivation,Lúa,,Area_Planted,57710.0,ha,Actual,PL4
a23bbfdca6a11823,2011,9,D.H Nam Trung Bộ,Provincial,Cultivation,Lúa,,Area_Planted,749.0,ha,Actual,PL4
f5a74f5e32f0c6b1,2011,9,TP Đà Nẵng,Provincial,Cultivation,Lúa,,Area_Planted,30045.0,ha,Actual,PL4
f5a74f5e32f0c6b1,2011,9,TP Đà Nẵng,Provincial,Cultivation,Lúa,,Area_Planted,1453.0,ha,Actual,PL4
f5a74f5e32f0c6b1,2011,9,TP Đà Nẵng,Provincial,Cultivation,Lúa,,Area_Planted,692.0,ha,Actual,PL4
f5a74f5e32f0c6b1,2011,9,TP Đà Nẵng,Provincial,Cultivation,Lúa,,Area_Planted,460.0,ha,Actual,PL4
f5a74f5e32f0c6b1,2011,9,TP Đà Nẵng,Provincial,Cultivation,Lúa,,Area_Planted,301.0,ha,Actual,PL4
7bbd3e754549735c,2011,9,Quảng Nam,Provincial,Cultivation,Lúa,,Area_Planted,44764.0,ha,Actual,PL4
7bbd3e754549735c,2011,9,Quảng Nam,Provincial,Cultivation,Lúa,,Area_Planted,33897.0,ha,Actual,PL4
7bbd3e754549735c,2011,9,Quảng Nam,Provincial,Cultivation,Lúa,,Area_Planted,13008.0,ha,Actual,PL4
7bbd3e754549735c,2011,9,Quảng Nam,Provincial,Cultivation,Lúa,,Area_Planted,5600.0,ha,Actual,PL4
7bbd3e754549735c,2011,9,Quảng Nam,Provincial,Cultivation,Lúa,,Area_Planted,15089.0,ha,Actual,PL4
7bbd3e754549735c,2011,9,Quảng Nam,Provincial,Cultivation,Lúa,,Area_Planted,200.0,ha,Actual,PL4
0a3a5f02ea21ca0e,2011,9,Quảng Ngãi,Provincial,Cultivation,Lúa,,Area_Planted,3500.0,ha,Actual,PL4
0a3a5f02ea21ca0e,2011,9,Quảng Ngãi,Provincial,Cultivation,Lúa,,Area_Planted,30064.0,ha,Actual,PL4
0a3a5f02ea21ca0e,2011,9,Quảng Ngãi,Provincial,Cultivation,Lúa,,Area_Planted,10189.0,ha,Actual,PL4
0a3a5f02ea21ca0e,2011,9,Quảng Ngãi,Provincial,Cultivation,Lúa,,Area_Planted,422.0,ha,Actual,PL4
0a3a5f02ea21ca0e,2011,9,Quảng Ngãi,Provincial,Cultivation,Lúa,,Area_Planted,19453.0,ha,Actual,PL4
97f3f727f861a660,2011,9,Bình Định,Provincial,Cultivation,Lúa,,Area_Planted,22070.0,ha,Actual,PL4
97f3f727f861a660,2011,9,Bình Định,Provincial,Cultivation,Lúa,,Area_Planted,5487.0,ha,Actual,PL4
97f3f727f861a660,2011,9,Bình Định,Provincial,Cultivation,Lúa,,Area_Planted,5487.0,ha,Actual,PL4
8a063b1aa338d740,2011,9,Phú Yên,Provincial,Cultivation,Lúa,,Area_Planted,5920.0,ha,Actual,PL4
8a063b1aa338d740,2011,9,Phú Yên,Provincial,Cultivation,Lúa,,Area_Planted,23233.0,ha,Actual,PL4
8a063b1aa338d740,2011,9,Phú Yên,Provincial,Cultivation,Lúa,,Area_Planted,6260.0,ha,Actual,PL4
8a063b1aa338d740,2011,9,Phú Yên,Provincial,Cultivation,Lúa,,Area_Planted,305.0,ha,Actual,PL4
8a063b1aa338d740,2011,9,Phú Yên,Provincial,Cultivation,Lúa,,Area_Planted,16311.0,ha,Actual,PL4
8a063b1aa338d740,2011,9,Phú Yên,Provincial,Cultivation,Lúa,,Area_Planted,357.0,ha,Actual,PL4
02950586ba65a990,2011,9,Khánh Hoà,Provincial,Cultivation,Lúa,,Area_Planted,3102.0,ha,Actual,PL4
02950586ba65a990,2011,9,Khánh Hoà,Provincial,Cultivation,Lúa,,Area_Planted,12911.0,ha,Actual,PL4
02950586ba65a990,2011,9,Khánh Hoà,Provincial,Cultivation,Lúa,,Area_Planted,5944.0,ha,Actual,PL4
02950586ba65a990,2011,9,Khánh Hoà,Provincial,Cultivation,Lúa,,Area_Planted,219.0,ha,Actual,PL4
02950586ba65a990,2011,9,Khánh Hoà,Provincial,Cultivation,Lúa,,Area_Planted,6556.0,ha,Actual,PL4
02950586ba65a990,2011,9,Khánh Hoà,Provincial,Cultivation,Lúa,,Area_Planted,192.0,ha,Actual,PL4
f4eed96711033449,2011,9,Tây Nguyên,Provincial,Cultivation,Lúa,,Area_Planted,130913.0,ha,Actual,PL4
f4eed96711033449,2011,9,Tây Nguyên,Provincial,Cultivation,Lúa,,Area_Planted,372195.0,ha,Actual,PL4
f4eed96711033449,2011,9,Tây Nguyên,Provincial,Cultivation,Lúa,,Area_Planted,207639.0,ha,Actual,PL4
f4eed96711033449,2011,9,Tây Nguyên,Provincial,Cultivation,Lúa,,Area_Planted,12630.0,ha,Actual,PL4
f4eed96711033449,2011,9,Tây Nguyên,Provincial,Cultivation,Lúa,,Area_Planted,151629.0,ha,Actual,PL4
f4eed96711033449,2011,9,Tây Nguyên,Provincial,Cultivation,Lúa,,Area_Planted,297.0,ha,Actual,PL4
bef082e428895635,2011,9,Kon Tum,Provincial,Cultivation,Lúa,,Area_Planted,15414.0,ha,Actual,PL4
bef082e428895635,2011,9,Kon Tum,Provincial,Cultivation,Lúa,,Area_Planted,46256.0,ha,Actual,PL4
bef082e428895635,2011,9,Kon Tum,Provincial,Cultivation,Lúa,,Area_Planted,7021.0,ha,Actual,PL4
bef082e428895635,2011,9,Kon Tum,Provincial,Cultivation,Lúa,,Area_Planted,142.0,ha,Actual,PL4
bef082e428895635,2011,9,Kon Tum,Provincial,Cultivation,Lúa,,Area_Planted,39093.0,ha,Actual,PL4
5822ee1918581521,2011,9,Gia Lai,Provincial,Cultivation,Lúa,,Area_Planted,45866.0,ha,Actual,PL4
5822ee1918581521,2011,9,Gia Lai,Provincial,Cultivation,Lúa,,Area_Planted,97012.0,ha,Actual,PL4
5822ee1918581521,2011,9,Gia Lai,Provincial,Cultivation,Lúa,,Area_Planted,39098.0,ha,Actual,PL4
5822ee1918581521,2011,9,Gia Lai,Provincial,Cultivation,Lúa,,Area_Planted,1326.0,ha,Actual,PL4
5822ee1918581521,2011,9,Gia Lai,Provincial,Cultivation,Lúa,,Area_Planted,56588.0,ha,Actual,PL4
0511394c504050c7,2011,9,Đắc Lắc,Provincial,Cultivation,Lúa,,Area_Planted,49814.0,ha,Actual,PL4
0511394c504050c7,2011,9,Đắc Lắc,Provincial,Cultivation,Lúa,,Area_Planted,140307.0,ha,Actual,PL4
0511394c504050c7,2011,9,Đắc Lắc,Provincial,Cultivation,Lúa,,Area_Planted,106408.0,ha,Actual,PL4
0511394c504050c7,2011,9,Đắc Lắc,Provincial,Cultivation,Lúa,,Area_Planted,2974.0,ha,Actual,PL4
0511394c504050c7,2011,9,Đắc Lắc,Provincial,Cultivation,Lúa,,Area_Planted,30628.0,ha,Actual,PL4
0511394c504050c7,2011,9,Đắc Lắc,Provincial,Cultivation,Lúa,,Area_Planted,297.0,ha,Actual,PL4
4a7c529e2c993e06,2011,9,Đắc Nông,Provincial,Cultivation,Lúa,,Area_Planted,7947.0,ha,Actual,PL4
4a7c529e2c993e06,2011,9,Đắc Nông,Provincial,Cultivation,Lúa,,Area_Planted,68193.0,ha,Actual,PL4
4a7c529e2c993e06,2011,9,Đắc Nông,Provincial,Cultivation,Lúa,,Area_Planted,40223.0,ha,Actual,PL4
4a7c529e2c993e06,2011,9,Đắc Nông,Provincial,Cultivation,Lúa,,Area_Planted,6663.0,ha,Actual,PL4
4a7c529e2c993e06,2011,9,Đắc Nông,Provincial,Cultivation,Lúa,,Area_Planted,21307.0,ha,Actual,PL4
0ea897b58b8ae5d3,2011,9,Lâm Đồng,Provincial,Cultivation,Lúa,,Area_Planted,11872.0,ha,Actual,PL4
0ea897b58b8ae5d3,2011,9,Lâm Đồng,Provincial,Cultivation,Lúa,,Area_Planted,20427.0,ha,Actual,PL4
0ea897b58b8ae5d3,2011,9,Lâm Đồng,Provincial,Cultivation,Lúa,,Area_Planted,14889.0,ha,Actual,PL4
0ea897b58b8ae5d3,2011,9,Lâm Đồng,Provincial,Cultivation,Lúa,,Area_Planted,1525.0,ha,Actual,PL4
0ea897b58b8ae5d3,2011,9,Lâm Đồng,Provincial,Cultivation,Lúa,,Area_Planted,4013.0,ha,Actual,PL4
c6a54b28aae1dc20,2011,9,Đông Nam Bộ,Provincial,Cultivation,Lúa,,Area_Planted,108360.0,ha,Actual,PL4
c6a54b28aae1dc20,2011,9,Đông Nam Bộ,Provincial,Cultivation,Lúa,,Area_Planted,209429.0,ha,Actual,PL4
c6a54b28aae1dc20,2011,9,Đông Nam Bộ,Provincial,Cultivation,Lúa,,Area_Planted,82440.0,ha,Actual,PL4
c6a54b28aae1dc20,2011,9,Đông Nam Bộ,Provincial,Cultivation,Lúa,,Area_Planted,2134.0,ha,Actual,PL4
c6a54b28aae1dc20,2011,9,Đông Nam Bộ,Provincial,Cultivation,Lúa,,Area_Planted,121708.0,ha,Actual,PL4
c6a54b28aae1dc20,2011,9,Đông Nam Bộ,Provincial,Cultivation,Lúa,,Area_Planted,3147.0,ha,Actual,PL4
7078f1f17a4f5a9f,2011,9,TP Hồ Chí Minh,Provincial,Cultivation,Lúa,,Area_Planted,5290.0,ha,Actual,PL4
7078f1f17a4f5a9f,2011,9,TP Hồ Chí Minh,Provincial,Cultivation,Lúa,,Area_Planted,0.0,ha,Actual,PL4
07a502db3c484720,2011,9,Ninh Thuận,Provincial,Cultivation,Lúa,,Area_Planted,13313.0,ha,Actual,PL4
07a502db3c484720,2011,9,Ninh Thuận,Provincial,Cultivation,Lúa,,Area_Planted,7901.0,ha,Actual,PL4
07a502db3c484720,2011,9,Ninh Thuận,Provincial,Cultivation,Lúa,,Area_Planted,101.0,ha,Actual,PL4
07a502db3c484720,2011,9,Ninh Thuận,Provincial,Cultivation,Lúa,,Area_Planted,5285.0,ha,Actual,PL4
07a502db3c484720,2011,9,Ninh Thuận,Provincial,Cultivation,Lúa,,Area_Planted,26.0,ha,Actual,PL4
ed8ece3972416342,2011,9,Bình Phước,Provincial,Cultivation,Lúa,,Area_Planted,11663.0,ha,Actual,PL4
ed8ece3972416342,2011,9,Bình Phước,Provincial,Cultivation,Lúa,,Area_Planted,26589.0,ha,Actual,PL4
ed8ece3972416342,2011,9,Bình Phước,Provincial,Cultivation,Lúa,,Area_Planted,6086.0,ha,Actual,PL4
ed8ece3972416342,2011,9,Bình Phước,Provincial,Cultivation,Lúa,,Area_Planted,670.0,ha,Actual,PL4
ed8ece3972416342,2011,9,Bình Phước,Provincial,Cultivation,Lúa,,Area_Planted,18812.0,ha,Actual,PL4
ed8ece3972416342,2011,9,Bình Phước,Provincial,Cultivation,Lúa,,Area_Planted,1021.0,ha,Actual,PL4
663ccf58588022ca,2011,9,Tây Ninh,Provincial,Cultivation,Lúa,,Area_Planted,44113.0,ha,Actual,PL4
663ccf58588022ca,2011,9,Tây Ninh,Provincial,Cultivation,Lúa,,Area_Planted,45250.0,ha,Actual,PL4
663ccf58588022ca,2011,9,Tây Ninh,Provincial,Cultivation,Lúa,,Area_Planted,4768.0,ha,Actual,PL4
663ccf58588022ca,2011,9,Tây Ninh,Provincial,Cultivation,Lúa,,Area_Planted,326.0,ha,Actual,PL4
663ccf58588022ca,2011,9,Tây Ninh,Provincial,Cultivation,Lúa,,Area_Planted,39374.0,ha,Actual,PL4
663ccf58588022ca,2011,9,Tây Ninh,Provincial,Cultivation,Lúa,,Area_Planted,782.0,ha,Actual,PL4
9861fcb0a6b574cd,2011,9,Bình Dương,Provincial,Cultivation,Lúa,,Area_Planted,5191.0,ha,Actual,PL4
9861fcb0a6b574cd,2011,9,Bình Dương,Provincial,Cultivation,Lúa,,Area_Planted,3640.0,ha,Actual,PL4
9861fcb0a6b574cd,2011,9,Bình Dương,Provincial,Cultivation,Lúa,,Area_Planted,391.0,ha,Actual,PL4
9861fcb0a6b574cd,2011,9,Bình Dương,Provincial,Cultivation,Lúa,,Area_Planted,50.0,ha,Actual,PL4
9861fcb0a6b574cd,2011,9,Bình Dương,Provincial,Cultivation,Lúa,,Area_Planted,3021.0,ha,Actual,PL4
9861fcb0a6b574cd,2011,9,Bình Dương,Provincial,Cultivation,Lúa,,Area_Planted,178.0,ha,Actual,PL4
d73da52f20287aad,2011,9,Đồng Nai,Provincial,Cultivation,Lúa,,Area_Planted,47188.0,ha,Actual,PL4
d73da52f20287aad,2011,9,Đồng Nai,Provincial,Cultivation,Lúa,,Area_Planted,31174.0,ha,Actual,PL4
d73da52f20287aad,2011,9,Đồng Nai,Provincial,Cultivation,Lúa,,Area_Planted,228.0,ha,Actual,PL4
d73da52f20287aad,2011,9,Đồng Nai,Provincial,Cultivation,Lúa,,Area_Planted,15209.0,ha,Actual,PL4
d73da52f20287aad,2011,9,Đồng Nai,Provincial,Cultivation,Lúa,,Area_Planted,577.0,ha,Actual,PL4
8566382eba71a9a9,2011,9,Bình Thuận,Provincial,Cultivation,Lúa,,Area_Planted,34036.0,ha,Actual,PL4
8566382eba71a9a9,2011,9,Bình Thuận,Provincial,Cultivation,Lúa,,Area_Planted,48993.0,ha,Actual,PL4
8566382eba71a9a9,2011,9,Bình Thuận,Provincial,Cultivation,Lúa,,Area_Planted,16309.0,ha,Actual,PL4
8566382eba71a9a9,2011,9,Bình Thuận,Provincial,Cultivation,Lúa,,Area_Planted,627.0,ha,Actual,PL4
8566382eba71a9a9,2011,9,Bình Thuận,Provincial,Cultivation,Lúa,,Area_Planted,31560.0,ha,Actual,PL4
8566382eba71a9a9,2011,9,Bình Thuận,Provincial,Cultivation,Lúa,,Area_Planted,497.0,ha,Actual,PL4
8362924e4fef50b6,2011,9,Bà Rịa-V.Tàu,Provincial,Cultivation,Lúa,,Area_Planted,8067.0,ha,Actual,PL4
8362924e4fef50b6,2011,9,Bà Rịa-V.Tàu,Provincial,Cultivation,Lúa,,Area_Planted,24456.0,ha,Actual,PL4
8362924e4fef50b6,2011,9,Bà Rịa-V.Tàu,Provincial,Cultivation,Lúa,,Area_Planted,15811.0,ha,Actual,PL4
8362924e4fef50b6,2011,9,Bà Rịa-V.Tàu,Provincial,Cultivation,Lúa,,Area_Planted,132.0,ha,Actual,PL4
8362924e4fef50b6,2011,9,Bà Rịa-V.Tàu,Provincial,Cultivation,Lúa,,Area_Planted,8447.0,ha,Actual,PL4
8362924e4fef50b6,2011,9,Bà Rịa-V.Tàu,Provincial,Cultivation,Lúa,,Area_Planted,66.0,ha,Actual,PL4
64160cd47b3d9bf0,2011,9,ĐBS Cửu Long,Provincial,Cultivation,Lúa,,Area_Planted,568026.0,ha,Actual,PL4
64160cd47b3d9bf0,2011,9,ĐBS Cửu Long,Provincial,Cultivation,Lúa,,Area_Planted,203521.0,ha,Actual,PL4
64160cd47b3d9bf0,2011,9,ĐBS Cửu Long,Provincial,Cultivation,Lúa,,Area_Planted,68624.0,ha,Actual,PL4
64160cd47b3d9bf0,2011,9,ĐBS Cửu Long,Provincial,Cultivation,Lúa,,Area_Planted,37396.0,ha,Actual,PL4
64160cd47b3d9bf0,2011,9,ĐBS Cửu Long,Provincial,Cultivation,Lúa,,Area_Planted,14345.0,ha,Actual,PL4
64160cd47b3d9bf0,2011,9,ĐBS Cửu Long,Provincial,Cultivation,Lúa,,Area_Planted,5134.0,ha,Actual,PL4
64160cd47b3d9bf0,2011,9,ĐBS Cửu Long,Provincial,Cultivation,Lúa,,Area_Planted,11750.0,ha,Actual,PL4
2d525d8694e722d1,2011,9,Long An,Provincial,Cultivation,Lúa,,Area_Planted,28051.0,ha,Actual,PL4
2d525d8694e722d1,2011,9,Long An,Provincial,Cultivation,Lúa,,Area_Planted,9431.0,ha,Actual,PL4
2d525d8694e722d1,2011,9,Long An,Provincial,Cultivation,Lúa,,Area_Planted,10229.0,ha,Actual,PL4
2d525d8694e722d1,2011,9,Long An,Provincial,Cultivation,Lúa,,Area_Planted,4932.0,ha,Actual,PL4
2d525d8694e722d1,2011,9,Long An,Provincial,Cultivation,Lúa,,Area_Planted,151.0,ha,Actual,PL4
2d525d8694e722d1,2011,9,Long An,Provincial,Cultivation,Lúa,,Area_Planted,1467.0,ha,Actual,PL4
2d525d8694e722d1,2011,9,Long An,Provincial,Cultivation,Lúa,,Area_Planted,3679.0,ha,Actual,PL4
7a0e525be3e550f9,2011,9,Đồng Tháp,Provincial,Cultivation,Lúa,,Area_Planted,984580.0,ha,Actual,PL4
7a0e525be3e550f9,2011,9,Đồng Tháp,Provincial,Cultivation,Lúa,,Area_Planted,984580.0,ha,Actual,PL4
7a0e525be3e550f9,2011,9,Đồng Tháp,Provincial,Cultivation,Lúa,,Area_Planted,8234.0,ha,Actual,PL4
7a0e525be3e550f9,2011,9,Đồng Tháp,Provincial,Cultivation,Lúa,,Area_Planted,4731.0,ha,Actual,PL4
7a0e525be3e550f9,2011,9,Đồng Tháp,Provincial,Cultivation,Lúa,,Area_Planted,1560.0,ha,Actual,PL4
7a0e525be3e550f9,2011,9,Đồng Tháp,Provincial,Cultivation,Lúa,,Area_Planted,1943.0,ha,Actual,PL4
14b3b7ae4f3bb5a6,2011,9,An Giang,Provincial,Cultivation,Lúa,,Area_Planted,131131.0,ha,Actual,PL4
14b3b7ae4f3bb5a6,2011,9,An Giang,Provincial,Cultivation,Lúa,,Area_Planted,12574.0,ha,Actual,PL4
14b3b7ae4f3bb5a6,2011,9,An Giang,Provincial,Cultivation,Lúa,,Area_Planted,9917.0,ha,Actual,PL4
14b3b7ae4f3bb5a6,2011,9,An Giang,Provincial,Cultivation,Lúa,,Area_Planted,308.0,ha,Actual,PL4
14b3b7ae4f3bb5a6,2011,9,An Giang,Provincial,Cultivation,Lúa,,Area_Planted,963.0,ha,Actual,PL4
14b3b7ae4f3bb5a6,2011,9,An Giang,Provincial,Cultivation,Lúa,,Area_Planted,1386.0,ha,Actual,PL4
0a283a73ec53dace,2011,9,Tiền Giang,Provincial,Cultivation,Lúa,,Area_Planted,41365.0,ha,Actual,PL4
0a283a73ec53dace,2011,9,Tiền Giang,Provincial,Cultivation,Lúa,,Area_Planted,0.0,ha,Actual,PL4
0a283a73ec53dace,2011,9,Tiền Giang,Provincial,Cultivation,Lúa,,Area_Planted,6127.0,ha,Actual,PL4
0a283a73ec53dace,2011,9,Tiền Giang,Provincial,Cultivation,Lúa,,Area_Planted,4496.0,ha,Actual,PL4
0a283a73ec53dace,2011,9,Tiền Giang,Provincial,Cultivation,Lúa,,Area_Planted,261.0,ha,Actual,PL4
0a283a73ec53dace,2011,9,Tiền Giang,Provincial,Cultivation,Lúa,,Area_Planted,184.0,ha,Actual,PL4
0a283a73ec53dace,2011,9,Tiền Giang,Provincial,Cultivation,Lúa,,Area_Planted,1186.0,ha,Actual,PL4
e2675b1d454a2899,2011,9,Vĩnh Long,Provincial,Cultivation,Lúa,,Area_Planted,53645.0,ha,Actual,PL4
e2675b1d454a2899,2011,9,Vĩnh Long,Provincial,Cultivation,Lúa,,Area_Planted,0.0,ha,Actual,PL4
e2675b1d454a2899,2011,9,Vĩnh Long,Provincial,Cultivation,Lúa,,Area_Planted,8452.0,ha,Actual,PL4
e2675b1d454a2899,2011,9,Vĩnh Long,Provincial,Cultivation,Lúa,,Area_Planted,1376.0,ha,Actual,PL4
e2675b1d454a2899,2011,9,Vĩnh Long,Provincial,Cultivation,Lúa,,Area_Planted,6631.0,ha,Actual,PL4
e2675b1d454a2899,2011,9,Vĩnh Long,Provincial,Cultivation,Lúa,,Area_Planted,161.0,ha,Actual,PL4
e2675b1d454a2899,2011,9,Vĩnh Long,Provincial,Cultivation,Lúa,,Area_Planted,284.0,ha,Actual,PL4
9db7577a198efe5a,2011,9,Bến Tre,Provincial,Cultivation,Lúa,,Area_Planted,18670.0,ha,Actual,PL4
9db7577a198efe5a,2011,9,Bến Tre,Provincial,Cultivation,Lúa,,Area_Planted,8500.0,ha,Actual,PL4
9db7577a198efe5a,2011,9,Bến Tre,Provincial,Cultivation,Lúa,,Area_Planted,1478.0,ha,Actual,PL4
9db7577a198efe5a,2011,9,Bến Tre,Provincial,Cultivation,Lúa,,Area_Planted,1042.0,ha,Actual,PL4
9db7577a198efe5a,2011,9,Bến Tre,Provincial,Cultivation,Lúa,,Area_Planted,204.0,ha,Actual,PL4
9db7577a198efe5a,2011,9,Bến Tre,Provincial,Cultivation,Lúa,,Area_Planted,222.0,ha,Actual,PL4
9db7577a198efe5a,2011,9,Bến Tre,Provincial,Cultivation,Lúa,,Area_Planted,10.0,ha,Actual,PL4
4a10d7e17c038ac3,2011,9,Kiên Giang,Provincial,Cultivation,Lúa,,Area_Planted,52012.0,ha,Actual,PL4
4a10d7e17c038ac3,2011,9,Kiên Giang,Provincial,Cultivation,Lúa,,Area_Planted,10586.0,ha,Actual,PL4
4a10d7e17c038ac3,2011,9,Kiên Giang,Provincial,Cultivation,Lúa,,Area_Planted,873.0,ha,Actual,PL4
4a10d7e17c038ac3,2011,9,Kiên Giang,Provincial,Cultivation,Lúa,,Area_Planted,873.0,ha,Actual,PL4
692114b9ae59c532,2011,9,Cần Thơ,Provincial,Cultivation,Lúa,,Area_Planted,54363.0,ha,Actual,PL4
692114b9ae59c532,2011,9,Cần Thơ,Provincial,Cultivation,Lúa,,Area_Planted,0.0,ha,Actual,PL4
692114b9ae59c532,2011,9,Cần Thơ,Provincial,Cultivation,Lúa,,Area_Planted,1234.0,ha,Actual,PL4
692114b9ae59c532,2011,9,Cần Thơ,Provincial,Cultivation,Lúa,,Area_Planted,879.0,ha,Actual,PL4
692114b9ae59c532,2011,9,Cần Thơ,Provincial,Cultivation,Lúa,,Area_Planted,285.0,ha,Actual,PL4
692114b9ae59c532,2011,9,Cần Thơ,Provincial,Cultivation,Lúa,,Area_Planted,1.0,ha,Actual,PL4
692114b9ae59c532,2011,9,Cần Thơ,Provincial,Cultivation,Lúa,,Area_Planted,69.0,ha,Actual,PL4
545e5b82ae83466b,2011,9,Hậu Giang,Provincial,Cultivation,Lúa,,Area_Planted,52098.0,ha,Actual,PL4
545e5b82ae83466b,2011,9,Hậu Giang,Provincial,Cultivation,Lúa,,Area_Planted,0.0,ha,Actual,PL4
545e5b82ae83466b,2011,9,Hậu Giang,Provincial,Cultivation,Lúa,,Area_Planted,1753.0,ha,Actual,PL4
545e5b82ae83466b,2011,9,Hậu Giang,Provincial,Cultivation,Lúa,,Area_Planted,1114.0,ha,Actual,PL4
545e5b82ae83466b,2011,9,Hậu Giang,Provincial,Cultivation,Lúa,,Area_Planted,221.0,ha,Actual,PL4
545e5b82ae83466b,2011,9,Hậu Giang,Provincial,Cultivation,Lúa,,Area_Planted,418.0,ha,Actual,PL4
fcbaf40a6d42c480,2011,9,Trà Vinh,Provincial,Cultivation,Lúa,,Area_Planted,62024.0,ha,Actual,PL4
fcbaf40a6d42c480,2011,9,Trà Vinh,Provincial,Cultivation,Lúa,,Area_Planted,8345.0,ha,Actual,PL4
fcbaf40a6d42c480,2011,9,Trà Vinh,Provincial,Cultivation,Lúa,,Area_Planted,5200.0,ha,Actual,PL4
fcbaf40a6d42c480,2011,9,Trà Vinh,Provincial,Cultivation,Lúa,,Area_Planted,1528.0,ha,Actual,PL4
fcbaf40a6d42c480,2011,9,Trà Vinh,Provincial,Cultivation,Lúa,,Area_Planted,1010.0,ha,Actual,PL4
fcbaf40a6d42c480,2011,9,Trà Vinh,Provincial,Cultivation,Lúa,,Area_Planted,607.0,ha,Actual,PL4
bdd657e123b7bfc9,2011,9,Sóc Trăng,Provincial,Cultivation,Lúa,,Area_Planted,11737.0,ha,Actual,PL4
bdd657e123b7bfc9,2011,9,Sóc Trăng,Provincial,Cultivation,Lúa,,Area_Planted,3286.0,ha,Actual,PL4
bdd657e123b7bfc9,2011,9,Sóc Trăng,Provincial,Cultivation,Lúa,,Area_Planted,7964.0,ha,Actual,PL4
bdd657e123b7bfc9,2011,9,Sóc Trăng,Provincial,Cultivation,Lúa,,Area_Planted,3654.0,ha,Actual,PL4
bdd657e123b7bfc9,2011,9,Sóc Trăng,Provincial,Cultivation,Lúa,,Area_Planted,2675.0,ha,Actual,PL4
bdd657e123b7bfc9,2011,9,Sóc Trăng,Provincial,Cultivation,Lúa,,Area_Planted,772.0,ha,Actual,PL4
bdd657e123b7bfc9,2011,9,Sóc Trăng,Provincial,Cultivation,Lúa,,Area_Planted,863.0,ha,Actual,PL4
a66e46d61fb8a42f,2011,9,Bạc Liêu,Provincial,Cultivation,Lúa,,Area_Planted,26496.0,ha,Actual,PL4
a66e46d61fb8a42f,2011,9,Bạc Liêu,Provincial,Cultivation,Lúa,,Area_Planted,26496.0,ha,Actual,PL4
a66e46d61fb8a42f,2011,9,Bạc Liêu,Provincial,Cultivation,Lúa,,Area_Planted,1362.0,ha,Actual,PL4
a66e46d61fb8a42f,2011,9,Bạc Liêu,Provincial,Cultivation,Lúa,,Area_Planted,55.0,ha,Actual,PL4
a66e46d61fb8a42f,2011,9,Bạc Liêu,Provincial,Cultivation,Lúa,,Area_Planted,521.0,ha,Actual,PL4
a66e46d61fb8a42f,2011,9,Bạc Liêu,Provincial,Cultivation,Lúa,,Area_Planted,354.0,ha,Actual,PL4
a66e46d61fb8a42f,2011,9,Bạc Liêu,Provincial,Cultivation,Lúa,,Area_Planted,432.0,ha,Actual,PL4
dadc671e37a2b445,2011,9,Cà Mau,Provincial,Cultivation,Lúa,,Area_Planted,0.0,ha,Actual,PL4
35f1539468e2c505,2011,9,Miền Nam,Provincial,Cultivation,Lúa,,Area_Planted,312345.0,ha,Actual,PL5
f318743de3dff47a,2011,9,Miền Nam,Provincial,Cultivation,Đậu,,Area_Planted,13542.0,ha,Actual,PL5
68fa55ea0bc8ab93,2011,9,Miền Nam,Provincial,Cultivation,Lạc,,Area_Planted,77020.0,ha,Actual,PL5
35f1539468e2c505,2011,9,Miền Nam,Provincial,Cultivation,Lúa,,Area_Planted,34239.0,ha,Actual,PL5
10ee63b1446b5b30,2011,9,Miền Nam,Provincial,Cultivation,Thuốc lá,,Area_Planted,10443.0,ha,Actual,PL5
719c4d051f91fa7b,2011,9,Miền Nam,Provincial,Cultivation,Mía,,Area_Planted,154190.0,ha,Actual,PL5
35f1539468e2c505,2011,9,Miền Nam,Provincial,Cultivation,Lúa,,Area_Planted,17741.0,ha,Actual,PL5
35f1539468e2c505,2011,9,Miền Nam,Provincial,Cultivation,Lúa,,Area_Planted,5171.0,ha,Actual,PL5
35f1539468e2c505,2011,9,Miền Nam,Provincial,Cultivation,Lúa,,Area_Planted,373777.0,ha,Actual,PL5
35f1539468e2c505,2011,9,Miền Nam,Provincial,Cultivation,Lúa,,Area_Planted,11765817776.0,ha,Actual,PL5
80e4d44fa3cef9e4,2011,9,D.H Nam Trg B,Provincial,Cultivation,Đậu,,Area_Planted,858.0,ha,Actual,PL5
90e2d4d47ac63c17,2011,9,D.H Nam Trg B,Provincial,Cultivation,Lạc,,Area_Planted,26143.0,ha,Actual,PL5
0f30af26a2fdcdb9,2011,9,D.H Nam Trg B,Provincial,Cultivation,Lúa,,Area_Planted,6974.0,ha,Actual,PL5
594b19dc4d2e1d92,2011,9,D.H Nam Trg B,Provincial,Cultivation,Thuốc lá,,Area_Planted,1403.0,ha,Actual,PL5
f5386348deb0e4d8,2011,9,D.H Nam Trg B,Provincial,Cultivation,Mía,,Area_Planted,44745.0,ha,Actual,PL5
0f30af26a2fdcdb9,2011,9,D.H Nam Trg B,Provincial,Cultivation,Lúa,,Area_Planted,460.0,ha,Actual,PL5
0f30af26a2fdcdb9,2011,9,D.H Nam Trg B,Provincial,Cultivation,Lúa,,Area_Planted,37.0,ha,Actual,PL5
0f30af26a2fdcdb9,2011,9,D.H Nam Trg B,Provincial,Cultivation,Lúa,,Area_Planted,44875.0,ha,Actual,PL5
0f30af26a2fdcdb9,2011,9,D.H Nam Trg B,Provincial,Cultivation,Lúa,,Area_Planted,44875.0,ha,Actual,PL5
f5a74f5e32f0c6b1,2011,9,TP Đà Nẵng,Provincial,Cultivation,Lúa,,Area_Planted,1471.0,ha,Actual,PL5
95077e8e83170316,2011,9,TP Đà Nẵng,Provincial,Cultivation,Lạc,,Area_Planted,784.0,ha,Actual,PL5
f5a74f5e32f0c6b1,2011,9,TP Đà Nẵng,Provincial,Cultivation,Lúa,,Area_Planted,255.0,ha,Actual,PL5
b87228b31d95515a,2011,9,TP Đà Nẵng,Provincial,Cultivation,Thuốc lá,,Area_Planted,18.0,ha,Actual,PL5
5c75ddaff606e3da,2011,9,TP Đà Nẵng,Provincial,Cultivation,Mía,,Area_Planted,414.0,ha,Actual,PL5
f5a74f5e32f0c6b1,2011,9,TP Đà Nẵng,Provincial,Cultivation,Lúa,,Area_Planted,1174.0,ha,Actual,PL5
7bbd3e754549735c,2011,9,Quảng Nam,Provincial,Cultivation,Lúa,,Area_Planted,13350.0,ha,Actual,PL5
10a7b21615b95ec5,2011,9,Quảng Nam,Provincial,Cultivation,Lạc,,Area_Planted,9918.0,ha,Actual,PL5
7bbd3e754549735c,2011,9,Quảng Nam,Provincial,Cultivation,Lúa,,Area_Planted,2450.0,ha,Actual,PL5
1a87ace6ad94d2ff,2011,9,Quảng Nam,Provincial,Cultivation,Thuốc lá,,Area_Planted,450.0,ha,Actual,PL5
ce4ac9f8793e3aed,2011,9,Quảng Nam,Provincial,Cultivation,Mía,,Area_Planted,344.0,ha,Actual,PL5
7bbd3e754549735c,2011,9,Quảng Nam,Provincial,Cultivation,Lúa,,Area_Planted,188.0,ha,Actual,PL5
7bbd3e754549735c,2011,9,Quảng Nam,Provincial,Cultivation,Lúa,,Area_Planted,13565.0,ha,Actual,PL5
7bbd3e754549735c,2011,9,Quảng Nam,Provincial,Cultivation,Lúa,,Area_Planted,6812.0,ha,Actual,PL5
0a3a5f02ea21ca0e,2011,9,Quảng Ngãi,Provincial,Cultivation,Lúa,,Area_Planted,12011.0,ha,Actual,PL5
1a9104c168c92813,2011,9,Quảng Ngãi,Provincial,Cultivation,Đậu,,Area_Planted,65.0,ha,Actual,PL5
65175453264b601f,2011,9,Quảng Ngãi,Provincial,Cultivation,Lạc,,Area_Planted,5695.0,ha,Actual,PL5
b2ad2ba9e5152201,2011,9,Quảng Ngãi,Provincial,Cultivation,Thuốc lá,,Area_Planted,56.0,ha,Actual,PL5
8d3d60cbec70a657,2011,9,Quảng Ngãi,Provincial,Cultivation,Mía,,Area_Planted,6194.0,ha,Actual,PL5
0a3a5f02ea21ca0e,2011,9,Quảng Ngãi,Provincial,Cultivation,Lúa,,Area_Planted,12542.0,ha,Actual,PL5
0a3a5f02ea21ca0e,2011,9,Quảng Ngãi,Provincial,Cultivation,Lúa,,Area_Planted,3178.0,ha,Actual,PL5
97f3f727f861a660,2011,9,Bình Định,Provincial,Cultivation,Lúa,,Area_Planted,10344.0,ha,Actual,PL5
c4fd459687475ef2,2011,9,Bình Định,Provincial,Cultivation,Đậu,,Area_Planted,452.0,ha,Actual,PL5
82a9d2d833d5d9b0,2011,9,Bình Định,Provincial,Cultivation,Lạc,,Area_Planted,8436.0,ha,Actual,PL5
97f3f727f861a660,2011,9,Bình Định,Provincial,Cultivation,Lúa,,Area_Planted,1456.0,ha,Actual,PL5
97f3f727f861a660,2011,9,Bình Định,Provincial,Cultivation,Lúa,,Area_Planted,9684.0,ha,Actual,PL5
97f3f727f861a660,2011,9,Bình Định,Provincial,Cultivation,Lúa,,Area_Planted,1723.0,ha,Actual,PL5
8a063b1aa338d740,2011,9,Phú Yên,Provincial,Cultivation,Lúa,,Area_Planted,25235.0,ha,Actual,PL5
687c0e6fef7606ea,2011,9,Phú Yên,Provincial,Cultivation,Đậu,,Area_Planted,312.0,ha,Actual,PL5
bb0540e47903e97b,2011,9,Phú Yên,Provincial,Cultivation,Lạc,,Area_Planted,1046.0,ha,Actual,PL5
8a063b1aa338d740,2011,9,Phú Yên,Provincial,Cultivation,Lúa,,Area_Planted,2813.0,ha,Actual,PL5
fc83cc39006f9212,2011,9,Phú Yên,Provincial,Cultivation,Thuốc lá,,Area_Planted,504.0,ha,Actual,PL5
8f6cf46ac1fa1d38,2011,9,Phú Yên,Provincial,Cultivation,Mía,,Area_Planted,20251.0,ha,Actual,PL5
8a063b1aa338d740,2011,9,Phú Yên,Provincial,Cultivation,Lúa,,Area_Planted,272.0,ha,Actual,PL5
8a063b1aa338d740,2011,9,Phú Yên,Provincial,Cultivation,Lúa,,Area_Planted,37.0,ha,Actual,PL5
8a063b1aa338d740,2011,9,Phú Yên,Provincial,Cultivation,Lúa,,Area_Planted,3938.0,ha,Actual,PL5
8a063b1aa338d740,2011,9,Phú Yên,Provincial,Cultivation,Lúa,,Area_Planted,4742.0,ha,Actual,PL5
02950586ba65a990,2011,9,Khánh Hoà,Provincial,Cultivation,Lúa,,Area_Planted,18209.0,ha,Actual,PL5
4be3e88bb5646fdb,2011,9,Khánh Hoà,Provincial,Cultivation,Đậu,,Area_Planted,28.0,ha,Actual,PL5
e7c356df25d58c3e,2011,9,Khánh Hoà,Provincial,Cultivation,Lạc,,Area_Planted,264.0,ha,Actual,PL5
917fa5a7c024fdcf,2011,9,Khánh Hoà,Provincial,Cultivation,Thuốc lá,,Area_Planted,375.0,ha,Actual,PL5
e27cd8e79b39d28a,2011,9,Khánh Hoà,Provincial,Cultivation,Mía,,Area_Planted,17542.0,ha,Actual,PL5
02950586ba65a990,2011,9,Khánh Hoà,Provincial,Cultivation,Lúa,,Area_Planted,3972.0,ha,Actual,PL5
02950586ba65a990,2011,9,Khánh Hoà,Provincial,Cultivation,Lúa,,Area_Planted,1321.0,ha,Actual,PL5
f4eed96711033449,2011,9,Tây Nguyên,Provincial,Cultivation,Lúa,,Area_Planted,74306.0,ha,Actual,PL5
167b8fd12bc8401b,2011,9,Tây Nguyên,Provincial,Cultivation,Đậu,,Area_Planted,7843.0,ha,Actual,PL5
b987b94ac81726c4,2011,9,Tây Nguyên,Provincial,Cultivation,Lạc,,Area_Planted,17672.0,ha,Actual,PL5
f4eed96711033449,2011,9,Tây Nguyên,Provincial,Cultivation,Lúa,,Area_Planted,3432.0,ha,Actual,PL5
2069b91ae735e043,2011,9,Tây Nguyên,Provincial,Cultivation,Thuốc lá,,Area_Planted,3552.0,ha,Actual,PL5
00581860491ce5f9,2011,9,Tây Nguyên,Provincial,Cultivation,Mía,,Area_Planted,25830.0,ha,Actual,PL5
f4eed96711033449,2011,9,Tây Nguyên,Provincial,Cultivation,Lúa,,Area_Planted,15978.0,ha,Actual,PL5
f4eed96711033449,2011,9,Tây Nguyên,Provincial,Cultivation,Lúa,,Area_Planted,0.0,ha,Actual,PL5
f4eed96711033449,2011,9,Tây Nguyên,Provincial,Cultivation,Lúa,,Area_Planted,59597.0,ha,Actual,PL5
f4eed96711033449,2011,9,Tây Nguyên,Provincial,Cultivation,Lúa,,Area_Planted,64262.0,ha,Actual,PL5
bef082e428895635,2011,9,Kon Tum,Provincial,Cultivation,Lúa,,Area_Planted,1904.0,ha,Actual,PL5
a955055103e9b46e,2011,9,Kon Tum,Provincial,Cultivation,Đậu,,Area_Planted,39.0,ha,Actual,PL5
e1dfdaba49fd9fa4,2011,9,Kon Tum,Provincial,Cultivation,Lạc,,Area_Planted,95.0,ha,Actual,PL5
21e5e3777ee13a55,2011,9,Kon Tum,Provincial,Cultivation,Mía,,Area_Planted,1770.0,ha,Actual,PL5
bef082e428895635,2011,9,Kon Tum,Provincial,Cultivation,Lúa,,Area_Planted,1838.0,ha,Actual,PL5
bef082e428895635,2011,9,Kon Tum,Provincial,Cultivation,Lúa,,Area_Planted,521.0,ha,Actual,PL5
5822ee1918581521,2011,9,Gia Lai,Provincial,Cultivation,Lúa,,Area_Planted,18168.0,ha,Actual,PL5
15b66155506a212c,2011,9,Gia Lai,Provincial,Cultivation,Lạc,,Area_Planted,1380.0,ha,Actual,PL5
5822ee1918581521,2011,9,Gia Lai,Provincial,Cultivation,Lúa,,Area_Planted,2841.0,ha,Actual,PL5
edc9aa9ac3986dae,2011,9,Gia Lai,Provincial,Cultivation,Thuốc lá,,Area_Planted,3019.0,ha,Actual,PL5
640926e52e84b213,2011,9,Gia Lai,Provincial,Cultivation,Mía,,Area_Planted,9838.0,ha,Actual,PL5
5822ee1918581521,2011,9,Gia Lai,Provincial,Cultivation,Lúa,,Area_Planted,1090.0,ha,Actual,PL5
5822ee1918581521,2011,9,Gia Lai,Provincial,Cultivation,Lúa,,Area_Planted,12275.0,ha,Actual,PL5
5822ee1918581521,2011,9,Gia Lai,Provincial,Cultivation,Lúa,,Area_Planted,12991.0,ha,Actual,PL5
0511394c504050c7,2011,9,Đắc Lắc,Provincial,Cultivation,Lúa,,Area_Planted,43737.0,ha,Actual,PL5
0b2cbf8e10152bfb,2011,9,Đắc Lắc,Provincial,Cultivation,Đậu,,Area_Planted,7715.0,ha,Actual,PL5
87849e5c0ad637aa,2011,9,Đắc Lắc,Provincial,Cultivation,Lạc,,Area_Planted,6785.0,ha,Actual,PL5
0511394c504050c7,2011,9,Đắc Lắc,Provincial,Cultivation,Lúa,,Area_Planted,591.0,ha,Actual,PL5
af427aa31644f984,2011,9,Đắc Lắc,Provincial,Cultivation,Thuốc lá,,Area_Planted,533.0,ha,Actual,PL5
58bc49b1dda08ed9,2011,9,Đắc Lắc,Provincial,Cultivation,Mía,,Area_Planted,13225.0,ha,Actual,PL5
0511394c504050c7,2011,9,Đắc Lắc,Provincial,Cultivation,Lúa,,Area_Planted,14888.0,ha,Actual,PL5
0511394c504050c7,2011,9,Đắc Lắc,Provincial,Cultivation,Lúa,,Area_Planted,7786.0,ha,Actual,PL5
0511394c504050c7,2011,9,Đắc Lắc,Provincial,Cultivation,Lúa,,Area_Planted,24007.0,ha,Actual,PL5
4a7c529e2c993e06,2011,9,Đắc Nông,Provincial,Cultivation,Lúa,,Area_Planted,9299.0,ha,Actual,PL5
18ca413ecdf36328,2011,9,Đắc Nông,Provincial,Cultivation,Lạc,,Area_Planted,9299.0,ha,Actual,PL5
4a7c529e2c993e06,2011,9,Đắc Nông,Provincial,Cultivation,Lúa,,Area_Planted,905.0,ha,Actual,PL5
4a7c529e2c993e06,2011,9,Đắc Nông,Provincial,Cultivation,Lúa,,Area_Planted,25211.0,ha,Actual,PL5
0ea897b58b8ae5d3,2011,9,Lâm Đồng,Provincial,Cultivation,Lúa,,Area_Planted,1199.0,ha,Actual,PL5
e1f19c2e1c5052f0,2011,9,Lâm Đồng,Provincial,Cultivation,Đậu,,Area_Planted,89.0,ha,Actual,PL5
7411f97dc45d457c,2011,9,Lâm Đồng,Provincial,Cultivation,Lạc,,Area_Planted,113.0,ha,Actual,PL5
ec7fa465226cdf2d,2011,9,Lâm Đồng,Provincial,Cultivation,Mía,,Area_Planted,997.0,ha,Actual,PL5
0ea897b58b8ae5d3,2011,9,Lâm Đồng,Provincial,Cultivation,Lúa,,Area_Planted,36793.0,ha,Actual,PL5
0ea897b58b8ae5d3,2011,9,Lâm Đồng,Provincial,Cultivation,Lúa,,Area_Planted,1532.0,ha,Actual,PL5
c6a54b28aae1dc20,2011,9,Đông Nam Bộ,Provincial,Cultivation,Lúa,,Area_Planted,59969.0,ha,Actual,PL5
d47ca881a24ea2bb,2011,9,Đông Nam Bộ,Provincial,Cultivation,Đậu,,Area_Planted,573.0,ha,Actual,PL5
a0f2bd89c878b08b,2011,9,Đông Nam Bộ,Provincial,Cultivation,Lạc,,Area_Planted,21408.0,ha,Actual,PL5
c6a54b28aae1dc20,2011,9,Đông Nam Bộ,Provincial,Cultivation,Lúa,,Area_Planted,7645.0,ha,Actual,PL5
f38c8787b0c2830d,2011,9,Đông Nam Bộ,Provincial,Cultivation,Thuốc lá,,Area_Planted,5358.0,ha,Actual,PL5
2a207267764901f7,2011,9,Đông Nam Bộ,Provincial,Cultivation,Mía,,Area_Planted,23682.0,ha,Actual,PL5
c6a54b28aae1dc20,2011,9,Đông Nam Bộ,Provincial,Cultivation,Lúa,,Area_Planted,1303.0,ha,Actual,PL5
c6a54b28aae1dc20,2011,9,Đông Nam Bộ,Provincial,Cultivation,Lúa,,Area_Planted,0.0,ha,Actual,PL5
c6a54b28aae1dc20,2011,9,Đông Nam Bộ,Provincial,Cultivation,Lúa,,Area_Planted,59343.0,ha,Actual,PL5
c6a54b28aae1dc20,2011,9,Đông Nam Bộ,Provincial,Cultivation,Lúa,,Area_Planted,23762.0,ha,Actual,PL5
439f07363b41c27e,2011,9,TP Hồ Chí Min,Provincial,Cultivation,Mía,,Area_Planted,2300.0,ha,Actual,PL5
63247522a1b64a67,2011,9,TP Hồ Chí Min,Provincial,Cultivation,Lúa,,Area_Planted,10653.0,ha,Actual,PL5
07a502db3c484720,2011,9,Ninh Thuận,Provincial,Cultivation,Lúa,,Area_Planted,5746.0,ha,Actual,PL5
dd174b8daa7ab6bf,2011,9,Ninh Thuận,Provincial,Cultivation,Đậu,,Area_Planted,3.0,ha,Actual,PL5
3503888e3dd2da56,2011,9,Ninh Thuận,Provincial,Cultivation,Lạc,,Area_Planted,212.0,ha,Actual,PL5
07a502db3c484720,2011,9,Ninh Thuận,Provincial,Cultivation,Lúa,,Area_Planted,21.0,ha,Actual,PL5
f85e384b2781b03b,2011,9,Ninh Thuận,Provincial,Cultivation,Thuốc lá,,Area_Planted,782.0,ha,Actual,PL5
b019975a01cdfacd,2011,9,Ninh Thuận,Provincial,Cultivation,Mía,,Area_Planted,4645.0,ha,Actual,PL5
07a502db3c484720,2011,9,Ninh Thuận,Provincial,Cultivation,Lúa,,Area_Planted,83.0,ha,Actual,PL5
07a502db3c484720,2011,9,Ninh Thuận,Provincial,Cultivation,Lúa,,Area_Planted,4638.0,ha,Actual,PL5
07a502db3c484720,2011,9,Ninh Thuận,Provincial,Cultivation,Lúa,,Area_Planted,3476.0,ha,Actual,PL5
ed8ece3972416342,2011,9,Bình Phước,Provincial,Cultivation,Lúa,,Area_Planted,1231.0,ha,Actual,PL5
ca7dc70b746d8d55,2011,9,Bình Phước,Provincial,Cultivation,Đậu,,Area_Planted,106.0,ha,Actual,PL5
3efea912abe89d63,2011,9,Bình Phước,Provincial,Cultivation,Lạc,,Area_Planted,574.0,ha,Actual,PL5
ed8ece3972416342,2011,9,Bình Phước,Provincial,Cultivation,Lúa,,Area_Planted,41.0,ha,Actual,PL5
04c13b3495c2f4ec,2011,9,Bình Phước,Provincial,Cultivation,Thuốc lá,,Area_Planted,2.0,ha,Actual,PL5
a92caf4b3a675435,2011,9,Bình Phước,Provincial,Cultivation,Mía,,Area_Planted,482.0,ha,Actual,PL5
ed8ece3972416342,2011,9,Bình Phước,Provincial,Cultivation,Lúa,,Area_Planted,26.0,ha,Actual,PL5
ed8ece3972416342,2011,9,Bình Phước,Provincial,Cultivation,Lúa,,Area_Planted,2929.0,ha,Actual,PL5
ed8ece3972416342,2011,9,Bình Phước,Provincial,Cultivation,Lúa,,Area_Planted,1660.0,ha,Actual,PL5
663ccf58588022ca,2011,9,Tây Ninh,Provincial,Cultivation,Lúa,,Area_Planted,22423.0,ha,Actual,PL5
e0856691e13988b7,2011,9,Tây Ninh,Provincial,Cultivation,Lạc,,Area_Planted,13654.0,ha,Actual,PL5
663ccf58588022ca,2011,9,Tây Ninh,Provincial,Cultivation,Lúa,,Area_Planted,844.0,ha,Actual,PL5
eaadb3da7464aae8,2011,9,Tây Ninh,Provincial,Cultivation,Thuốc lá,,Area_Planted,3340.0,ha,Actual,PL5
b316bace2f425a88,2011,9,Tây Ninh,Provincial,Cultivation,Mía,,Area_Planted,4585.0,ha,Actual,PL5
663ccf58588022ca,2011,9,Tây Ninh,Provincial,Cultivation,Lúa,,Area_Planted,18637.0,ha,Actual,PL5
663ccf58588022ca,2011,9,Tây Ninh,Provincial,Cultivation,Lúa,,Area_Planted,7863.0,ha,Actual,PL5
9861fcb0a6b574cd,2011,9,Bình Dương,Provincial,Cultivation,Lúa,,Area_Planted,907.0,ha,Actual,PL5
41740c3193a77fdf,2011,9,Bình Dương,Provincial,Cultivation,Lạc,,Area_Planted,555.0,ha,Actual,PL5
9861fcb0a6b574cd,2011,9,Bình Dương,Provincial,Cultivation,Lúa,,Area_Planted,190.0,ha,Actual,PL5
d1a110068e058b32,2011,9,Bình Dương,Provincial,Cultivation,Mía,,Area_Planted,162.0,ha,Actual,PL5
9861fcb0a6b574cd,2011,9,Bình Dương,Provincial,Cultivation,Lúa,,Area_Planted,3499.0,ha,Actual,PL5
9861fcb0a6b574cd,2011,9,Bình Dương,Provincial,Cultivation,Lúa,,Area_Planted,736.0,ha,Actual,PL5
d73da52f20287aad,2011,9,Đồng Nai,Provincial,Cultivation,Lúa,,Area_Planted,9645.0,ha,Actual,PL5
01c772cd5afeb402,2011,9,Đồng Nai,Provincial,Cultivation,Đậu,,Area_Planted,464.0,ha,Actual,PL5
cf73cd7d677fbb50,2011,9,Đồng Nai,Provincial,Cultivation,Lạc,,Area_Planted,743.0,ha,Actual,PL5
d73da52f20287aad,2011,9,Đồng Nai,Provincial,Cultivation,Lúa,,Area_Planted,95.0,ha,Actual,PL5
af2fb22ae02b8776,2011,9,Đồng Nai,Provincial,Cultivation,Thuốc lá,,Area_Planted,1062.0,ha,Actual,PL5
36fa91ed04f999e2,2011,9,Đồng Nai,Provincial,Cultivation,Mía,,Area_Planted,7274.0,ha,Actual,PL5
d73da52f20287aad,2011,9,Đồng Nai,Provincial,Cultivation,Lúa,,Area_Planted,7.0,ha,Actual,PL5
d73da52f20287aad,2011,9,Đồng Nai,Provincial,Cultivation,Lúa,,Area_Planted,8856.0,ha,Actual,PL5
d73da52f20287aad,2011,9,Đồng Nai,Provincial,Cultivation,Lúa,,Area_Planted,4049.0,ha,Actual,PL5
8566382eba71a9a9,2011,9,Bình Thuận,Provincial,Cultivation,Lúa,,Area_Planted,16059.0,ha,Actual,PL5
aaf74c41817d1a34,2011,9,Bình Thuận,Provincial,Cultivation,Lạc,,Area_Planted,4720.0,ha,Actual,PL5
8566382eba71a9a9,2011,9,Bình Thuận,Provincial,Cultivation,Lúa,,Area_Planted,6257.0,ha,Actual,PL5
408c0e2bd56ca824,2011,9,Bình Thuận,Provincial,Cultivation,Thuốc lá,,Area_Planted,54.0,ha,Actual,PL5
6802d30038a93b3e,2011,9,Bình Thuận,Provincial,Cultivation,Mía,,Area_Planted,3894.0,ha,Actual,PL5
8566382eba71a9a9,2011,9,Bình Thuận,Provincial,Cultivation,Lúa,,Area_Planted,1134.0,ha,Actual,PL5
8566382eba71a9a9,2011,9,Bình Thuận,Provincial,Cultivation,Lúa,,Area_Planted,3817.0,ha,Actual,PL5
8566382eba71a9a9,2011,9,Bình Thuận,Provincial,Cultivation,Lúa,,Area_Planted,4148.0,ha,Actual,PL5
8362924e4fef50b6,2011,9,Bà Rịa-V.Tàu,Provincial,Cultivation,Lúa,,Area_Planted,1658.0,ha,Actual,PL5
1ce5127458ba4ef3,2011,9,Bà Rịa-V.Tàu,Provincial,Cultivation,Lạc,,Area_Planted,950.0,ha,Actual,PL5
8362924e4fef50b6,2011,9,Bà Rịa-V.Tàu,Provincial,Cultivation,Lúa,,Area_Planted,197.0,ha,Actual,PL5
de4119bef62d9f57,2011,9,Bà Rịa-V.Tàu,Provincial,Cultivation,Thuốc lá,,Area_Planted,118.0,ha,Actual,PL5
8703c3634c99b3c1,2011,9,Bà Rịa-V.Tàu,Provincial,Cultivation,Mía,,Area_Planted,340.0,ha,Actual,PL5
8362924e4fef50b6,2011,9,Bà Rịa-V.Tàu,Provincial,Cultivation,Lúa,,Area_Planted,53.0,ha,Actual,PL5
8362924e4fef50b6,2011,9,Bà Rịa-V.Tàu,Provincial,Cultivation,Lúa,,Area_Planted,6314.0,ha,Actual,PL5
8362924e4fef50b6,2011,9,Bà Rịa-V.Tàu,Provincial,Cultivation,Lúa,,Area_Planted,1830.0,ha,Actual,PL5
64160cd47b3d9bf0,2011,9,ĐBS Cửu Long,Provincial,Cultivation,Lúa,,Area_Planted,97450.0,ha,Actual,PL5
ae9d218df0a17275,2011,9,ĐBS Cửu Long,Provincial,Cultivation,Đậu,,Area_Planted,4268.0,ha,Actual,PL5
c8c6012632a9463e,2011,9,ĐBS Cửu Long,Provincial,Cultivation,Lạc,,Area_Planted,11797.0,ha,Actual,PL5
64160cd47b3d9bf0,2011,9,ĐBS Cửu Long,Provincial,Cultivation,Lúa,,Area_Planted,16188.0,ha,Actual,PL5
fbf59d12f35806c3,2011,9,ĐBS Cửu Long,Provincial,Cultivation,Thuốc lá,,Area_Planted,130.0,ha,Actual,PL5
7d485bcfa405713d,2011,9,ĐBS Cửu Long,Provincial,Cultivation,Mía,,Area_Planted,59933.0,ha,Actual,PL5
64160cd47b3d9bf0,2011,9,ĐBS Cửu Long,Provincial,Cultivation,Lúa,,Area_Planted,0.0,ha,Actual,PL5
64160cd47b3d9bf0,2011,9,ĐBS Cửu Long,Provincial,Cultivation,Lúa,,Area_Planted,5134.0,ha,Actual,PL5
64160cd47b3d9bf0,2011,9,ĐBS Cửu Long,Provincial,Cultivation,Lúa,,Area_Planted,209962.0,ha,Actual,PL5
64160cd47b3d9bf0,2011,9,ĐBS Cửu Long,Provincial,Cultivation,Lúa,,Area_Planted,11857.0,ha,Actual,PL5
2d525d8694e722d1,2011,9,Long An,Provincial,Cultivation,Lúa,,Area_Planted,24962.0,ha,Actual,PL5
0c591b579bf11020,2011,9,Long An,Provincial,Cultivation,Lạc,,Area_Planted,6227.0,ha,Actual,PL5
2d525d8694e722d1,2011,9,Long An,Provincial,Cultivation,Lúa,,Area_Planted,1782.0,ha,Actual,PL5
99d4c77ec847e3df,2011,9,Long An,Provincial,Cultivation,Thuốc lá,,Area_Planted,81.0,ha,Actual,PL5
2914701198fdd6aa,2011,9,Long An,Provincial,Cultivation,Mía,,Area_Planted,13276.0,ha,Actual,PL5
2d525d8694e722d1,2011,9,Long An,Provincial,Cultivation,Lúa,,Area_Planted,3596.0,ha,Actual,PL5
2d525d8694e722d1,2011,9,Long An,Provincial,Cultivation,Lúa,,Area_Planted,13465.0,ha,Actual,PL5
2d525d8694e722d1,2011,9,Long An,Provincial,Cultivation,Lúa,,Area_Planted,19.0,ha,Actual,PL5
7a0e525be3e550f9,2011,9,Đồng Tháp,Provincial,Cultivation,Lúa,,Area_Planted,8116.0,ha,Actual,PL5
e922a53216adfa18,2011,9,Đồng Tháp,Provincial,Cultivation,Đậu,,Area_Planted,2426.0,ha,Actual,PL5
e93496ac192b2900,2011,9,Đồng Tháp,Provincial,Cultivation,Lạc,,Area_Planted,236.0,ha,Actual,PL5
7a0e525be3e550f9,2011,9,Đồng Tháp,Provincial,Cultivation,Lúa,,Area_Planted,5050.0,ha,Actual,PL5
2d93379cf5782354,2011,9,Đồng Tháp,Provincial,Cultivation,Mía,,Area_Planted,209.0,ha,Actual,PL5
7a0e525be3e550f9,2011,9,Đồng Tháp,Provincial,Cultivation,Lúa,,Area_Planted,195.0,ha,Actual,PL5
7a0e525be3e550f9,2011,9,Đồng Tháp,Provincial,Cultivation,Lúa,,Area_Planted,11466.0,ha,Actual,PL5
7a0e525be3e550f9,2011,9,Đồng Tháp,Provincial,Cultivation,Lúa,,Area_Planted,1242.0,ha,Actual,PL5
14b3b7ae4f3bb5a6,2011,9,An Giang,Provincial,Cultivation,Lúa,,Area_Planted,3140.0,ha,Actual,PL5
8dbf2cfee6509078,2011,9,An Giang,Provincial,Cultivation,Đậu,,Area_Planted,242.0,ha,Actual,PL5
2a0856907eb3e758,2011,9,An Giang,Provincial,Cultivation,Lạc,,Area_Planted,638.0,ha,Actual,PL5
14b3b7ae4f3bb5a6,2011,9,An Giang,Provincial,Cultivation,Lúa,,Area_Planted,2108.0,ha,Actual,PL5
086f21f3450ae5c9,2011,9,An Giang,Provincial,Cultivation,Thuốc lá,,Area_Planted,49.0,ha,Actual,PL5
fdd314698b878da7,2011,9,An Giang,Provincial,Cultivation,Mía,,Area_Planted,70.0,ha,Actual,PL5
14b3b7ae4f3bb5a6,2011,9,An Giang,Provincial,Cultivation,Lúa,,Area_Planted,33.0,ha,Actual,PL5
14b3b7ae4f3bb5a6,2011,9,An Giang,Provincial,Cultivation,Lúa,,Area_Planted,32156.0,ha,Actual,PL5
14b3b7ae4f3bb5a6,2011,9,An Giang,Provincial,Cultivation,Lúa,,Area_Planted,3424.0,ha,Actual,PL5
0a283a73ec53dace,2011,9,Tiền Giang,Provincial,Cultivation,Lúa,,Area_Planted,577.0,ha,Actual,PL5
ea7a32ba175051e1,2011,9,Tiền Giang,Provincial,Cultivation,Đậu,,Area_Planted,218.0,ha,Actual,PL5
50cbf5945174f6e1,2011,9,Tiền Giang,Provincial,Cultivation,Lạc,,Area_Planted,129.0,ha,Actual,PL5
d0146365ca7e25d6,2011,9,Tiền Giang,Provincial,Cultivation,Mía,,Area_Planted,230.0,ha,Actual,PL5
0a283a73ec53dace,2011,9,Tiền Giang,Provincial,Cultivation,Lúa,,Area_Planted,36474.0,ha,Actual,PL5
0a283a73ec53dace,2011,9,Tiền Giang,Provincial,Cultivation,Lúa,,Area_Planted,134.0,ha,Actual,PL5
e2675b1d454a2899,2011,9,Vĩnh Long,Provincial,Cultivation,Lúa,,Area_Planted,2583.0,ha,Actual,PL5
fafaac74c5ea6fe2,2011,9,Vĩnh Long,Provincial,Cultivation,Đậu,,Area_Planted,912.0,ha,Actual,PL5
5052a0de77fa839a,2011,9,Vĩnh Long,Provincial,Cultivation,Lạc,,Area_Planted,29.0,ha,Actual,PL5
e2675b1d454a2899,2011,9,Vĩnh Long,Provincial,Cultivation,Lúa,,Area_Planted,1548.0,ha,Actual,PL5
aa94aa8121292890,2011,9,Vĩnh Long,Provincial,Cultivation,Mía,,Area_Planted,95.0,ha,Actual,PL5
e2675b1d454a2899,2011,9,Vĩnh Long,Provincial,Cultivation,Lúa,,Area_Planted,20734.0,ha,Actual,PL5
e2675b1d454a2899,2011,9,Vĩnh Long,Provincial,Cultivation,Lúa,,Area_Planted,822.0,ha,Actual,PL5
9db7577a198efe5a,2011,9,Bến Tre,Provincial,Cultivation,Lúa,,Area_Planted,5664.0,ha,Actual,PL5
cf6b2a7e048f60ae,2011,9,Bến Tre,Provincial,Cultivation,Lạc,,Area_Planted,324.0,ha,Actual,PL5
8bd4085ac2915d0b,2011,9,Bến Tre,Provincial,Cultivation,Mía,,Area_Planted,5340.0,ha,Actual,PL5
9db7577a198efe5a,2011,9,Bến Tre,Provincial,Cultivation,Lúa,,Area_Planted,6061.0,ha,Actual,PL5
9db7577a198efe5a,2011,9,Bến Tre,Provincial,Cultivation,Lúa,,Area_Planted,3.0,ha,Actual,PL5
4a10d7e17c038ac3,2011,9,Kiên Giang,Provincial,Cultivation,Lúa,,Area_Planted,4512.0,ha,Actual,PL5
73c5cffaa9b2dde8,2011,9,Kiên Giang,Provincial,Cultivation,Mía,,Area_Planted,4512.0,ha,Actual,PL5
4a10d7e17c038ac3,2011,9,Kiên Giang,Provincial,Cultivation,Lúa,,Area_Planted,2999.0,ha,Actual,PL5
692114b9ae59c532,2011,9,Cần Thơ,Provincial,Cultivation,Lúa,,Area_Planted,5951.0,ha,Actual,PL5
8124fa94688045f6,2011,9,Cần Thơ,Provincial,Cultivation,Đậu,,Area_Planted,232.0,ha,Actual,PL5
38a2929745adae99,2011,9,Cần Thơ,Provincial,Cultivation,Lạc,,Area_Planted,18.0,ha,Actual,PL5
692114b9ae59c532,2011,9,Cần Thơ,Provincial,Cultivation,Lúa,,Area_Planted,5701.0,ha,Actual,PL5
692114b9ae59c532,2011,9,Cần Thơ,Provincial,Cultivation,Lúa,,Area_Planted,582983.0,ha,Actual,PL5
692114b9ae59c532,2011,9,Cần Thơ,Provincial,Cultivation,Lúa,,Area_Planted,881.0,ha,Actual,PL5
545e5b82ae83466b,2011,9,Hậu Giang,Provincial,Cultivation,Lúa,,Area_Planted,13747.0,ha,Actual,PL5
87d929db8d55817b,2011,9,Hậu Giang,Provincial,Cultivation,Mía,,Area_Planted,13747.0,ha,Actual,PL5
545e5b82ae83466b,2011,9,Hậu Giang,Provincial,Cultivation,Lúa,,Area_Planted,13744.0,ha,Actual,PL5
545e5b82ae83466b,2011,9,Hậu Giang,Provincial,Cultivation,Lúa,,Area_Planted,561.0,ha,Actual,PL5
fcbaf40a6d42c480,2011,9,Trà Vinh,Provincial,Cultivation,Lúa,,Area_Planted,11677.0,ha,Actual,PL5
01d35a812a9d4775,2011,9,Trà Vinh,Provincial,Cultivation,Lạc,,Area_Planted,4025.0,ha,Actual,PL5
4d6d340bfb117eab,2011,9,Trà Vinh,Provincial,Cultivation,Mía,,Area_Planted,6433.0,ha,Actual,PL5
fcbaf40a6d42c480,2011,9,Trà Vinh,Provincial,Cultivation,Lúa,,Area_Planted,1219.0,ha,Actual,PL5
fcbaf40a6d42c480,2011,9,Trà Vinh,Provincial,Cultivation,Lúa,,Area_Planted,24570.0,ha,Actual,PL5
fcbaf40a6d42c480,2011,9,Trà Vinh,Provincial,Cultivation,Lúa,,Area_Planted,1026.0,ha,Actual,PL5
bdd657e123b7bfc9,2011,9,Sóc Trăng,Provincial,Cultivation,Lúa,,Area_Planted,14359.0,ha,Actual,PL5
b248eed67773e49c,2011,9,Sóc Trăng,Provincial,Cultivation,Đậu,,Area_Planted,238.0,ha,Actual,PL5
1555977eff1a1103,2011,9,Sóc Trăng,Provincial,Cultivation,Lạc,,Area_Planted,166.0,ha,Actual,PL5
dfea700455f6c15b,2011,9,Sóc Trăng,Provincial,Cultivation,Mía,,Area_Planted,13955.0,ha,Actual,PL5
bdd657e123b7bfc9,2011,9,Sóc Trăng,Provincial,Cultivation,Lúa,,Area_Planted,27022.0,ha,Actual,PL5
bdd657e123b7bfc9,2011,9,Sóc Trăng,Provincial,Cultivation,Lúa,,Area_Planted,3364.0,ha,Actual,PL5
a66e46d61fb8a42f,2011,9,Bạc Liêu,Provincial,Cultivation,Lúa,,Area_Planted,359.0,ha,Actual,PL5
2bc39b1ec3597129,2011,9,Bạc Liêu,Provincial,Cultivation,Lạc,,Area_Planted,5.0,ha,Actual,PL5
0587dc24741c25c1,2011,9,Bạc Liêu,Provincial,Cultivation,Mía,,Area_Planted,263.0,ha,Actual,PL5
a66e46d61fb8a42f,2011,9,Bạc Liêu,Provincial,Cultivation,Lúa,,Area_Planted,91.0,ha,Actual,PL5
a66e46d61fb8a42f,2011,9,Bạc Liêu,Provincial,Cultivation,Lúa,,Area_Planted,10266.0,ha,Actual,PL5
a66e46d61fb8a42f,2011,9,Bạc Liêu,Provincial,Cultivation,Lúa,,Area_Planted,382.0,ha,Actual,PL5
dadc671e37a2b445,2011,9,Cà Mau,Provincial,Cultivation,Lúa,,Area_Planted,1803.0,ha,Actual,PL5
b5ee015cea2f499f,2011,9,Cà Mau,Provincial,Cultivation,Mía,,Area_Planted,1803.0,ha,Actual,PL5
dadc671e37a2b445,2011,9,Cà Mau,Provincial,Cultivation,Lúa,,Area_Planted,5175.0,ha,Actual,PL5
e08ac02aa572d714,2011,9,Cả nước,National,Forestry,Rừng,,Area,710.0,1000_ha,Estimated,PL6
f4a07749d633f56e,2011,9,Cả nước,National,Forestry,Rừng,,Area,1826.0,1000_ha,Plan,PL6
e08ac02aa572d714,2011,9,Cả nước,National,Forestry,Rừng,,Area,325.0,1000_ha,Estimated,PL6
f4a07749d633f56e,2011,9,Cả nước,National,Forestry,Rừng,,Area,438.0,1000_ha,Plan,PL6
e08ac02aa572d714,2011,9,Cả nước,National,Forestry,Rừng,,Area,832.0,1000_ha,Estimated,PL6
f4a07749d633f56e,2011,9,Cả nước,National,Forestry,Rừng,,Area,1388.0,1000_ha,Plan,PL6
e08ac02aa572d714,2011,9,Cả nước,National,Forestry,Rừng,,Area,1079.0,1000_ha,Estimated,PL6
f4a07749d633f56e,2011,9,Cả nước,National,Forestry,Rừng,,Area,2844.0,1000_ha,Plan,PL6
e08ac02aa572d714,2011,9,Cả nước,National,Forestry,Rừng,,Area,1002.0,1000_ha,Estimated,PL6
f4a07749d633f56e,2011,9,Cả nước,National,Forestry,Rừng,,Area,1632.0,1000_ha,Plan,PL6
e08ac02aa572d714,2011,9,Cả nước,National,Forestry,Rừng,,Area,957.0,1000_ha,Estimated,PL6
f4a07749d633f56e,2011,9,Cả nước,National,Forestry,Rừng,,Area,7286.0,1000_ha,Plan,PL6
e08ac02aa572d714,2011,9,Cả nước,National,Forestry,Rừng,,Area,974.0,1000_ha,Estimated,PL6
f4a07749d633f56e,2011,9,Cả nước,National,Forestry,Rừng,,Area,24123.0,1000_ha,Plan,PL6
e08ac02aa572d714,2011,9,Cả nước,National,Forestry,Rừng,,Area,1119.0,1000_ha,Estimated,PL6
f4a07749d633f56e,2011,9,Cả nước,National,Forestry,Rừng,,Area,27408.0,1000_ha,Plan,PL6
a84b2af0da829d1f,2011,1,Cả nước,National,Trade,1,Xuất khẩu,Export_Volume,4.0,1000_ton,Actual,PL8
4f1fe84b320a3531,2011,1,Cả nước,National,Trade,1,Xuất khẩu,Export_Value,5.0,million_USD,Actual,PL8
41b522e6830f8d26,2011,1,Cả nước,National,Trade,Sản lượng khai thác,Xuất khẩu,Export_Volume,1973.0,1000_ton,Actual,PL8
3d2418fa78e0d361,2011,1,Cả nước,National,Trade,Sản lượng khai thác,Xuất khẩu,Export_Value,188.0,million_USD,Actual,PL8
f9a573729de7f694,2011,1,Cả nước,National,Trade,Khai thác biển,Xuất khẩu,Export_Volume,1833.0,1000_ton,Actual,PL8
b4c154d3b22cc800,2011,1,Cả nước,National,Trade,Khai thác biển,Xuất khẩu,Export_Value,158.0,million_USD,Actual,PL8
d381b45665c7debb,2011,1,Cả nước,National,Trade,Khai thác nội địa,Xuất khẩu,Export_Volume,140.0,1000_ton,Actual,PL8
f4dc45af7aa12d2d,2011,1,Cả nước,National,Trade,Khai thác nội địa,Xuất khẩu,Export_Value,30.0,million_USD,Actual,PL8
7fd9a36d842521f8,2011,1,Cả nước,National,Trade,Sản lượng nuôi trồng,Xuất khẩu,Export_Volume,2163.0,1000_ton,Actual,PL8
3e247a65516ad83c,2011,1,Cả nước,National,Trade,Sản lượng nuôi trồng,Xuất khẩu,Export_Value,296.0,million_USD,Actual,PL8
f13a350a1cfa5317,2011,9,Cả nước,National,Investment,"65,388",,Investment_Amount,20056.0,million_VND,Plan,PL9
aa57faee0c3dab61,2011,9,Cả nước,National,Investment,"65,388",,Investment_Amount,45332.0,million_VND,Cumulative,PL9
0d8498de071a73d5,2011,9,Cả nước,National,Investment,"73,761",,Investment_Amount,38269.0,million_VND,Plan,PL9
0b17abbd07688b02,2011,9,Cả nước,National,Investment,"73,761",,Investment_Amount,35492.0,million_VND,Cumulative,PL9
d1fc40da59a027b2,2011,9,Cả nước,National,Investment,"123,957",,Investment_Amount,76234.0,million_VND,Plan,PL9
c2b8afbb0fed733b,2011,9,Cả nước,National,Investment,"123,957",,Investment_Amount,47723.0,million_VND,Cumulative,PL9
1b640694a5f1c16e,2011,9,Cả nước,National,Investment,"74,270",,Investment_Amount,43110.0,million_VND,Plan,PL9
8d55f0b8f5b15178,2011,9,Cả nước,National,Investment,"74,270",,Investment_Amount,31160.0,million_VND,Cumulative,PL9
08576943a384a020,2011,9,Cả nước,National,Investment,"19,983",,Investment_Amount,16343.0,million_VND,Plan,PL9
e79e13f298e8fa69,2011,9,Cả nước,National,Investment,"19,983",,Investment_Amount,3640.0,million_VND,Cumulative,PL9
43bdc6f7c35766a5,2011,9,Cả nước,National,Investment,"78,360",,Investment_Amount,21953.0,million_VND,Plan,PL9
85ad2fe296f89649,2011,9,Cả nước,National,Investment,"78,360",,Investment_Amount,56407.0,million_VND,Cumulative,PL9
c81c2d1b8d111091,2011,9,Cả nước,National,Investment,"89,786",,Investment_Amount,33355.0,million_VND,Plan,PL9
396ad195b3c1f838,2011,9,Cả nước,National,Investment,"89,786",,Investment_Amount,56431.0,million_VND,Cumulative,PL9
a4c438def73133b5,2011,9,Cả nước,National,Investment,"28,120",,Investment_Amount,9290.0,million_VND,Plan,PL9
b3bdb246ec6135e1,2011,9,Cả nước,National,Investment,"28,120",,Investment_Amount,18830.0,million_VND,Cumulative,PL9
b7f76252422041df,2011,9,Cả nước,National,Investment,"39,548",,Investment_Amount,7163.0,million_VND,Plan,PL9
011fd1f41ee7fac6,2011,9,Cả nước,National,Investment,"39,548",,Investment_Amount,32385.0,million_VND,Cumulative,PL9
88f809c391c04d32,2011,9,Cả nước,National,Investment,"19,278",,Investment_Amount,6428.0,million_VND,Plan,PL9
569f304ef6b38b3d,2011,9,Cả nước,National,Investment,"19,278",,Investment_Amount,12850.0,million_VND,Cumulative,PL9
75bbeac50cb414b1,2011,9,Cả nước,National,Investment,"31,870",,Investment_Amount,6460.0,million_VND,Plan,PL9
be5c04052d682697,2011,9,Cả nước,National,Investment,"31,870",,Investment_Amount,25410.0,million_VND,Cumulative,PL9
c658b86fc305275d,2011,9,Cả nước,National,Investment,"32,570",,Investment_Amount,770.0,million_VND,Plan,PL9
820f1cc32f82fcf4,2011,9,Cả nước,National,Investment,"32,570",,Investment_Amount,31800.0,million_VND,Cumulative,PL9
77b858a74b7f1dc7,2011,9,Cả nước,National,Investment,"64,362",,Investment_Amount,12226.0,million_VND,Plan,PL9
9edf1f8e2f1a06b3,2011,9,Cả nước,National,Investment,"64,362",,Investment_Amount,52136.0,million_VND,Cumulative,PL9
46825ce6fecf70d2,2011,9,Cả nước,National,Investment,"91,996",,Investment_Amount,4024.0,million_VND,Plan,PL9
75f29dd6e05119cb,2011,9,Cả nước,National,Investment,"91,996",,Investment_Amount,87972.0,million_VND,Cumulative,PL9
2bf1c06376e6c1dc,2011,9,Cả nước,National,Investment,"121,964",,Investment_Amount,6202.0,million_VND,Plan,PL9
4eb20c37c614003a,2011,9,Cả nước,National,Investment,"121,964",,Investment_Amount,115762.0,million_VND,Cumulative,PL9
3c78fcafd92f97ce,2011,9,Cả nước,National,Investment,"48,068",,Investment_Amount,8483.0,million_VND,Plan,PL9
cb4c657ec15caa96,2011,9,Cả nước,National,Investment,"48,068",,Investment_Amount,39585.0,million_VND,Cumulative,PL9
4200833885d7c347,2011,9,Cả nước,National,Investment,"78,752",,Investment_Amount,12529.0,million_VND,Plan,PL9
f6a764005bdb76a8,2011,9,Cả nước,National,Investment,"78,752",,Investment_Amount,66223.0,million_VND,Cumulative,PL9
f32f82749863a358,2011,9,Cả nước,National,Investment,"59,722",,Investment_Amount,8714.0,million_VND,Plan,PL9
2fe823bb2ce17998,2011,9,Cả nước,National,Investment,"59,722",,Investment_Amount,51008.0,million_VND,Cumulative,PL9
0d93ffcaa2edb182,2011,9,Cả nước,National,Investment,"141,774",,Investment_Amount,10239.0,million_VND,Plan,PL9
af9bdcdee208de25,2011,9,Cả nước,National,Investment,"141,774",,Investment_Amount,131535.0,million_VND,Cumulative,PL9
15c26a4c63bd3dae,2011,9,Cả nước,National,Investment,"7,581",,Investment_Amount,5162.0,million_VND,Plan,PL9
70490757135260a6,2011,9,Cả nước,National,Investment,"7,581",,Investment_Amount,2419.0,million_VND,Cumulative,PL9
107f8157e0e38b12,2011,9,Cả nước,National,Investment,"204,374",,Investment_Amount,7284.0,million_VND,Plan,PL9
1b556282a7070fba,2011,9,Cả nước,National,Investment,"204,374",,Investment_Amount,197090.0,million_VND,Cumulative,PL9
a67ba79fd32d32d5,2011,9,Cả nước,National,Investment,"32,925",,Investment_Amount,16925.0,million_VND,Plan,PL9
48249d8c93c29820,2011,9,Cả nước,National,Investment,"32,925",,Investment_Amount,16000.0,million_VND,Cumulative,PL9
7cdb7f7f35f064e3,2011,9,Cả nước,National,Investment,"16,110",,Investment_Amount,5610.0,million_VND,Plan,PL9
6df407b8c789758c,2011,9,Cả nước,National,Investment,"16,110",,Investment_Amount,10500.0,million_VND,Cumulative,PL9
05a91a5f0501b023,2011,9,Cả nước,National,Investment,"176,270",,Investment_Amount,112252.0,million_VND,Plan,PL9
c34aa592de735acc,2011,9,Cả nước,National,Investment,"176,270",,Investment_Amount,64018.0,million_VND,Cumulative,PL9
f2dc5dac6134059f,2011,9,Cả nước,National,Investment,"236,004",,Investment_Amount,146670.0,million_VND,Plan,PL9
e37dced72f221a06,2011,9,Cả nước,National,Investment,"236,004",,Investment_Amount,89334.0,million_VND,Cumulative,PL9
ab9d7b276b3ad4a4,2011,9,Cả nước,National,Investment,"123,871",,Investment_Amount,67838.0,million_VND,Plan,PL9
6262e51f5a89ae34,2011,9,Cả nước,National,Investment,"123,871",,Investment_Amount,56033.0,million_VND,Cumulative,PL9
06e9f7f4cda0bb77,2011,9,Cả nước,National,Investment,"105,578",,Investment_Amount,98678.0,million_VND,Plan,PL9
662c510945cb988f,2011,9,Cả nước,National,Investment,"105,578",,Investment_Amount,6900.0,million_VND,Cumulative,PL9
e9adbe39954ab4e2,2011,9,Cả nước,National,Investment,"300,740",,Investment_Amount,293641.0,million_VND,Plan,PL9
39b1487250097114,2011,9,Cả nước,National,Investment,"300,740",,Investment_Amount,7099.0,million_VND,Cumulative,PL9
462343f2735537df,2011,9,Cả nước,National,Investment,"248,176",,Investment_Amount,232179.0,million_VND,Plan,PL9
39141cb5fd98d487,2011,9,Cả nước,National,Investment,"248,176",,Investment_Amount,15997.0,million_VND,Cumulative,PL9
31756ac4fbfd50fc,2011,9,Cả nước,National,Investment,"367,938",,Investment_Amount,74929.0,million_VND,Plan,PL9
d36b5984602f5cb3,2011,9,Cả nước,National,Investment,"367,938",,Investment_Amount,293009.0,million_VND,Cumulative,PL9
95ee1a8fa6cf51a7,2011,9,Cả nước,National,Investment,"150,044",,Investment_Amount,145044.0,million_VND,Plan,PL9
bcbe596ff1a0bf51,2011,9,Cả nước,National,Investment,"150,044",,Investment_Amount,5000.0,million_VND,Cumulative,PL9
b8535a063057e35c,2011,9,Cả nước,National,Investment,"34,296",,Investment_Amount,32048.0,million_VND,Plan,PL9
3094afa505d6990a,2011,9,Cả nước,National,Investment,"34,296",,Investment_Amount,2248.0,million_VND,Cumulative,PL9
dec9b57d15199377,2011,9,Cả nước,National,Investment,"81,591",,Investment_Amount,49678.0,million_VND,Plan,PL9
0b47f4271e0343a2,2011,9,Cả nước,National,Investment,"81,591",,Investment_Amount,31913.0,million_VND,Cumulative,PL9
c9d5aae82d5d093f,2011,9,Cả nước,National,Investment,"195,557",,Investment_Amount,117100.0,million_VND,Plan,PL9
ecae5b321cb5bbf3,2011,9,Cả nước,National,Investment,"195,557",,Investment_Amount,78457.0,million_VND,Cumulative,PL9
acb6fe6271d593af,2011,9,Cả nước,National,Investment,"291,457",,Investment_Amount,174093.0,million_VND,Plan,PL9
51fda9b514ccc83c,2011,9,Cả nước,National,Investment,"291,457",,Investment_Amount,117364.0,million_VND,Cumulative,PL9
297a4869e1ed2bb4,2010,10,1. Thu hoạch lúa mùa ở miền Bắc,Provincial,Cultivation,Unknown,,Area_Planted,8922.0,1000_ha,Actual,PL1
a197286d668e914b,2011,10,1. Thu hoạch lúa mùa ở miền Bắc,Provincial,Cultivation,Unknown,,Area_Planted,5557.0,1000_ha,Actual,PL1
1743019d7aa7f7f9,2010,10,+ Vùng Bắc Trung bộ,Provincial,Cultivation,Unknown,,Area_Planted,1366.0,1000_ha,Actual,PL1
813b45aa0d53ab2b,2011,10,+ Vùng Bắc Trung bộ,Provincial,Cultivation,Unknown,,Area_Planted,1218.0,1000_ha,Actual,PL1
9056d918087528e1,2010,10,2. Gieo cấy lúa mùa ở miền Nam,Provincial,Cultivation,Unknown,,Area_Planted,6654.0,1000_ha,Actual,PL1
93bd8a07e4a144d9,2011,10,2. Gieo cấy lúa mùa ở miền Nam,Provincial,Cultivation,Unknown,,Area_Planted,6825.0,1000_ha,Actual,PL1
eaed3d19acd04d61,2010,10,3. Gieo cấy lúa đông xuân ở miền Nam,Provincial,Cultivation,Lúa,Đông Xuân,Area_Planted,1221.0,1000_ha,Actual,PL1
48f955202873eab0,2011,10,3. Gieo cấy lúa đông xuân ở miền Nam,Provincial,Cultivation,Lúa,Đông Xuân,Area_Planted,947.0,1000_ha,Actual,PL1
f10186f0cdb5c9f2,2010,10,4. Gieo trồng cây vụ đông ở miền Bắc,Provincial,Cultivation,Unknown,,Area_Planted,3218.0,1000_ha,Actual,PL1
1cd906e7056afa0f,2011,10,4. Gieo trồng cây vụ đông ở miền Bắc,Provincial,Cultivation,Unknown,,Area_Planted,1912.0,1000_ha,Actual,PL1
354f74cf3d7a2380,2010,10,- Khoai lang,Provincial,Cultivation,Khoai lang,,Area_Planted,308.0,1000_ha,Actual,PL1
41488f0f8285057d,2011,10,- Khoai lang,Provincial,Cultivation,Khoai lang,,Area_Planted,174.0,1000_ha,Actual,PL1
ea9ca68bd6175a77,2010,10,- Đậu tương,Provincial,Cultivation,Đậu tương,,Area_Planted,835.0,1000_ha,Actual,PL1
b41696d38f5595a6,2011,10,- Đậu tương,Provincial,Cultivation,Đậu tương,,Area_Planted,233.0,1000_ha,Actual,PL1
90fb9a89d567e83a,2010,10,- Lạc,Provincial,Cultivation,Lạc,,Area_Planted,68.0,1000_ha,Actual,PL1
7be145f0b5d3d36f,2011,10,- Lạc,Provincial,Cultivation,Lạc,,Area_Planted,41.0,1000_ha,Actual,PL1
4a102f323dfc1fc7,2010,10,"- Rau, đậu các loại",Provincial,Cultivation,Rau đậu,,Area_Planted,740.0,1000_ha,Actual,PL1
f270a2da8dacfaef,2011,10,"- Rau, đậu các loại",Provincial,Cultivation,Rau đậu,,Area_Planted,412.0,1000_ha,Actual,PL1
7ee1c4ccea899a41,2011,12,Cả nước,National,Trade,"1. Nông sản chính,trong đó:",Xuất khẩu,Export_Value,11601.0,million_USD,Estimated,PL10
ede32af1387a0c07,2011,12,Cả nước,National,Trade,Cà phê,Xuất khẩu,Export_Volume,1032.0,1000_ton,Estimated,PL10
af1e0606785d2c0c,2011,12,Cả nước,National,Trade,Cà phê,Xuất khẩu,Export_Value,2281.0,million_USD,Estimated,PL10
4cb4c65f12bba528,2011,12,Cả nước,National,Trade,Cao su,Xuất khẩu,Export_Volume,608.0,1000_ton,Estimated,PL10
8a418f8e57e3c1f6,2011,12,Cả nước,National,Trade,Cao su,Xuất khẩu,Export_Value,2625.0,million_USD,Estimated,PL10
a0a2798f84c8fce9,2011,12,Cả nước,National,Trade,Gạo,Xuất khẩu,Export_Volume,6484.0,1000_ton,Estimated,PL10
a870fd754c217834,2011,12,Cả nước,National,Trade,Gạo,Xuất khẩu,Export_Value,3266.0,million_USD,Estimated,PL10
5ebb15d98355acff,2011,12,Cả nước,National,Trade,Chè,Xuất khẩu,Export_Volume,112.0,1000_ton,Estimated,PL10
9fc41acf5a4fcd80,2011,12,Cả nước,National,Trade,Chè,Xuất khẩu,Export_Value,173.0,million_USD,Estimated,PL10
015bd75c72bfed5b,2011,12,Cả nước,National,Trade,Hạt điều,Xuất khẩu,Export_Volume,146.0,1000_ton,Estimated,PL10
3a9ae56306de5a31,2011,12,Cả nước,National,Trade,Hạt điều,Xuất khẩu,Export_Value,1218.0,million_USD,Estimated,PL10
c1a3ff7a92633772,2011,12,Cả nước,National,Trade,Hạt tiêu,Xuất khẩu,Export_Volume,120.0,1000_ton,Estimated,PL10
b39fcb82b16e1f7d,2011,12,Cả nước,National,Trade,Hạt tiêu,Xuất khẩu,Export_Value,702.0,million_USD,Estimated,PL10
2b9c1cb9f2364069,2011,12,Cả nước,National,Trade,Hàng rau quả,Xuất khẩu,Export_Value,520.0,million_USD,Estimated,PL10
5f4da8b2937f1603,2011,12,Cả nước,National,Trade,Sắn và sản phẩm từ sắn,Xuất khẩu,Export_Volume,2288.0,1000_ton,Estimated,PL10
d366d6151419bc88,2011,12,Cả nước,National,Trade,Sắn và sản phẩm từ sắn,Xuất khẩu,Export_Value,815.0,million_USD,Estimated,PL10
8dc3c766bf2e7a0d,2011,12,Cả nước,National,Trade,2. Thuỷ sản,Xuất khẩu,Export_Value,4946.0,million_USD,Estimated,PL10
a3c6ee2d4b55190e,2011,12,Cả nước,National,Trade,"3. Lâm sản chính,trong đó:",Xuất khẩu,Export_Value,3385.0,million_USD,Estimated,PL10
3e7ef0294b347736,2011,12,Cả nước,National,Trade,Quế,Xuất khẩu,Export_Value,30.0,million_USD,Estimated,PL10
57c9c40351c74e80,2011,12,Cả nước,National,Trade,Gỗ & sản phẩm gỗ,Xuất khẩu,Export_Value,3195.0,million_USD,Estimated,PL10
31f27655edc42a0c,2011,12,Cả nước,National,Trade,"SP mây, tre, cói, thảm",Xuất khẩu,Export_Value,160.0,million_USD,Estimated,PL10
09d4971528ba6903,2011,12,Cả nước,National,Trade,Các mặt hàng nông lâm sản khác,Xuất khẩu,Export_Value,879.0,million_USD,Estimated,PL10
56225499360a3572,2011,12,Cả nước,National,Trade,Các mặt hàng nhập khẩu chính,Nhập khẩu,Import_Value,8732.0,million_USD,Estimated,PL10
f376bacf19286cbc,2011,12,Cả nước,National,Trade,Phân bón các loại,Nhập khẩu,Import_Volume,3473.0,1000_ton,Estimated,PL10
3885517a2cc664cf,2011,12,Cả nước,National,Trade,Phân bón các loại,Nhập khẩu,Import_Value,1435.0,million_USD,Estimated,PL10
96c668b55174d8e3,2011,12,Cả nước,National,Trade,- U RE,Nhập khẩu,Import_Volume,869.0,1000_ton,Estimated,PL10
498e70f0a9963413,2011,12,Cả nước,National,Trade,- U RE,Nhập khẩu,Import_Value,322.0,million_USD,Estimated,PL10
ebe1a690a6296783,2011,12,Cả nước,National,Trade,- S A,Nhập khẩu,Import_Volume,705.0,1000_ton,Estimated,PL10
3492a3a6a0c7242a,2011,12,Cả nước,National,Trade,- S A,Nhập khẩu,Import_Value,153.0,million_USD,Estimated,PL10
c7c97f4e76770c8b,2011,11,HOA KỲ,International,Trade,Cà phê,Xuất khẩu,Export_Volume,100865.0,ton,Actual,PL11
55b1872fc844b3c4,2011,11,HOA KỲ,International,Trade,Cà phê,Xuất khẩu,Export_Value,245356.0,1000_USD,Actual,PL11
2e7c58ab6b055c91,2011,11,ĐỨC,International,Trade,Cà phê,Xuất khẩu,Export_Volume,97551.0,ton,Actual,PL11
069b0f1fdd548238,2011,11,ĐỨC,International,Trade,Cà phê,Xuất khẩu,Export_Value,217600.0,1000_USD,Actual,PL11
9547e4301d956c55,2011,11,BỈ,International,Trade,Cà phê,Xuất khẩu,Export_Volume,86228.0,ton,Actual,PL11
77aafe129b543978,2011,11,BỈ,International,Trade,Cà phê,Xuất khẩu,Export_Value,190613.0,1000_USD,Actual,PL11
69c780bde8d58e14,2011,11,ITALIA,International,Trade,Cà phê,Xuất khẩu,Export_Volume,69582.0,ton,Actual,PL11
6326f18af08461e3,2011,11,ITALIA,International,Trade,Cà phê,Xuất khẩu,Export_Value,148224.0,1000_USD,Actual,PL11
c573e715b4081538,2011,11,TÂY BAN NHA,International,Trade,Cà phê,Xuất khẩu,Export_Volume,52446.0,ton,Actual,PL11
517a46ddc8af2576,2011,11,TÂY BAN NHA,International,Trade,Cà phê,Xuất khẩu,Export_Value,113330.0,1000_USD,Actual,PL11
60b6ec8d9f0cc599,2011,11,NHẬT BẢN,International,Trade,Cà phê,Xuất khẩu,Export_Volume,38305.0,ton,Actual,PL11
45a9f2577e1747f9,2011,11,NHẬT BẢN,International,Trade,Cà phê,Xuất khẩu,Export_Value,99313.0,1000_USD,Actual,PL11
f659587b164908f0,2011,11,ANH,International,Trade,Cà phê,Xuất khẩu,Export_Volume,24799.0,ton,Actual,PL11
c86678839da10b95,2011,11,ANH,International,Trade,Cà phê,Xuất khẩu,Export_Value,55803.0,1000_USD,Actual,PL11
b3802de442c172a5,2011,11,HÀ LAN,International,Trade,Cà phê,Xuất khẩu,Export_Volume,25613.0,ton,Actual,PL11
fbdee6247c22af77,2011,11,HÀ LAN,International,Trade,Cà phê,Xuất khẩu,Export_Value,55459.0,1000_USD,Actual,PL11
a4f14da33137084f,2011,11,HÀN QUỐC,International,Trade,Cà phê,Xuất khẩu,Export_Volume,23235.0,ton,Actual,PL11
161ae24af453bf6b,2011,11,HÀN QUỐC,International,Trade,Cà phê,Xuất khẩu,Export_Value,48899.0,1000_USD,Actual,PL11
37bea453e3ec0aac,2011,11,TRUNG QUỐC,International,Trade,Cà phê,Xuất khẩu,Export_Volume,18845.0,ton,Actual,PL11
2c33e7ab1a6cb0a8,2011,11,TRUNG QUỐC,International,Trade,Cà phê,Xuất khẩu,Export_Value,42846.0,1000_USD,Actual,PL11
0b712456339608dc,2011,11,TRUNG QUỐC,International,Trade,Cao su,Xuất khẩu,Export_Volume,321308.0,ton,Actual,PL11
1995a8e839a2d21e,2011,11,TRUNG QUỐC,International,Trade,Cao su,Xuất khẩu,Export_Value,1372914.0,1000_USD,Actual,PL11
2ea038b4a331fa00,2011,11,MALAIXIA,International,Trade,Cao su,Xuất khẩu,Export_Volume,39579.0,ton,Actual,PL11
dd6828b061c831f5,2011,11,MALAIXIA,International,Trade,Cao su,Xuất khẩu,Export_Value,169562.0,1000_USD,Actual,PL11
3afd77892efe788c,2011,11,ĐÀI LOAN,International,Trade,Cao su,Xuất khẩu,Export_Volume,23283.0,ton,Actual,PL11
7f6f45aa2281adba,2011,11,ĐÀI LOAN,International,Trade,Cao su,Xuất khẩu,Export_Value,108549.0,1000_USD,Actual,PL11
6a0fd411e4574e46,2011,11,HÀN QUỐC,International,Trade,Cao su,Xuất khẩu,Export_Volume,22874.0,ton,Actual,PL11
65ccf13427efd1bc,2011,11,HÀN QUỐC,International,Trade,Cao su,Xuất khẩu,Export_Value,95040.0,1000_USD,Actual,PL11
b0ed071026ce2fb6,2011,11,ĐỨC,International,Trade,Cao su,Xuất khẩu,Export_Volume,19120.0,ton,Actual,PL11
332648bd7dd1714a,2011,11,ĐỨC,International,Trade,Cao su,Xuất khẩu,Export_Value,91952.0,1000_USD,Actual,PL11
ba8c4032bfc4d7a1,2011,11,HOA KỲ,International,Trade,Cao su,Xuất khẩu,Export_Volume,16514.0,ton,Actual,PL11
26f7aa3d17a62683,2011,11,HOA KỲ,International,Trade,Cao su,Xuất khẩu,Export_Value,63550.0,1000_USD,Actual,PL11
56b8c736cfda03fa,2011,11,ẤN ĐỘ,International,Trade,Cao su,Xuất khẩu,Export_Volume,9933.0,ton,Actual,PL11
7273007c9efc9d6b,2011,11,ẤN ĐỘ,International,Trade,Cao su,Xuất khẩu,Export_Value,45933.0,1000_USD,Actual,PL11
11edffd4cb92a17c,2011,11,THỔ NHĨ KỲ,International,Trade,Cao su,Xuất khẩu,Export_Volume,8923.0,ton,Actual,PL11
e64f0232cb929334,2011,11,THỔ NHĨ KỲ,International,Trade,Cao su,Xuất khẩu,Export_Value,39685.0,1000_USD,Actual,PL11
67b1aa00c1a79bf1,2011,11,NGA,International,Trade,Cao su,Xuất khẩu,Export_Volume,7885.0,ton,Actual,PL11
aad5c2ffd5927782,2011,11,NGA,International,Trade,Cao su,Xuất khẩu,Export_Value,39091.0,1000_USD,Actual,PL11
19c0ac4cf7ceeefb,2011,11,NHẬT BẢN,International,Trade,Cao su,Xuất khẩu,Export_Volume,7051.0,ton,Actual,PL11
1ccf04a0e5afb459,2011,11,NHẬT BẢN,International,Trade,Cao su,Xuất khẩu,Export_Value,35552.0,1000_USD,Actual,PL11
eda69f6917976153,2011,11,PAKIXTAN,International,Trade,Chè,Xuất khẩu,Export_Volume,12861.0,ton,Actual,PL11
7aa272e70f335f10,2011,11,PAKIXTAN,International,Trade,Chè,Xuất khẩu,Export_Value,23998.0,1000_USD,Actual,PL11
b291f467419f7f96,2011,11,ĐÀI LOAN,International,Trade,Chè,Xuất khẩu,Export_Volume,15488.0,ton,Actual,PL11
48cc978ae5e6962a,2011,11,ĐÀI LOAN,International,Trade,Chè,Xuất khẩu,Export_Value,19755.0,1000_USD,Actual,PL11
93c9191e95b398bb,2011,11,NGA,International,Trade,Chè,Xuất khẩu,Export_Volume,11249.0,ton,Actual,PL11
c8343584b1ee35d4,2011,11,NGA,International,Trade,Chè,Xuất khẩu,Export_Value,16764.0,1000_USD,Actual,PL11
43a322e4b3728623,2011,11,TRUNG QUỐC,International,Trade,Chè,Xuất khẩu,Export_Volume,9953.0,ton,Actual,PL11
3713b0f5c18bdcad,2011,11,TRUNG QUỐC,International,Trade,Chè,Xuất khẩu,Export_Value,11813.0,1000_USD,Actual,PL11
c0902e669b42e23f,2011,11,IN ĐÔ NÊ XI A,International,Trade,Chè,Xuất khẩu,Export_Volume,7045.0,ton,Actual,PL11
ee7cea6e6994ecb2,2011,11,IN ĐÔ NÊ XI A,International,Trade,Chè,Xuất khẩu,Export_Value,7176.0,1000_USD,Actual,PL11
6de22589913c4523,2011,11,ARẬP XÊÚT,International,Trade,Chè,Xuất khẩu,Export_Volume,1901.0,ton,Actual,PL11
924f615f0096319d,2011,11,ARẬP XÊÚT,International,Trade,Chè,Xuất khẩu,Export_Value,4404.0,1000_USD,Actual,PL11
1f4270e1793c0161,2011,11,ĐỨC,International,Trade,Chè,Xuất khẩu,Export_Volume,2373.0,ton,Actual,PL11
dd9edd52995a17d8,2011,11,ĐỨC,International,Trade,Chè,Xuất khẩu,Export_Value,3573.0,1000_USD,Actual,PL11
5045849e66181b80,2011,11,TVQ ARẬP THỐNG NHẤT,International,Trade,Chè,Xuất khẩu,Export_Volume,1833.0,ton,Actual,PL11
c1b9fe6a2e1a26cd,2011,11,TVQ ARẬP THỐNG NHẤT,International,Trade,Chè,Xuất khẩu,Export_Value,3459.0,1000_USD,Actual,PL11
4e682ea384e076d6,2011,11,HOA KỲ,International,Trade,Chè,Xuất khẩu,Export_Volume,2937.0,ton,Actual,PL11
586eb2e4a3d2d640,2011,11,HOA KỲ,International,Trade,Chè,Xuất khẩu,Export_Value,3197.0,1000_USD,Actual,PL11
a45d2bb455be0ebe,2011,11,BA LAN,International,Trade,Chè,Xuất khẩu,Export_Volume,1958.0,ton,Actual,PL11
daed92bb62f54ebc,2011,11,BA LAN,International,Trade,Chè,Xuất khẩu,Export_Value,2179.0,1000_USD,Actual,PL11
1a8f719b5675bf5e,2011,11,IN ĐÔ NÊ XI A,International,Trade,Gạo,Xuất khẩu,Export_Volume,1184293.0,ton,Actual,PL11
3c03d93283250526,2011,11,IN ĐÔ NÊ XI A,International,Trade,Gạo,Xuất khẩu,Export_Value,616398.0,1000_USD,Actual,PL11
96fa44778a5d3f32,2011,11,PHI LIP PIN,International,Trade,Gạo,Xuất khẩu,Export_Volume,917814.0,ton,Actual,PL11
7be9e1007cc2dc16,2011,11,PHI LIP PIN,International,Trade,Gạo,Xuất khẩu,Export_Value,444919.0,1000_USD,Actual,PL11
141a2b2a05a507cc,2011,11,CUBA,International,Trade,Gạo,Xuất khẩu,Export_Volume,404150.0,ton,Actual,PL11
ce51c718efccb6a3,2011,11,CUBA,International,Trade,Gạo,Xuất khẩu,Export_Value,215764.0,1000_USD,Actual,PL11
5d080bf22f5f7654,2011,11,MALAIXIA,International,Trade,Gạo,Xuất khẩu,Export_Volume,397913.0,ton,Actual,PL11
6342db0af1db699c,2011,11,MALAIXIA,International,Trade,Gạo,Xuất khẩu,Export_Value,208823.0,1000_USD,Actual,PL11
295cf58e3c58df77,2011,11,BĂNG LA ĐÉT,International,Trade,Gạo,Xuất khẩu,Export_Volume,339600.0,ton,Actual,PL11
e61172220192cd7b,2011,11,BĂNG LA ĐÉT,International,Trade,Gạo,Xuất khẩu,Export_Value,180380.0,1000_USD,Actual,PL11
512a95db68d4c9ac,2011,11,XÊ NÊ GAN,International,Trade,Gạo,Xuất khẩu,Export_Volume,407587.0,ton,Actual,PL11
60a4b35177f6bd8e,2011,11,XÊ NÊ GAN,International,Trade,Gạo,Xuất khẩu,Export_Value,168504.0,1000_USD,Actual,PL11
2096b209081e3feb,2011,11,XINH GA PO,International,Trade,Gạo,Xuất khẩu,Export_Volume,313501.0,ton,Actual,PL11
1006ef942cc2f8a9,2011,11,XINH GA PO,International,Trade,Gạo,Xuất khẩu,Export_Value,156283.0,1000_USD,Actual,PL11
0115a305437ae525,2011,11,TRUNG QUỐC,International,Trade,Gạo,Xuất khẩu,Export_Volume,284738.0,ton,Actual,PL11
36f5412022c6aeea,2011,11,TRUNG QUỐC,International,Trade,Gạo,Xuất khẩu,Export_Value,143475.0,1000_USD,Actual,PL11
23d07729ca9a68b2,2011,11,BỜ BIỂN NGÀ,International,Trade,Gạo,Xuất khẩu,Export_Volume,280607.0,ton,Actual,PL11
6dbb0b96d16bb220,2011,11,BỜ BIỂN NGÀ,International,Trade,Gạo,Xuất khẩu,Export_Value,131873.0,1000_USD,Actual,PL11
399dc6a32cab872a,2011,11,GANA,International,Trade,Gạo,Xuất khẩu,Export_Volume,130707.0,ton,Actual,PL11
b11495834a0229cb,2011,11,GANA,International,Trade,Gạo,Xuất khẩu,Export_Value,71741.0,1000_USD,Actual,PL11
2d8f05700ca0d3d7,2011,11,HOA KỲ,International,Trade,Gỗ & sản phẩm gỗ,Xuất khẩu,Export_Value,1004680.0,1000_USD,Actual,PL11
88006c21ea8dc711,2011,11,TRUNG QUỐC,International,Trade,Gỗ & sản phẩm gỗ,Xuất khẩu,Export_Value,510986.0,1000_USD,Actual,PL11
8536ad0753bfddd8,2011,11,NHẬT BẢN,International,Trade,Gỗ & sản phẩm gỗ,Xuất khẩu,Export_Value,416118.0,1000_USD,Actual,PL11
59bf2a5631f1de19,2011,11,HÀN QUỐC,International,Trade,Gỗ & sản phẩm gỗ,Xuất khẩu,Export_Value,142033.0,1000_USD,Actual,PL11
9874e3c5ea52eaed,2011,11,ANH,International,Trade,Gỗ & sản phẩm gỗ,Xuất khẩu,Export_Value,115461.0,1000_USD,Actual,PL11
7e6bb295038dc248,2011,11,ĐỨC,International,Trade,Gỗ & sản phẩm gỗ,Xuất khẩu,Export_Value,79995.0,1000_USD,Actual,PL11
783f531f3f389f28,2011,11,Ô X TRÂY LIA,International,Trade,Gỗ & sản phẩm gỗ,Xuất khẩu,Export_Value,70058.0,1000_USD,Actual,PL11
4257da94bf17a68c,2011,11,CA NA ĐA,International,Trade,Gỗ & sản phẩm gỗ,Xuất khẩu,Export_Value,63486.0,1000_USD,Actual,PL11
d99996149e4da434,2011,11,PHÁP,International,Trade,Gỗ & sản phẩm gỗ,Xuất khẩu,Export_Value,45273.0,1000_USD,Actual,PL11
b3cc81adc9c4d640,2011,11,HÀ LAN,International,Trade,Gỗ & sản phẩm gỗ,Xuất khẩu,Export_Value,41688.0,1000_USD,Actual,PL11
60b0166dd606c714,2011,11,HOA KỲ,International,Trade,Bông các loại,Nhập khẩu,Import_Volume,124767.0,ton,Actual,PL12
6f97ea2648fc8549,2011,11,HOA KỲ,International,Trade,Bông các loại,Nhập khẩu,Import_Value,450328.0,1000_USD,Actual,PL12
1635369d6cddc296,2011,11,ẤN ĐỘ,International,Trade,Bông các loại,Nhập khẩu,Import_Volume,27371.0,ton,Actual,PL12
80cae5643d84e891,2011,11,ẤN ĐỘ,International,Trade,Bông các loại,Nhập khẩu,Import_Value,87169.0,1000_USD,Actual,PL12
faab325a7e53242f,2011,11,BRAXIN,International,Trade,Bông các loại,Nhập khẩu,Import_Volume,8954.0,ton,Actual,PL12
4eba6b145a212816,2011,11,BRAXIN,International,Trade,Bông các loại,Nhập khẩu,Import_Value,29371.0,1000_USD,Actual,PL12
734897ad820097db,2011,11,PAKIXTAN,International,Trade,Bông các loại,Nhập khẩu,Import_Volume,8525.0,ton,Actual,PL12
56f46cd5e7f3a7d2,2011,11,PAKIXTAN,International,Trade,Bông các loại,Nhập khẩu,Import_Value,23675.0,1000_USD,Actual,PL12
f2524558f1e6aed8,2011,11,Ô X TRÂY LIA,International,Trade,Bông các loại,Nhập khẩu,Import_Volume,5115.0,ton,Actual,PL12
ad127129ca7bd909,2011,11,Ô X TRÂY LIA,International,Trade,Bông các loại,Nhập khẩu,Import_Value,19389.0,1000_USD,Actual,PL12
48f9ba8251d5f5e7,2011,11,BỜ BIỂN NGÀ,International,Trade,Bông các loại,Nhập khẩu,Import_Volume,4299.0,ton,Actual,PL12
083e1d559daa32eb,2011,11,BỜ BIỂN NGÀ,International,Trade,Bông các loại,Nhập khẩu,Import_Value,12682.0,1000_USD,Actual,PL12
61426feaa6045384,2011,11,ACHENTINA,International,Trade,Bông các loại,Nhập khẩu,Import_Volume,3583.0,ton,Actual,PL12
8c3d5bb4794b601d,2011,11,ACHENTINA,International,Trade,Bông các loại,Nhập khẩu,Import_Value,11618.0,1000_USD,Actual,PL12
97856369657eedc7,2011,11,TRUNG QUỐC,International,Trade,Bông các loại,Nhập khẩu,Import_Volume,1440.0,ton,Actual,PL12
1879f99fd7ae4e43,2011,11,TRUNG QUỐC,International,Trade,Bông các loại,Nhập khẩu,Import_Value,6047.0,1000_USD,Actual,PL12
d51cb02716091a26,2011,11,PHÁP,International,Trade,Bông các loại,Nhập khẩu,Import_Volume,752.0,ton,Actual,PL12
7a0485b424583d44,2011,11,PHÁP,International,Trade,Bông các loại,Nhập khẩu,Import_Value,1723.0,1000_USD,Actual,PL12
a84646ce2a5e8072,2011,11,IN ĐÔ NÊ XI A,International,Trade,Bông các loại,Nhập khẩu,Import_Volume,506.0,ton,Actual,PL12
550e1a359c0e4032,2011,11,IN ĐÔ NÊ XI A,International,Trade,Bông các loại,Nhập khẩu,Import_Value,1282.0,1000_USD,Actual,PL12
8d1b74f998efbe52,2011,11,CAMPUCHIA,International,Trade,Cao su,Nhập khẩu,Import_Volume,30987.0,ton,Actual,PL12
38c52002d6e4d3d0,2011,11,CAMPUCHIA,International,Trade,Cao su,Nhập khẩu,Import_Value,141461.0,1000_USD,Actual,PL12
20452730ae6585bc,2011,11,HÀN QUỐC,International,Trade,Cao su,Nhập khẩu,Import_Volume,39057.0,ton,Actual,PL12
fe2a07b9819c5ac2,2011,11,HÀN QUỐC,International,Trade,Cao su,Nhập khẩu,Import_Value,132908.0,1000_USD,Actual,PL12
e19b4759391aad92,2011,11,THÁI LAN,International,Trade,Cao su,Nhập khẩu,Import_Volume,31176.0,ton,Actual,PL12
01ea02ac3cab8dd3,2011,11,THÁI LAN,International,Trade,Cao su,Nhập khẩu,Import_Value,109774.0,1000_USD,Actual,PL12
d57f019800888e0a,2011,11,ĐÀI LOAN,International,Trade,Cao su,Nhập khẩu,Import_Volume,24092.0,ton,Actual,PL12
b9885f71ae271e54,2011,11,ĐÀI LOAN,International,Trade,Cao su,Nhập khẩu,Import_Value,75616.0,1000_USD,Actual,PL12
cf19aa15035f1cca,2011,11,NHẬT BẢN,International,Trade,Cao su,Nhập khẩu,Import_Volume,19404.0,ton,Actual,PL12
f1b2ed3cf4f41ba6,2011,11,NHẬT BẢN,International,Trade,Cao su,Nhập khẩu,Import_Value,67517.0,1000_USD,Actual,PL12
98a58c766ca1afea,2011,11,TRUNG QUỐC,International,Trade,Cao su,Nhập khẩu,Import_Volume,17800.0,ton,Actual,PL12
44e378be8c1c2659,2011,11,TRUNG QUỐC,International,Trade,Cao su,Nhập khẩu,Import_Value,47550.0,1000_USD,Actual,PL12
a8e65acb0263b176,2011,11,HOA KỲ,International,Trade,Cao su,Nhập khẩu,Import_Volume,20439.0,ton,Actual,PL12
d58eef195f29152e,2011,11,HOA KỲ,International,Trade,Cao su,Nhập khẩu,Import_Value,22919.0,1000_USD,Actual,PL12
3d29de919a33fc48,2011,11,NGA,International,Trade,Cao su,Nhập khẩu,Import_Volume,4533.0,ton,Actual,PL12
4f92302b4a3842db,2011,11,NGA,International,Trade,Cao su,Nhập khẩu,Import_Value,20295.0,1000_USD,Actual,PL12
52153e347206d2d2,2011,11,PHÁP,International,Trade,Cao su,Nhập khẩu,Import_Volume,6285.0,ton,Actual,PL12
b2c9c956b10240ed,2011,11,PHÁP,International,Trade,Cao su,Nhập khẩu,Import_Value,11926.0,1000_USD,Actual,PL12
f3843438f44c4410,2011,11,MALAIXIA,International,Trade,Cao su,Nhập khẩu,Import_Volume,6075.0,ton,Actual,PL12
4527643d6924f396,2011,11,MALAIXIA,International,Trade,Cao su,Nhập khẩu,Import_Value,8343.0,1000_USD,Actual,PL12
b278539e6dfb33fe,2011,11,MALAIXIA,International,Trade,Dầu mỡ động thực vật,Nhập khẩu,Import_Value,406648.0,1000_USD,Actual,PL12
5ef7c63377290912,2011,11,IN ĐÔ NÊ XI A,International,Trade,Dầu mỡ động thực vật,Nhập khẩu,Import_Value,152715.0,1000_USD,Actual,PL12
93d90c94c77c8ba5,2011,11,ACHENTINA,International,Trade,Dầu mỡ động thực vật,Nhập khẩu,Import_Value,92227.0,1000_USD,Actual,PL12
9d3038412cf45f31,2011,11,THÁI LAN,International,Trade,Dầu mỡ động thực vật,Nhập khẩu,Import_Value,18945.0,1000_USD,Actual,PL12
5d9dc239028f0b92,2011,11,CHI LÊ,International,Trade,Dầu mỡ động thực vật,Nhập khẩu,Import_Value,7079.0,1000_USD,Actual,PL12
c434f19f3e3c0b6a,2011,11,TRUNG QUỐC,International,Trade,Dầu mỡ động thực vật,Nhập khẩu,Import_Value,4791.0,1000_USD,Actual,PL12
6ca551d083591042,2011,11,HOA KỲ,International,Trade,Dầu mỡ động thực vật,Nhập khẩu,Import_Value,3546.0,1000_USD,Actual,PL12
e97a565f75ee8646,2011,11,ẤN ĐỘ,International,Trade,Dầu mỡ động thực vật,Nhập khẩu,Import_Value,3159.0,1000_USD,Actual,PL12
1ce33e3a7182fec6,2011,11,HÀN QUỐC,International,Trade,Dầu mỡ động thực vật,Nhập khẩu,Import_Value,3028.0,1000_USD,Actual,PL12
66fed3eba0d00bba,2011,11,Ô X TRÂY LIA,International,Trade,Dầu mỡ động thực vật,Nhập khẩu,Import_Value,2446.0,1000_USD,Actual,PL12
c05edf3498a11fa0,2011,11,Ô X TRÂY LIA,International,Trade,Lúa mì,Nhập khẩu,Import_Volume,1626195.0,ton,Actual,PL12
624095684fd720bf,2011,11,Ô X TRÂY LIA,International,Trade,Lúa mì,Nhập khẩu,Import_Value,546171.0,1000_USD,Actual,PL12
2d5916306c1e5b0e,2011,11,HOA KỲ,International,Trade,Lúa mì,Nhập khẩu,Import_Volume,168699.0,ton,Actual,PL12
b5e9c8783e68e988,2011,11,HOA KỲ,International,Trade,Lúa mì,Nhập khẩu,Import_Value,65914.0,1000_USD,Actual,PL12
6a192059dac13db1,2011,11,CA NA ĐA,International,Trade,Lúa mì,Nhập khẩu,Import_Volume,12907.0,ton,Actual,PL12
116fb746fc18ae68,2011,11,CA NA ĐA,International,Trade,Lúa mì,Nhập khẩu,Import_Value,5676.0,1000_USD,Actual,PL12
0e3c2694bb532309,2011,11,LÀO,International,Trade,Gỗ & sản phẩm gỗ,Nhập khẩu,Import_Value,229294.0,1000_USD,Actual,PL12
af3f4d50389a199a,2011,11,TRUNG QUỐC,International,Trade,Gỗ & sản phẩm gỗ,Nhập khẩu,Import_Value,129326.0,1000_USD,Actual,PL12
4c4f6749384f6b4a,2011,11,HOA KỲ,International,Trade,Gỗ & sản phẩm gỗ,Nhập khẩu,Import_Value,108509.0,1000_USD,Actual,PL12
e05d6d23367b506b,2011,11,MALAIXIA,International,Trade,Gỗ & sản phẩm gỗ,Nhập khẩu,Import_Value,69443.0,1000_USD,Actual,PL12
4fcb6fe1e075f1ac,2011,11,THÁI LAN,International,Trade,Gỗ & sản phẩm gỗ,Nhập khẩu,Import_Value,68169.0,1000_USD,Actual,PL12
6433677437f71dcc,2011,11,NIU ZI LÂN,International,Trade,Gỗ & sản phẩm gỗ,Nhập khẩu,Import_Value,50052.0,1000_USD,Actual,PL12
c87bb8f197267d91,2011,11,MI AN MA,International,Trade,Gỗ & sản phẩm gỗ,Nhập khẩu,Import_Value,33984.0,1000_USD,Actual,PL12
fce7a7debbfce9b6,2011,11,CAMPUCHIA,International,Trade,Gỗ & sản phẩm gỗ,Nhập khẩu,Import_Value,30844.0,1000_USD,Actual,PL12
e31e52ed4f7d5bfe,2011,11,BRAXIN,International,Trade,Gỗ & sản phẩm gỗ,Nhập khẩu,Import_Value,21045.0,1000_USD,Actual,PL12
da0fec08da279bd9,2011,11,CHI LÊ,International,Trade,Gỗ & sản phẩm gỗ,Nhập khẩu,Import_Value,16872.0,1000_USD,Actual,PL12
d7bfca7b84ca6526,2011,11,TRUNG QUỐC,International,Trade,Phân bón các loại,Nhập khẩu,Import_Volume,1427814.0,ton,Actual,PL12
a3e0fd4edf605f79,2011,11,TRUNG QUỐC,International,Trade,Phân bón các loại,Nhập khẩu,Import_Value,570588.0,1000_USD,Actual,PL12
be681ee00589f1ff,2011,11,BÊ LA RÚT,International,Trade,Phân bón các loại,Nhập khẩu,Import_Volume,289667.0,ton,Actual,PL12
95a02692cedebcec,2011,11,BÊ LA RÚT,International,Trade,Phân bón các loại,Nhập khẩu,Import_Value,129358.0,1000_USD,Actual,PL12
3d0ab329d33365bd,2011,11,PHI LIP PIN,International,Trade,Phân bón các loại,Nhập khẩu,Import_Volume,255340.0,ton,Actual,PL12
b7230a68e7a5f2f9,2011,11,PHI LIP PIN,International,Trade,Phân bón các loại,Nhập khẩu,Import_Value,121043.0,1000_USD,Actual,PL12
1e5822aed64e3c2a,2011,11,CA NA ĐA,International,Trade,Phân bón các loại,Nhập khẩu,Import_Volume,155329.0,ton,Actual,PL12
1638820dc3467b34,2011,11,CA NA ĐA,International,Trade,Phân bón các loại,Nhập khẩu,Import_Value,73990.0,1000_USD,Actual,PL12
f1de9e58d7ece11f,2011,11,IXRAEN,International,Trade,Phân bón các loại,Nhập khẩu,Import_Volume,148571.0,ton,Actual,PL12
83a2a8db3beae75f,2011,11,IXRAEN,International,Trade,Phân bón các loại,Nhập khẩu,Import_Value,68607.0,1000_USD,Actual,PL12
9e5bfad83371bf5d,2011,11,NGA,International,Trade,Phân bón các loại,Nhập khẩu,Import_Volume,100598.0,ton,Actual,PL12
4993b3706c681985,2011,11,NGA,International,Trade,Phân bón các loại,Nhập khẩu,Import_Value,46994.0,1000_USD,Actual,PL12
0c557b7f3efdfc69,2011,10,Cả nước,National,Investment,Vốn thực hiện đầu tư,,Investment_Amount,3490600.0,million_VND,Plan,PL13
7b169e22117d8cbc,2011,10,Cả nước,National,Investment,Vốn thực hiện đầu tư,,Investment_Amount,3717187.0,million_VND,Cumulative,PL13
73ef49104f8ae181,2011,10,Cả nước,National,Investment,Đầu tư Thuỷ lợi,,Investment_Amount,2117471.0,million_VND,Plan,PL13
47a78260b1d44dba,2011,10,Cả nước,National,Investment,Đầu tư Thuỷ lợi,,Investment_Amount,2099571.0,million_VND,Cumulative,PL13
ccc4bfe3c60b9105,2011,10,Cả nước,National,Investment,Đầu tư Nông nghiệp,,Investment_Amount,700300.0,million_VND,Plan,PL13
8c5ec8dfc56435b2,2011,10,Cả nước,National,Investment,Đầu tư Nông nghiệp,,Investment_Amount,1064510.0,million_VND,Cumulative,PL13
35be5a48bd9ba7cd,2011,10,Cả nước,National,Investment,Đầu tư Lâm nghiệp,,Investment_Amount,283000.0,million_VND,Plan,PL13
8604ad90b9a53715,2011,10,Cả nước,National,Investment,Đầu tư Lâm nghiệp,,Investment_Amount,248592.0,million_VND,Cumulative,PL13
3993aa60ea07cdaa,2011,10,Cả nước,National,Investment,Đầu tư Thuỷ sản,,Investment_Amount,22929.0,million_VND,Plan,PL13
003132f4d14e7305,2011,10,Cả nước,National,Investment,Đầu tư Thuỷ sản,,Investment_Amount,21214.0,million_VND,Cumulative,PL13
8b6f3a33884bafac,2011,10,Cả nước,National,Investment,Chương trình trọng điểm pháttriển và ứng dụng công nghệ sinhhọc,,Investment_Amount,30000.0,million_VND,Plan,PL13
a2be8cf793033327,2011,10,Cả nước,National,Investment,Chương trình trọng điểm pháttriển và ứng dụng công nghệ sinhhọc,,Investment_Amount,15230.0,million_VND,Cumulative,PL13
0871da5f6d022f6b,2011,10,Cả nước,National,Investment,Khoa học - Công nghệ,,Investment_Amount,52100.0,million_VND,Plan,PL13
fcfde2dc94bf4b1e,2011,10,Cả nước,National,Investment,Khoa học - Công nghệ,,Investment_Amount,38900.0,million_VND,Cumulative,PL13
128deda82486e99f,2011,10,Cả nước,National,Investment,Giáo dục - Đào tạo,,Investment_Amount,91000.0,million_VND,Plan,PL13
42b61ef164599479,2011,10,Cả nước,National,Investment,Giáo dục - Đào tạo,,Investment_Amount,82500.0,million_VND,Cumulative,PL13
dced9044e37f4915,2011,10,Cả nước,National,Investment,Các ngành khác,,Investment_Amount,193800.0,million_VND,Plan,PL13
eb444b69dc9d44ab,2011,10,Cả nước,National,Investment,Các ngành khác,,Investment_Amount,161900.0,million_VND,Cumulative,PL13
dd37533174832d3c,2011,10,Cả nước,National,Investment,Vốn đầu tư theo các mục tiêunhiệm vụ cụ thể,,Investment_Amount,277000.0,million_VND,Plan,PL13
814cc60d75c0857c,2011,10,Cả nước,National,Investment,Vốn đầu tư theo các mục tiêunhiệm vụ cụ thể,,Investment_Amount,237757.0,million_VND,Cumulative,PL13
0d65c756ecb7a797,2011,10,Cả nước,National,Investment,Bổ sung dự trữ Quốc gia,,Investment_Amount,71000.0,million_VND,Plan,PL13
30f7913b8c797cc0,2011,10,Cả nước,National,Investment,Vốn chuẩn bị đầu tư,,Investment_Amount,39700.0,million_VND,Plan,PL13
9a3e298b32cd96b0,2011,10,Cả nước,National,Investment,Vốn chuẩn bị đầu tư,,Investment_Amount,40463.0,million_VND,Cumulative,PL13
376a2cf7c06e3350,2011,10,Cả nước,National,Investment,Vốn trái phiếu Chính phủ,,Investment_Amount,3500000.0,million_VND,Plan,PL13
550dc8c6d6699a17,2011,10,Cả nước,National,Investment,Vốn trái phiếu Chính phủ,,Investment_Amount,3345142.0,million_VND,Cumulative,PL13
400b2851c6d59e87,2011,10,Cả nước,National,Investment,Các dự án có trong QĐ171,,Investment_Amount,2655100.0,million_VND,Plan,PL13
a0561892c8d846e0,2011,10,Cả nước,National,Investment,Các dự án có trong QĐ171,,Investment_Amount,2575142.0,million_VND,Cumulative,PL13
9fb103f014d4202c,2011,10,Cả nước,National,Investment,Các dự án cấp bách bổ sung,,Investment_Amount,404000.0,million_VND,Plan,PL13
72238b91a9d4c811,2011,10,Cả nước,National,Investment,Các dự án cấp bách bổ sung,,Investment_Amount,395000.0,million_VND,Cumulative,PL13
e044708f549e4049,2011,10,Cả nước,National,Investment,Các dự án thuỷ lợi ĐBSHồng,,Investment_Amount,440900.0,million_VND,Plan,PL13
782bf9898c02994b,2011,10,Cả nước,National,Investment,Các dự án thuỷ lợi ĐBSHồng,,Investment_Amount,375000.0,million_VND,Cumulative,PL13
d53adecd3e8885d6,2011,10,Cả nước,National,Investment,Tổng vốn đầu tư : = A + B,,Investment_Amount,7378300.0,million_VND,Plan,PL13
cb8adfc742f58818,2011,10,Cả nước,National,Investment,Tổng vốn đầu tư : = A + B,,Investment_Amount,7340549.0,million_VND,Cumulative,PL13
2c8d78f42e05306e,2011,10,Miền Bắc,Provincial,Cultivation,Lúa,,Area_Harvested,555725.0,ha,Actual,PL2
27b5ce1f24413761,2011,10,Miền Bắc,Provincial,Cultivation,Lúa,,Harvest_percent,470.0,percent,Actual,PL2
6f07b55478a3dc15,2011,10,Miền Bắc,Provincial,Cultivation,Lúa,,Area_Planted,191193.0,ha,Actual,PL2
b85f4066da644e73,2011,10,Miền Bắc,Provincial,Cultivation,Ngô,,Area_Planted,82149.0,ha,Actual,PL2
2e81b330396fb8a8,2011,10,Miền Bắc,Provincial,Cultivation,Khoai lang,,Area_Planted,17391.0,ha,Actual,PL2
67d9cb54d2daeda9,2011,10,Miền Bắc,Provincial,Cultivation,Đậu,,Area_Planted,23279.0,ha,Actual,PL2
d94015744ec89e67,2011,10,Miền Bắc,Provincial,Cultivation,Lạc,,Area_Planted,4075.0,ha,Actual,PL2
6f07b55478a3dc15,2011,10,Miền Bắc,Provincial,Cultivation,Lúa,,Area_Planted,665.0,ha,Actual,PL2
612e38ea00d929d6,2011,10,Miền Bắc,Provincial,Cultivation,Rau,,Area_Planted,41154.0,ha,Actual,PL2
a964564061c2245a,2011,10,ĐB sông Hồng,Provincial,Cultivation,Lúa,,Area_Harvested,276133.0,ha,Actual,PL2
ec75d0e13f1504d6,2011,10,ĐB sông Hồng,Provincial,Cultivation,Lúa,,Harvest_percent,482.0,percent,Actual,PL2
9337a6151afc0c0d,2011,10,ĐB sông Hồng,Provincial,Cultivation,Lúa,,Area_Planted,91773.0,ha,Actual,PL2
b777fe5b8f46e2b1,2011,10,ĐB sông Hồng,Provincial,Cultivation,Ngô,,Area_Planted,30311.0,ha,Actual,PL2
5a10bb95ecabcc3a,2011,10,ĐB sông Hồng,Provincial,Cultivation,Khoai lang,,Area_Planted,5440.0,ha,Actual,PL2
2b0d400df51eccfb,2011,10,ĐB sông Hồng,Provincial,Cultivation,Đậu,,Area_Planted,16105.0,ha,Actual,PL2
60a327e3ef3b0dd7,2011,10,ĐB sông Hồng,Provincial,Cultivation,Lạc,,Area_Planted,566.0,ha,Actual,PL2
9337a6151afc0c0d,2011,10,ĐB sông Hồng,Provincial,Cultivation,Lúa,,Area_Planted,241.0,ha,Actual,PL2
e27c9298734f2e9e,2011,10,ĐB sông Hồng,Provincial,Cultivation,Rau,,Area_Planted,20391.0,ha,Actual,PL2
75a2a9482eb7a0e3,2011,10,Hà Nội,Provincial,Cultivation,Lúa,,Area_Harvested,88249.0,ha,Actual,PL2
a0cc39d15601abcf,2011,10,Hà Nội,Provincial,Cultivation,Lúa,,Harvest_percent,867.0,percent,Actual,PL2
d20f174ea2f62070,2011,10,Hà Nội,Provincial,Cultivation,Lúa,,Area_Planted,21973.0,ha,Actual,PL2
3a8cb67801ff6704,2011,10,Hà Nội,Provincial,Cultivation,Ngô,,Area_Planted,6475.0,ha,Actual,PL2
7dd5edf3e3518297,2011,10,Hà Nội,Provincial,Cultivation,Khoai lang,,Area_Planted,1203.0,ha,Actual,PL2
5dd86629c105dce1,2011,10,Hà Nội,Provincial,Cultivation,Đậu,,Area_Planted,7059.0,ha,Actual,PL2
4e09bd52b99c6285,2011,10,Hà Nội,Provincial,Cultivation,Lạc,,Area_Planted,146.0,ha,Actual,PL2
ac675d81de824b51,2011,10,Hà Nội,Provincial,Cultivation,Rau,,Area_Planted,5872.0,ha,Actual,PL2
b08da73e76f3cc25,2011,10,Hải Phòng,Provincial,Cultivation,Lúa,,Area_Harvested,12000.0,ha,Actual,PL2
6342ce9d2ad7d075,2011,10,Hải Phòng,Provincial,Cultivation,Lúa,,Harvest_percent,291.0,percent,Actual,PL2
f6d5b19c2378142a,2011,10,Hải Phòng,Provincial,Cultivation,Lúa,,Area_Planted,3350.0,ha,Actual,PL2
6a0e67990dc42f7f,2011,10,Hải Phòng,Provincial,Cultivation,Ngô,,Area_Planted,1500.0,ha,Actual,PL2
3d4cbb506a5d90db,2011,10,Hải Phòng,Provincial,Cultivation,Khoai lang,,Area_Planted,1200.0,ha,Actual,PL2
5c57857e9799c91f,2011,10,Hải Phòng,Provincial,Cultivation,Rau,,Area_Planted,650.0,ha,Actual,PL2
edaa75f21e1ec567,2011,10,Vĩnh Phúc,Provincial,Cultivation,Lúa,,Area_Harvested,28480.0,ha,Actual,PL2
2e505e5cae3f8cf6,2011,10,Vĩnh Phúc,Provincial,Cultivation,Lúa,,Harvest_percent,1000.0,percent,Actual,PL2
44c967da03ce4122,2011,10,Vĩnh Phúc,Provincial,Cultivation,Lúa,,Area_Planted,16312.0,ha,Actual,PL2
a707df992901291d,2011,10,Vĩnh Phúc,Provincial,Cultivation,Ngô,,Area_Planted,10110.0,ha,Actual,PL2
2a08d80d5232ddb9,2011,10,Vĩnh Phúc,Provincial,Cultivation,Khoai lang,,Area_Planted,1315.0,ha,Actual,PL2
1f752125d671cd72,2011,10,Vĩnh Phúc,Provincial,Cultivation,Đậu,,Area_Planted,2648.0,ha,Actual,PL2
1a3223c2307214b6,2011,10,Vĩnh Phúc,Provincial,Cultivation,Lạc,,Area_Planted,220.0,ha,Actual,PL2
ec52520248d8b4a5,2011,10,Vĩnh Phúc,Provincial,Cultivation,Rau,,Area_Planted,2019.0,ha,Actual,PL2
8bb9a2aca6f62871,2011,10,Bắc Ninh,Provincial,Cultivation,Lúa,,Area_Harvested,16000.0,ha,Actual,PL2
19af278e35019265,2011,10,Bắc Ninh,Provincial,Cultivation,Lúa,,Harvest_percent,434.0,percent,Actual,PL2
cfd539ddd3e2cbb0,2011,10,Bắc Ninh,Provincial,Cultivation,Lúa,,Area_Planted,3260.0,ha,Actual,PL2
fefda5b6261e5cf6,2011,10,Bắc Ninh,Provincial,Cultivation,Ngô,,Area_Planted,1745.0,ha,Actual,PL2
1c6f3db5e91a8bd2,2011,10,Bắc Ninh,Provincial,Cultivation,Đậu,,Area_Planted,54.0,ha,Actual,PL2
2fbfdbcf3a822224,2011,10,Bắc Ninh,Provincial,Cultivation,Lạc,,Area_Planted,54.0,ha,Actual,PL2
86b935966b7fbd99,2011,10,Bắc Ninh,Provincial,Cultivation,Rau,,Area_Planted,1461.0,ha,Actual,PL2
94ba18d192cf3410,2011,10,Hải Dương,Provincial,Cultivation,Lúa,,Area_Harvested,15675.0,ha,Actual,PL2
aa83c56e6db8f79e,2011,10,Hải Dương,Provincial,Cultivation,Lúa,,Harvest_percent,249.0,percent,Actual,PL2
9bf48eea9e6392bd,2011,10,Hải Dương,Provincial,Cultivation,Lúa,,Area_Planted,8000.0,ha,Actual,PL2
de86a353f5e265b4,2011,10,Hưng Yên,Provincial,Cultivation,Lúa,,Area_Harvested,15000.0,ha,Actual,PL2
505a1eaf41273f6a,2011,10,Hưng Yên,Provincial,Cultivation,Lúa,,Harvest_percent,383.0,percent,Actual,PL2
383278689347083d,2011,10,Hưng Yên,Provincial,Cultivation,Lúa,,Area_Planted,6289.0,ha,Actual,PL2
400a570b150be229,2011,10,Hưng Yên,Provincial,Cultivation,Ngô,,Area_Planted,2968.0,ha,Actual,PL2
23bfee50c5a877da,2011,10,Hưng Yên,Provincial,Cultivation,Khoai lang,,Area_Planted,54.0,ha,Actual,PL2
a49ed6643ff1482f,2011,10,Hưng Yên,Provincial,Cultivation,Đậu,,Area_Planted,1389.0,ha,Actual,PL2
5034efe1b961b7db,2011,10,Hưng Yên,Provincial,Cultivation,Lạc,,Area_Planted,56.0,ha,Actual,PL2
fa329e9a41b5c9c3,2011,10,Hưng Yên,Provincial,Cultivation,Rau,,Area_Planted,1822.0,ha,Actual,PL2
0a193b1d1ccb135e,2011,10,Hà Nam,Provincial,Cultivation,Lúa,,Area_Harvested,30581.0,ha,Actual,PL2
42d8d2174472437a,2011,10,Hà Nam,Provincial,Cultivation,Lúa,,Harvest_percent,867.0,percent,Actual,PL2
fb4ae1259550f591,2011,10,Hà Nam,Provincial,Cultivation,Lúa,,Area_Planted,8745.0,ha,Actual,PL2
605b49db4e83a516,2011,10,Hà Nam,Provincial,Cultivation,Ngô,,Area_Planted,35691635.0,ha,Actual,PL2
6b75e398e334b336,2011,10,Hà Nam,Provincial,Cultivation,Khoai lang,,Area_Planted,379.0,ha,Actual,PL2
cbc41b6932cffd37,2011,10,Hà Nam,Provincial,Cultivation,Đậu,,Area_Planted,3416.0,ha,Actual,PL2
8bab6e080baf57a3,2011,10,Hà Nam,Provincial,Cultivation,Rau,,Area_Planted,1380.0,ha,Actual,PL2
deb8492179b92e2d,2011,10,Nam Định,Provincial,Cultivation,Lúa,,Area_Harvested,6500.0,ha,Actual,PL2
5130b3b9abdea63c,2011,10,Nam Định,Provincial,Cultivation,Lúa,,Harvest_percent,81.0,percent,Actual,PL2
3c3b3f0e7dd7b559,2011,10,Nam Định,Provincial,Cultivation,Lúa,,Area_Planted,5430.0,ha,Actual,PL2
cbb38a8f4de814e5,2011,10,Nam Định,Provincial,Cultivation,Ngô,,Area_Planted,5430.0,ha,Actual,PL2
df3debf6e1f9d19a,2011,10,Nam Định,Provincial,Cultivation,Rau,,Area_Planted,3795.0,ha,Actual,PL2
81b12e5e6b064f41,2011,10,Thái Bình,Provincial,Cultivation,Lúa,,Area_Harvested,40000.0,ha,Actual,PL2
d79320a61ea1da43,2011,10,Thái Bình,Provincial,Cultivation,Lúa,,Harvest_percent,495.0,percent,Actual,PL2
42f0a3bb0b61cce0,2011,10,Thái Bình,Provincial,Cultivation,Lúa,,Area_Planted,9500.0,ha,Actual,PL2
d192fae8c2847847,2011,10,Ninh Bình,Provincial,Cultivation,Lúa,,Area_Harvested,13980.0,ha,Actual,PL2
3cbf45826a51648f,2011,10,Ninh Bình,Provincial,Cultivation,Lúa,,Harvest_percent,356.0,percent,Actual,PL2
c16c5d1d72e9edfa,2011,10,Ninh Bình,Provincial,Cultivation,Lúa,,Area_Planted,5488.0,ha,Actual,PL2
d8e3e4ffd9b56b1c,2011,10,Ninh Bình,Provincial,Cultivation,Ngô,,Area_Planted,1849.0,ha,Actual,PL2
8f2b46a3975e9fc9,2011,10,Ninh Bình,Provincial,Cultivation,Khoai lang,,Area_Planted,422.0,ha,Actual,PL2
d193273378aeeedc,2011,10,Ninh Bình,Provincial,Cultivation,Đậu,,Area_Planted,1539.0,ha,Actual,PL2
6944034192e87de8,2011,10,Ninh Bình,Provincial,Cultivation,Lạc,,Area_Planted,144.0,ha,Actual,PL2
c16c5d1d72e9edfa,2011,10,Ninh Bình,Provincial,Cultivation,Lúa,,Area_Planted,103.0,ha,Actual,PL2
f2ad8458866c2566,2011,10,Ninh Bình,Provincial,Cultivation,Rau,,Area_Planted,1431.0,ha,Actual,PL2
987c6e93183cc2d3,2011,10,Quảng Ninh,Provincial,Cultivation,Lúa,,Area_Harvested,9668.0,ha,Actual,PL2
d50448b99d913c2b,2011,10,Quảng Ninh,Provincial,Cultivation,Lúa,,Harvest_percent,363.0,percent,Actual,PL2
2d82882611802ac5,2011,10,Quảng Ninh,Provincial,Cultivation,Lúa,,Area_Planted,3426.0,ha,Actual,PL2
fd963b99b86ad326,2011,10,Quảng Ninh,Provincial,Cultivation,Ngô,,Area_Planted,460.0,ha,Actual,PL2
65c77f73cdd7570b,2011,10,Quảng Ninh,Provincial,Cultivation,Khoai lang,,Area_Planted,867.0,ha,Actual,PL2
2d82882611802ac5,2011,10,Quảng Ninh,Provincial,Cultivation,Lúa,,Area_Planted,138.0,ha,Actual,PL2
67fb91f911b6e94f,2011,10,Quảng Ninh,Provincial,Cultivation,Rau,,Area_Planted,1961.0,ha,Actual,PL2
ded1215c0c23e16d,2011,10,TD và MN,Provincial,Cultivation,Lúa,,Area_Harvested,157814.0,ha,Actual,PL2
ae8c12c00a0b91f5,2011,10,TD và MN,Provincial,Cultivation,Lúa,,Harvest_percent,370.0,percent,Actual,PL2
7b04e2f4d8865ac9,2011,10,TD và MN,Provincial,Cultivation,Lúa,,Area_Planted,40134.0,ha,Actual,PL2
8d06bc4c94acd9e5,2011,10,TD và MN,Provincial,Cultivation,Ngô,,Area_Planted,22976.0,ha,Actual,PL2
ed42ced7f3d6de23,2011,10,TD và MN,Provincial,Cultivation,Khoai lang,,Area_Planted,5617.0,ha,Actual,PL2
92b5e72594c93d46,2011,10,TD và MN,Provincial,Cultivation,Đậu,,Area_Planted,593.0,ha,Actual,PL2
3c2e05fa24eedd77,2011,10,TD và MN,Provincial,Cultivation,Lạc,,Area_Planted,912.0,ha,Actual,PL2
7b04e2f4d8865ac9,2011,10,TD và MN,Provincial,Cultivation,Lúa,,Area_Planted,424.0,ha,Actual,PL2
6565d4e7354cced5,2011,10,TD và MN,Provincial,Cultivation,Rau,,Area_Planted,6301.0,ha,Actual,PL2
eadaea75eb1e0cdd,2011,10,Hà Giang,Provincial,Cultivation,Lúa,,Area_Harvested,135496.0,ha,Actual,PL2
ad4de1f43656bfa2,2011,10,Cao Bằng,Provincial,Cultivation,Lúa,,Area_Harvested,8000.0,ha,Actual,PL2
e21fd17deea6b7e6,2011,10,Cao Bằng,Provincial,Cultivation,Lúa,,Harvest_percent,301.0,percent,Actual,PL2
085091cb02ec1eb4,2011,10,Lào Cai,Provincial,Cultivation,Lúa,,Area_Harvested,8840.0,ha,Actual,PL2
6dbdd2d76f79069d,2011,10,Lào Cai,Provincial,Cultivation,Lúa,,Harvest_percent,449.0,percent,Actual,PL2
6f4876369b203396,2011,10,Bắc Cạn,Provincial,Cultivation,Lúa,,Area_Harvested,1356.0,ha,Actual,PL2
e09dfdd4afb9691d,2011,10,Bắc Cạn,Provincial,Cultivation,Lúa,,Harvest_percent,96.0,percent,Actual,PL2
134218efbdb9f4bc,2011,10,Lạng Sơn,Provincial,Cultivation,Lúa,,Area_Harvested,1702.0,ha,Actual,PL2
b4941bf36e38e34a,2011,10,Lạng Sơn,Provincial,Cultivation,Lúa,,Harvest_percent,50.0,percent,Actual,PL2
b57964dac1e8572f,2011,10,Tuyên Quang,Provincial,Cultivation,Lúa,,Area_Harvested,13.0,ha,Actual,PL2
31acad4b4a336239,2011,10,Tuyên Quang,Provincial,Cultivation,Lúa,,Harvest_percent,1.0,percent,Actual,PL2
83c506fdc2a22196,2011,10,Tuyên Quang,Provincial,Cultivation,Lúa,,Area_Planted,2590.0,ha,Actual,PL2
59dfb9e76ec39a8e,2011,10,Tuyên Quang,Provincial,Cultivation,Ngô,,Area_Planted,2351.0,ha,Actual,PL2
999046f92c907721,2011,10,Tuyên Quang,Provincial,Cultivation,Đậu,,Area_Planted,236.0,ha,Actual,PL2
de7ff99c3b87696b,2011,10,Tuyên Quang,Provincial,Cultivation,Lạc,,Area_Planted,3.0,ha,Actual,PL2
e438d5f2f6f19e3c,2011,10,Yên Bái,Provincial,Cultivation,Lúa,,Area_Harvested,11000.0,ha,Actual,PL2
f35226aafadad5a8,2011,10,Yên Bái,Provincial,Cultivation,Lúa,,Harvest_percent,473.0,percent,Actual,PL2
39a02cf6f6f8f41c,2011,10,Yên Bái,Provincial,Cultivation,Lúa,,Area_Planted,6335.0,ha,Actual,PL2
52497830fab50ff8,2011,10,Yên Bái,Provincial,Cultivation,Ngô,,Area_Planted,3748.0,ha,Actual,PL2
a213a2668e03cb9b,2011,10,Yên Bái,Provincial,Cultivation,Khoai lang,,Area_Planted,747.0,ha,Actual,PL2
ad334d9470260f44,2011,10,Yên Bái,Provincial,Cultivation,Rau,,Area_Planted,1840.0,ha,Actual,PL2
51787b88a5481374,2011,10,Thái Nguyên,Provincial,Cultivation,Lúa,,Area_Harvested,17067.0,ha,Actual,PL2
287a5f06ff4b5a95,2011,10,Thái Nguyên,Provincial,Cultivation,Lúa,,Harvest_percent,410.0,percent,Actual,PL2
90c22be5e1950c29,2011,10,Thái Nguyên,Provincial,Cultivation,Lúa,,Area_Planted,9844.0,ha,Actual,PL2
a5b66aa51846d8df,2011,10,Thái Nguyên,Provincial,Cultivation,Ngô,,Area_Planted,4697.0,ha,Actual,PL2
a3c3d0692adcca5d,2011,10,Thái Nguyên,Provincial,Cultivation,Khoai lang,,Area_Planted,2526.0,ha,Actual,PL2
713b73027ff9036d,2011,10,Thái Nguyên,Provincial,Cultivation,Đậu,,Area_Planted,80.0,ha,Actual,PL2
b57a379d8a746087,2011,10,Thái Nguyên,Provincial,Cultivation,Lạc,,Area_Planted,22.0,ha,Actual,PL2
4655c75ead0d04d3,2011,10,Thái Nguyên,Provincial,Cultivation,Rau,,Area_Planted,2519.0,ha,Actual,PL2
fed93c138a01183c,2011,10,Phú Thọ,Provincial,Cultivation,Lúa,,Area_Harvested,27680.0,ha,Actual,PL2
c217e2462f4d099d,2011,10,Phú Thọ,Provincial,Cultivation,Lúa,,Harvest_percent,816.0,percent,Actual,PL2
aaf36b45a1df1301,2011,10,Phú Thọ,Provincial,Cultivation,Lúa,,Area_Planted,8382.0,ha,Actual,PL2
a9cc275d40c3afce,2011,10,Phú Thọ,Provincial,Cultivation,Ngô,,Area_Planted,8382.0,ha,Actual,PL2
180482ef59f4b5cd,2011,10,Bắc Giang,Provincial,Cultivation,Lúa,,Area_Harvested,27609.0,ha,Actual,PL2
c7ef79c9eb56c6f2,2011,10,Bắc Giang,Provincial,Cultivation,Lúa,,Harvest_percent,466.0,percent,Actual,PL2
4f1ecc7b7b4c762b,2011,10,Bắc Giang,Provincial,Cultivation,Lúa,,Area_Planted,8469.0,ha,Actual,PL2
c50005deed3cbdda,2011,10,Bắc Giang,Provincial,Cultivation,Ngô,,Area_Planted,2071.0,ha,Actual,PL2
dfed69437aa5991f,2011,10,Bắc Giang,Provincial,Cultivation,Khoai lang,,Area_Planted,1644.0,ha,Actual,PL2
92b6a44f835aa5c1,2011,10,Bắc Giang,Provincial,Cultivation,Lạc,,Area_Planted,887.0,ha,Actual,PL2
4f1ecc7b7b4c762b,2011,10,Bắc Giang,Provincial,Cultivation,Lúa,,Area_Planted,191.0,ha,Actual,PL2
bae709cd36b5a3b5,2011,10,Bắc Giang,Provincial,Cultivation,Rau,,Area_Planted,365.0,ha,Actual,PL2
798baa890e3eb00e,2011,10,Lai Châu,Provincial,Cultivation,Lúa,,Area_Harvested,15100.0,ha,Actual,PL2
860114b4ed23fe31,2011,10,Lai Châu,Provincial,Cultivation,Lúa,,Harvest_percent,627.0,percent,Actual,PL2
a072e314a64f518e,2011,10,Điện Biên,Provincial,Cultivation,Lúa,,Area_Harvested,19664.0,ha,Actual,PL2
ec672a07bf2cf1b1,2011,10,Điện Biên,Provincial,Cultivation,Lúa,,Harvest_percent,494.0,percent,Actual,PL2
b29656bbf6f392c4,2011,10,Sơn La,Provincial,Cultivation,Lúa,,Area_Harvested,4783.0,ha,Actual,PL2
0885e612c92c8e14,2011,10,Sơn La,Provincial,Cultivation,Lúa,,Harvest_percent,142.0,percent,Actual,PL2
c927a73599fc3890,2011,10,Sơn La,Provincial,Cultivation,Lúa,,Area_Planted,910.0,ha,Actual,PL2
235b0fd67b2da221,2011,10,Sơn La,Provincial,Cultivation,Ngô,,Area_Planted,100.0,ha,Actual,PL2
c927a73599fc3890,2011,10,Sơn La,Provincial,Cultivation,Lúa,,Area_Planted,233.0,ha,Actual,PL2
b70cd304099a0d20,2011,10,Sơn La,Provincial,Cultivation,Rau,,Area_Planted,577.0,ha,Actual,PL2
3b43bd861cbc03d0,2011,10,Hoà Bình,Provincial,Cultivation,Lúa,,Area_Harvested,15000.0,ha,Actual,PL2
12b400a2f4f4151e,2011,10,Hoà Bình,Provincial,Cultivation,Lúa,,Harvest_percent,611.0,percent,Actual,PL2
feee88846b747597,2011,10,Hoà Bình,Provincial,Cultivation,Lúa,,Area_Planted,3604.0,ha,Actual,PL2
a1a197ff9cd77927,2011,10,Hoà Bình,Provincial,Cultivation,Ngô,,Area_Planted,1627.0,ha,Actual,PL2
b432f5490bb0761b,2011,10,Hoà Bình,Provincial,Cultivation,Khoai lang,,Area_Planted,700.0,ha,Actual,PL2
94063b8141636d93,2011,10,Hoà Bình,Provincial,Cultivation,Đậu,,Area_Planted,277.0,ha,Actual,PL2
b30908ebfe24a1f3,2011,10,Hoà Bình,Provincial,Cultivation,Rau,,Area_Planted,1000.0,ha,Actual,PL2
1e7aed74c8c14c6d,2011,10,Bắc Trung Bộ,Provincial,Cultivation,Lúa,,Area_Harvested,121778.0,ha,Actual,PL2
bbecf4dfcbc8f2f9,2011,10,Bắc Trung Bộ,Provincial,Cultivation,Lúa,,Harvest_percent,663.0,percent,Actual,PL2
8638f057ce117945,2011,10,Bắc Trung Bộ,Provincial,Cultivation,Lúa,,Area_Planted,59286.0,ha,Actual,PL2
143fdf73283be21e,2011,10,Bắc Trung Bộ,Provincial,Cultivation,Ngô,,Area_Planted,28862.0,ha,Actual,PL2
ddb8810239314094,2011,10,Bắc Trung Bộ,Provincial,Cultivation,Khoai lang,,Area_Planted,6334.0,ha,Actual,PL2
1099e02377b71df6,2011,10,Bắc Trung Bộ,Provincial,Cultivation,Đậu,,Area_Planted,6581.0,ha,Actual,PL2
a3c1426c0d914a14,2011,10,Bắc Trung Bộ,Provincial,Cultivation,Lạc,,Area_Planted,2597.0,ha,Actual,PL2
f37a8d02786cc99e,2011,10,Bắc Trung Bộ,Provincial,Cultivation,Rau,,Area_Planted,14462.0,ha,Actual,PL2
ef5fd1fa2bce66a8,2011,10,Thanh Hoá,Provincial,Cultivation,Lúa,,Area_Harvested,94778.0,ha,Actual,PL2
8aa94d398fa6ae3f,2011,10,Thanh Hoá,Provincial,Cultivation,Lúa,,Harvest_percent,702.0,percent,Actual,PL2
48ca383baede8332,2011,10,Thanh Hoá,Provincial,Cultivation,Lúa,,Area_Planted,34536.0,ha,Actual,PL2
7a37e085f9a9052c,2011,10,Thanh Hoá,Provincial,Cultivation,Ngô,,Area_Planted,13862.0,ha,Actual,PL2
6da5ced28e8d4faf,2011,10,Thanh Hoá,Provincial,Cultivation,Khoai lang,,Area_Planted,3334.0,ha,Actual,PL2
e52789faf43fc4f0,2011,10,Thanh Hoá,Provincial,Cultivation,Đậu,,Area_Planted,6581.0,ha,Actual,PL2
b06e4bd258caf531,2011,10,Thanh Hoá,Provincial,Cultivation,Lạc,,Area_Planted,1297.0,ha,Actual,PL2
1782cb91fe37039c,2011,10,Thanh Hoá,Provincial,Cultivation,Rau,,Area_Planted,9462.0,ha,Actual,PL2
097b96016a0c51bd,2011,10,Nghệ An,Provincial,Cultivation,Lúa,,Area_Harvested,25000.0,ha,Actual,PL2
54d2ae4f0bce499e,2011,10,Nghệ An,Provincial,Cultivation,Lúa,,Harvest_percent,602.0,percent,Actual,PL2
67b9051c1901817f,2011,10,Nghệ An,Provincial,Cultivation,Lúa,,Area_Planted,24750.0,ha,Actual,PL2
6ce401922b1c3eb9,2011,10,Nghệ An,Provincial,Cultivation,Ngô,,Area_Planted,15000.0,ha,Actual,PL2
150f92befef32688,2011,10,Nghệ An,Provincial,Cultivation,Khoai lang,,Area_Planted,3000.0,ha,Actual,PL2
405a1cd9a3d50d09,2011,10,Nghệ An,Provincial,Cultivation,Lạc,,Area_Planted,1300.0,ha,Actual,PL2
67f8b53c3552b0ca,2011,10,Nghệ An,Provincial,Cultivation,Rau,,Area_Planted,5000.0,ha,Actual,PL2
18b2fbd195287901,2011,10,Hà Tĩnh,Provincial,Cultivation,Lúa,,Area_Harvested,2000.0,ha,Actual,PL2
fc1a1300fa4ced40,2011,10,Hà Tĩnh,Provincial,Cultivation,Lúa,,Harvest_percent,489.0,percent,Actual,PL2
605f4f6e9b8c933c,2011,10,Miền Nam,Provincial,Cultivation,Lúa,,Area_Planted,682528.0,ha,Actual,PL3
605f4f6e9b8c933c,2011,10,Miền Nam,Provincial,Cultivation,Lúa,,Area_Planted,94727.0,ha,Actual,PL3
605f4f6e9b8c933c,2011,10,Miền Nam,Provincial,Cultivation,Lúa,,Area_Planted,812452.0,ha,Actual,PL3
605f4f6e9b8c933c,2011,10,Miền Nam,Provincial,Cultivation,Lúa,,Area_Planted,415648.0,ha,Actual,PL3
605f4f6e9b8c933c,2011,10,Miền Nam,Provincial,Cultivation,Lúa,,Area_Planted,37689.0,ha,Actual,PL3
605f4f6e9b8c933c,2011,10,Miền Nam,Provincial,Cultivation,Lúa,,Area_Planted,341658.0,ha,Actual,PL3
605f4f6e9b8c933c,2011,10,Miền Nam,Provincial,Cultivation,Lúa,,Area_Planted,17457.0,ha,Actual,PL3
6db998166b09ff4c,2011,10,D.H Nam Trung Bộ,Provincial,Cultivation,Lúa,,Area_Planted,135791.0,ha,Actual,PL3
6db998166b09ff4c,2011,10,D.H Nam Trung Bộ,Provincial,Cultivation,Lúa,,Area_Planted,172433.0,ha,Actual,PL3
6db998166b09ff4c,2011,10,D.H Nam Trung Bộ,Provincial,Cultivation,Lúa,,Area_Planted,71137.0,ha,Actual,PL3
6db998166b09ff4c,2011,10,D.H Nam Trung Bộ,Provincial,Cultivation,Lúa,,Area_Planted,7945.0,ha,Actual,PL3
6db998166b09ff4c,2011,10,D.H Nam Trung Bộ,Provincial,Cultivation,Lúa,,Area_Planted,92077.0,ha,Actual,PL3
6db998166b09ff4c,2011,10,D.H Nam Trung Bộ,Provincial,Cultivation,Lúa,,Area_Planted,1274.0,ha,Actual,PL3
7cd42706d86ebb9a,2011,10,TP Đà Nẵng,Provincial,Cultivation,Lúa,,Area_Planted,3005.0,ha,Actual,PL3
7cd42706d86ebb9a,2011,10,TP Đà Nẵng,Provincial,Cultivation,Lúa,,Area_Planted,1396.0,ha,Actual,PL3
7cd42706d86ebb9a,2011,10,TP Đà Nẵng,Provincial,Cultivation,Lúa,,Area_Planted,635.0,ha,Actual,PL3
7cd42706d86ebb9a,2011,10,TP Đà Nẵng,Provincial,Cultivation,Lúa,,Area_Planted,460.0,ha,Actual,PL3
7cd42706d86ebb9a,2011,10,TP Đà Nẵng,Provincial,Cultivation,Lúa,,Area_Planted,301.0,ha,Actual,PL3
0c717c2d847edcdf,2011,10,Quảng Nam,Provincial,Cultivation,Lúa,,Area_Planted,44764.0,ha,Actual,PL3
0c717c2d847edcdf,2011,10,Quảng Nam,Provincial,Cultivation,Lúa,,Area_Planted,33897.0,ha,Actual,PL3
0c717c2d847edcdf,2011,10,Quảng Nam,Provincial,Cultivation,Lúa,,Area_Planted,13008.0,ha,Actual,PL3
0c717c2d847edcdf,2011,10,Quảng Nam,Provincial,Cultivation,Lúa,,Area_Planted,5600.0,ha,Actual,PL3
0c717c2d847edcdf,2011,10,Quảng Nam,Provincial,Cultivation,Lúa,,Area_Planted,15089.0,ha,Actual,PL3
0c717c2d847edcdf,2011,10,Quảng Nam,Provincial,Cultivation,Lúa,,Area_Planted,200.0,ha,Actual,PL3
f6b5bd81962142bb,2011,10,Quảng Ngãi,Provincial,Cultivation,Lúa,,Area_Planted,3500.0,ha,Actual,PL3
f6b5bd81962142bb,2011,10,Quảng Ngãi,Provincial,Cultivation,Lúa,,Area_Planted,30064.0,ha,Actual,PL3
f6b5bd81962142bb,2011,10,Quảng Ngãi,Provincial,Cultivation,Lúa,,Area_Planted,10189.0,ha,Actual,PL3
f6b5bd81962142bb,2011,10,Quảng Ngãi,Provincial,Cultivation,Lúa,,Area_Planted,422.0,ha,Actual,PL3
f6b5bd81962142bb,2011,10,Quảng Ngãi,Provincial,Cultivation,Lúa,,Area_Planted,19453.0,ha,Actual,PL3
8bf6dc7c5ca2a9cf,2011,10,Bình Định,Provincial,Cultivation,Lúa,,Area_Planted,22070.0,ha,Actual,PL3
8bf6dc7c5ca2a9cf,2011,10,Bình Định,Provincial,Cultivation,Lúa,,Area_Planted,7611.0,ha,Actual,PL3
8bf6dc7c5ca2a9cf,2011,10,Bình Định,Provincial,Cultivation,Lúa,,Area_Planted,7611.0,ha,Actual,PL3
7bde67971bf85cba,2011,10,Phú Yên,Provincial,Cultivation,Lúa,,Area_Planted,5920.0,ha,Actual,PL3
7bde67971bf85cba,2011,10,Phú Yên,Provincial,Cultivation,Lúa,,Area_Planted,23233.0,ha,Actual,PL3
7bde67971bf85cba,2011,10,Phú Yên,Provincial,Cultivation,Lúa,,Area_Planted,6260.0,ha,Actual,PL3
7bde67971bf85cba,2011,10,Phú Yên,Provincial,Cultivation,Lúa,,Area_Planted,305.0,ha,Actual,PL3
7bde67971bf85cba,2011,10,Phú Yên,Provincial,Cultivation,Lúa,,Area_Planted,16311.0,ha,Actual,PL3
7bde67971bf85cba,2011,10,Phú Yên,Provincial,Cultivation,Lúa,,Area_Planted,357.0,ha,Actual,PL3
d704585d28565560,2011,10,Khánh Hoà,Provincial,Cultivation,Lúa,,Area_Planted,6695.0,ha,Actual,PL3
d704585d28565560,2011,10,Khánh Hoà,Provincial,Cultivation,Lúa,,Area_Planted,13092.0,ha,Actual,PL3
d704585d28565560,2011,10,Khánh Hoà,Provincial,Cultivation,Lúa,,Area_Planted,6118.0,ha,Actual,PL3
d704585d28565560,2011,10,Khánh Hoà,Provincial,Cultivation,Lúa,,Area_Planted,224.0,ha,Actual,PL3
d704585d28565560,2011,10,Khánh Hoà,Provincial,Cultivation,Lúa,,Area_Planted,6556.0,ha,Actual,PL3
d704585d28565560,2011,10,Khánh Hoà,Provincial,Cultivation,Lúa,,Area_Planted,194.0,ha,Actual,PL3
e2164e8cdcd229cf,2011,10,Ninh Thuận,Provincial,Cultivation,Lúa,,Area_Planted,10246.0,ha,Actual,PL3
e2164e8cdcd229cf,2011,10,Ninh Thuận,Provincial,Cultivation,Lúa,,Area_Planted,13167.0,ha,Actual,PL3
e2164e8cdcd229cf,2011,10,Ninh Thuận,Provincial,Cultivation,Lúa,,Area_Planted,10205.0,ha,Actual,PL3
e2164e8cdcd229cf,2011,10,Ninh Thuận,Provincial,Cultivation,Lúa,,Area_Planted,129.0,ha,Actual,PL3
e2164e8cdcd229cf,2011,10,Ninh Thuận,Provincial,Cultivation,Lúa,,Area_Planted,2807.0,ha,Actual,PL3
e2164e8cdcd229cf,2011,10,Ninh Thuận,Provincial,Cultivation,Lúa,,Area_Planted,26.0,ha,Actual,PL3
48bde7a47d4d6eac,2011,10,Bình Thuận,Provincial,Cultivation,Lúa,,Area_Planted,39591.0,ha,Actual,PL3
48bde7a47d4d6eac,2011,10,Bình Thuận,Provincial,Cultivation,Lúa,,Area_Planted,49973.0,ha,Actual,PL3
48bde7a47d4d6eac,2011,10,Bình Thuận,Provincial,Cultivation,Lúa,,Area_Planted,17111.0,ha,Actual,PL3
48bde7a47d4d6eac,2011,10,Bình Thuận,Provincial,Cultivation,Lúa,,Area_Planted,805.0,ha,Actual,PL3
48bde7a47d4d6eac,2011,10,Bình Thuận,Provincial,Cultivation,Lúa,,Area_Planted,31560.0,ha,Actual,PL3
48bde7a47d4d6eac,2011,10,Bình Thuận,Provincial,Cultivation,Lúa,,Area_Planted,497.0,ha,Actual,PL3
557cb92551a467d5,2011,10,Tây Nguyên,Provincial,Cultivation,Lúa,,Area_Planted,135837.0,ha,Actual,PL3
557cb92551a467d5,2011,10,Tây Nguyên,Provincial,Cultivation,Lúa,,Area_Planted,395500.0,ha,Actual,PL3
557cb92551a467d5,2011,10,Tây Nguyên,Provincial,Cultivation,Lúa,,Area_Planted,227758.0,ha,Actual,PL3
557cb92551a467d5,2011,10,Tây Nguyên,Provincial,Cultivation,Lúa,,Area_Planted,13779.0,ha,Actual,PL3
557cb92551a467d5,2011,10,Tây Nguyên,Provincial,Cultivation,Lúa,,Area_Planted,153621.0,ha,Actual,PL3
557cb92551a467d5,2011,10,Tây Nguyên,Provincial,Cultivation,Lúa,,Area_Planted,342.0,ha,Actual,PL3
27630710a5887ce2,2011,10,Kon Tum,Provincial,Cultivation,Lúa,,Area_Planted,15907.0,ha,Actual,PL3
27630710a5887ce2,2011,10,Kon Tum,Provincial,Cultivation,Lúa,,Area_Planted,47375.0,ha,Actual,PL3
27630710a5887ce2,2011,10,Kon Tum,Provincial,Cultivation,Lúa,,Area_Planted,7494.0,ha,Actual,PL3
27630710a5887ce2,2011,10,Kon Tum,Provincial,Cultivation,Lúa,,Area_Planted,156.0,ha,Actual,PL3
27630710a5887ce2,2011,10,Kon Tum,Provincial,Cultivation,Lúa,,Area_Planted,39725.0,ha,Actual,PL3
fafe4f91f8367eef,2011,10,Gia Lai,Provincial,Cultivation,Lúa,,Area_Planted,46057.0,ha,Actual,PL3
fafe4f91f8367eef,2011,10,Gia Lai,Provincial,Cultivation,Lúa,,Area_Planted,109490.0,ha,Actual,PL3
fafe4f91f8367eef,2011,10,Gia Lai,Provincial,Cultivation,Lúa,,Area_Planted,51159.0,ha,Actual,PL3
fafe4f91f8367eef,2011,10,Gia Lai,Provincial,Cultivation,Lúa,,Area_Planted,1384.0,ha,Actual,PL3
fafe4f91f8367eef,2011,10,Gia Lai,Provincial,Cultivation,Lúa,,Area_Planted,56947.0,ha,Actual,PL3
9dd8626b01045173,2011,10,Đắc Lắc,Provincial,Cultivation,Lúa,,Area_Planted,49116.0,ha,Actual,PL3
9dd8626b01045173,2011,10,Đắc Lắc,Provincial,Cultivation,Lúa,,Area_Planted,148473.0,ha,Actual,PL3
9dd8626b01045173,2011,10,Đắc Lắc,Provincial,Cultivation,Lúa,,Area_Planted,113323.0,ha,Actual,PL3
9dd8626b01045173,2011,10,Đắc Lắc,Provincial,Cultivation,Lúa,,Area_Planted,3179.0,ha,Actual,PL3
9dd8626b01045173,2011,10,Đắc Lắc,Provincial,Cultivation,Lúa,,Area_Planted,31629.0,ha,Actual,PL3
9dd8626b01045173,2011,10,Đắc Lắc,Provincial,Cultivation,Lúa,,Area_Planted,342.0,ha,Actual,PL3
36b19ea2a865d4e3,2011,10,Đắc Nông,Provincial,Cultivation,Lúa,,Area_Planted,7947.0,ha,Actual,PL3
36b19ea2a865d4e3,2011,10,Đắc Nông,Provincial,Cultivation,Lúa,,Area_Planted,69735.0,ha,Actual,PL3
36b19ea2a865d4e3,2011,10,Đắc Nông,Provincial,Cultivation,Lúa,,Area_Planted,40893.0,ha,Actual,PL3
36b19ea2a865d4e3,2011,10,Đắc Nông,Provincial,Cultivation,Lúa,,Area_Planted,7535.0,ha,Actual,PL3
36b19ea2a865d4e3,2011,10,Đắc Nông,Provincial,Cultivation,Lúa,,Area_Planted,21307.0,ha,Actual,PL3
5cfd7eaae0f75e8f,2011,10,Lâm Đồng,Provincial,Cultivation,Lúa,,Area_Planted,16810.0,ha,Actual,PL3
5cfd7eaae0f75e8f,2011,10,Lâm Đồng,Provincial,Cultivation,Lúa,,Area_Planted,20427.0,ha,Actual,PL3
5cfd7eaae0f75e8f,2011,10,Lâm Đồng,Provincial,Cultivation,Lúa,,Area_Planted,14889.0,ha,Actual,PL3
5cfd7eaae0f75e8f,2011,10,Lâm Đồng,Provincial,Cultivation,Lúa,,Area_Planted,1525.0,ha,Actual,PL3
5cfd7eaae0f75e8f,2011,10,Lâm Đồng,Provincial,Cultivation,Lúa,,Area_Planted,4013.0,ha,Actual,PL3
baed5aae20b0e88e,2011,10,Đông Nam Bộ,Provincial,Cultivation,Lúa,,Area_Planted,115932.0,ha,Actual,PL3
baed5aae20b0e88e,2011,10,Đông Nam Bộ,Provincial,Cultivation,Lúa,,Area_Planted,1737900.0,ha,Actual,PL3
baed5aae20b0e88e,2011,10,Đông Nam Bộ,Provincial,Cultivation,Lúa,,Area_Planted,784510.0,ha,Actual,PL3
baed5aae20b0e88e,2011,10,Đông Nam Bộ,Provincial,Cultivation,Lúa,,Area_Planted,15320.0,ha,Actual,PL3
baed5aae20b0e88e,2011,10,Đông Nam Bộ,Provincial,Cultivation,Lúa,,Area_Planted,906980.0,ha,Actual,PL3
baed5aae20b0e88e,2011,10,Đông Nam Bộ,Provincial,Cultivation,Lúa,,Area_Planted,31090.0,ha,Actual,PL3
a496facdac14e8ba,2011,10,Bình Phước,Provincial,Cultivation,Lúa,,Area_Planted,12036.0,ha,Actual,PL3
a496facdac14e8ba,2011,10,Bình Phước,Provincial,Cultivation,Lúa,,Area_Planted,27459.0,ha,Actual,PL3
a496facdac14e8ba,2011,10,Bình Phước,Provincial,Cultivation,Lúa,,Area_Planted,6933.0,ha,Actual,PL3
a496facdac14e8ba,2011,10,Bình Phước,Provincial,Cultivation,Lúa,,Area_Planted,672.0,ha,Actual,PL3
a496facdac14e8ba,2011,10,Bình Phước,Provincial,Cultivation,Lúa,,Area_Planted,18812.0,ha,Actual,PL3
a496facdac14e8ba,2011,10,Bình Phước,Provincial,Cultivation,Lúa,,Area_Planted,1042.0,ha,Actual,PL3
ffb229e9b7716c6e,2011,10,Tây Ninh,Provincial,Cultivation,Lúa,,Area_Planted,53944.0,ha,Actual,PL3
ffb229e9b7716c6e,2011,10,Tây Ninh,Provincial,Cultivation,Lúa,,Area_Planted,47000.0,ha,Actual,PL3
ffb229e9b7716c6e,2011,10,Tây Ninh,Provincial,Cultivation,Lúa,,Area_Planted,4955.0,ha,Actual,PL3
ffb229e9b7716c6e,2011,10,Tây Ninh,Provincial,Cultivation,Lúa,,Area_Planted,376.0,ha,Actual,PL3
ffb229e9b7716c6e,2011,10,Tây Ninh,Provincial,Cultivation,Lúa,,Area_Planted,40817.0,ha,Actual,PL3
ffb229e9b7716c6e,2011,10,Tây Ninh,Provincial,Cultivation,Lúa,,Area_Planted,852.0,ha,Actual,PL3
d28657b54cfe838b,2011,10,Bình Dương,Provincial,Cultivation,Lúa,,Area_Planted,4214.0,ha,Actual,PL3
d28657b54cfe838b,2011,10,Bình Dương,Provincial,Cultivation,Lúa,,Area_Planted,7106.0,ha,Actual,PL3
d28657b54cfe838b,2011,10,Bình Dương,Provincial,Cultivation,Lúa,,Area_Planted,469.0,ha,Actual,PL3
d28657b54cfe838b,2011,10,Bình Dương,Provincial,Cultivation,Lúa,,Area_Planted,50.0,ha,Actual,PL3
d28657b54cfe838b,2011,10,Bình Dương,Provincial,Cultivation,Lúa,,Area_Planted,6409.0,ha,Actual,PL3
d28657b54cfe838b,2011,10,Bình Dương,Provincial,Cultivation,Lúa,,Area_Planted,178.0,ha,Actual,PL3
4093fbbeb9f1da14,2011,10,Đồng Nai,Provincial,Cultivation,Lúa,,Area_Planted,28273.0,ha,Actual,PL3
4093fbbeb9f1da14,2011,10,Đồng Nai,Provincial,Cultivation,Lúa,,Area_Planted,66732.0,ha,Actual,PL3
4093fbbeb9f1da14,2011,10,Đồng Nai,Provincial,Cultivation,Lúa,,Area_Planted,49849.0,ha,Actual,PL3
4093fbbeb9f1da14,2011,10,Đồng Nai,Provincial,Cultivation,Lúa,,Area_Planted,300.0,ha,Actual,PL3
4093fbbeb9f1da14,2011,10,Đồng Nai,Provincial,Cultivation,Lúa,,Area_Planted,15617.0,ha,Actual,PL3
4093fbbeb9f1da14,2011,10,Đồng Nai,Provincial,Cultivation,Lúa,,Area_Planted,966.0,ha,Actual,PL3
3683fee1d4af4156,2011,10,Bà Rịa-V.Tàu,Provincial,Cultivation,Lúa,,Area_Planted,10965.0,ha,Actual,PL3
3683fee1d4af4156,2011,10,Bà Rịa-V.Tàu,Provincial,Cultivation,Lúa,,Area_Planted,25493.0,ha,Actual,PL3
3683fee1d4af4156,2011,10,Bà Rịa-V.Tàu,Provincial,Cultivation,Lúa,,Area_Planted,16245.0,ha,Actual,PL3
3683fee1d4af4156,2011,10,Bà Rịa-V.Tàu,Provincial,Cultivation,Lúa,,Area_Planted,134.0,ha,Actual,PL3
3683fee1d4af4156,2011,10,Bà Rịa-V.Tàu,Provincial,Cultivation,Lúa,,Area_Planted,9043.0,ha,Actual,PL3
3683fee1d4af4156,2011,10,Bà Rịa-V.Tàu,Provincial,Cultivation,Lúa,,Area_Planted,71.0,ha,Actual,PL3
cbb50d2dee2b8238,2011,10,TP Hồ Chí Minh,Provincial,Cultivation,Lúa,,Area_Planted,6500.0,ha,Actual,PL3
d6e655a1e11d2f89,2011,10,ĐBS Cửu Long,Provincial,Cultivation,Lúa,,Area_Planted,294969.0,ha,Actual,PL3
d6e655a1e11d2f89,2011,10,ĐBS Cửu Long,Provincial,Cultivation,Lúa,,Area_Planted,94727.0,ha,Actual,PL3
d6e655a1e11d2f89,2011,10,ĐBS Cửu Long,Provincial,Cultivation,Lúa,,Area_Planted,70730.0,ha,Actual,PL3
d6e655a1e11d2f89,2011,10,ĐBS Cửu Long,Provincial,Cultivation,Lúa,,Area_Planted,38303.0,ha,Actual,PL3
d6e655a1e11d2f89,2011,10,ĐBS Cửu Long,Provincial,Cultivation,Lúa,,Area_Planted,14434.0,ha,Actual,PL3
d6e655a1e11d2f89,2011,10,ĐBS Cửu Long,Provincial,Cultivation,Lúa,,Area_Planted,5262.0,ha,Actual,PL3
d6e655a1e11d2f89,2011,10,ĐBS Cửu Long,Provincial,Cultivation,Lúa,,Area_Planted,12732.0,ha,Actual,PL3
9955c59cf4b76e1b,2011,10,Long An,Provincial,Cultivation,Lúa,,Area_Planted,9565.0,ha,Actual,PL3
9955c59cf4b76e1b,2011,10,Long An,Provincial,Cultivation,Lúa,,Area_Planted,10230.0,ha,Actual,PL3
9955c59cf4b76e1b,2011,10,Long An,Provincial,Cultivation,Lúa,,Area_Planted,4932.0,ha,Actual,PL3
9955c59cf4b76e1b,2011,10,Long An,Provincial,Cultivation,Lúa,,Area_Planted,151.0,ha,Actual,PL3
9955c59cf4b76e1b,2011,10,Long An,Provincial,Cultivation,Lúa,,Area_Planted,1468.0,ha,Actual,PL3
9955c59cf4b76e1b,2011,10,Long An,Provincial,Cultivation,Lúa,,Area_Planted,3679.0,ha,Actual,PL3
9db1b59c4fdcfe04,2011,10,Tiền Giang,Provincial,Cultivation,Lúa,,Area_Planted,6445.0,ha,Actual,PL3
9db1b59c4fdcfe04,2011,10,Tiền Giang,Provincial,Cultivation,Lúa,,Area_Planted,4745.0,ha,Actual,PL3
9db1b59c4fdcfe04,2011,10,Tiền Giang,Provincial,Cultivation,Lúa,,Area_Planted,282.0,ha,Actual,PL3
9db1b59c4fdcfe04,2011,10,Tiền Giang,Provincial,Cultivation,Lúa,,Area_Planted,232.0,ha,Actual,PL3
9db1b59c4fdcfe04,2011,10,Tiền Giang,Provincial,Cultivation,Lúa,,Area_Planted,1186.0,ha,Actual,PL3
b7d807cfdb3a7439,2011,10,Bến Tre,Provincial,Cultivation,Lúa,,Area_Planted,8641.0,ha,Actual,PL3
b7d807cfdb3a7439,2011,10,Bến Tre,Provincial,Cultivation,Lúa,,Area_Planted,1478.0,ha,Actual,PL3
b7d807cfdb3a7439,2011,10,Bến Tre,Provincial,Cultivation,Lúa,,Area_Planted,1042.0,ha,Actual,PL3
b7d807cfdb3a7439,2011,10,Bến Tre,Provincial,Cultivation,Lúa,,Area_Planted,204.0,ha,Actual,PL3
b7d807cfdb3a7439,2011,10,Bến Tre,Provincial,Cultivation,Lúa,,Area_Planted,222.0,ha,Actual,PL3
b7d807cfdb3a7439,2011,10,Bến Tre,Provincial,Cultivation,Lúa,,Area_Planted,10.0,ha,Actual,PL3
e47b42d3d6db9d33,2011,10,Trà Vinh,Provincial,Cultivation,Lúa,,Area_Planted,88028.0,ha,Actual,PL3
e47b42d3d6db9d33,2011,10,Trà Vinh,Provincial,Cultivation,Lúa,,Area_Planted,8756.0,ha,Actual,PL3
e47b42d3d6db9d33,2011,10,Trà Vinh,Provincial,Cultivation,Lúa,,Area_Planted,5416.0,ha,Actual,PL3
e47b42d3d6db9d33,2011,10,Trà Vinh,Provincial,Cultivation,Lúa,,Area_Planted,1589.0,ha,Actual,PL3
e47b42d3d6db9d33,2011,10,Trà Vinh,Provincial,Cultivation,Lúa,,Area_Planted,1089.0,ha,Actual,PL3
e47b42d3d6db9d33,2011,10,Trà Vinh,Provincial,Cultivation,Lúa,,Area_Planted,662.0,ha,Actual,PL3
33e97e6505884fd8,2011,10,Vĩnh Long,Provincial,Cultivation,Lúa,,Area_Planted,8255.0,ha,Actual,PL3
33e97e6505884fd8,2011,10,Vĩnh Long,Provincial,Cultivation,Lúa,,Area_Planted,8452.0,ha,Actual,PL3
33e97e6505884fd8,2011,10,Vĩnh Long,Provincial,Cultivation,Lúa,,Area_Planted,1376.0,ha,Actual,PL3
33e97e6505884fd8,2011,10,Vĩnh Long,Provincial,Cultivation,Lúa,,Area_Planted,6631.0,ha,Actual,PL3
33e97e6505884fd8,2011,10,Vĩnh Long,Provincial,Cultivation,Lúa,,Area_Planted,161.0,ha,Actual,PL3
33e97e6505884fd8,2011,10,Vĩnh Long,Provincial,Cultivation,Lúa,,Area_Planted,284.0,ha,Actual,PL3
8f12a2d6445c4253,2011,10,Đồng Tháp,Provincial,Cultivation,Lúa,,Area_Planted,3856.0,ha,Actual,PL3
8f12a2d6445c4253,2011,10,Đồng Tháp,Provincial,Cultivation,Lúa,,Area_Planted,8621.0,ha,Actual,PL3
8f12a2d6445c4253,2011,10,Đồng Tháp,Provincial,Cultivation,Lúa,,Area_Planted,4740.0,ha,Actual,PL3
8f12a2d6445c4253,2011,10,Đồng Tháp,Provincial,Cultivation,Lúa,,Area_Planted,1561.0,ha,Actual,PL3
8f12a2d6445c4253,2011,10,Đồng Tháp,Provincial,Cultivation,Lúa,,Area_Planted,2320.0,ha,Actual,PL3
dc0a6d7f463e43d7,2011,10,An Giang,Provincial,Cultivation,Lúa,,Area_Planted,12990.0,ha,Actual,PL3
dc0a6d7f463e43d7,2011,10,An Giang,Provincial,Cultivation,Lúa,,Area_Planted,10283.0,ha,Actual,PL3
dc0a6d7f463e43d7,2011,10,An Giang,Provincial,Cultivation,Lúa,,Area_Planted,308.0,ha,Actual,PL3
dc0a6d7f463e43d7,2011,10,An Giang,Provincial,Cultivation,Lúa,,Area_Planted,963.0,ha,Actual,PL3
dc0a6d7f463e43d7,2011,10,An Giang,Provincial,Cultivation,Lúa,,Area_Planted,1437.0,ha,Actual,PL3
0e17c93b4b599894,2011,10,Kiên Giang,Provincial,Cultivation,Lúa,,Area_Planted,61755.0,ha,Actual,PL3
0e17c93b4b599894,2011,10,Kiên Giang,Provincial,Cultivation,Lúa,,Area_Planted,873.0,ha,Actual,PL3
0e17c93b4b599894,2011,10,Kiên Giang,Provincial,Cultivation,Lúa,,Area_Planted,873.0,ha,Actual,PL3
ee413a90f8d48857,2011,10,Cần Thơ,Provincial,Cultivation,Lúa,,Area_Planted,1257.0,ha,Actual,PL3
ee413a90f8d48857,2011,10,Cần Thơ,Provincial,Cultivation,Lúa,,Area_Planted,896.0,ha,Actual,PL3
ee413a90f8d48857,2011,10,Cần Thơ,Provincial,Cultivation,Lúa,,Area_Planted,291.0,ha,Actual,PL3
ee413a90f8d48857,2011,10,Cần Thơ,Provincial,Cultivation,Lúa,,Area_Planted,1.0,ha,Actual,PL3
ee413a90f8d48857,2011,10,Cần Thơ,Provincial,Cultivation,Lúa,,Area_Planted,69.0,ha,Actual,PL3
da4d411594482629,2011,10,Hậu Giang,Provincial,Cultivation,Lúa,,Area_Planted,340.0,ha,Actual,PL3
da4d411594482629,2011,10,Hậu Giang,Provincial,Cultivation,Lúa,,Area_Planted,2253.0,ha,Actual,PL3
da4d411594482629,2011,10,Hậu Giang,Provincial,Cultivation,Lúa,,Area_Planted,1114.0,ha,Actual,PL3
da4d411594482629,2011,10,Hậu Giang,Provincial,Cultivation,Lúa,,Area_Planted,221.0,ha,Actual,PL3
da4d411594482629,2011,10,Hậu Giang,Provincial,Cultivation,Lúa,,Area_Planted,918.0,ha,Actual,PL3
a657eb94d7dee7ad,2011,10,Sóc Trăng,Provincial,Cultivation,Lúa,,Area_Planted,14276.0,ha,Actual,PL3
a657eb94d7dee7ad,2011,10,Sóc Trăng,Provincial,Cultivation,Lúa,,Area_Planted,71720.0,ha,Actual,PL3
a657eb94d7dee7ad,2011,10,Sóc Trăng,Provincial,Cultivation,Lúa,,Area_Planted,7964.0,ha,Actual,PL3
a657eb94d7dee7ad,2011,10,Sóc Trăng,Provincial,Cultivation,Lúa,,Area_Planted,3654.0,ha,Actual,PL3
a657eb94d7dee7ad,2011,10,Sóc Trăng,Provincial,Cultivation,Lúa,,Area_Planted,2675.0,ha,Actual,PL3
a657eb94d7dee7ad,2011,10,Sóc Trăng,Provincial,Cultivation,Lúa,,Area_Planted,772.0,ha,Actual,PL3
a657eb94d7dee7ad,2011,10,Sóc Trăng,Provincial,Cultivation,Lúa,,Area_Planted,863.0,ha,Actual,PL3
0b8b4886e3ef06f9,2011,10,Bạc Liêu,Provincial,Cultivation,Lúa,,Area_Planted,1412.0,ha,Actual,PL3
0b8b4886e3ef06f9,2011,10,Bạc Liêu,Provincial,Cultivation,Lúa,,Area_Planted,105.0,ha,Actual,PL3
0b8b4886e3ef06f9,2011,10,Bạc Liêu,Provincial,Cultivation,Lúa,,Area_Planted,521.0,ha,Actual,PL3
0b8b4886e3ef06f9,2011,10,Bạc Liêu,Provincial,Cultivation,Lúa,,Area_Planted,354.0,ha,Actual,PL3
0b8b4886e3ef06f9,2011,10,Bạc Liêu,Provincial,Cultivation,Lúa,,Area_Planted,432.0,ha,Actual,PL3
e8688c7b2997331c,2011,10,Cà Mau,Provincial,Cultivation,Lúa,,Area_Planted,82252.0,ha,Actual,PL3
605f4f6e9b8c933c,2011,10,Miền Nam,Provincial,Cultivation,Lúa,,Area_Planted,305174.0,ha,Actual,PL4
88eb571f5228defd,2011,10,Miền Nam,Provincial,Cultivation,Đậu,,Area_Planted,14292.0,ha,Actual,PL4
7efd8f43a1758389,2011,10,Miền Nam,Provincial,Cultivation,Lạc,,Area_Planted,79136.0,ha,Actual,PL4
605f4f6e9b8c933c,2011,10,Miền Nam,Provincial,Cultivation,Lúa,,Area_Planted,34351.0,ha,Actual,PL4
452b117c11c37483,2011,10,Miền Nam,Provincial,Cultivation,Thuốc lá,,Area_Planted,10974.0,ha,Actual,PL4
4b9de3360c07ee1a,2011,10,Miền Nam,Provincial,Cultivation,Mía,,Area_Planted,155871.0,ha,Actual,PL4
605f4f6e9b8c933c,2011,10,Miền Nam,Provincial,Cultivation,Lúa,,Area_Planted,5192.0,ha,Actual,PL4
605f4f6e9b8c933c,2011,10,Miền Nam,Provincial,Cultivation,Lúa,,Area_Planted,5358.0,ha,Actual,PL4
605f4f6e9b8c933c,2011,10,Miền Nam,Provincial,Cultivation,Lúa,,Area_Planted,399745.0,ha,Actual,PL4
605f4f6e9b8c933c,2011,10,Miền Nam,Provincial,Cultivation,Lúa,,Area_Planted,12574627875.0,ha,Actual,PL4
71aa2ac552a187e6,2011,10,D.H Nam Trg Bộ,Provincial,Cultivation,Lúa,,Area_Planted,101350.0,ha,Actual,PL4
eec724e26f77b5b4,2011,10,D.H Nam Trg Bộ,Provincial,Cultivation,Đậu,,Area_Planted,966.0,ha,Actual,PL4
6e4e009c3c280a67,2011,10,D.H Nam Trg Bộ,Provincial,Cultivation,Lạc,,Area_Planted,32005.0,ha,Actual,PL4
71aa2ac552a187e6,2011,10,D.H Nam Trg Bộ,Provincial,Cultivation,Lúa,,Area_Planted,13216.0,ha,Actual,PL4
02451b4b2570a429,2011,10,D.H Nam Trg Bộ,Provincial,Cultivation,Thuốc lá,,Area_Planted,2239.0,ha,Actual,PL4
675639ff3110cdd6,2011,10,D.H Nam Trg Bộ,Provincial,Cultivation,Mía,,Area_Planted,51211.0,ha,Actual,PL4
71aa2ac552a187e6,2011,10,D.H Nam Trg Bộ,Provincial,Cultivation,Lúa,,Area_Planted,1677.0,ha,Actual,PL4
71aa2ac552a187e6,2011,10,D.H Nam Trg Bộ,Provincial,Cultivation,Lúa,,Area_Planted,37.0,ha,Actual,PL4
71aa2ac552a187e6,2011,10,D.H Nam Trg Bộ,Provincial,Cultivation,Lúa,,Area_Planted,59098.0,ha,Actual,PL4
71aa2ac552a187e6,2011,10,D.H Nam Trg Bộ,Provincial,Cultivation,Lúa,,Area_Planted,59098.0,ha,Actual,PL4
7cd42706d86ebb9a,2011,10,TP Đà Nẵng,Provincial,Cultivation,Lúa,,Area_Planted,1471.0,ha,Actual,PL4
879ef8a40b7de6f0,2011,10,TP Đà Nẵng,Provincial,Cultivation,Lạc,,Area_Planted,784.0,ha,Actual,PL4
7cd42706d86ebb9a,2011,10,TP Đà Nẵng,Provincial,Cultivation,Lúa,,Area_Planted,255.0,ha,Actual,PL4
9c97054cced0719e,2011,10,TP Đà Nẵng,Provincial,Cultivation,Thuốc lá,,Area_Planted,18.0,ha,Actual,PL4
30c152f519e89273,2011,10,TP Đà Nẵng,Provincial,Cultivation,Mía,,Area_Planted,414.0,ha,Actual,PL4
7cd42706d86ebb9a,2011,10,TP Đà Nẵng,Provincial,Cultivation,Lúa,,Area_Planted,1371.0,ha,Actual,PL4
0c717c2d847edcdf,2011,10,Quảng Nam,Provincial,Cultivation,Lúa,,Area_Planted,13350.0,ha,Actual,PL4
7f4f2a37294f8fcc,2011,10,Quảng Nam,Provincial,Cultivation,Lạc,,Area_Planted,9918.0,ha,Actual,PL4
0c717c2d847edcdf,2011,10,Quảng Nam,Provincial,Cultivation,Lúa,,Area_Planted,2450.0,ha,Actual,PL4
a802c49be02a8e0d,2011,10,Quảng Nam,Provincial,Cultivation,Thuốc lá,,Area_Planted,450.0,ha,Actual,PL4
02cfb28495ea3f13,2011,10,Quảng Nam,Provincial,Cultivation,Mía,,Area_Planted,344.0,ha,Actual,PL4
0c717c2d847edcdf,2011,10,Quảng Nam,Provincial,Cultivation,Lúa,,Area_Planted,188.0,ha,Actual,PL4
0c717c2d847edcdf,2011,10,Quảng Nam,Provincial,Cultivation,Lúa,,Area_Planted,13565.0,ha,Actual,PL4
0c717c2d847edcdf,2011,10,Quảng Nam,Provincial,Cultivation,Lúa,,Area_Planted,6812.0,ha,Actual,PL4
f6b5bd81962142bb,2011,10,Quảng Ngãi,Provincial,Cultivation,Lúa,,Area_Planted,12011.0,ha,Actual,PL4
88a4dfcac8095b71,2011,10,Quảng Ngãi,Provincial,Cultivation,Đậu,,Area_Planted,65.0,ha,Actual,PL4
dae09a16b3d2c1c8,2011,10,Quảng Ngãi,Provincial,Cultivation,Lạc,,Area_Planted,5695.0,ha,Actual,PL4
0936d7a1d98ee1a7,2011,10,Quảng Ngãi,Provincial,Cultivation,Thuốc lá,,Area_Planted,56.0,ha,Actual,PL4
f814a3b8a6363bf6,2011,10,Quảng Ngãi,Provincial,Cultivation,Mía,,Area_Planted,6194.0,ha,Actual,PL4
f6b5bd81962142bb,2011,10,Quảng Ngãi,Provincial,Cultivation,Lúa,,Area_Planted,12542.0,ha,Actual,PL4
f6b5bd81962142bb,2011,10,Quảng Ngãi,Provincial,Cultivation,Lúa,,Area_Planted,3178.0,ha,Actual,PL4
8bf6dc7c5ca2a9cf,2011,10,Bình Định,Provincial,Cultivation,Lúa,,Area_Planted,11047.0,ha,Actual,PL4
363c1ffc37808acb,2011,10,Bình Định,Provincial,Cultivation,Đậu,,Area_Planted,557.0,ha,Actual,PL4
282d75c04b8c58b8,2011,10,Bình Định,Provincial,Cultivation,Lạc,,Area_Planted,9034.0,ha,Actual,PL4
8bf6dc7c5ca2a9cf,2011,10,Bình Định,Provincial,Cultivation,Lúa,,Area_Planted,1456.0,ha,Actual,PL4
8bf6dc7c5ca2a9cf,2011,10,Bình Định,Provincial,Cultivation,Lúa,,Area_Planted,12756.0,ha,Actual,PL4
8bf6dc7c5ca2a9cf,2011,10,Bình Định,Provincial,Cultivation,Lúa,,Area_Planted,1994.0,ha,Actual,PL4
7bde67971bf85cba,2011,10,Phú Yên,Provincial,Cultivation,Lúa,,Area_Planted,25235.0,ha,Actual,PL4
4d3cf2e37ce5c1cd,2011,10,Phú Yên,Provincial,Cultivation,Đậu,,Area_Planted,312.0,ha,Actual,PL4
4c256eeb3ca6d99c,2011,10,Phú Yên,Provincial,Cultivation,Lạc,,Area_Planted,1046.0,ha,Actual,PL4
7bde67971bf85cba,2011,10,Phú Yên,Provincial,Cultivation,Lúa,,Area_Planted,2813.0,ha,Actual,PL4
12ee538d81785c9b,2011,10,Phú Yên,Provincial,Cultivation,Thuốc lá,,Area_Planted,504.0,ha,Actual,PL4
d7e70feab053831a,2011,10,Phú Yên,Provincial,Cultivation,Mía,,Area_Planted,20251.0,ha,Actual,PL4
7bde67971bf85cba,2011,10,Phú Yên,Provincial,Cultivation,Lúa,,Area_Planted,272.0,ha,Actual,PL4
7bde67971bf85cba,2011,10,Phú Yên,Provincial,Cultivation,Lúa,,Area_Planted,37.0,ha,Actual,PL4
7bde67971bf85cba,2011,10,Phú Yên,Provincial,Cultivation,Lúa,,Area_Planted,3938.0,ha,Actual,PL4
7bde67971bf85cba,2011,10,Phú Yên,Provincial,Cultivation,Lúa,,Area_Planted,4742.0,ha,Actual,PL4
d704585d28565560,2011,10,Khánh Hoà,Provincial,Cultivation,Lúa,,Area_Planted,18209.0,ha,Actual,PL4
4a8ac9c08c403e44,2011,10,Khánh Hoà,Provincial,Cultivation,Đậu,,Area_Planted,28.0,ha,Actual,PL4
e0331b5d1bb2a2e1,2011,10,Khánh Hoà,Provincial,Cultivation,Lạc,,Area_Planted,264.0,ha,Actual,PL4
ab203b9ba6671a46,2011,10,Khánh Hoà,Provincial,Cultivation,Thuốc lá,,Area_Planted,375.0,ha,Actual,PL4
3153272dd1579e60,2011,10,Khánh Hoà,Provincial,Cultivation,Mía,,Area_Planted,17542.0,ha,Actual,PL4
d704585d28565560,2011,10,Khánh Hoà,Provincial,Cultivation,Lúa,,Area_Planted,4432.0,ha,Actual,PL4
d704585d28565560,2011,10,Khánh Hoà,Provincial,Cultivation,Lúa,,Area_Planted,1391.0,ha,Actual,PL4
e2164e8cdcd229cf,2011,10,Ninh Thuận,Provincial,Cultivation,Lúa,,Area_Planted,3732.0,ha,Actual,PL4
81962ef231898594,2011,10,Ninh Thuận,Provincial,Cultivation,Đậu,,Area_Planted,3.0,ha,Actual,PL4
bea9896e1270eec6,2011,10,Ninh Thuận,Provincial,Cultivation,Lạc,,Area_Planted,271.0,ha,Actual,PL4
e2164e8cdcd229cf,2011,10,Ninh Thuận,Provincial,Cultivation,Lúa,,Area_Planted,21.0,ha,Actual,PL4
17e11106f85b5b83,2011,10,Ninh Thuận,Provincial,Cultivation,Thuốc lá,,Area_Planted,782.0,ha,Actual,PL4
df3ddf3cb4369076,2011,10,Ninh Thuận,Provincial,Cultivation,Mía,,Area_Planted,2572.0,ha,Actual,PL4
e2164e8cdcd229cf,2011,10,Ninh Thuận,Provincial,Cultivation,Lúa,,Area_Planted,83.0,ha,Actual,PL4
e2164e8cdcd229cf,2011,10,Ninh Thuận,Provincial,Cultivation,Lúa,,Area_Planted,5069.0,ha,Actual,PL4
e2164e8cdcd229cf,2011,10,Ninh Thuận,Provincial,Cultivation,Lúa,,Area_Planted,4500.0,ha,Actual,PL4
48bde7a47d4d6eac,2011,10,Bình Thuận,Provincial,Cultivation,Lúa,,Area_Planted,16295.0,ha,Actual,PL4
1d5febb5f85ffc5e,2011,10,Bình Thuận,Provincial,Cultivation,Lạc,,Area_Planted,4992.0,ha,Actual,PL4
48bde7a47d4d6eac,2011,10,Bình Thuận,Provincial,Cultivation,Lúa,,Area_Planted,6221.0,ha,Actual,PL4
e73be0cb484a7909,2011,10,Bình Thuận,Provincial,Cultivation,Thuốc lá,,Area_Planted,54.0,ha,Actual,PL4
45f7b9dfae4055b6,2011,10,Bình Thuận,Provincial,Cultivation,Mía,,Area_Planted,3894.0,ha,Actual,PL4
48bde7a47d4d6eac,2011,10,Bình Thuận,Provincial,Cultivation,Lúa,,Area_Planted,1134.0,ha,Actual,PL4
48bde7a47d4d6eac,2011,10,Bình Thuận,Provincial,Cultivation,Lúa,,Area_Planted,5425.0,ha,Actual,PL4
48bde7a47d4d6eac,2011,10,Bình Thuận,Provincial,Cultivation,Lúa,,Area_Planted,5258.0,ha,Actual,PL4
557cb92551a467d5,2011,10,Tây Nguyên,Provincial,Cultivation,Lúa,,Area_Planted,62774.0,ha,Actual,PL4
b066066f37d54350,2011,10,Tây Nguyên,Provincial,Cultivation,Đậu,,Area_Planted,8227.0,ha,Actual,PL4
0b2364c79dd75954,2011,10,Tây Nguyên,Provincial,Cultivation,Lạc,,Area_Planted,17849.0,ha,Actual,PL4
557cb92551a467d5,2011,10,Tây Nguyên,Provincial,Cultivation,Lúa,,Area_Planted,3449.0,ha,Actual,PL4
15ac532e09f21cb6,2011,10,Tây Nguyên,Provincial,Cultivation,Thuốc lá,,Area_Planted,3564.0,ha,Actual,PL4
cbb1d65a3f0439bf,2011,10,Tây Nguyên,Provincial,Cultivation,Mía,,Area_Planted,26263.0,ha,Actual,PL4
557cb92551a467d5,2011,10,Tây Nguyên,Provincial,Cultivation,Lúa,,Area_Planted,3422.0,ha,Actual,PL4
557cb92551a467d5,2011,10,Tây Nguyên,Provincial,Cultivation,Lúa,,Area_Planted,60552.0,ha,Actual,PL4
557cb92551a467d5,2011,10,Tây Nguyên,Provincial,Cultivation,Lúa,,Area_Planted,65592.0,ha,Actual,PL4
27630710a5887ce2,2011,10,Kon Tum,Provincial,Cultivation,Lúa,,Area_Planted,1918.0,ha,Actual,PL4
68bb6fa790ec8588,2011,10,Kon Tum,Provincial,Cultivation,Đậu,,Area_Planted,39.0,ha,Actual,PL4
b6943c14defed36f,2011,10,Kon Tum,Provincial,Cultivation,Lạc,,Area_Planted,109.0,ha,Actual,PL4
33e431bc28c98d88,2011,10,Kon Tum,Provincial,Cultivation,Mía,,Area_Planted,1770.0,ha,Actual,PL4
27630710a5887ce2,2011,10,Kon Tum,Provincial,Cultivation,Lúa,,Area_Planted,1838.0,ha,Actual,PL4
27630710a5887ce2,2011,10,Kon Tum,Provincial,Cultivation,Lúa,,Area_Planted,678.0,ha,Actual,PL4
fafe4f91f8367eef,2011,10,Gia Lai,Provincial,Cultivation,Lúa,,Area_Planted,19098.0,ha,Actual,PL4
646760905a843f11,2011,10,Gia Lai,Provincial,Cultivation,Lạc,,Area_Planted,1464.0,ha,Actual,PL4
fafe4f91f8367eef,2011,10,Gia Lai,Provincial,Cultivation,Lúa,,Area_Planted,2858.0,ha,Actual,PL4
42d7467b6a3c460b,2011,10,Gia Lai,Provincial,Cultivation,Thuốc lá,,Area_Planted,3031.0,ha,Actual,PL4
113f9d2ffb710ea3,2011,10,Gia Lai,Provincial,Cultivation,Mía,,Area_Planted,9956.0,ha,Actual,PL4
fafe4f91f8367eef,2011,10,Gia Lai,Provincial,Cultivation,Lúa,,Area_Planted,1789.0,ha,Actual,PL4
fafe4f91f8367eef,2011,10,Gia Lai,Provincial,Cultivation,Lúa,,Area_Planted,12898.0,ha,Actual,PL4
fafe4f91f8367eef,2011,10,Gia Lai,Provincial,Cultivation,Lúa,,Area_Planted,13316.0,ha,Actual,PL4
9dd8626b01045173,2011,10,Đắc Lắc,Provincial,Cultivation,Lúa,,Area_Planted,31260.0,ha,Actual,PL4
8b30e7001012968d,2011,10,Đắc Lắc,Provincial,Cultivation,Đậu,,Area_Planted,8099.0,ha,Actual,PL4
e7345370c42db484,2011,10,Đắc Lắc,Provincial,Cultivation,Lạc,,Area_Planted,6864.0,ha,Actual,PL4
9dd8626b01045173,2011,10,Đắc Lắc,Provincial,Cultivation,Lúa,,Area_Planted,591.0,ha,Actual,PL4
c2cca16120eeffbe,2011,10,Đắc Lắc,Provincial,Cultivation,Thuốc lá,,Area_Planted,533.0,ha,Actual,PL4
ac028808388ec3fa,2011,10,Đắc Lắc,Provincial,Cultivation,Mía,,Area_Planted,13540.0,ha,Actual,PL4
9dd8626b01045173,2011,10,Đắc Lắc,Provincial,Cultivation,Lúa,,Area_Planted,1633.0,ha,Actual,PL4
9dd8626b01045173,2011,10,Đắc Lắc,Provincial,Cultivation,Lúa,,Area_Planted,8118.0,ha,Actual,PL4
9dd8626b01045173,2011,10,Đắc Lắc,Provincial,Cultivation,Lúa,,Area_Planted,24855.0,ha,Actual,PL4
36b19ea2a865d4e3,2011,10,Đắc Nông,Provincial,Cultivation,Lúa,,Area_Planted,9299.0,ha,Actual,PL4
fb7a23bfe1c86357,2011,10,Đắc Nông,Provincial,Cultivation,Lạc,,Area_Planted,9299.0,ha,Actual,PL4
36b19ea2a865d4e3,2011,10,Đắc Nông,Provincial,Cultivation,Lúa,,Area_Planted,905.0,ha,Actual,PL4
36b19ea2a865d4e3,2011,10,Đắc Nông,Provincial,Cultivation,Lúa,,Area_Planted,25211.0,ha,Actual,PL4
5cfd7eaae0f75e8f,2011,10,Lâm Đồng,Provincial,Cultivation,Lúa,,Area_Planted,1199.0,ha,Actual,PL4
8fa58f785160fd98,2011,10,Lâm Đồng,Provincial,Cultivation,Đậu,,Area_Planted,89.0,ha,Actual,PL4
f439ebe58cb7d671,2011,10,Lâm Đồng,Provincial,Cultivation,Lạc,,Area_Planted,113.0,ha,Actual,PL4
292921ebce0bbd84,2011,10,Lâm Đồng,Provincial,Cultivation,Mía,,Area_Planted,997.0,ha,Actual,PL4
5cfd7eaae0f75e8f,2011,10,Lâm Đồng,Provincial,Cultivation,Lúa,,Area_Planted,36793.0,ha,Actual,PL4
5cfd7eaae0f75e8f,2011,10,Lâm Đồng,Provincial,Cultivation,Lúa,,Area_Planted,1532.0,ha,Actual,PL4
baed5aae20b0e88e,2011,10,Đông Nam Bộ,Provincial,Cultivation,Lúa,,Area_Planted,43238.0,ha,Actual,PL4
ae766b3433c577cc,2011,10,Đông Nam Bộ,Provincial,Cultivation,Đậu,,Area_Planted,831.0,ha,Actual,PL4
707a0c9005e24e93,2011,10,Đông Nam Bộ,Provincial,Cultivation,Lạc,,Area_Planted,17399.0,ha,Actual,PL4
baed5aae20b0e88e,2011,10,Đông Nam Bộ,Provincial,Cultivation,Lúa,,Area_Planted,1484.0,ha,Actual,PL4
d5128dc1947fa76a,2011,10,Đông Nam Bộ,Provincial,Cultivation,Thuốc lá,,Area_Planted,5031.0,ha,Actual,PL4
8c63236db0397527,2011,10,Đông Nam Bộ,Provincial,Cultivation,Mía,,Area_Planted,18390.0,ha,Actual,PL4
baed5aae20b0e88e,2011,10,Đông Nam Bộ,Provincial,Cultivation,Lúa,,Area_Planted,93.0,ha,Actual,PL4
baed5aae20b0e88e,2011,10,Đông Nam Bộ,Provincial,Cultivation,Lúa,,Area_Planted,10.0,ha,Actual,PL4
baed5aae20b0e88e,2011,10,Đông Nam Bộ,Provincial,Cultivation,Lúa,,Area_Planted,61704.0,ha,Actual,PL4
baed5aae20b0e88e,2011,10,Đông Nam Bộ,Provincial,Cultivation,Lúa,,Area_Planted,20094.0,ha,Actual,PL4
a496facdac14e8ba,2011,10,Bình Phước,Provincial,Cultivation,Lúa,,Area_Planted,1247.0,ha,Actual,PL4
04a6ea08233fd5e7,2011,10,Bình Phước,Provincial,Cultivation,Đậu,,Area_Planted,113.0,ha,Actual,PL4
c748e45bbc283ef6,2011,10,Bình Phước,Provincial,Cultivation,Lạc,,Area_Planted,583.0,ha,Actual,PL4
a496facdac14e8ba,2011,10,Bình Phước,Provincial,Cultivation,Lúa,,Area_Planted,41.0,ha,Actual,PL4
3210c5b21d51e307,2011,10,Bình Phước,Provincial,Cultivation,Thuốc lá,,Area_Planted,2.0,ha,Actual,PL4
7ccb96e59726fcc3,2011,10,Bình Phước,Provincial,Cultivation,Mía,,Area_Planted,482.0,ha,Actual,PL4
a496facdac14e8ba,2011,10,Bình Phước,Provincial,Cultivation,Lúa,,Area_Planted,26.0,ha,Actual,PL4
a496facdac14e8ba,2011,10,Bình Phước,Provincial,Cultivation,Lúa,,Area_Planted,2929.0,ha,Actual,PL4
a496facdac14e8ba,2011,10,Bình Phước,Provincial,Cultivation,Lúa,,Area_Planted,1660.0,ha,Actual,PL4
ffb229e9b7716c6e,2011,10,Tây Ninh,Provincial,Cultivation,Lúa,,Area_Planted,22743.0,ha,Actual,PL4
b33095dfa36c7b2d,2011,10,Tây Ninh,Provincial,Cultivation,Lạc,,Area_Planted,13956.0,ha,Actual,PL4
ffb229e9b7716c6e,2011,10,Tây Ninh,Provincial,Cultivation,Lúa,,Area_Planted,846.0,ha,Actual,PL4
4f55b5b8d99f9a0a,2011,10,Tây Ninh,Provincial,Cultivation,Thuốc lá,,Area_Planted,3340.0,ha,Actual,PL4
1468f2adf82d8ff1,2011,10,Tây Ninh,Provincial,Cultivation,Mía,,Area_Planted,4591.0,ha,Actual,PL4
ffb229e9b7716c6e,2011,10,Tây Ninh,Provincial,Cultivation,Lúa,,Area_Planted,10.0,ha,Actual,PL4
ffb229e9b7716c6e,2011,10,Tây Ninh,Provincial,Cultivation,Lúa,,Area_Planted,19660.0,ha,Actual,PL4
ffb229e9b7716c6e,2011,10,Tây Ninh,Provincial,Cultivation,Lúa,,Area_Planted,8339.0,ha,Actual,PL4
d28657b54cfe838b,2011,10,Bình Dương,Provincial,Cultivation,Lúa,,Area_Planted,907.0,ha,Actual,PL4
e36f9d324726c6fa,2011,10,Bình Dương,Provincial,Cultivation,Lạc,,Area_Planted,555.0,ha,Actual,PL4
d28657b54cfe838b,2011,10,Bình Dương,Provincial,Cultivation,Lúa,,Area_Planted,190.0,ha,Actual,PL4
e20dd7916fceb163,2011,10,Bình Dương,Provincial,Cultivation,Mía,,Area_Planted,162.0,ha,Actual,PL4
d28657b54cfe838b,2011,10,Bình Dương,Provincial,Cultivation,Lúa,,Area_Planted,5528.0,ha,Actual,PL4
d28657b54cfe838b,2011,10,Bình Dương,Provincial,Cultivation,Lúa,,Area_Planted,736.0,ha,Actual,PL4
4093fbbeb9f1da14,2011,10,Đồng Nai,Provincial,Cultivation,Lúa,,Area_Planted,14229.0,ha,Actual,PL4
830411b6740c18a7,2011,10,Đồng Nai,Provincial,Cultivation,Đậu,,Area_Planted,718.0,ha,Actual,PL4
04931d0df36b69a7,2011,10,Đồng Nai,Provincial,Cultivation,Lạc,,Area_Planted,1271.0,ha,Actual,PL4
4093fbbeb9f1da14,2011,10,Đồng Nai,Provincial,Cultivation,Lúa,,Area_Planted,193.0,ha,Actual,PL4
84e9a914a7f59fbd,2011,10,Đồng Nai,Provincial,Cultivation,Thuốc lá,,Area_Planted,1571.0,ha,Actual,PL4
b4bf405c43052346,2011,10,Đồng Nai,Provincial,Cultivation,Mía,,Area_Planted,10462.0,ha,Actual,PL4
4093fbbeb9f1da14,2011,10,Đồng Nai,Provincial,Cultivation,Lúa,,Area_Planted,14.0,ha,Actual,PL4
4093fbbeb9f1da14,2011,10,Đồng Nai,Provincial,Cultivation,Lúa,,Area_Planted,13467.0,ha,Actual,PL4
4093fbbeb9f1da14,2011,10,Đồng Nai,Provincial,Cultivation,Lúa,,Area_Planted,7345.0,ha,Actual,PL4
3683fee1d4af4156,2011,10,Bà Rịa-V.Tàu,Provincial,Cultivation,Lúa,,Area_Planted,1812.0,ha,Actual,PL4
f310fdbf5987bcf9,2011,10,Bà Rịa-V.Tàu,Provincial,Cultivation,Lạc,,Area_Planted,1034.0,ha,Actual,PL4
3683fee1d4af4156,2011,10,Bà Rịa-V.Tàu,Provincial,Cultivation,Lúa,,Area_Planted,214.0,ha,Actual,PL4
8bfe969f8fd33e6f,2011,10,Bà Rịa-V.Tàu,Provincial,Cultivation,Thuốc lá,,Area_Planted,118.0,ha,Actual,PL4
96e4c221cbdf3e10,2011,10,Bà Rịa-V.Tàu,Provincial,Cultivation,Mía,,Area_Planted,393.0,ha,Actual,PL4
3683fee1d4af4156,2011,10,Bà Rịa-V.Tàu,Provincial,Cultivation,Lúa,,Area_Planted,53.0,ha,Actual,PL4
3683fee1d4af4156,2011,10,Bà Rịa-V.Tàu,Provincial,Cultivation,Lúa,,Area_Planted,7383.0,ha,Actual,PL4
3683fee1d4af4156,2011,10,Bà Rịa-V.Tàu,Provincial,Cultivation,Lúa,,Area_Planted,2014.0,ha,Actual,PL4
cbb50d2dee2b8238,2011,10,TP Hồ Chí Minh,Provincial,Cultivation,Lúa,,Area_Planted,2300.0,ha,Actual,PL4
66ba21458b31b9f9,2011,10,TP Hồ Chí Minh,Provincial,Cultivation,Mía,,Area_Planted,2300.0,ha,Actual,PL4
cbb50d2dee2b8238,2011,10,TP Hồ Chí Minh,Provincial,Cultivation,Lúa,,Area_Planted,12737.0,ha,Actual,PL4
d6e655a1e11d2f89,2011,10,ĐBS Cửu Long,Provincial,Cultivation,Lúa,,Area_Planted,97812.0,ha,Actual,PL4
2b43e982d35d82cc,2011,10,ĐBS Cửu Long,Provincial,Cultivation,Đậu,,Area_Planted,4268.0,ha,Actual,PL4
7809f4cd5ce870cf,2011,10,ĐBS Cửu Long,Provincial,Cultivation,Lạc,,Area_Planted,11884.0,ha,Actual,PL4
d6e655a1e11d2f89,2011,10,ĐBS Cửu Long,Provincial,Cultivation,Lúa,,Area_Planted,16202.0,ha,Actual,PL4
4a538f29411799d8,2011,10,ĐBS Cửu Long,Provincial,Cultivation,Thuốc lá,,Area_Planted,140.0,ha,Actual,PL4
86cfd2810cd24e27,2011,10,ĐBS Cửu Long,Provincial,Cultivation,Mía,,Area_Planted,60007.0,ha,Actual,PL4
d6e655a1e11d2f89,2011,10,ĐBS Cửu Long,Provincial,Cultivation,Lúa,,Area_Planted,5311.0,ha,Actual,PL4
d6e655a1e11d2f89,2011,10,ĐBS Cửu Long,Provincial,Cultivation,Lúa,,Area_Planted,218391.0,ha,Actual,PL4
d6e655a1e11d2f89,2011,10,ĐBS Cửu Long,Provincial,Cultivation,Lúa,,Area_Planted,12185.0,ha,Actual,PL4
9955c59cf4b76e1b,2011,10,Long An,Provincial,Cultivation,Lúa,,Area_Planted,24962.0,ha,Actual,PL4
0e29983e408bc1d6,2011,10,Long An,Provincial,Cultivation,Lạc,,Area_Planted,6227.0,ha,Actual,PL4
9955c59cf4b76e1b,2011,10,Long An,Provincial,Cultivation,Lúa,,Area_Planted,1782.0,ha,Actual,PL4
6a5188d04a652118,2011,10,Long An,Provincial,Cultivation,Thuốc lá,,Area_Planted,81.0,ha,Actual,PL4
88bfcc40f1b775b3,2011,10,Long An,Provincial,Cultivation,Mía,,Area_Planted,13276.0,ha,Actual,PL4
9955c59cf4b76e1b,2011,10,Long An,Provincial,Cultivation,Lúa,,Area_Planted,3596.0,ha,Actual,PL4
9955c59cf4b76e1b,2011,10,Long An,Provincial,Cultivation,Lúa,,Area_Planted,13465.0,ha,Actual,PL4
9955c59cf4b76e1b,2011,10,Long An,Provincial,Cultivation,Lúa,,Area_Planted,19.0,ha,Actual,PL4
9db1b59c4fdcfe04,2011,10,Tiền Giang,Provincial,Cultivation,Lúa,,Area_Planted,612.0,ha,Actual,PL4
2820a44fc911efbc,2011,10,Tiền Giang,Provincial,Cultivation,Đậu,,Area_Planted,218.0,ha,Actual,PL4
57cc82b33f6f8116,2011,10,Tiền Giang,Provincial,Cultivation,Lạc,,Area_Planted,164.0,ha,Actual,PL4
9cc6817d42c91c46,2011,10,Tiền Giang,Provincial,Cultivation,Mía,,Area_Planted,230.0,ha,Actual,PL4
9db1b59c4fdcfe04,2011,10,Tiền Giang,Provincial,Cultivation,Lúa,,Area_Planted,36474.0,ha,Actual,PL4
9db1b59c4fdcfe04,2011,10,Tiền Giang,Provincial,Cultivation,Lúa,,Area_Planted,142.0,ha,Actual,PL4
b7d807cfdb3a7439,2011,10,Bến Tre,Provincial,Cultivation,Lúa,,Area_Planted,5664.0,ha,Actual,PL4
e4c8853e8fd85264,2011,10,Bến Tre,Provincial,Cultivation,Lạc,,Area_Planted,324.0,ha,Actual,PL4
7576da283b7b2b8b,2011,10,Bến Tre,Provincial,Cultivation,Mía,,Area_Planted,5340.0,ha,Actual,PL4
b7d807cfdb3a7439,2011,10,Bến Tre,Provincial,Cultivation,Lúa,,Area_Planted,6061.0,ha,Actual,PL4
b7d807cfdb3a7439,2011,10,Bến Tre,Provincial,Cultivation,Lúa,,Area_Planted,3.0,ha,Actual,PL4
e47b42d3d6db9d33,2011,10,Trà Vinh,Provincial,Cultivation,Lúa,,Area_Planted,11942.0,ha,Actual,PL4
395f9016ef56ea51,2011,10,Trà Vinh,Provincial,Cultivation,Lạc,,Area_Planted,4069.0,ha,Actual,PL4
2aefc1c2bbe204f9,2011,10,Trà Vinh,Provincial,Cultivation,Mía,,Area_Planted,6499.0,ha,Actual,PL4
e47b42d3d6db9d33,2011,10,Trà Vinh,Provincial,Cultivation,Lúa,,Area_Planted,1374.0,ha,Actual,PL4
e47b42d3d6db9d33,2011,10,Trà Vinh,Provincial,Cultivation,Lúa,,Area_Planted,26594.0,ha,Actual,PL4
e47b42d3d6db9d33,2011,10,Trà Vinh,Provincial,Cultivation,Lúa,,Area_Planted,1041.0,ha,Actual,PL4
33e97e6505884fd8,2011,10,Vĩnh Long,Provincial,Cultivation,Lúa,,Area_Planted,2583.0,ha,Actual,PL4
7876cd5389460bce,2011,10,Vĩnh Long,Provincial,Cultivation,Đậu,,Area_Planted,912.0,ha,Actual,PL4
a268ff7382f6267e,2011,10,Vĩnh Long,Provincial,Cultivation,Lạc,,Area_Planted,29.0,ha,Actual,PL4
33e97e6505884fd8,2011,10,Vĩnh Long,Provincial,Cultivation,Lúa,,Area_Planted,1548.0,ha,Actual,PL4
19d1b29c981ae57c,2011,10,Vĩnh Long,Provincial,Cultivation,Mía,,Area_Planted,95.0,ha,Actual,PL4
33e97e6505884fd8,2011,10,Vĩnh Long,Provincial,Cultivation,Lúa,,Area_Planted,20734.0,ha,Actual,PL4
33e97e6505884fd8,2011,10,Vĩnh Long,Provincial,Cultivation,Lúa,,Area_Planted,822.0,ha,Actual,PL4
8f12a2d6445c4253,2011,10,Đồng Tháp,Provincial,Cultivation,Lúa,,Area_Planted,8116.0,ha,Actual,PL4
4b455dc26d8a667f,2011,10,Đồng Tháp,Provincial,Cultivation,Đậu,,Area_Planted,2426.0,ha,Actual,PL4
1bdb06251593325c,2011,10,Đồng Tháp,Provincial,Cultivation,Lạc,,Area_Planted,236.0,ha,Actual,PL4
8f12a2d6445c4253,2011,10,Đồng Tháp,Provincial,Cultivation,Lúa,,Area_Planted,5050.0,ha,Actual,PL4
2d95c496e3628edb,2011,10,Đồng Tháp,Provincial,Cultivation,Mía,,Area_Planted,209.0,ha,Actual,PL4
8f12a2d6445c4253,2011,10,Đồng Tháp,Provincial,Cultivation,Lúa,,Area_Planted,195.0,ha,Actual,PL4
8f12a2d6445c4253,2011,10,Đồng Tháp,Provincial,Cultivation,Lúa,,Area_Planted,11612.0,ha,Actual,PL4
8f12a2d6445c4253,2011,10,Đồng Tháp,Provincial,Cultivation,Lúa,,Area_Planted,1242.0,ha,Actual,PL4
dc0a6d7f463e43d7,2011,10,An Giang,Provincial,Cultivation,Lúa,,Area_Planted,3202.0,ha,Actual,PL4
84eb7df67e0e38d2,2011,10,An Giang,Provincial,Cultivation,Đậu,,Area_Planted,242.0,ha,Actual,PL4
ba6d4944b232514e,2011,10,An Giang,Provincial,Cultivation,Lạc,,Area_Planted,646.0,ha,Actual,PL4
dc0a6d7f463e43d7,2011,10,An Giang,Provincial,Cultivation,Lúa,,Area_Planted,2122.0,ha,Actual,PL4
79b8a0c541441ed6,2011,10,An Giang,Provincial,Cultivation,Thuốc lá,,Area_Planted,59.0,ha,Actual,PL4
7b25c29ec159df7d,2011,10,An Giang,Provincial,Cultivation,Mía,,Area_Planted,78.0,ha,Actual,PL4
dc0a6d7f463e43d7,2011,10,An Giang,Provincial,Cultivation,Lúa,,Area_Planted,55.0,ha,Actual,PL4
dc0a6d7f463e43d7,2011,10,An Giang,Provincial,Cultivation,Lúa,,Area_Planted,36276.0,ha,Actual,PL4
dc0a6d7f463e43d7,2011,10,An Giang,Provincial,Cultivation,Lúa,,Area_Planted,3724.0,ha,Actual,PL4
0e17c93b4b599894,2011,10,Kiên Giang,Provincial,Cultivation,Lúa,,Area_Planted,4512.0,ha,Actual,PL4
299bdc06681240ce,2011,10,Kiên Giang,Provincial,Cultivation,Mía,,Area_Planted,4512.0,ha,Actual,PL4
0e17c93b4b599894,2011,10,Kiên Giang,Provincial,Cultivation,Lúa,,Area_Planted,2999.0,ha,Actual,PL4
ee413a90f8d48857,2011,10,Cần Thơ,Provincial,Cultivation,Lúa,,Area_Planted,5951.0,ha,Actual,PL4
d736617e5ad34748,2011,10,Cần Thơ,Provincial,Cultivation,Đậu,,Area_Planted,232.0,ha,Actual,PL4
40ae661f7eb2f825,2011,10,Cần Thơ,Provincial,Cultivation,Lạc,,Area_Planted,18.0,ha,Actual,PL4
ee413a90f8d48857,2011,10,Cần Thơ,Provincial,Cultivation,Lúa,,Area_Planted,5701.0,ha,Actual,PL4
ee413a90f8d48857,2011,10,Cần Thơ,Provincial,Cultivation,Lúa,,Area_Planted,616781.0,ha,Actual,PL4
ee413a90f8d48857,2011,10,Cần Thơ,Provincial,Cultivation,Lúa,,Area_Planted,886.0,ha,Actual,PL4
da4d411594482629,2011,10,Hậu Giang,Provincial,Cultivation,Lúa,,Area_Planted,13747.0,ha,Actual,PL4
23aa741ac6638a8e,2011,10,Hậu Giang,Provincial,Cultivation,Mía,,Area_Planted,13747.0,ha,Actual,PL4
da4d411594482629,2011,10,Hậu Giang,Provincial,Cultivation,Lúa,,Area_Planted,14659.0,ha,Actual,PL4
da4d411594482629,2011,10,Hậu Giang,Provincial,Cultivation,Lúa,,Area_Planted,561.0,ha,Actual,PL4
a657eb94d7dee7ad,2011,10,Sóc Trăng,Provincial,Cultivation,Lúa,,Area_Planted,14359.0,ha,Actual,PL4
5d038dce9de863d6,2011,10,Sóc Trăng,Provincial,Cultivation,Đậu,,Area_Planted,238.0,ha,Actual,PL4
1674f60ef8c46f5f,2011,10,Sóc Trăng,Provincial,Cultivation,Lạc,,Area_Planted,166.0,ha,Actual,PL4
c0f2adb6b985f80a,2011,10,Sóc Trăng,Provincial,Cultivation,Mía,,Area_Planted,13955.0,ha,Actual,PL4
a657eb94d7dee7ad,2011,10,Sóc Trăng,Provincial,Cultivation,Lúa,,Area_Planted,27022.0,ha,Actual,PL4
a657eb94d7dee7ad,2011,10,Sóc Trăng,Provincial,Cultivation,Lúa,,Area_Planted,3364.0,ha,Actual,PL4
0b8b4886e3ef06f9,2011,10,Bạc Liêu,Provincial,Cultivation,Lúa,,Area_Planted,359.0,ha,Actual,PL4
48c37d9b446bb5ca,2011,10,Bạc Liêu,Provincial,Cultivation,Lạc,,Area_Planted,5.0,ha,Actual,PL4
2a8f9da739593d33,2011,10,Bạc Liêu,Provincial,Cultivation,Mía,,Area_Planted,263.0,ha,Actual,PL4
0b8b4886e3ef06f9,2011,10,Bạc Liêu,Provincial,Cultivation,Lúa,,Area_Planted,91.0,ha,Actual,PL4
0b8b4886e3ef06f9,2011,10,Bạc Liêu,Provincial,Cultivation,Lúa,,Area_Planted,10418.0,ha,Actual,PL4
0b8b4886e3ef06f9,2011,10,Bạc Liêu,Provincial,Cultivation,Lúa,,Area_Planted,382.0,ha,Actual,PL4
e8688c7b2997331c,2011,10,Cà Mau,Provincial,Cultivation,Lúa,,Area_Planted,1803.0,ha,Actual,PL4
c20391e1a6856b91,2011,10,Cà Mau,Provincial,Cultivation,Mía,,Area_Planted,1803.0,ha,Actual,PL4
e8688c7b2997331c,2011,10,Cà Mau,Provincial,Cultivation,Lúa,,Area_Planted,5909.0,ha,Actual,PL4
05020bd3508e9ade,2011,10,1.1,Provincial,Cultivation,Lúa,,Area_Planted,458.0,ha,Actual,PL5
05020bd3508e9ade,2011,10,1.1,Provincial,Cultivation,Lúa,,Area_Planted,186.0,ha,Actual,PL5
05020bd3508e9ade,2011,10,1.1,Provincial,Cultivation,Lúa,,Area_Planted,406.0,ha,Actual,PL5
d6c71ef4710aad89,2011,10,1.2,Provincial,Cultivation,Lúa,,Area_Planted,1546.0,ha,Actual,PL5
d6c71ef4710aad89,2011,10,1.2,Provincial,Cultivation,Lúa,,Area_Planted,1311.0,ha,Actual,PL5
d6c71ef4710aad89,2011,10,1.2,Provincial,Cultivation,Lúa,,Area_Planted,848.0,ha,Actual,PL5
f498d875aecc92ca,2011,10,2,Provincial,Cultivation,Lúa,,Area_Planted,2880.0,ha,Actual,PL5
f498d875aecc92ca,2011,10,2,Provincial,Cultivation,Lúa,,Area_Planted,3192.0,ha,Actual,PL5
f498d875aecc92ca,2011,10,2,Provincial,Cultivation,Lúa,,Area_Planted,1108.0,ha,Actual,PL5
a6d21ec50eebd1ff,2011,10,3,Provincial,Cultivation,Lúa,,Area_Planted,1700.0,ha,Actual,PL5
a6d21ec50eebd1ff,2011,10,3,Provincial,Cultivation,Lúa,,Area_Planted,1705.0,ha,Actual,PL5
a6d21ec50eebd1ff,2011,10,3,Provincial,Cultivation,Lúa,,Area_Planted,1003.0,ha,Actual,PL5
904bde2a5ef99485,2011,10,4,Provincial,Cultivation,Lúa,,Area_Planted,7286.0,ha,Actual,PL5
904bde2a5ef99485,2011,10,4,Provincial,Cultivation,Lúa,,Area_Planted,6980.0,ha,Actual,PL5
904bde2a5ef99485,2011,10,4,Provincial,Cultivation,Lúa,,Area_Planted,958.0,ha,Actual,PL5
e4a5b4f73a0444d2,2011,10,5,Provincial,Cultivation,Lúa,,Area_Planted,25665.0,ha,Actual,PL5
e4a5b4f73a0444d2,2011,10,5,Provincial,Cultivation,Lúa,,Area_Planted,23337.0,ha,Actual,PL5
e4a5b4f73a0444d2,2011,10,5,Provincial,Cultivation,Lúa,,Area_Planted,909.0,ha,Actual,PL5
7d30aebc86514081,2011,10,6,Provincial,Cultivation,Lúa,,Area_Planted,31468.0,ha,Actual,PL5
7d30aebc86514081,2011,10,6,Provincial,Cultivation,Lúa,,Area_Planted,35300.0,ha,Actual,PL5
7d30aebc86514081,2011,10,6,Provincial,Cultivation,Lúa,,Area_Planted,1122.0,ha,Actual,PL5
e00609740bc6abb4,2011,10,Cả nước,National,Forestry,Rừng,,Area,319215.0,1000_ha,Estimated,PL6
751eb42d49290a77,2011,10,Cả nước,National,Forestry,Rừng,,Area,18604.0,1000_ha,Plan,PL6
e00609740bc6abb4,2011,10,Cả nước,National,Forestry,Rừng,,Area,252104.0,1000_ha,Estimated,PL6
751eb42d49290a77,2011,10,Cả nước,National,Forestry,Rừng,,Area,13042.0,1000_ha,Plan,PL6
e00609740bc6abb4,2011,10,Cả nước,National,Forestry,Rừng,,Area,48763.0,1000_ha,Estimated,PL6
751eb42d49290a77,2011,10,Cả nước,National,Forestry,Rừng,,Area,1190.0,1000_ha,Plan,PL6
e00609740bc6abb4,2011,10,Cả nước,National,Forestry,Rừng,,Area,221.0,1000_ha,Estimated,PL6
751eb42d49290a77,2011,10,Cả nước,National,Forestry,Rừng,,Area,50.0,1000_ha,Plan,PL6
751eb42d49290a77,2011,10,Cả nước,National,Forestry,Rừng,,Area,46.0,1000_ha,Plan,PL6
e00609740bc6abb4,2011,10,Cả nước,National,Forestry,Rừng,,Area,46282.0,1000_ha,Estimated,PL6
751eb42d49290a77,2011,10,Cả nước,National,Forestry,Rừng,,Area,200.0,1000_ha,Plan,PL6
e00609740bc6abb4,2011,10,Cả nước,National,Forestry,Rừng,,Area,810.0,1000_ha,Estimated,PL6
751eb42d49290a77,2011,10,Cả nước,National,Forestry,Rừng,,Area,500.0,1000_ha,Plan,PL6
e00609740bc6abb4,2011,10,Cả nước,National,Forestry,Rừng,,Area,526.0,1000_ha,Estimated,PL6
751eb42d49290a77,2011,10,Cả nước,National,Forestry,Rừng,,Area,338.0,1000_ha,Plan,PL6
e00609740bc6abb4,2011,10,Cả nước,National,Forestry,Rừng,,Area,924.0,1000_ha,Estimated,PL6
751eb42d49290a77,2011,10,Cả nước,National,Forestry,Rừng,,Area,56.0,1000_ha,Plan,PL6
e00609740bc6abb4,2011,10,Cả nước,National,Forestry,Rừng,,Area,110234.0,1000_ha,Estimated,PL6
751eb42d49290a77,2011,10,Cả nước,National,Forestry,Rừng,,Area,10162.0,1000_ha,Plan,PL6
e00609740bc6abb4,2011,10,Cả nước,National,Forestry,Rừng,,Area,26426.0,1000_ha,Estimated,PL6
751eb42d49290a77,2011,10,Cả nước,National,Forestry,Rừng,,Area,2706.0,1000_ha,Plan,PL6
751eb42d49290a77,2011,10,Cả nước,National,Forestry,Rừng,,Area,126.0,1000_ha,Plan,PL6
e00609740bc6abb4,2011,10,Cả nước,National,Forestry,Rừng,,Area,2024.0,1000_ha,Estimated,PL6
751eb42d49290a77,2011,10,Cả nước,National,Forestry,Rừng,,Area,107.0,1000_ha,Plan,PL6
e00609740bc6abb4,2011,10,Cả nước,National,Forestry,Rừng,,Area,6179.0,1000_ha,Estimated,PL6
751eb42d49290a77,2011,10,Cả nước,National,Forestry,Rừng,,Area,1706.0,1000_ha,Plan,PL6
e00609740bc6abb4,2011,10,Cả nước,National,Forestry,Rừng,,Area,4964.0,1000_ha,Estimated,PL6
751eb42d49290a77,2011,10,Cả nước,National,Forestry,Rừng,,Area,540.0,1000_ha,Plan,PL6
e00609740bc6abb4,2011,10,Cả nước,National,Forestry,Rừng,,Area,24085.0,1000_ha,Estimated,PL6
751eb42d49290a77,2011,10,Cả nước,National,Forestry,Rừng,,Area,1600.0,1000_ha,Plan,PL6
e00609740bc6abb4,2011,10,Cả nước,National,Forestry,Rừng,,Area,2966.0,1000_ha,Estimated,PL6
e00609740bc6abb4,2011,10,Cả nước,National,Forestry,Rừng,,Area,1322.0,1000_ha,Estimated,PL6
751eb42d49290a77,2011,10,Cả nước,National,Forestry,Rừng,,Area,32.0,1000_ha,Plan,PL6
e00609740bc6abb4,2011,10,Cả nước,National,Forestry,Rừng,,Area,3221.0,1000_ha,Estimated,PL6
751eb42d49290a77,2011,10,Cả nước,National,Forestry,Rừng,,Area,20.0,1000_ha,Plan,PL6
e00609740bc6abb4,2011,10,Cả nước,National,Forestry,Rừng,,Area,11810.0,1000_ha,Estimated,PL6
751eb42d49290a77,2011,10,Cả nước,National,Forestry,Rừng,,Area,181.0,1000_ha,Plan,PL6
e00609740bc6abb4,2011,10,Cả nước,National,Forestry,Rừng,,Area,941.0,1000_ha,Estimated,PL6
751eb42d49290a77,2011,10,Cả nước,National,Forestry,Rừng,,Area,300.0,1000_ha,Plan,PL6
e00609740bc6abb4,2011,10,Cả nước,National,Forestry,Rừng,,Area,6738.0,1000_ha,Estimated,PL6
751eb42d49290a77,2011,10,Cả nước,National,Forestry,Rừng,,Area,682.0,1000_ha,Plan,PL6
e00609740bc6abb4,2011,10,Cả nước,National,Forestry,Rừng,,Area,11058.0,1000_ha,Estimated,PL6
751eb42d49290a77,2011,10,Cả nước,National,Forestry,Rừng,,Area,1750.0,1000_ha,Plan,PL6
e00609740bc6abb4,2011,10,Cả nước,National,Forestry,Rừng,,Area,8500.0,1000_ha,Estimated,PL6
751eb42d49290a77,2011,10,Cả nước,National,Forestry,Rừng,,Area,412.0,1000_ha,Plan,PL6
e00609740bc6abb4,2011,10,Cả nước,National,Forestry,Rừng,,Area,93107.0,1000_ha,Estimated,PL6
751eb42d49290a77,2011,10,Cả nước,National,Forestry,Rừng,,Area,1690.0,1000_ha,Plan,PL6
e00609740bc6abb4,2011,10,Cả nước,National,Forestry,Rừng,,Area,30000.0,1000_ha,Estimated,PL6
751eb42d49290a77,2011,10,Cả nước,National,Forestry,Rừng,,Area,40.0,1000_ha,Plan,PL6
e00609740bc6abb4,2011,10,Cả nước,National,Forestry,Rừng,,Area,45500.0,1000_ha,Estimated,PL6
751eb42d49290a77,2011,10,Cả nước,National,Forestry,Rừng,,Area,1100.0,1000_ha,Plan,PL6
e00609740bc6abb4,2011,10,Cả nước,National,Forestry,Rừng,,Area,4010.0,1000_ha,Estimated,PL6
e00609740bc6abb4,2011,10,Cả nước,National,Forestry,Rừng,,Area,1097.0,1000_ha,Estimated,PL6
e00609740bc6abb4,2011,10,Cả nước,National,Forestry,Rừng,,Area,12500.0,1000_ha,Estimated,PL6
751eb42d49290a77,2011,10,Cả nước,National,Forestry,Rừng,,Area,550.0,1000_ha,Plan,PL6
a84b2af0da829d1f,2011,1,Cả nước,National,Trade,1,Xuất khẩu,Export_Volume,4.0,1000_ton,Actual,PL8
4f1fe84b320a3531,2011,1,Cả nước,National,Trade,1,Xuất khẩu,Export_Value,6.0,million_USD,Actual,PL8
86f3fc44efbbadc9,2011,1,Cả nước,National,Trade,Quảng Ninh,Xuất khẩu,Export_Volume,5041.0,1000_ton,Actual,PL8
11544717a1fc7baa,2011,1,Cả nước,National,Trade,Quảng Ninh,Xuất khẩu,Export_Value,18986.0,million_USD,Actual,PL8
f0aef8bc9f8957df,2011,1,Cả nước,National,Trade,Hải Phòng,Xuất khẩu,Export_Value,41699.0,million_USD,Actual,PL8
0ca98c71461322d9,2011,1,Cả nước,National,Trade,Thái Bình,Xuất khẩu,Export_Volume,25411.0,1000_ton,Actual,PL8
9d61985531e2373c,2011,1,Cả nước,National,Trade,Thái Bình,Xuất khẩu,Export_Value,50823.0,million_USD,Actual,PL8
e1d47dd2ee603afd,2011,1,Cả nước,National,Trade,Nam Định,Xuất khẩu,Export_Volume,23753.0,1000_ton,Actual,PL8
36320f1ca253e376,2011,1,Cả nước,National,Trade,Nam Định,Xuất khẩu,Export_Value,23773.0,million_USD,Actual,PL8
b66a291822544f97,2011,1,Cả nước,National,Trade,Ninh Bình,Xuất khẩu,Export_Volume,12330.0,1000_ton,Actual,PL8
fb287bca2ec3cc67,2011,1,Cả nước,National,Trade,Ninh Bình,Xuất khẩu,Export_Value,5015.0,million_USD,Actual,PL8
921eb5cec2cb0541,2011,1,Cả nước,National,Trade,Thanh Hoá,Xuất khẩu,Export_Volume,17187.0,1000_ton,Actual,PL8
c58bbb488f4d6ca0,2011,1,Cả nước,National,Trade,Thanh Hoá,Xuất khẩu,Export_Value,8036.0,million_USD,Actual,PL8
c40c1d5740796db4,2011,1,Cả nước,National,Trade,Nghệ An,Xuất khẩu,Export_Volume,28103.0,1000_ton,Actual,PL8
4cf839a82ef2da38,2011,1,Cả nước,National,Trade,Nghệ An,Xuất khẩu,Export_Value,7486.0,million_USD,Actual,PL8
2804c14cd03d3884,2011,1,Cả nước,National,Trade,Hà Tĩnh,Xuất khẩu,Export_Volume,5160.0,1000_ton,Actual,PL8
5e8737a32c485186,2011,1,Cả nước,National,Trade,Hà Tĩnh,Xuất khẩu,Export_Value,5124.0,million_USD,Actual,PL8
33b030b63aa24659,2011,1,Cả nước,National,Trade,Quảng Bình,Xuất khẩu,Export_Volume,4263.0,1000_ton,Actual,PL8
b41d696b801dc31f,2011,1,Cả nước,National,Trade,Quảng Bình,Xuất khẩu,Export_Value,3400.0,million_USD,Actual,PL8
ec549f49fbd3dde2,2011,1,Cả nước,National,Trade,Quảng Trị,Xuất khẩu,Export_Volume,3128.0,1000_ton,Actual,PL8
0cd4ee60bcdb3a36,2011,1,Cả nước,National,Trade,Quảng Trị,Xuất khẩu,Export_Value,3322.0,million_USD,Actual,PL8
4e50ef93549d6a77,2011,1,Cả nước,National,Trade,Thừa Thiên Huế *,Xuất khẩu,Export_Volume,3228.0,1000_ton,Actual,PL8
f042aafcc0f441d5,2011,1,Cả nước,National,Trade,Thừa Thiên Huế *,Xuất khẩu,Export_Value,4032.0,million_USD,Actual,PL8
0ad00e0f2cf8bd1c,2011,1,Cả nước,National,Trade,Đà Nẵng,Xuất khẩu,Export_Volume,700.0,1000_ton,Actual,PL8
6525f60f07677f45,2011,1,Cả nước,National,Trade,Đà Nẵng,Xuất khẩu,Export_Value,140.0,million_USD,Actual,PL8
b244ae2c707a2570,2011,1,Cả nước,National,Trade,Quảng Nam,Xuất khẩu,Export_Volume,8850.0,1000_ton,Actual,PL8
739cebb2dde99974,2011,1,Cả nước,National,Trade,Quảng Nam,Xuất khẩu,Export_Value,8376.0,million_USD,Actual,PL8
3568e816d83478d2,2011,1,Cả nước,National,Trade,Quảng Ngãi,Xuất khẩu,Export_Volume,1098.0,1000_ton,Actual,PL8
e4eb14b54c8f8638,2011,1,Cả nước,National,Trade,Quảng Ngãi,Xuất khẩu,Export_Value,5064.0,million_USD,Actual,PL8
422fc4422edc7d99,2011,1,Cả nước,National,Trade,Bình Định,Xuất khẩu,Export_Value,6202.0,million_USD,Actual,PL8
0e305c5c33c1c07d,2011,1,Cả nước,National,Trade,Phú Yên *,Xuất khẩu,Export_Value,10973.0,million_USD,Actual,PL8
84cf0230976a3af4,2011,1,Cả nước,National,Trade,Khánh Hoà *,Xuất khẩu,Export_Value,15529.0,million_USD,Actual,PL8
69e2c7c73e12aef1,2011,1,Cả nước,National,Trade,Ninh Thuận,Xuất khẩu,Export_Volume,800.0,1000_ton,Actual,PL8
70b4f8f551d25306,2011,1,Cả nước,National,Trade,Ninh Thuận,Xuất khẩu,Export_Value,8896.0,million_USD,Actual,PL8
ec39a33501cf47d6,2011,1,Cả nước,National,Trade,Bình Thuận,Xuất khẩu,Export_Volume,3996.0,1000_ton,Actual,PL8
7cb6b6d5100d52e3,2011,1,Cả nước,National,Trade,Bình Thuận,Xuất khẩu,Export_Value,7115.0,million_USD,Actual,PL8
d423b6a5cb28d53d,2011,1,Cả nước,National,Trade,Tây Ninh,Xuất khẩu,Export_Volume,5162.0,1000_ton,Actual,PL8
55046fb19f1c856a,2011,1,Cả nước,National,Trade,Bà Rịa - Vũng Tàu,Xuất khẩu,Export_Volume,1341.0,1000_ton,Actual,PL8
9898dd85d71eb139,2011,1,Cả nước,National,Trade,Bà Rịa - Vũng Tàu,Xuất khẩu,Export_Value,6868.0,million_USD,Actual,PL8
764ab5aff411365c,2011,1,Cả nước,National,Trade,TP.Hồ Chí Minh,Xuất khẩu,Export_Volume,6391.0,1000_ton,Actual,PL8
3b8d0c6514671c68,2011,1,Cả nước,National,Trade,TP.Hồ Chí Minh,Xuất khẩu,Export_Value,14716.0,million_USD,Actual,PL8
ea03c6e3c928fa55,2011,1,Cả nước,National,Trade,Long An,Xuất khẩu,Export_Volume,2715.0,1000_ton,Actual,PL8
a820c357c4c24e40,2011,1,Cả nước,National,Trade,Long An,Xuất khẩu,Export_Value,6889.0,million_USD,Actual,PL8
61be42a4771156d1,2011,1,Cả nước,National,Trade,Tiền Giang,Xuất khẩu,Export_Volume,89981.0,1000_ton,Actual,PL8
29d559cacf811e84,2011,1,Cả nước,National,Trade,Tiền Giang,Xuất khẩu,Export_Value,33096.0,million_USD,Actual,PL8
fc846f9bb716a17f,2011,1,Cả nước,National,Trade,Bến Tre,Xuất khẩu,Export_Volume,127670.0,1000_ton,Actual,PL8
d379d97107ee5f6f,2011,1,Cả nước,National,Trade,Bến Tre,Xuất khẩu,Export_Value,32000.0,million_USD,Actual,PL8
77f58d9dfaa8e660,2011,1,Cả nước,National,Trade,Trà Vinh,Xuất khẩu,Export_Volume,44902.0,1000_ton,Actual,PL8
416022aaf878076e,2011,1,Cả nước,National,Trade,Trà Vinh,Xuất khẩu,Export_Value,30164.0,million_USD,Actual,PL8
862dd7ceefc8aa08,2011,1,Cả nước,National,Trade,Vĩnh Long,Xuất khẩu,Export_Volume,113331.0,1000_ton,Actual,PL8
34120affc5fb65f7,2011,1,Cả nước,National,Trade,Đồng Tháp,Xuất khẩu,Export_Volume,323122.0,1000_ton,Actual,PL8
bb4267e1f76155c2,2011,1,Cả nước,National,Trade,An Giang,Xuất khẩu,Export_Volume,230000.0,1000_ton,Actual,PL8
8996d2335bab99e6,2011,1,Cả nước,National,Trade,Kiên Giang,Xuất khẩu,Export_Volume,49579.0,1000_ton,Actual,PL8
90cf49cc68e28a87,2011,1,Cả nước,National,Trade,Kiên Giang,Xuất khẩu,Export_Value,34589.0,million_USD,Actual,PL8
9365c28b06149ec0,2011,1,Cả nước,National,Trade,Cần Thơ,Xuất khẩu,Export_Volume,149943.0,1000_ton,Actual,PL8
9e92ca67b8fe93c1,2011,1,Cả nước,National,Trade,Hậu Giang,Xuất khẩu,Export_Volume,47554.0,1000_ton,Actual,PL8
f86589f4a3445fd2,2011,1,Cả nước,National,Trade,Sóc Trăng,Xuất khẩu,Export_Volume,30960.0,1000_ton,Actual,PL8
c9f850e257b3a2b5,2011,1,Cả nước,National,Trade,Sóc Trăng,Xuất khẩu,Export_Value,42418.0,million_USD,Actual,PL8
80971823fb9a88b1,2011,1,Cả nước,National,Trade,Bạc Liêu,Xuất khẩu,Export_Volume,3100.0,1000_ton,Actual,PL8
4a001df78b3cdb42,2011,1,Cả nước,National,Trade,Bạc Liêu,Xuất khẩu,Export_Value,102156.0,million_USD,Actual,PL8
174fae7b62b86c14,2011,1,Cả nước,National,Trade,Cà Mau,Xuất khẩu,Export_Volume,18100.0,1000_ton,Actual,PL8
9d66b8a77b08f8da,2011,1,Cả nước,National,Trade,Cà Mau,Xuất khẩu,Export_Value,206093.0,million_USD,Actual,PL8
7163162cbe4c2e7f,2010,11,"1. Thu hoạch lúa mùa cả nước      Chia ra:    -  Miền Bắc Trong đó : Đồng bằng sông Hồng                      -  Miền Nam Trong đó : Đồng bằng sông Cửu Long 2. Gieo cấy lúa đông xuân ở miền Nam      Trong đó: Đồng bằng sông Cửu Long 3. Gieo trồng cây vụ đông ở miền Bắc  Trong đó:     - Ngô                      - Khoai lang                      - Đậu tương                      - Rau, đậu các loại                      - Khoai tây",Regional,Cultivation,Lúa,Đông Xuân,Area_Harvested,1.4534113755670315e+49,1000_ha,Actual,PL1
f4287ebed6595e8a,2011,11,"1. Thu hoạch lúa mùa cả nước      Chia ra:    -  Miền Bắc Trong đó : Đồng bằng sông Hồng                      -  Miền Nam Trong đó : Đồng bằng sông Cửu Long 2. Gieo cấy lúa đông xuân ở miền Nam      Trong đó: Đồng bằng sông Cửu Long 3. Gieo trồng cây vụ đông ở miền Bắc  Trong đó:     - Ngô                      - Khoai lang                      - Đậu tương                      - Rau, đậu các loại                      - Khoai tây",Regional,Cultivation,Lúa,Đông Xuân,Area_Harvested,1.361311488570221e+49,1000_ha,Actual,PL1
091e43633a740a58,2011,11,ẤN ĐỘ,International,Trade,Hàng thuỷ sản,Xuất khẩu,Export_Value,67161.0,1000_USD,Actual,PL11
d9e4c3cb51f4d661,2011,11,ĐÀI LOAN,International,Trade,Hàng thuỷ sản,Xuất khẩu,Export_Value,45949.0,1000_USD,Actual,PL11
d92b3fd9f7b772fc,2011,11,NHẬT BẢN,International,Trade,Hàng thuỷ sản,Xuất khẩu,Export_Value,31766.0,1000_USD,Actual,PL11
1664651ef69751e0,2011,11,IN ĐÔ NÊ XI A,International,Trade,Hàng thuỷ sản,Xuất khẩu,Export_Value,26119.0,1000_USD,Actual,PL11
a4286e7d48b2e892,2011,11,NAUY,International,Trade,Hàng thuỷ sản,Xuất khẩu,Export_Value,22948.0,1000_USD,Actual,PL11
c7fc3901b2f19c30,2011,11,TRUNG QUỐC,International,Trade,Hàng thuỷ sản,Xuất khẩu,Export_Value,16599.0,1000_USD,Actual,PL11
5211975d56c2f489,2011,11,HÀN QUỐC,International,Trade,Hàng thuỷ sản,Xuất khẩu,Export_Value,15022.0,1000_USD,Actual,PL11
7442327da018a9c0,2011,11,THÁI LAN,International,Trade,Hàng thuỷ sản,Xuất khẩu,Export_Value,14757.0,1000_USD,Actual,PL11
e56543103a03d1b9,2011,11,NGA,International,Trade,Hàng thuỷ sản,Xuất khẩu,Export_Value,14294.0,1000_USD,Actual,PL11
ac36e884b162aa73,2011,11,BA LAN,International,Trade,Hàng thuỷ sản,Xuất khẩu,Export_Value,14270.0,1000_USD,Actual,PL11
bc6a00c6b2e4b827,2011,11,ẤN ĐỘ,International,Trade,Muối,Xuất khẩu,Export_Value,7497.0,1000_USD,Actual,PL11
fb6c69e2ee7591b7,2011,11,TRUNG QUỐC,International,Trade,Muối,Xuất khẩu,Export_Value,3669.0,1000_USD,Actual,PL11
8824d31ff6093c37,2011,11,THÁI LAN,International,Trade,Muối,Xuất khẩu,Export_Value,797.0,1000_USD,Actual,PL11
e59637b648a3873e,2011,11,PAKIXTAN,International,Trade,Muối,Xuất khẩu,Export_Value,157.0,1000_USD,Actual,PL11
e2176595c91fb6a8,2011,11,NIU ZI LÂN,International,Trade,Muối,Xuất khẩu,Export_Value,123.0,1000_USD,Actual,PL11
f32f80b662740018,2011,11,IXRAEN,International,Trade,Muối,Xuất khẩu,Export_Value,97.0,1000_USD,Actual,PL11
100dc07eed6f14ca,2011,11,NHẬT BẢN,International,Trade,Muối,Xuất khẩu,Export_Value,71.0,1000_USD,Actual,PL11
ff10e21d1800711f,2011,11,ĐAN MẠCH,International,Trade,Muối,Xuất khẩu,Export_Value,60.0,1000_USD,Actual,PL11
04bf2f7247151d80,2011,11,Ô X TRÂY LIA,International,Trade,Muối,Xuất khẩu,Export_Value,47.0,1000_USD,Actual,PL11
0de65e01137b8b89,2011,11,ĐÀI LOAN,International,Trade,Muối,Xuất khẩu,Export_Value,24.0,1000_USD,Actual,PL11
22716eac644615aa,2011,11,Cả nước,National,Investment,27,,Investment_Amount,17.0,million_VND,Plan,PL13
aaf81e2471287049,2011,11,Cả nước,National,Investment,27,,Investment_Amount,12.0,million_VND,Cumulative,PL13
672f9198e48f58d9,2011,11,Cả nước,National,Investment,10,,Investment_Amount,4.0,million_VND,Plan,PL13
0caf99fd6f53ad24,2011,11,Cả nước,National,Investment,10,,Investment_Amount,2.0,million_VND,Cumulative,PL13
8787f3f23786a8f3,2011,11,Cả nước,National,Investment,14,,Investment_Amount,10.0,million_VND,Plan,PL13
979bfa62f6298aed,2011,11,Cả nước,National,Investment,14,,Investment_Amount,7.0,million_VND,Cumulative,PL13
3707950e49c0ab8b,2011,11,Cả nước,National,Investment,3,,Investment_Amount,3.0,million_VND,Plan,PL13
5e78cb9b9c1718df,2011,11,Cả nước,National,Investment,3,,Investment_Amount,3.0,million_VND,Cumulative,PL13
c95caede99131456,2011,11,Miền BắcĐB sông Hồng  Hà Nội  Hải Phòng  Vĩnh Phúc  Bắc Ninh  Hải Dương  Hưng Yên  Hà Nam  Nam Định  Thái Bình  Ninh Bình  Quảng NinhTD và MN  Hà Giang  Cao Bằng  Lào Cai  Bắc Cạn  Lạng Sơn  Tuyên Quang  Yên Bái  Thái Nguyên  Phú Thọ  Bắc Giang  Lai Châu  Điện Biên  Sơn La  Hoà BìnhBắc Trung Bộ  Thanh Hoá  Nghệ An  Hà Tĩnh  Quảng Bình  Quảng Trị  Thừa Thiên Huế,Provincial,Cultivation,Lúa,,Area_Harvested,1.1487525702441018e+182,ha,Actual,PL2
0c396a718172e198,2011,11,Miền BắcĐB sông Hồng  Hà Nội  Hải Phòng  Vĩnh Phúc  Bắc Ninh  Hải Dương  Hưng Yên  Hà Nam  Nam Định  Thái Bình  Ninh Bình  Quảng NinhTD và MN  Hà Giang  Cao Bằng  Lào Cai  Bắc Cạn  Lạng Sơn  Tuyên Quang  Yên Bái  Thái Nguyên  Phú Thọ  Bắc Giang  Lai Châu  Điện Biên  Sơn La  Hoà BìnhBắc Trung Bộ  Thanh Hoá  Nghệ An  Hà Tĩnh  Quảng Bình  Quảng Trị  Thừa Thiên Huế,Provincial,Cultivation,Lúa,,Harvest_percent,9.719961000100011e+120,percent,Actual,PL2
11b63e5a54305e83,2011,11,Miền BắcĐB sông Hồng  Hà Nội  Hải Phòng  Vĩnh Phúc  Bắc Ninh  Hải Dương  Hưng Yên  Hà Nam  Nam Định  Thái Bình  Ninh Bình  Quảng NinhTD và MN  Hà Giang  Cao Bằng  Lào Cai  Bắc Cạn  Lạng Sơn  Tuyên Quang  Yên Bái  Thái Nguyên  Phú Thọ  Bắc Giang  Lai Châu  Điện Biên  Sơn La  Hoà BìnhBắc Trung Bộ  Thanh Hoá  Nghệ An  Hà Tĩnh  Quảng Bình  Quảng Trị  Thừa Thiên Huế,Provincial,Cultivation,Lúa,,Area_Planted,3.213611601963469e+140,ha,Actual,PL2
6b2708fd73557430,2011,11,Miền BắcĐB sông Hồng  Hà Nội  Hải Phòng  Vĩnh Phúc  Bắc Ninh  Hải Dương  Hưng Yên  Hà Nam  Nam Định  Thái Bình  Ninh Bình  Quảng NinhTD và MN  Hà Giang  Cao Bằng  Lào Cai  Bắc Cạn  Lạng Sơn  Tuyên Quang  Yên Bái  Thái Nguyên  Phú Thọ  Bắc Giang  Lai Châu  Điện Biên  Sơn La  Hoà BìnhBắc Trung Bộ  Thanh Hoá  Nghệ An  Hà Tĩnh  Quảng Bình  Quảng Trị  Thừa Thiên Huế,Provincial,Cultivation,Ngô,,Area_Planted,1.1713550000119e+111,ha,Actual,PL2
03691e4c7616b517,2011,11,Miền BắcĐB sông Hồng  Hà Nội  Hải Phòng  Vĩnh Phúc  Bắc Ninh  Hải Dương  Hưng Yên  Hà Nam  Nam Định  Thái Bình  Ninh Bình  Quảng NinhTD và MN  Hà Giang  Cao Bằng  Lào Cai  Bắc Cạn  Lạng Sơn  Tuyên Quang  Yên Bái  Thái Nguyên  Phú Thọ  Bắc Giang  Lai Châu  Điện Biên  Sơn La  Hoà BìnhBắc Trung Bộ  Thanh Hoá  Nghệ An  Hà Tĩnh  Quảng Bình  Quảng Trị  Thừa Thiên Huế,Provincial,Cultivation,Khoai lang,,Area_Planted,3.919213473310012e+92,ha,Actual,PL2
11b63e5a54305e83,2011,11,Miền BắcĐB sông Hồng  Hà Nội  Hải Phòng  Vĩnh Phúc  Bắc Ninh  Hải Dương  Hưng Yên  Hà Nam  Nam Định  Thái Bình  Ninh Bình  Quảng NinhTD và MN  Hà Giang  Cao Bằng  Lào Cai  Bắc Cạn  Lạng Sơn  Tuyên Quang  Yên Bái  Thái Nguyên  Phú Thọ  Bắc Giang  Lai Châu  Điện Biên  Sơn La  Hoà BìnhBắc Trung Bộ  Thanh Hoá  Nghệ An  Hà Tĩnh  Quảng Bình  Quảng Trị  Thừa Thiên Huế,Provincial,Cultivation,Lúa,,Area_Planted,1.0404101721150999e+50,ha,Actual,PL2
a4589bbd68a9dd5b,2011,11,Miền BắcĐB sông Hồng  Hà Nội  Hải Phòng  Vĩnh Phúc  Bắc Ninh  Hải Dương  Hưng Yên  Hà Nam  Nam Định  Thái Bình  Ninh Bình  Quảng NinhTD và MN  Hà Giang  Cao Bằng  Lào Cai  Bắc Cạn  Lạng Sơn  Tuyên Quang  Yên Bái  Thái Nguyên  Phú Thọ  Bắc Giang  Lai Châu  Điện Biên  Sơn La  Hoà BìnhBắc Trung Bộ  Thanh Hoá  Nghệ An  Hà Tĩnh  Quảng Bình  Quảng Trị  Thừa Thiên Huế,Provincial,Cultivation,Lạc,,Area_Planted,4.783112460627757e+41,ha,Actual,PL2
11b63e5a54305e83,2011,11,Miền BắcĐB sông Hồng  Hà Nội  Hải Phòng  Vĩnh Phúc  Bắc Ninh  Hải Dương  Hưng Yên  Hà Nam  Nam Định  Thái Bình  Ninh Bình  Quảng NinhTD và MN  Hà Giang  Cao Bằng  Lào Cai  Bắc Cạn  Lạng Sơn  Tuyên Quang  Yên Bái  Thái Nguyên  Phú Thọ  Bắc Giang  Lai Châu  Điện Biên  Sơn La  Hoà BìnhBắc Trung Bộ  Thanh Hoá  Nghệ An  Hà Tĩnh  Quảng Bình  Quảng Trị  Thừa Thiên Huế,Provincial,Cultivation,Lúa,,Area_Planted,5.273434915927291e+37,ha,Actual,PL2
338c9dd33204a556,2011,11,Miền BắcĐB sông Hồng  Hà Nội  Hải Phòng  Vĩnh Phúc  Bắc Ninh  Hải Dương  Hưng Yên  Hà Nam  Nam Định  Thái Bình  Ninh Bình  Quảng NinhTD và MN  Hà Giang  Cao Bằng  Lào Cai  Bắc Cạn  Lạng Sơn  Tuyên Quang  Yên Bái  Thái Nguyên  Phú Thọ  Bắc Giang  Lai Châu  Điện Biên  Sơn La  Hoà BìnhBắc Trung Bộ  Thanh Hoá  Nghệ An  Hà Tĩnh  Quảng Bình  Quảng Trị  Thừa Thiên Huế,Provincial,Cultivation,Rau,,Area_Planted,1.0111353473811265e+119,ha,Actual,PL2
314dd80afb2baaf9,2011,11,Miền NamD.H Nam Trung Bộ  TP Đà Nẵng  Quảng Nam  Quảng Ngãi  Bình Định  Phú Yên  Khánh Hoà  Ninh Thuận  Bình ThuậnTây Nguyên  Kon Tum  Gia Lai  Đắc Lắc  Đắc Nông  Lâm ĐồngĐông Nam Bộ  Bình Phước  Tây Ninh  Bình Dương  Đồng Nai  Bà Rịa-V.Tàu  TP Hồ Chí MinhĐBS Cửu Long  Long An  Tiền Giang  Bến Tre  Trà Vinh  Vĩnh Long  Đồng Tháp  An Giang  Kiên Giang  Cần Thơ  Hậu Giang  Sóc Trăng  Bạc Liêu  Cà Mau,Provincial,Cultivation,Lúa,,Area_Planted,8.559851734241397e+168,ha,Actual,PL3
314dd80afb2baaf9,2011,11,Miền NamD.H Nam Trung Bộ  TP Đà Nẵng  Quảng Nam  Quảng Ngãi  Bình Định  Phú Yên  Khánh Hoà  Ninh Thuận  Bình ThuậnTây Nguyên  Kon Tum  Gia Lai  Đắc Lắc  Đắc Nông  Lâm ĐồngĐông Nam Bộ  Bình Phước  Tây Ninh  Bình Dương  Đồng Nai  Bà Rịa-V.Tàu  TP Hồ Chí MinhĐBS Cửu Long  Long An  Tiền Giang  Bến Tre  Trà Vinh  Vĩnh Long  Đồng Tháp  An Giang  Kiên Giang  Cần Thơ  Hậu Giang  Sóc Trăng  Bạc Liêu  Cà Mau,Provincial,Cultivation,Lúa,,Area_Planted,4.1306817046055995e+115,ha,Actual,PL3
314dd80afb2baaf9,2011,11,Miền NamD.H Nam Trung Bộ  TP Đà Nẵng  Quảng Nam  Quảng Ngãi  Bình Định  Phú Yên  Khánh Hoà  Ninh Thuận  Bình ThuậnTây Nguyên  Kon Tum  Gia Lai  Đắc Lắc  Đắc Nông  Lâm ĐồngĐông Nam Bộ  Bình Phước  Tây Ninh  Bình Dương  Đồng Nai  Bà Rịa-V.Tàu  TP Hồ Chí MinhĐBS Cửu Long  Long An  Tiền Giang  Bến Tre  Trà Vinh  Vĩnh Long  Đồng Tháp  An Giang  Kiên Giang  Cần Thơ  Hậu Giang  Sóc Trăng  Bạc Liêu  Cà Mau,Provincial,Cultivation,Lúa,,Area_Planted,3.480779223830115e+130,ha,Actual,PL3
314dd80afb2baaf9,2011,11,Miền NamD.H Nam Trung Bộ  TP Đà Nẵng  Quảng Nam  Quảng Ngãi  Bình Định  Phú Yên  Khánh Hoà  Ninh Thuận  Bình ThuậnTây Nguyên  Kon Tum  Gia Lai  Đắc Lắc  Đắc Nông  Lâm ĐồngĐông Nam Bộ  Bình Phước  Tây Ninh  Bình Dương  Đồng Nai  Bà Rịa-V.Tàu  TP Hồ Chí MinhĐBS Cửu Long  Long An  Tiền Giang  Bến Tre  Trà Vinh  Vĩnh Long  Đồng Tháp  An Giang  Kiên Giang  Cần Thơ  Hậu Giang  Sóc Trăng  Bạc Liêu  Cà Mau,Provincial,Cultivation,Lúa,,Area_Planted,1.7887139620038418e+93,ha,Actual,PL3
6d1847b2fb8a4baf,2011,11,Miền Nam,Provincial,Cultivation,Lúa,,Area_Planted,323126.0,ha,Actual,PL4
05c2008bdcd693fe,2011,11,Miền Nam,Provincial,Cultivation,Đậu,,Area_Planted,28819.0,ha,Actual,PL4
8e5fc0fda35f017a,2011,11,Miền Nam,Provincial,Cultivation,Lạc,,Area_Planted,79849.0,ha,Actual,PL4
6d1847b2fb8a4baf,2011,11,Miền Nam,Provincial,Cultivation,Lúa,,Area_Planted,34744.0,ha,Actual,PL4
6d1847b2fb8a4baf,2011,11,Miền Nam,Provincial,Cultivation,Lúa,,Area_Planted,11009.0,ha,Actual,PL4
b4c4249b1f8a696f,2011,11,Miền Nam,Provincial,Cultivation,Mía,,Area_Planted,157574.0,ha,Actual,PL4
6d1847b2fb8a4baf,2011,11,Miền Nam,Provincial,Cultivation,Lúa,,Area_Planted,5417.0,ha,Actual,PL4
6d1847b2fb8a4baf,2011,11,Miền Nam,Provincial,Cultivation,Lúa,,Area_Planted,5715.0,ha,Actual,PL4
6d1847b2fb8a4baf,2011,11,Miền Nam,Provincial,Cultivation,Lúa,,Area_Planted,417014.0,ha,Actual,PL4
6d1847b2fb8a4baf,2011,11,Miền Nam,Provincial,Cultivation,Lúa,,Area_Planted,13289534205.0,ha,Actual,PL4
7c71221cd2b414f3,2011,11,D.H Nam Trg Bộ,Provincial,Cultivation,Lúa,,Area_Planted,102518.0,ha,Actual,PL4
c981b774540d2123,2011,11,D.H Nam Trg Bộ,Provincial,Cultivation,Đậu,,Area_Planted,971.0,ha,Actual,PL4
beededc54886df20,2011,11,D.H Nam Trg Bộ,Provincial,Cultivation,Lạc,,Area_Planted,32106.0,ha,Actual,PL4
7c71221cd2b414f3,2011,11,D.H Nam Trg Bộ,Provincial,Cultivation,Lúa,,Area_Planted,13506.0,ha,Actual,PL4
7c71221cd2b414f3,2011,11,D.H Nam Trg Bộ,Provincial,Cultivation,Lúa,,Area_Planted,2239.0,ha,Actual,PL4
0bc8defb128e7c63,2011,11,D.H Nam Trg Bộ,Provincial,Cultivation,Mía,,Area_Planted,51889.0,ha,Actual,PL4
7c71221cd2b414f3,2011,11,D.H Nam Trg Bộ,Provincial,Cultivation,Lúa,,Area_Planted,1744.0,ha,Actual,PL4
7c71221cd2b414f3,2011,11,D.H Nam Trg Bộ,Provincial,Cultivation,Lúa,,Area_Planted,64.0,ha,Actual,PL4
7c71221cd2b414f3,2011,11,D.H Nam Trg Bộ,Provincial,Cultivation,Lúa,,Area_Planted,60162.0,ha,Actual,PL4
7c71221cd2b414f3,2011,11,D.H Nam Trg Bộ,Provincial,Cultivation,Lúa,,Area_Planted,60162.0,ha,Actual,PL4
1ce161b12de0c389,2011,11,TP Đà Nẵng,Provincial,Cultivation,Lúa,,Area_Planted,1471.0,ha,Actual,PL4
985f723163e30220,2011,11,TP Đà Nẵng,Provincial,Cultivation,Lạc,,Area_Planted,784.0,ha,Actual,PL4
1ce161b12de0c389,2011,11,TP Đà Nẵng,Provincial,Cultivation,Lúa,,Area_Planted,255.0,ha,Actual,PL4
1ce161b12de0c389,2011,11,TP Đà Nẵng,Provincial,Cultivation,Lúa,,Area_Planted,18.0,ha,Actual,PL4
42aa61a937673549,2011,11,TP Đà Nẵng,Provincial,Cultivation,Mía,,Area_Planted,414.0,ha,Actual,PL4
1ce161b12de0c389,2011,11,TP Đà Nẵng,Provincial,Cultivation,Lúa,,Area_Planted,1568.0,ha,Actual,PL4
4bd75d9898f844dd,2011,11,Quảng Nam,Provincial,Cultivation,Lúa,,Area_Planted,13350.0,ha,Actual,PL4
772dab92f41fe06c,2011,11,Quảng Nam,Provincial,Cultivation,Lạc,,Area_Planted,9918.0,ha,Actual,PL4
4bd75d9898f844dd,2011,11,Quảng Nam,Provincial,Cultivation,Lúa,,Area_Planted,2450.0,ha,Actual,PL4
4bd75d9898f844dd,2011,11,Quảng Nam,Provincial,Cultivation,Lúa,,Area_Planted,450.0,ha,Actual,PL4
7623b5173c4aa323,2011,11,Quảng Nam,Provincial,Cultivation,Mía,,Area_Planted,344.0,ha,Actual,PL4
4bd75d9898f844dd,2011,11,Quảng Nam,Provincial,Cultivation,Lúa,,Area_Planted,188.0,ha,Actual,PL4
4bd75d9898f844dd,2011,11,Quảng Nam,Provincial,Cultivation,Lúa,,Area_Planted,13565.0,ha,Actual,PL4
4bd75d9898f844dd,2011,11,Quảng Nam,Provincial,Cultivation,Lúa,,Area_Planted,6812.0,ha,Actual,PL4
87667cd2165684dc,2011,11,Quảng Ngãi,Provincial,Cultivation,Lúa,,Area_Planted,12011.0,ha,Actual,PL4
563dbf1389e663c7,2011,11,Quảng Ngãi,Provincial,Cultivation,Đậu,,Area_Planted,65.0,ha,Actual,PL4
9472e2c79ea92956,2011,11,Quảng Ngãi,Provincial,Cultivation,Lạc,,Area_Planted,5695.0,ha,Actual,PL4
87667cd2165684dc,2011,11,Quảng Ngãi,Provincial,Cultivation,Lúa,,Area_Planted,56.0,ha,Actual,PL4
03b98858c95b9fe4,2011,11,Quảng Ngãi,Provincial,Cultivation,Mía,,Area_Planted,6194.0,ha,Actual,PL4
87667cd2165684dc,2011,11,Quảng Ngãi,Provincial,Cultivation,Lúa,,Area_Planted,12542.0,ha,Actual,PL4
87667cd2165684dc,2011,11,Quảng Ngãi,Provincial,Cultivation,Lúa,,Area_Planted,3178.0,ha,Actual,PL4
d53f55a206161bdb,2011,11,Bình Định,Provincial,Cultivation,Lúa,,Area_Planted,11047.0,ha,Actual,PL4
f25ef1f93d20ac05,2011,11,Bình Định,Provincial,Cultivation,Đậu,,Area_Planted,557.0,ha,Actual,PL4
098d5827b102440d,2011,11,Bình Định,Provincial,Cultivation,Lạc,,Area_Planted,9034.0,ha,Actual,PL4
d53f55a206161bdb,2011,11,Bình Định,Provincial,Cultivation,Lúa,,Area_Planted,1456.0,ha,Actual,PL4
d53f55a206161bdb,2011,11,Bình Định,Provincial,Cultivation,Lúa,,Area_Planted,12756.0,ha,Actual,PL4
d53f55a206161bdb,2011,11,Bình Định,Provincial,Cultivation,Lúa,,Area_Planted,1994.0,ha,Actual,PL4
ea6e76bfb0f31ba3,2011,11,Phú Yên,Provincial,Cultivation,Lúa,,Area_Planted,25758.0,ha,Actual,PL4
152b74df1c6e8f38,2011,11,Phú Yên,Provincial,Cultivation,Đậu,,Area_Planted,317.0,ha,Actual,PL4
effbfc3cd7ccb0aa,2011,11,Phú Yên,Provincial,Cultivation,Lạc,,Area_Planted,1084.0,ha,Actual,PL4
ea6e76bfb0f31ba3,2011,11,Phú Yên,Provincial,Cultivation,Lúa,,Area_Planted,2854.0,ha,Actual,PL4
ea6e76bfb0f31ba3,2011,11,Phú Yên,Provincial,Cultivation,Lúa,,Area_Planted,504.0,ha,Actual,PL4
57a4c520f4a8193d,2011,11,Phú Yên,Provincial,Cultivation,Mía,,Area_Planted,20663.0,ha,Actual,PL4
ea6e76bfb0f31ba3,2011,11,Phú Yên,Provincial,Cultivation,Lúa,,Area_Planted,272.0,ha,Actual,PL4
ea6e76bfb0f31ba3,2011,11,Phú Yên,Provincial,Cultivation,Lúa,,Area_Planted,64.0,ha,Actual,PL4
ea6e76bfb0f31ba3,2011,11,Phú Yên,Provincial,Cultivation,Lúa,,Area_Planted,4550.0,ha,Actual,PL4
ea6e76bfb0f31ba3,2011,11,Phú Yên,Provincial,Cultivation,Lúa,,Area_Planted,5425.0,ha,Actual,PL4
2c87d8b4b164334d,2011,11,Khánh Hoà,Provincial,Cultivation,Lúa,,Area_Planted,18209.0,ha,Actual,PL4
ef4d1c88576e3c5a,2011,11,Khánh Hoà,Provincial,Cultivation,Đậu,,Area_Planted,28.0,ha,Actual,PL4
3c5bc8f9de434bf0,2011,11,Khánh Hoà,Provincial,Cultivation,Lạc,,Area_Planted,264.0,ha,Actual,PL4
2c87d8b4b164334d,2011,11,Khánh Hoà,Provincial,Cultivation,Lúa,,Area_Planted,375.0,ha,Actual,PL4
4fd95192369e871e,2011,11,Khánh Hoà,Provincial,Cultivation,Mía,,Area_Planted,17542.0,ha,Actual,PL4
2c87d8b4b164334d,2011,11,Khánh Hoà,Provincial,Cultivation,Lúa,,Area_Planted,4432.0,ha,Actual,PL4
2c87d8b4b164334d,2011,11,Khánh Hoà,Provincial,Cultivation,Lúa,,Area_Planted,1391.0,ha,Actual,PL4
ab2ca6836e56c03e,2011,11,Ninh Thuận,Provincial,Cultivation,Lúa,,Area_Planted,4288.0,ha,Actual,PL4
540fb25b35d84afa,2011,11,Ninh Thuận,Provincial,Cultivation,Đậu,,Area_Planted,3.0,ha,Actual,PL4
dc3438011f843dd8,2011,11,Ninh Thuận,Provincial,Cultivation,Lạc,,Area_Planted,332.0,ha,Actual,PL4
ab2ca6836e56c03e,2011,11,Ninh Thuận,Provincial,Cultivation,Lúa,,Area_Planted,250.0,ha,Actual,PL4
ab2ca6836e56c03e,2011,11,Ninh Thuận,Provincial,Cultivation,Lúa,,Area_Planted,782.0,ha,Actual,PL4
54c8207a2fbdc81e,2011,11,Ninh Thuận,Provincial,Cultivation,Mía,,Area_Planted,2838.0,ha,Actual,PL4
ab2ca6836e56c03e,2011,11,Ninh Thuận,Provincial,Cultivation,Lúa,,Area_Planted,83.0,ha,Actual,PL4
ab2ca6836e56c03e,2011,11,Ninh Thuận,Provincial,Cultivation,Lúa,,Area_Planted,5120.0,ha,Actual,PL4
ab2ca6836e56c03e,2011,11,Ninh Thuận,Provincial,Cultivation,Lúa,,Area_Planted,4503.0,ha,Actual,PL4
786eb73e32b21b30,2011,11,Bình Thuận,Provincial,Cultivation,Lúa,,Area_Planted,16384.0,ha,Actual,PL4
825aebf187f08122,2011,11,Bình Thuận,Provincial,Cultivation,Lạc,,Area_Planted,4994.0,ha,Actual,PL4
786eb73e32b21b30,2011,11,Bình Thuận,Provincial,Cultivation,Lúa,,Area_Planted,6241.0,ha,Actual,PL4
786eb73e32b21b30,2011,11,Bình Thuận,Provincial,Cultivation,Lúa,,Area_Planted,54.0,ha,Actual,PL4
3aa49a02fa1385f2,2011,11,Bình Thuận,Provincial,Cultivation,Mía,,Area_Planted,3894.0,ha,Actual,PL4
786eb73e32b21b30,2011,11,Bình Thuận,Provincial,Cultivation,Lúa,,Area_Planted,1201.0,ha,Actual,PL4
786eb73e32b21b30,2011,11,Bình Thuận,Provincial,Cultivation,Lúa,,Area_Planted,5629.0,ha,Actual,PL4
786eb73e32b21b30,2011,11,Bình Thuận,Provincial,Cultivation,Lúa,,Area_Planted,10902.0,ha,Actual,PL4
08d771a9ba983471,2011,11,Tây Nguyên,Provincial,Cultivation,Lúa,,Area_Planted,77625.0,ha,Actual,PL4
43a649cff987615f,2011,11,Tây Nguyên,Provincial,Cultivation,Đậu,,Area_Planted,22742.0,ha,Actual,PL4
31092b7eb2624a08,2011,11,Tây Nguyên,Provincial,Cultivation,Lạc,,Area_Planted,17992.0,ha,Actual,PL4
08d771a9ba983471,2011,11,Tây Nguyên,Provincial,Cultivation,Lúa,,Area_Planted,3449.0,ha,Actual,PL4
08d771a9ba983471,2011,11,Tây Nguyên,Provincial,Cultivation,Lúa,,Area_Planted,3599.0,ha,Actual,PL4
608b95399f2bd386,2011,11,Tây Nguyên,Provincial,Cultivation,Mía,,Area_Planted,26263.0,ha,Actual,PL4
08d771a9ba983471,2011,11,Tây Nguyên,Provincial,Cultivation,Lúa,,Area_Planted,3580.0,ha,Actual,PL4
08d771a9ba983471,2011,11,Tây Nguyên,Provincial,Cultivation,Lúa,,Area_Planted,0.0,ha,Actual,PL4
08d771a9ba983471,2011,11,Tây Nguyên,Provincial,Cultivation,Lúa,,Area_Planted,67785.0,ha,Actual,PL4
08d771a9ba983471,2011,11,Tây Nguyên,Provincial,Cultivation,Lúa,,Area_Planted,65960.0,ha,Actual,PL4
d92c2b3ad3470433,2011,11,Kon Tum,Provincial,Cultivation,Lúa,,Area_Planted,1953.0,ha,Actual,PL4
ce82565c94663201,2011,11,Kon Tum,Provincial,Cultivation,Đậu,,Area_Planted,39.0,ha,Actual,PL4
398f345ad0ec8763,2011,11,Kon Tum,Provincial,Cultivation,Lạc,,Area_Planted,109.0,ha,Actual,PL4
d92c2b3ad3470433,2011,11,Kon Tum,Provincial,Cultivation,Lúa,,Area_Planted,35.0,ha,Actual,PL4
7a921a67f0b6ebef,2011,11,Kon Tum,Provincial,Cultivation,Mía,,Area_Planted,1770.0,ha,Actual,PL4
d92c2b3ad3470433,2011,11,Kon Tum,Provincial,Cultivation,Lúa,,Area_Planted,1838.0,ha,Actual,PL4
d92c2b3ad3470433,2011,11,Kon Tum,Provincial,Cultivation,Lúa,,Area_Planted,678.0,ha,Actual,PL4
0ae37f6e931be018,2011,11,Gia Lai,Provincial,Cultivation,Lúa,,Area_Planted,19229.0,ha,Actual,PL4
70d548898dad886b,2011,11,Gia Lai,Provincial,Cultivation,Lạc,,Area_Planted,1502.0,ha,Actual,PL4
0ae37f6e931be018,2011,11,Gia Lai,Provincial,Cultivation,Lúa,,Area_Planted,2858.0,ha,Actual,PL4
0ae37f6e931be018,2011,11,Gia Lai,Provincial,Cultivation,Lúa,,Area_Planted,3031.0,ha,Actual,PL4
20791416be16e269,2011,11,Gia Lai,Provincial,Cultivation,Mía,,Area_Planted,9956.0,ha,Actual,PL4
0ae37f6e931be018,2011,11,Gia Lai,Provincial,Cultivation,Lúa,,Area_Planted,1882.0,ha,Actual,PL4
0ae37f6e931be018,2011,11,Gia Lai,Provincial,Cultivation,Lúa,,Area_Planted,12898.0,ha,Actual,PL4
0ae37f6e931be018,2011,11,Gia Lai,Provincial,Cultivation,Lúa,,Area_Planted,13316.0,ha,Actual,PL4
2d1a7b19961577fb,2011,11,Đắc Lắc,Provincial,Cultivation,Lúa,,Area_Planted,31503.0,ha,Actual,PL4
390c367a8ccef15f,2011,11,Đắc Lắc,Provincial,Cultivation,Đậu,,Area_Planted,8172.0,ha,Actual,PL4
82bc15e29dcd050b,2011,11,Đắc Lắc,Provincial,Cultivation,Lạc,,Area_Planted,6969.0,ha,Actual,PL4
2d1a7b19961577fb,2011,11,Đắc Lắc,Provincial,Cultivation,Lúa,,Area_Planted,591.0,ha,Actual,PL4
2d1a7b19961577fb,2011,11,Đắc Lắc,Provincial,Cultivation,Lúa,,Area_Planted,533.0,ha,Actual,PL4
89ca7dd27d82c377,2011,11,Đắc Lắc,Provincial,Cultivation,Mía,,Area_Planted,13540.0,ha,Actual,PL4
2d1a7b19961577fb,2011,11,Đắc Lắc,Provincial,Cultivation,Lúa,,Area_Planted,1698.0,ha,Actual,PL4
2d1a7b19961577fb,2011,11,Đắc Lắc,Provincial,Cultivation,Lúa,,Area_Planted,8159.0,ha,Actual,PL4
2d1a7b19961577fb,2011,11,Đắc Lắc,Provincial,Cultivation,Lúa,,Area_Planted,25223.0,ha,Actual,PL4
bfa1c0d17b687019,2011,11,Đắc Nông,Provincial,Cultivation,Lúa,,Area_Planted,23741.0,ha,Actual,PL4
4a8e439ac94b129d,2011,11,Đắc Nông,Provincial,Cultivation,Đậu,,Area_Planted,14442.0,ha,Actual,PL4
02e5f328e850cc53,2011,11,Đắc Nông,Provincial,Cultivation,Lạc,,Area_Planted,9299.0,ha,Actual,PL4
bfa1c0d17b687019,2011,11,Đắc Nông,Provincial,Cultivation,Lúa,,Area_Planted,905.0,ha,Actual,PL4
bfa1c0d17b687019,2011,11,Đắc Nông,Provincial,Cultivation,Lúa,,Area_Planted,25211.0,ha,Actual,PL4
42e415517a76c210,2011,11,Lâm Đồng,Provincial,Cultivation,Lúa,,Area_Planted,1199.0,ha,Actual,PL4
23d764aec28bef8c,2011,11,Lâm Đồng,Provincial,Cultivation,Đậu,,Area_Planted,89.0,ha,Actual,PL4
87fa4af9fa8f2981,2011,11,Lâm Đồng,Provincial,Cultivation,Lạc,,Area_Planted,113.0,ha,Actual,PL4
554dc6c3df3dec1a,2011,11,Lâm Đồng,Provincial,Cultivation,Mía,,Area_Planted,997.0,ha,Actual,PL4
42e415517a76c210,2011,11,Lâm Đồng,Provincial,Cultivation,Lúa,,Area_Planted,43985.0,ha,Actual,PL4
42e415517a76c210,2011,11,Lâm Đồng,Provincial,Cultivation,Lúa,,Area_Planted,1532.0,ha,Actual,PL4
7bba06b9ba173e26,2011,11,Đông Nam Bộ,Provincial,Cultivation,Lúa,,Area_Planted,44087.0,ha,Actual,PL4
4983665316cc59b2,2011,11,Đông Nam Bộ,Provincial,Cultivation,Đậu,,Area_Planted,838.0,ha,Actual,PL4
763153ae1e4a5589,2011,11,Đông Nam Bộ,Provincial,Cultivation,Lạc,,Area_Planted,17399.0,ha,Actual,PL4
7bba06b9ba173e26,2011,11,Đông Nam Bộ,Provincial,Cultivation,Lúa,,Area_Planted,1587.0,ha,Actual,PL4
7bba06b9ba173e26,2011,11,Đông Nam Bộ,Provincial,Cultivation,Lúa,,Area_Planted,5031.0,ha,Actual,PL4
01c20f206917522f,2011,11,Đông Nam Bộ,Provincial,Cultivation,Mía,,Area_Planted,19129.0,ha,Actual,PL4
7bba06b9ba173e26,2011,11,Đông Nam Bộ,Provincial,Cultivation,Lúa,,Area_Planted,93.0,ha,Actual,PL4
7bba06b9ba173e26,2011,11,Đông Nam Bộ,Provincial,Cultivation,Lúa,,Area_Planted,10.0,ha,Actual,PL4
7bba06b9ba173e26,2011,11,Đông Nam Bộ,Provincial,Cultivation,Lúa,,Area_Planted,62347.0,ha,Actual,PL4
7bba06b9ba173e26,2011,11,Đông Nam Bộ,Provincial,Cultivation,Lúa,,Area_Planted,20292.0,ha,Actual,PL4
ccc6aac9e0d84909,2011,11,Bình Phước,Provincial,Cultivation,Lúa,,Area_Planted,1247.0,ha,Actual,PL4
3eeee6b041b661e7,2011,11,Bình Phước,Provincial,Cultivation,Đậu,,Area_Planted,113.0,ha,Actual,PL4
e937209af03e0edd,2011,11,Bình Phước,Provincial,Cultivation,Lạc,,Area_Planted,583.0,ha,Actual,PL4
ccc6aac9e0d84909,2011,11,Bình Phước,Provincial,Cultivation,Lúa,,Area_Planted,41.0,ha,Actual,PL4
ccc6aac9e0d84909,2011,11,Bình Phước,Provincial,Cultivation,Lúa,,Area_Planted,2.0,ha,Actual,PL4
d0f2cfae8f616df6,2011,11,Bình Phước,Provincial,Cultivation,Mía,,Area_Planted,482.0,ha,Actual,PL4
ccc6aac9e0d84909,2011,11,Bình Phước,Provincial,Cultivation,Lúa,,Area_Planted,26.0,ha,Actual,PL4
ccc6aac9e0d84909,2011,11,Bình Phước,Provincial,Cultivation,Lúa,,Area_Planted,2929.0,ha,Actual,PL4
ccc6aac9e0d84909,2011,11,Bình Phước,Provincial,Cultivation,Lúa,,Area_Planted,1858.0,ha,Actual,PL4
3863e1c2590ca77c,2011,11,Tây Ninh,Provincial,Cultivation,Lúa,,Area_Planted,23385.0,ha,Actual,PL4
b79d07bb9be80eb4,2011,11,Tây Ninh,Provincial,Cultivation,Lạc,,Area_Planted,13956.0,ha,Actual,PL4
3863e1c2590ca77c,2011,11,Tây Ninh,Provincial,Cultivation,Lúa,,Area_Planted,949.0,ha,Actual,PL4
3863e1c2590ca77c,2011,11,Tây Ninh,Provincial,Cultivation,Lúa,,Area_Planted,3340.0,ha,Actual,PL4
ebd448873d971b47,2011,11,Tây Ninh,Provincial,Cultivation,Mía,,Area_Planted,5130.0,ha,Actual,PL4
3863e1c2590ca77c,2011,11,Tây Ninh,Provincial,Cultivation,Lúa,,Area_Planted,10.0,ha,Actual,PL4
3863e1c2590ca77c,2011,11,Tây Ninh,Provincial,Cultivation,Lúa,,Area_Planted,19749.0,ha,Actual,PL4
3863e1c2590ca77c,2011,11,Tây Ninh,Provincial,Cultivation,Lúa,,Area_Planted,8339.0,ha,Actual,PL4
f5b28bd6fdde0a98,2011,11,Bình Dương,Provincial,Cultivation,Lúa,,Area_Planted,907.0,ha,Actual,PL4
4bb7ec935e9fd1d0,2011,11,Bình Dương,Provincial,Cultivation,Lạc,,Area_Planted,555.0,ha,Actual,PL4
f5b28bd6fdde0a98,2011,11,Bình Dương,Provincial,Cultivation,Lúa,,Area_Planted,190.0,ha,Actual,PL4
519942629118e74a,2011,11,Bình Dương,Provincial,Cultivation,Mía,,Area_Planted,162.0,ha,Actual,PL4
f5b28bd6fdde0a98,2011,11,Bình Dương,Provincial,Cultivation,Lúa,,Area_Planted,5528.0,ha,Actual,PL4
f5b28bd6fdde0a98,2011,11,Bình Dương,Provincial,Cultivation,Lúa,,Area_Planted,736.0,ha,Actual,PL4
28a62ed7ac031787,2011,11,Đồng Nai,Provincial,Cultivation,Lúa,,Area_Planted,14229.0,ha,Actual,PL4
21b951eded63998e,2011,11,Đồng Nai,Provincial,Cultivation,Đậu,,Area_Planted,718.0,ha,Actual,PL4
4764c783b430d2b3,2011,11,Đồng Nai,Provincial,Cultivation,Lạc,,Area_Planted,1271.0,ha,Actual,PL4
28a62ed7ac031787,2011,11,Đồng Nai,Provincial,Cultivation,Lúa,,Area_Planted,193.0,ha,Actual,PL4
28a62ed7ac031787,2011,11,Đồng Nai,Provincial,Cultivation,Lúa,,Area_Planted,1571.0,ha,Actual,PL4
80fceefbfc2184f6,2011,11,Đồng Nai,Provincial,Cultivation,Mía,,Area_Planted,10462.0,ha,Actual,PL4
28a62ed7ac031787,2011,11,Đồng Nai,Provincial,Cultivation,Lúa,,Area_Planted,14.0,ha,Actual,PL4
28a62ed7ac031787,2011,11,Đồng Nai,Provincial,Cultivation,Lúa,,Area_Planted,13467.0,ha,Actual,PL4
28a62ed7ac031787,2011,11,Đồng Nai,Provincial,Cultivation,Lúa,,Area_Planted,7345.0,ha,Actual,PL4
212871f745a7755f,2011,11,Bà Rịa-V.Tàu,Provincial,Cultivation,Lúa,,Area_Planted,1819.0,ha,Actual,PL4
a0b3a381f86e2069,2011,11,Bà Rịa-V.Tàu,Provincial,Cultivation,Đậu,,Area_Planted,7.0,ha,Actual,PL4
dc2a445dfa237a01,2011,11,Bà Rịa-V.Tàu,Provincial,Cultivation,Lạc,,Area_Planted,1034.0,ha,Actual,PL4
212871f745a7755f,2011,11,Bà Rịa-V.Tàu,Provincial,Cultivation,Lúa,,Area_Planted,214.0,ha,Actual,PL4
212871f745a7755f,2011,11,Bà Rịa-V.Tàu,Provincial,Cultivation,Lúa,,Area_Planted,118.0,ha,Actual,PL4
6feb0a053c2cf167,2011,11,Bà Rịa-V.Tàu,Provincial,Cultivation,Mía,,Area_Planted,393.0,ha,Actual,PL4
212871f745a7755f,2011,11,Bà Rịa-V.Tàu,Provincial,Cultivation,Lúa,,Area_Planted,53.0,ha,Actual,PL4
212871f745a7755f,2011,11,Bà Rịa-V.Tàu,Provincial,Cultivation,Lúa,,Area_Planted,7459.0,ha,Actual,PL4
212871f745a7755f,2011,11,Bà Rịa-V.Tàu,Provincial,Cultivation,Lúa,,Area_Planted,2014.0,ha,Actual,PL4
fdd6d29eb5d21f5b,2011,11,TP Hồ Chí Minh,Provincial,Cultivation,Lúa,,Area_Planted,2500.0,ha,Actual,PL4
1677aa9c7020c2b2,2011,11,TP Hồ Chí Minh,Provincial,Cultivation,Mía,,Area_Planted,2500.0,ha,Actual,PL4
fdd6d29eb5d21f5b,2011,11,TP Hồ Chí Minh,Provincial,Cultivation,Lúa,,Area_Planted,13215.0,ha,Actual,PL4
d37736fbd7adb982,2011,11,ĐBS Cửu Long,Provincial,Cultivation,Lúa,,Area_Planted,98897.0,ha,Actual,PL4
95b0e8c027bdbe13,2011,11,ĐBS Cửu Long,Provincial,Cultivation,Đậu,,Area_Planted,4268.0,ha,Actual,PL4
a2b5fe912b73ef7c,2011,11,ĐBS Cửu Long,Provincial,Cultivation,Lạc,,Area_Planted,12352.0,ha,Actual,PL4
d37736fbd7adb982,2011,11,ĐBS Cửu Long,Provincial,Cultivation,Lúa,,Area_Planted,16202.0,ha,Actual,PL4
d37736fbd7adb982,2011,11,ĐBS Cửu Long,Provincial,Cultivation,Lúa,,Area_Planted,140.0,ha,Actual,PL4
c134fe1b496c2f13,2011,11,ĐBS Cửu Long,Provincial,Cultivation,Mía,,Area_Planted,60293.0,ha,Actual,PL4
d37736fbd7adb982,2011,11,ĐBS Cửu Long,Provincial,Cultivation,Lúa,,Area_Planted,0.0,ha,Actual,PL4
d37736fbd7adb982,2011,11,ĐBS Cửu Long,Provincial,Cultivation,Lúa,,Area_Planted,5641.0,ha,Actual,PL4
d37736fbd7adb982,2011,11,ĐBS Cửu Long,Provincial,Cultivation,Lúa,,Area_Planted,226720.0,ha,Actual,PL4
d37736fbd7adb982,2011,11,ĐBS Cửu Long,Provincial,Cultivation,Lúa,,Area_Planted,12438.0,ha,Actual,PL4
88febab2481bc279,2011,11,Long An,Provincial,Cultivation,Lúa,,Area_Planted,24962.0,ha,Actual,PL4
b1b0ca229f5fb93e,2011,11,Long An,Provincial,Cultivation,Lạc,,Area_Planted,6227.0,ha,Actual,PL4
88febab2481bc279,2011,11,Long An,Provincial,Cultivation,Lúa,,Area_Planted,1782.0,ha,Actual,PL4
88febab2481bc279,2011,11,Long An,Provincial,Cultivation,Lúa,,Area_Planted,81.0,ha,Actual,PL4
243a1013d3ff6fc1,2011,11,Long An,Provincial,Cultivation,Mía,,Area_Planted,13276.0,ha,Actual,PL4
88febab2481bc279,2011,11,Long An,Provincial,Cultivation,Lúa,,Area_Planted,3596.0,ha,Actual,PL4
88febab2481bc279,2011,11,Long An,Provincial,Cultivation,Lúa,,Area_Planted,13465.0,ha,Actual,PL4
88febab2481bc279,2011,11,Long An,Provincial,Cultivation,Lúa,,Area_Planted,19.0,ha,Actual,PL4
61fa209b906004f6,2011,11,Tiền Giang,Provincial,Cultivation,Lúa,,Area_Planted,612.0,ha,Actual,PL4
0b6a3a07817f1c54,2011,11,Tiền Giang,Provincial,Cultivation,Đậu,,Area_Planted,218.0,ha,Actual,PL4
507320a74657b2d7,2011,11,Tiền Giang,Provincial,Cultivation,Lạc,,Area_Planted,164.0,ha,Actual,PL4
0ba93c83edcada64,2011,11,Tiền Giang,Provincial,Cultivation,Mía,,Area_Planted,230.0,ha,Actual,PL4
61fa209b906004f6,2011,11,Tiền Giang,Provincial,Cultivation,Lúa,,Area_Planted,38040.0,ha,Actual,PL4
61fa209b906004f6,2011,11,Tiền Giang,Provincial,Cultivation,Lúa,,Area_Planted,142.0,ha,Actual,PL4
094c12ba6f694b9e,2011,11,Bến Tre,Provincial,Cultivation,Lúa,,Area_Planted,5664.0,ha,Actual,PL4
05101ab9bc21cc47,2011,11,Bến Tre,Provincial,Cultivation,Lạc,,Area_Planted,324.0,ha,Actual,PL4
271a1405c3271d0c,2011,11,Bến Tre,Provincial,Cultivation,Mía,,Area_Planted,5340.0,ha,Actual,PL4
094c12ba6f694b9e,2011,11,Bến Tre,Provincial,Cultivation,Lúa,,Area_Planted,6061.0,ha,Actual,PL4
094c12ba6f694b9e,2011,11,Bến Tre,Provincial,Cultivation,Lúa,,Area_Planted,3.0,ha,Actual,PL4
614e19ce3d942b5e,2011,11,Trà Vinh,Provincial,Cultivation,Lúa,,Area_Planted,12786.0,ha,Actual,PL4
822cf7892ee74acf,2011,11,Trà Vinh,Provincial,Cultivation,Lạc,,Area_Planted,4513.0,ha,Actual,PL4
c55938101bc70c68,2011,11,Trà Vinh,Provincial,Cultivation,Mía,,Area_Planted,6569.0,ha,Actual,PL4
614e19ce3d942b5e,2011,11,Trà Vinh,Provincial,Cultivation,Lúa,,Area_Planted,1704.0,ha,Actual,PL4
614e19ce3d942b5e,2011,11,Trà Vinh,Provincial,Cultivation,Lúa,,Area_Planted,28946.0,ha,Actual,PL4
614e19ce3d942b5e,2011,11,Trà Vinh,Provincial,Cultivation,Lúa,,Area_Planted,1293.0,ha,Actual,PL4
0b0b365973e5bad8,2011,11,Vĩnh Long,Provincial,Cultivation,Lúa,,Area_Planted,2607.0,ha,Actual,PL4
b4929d1c34d36cd8,2011,11,Vĩnh Long,Provincial,Cultivation,Đậu,,Area_Planted,912.0,ha,Actual,PL4
b2e0193f15ba8851,2011,11,Vĩnh Long,Provincial,Cultivation,Lạc,,Area_Planted,53.0,ha,Actual,PL4
0b0b365973e5bad8,2011,11,Vĩnh Long,Provincial,Cultivation,Lúa,,Area_Planted,1548.0,ha,Actual,PL4
615db15f0be408c0,2011,11,Vĩnh Long,Provincial,Cultivation,Mía,,Area_Planted,95.0,ha,Actual,PL4
0b0b365973e5bad8,2011,11,Vĩnh Long,Provincial,Cultivation,Lúa,,Area_Planted,22077.0,ha,Actual,PL4
0b0b365973e5bad8,2011,11,Vĩnh Long,Provincial,Cultivation,Lúa,,Area_Planted,822.0,ha,Actual,PL4
1fa8b7b12606a84f,2011,11,Đồng Tháp,Provincial,Cultivation,Lúa,,Area_Planted,8116.0,ha,Actual,PL4
6b091fcb4cb515ad,2011,11,Đồng Tháp,Provincial,Cultivation,Đậu,,Area_Planted,2426.0,ha,Actual,PL4
8a1c45d1c8c8ddeb,2011,11,Đồng Tháp,Provincial,Cultivation,Lạc,,Area_Planted,236.0,ha,Actual,PL4
1fa8b7b12606a84f,2011,11,Đồng Tháp,Provincial,Cultivation,Lúa,,Area_Planted,5050.0,ha,Actual,PL4
3dedbfb5559a2b96,2011,11,Đồng Tháp,Provincial,Cultivation,Mía,,Area_Planted,209.0,ha,Actual,PL4
1fa8b7b12606a84f,2011,11,Đồng Tháp,Provincial,Cultivation,Lúa,,Area_Planted,195.0,ha,Actual,PL4
1fa8b7b12606a84f,2011,11,Đồng Tháp,Provincial,Cultivation,Lúa,,Area_Planted,11668.0,ha,Actual,PL4
1fa8b7b12606a84f,2011,11,Đồng Tháp,Provincial,Cultivation,Lúa,,Area_Planted,1242.0,ha,Actual,PL4
0a4a7bba6f2b53a5,2011,11,An Giang,Provincial,Cultivation,Lúa,,Area_Planted,3202.0,ha,Actual,PL4
39e02d95a1ecc7ed,2011,11,An Giang,Provincial,Cultivation,Đậu,,Area_Planted,242.0,ha,Actual,PL4
2628f62b1d30a980,2011,11,An Giang,Provincial,Cultivation,Lạc,,Area_Planted,646.0,ha,Actual,PL4
0a4a7bba6f2b53a5,2011,11,An Giang,Provincial,Cultivation,Lúa,,Area_Planted,2122.0,ha,Actual,PL4
0a4a7bba6f2b53a5,2011,11,An Giang,Provincial,Cultivation,Lúa,,Area_Planted,59.0,ha,Actual,PL4
931bb3cbd5dfcf9c,2011,11,An Giang,Provincial,Cultivation,Mía,,Area_Planted,78.0,ha,Actual,PL4
0a4a7bba6f2b53a5,2011,11,An Giang,Provincial,Cultivation,Lúa,,Area_Planted,55.0,ha,Actual,PL4
0a4a7bba6f2b53a5,2011,11,An Giang,Provincial,Cultivation,Lúa,,Area_Planted,36276.0,ha,Actual,PL4
0a4a7bba6f2b53a5,2011,11,An Giang,Provincial,Cultivation,Lúa,,Area_Planted,3724.0,ha,Actual,PL4
1a9e7174cf61f5f4,2011,11,Kiên Giang,Provincial,Cultivation,Lúa,,Area_Planted,4512.0,ha,Actual,PL4
41912e59bbfaafb7,2011,11,Kiên Giang,Provincial,Cultivation,Mía,,Area_Planted,4512.0,ha,Actual,PL4
1a9e7174cf61f5f4,2011,11,Kiên Giang,Provincial,Cultivation,Lúa,,Area_Planted,2999.0,ha,Actual,PL4
dfb16a77fb9279d1,2011,11,Cần Thơ,Provincial,Cultivation,Lúa,,Area_Planted,5951.0,ha,Actual,PL4
92247a0668394fd0,2011,11,Cần Thơ,Provincial,Cultivation,Đậu,,Area_Planted,233.0,ha,Actual,PL4
db419260a904d1a4,2011,11,Cần Thơ,Provincial,Cultivation,Lạc,,Area_Planted,18.0,ha,Actual,PL4
dfb16a77fb9279d1,2011,11,Cần Thơ,Provincial,Cultivation,Lúa,,Area_Planted,5701.0,ha,Actual,PL4
dfb16a77fb9279d1,2011,11,Cần Thơ,Provincial,Cultivation,Lúa,,Area_Planted,680998.0,ha,Actual,PL4
dfb16a77fb9279d1,2011,11,Cần Thơ,Provincial,Cultivation,Lúa,,Area_Planted,886.0,ha,Actual,PL4
f1830a9f15d07fde,2011,11,Hậu Giang,Provincial,Cultivation,Lúa,,Area_Planted,13747.0,ha,Actual,PL4
403417fe6acd69cd,2011,11,Hậu Giang,Provincial,Cultivation,Mía,,Area_Planted,13747.0,ha,Actual,PL4
f1830a9f15d07fde,2011,11,Hậu Giang,Provincial,Cultivation,Lúa,,Area_Planted,14659.0,ha,Actual,PL4
f1830a9f15d07fde,2011,11,Hậu Giang,Provincial,Cultivation,Lúa,,Area_Planted,561.0,ha,Actual,PL4
be5e1e6054f820c0,2011,11,Sóc Trăng,Provincial,Cultivation,Lúa,,Area_Planted,14389.0,ha,Actual,PL4
a0aec34f7e007d8d,2011,11,Sóc Trăng,Provincial,Cultivation,Đậu,,Area_Planted,238.0,ha,Actual,PL4
61044993666ecc3a,2011,11,Sóc Trăng,Provincial,Cultivation,Lạc,,Area_Planted,166.0,ha,Actual,PL4
0ba6304e7c24c5e8,2011,11,Sóc Trăng,Provincial,Cultivation,Mía,,Area_Planted,13985.0,ha,Actual,PL4
be5e1e6054f820c0,2011,11,Sóc Trăng,Provincial,Cultivation,Lúa,,Area_Planted,28116.0,ha,Actual,PL4
be5e1e6054f820c0,2011,11,Sóc Trăng,Provincial,Cultivation,Lúa,,Area_Planted,3364.0,ha,Actual,PL4
b6d5475f5bc572b2,2011,11,Bạc Liêu,Provincial,Cultivation,Lúa,,Area_Planted,359.0,ha,Actual,PL4
972b52e6bc29af3c,2011,11,Bạc Liêu,Provincial,Cultivation,Lạc,,Area_Planted,5.0,ha,Actual,PL4
0fb8c7e08c677807,2011,11,Bạc Liêu,Provincial,Cultivation,Mía,,Area_Planted,263.0,ha,Actual,PL4
b6d5475f5bc572b2,2011,11,Bạc Liêu,Provincial,Cultivation,Lúa,,Area_Planted,91.0,ha,Actual,PL4
b6d5475f5bc572b2,2011,11,Bạc Liêu,Provincial,Cultivation,Lúa,,Area_Planted,112006403.0,ha,Actual,PL4
b6d5475f5bc572b2,2011,11,Bạc Liêu,Provincial,Cultivation,Lúa,,Area_Planted,382.0,ha,Actual,PL4
0211da05aa93984a,2011,11,Cà Mau,Provincial,Cultivation,Lúa,,Area_Planted,1989.0,ha,Actual,PL4
837d4cb918dddb47,2011,11,Cà Mau,Provincial,Cultivation,Mía,,Area_Planted,1989.0,ha,Actual,PL4
0b2b96f943448144,2011,11,1.1,Provincial,Cultivation,Lúa,,Area_Planted,540.0,ha,Actual,PL5
0b2b96f943448144,2011,11,1.1,Provincial,Cultivation,Lúa,,Area_Planted,186.0,ha,Actual,PL5
0b2b96f943448144,2011,11,1.1,Provincial,Cultivation,Lúa,,Area_Planted,345.0,ha,Actual,PL5
16d1e4c7d12c3311,2011,11,1.2,Provincial,Cultivation,Lúa,,Area_Planted,1732.0,ha,Actual,PL5
16d1e4c7d12c3311,2011,11,1.2,Provincial,Cultivation,Lúa,,Area_Planted,1832.0,ha,Actual,PL5
16d1e4c7d12c3311,2011,11,1.2,Provincial,Cultivation,Lúa,,Area_Planted,1057.0,ha,Actual,PL5
2fc81b0461ecd927,2011,11,2,Provincial,Cultivation,Lúa,,Area_Planted,3007.0,ha,Actual,PL5
2fc81b0461ecd927,2011,11,2,Provincial,Cultivation,Lúa,,Area_Planted,3227.0,ha,Actual,PL5
2fc81b0461ecd927,2011,11,2,Provincial,Cultivation,Lúa,,Area_Planted,1073.0,ha,Actual,PL5
f22abc273458bdfe,2011,11,3,Provincial,Cultivation,Lúa,,Area_Planted,1756.0,ha,Actual,PL5
f22abc273458bdfe,2011,11,3,Provincial,Cultivation,Lúa,,Area_Planted,1762.0,ha,Actual,PL5
f22abc273458bdfe,2011,11,3,Provincial,Cultivation,Lúa,,Area_Planted,1003.0,ha,Actual,PL5
1de46a79dc11b370,2011,11,4,Provincial,Cultivation,Lúa,,Area_Planted,7615.0,ha,Actual,PL5
1de46a79dc11b370,2011,11,4,Provincial,Cultivation,Lúa,,Area_Planted,6985.0,ha,Actual,PL5
1de46a79dc11b370,2011,11,4,Provincial,Cultivation,Lúa,,Area_Planted,917.0,ha,Actual,PL5
ffd4fb078a168731,2011,11,5,Provincial,Cultivation,Lúa,,Area_Planted,25899.0,ha,Actual,PL5
ffd4fb078a168731,2011,11,5,Provincial,Cultivation,Lúa,,Area_Planted,24234.0,ha,Actual,PL5
ffd4fb078a168731,2011,11,5,Provincial,Cultivation,Lúa,,Area_Planted,936.0,ha,Actual,PL5
ba0fdde0e748d836,2011,11,6,Provincial,Cultivation,Lúa,,Area_Planted,35668.0,ha,Actual,PL5
ba0fdde0e748d836,2011,11,6,Provincial,Cultivation,Lúa,,Area_Planted,39680.0,ha,Actual,PL5
ba0fdde0e748d836,2011,11,6,Provincial,Cultivation,Lúa,,Area_Planted,1112.0,ha,Actual,PL5
90b330bf52f47368,2011,11,Cả nước,National,Forestry,Rừng,,Area,322686.0,1000_ha,Estimated,PL6
74eb392dfef483b0,2011,11,Cả nước,National,Forestry,Rừng,,Area,18641.0,1000_ha,Plan,PL6
90b330bf52f47368,2011,11,Cả nước,National,Forestry,Rừng,,Area,253722.0,1000_ha,Estimated,PL6
74eb392dfef483b0,2011,11,Cả nước,National,Forestry,Rừng,,Area,12476.0,1000_ha,Plan,PL6
90b330bf52f47368,2011,11,Cả nước,National,Forestry,Rừng,,Area,48893.0,1000_ha,Estimated,PL6
74eb392dfef483b0,2011,11,Cả nước,National,Forestry,Rừng,,Area,1452.0,1000_ha,Plan,PL6
90b330bf52f47368,2011,11,Cả nước,National,Forestry,Rừng,,Area,221.0,1000_ha,Estimated,PL6
74eb392dfef483b0,2011,11,Cả nước,National,Forestry,Rừng,,Area,50.0,1000_ha,Plan,PL6
90b330bf52f47368,2011,11,Cả nước,National,Forestry,Rừng,,Area,130.0,1000_ha,Estimated,PL6
74eb392dfef483b0,2011,11,Cả nước,National,Forestry,Rừng,,Area,46.0,1000_ha,Plan,PL6
90b330bf52f47368,2011,11,Cả nước,National,Forestry,Rừng,,Area,46282.0,1000_ha,Estimated,PL6
74eb392dfef483b0,2011,11,Cả nước,National,Forestry,Rừng,,Area,800.0,1000_ha,Plan,PL6
90b330bf52f47368,2011,11,Cả nước,National,Forestry,Rừng,,Area,810.0,1000_ha,Estimated,PL6
74eb392dfef483b0,2011,11,Cả nước,National,Forestry,Rừng,,Area,500.0,1000_ha,Plan,PL6
90b330bf52f47368,2011,11,Cả nước,National,Forestry,Rừng,,Area,526.0,1000_ha,Estimated,PL6
90b330bf52f47368,2011,11,Cả nước,National,Forestry,Rừng,,Area,924.0,1000_ha,Estimated,PL6
74eb392dfef483b0,2011,11,Cả nước,National,Forestry,Rừng,,Area,56.0,1000_ha,Plan,PL6
90b330bf52f47368,2011,11,Cả nước,National,Forestry,Rừng,,Area,111722.0,1000_ha,Estimated,PL6
74eb392dfef483b0,2011,11,Cả nước,National,Forestry,Rừng,,Area,9058.0,1000_ha,Plan,PL6
90b330bf52f47368,2011,11,Cả nước,National,Forestry,Rừng,,Area,26426.0,1000_ha,Estimated,PL6
74eb392dfef483b0,2011,11,Cả nước,National,Forestry,Rừng,,Area,1529.0,1000_ha,Plan,PL6
74eb392dfef483b0,2011,11,Cả nước,National,Forestry,Rừng,,Area,126.0,1000_ha,Plan,PL6
90b330bf52f47368,2011,11,Cả nước,National,Forestry,Rừng,,Area,2024.0,1000_ha,Estimated,PL6
74eb392dfef483b0,2011,11,Cả nước,National,Forestry,Rừng,,Area,107.0,1000_ha,Plan,PL6
90b330bf52f47368,2011,11,Cả nước,National,Forestry,Rừng,,Area,7069.0,1000_ha,Estimated,PL6
74eb392dfef483b0,2011,11,Cả nước,National,Forestry,Rừng,,Area,1706.0,1000_ha,Plan,PL6
90b330bf52f47368,2011,11,Cả nước,National,Forestry,Rừng,,Area,5284.0,1000_ha,Estimated,PL6
74eb392dfef483b0,2011,11,Cả nước,National,Forestry,Rừng,,Area,613.0,1000_ha,Plan,PL6
90b330bf52f47368,2011,11,Cả nước,National,Forestry,Rừng,,Area,24085.0,1000_ha,Estimated,PL6
74eb392dfef483b0,2011,11,Cả nước,National,Forestry,Rừng,,Area,1600.0,1000_ha,Plan,PL6
90b330bf52f47368,2011,11,Cả nước,National,Forestry,Rừng,,Area,2966.0,1000_ha,Estimated,PL6
90b330bf52f47368,2011,11,Cả nước,National,Forestry,Rừng,,Area,1322.0,1000_ha,Estimated,PL6
74eb392dfef483b0,2011,11,Cả nước,National,Forestry,Rừng,,Area,32.0,1000_ha,Plan,PL6
90b330bf52f47368,2011,11,Cả nước,National,Forestry,Rừng,,Area,3221.0,1000_ha,Estimated,PL6
74eb392dfef483b0,2011,11,Cả nước,National,Forestry,Rừng,,Area,20.0,1000_ha,Plan,PL6
90b330bf52f47368,2011,11,Cả nước,National,Forestry,Rừng,,Area,11810.0,1000_ha,Estimated,PL6
74eb392dfef483b0,2011,11,Cả nước,National,Forestry,Rừng,,Area,181.0,1000_ha,Plan,PL6
90b330bf52f47368,2011,11,Cả nước,National,Forestry,Rừng,,Area,941.0,1000_ha,Estimated,PL6
74eb392dfef483b0,2011,11,Cả nước,National,Forestry,Rừng,,Area,300.0,1000_ha,Plan,PL6
90b330bf52f47368,2011,11,Cả nước,National,Forestry,Rừng,,Area,6738.0,1000_ha,Estimated,PL6
74eb392dfef483b0,2011,11,Cả nước,National,Forestry,Rừng,,Area,682.0,1000_ha,Plan,PL6
90b330bf52f47368,2011,11,Cả nước,National,Forestry,Rừng,,Area,11336.0,1000_ha,Estimated,PL6
74eb392dfef483b0,2011,11,Cả nước,National,Forestry,Rừng,,Area,1750.0,1000_ha,Plan,PL6
90b330bf52f47368,2011,11,Cả nước,National,Forestry,Rừng,,Area,8500.0,1000_ha,Estimated,PL6
74eb392dfef483b0,2011,11,Cả nước,National,Forestry,Rừng,,Area,412.0,1000_ha,Plan,PL6
90b330bf52f47368,2011,11,Cả nước,National,Forestry,Rừng,,Area,93107.0,1000_ha,Estimated,PL6
74eb392dfef483b0,2011,11,Cả nước,National,Forestry,Rừng,,Area,1966.0,1000_ha,Plan,PL6
90b330bf52f47368,2011,11,Cả nước,National,Forestry,Rừng,,Area,30000.0,1000_ha,Estimated,PL6
74eb392dfef483b0,2011,11,Cả nước,National,Forestry,Rừng,,Area,66.0,1000_ha,Plan,PL6
90b330bf52f47368,2011,11,Cả nước,National,Forestry,Rừng,,Area,45500.0,1000_ha,Estimated,PL6
74eb392dfef483b0,2011,11,Cả nước,National,Forestry,Rừng,,Area,1100.0,1000_ha,Plan,PL6
90b330bf52f47368,2011,11,Cả nước,National,Forestry,Rừng,,Area,4010.0,1000_ha,Estimated,PL6
74eb392dfef483b0,2011,11,Cả nước,National,Forestry,Rừng,,Area,200.0,1000_ha,Plan,PL6
90b330bf52f47368,2011,11,Cả nước,National,Forestry,Rừng,,Area,1097.0,1000_ha,Estimated,PL6
74eb392dfef483b0,2011,11,Cả nước,National,Forestry,Rừng,,Area,20.0,1000_ha,Plan,PL6
74eb392dfef483b0,2011,11,Cả nước,National,Forestry,Rừng,,Area,30.0,1000_ha,Plan,PL6
90b330bf52f47368,2011,11,Cả nước,National,Forestry,Rừng,,Area,12500.0,1000_ha,Estimated,PL6
74eb392dfef483b0,2011,11,Cả nước,National,Forestry,Rừng,,Area,550.0,1000_ha,Plan,PL6
a84b2af0da829d1f,2011,1,Cả nước,National,Trade,1,Xuất khẩu,Export_Volume,4.0,1000_ton,Actual,PL8
4f1fe84b320a3531,2011,1,Cả nước,National,Trade,1,Xuất khẩu,Export_Value,6.0,million_USD,Actual,PL8
86f3fc44efbbadc9,2011,1,Cả nước,National,Trade,Quảng Ninh,Xuất khẩu,Export_Volume,5375.0,1000_ton,Actual,PL8
11544717a1fc7baa,2011,1,Cả nước,National,Trade,Quảng Ninh,Xuất khẩu,Export_Value,19824.0,million_USD,Actual,PL8
f0aef8bc9f8957df,2011,1,Cả nước,National,Trade,Hải Phòng,Xuất khẩu,Export_Value,45000.0,million_USD,Actual,PL8
0ca98c71461322d9,2011,1,Cả nước,National,Trade,Thái Bình,Xuất khẩu,Export_Volume,26000.0,1000_ton,Actual,PL8
9d61985531e2373c,2011,1,Cả nước,National,Trade,Thái Bình,Xuất khẩu,Export_Value,51000.0,million_USD,Actual,PL8
e1d47dd2ee603afd,2011,1,Cả nước,National,Trade,Nam Định,Xuất khẩu,Export_Volume,25308.0,1000_ton,Actual,PL8
36320f1ca253e376,2011,1,Cả nước,National,Trade,Nam Định,Xuất khẩu,Export_Value,25456.0,million_USD,Actual,PL8
b66a291822544f97,2011,1,Cả nước,National,Trade,Ninh Bình,Xuất khẩu,Export_Volume,12500.0,1000_ton,Actual,PL8
fb287bca2ec3cc67,2011,1,Cả nước,National,Trade,Ninh Bình,Xuất khẩu,Export_Value,5500.0,million_USD,Actual,PL8
921eb5cec2cb0541,2011,1,Cả nước,National,Trade,Thanh Hoá,Xuất khẩu,Export_Volume,19133.0,1000_ton,Actual,PL8
c58bbb488f4d6ca0,2011,1,Cả nước,National,Trade,Thanh Hoá,Xuất khẩu,Export_Value,11965.0,million_USD,Actual,PL8
c40c1d5740796db4,2011,1,Cả nước,National,Trade,Nghệ An,Xuất khẩu,Export_Volume,29126.0,1000_ton,Actual,PL8
4cf839a82ef2da38,2011,1,Cả nước,National,Trade,Nghệ An,Xuất khẩu,Export_Value,7282.0,million_USD,Actual,PL8
2804c14cd03d3884,2011,1,Cả nước,National,Trade,Hà Tĩnh,Xuất khẩu,Export_Volume,5500.0,1000_ton,Actual,PL8
5e8737a32c485186,2011,1,Cả nước,National,Trade,Hà Tĩnh,Xuất khẩu,Export_Value,6000.0,million_USD,Actual,PL8
33b030b63aa24659,2011,1,Cả nước,National,Trade,Quảng Bình,Xuất khẩu,Export_Volume,4500.0,1000_ton,Actual,PL8
b41d696b801dc31f,2011,1,Cả nước,National,Trade,Quảng Bình,Xuất khẩu,Export_Value,3800.0,million_USD,Actual,PL8
ec549f49fbd3dde2,2011,1,Cả nước,National,Trade,Quảng Trị,Xuất khẩu,Export_Volume,3400.0,1000_ton,Actual,PL8
0cd4ee60bcdb3a36,2011,1,Cả nước,National,Trade,Quảng Trị,Xuất khẩu,Export_Value,3500.0,million_USD,Actual,PL8
4e50ef93549d6a77,2011,1,Cả nước,National,Trade,Thừa Thiên Huế *,Xuất khẩu,Export_Volume,3500.0,1000_ton,Actual,PL8
f042aafcc0f441d5,2011,1,Cả nước,National,Trade,Thừa Thiên Huế *,Xuất khẩu,Export_Value,4500.0,million_USD,Actual,PL8
0ad00e0f2cf8bd1c,2011,1,Cả nước,National,Trade,Đà Nẵng,Xuất khẩu,Export_Volume,725.0,1000_ton,Actual,PL8
6525f60f07677f45,2011,1,Cả nước,National,Trade,Đà Nẵng,Xuất khẩu,Export_Value,150.0,million_USD,Actual,PL8
b244ae2c707a2570,2011,1,Cả nước,National,Trade,Quảng Nam,Xuất khẩu,Export_Volume,9000.0,1000_ton,Actual,PL8
739cebb2dde99974,2011,1,Cả nước,National,Trade,Quảng Nam,Xuất khẩu,Export_Value,9000.0,million_USD,Actual,PL8
3568e816d83478d2,2011,1,Cả nước,National,Trade,Quảng Ngãi,Xuất khẩu,Export_Volume,1098.0,1000_ton,Actual,PL8
e4eb14b54c8f8638,2011,1,Cả nước,National,Trade,Quảng Ngãi,Xuất khẩu,Export_Value,5064.0,million_USD,Actual,PL8
422fc4422edc7d99,2011,1,Cả nước,National,Trade,Bình Định,Xuất khẩu,Export_Value,6202.0,million_USD,Actual,PL8
4c1d9fab2428f336,2011,1,Cả nước,National,Trade,Phú Yên,Xuất khẩu,Export_Value,9823.0,million_USD,Actual,PL8
84cf0230976a3af4,2011,1,Cả nước,National,Trade,Khánh Hoà *,Xuất khẩu,Export_Value,17000.0,million_USD,Actual,PL8
69e2c7c73e12aef1,2011,1,Cả nước,National,Trade,Ninh Thuận,Xuất khẩu,Export_Volume,280.0,1000_ton,Actual,PL8
70b4f8f551d25306,2011,1,Cả nước,National,Trade,Ninh Thuận,Xuất khẩu,Export_Value,10140.0,million_USD,Actual,PL8
ec39a33501cf47d6,2011,1,Cả nước,National,Trade,Bình Thuận,Xuất khẩu,Export_Volume,4350.0,1000_ton,Actual,PL8
7cb6b6d5100d52e3,2011,1,Cả nước,National,Trade,Bình Thuận,Xuất khẩu,Export_Value,8570.0,million_USD,Actual,PL8
d423b6a5cb28d53d,2011,1,Cả nước,National,Trade,Tây Ninh,Xuất khẩu,Export_Volume,7675.0,1000_ton,Actual,PL8
55046fb19f1c856a,2011,1,Cả nước,National,Trade,Bà Rịa - Vũng Tàu,Xuất khẩu,Export_Volume,4457.0,1000_ton,Actual,PL8
9898dd85d71eb139,2011,1,Cả nước,National,Trade,Bà Rịa - Vũng Tàu,Xuất khẩu,Export_Value,14004.0,million_USD,Actual,PL8
764ab5aff411365c,2011,1,Cả nước,National,Trade,TP.Hồ Chí Minh,Xuất khẩu,Export_Volume,6949.0,1000_ton,Actual,PL8
3b8d0c6514671c68,2011,1,Cả nước,National,Trade,TP.Hồ Chí Minh,Xuất khẩu,Export_Value,16923.0,million_USD,Actual,PL8
ea03c6e3c928fa55,2011,1,Cả nước,National,Trade,Long An,Xuất khẩu,Export_Volume,2715.0,1000_ton,Actual,PL8
a820c357c4c24e40,2011,1,Cả nước,National,Trade,Long An,Xuất khẩu,Export_Value,7133.0,million_USD,Actual,PL8
61be42a4771156d1,2011,1,Cả nước,National,Trade,Tiền Giang,Xuất khẩu,Export_Volume,90519.0,1000_ton,Actual,PL8
29d559cacf811e84,2011,1,Cả nước,National,Trade,Tiền Giang,Xuất khẩu,Export_Value,33731.0,million_USD,Actual,PL8
fc846f9bb716a17f,2011,1,Cả nước,National,Trade,Bến Tre,Xuất khẩu,Export_Volume,135700.0,1000_ton,Actual,PL8
d379d97107ee5f6f,2011,1,Cả nước,National,Trade,Bến Tre,Xuất khẩu,Export_Value,41500.0,million_USD,Actual,PL8
77f58d9dfaa8e660,2011,1,Cả nước,National,Trade,Trà Vinh,Xuất khẩu,Export_Volume,48628.0,1000_ton,Actual,PL8
416022aaf878076e,2011,1,Cả nước,National,Trade,Trà Vinh,Xuất khẩu,Export_Value,34055.0,million_USD,Actual,PL8
862dd7ceefc8aa08,2011,1,Cả nước,National,Trade,Vĩnh Long,Xuất khẩu,Export_Volume,125597.0,1000_ton,Actual,PL8
34120affc5fb65f7,2011,1,Cả nước,National,Trade,Đồng Tháp,Xuất khẩu,Export_Volume,354007.0,1000_ton,Actual,PL8
bb4267e1f76155c2,2011,1,Cả nước,National,Trade,An Giang,Xuất khẩu,Export_Volume,230000.0,1000_ton,Actual,PL8
28ba528f4f52f00a,2011,1,Cả nước,National,Trade,Kiên Giang *,Xuất khẩu,Export_Volume,49579.0,1000_ton,Actual,PL8
eff1bceaec07764b,2011,1,Cả nước,National,Trade,Kiên Giang *,Xuất khẩu,Export_Value,34589.0,million_USD,Actual,PL8
9365c28b06149ec0,2011,1,Cả nước,National,Trade,Cần Thơ,Xuất khẩu,Export_Volume,168190.0,1000_ton,Actual,PL8
9e92ca67b8fe93c1,2011,1,Cả nước,National,Trade,Hậu Giang,Xuất khẩu,Export_Volume,52026.0,1000_ton,Actual,PL8
f86589f4a3445fd2,2011,1,Cả nước,National,Trade,Sóc Trăng,Xuất khẩu,Export_Volume,35580.0,1000_ton,Actual,PL8
c9f850e257b3a2b5,2011,1,Cả nước,National,Trade,Sóc Trăng,Xuất khẩu,Export_Value,26098.0,million_USD,Actual,PL8
80971823fb9a88b1,2011,1,Cả nước,National,Trade,Bạc Liêu,Xuất khẩu,Export_Volume,3100.0,1000_ton,Actual,PL8
4a001df78b3cdb42,2011,1,Cả nước,National,Trade,Bạc Liêu,Xuất khẩu,Export_Value,119549.0,million_USD,Actual,PL8
174fae7b62b86c14,2011,1,Cả nước,National,Trade,Cà Mau,Xuất khẩu,Export_Volume,18100.0,1000_ton,Actual,PL8
9d66b8a77b08f8da,2011,1,Cả nước,National,Trade,Cà Mau,Xuất khẩu,Export_Value,216093.0,million_USD,Actual,PL8
1e89b29f800332cc,2011,11,Cả nước,National,Investment,264,,Investment_Amount,561.0,million_VND,Plan,PL9
a2df87deb6f7bc3d,2011,11,Cả nước,National,Investment,264,,Investment_Amount,291.0,million_VND,Cumulative,PL9
55b3b010914d77c5,2011,11,Cả nước,National,Investment,323,,Investment_Amount,588.0,million_VND,Plan,PL9
164307ec6fbe1f88,2011,11,Cả nước,National,Investment,323,,Investment_Amount,268.0,million_VND,Cumulative,PL9
cc3dc1c5f4482389,2010,12,1. Gieo cấy lúa đông xuân ở miền Nam,Provincial,Cultivation,Lúa,Đông Xuân,Area_Planted,11529.0,1000_ha,Actual,PL1
997dec7db17908b6,2011,12,1. Gieo cấy lúa đông xuân ở miền Nam,Provincial,Cultivation,Lúa,Đông Xuân,Area_Planted,10032.0,1000_ha,Actual,PL1
db156f05c19e204d,2010,12,2. Thu hoạch lúa mùa ở miền Nam,Provincial,Cultivation,Unknown,,Area_Planted,4593.0,1000_ha,Actual,PL1
cdcb8e455fd4c9a2,2011,12,2. Thu hoạch lúa mùa ở miền Nam,Provincial,Cultivation,Unknown,,Area_Planted,4994.0,1000_ha,Actual,PL1
6ef09bbaba84e9a4,2010,12,3. Gieo trồng cây vụ đông ở miền Bắc,Provincial,Cultivation,Unknown,,Area_Planted,4472.0,1000_ha,Actual,PL1
70150a90e7505711,2011,12,3. Gieo trồng cây vụ đông ở miền Bắc,Provincial,Cultivation,Unknown,,Area_Planted,3601.0,1000_ha,Actual,PL1
c8916eeabc22e146,2010,12,- Khoai lang,Provincial,Cultivation,Khoai lang,,Area_Planted,467.0,1000_ha,Actual,PL1
b675b2744af5eabc,2011,12,- Khoai lang,Provincial,Cultivation,Khoai lang,,Area_Planted,423.0,1000_ha,Actual,PL1
379bfe1f8190bf66,2010,12,- Đậu tương,Provincial,Cultivation,Đậu tương,,Area_Planted,841.0,1000_ha,Actual,PL1
81e660b56ff859f1,2011,12,- Đậu tương,Provincial,Cultivation,Đậu tương,,Area_Planted,638.0,1000_ha,Actual,PL1
3346faeccba9e2bc,2010,12,"- Rau, đậu các loại",Provincial,Cultivation,Rau đậu,,Area_Planted,1320.0,1000_ha,Actual,PL1
7c096aa71d36d346,2011,12,"- Rau, đậu các loại",Provincial,Cultivation,Rau đậu,,Area_Planted,1250.0,1000_ha,Actual,PL1
6e74f3ea54e54242,2011,11,15.165,International,Trade,DT muốicả nước,Xuất khẩu,Export_Volume,33026.0,ton,Actual,PL11
9294ace565c9b2c1,2011,11,15.165,International,Trade,DT muốicả nước,Xuất khẩu,Export_Value,23395.0,1000_USD,Actual,PL11
a3bdfbbbbf440f92,2011,11,14.881,International,Trade,DT muốicả nước,Xuất khẩu,Export_Volume,136706.0,ton,Actual,PL11
47ec89390e9bdc9b,2011,11,14.881,International,Trade,DT muốicả nước,Xuất khẩu,Export_Value,116198.0,1000_USD,Actual,PL11
7c9e7c47ab19da42,2011,11,14.837,International,Trade,DT muốicả nước,Xuất khẩu,Export_Volume,255527.0,ton,Actual,PL11
86a0a84ede4c45e5,2011,11,14.837,International,Trade,DT muốicả nước,Xuất khẩu,Export_Value,209678.0,1000_USD,Actual,PL11
cea507af368f1b2c,2011,11,14.854,International,Trade,DT muốicả nước,Xuất khẩu,Export_Volume,414548.0,ton,Actual,PL11
2536f260db08f145,2011,11,14.854,International,Trade,DT muốicả nước,Xuất khẩu,Export_Value,319512.0,1000_USD,Actual,PL11
80022edb4df0a15e,2011,11,14.820,International,Trade,DT muốicả nước,Xuất khẩu,Export_Volume,543351.0,ton,Actual,PL11
6e9c1dbb615d3bca,2011,11,14.820,International,Trade,DT muốicả nước,Xuất khẩu,Export_Value,424113.0,1000_USD,Actual,PL11
244c12e66066635e,2011,11,14.710,International,Trade,DT muốicả nước,Xuất khẩu,Export_Volume,627077.0,ton,Actual,PL11
3f4efb16b0af4caa,2011,11,14.710,International,Trade,DT muốicả nước,Xuất khẩu,Export_Value,499909.0,1000_USD,Actual,PL11
afd3c6755166c2df,2011,11,14.585,International,Trade,DT muốicả nước,Xuất khẩu,Export_Volume,709836.0,ton,Actual,PL11
9144779d560b1747,2011,11,14.585,International,Trade,DT muốicả nước,Xuất khẩu,Export_Value,555286.0,1000_USD,Actual,PL11
db31aa7b1b4a5923,2011,11,14.615,International,Trade,DT muốicả nước,Xuất khẩu,Export_Volume,755402.0,ton,Actual,PL11
275454c7fa9be2dc,2011,11,14.615,International,Trade,DT muốicả nước,Xuất khẩu,Export_Value,589316.0,1000_USD,Actual,PL11
508aa7437adc0e82,2011,11,14.614,International,Trade,DT muốicả nước,Xuất khẩu,Export_Volume,746401.0,ton,Actual,PL11
9e8854fbb9e1bb10,2011,11,14.614,International,Trade,DT muốicả nước,Xuất khẩu,Export_Value,588312.0,1000_USD,Actual,PL11
ceddc42e0b945b74,2011,11,14.602,International,Trade,DT muốicả nước,Xuất khẩu,Export_Volume,799363.0,ton,Actual,PL11
9739e8d8b5977cbb,2011,11,14.602,International,Trade,DT muốicả nước,Xuất khẩu,Export_Value,618485.0,1000_USD,Actual,PL11
db31aa7b1b4a5923,2011,11,14.615,International,Trade,DT muốicả nước,Xuất khẩu,Export_Volume,809589.0,ton,Actual,PL11
275454c7fa9be2dc,2011,11,14.615,International,Trade,DT muốicả nước,Xuất khẩu,Export_Value,628711.0,1000_USD,Actual,PL11
4dbd132e440cb880,2011,12,Cả nước,National,Investment,Bông các loại,,Investment_Amount,323144.0,million_VND,Plan,PL13
4e115a9b1bc676c5,2011,12,Cả nước,National,Investment,Bông các loại,,Investment_Amount,992980.0,million_VND,Cumulative,PL13
3f9a0065a2859098,2011,12,Cả nước,National,Investment,HOA KỲ,,Investment_Amount,114232.0,million_VND,Plan,PL13
bfb2fa7cc952f949,2011,12,Cả nước,National,Investment,HOA KỲ,,Investment_Amount,512812.0,million_VND,Cumulative,PL13
a538b7df4ae5b140,2011,12,Cả nước,National,Investment,ẤN ĐỘ,,Investment_Amount,54532.0,million_VND,Plan,PL13
3bb0352a93ee6468,2011,12,Cả nước,National,Investment,ẤN ĐỘ,,Investment_Amount,114132.0,million_VND,Cumulative,PL13
220723c773845324,2011,12,Cả nước,National,Investment,BRAXIN,,Investment_Amount,13446.0,million_VND,Plan,PL13
848231f1d5c092a3,2011,12,Cả nước,National,Investment,BRAXIN,,Investment_Amount,77872.0,million_VND,Cumulative,PL13
f49e7f0405ba7daa,2011,12,Cả nước,National,Investment,PAKIXTAN,,Investment_Amount,10076.0,million_VND,Plan,PL13
1b54ef91438d189a,2011,12,Cả nước,National,Investment,PAKIXTAN,,Investment_Amount,32468.0,million_VND,Cumulative,PL13
4e5b3667ceb7f585,2011,12,Cả nước,National,Investment,Ô X TRÂY LIA,,Investment_Amount,9657.0,million_VND,Plan,PL13
c122bf5d9cad8039,2011,12,Cả nước,National,Investment,Ô X TRÂY LIA,,Investment_Amount,30083.0,million_VND,Cumulative,PL13
17e99dedaee857bc,2011,12,Cả nước,National,Investment,BỜ BIỂN NGÀ,,Investment_Amount,16457.0,million_VND,Plan,PL13
56fd45454eace170,2011,12,Cả nước,National,Investment,BỜ BIỂN NGÀ,,Investment_Amount,16501.0,million_VND,Cumulative,PL13
07b85cbecbf1b29e,2011,12,Cả nước,National,Investment,ACHENTINA,,Investment_Amount,2515.0,million_VND,Plan,PL13
b0ddef66052edad1,2011,12,Cả nước,National,Investment,ACHENTINA,,Investment_Amount,16029.0,million_VND,Cumulative,PL13
14e495e4fd0c6ab3,2011,12,Cả nước,National,Investment,TRUNG QUỐC,,Investment_Amount,275.0,million_VND,Plan,PL13
79e7de6dcbd0615b,2011,12,Cả nước,National,Investment,TRUNG QUỐC,,Investment_Amount,6195.0,million_VND,Cumulative,PL13
e798d865082393b8,2011,12,Cả nước,National,Investment,PHÁP,,Investment_Amount,2609.0,million_VND,Plan,PL13
33095473c28baa5c,2011,12,Cả nước,National,Investment,PHÁP,,Investment_Amount,1723.0,million_VND,Cumulative,PL13
350e6e9034ca854a,2011,12,Cả nước,National,Investment,HÀN QUỐC,,Investment_Amount,485.0,million_VND,Plan,PL13
0cb6e2cc7c249018,2011,12,Cả nước,National,Investment,HÀN QUỐC,,Investment_Amount,1658.0,million_VND,Cumulative,PL13
7a0894f015aa63a4,2011,12,Cả nước,National,Investment,Cao su,,Investment_Amount,264294.0,million_VND,Plan,PL13
bd6847adce716cbe,2011,12,Cả nước,National,Investment,Cao su,,Investment_Amount,851898.0,million_VND,Cumulative,PL13
5ff97f7d13181f1d,2011,12,Cả nước,National,Investment,CAMPUCHIA,,Investment_Amount,32453.0,million_VND,Plan,PL13
da48897821a34398,2011,12,Cả nước,National,Investment,CAMPUCHIA,,Investment_Amount,165115.0,million_VND,Cumulative,PL13
350e6e9034ca854a,2011,12,Cả nước,National,Investment,HÀN QUỐC,,Investment_Amount,42724.0,million_VND,Plan,PL13
0cb6e2cc7c249018,2011,12,Cả nước,National,Investment,HÀN QUỐC,,Investment_Amount,164109.0,million_VND,Cumulative,PL13
20b3a84d61f6a694,2011,12,Cả nước,National,Investment,THÁI LAN,,Investment_Amount,34785.0,million_VND,Plan,PL13
2d33bf2fe4a11a32,2011,12,Cả nước,National,Investment,THÁI LAN,,Investment_Amount,133065.0,million_VND,Cumulative,PL13
f3e4311016acaf00,2011,12,Cả nước,National,Investment,ĐÀI LOAN,,Investment_Amount,25008.0,million_VND,Plan,PL13
555a58606eac21e4,2011,12,Cả nước,National,Investment,ĐÀI LOAN,,Investment_Amount,91769.0,million_VND,Cumulative,PL13
ab449a8c3e3a0d3a,2011,12,Cả nước,National,Investment,NHẬT BẢN,,Investment_Amount,21265.0,million_VND,Plan,PL13
c080b8db08e17274,2011,12,Cả nước,National,Investment,NHẬT BẢN,,Investment_Amount,87133.0,million_VND,Cumulative,PL13
14e495e4fd0c6ab3,2011,12,Cả nước,National,Investment,TRUNG QUỐC,,Investment_Amount,18336.0,million_VND,Plan,PL13
79e7de6dcbd0615b,2011,12,Cả nước,National,Investment,TRUNG QUỐC,,Investment_Amount,55268.0,million_VND,Cumulative,PL13
3f9a0065a2859098,2011,12,Cả nước,National,Investment,HOA KỲ,,Investment_Amount,19887.0,million_VND,Plan,PL13
bfb2fa7cc952f949,2011,12,Cả nước,National,Investment,HOA KỲ,,Investment_Amount,25767.0,million_VND,Cumulative,PL13
a1eb39f5bb4c1303,2011,12,Cả nước,National,Investment,NGA,,Investment_Amount,7265.0,million_VND,Plan,PL13
cb807bdd01fb4f0e,2011,12,Cả nước,National,Investment,NGA,,Investment_Amount,22630.0,million_VND,Cumulative,PL13
e798d865082393b8,2011,12,Cả nước,National,Investment,PHÁP,,Investment_Amount,3000.0,million_VND,Plan,PL13
33095473c28baa5c,2011,12,Cả nước,National,Investment,PHÁP,,Investment_Amount,14842.0,million_VND,Cumulative,PL13
4b3d9816fe4a5ea7,2011,12,Cả nước,National,Investment,MALAIXIA,,Investment_Amount,9295.0,million_VND,Plan,PL13
6d8d47a5c963e30d,2011,12,Cả nước,National,Investment,MALAIXIA,,Investment_Amount,9312.0,million_VND,Cumulative,PL13
db68472211cf25b8,2011,12,Cả nước,National,Investment,Dầu mỡ động thực vật,,Investment_Amount,871959.0,million_VND,Cumulative,PL13
6d8d47a5c963e30d,2011,12,Cả nước,National,Investment,MALAIXIA,,Investment_Amount,512642.0,million_VND,Cumulative,PL13
7afde25dbf078b3d,2011,12,Cả nước,National,Investment,IN ĐÔ NÊ XI A,,Investment_Amount,179417.0,million_VND,Cumulative,PL13
b0ddef66052edad1,2011,12,Cả nước,National,Investment,ACHENTINA,,Investment_Amount,104214.0,million_VND,Cumulative,PL13
2d33bf2fe4a11a32,2011,12,Cả nước,National,Investment,THÁI LAN,,Investment_Amount,28723.0,million_VND,Cumulative,PL13
60c6743cb93afd65,2011,12,Cả nước,National,Investment,CHI LÊ,,Investment_Amount,7785.0,million_VND,Cumulative,PL13
79e7de6dcbd0615b,2011,12,Cả nước,National,Investment,TRUNG QUỐC,,Investment_Amount,5995.0,million_VND,Cumulative,PL13
bfb2fa7cc952f949,2011,12,Cả nước,National,Investment,HOA KỲ,,Investment_Amount,4071.0,million_VND,Cumulative,PL13
0cb6e2cc7c249018,2011,12,Cả nước,National,Investment,HÀN QUỐC,,Investment_Amount,3902.0,million_VND,Cumulative,PL13
3bb0352a93ee6468,2011,12,Cả nước,National,Investment,ẤN ĐỘ,,Investment_Amount,3881.0,million_VND,Cumulative,PL13
c122bf5d9cad8039,2011,12,Cả nước,National,Investment,Ô X TRÂY LIA,,Investment_Amount,3201.0,million_VND,Cumulative,PL13
15a29baf42a3751b,2011,12,Cả nước,National,Investment,Lúa mì,,Investment_Amount,2097739.0,million_VND,Plan,PL13
1209f7f795b446da,2011,12,Cả nước,National,Investment,Lúa mì,,Investment_Amount,729082.0,million_VND,Cumulative,PL13
4e5b3667ceb7f585,2011,12,Cả nước,National,Investment,Ô X TRÂY LIA,,Investment_Amount,1262560.0,million_VND,Plan,PL13
c122bf5d9cad8039,2011,12,Cả nước,National,Investment,Ô X TRÂY LIA,,Investment_Amount,636449.0,million_VND,Cumulative,PL13
3f9a0065a2859098,2011,12,Cả nước,National,Investment,HOA KỲ,,Investment_Amount,49497.0,million_VND,Plan,PL13
bfb2fa7cc952f949,2011,12,Cả nước,National,Investment,HOA KỲ,,Investment_Amount,79973.0,million_VND,Cumulative,PL13
35c92b9d32149c93,2011,12,Cả nước,National,Investment,CA NA ĐA,,Investment_Amount,3742.0,million_VND,Plan,PL13
f5dbe71656815a0b,2011,12,Cả nước,National,Investment,CA NA ĐA,,Investment_Amount,5676.0,million_VND,Cumulative,PL13
6ed56ee29f2e8db6,2011,12,Cả nước,National,Investment,Gỗ & sản phẩm gỗ,,Investment_Amount,1212414.0,million_VND,Cumulative,PL13
7b83a46ee01cd6a1,2011,12,Cả nước,National,Investment,LÀO,,Investment_Amount,271293.0,million_VND,Cumulative,PL13
79e7de6dcbd0615b,2011,12,Cả nước,National,Investment,TRUNG QUỐC,,Investment_Amount,165774.0,million_VND,Cumulative,PL13
bfb2fa7cc952f949,2011,12,Cả nước,National,Investment,HOA KỲ,,Investment_Amount,135772.0,million_VND,Cumulative,PL13
6d8d47a5c963e30d,2011,12,Cả nước,National,Investment,MALAIXIA,,Investment_Amount,88327.0,million_VND,Cumulative,PL13
2d33bf2fe4a11a32,2011,12,Cả nước,National,Investment,THÁI LAN,,Investment_Amount,85554.0,million_VND,Cumulative,PL13
df89768f91ef1472,2011,12,Cả nước,National,Investment,NIU ZI LÂN,,Investment_Amount,63857.0,million_VND,Cumulative,PL13
da48897821a34398,2011,12,Cả nước,National,Investment,CAMPUCHIA,,Investment_Amount,38849.0,million_VND,Cumulative,PL13
8766511057f27827,2011,12,Cả nước,National,Investment,MI AN MA,,Investment_Amount,36438.0,million_VND,Cumulative,PL13
848231f1d5c092a3,2011,12,Cả nước,National,Investment,BRAXIN,,Investment_Amount,27181.0,million_VND,Cumulative,PL13
7afde25dbf078b3d,2011,12,Cả nước,National,Investment,IN ĐÔ NÊ XI A,,Investment_Amount,22098.0,million_VND,Cumulative,PL13
a12735dc74c5dcf8,2011,12,Cả nước,National,Investment,Phân bón các loại,,Investment_Amount,3079529.0,million_VND,Plan,PL13
c665ecf9edeaae57,2011,12,Cả nước,National,Investment,Phân bón các loại,,Investment_Amount,1637500.0,million_VND,Cumulative,PL13
14e495e4fd0c6ab3,2011,12,Cả nước,National,Investment,TRUNG QUỐC,,Investment_Amount,1420398.0,million_VND,Plan,PL13
79e7de6dcbd0615b,2011,12,Cả nước,National,Investment,TRUNG QUỐC,,Investment_Amount,807740.0,million_VND,Cumulative,PL13
469a0bbcb25b27bf,2011,12,Cả nước,National,Investment,BÊ LA RÚT,,Investment_Amount,140888.0,million_VND,Plan,PL13
0fa528e6ca787d31,2011,12,Cả nước,National,Investment,BÊ LA RÚT,,Investment_Amount,166026.0,million_VND,Cumulative,PL13
8f327d7d530e957a,2011,12,Cả nước,National,Investment,PHI LIP PIN,,Investment_Amount,159700.0,million_VND,Plan,PL13
6c22421360cd78e6,2011,12,Cả nước,National,Investment,PHI LIP PIN,,Investment_Amount,150050.0,million_VND,Cumulative,PL13
54ff7b205e511244,2011,12,Cả nước,National,Investment,IXRAEN,,Investment_Amount,132198.0,million_VND,Plan,PL13
b842c952cbeda724,2011,12,Cả nước,National,Investment,IXRAEN,,Investment_Amount,92533.0,million_VND,Cumulative,PL13
beef71259ce16de6,2011,12,Miền Bắc,Provincial,Cultivation,Lúa,,Area_Planted,458714.0,ha,Actual,PL2
78dffbac605a73e8,2011,12,Miền Bắc,Provincial,Cultivation,Ngô,,Area_Planted,120787.0,ha,Actual,PL2
981bbb6bd706451f,2011,12,Miền Bắc,Provincial,Cultivation,Khoai lang,,Area_Planted,42312.0,ha,Actual,PL2
beef71259ce16de6,2011,12,Miền Bắc,Provincial,Cultivation,Lúa,,Area_Planted,16838.0,ha,Actual,PL2
a96081842b872a85,2011,12,Miền Bắc,Provincial,Cultivation,Đậu tương,,Area_Planted,63845.0,ha,Actual,PL2
444a3e226b515ee6,2011,12,Miền Bắc,Provincial,Cultivation,Lạc,,Area_Planted,5074.0,ha,Actual,PL2
beef71259ce16de6,2011,12,Miền Bắc,Provincial,Cultivation,Lúa,,Area_Planted,5763.0,ha,Actual,PL2
eca894089859e377,2011,12,Miền Bắc,Provincial,Cultivation,Rau,,Area_Planted,125022.0,ha,Actual,PL2
de3e7a4906c30511,2011,12,ĐB sông Hồng,Provincial,Cultivation,Lúa,,Area_Planted,218166.0,ha,Actual,PL2
2b9013f9333357b9,2011,12,ĐB sông Hồng,Provincial,Cultivation,Ngô,,Area_Planted,50707.0,ha,Actual,PL2
2fc6a08a03a94bcf,2011,12,ĐB sông Hồng,Provincial,Cultivation,Khoai lang,,Area_Planted,14096.0,ha,Actual,PL2
de3e7a4906c30511,2011,12,ĐB sông Hồng,Provincial,Cultivation,Lúa,,Area_Planted,13243.0,ha,Actual,PL2
278965d1f62ce13e,2011,12,ĐB sông Hồng,Provincial,Cultivation,Đậu tương,,Area_Planted,47989.0,ha,Actual,PL2
92598b59d983a0ad,2011,12,ĐB sông Hồng,Provincial,Cultivation,Lạc,,Area_Planted,1197.0,ha,Actual,PL2
de3e7a4906c30511,2011,12,ĐB sông Hồng,Provincial,Cultivation,Lúa,,Area_Planted,4767.0,ha,Actual,PL2
e8095c38872170cf,2011,12,ĐB sông Hồng,Provincial,Cultivation,Rau,,Area_Planted,66058.0,ha,Actual,PL2
b35d78edea1d26f3,2011,12,Hà Nội,Provincial,Cultivation,Lúa,,Area_Planted,34696.0,ha,Actual,PL2
52e917fcb83844e4,2011,12,Hà Nội,Provincial,Cultivation,Ngô,,Area_Planted,11900.0,ha,Actual,PL2
7a4c2263990d842f,2011,12,Hà Nội,Provincial,Cultivation,Khoai lang,,Area_Planted,3100.0,ha,Actual,PL2
b35d78edea1d26f3,2011,12,Hà Nội,Provincial,Cultivation,Lúa,,Area_Planted,1349.0,ha,Actual,PL2
9f0ff83de9a8eeca,2011,12,Hà Nội,Provincial,Cultivation,Đậu tương,,Area_Planted,27000.0,ha,Actual,PL2
ca07df2b5a12cc4e,2011,12,Hà Nội,Provincial,Cultivation,Lạc,,Area_Planted,606.0,ha,Actual,PL2
ba40a3dfd936cad0,2011,12,Hà Nội,Provincial,Cultivation,Rau,,Area_Planted,11189.0,ha,Actual,PL2
6cac4f9682ff3305,2011,12,Hải Phòng,Provincial,Cultivation,Lúa,,Area_Planted,14700.0,ha,Actual,PL2
a077aa5f92810cdc,2011,12,Hải Phòng,Provincial,Cultivation,Ngô,,Area_Planted,2000.0,ha,Actual,PL2
afbf50400a783713,2011,12,Hải Phòng,Provincial,Cultivation,Khoai lang,,Area_Planted,1400.0,ha,Actual,PL2
6cac4f9682ff3305,2011,12,Hải Phòng,Provincial,Cultivation,Lúa,,Area_Planted,500.0,ha,Actual,PL2
66f5367e22d8561b,2011,12,Hải Phòng,Provincial,Cultivation,Rau,,Area_Planted,5400.0,ha,Actual,PL2
bd8e9433639db26a,2011,12,Vĩnh Phúc,Provincial,Cultivation,Lúa,,Area_Planted,22732.0,ha,Actual,PL2
5a7d4e508b6523e7,2011,12,Vĩnh Phúc,Provincial,Cultivation,Ngô,,Area_Planted,10739.0,ha,Actual,PL2
0e4bef6c363bbddd,2011,12,Vĩnh Phúc,Provincial,Cultivation,Khoai lang,,Area_Planted,2050.0,ha,Actual,PL2
f5d3411d0b836bfa,2011,12,Vĩnh Phúc,Provincial,Cultivation,Đậu tương,,Area_Planted,2648.0,ha,Actual,PL2
e5cb0bcc670942ac,2011,12,Vĩnh Phúc,Provincial,Cultivation,Lạc,,Area_Planted,2775.0,ha,Actual,PL2
bd8e9433639db26a,2011,12,Vĩnh Phúc,Provincial,Cultivation,Lúa,,Area_Planted,159.0,ha,Actual,PL2
100cf9f92d03fd29,2011,12,Vĩnh Phúc,Provincial,Cultivation,Rau,,Area_Planted,3429.0,ha,Actual,PL2
ab0958473f95c6fe,2011,12,Bắc Ninh,Provincial,Cultivation,Lúa,,Area_Planted,14362.0,ha,Actual,PL2
1c46246a121b2928,2011,12,Bắc Ninh,Provincial,Cultivation,Ngô,,Area_Planted,2090.0,ha,Actual,PL2
ab0958473f95c6fe,2011,12,Bắc Ninh,Provincial,Cultivation,Lúa,,Area_Planted,1500.0,ha,Actual,PL2
2746e60149e154f1,2011,12,Bắc Ninh,Provincial,Cultivation,Đậu tương,,Area_Planted,900.0,ha,Actual,PL2
c5b50c15c20d2f15,2011,12,Bắc Ninh,Provincial,Cultivation,Lạc,,Area_Planted,900.0,ha,Actual,PL2
9d1b3b19b4f24891,2011,12,Bắc Ninh,Provincial,Cultivation,Rau,,Area_Planted,4936.0,ha,Actual,PL2
6b613d5f74d14988,2011,12,Hải Dương,Provincial,Cultivation,Lúa,,Area_Planted,12033.0,ha,Actual,PL2
92eaf0830ac7e241,2011,12,Hải Dương,Provincial,Cultivation,Ngô,,Area_Planted,3533.0,ha,Actual,PL2
6b613d5f74d14988,2011,12,Hải Dương,Provincial,Cultivation,Lúa,,Area_Planted,500.0,ha,Actual,PL2
702ce2d208573d82,2011,12,Hải Dương,Provincial,Cultivation,Rau,,Area_Planted,4000.0,ha,Actual,PL2
29c0985c0dff7c1f,2011,12,Hưng Yên,Provincial,Cultivation,Lúa,,Area_Planted,21006.0,ha,Actual,PL2
1c19f050859fb275,2011,12,Hưng Yên,Provincial,Cultivation,Ngô,,Area_Planted,4440.0,ha,Actual,PL2
4ba3540110750b10,2011,12,Hưng Yên,Provincial,Cultivation,Khoai lang,,Area_Planted,614.0,ha,Actual,PL2
29c0985c0dff7c1f,2011,12,Hưng Yên,Provincial,Cultivation,Lúa,,Area_Planted,677.0,ha,Actual,PL2
6628aa0d0bafa8f0,2011,12,Hưng Yên,Provincial,Cultivation,Đậu tương,,Area_Planted,2590.0,ha,Actual,PL2
1cf597dbfb74bbf0,2011,12,Hưng Yên,Provincial,Cultivation,Lạc,,Area_Planted,111.0,ha,Actual,PL2
1681c6ed18b925d6,2011,12,Hưng Yên,Provincial,Cultivation,Rau,,Area_Planted,6287.0,ha,Actual,PL2
32a522aca7e9b152,2011,12,Hà Nam,Provincial,Cultivation,Lúa,,Area_Planted,17293.0,ha,Actual,PL2
a7d5030623a23fc3,2011,12,Hà Nam,Provincial,Cultivation,Ngô,,Area_Planted,34702028.0,ha,Actual,PL2
956cfee550225526,2011,12,Hà Nam,Provincial,Cultivation,Khoai lang,,Area_Planted,462.0,ha,Actual,PL2
32a522aca7e9b152,2011,12,Hà Nam,Provincial,Cultivation,Lúa,,Area_Planted,673.0,ha,Actual,PL2
c1eacf1f8254e75e,2011,12,Hà Nam,Provincial,Cultivation,Đậu tương,,Area_Planted,7500.0,ha,Actual,PL2
6ddbd25ba0b6d7c5,2011,12,Hà Nam,Provincial,Cultivation,Rau,,Area_Planted,2594.0,ha,Actual,PL2
73bbd64ecfbe522e,2011,12,Nam Định,Provincial,Cultivation,Lúa,,Area_Planted,16977.0,ha,Actual,PL2
b88cf88d619e93f5,2011,12,Nam Định,Provincial,Cultivation,Ngô,,Area_Planted,16977.0,ha,Actual,PL2
73bbd64ecfbe522e,2011,12,Nam Định,Provincial,Cultivation,Lúa,,Area_Planted,2100.0,ha,Actual,PL2
73bbd64ecfbe522e,2011,12,Nam Định,Provincial,Cultivation,Lúa,,Area_Planted,2729.0,ha,Actual,PL2
b5fa3f4cdb191e6a,2011,12,Nam Định,Provincial,Cultivation,Rau,,Area_Planted,5060.0,ha,Actual,PL2
4ee57e707171a7c1,2011,12,Thái Bình,Provincial,Cultivation,Lúa,,Area_Planted,36532.0,ha,Actual,PL2
7783bcc69ef0b247,2011,12,Thái Bình,Provincial,Cultivation,Ngô,,Area_Planted,6670.0,ha,Actual,PL2
265d82b8668d01a9,2011,12,Thái Bình,Provincial,Cultivation,Khoai lang,,Area_Planted,3660.0,ha,Actual,PL2
4ee57e707171a7c1,2011,12,Thái Bình,Provincial,Cultivation,Lúa,,Area_Planted,4620.0,ha,Actual,PL2
6ecf36df2edda8e1,2011,12,Thái Bình,Provincial,Cultivation,Đậu tương,,Area_Planted,4390.0,ha,Actual,PL2
4ee57e707171a7c1,2011,12,Thái Bình,Provincial,Cultivation,Lúa,,Area_Planted,1156.0,ha,Actual,PL2
248548635b5e38ff,2011,12,Thái Bình,Provincial,Cultivation,Rau,,Area_Planted,15174.0,ha,Actual,PL2
dba3a343daf2948d,2011,12,Ninh Bình,Provincial,Cultivation,Lúa,,Area_Planted,20058.0,ha,Actual,PL2
8348010a41890b93,2011,12,Ninh Bình,Provincial,Cultivation,Ngô,,Area_Planted,2696.0,ha,Actual,PL2
ef449cc5a531dfc7,2011,12,Ninh Bình,Provincial,Cultivation,Khoai lang,,Area_Planted,1571.0,ha,Actual,PL2
dba3a343daf2948d,2011,12,Ninh Bình,Provincial,Cultivation,Lúa,,Area_Planted,1027.0,ha,Actual,PL2
4ffc874f9e3777b0,2011,12,Ninh Bình,Provincial,Cultivation,Đậu tương,,Area_Planted,2938.0,ha,Actual,PL2
ae5bffd832da1e35,2011,12,Ninh Bình,Provincial,Cultivation,Lạc,,Area_Planted,187.0,ha,Actual,PL2
dba3a343daf2948d,2011,12,Ninh Bình,Provincial,Cultivation,Lúa,,Area_Planted,521.0,ha,Actual,PL2
8acce47eccfb3d1d,2011,12,Ninh Bình,Provincial,Cultivation,Rau,,Area_Planted,5559.0,ha,Actual,PL2
6fc4cfd6630cf0e7,2011,12,Quảng Ninh,Provincial,Cultivation,Lúa,,Area_Planted,7777.0,ha,Actual,PL2
e5eb90ed30e30fc5,2011,12,Quảng Ninh,Provincial,Cultivation,Ngô,,Area_Planted,1141.0,ha,Actual,PL2
4f9b03a907538b26,2011,12,Quảng Ninh,Provincial,Cultivation,Khoai lang,,Area_Planted,1239.0,ha,Actual,PL2
6fc4cfd6630cf0e7,2011,12,Quảng Ninh,Provincial,Cultivation,Lúa,,Area_Planted,297.0,ha,Actual,PL2
5bfa8dca2b2c99fd,2011,12,Quảng Ninh,Provincial,Cultivation,Đậu tương,,Area_Planted,23.0,ha,Actual,PL2
d7b3c6fd592083df,2011,12,Quảng Ninh,Provincial,Cultivation,Lạc,,Area_Planted,16.0,ha,Actual,PL2
6fc4cfd6630cf0e7,2011,12,Quảng Ninh,Provincial,Cultivation,Lúa,,Area_Planted,202.0,ha,Actual,PL2
0a4376f51f5b89ce,2011,12,Quảng Ninh,Provincial,Cultivation,Rau,,Area_Planted,2430.0,ha,Actual,PL2
5083c4fd29bae913,2011,12,TD và MN,Provincial,Cultivation,Lúa,,Area_Planted,119873.0,ha,Actual,PL2
74b7cb388807fe12,2011,12,TD và MN,Provincial,Cultivation,Ngô,,Area_Planted,31177.0,ha,Actual,PL2
bc9344722ea57934,2011,12,TD và MN,Provincial,Cultivation,Khoai lang,,Area_Planted,15601.0,ha,Actual,PL2
5083c4fd29bae913,2011,12,TD và MN,Provincial,Cultivation,Lúa,,Area_Planted,3595.0,ha,Actual,PL2
66ba1fcd50602344,2011,12,TD và MN,Provincial,Cultivation,Đậu tương,,Area_Planted,1098.0,ha,Actual,PL2
4b85aaef539f1a4a,2011,12,TD và MN,Provincial,Cultivation,Lạc,,Area_Planted,1130.0,ha,Actual,PL2
5083c4fd29bae913,2011,12,TD và MN,Provincial,Cultivation,Lúa,,Area_Planted,996.0,ha,Actual,PL2
8a8c216863c93e73,2011,12,TD và MN,Provincial,Cultivation,Rau,,Area_Planted,33138.0,ha,Actual,PL2
23a6540ea92af791,2011,12,Hà Giang,Provincial,Cultivation,Lúa,,Area_Planted,5576.0,ha,Actual,PL2
110ee4120c8747f1,2011,12,Hà Giang,Provincial,Cultivation,Ngô,,Area_Planted,731.0,ha,Actual,PL2
ed29d4ddff492d96,2011,12,Hà Giang,Provincial,Cultivation,Khoai lang,,Area_Planted,317.0,ha,Actual,PL2
23a6540ea92af791,2011,12,Hà Giang,Provincial,Cultivation,Lúa,,Area_Planted,98.0,ha,Actual,PL2
d7f4ed41f334d62c,2011,12,Hà Giang,Provincial,Cultivation,Rau,,Area_Planted,2215.0,ha,Actual,PL2
378d5db2ced188bd,2011,12,Cao Bằng,Provincial,Cultivation,Lúa,,Area_Planted,776.0,ha,Actual,PL2
a1cda84e336cecb0,2011,12,Cao Bằng,Provincial,Cultivation,Khoai lang,,Area_Planted,776.0,ha,Actual,PL2
0112e63012382bac,2011,12,Lào Cai,Provincial,Cultivation,Lúa,,Area_Planted,3625.0,ha,Actual,PL2
a9ee5561c00ef2f2,2011,12,Lào Cai,Provincial,Cultivation,Ngô,,Area_Planted,210.0,ha,Actual,PL2
b94e5230c4488502,2011,12,Lào Cai,Provincial,Cultivation,Khoai lang,,Area_Planted,11527.0,ha,Actual,PL2
0112e63012382bac,2011,12,Lào Cai,Provincial,Cultivation,Lúa,,Area_Planted,300.0,ha,Actual,PL2
d77090cdb5a44b60,2011,12,Lào Cai,Provincial,Cultivation,Rau,,Area_Planted,1500.0,ha,Actual,PL2
7ed72a8f5bbd1289,2011,12,Bắc Cạn,Provincial,Cultivation,Lúa,,Area_Planted,854.0,ha,Actual,PL2
16b6902395615651,2011,12,Bắc Cạn,Provincial,Cultivation,Ngô,,Area_Planted,123.0,ha,Actual,PL2
c0f5f0d95351a9aa,2011,12,Bắc Cạn,Provincial,Cultivation,Khoai lang,,Area_Planted,123.0,ha,Actual,PL2
7ed72a8f5bbd1289,2011,12,Bắc Cạn,Provincial,Cultivation,Lúa,,Area_Planted,50.0,ha,Actual,PL2
9da1cae80f2b4dd9,2011,12,Bắc Cạn,Provincial,Cultivation,Rau,,Area_Planted,327.0,ha,Actual,PL2
f2d343984b749b8b,2011,12,Lạng Sơn,Provincial,Cultivation,Lúa,,Area_Planted,5137.0,ha,Actual,PL2
eca613ee75ed75aa,2011,12,Lạng Sơn,Provincial,Cultivation,Ngô,,Area_Planted,335.0,ha,Actual,PL2
f2d343984b749b8b,2011,12,Lạng Sơn,Provincial,Cultivation,Lúa,,Area_Planted,570.0,ha,Actual,PL2
f2d343984b749b8b,2011,12,Lạng Sơn,Provincial,Cultivation,Lúa,,Area_Planted,572.0,ha,Actual,PL2
f250e8e74828e9e6,2011,12,Lạng Sơn,Provincial,Cultivation,Rau,,Area_Planted,1830.0,ha,Actual,PL2
fa5cf352d11b8507,2011,12,Tuyên Quang,Provincial,Cultivation,Lúa,,Area_Planted,13341.0,ha,Actual,PL2
a37471aaf4b87410,2011,12,Tuyên Quang,Provincial,Cultivation,Ngô,,Area_Planted,5006.0,ha,Actual,PL2
5f6055526c71c3b5,2011,12,Tuyên Quang,Provincial,Cultivation,Khoai lang,,Area_Planted,2247.0,ha,Actual,PL2
fa5cf352d11b8507,2011,12,Tuyên Quang,Provincial,Cultivation,Lúa,,Area_Planted,61.0,ha,Actual,PL2
668309bc0941e5e1,2011,12,Tuyên Quang,Provincial,Cultivation,Đậu tương,,Area_Planted,268.0,ha,Actual,PL2
d37f99f26805050d,2011,12,Tuyên Quang,Provincial,Cultivation,Lạc,,Area_Planted,3.0,ha,Actual,PL2
362c2146bab97f26,2011,12,Tuyên Quang,Provincial,Cultivation,Rau,,Area_Planted,2878.0,ha,Actual,PL2
3c0e6980b3e7012c,2011,12,Yên Bái,Provincial,Cultivation,Lúa,,Area_Planted,12566.0,ha,Actual,PL2
77a78c942ca78db3,2011,12,Yên Bái,Provincial,Cultivation,Ngô,,Area_Planted,4800.0,ha,Actual,PL2
218bee8d0e63f912,2011,12,Yên Bái,Provincial,Cultivation,Khoai lang,,Area_Planted,1496.0,ha,Actual,PL2
3c0e6980b3e7012c,2011,12,Yên Bái,Provincial,Cultivation,Lúa,,Area_Planted,40.0,ha,Actual,PL2
ca2dc80afe442a0b,2011,12,Yên Bái,Provincial,Cultivation,Rau,,Area_Planted,3115.0,ha,Actual,PL2
713a8bf4d92457c0,2011,12,Thái Nguyên,Provincial,Cultivation,Lúa,,Area_Planted,18822.0,ha,Actual,PL2
37c9ac5d5fa804ed,2011,12,Thái Nguyên,Provincial,Cultivation,Ngô,,Area_Planted,5300.0,ha,Actual,PL2
933e38bea68653e4,2011,12,Thái Nguyên,Provincial,Cultivation,Khoai lang,,Area_Planted,3500.0,ha,Actual,PL2
cb629a47398226dc,2011,12,Thái Nguyên,Provincial,Cultivation,Đậu tương,,Area_Planted,80.0,ha,Actual,PL2
96ae69677901878c,2011,12,Thái Nguyên,Provincial,Cultivation,Lạc,,Area_Planted,22.0,ha,Actual,PL2
29dc08e502c35802,2011,12,Thái Nguyên,Provincial,Cultivation,Rau,,Area_Planted,4960.0,ha,Actual,PL2
bb1e11717344061e,2011,12,Phú Thọ,Provincial,Cultivation,Lúa,,Area_Planted,17913.0,ha,Actual,PL2
ca09646408925824,2011,12,Phú Thọ,Provincial,Cultivation,Ngô,,Area_Planted,8580.0,ha,Actual,PL2
b9ca2c4ce85753db,2011,12,Phú Thọ,Provincial,Cultivation,Khoai lang,,Area_Planted,1319.0,ha,Actual,PL2
9265dbbecd4a560f,2011,12,Phú Thọ,Provincial,Cultivation,Đậu tương,,Area_Planted,300.0,ha,Actual,PL2
9f0f2818bd9fa0b3,2011,12,Phú Thọ,Provincial,Cultivation,Lạc,,Area_Planted,82.0,ha,Actual,PL2
77ba2e6de34e3329,2011,12,Phú Thọ,Provincial,Cultivation,Rau,,Area_Planted,3816.0,ha,Actual,PL2
12e8a6c03be8e35d,2011,12,Bắc Giang,Provincial,Cultivation,Lúa,,Area_Planted,25508.0,ha,Actual,PL2
1bd67add51655ab7,2011,12,Bắc Giang,Provincial,Cultivation,Ngô,,Area_Planted,4071.0,ha,Actual,PL2
7345a10ca7f29f46,2011,12,Bắc Giang,Provincial,Cultivation,Khoai lang,,Area_Planted,3880.0,ha,Actual,PL2
12e8a6c03be8e35d,2011,12,Bắc Giang,Provincial,Cultivation,Lúa,,Area_Planted,2417.0,ha,Actual,PL2
f5207cfe22b54ee5,2011,12,Bắc Giang,Provincial,Cultivation,Lạc,,Area_Planted,1023.0,ha,Actual,PL2
12e8a6c03be8e35d,2011,12,Bắc Giang,Provincial,Cultivation,Lúa,,Area_Planted,191.0,ha,Actual,PL2
85c4d76820b8f5ff,2011,12,Bắc Giang,Provincial,Cultivation,Rau,,Area_Planted,6963.0,ha,Actual,PL2
0a76987eb33a0739,2011,12,Lai Châu,Provincial,Cultivation,Lúa,,Area_Planted,1658.0,ha,Actual,PL2
b6fd636748185c72,2011,12,Lai Châu,Provincial,Cultivation,Ngô,,Area_Planted,100.0,ha,Actual,PL2
013a993e21a55de1,2011,12,Lai Châu,Provincial,Cultivation,Rau,,Area_Planted,779.0,ha,Actual,PL2
bed9705dd8c6df02,2011,12,Điện Biên,Provincial,Cultivation,Lúa,,Area_Planted,861.0,ha,Actual,PL2
eb64d294a69b8401,2011,12,Điện Biên,Provincial,Cultivation,Ngô,,Area_Planted,94.0,ha,Actual,PL2
d5f590247dbdbfc7,2011,12,Điện Biên,Provincial,Cultivation,Khoai lang,,Area_Planted,46.0,ha,Actual,PL2
bed9705dd8c6df02,2011,12,Điện Biên,Provincial,Cultivation,Lúa,,Area_Planted,1544.0,ha,Actual,PL2
77483e16f3074ca5,2011,12,Điện Biên,Provincial,Cultivation,Rau,,Area_Planted,353.0,ha,Actual,PL2
c04e69703ea39d27,2011,12,Sơn La,Provincial,Cultivation,Lúa,,Area_Planted,3579.0,ha,Actual,PL2
4806d3b9fe57c867,2011,12,Sơn La,Provincial,Cultivation,Ngô,,Area_Planted,200.0,ha,Actual,PL2
c04e69703ea39d27,2011,12,Sơn La,Provincial,Cultivation,Lúa,,Area_Planted,233.0,ha,Actual,PL2
9363585214993dca,2011,12,Sơn La,Provincial,Cultivation,Rau,,Area_Planted,1551.0,ha,Actual,PL2
a5f6ef752eefcdb6,2011,12,Hoà Bình,Provincial,Cultivation,Lúa,,Area_Planted,9657.0,ha,Actual,PL2
62a2c90a1fff626f,2011,12,Hoà Bình,Provincial,Cultivation,Ngô,,Area_Planted,1627.0,ha,Actual,PL2
8d2c7175c693c76d,2011,12,Hoà Bình,Provincial,Cultivation,Khoai lang,,Area_Planted,1878.0,ha,Actual,PL2
a5f6ef752eefcdb6,2011,12,Hoà Bình,Provincial,Cultivation,Lúa,,Area_Planted,1878.0,ha,Actual,PL2
0b0d81b206c67f82,2011,12,Hoà Bình,Provincial,Cultivation,Đậu tương,,Area_Planted,450.0,ha,Actual,PL2
55b1862d66d4e224,2011,12,Hoà Bình,Provincial,Cultivation,Rau,,Area_Planted,2851.0,ha,Actual,PL2
364741896288d8cc,2011,12,Bắc Trung Bộ,Provincial,Cultivation,Lúa,,Area_Planted,120675.0,ha,Actual,PL2
0c2bdf9e0fb3fa55,2011,12,Bắc Trung Bộ,Provincial,Cultivation,Ngô,,Area_Planted,38903.0,ha,Actual,PL2
e0f1155f35a63cd6,2011,12,Bắc Trung Bộ,Provincial,Cultivation,Khoai lang,,Area_Planted,12615.0,ha,Actual,PL2
364741896288d8cc,2011,12,Bắc Trung Bộ,Provincial,Cultivation,Lúa,,Area_Planted,0.0,ha,Actual,PL2
433431bb38f2a80f,2011,12,Bắc Trung Bộ,Provincial,Cultivation,Đậu tương,,Area_Planted,14758.0,ha,Actual,PL2
ea9b3754cdaafac6,2011,12,Bắc Trung Bộ,Provincial,Cultivation,Lạc,,Area_Planted,2747.0,ha,Actual,PL2
364741896288d8cc,2011,12,Bắc Trung Bộ,Provincial,Cultivation,Lúa,,Area_Planted,0.0,ha,Actual,PL2
351ebcaa04c94d9f,2011,12,Bắc Trung Bộ,Provincial,Cultivation,Rau,,Area_Planted,25826.0,ha,Actual,PL2
f6ae67e70ddcffa7,2011,12,Thanh Hoá,Provincial,Cultivation,Lúa,,Area_Planted,61098.0,ha,Actual,PL2
7b722e31ad898e5a,2011,12,Thanh Hoá,Provincial,Cultivation,Ngô,,Area_Planted,15053.0,ha,Actual,PL2
cab9d0bfb71ecdfa,2011,12,Thanh Hoá,Provincial,Cultivation,Khoai lang,,Area_Planted,5615.0,ha,Actual,PL2
5b4124eea5df1992,2011,12,Thanh Hoá,Provincial,Cultivation,Đậu tương,,Area_Planted,6641.0,ha,Actual,PL2
4d3cbde71f0bcd65,2011,12,Thanh Hoá,Provincial,Cultivation,Lạc,,Area_Planted,1297.0,ha,Actual,PL2
cd08e3ac0898687b,2011,12,Thanh Hoá,Provincial,Cultivation,Rau,,Area_Planted,16246.0,ha,Actual,PL2
6781713493c37551,2011,12,Nghệ An,Provincial,Cultivation,Lúa,,Area_Planted,42450.0,ha,Actual,PL2
c3ad1f6309514265,2011,12,Nghệ An,Provincial,Cultivation,Ngô,,Area_Planted,22000.0,ha,Actual,PL2
f81687e9136afb0f,2011,12,Nghệ An,Provincial,Cultivation,Khoai lang,,Area_Planted,5000.0,ha,Actual,PL2
83fc8db7012b9563,2011,12,Nghệ An,Provincial,Cultivation,Lạc,,Area_Planted,1450.0,ha,Actual,PL2
869a49c2c280c035,2011,12,Nghệ An,Provincial,Cultivation,Rau,,Area_Planted,7000.0,ha,Actual,PL2
bc92985b8870ab04,2011,12,Hà Tĩnh,Provincial,Cultivation,Lúa,,Area_Planted,600.0,ha,Actual,PL2
1c2ef10d796aecba,2011,12,Hà Tĩnh,Provincial,Cultivation,Rau,,Area_Planted,300.0,ha,Actual,PL2
b74fc78559cb8c25,2011,12,Quảng Bình,Provincial,Cultivation,Lúa,,Area_Planted,890.0,ha,Actual,PL2
6a65e5b1fcc3d296,2011,12,Quảng Bình,Provincial,Cultivation,Ngô,,Area_Planted,350.0,ha,Actual,PL2
8a65acdc9418cb82,2011,12,Quảng Bình,Provincial,Cultivation,Rau,,Area_Planted,270.0,ha,Actual,PL2
c33353757dc0c44e,2011,12,Quảng Trị,Provincial,Cultivation,Lúa,,Area_Planted,15217.0,ha,Actual,PL2
66480c65c17856d2,2011,12,Quảng Trị,Provincial,Cultivation,Ngô,,Area_Planted,1500.0,ha,Actual,PL2
4a0aae3fe761f5e0,2011,12,Quảng Trị,Provincial,Cultivation,Khoai lang,,Area_Planted,2000.0,ha,Actual,PL2
bd9dd74caa0a0877,2011,12,Quảng Trị,Provincial,Cultivation,Đậu tương,,Area_Planted,8117.0,ha,Actual,PL2
a296af2216cb575e,2011,12,Quảng Trị,Provincial,Cultivation,Rau,,Area_Planted,1800.0,ha,Actual,PL2
c56587553e682e92,2011,12,Thừa Thiên Huế,Provincial,Cultivation,Lúa,,Area_Planted,420.0,ha,Actual,PL2
e35b6a9723084646,2011,12,Thừa Thiên Huế,Provincial,Cultivation,Rau,,Area_Planted,210.0,ha,Actual,PL2
de83cdf6ebb6b9ff,2011,12,Miền Nam,Provincial,Cultivation,Lúa,,Area_Harvested,499410.0,ha,Actual,PL3
21b4bb40b237def3,2011,12,Miền Nam,Provincial,Cultivation,Lúa,,Harvest_percent,649.0,percent,Actual,PL3
21b4bb40b237def3,2011,12,Miền Nam,Provincial,Cultivation,Lúa,,Harvest_percent,1003211.0,percent,Actual,PL3
4883ddb5f376623e,2011,12,Miền Nam,Provincial,Cultivation,Lúa,,Area_Planted,865552.0,ha,Actual,PL3
00b8befe5cd7b992,2011,12,Miền Nam,Provincial,Cultivation,Ngô,,Area_Planted,448871.0,ha,Actual,PL3
4883ddb5f376623e,2011,12,Miền Nam,Provincial,Cultivation,Lúa,,Area_Planted,41488.0,ha,Actual,PL3
c5d39964c2f6f2ea,2011,12,Miền Nam,Provincial,Cultivation,Sắn,,Area_Planted,352227.0,ha,Actual,PL3
c5d39964c2f6f2ea,2011,12,Miền Nam,Provincial,Cultivation,Sắn,,Area_Planted,17905.0,ha,Actual,PL3
573514ae10d3cd72,2011,12,D.H Nam Trung Bộ,Provincial,Cultivation,Lúa,,Area_Harvested,137148.0,ha,Actual,PL3
abde4207c210ce9c,2011,12,D.H Nam Trung Bộ,Provincial,Cultivation,Lúa,,Harvest_percent,1000.0,percent,Actual,PL3
abde4207c210ce9c,2011,12,D.H Nam Trung Bộ,Provincial,Cultivation,Lúa,,Harvest_percent,70274.0,percent,Actual,PL3
06cf0d989bbf2682,2011,12,D.H Nam Trung Bộ,Provincial,Cultivation,Lúa,,Area_Planted,181393.0,ha,Actual,PL3
6b5ec7109c8243ee,2011,12,D.H Nam Trung Bộ,Provincial,Cultivation,Ngô,,Area_Planted,77333.0,ha,Actual,PL3
06cf0d989bbf2682,2011,12,D.H Nam Trung Bộ,Provincial,Cultivation,Lúa,,Area_Planted,8213.0,ha,Actual,PL3
2216700b580ae476,2011,12,D.H Nam Trung Bộ,Provincial,Cultivation,Sắn,,Area_Planted,94451.0,ha,Actual,PL3
2216700b580ae476,2011,12,D.H Nam Trung Bộ,Provincial,Cultivation,Sắn,,Area_Planted,1396.0,ha,Actual,PL3
10e07bcd9fcc4bfb,2011,12,TP Đà Nẵng,Provincial,Cultivation,Lúa,,Area_Harvested,3005.0,ha,Actual,PL3
ba2c6a6a48cf8a43,2011,12,TP Đà Nẵng,Provincial,Cultivation,Lúa,,Harvest_percent,1000.0,percent,Actual,PL3
ba2c6a6a48cf8a43,2011,12,TP Đà Nẵng,Provincial,Cultivation,Lúa,,Harvest_percent,123.0,percent,Actual,PL3
3b46f3ec754e0068,2011,12,TP Đà Nẵng,Provincial,Cultivation,Lúa,,Area_Planted,1396.0,ha,Actual,PL3
c2f8489d4b526a9f,2011,12,TP Đà Nẵng,Provincial,Cultivation,Ngô,,Area_Planted,635.0,ha,Actual,PL3
3b46f3ec754e0068,2011,12,TP Đà Nẵng,Provincial,Cultivation,Lúa,,Area_Planted,460.0,ha,Actual,PL3
29864610fe9dc3af,2011,12,TP Đà Nẵng,Provincial,Cultivation,Sắn,,Area_Planted,301.0,ha,Actual,PL3
099e9ad98dd27bda,2011,12,Quảng Nam,Provincial,Cultivation,Lúa,,Area_Harvested,44764.0,ha,Actual,PL3
887e2f34822875b9,2011,12,Quảng Nam,Provincial,Cultivation,Lúa,,Harvest_percent,1000.0,percent,Actual,PL3
887e2f34822875b9,2011,12,Quảng Nam,Provincial,Cultivation,Lúa,,Harvest_percent,3500.0,percent,Actual,PL3
10514f4f294aac73,2011,12,Quảng Nam,Provincial,Cultivation,Lúa,,Area_Planted,33897.0,ha,Actual,PL3
effd522732f74785,2011,12,Quảng Nam,Provincial,Cultivation,Ngô,,Area_Planted,13008.0,ha,Actual,PL3
10514f4f294aac73,2011,12,Quảng Nam,Provincial,Cultivation,Lúa,,Area_Planted,5600.0,ha,Actual,PL3
3bb4e62ee5f60b90,2011,12,Quảng Nam,Provincial,Cultivation,Sắn,,Area_Planted,15089.0,ha,Actual,PL3
3bb4e62ee5f60b90,2011,12,Quảng Nam,Provincial,Cultivation,Sắn,,Area_Planted,200.0,ha,Actual,PL3
f240595aad5a720e,2011,12,Quảng Ngãi,Provincial,Cultivation,Lúa,,Area_Harvested,3571.0,ha,Actual,PL3
062746b2c687535d,2011,12,Quảng Ngãi,Provincial,Cultivation,Lúa,,Harvest_percent,1000.0,percent,Actual,PL3
062746b2c687535d,2011,12,Quảng Ngãi,Provincial,Cultivation,Lúa,,Harvest_percent,5122.0,percent,Actual,PL3
8552df662049f26c,2011,12,Quảng Ngãi,Provincial,Cultivation,Lúa,,Area_Planted,30703.0,ha,Actual,PL3
33d9c3b75cd51949,2011,12,Quảng Ngãi,Provincial,Cultivation,Ngô,,Area_Planted,10253.0,ha,Actual,PL3
8552df662049f26c,2011,12,Quảng Ngãi,Provincial,Cultivation,Lúa,,Area_Planted,422.0,ha,Actual,PL3
f9b7e1a169eef4ae,2011,12,Quảng Ngãi,Provincial,Cultivation,Sắn,,Area_Planted,20028.0,ha,Actual,PL3
d69b1a357b45a486,2011,12,Bình Định,Provincial,Cultivation,Lúa,,Area_Harvested,22541.0,ha,Actual,PL3
38a1a47c8bca9ab9,2011,12,Bình Định,Provincial,Cultivation,Lúa,,Harvest_percent,1000.0,percent,Actual,PL3
38a1a47c8bca9ab9,2011,12,Bình Định,Provincial,Cultivation,Lúa,,Harvest_percent,43309.0,percent,Actual,PL3
20c041db1f775def,2011,12,Bình Định,Provincial,Cultivation,Lúa,,Area_Planted,7611.0,ha,Actual,PL3
8328cb88406a25ad,2011,12,Bình Định,Provincial,Cultivation,Ngô,,Area_Planted,7611.0,ha,Actual,PL3
5ba91008da0e2c6c,2011,12,Phú Yên,Provincial,Cultivation,Lúa,,Area_Harvested,6417.0,ha,Actual,PL3
0c12430700f10f6a,2011,12,Phú Yên,Provincial,Cultivation,Lúa,,Harvest_percent,1000.0,percent,Actual,PL3
0c12430700f10f6a,2011,12,Phú Yên,Provincial,Cultivation,Lúa,,Harvest_percent,6500.0,percent,Actual,PL3
70790f1716a931e7,2011,12,Phú Yên,Provincial,Cultivation,Lúa,,Area_Planted,25188.0,ha,Actual,PL3
76fc37b0363606dc,2011,12,Phú Yên,Provincial,Cultivation,Ngô,,Area_Planted,6648.0,ha,Actual,PL3
70790f1716a931e7,2011,12,Phú Yên,Provincial,Cultivation,Lúa,,Area_Planted,300.0,ha,Actual,PL3
48c8909fe39047c0,2011,12,Phú Yên,Provincial,Cultivation,Sắn,,Area_Planted,17856.0,ha,Actual,PL3
48c8909fe39047c0,2011,12,Phú Yên,Provincial,Cultivation,Sắn,,Area_Planted,384.0,ha,Actual,PL3
7840d7d0b438b774,2011,12,Khánh Hoà,Provincial,Cultivation,Lúa,,Area_Harvested,6695.0,ha,Actual,PL3
de66513dce13c465,2011,12,Khánh Hoà,Provincial,Cultivation,Lúa,,Harvest_percent,1000.0,percent,Actual,PL3
4cf096037698e2f3,2011,12,Khánh Hoà,Provincial,Cultivation,Lúa,,Area_Planted,13092.0,ha,Actual,PL3
d3d370d3036dc8a1,2011,12,Khánh Hoà,Provincial,Cultivation,Ngô,,Area_Planted,6118.0,ha,Actual,PL3
4cf096037698e2f3,2011,12,Khánh Hoà,Provincial,Cultivation,Lúa,,Area_Planted,224.0,ha,Actual,PL3
d303092c1e7aaa67,2011,12,Khánh Hoà,Provincial,Cultivation,Sắn,,Area_Planted,6556.0,ha,Actual,PL3
d303092c1e7aaa67,2011,12,Khánh Hoà,Provincial,Cultivation,Sắn,,Area_Planted,194.0,ha,Actual,PL3
fcbea129fa94f7bb,2011,12,Ninh Thuận,Provincial,Cultivation,Lúa,,Area_Harvested,10246.0,ha,Actual,PL3
5fdcdb6c6efee070,2011,12,Ninh Thuận,Provincial,Cultivation,Lúa,,Harvest_percent,1000.0,percent,Actual,PL3
5fdcdb6c6efee070,2011,12,Ninh Thuận,Provincial,Cultivation,Lúa,,Harvest_percent,1400.0,percent,Actual,PL3
8121ec1840f231c3,2011,12,Ninh Thuận,Provincial,Cultivation,Lúa,,Area_Planted,19070.0,ha,Actual,PL3
a29606f8d24f04df,2011,12,Ninh Thuận,Provincial,Cultivation,Ngô,,Area_Planted,15804.0,ha,Actual,PL3
8121ec1840f231c3,2011,12,Ninh Thuận,Provincial,Cultivation,Lúa,,Area_Planted,179.0,ha,Actual,PL3
a75c8496f05eb514,2011,12,Ninh Thuận,Provincial,Cultivation,Sắn,,Area_Planted,3061.0,ha,Actual,PL3
a75c8496f05eb514,2011,12,Ninh Thuận,Provincial,Cultivation,Sắn,,Area_Planted,26.0,ha,Actual,PL3
e93ab6d8f226a04d,2011,12,Bình Thuận,Provincial,Cultivation,Lúa,,Area_Harvested,39909.0,ha,Actual,PL3
1748201e64cf8943,2011,12,Bình Thuận,Provincial,Cultivation,Lúa,,Harvest_percent,1000.0,percent,Actual,PL3
1748201e64cf8943,2011,12,Bình Thuận,Provincial,Cultivation,Lúa,,Harvest_percent,10321.0,percent,Actual,PL3
f4e8294626196d5a,2011,12,Bình Thuận,Provincial,Cultivation,Lúa,,Area_Planted,50436.0,ha,Actual,PL3
0fecf75c1f8d245f,2011,12,Bình Thuận,Provincial,Cultivation,Ngô,,Area_Planted,17256.0,ha,Actual,PL3
f4e8294626196d5a,2011,12,Bình Thuận,Provincial,Cultivation,Lúa,,Area_Planted,1028.0,ha,Actual,PL3
1d1325f14bd464c0,2011,12,Bình Thuận,Provincial,Cultivation,Sắn,,Area_Planted,31560.0,ha,Actual,PL3
1d1325f14bd464c0,2011,12,Bình Thuận,Provincial,Cultivation,Sắn,,Area_Planted,592.0,ha,Actual,PL3
e255eb49f3d196be,2011,12,Tây Nguyên,Provincial,Cultivation,Lúa,,Area_Harvested,115666.0,ha,Actual,PL3
6f16a98af477eb78,2011,12,Tây Nguyên,Provincial,Cultivation,Lúa,,Harvest_percent,902.0,percent,Actual,PL3
6f16a98af477eb78,2011,12,Tây Nguyên,Provincial,Cultivation,Lúa,,Harvest_percent,17975.0,percent,Actual,PL3
66144a19679d62c6,2011,12,Tây Nguyên,Provincial,Cultivation,Lúa,,Area_Planted,424127.0,ha,Actual,PL3
b8f3f584689de3b5,2011,12,Tây Nguyên,Provincial,Cultivation,Ngô,,Area_Planted,253651.0,ha,Actual,PL3
66144a19679d62c6,2011,12,Tây Nguyên,Provincial,Cultivation,Lúa,,Area_Planted,15035.0,ha,Actual,PL3
b9ac611e1bb6dd6d,2011,12,Tây Nguyên,Provincial,Cultivation,Sắn,,Area_Planted,154969.0,ha,Actual,PL3
b9ac611e1bb6dd6d,2011,12,Tây Nguyên,Provincial,Cultivation,Sắn,,Area_Planted,472.0,ha,Actual,PL3
530b3c8ba76a2c41,2011,12,Kon Tum,Provincial,Cultivation,Lúa,,Area_Harvested,11799.0,ha,Actual,PL3
8da28204f95912a4,2011,12,Kon Tum,Provincial,Cultivation,Lúa,,Harvest_percent,742.0,percent,Actual,PL3
32e43d62dfbff454,2011,12,Kon Tum,Provincial,Cultivation,Lúa,,Area_Planted,47375.0,ha,Actual,PL3
f730d9303baf3db2,2011,12,Kon Tum,Provincial,Cultivation,Ngô,,Area_Planted,7494.0,ha,Actual,PL3
32e43d62dfbff454,2011,12,Kon Tum,Provincial,Cultivation,Lúa,,Area_Planted,156.0,ha,Actual,PL3
308413120bfcf307,2011,12,Kon Tum,Provincial,Cultivation,Sắn,,Area_Planted,39725.0,ha,Actual,PL3
28f7cf9d5f2d940b,2011,12,Gia Lai,Provincial,Cultivation,Lúa,,Area_Harvested,40000.0,ha,Actual,PL3
479867d715fff43f,2011,12,Gia Lai,Provincial,Cultivation,Lúa,,Harvest_percent,868.0,percent,Actual,PL3
479867d715fff43f,2011,12,Gia Lai,Provincial,Cultivation,Lúa,,Harvest_percent,7657.0,percent,Actual,PL3
880779141d85a61b,2011,12,Gia Lai,Provincial,Cultivation,Lúa,,Area_Planted,110861.0,ha,Actual,PL3
b273f4ffdfe58e1f,2011,12,Gia Lai,Provincial,Cultivation,Ngô,,Area_Planted,51159.0,ha,Actual,PL3
880779141d85a61b,2011,12,Gia Lai,Provincial,Cultivation,Lúa,,Area_Planted,1425.0,ha,Actual,PL3
e34f52efb4b50eab,2011,12,Gia Lai,Provincial,Cultivation,Sắn,,Area_Planted,58147.0,ha,Actual,PL3
e34f52efb4b50eab,2011,12,Gia Lai,Provincial,Cultivation,Sắn,,Area_Planted,130.0,ha,Actual,PL3
fe035e1a5585d623,2011,12,Đắc Lắc,Provincial,Cultivation,Lúa,,Area_Harvested,46664.0,ha,Actual,PL3
6588d563fbc55498,2011,12,Đắc Lắc,Provincial,Cultivation,Lúa,,Harvest_percent,950.0,percent,Actual,PL3
6588d563fbc55498,2011,12,Đắc Lắc,Provincial,Cultivation,Lúa,,Harvest_percent,10198.0,percent,Actual,PL3
4af051d28cb3695e,2011,12,Đắc Lắc,Provincial,Cultivation,Lúa,,Area_Planted,150861.0,ha,Actual,PL3
992608d3864212cf,2011,12,Đắc Lắc,Provincial,Cultivation,Ngô,,Area_Planted,115659.0,ha,Actual,PL3
4af051d28cb3695e,2011,12,Đắc Lắc,Provincial,Cultivation,Lúa,,Area_Planted,3217.0,ha,Actual,PL3
8bec0c0e9d3d4ff8,2011,12,Đắc Lắc,Provincial,Cultivation,Sắn,,Area_Planted,31643.0,ha,Actual,PL3
8bec0c0e9d3d4ff8,2011,12,Đắc Lắc,Provincial,Cultivation,Sắn,,Area_Planted,342.0,ha,Actual,PL3
318a1d153db2ea4a,2011,12,Đắc Nông,Provincial,Cultivation,Lúa,,Harvest_percent,120.0,percent,Actual,PL3
94a083751d383a0a,2011,12,Đắc Nông,Provincial,Cultivation,Lúa,,Area_Planted,90530.0,ha,Actual,PL3
ad462548b2d7c562,2011,12,Đắc Nông,Provincial,Cultivation,Ngô,,Area_Planted,61688.0,ha,Actual,PL3
94a083751d383a0a,2011,12,Đắc Nông,Provincial,Cultivation,Lúa,,Area_Planted,7535.0,ha,Actual,PL3
33c87d03b9572eec,2011,12,Đắc Nông,Provincial,Cultivation,Sắn,,Area_Planted,21307.0,ha,Actual,PL3
104fac84e4906e80,2011,12,Lâm Đồng,Provincial,Cultivation,Lúa,,Area_Harvested,17203.0,ha,Actual,PL3
cab74adeab8b31b5,2011,12,Lâm Đồng,Provincial,Cultivation,Lúa,,Harvest_percent,1000.0,percent,Actual,PL3
689661a674631b8f,2011,12,Lâm Đồng,Provincial,Cultivation,Lúa,,Area_Planted,24500.0,ha,Actual,PL3
be1c712e73dd95ed,2011,12,Lâm Đồng,Provincial,Cultivation,Ngô,,Area_Planted,17651.0,ha,Actual,PL3
689661a674631b8f,2011,12,Lâm Đồng,Provincial,Cultivation,Lúa,,Area_Planted,2702.0,ha,Actual,PL3
d77c03905bc91db5,2011,12,Lâm Đồng,Provincial,Cultivation,Sắn,,Area_Planted,4147.0,ha,Actual,PL3
db3d08933e8ff5c3,2011,12,Đông Nam Bộ,Provincial,Cultivation,Lúa,,Area_Harvested,112378.0,ha,Actual,PL3
a8844f18075248cb,2011,12,Đông Nam Bộ,Provincial,Cultivation,Lúa,,Harvest_percent,731.0,percent,Actual,PL3
a8844f18075248cb,2011,12,Đông Nam Bộ,Provincial,Cultivation,Lúa,,Harvest_percent,9444.0,percent,Actual,PL3
6642b6220efb74ce,2011,12,Đông Nam Bộ,Provincial,Cultivation,Lúa,,Area_Planted,178900.0,ha,Actual,PL3
8356e6c3f4a313d3,2011,12,Đông Nam Bộ,Provincial,Cultivation,Ngô,,Area_Planted,76807.0,ha,Actual,PL3
6642b6220efb74ce,2011,12,Đông Nam Bộ,Provincial,Cultivation,Lúa,,Area_Planted,15425.0,ha,Actual,PL3
d9c9bd8d133cbf32,2011,12,Đông Nam Bộ,Provincial,Cultivation,Sắn,,Area_Planted,97380.0,ha,Actual,PL3
d9c9bd8d133cbf32,2011,12,Đông Nam Bộ,Provincial,Cultivation,Sắn,,Area_Planted,3170.0,ha,Actual,PL3
c78a3891b2c2caac,2011,12,Bình Phước,Provincial,Cultivation,Lúa,,Area_Planted,679.0,ha,Actual,PL3
d7a181f7c5d0ab65,2011,12,Tây Ninh,Provincial,Cultivation,Lúa,,Area_Harvested,43738.0,ha,Actual,PL3
1a3b925383074e3a,2011,12,Tây Ninh,Provincial,Cultivation,Lúa,,Harvest_percent,785.0,percent,Actual,PL3
1a3b925383074e3a,2011,12,Tây Ninh,Provincial,Cultivation,Lúa,,Harvest_percent,3483.0,percent,Actual,PL3
263f4fc181bdc71f,2011,12,Tây Ninh,Provincial,Cultivation,Lúa,,Area_Planted,50974.0,ha,Actual,PL3
eadb14f1302b952c,2011,12,Tây Ninh,Provincial,Cultivation,Ngô,,Area_Planted,4955.0,ha,Actual,PL3
263f4fc181bdc71f,2011,12,Tây Ninh,Provincial,Cultivation,Lúa,,Area_Planted,376.0,ha,Actual,PL3
5c0e4c2def015d74,2011,12,Tây Ninh,Provincial,Cultivation,Sắn,,Area_Planted,44748.0,ha,Actual,PL3
5c0e4c2def015d74,2011,12,Tây Ninh,Provincial,Cultivation,Sắn,,Area_Planted,895.0,ha,Actual,PL3
0ffa636e1edffffb,2011,12,Bình Dương,Provincial,Cultivation,Lúa,,Harvest_percent,1271.0,percent,Actual,PL3
c3dc3073d37bcb5b,2011,12,Bình Dương,Provincial,Cultivation,Lúa,,Area_Planted,7106.0,ha,Actual,PL3
a3b8c5bf1e204bbc,2011,12,Bình Dương,Provincial,Cultivation,Ngô,,Area_Planted,469.0,ha,Actual,PL3
c3dc3073d37bcb5b,2011,12,Bình Dương,Provincial,Cultivation,Lúa,,Area_Planted,50.0,ha,Actual,PL3
3b1fefa2c85e45d4,2011,12,Bình Dương,Provincial,Cultivation,Sắn,,Area_Planted,6409.0,ha,Actual,PL3
3b1fefa2c85e45d4,2011,12,Bình Dương,Provincial,Cultivation,Sắn,,Area_Planted,178.0,ha,Actual,PL3
7db01949f00fcf04,2011,12,Đồng Nai,Provincial,Cultivation,Lúa,,Area_Harvested,40000.0,ha,Actual,PL3
956ec5a45ef18d0c,2011,12,Đồng Nai,Provincial,Cultivation,Lúa,,Harvest_percent,645.0,percent,Actual,PL3
76200b6c05e6134a,2011,12,Đồng Nai,Provincial,Cultivation,Lúa,,Area_Planted,66732.0,ha,Actual,PL3
78432e5e35d15ee3,2011,12,Đồng Nai,Provincial,Cultivation,Ngô,,Area_Planted,49849.0,ha,Actual,PL3
76200b6c05e6134a,2011,12,Đồng Nai,Provincial,Cultivation,Lúa,,Area_Planted,300.0,ha,Actual,PL3
2397db77bea60f77,2011,12,Đồng Nai,Provincial,Cultivation,Sắn,,Area_Planted,15617.0,ha,Actual,PL3
2397db77bea60f77,2011,12,Đồng Nai,Provincial,Cultivation,Sắn,,Area_Planted,966.0,ha,Actual,PL3
2d0dee1bbe0529cd,2011,12,Bà Rịa-V.Tàu,Provincial,Cultivation,Lúa,,Area_Harvested,10939.0,ha,Actual,PL3
666e5707ed72a6a2,2011,12,Bà Rịa-V.Tàu,Provincial,Cultivation,Lúa,,Harvest_percent,1000.0,percent,Actual,PL3
666e5707ed72a6a2,2011,12,Bà Rịa-V.Tàu,Provincial,Cultivation,Lúa,,Harvest_percent,2556.0,percent,Actual,PL3
fb5bc3a97f3492b3,2011,12,Bà Rịa-V.Tàu,Provincial,Cultivation,Lúa,,Area_Planted,25525.0,ha,Actual,PL3
418f16a49b3e5f7c,2011,12,Bà Rịa-V.Tàu,Provincial,Cultivation,Ngô,,Area_Planted,16273.0,ha,Actual,PL3
fb5bc3a97f3492b3,2011,12,Bà Rịa-V.Tàu,Provincial,Cultivation,Lúa,,Area_Planted,138.0,ha,Actual,PL3
5ed5e3204b5eda30,2011,12,Bà Rịa-V.Tàu,Provincial,Cultivation,Sắn,,Area_Planted,9043.0,ha,Actual,PL3
5ed5e3204b5eda30,2011,12,Bà Rịa-V.Tàu,Provincial,Cultivation,Sắn,,Area_Planted,71.0,ha,Actual,PL3
02b0f40078c8f061,2011,12,TP Hồ Chí Minh,Provincial,Cultivation,Lúa,,Area_Harvested,7000.0,ha,Actual,PL3
a86ec10fbab9a160,2011,12,TP Hồ Chí Minh,Provincial,Cultivation,Lúa,,Harvest_percent,688.0,percent,Actual,PL3
bbea00dc26a9e1b1,2011,12,ĐBS Cửu Long,Provincial,Cultivation,Lúa,,Area_Harvested,134219.0,ha,Actual,PL3
924e9b9f8a186122,2011,12,ĐBS Cửu Long,Provincial,Cultivation,Lúa,,Harvest_percent,383.0,percent,Actual,PL3
924e9b9f8a186122,2011,12,ĐBS Cửu Long,Provincial,Cultivation,Lúa,,Harvest_percent,905518.0,percent,Actual,PL3
64d38520ab501b4f,2011,12,ĐBS Cửu Long,Provincial,Cultivation,Lúa,,Area_Planted,81133.0,ha,Actual,PL3
0eec3e96b552103b,2011,12,ĐBS Cửu Long,Provincial,Cultivation,Ngô,,Area_Planted,41080.0,ha,Actual,PL3
64d38520ab501b4f,2011,12,ĐBS Cửu Long,Provincial,Cultivation,Lúa,,Area_Planted,16698.0,ha,Actual,PL3
84312bbe7a1e2924,2011,12,ĐBS Cửu Long,Provincial,Cultivation,Sắn,,Area_Planted,5427.0,ha,Actual,PL3
84312bbe7a1e2924,2011,12,ĐBS Cửu Long,Provincial,Cultivation,Sắn,,Area_Planted,12867.0,ha,Actual,PL3
a3667aa4ee939fa1,2011,12,Long An,Provincial,Cultivation,Lúa,,Harvest_percent,30059.0,percent,Actual,PL3
8c5a8689c77812fd,2011,12,Long An,Provincial,Cultivation,Lúa,,Area_Planted,10230.0,ha,Actual,PL3
243a65f5c46db073,2011,12,Long An,Provincial,Cultivation,Ngô,,Area_Planted,4932.0,ha,Actual,PL3
8c5a8689c77812fd,2011,12,Long An,Provincial,Cultivation,Lúa,,Area_Planted,151.0,ha,Actual,PL3
263dccb515ab4b38,2011,12,Long An,Provincial,Cultivation,Sắn,,Area_Planted,1468.0,ha,Actual,PL3
263dccb515ab4b38,2011,12,Long An,Provincial,Cultivation,Sắn,,Area_Planted,3679.0,ha,Actual,PL3
70f26edcebf5347b,2011,12,Tiền Giang,Provincial,Cultivation,Lúa,,Harvest_percent,74301.0,percent,Actual,PL3
679449711f15e5ea,2011,12,Tiền Giang,Provincial,Cultivation,Lúa,,Area_Planted,6679.0,ha,Actual,PL3
31d9fc9f3918829a,2011,12,Tiền Giang,Provincial,Cultivation,Ngô,,Area_Planted,4979.0,ha,Actual,PL3
679449711f15e5ea,2011,12,Tiền Giang,Provincial,Cultivation,Lúa,,Area_Planted,282.0,ha,Actual,PL3
8145b4588f93e002,2011,12,Tiền Giang,Provincial,Cultivation,Sắn,,Area_Planted,232.0,ha,Actual,PL3
8145b4588f93e002,2011,12,Tiền Giang,Provincial,Cultivation,Sắn,,Area_Planted,1186.0,ha,Actual,PL3
8c79f67326cd6a74,2011,12,Bến Tre,Provincial,Cultivation,Lúa,,Area_Harvested,4016.0,ha,Actual,PL3
7bb8059bb68238ef,2011,12,Bến Tre,Provincial,Cultivation,Lúa,,Harvest_percent,465.0,percent,Actual,PL3
7bb8059bb68238ef,2011,12,Bến Tre,Provincial,Cultivation,Lúa,,Harvest_percent,3556.0,percent,Actual,PL3
b854e6fc8ce52030,2011,12,Bến Tre,Provincial,Cultivation,Lúa,,Area_Planted,1486.0,ha,Actual,PL3
1cc0d3b67cc4ed9e,2011,12,Bến Tre,Provincial,Cultivation,Ngô,,Area_Planted,1050.0,ha,Actual,PL3
b854e6fc8ce52030,2011,12,Bến Tre,Provincial,Cultivation,Lúa,,Area_Planted,204.0,ha,Actual,PL3
56a668119d0fa62d,2011,12,Bến Tre,Provincial,Cultivation,Sắn,,Area_Planted,222.0,ha,Actual,PL3
56a668119d0fa62d,2011,12,Bến Tre,Provincial,Cultivation,Sắn,,Area_Planted,10.0,ha,Actual,PL3
ecb14c252bcd0e07,2011,12,Trà Vinh,Provincial,Cultivation,Lúa,,Area_Harvested,44866.0,ha,Actual,PL3
cb808942fa9c9baa,2011,12,Trà Vinh,Provincial,Cultivation,Lúa,,Harvest_percent,504.0,percent,Actual,PL3
cb808942fa9c9baa,2011,12,Trà Vinh,Provincial,Cultivation,Lúa,,Harvest_percent,35883.0,percent,Actual,PL3
dfb6dd00113f92b0,2011,12,Trà Vinh,Provincial,Cultivation,Lúa,,Area_Planted,9330.0,ha,Actual,PL3
cc0616fc44ffa86d,2011,12,Trà Vinh,Provincial,Cultivation,Ngô,,Area_Planted,5692.0,ha,Actual,PL3
dfb6dd00113f92b0,2011,12,Trà Vinh,Provincial,Cultivation,Lúa,,Area_Planted,1763.0,ha,Actual,PL3
0f8fb74687ef482e,2011,12,Trà Vinh,Provincial,Cultivation,Sắn,,Area_Planted,1182.0,ha,Actual,PL3
0f8fb74687ef482e,2011,12,Trà Vinh,Provincial,Cultivation,Sắn,,Area_Planted,693.0,ha,Actual,PL3
238cbbf97cbaaba6,2011,12,Vĩnh Long,Provincial,Cultivation,Lúa,,Harvest_percent,63572.0,percent,Actual,PL3
aedda94d9d87c1fb,2011,12,Vĩnh Long,Provincial,Cultivation,Lúa,,Area_Planted,10537.0,ha,Actual,PL3
f5fd5bf80765e0bb,2011,12,Vĩnh Long,Provincial,Cultivation,Ngô,,Area_Planted,1454.0,ha,Actual,PL3
aedda94d9d87c1fb,2011,12,Vĩnh Long,Provincial,Cultivation,Lúa,,Area_Planted,8463.0,ha,Actual,PL3
e3f477e3d90f01c2,2011,12,Vĩnh Long,Provincial,Cultivation,Sắn,,Area_Planted,233.0,ha,Actual,PL3
e3f477e3d90f01c2,2011,12,Vĩnh Long,Provincial,Cultivation,Sắn,,Area_Planted,387.0,ha,Actual,PL3
89cc0d3df163fde2,2011,12,Đồng Tháp,Provincial,Cultivation,Lúa,,Harvest_percent,118302.0,percent,Actual,PL3
494ec97f96619661,2011,12,Đồng Tháp,Provincial,Cultivation,Lúa,,Area_Planted,13690.0,ha,Actual,PL3
efe260e3cc5e17b7,2011,12,Đồng Tháp,Provincial,Cultivation,Ngô,,Area_Planted,4740.0,ha,Actual,PL3
494ec97f96619661,2011,12,Đồng Tháp,Provincial,Cultivation,Lúa,,Area_Planted,1569.0,ha,Actual,PL3
2a91a03001d1244d,2011,12,Đồng Tháp,Provincial,Cultivation,Sắn,,Area_Planted,2320.0,ha,Actual,PL3
5956ff4e8741b37e,2011,12,An Giang,Provincial,Cultivation,Lúa,,Harvest_percent,179165.0,percent,Actual,PL3
6244114af922c044,2011,12,An Giang,Provincial,Cultivation,Lúa,,Area_Planted,13991.0,ha,Actual,PL3
e4f6d80ee5b7d0ea,2011,12,An Giang,Provincial,Cultivation,Ngô,,Area_Planted,11283.0,ha,Actual,PL3
6244114af922c044,2011,12,An Giang,Provincial,Cultivation,Lúa,,Area_Planted,308.0,ha,Actual,PL3
a6a24a62a0e3b993,2011,12,An Giang,Provincial,Cultivation,Sắn,,Area_Planted,963.0,ha,Actual,PL3
a6a24a62a0e3b993,2011,12,An Giang,Provincial,Cultivation,Sắn,,Area_Planted,1437.0,ha,Actual,PL3
7dc8947b1a1dd7ad,2011,12,Kiên Giang,Provincial,Cultivation,Lúa,,Harvest_percent,156807.0,percent,Actual,PL3
44d71a68d26f9e24,2011,12,Kiên Giang,Provincial,Cultivation,Lúa,,Area_Planted,873.0,ha,Actual,PL3
a1e1bc602372b6d7,2011,12,Kiên Giang,Provincial,Cultivation,Sắn,,Area_Planted,873.0,ha,Actual,PL3
9bda43a988ece317,2011,12,Cần Thơ,Provincial,Cultivation,Lúa,,Harvest_percent,73756.0,percent,Actual,PL3
4a75f7cde4c3259e,2011,12,Cần Thơ,Provincial,Cultivation,Lúa,,Area_Planted,1489.0,ha,Actual,PL3
ebe25853b2189eba,2011,12,Cần Thơ,Provincial,Cultivation,Ngô,,Area_Planted,987.0,ha,Actual,PL3
4a75f7cde4c3259e,2011,12,Cần Thơ,Provincial,Cultivation,Lúa,,Area_Planted,432.0,ha,Actual,PL3
31c18c5d3d7aac92,2011,12,Cần Thơ,Provincial,Cultivation,Sắn,,Area_Planted,1.0,ha,Actual,PL3
31c18c5d3d7aac92,2011,12,Cần Thơ,Provincial,Cultivation,Sắn,,Area_Planted,69.0,ha,Actual,PL3
b39c89bcd32e75f3,2011,12,Hậu Giang,Provincial,Cultivation,Lúa,,Harvest_percent,43470.0,percent,Actual,PL3
99c9c19e98def85e,2011,12,Hậu Giang,Provincial,Cultivation,Lúa,,Area_Planted,3338.0,ha,Actual,PL3
e2efd9568424c2ad,2011,12,Hậu Giang,Provincial,Cultivation,Ngô,,Area_Planted,2199.0,ha,Actual,PL3
99c9c19e98def85e,2011,12,Hậu Giang,Provincial,Cultivation,Lúa,,Area_Planted,221.0,ha,Actual,PL3
5e7dd64649b8b667,2011,12,Hậu Giang,Provincial,Cultivation,Sắn,,Area_Planted,918.0,ha,Actual,PL3
3c29f4a497d543f8,2011,12,Sóc Trăng,Provincial,Cultivation,Lúa,,Area_Harvested,3496.0,ha,Actual,PL3
f8d5715945188bbb,2011,12,Sóc Trăng,Provincial,Cultivation,Lúa,,Harvest_percent,242.0,percent,Actual,PL3
f8d5715945188bbb,2011,12,Sóc Trăng,Provincial,Cultivation,Lúa,,Harvest_percent,109647.0,percent,Actual,PL3
638c762abe0a9cdc,2011,12,Sóc Trăng,Provincial,Cultivation,Lúa,,Area_Planted,8073.0,ha,Actual,PL3
b93e14220457c3bd,2011,12,Sóc Trăng,Provincial,Cultivation,Ngô,,Area_Planted,3654.0,ha,Actual,PL3
638c762abe0a9cdc,2011,12,Sóc Trăng,Provincial,Cultivation,Lúa,,Area_Planted,2784.0,ha,Actual,PL3
866106cb70c092ef,2011,12,Sóc Trăng,Provincial,Cultivation,Sắn,,Area_Planted,772.0,ha,Actual,PL3
866106cb70c092ef,2011,12,Sóc Trăng,Provincial,Cultivation,Sắn,,Area_Planted,863.0,ha,Actual,PL3
8cfb65c016a7dc8f,2011,12,Bạc Liêu,Provincial,Cultivation,Lúa,,Area_Harvested,35100.0,ha,Actual,PL3
2323a4eecf256f3d,2011,12,Bạc Liêu,Provincial,Cultivation,Lúa,,Harvest_percent,558.0,percent,Actual,PL3
2323a4eecf256f3d,2011,12,Bạc Liêu,Provincial,Cultivation,Lúa,,Harvest_percent,17000.0,percent,Actual,PL3
022bf1bb294d674b,2011,12,Bạc Liêu,Provincial,Cultivation,Lúa,,Area_Planted,1417.0,ha,Actual,PL3
68c85d45afffbfbb,2011,12,Bạc Liêu,Provincial,Cultivation,Ngô,,Area_Planted,110.0,ha,Actual,PL3
022bf1bb294d674b,2011,12,Bạc Liêu,Provincial,Cultivation,Lúa,,Area_Planted,521.0,ha,Actual,PL3
5deb65eabe32546f,2011,12,Bạc Liêu,Provincial,Cultivation,Sắn,,Area_Planted,354.0,ha,Actual,PL3
5deb65eabe32546f,2011,12,Bạc Liêu,Provincial,Cultivation,Sắn,,Area_Planted,432.0,ha,Actual,PL3
d140885091445b61,2011,12,Cà Mau,Provincial,Cultivation,Lúa,,Area_Harvested,46741.0,ha,Actual,PL3
0f650d4474ec2fb6,2011,12,Cà Mau,Provincial,Cultivation,Lúa,,Harvest_percent,494.0,percent,Actual,PL3
4883ddb5f376623e,2011,12,Miền Nam,Provincial,Cultivation,Lúa,,Area_Planted,323163.0,ha,Actual,PL4
71dd09b34d064d04,2011,12,Miền Nam,Provincial,Cultivation,Đậu,,Area_Planted,28949.0,ha,Actual,PL4
f9d5a1c9a88c7714,2011,12,Miền Nam,Provincial,Cultivation,Lạc,,Area_Planted,79928.0,ha,Actual,PL4
4883ddb5f376623e,2011,12,Miền Nam,Provincial,Cultivation,Lúa,,Area_Planted,34972.0,ha,Actual,PL4
a3b48bd37a5abbb6,2011,12,Miền Nam,Provincial,Cultivation,Thuốc lá,,Area_Planted,10921.0,ha,Actual,PL4
443531eed7a0506a,2011,12,Miền Nam,Provincial,Cultivation,Mía,,Area_Planted,157222.0,ha,Actual,PL4
4883ddb5f376623e,2011,12,Miền Nam,Provincial,Cultivation,Lúa,,Area_Planted,5457.0,ha,Actual,PL4
4883ddb5f376623e,2011,12,Miền Nam,Provincial,Cultivation,Lúa,,Area_Planted,5715.0,ha,Actual,PL4
4883ddb5f376623e,2011,12,Miền Nam,Provincial,Cultivation,Lúa,,Area_Planted,423130.0,ha,Actual,PL4
4883ddb5f376623e,2011,12,Miền Nam,Provincial,Cultivation,Lúa,,Area_Planted,13608437693.0,ha,Actual,PL4
5f6a6834222758e8,2011,12,D.H Nam Trg Bộ,Provincial,Cultivation,Lúa,,Area_Planted,102377.0,ha,Actual,PL4
59a9b7646d494a52,2011,12,D.H Nam Trg Bộ,Provincial,Cultivation,Đậu,,Area_Planted,971.0,ha,Actual,PL4
bc37a32162240e67,2011,12,D.H Nam Trg Bộ,Provincial,Cultivation,Lạc,,Area_Planted,32180.0,ha,Actual,PL4
5f6a6834222758e8,2011,12,D.H Nam Trg Bộ,Provincial,Cultivation,Lúa,,Area_Planted,13734.0,ha,Actual,PL4
f4842969a162b8c5,2011,12,D.H Nam Trg Bộ,Provincial,Cultivation,Thuốc lá,,Area_Planted,2151.0,ha,Actual,PL4
21028b798cd9e150,2011,12,D.H Nam Trg Bộ,Provincial,Cultivation,Mía,,Area_Planted,51494.0,ha,Actual,PL4
5f6a6834222758e8,2011,12,D.H Nam Trg Bộ,Provincial,Cultivation,Lúa,,Area_Planted,1784.0,ha,Actual,PL4
5f6a6834222758e8,2011,12,D.H Nam Trg Bộ,Provincial,Cultivation,Lúa,,Area_Planted,64.0,ha,Actual,PL4
5f6a6834222758e8,2011,12,D.H Nam Trg Bộ,Provincial,Cultivation,Lúa,,Area_Planted,63332.0,ha,Actual,PL4
5f6a6834222758e8,2011,12,D.H Nam Trg Bộ,Provincial,Cultivation,Lúa,,Area_Planted,63332.0,ha,Actual,PL4
3b46f3ec754e0068,2011,12,TP Đà Nẵng,Provincial,Cultivation,Lúa,,Area_Planted,1471.0,ha,Actual,PL4
656cfe1c4b6b2ad3,2011,12,TP Đà Nẵng,Provincial,Cultivation,Lạc,,Area_Planted,784.0,ha,Actual,PL4
3b46f3ec754e0068,2011,12,TP Đà Nẵng,Provincial,Cultivation,Lúa,,Area_Planted,255.0,ha,Actual,PL4
fc6d702b55b20140,2011,12,TP Đà Nẵng,Provincial,Cultivation,Thuốc lá,,Area_Planted,18.0,ha,Actual,PL4
5c3bd7478fc87f9d,2011,12,TP Đà Nẵng,Provincial,Cultivation,Mía,,Area_Planted,414.0,ha,Actual,PL4
3b46f3ec754e0068,2011,12,TP Đà Nẵng,Provincial,Cultivation,Lúa,,Area_Planted,1568.0,ha,Actual,PL4
10514f4f294aac73,2011,12,Quảng Nam,Provincial,Cultivation,Lúa,,Area_Planted,13350.0,ha,Actual,PL4
7a0484e3e786606c,2011,12,Quảng Nam,Provincial,Cultivation,Lạc,,Area_Planted,9918.0,ha,Actual,PL4
10514f4f294aac73,2011,12,Quảng Nam,Provincial,Cultivation,Lúa,,Area_Planted,2450.0,ha,Actual,PL4
aed6315c5d2c85cd,2011,12,Quảng Nam,Provincial,Cultivation,Thuốc lá,,Area_Planted,450.0,ha,Actual,PL4
8ac1ee7ad90d255b,2011,12,Quảng Nam,Provincial,Cultivation,Mía,,Area_Planted,344.0,ha,Actual,PL4
10514f4f294aac73,2011,12,Quảng Nam,Provincial,Cultivation,Lúa,,Area_Planted,188.0,ha,Actual,PL4
10514f4f294aac73,2011,12,Quảng Nam,Provincial,Cultivation,Lúa,,Area_Planted,13565.0,ha,Actual,PL4
10514f4f294aac73,2011,12,Quảng Nam,Provincial,Cultivation,Lúa,,Area_Planted,6812.0,ha,Actual,PL4
8552df662049f26c,2011,12,Quảng Ngãi,Provincial,Cultivation,Lúa,,Area_Planted,11594.0,ha,Actual,PL4
1e3eb7f4ebe0772b,2011,12,Quảng Ngãi,Provincial,Cultivation,Đậu,,Area_Planted,65.0,ha,Actual,PL4
daac4e29b763b869,2011,12,Quảng Ngãi,Provincial,Cultivation,Lạc,,Area_Planted,5670.0,ha,Actual,PL4
7d35a0b89ea90a23,2011,12,Quảng Ngãi,Provincial,Cultivation,Thuốc lá,,Area_Planted,56.0,ha,Actual,PL4
bdf8445c0d0aa894,2011,12,Quảng Ngãi,Provincial,Cultivation,Mía,,Area_Planted,5803.0,ha,Actual,PL4
8552df662049f26c,2011,12,Quảng Ngãi,Provincial,Cultivation,Lúa,,Area_Planted,13225.0,ha,Actual,PL4
8552df662049f26c,2011,12,Quảng Ngãi,Provincial,Cultivation,Lúa,,Area_Planted,3376.0,ha,Actual,PL4
20c041db1f775def,2011,12,Bình Định,Provincial,Cultivation,Lúa,,Area_Planted,11047.0,ha,Actual,PL4
23c46737300a7e17,2011,12,Bình Định,Provincial,Cultivation,Đậu,,Area_Planted,557.0,ha,Actual,PL4
d96c5b3f2fd7648a,2011,12,Bình Định,Provincial,Cultivation,Lạc,,Area_Planted,9034.0,ha,Actual,PL4
20c041db1f775def,2011,12,Bình Định,Provincial,Cultivation,Lúa,,Area_Planted,1456.0,ha,Actual,PL4
20c041db1f775def,2011,12,Bình Định,Provincial,Cultivation,Lúa,,Area_Planted,12756.0,ha,Actual,PL4
20c041db1f775def,2011,12,Bình Định,Provincial,Cultivation,Lúa,,Area_Planted,1994.0,ha,Actual,PL4
70790f1716a931e7,2011,12,Phú Yên,Provincial,Cultivation,Lúa,,Area_Planted,26001.0,ha,Actual,PL4
650fb059dfa92d5a,2011,12,Phú Yên,Provincial,Cultivation,Đậu,,Area_Planted,317.0,ha,Actual,PL4
00dcb9e1221f6e89,2011,12,Phú Yên,Provincial,Cultivation,Lạc,,Area_Planted,1084.0,ha,Actual,PL4
70790f1716a931e7,2011,12,Phú Yên,Provincial,Cultivation,Lúa,,Area_Planted,2854.0,ha,Actual,PL4
f0dfd05b689223f8,2011,12,Phú Yên,Provincial,Cultivation,Thuốc lá,,Area_Planted,504.0,ha,Actual,PL4
ed2aa7e831e1f47e,2011,12,Phú Yên,Provincial,Cultivation,Mía,,Area_Planted,20858.0,ha,Actual,PL4
70790f1716a931e7,2011,12,Phú Yên,Provincial,Cultivation,Lúa,,Area_Planted,320.0,ha,Actual,PL4
70790f1716a931e7,2011,12,Phú Yên,Provincial,Cultivation,Lúa,,Area_Planted,64.0,ha,Actual,PL4
70790f1716a931e7,2011,12,Phú Yên,Provincial,Cultivation,Lúa,,Area_Planted,4921.0,ha,Actual,PL4
70790f1716a931e7,2011,12,Phú Yên,Provincial,Cultivation,Lúa,,Area_Planted,6400.0,ha,Actual,PL4
4cf096037698e2f3,2011,12,Khánh Hoà,Provincial,Cultivation,Lúa,,Area_Planted,18209.0,ha,Actual,PL4
a71f3b0f7339787e,2011,12,Khánh Hoà,Provincial,Cultivation,Đậu,,Area_Planted,28.0,ha,Actual,PL4
ebc3f5ed6dad70e5,2011,12,Khánh Hoà,Provincial,Cultivation,Lạc,,Area_Planted,264.0,ha,Actual,PL4
08e21a54864cd3a0,2011,12,Khánh Hoà,Provincial,Cultivation,Thuốc lá,,Area_Planted,375.0,ha,Actual,PL4
45bb9efb87783f33,2011,12,Khánh Hoà,Provincial,Cultivation,Mía,,Area_Planted,17542.0,ha,Actual,PL4
4cf096037698e2f3,2011,12,Khánh Hoà,Provincial,Cultivation,Lúa,,Area_Planted,4432.0,ha,Actual,PL4
4cf096037698e2f3,2011,12,Khánh Hoà,Provincial,Cultivation,Lúa,,Area_Planted,1391.0,ha,Actual,PL4
8121ec1840f231c3,2011,12,Ninh Thuận,Provincial,Cultivation,Lúa,,Area_Planted,4321.0,ha,Actual,PL4
b2b4e987236c0f91,2011,12,Ninh Thuận,Provincial,Cultivation,Đậu,,Area_Planted,3.0,ha,Actual,PL4
910f56750647a664,2011,12,Ninh Thuận,Provincial,Cultivation,Lạc,,Area_Planted,432.0,ha,Actual,PL4
8121ec1840f231c3,2011,12,Ninh Thuận,Provincial,Cultivation,Lúa,,Area_Planted,478.0,ha,Actual,PL4
a627a19415702885,2011,12,Ninh Thuận,Provincial,Cultivation,Thuốc lá,,Area_Planted,694.0,ha,Actual,PL4
21bd6c057ee056a8,2011,12,Ninh Thuận,Provincial,Cultivation,Mía,,Area_Planted,2639.0,ha,Actual,PL4
8121ec1840f231c3,2011,12,Ninh Thuận,Provincial,Cultivation,Lúa,,Area_Planted,75.0,ha,Actual,PL4
8121ec1840f231c3,2011,12,Ninh Thuận,Provincial,Cultivation,Lúa,,Area_Planted,7236.0,ha,Actual,PL4
8121ec1840f231c3,2011,12,Ninh Thuận,Provincial,Cultivation,Lúa,,Area_Planted,6818.0,ha,Actual,PL4
f4e8294626196d5a,2011,12,Bình Thuận,Provincial,Cultivation,Lúa,,Area_Planted,16384.0,ha,Actual,PL4
b5a6f6f3417992a0,2011,12,Bình Thuận,Provincial,Cultivation,Lạc,,Area_Planted,4994.0,ha,Actual,PL4
f4e8294626196d5a,2011,12,Bình Thuận,Provincial,Cultivation,Lúa,,Area_Planted,6241.0,ha,Actual,PL4
e09825ec28579d7f,2011,12,Bình Thuận,Provincial,Cultivation,Thuốc lá,,Area_Planted,54.0,ha,Actual,PL4
6a27185590234845,2011,12,Bình Thuận,Provincial,Cultivation,Mía,,Area_Planted,3894.0,ha,Actual,PL4
f4e8294626196d5a,2011,12,Bình Thuận,Provincial,Cultivation,Lúa,,Area_Planted,1201.0,ha,Actual,PL4
f4e8294626196d5a,2011,12,Bình Thuận,Provincial,Cultivation,Lúa,,Area_Planted,5629.0,ha,Actual,PL4
f4e8294626196d5a,2011,12,Bình Thuận,Provincial,Cultivation,Lúa,,Area_Planted,10902.0,ha,Actual,PL4
66144a19679d62c6,2011,12,Tây Nguyên,Provincial,Cultivation,Lúa,,Area_Planted,77625.0,ha,Actual,PL4
eeb53cae2292cd08,2011,12,Tây Nguyên,Provincial,Cultivation,Đậu,,Area_Planted,22742.0,ha,Actual,PL4
438a7ca37efb155a,2011,12,Tây Nguyên,Provincial,Cultivation,Lạc,,Area_Planted,17992.0,ha,Actual,PL4
66144a19679d62c6,2011,12,Tây Nguyên,Provincial,Cultivation,Lúa,,Area_Planted,3449.0,ha,Actual,PL4
262be1af752c854b,2011,12,Tây Nguyên,Provincial,Cultivation,Thuốc lá,,Area_Planted,3599.0,ha,Actual,PL4
27be096f35c31671,2011,12,Tây Nguyên,Provincial,Cultivation,Mía,,Area_Planted,26263.0,ha,Actual,PL4
66144a19679d62c6,2011,12,Tây Nguyên,Provincial,Cultivation,Lúa,,Area_Planted,3580.0,ha,Actual,PL4
66144a19679d62c6,2011,12,Tây Nguyên,Provincial,Cultivation,Lúa,,Area_Planted,0.0,ha,Actual,PL4
66144a19679d62c6,2011,12,Tây Nguyên,Provincial,Cultivation,Lúa,,Area_Planted,67959.0,ha,Actual,PL4
66144a19679d62c6,2011,12,Tây Nguyên,Provincial,Cultivation,Lúa,,Area_Planted,65960.0,ha,Actual,PL4
32e43d62dfbff454,2011,12,Kon Tum,Provincial,Cultivation,Lúa,,Area_Planted,1953.0,ha,Actual,PL4
63672e46ee579b76,2011,12,Kon Tum,Provincial,Cultivation,Đậu,,Area_Planted,39.0,ha,Actual,PL4
82382a2185bfb246,2011,12,Kon Tum,Provincial,Cultivation,Lạc,,Area_Planted,109.0,ha,Actual,PL4
a8bae5a37bc6294b,2011,12,Kon Tum,Provincial,Cultivation,Thuốc lá,,Area_Planted,35.0,ha,Actual,PL4
f1e9f542d328e304,2011,12,Kon Tum,Provincial,Cultivation,Mía,,Area_Planted,1770.0,ha,Actual,PL4
32e43d62dfbff454,2011,12,Kon Tum,Provincial,Cultivation,Lúa,,Area_Planted,1838.0,ha,Actual,PL4
32e43d62dfbff454,2011,12,Kon Tum,Provincial,Cultivation,Lúa,,Area_Planted,678.0,ha,Actual,PL4
880779141d85a61b,2011,12,Gia Lai,Provincial,Cultivation,Lúa,,Area_Planted,19229.0,ha,Actual,PL4
8ad144ece5bfd1fd,2011,12,Gia Lai,Provincial,Cultivation,Lạc,,Area_Planted,1502.0,ha,Actual,PL4
880779141d85a61b,2011,12,Gia Lai,Provincial,Cultivation,Lúa,,Area_Planted,2858.0,ha,Actual,PL4
4650088b5a6f4abb,2011,12,Gia Lai,Provincial,Cultivation,Thuốc lá,,Area_Planted,3031.0,ha,Actual,PL4
b0cdac93804041b2,2011,12,Gia Lai,Provincial,Cultivation,Mía,,Area_Planted,9956.0,ha,Actual,PL4
880779141d85a61b,2011,12,Gia Lai,Provincial,Cultivation,Lúa,,Area_Planted,1882.0,ha,Actual,PL4
880779141d85a61b,2011,12,Gia Lai,Provincial,Cultivation,Lúa,,Area_Planted,12898.0,ha,Actual,PL4
880779141d85a61b,2011,12,Gia Lai,Provincial,Cultivation,Lúa,,Area_Planted,13316.0,ha,Actual,PL4
4af051d28cb3695e,2011,12,Đắc Lắc,Provincial,Cultivation,Lúa,,Area_Planted,31503.0,ha,Actual,PL4
75bf569cf3ec6caf,2011,12,Đắc Lắc,Provincial,Cultivation,Đậu,,Area_Planted,8172.0,ha,Actual,PL4
88d8a7241bddad8e,2011,12,Đắc Lắc,Provincial,Cultivation,Lạc,,Area_Planted,6969.0,ha,Actual,PL4
4af051d28cb3695e,2011,12,Đắc Lắc,Provincial,Cultivation,Lúa,,Area_Planted,591.0,ha,Actual,PL4
8c1627c93f2461ed,2011,12,Đắc Lắc,Provincial,Cultivation,Thuốc lá,,Area_Planted,533.0,ha,Actual,PL4
4728250a9d9e9c57,2011,12,Đắc Lắc,Provincial,Cultivation,Mía,,Area_Planted,13540.0,ha,Actual,PL4
4af051d28cb3695e,2011,12,Đắc Lắc,Provincial,Cultivation,Lúa,,Area_Planted,1698.0,ha,Actual,PL4
4af051d28cb3695e,2011,12,Đắc Lắc,Provincial,Cultivation,Lúa,,Area_Planted,8159.0,ha,Actual,PL4
4af051d28cb3695e,2011,12,Đắc Lắc,Provincial,Cultivation,Lúa,,Area_Planted,25223.0,ha,Actual,PL4
94a083751d383a0a,2011,12,Đắc Nông,Provincial,Cultivation,Lúa,,Area_Planted,23741.0,ha,Actual,PL4
35a80e1e44362bba,2011,12,Đắc Nông,Provincial,Cultivation,Đậu,,Area_Planted,14442.0,ha,Actual,PL4
26554665e148d1e3,2011,12,Đắc Nông,Provincial,Cultivation,Lạc,,Area_Planted,9299.0,ha,Actual,PL4
94a083751d383a0a,2011,12,Đắc Nông,Provincial,Cultivation,Lúa,,Area_Planted,905.0,ha,Actual,PL4
94a083751d383a0a,2011,12,Đắc Nông,Provincial,Cultivation,Lúa,,Area_Planted,25211.0,ha,Actual,PL4
689661a674631b8f,2011,12,Lâm Đồng,Provincial,Cultivation,Lúa,,Area_Planted,1199.0,ha,Actual,PL4
77d2ff125df59353,2011,12,Lâm Đồng,Provincial,Cultivation,Đậu,,Area_Planted,89.0,ha,Actual,PL4
ab603821cfdd68ad,2011,12,Lâm Đồng,Provincial,Cultivation,Lạc,,Area_Planted,113.0,ha,Actual,PL4
c08c4814272d1c72,2011,12,Lâm Đồng,Provincial,Cultivation,Mía,,Area_Planted,997.0,ha,Actual,PL4
689661a674631b8f,2011,12,Lâm Đồng,Provincial,Cultivation,Lúa,,Area_Planted,44159.0,ha,Actual,PL4
689661a674631b8f,2011,12,Lâm Đồng,Provincial,Cultivation,Lúa,,Area_Planted,1532.0,ha,Actual,PL4
6642b6220efb74ce,2011,12,Đông Nam Bộ,Provincial,Cultivation,Lúa,,Area_Planted,44024.0,ha,Actual,PL4
115e1e3245454da0,2011,12,Đông Nam Bộ,Provincial,Cultivation,Đậu,,Area_Planted,838.0,ha,Actual,PL4
3baf9c721c08ec3b,2011,12,Đông Nam Bộ,Provincial,Cultivation,Lạc,,Area_Planted,17336.0,ha,Actual,PL4
6642b6220efb74ce,2011,12,Đông Nam Bộ,Provincial,Cultivation,Lúa,,Area_Planted,1587.0,ha,Actual,PL4
999bb5d4a902dba3,2011,12,Đông Nam Bộ,Provincial,Cultivation,Thuốc lá,,Area_Planted,5031.0,ha,Actual,PL4
6e9aeb57f861cb88,2011,12,Đông Nam Bộ,Provincial,Cultivation,Mía,,Area_Planted,19129.0,ha,Actual,PL4
6642b6220efb74ce,2011,12,Đông Nam Bộ,Provincial,Cultivation,Lúa,,Area_Planted,93.0,ha,Actual,PL4
6642b6220efb74ce,2011,12,Đông Nam Bộ,Provincial,Cultivation,Lúa,,Area_Planted,10.0,ha,Actual,PL4
6642b6220efb74ce,2011,12,Đông Nam Bộ,Provincial,Cultivation,Lúa,,Area_Planted,62347.0,ha,Actual,PL4
6642b6220efb74ce,2011,12,Đông Nam Bộ,Provincial,Cultivation,Lúa,,Area_Planted,20292.0,ha,Actual,PL4
c78a3891b2c2caac,2011,12,Bình Phước,Provincial,Cultivation,Lúa,,Area_Planted,1184.0,ha,Actual,PL4
5fa3bdb077a51b31,2011,12,Bình Phước,Provincial,Cultivation,Đậu,,Area_Planted,113.0,ha,Actual,PL4
a4eb96f04969646f,2011,12,Bình Phước,Provincial,Cultivation,Lạc,,Area_Planted,520.0,ha,Actual,PL4
c78a3891b2c2caac,2011,12,Bình Phước,Provincial,Cultivation,Lúa,,Area_Planted,41.0,ha,Actual,PL4
b898b7f965bf8a2c,2011,12,Bình Phước,Provincial,Cultivation,Thuốc lá,,Area_Planted,2.0,ha,Actual,PL4
7ebec5d93a061f7a,2011,12,Bình Phước,Provincial,Cultivation,Mía,,Area_Planted,482.0,ha,Actual,PL4
c78a3891b2c2caac,2011,12,Bình Phước,Provincial,Cultivation,Lúa,,Area_Planted,26.0,ha,Actual,PL4
c78a3891b2c2caac,2011,12,Bình Phước,Provincial,Cultivation,Lúa,,Area_Planted,2929.0,ha,Actual,PL4
c78a3891b2c2caac,2011,12,Bình Phước,Provincial,Cultivation,Lúa,,Area_Planted,1858.0,ha,Actual,PL4
263f4fc181bdc71f,2011,12,Tây Ninh,Provincial,Cultivation,Lúa,,Area_Planted,23385.0,ha,Actual,PL4
8f83d63e5a27aaea,2011,12,Tây Ninh,Provincial,Cultivation,Lạc,,Area_Planted,13956.0,ha,Actual,PL4
263f4fc181bdc71f,2011,12,Tây Ninh,Provincial,Cultivation,Lúa,,Area_Planted,949.0,ha,Actual,PL4
2a80fcd2e9c39cc9,2011,12,Tây Ninh,Provincial,Cultivation,Thuốc lá,,Area_Planted,3340.0,ha,Actual,PL4
53a6cd68878a7560,2011,12,Tây Ninh,Provincial,Cultivation,Mía,,Area_Planted,5130.0,ha,Actual,PL4
263f4fc181bdc71f,2011,12,Tây Ninh,Provincial,Cultivation,Lúa,,Area_Planted,10.0,ha,Actual,PL4
263f4fc181bdc71f,2011,12,Tây Ninh,Provincial,Cultivation,Lúa,,Area_Planted,19749.0,ha,Actual,PL4
263f4fc181bdc71f,2011,12,Tây Ninh,Provincial,Cultivation,Lúa,,Area_Planted,8339.0,ha,Actual,PL4
c3dc3073d37bcb5b,2011,12,Bình Dương,Provincial,Cultivation,Lúa,,Area_Planted,907.0,ha,Actual,PL4
b803108570b5b3f0,2011,12,Bình Dương,Provincial,Cultivation,Lạc,,Area_Planted,555.0,ha,Actual,PL4
c3dc3073d37bcb5b,2011,12,Bình Dương,Provincial,Cultivation,Lúa,,Area_Planted,190.0,ha,Actual,PL4
ab6d23d3e903fa54,2011,12,Bình Dương,Provincial,Cultivation,Mía,,Area_Planted,162.0,ha,Actual,PL4
c3dc3073d37bcb5b,2011,12,Bình Dương,Provincial,Cultivation,Lúa,,Area_Planted,5528.0,ha,Actual,PL4
c3dc3073d37bcb5b,2011,12,Bình Dương,Provincial,Cultivation,Lúa,,Area_Planted,736.0,ha,Actual,PL4
76200b6c05e6134a,2011,12,Đồng Nai,Provincial,Cultivation,Lúa,,Area_Planted,14229.0,ha,Actual,PL4
a5e0e3983e334de2,2011,12,Đồng Nai,Provincial,Cultivation,Đậu,,Area_Planted,718.0,ha,Actual,PL4
a02683c6d4e15540,2011,12,Đồng Nai,Provincial,Cultivation,Lạc,,Area_Planted,1271.0,ha,Actual,PL4
76200b6c05e6134a,2011,12,Đồng Nai,Provincial,Cultivation,Lúa,,Area_Planted,193.0,ha,Actual,PL4
02a13e1a7c3f0083,2011,12,Đồng Nai,Provincial,Cultivation,Thuốc lá,,Area_Planted,1571.0,ha,Actual,PL4
40124f9f6c3a1d7b,2011,12,Đồng Nai,Provincial,Cultivation,Mía,,Area_Planted,10462.0,ha,Actual,PL4
76200b6c05e6134a,2011,12,Đồng Nai,Provincial,Cultivation,Lúa,,Area_Planted,14.0,ha,Actual,PL4
76200b6c05e6134a,2011,12,Đồng Nai,Provincial,Cultivation,Lúa,,Area_Planted,13467.0,ha,Actual,PL4
76200b6c05e6134a,2011,12,Đồng Nai,Provincial,Cultivation,Lúa,,Area_Planted,7345.0,ha,Actual,PL4
fb5bc3a97f3492b3,2011,12,Bà Rịa-V.Tàu,Provincial,Cultivation,Lúa,,Area_Planted,1819.0,ha,Actual,PL4
b6fdda39a86ad7fa,2011,12,Bà Rịa-V.Tàu,Provincial,Cultivation,Đậu,,Area_Planted,7.0,ha,Actual,PL4
6b0f781abf932388,2011,12,Bà Rịa-V.Tàu,Provincial,Cultivation,Lạc,,Area_Planted,1034.0,ha,Actual,PL4
fb5bc3a97f3492b3,2011,12,Bà Rịa-V.Tàu,Provincial,Cultivation,Lúa,,Area_Planted,214.0,ha,Actual,PL4
4ad88bd49a4f2f6a,2011,12,Bà Rịa-V.Tàu,Provincial,Cultivation,Thuốc lá,,Area_Planted,118.0,ha,Actual,PL4
69af6e973822e02f,2011,12,Bà Rịa-V.Tàu,Provincial,Cultivation,Mía,,Area_Planted,393.0,ha,Actual,PL4
fb5bc3a97f3492b3,2011,12,Bà Rịa-V.Tàu,Provincial,Cultivation,Lúa,,Area_Planted,53.0,ha,Actual,PL4
fb5bc3a97f3492b3,2011,12,Bà Rịa-V.Tàu,Provincial,Cultivation,Lúa,,Area_Planted,7459.0,ha,Actual,PL4
fb5bc3a97f3492b3,2011,12,Bà Rịa-V.Tàu,Provincial,Cultivation,Lúa,,Area_Planted,2014.0,ha,Actual,PL4
d9876bff8bdfc3c6,2011,12,TP Hồ Chí Minh,Provincial,Cultivation,Lúa,,Area_Planted,2500.0,ha,Actual,PL4
212b0e2d3d434663,2011,12,TP Hồ Chí Minh,Provincial,Cultivation,Mía,,Area_Planted,2500.0,ha,Actual,PL4
d9876bff8bdfc3c6,2011,12,TP Hồ Chí Minh,Provincial,Cultivation,Lúa,,Area_Planted,13215.0,ha,Actual,PL4
64d38520ab501b4f,2011,12,ĐBS Cửu Long,Provincial,Cultivation,Lúa,,Area_Planted,99137.0,ha,Actual,PL4
42d9f48a68bf79ed,2011,12,ĐBS Cửu Long,Provincial,Cultivation,Đậu,,Area_Planted,4398.0,ha,Actual,PL4
53d82e0d56b41db4,2011,12,ĐBS Cửu Long,Provincial,Cultivation,Lạc,,Area_Planted,12420.0,ha,Actual,PL4
64d38520ab501b4f,2011,12,ĐBS Cửu Long,Provincial,Cultivation,Lúa,,Area_Planted,16202.0,ha,Actual,PL4
fbddfda18337e381,2011,12,ĐBS Cửu Long,Provincial,Cultivation,Thuốc lá,,Area_Planted,140.0,ha,Actual,PL4
c6ea64f0b81a889b,2011,12,ĐBS Cửu Long,Provincial,Cultivation,Mía,,Area_Planted,60336.0,ha,Actual,PL4
64d38520ab501b4f,2011,12,ĐBS Cửu Long,Provincial,Cultivation,Lúa,,Area_Planted,0.0,ha,Actual,PL4
64d38520ab501b4f,2011,12,ĐBS Cửu Long,Provincial,Cultivation,Lúa,,Area_Planted,5641.0,ha,Actual,PL4
64d38520ab501b4f,2011,12,ĐBS Cửu Long,Provincial,Cultivation,Lúa,,Area_Planted,229493.0,ha,Actual,PL4
64d38520ab501b4f,2011,12,ĐBS Cửu Long,Provincial,Cultivation,Lúa,,Area_Planted,12139.0,ha,Actual,PL4
8c5a8689c77812fd,2011,12,Long An,Provincial,Cultivation,Lúa,,Area_Planted,24962.0,ha,Actual,PL4
3e430ada958bbb7c,2011,12,Long An,Provincial,Cultivation,Lạc,,Area_Planted,6227.0,ha,Actual,PL4
8c5a8689c77812fd,2011,12,Long An,Provincial,Cultivation,Lúa,,Area_Planted,1782.0,ha,Actual,PL4
62794adb141b6499,2011,12,Long An,Provincial,Cultivation,Thuốc lá,,Area_Planted,81.0,ha,Actual,PL4
7f965747f5a05879,2011,12,Long An,Provincial,Cultivation,Mía,,Area_Planted,13276.0,ha,Actual,PL4
8c5a8689c77812fd,2011,12,Long An,Provincial,Cultivation,Lúa,,Area_Planted,3596.0,ha,Actual,PL4
8c5a8689c77812fd,2011,12,Long An,Provincial,Cultivation,Lúa,,Area_Planted,13465.0,ha,Actual,PL4
8c5a8689c77812fd,2011,12,Long An,Provincial,Cultivation,Lúa,,Area_Planted,19.0,ha,Actual,PL4
679449711f15e5ea,2011,12,Tiền Giang,Provincial,Cultivation,Lúa,,Area_Planted,612.0,ha,Actual,PL4
4060f15cb9d9edc8,2011,12,Tiền Giang,Provincial,Cultivation,Đậu,,Area_Planted,218.0,ha,Actual,PL4
cf48fe26adeddf94,2011,12,Tiền Giang,Provincial,Cultivation,Lạc,,Area_Planted,164.0,ha,Actual,PL4
53af13ecc7eef99c,2011,12,Tiền Giang,Provincial,Cultivation,Mía,,Area_Planted,230.0,ha,Actual,PL4
679449711f15e5ea,2011,12,Tiền Giang,Provincial,Cultivation,Lúa,,Area_Planted,38849.0,ha,Actual,PL4
679449711f15e5ea,2011,12,Tiền Giang,Provincial,Cultivation,Lúa,,Area_Planted,223.0,ha,Actual,PL4
b854e6fc8ce52030,2011,12,Bến Tre,Provincial,Cultivation,Lúa,,Area_Planted,5665.0,ha,Actual,PL4
c69f228d02d4a42b,2011,12,Bến Tre,Provincial,Cultivation,Lạc,,Area_Planted,325.0,ha,Actual,PL4
57cca8307843a1b3,2011,12,Bến Tre,Provincial,Cultivation,Mía,,Area_Planted,5340.0,ha,Actual,PL4
b854e6fc8ce52030,2011,12,Bến Tre,Provincial,Cultivation,Lúa,,Area_Planted,6195.0,ha,Actual,PL4
b854e6fc8ce52030,2011,12,Bến Tre,Provincial,Cultivation,Lúa,,Area_Planted,5.0,ha,Actual,PL4
dfb6dd00113f92b0,2011,12,Trà Vinh,Provincial,Cultivation,Lúa,,Area_Planted,12786.0,ha,Actual,PL4
a556fab76f873de2,2011,12,Trà Vinh,Provincial,Cultivation,Lạc,,Area_Planted,4513.0,ha,Actual,PL4
85b67f260d2ae071,2011,12,Trà Vinh,Provincial,Cultivation,Mía,,Area_Planted,6569.0,ha,Actual,PL4
dfb6dd00113f92b0,2011,12,Trà Vinh,Provincial,Cultivation,Lúa,,Area_Planted,1704.0,ha,Actual,PL4
dfb6dd00113f92b0,2011,12,Trà Vinh,Provincial,Cultivation,Lúa,,Area_Planted,28946.0,ha,Actual,PL4
dfb6dd00113f92b0,2011,12,Trà Vinh,Provincial,Cultivation,Lúa,,Area_Planted,1293.0,ha,Actual,PL4
aedda94d9d87c1fb,2011,12,Vĩnh Long,Provincial,Cultivation,Lúa,,Area_Planted,2650.0,ha,Actual,PL4
54df6b6a3ecd076c,2011,12,Vĩnh Long,Provincial,Cultivation,Đậu,,Area_Planted,912.0,ha,Actual,PL4
3a64258966e5b788,2011,12,Vĩnh Long,Provincial,Cultivation,Lạc,,Area_Planted,53.0,ha,Actual,PL4
aedda94d9d87c1fb,2011,12,Vĩnh Long,Provincial,Cultivation,Lúa,,Area_Planted,1548.0,ha,Actual,PL4
f8cd1c5d0b3f4ce9,2011,12,Vĩnh Long,Provincial,Cultivation,Mía,,Area_Planted,138.0,ha,Actual,PL4
aedda94d9d87c1fb,2011,12,Vĩnh Long,Provincial,Cultivation,Lúa,,Area_Planted,22077.0,ha,Actual,PL4
aedda94d9d87c1fb,2011,12,Vĩnh Long,Provincial,Cultivation,Lúa,,Area_Planted,822.0,ha,Actual,PL4
494ec97f96619661,2011,12,Đồng Tháp,Provincial,Cultivation,Lúa,,Area_Planted,8116.0,ha,Actual,PL4
b3daeeef0b3cb3de,2011,12,Đồng Tháp,Provincial,Cultivation,Đậu,,Area_Planted,2426.0,ha,Actual,PL4
54569ae85bcad4cd,2011,12,Đồng Tháp,Provincial,Cultivation,Lạc,,Area_Planted,236.0,ha,Actual,PL4
494ec97f96619661,2011,12,Đồng Tháp,Provincial,Cultivation,Lúa,,Area_Planted,5050.0,ha,Actual,PL4
1c869b921107e651,2011,12,Đồng Tháp,Provincial,Cultivation,Mía,,Area_Planted,209.0,ha,Actual,PL4
494ec97f96619661,2011,12,Đồng Tháp,Provincial,Cultivation,Lúa,,Area_Planted,195.0,ha,Actual,PL4
494ec97f96619661,2011,12,Đồng Tháp,Provincial,Cultivation,Lúa,,Area_Planted,11869.0,ha,Actual,PL4
494ec97f96619661,2011,12,Đồng Tháp,Provincial,Cultivation,Lúa,,Area_Planted,1242.0,ha,Actual,PL4
6244114af922c044,2011,12,An Giang,Provincial,Cultivation,Lúa,,Area_Planted,3202.0,ha,Actual,PL4
0ee8648716e768e1,2011,12,An Giang,Provincial,Cultivation,Đậu,,Area_Planted,242.0,ha,Actual,PL4
e23e8b4a48ba43f8,2011,12,An Giang,Provincial,Cultivation,Lạc,,Area_Planted,646.0,ha,Actual,PL4
6244114af922c044,2011,12,An Giang,Provincial,Cultivation,Lúa,,Area_Planted,2122.0,ha,Actual,PL4
bfd1f09bb08409ae,2011,12,An Giang,Provincial,Cultivation,Thuốc lá,,Area_Planted,59.0,ha,Actual,PL4
98ecb315b0e30d2e,2011,12,An Giang,Provincial,Cultivation,Mía,,Area_Planted,78.0,ha,Actual,PL4
6244114af922c044,2011,12,An Giang,Provincial,Cultivation,Lúa,,Area_Planted,55.0,ha,Actual,PL4
6244114af922c044,2011,12,An Giang,Provincial,Cultivation,Lúa,,Area_Planted,36276.0,ha,Actual,PL4
6244114af922c044,2011,12,An Giang,Provincial,Cultivation,Lúa,,Area_Planted,3724.0,ha,Actual,PL4
44d71a68d26f9e24,2011,12,Kiên Giang,Provincial,Cultivation,Lúa,,Area_Planted,4512.0,ha,Actual,PL4
37354acb7939b49e,2011,12,Kiên Giang,Provincial,Cultivation,Mía,,Area_Planted,4512.0,ha,Actual,PL4
44d71a68d26f9e24,2011,12,Kiên Giang,Provincial,Cultivation,Lúa,,Area_Planted,2999.0,ha,Actual,PL4
4a75f7cde4c3259e,2011,12,Cần Thơ,Provincial,Cultivation,Lúa,,Area_Planted,5951.0,ha,Actual,PL4
8d497c16919e22a5,2011,12,Cần Thơ,Provincial,Cultivation,Đậu,,Area_Planted,233.0,ha,Actual,PL4
0abc3c45810f04db,2011,12,Cần Thơ,Provincial,Cultivation,Lạc,,Area_Planted,18.0,ha,Actual,PL4
4a75f7cde4c3259e,2011,12,Cần Thơ,Provincial,Cultivation,Lúa,,Area_Planted,5701.0,ha,Actual,PL4
4a75f7cde4c3259e,2011,12,Cần Thơ,Provincial,Cultivation,Lúa,,Area_Planted,680998.0,ha,Actual,PL4
4a75f7cde4c3259e,2011,12,Cần Thơ,Provincial,Cultivation,Lúa,,Area_Planted,886.0,ha,Actual,PL4
99c9c19e98def85e,2011,12,Hậu Giang,Provincial,Cultivation,Lúa,,Area_Planted,13747.0,ha,Actual,PL4
290bff501f12ea7d,2011,12,Hậu Giang,Provincial,Cultivation,Mía,,Area_Planted,13747.0,ha,Actual,PL4
99c9c19e98def85e,2011,12,Hậu Giang,Provincial,Cultivation,Lúa,,Area_Planted,14850.0,ha,Actual,PL4
99c9c19e98def85e,2011,12,Hậu Giang,Provincial,Cultivation,Lúa,,Area_Planted,561.0,ha,Actual,PL4
638c762abe0a9cdc,2011,12,Sóc Trăng,Provincial,Cultivation,Lúa,,Area_Planted,14586.0,ha,Actual,PL4
7337b2a81f2a6e7f,2011,12,Sóc Trăng,Provincial,Cultivation,Đậu,,Area_Planted,368.0,ha,Actual,PL4
210786132934407c,2011,12,Sóc Trăng,Provincial,Cultivation,Lạc,,Area_Planted,233.0,ha,Actual,PL4
62ebf7205f64d928,2011,12,Sóc Trăng,Provincial,Cultivation,Mía,,Area_Planted,13985.0,ha,Actual,PL4
638c762abe0a9cdc,2011,12,Sóc Trăng,Provincial,Cultivation,Lúa,,Area_Planted,28116.0,ha,Actual,PL4
638c762abe0a9cdc,2011,12,Sóc Trăng,Provincial,Cultivation,Lúa,,Area_Planted,3364.0,ha,Actual,PL4
022bf1bb294d674b,2011,12,Bạc Liêu,Provincial,Cultivation,Lúa,,Area_Planted,359.0,ha,Actual,PL4
f49f56829a0799fe,2011,12,Bạc Liêu,Provincial,Cultivation,Lạc,,Area_Planted,5.0,ha,Actual,PL4
966001897266ef16,2011,12,Bạc Liêu,Provincial,Cultivation,Mía,,Area_Planted,263.0,ha,Actual,PL4
022bf1bb294d674b,2011,12,Bạc Liêu,Provincial,Cultivation,Lúa,,Area_Planted,91.0,ha,Actual,PL4
022bf1bb294d674b,2011,12,Bạc Liêu,Provincial,Cultivation,Lúa,,Area_Planted,120147027.0,ha,Actual,PL4
3f4c12718b9eebbe,2011,12,Cà Mau,Provincial,Cultivation,Lúa,,Area_Planted,1989.0,ha,Actual,PL4
ffa73dad52d27e6c,2011,12,Cà Mau,Provincial,Cultivation,Mía,,Area_Planted,1989.0,ha,Actual,PL4
a7751093830ef3a7,2011,1,Cả nước,National,Trade,I,Xuất khẩu,Export_Volume,1452.0,1000_ton,Actual,PL8
639f3f427c92236f,2011,1,Cả nước,National,Trade,I,Xuất khẩu,Export_Value,10601.0,million_USD,Actual,PL8
2cd5be89bfdc3209,2011,1,Cả nước,National,Trade,2,Xuất khẩu,Export_Volume,50.0,1000_ton,Actual,PL8
0ba7888b5fa038bc,2011,1,Cả nước,National,Trade,2,Xuất khẩu,Export_Value,280.0,million_USD,Actual,PL8
2021edcb8c6443a0,2011,1,Cả nước,National,Trade,3,Xuất khẩu,Export_Volume,46.0,1000_ton,Actual,PL8
c3e5e046a7542b6e,2011,1,Cả nước,National,Trade,4,Xuất khẩu,Export_Volume,800.0,1000_ton,Actual,PL8
917a279348ce102e,2011,1,Cả nước,National,Trade,4,Xuất khẩu,Export_Value,10321.0,million_USD,Actual,PL8
61d27eb9f6a02f1d,2011,1,Cả nước,National,Trade,6,Xuất khẩu,Export_Volume,500.0,1000_ton,Actual,PL8
b02d69e63edd712d,2011,1,Cả nước,National,Trade,11,Xuất khẩu,Export_Volume,56.0,1000_ton,Actual,PL8
24b1269e1f6c88e1,2011,1,Cả nước,National,Trade,II,Xuất khẩu,Export_Volume,9451.0,1000_ton,Actual,PL8
9e272c5e56166d62,2011,1,Cả nước,National,Trade,II,Xuất khẩu,Export_Value,91054.0,million_USD,Actual,PL8
3569e5c972415bbd,2011,1,Cả nước,National,Trade,12,Xuất khẩu,Export_Volume,1529.0,1000_ton,Actual,PL8
5938aa8d764baed8,2011,1,Cả nước,National,Trade,12,Xuất khẩu,Export_Value,6521.0,million_USD,Actual,PL8
1cdd785c805abe39,2011,1,Cả nước,National,Trade,13,Xuất khẩu,Export_Volume,252.0,1000_ton,Actual,PL8
761213f45e053237,2011,1,Cả nước,National,Trade,13,Xuất khẩu,Export_Value,302.0,million_USD,Actual,PL8
d9e11d820a1b61e1,2011,1,Cả nước,National,Trade,14,Xuất khẩu,Export_Volume,107.0,1000_ton,Actual,PL8
bcfd7508f74d4055,2011,1,Cả nước,National,Trade,14,Xuất khẩu,Export_Value,13911.0,million_USD,Actual,PL8
fd64e4d3b4ab0ed3,2011,1,Cả nước,National,Trade,15,Xuất khẩu,Export_Volume,1706.0,1000_ton,Actual,PL8
dd2af0af8917bf84,2011,1,Cả nước,National,Trade,15,Xuất khẩu,Export_Value,13259.0,million_USD,Actual,PL8
4bcddb4b263f2537,2011,1,Cả nước,National,Trade,16,Xuất khẩu,Export_Volume,830.0,1000_ton,Actual,PL8
be7adfffb6cb5694,2011,1,Cả nước,National,Trade,16,Xuất khẩu,Export_Value,4967.0,million_USD,Actual,PL8
0ed12c83089e2193,2011,1,Cả nước,National,Trade,17,Xuất khẩu,Export_Volume,1600.0,1000_ton,Actual,PL8
a80eedbce8d09672,2011,1,Cả nước,National,Trade,17,Xuất khẩu,Export_Value,13223.0,million_USD,Actual,PL8
3d7ce1e8f058b206,2011,1,Cả nước,National,Trade,18,Xuất khẩu,Export_Value,5564.0,million_USD,Actual,PL8
3fbad90c8f778184,2011,1,Cả nước,National,Trade,19,Xuất khẩu,Export_Volume,32.0,1000_ton,Actual,PL8
18c8e7cfd8bb29db,2011,1,Cả nước,National,Trade,19,Xuất khẩu,Export_Value,8686.0,million_USD,Actual,PL8
3b2ae7c4884369aa,2011,1,Cả nước,National,Trade,20,Xuất khẩu,Export_Volume,20.0,1000_ton,Actual,PL8
84abff0a208f4a65,2011,1,Cả nước,National,Trade,20,Xuất khẩu,Export_Value,5398.0,million_USD,Actual,PL8
98da9caa0ccf3fab,2011,1,Cả nước,National,Trade,21,Xuất khẩu,Export_Volume,181.0,1000_ton,Actual,PL8
bf17aed0c02295e4,2011,1,Cả nước,National,Trade,21,Xuất khẩu,Export_Value,5607.0,million_USD,Actual,PL8
dab5016852325848,2011,1,Cả nước,National,Trade,22,Xuất khẩu,Export_Volume,300.0,1000_ton,Actual,PL8
909db180ebb6a55e,2011,1,Cả nước,National,Trade,22,Xuất khẩu,Export_Value,4495.0,million_USD,Actual,PL8
80bdbf66fdf3da1d,2011,1,Cả nước,National,Trade,23,Xuất khẩu,Export_Volume,682.0,1000_ton,Actual,PL8
95ffcb97de2a99bb,2011,1,Cả nước,National,Trade,23,Xuất khẩu,Export_Value,824.0,million_USD,Actual,PL8
49452949eebb294f,2011,1,Cả nước,National,Trade,24,Xuất khẩu,Export_Volume,1800.0,1000_ton,Actual,PL8
9f4007323ca7668c,2011,1,Cả nước,National,Trade,24,Xuất khẩu,Export_Value,2297.0,million_USD,Actual,PL8
55c0cb1a9a95130c,2011,1,Cả nước,National,Trade,25,Xuất khẩu,Export_Volume,412.0,1000_ton,Actual,PL8
37314f74f5e1b6ab,2011,1,Cả nước,National,Trade,25,Xuất khẩu,Export_Value,6000.0,million_USD,Actual,PL8
e0c33ac5d4a52500,2011,1,Cả nước,National,Trade,III,Xuất khẩu,Export_Volume,2016.0,1000_ton,Actual,PL8
bdfcf0a05668c328,2011,1,Cả nước,National,Trade,III,Xuất khẩu,Export_Value,37962.0,million_USD,Actual,PL8
aab5fb640d1a02a9,2011,1,Cả nước,National,Trade,26,Xuất khẩu,Export_Volume,66.0,1000_ton,Actual,PL8
79f39359754aec89,2011,1,Cả nước,National,Trade,26,Xuất khẩu,Export_Value,10549.0,million_USD,Actual,PL8
2b2e476ce376b4b2,2011,1,Cả nước,National,Trade,27,Xuất khẩu,Export_Volume,1100.0,1000_ton,Actual,PL8
a75b5e3e1552cdc9,2011,1,Cả nước,National,Trade,27,Xuất khẩu,Export_Value,14250.0,million_USD,Actual,PL8
5627446d35b081ee,2011,1,Cả nước,National,Trade,28,Xuất khẩu,Export_Volume,200.0,1000_ton,Actual,PL8
20ed04e321af69d5,2011,1,Cả nước,National,Trade,28,Xuất khẩu,Export_Value,3620.0,million_USD,Actual,PL8
1965296ee2935f99,2011,1,Cả nước,National,Trade,29,Xuất khẩu,Export_Volume,70.0,1000_ton,Actual,PL8
b9d8ed71edcd18f1,2011,1,Cả nước,National,Trade,29,Xuất khẩu,Export_Value,2323.0,million_USD,Actual,PL8
36b8d2013ba635e0,2011,12,Cả nước,National,Investment,1,,Investment_Amount,5.0,million_VND,Plan,PL9
538844afee5429e1,2011,12,Cả nước,National,Investment,1,,Investment_Amount,3.0,million_VND,Cumulative,PL9
bf6590171c5acaa6,2011,12,Cả nước,National,Investment,Tổng sản lượng,,Investment_Amount,436.0,million_VND,Plan,PL9
538522cdf5fbcb24,2011,12,Cả nước,National,Investment,Tổng sản lượng,,Investment_Amount,448.0,million_VND,Cumulative,PL9
1abc3535d9563c17,2011,12,Cả nước,National,Investment,Sản lượng khai thác,,Investment_Amount,186.0,million_VND,Plan,PL9
b1fb67c780984806,2011,12,Cả nước,National,Investment,Sản lượng khai thác,,Investment_Amount,177.0,million_VND,Cumulative,PL9
bff05882eb906106,2011,12,Cả nước,National,Investment,Khai thác biển,,Investment_Amount,170.0,million_VND,Plan,PL9
b44116e0b30ccda7,2011,12,Cả nước,National,Investment,Khai thác biển,,Investment_Amount,160.0,million_VND,Cumulative,PL9
b80380654ae16171,2011,12,Cả nước,National,Investment,Khai thác nội địa,,Investment_Amount,16.0,million_VND,Plan,PL9
28ae0e72f18130b3,2011,12,Cả nước,National,Investment,Khai thác nội địa,,Investment_Amount,17.0,million_VND,Cumulative,PL9
544cad721094f1a4,2011,12,Cả nước,National,Investment,Sản lượng nuôi trồng,,Investment_Amount,250.0,million_VND,Plan,PL9
d91b9a9a975eb26d,2011,12,Cả nước,National,Investment,Sản lượng nuôi trồng,,Investment_Amount,271.0,million_VND,Cumulative,PL9
