record_id,year,month,location_name,geo_level,sector,commodity,sub_item,attribute,value,unit,data_type,appendix_number
962156a66112fc26,2008,7,1. Thu hoạch lúa hè thu miền Nam,Provincial,Cultivation,Unknown,,Area_Planted,5781.0,1000_ha,Actual,PL1
7d966eaab091839e,2009,7,1. Thu hoạch lúa hè thu miền Nam,Provincial,Cultivation,Unknown,,Area_Planted,310.0,1000_ha,Actual,PL1
e0e4e12baded93cb,2008,7,2. Gieo cấy lúa mùa cả nước,Provincial,Cultivation,Unknown,,Area_Planted,11407.0,1000_ha,Actual,PL1
cc409ed74b797f13,2008,7,-  Miền Nam,Provincial,Cultivation,Unknown,,Area_Planted,2129.0,1000_ha,Actual,PL1
6ca7046921fae6cf,2008,7,3.1 Gieo trồng màu lương thực,Provincial,Cultivation,Màu lương thực,,Area_Planted,13590.0,1000_ha,Actual,PL1
df93c35b12a0efe8,2008,7,- Khoai lang,Provincial,Cultivation,Khoai lang,,Area_Planted,1135.0,1000_ha,Actual,PL1
95cf1a2d4ea80ab9,2008,7,- Sắn,Provincial,Cultivation,Sắn,,Area_Planted,4245.0,1000_ha,Actual,PL1
00c6d83c0caebfd8,2008,7,3.2 Gieo trồng cây công nghiệp ngắn ngày,Provincial,Cultivation,Cây công nghiệp ngắn ngày,,Area_Planted,5536.0,1000_ha,Actual,PL1
55568592731ae056,2008,7,-  Đậu tương,Provincial,Cultivation,Đậu tương,,Area_Planted,1458.0,1000_ha,Actual,PL1
85e8a2e538868d2a,2008,7,-  Thuốc lá,Provincial,Cultivation,Unknown,,Area_Planted,245.0,1000_ha,Actual,PL1
f992de13ffd80206,2008,7,-  Mía (trồng mới),Provincial,Cultivation,Unknown,,Area_Planted,1478.0,1000_ha,Actual,PL1
42b159b327cd01d9,2008,7,"3.3 Gieo trồng rau, đậu các loại",Provincial,Cultivation,Rau đậu,,Area_Planted,5598.0,1000_ha,Actual,PL1
d33677bc155bcbfe,2009,7,Miền Bắc,Provincial,Cultivation,Lúa,,Area_Planted,927750.0,ha,Actual,PL2
d33677bc155bcbfe,2009,7,Miền Bắc,Provincial,Cultivation,Lúa,,Area_Planted,734366.0,ha,Actual,PL2
23168519d1f4bbc3,2009,7,Miền Bắc,Provincial,Cultivation,Ngô,,Area_Planted,496211.0,ha,Actual,PL2
2509a0e29a53f25c,2009,7,Miền Bắc,Provincial,Cultivation,Khoai lang,,Area_Planted,96351.0,ha,Actual,PL2
656117cb8e9684f0,2009,7,Miền Bắc,Provincial,Cultivation,Sắn,,Area_Planted,132477.0,ha,Actual,PL2
d33677bc155bcbfe,2009,7,Miền Bắc,Provincial,Cultivation,Lúa,,Area_Planted,9327.0,ha,Actual,PL2
53d2a1244a84371a,2009,7,ĐB sông Hồng,Provincial,Cultivation,Lúa,,Area_Planted,450403.0,ha,Actual,PL2
53d2a1244a84371a,2009,7,ĐB sông Hồng,Provincial,Cultivation,Lúa,,Area_Planted,75842.0,ha,Actual,PL2
267286ba2ad41191,2009,7,ĐB sông Hồng,Provincial,Cultivation,Ngô,,Area_Planted,51075.0,ha,Actual,PL2
8ebc05bc8add6557,2009,7,ĐB sông Hồng,Provincial,Cultivation,Khoai lang,,Area_Planted,20267.0,ha,Actual,PL2
f719510137368d02,2009,7,ĐB sông Hồng,Provincial,Cultivation,Sắn,,Area_Planted,4500.0,ha,Actual,PL2
53d2a1244a84371a,2009,7,ĐB sông Hồng,Provincial,Cultivation,Lúa,,Area_Planted,0.0,ha,Actual,PL2
eaa7a660447d32ba,2009,7,Hà Nội,Provincial,Cultivation,Lúa,,Area_Planted,90710.0,ha,Actual,PL2
eaa7a660447d32ba,2009,7,Hà Nội,Provincial,Cultivation,Lúa,,Area_Planted,8268.0,ha,Actual,PL2
5f61c60cd4622f02,2009,7,Hà Nội,Provincial,Cultivation,Ngô,,Area_Planted,2768.0,ha,Actual,PL2
ae5c98603c868733,2009,7,Hà Nội,Provincial,Cultivation,Khoai lang,,Area_Planted,4500.0,ha,Actual,PL2
5260166cd1b1a268,2009,7,Hà Nội,Provincial,Cultivation,Sắn,,Area_Planted,1000.0,ha,Actual,PL2
40a4a85d7fa73c34,2009,7,Hải Phòng,Provincial,Cultivation,Lúa,,Area_Planted,29000.0,ha,Actual,PL2
40a4a85d7fa73c34,2009,7,Hải Phòng,Provincial,Cultivation,Lúa,,Area_Planted,7600.0,ha,Actual,PL2
59d45ac5a343bfff,2009,7,Hải Phòng,Provincial,Cultivation,Ngô,,Area_Planted,4700.0,ha,Actual,PL2
49d230696d42ecdf,2009,7,Hải Phòng,Provincial,Cultivation,Khoai lang,,Area_Planted,2900.0,ha,Actual,PL2
d9e32594d2af8b6d,2009,7,Vĩnh Phúc,Provincial,Cultivation,Lúa,,Area_Planted,28300.0,ha,Actual,PL2
d9e32594d2af8b6d,2009,7,Vĩnh Phúc,Provincial,Cultivation,Lúa,,Area_Planted,7659.0,ha,Actual,PL2
6336ed09161dfdab,2009,7,Vĩnh Phúc,Provincial,Cultivation,Ngô,,Area_Planted,5602.0,ha,Actual,PL2
14638f511ea21e1f,2009,7,Vĩnh Phúc,Provincial,Cultivation,Khoai lang,,Area_Planted,557.0,ha,Actual,PL2
ffbf012032d155f3,2009,7,Vĩnh Phúc,Provincial,Cultivation,Sắn,,Area_Planted,1500.0,ha,Actual,PL2
96429510f98a3804,2009,7,Bắc Ninh,Provincial,Cultivation,Lúa,,Area_Planted,28820.0,ha,Actual,PL2
96429510f98a3804,2009,7,Bắc Ninh,Provincial,Cultivation,Lúa,,Area_Planted,5000.0,ha,Actual,PL2
ec7f578fec392629,2009,7,Bắc Ninh,Provincial,Cultivation,Ngô,,Area_Planted,4000.0,ha,Actual,PL2
3a34d29079de48e0,2009,7,Bắc Ninh,Provincial,Cultivation,Khoai lang,,Area_Planted,1000.0,ha,Actual,PL2
91298ee23a7430c6,2009,7,Hải Dương,Provincial,Cultivation,Lúa,,Area_Planted,61133.0,ha,Actual,PL2
91298ee23a7430c6,2009,7,Hải Dương,Provincial,Cultivation,Lúa,,Area_Planted,5200.0,ha,Actual,PL2
c4568f13b7c27b8b,2009,7,Hải Dương,Provincial,Cultivation,Ngô,,Area_Planted,3750.0,ha,Actual,PL2
17bc5cf6f446b486,2009,7,Hải Dương,Provincial,Cultivation,Khoai lang,,Area_Planted,1450.0,ha,Actual,PL2
c2e485f66865e65e,2009,7,Hưng Yên,Provincial,Cultivation,Lúa,,Area_Planted,34564.0,ha,Actual,PL2
c2e485f66865e65e,2009,7,Hưng Yên,Provincial,Cultivation,Lúa,,Area_Planted,9500.0,ha,Actual,PL2
1f802d6ee46c3841,2009,7,Hưng Yên,Provincial,Cultivation,Ngô,,Area_Planted,8000.0,ha,Actual,PL2
1ec56c394e29be7b,2009,7,Hưng Yên,Provincial,Cultivation,Khoai lang,,Area_Planted,1500.0,ha,Actual,PL2
217e6a39f5149359,2009,7,Hà Nam,Provincial,Cultivation,Lúa,,Area_Planted,35403.0,ha,Actual,PL2
217e6a39f5149359,2009,7,Hà Nam,Provincial,Cultivation,Lúa,,Area_Planted,4855.0,ha,Actual,PL2
889958e92c9ec07b,2009,7,Hà Nam,Provincial,Cultivation,Ngô,,Area_Planted,4055.0,ha,Actual,PL2
712fa9cad84fe82e,2009,7,Hà Nam,Provincial,Cultivation,Khoai lang,,Area_Planted,800.0,ha,Actual,PL2
d5580ab062f2b371,2009,7,Nam Định,Provincial,Cultivation,Lúa,,Area_Planted,33650.0,ha,Actual,PL2
d5580ab062f2b371,2009,7,Nam Định,Provincial,Cultivation,Lúa,,Area_Planted,6000.0,ha,Actual,PL2
b783da189b7d2cea,2009,7,Nam Định,Provincial,Cultivation,Ngô,,Area_Planted,4000.0,ha,Actual,PL2
95195018e87daa8e,2009,7,Nam Định,Provincial,Cultivation,Khoai lang,,Area_Planted,2000.0,ha,Actual,PL2
2604ee97b41371ce,2009,7,Thái Bình,Provincial,Cultivation,Lúa,,Area_Planted,72050.0,ha,Actual,PL2
2604ee97b41371ce,2009,7,Thái Bình,Provincial,Cultivation,Lúa,,Area_Planted,12500.0,ha,Actual,PL2
29066344514af3d3,2009,7,Thái Bình,Provincial,Cultivation,Ngô,,Area_Planted,9000.0,ha,Actual,PL2
895190e84e6c895d,2009,7,Thái Bình,Provincial,Cultivation,Khoai lang,,Area_Planted,3500.0,ha,Actual,PL2
db6d5966ac0e3389,2009,7,Ninh Bình,Provincial,Cultivation,Lúa,,Area_Planted,36773.0,ha,Actual,PL2
db6d5966ac0e3389,2009,7,Ninh Bình,Provincial,Cultivation,Lúa,,Area_Planted,9260.0,ha,Actual,PL2
aea7ed71b0c309f7,2009,7,Ninh Bình,Provincial,Cultivation,Ngô,,Area_Planted,5200.0,ha,Actual,PL2
5057e46ab5729c84,2009,7,Ninh Bình,Provincial,Cultivation,Khoai lang,,Area_Planted,2060.0,ha,Actual,PL2
fc3c4a78d6b0e4a8,2009,7,Ninh Bình,Provincial,Cultivation,Sắn,,Area_Planted,2000.0,ha,Actual,PL2
61e6ca12340b1b8a,2009,7,Đông Bắc,Provincial,Cultivation,Lúa,,Area_Planted,219431.0,ha,Actual,PL2
61e6ca12340b1b8a,2009,7,Đông Bắc,Provincial,Cultivation,Lúa,,Area_Planted,278597.0,ha,Actual,PL2
be1b07d9572169ec,2009,7,Đông Bắc,Provincial,Cultivation,Ngô,,Area_Planted,202345.0,ha,Actual,PL2
37ea1bdfe75760bf,2009,7,Đông Bắc,Provincial,Cultivation,Khoai lang,,Area_Planted,31297.0,ha,Actual,PL2
c386a2f6eac25694,2009,7,Đông Bắc,Provincial,Cultivation,Sắn,,Area_Planted,41374.0,ha,Actual,PL2
61e6ca12340b1b8a,2009,7,Đông Bắc,Provincial,Cultivation,Lúa,,Area_Planted,3581.0,ha,Actual,PL2
8a7f35d1040afeb7,2009,7,Hà Giang,Provincial,Cultivation,Lúa,,Area_Planted,15000.0,ha,Actual,PL2
8a7f35d1040afeb7,2009,7,Hà Giang,Provincial,Cultivation,Lúa,,Area_Planted,40273.0,ha,Actual,PL2
c374c1b830a83bf7,2009,7,Hà Giang,Provincial,Cultivation,Ngô,,Area_Planted,39000.0,ha,Actual,PL2
949395f7ed7f0183,2009,7,Hà Giang,Provincial,Cultivation,Khoai lang,,Area_Planted,433.0,ha,Actual,PL2
8a7f35d1040afeb7,2009,7,Hà Giang,Provincial,Cultivation,Lúa,,Area_Planted,840.0,ha,Actual,PL2
7086651c066f0d56,2009,7,Cao Bằng,Provincial,Cultivation,Lúa,,Area_Planted,10176.0,ha,Actual,PL2
7086651c066f0d56,2009,7,Cao Bằng,Provincial,Cultivation,Lúa,,Area_Planted,32894.0,ha,Actual,PL2
29e86f2f74200af1,2009,7,Cao Bằng,Provincial,Cultivation,Ngô,,Area_Planted,32694.0,ha,Actual,PL2
36d4f9df7e599142,2009,7,Cao Bằng,Provincial,Cultivation,Khoai lang,,Area_Planted,100.0,ha,Actual,PL2
1dea36587d17844d,2009,7,Cao Bằng,Provincial,Cultivation,Sắn,,Area_Planted,100.0,ha,Actual,PL2
7e2016b192cc623b,2009,7,Lào Cai,Provincial,Cultivation,Lúa,,Area_Planted,11704.0,ha,Actual,PL2
7e2016b192cc623b,2009,7,Lào Cai,Provincial,Cultivation,Lúa,,Area_Planted,30486.0,ha,Actual,PL2
0c67e3bfbfab4aee,2009,7,Lào Cai,Provincial,Cultivation,Ngô,,Area_Planted,21436.0,ha,Actual,PL2
d0c291f125c81a48,2009,7,Lào Cai,Provincial,Cultivation,Khoai lang,,Area_Planted,350.0,ha,Actual,PL2
df6733fefde9b51e,2009,7,Lào Cai,Provincial,Cultivation,Sắn,,Area_Planted,8000.0,ha,Actual,PL2
7e2016b192cc623b,2009,7,Lào Cai,Provincial,Cultivation,Lúa,,Area_Planted,700.0,ha,Actual,PL2
e3eb0993c2200c30,2009,7,Bắc Cạn,Provincial,Cultivation,Lúa,,Area_Planted,4890.0,ha,Actual,PL2
e3eb0993c2200c30,2009,7,Bắc Cạn,Provincial,Cultivation,Lúa,,Area_Planted,15221.0,ha,Actual,PL2
df649977f890b06c,2009,7,Bắc Cạn,Provincial,Cultivation,Ngô,,Area_Planted,13482.0,ha,Actual,PL2
89f5bffaa249e0f4,2009,7,Bắc Cạn,Provincial,Cultivation,Khoai lang,,Area_Planted,256.0,ha,Actual,PL2
ac50fb67e28371d3,2009,7,Bắc Cạn,Provincial,Cultivation,Sắn,,Area_Planted,1345.0,ha,Actual,PL2
e3eb0993c2200c30,2009,7,Bắc Cạn,Provincial,Cultivation,Lúa,,Area_Planted,138.0,ha,Actual,PL2
52f78b01f5ca2b46,2009,7,Lạng Sơn,Provincial,Cultivation,Lúa,,Area_Planted,13000.0,ha,Actual,PL2
52f78b01f5ca2b46,2009,7,Lạng Sơn,Provincial,Cultivation,Lúa,,Area_Planted,19500.0,ha,Actual,PL2
7c78dac38ad38e16,2009,7,Lạng Sơn,Provincial,Cultivation,Ngô,,Area_Planted,15000.0,ha,Actual,PL2
42c04df5ab5a191f,2009,7,Lạng Sơn,Provincial,Cultivation,Khoai lang,,Area_Planted,1000.0,ha,Actual,PL2
925a3830a7235c6a,2009,7,Lạng Sơn,Provincial,Cultivation,Sắn,,Area_Planted,3000.0,ha,Actual,PL2
52f78b01f5ca2b46,2009,7,Lạng Sơn,Provincial,Cultivation,Lúa,,Area_Planted,500.0,ha,Actual,PL2
e5532fafa8fb93f8,2009,7,Tuyên Quang,Provincial,Cultivation,Lúa,,Area_Planted,23636.0,ha,Actual,PL2
e5532fafa8fb93f8,2009,7,Tuyên Quang,Provincial,Cultivation,Lúa,,Area_Planted,14000.0,ha,Actual,PL2
6feb149ff85d3960,2009,7,Tuyên Quang,Provincial,Cultivation,Ngô,,Area_Planted,10000.0,ha,Actual,PL2
ed31049c879e18c9,2009,7,Tuyên Quang,Provincial,Cultivation,Khoai lang,,Area_Planted,4000.0,ha,Actual,PL2
2329745256f0ef15,2009,7,Yên Bái,Provincial,Cultivation,Lúa,,Area_Planted,19437.0,ha,Actual,PL2
2329745256f0ef15,2009,7,Yên Bái,Provincial,Cultivation,Lúa,,Area_Planted,28530.0,ha,Actual,PL2
cd84ac086f25bb9e,2009,7,Yên Bái,Provincial,Cultivation,Ngô,,Area_Planted,12530.0,ha,Actual,PL2
91ba3841a2643254,2009,7,Yên Bái,Provincial,Cultivation,Khoai lang,,Area_Planted,2000.0,ha,Actual,PL2
64d6c2f3a9054b0f,2009,7,Yên Bái,Provincial,Cultivation,Sắn,,Area_Planted,14000.0,ha,Actual,PL2
b6dd2eb17418f45d,2009,7,Thái Nguyên,Provincial,Cultivation,Lúa,,Area_Planted,33937.0,ha,Actual,PL2
b6dd2eb17418f45d,2009,7,Thái Nguyên,Provincial,Cultivation,Lúa,,Area_Planted,28046.0,ha,Actual,PL2
2721a8daeedc9433,2009,7,Thái Nguyên,Provincial,Cultivation,Ngô,,Area_Planted,17000.0,ha,Actual,PL2
0fc2092d91dd9b8e,2009,7,Thái Nguyên,Provincial,Cultivation,Khoai lang,,Area_Planted,7000.0,ha,Actual,PL2
e3235c79baf8655c,2009,7,Thái Nguyên,Provincial,Cultivation,Sắn,,Area_Planted,4046.0,ha,Actual,PL2
dd8a0f13311dc324,2009,7,Phú Thọ,Provincial,Cultivation,Lúa,,Area_Planted,30000.0,ha,Actual,PL2
dd8a0f13311dc324,2009,7,Phú Thọ,Provincial,Cultivation,Lúa,,Area_Planted,32694.0,ha,Actual,PL2
d461b0d73c35c3fc,2009,7,Phú Thọ,Provincial,Cultivation,Ngô,,Area_Planted,24509.0,ha,Actual,PL2
4d41c639b2b38918,2009,7,Phú Thọ,Provincial,Cultivation,Khoai lang,,Area_Planted,3165.0,ha,Actual,PL2
bcf63c53b9fc8960,2009,7,Phú Thọ,Provincial,Cultivation,Sắn,,Area_Planted,5020.0,ha,Actual,PL2
8dc730373ea05a3b,2009,7,Bắc Giang,Provincial,Cultivation,Lúa,,Area_Planted,46651.0,ha,Actual,PL2
8dc730373ea05a3b,2009,7,Bắc Giang,Provincial,Cultivation,Lúa,,Area_Planted,24130.0,ha,Actual,PL2
a332003687b317a8,2009,7,Bắc Giang,Provincial,Cultivation,Ngô,,Area_Planted,10986.0,ha,Actual,PL2
d5cedaaae4961857,2009,7,Bắc Giang,Provincial,Cultivation,Khoai lang,,Area_Planted,7778.0,ha,Actual,PL2
dc08e820eb00a22e,2009,7,Bắc Giang,Provincial,Cultivation,Sắn,,Area_Planted,4763.0,ha,Actual,PL2
8dc730373ea05a3b,2009,7,Bắc Giang,Provincial,Cultivation,Lúa,,Area_Planted,603.0,ha,Actual,PL2
3cef59ecbc221e41,2009,7,Quảng Ninh,Provincial,Cultivation,Lúa,,Area_Planted,11000.0,ha,Actual,PL2
3cef59ecbc221e41,2009,7,Quảng Ninh,Provincial,Cultivation,Lúa,,Area_Planted,12823.0,ha,Actual,PL2
ddedef5be459f6e3,2009,7,Quảng Ninh,Provincial,Cultivation,Ngô,,Area_Planted,5708.0,ha,Actual,PL2
18bba3413c5e2834,2009,7,Quảng Ninh,Provincial,Cultivation,Khoai lang,,Area_Planted,5215.0,ha,Actual,PL2
bec57177bdee3ccf,2009,7,Quảng Ninh,Provincial,Cultivation,Sắn,,Area_Planted,1100.0,ha,Actual,PL2
3cef59ecbc221e41,2009,7,Quảng Ninh,Provincial,Cultivation,Lúa,,Area_Planted,800.0,ha,Actual,PL2
84ddacc16fc7d799,2009,7,Tây Bắc,Provincial,Cultivation,Lúa,,Area_Planted,81151.0,ha,Actual,PL2
84ddacc16fc7d799,2009,7,Tây Bắc,Provincial,Cultivation,Lúa,,Area_Planted,175592.0,ha,Actual,PL2
94ef53d0a247712e,2009,7,Tây Bắc,Provincial,Cultivation,Ngô,,Area_Planted,125825.0,ha,Actual,PL2
eb70064f44d4d3c0,2009,7,Tây Bắc,Provincial,Cultivation,Khoai lang,,Area_Planted,5365.0,ha,Actual,PL2
b648cf13b74a727c,2009,7,Tây Bắc,Provincial,Cultivation,Sắn,,Area_Planted,40162.0,ha,Actual,PL2
84ddacc16fc7d799,2009,7,Tây Bắc,Provincial,Cultivation,Lúa,,Area_Planted,4240.0,ha,Actual,PL2
48ce1aea761c6009,2009,7,Lai Châu,Provincial,Cultivation,Lúa,,Area_Planted,22000.0,ha,Actual,PL2
48ce1aea761c6009,2009,7,Lai Châu,Provincial,Cultivation,Lúa,,Area_Planted,5000.0,ha,Actual,PL2
5b4f796d078b966e,2009,7,Lai Châu,Provincial,Cultivation,Sắn,,Area_Planted,5000.0,ha,Actual,PL2
67d821e50e0cac22,2009,7,Điện Biên,Provincial,Cultivation,Lúa,,Area_Planted,35000.0,ha,Actual,PL2
67d821e50e0cac22,2009,7,Điện Biên,Provincial,Cultivation,Lúa,,Area_Planted,7500.0,ha,Actual,PL2
6a91919c0c38ee9c,2009,7,Điện Biên,Provincial,Cultivation,Sắn,,Area_Planted,7500.0,ha,Actual,PL2
69daea1c6f4fcbdb,2009,7,Sơn La,Provincial,Cultivation,Lúa,,Area_Planted,9475.0,ha,Actual,PL2
69daea1c6f4fcbdb,2009,7,Sơn La,Provincial,Cultivation,Lúa,,Area_Planted,119025.0,ha,Actual,PL2
1fdc5b6b01fa858d,2009,7,Sơn La,Provincial,Cultivation,Ngô,,Area_Planted,100825.0,ha,Actual,PL2
14081e6a3384de8a,2009,7,Sơn La,Provincial,Cultivation,Khoai lang,,Area_Planted,200.0,ha,Actual,PL2
819d917ad4f655f4,2009,7,Sơn La,Provincial,Cultivation,Sắn,,Area_Planted,15000.0,ha,Actual,PL2
69daea1c6f4fcbdb,2009,7,Sơn La,Provincial,Cultivation,Lúa,,Area_Planted,3000.0,ha,Actual,PL2
4d98fa7b39e99889,2009,7,Hoà Bình,Provincial,Cultivation,Lúa,,Area_Planted,14676.0,ha,Actual,PL2
4d98fa7b39e99889,2009,7,Hoà Bình,Provincial,Cultivation,Lúa,,Area_Planted,44067.0,ha,Actual,PL2
4960a0e63b818f63,2009,7,Hoà Bình,Provincial,Cultivation,Ngô,,Area_Planted,25000.0,ha,Actual,PL2
ee506d6eeeca254e,2009,7,Hoà Bình,Provincial,Cultivation,Khoai lang,,Area_Planted,5165.0,ha,Actual,PL2
aeafa3b421ee1566,2009,7,Hoà Bình,Provincial,Cultivation,Sắn,,Area_Planted,12662.0,ha,Actual,PL2
4d98fa7b39e99889,2009,7,Hoà Bình,Provincial,Cultivation,Lúa,,Area_Planted,1240.0,ha,Actual,PL2
9e71cdc39f381950,2009,7,Bắc Trung Bộ,Provincial,Cultivation,Lúa,,Area_Planted,176765.0,ha,Actual,PL2
9e71cdc39f381950,2009,7,Bắc Trung Bộ,Provincial,Cultivation,Lúa,,Area_Planted,204335.0,ha,Actual,PL2
d6b892646df14999,2009,7,Bắc Trung Bộ,Provincial,Cultivation,Ngô,,Area_Planted,116966.0,ha,Actual,PL2
271eae417faa4f1d,2009,7,Bắc Trung Bộ,Provincial,Cultivation,Khoai lang,,Area_Planted,39422.0,ha,Actual,PL2
ad66402dae64da7e,2009,7,Bắc Trung Bộ,Provincial,Cultivation,Sắn,,Area_Planted,46441.0,ha,Actual,PL2
9e71cdc39f381950,2009,7,Bắc Trung Bộ,Provincial,Cultivation,Lúa,,Area_Planted,1506.0,ha,Actual,PL2
8633211e0a2d1ab0,2009,7,Thanh Hoá,Provincial,Cultivation,Lúa,,Area_Planted,130825.0,ha,Actual,PL2
8633211e0a2d1ab0,2009,7,Thanh Hoá,Provincial,Cultivation,Lúa,,Area_Planted,61055.0,ha,Actual,PL2
511d306b2d9bbc3a,2009,7,Thanh Hoá,Provincial,Cultivation,Ngô,,Area_Planted,42500.0,ha,Actual,PL2
9ac50065c2fcf0aa,2009,7,Thanh Hoá,Provincial,Cultivation,Khoai lang,,Area_Planted,11555.0,ha,Actual,PL2
49fce3aefcfb6d04,2009,7,Thanh Hoá,Provincial,Cultivation,Sắn,,Area_Planted,7000.0,ha,Actual,PL2
25a2ca9570364801,2009,7,Nghệ An,Provincial,Cultivation,Lúa,,Area_Planted,39110.0,ha,Actual,PL2
25a2ca9570364801,2009,7,Nghệ An,Provincial,Cultivation,Lúa,,Area_Planted,82058.0,ha,Actual,PL2
51284967d8ded529,2009,7,Nghệ An,Provincial,Cultivation,Ngô,,Area_Planted,55713.0,ha,Actual,PL2
096a6493367cab9b,2009,7,Nghệ An,Provincial,Cultivation,Khoai lang,,Area_Planted,10141.0,ha,Actual,PL2
ae96c2b8dd5d424b,2009,7,Nghệ An,Provincial,Cultivation,Sắn,,Area_Planted,16204.0,ha,Actual,PL2
5486ac24f879c777,2009,7,Hà Tĩnh,Provincial,Cultivation,Lúa,,Area_Planted,6230.0,ha,Actual,PL2
5486ac24f879c777,2009,7,Hà Tĩnh,Provincial,Cultivation,Lúa,,Area_Planted,22326.0,ha,Actual,PL2
4ce59228489018e6,2009,7,Hà Tĩnh,Provincial,Cultivation,Ngô,,Area_Planted,9000.0,ha,Actual,PL2
6eeff395212605b2,2009,7,Hà Tĩnh,Provincial,Cultivation,Khoai lang,,Area_Planted,11326.0,ha,Actual,PL2
b872841ba26c56c4,2009,7,Hà Tĩnh,Provincial,Cultivation,Sắn,,Area_Planted,2000.0,ha,Actual,PL2
15f6035f86a02004,2009,7,Quảng Bình,Provincial,Cultivation,Lúa,,Area_Planted,12700.0,ha,Actual,PL2
e6e7ff77035f0402,2009,7,Quảng Bình,Provincial,Cultivation,Ngô,,Area_Planted,5000.0,ha,Actual,PL2
0a68b04e4bd391ad,2009,7,Quảng Bình,Provincial,Cultivation,Khoai lang,,Area_Planted,700.0,ha,Actual,PL2
92ec554c568aca91,2009,7,Quảng Bình,Provincial,Cultivation,Sắn,,Area_Planted,7000.0,ha,Actual,PL2
271edad8ecd13354,2009,7,Quảng Trị,Provincial,Cultivation,Lúa,,Area_Planted,14743.0,ha,Actual,PL2
f686234148491055,2009,7,Quảng Trị,Provincial,Cultivation,Ngô,,Area_Planted,3000.0,ha,Actual,PL2
924f3548ef027690,2009,7,Quảng Trị,Provincial,Cultivation,Khoai lang,,Area_Planted,2500.0,ha,Actual,PL2
62b5ff5f78a7c5d3,2009,7,Quảng Trị,Provincial,Cultivation,Sắn,,Area_Planted,8237.0,ha,Actual,PL2
271edad8ecd13354,2009,7,Quảng Trị,Provincial,Cultivation,Lúa,,Area_Planted,1006.0,ha,Actual,PL2
2bb42fe98f5002b4,2009,7,Thừa Thiên Huế,Provincial,Cultivation,Lúa,,Area_Planted,600.0,ha,Actual,PL2
2bb42fe98f5002b4,2009,7,Thừa Thiên Huế,Provincial,Cultivation,Lúa,,Area_Planted,11453.0,ha,Actual,PL2
d772d8652a4f1ca1,2009,7,Thừa Thiên Huế,Provincial,Cultivation,Ngô,,Area_Planted,1753.0,ha,Actual,PL2
874b725aec1470dd,2009,7,Thừa Thiên Huế,Provincial,Cultivation,Khoai lang,,Area_Planted,3200.0,ha,Actual,PL2
796221da6ad1ef38,2009,7,Thừa Thiên Huế,Provincial,Cultivation,Sắn,,Area_Planted,6000.0,ha,Actual,PL2
2bb42fe98f5002b4,2009,7,Thừa Thiên Huế,Provincial,Cultivation,Lúa,,Area_Planted,500.0,ha,Actual,PL2
d33677bc155bcbfe,2009,7,Miền Bắc,Provincial,Cultivation,Lúa,,Area_Planted,300001.0,ha,Actual,PL3
0d798d2183c220ba,2009,7,Miền Bắc,Provincial,Cultivation,Đậu tương,,Area_Planted,122261.0,ha,Actual,PL3
385373d8143e6041,2009,7,Miền Bắc,Provincial,Cultivation,Lạc,,Area_Planted,134234.0,ha,Actual,PL3
fb46bb67b4323d47,2009,7,Miền Bắc,Provincial,Cultivation,Mía,,Area_Planted,34575.0,ha,Actual,PL3
20c1ee12f97c40ab,2009,7,Miền Bắc,Provincial,Cultivation,Thuốc lá,,Area_Planted,8931.0,ha,Actual,PL3
20c1ee12f97c40ab,2009,7,Miền Bắc,Provincial,Cultivation,Thuốc lá,,Area_Planted,282107.0,ha,Actual,PL3
53d2a1244a84371a,2009,7,ĐB sông Hồng,Provincial,Cultivation,Lúa,,Area_Planted,113893.0,ha,Actual,PL3
e147e2d4ffaf5b8a,2009,7,ĐB sông Hồng,Provincial,Cultivation,Đậu tương,,Area_Planted,79812.0,ha,Actual,PL3
4775452d3ce6d386,2009,7,ĐB sông Hồng,Provincial,Cultivation,Lạc,,Area_Planted,30973.0,ha,Actual,PL3
82b03ee7a20cb552,2009,7,ĐB sông Hồng,Provincial,Cultivation,Mía,,Area_Planted,858.0,ha,Actual,PL3
d8a51ce6ed8a17ec,2009,7,ĐB sông Hồng,Provincial,Cultivation,Thuốc lá,,Area_Planted,2250.0,ha,Actual,PL3
d8a51ce6ed8a17ec,2009,7,ĐB sông Hồng,Provincial,Cultivation,Thuốc lá,,Area_Planted,124941.0,ha,Actual,PL3
eaa7a660447d32ba,2009,7,Hà Nội,Provincial,Cultivation,Lúa,,Area_Planted,45069.0,ha,Actual,PL3
1c6957a1d5de60db,2009,7,Hà Nội,Provincial,Cultivation,Đậu tương,,Area_Planted,37596.0,ha,Actual,PL3
79710e447ea4b7ef,2009,7,Hà Nội,Provincial,Cultivation,Lạc,,Area_Planted,7473.0,ha,Actual,PL3
674117f8c20fde59,2009,7,Hà Nội,Provincial,Cultivation,Thuốc lá,,Area_Planted,25136.0,ha,Actual,PL3
40a4a85d7fa73c34,2009,7,Hải Phòng,Provincial,Cultivation,Lúa,,Area_Planted,2550.0,ha,Actual,PL3
460c453d1ab066b8,2009,7,Hải Phòng,Provincial,Cultivation,Đậu tương,,Area_Planted,200.0,ha,Actual,PL3
bdbedf625ab812a3,2009,7,Hải Phòng,Provincial,Cultivation,Lạc,,Area_Planted,100.0,ha,Actual,PL3
9e45c6e137f22aa5,2009,7,Hải Phòng,Provincial,Cultivation,Thuốc lá,,Area_Planted,2250.0,ha,Actual,PL3
9e45c6e137f22aa5,2009,7,Hải Phòng,Provincial,Cultivation,Thuốc lá,,Area_Planted,12400.0,ha,Actual,PL3
d9e32594d2af8b6d,2009,7,Vĩnh Phúc,Provincial,Cultivation,Lúa,,Area_Planted,15068.0,ha,Actual,PL3
e5330a18ec0bbd86,2009,7,Vĩnh Phúc,Provincial,Cultivation,Đậu tương,,Area_Planted,8637.0,ha,Actual,PL3
23c2d6fca2aa8e42,2009,7,Vĩnh Phúc,Provincial,Cultivation,Lạc,,Area_Planted,6381.0,ha,Actual,PL3
cfa741b8f1fdb833,2009,7,Vĩnh Phúc,Provincial,Cultivation,Mía,,Area_Planted,50.0,ha,Actual,PL3
7c64f97e244cd716,2009,7,Vĩnh Phúc,Provincial,Cultivation,Thuốc lá,,Area_Planted,5394.0,ha,Actual,PL3
96429510f98a3804,2009,7,Bắc Ninh,Provincial,Cultivation,Lúa,,Area_Planted,3519.0,ha,Actual,PL3
e157fcea581fd9fb,2009,7,Bắc Ninh,Provincial,Cultivation,Đậu tương,,Area_Planted,2466.0,ha,Actual,PL3
0b77d101ce83fdad,2009,7,Bắc Ninh,Provincial,Cultivation,Lạc,,Area_Planted,1053.0,ha,Actual,PL3
8eb407e879eda793,2009,7,Bắc Ninh,Provincial,Cultivation,Thuốc lá,,Area_Planted,5730.0,ha,Actual,PL3
91298ee23a7430c6,2009,7,Hải Dương,Provincial,Cultivation,Lúa,,Area_Planted,1200.0,ha,Actual,PL3
43b9f911c52694a5,2009,7,Hải Dương,Provincial,Cultivation,Đậu tương,,Area_Planted,200.0,ha,Actual,PL3
7a0bb96e64333a17,2009,7,Hải Dương,Provincial,Cultivation,Lạc,,Area_Planted,1000.0,ha,Actual,PL3
df9906689d752996,2009,7,Hải Dương,Provincial,Cultivation,Thuốc lá,,Area_Planted,24000.0,ha,Actual,PL3
c2e485f66865e65e,2009,7,Hưng Yên,Provincial,Cultivation,Lúa,,Area_Planted,5188.0,ha,Actual,PL3
aec63ebcf42ae1b0,2009,7,Hưng Yên,Provincial,Cultivation,Đậu tương,,Area_Planted,3561.0,ha,Actual,PL3
6ddc6550b7ade624,2009,7,Hưng Yên,Provincial,Cultivation,Lạc,,Area_Planted,1627.0,ha,Actual,PL3
feaef9be2f55a7f0,2009,7,Hưng Yên,Provincial,Cultivation,Thuốc lá,,Area_Planted,12000.0,ha,Actual,PL3
217e6a39f5149359,2009,7,Hà Nam,Provincial,Cultivation,Lúa,,Area_Planted,9500.0,ha,Actual,PL3
181a0ec279947cba,2009,7,Hà Nam,Provincial,Cultivation,Đậu tương,,Area_Planted,9000.0,ha,Actual,PL3
d880f7dfee73a240,2009,7,Hà Nam,Provincial,Cultivation,Lạc,,Area_Planted,500.0,ha,Actual,PL3
900a44778d4f5f15,2009,7,Hà Nam,Provincial,Cultivation,Thuốc lá,,Area_Planted,5600.0,ha,Actual,PL3
d5580ab062f2b371,2009,7,Nam Định,Provincial,Cultivation,Lúa,,Area_Planted,9239.0,ha,Actual,PL3
efc6b1712540fffe,2009,7,Nam Định,Provincial,Cultivation,Đậu tương,,Area_Planted,3000.0,ha,Actual,PL3
3e6f266eadc4e09b,2009,7,Nam Định,Provincial,Cultivation,Lạc,,Area_Planted,6239.0,ha,Actual,PL3
773c395a0b262ed8,2009,7,Nam Định,Provincial,Cultivation,Thuốc lá,,Area_Planted,13000.0,ha,Actual,PL3
2604ee97b41371ce,2009,7,Thái Bình,Provincial,Cultivation,Lúa,,Area_Planted,10177.0,ha,Actual,PL3
848bdd2e6036308d,2009,7,Thái Bình,Provincial,Cultivation,Đậu tương,,Area_Planted,8077.0,ha,Actual,PL3
15b84352d66f36df,2009,7,Thái Bình,Provincial,Cultivation,Lạc,,Area_Planted,2100.0,ha,Actual,PL3
142e201da1a7637f,2009,7,Thái Bình,Provincial,Cultivation,Thuốc lá,,Area_Planted,16000.0,ha,Actual,PL3
db6d5966ac0e3389,2009,7,Ninh Bình,Provincial,Cultivation,Lúa,,Area_Planted,12383.0,ha,Actual,PL3
462dbb1e5daa66dc,2009,7,Ninh Bình,Provincial,Cultivation,Đậu tương,,Area_Planted,7075.0,ha,Actual,PL3
a726a68f9634efe6,2009,7,Ninh Bình,Provincial,Cultivation,Lạc,,Area_Planted,4500.0,ha,Actual,PL3
5353011c833e4344,2009,7,Ninh Bình,Provincial,Cultivation,Mía,,Area_Planted,808.0,ha,Actual,PL3
4be32b8209c628e3,2009,7,Ninh Bình,Provincial,Cultivation,Thuốc lá,,Area_Planted,5681.0,ha,Actual,PL3
61e6ca12340b1b8a,2009,7,Đông Bắc,Provincial,Cultivation,Lúa,,Area_Planted,52081.0,ha,Actual,PL3
dc123e3826079080,2009,7,Đông Bắc,Provincial,Cultivation,Đậu tương,,Area_Planted,22556.0,ha,Actual,PL3
fb9c18d8d9ce5f24,2009,7,Đông Bắc,Provincial,Cultivation,Lạc,,Area_Planted,20887.0,ha,Actual,PL3
1794649b56060a9f,2009,7,Đông Bắc,Provincial,Cultivation,Mía,,Area_Planted,2140.0,ha,Actual,PL3
e6604ea5f8c3802f,2009,7,Đông Bắc,Provincial,Cultivation,Thuốc lá,,Area_Planted,6498.0,ha,Actual,PL3
e6604ea5f8c3802f,2009,7,Đông Bắc,Provincial,Cultivation,Thuốc lá,,Area_Planted,62359.0,ha,Actual,PL3
2365dfdd4cdb39da,2009,7,i  Hà Gang,Provincial,Cultivation,Lúa,,Area_Planted,12096.0,ha,Actual,PL3
317e8c12e49ab11e,2009,7,i  Hà Gang,Provincial,Cultivation,Đậu tương,,Area_Planted,7543.0,ha,Actual,PL3
78987319c1d3feef,2009,7,i  Hà Gang,Provincial,Cultivation,Lạc,,Area_Planted,4553.0,ha,Actual,PL3
32593e9ae556e7ab,2009,7,i  Hà Gang,Provincial,Cultivation,Thuốc lá,,Area_Planted,9490.0,ha,Actual,PL3
7086651c066f0d56,2009,7,Cao Bằng,Provincial,Cultivation,Lúa,,Area_Planted,4552.0,ha,Actual,PL3
f1a4dd094e867baf,2009,7,Cao Bằng,Provincial,Cultivation,Đậu tương,,Area_Planted,1084.0,ha,Actual,PL3
f5b45982cb586074,2009,7,Cao Bằng,Provincial,Cultivation,Lạc,,Area_Planted,314.0,ha,Actual,PL3
78cd77ddec486bc2,2009,7,Cao Bằng,Provincial,Cultivation,Mía,,Area_Planted,1975.0,ha,Actual,PL3
99cd5e6adeae50d5,2009,7,Cao Bằng,Provincial,Cultivation,Thuốc lá,,Area_Planted,1179.0,ha,Actual,PL3
99cd5e6adeae50d5,2009,7,Cao Bằng,Provincial,Cultivation,Thuốc lá,,Area_Planted,1963.0,ha,Actual,PL3
7e2016b192cc623b,2009,7,Lào Cai,Provincial,Cultivation,Lúa,,Area_Planted,3083.0,ha,Actual,PL3
2357a6dba92db819,2009,7,Lào Cai,Provincial,Cultivation,Đậu tương,,Area_Planted,2353.0,ha,Actual,PL3
15911ccbc67a4f2f,2009,7,Lào Cai,Provincial,Cultivation,Lạc,,Area_Planted,648.0,ha,Actual,PL3
86b9bfaad5fc0d7e,2009,7,Lào Cai,Provincial,Cultivation,Thuốc lá,,Area_Planted,82.0,ha,Actual,PL3
86b9bfaad5fc0d7e,2009,7,Lào Cai,Provincial,Cultivation,Thuốc lá,,Area_Planted,3594.0,ha,Actual,PL3
e3eb0993c2200c30,2009,7,Bắc Cạn,Provincial,Cultivation,Lúa,,Area_Planted,2992.0,ha,Actual,PL3
f0845e49f870fb25,2009,7,Bắc Cạn,Provincial,Cultivation,Đậu tương,,Area_Planted,1729.0,ha,Actual,PL3
e3c00c31206dc904,2009,7,Bắc Cạn,Provincial,Cultivation,Lạc,,Area_Planted,362.0,ha,Actual,PL3
7346e904f37c6004,2009,7,Bắc Cạn,Provincial,Cultivation,Mía,,Area_Planted,165.0,ha,Actual,PL3
6aeeaa3854032cda,2009,7,Bắc Cạn,Provincial,Cultivation,Thuốc lá,,Area_Planted,736.0,ha,Actual,PL3
6aeeaa3854032cda,2009,7,Bắc Cạn,Provincial,Cultivation,Thuốc lá,,Area_Planted,1476.0,ha,Actual,PL3
52f78b01f5ca2b46,2009,7,Lạng Sơn,Provincial,Cultivation,Lúa,,Area_Planted,6483.0,ha,Actual,PL3
bb33311a340ba0a6,2009,7,Lạng Sơn,Provincial,Cultivation,Đậu tương,,Area_Planted,800.0,ha,Actual,PL3
e764ab1d6275ef9d,2009,7,Lạng Sơn,Provincial,Cultivation,Lạc,,Area_Planted,1182.0,ha,Actual,PL3
512707ed15c84ac2,2009,7,Lạng Sơn,Provincial,Cultivation,Thuốc lá,,Area_Planted,4501.0,ha,Actual,PL3
512707ed15c84ac2,2009,7,Lạng Sơn,Provincial,Cultivation,Thuốc lá,,Area_Planted,5732.0,ha,Actual,PL3
e5532fafa8fb93f8,2009,7,Tuyên Quang,Provincial,Cultivation,Lúa,,Area_Planted,3457.0,ha,Actual,PL3
d47444755b9f86d5,2009,7,Tuyên Quang,Provincial,Cultivation,Đậu tương,,Area_Planted,3000.0,ha,Actual,PL3
22fa59c412e30d9a,2009,7,Tuyên Quang,Provincial,Cultivation,Lạc,,Area_Planted,457.0,ha,Actual,PL3
24a7fa5d0d883de1,2009,7,Tuyên Quang,Provincial,Cultivation,Thuốc lá,,Area_Planted,4534.0,ha,Actual,PL3
2329745256f0ef15,2009,7,Yên Bái,Provincial,Cultivation,Lúa,,Area_Planted,2801.0,ha,Actual,PL3
427d2873ec8bc9d8,2009,7,Yên Bái,Provincial,Cultivation,Đậu tương,,Area_Planted,1238.0,ha,Actual,PL3
30f2fc87a02ef55d,2009,7,Yên Bái,Provincial,Cultivation,Lạc,,Area_Planted,1563.0,ha,Actual,PL3
e6f0bf5497ac1419,2009,7,Yên Bái,Provincial,Cultivation,Thuốc lá,,Area_Planted,4429.0,ha,Actual,PL3
b6dd2eb17418f45d,2009,7,Thái Nguyên,Provincial,Cultivation,Lúa,,Area_Planted,5203.0,ha,Actual,PL3
101e43cd7c6bd741,2009,7,Thái Nguyên,Provincial,Cultivation,Đậu tương,,Area_Planted,1415.0,ha,Actual,PL3
c6b1e92dfce6a629,2009,7,Thái Nguyên,Provincial,Cultivation,Lạc,,Area_Planted,3788.0,ha,Actual,PL3
d8da27e0daf71c46,2009,7,Thái Nguyên,Provincial,Cultivation,Thuốc lá,,Area_Planted,10844.0,ha,Actual,PL3
dd8a0f13311dc324,2009,7,Phú Thọ,Provincial,Cultivation,Lúa,,Area_Planted,6056.0,ha,Actual,PL3
44c0497a68b4e13c,2009,7,Phú Thọ,Provincial,Cultivation,Đậu tương,,Area_Planted,1056.0,ha,Actual,PL3
37a27507d0700542,2009,7,Phú Thọ,Provincial,Cultivation,Lạc,,Area_Planted,5000.0,ha,Actual,PL3
06730217bfc997a7,2009,7,Phú Thọ,Provincial,Cultivation,Thuốc lá,,Area_Planted,8289.0,ha,Actual,PL3
8dc730373ea05a3b,2009,7,Bắc Giang,Provincial,Cultivation,Lúa,,Area_Planted,2108.0,ha,Actual,PL3
e8c4d57125583ccc,2009,7,Bắc Giang,Provincial,Cultivation,Đậu tương,,Area_Planted,1678.0,ha,Actual,PL3
1a7cab4bde561329,2009,7,Bắc Giang,Provincial,Cultivation,Lạc,,Area_Planted,430.0,ha,Actual,PL3
955f829b0fd3faa4,2009,7,Bắc Giang,Provincial,Cultivation,Thuốc lá,,Area_Planted,2508.0,ha,Actual,PL3
3cef59ecbc221e41,2009,7,Quảng Ninh,Provincial,Cultivation,Lúa,,Area_Planted,3250.0,ha,Actual,PL3
65376ccb64f1a3a2,2009,7,Quảng Ninh,Provincial,Cultivation,Đậu tương,,Area_Planted,660.0,ha,Actual,PL3
f07feecc05c21cb8,2009,7,Quảng Ninh,Provincial,Cultivation,Lạc,,Area_Planted,2590.0,ha,Actual,PL3
f3a4aa3facbfb2fb,2009,7,Quảng Ninh,Provincial,Cultivation,Thuốc lá,,Area_Planted,9500.0,ha,Actual,PL3
84ddacc16fc7d799,2009,7,Tây Bắc,Provincial,Cultivation,Lúa,,Area_Planted,31828.0,ha,Actual,PL3
071603da12f6ece1,2009,7,Tây Bắc,Provincial,Cultivation,Đậu tương,,Area_Planted,15346.0,ha,Actual,PL3
c7d063ec92763d54,2009,7,Tây Bắc,Provincial,Cultivation,Lạc,,Area_Planted,8137.0,ha,Actual,PL3
a7e36c2f988083ca,2009,7,Tây Bắc,Provincial,Cultivation,Mía,,Area_Planted,8345.0,ha,Actual,PL3
58badbe3b0d2c1e6,2009,7,Tây Bắc,Provincial,Cultivation,Thuốc lá,,Area_Planted,0.0,ha,Actual,PL3
58badbe3b0d2c1e6,2009,7,Tây Bắc,Provincial,Cultivation,Thuốc lá,,Area_Planted,11657.0,ha,Actual,PL3
48ce1aea761c6009,2009,7,Lai Châu,Provincial,Cultivation,Lúa,,Area_Planted,2232.0,ha,Actual,PL3
7452630147079e7f,2009,7,Lai Châu,Provincial,Cultivation,Đậu tương,,Area_Planted,1232.0,ha,Actual,PL3
08838a656492704d,2009,7,Lai Châu,Provincial,Cultivation,Lạc,,Area_Planted,1000.0,ha,Actual,PL3
35c5c263a29eb136,2009,7,Lai Châu,Provincial,Cultivation,Thuốc lá,,Area_Planted,1500.0,ha,Actual,PL3
67d821e50e0cac22,2009,7,Điện Biên,Provincial,Cultivation,Lúa,,Area_Planted,11250.0,ha,Actual,PL3
801bd507630cf3fe,2009,7,Điện Biên,Provincial,Cultivation,Đậu tương,,Area_Planted,9650.0,ha,Actual,PL3
fce2e8b0babb82d5,2009,7,Điện Biên,Provincial,Cultivation,Lạc,,Area_Planted,1600.0,ha,Actual,PL3
69daea1c6f4fcbdb,2009,7,Sơn La,Provincial,Cultivation,Lúa,,Area_Planted,2300.0,ha,Actual,PL3
0021e342fd516187,2009,7,Sơn La,Provincial,Cultivation,Đậu tương,,Area_Planted,1678.0,ha,Actual,PL3
70e8b70296bbe6f7,2009,7,Sơn La,Provincial,Cultivation,Lạc,,Area_Planted,622.0,ha,Actual,PL3
6ff82a413ee31649,2009,7,Sơn La,Provincial,Cultivation,Thuốc lá,,Area_Planted,2556.0,ha,Actual,PL3
4d98fa7b39e99889,2009,7,Hoà Bình,Provincial,Cultivation,Lúa,,Area_Planted,16046.0,ha,Actual,PL3
9064fc920979b475,2009,7,Hoà Bình,Provincial,Cultivation,Đậu tương,,Area_Planted,2786.0,ha,Actual,PL3
151d407f26c3cdfd,2009,7,Hoà Bình,Provincial,Cultivation,Lạc,,Area_Planted,4915.0,ha,Actual,PL3
acd5898b5ddae19e,2009,7,Hoà Bình,Provincial,Cultivation,Mía,,Area_Planted,8345.0,ha,Actual,PL3
b4a97be7fdb287fa,2009,7,Hoà Bình,Provincial,Cultivation,Thuốc lá,,Area_Planted,7601.0,ha,Actual,PL3
9e71cdc39f381950,2009,7,Bắc Trung Bộ,Provincial,Cultivation,Lúa,,Area_Planted,102199.0,ha,Actual,PL3
13ede61430426fa4,2009,7,Bắc Trung Bộ,Provincial,Cultivation,Đậu tương,,Area_Planted,4547.0,ha,Actual,PL3
846125b00acffeb0,2009,7,Bắc Trung Bộ,Provincial,Cultivation,Lạc,,Area_Planted,74237.0,ha,Actual,PL3
c08423eb13f7e590,2009,7,Bắc Trung Bộ,Provincial,Cultivation,Mía,,Area_Planted,23232.0,ha,Actual,PL3
d925ed4e19924aca,2009,7,Bắc Trung Bộ,Provincial,Cultivation,Thuốc lá,,Area_Planted,183.0,ha,Actual,PL3
d925ed4e19924aca,2009,7,Bắc Trung Bộ,Provincial,Cultivation,Thuốc lá,,Area_Planted,83150.0,ha,Actual,PL3
8633211e0a2d1ab0,2009,7,Thanh Hoá,Provincial,Cultivation,Lúa,,Area_Planted,34596.0,ha,Actual,PL3
9af0eb5139748513,2009,7,Thanh Hoá,Provincial,Cultivation,Đậu tương,,Area_Planted,4047.0,ha,Actual,PL3
ef020a9bb27976f8,2009,7,Thanh Hoá,Provincial,Cultivation,Lạc,,Area_Planted,16837.0,ha,Actual,PL3
5079ea352613655d,2009,7,Thanh Hoá,Provincial,Cultivation,Mía,,Area_Planted,13712.0,ha,Actual,PL3
0531c81a7719db53,2009,7,Thanh Hoá,Provincial,Cultivation,Thuốc lá,,Area_Planted,35600.0,ha,Actual,PL3
25a2ca9570364801,2009,7,Nghệ An,Provincial,Cultivation,Lúa,,Area_Planted,32000.0,ha,Actual,PL3
6ce19554bff89784,2009,7,Nghệ An,Provincial,Cultivation,Đậu tương,,Area_Planted,500.0,ha,Actual,PL3
1254d531fd38868e,2009,7,Nghệ An,Provincial,Cultivation,Lạc,,Area_Planted,22000.0,ha,Actual,PL3
a92c4440a464b14e,2009,7,Nghệ An,Provincial,Cultivation,Mía,,Area_Planted,9500.0,ha,Actual,PL3
5506e4469e175f9c,2009,7,Nghệ An,Provincial,Cultivation,Thuốc lá,,Area_Planted,20550.0,ha,Actual,PL3
5486ac24f879c777,2009,7,Hà Tĩnh,Provincial,Cultivation,Lúa,,Area_Planted,21400.0,ha,Actual,PL3
6b952bc0b169e0bc,2009,7,Hà Tĩnh,Provincial,Cultivation,Lạc,,Area_Planted,21400.0,ha,Actual,PL3
f976ce6e6c13c8e9,2009,7,Hà Tĩnh,Provincial,Cultivation,Thuốc lá,,Area_Planted,13000.0,ha,Actual,PL3
15f6035f86a02004,2009,7,Quảng Bình,Provincial,Cultivation,Lúa,,Area_Planted,5000.0,ha,Actual,PL3
c93b9d300cfef68c,2009,7,Quảng Bình,Provincial,Cultivation,Lạc,,Area_Planted,5000.0,ha,Actual,PL3
c2e2d239f9a3ef9c,2009,7,Quảng Bình,Provincial,Cultivation,Thuốc lá,,Area_Planted,7000.0,ha,Actual,PL3
271edad8ecd13354,2009,7,Quảng Trị,Provincial,Cultivation,Lúa,,Area_Planted,5123.0,ha,Actual,PL3
4b8db79cf126176f,2009,7,Quảng Trị,Provincial,Cultivation,Lạc,,Area_Planted,5000.0,ha,Actual,PL3
89b1af0b6c600072,2009,7,Quảng Trị,Provincial,Cultivation,Mía,,Area_Planted,20.0,ha,Actual,PL3
74790cda1be6d275,2009,7,Quảng Trị,Provincial,Cultivation,Thuốc lá,,Area_Planted,103.0,ha,Actual,PL3
74790cda1be6d275,2009,7,Quảng Trị,Provincial,Cultivation,Thuốc lá,,Area_Planted,2000.0,ha,Actual,PL3
2bb42fe98f5002b4,2009,7,Thừa Thiên Huế,Provincial,Cultivation,Lúa,,Area_Planted,4080.0,ha,Actual,PL3
bc8907ba17d4e4a8,2009,7,Thừa Thiên Huế,Provincial,Cultivation,Lạc,,Area_Planted,4000.0,ha,Actual,PL3
2d157de1a1da6c85,2009,7,Thừa Thiên Huế,Provincial,Cultivation,Thuốc lá,,Area_Planted,80.0,ha,Actual,PL3
2d157de1a1da6c85,2009,7,Thừa Thiên Huế,Provincial,Cultivation,Thuốc lá,,Area_Planted,5000.0,ha,Actual,PL3
1e2964930b1240fc,2009,7,Miền Nam,Provincial,Cultivation,Lúa,,Area_Planted,1866288.0,ha,Actual,PL4
1e2964930b1240fc,2009,7,Miền Nam,Provincial,Cultivation,Lúa,,Area_Planted,578121.0,ha,Actual,PL4
1e2964930b1240fc,2009,7,Miền Nam,Provincial,Cultivation,Lúa,,Area_Planted,212930.0,ha,Actual,PL4
1e2964930b1240fc,2009,7,Miền Nam,Provincial,Cultivation,Lúa,,Area_Planted,586372.0,ha,Actual,PL4
1e2964930b1240fc,2009,7,Miền Nam,Provincial,Cultivation,Lúa,,Area_Planted,262709.0,ha,Actual,PL4
1e2964930b1240fc,2009,7,Miền Nam,Provincial,Cultivation,Lúa,,Area_Planted,17144.0,ha,Actual,PL4
1e2964930b1240fc,2009,7,Miền Nam,Provincial,Cultivation,Lúa,,Area_Planted,292060.0,ha,Actual,PL4
1e2964930b1240fc,2009,7,Miền Nam,Provincial,Cultivation,Lúa,,Area_Planted,14459.0,ha,Actual,PL4
4f9e9e257976b0be,2009,7,D.H Nam Trg Bộ,Provincial,Cultivation,Lúa,,Area_Planted,158260.0,ha,Actual,PL4
4f9e9e257976b0be,2009,7,D.H Nam Trg Bộ,Provincial,Cultivation,Lúa,,Area_Planted,20323.0,ha,Actual,PL4
4f9e9e257976b0be,2009,7,D.H Nam Trg Bộ,Provincial,Cultivation,Lúa,,Area_Planted,13297.0,ha,Actual,PL4
4f9e9e257976b0be,2009,7,D.H Nam Trg Bộ,Provincial,Cultivation,Lúa,,Area_Planted,85254.0,ha,Actual,PL4
4f9e9e257976b0be,2009,7,D.H Nam Trg Bộ,Provincial,Cultivation,Lúa,,Area_Planted,20942.0,ha,Actual,PL4
4f9e9e257976b0be,2009,7,D.H Nam Trg Bộ,Provincial,Cultivation,Lúa,,Area_Planted,4723.0,ha,Actual,PL4
4f9e9e257976b0be,2009,7,D.H Nam Trg Bộ,Provincial,Cultivation,Lúa,,Area_Planted,58948.0,ha,Actual,PL4
4f9e9e257976b0be,2009,7,D.H Nam Trg Bộ,Provincial,Cultivation,Lúa,,Area_Planted,641.0,ha,Actual,PL4
fded2746d7bc524d,2009,7,TP Đà Nẵng,Provincial,Cultivation,Lúa,,Area_Planted,3751.0,ha,Actual,PL4
fded2746d7bc524d,2009,7,TP Đà Nẵng,Provincial,Cultivation,Lúa,,Area_Planted,1187.0,ha,Actual,PL4
fded2746d7bc524d,2009,7,TP Đà Nẵng,Provincial,Cultivation,Lúa,,Area_Planted,664.0,ha,Actual,PL4
fded2746d7bc524d,2009,7,TP Đà Nẵng,Provincial,Cultivation,Lúa,,Area_Planted,437.0,ha,Actual,PL4
fded2746d7bc524d,2009,7,TP Đà Nẵng,Provincial,Cultivation,Lúa,,Area_Planted,86.0,ha,Actual,PL4
fd25678964cfac3f,2009,7,Quảng Nam,Provincial,Cultivation,Lúa,,Area_Planted,40500.0,ha,Actual,PL4
fd25678964cfac3f,2009,7,Quảng Nam,Provincial,Cultivation,Lúa,,Area_Planted,22300.0,ha,Actual,PL4
fd25678964cfac3f,2009,7,Quảng Nam,Provincial,Cultivation,Lúa,,Area_Planted,5600.0,ha,Actual,PL4
fd25678964cfac3f,2009,7,Quảng Nam,Provincial,Cultivation,Lúa,,Area_Planted,3700.0,ha,Actual,PL4
fd25678964cfac3f,2009,7,Quảng Nam,Provincial,Cultivation,Lúa,,Area_Planted,13000.0,ha,Actual,PL4
55c4a3e17d771089,2009,7,Quảng Ngãi,Provincial,Cultivation,Lúa,,Area_Planted,31641.0,ha,Actual,PL4
55c4a3e17d771089,2009,7,Quảng Ngãi,Provincial,Cultivation,Lúa,,Area_Planted,18915.0,ha,Actual,PL4
55c4a3e17d771089,2009,7,Quảng Ngãi,Provincial,Cultivation,Lúa,,Area_Planted,3206.0,ha,Actual,PL4
55c4a3e17d771089,2009,7,Quảng Ngãi,Provincial,Cultivation,Lúa,,Area_Planted,200.0,ha,Actual,PL4
55c4a3e17d771089,2009,7,Quảng Ngãi,Provincial,Cultivation,Lúa,,Area_Planted,15509.0,ha,Actual,PL4
f7f5810fc84d0c93,2009,7,Bình Định,Provincial,Cultivation,Lúa,,Area_Planted,41098.0,ha,Actual,PL4
f7f5810fc84d0c93,2009,7,Bình Định,Provincial,Cultivation,Lúa,,Area_Planted,20122.0,ha,Actual,PL4
f7f5810fc84d0c93,2009,7,Bình Định,Provincial,Cultivation,Lúa,,Area_Planted,12867.0,ha,Actual,PL4
f7f5810fc84d0c93,2009,7,Bình Định,Provincial,Cultivation,Lúa,,Area_Planted,15507.0,ha,Actual,PL4
f7f5810fc84d0c93,2009,7,Bình Định,Provincial,Cultivation,Lúa,,Area_Planted,4954.0,ha,Actual,PL4
f7f5810fc84d0c93,2009,7,Bình Định,Provincial,Cultivation,Lúa,,Area_Planted,10553.0,ha,Actual,PL4
e12f4ac544de20dd,2009,7,Phú Yên,Provincial,Cultivation,Lúa,,Area_Planted,23500.0,ha,Actual,PL4
e12f4ac544de20dd,2009,7,Phú Yên,Provincial,Cultivation,Lúa,,Area_Planted,201.0,ha,Actual,PL4
e12f4ac544de20dd,2009,7,Phú Yên,Provincial,Cultivation,Lúa,,Area_Planted,430.0,ha,Actual,PL4
e12f4ac544de20dd,2009,7,Phú Yên,Provincial,Cultivation,Lúa,,Area_Planted,17707.0,ha,Actual,PL4
e12f4ac544de20dd,2009,7,Phú Yên,Provincial,Cultivation,Lúa,,Area_Planted,3398.0,ha,Actual,PL4
e12f4ac544de20dd,2009,7,Phú Yên,Provincial,Cultivation,Lúa,,Area_Planted,226.0,ha,Actual,PL4
e12f4ac544de20dd,2009,7,Phú Yên,Provincial,Cultivation,Lúa,,Area_Planted,13800.0,ha,Actual,PL4
e12f4ac544de20dd,2009,7,Phú Yên,Provincial,Cultivation,Lúa,,Area_Planted,283.0,ha,Actual,PL4
01bf25209539eefb,2009,7,Khánh Hoà,Provincial,Cultivation,Lúa,,Area_Planted,17770.0,ha,Actual,PL4
01bf25209539eefb,2009,7,Khánh Hoà,Provincial,Cultivation,Lúa,,Area_Planted,9638.0,ha,Actual,PL4
01bf25209539eefb,2009,7,Khánh Hoà,Provincial,Cultivation,Lúa,,Area_Planted,3120.0,ha,Actual,PL4
01bf25209539eefb,2009,7,Khánh Hoà,Provincial,Cultivation,Lúa,,Area_Planted,160.0,ha,Actual,PL4
01bf25209539eefb,2009,7,Khánh Hoà,Provincial,Cultivation,Lúa,,Area_Planted,6000.0,ha,Actual,PL4
01bf25209539eefb,2009,7,Khánh Hoà,Provincial,Cultivation,Lúa,,Area_Planted,358.0,ha,Actual,PL4
4d216ed21b7ef75d,2009,7,Tây Nguyên,Provincial,Cultivation,Lúa,,Area_Planted,6175.0,ha,Actual,PL4
4d216ed21b7ef75d,2009,7,Tây Nguyên,Provincial,Cultivation,Lúa,,Area_Planted,0.0,ha,Actual,PL4
4d216ed21b7ef75d,2009,7,Tây Nguyên,Provincial,Cultivation,Lúa,,Area_Planted,135809.0,ha,Actual,PL4
4d216ed21b7ef75d,2009,7,Tây Nguyên,Provincial,Cultivation,Lúa,,Area_Planted,270269.0,ha,Actual,PL4
4d216ed21b7ef75d,2009,7,Tây Nguyên,Provincial,Cultivation,Lúa,,Area_Planted,151285.0,ha,Actual,PL4
4d216ed21b7ef75d,2009,7,Tây Nguyên,Provincial,Cultivation,Lúa,,Area_Planted,4962.0,ha,Actual,PL4
4d216ed21b7ef75d,2009,7,Tây Nguyên,Provincial,Cultivation,Lúa,,Area_Planted,114022.0,ha,Actual,PL4
4d216ed21b7ef75d,2009,7,Tây Nguyên,Provincial,Cultivation,Lúa,,Area_Planted,0.0,ha,Actual,PL4
cdc07f3b2a63e296,2009,7,Kon Tum,Provincial,Cultivation,Lúa,,Area_Planted,15414.0,ha,Actual,PL4
cdc07f3b2a63e296,2009,7,Kon Tum,Provincial,Cultivation,Lúa,,Area_Planted,42612.0,ha,Actual,PL4
cdc07f3b2a63e296,2009,7,Kon Tum,Provincial,Cultivation,Lúa,,Area_Planted,7388.0,ha,Actual,PL4
cdc07f3b2a63e296,2009,7,Kon Tum,Provincial,Cultivation,Lúa,,Area_Planted,152.0,ha,Actual,PL4
cdc07f3b2a63e296,2009,7,Kon Tum,Provincial,Cultivation,Lúa,,Area_Planted,35072.0,ha,Actual,PL4
263e6efc8d10c8a1,2009,7,Gia Lai,Provincial,Cultivation,Lúa,,Area_Planted,30300.0,ha,Actual,PL4
263e6efc8d10c8a1,2009,7,Gia Lai,Provincial,Cultivation,Lúa,,Area_Planted,82801.0,ha,Actual,PL4
263e6efc8d10c8a1,2009,7,Gia Lai,Provincial,Cultivation,Lúa,,Area_Planted,35588.0,ha,Actual,PL4
263e6efc8d10c8a1,2009,7,Gia Lai,Provincial,Cultivation,Lúa,,Area_Planted,572.0,ha,Actual,PL4
263e6efc8d10c8a1,2009,7,Gia Lai,Provincial,Cultivation,Lúa,,Area_Planted,46641.0,ha,Actual,PL4
8c52fb1757b6d86a,2009,7,Đắc Lắc,Provincial,Cultivation,Lúa,,Area_Planted,43148.0,ha,Actual,PL4
8c52fb1757b6d86a,2009,7,Đắc Lắc,Provincial,Cultivation,Lúa,,Area_Planted,93792.0,ha,Actual,PL4
8c52fb1757b6d86a,2009,7,Đắc Lắc,Provincial,Cultivation,Lúa,,Area_Planted,74315.0,ha,Actual,PL4
8c52fb1757b6d86a,2009,7,Đắc Lắc,Provincial,Cultivation,Lúa,,Area_Planted,968.0,ha,Actual,PL4
8c52fb1757b6d86a,2009,7,Đắc Lắc,Provincial,Cultivation,Lúa,,Area_Planted,18509.0,ha,Actual,PL4
1e1f0b885fea887e,2009,7,Đắc Nông,Provincial,Cultivation,Lúa,,Area_Planted,35120.0,ha,Actual,PL4
1e1f0b885fea887e,2009,7,Đắc Nông,Provincial,Cultivation,Lúa,,Area_Planted,33975.0,ha,Actual,PL4
1e1f0b885fea887e,2009,7,Đắc Nông,Provincial,Cultivation,Lúa,,Area_Planted,20575.0,ha,Actual,PL4
1e1f0b885fea887e,2009,7,Đắc Nông,Provincial,Cultivation,Lúa,,Area_Planted,2100.0,ha,Actual,PL4
1e1f0b885fea887e,2009,7,Đắc Nông,Provincial,Cultivation,Lúa,,Area_Planted,11300.0,ha,Actual,PL4
481f83f751ddef68,2009,7,Lâm Đồng,Provincial,Cultivation,Lúa,,Area_Planted,6175.0,ha,Actual,PL4
481f83f751ddef68,2009,7,Lâm Đồng,Provincial,Cultivation,Lúa,,Area_Planted,11827.0,ha,Actual,PL4
481f83f751ddef68,2009,7,Lâm Đồng,Provincial,Cultivation,Lúa,,Area_Planted,17089.0,ha,Actual,PL4
481f83f751ddef68,2009,7,Lâm Đồng,Provincial,Cultivation,Lúa,,Area_Planted,13419.0,ha,Actual,PL4
481f83f751ddef68,2009,7,Lâm Đồng,Provincial,Cultivation,Lúa,,Area_Planted,1170.0,ha,Actual,PL4
481f83f751ddef68,2009,7,Lâm Đồng,Provincial,Cultivation,Lúa,,Area_Planted,2500.0,ha,Actual,PL4
6d6b0e3949fa3ca9,2009,7,Đông Nam Bộ,Provincial,Cultivation,Lúa,,Area_Planted,148364.0,ha,Actual,PL4
6d6b0e3949fa3ca9,2009,7,Đông Nam Bộ,Provincial,Cultivation,Lúa,,Area_Planted,615.0,ha,Actual,PL4
6d6b0e3949fa3ca9,2009,7,Đông Nam Bộ,Provincial,Cultivation,Lúa,,Area_Planted,100.0,ha,Actual,PL4
6d6b0e3949fa3ca9,2009,7,Đông Nam Bộ,Provincial,Cultivation,Lúa,,Area_Planted,189522.0,ha,Actual,PL4
6d6b0e3949fa3ca9,2009,7,Đông Nam Bộ,Provincial,Cultivation,Lúa,,Area_Planted,66603.0,ha,Actual,PL4
6d6b0e3949fa3ca9,2009,7,Đông Nam Bộ,Provincial,Cultivation,Lúa,,Area_Planted,852.0,ha,Actual,PL4
6d6b0e3949fa3ca9,2009,7,Đông Nam Bộ,Provincial,Cultivation,Lúa,,Area_Planted,117199.0,ha,Actual,PL4
6d6b0e3949fa3ca9,2009,7,Đông Nam Bộ,Provincial,Cultivation,Lúa,,Area_Planted,4868.0,ha,Actual,PL4
fe7928da6ca396de,2009,7,TP Hồ Chí Minh,Provincial,Cultivation,Lúa,,Area_Planted,6967.0,ha,Actual,PL4
fe7928da6ca396de,2009,7,TP Hồ Chí Minh,Provincial,Cultivation,Lúa,,Area_Planted,500.0,ha,Actual,PL4
fe7928da6ca396de,2009,7,TP Hồ Chí Minh,Provincial,Cultivation,Lúa,,Area_Planted,100.0,ha,Actual,PL4
fe7928da6ca396de,2009,7,TP Hồ Chí Minh,Provincial,Cultivation,Lúa,,Area_Planted,1067.0,ha,Actual,PL4
fe7928da6ca396de,2009,7,TP Hồ Chí Minh,Provincial,Cultivation,Lúa,,Area_Planted,1067.0,ha,Actual,PL4
4ceb5242767e9525,2009,7,Ninh Thuận,Provincial,Cultivation,Lúa,,Area_Planted,12400.0,ha,Actual,PL4
4ceb5242767e9525,2009,7,Ninh Thuận,Provincial,Cultivation,Lúa,,Area_Planted,6407.0,ha,Actual,PL4
4ceb5242767e9525,2009,7,Ninh Thuận,Provincial,Cultivation,Lúa,,Area_Planted,6407.0,ha,Actual,PL4
c691224ce2b4991f,2009,7,Bình Phước,Provincial,Cultivation,Lúa,,Area_Planted,11986.0,ha,Actual,PL4
c691224ce2b4991f,2009,7,Bình Phước,Provincial,Cultivation,Lúa,,Area_Planted,30412.0,ha,Actual,PL4
c691224ce2b4991f,2009,7,Bình Phước,Provincial,Cultivation,Lúa,,Area_Planted,6150.0,ha,Actual,PL4
c691224ce2b4991f,2009,7,Bình Phước,Provincial,Cultivation,Lúa,,Area_Planted,164.0,ha,Actual,PL4
c691224ce2b4991f,2009,7,Bình Phước,Provincial,Cultivation,Lúa,,Area_Planted,24000.0,ha,Actual,PL4
c691224ce2b4991f,2009,7,Bình Phước,Provincial,Cultivation,Lúa,,Area_Planted,98.0,ha,Actual,PL4
25fd6a39db833906,2009,7,Tây Ninh,Provincial,Cultivation,Lúa,,Area_Planted,47094.0,ha,Actual,PL4
25fd6a39db833906,2009,7,Tây Ninh,Provincial,Cultivation,Lúa,,Area_Planted,115.0,ha,Actual,PL4
25fd6a39db833906,2009,7,Tây Ninh,Provincial,Cultivation,Lúa,,Area_Planted,43896.0,ha,Actual,PL4
25fd6a39db833906,2009,7,Tây Ninh,Provincial,Cultivation,Lúa,,Area_Planted,5896.0,ha,Actual,PL4
25fd6a39db833906,2009,7,Tây Ninh,Provincial,Cultivation,Lúa,,Area_Planted,38000.0,ha,Actual,PL4
0e17ae133c667706,2009,7,Bình Dương,Provincial,Cultivation,Lúa,,Area_Planted,1437.0,ha,Actual,PL4
0e17ae133c667706,2009,7,Bình Dương,Provincial,Cultivation,Lúa,,Area_Planted,6637.0,ha,Actual,PL4
0e17ae133c667706,2009,7,Bình Dương,Provincial,Cultivation,Lúa,,Area_Planted,43.0,ha,Actual,PL4
0e17ae133c667706,2009,7,Bình Dương,Provincial,Cultivation,Lúa,,Area_Planted,1.0,ha,Actual,PL4
0e17ae133c667706,2009,7,Bình Dương,Provincial,Cultivation,Lúa,,Area_Planted,2316.0,ha,Actual,PL4
0e17ae133c667706,2009,7,Bình Dương,Provincial,Cultivation,Lúa,,Area_Planted,4277.0,ha,Actual,PL4
d7e49766c2e89f58,2009,7,Đồng Nai,Provincial,Cultivation,Lúa,,Area_Planted,24574.0,ha,Actual,PL4
d7e49766c2e89f58,2009,7,Đồng Nai,Provincial,Cultivation,Lúa,,Area_Planted,41590.0,ha,Actual,PL4
d7e49766c2e89f58,2009,7,Đồng Nai,Provincial,Cultivation,Lúa,,Area_Planted,25337.0,ha,Actual,PL4
d7e49766c2e89f58,2009,7,Đồng Nai,Provincial,Cultivation,Lúa,,Area_Planted,135.0,ha,Actual,PL4
d7e49766c2e89f58,2009,7,Đồng Nai,Provincial,Cultivation,Lúa,,Area_Planted,16000.0,ha,Actual,PL4
d7e49766c2e89f58,2009,7,Đồng Nai,Provincial,Cultivation,Lúa,,Area_Planted,118.0,ha,Actual,PL4
77e8efcd062d1ca8,2009,7,Bình Thuận,Provincial,Cultivation,Lúa,,Area_Planted,36400.0,ha,Actual,PL4
77e8efcd062d1ca8,2009,7,Bình Thuận,Provincial,Cultivation,Lúa,,Area_Planted,40918.0,ha,Actual,PL4
77e8efcd062d1ca8,2009,7,Bình Thuận,Provincial,Cultivation,Lúa,,Area_Planted,11171.0,ha,Actual,PL4
77e8efcd062d1ca8,2009,7,Bình Thuận,Provincial,Cultivation,Lúa,,Area_Planted,372.0,ha,Actual,PL4
77e8efcd062d1ca8,2009,7,Bình Thuận,Provincial,Cultivation,Lúa,,Area_Planted,29000.0,ha,Actual,PL4
77e8efcd062d1ca8,2009,7,Bình Thuận,Provincial,Cultivation,Lúa,,Area_Planted,375.0,ha,Actual,PL4
4d93e88d3e76d8f8,2009,7,Bà Rịa-V.Tàu,Provincial,Cultivation,Lúa,,Area_Planted,7506.0,ha,Actual,PL4
4d93e88d3e76d8f8,2009,7,Bà Rịa-V.Tàu,Provincial,Cultivation,Lúa,,Area_Planted,18595.0,ha,Actual,PL4
4d93e88d3e76d8f8,2009,7,Bà Rịa-V.Tàu,Provincial,Cultivation,Lúa,,Area_Planted,10532.0,ha,Actual,PL4
4d93e88d3e76d8f8,2009,7,Bà Rịa-V.Tàu,Provincial,Cultivation,Lúa,,Area_Planted,180.0,ha,Actual,PL4
4d93e88d3e76d8f8,2009,7,Bà Rịa-V.Tàu,Provincial,Cultivation,Lúa,,Area_Planted,7883.0,ha,Actual,PL4
3bdf5825f428959a,2009,7,ĐBS Cửu Long,Provincial,Cultivation,Lúa,,Area_Planted,1553489.0,ha,Actual,PL4
3bdf5825f428959a,2009,7,ĐBS Cửu Long,Provincial,Cultivation,Lúa,,Area_Planted,557183.0,ha,Actual,PL4
3bdf5825f428959a,2009,7,ĐBS Cửu Long,Provincial,Cultivation,Lúa,,Area_Planted,63724.0,ha,Actual,PL4
3bdf5825f428959a,2009,7,ĐBS Cửu Long,Provincial,Cultivation,Lúa,,Area_Planted,41327.0,ha,Actual,PL4
3bdf5825f428959a,2009,7,ĐBS Cửu Long,Provincial,Cultivation,Lúa,,Area_Planted,23879.0,ha,Actual,PL4
3bdf5825f428959a,2009,7,ĐBS Cửu Long,Provincial,Cultivation,Lúa,,Area_Planted,6607.0,ha,Actual,PL4
3bdf5825f428959a,2009,7,ĐBS Cửu Long,Provincial,Cultivation,Lúa,,Area_Planted,1891.0,ha,Actual,PL4
3bdf5825f428959a,2009,7,ĐBS Cửu Long,Provincial,Cultivation,Lúa,,Area_Planted,8950.0,ha,Actual,PL4
5265403f8bd457bb,2009,7,Long An,Provincial,Cultivation,Lúa,,Area_Planted,194579.0,ha,Actual,PL4
5265403f8bd457bb,2009,7,Long An,Provincial,Cultivation,Lúa,,Area_Planted,51977.0,ha,Actual,PL4
5265403f8bd457bb,2009,7,Long An,Provincial,Cultivation,Lúa,,Area_Planted,3762.0,ha,Actual,PL4
5265403f8bd457bb,2009,7,Long An,Provincial,Cultivation,Lúa,,Area_Planted,3762.0,ha,Actual,PL4
dc3ad3dc41f8beb8,2009,7,Đồng Tháp,Provincial,Cultivation,Lúa,,Area_Planted,195845.0,ha,Actual,PL4
dc3ad3dc41f8beb8,2009,7,Đồng Tháp,Provincial,Cultivation,Lúa,,Area_Planted,101136.0,ha,Actual,PL4
dc3ad3dc41f8beb8,2009,7,Đồng Tháp,Provincial,Cultivation,Lúa,,Area_Planted,5217.0,ha,Actual,PL4
dc3ad3dc41f8beb8,2009,7,Đồng Tháp,Provincial,Cultivation,Lúa,,Area_Planted,3295.0,ha,Actual,PL4
dc3ad3dc41f8beb8,2009,7,Đồng Tháp,Provincial,Cultivation,Lúa,,Area_Planted,1065.0,ha,Actual,PL4
dc3ad3dc41f8beb8,2009,7,Đồng Tháp,Provincial,Cultivation,Lúa,,Area_Planted,857.0,ha,Actual,PL4
9fc6fbb0f5d44d8e,2009,7,An Giang,Provincial,Cultivation,Lúa,,Area_Planted,230884.0,ha,Actual,PL4
9fc6fbb0f5d44d8e,2009,7,An Giang,Provincial,Cultivation,Lúa,,Area_Planted,123522.0,ha,Actual,PL4
9fc6fbb0f5d44d8e,2009,7,An Giang,Provincial,Cultivation,Lúa,,Area_Planted,6299.0,ha,Actual,PL4
9fc6fbb0f5d44d8e,2009,7,An Giang,Provincial,Cultivation,Lúa,,Area_Planted,6179.0,ha,Actual,PL4
9fc6fbb0f5d44d8e,2009,7,An Giang,Provincial,Cultivation,Lúa,,Area_Planted,120.0,ha,Actual,PL4
ed3324932339a339,2009,7,Tiền Giang,Provincial,Cultivation,Lúa,,Area_Planted,76000.0,ha,Actual,PL4
ed3324932339a339,2009,7,Tiền Giang,Provincial,Cultivation,Lúa,,Area_Planted,30717.0,ha,Actual,PL4
ed3324932339a339,2009,7,Tiền Giang,Provincial,Cultivation,Lúa,,Area_Planted,5628.0,ha,Actual,PL4
ed3324932339a339,2009,7,Tiền Giang,Provincial,Cultivation,Lúa,,Area_Planted,3371.0,ha,Actual,PL4
ed3324932339a339,2009,7,Tiền Giang,Provincial,Cultivation,Lúa,,Area_Planted,238.0,ha,Actual,PL4
ed3324932339a339,2009,7,Tiền Giang,Provincial,Cultivation,Lúa,,Area_Planted,400.0,ha,Actual,PL4
ed3324932339a339,2009,7,Tiền Giang,Provincial,Cultivation,Lúa,,Area_Planted,1619.0,ha,Actual,PL4
f6c28d4dfa217d7e,2009,7,Vĩnh Long,Provincial,Cultivation,Lúa,,Area_Planted,63003.0,ha,Actual,PL4
f6c28d4dfa217d7e,2009,7,Vĩnh Long,Provincial,Cultivation,Lúa,,Area_Planted,55727.0,ha,Actual,PL4
f6c28d4dfa217d7e,2009,7,Vĩnh Long,Provincial,Cultivation,Lúa,,Area_Planted,8886.0,ha,Actual,PL4
f6c28d4dfa217d7e,2009,7,Vĩnh Long,Provincial,Cultivation,Lúa,,Area_Planted,911.0,ha,Actual,PL4
f6c28d4dfa217d7e,2009,7,Vĩnh Long,Provincial,Cultivation,Lúa,,Area_Planted,2077.0,ha,Actual,PL4
f6c28d4dfa217d7e,2009,7,Vĩnh Long,Provincial,Cultivation,Lúa,,Area_Planted,156.0,ha,Actual,PL4
f6c28d4dfa217d7e,2009,7,Vĩnh Long,Provincial,Cultivation,Lúa,,Area_Planted,5742.0,ha,Actual,PL4
ca701bc2d7a30b15,2009,7,Bến Tre,Provincial,Cultivation,Lúa,,Area_Planted,24157.0,ha,Actual,PL4
ca701bc2d7a30b15,2009,7,Bến Tre,Provincial,Cultivation,Lúa,,Area_Planted,35000.0,ha,Actual,PL4
ca701bc2d7a30b15,2009,7,Bến Tre,Provincial,Cultivation,Lúa,,Area_Planted,924.0,ha,Actual,PL4
ca701bc2d7a30b15,2009,7,Bến Tre,Provincial,Cultivation,Lúa,,Area_Planted,420.0,ha,Actual,PL4
ca701bc2d7a30b15,2009,7,Bến Tre,Provincial,Cultivation,Lúa,,Area_Planted,175.0,ha,Actual,PL4
ca701bc2d7a30b15,2009,7,Bến Tre,Provincial,Cultivation,Lúa,,Area_Planted,117.0,ha,Actual,PL4
ca701bc2d7a30b15,2009,7,Bến Tre,Provincial,Cultivation,Lúa,,Area_Planted,212.0,ha,Actual,PL4
e987382f7026dd31,2009,7,Kiên Giang,Provincial,Cultivation,Lúa,,Area_Planted,271841.0,ha,Actual,PL4
e987382f7026dd31,2009,7,Kiên Giang,Provincial,Cultivation,Lúa,,Area_Planted,22072.0,ha,Actual,PL4
e987382f7026dd31,2009,7,Kiên Giang,Provincial,Cultivation,Lúa,,Area_Planted,700.0,ha,Actual,PL4
e987382f7026dd31,2009,7,Kiên Giang,Provincial,Cultivation,Lúa,,Area_Planted,700.0,ha,Actual,PL4
c0e11cdcd9ae4d10,2009,7,Cần Thơ,Provincial,Cultivation,Lúa,,Area_Planted,84129.0,ha,Actual,PL4
c0e11cdcd9ae4d10,2009,7,Cần Thơ,Provincial,Cultivation,Lúa,,Area_Planted,72129.0,ha,Actual,PL4
c0e11cdcd9ae4d10,2009,7,Cần Thơ,Provincial,Cultivation,Lúa,,Area_Planted,629.0,ha,Actual,PL4
c0e11cdcd9ae4d10,2009,7,Cần Thơ,Provincial,Cultivation,Lúa,,Area_Planted,629.0,ha,Actual,PL4
d66f9ead1d8321d1,2009,7,Hậu Giang,Provincial,Cultivation,Lúa,,Area_Planted,72856.0,ha,Actual,PL4
d66f9ead1d8321d1,2009,7,Hậu Giang,Provincial,Cultivation,Lúa,,Area_Planted,47296.0,ha,Actual,PL4
d66f9ead1d8321d1,2009,7,Hậu Giang,Provincial,Cultivation,Lúa,,Area_Planted,1548.0,ha,Actual,PL4
d66f9ead1d8321d1,2009,7,Hậu Giang,Provincial,Cultivation,Lúa,,Area_Planted,1028.0,ha,Actual,PL4
d66f9ead1d8321d1,2009,7,Hậu Giang,Provincial,Cultivation,Lúa,,Area_Planted,520.0,ha,Actual,PL4
5485006fdd570aed,2009,7,Trà Vinh,Provincial,Cultivation,Lúa,,Area_Planted,82431.0,ha,Actual,PL4
5485006fdd570aed,2009,7,Trà Vinh,Provincial,Cultivation,Lúa,,Area_Planted,18195.0,ha,Actual,PL4
5485006fdd570aed,2009,7,Trà Vinh,Provincial,Cultivation,Lúa,,Area_Planted,6181.0,ha,Actual,PL4
5485006fdd570aed,2009,7,Trà Vinh,Provincial,Cultivation,Lúa,,Area_Planted,4068.0,ha,Actual,PL4
5485006fdd570aed,2009,7,Trà Vinh,Provincial,Cultivation,Lúa,,Area_Planted,1311.0,ha,Actual,PL4
5485006fdd570aed,2009,7,Trà Vinh,Provincial,Cultivation,Lúa,,Area_Planted,802.0,ha,Actual,PL4
65e97c3c8eb2408b,2009,7,Sóc Trăng,Provincial,Cultivation,Lúa,,Area_Planted,167000.0,ha,Actual,PL4
65e97c3c8eb2408b,2009,7,Sóc Trăng,Provincial,Cultivation,Lúa,,Area_Planted,34412.0,ha,Actual,PL4
65e97c3c8eb2408b,2009,7,Sóc Trăng,Provincial,Cultivation,Lúa,,Area_Planted,26941.0,ha,Actual,PL4
65e97c3c8eb2408b,2009,7,Sóc Trăng,Provincial,Cultivation,Lúa,,Area_Planted,1553.0,ha,Actual,PL4
65e97c3c8eb2408b,2009,7,Sóc Trăng,Provincial,Cultivation,Lúa,,Area_Planted,216.0,ha,Actual,PL4
65e97c3c8eb2408b,2009,7,Sóc Trăng,Provincial,Cultivation,Lúa,,Area_Planted,921.0,ha,Actual,PL4
65e97c3c8eb2408b,2009,7,Sóc Trăng,Provincial,Cultivation,Lúa,,Area_Planted,416.0,ha,Actual,PL4
bbae8ccc048586a3,2009,7,Bạc Liêu,Provincial,Cultivation,Lúa,,Area_Planted,55777.0,ha,Actual,PL4
bbae8ccc048586a3,2009,7,Bạc Liêu,Provincial,Cultivation,Lúa,,Area_Planted,1783.0,ha,Actual,PL4
bbae8ccc048586a3,2009,7,Bạc Liêu,Provincial,Cultivation,Lúa,,Area_Planted,0.0,ha,Actual,PL4
e5f72d6f3464e9dc,2009,7,Cà Mau,Provincial,Cultivation,Lúa,,Area_Planted,34987.0,ha,Actual,PL4
e5f72d6f3464e9dc,2009,7,Cà Mau,Provincial,Cultivation,Lúa,,Area_Planted,0.0,ha,Actual,PL4
1e2964930b1240fc,2009,7,Miền Nam,Provincial,Cultivation,Lúa,,Area_Planted,242138.0,ha,Actual,PL5
fd68612e7b92363b,2009,7,Miền Nam,Provincial,Cultivation,Đậu,,Area_Planted,23573.0,ha,Actual,PL5
de0267a565d1eb38,2009,7,Miền Nam,Provincial,Cultivation,Lạc,,Area_Planted,66208.0,ha,Actual,PL5
1e2964930b1240fc,2009,7,Miền Nam,Provincial,Cultivation,Lúa,,Area_Planted,21591.0,ha,Actual,PL5
8faa8b07efa2e361,2009,7,Miền Nam,Provincial,Cultivation,Thuốc lá,,Area_Planted,15547.0,ha,Actual,PL5
460b2ef80b6e0667,2009,7,Miền Nam,Provincial,Cultivation,Mía,,Area_Planted,113273.0,ha,Actual,PL5
1e2964930b1240fc,2009,7,Miền Nam,Provincial,Cultivation,Lúa,,Area_Planted,1454.0,ha,Actual,PL5
1e2964930b1240fc,2009,7,Miền Nam,Provincial,Cultivation,Lúa,,Area_Planted,492.0,ha,Actual,PL5
1e2964930b1240fc,2009,7,Miền Nam,Provincial,Cultivation,Lúa,,Area_Planted,234258.0,ha,Actual,PL5
1e2964930b1240fc,2009,7,Miền Nam,Provincial,Cultivation,Lúa,,Area_Planted,434409211.0,ha,Actual,PL5
4f9e9e257976b0be,2009,7,D.H Nam Trg Bộ,Provincial,Cultivation,Lúa,,Area_Planted,66795.0,ha,Actual,PL5
c19c51e624d49deb,2009,7,D.H Nam Trg Bộ,Provincial,Cultivation,Đậu,,Area_Planted,1067.0,ha,Actual,PL5
5a0d552b88cbebd7,2009,7,D.H Nam Trg Bộ,Provincial,Cultivation,Lạc,,Area_Planted,22163.0,ha,Actual,PL5
4f9e9e257976b0be,2009,7,D.H Nam Trg Bộ,Provincial,Cultivation,Lúa,,Area_Planted,4419.0,ha,Actual,PL5
592aaf05889cecd5,2009,7,D.H Nam Trg Bộ,Provincial,Cultivation,Thuốc lá,,Area_Planted,713.0,ha,Actual,PL5
3243b3c7dbc13ef8,2009,7,D.H Nam Trg Bộ,Provincial,Cultivation,Mía,,Area_Planted,38114.0,ha,Actual,PL5
4f9e9e257976b0be,2009,7,D.H Nam Trg Bộ,Provincial,Cultivation,Lúa,,Area_Planted,277.0,ha,Actual,PL5
4f9e9e257976b0be,2009,7,D.H Nam Trg Bộ,Provincial,Cultivation,Lúa,,Area_Planted,42.0,ha,Actual,PL5
4f9e9e257976b0be,2009,7,D.H Nam Trg Bộ,Provincial,Cultivation,Lúa,,Area_Planted,25214.0,ha,Actual,PL5
4f9e9e257976b0be,2009,7,D.H Nam Trg Bộ,Provincial,Cultivation,Lúa,,Area_Planted,25214.0,ha,Actual,PL5
fded2746d7bc524d,2009,7,TP Đà Nẵng,Provincial,Cultivation,Lúa,,Area_Planted,1235.0,ha,Actual,PL5
7f5f7bbba8f44951,2009,7,TP Đà Nẵng,Provincial,Cultivation,Lạc,,Area_Planted,722.0,ha,Actual,PL5
fded2746d7bc524d,2009,7,TP Đà Nẵng,Provincial,Cultivation,Lúa,,Area_Planted,238.0,ha,Actual,PL5
fea7eeb7ce8a00de,2009,7,TP Đà Nẵng,Provincial,Cultivation,Mía,,Area_Planted,275.0,ha,Actual,PL5
fded2746d7bc524d,2009,7,TP Đà Nẵng,Provincial,Cultivation,Lúa,,Area_Planted,837.0,ha,Actual,PL5
fded2746d7bc524d,2009,7,TP Đà Nẵng,Provincial,Cultivation,Lúa,,Area_Planted,80.0,ha,Actual,PL5
fd25678964cfac3f,2009,7,Quảng Nam,Provincial,Cultivation,Lúa,,Area_Planted,9210.0,ha,Actual,PL5
ae3d9e819f885def,2009,7,Quảng Nam,Provincial,Cultivation,Lạc,,Area_Planted,8100.0,ha,Actual,PL5
40a6c23d256af1fb,2009,7,Quảng Nam,Provincial,Cultivation,Thuốc lá,,Area_Planted,330.0,ha,Actual,PL5
f73894c0b8444b09,2009,7,Quảng Nam,Provincial,Cultivation,Mía,,Area_Planted,780.0,ha,Actual,PL5
fd25678964cfac3f,2009,7,Quảng Nam,Provincial,Cultivation,Lúa,,Area_Planted,6900.0,ha,Actual,PL5
fd25678964cfac3f,2009,7,Quảng Nam,Provincial,Cultivation,Lúa,,Area_Planted,3500.0,ha,Actual,PL5
55c4a3e17d771089,2009,7,Quảng Ngãi,Provincial,Cultivation,Lúa,,Area_Planted,5988.0,ha,Actual,PL5
0cf2bb7d7ab9023e,2009,7,Quảng Ngãi,Provincial,Cultivation,Lạc,,Area_Planted,3787.0,ha,Actual,PL5
0fd280210b228b5e,2009,7,Quảng Ngãi,Provincial,Cultivation,Mía,,Area_Planted,2201.0,ha,Actual,PL5
55c4a3e17d771089,2009,7,Quảng Ngãi,Provincial,Cultivation,Lúa,,Area_Planted,5433.0,ha,Actual,PL5
55c4a3e17d771089,2009,7,Quảng Ngãi,Provincial,Cultivation,Lúa,,Area_Planted,1521.0,ha,Actual,PL5
f7f5810fc84d0c93,2009,7,Bình Định,Provincial,Cultivation,Lúa,,Area_Planted,13624.0,ha,Actual,PL5
451576bae7a1340e,2009,7,Bình Định,Provincial,Cultivation,Đậu,,Area_Planted,751.0,ha,Actual,PL5
15234f007ad60fe5,2009,7,Bình Định,Provincial,Cultivation,Lạc,,Area_Planted,8792.0,ha,Actual,PL5
f7f5810fc84d0c93,2009,7,Bình Định,Provincial,Cultivation,Lúa,,Area_Planted,1774.0,ha,Actual,PL5
ba1721984e6fc865,2009,7,Bình Định,Provincial,Cultivation,Mía,,Area_Planted,2307.0,ha,Actual,PL5
f7f5810fc84d0c93,2009,7,Bình Định,Provincial,Cultivation,Lúa,,Area_Planted,9254.0,ha,Actual,PL5
f7f5810fc84d0c93,2009,7,Bình Định,Provincial,Cultivation,Lúa,,Area_Planted,1630.0,ha,Actual,PL5
e12f4ac544de20dd,2009,7,Phú Yên,Provincial,Cultivation,Lúa,,Area_Planted,19512.0,ha,Actual,PL5
7feff2910fad3444,2009,7,Phú Yên,Provincial,Cultivation,Đậu,,Area_Planted,316.0,ha,Actual,PL5
344e12b4fcd6245f,2009,7,Phú Yên,Provincial,Cultivation,Lạc,,Area_Planted,562.0,ha,Actual,PL5
e12f4ac544de20dd,2009,7,Phú Yên,Provincial,Cultivation,Lúa,,Area_Planted,2407.0,ha,Actual,PL5
4ac28519598e3361,2009,7,Phú Yên,Provincial,Cultivation,Thuốc lá,,Area_Planted,383.0,ha,Actual,PL5
aaf4515238641d36,2009,7,Phú Yên,Provincial,Cultivation,Mía,,Area_Planted,15525.0,ha,Actual,PL5
e12f4ac544de20dd,2009,7,Phú Yên,Provincial,Cultivation,Lúa,,Area_Planted,277.0,ha,Actual,PL5
e12f4ac544de20dd,2009,7,Phú Yên,Provincial,Cultivation,Lúa,,Area_Planted,42.0,ha,Actual,PL5
e12f4ac544de20dd,2009,7,Phú Yên,Provincial,Cultivation,Lúa,,Area_Planted,2690.0,ha,Actual,PL5
e12f4ac544de20dd,2009,7,Phú Yên,Provincial,Cultivation,Lúa,,Area_Planted,1980.0,ha,Actual,PL5
01bf25209539eefb,2009,7,Khánh Hoà,Provincial,Cultivation,Lúa,,Area_Planted,17226.0,ha,Actual,PL5
7692612ce16aaf19,2009,7,Khánh Hoà,Provincial,Cultivation,Lạc,,Area_Planted,200.0,ha,Actual,PL5
a8e8cba57246a317,2009,7,Khánh Hoà,Provincial,Cultivation,Mía,,Area_Planted,17026.0,ha,Actual,PL5
01bf25209539eefb,2009,7,Khánh Hoà,Provincial,Cultivation,Lúa,,Area_Planted,100.0,ha,Actual,PL5
01bf25209539eefb,2009,7,Khánh Hoà,Provincial,Cultivation,Lúa,,Area_Planted,500.0,ha,Actual,PL5
4d216ed21b7ef75d,2009,7,Tây Nguyên,Provincial,Cultivation,Lúa,,Area_Planted,32009.0,ha,Actual,PL5
41a9d08478242f82,2009,7,Tây Nguyên,Provincial,Cultivation,Đậu,,Area_Planted,14136.0,ha,Actual,PL5
d6c3109be4c7ad6a,2009,7,Tây Nguyên,Provincial,Cultivation,Lạc,,Area_Planted,3484.0,ha,Actual,PL5
4d216ed21b7ef75d,2009,7,Tây Nguyên,Provincial,Cultivation,Lúa,,Area_Planted,1965.0,ha,Actual,PL5
b8bd244a2fb30298,2009,7,Tây Nguyên,Provincial,Cultivation,Thuốc lá,,Area_Planted,5695.0,ha,Actual,PL5
e7aa4c918a65ca89,2009,7,Tây Nguyên,Provincial,Cultivation,Mía,,Area_Planted,6729.0,ha,Actual,PL5
4d216ed21b7ef75d,2009,7,Tây Nguyên,Provincial,Cultivation,Lúa,,Area_Planted,41635.0,ha,Actual,PL5
4d216ed21b7ef75d,2009,7,Tây Nguyên,Provincial,Cultivation,Lúa,,Area_Planted,17273.0,ha,Actual,PL5
cdc07f3b2a63e296,2009,7,Kon Tum,Provincial,Cultivation,Lúa,,Area_Planted,2404.0,ha,Actual,PL5
9226f64d2c8623db,2009,7,Kon Tum,Provincial,Cultivation,Lạc,,Area_Planted,14.0,ha,Actual,PL5
fdcb78806d56f28a,2009,7,Kon Tum,Provincial,Cultivation,Thuốc lá,,Area_Planted,2158.0,ha,Actual,PL5
6eabf5c83826be2f,2009,7,Kon Tum,Provincial,Cultivation,Mía,,Area_Planted,232.0,ha,Actual,PL5
cdc07f3b2a63e296,2009,7,Kon Tum,Provincial,Cultivation,Lúa,,Area_Planted,630.0,ha,Actual,PL5
cdc07f3b2a63e296,2009,7,Kon Tum,Provincial,Cultivation,Lúa,,Area_Planted,57.0,ha,Actual,PL5
263e6efc8d10c8a1,2009,7,Gia Lai,Provincial,Cultivation,Lúa,,Area_Planted,5722.0,ha,Actual,PL5
cb04eb1eb0eededc,2009,7,Gia Lai,Provincial,Cultivation,Lạc,,Area_Planted,815.0,ha,Actual,PL5
263e6efc8d10c8a1,2009,7,Gia Lai,Provincial,Cultivation,Lúa,,Area_Planted,982.0,ha,Actual,PL5
03666ebe58da853e,2009,7,Gia Lai,Provincial,Cultivation,Thuốc lá,,Area_Planted,3457.0,ha,Actual,PL5
cefa81f31cd27686,2009,7,Gia Lai,Provincial,Cultivation,Mía,,Area_Planted,468.0,ha,Actual,PL5
263e6efc8d10c8a1,2009,7,Gia Lai,Provincial,Cultivation,Lúa,,Area_Planted,7605.0,ha,Actual,PL5
263e6efc8d10c8a1,2009,7,Gia Lai,Provincial,Cultivation,Lúa,,Area_Planted,8138.0,ha,Actual,PL5
8c52fb1757b6d86a,2009,7,Đắc Lắc,Provincial,Cultivation,Lúa,,Area_Planted,12759.0,ha,Actual,PL5
c7cd6d1be4fb58a2,2009,7,Đắc Lắc,Provincial,Cultivation,Đậu,,Area_Planted,4438.0,ha,Actual,PL5
3af9763745f5a721,2009,7,Đắc Lắc,Provincial,Cultivation,Lạc,,Area_Planted,2655.0,ha,Actual,PL5
8c52fb1757b6d86a,2009,7,Đắc Lắc,Provincial,Cultivation,Lúa,,Area_Planted,983.0,ha,Actual,PL5
b90e3b1dc802cd9d,2009,7,Đắc Lắc,Provincial,Cultivation,Thuốc lá,,Area_Planted,80.0,ha,Actual,PL5
cf8f7a5b893a4bf4,2009,7,Đắc Lắc,Provincial,Cultivation,Mía,,Area_Planted,4603.0,ha,Actual,PL5
8c52fb1757b6d86a,2009,7,Đắc Lắc,Provincial,Cultivation,Lúa,,Area_Planted,2350.0,ha,Actual,PL5
8c52fb1757b6d86a,2009,7,Đắc Lắc,Provincial,Cultivation,Lúa,,Area_Planted,8579.0,ha,Actual,PL5
1e1f0b885fea887e,2009,7,Đắc Nông,Provincial,Cultivation,Lúa,,Area_Planted,9776.0,ha,Actual,PL5
b8796ee8c18d254f,2009,7,Đắc Nông,Provincial,Cultivation,Đậu,,Area_Planted,9698.0,ha,Actual,PL5
0db731834eb885cb,2009,7,Đắc Nông,Provincial,Cultivation,Mía,,Area_Planted,78.0,ha,Actual,PL5
1e1f0b885fea887e,2009,7,Đắc Nông,Provincial,Cultivation,Lúa,,Area_Planted,1550.0,ha,Actual,PL5
1e1f0b885fea887e,2009,7,Đắc Nông,Provincial,Cultivation,Lúa,,Area_Planted,201.0,ha,Actual,PL5
481f83f751ddef68,2009,7,Lâm Đồng,Provincial,Cultivation,Lúa,,Area_Planted,1348.0,ha,Actual,PL5
018615f2c7e4c72d,2009,7,Lâm Đồng,Provincial,Cultivation,Mía,,Area_Planted,1348.0,ha,Actual,PL5
481f83f751ddef68,2009,7,Lâm Đồng,Provincial,Cultivation,Lúa,,Area_Planted,29500.0,ha,Actual,PL5
481f83f751ddef68,2009,7,Lâm Đồng,Provincial,Cultivation,Lúa,,Area_Planted,298.0,ha,Actual,PL5
6d6b0e3949fa3ca9,2009,7,Đông Nam Bộ,Provincial,Cultivation,Lúa,,Area_Planted,56128.0,ha,Actual,PL5
acf03fca3705ccca,2009,7,Đông Nam Bộ,Provincial,Cultivation,Đậu,,Area_Planted,563.0,ha,Actual,PL5
3ef3a27ec38f43f2,2009,7,Đông Nam Bộ,Provincial,Cultivation,Lạc,,Area_Planted,25427.0,ha,Actual,PL5
6d6b0e3949fa3ca9,2009,7,Đông Nam Bộ,Provincial,Cultivation,Lúa,,Area_Planted,6135.0,ha,Actual,PL5
4a7760cd12d31f34,2009,7,Đông Nam Bộ,Provincial,Cultivation,Thuốc lá,,Area_Planted,8946.0,ha,Actual,PL5
096757a5a3e5ded5,2009,7,Đông Nam Bộ,Provincial,Cultivation,Mía,,Area_Planted,15013.0,ha,Actual,PL5
6d6b0e3949fa3ca9,2009,7,Đông Nam Bộ,Provincial,Cultivation,Lúa,,Area_Planted,44.0,ha,Actual,PL5
6d6b0e3949fa3ca9,2009,7,Đông Nam Bộ,Provincial,Cultivation,Lúa,,Area_Planted,42255.0,ha,Actual,PL5
6d6b0e3949fa3ca9,2009,7,Đông Nam Bộ,Provincial,Cultivation,Lúa,,Area_Planted,13133.0,ha,Actual,PL5
fe7928da6ca396de,2009,7,TP Hồ Chí Minh,Provincial,Cultivation,Lúa,,Area_Planted,2978.0,ha,Actual,PL5
b54612f0d5f58192,2009,7,TP Hồ Chí Minh,Provincial,Cultivation,Lạc,,Area_Planted,778.0,ha,Actual,PL5
1f0f59adb08b0b6a,2009,7,TP Hồ Chí Minh,Provincial,Cultivation,Mía,,Area_Planted,2200.0,ha,Actual,PL5
fe7928da6ca396de,2009,7,TP Hồ Chí Minh,Provincial,Cultivation,Lúa,,Area_Planted,8384.0,ha,Actual,PL5
4ceb5242767e9525,2009,7,Ninh Thuận,Provincial,Cultivation,Lúa,,Area_Planted,1367.0,ha,Actual,PL5
f69eb013bf1e7539,2009,7,Ninh Thuận,Provincial,Cultivation,Lạc,,Area_Planted,200.0,ha,Actual,PL5
4ceb5242767e9525,2009,7,Ninh Thuận,Provincial,Cultivation,Lúa,,Area_Planted,35.0,ha,Actual,PL5
5524cb44802d8725,2009,7,Ninh Thuận,Provincial,Cultivation,Thuốc lá,,Area_Planted,480.0,ha,Actual,PL5
4e72292c19765695,2009,7,Ninh Thuận,Provincial,Cultivation,Mía,,Area_Planted,620.0,ha,Actual,PL5
4ceb5242767e9525,2009,7,Ninh Thuận,Provincial,Cultivation,Lúa,,Area_Planted,32.0,ha,Actual,PL5
4ceb5242767e9525,2009,7,Ninh Thuận,Provincial,Cultivation,Lúa,,Area_Planted,6900.0,ha,Actual,PL5
4ceb5242767e9525,2009,7,Ninh Thuận,Provincial,Cultivation,Lúa,,Area_Planted,500.0,ha,Actual,PL5
c691224ce2b4991f,2009,7,Bình Phước,Provincial,Cultivation,Lúa,,Area_Planted,143.0,ha,Actual,PL5
2a6f59557582aed3,2009,7,Bình Phước,Provincial,Cultivation,Lạc,,Area_Planted,132.0,ha,Actual,PL5
c691224ce2b4991f,2009,7,Bình Phước,Provincial,Cultivation,Lúa,,Area_Planted,11.0,ha,Actual,PL5
c691224ce2b4991f,2009,7,Bình Phước,Provincial,Cultivation,Lúa,,Area_Planted,701.0,ha,Actual,PL5
c691224ce2b4991f,2009,7,Bình Phước,Provincial,Cultivation,Lúa,,Area_Planted,145.0,ha,Actual,PL5
25fd6a39db833906,2009,7,Tây Ninh,Provincial,Cultivation,Lúa,,Area_Planted,32670.0,ha,Actual,PL5
3677f106b290963e,2009,7,Tây Ninh,Provincial,Cultivation,Lạc,,Area_Planted,16167.0,ha,Actual,PL5
25fd6a39db833906,2009,7,Tây Ninh,Provincial,Cultivation,Lúa,,Area_Planted,1007.0,ha,Actual,PL5
2eacd8f997a08f20,2009,7,Tây Ninh,Provincial,Cultivation,Thuốc lá,,Area_Planted,7748.0,ha,Actual,PL5
4060294102ba8b5c,2009,7,Tây Ninh,Provincial,Cultivation,Mía,,Area_Planted,7748.0,ha,Actual,PL5
25fd6a39db833906,2009,7,Tây Ninh,Provincial,Cultivation,Lúa,,Area_Planted,10692.0,ha,Actual,PL5
25fd6a39db833906,2009,7,Tây Ninh,Provincial,Cultivation,Lúa,,Area_Planted,4990.0,ha,Actual,PL5
0e17ae133c667706,2009,7,Bình Dương,Provincial,Cultivation,Lúa,,Area_Planted,81.0,ha,Actual,PL5
70548bebb976a9e4,2009,7,Bình Dương,Provincial,Cultivation,Lạc,,Area_Planted,81.0,ha,Actual,PL5
0e17ae133c667706,2009,7,Bình Dương,Provincial,Cultivation,Lúa,,Area_Planted,2024.0,ha,Actual,PL5
0e17ae133c667706,2009,7,Bình Dương,Provincial,Cultivation,Lúa,,Area_Planted,64.0,ha,Actual,PL5
d7e49766c2e89f58,2009,7,Đồng Nai,Provincial,Cultivation,Lúa,,Area_Planted,8941.0,ha,Actual,PL5
e7fd9d01b9e6d0c0,2009,7,Đồng Nai,Provincial,Cultivation,Đậu,,Area_Planted,321.0,ha,Actual,PL5
c90f8699a8cc0bfc,2009,7,Đồng Nai,Provincial,Cultivation,Lạc,,Area_Planted,4156.0,ha,Actual,PL5
d7e49766c2e89f58,2009,7,Đồng Nai,Provincial,Cultivation,Lúa,,Area_Planted,69.0,ha,Actual,PL5
5d04e633c19058d4,2009,7,Đồng Nai,Provincial,Cultivation,Thuốc lá,,Area_Planted,580.0,ha,Actual,PL5
4fdd1cda8a70a6ce,2009,7,Đồng Nai,Provincial,Cultivation,Mía,,Area_Planted,3815.0,ha,Actual,PL5
d7e49766c2e89f58,2009,7,Đồng Nai,Provincial,Cultivation,Lúa,,Area_Planted,9110.0,ha,Actual,PL5
d7e49766c2e89f58,2009,7,Đồng Nai,Provincial,Cultivation,Lúa,,Area_Planted,3759.0,ha,Actual,PL5
77e8efcd062d1ca8,2009,7,Bình Thuận,Provincial,Cultivation,Lúa,,Area_Planted,9274.0,ha,Actual,PL5
103125b998852ad8,2009,7,Bình Thuận,Provincial,Cultivation,Đậu,,Area_Planted,242.0,ha,Actual,PL5
8bdfc1dacfd938fa,2009,7,Bình Thuận,Provincial,Cultivation,Lạc,,Area_Planted,3487.0,ha,Actual,PL5
77e8efcd062d1ca8,2009,7,Bình Thuận,Provincial,Cultivation,Lúa,,Area_Planted,5013.0,ha,Actual,PL5
c83fb017ad9fe110,2009,7,Bình Thuận,Provincial,Cultivation,Thuốc lá,,Area_Planted,35.0,ha,Actual,PL5
91560e5c8c0856b2,2009,7,Bình Thuận,Provincial,Cultivation,Mía,,Area_Planted,485.0,ha,Actual,PL5
77e8efcd062d1ca8,2009,7,Bình Thuận,Provincial,Cultivation,Lúa,,Area_Planted,12.0,ha,Actual,PL5
77e8efcd062d1ca8,2009,7,Bình Thuận,Provincial,Cultivation,Lúa,,Area_Planted,2216.0,ha,Actual,PL5
77e8efcd062d1ca8,2009,7,Bình Thuận,Provincial,Cultivation,Lúa,,Area_Planted,3178.0,ha,Actual,PL5
4d93e88d3e76d8f8,2009,7,Bà Rịa-V.Tàu,Provincial,Cultivation,Lúa,,Area_Planted,674.0,ha,Actual,PL5
412b80b797abefaa,2009,7,Bà Rịa-V.Tàu,Provincial,Cultivation,Lạc,,Area_Planted,426.0,ha,Actual,PL5
8f7b9154441b5ef7,2009,7,Bà Rịa-V.Tàu,Provincial,Cultivation,Thuốc lá,,Area_Planted,103.0,ha,Actual,PL5
8f4a353fbd631d84,2009,7,Bà Rịa-V.Tàu,Provincial,Cultivation,Mía,,Area_Planted,145.0,ha,Actual,PL5
4d93e88d3e76d8f8,2009,7,Bà Rịa-V.Tàu,Provincial,Cultivation,Lúa,,Area_Planted,2228.0,ha,Actual,PL5
4d93e88d3e76d8f8,2009,7,Bà Rịa-V.Tàu,Provincial,Cultivation,Lúa,,Area_Planted,497.0,ha,Actual,PL5
3bdf5825f428959a,2009,7,ĐBS Cửu Long,Provincial,Cultivation,Lúa,,Area_Planted,87087.0,ha,Actual,PL5
1fbac6ca17f5ff47,2009,7,ĐBS Cửu Long,Provincial,Cultivation,Đậu,,Area_Planted,7807.0,ha,Actual,PL5
efa57148b6e01271,2009,7,ĐBS Cửu Long,Provincial,Cultivation,Lạc,,Area_Planted,15134.0,ha,Actual,PL5
3bdf5825f428959a,2009,7,ĐBS Cửu Long,Provincial,Cultivation,Lúa,,Area_Planted,9072.0,ha,Actual,PL5
20a9bcfd3bff8e8e,2009,7,ĐBS Cửu Long,Provincial,Cultivation,Thuốc lá,,Area_Planted,193.0,ha,Actual,PL5
90c5c3d99c028f3d,2009,7,ĐBS Cửu Long,Provincial,Cultivation,Mía,,Area_Planted,53417.0,ha,Actual,PL5
3bdf5825f428959a,2009,7,ĐBS Cửu Long,Provincial,Cultivation,Lúa,,Area_Planted,1133.0,ha,Actual,PL5
3bdf5825f428959a,2009,7,ĐBS Cửu Long,Provincial,Cultivation,Lúa,,Area_Planted,450.0,ha,Actual,PL5
3bdf5825f428959a,2009,7,ĐBS Cửu Long,Provincial,Cultivation,Lúa,,Area_Planted,125154.0,ha,Actual,PL5
3bdf5825f428959a,2009,7,ĐBS Cửu Long,Provincial,Cultivation,Lúa,,Area_Planted,3823.0,ha,Actual,PL5
5265403f8bd457bb,2009,7,Long An,Provincial,Cultivation,Lúa,,Area_Planted,23099.0,ha,Actual,PL5
b3c984f9527eff04,2009,7,Long An,Provincial,Cultivation,Lạc,,Area_Planted,6966.0,ha,Actual,PL5
5265403f8bd457bb,2009,7,Long An,Provincial,Cultivation,Lúa,,Area_Planted,1752.0,ha,Actual,PL5
3681b32b891c9662,2009,7,Long An,Provincial,Cultivation,Mía,,Area_Planted,14381.0,ha,Actual,PL5
5265403f8bd457bb,2009,7,Long An,Provincial,Cultivation,Lúa,,Area_Planted,6510.0,ha,Actual,PL5
dc3ad3dc41f8beb8,2009,7,Đồng Tháp,Provincial,Cultivation,Lúa,,Area_Planted,8484.0,ha,Actual,PL5
0c0938e909b87ccf,2009,7,Đồng Tháp,Provincial,Cultivation,Đậu,,Area_Planted,5434.0,ha,Actual,PL5
32cab990c38c45f3,2009,7,Đồng Tháp,Provincial,Cultivation,Lạc,,Area_Planted,166.0,ha,Actual,PL5
dc3ad3dc41f8beb8,2009,7,Đồng Tháp,Provincial,Cultivation,Lúa,,Area_Planted,2737.0,ha,Actual,PL5
199303c53af2ea31,2009,7,Đồng Tháp,Provincial,Cultivation,Thuốc lá,,Area_Planted,16.0,ha,Actual,PL5
a823e1391a08a2bb,2009,7,Đồng Tháp,Provincial,Cultivation,Mía,,Area_Planted,131.0,ha,Actual,PL5
dc3ad3dc41f8beb8,2009,7,Đồng Tháp,Provincial,Cultivation,Lúa,,Area_Planted,8602.0,ha,Actual,PL5
9fc6fbb0f5d44d8e,2009,7,An Giang,Provincial,Cultivation,Lúa,,Area_Planted,842.0,ha,Actual,PL5
bd773a94e3a8aeb0,2009,7,An Giang,Provincial,Cultivation,Đậu,,Area_Planted,183.0,ha,Actual,PL5
faff7190452fc87f,2009,7,An Giang,Provincial,Cultivation,Lạc,,Area_Planted,215.0,ha,Actual,PL5
9fc6fbb0f5d44d8e,2009,7,An Giang,Provincial,Cultivation,Lúa,,Area_Planted,420.0,ha,Actual,PL5
072bbe6d61938cfe,2009,7,An Giang,Provincial,Cultivation,Thuốc lá,,Area_Planted,6.0,ha,Actual,PL5
947c6baa1359547c,2009,7,An Giang,Provincial,Cultivation,Mía,,Area_Planted,18.0,ha,Actual,PL5
9fc6fbb0f5d44d8e,2009,7,An Giang,Provincial,Cultivation,Lúa,,Area_Planted,8433.0,ha,Actual,PL5
9fc6fbb0f5d44d8e,2009,7,An Giang,Provincial,Cultivation,Lúa,,Area_Planted,1090.0,ha,Actual,PL5
6e5104c7185b2dcb,2009,7,Tiền Giang,Provincial,Cultivation,Mía,,Area_Planted,119.0,ha,Actual,PL5
ed3324932339a339,2009,7,Tiền Giang,Provincial,Cultivation,Lúa,,Area_Planted,25200.0,ha,Actual,PL5
f6c28d4dfa217d7e,2009,7,Vĩnh Long,Provincial,Cultivation,Lúa,,Area_Planted,1615.0,ha,Actual,PL5
0a5073097bca4bef,2009,7,Vĩnh Long,Provincial,Cultivation,Đậu,,Area_Planted,1189.0,ha,Actual,PL5
502dd3fd9fd64183,2009,7,Vĩnh Long,Provincial,Cultivation,Lạc,,Area_Planted,28.0,ha,Actual,PL5
f6c28d4dfa217d7e,2009,7,Vĩnh Long,Provincial,Cultivation,Lúa,,Area_Planted,331.0,ha,Actual,PL5
336c7e40aa4312fb,2009,7,Vĩnh Long,Provincial,Cultivation,Mía,,Area_Planted,67.0,ha,Actual,PL5
f6c28d4dfa217d7e,2009,7,Vĩnh Long,Provincial,Cultivation,Lúa,,Area_Planted,15942.0,ha,Actual,PL5
f6c28d4dfa217d7e,2009,7,Vĩnh Long,Provincial,Cultivation,Lúa,,Area_Planted,370.0,ha,Actual,PL5
ca701bc2d7a30b15,2009,7,Bến Tre,Provincial,Cultivation,Lúa,,Area_Planted,7360.0,ha,Actual,PL5
2c7c90549c1fe121,2009,7,Bến Tre,Provincial,Cultivation,Lạc,,Area_Planted,391.0,ha,Actual,PL5
1ee2b280a0e169c4,2009,7,Bến Tre,Provincial,Cultivation,Mía,,Area_Planted,6969.0,ha,Actual,PL5
ca701bc2d7a30b15,2009,7,Bến Tre,Provincial,Cultivation,Lúa,,Area_Planted,2082.0,ha,Actual,PL5
ca701bc2d7a30b15,2009,7,Bến Tre,Provincial,Cultivation,Lúa,,Area_Planted,128.0,ha,Actual,PL5
e987382f7026dd31,2009,7,Kiên Giang,Provincial,Cultivation,Lúa,,Area_Planted,0.0,ha,Actual,PL5
c0e11cdcd9ae4d10,2009,7,Cần Thơ,Provincial,Cultivation,Lúa,,Area_Planted,8177.0,ha,Actual,PL5
29422ac21480d723,2009,7,Cần Thơ,Provincial,Cultivation,Đậu,,Area_Planted,747.0,ha,Actual,PL5
691e1e1fedde9362,2009,7,Cần Thơ,Provincial,Cultivation,Lạc,,Area_Planted,3587.0,ha,Actual,PL5
c0e11cdcd9ae4d10,2009,7,Cần Thơ,Provincial,Cultivation,Lúa,,Area_Planted,3832.0,ha,Actual,PL5
e39da7b9a806af1b,2009,7,Cần Thơ,Provincial,Cultivation,Thuốc lá,,Area_Planted,11.0,ha,Actual,PL5
c0e11cdcd9ae4d10,2009,7,Cần Thơ,Provincial,Cultivation,Lúa,,Area_Planted,5898.0,ha,Actual,PL5
c0e11cdcd9ae4d10,2009,7,Cần Thơ,Provincial,Cultivation,Lúa,,Area_Planted,201.0,ha,Actual,PL5
d66f9ead1d8321d1,2009,7,Hậu Giang,Provincial,Cultivation,Lúa,,Area_Planted,13453.0,ha,Actual,PL5
ea1ce5bf0a317edc,2009,7,Hậu Giang,Provincial,Cultivation,Mía,,Area_Planted,13453.0,ha,Actual,PL5
d66f9ead1d8321d1,2009,7,Hậu Giang,Provincial,Cultivation,Lúa,,Area_Planted,6068.0,ha,Actual,PL5
5485006fdd570aed,2009,7,Trà Vinh,Provincial,Cultivation,Lúa,,Area_Planted,10752.0,ha,Actual,PL5
6b8c7451df3c8eb3,2009,7,Trà Vinh,Provincial,Cultivation,Lạc,,Area_Planted,3627.0,ha,Actual,PL5
75a887ebb44d7e00,2009,7,Trà Vinh,Provincial,Cultivation,Mía,,Area_Planted,5542.0,ha,Actual,PL5
5485006fdd570aed,2009,7,Trà Vinh,Provincial,Cultivation,Lúa,,Area_Planted,1133.0,ha,Actual,PL5
5485006fdd570aed,2009,7,Trà Vinh,Provincial,Cultivation,Lúa,,Area_Planted,450.0,ha,Actual,PL5
5485006fdd570aed,2009,7,Trà Vinh,Provincial,Cultivation,Lúa,,Area_Planted,17979.0,ha,Actual,PL5
5485006fdd570aed,2009,7,Trà Vinh,Provincial,Cultivation,Lúa,,Area_Planted,841.0,ha,Actual,PL5
65e97c3c8eb2408b,2009,7,Sóc Trăng,Provincial,Cultivation,Lúa,,Area_Planted,13305.0,ha,Actual,PL5
22be527a75a0013d,2009,7,Sóc Trăng,Provincial,Cultivation,Đậu,,Area_Planted,254.0,ha,Actual,PL5
af7ee215a6322dc4,2009,7,Sóc Trăng,Provincial,Cultivation,Lạc,,Area_Planted,154.0,ha,Actual,PL5
7a4a847b6c2bcb90,2009,7,Sóc Trăng,Provincial,Cultivation,Thuốc lá,,Area_Planted,160.0,ha,Actual,PL5
7a33d8772e417237,2009,7,Sóc Trăng,Provincial,Cultivation,Mía,,Area_Planted,12737.0,ha,Actual,PL5
65e97c3c8eb2408b,2009,7,Sóc Trăng,Provincial,Cultivation,Lúa,,Area_Planted,22940.0,ha,Actual,PL5
65e97c3c8eb2408b,2009,7,Sóc Trăng,Provincial,Cultivation,Lúa,,Area_Planted,1193.0,ha,Actual,PL5
bbae8ccc048586a3,2009,7,Bạc Liêu,Provincial,Cultivation,Lúa,,Area_Planted,5500.0,ha,Actual,PL5
09280b0f5f897437,2009,7,Cả nước,National,Forestry,Rừng,,Area_Planted,924.0,1000_ha,Estimated,PL6b1
e3371bee436b6945,2009,7,Cả nước,National,Forestry,Rừng,,Area_Planted,2273.0,1000_ha,Plan,PL6b1
b015d2926653cd6b,2009,7,Cả nước,National,Forestry,Rừng,,Area,213.0,1000_ha,Estimated,PL6b1
bdf01740ebad30f3,2009,7,Cả nước,National,Forestry,Rừng,,Area,600.0,1000_ha,Plan,PL6b1
b015d2926653cd6b,2009,7,Cả nước,National,Forestry,Rừng,,Area,711.0,1000_ha,Estimated,PL6b1
bdf01740ebad30f3,2009,7,Cả nước,National,Forestry,Rừng,,Area,1673.0,1000_ha,Plan,PL6b1
6808e07ca8c51bf3,2009,7,Cả nước,National,Forestry,Rừng trồng,,Area,1479.0,1000_ha,Estimated,PL6b1
1de5736473cd76da,2009,7,Cả nước,National,Forestry,Rừng trồng,,Area,1497.0,1000_ha,Plan,PL6b1
20ac9abacb0f9bd9,2009,7,Cả nước,National,Forestry,Cây nhân dân,,Area_Planted,1236.0,million_trees,Estimated,PL6b1
51d1f4b26453b300,2009,7,Cả nước,National,Forestry,Cây nhân dân,,Area_Planted,200.0,million_trees,Plan,PL6b1
bc31787924f6de71,2009,7,Cả nước,National,Forestry,Rừng tái sinh,,Area,6232.0,1000_ha,Estimated,PL6b1
6ce3b4a359e76c85,2009,7,Cả nước,National,Forestry,Rừng tái sinh,,Area,506.0,1000_ha,Plan,PL6b1
a495f5f0d815d573,2009,7,Cả nước,National,Forestry,Rừng bảo vệ,,Area,21178.0,1000_ha,Estimated,PL6b1
6fa3982daa825367,2009,7,Cả nước,National,Forestry,Rừng bảo vệ,,Area,1524.0,1000_ha,Plan,PL6b1
4a9af0944943ba9c,2009,7,Cả nước,National,Forestry,Gỗ,,Production,19676.0,1000_m3,Estimated,PL6b1
389d4ba279b5456e,2009,7,Cả nước,National,Forestry,Gỗ,,Production,4380.0,1000_m3,Plan,PL6b1
8c399f87f1cb4f06,2009,1,Cả nước,National,Trade,"1. Nông sản chính,trong đó:",Xuất khẩu,Export_Value,686.0,million_USD,Actual,PL8
31bbb876183cacb0,2009,1,Cả nước,National,Trade,Cà phê,Xuất khẩu,Export_Volume,78.0,1000_ton,Actual,PL8
c6f04eff3e7c58a4,2009,1,Cả nước,National,Trade,Cà phê,Xuất khẩu,Export_Value,115.0,million_USD,Actual,PL8
d74872253f2d7f4a,2009,1,Cả nước,National,Trade,Cao su,Xuất khẩu,Export_Volume,68.0,1000_ton,Actual,PL8
ec1298c3eda6a539,2009,1,Cả nước,National,Trade,Cao su,Xuất khẩu,Export_Value,99.0,million_USD,Actual,PL8
34f15c3b7c8fc811,2009,1,Cả nước,National,Trade,Gạo,Xuất khẩu,Export_Volume,581.0,1000_ton,Actual,PL8
1f153bf4bc6f9ff0,2009,1,Cả nước,National,Trade,Gạo,Xuất khẩu,Export_Value,259.0,million_USD,Actual,PL8
9c890a4daf94a1a8,2009,1,Cả nước,National,Trade,Chè,Xuất khẩu,Export_Volume,11.0,1000_ton,Actual,PL8
b57b4808b36af64e,2009,1,Cả nước,National,Trade,Chè,Xuất khẩu,Export_Value,14.0,million_USD,Actual,PL8
82677053c86b5766,2009,1,Cả nước,National,Trade,Hạt điều,Xuất khẩu,Export_Volume,16.0,1000_ton,Actual,PL8
970583d53fc308c7,2009,1,Cả nước,National,Trade,Hạt điều,Xuất khẩu,Export_Value,75.0,million_USD,Actual,PL8
ba17953f5f8e073a,2009,1,Cả nước,National,Trade,Hạt tiêu,Xuất khẩu,Export_Volume,14.0,1000_ton,Actual,PL8
7b75a9a185d6deff,2009,1,Cả nước,National,Trade,Hạt tiêu,Xuất khẩu,Export_Value,34.0,million_USD,Actual,PL8
25cbafbddd1977d8,2009,1,Cả nước,National,Trade,Hàng rau quả,Xuất khẩu,Export_Value,43.0,million_USD,Actual,PL8
e33025251e09c651,2009,1,Cả nước,National,Trade,Sắn và sản phẩm từ sắn,Xuất khẩu,Export_Volume,271.0,1000_ton,Actual,PL8
8476d4f45017b301,2009,1,Cả nước,National,Trade,Sắn và sản phẩm từ sắn,Xuất khẩu,Export_Value,48.0,million_USD,Actual,PL8
4587782a8253156e,2009,1,Cả nước,National,Trade,2. Thuỷ sản,Xuất khẩu,Export_Value,379.0,million_USD,Actual,PL8
a96ed3a34476742c,2009,1,Cả nước,National,Trade,"3. Lâm sản chính,trong đó:Quế",Xuất khẩu,Export_Value,202.0,million_USD,Actual,PL8
885a93734ad69f43,2009,1,Cả nước,National,Trade,Quế,Xuất khẩu,Export_Value,2.0,million_USD,Actual,PL8
396cd7b0ef23a567,2009,1,Cả nước,National,Trade,Gỗ & sản phẩm gỗ,Xuất khẩu,Export_Value,187.0,million_USD,Actual,PL8
460ba863e795dfa7,2009,1,Cả nước,National,Trade,"SP mây, tre, cói, thảm",Xuất khẩu,Export_Value,13.0,million_USD,Actual,PL8
92ca3573c78831fb,2009,1,Cả nước,National,Trade,Các mặt hàng nhập khẩu chính,Xuất khẩu,Export_Value,670.0,million_USD,Actual,PL8
ee56fc14430c8bba,2009,1,Cả nước,National,Trade,Phân bón các loại,Xuất khẩu,Export_Volume,305.0,1000_ton,Actual,PL8
22449e1dff376adc,2009,1,Cả nước,National,Trade,Phân bón các loại,Xuất khẩu,Export_Value,110.0,million_USD,Actual,PL8
0d99e027a77b70c7,2009,1,Cả nước,National,Trade,- U RE,Xuất khẩu,Export_Volume,100.0,1000_ton,Actual,PL8
77980f25cd152d40,2009,1,Cả nước,National,Trade,- U RE,Xuất khẩu,Export_Value,30.0,million_USD,Actual,PL8
909b9c03043465fe,2009,1,Cả nước,National,Trade,- S A,Xuất khẩu,Export_Volume,52.0,1000_ton,Actual,PL8
093d49f0524b1a54,2009,1,Cả nước,National,Trade,- S A,Xuất khẩu,Export_Value,7.0,million_USD,Actual,PL8
b41effd55cb9d6ae,2009,1,Cả nước,National,Trade,- D A P,Xuất khẩu,Export_Volume,77.0,1000_ton,Actual,PL8
0d84192f4ea01a3e,2009,1,Cả nước,National,Trade,- D A P,Xuất khẩu,Export_Value,28.0,million_USD,Actual,PL8
067ad68770e94047,2009,1,Cả nước,National,Trade,- N P K,Xuất khẩu,Export_Volume,13.0,1000_ton,Actual,PL8
5cd4bb5f0df2e45f,2009,1,Cả nước,National,Trade,- N P K,Xuất khẩu,Export_Value,5.0,million_USD,Actual,PL8
751bc08d3ec400df,2009,1,Cả nước,National,Trade,- Các loại phân bón khác,Xuất khẩu,Export_Volume,63.0,1000_ton,Actual,PL8
2f70f8e2c63427a9,2009,1,Cả nước,National,Trade,- Các loại phân bón khác,Xuất khẩu,Export_Value,40.0,million_USD,Actual,PL8
c737ec0b728083d0,2009,1,Cả nước,National,Trade,Thuốc trừ sâu & nguyên liệu,Xuất khẩu,Export_Value,44.0,million_USD,Actual,PL8
87320e4e9c4c2a93,2009,1,Cả nước,National,Trade,Lúa mỳ,Xuất khẩu,Export_Volume,169.0,1000_ton,Actual,PL8
9c61b094d73bab47,2009,1,Cả nước,National,Trade,Lúa mỳ,Xuất khẩu,Export_Value,41.0,million_USD,Actual,PL8
a3a6434897603ef9,2009,1,Cả nước,National,Trade,Thức ăn gia súc và nguyên liệu,Xuất khẩu,Export_Value,240.0,million_USD,Actual,PL8
df9166757e6bbe20,2009,1,Cả nước,National,Trade,"Dầu mỡ động, thực vật",Xuất khẩu,Export_Value,50.0,million_USD,Actual,PL8
d74872253f2d7f4a,2009,1,Cả nước,National,Trade,Cao su,Xuất khẩu,Export_Volume,23.0,1000_ton,Actual,PL8
ec1298c3eda6a539,2009,1,Cả nước,National,Trade,Cao su,Xuất khẩu,Export_Value,30.0,million_USD,Actual,PL8
40f65ae579c2d615,2009,1,Cả nước,National,Trade,Bông các loại,Xuất khẩu,Export_Volume,26.0,1000_ton,Actual,PL8
98b0a6be898b7078,2009,1,Cả nước,National,Trade,Bông các loại,Xuất khẩu,Export_Value,31.0,million_USD,Actual,PL8
e81cd94e8978527a,2009,1,Cả nước,National,Trade,Sữa &sản phẩm sữa,Xuất khẩu,Export_Value,39.0,million_USD,Actual,PL8
396cd7b0ef23a567,2009,1,Cả nước,National,Trade,Gỗ & sản phẩm gỗ,Xuất khẩu,Export_Value,82.0,million_USD,Actual,PL8
dadeefd14a65245d,2009,1,Cả nước,National,Trade,Muối,Xuất khẩu,Export_Value,19.0,million_USD,Actual,PL8
25cbafbddd1977d8,2009,1,Cả nước,National,Trade,Hàng rau quả,Xuất khẩu,Export_Value,24.0,million_USD,Actual,PL8
dadeefd14a65245d,2009,1,Cả nước,National,Trade,Muối,Xuất khẩu,Export_Value,4.0,million_USD,Actual,PL8
87329e279f05d048,2009,1,Cả nước,National,Trade,1,Xuất khẩu,Export_Volume,70902.0,1000_ton,Actual,PL8a
d4b0cf5d249414f0,2009,1,Cả nước,National,Trade,1,Xuất khẩu,Export_Value,111043.0,million_USD,Actual,PL8a
1d8f8b8741ef70e3,2009,1,Cả nước,National,Trade,2,Xuất khẩu,Export_Volume,163182.0,1000_ton,Actual,PL8a
f456e9233be4f2fc,2009,1,Cả nước,National,Trade,2,Xuất khẩu,Export_Value,79072.0,million_USD,Actual,PL8a
72dde2ac325dca5c,2009,1,Cả nước,National,Trade,3,Xuất khẩu,Export_Volume,210770.0,1000_ton,Actual,PL8a
2416a090fcba0d7a,2009,1,Cả nước,National,Trade,3,Xuất khẩu,Export_Value,77932.0,million_USD,Actual,PL8a
504aaf6cbdaa2686,2009,1,Cả nước,National,Trade,4,Xuất khẩu,Export_Volume,92595.0,1000_ton,Actual,PL8a
519e22695f563713,2009,1,Cả nước,National,Trade,4,Xuất khẩu,Export_Value,68677.0,million_USD,Actual,PL8a
64d955788e09eb4c,2009,1,Cả nước,National,Trade,5,Xuất khẩu,Export_Volume,93833.0,1000_ton,Actual,PL8a
2d4b49d3fc725af5,2009,1,Cả nước,National,Trade,5,Xuất khẩu,Export_Value,44975.0,million_USD,Actual,PL8a
92c7545829a636de,2009,1,Cả nước,National,Trade,6,Xuất khẩu,Export_Volume,74330.0,1000_ton,Actual,PL8a
8057f10ac845b6df,2009,1,Cả nước,National,Trade,6,Xuất khẩu,Export_Value,36149.0,million_USD,Actual,PL8a
400efd198836f70f,2009,1,Cả nước,National,Trade,7,Xuất khẩu,Export_Volume,17606.0,1000_ton,Actual,PL8a
23345e20aaf27540,2009,1,Cả nước,National,Trade,7,Xuất khẩu,Export_Value,27725.0,million_USD,Actual,PL8a
000d2344ef8b6c50,2009,1,Cả nước,National,Trade,8,Xuất khẩu,Export_Volume,27744.0,1000_ton,Actual,PL8a
a7a9ea09c3e3f602,2009,1,Cả nước,National,Trade,8,Xuất khẩu,Export_Value,19524.0,million_USD,Actual,PL8a
691c05b53234f440,2009,1,Cả nước,National,Trade,9,Xuất khẩu,Export_Volume,47827.0,1000_ton,Actual,PL8a
a2bcee0237af9010,2009,1,Cả nước,National,Trade,9,Xuất khẩu,Export_Value,18411.0,million_USD,Actual,PL8a
57144d701348703e,2009,1,Cả nước,National,Trade,10,Xuất khẩu,Export_Volume,47036.0,1000_ton,Actual,PL8a
11e09b38ce5b3603,2009,1,Cả nước,National,Trade,10,Xuất khẩu,Export_Value,16610.0,million_USD,Actual,PL8a
87329e279f05d048,2009,1,Cả nước,National,Trade,1,Xuất khẩu,Export_Volume,422294.0,1000_ton,Actual,PL8a
d4b0cf5d249414f0,2009,1,Cả nước,National,Trade,1,Xuất khẩu,Export_Value,173124.0,million_USD,Actual,PL8a
1d8f8b8741ef70e3,2009,1,Cả nước,National,Trade,2,Xuất khẩu,Export_Volume,29659.0,1000_ton,Actual,PL8a
f456e9233be4f2fc,2009,1,Cả nước,National,Trade,2,Xuất khẩu,Export_Value,12501.0,million_USD,Actual,PL8a
72dde2ac325dca5c,2009,1,Cả nước,National,Trade,3,Xuất khẩu,Export_Volume,11921.0,1000_ton,Actual,PL8a
2416a090fcba0d7a,2009,1,Cả nước,National,Trade,3,Xuất khẩu,Export_Value,11076.0,million_USD,Actual,PL8a
504aaf6cbdaa2686,2009,1,Cả nước,National,Trade,4,Xuất khẩu,Export_Volume,20329.0,1000_ton,Actual,PL8a
519e22695f563713,2009,1,Cả nước,National,Trade,4,Xuất khẩu,Export_Value,7809.0,million_USD,Actual,PL8a
64d955788e09eb4c,2009,1,Cả nước,National,Trade,5,Xuất khẩu,Export_Volume,24491.0,1000_ton,Actual,PL8a
2d4b49d3fc725af5,2009,1,Cả nước,National,Trade,5,Xuất khẩu,Export_Value,6594.0,million_USD,Actual,PL8a
92c7545829a636de,2009,1,Cả nước,National,Trade,6,Xuất khẩu,Export_Volume,9936.0,1000_ton,Actual,PL8a
8057f10ac845b6df,2009,1,Cả nước,National,Trade,6,Xuất khẩu,Export_Value,5142.0,million_USD,Actual,PL8a
400efd198836f70f,2009,1,Cả nước,National,Trade,7,Xuất khẩu,Export_Volume,16552.0,1000_ton,Actual,PL8a
23345e20aaf27540,2009,1,Cả nước,National,Trade,7,Xuất khẩu,Export_Value,3961.0,million_USD,Actual,PL8a
000d2344ef8b6c50,2009,1,Cả nước,National,Trade,8,Xuất khẩu,Export_Volume,15199.0,1000_ton,Actual,PL8a
a7a9ea09c3e3f602,2009,1,Cả nước,National,Trade,8,Xuất khẩu,Export_Value,3465.0,million_USD,Actual,PL8a
691c05b53234f440,2009,1,Cả nước,National,Trade,9,Xuất khẩu,Export_Volume,8607.0,1000_ton,Actual,PL8a
a2bcee0237af9010,2009,1,Cả nước,National,Trade,9,Xuất khẩu,Export_Value,3507.0,million_USD,Actual,PL8a
57144d701348703e,2009,1,Cả nước,National,Trade,10,Xuất khẩu,Export_Volume,5988.0,1000_ton,Actual,PL8a
11e09b38ce5b3603,2009,1,Cả nước,National,Trade,10,Xuất khẩu,Export_Value,2126.0,million_USD,Actual,PL8a
87329e279f05d048,2009,1,Cả nước,National,Trade,1,Xuất khẩu,Export_Volume,14573.0,1000_ton,Actual,PL8a
d4b0cf5d249414f0,2009,1,Cả nước,National,Trade,1,Xuất khẩu,Export_Value,13025.0,million_USD,Actual,PL8a
1d8f8b8741ef70e3,2009,1,Cả nước,National,Trade,2,Xuất khẩu,Export_Volume,6734.0,1000_ton,Actual,PL8a
f456e9233be4f2fc,2009,1,Cả nước,National,Trade,2,Xuất khẩu,Export_Value,8750.0,million_USD,Actual,PL8a
72dde2ac325dca5c,2009,1,Cả nước,National,Trade,3,Xuất khẩu,Export_Volume,9778.0,1000_ton,Actual,PL8a
2416a090fcba0d7a,2009,1,Cả nước,National,Trade,3,Xuất khẩu,Export_Value,8141.0,million_USD,Actual,PL8a
504aaf6cbdaa2686,2009,1,Cả nước,National,Trade,4,Xuất khẩu,Export_Volume,3185.0,1000_ton,Actual,PL8a
519e22695f563713,2009,1,Cả nước,National,Trade,4,Xuất khẩu,Export_Value,3258.0,million_USD,Actual,PL8a
64d955788e09eb4c,2009,1,Cả nước,National,Trade,5,Xuất khẩu,Export_Volume,1045.0,1000_ton,Actual,PL8a
2d4b49d3fc725af5,2009,1,Cả nước,National,Trade,5,Xuất khẩu,Export_Value,2745.0,million_USD,Actual,PL8a
92c7545829a636de,2009,1,Cả nước,National,Trade,6,Xuất khẩu,Export_Volume,1285.0,1000_ton,Actual,PL8a
8057f10ac845b6df,2009,1,Cả nước,National,Trade,6,Xuất khẩu,Export_Value,2097.0,million_USD,Actual,PL8a
400efd198836f70f,2009,1,Cả nước,National,Trade,7,Xuất khẩu,Export_Volume,900.0,1000_ton,Actual,PL8a
23345e20aaf27540,2009,1,Cả nước,National,Trade,7,Xuất khẩu,Export_Value,2044.0,million_USD,Actual,PL8a
000d2344ef8b6c50,2009,1,Cả nước,National,Trade,8,Xuất khẩu,Export_Volume,1497.0,1000_ton,Actual,PL8a
a7a9ea09c3e3f602,2009,1,Cả nước,National,Trade,8,Xuất khẩu,Export_Value,873.0,million_USD,Actual,PL8a
691c05b53234f440,2009,1,Cả nước,National,Trade,9,Xuất khẩu,Export_Volume,1198.0,1000_ton,Actual,PL8a
a2bcee0237af9010,2009,1,Cả nước,National,Trade,9,Xuất khẩu,Export_Value,562.0,million_USD,Actual,PL8a
57144d701348703e,2009,1,Cả nước,National,Trade,10,Xuất khẩu,Export_Volume,1242.0,1000_ton,Actual,PL8a
11e09b38ce5b3603,2009,1,Cả nước,National,Trade,10,Xuất khẩu,Export_Value,132.0,million_USD,Actual,PL8a
87329e279f05d048,2009,1,Cả nước,National,Trade,1,Xuất khẩu,Export_Volume,636889.0,1000_ton,Actual,PL8a
d4b0cf5d249414f0,2009,1,Cả nước,National,Trade,1,Xuất khẩu,Export_Value,1564504.0,million_USD,Actual,PL8a
1d8f8b8741ef70e3,2009,1,Cả nước,National,Trade,2,Xuất khẩu,Export_Volume,144887.0,1000_ton,Actual,PL8a
f456e9233be4f2fc,2009,1,Cả nước,National,Trade,2,Xuất khẩu,Export_Value,356422.0,million_USD,Actual,PL8a
72dde2ac325dca5c,2009,1,Cả nước,National,Trade,3,Xuất khẩu,Export_Volume,296535.0,1000_ton,Actual,PL8a
2416a090fcba0d7a,2009,1,Cả nước,National,Trade,3,Xuất khẩu,Export_Value,271175.0,million_USD,Actual,PL8a
504aaf6cbdaa2686,2009,1,Cả nước,National,Trade,4,Xuất khẩu,Export_Volume,48130.0,1000_ton,Actual,PL8a
519e22695f563713,2009,1,Cả nước,National,Trade,4,Xuất khẩu,Export_Value,168000.0,million_USD,Actual,PL8a
64d955788e09eb4c,2009,1,Cả nước,National,Trade,5,Xuất khẩu,Export_Volume,9941.0,1000_ton,Actual,PL8a
2d4b49d3fc725af5,2009,1,Cả nước,National,Trade,5,Xuất khẩu,Export_Value,158143.0,million_USD,Actual,PL8a
87329e279f05d048,2009,1,Cả nước,National,Trade,1,Xuất khẩu,Export_Volume,666413.0,1000_ton,Actual,PL8b
d4b0cf5d249414f0,2009,1,Cả nước,National,Trade,1,Xuất khẩu,Export_Value,66475.0,million_USD,Actual,PL8b
1d8f8b8741ef70e3,2009,1,Cả nước,National,Trade,2,Xuất khẩu,Export_Volume,493024.0,1000_ton,Actual,PL8b
f456e9233be4f2fc,2009,1,Cả nước,National,Trade,2,Xuất khẩu,Export_Value,4868.0,million_USD,Actual,PL8b
72dde2ac325dca5c,2009,1,Cả nước,National,Trade,3,Xuất khẩu,Export_Volume,798718.0,1000_ton,Actual,PL8b
2416a090fcba0d7a,2009,1,Cả nước,National,Trade,3,Xuất khẩu,Export_Value,3244.0,million_USD,Actual,PL8b
504aaf6cbdaa2686,2009,1,Cả nước,National,Trade,4,Xuất khẩu,Export_Volume,771988.0,1000_ton,Actual,PL8b
519e22695f563713,2009,1,Cả nước,National,Trade,4,Xuất khẩu,Export_Value,2476.0,million_USD,Actual,PL8b
64d955788e09eb4c,2009,1,Cả nước,National,Trade,5,Xuất khẩu,Export_Volume,102366.0,1000_ton,Actual,PL8b
2d4b49d3fc725af5,2009,1,Cả nước,National,Trade,5,Xuất khẩu,Export_Value,1196.0,million_USD,Actual,PL8b
92c7545829a636de,2009,1,Cả nước,National,Trade,6,Xuất khẩu,Export_Volume,407342.0,1000_ton,Actual,PL8b
8057f10ac845b6df,2009,1,Cả nước,National,Trade,6,Xuất khẩu,Export_Value,979.0,million_USD,Actual,PL8b
400efd198836f70f,2009,1,Cả nước,National,Trade,7,Xuất khẩu,Export_Volume,73017.0,1000_ton,Actual,PL8b
23345e20aaf27540,2009,1,Cả nước,National,Trade,7,Xuất khẩu,Export_Value,595.0,million_USD,Actual,PL8b
000d2344ef8b6c50,2009,1,Cả nước,National,Trade,8,Xuất khẩu,Export_Volume,133809.0,1000_ton,Actual,PL8b
a7a9ea09c3e3f602,2009,1,Cả nước,National,Trade,8,Xuất khẩu,Export_Value,787.0,million_USD,Actual,PL8b
691c05b53234f440,2009,1,Cả nước,National,Trade,9,Xuất khẩu,Export_Volume,419794.0,1000_ton,Actual,PL8b
a2bcee0237af9010,2009,1,Cả nước,National,Trade,9,Xuất khẩu,Export_Value,310.0,million_USD,Actual,PL8b
87329e279f05d048,2009,1,Cả nước,National,Trade,1,Xuất khẩu,Export_Volume,491127.0,1000_ton,Actual,PL8b
d4b0cf5d249414f0,2009,1,Cả nước,National,Trade,1,Xuất khẩu,Export_Value,32454.0,million_USD,Actual,PL8b
1d8f8b8741ef70e3,2009,1,Cả nước,National,Trade,2,Xuất khẩu,Export_Volume,375933.0,1000_ton,Actual,PL8b
f456e9233be4f2fc,2009,1,Cả nước,National,Trade,2,Xuất khẩu,Export_Value,21091.0,million_USD,Actual,PL8b
72dde2ac325dca5c,2009,1,Cả nước,National,Trade,3,Xuất khẩu,Export_Volume,365347.0,1000_ton,Actual,PL8b
2416a090fcba0d7a,2009,1,Cả nước,National,Trade,3,Xuất khẩu,Export_Value,17726.0,million_USD,Actual,PL8b
504aaf6cbdaa2686,2009,1,Cả nước,National,Trade,4,Xuất khẩu,Export_Volume,362872.0,1000_ton,Actual,PL8b
519e22695f563713,2009,1,Cả nước,National,Trade,4,Xuất khẩu,Export_Value,8842.0,million_USD,Actual,PL8b
64d955788e09eb4c,2009,1,Cả nước,National,Trade,5,Xuất khẩu,Export_Volume,236648.0,1000_ton,Actual,PL8b
2d4b49d3fc725af5,2009,1,Cả nước,National,Trade,5,Xuất khẩu,Export_Value,5942.0,million_USD,Actual,PL8b
92c7545829a636de,2009,1,Cả nước,National,Trade,6,Xuất khẩu,Export_Volume,810315.0,1000_ton,Actual,PL8b
8057f10ac845b6df,2009,1,Cả nước,National,Trade,6,Xuất khẩu,Export_Value,9584.0,million_USD,Actual,PL8b
400efd198836f70f,2009,1,Cả nước,National,Trade,7,Xuất khẩu,Export_Volume,601877.0,1000_ton,Actual,PL8b
23345e20aaf27540,2009,1,Cả nước,National,Trade,7,Xuất khẩu,Export_Value,3503.0,million_USD,Actual,PL8b
000d2344ef8b6c50,2009,1,Cả nước,National,Trade,8,Xuất khẩu,Export_Volume,212032.0,1000_ton,Actual,PL8b
a7a9ea09c3e3f602,2009,1,Cả nước,National,Trade,8,Xuất khẩu,Export_Value,2850.0,million_USD,Actual,PL8b
691c05b53234f440,2009,1,Cả nước,National,Trade,9,Xuất khẩu,Export_Volume,403757.0,1000_ton,Actual,PL8b
a2bcee0237af9010,2009,1,Cả nước,National,Trade,9,Xuất khẩu,Export_Value,4320.0,million_USD,Actual,PL8b
57144d701348703e,2009,1,Cả nước,National,Trade,10,Xuất khẩu,Export_Volume,344071.0,1000_ton,Actual,PL8b
11e09b38ce5b3603,2009,1,Cả nước,National,Trade,10,Xuất khẩu,Export_Value,1278.0,million_USD,Actual,PL8b
87329e279f05d048,2009,1,Cả nước,National,Trade,1,Xuất khẩu,Export_Volume,970375.0,1000_ton,Actual,PL8b
1d8f8b8741ef70e3,2009,1,Cả nước,National,Trade,2,Xuất khẩu,Export_Volume,155715.0,1000_ton,Actual,PL8b
72dde2ac325dca5c,2009,1,Cả nước,National,Trade,3,Xuất khẩu,Export_Volume,170167.0,1000_ton,Actual,PL8b
504aaf6cbdaa2686,2009,1,Cả nước,National,Trade,4,Xuất khẩu,Export_Volume,591262.0,1000_ton,Actual,PL8b
64d955788e09eb4c,2009,1,Cả nước,National,Trade,5,Xuất khẩu,Export_Volume,261795.0,1000_ton,Actual,PL8b
92c7545829a636de,2009,1,Cả nước,National,Trade,6,Xuất khẩu,Export_Volume,961911.0,1000_ton,Actual,PL8b
400efd198836f70f,2009,1,Cả nước,National,Trade,7,Xuất khẩu,Export_Volume,25402.0,1000_ton,Actual,PL8b
000d2344ef8b6c50,2009,1,Cả nước,National,Trade,8,Xuất khẩu,Export_Volume,129219.0,1000_ton,Actual,PL8b
691c05b53234f440,2009,1,Cả nước,National,Trade,9,Xuất khẩu,Export_Volume,144816.0,1000_ton,Actual,PL8b
57144d701348703e,2009,1,Cả nước,National,Trade,10,Xuất khẩu,Export_Volume,336694.0,1000_ton,Actual,PL8b
87329e279f05d048,2009,1,Cả nước,National,Trade,1,Xuất khẩu,Export_Volume,108539.0,1000_ton,Actual,PL8b
d4b0cf5d249414f0,2009,1,Cả nước,National,Trade,1,Xuất khẩu,Export_Value,559236.0,million_USD,Actual,PL8b
1d8f8b8741ef70e3,2009,1,Cả nước,National,Trade,2,Xuất khẩu,Export_Volume,239846.0,1000_ton,Actual,PL8b
f456e9233be4f2fc,2009,1,Cả nước,National,Trade,2,Xuất khẩu,Export_Value,72301.0,million_USD,Actual,PL8b
72dde2ac325dca5c,2009,1,Cả nước,National,Trade,3,Xuất khẩu,Export_Volume,167187.0,1000_ton,Actual,PL8b
2416a090fcba0d7a,2009,1,Cả nước,National,Trade,3,Xuất khẩu,Export_Value,8776.0,million_USD,Actual,PL8b
519e22695f563713,2009,1,Cả nước,National,Trade,4,Xuất khẩu,Export_Value,1563.0,million_USD,Actual,PL8b
64d955788e09eb4c,2009,1,Cả nước,National,Trade,5,Xuất khẩu,Export_Volume,548621.0,1000_ton,Actual,PL8b
2d4b49d3fc725af5,2009,1,Cả nước,National,Trade,5,Xuất khẩu,Export_Value,198.0,million_USD,Actual,PL8b
87329e279f05d048,2009,1,Cả nước,National,Trade,1,Xuất khẩu,Export_Volume,89518.0,1000_ton,Actual,PL8b
1d8f8b8741ef70e3,2009,1,Cả nước,National,Trade,2,Xuất khẩu,Export_Volume,629252.0,1000_ton,Actual,PL8b
72dde2ac325dca5c,2009,1,Cả nước,National,Trade,3,Xuất khẩu,Export_Volume,800025.0,1000_ton,Actual,PL8b
504aaf6cbdaa2686,2009,1,Cả nước,National,Trade,4,Xuất khẩu,Export_Volume,633637.0,1000_ton,Actual,PL8b
64d955788e09eb4c,2009,1,Cả nước,National,Trade,5,Xuất khẩu,Export_Volume,224626.0,1000_ton,Actual,PL8b
92c7545829a636de,2009,1,Cả nước,National,Trade,6,Xuất khẩu,Export_Volume,400186.0,1000_ton,Actual,PL8b
400efd198836f70f,2009,1,Cả nước,National,Trade,7,Xuất khẩu,Export_Volume,300818.0,1000_ton,Actual,PL8b
000d2344ef8b6c50,2009,1,Cả nước,National,Trade,8,Xuất khẩu,Export_Volume,256965.0,1000_ton,Actual,PL8b
691c05b53234f440,2009,1,Cả nước,National,Trade,9,Xuất khẩu,Export_Volume,953714.0,1000_ton,Actual,PL8b
57144d701348703e,2009,1,Cả nước,National,Trade,10,Xuất khẩu,Export_Volume,630502.0,1000_ton,Actual,PL8b
317f672e960880c7,2009,7,Cả nước,National,Investment,Vốn thực hiện đầu tư,,Investment_Amount,2611500.0,million_VND,Plan,PL9
c08cd49d4be986f5,2009,7,Cả nước,National,Investment,Vốn thực hiện đầu tư,,Investment_Amount,1537930.0,million_VND,Cumulative,PL9
bdc2bd5dfc470169,2009,7,Cả nước,National,Investment,Đầu tư Thuỷ lợi,,Investment_Amount,1483500.0,million_VND,Plan,PL9
4fc8e854e2c6d5f2,2009,7,Cả nước,National,Investment,Đầu tư Thuỷ lợi,,Investment_Amount,1087313.0,million_VND,Cumulative,PL9
d94fffc15dcd4714,2009,7,Cả nước,National,Investment,Đầu tư Nông nghiệp,,Investment_Amount,493000.0,million_VND,Plan,PL9
636751ffa901f543,2009,7,Cả nước,National,Investment,Đầu tư Nông nghiệp,,Investment_Amount,269510.0,million_VND,Cumulative,PL9
bec04ac6105e65a4,2009,7,Cả nước,National,Investment,Đầu tư Lâm nghiệp,,Investment_Amount,230000.0,million_VND,Plan,PL9
c50fd6476624b234,2009,7,Cả nước,National,Investment,Đầu tư Lâm nghiệp,,Investment_Amount,66780.0,million_VND,Cumulative,PL9
629c2314552904d1,2009,7,Cả nước,National,Investment,Đầu tư Thuỷ sản,,Investment_Amount,24000.0,million_VND,Plan,PL9
70394f2a6f2c9d49,2009,7,Cả nước,National,Investment,Đầu tư Thuỷ sản,,Investment_Amount,14900.0,million_VND,Cumulative,PL9
99e6d218def25289,2009,7,Cả nước,National,Investment,Khoa học - Công nghệ,,Investment_Amount,230000.0,million_VND,Plan,PL9
7509ff68972929fc,2009,7,Cả nước,National,Investment,Khoa học - Công nghệ,,Investment_Amount,37200.0,million_VND,Cumulative,PL9
cc4214dcfdcf74d3,2009,7,Cả nước,National,Investment,Giáo dục - Đào tạo,,Investment_Amount,90000.0,million_VND,Plan,PL9
2372db65acd67fc1,2009,7,Cả nước,National,Investment,Giáo dục - Đào tạo,,Investment_Amount,35677.0,million_VND,Cumulative,PL9
45dc272b61172631,2009,7,Cả nước,National,Investment,Các ngành khác,,Investment_Amount,61000.0,million_VND,Plan,PL9
4247f68a6ee6a48e,2009,7,Cả nước,National,Investment,Các ngành khác,,Investment_Amount,26550.0,million_VND,Cumulative,PL9
e166f36dab63b85f,2009,7,Cả nước,National,Investment,Chương trình mục tiêu,,Investment_Amount,40263.0,million_VND,Plan,PL9
0e8a6c86711af15e,2009,7,Cả nước,National,Investment,Chương trình mục tiêu,,Investment_Amount,8500.0,million_VND,Cumulative,PL9
32aeeaa92bc60027,2009,7,Cả nước,National,Investment,Vốn đầu tư theo các mụctiêu nhiệm vụ cụ thể,,Investment_Amount,208000.0,million_VND,Plan,PL9
4b8559d3e60b388b,2009,7,Cả nước,National,Investment,Vốn đầu tư theo các mụctiêu nhiệm vụ cụ thể,,Investment_Amount,52244.0,million_VND,Cumulative,PL9
5cbfdf2f23f7fa59,2009,7,Cả nước,National,Investment,Bổ sung dự trữ Quốc gia,,Investment_Amount,65000.0,million_VND,Plan,PL9
5f17cac323ddf7fe,2009,7,Cả nước,National,Investment,Vốn chuẩn bị đầu tư,,Investment_Amount,30000.0,million_VND,Plan,PL9
9c2238eb012a696e,2009,7,Cả nước,National,Investment,Vốn chuẩn bị đầu tư,,Investment_Amount,13500.0,million_VND,Cumulative,PL9
f80e3e057ccc4d91,2009,7,Cả nước,National,Investment,Vốn ứng trước cho cácdự án cấp bách,,Investment_Amount,1000000.0,million_VND,Plan,PL9
c729834c9eeb095f,2009,7,Cả nước,National,Investment,Vốn ứng trước cho cácdự án cấp bách,,Investment_Amount,308756.0,million_VND,Cumulative,PL9
ecc5cb5ba75dc8c7,2009,7,Cả nước,National,Investment,Tổng vốn NS (A+B),,Investment_Amount,3954763.0,million_VND,Plan,PL9
ece65cabb7325df4,2009,7,Cả nước,National,Investment,Tổng vốn NS (A+B),,Investment_Amount,1920930.0,million_VND,Cumulative,PL9
ceeb9dc3575f9845,2009,7,Cả nước,National,Investment,Vốn TPCP theo quyếtđịnh 171/2006/QĐ-TTg,,Investment_Amount,3250000.0,million_VND,Plan,PL9
70b25b9d60332b78,2009,7,Cả nước,National,Investment,Vốn TPCP theo quyếtđịnh 171/2006/QĐ-TTg,,Investment_Amount,1435401.0,million_VND,Cumulative,PL9
ebd21032920ffcba,2009,7,Cả nước,National,Investment,Các dự án cấp bách bổ su,,Investment_Amount,200000.0,million_VND,Plan,PL9
1fc0561e79abaf8b,2009,7,Cả nước,National,Investment,Các dự án cấp bách bổ su,,Investment_Amount,44233.0,million_VND,Cumulative,PL9
7c98d0aabb8b15bb,2009,7,Cả nước,National,Investment,Các dự án thuỷ lợiĐBSông Hồng,,Investment_Amount,400000.0,million_VND,Plan,PL9
459963627528c97e,2009,7,Cả nước,National,Investment,Các dự án thuỷ lợiĐBSông Hồng,,Investment_Amount,30308.0,million_VND,Cumulative,PL9
af47c7036e7d35c8,2009,7,Cả nước,National,Investment,Tổng vốn TPCP (C+D+E,,Investment_Amount,1509942.0,million_VND,Cumulative,PL9
