record_id,year,month,location_name,geo_level,sector,commodity,sub_item,attribute,value,unit,data_type,appendix_number
cb6fa792-84d4-4d6c-8a3a-9d3a0fc81b05,2011,8,Miền Nam,Regional,Cultivation,Lúa,Hè Thu,Area_Harvested,1221.0,1000_ha,Actual,PL1
845448d5-5668-4ca5-8b6e-0f84c92025a3,2012,8,Miền Nam,Regional,Cultivation,Lúa,Hè Thu,Area_Harvested,1336.6,1000_ha,Actual,PL1
fb3a95b1-fa22-49c0-bf89-794fd284c880,2011,8,Cả Nước,Provincial,Cultivation,Lúa,Mùa,Area_Planted,1432.7,1000_ha,Actual,PL1
72f0c318-a2b8-4f4e-b841-b480fef4b0fd,2012,8,Cả Nước,Provincial,Cultivation,Lúa,Mùa,Area_Planted,1329.3,1000_ha,Actual,PL1
0713dc09-2469-4319-bc7a-281302779661,2011,8,Cả nước,National,Cultivation,Màu lương thực,,Area_Planted,1612.0,1000_ha,Actual,PL1
795fbe5b-2522-4213-8ad0-69ffc3fd2456,2012,8,Cả nước,National,Cultivation,Màu lương thực,,Area_Planted,1487.6,1000_ha,Actual,PL1
d9c1d610-886e-44b0-8b68-51505240a6c4,2011,8,Cả nước,National,Cultivation,Khoai lang,,Area_Planted,131.6,1000_ha,Actual,PL1
b5ffc474-eee2-440e-8d00-3eaa2cd4c4e9,2012,8,Cả nước,National,Cultivation,Khoai lang,,Area_Planted,122.2,1000_ha,Actual,PL1
fe644fd0-7b44-498a-9307-bff3216a8f47,2011,8,Cả nước,National,Cultivation,Sắn,,Area_Planted,484.2,1000_ha,Actual,PL1
2ae692f5-38a0-466e-a61d-d8ce22f4e1c6,2012,8,Cả nước,National,Cultivation,Sắn,,Area_Planted,457.1,1000_ha,Actual,PL1
17ab345d-569b-4750-91be-a44fbffe62d4,2011,8,Cả nước,National,Cultivation,Cây công nghiệp ngắn ngày,,Area_Planted,648.2,1000_ha,Actual,PL1
dd66034a-1acb-4ff1-b1a7-9cae7664c73f,2012,8,Cả nước,National,Cultivation,Cây công nghiệp ngắn ngày,,Area_Planted,543.0,1000_ha,Actual,PL1
9f8d5227-2778-481d-a911-4d4213f108cf,2011,8,Cả nước,National,Cultivation,Đậu tương,,Area_Planted,168.2,1000_ha,Actual,PL1
1a1822e1-7465-4c91-b98b-72df90e1b8a9,2012,8,Cả nước,National,Cultivation,Đậu tương,,Area_Planted,114.9,1000_ha,Actual,PL1
ec719208-5d42-442a-ab5a-0963ff731252,2011,8,Cả nước,National,Cultivation,Rau đậu,,Area_Planted,662.7,1000_ha,Actual,PL1
0bcfb64c-b7c7-4e2a-8f57-f29e8ab8e645,2012,8,Cả nước,National,Cultivation,Rau đậu,,Area_Planted,706.0,1000_ha,Actual,PL1
98857b5d-bc11-412a-b8cc-dc830b7687d5,2012,8,Miền Bắc,Regional,Cultivation,Lúa,Mùa,Area_Planted,1127776.0,ha,Actual,PL2
ea3f14bd-2131-412f-8205-041a3d5f75f9,2012,8,Miền Bắc,Regional,Cultivation,Lúa,Hè Thu,Area_Planted,169038.0,ha,Actual,PL2
e6d6aea2-58da-45bf-a4a9-9efec54fbe8e,2012,8,Miền Bắc,Regional,Cultivation,Lúa,,Area_Planted,843926.0,ha,Actual,PL2
fb32528e-0e25-4208-b9bd-b61430374eae,2012,8,Miền Bắc,Regional,Cultivation,Ngô,,Area_Planted,588148.0,ha,Actual,PL2
7018fde4-63cd-465d-bce9-a60dbc0028a5,2012,8,Miền Bắc,Regional,Cultivation,Khoai lang,,Area_Planted,86579.0,ha,Actual,PL2
da9ed942-fd11-4ded-9034-7a8087aacc0d,2012,8,Miền Bắc,Regional,Cultivation,Sắn,,Area_Planted,153695.0,ha,Actual,PL2
5eda5dd2-a22b-4614-9677-f93228267212,2012,8,Miền Bắc,Regional,Cultivation,Lúa,,Area_Planted,15505.0,ha,Actual,PL2
92c2bdce-900f-411b-83dd-358a21fe029f,2012,8,ĐB sông Hồng,Provincial,Cultivation,Lúa,Mùa,Area_Planted,570603.0,ha,Actual,PL2
da6a3be9-5854-4a15-8908-51d32c8fcae0,2012,8,ĐB sông Hồng,Provincial,Cultivation,Lúa,,Area_Planted,111902.0,ha,Actual,PL2
11c6eadd-d3c6-45b8-984c-035a98697905,2012,8,ĐB sông Hồng,Provincial,Cultivation,Ngô,,Area_Planted,78341.0,ha,Actual,PL2
540749d1-e0ac-4b0c-9518-9f77b29cfc64,2012,8,ĐB sông Hồng,Provincial,Cultivation,Khoai lang,,Area_Planted,23333.0,ha,Actual,PL2
bd48e0fa-0eea-4806-8f45-32890bc321ed,2012,8,ĐB sông Hồng,Provincial,Cultivation,Sắn,,Area_Planted,5297.0,ha,Actual,PL2
300436ed-2987-47a7-9f4e-afeed2589946,2012,8,ĐB sông Hồng,Provincial,Cultivation,Lúa,,Area_Planted,4931.0,ha,Actual,PL2
063ee520-080b-4202-a8a7-0c48db1bc9f6,2012,8,Hà Nội,Provincial,Cultivation,Lúa,Mùa,Area_Planted,100000.0,ha,Actual,PL2
ecb7c009-ac43-4f01-9e3e-84a36ad3cf60,2012,8,Hà Nội,Provincial,Cultivation,Lúa,,Area_Planted,28156.0,ha,Actual,PL2
eef4e435-6f10-4dce-8866-adb8e5a8bcfd,2012,8,Hà Nội,Provincial,Cultivation,Ngô,,Area_Planted,21251.0,ha,Actual,PL2
650fda39-59e7-42fc-a9dd-ce5d1b0d115d,2012,8,Hà Nội,Provincial,Cultivation,Khoai lang,,Area_Planted,4505.0,ha,Actual,PL2
a3a7faa9-0095-4d50-8a38-9a6ff9ce41d7,2012,8,Hà Nội,Provincial,Cultivation,Sắn,,Area_Planted,818.0,ha,Actual,PL2
0d4333e1-800f-4e17-bfdc-a7d42633f482,2012,8,Hà Nội,Provincial,Cultivation,Lúa,,Area_Planted,1582.0,ha,Actual,PL2
2e1296ad-5ef1-4df9-90c9-75369db703bc,2012,8,Hải Phòng,Provincial,Cultivation,Lúa,Mùa,Area_Planted,40500.0,ha,Actual,PL2
5d944eaf-783f-4fa1-ab1a-b8dfa741b966,2012,8,Hải Phòng,Provincial,Cultivation,Lúa,,Area_Planted,3400.0,ha,Actual,PL2
ced7fbd6-b883-4fb2-a77e-bdeed9646281,2012,8,Hải Phòng,Provincial,Cultivation,Ngô,,Area_Planted,2000.0,ha,Actual,PL2
b5d2bca3-0845-47b8-bfcf-4e55d73befb9,2012,8,Hải Phòng,Provincial,Cultivation,Khoai lang,,Area_Planted,1400.0,ha,Actual,PL2
a1614489-a59e-40b6-94a0-e8c8a45fba1e,2012,8,Vĩnh Phúc,Provincial,Cultivation,Lúa,Mùa,Area_Planted,28032.0,ha,Actual,PL2
fd63810e-471f-40fc-a5e5-c18521a77a8f,2012,8,Vĩnh Phúc,Provincial,Cultivation,Lúa,,Area_Planted,16690.0,ha,Actual,PL2
4840f77e-6f6a-4588-931b-33adc0a3e414,2012,8,Vĩnh Phúc,Provincial,Cultivation,Ngô,,Area_Planted,12262.0,ha,Actual,PL2
c91c78e2-67d0-4298-9d4f-763e45f50e7a,2012,8,Vĩnh Phúc,Provincial,Cultivation,Khoai lang,,Area_Planted,2405.0,ha,Actual,PL2
6d64ba3c-2bc5-43ba-8991-d2a4222b8efe,2012,8,Vĩnh Phúc,Provincial,Cultivation,Sắn,,Area_Planted,1864.0,ha,Actual,PL2
c89961e3-f5db-49a3-944f-92befe757750,2012,8,Vĩnh Phúc,Provincial,Cultivation,Lúa,,Area_Planted,159.0,ha,Actual,PL2
8a9044f5-2423-4742-b2db-a3d6ac237d07,2012,8,Bắc Ninh,Provincial,Cultivation,Lúa,Mùa,Area_Planted,36663.0,ha,Actual,PL2
47c53604-ee30-4a29-8952-d826dc1be431,2012,8,Bắc Ninh,Provincial,Cultivation,Lúa,,Area_Planted,4536.0,ha,Actual,PL2
dafaa65a-716a-47dd-9abe-8fe9bec33a40,2012,8,Bắc Ninh,Provincial,Cultivation,Ngô,,Area_Planted,3901.0,ha,Actual,PL2
83b2f66d-6223-45e8-a5d8-e7b01c73b6e9,2012,8,Bắc Ninh,Provincial,Cultivation,Khoai lang,,Area_Planted,635.0,ha,Actual,PL2
e5031325-376b-48f4-bdf1-ab81fe72d2ef,2012,8,Hải Dương,Provincial,Cultivation,Lúa,Mùa,Area_Planted,62500.0,ha,Actual,PL2
1dac1dca-ae09-4ddd-81f2-8d9f630fdb71,2012,8,Hải Dương,Provincial,Cultivation,Lúa,,Area_Planted,1575.0,ha,Actual,PL2
0a2a2eeb-3618-477a-812d-583f6bf6dcc9,2012,8,Hải Dương,Provincial,Cultivation,Ngô,,Area_Planted,1120.0,ha,Actual,PL2
1081ee0f-7c62-42e4-b846-67d1574df4e8,2012,8,Hải Dương,Provincial,Cultivation,Khoai lang,,Area_Planted,455.0,ha,Actual,PL2
50dffab8-7c8f-42bc-a953-e7c9cb70300a,2012,8,Hưng Yên,Provincial,Cultivation,Lúa,Mùa,Area_Planted,41003.0,ha,Actual,PL2
d41d25cb-e3a3-4fc3-9f2d-a93e0f999c4a,2012,8,Hưng Yên,Provincial,Cultivation,Lúa,,Area_Planted,8156.0,ha,Actual,PL2
03ca59ac-982a-4fd2-8704-09fab6d7c247,2012,8,Hưng Yên,Provincial,Cultivation,Ngô,,Area_Planted,7542.0,ha,Actual,PL2
6ff288c3-4e8e-44aa-9a86-5e1cf2c50aee,2012,8,Hưng Yên,Provincial,Cultivation,Khoai lang,,Area_Planted,614.0,ha,Actual,PL2
bfdf2c9d-d791-44a5-9be5-549b9646c02d,2012,8,Hà Nam,Provincial,Cultivation,Lúa,Mùa,Area_Planted,35000.0,ha,Actual,PL2
f58e95f4-09f0-4bb5-a20a-cf234c701b0a,2012,8,Hà Nam,Provincial,Cultivation,Lúa,,Area_Planted,5373.0,ha,Actual,PL2
a000c9bb-811a-4da8-b9a3-0854d4b7c6ab,2012,8,Hà Nam,Provincial,Cultivation,Ngô,,Area_Planted,4467.0,ha,Actual,PL2
0810d5cd-52e5-4c06-a3b1-3f9a44460bf3,2012,8,Hà Nam,Provincial,Cultivation,Khoai lang,,Area_Planted,581.0,ha,Actual,PL2
fa082a6a-67b6-460e-82af-2bbb9baaf582,2012,8,Hà Nam,Provincial,Cultivation,Sắn,,Area_Planted,325.0,ha,Actual,PL2
a50abc69-2a12-42e5-9aa1-26ff9dbc4da1,2012,8,Nam Định,Provincial,Cultivation,Lúa,Mùa,Area_Planted,79270.0,ha,Actual,PL2
98393c67-0aea-4b06-8ef4-95310ac0e9ae,2012,8,Nam Định,Provincial,Cultivation,Lúa,,Area_Planted,7982.0,ha,Actual,PL2
ad019130-2c93-4c09-858a-6212c000e1b8,2012,8,Nam Định,Provincial,Cultivation,Ngô,,Area_Planted,4290.0,ha,Actual,PL2
9ecc82ff-cdbd-4148-8281-e361f4b2a7dd,2012,8,Nam Định,Provincial,Cultivation,Khoai lang,,Area_Planted,2072.0,ha,Actual,PL2
98bcdd09-ca2f-4d3b-8637-88f1c35adfec,2012,8,Nam Định,Provincial,Cultivation,Sắn,,Area_Planted,309.0,ha,Actual,PL2
39b002ac-2156-4256-b43b-6cfd41a1d6b7,2012,8,Nam Định,Provincial,Cultivation,Lúa,,Area_Planted,1311.0,ha,Actual,PL2
bb594d12-d904-4e12-b7e4-99795cca2e5f,2012,8,Thái Bình,Provincial,Cultivation,Lúa,Mùa,Area_Planted,82239.0,ha,Actual,PL2
45162db0-07c9-4653-be08-da43824bd681,2012,8,Thái Bình,Provincial,Cultivation,Lúa,,Area_Planted,15343.0,ha,Actual,PL2
093ffa3b-3418-462f-8057-b957edbde3bb,2012,8,Thái Bình,Provincial,Cultivation,Ngô,,Area_Planted,10080.0,ha,Actual,PL2
0c980ffb-ae33-461a-a6bb-5d691ff22be2,2012,8,Thái Bình,Provincial,Cultivation,Khoai lang,,Area_Planted,4059.0,ha,Actual,PL2
c78e5169-2c22-4f9a-a877-1bda15821cff,2012,8,Thái Bình,Provincial,Cultivation,Sắn,,Area_Planted,48.0,ha,Actual,PL2
3475bef8-891c-4c4e-98c7-3da9881331f9,2012,8,Thái Bình,Provincial,Cultivation,Lúa,,Area_Planted,1156.0,ha,Actual,PL2
6537d2a6-17dc-45cc-92af-e542e5d61a83,2012,8,Ninh Bình,Provincial,Cultivation,Lúa,Mùa,Area_Planted,39338.0,ha,Actual,PL2
177fece9-7070-4190-b9c1-72a72135bed2,2012,8,Ninh Bình,Provincial,Cultivation,Lúa,,Area_Planted,9431.0,ha,Actual,PL2
df518d92-0945-4dac-82df-42def0ea506b,2012,8,Ninh Bình,Provincial,Cultivation,Ngô,,Area_Planted,5561.0,ha,Actual,PL2
3f9257b1-0845-496c-90a8-658bb42f749e,2012,8,Ninh Bình,Provincial,Cultivation,Khoai lang,,Area_Planted,2442.0,ha,Actual,PL2
2ceb1952-5c55-4cfb-8a22-4ccfa8e6437c,2012,8,Ninh Bình,Provincial,Cultivation,Sắn,,Area_Planted,907.0,ha,Actual,PL2
b97a3a0d-204a-4e9f-9fd8-79ff41d35b9f,2012,8,Ninh Bình,Provincial,Cultivation,Lúa,,Area_Planted,521.0,ha,Actual,PL2
672de17f-4e12-4985-a2b4-b1498295c278,2012,8,Quảng Ninh,Provincial,Cultivation,Lúa,Mùa,Area_Planted,26058.0,ha,Actual,PL2
41072990-a730-400f-a431-42fe7e5a79d9,2012,8,Quảng Ninh,Provincial,Cultivation,Lúa,,Area_Planted,11260.0,ha,Actual,PL2
67b09343-6c36-4a67-b731-c6d392af9e33,2012,8,Quảng Ninh,Provincial,Cultivation,Ngô,,Area_Planted,5867.0,ha,Actual,PL2
96e1b598-6e44-4e0e-85a4-4a17cbb9618f,2012,8,Quảng Ninh,Provincial,Cultivation,Khoai lang,,Area_Planted,4165.0,ha,Actual,PL2
4ac18e0d-282a-43ec-a21a-dd208e550d50,2012,8,Quảng Ninh,Provincial,Cultivation,Sắn,,Area_Planted,1026.0,ha,Actual,PL2
18e8315d-bf80-4a44-886e-5ddbe3f747e8,2012,8,Quảng Ninh,Provincial,Cultivation,Lúa,,Area_Planted,202.0,ha,Actual,PL2
a1bf80a3-97be-4244-86bf-53b89b0b93c9,2012,8,TD và MN,Provincial,Cultivation,Lúa,Mùa,Area_Planted,379557.0,ha,Actual,PL2
45016c4e-04c6-4c0a-93ac-42cd20a94978,2012,8,TD và MN,Provincial,Cultivation,Lúa,,Area_Planted,520216.0,ha,Actual,PL2
493213f7-d279-49be-a1a9-ad0a1f4cb14b,2012,8,TD và MN,Provincial,Cultivation,Ngô,,Area_Planted,389220.0,ha,Actual,PL2
eb8eab95-4b08-422a-aaf7-947b89be53c2,2012,8,TD và MN,Provincial,Cultivation,Khoai lang,,Area_Planted,30056.0,ha,Actual,PL2
677019a5-11d5-4140-927c-839ea9a10b64,2012,8,TD và MN,Provincial,Cultivation,Sắn,,Area_Planted,93206.0,ha,Actual,PL2
6b615834-96be-4f12-a7e6-6bb8761ac132,2012,8,TD và MN,Provincial,Cultivation,Lúa,,Area_Planted,7735.0,ha,Actual,PL2
47798c95-4186-4594-a1cd-2f0ceef99641,2012,8,Hà Giang,Provincial,Cultivation,Lúa,Mùa,Area_Planted,26000.0,ha,Actual,PL2
7e578073-74ac-4bf5-8064-c4be695f679a,2012,8,Hà Giang,Provincial,Cultivation,Lúa,,Area_Planted,58773.0,ha,Actual,PL2
1ac65cc4-b614-4aad-9a43-adf46c0e083d,2012,8,Hà Giang,Provincial,Cultivation,Ngô,,Area_Planted,50503.0,ha,Actual,PL2
e73b6da4-b543-424a-aaf9-ce9fe01d33f2,2012,8,Hà Giang,Provincial,Cultivation,Khoai lang,,Area_Planted,587.0,ha,Actual,PL2
865f9931-59eb-4c53-ac6e-f0438fb8e14d,2012,8,Hà Giang,Provincial,Cultivation,Sắn,,Area_Planted,4812.0,ha,Actual,PL2
fe048cf7-ce2e-42ad-b7ea-9bcef99446b9,2012,8,Hà Giang,Provincial,Cultivation,Lúa,,Area_Planted,2872.0,ha,Actual,PL2
ab74cc6b-fd0c-44ac-9272-bcb3f95f5974,2012,8,Cao Bằng,Provincial,Cultivation,Lúa,Mùa,Area_Planted,26086.0,ha,Actual,PL2
f2fd88a0-e576-4a78-a74c-cf67f20efef0,2012,8,Cao Bằng,Provincial,Cultivation,Lúa,,Area_Planted,40319.0,ha,Actual,PL2
549dc8fe-ef5c-42f4-8c1f-d19dc45355dc,2012,8,Cao Bằng,Provincial,Cultivation,Ngô,,Area_Planted,37357.0,ha,Actual,PL2
dd57bebd-0e34-4b41-a82f-84aac5839559,2012,8,Cao Bằng,Provincial,Cultivation,Khoai lang,,Area_Planted,776.0,ha,Actual,PL2
aeb46b5d-574f-4484-bcbe-f2d469da299b,2012,8,Cao Bằng,Provincial,Cultivation,Sắn,,Area_Planted,1958.0,ha,Actual,PL2
6e0c61f7-0da1-4bee-8ded-a565718619c4,2012,8,Cao Bằng,Provincial,Cultivation,Lúa,,Area_Planted,228.0,ha,Actual,PL2
f724d621-550f-466d-8521-77efdf05a4ae,2012,8,Lào Cai,Provincial,Cultivation,Lúa,Mùa,Area_Planted,20022.0,ha,Actual,PL2
3e79dddb-1c04-4537-a908-28317b38e00f,2012,8,Lào Cai,Provincial,Cultivation,Lúa,,Area_Planted,30379.0,ha,Actual,PL2
11109121-597d-4034-b071-c339d130fc30,2012,8,Lào Cai,Provincial,Cultivation,Ngô,,Area_Planted,29763.0,ha,Actual,PL2
c49d4434-3ee7-4144-81cb-7cc2f5afacc0,2012,8,Lào Cai,Provincial,Cultivation,Khoai lang,,Area_Planted,566.0,ha,Actual,PL2
e2ab3acf-8885-4ce3-8104-e29ca752d6ac,2012,8,Lào Cai,Provincial,Cultivation,Sắn,,Area_Planted,50.0,ha,Actual,PL2
b02b10cc-adb6-450a-bfb0-5d3bacddb7a5,2012,8,Bắc Cạn,Provincial,Cultivation,Lúa,Mùa,Area_Planted,13760.0,ha,Actual,PL2
2e1966d2-4a51-4b64-bcb4-93385ce77185,2012,8,Bắc Cạn,Provincial,Cultivation,Lúa,,Area_Planted,17872.0,ha,Actual,PL2
108733e3-0586-4c02-ac1d-e1ba2fe89e41,2012,8,Bắc Cạn,Provincial,Cultivation,Ngô,,Area_Planted,14250.0,ha,Actual,PL2
d7eeb0b1-c5c1-4d60-b098-9a8247d9ba56,2012,8,Bắc Cạn,Provincial,Cultivation,Khoai lang,,Area_Planted,435.0,ha,Actual,PL2
fe2bbc2c-a5c5-4d8f-96f3-f346a8821a13,2012,8,Bắc Cạn,Provincial,Cultivation,Sắn,,Area_Planted,1346.0,ha,Actual,PL2
51ea4453-2c4e-4f4e-a8f8-f3e42fa33f4b,2012,8,Bắc Cạn,Provincial,Cultivation,Lúa,,Area_Planted,1841.0,ha,Actual,PL2
6eb235b2-0c7d-4f37-91fd-2fe0470ea1ea,2012,8,Lạng Sơn,Provincial,Cultivation,Lúa,Mùa,Area_Planted,34150.0,ha,Actual,PL2
6498569c-d296-45b8-95fc-40a847e501d2,2012,8,Lạng Sơn,Provincial,Cultivation,Lúa,,Area_Planted,23537.0,ha,Actual,PL2
0cac1c20-5fc2-4c29-b33f-aa806670b77c,2012,8,Lạng Sơn,Provincial,Cultivation,Ngô,,Area_Planted,16297.0,ha,Actual,PL2
855dd39d-6ebb-4656-8cd5-ac4ca212d3a5,2012,8,Lạng Sơn,Provincial,Cultivation,Khoai lang,,Area_Planted,694.0,ha,Actual,PL2
368bd866-c61e-435e-831a-b814c23e8c7c,2012,8,Lạng Sơn,Provincial,Cultivation,Sắn,,Area_Planted,5974.0,ha,Actual,PL2
7363d1e8-5741-48be-9d98-613d2c32cb48,2012,8,Lạng Sơn,Provincial,Cultivation,Lúa,,Area_Planted,572.0,ha,Actual,PL2
dddb5c42-c3c1-4b36-9b51-802f1b43d128,2012,8,Tuyên Quang,Provincial,Cultivation,Lúa,Mùa,Area_Planted,25544.0,ha,Actual,PL2
ae63af0a-8d0e-473e-9b70-77d421027e86,2012,8,Tuyên Quang,Provincial,Cultivation,Lúa,,Area_Planted,12713.0,ha,Actual,PL2
899c90e1-601e-4047-9946-c2cfeddf4f82,2012,8,Tuyên Quang,Provincial,Cultivation,Ngô,,Area_Planted,10466.0,ha,Actual,PL2
68d839b8-766e-450f-befd-e911ee6d0f7a,2012,8,Tuyên Quang,Provincial,Cultivation,Khoai lang,,Area_Planted,2247.0,ha,Actual,PL2
449fc0d3-3aa3-481f-aed6-11b0f700ee0a,2012,8,Yên Bái,Provincial,Cultivation,Lúa,Mùa,Area_Planted,20687.0,ha,Actual,PL2
2fdf4a51-a3fa-4a40-8cec-f6644760d1e5,2012,8,Yên Bái,Provincial,Cultivation,Lúa,,Area_Planted,39863.0,ha,Actual,PL2
7029896d-2f84-4f6f-abdc-888e405274fb,2012,8,Yên Bái,Provincial,Cultivation,Ngô,,Area_Planted,21036.0,ha,Actual,PL2
8df694d6-c4d4-47f8-9e91-905747c753ac,2012,8,Yên Bái,Provincial,Cultivation,Khoai lang,,Area_Planted,2653.0,ha,Actual,PL2
7bc11c9b-b3d4-42cb-846e-870afc4e7702,2012,8,Yên Bái,Provincial,Cultivation,Sắn,,Area_Planted,16174.0,ha,Actual,PL2
b78a692c-3e74-4868-831b-7896995e52dd,2012,8,Thái Nguyên,Provincial,Cultivation,Lúa,Mùa,Area_Planted,40791.0,ha,Actual,PL2
ecafd4a1-e641-4d91-8009-6131006a4e02,2012,8,Thái Nguyên,Provincial,Cultivation,Lúa,,Area_Planted,26710.0,ha,Actual,PL2
777dc785-d7a6-4e6b-a88b-53d74d49d4ee,2012,8,Thái Nguyên,Provincial,Cultivation,Ngô,,Area_Planted,16413.0,ha,Actual,PL2
8ff98f1d-d13b-4300-96e3-1a728bf8d318,2012,8,Thái Nguyên,Provincial,Cultivation,Khoai lang,,Area_Planted,6322.0,ha,Actual,PL2
e84db483-6a9c-41c2-ae0f-b29554baeb74,2012,8,Thái Nguyên,Provincial,Cultivation,Sắn,,Area_Planted,3720.0,ha,Actual,PL2
1138e551-ffd2-4523-95d7-3a851e7873ab,2012,8,Thái Nguyên,Provincial,Cultivation,Lúa,,Area_Planted,255.0,ha,Actual,PL2
666670e0-c80d-4ddf-9191-6e8d2068737b,2012,8,Phú Thọ,Provincial,Cultivation,Lúa,Mùa,Area_Planted,33593.0,ha,Actual,PL2
7f96922a-805e-448b-8af6-db9591639009,2012,8,Phú Thọ,Provincial,Cultivation,Lúa,,Area_Planted,29223.0,ha,Actual,PL2
11315db0-ad4c-4d30-b43a-baf6ec1a918d,2012,8,Phú Thọ,Provincial,Cultivation,Ngô,,Area_Planted,17419.0,ha,Actual,PL2
88fa123a-aad5-4e27-9165-88c08a75df1f,2012,8,Phú Thọ,Provincial,Cultivation,Khoai lang,,Area_Planted,2606.0,ha,Actual,PL2
09a50991-6fa8-46e6-aa49-4fd8912b3b37,2012,8,Phú Thọ,Provincial,Cultivation,Sắn,,Area_Planted,9198.0,ha,Actual,PL2
28dc1f73-32b1-4500-884c-7b356a259861,2012,8,Bắc Giang,Provincial,Cultivation,Lúa,Mùa,Area_Planted,57741.0,ha,Actual,PL2
32212e5c-d47a-4036-87b4-e8219e95e805,2012,8,Bắc Giang,Provincial,Cultivation,Lúa,,Area_Planted,21564.0,ha,Actual,PL2
da8c3c9b-e443-4fc4-8d62-469082c88dc0,2012,8,Bắc Giang,Provincial,Cultivation,Ngô,,Area_Planted,8351.0,ha,Actual,PL2
5dae87ab-3f76-48bf-8d59-69cf936a2424,2012,8,Bắc Giang,Provincial,Cultivation,Khoai lang,,Area_Planted,6726.0,ha,Actual,PL2
c5bb2636-3bd5-4817-833b-df74b3b868e4,2012,8,Bắc Giang,Provincial,Cultivation,Sắn,,Area_Planted,5753.0,ha,Actual,PL2
25ba1b2c-1ee6-4004-8953-8227ed80eed4,2012,8,Bắc Giang,Provincial,Cultivation,Lúa,,Area_Planted,734.0,ha,Actual,PL2
9a6c50b2-99f8-4d12-a0dd-a5a1a563a55d,2012,8,Lai Châu,Provincial,Cultivation,Lúa,Mùa,Area_Planted,23430.0,ha,Actual,PL2
9ebcbbc8-c151-45ca-9df5-b92da540d027,2012,8,Lai Châu,Provincial,Cultivation,Lúa,,Area_Planted,23746.0,ha,Actual,PL2
fc3ffe51-fa1c-40b7-a9b0-9a40b08e8d53,2012,8,Lai Châu,Provincial,Cultivation,Ngô,,Area_Planted,19945.0,ha,Actual,PL2
c2819edf-8807-4efb-a64f-ef75dbb6c3eb,2012,8,Lai Châu,Provincial,Cultivation,Khoai lang,,Area_Planted,850.0,ha,Actual,PL2
aa43eb08-a0e5-4093-af86-4a63a69e2129,2012,8,Lai Châu,Provincial,Cultivation,Sắn,,Area_Planted,2951.0,ha,Actual,PL2
79361bce-a14a-4212-9d82-e3b1bebb5176,2012,8,Điện Biên,Provincial,Cultivation,Lúa,Mùa,Area_Planted,16283.0,ha,Actual,PL2
5480bdfa-ca7a-4ade-83dc-8cc8e950bd86,2012,8,Điện Biên,Provincial,Cultivation,Lúa,,Area_Planted,34355.0,ha,Actual,PL2
bfbb4cd7-45fc-4140-ac15-858572d4bfdc,2012,8,Điện Biên,Provincial,Cultivation,Ngô,,Area_Planted,26973.0,ha,Actual,PL2
a468e08d-05ee-4518-a74b-230149ea76d0,2012,8,Điện Biên,Provincial,Cultivation,Khoai lang,,Area_Planted,345.0,ha,Actual,PL2
73b1e924-ee39-487a-9c49-b5670bac7d2d,2012,8,Điện Biên,Provincial,Cultivation,Sắn,,Area_Planted,7037.0,ha,Actual,PL2
95fe5763-e6a5-4665-acbd-44bfff3e75c2,2012,8,Sơn La,Provincial,Cultivation,Lúa,Mùa,Area_Planted,17792.0,ha,Actual,PL2
c8edc9f0-66f1-4f00-82ab-d03fe39b888b,2012,8,Sơn La,Provincial,Cultivation,Lúa,,Area_Planted,110459.0,ha,Actual,PL2
e7639c9e-b2d2-49c0-9f7c-440dd857571e,2012,8,Sơn La,Provincial,Cultivation,Ngô,,Area_Planted,87837.0,ha,Actual,PL2
a35be8a3-f38f-4b73-882b-bc94ce8ae6f7,2012,8,Sơn La,Provincial,Cultivation,Khoai lang,,Area_Planted,361.0,ha,Actual,PL2
4ce9276c-ef6f-4e35-bb57-5841e20daa75,2012,8,Sơn La,Provincial,Cultivation,Sắn,,Area_Planted,22028.0,ha,Actual,PL2
82dbccb2-02fe-4442-b175-4529c556ea7b,2012,8,Sơn La,Provincial,Cultivation,Lúa,,Area_Planted,233.0,ha,Actual,PL2
d5633e6a-2c8b-458c-861f-76cff75c10d1,2012,8,Hoà Bình,Provincial,Cultivation,Lúa,Mùa,Area_Planted,23678.0,ha,Actual,PL2
f6d1827e-08dc-4590-aff5-eaa135bc0df0,2012,8,Hoà Bình,Provincial,Cultivation,Lúa,,Area_Planted,50704.0,ha,Actual,PL2
ff1efe73-00fc-4dc1-b25c-b67e470959c7,2012,8,Hoà Bình,Provincial,Cultivation,Ngô,,Area_Planted,32610.0,ha,Actual,PL2
58293268-8934-4d0b-bef4-9d28396d880c,2012,8,Hoà Bình,Provincial,Cultivation,Khoai lang,,Area_Planted,4889.0,ha,Actual,PL2
482d4c9c-86ec-4285-ad21-64c5e21a57ae,2012,8,Hoà Bình,Provincial,Cultivation,Sắn,,Area_Planted,12205.0,ha,Actual,PL2
d219cc91-08da-472e-bd38-4fae0571a86c,2012,8,Hoà Bình,Provincial,Cultivation,Lúa,,Area_Planted,1000.0,ha,Actual,PL2
e237a68c-c626-40c5-8ed8-c9bf311ac643,2012,8,Bắc Trung Bộ,Provincial,Cultivation,Lúa,Mùa,Area_Planted,177616.0,ha,Actual,PL2
4b33a02d-50a5-49b5-b4af-a26b0b461676,2012,8,Bắc Trung Bộ,Provincial,Cultivation,Lúa,Hè Thu,Area_Planted,169038.0,ha,Actual,PL2
0975a4f4-0751-4a03-b8fd-8755703a53e2,2012,8,Bắc Trung Bộ,Provincial,Cultivation,Lúa,,Area_Planted,211808.0,ha,Actual,PL2
271aedad-8397-44b8-8d31-75124588b6e9,2012,8,Bắc Trung Bộ,Provincial,Cultivation,Ngô,,Area_Planted,120588.0,ha,Actual,PL2
ed788ffd-56c7-4892-bc1d-7f80d25532be,2012,8,Bắc Trung Bộ,Provincial,Cultivation,Khoai lang,,Area_Planted,33190.0,ha,Actual,PL2
70a6192b-3103-4d94-9535-a97d5601b33e,2012,8,Bắc Trung Bộ,Provincial,Cultivation,Sắn,,Area_Planted,55192.0,ha,Actual,PL2
35b09c01-3863-4fa4-a975-40fe1f6cf025,2012,8,Bắc Trung Bộ,Provincial,Cultivation,Lúa,,Area_Planted,2839.0,ha,Actual,PL2
d68f6ea8-cc4c-471b-ae71-0b1d6d8398b5,2012,8,Thanh Hoá,Provincial,Cultivation,Lúa,Mùa,Area_Planted,134127.0,ha,Actual,PL2
9f6d0eb7-a7be-49c7-af78-ca4c3b28a099,2012,8,Thanh Hoá,Provincial,Cultivation,Lúa,,Area_Planted,75285.0,ha,Actual,PL2
3668954b-6f15-4238-98b4-9676ce0ac5f4,2012,8,Thanh Hoá,Provincial,Cultivation,Ngô,,Area_Planted,49077.0,ha,Actual,PL2
72f56058-f275-4611-adb6-2e3e86e87962,2012,8,Thanh Hoá,Provincial,Cultivation,Khoai lang,,Area_Planted,10151.0,ha,Actual,PL2
ffbd3517-6a4f-4a03-944a-26cdf6e34316,2012,8,Thanh Hoá,Provincial,Cultivation,Sắn,,Area_Planted,15110.0,ha,Actual,PL2
984cf4b3-018f-4c15-a514-97468cfe3b99,2012,8,Thanh Hoá,Provincial,Cultivation,Lúa,,Area_Planted,948.0,ha,Actual,PL2
4258e4bb-5601-4efe-9c08-0ad7a8162f09,2012,8,Nghệ An,Provincial,Cultivation,Lúa,Mùa,Area_Planted,38100.0,ha,Actual,PL2
f1a65175-799e-4df0-b147-53a3858761c8,2012,8,Nghệ An,Provincial,Cultivation,Lúa,Hè Thu,Area_Planted,59439.0,ha,Actual,PL2
edcb5ea8-e436-42ef-92dd-4d21259c449c,2012,8,Nghệ An,Provincial,Cultivation,Lúa,,Area_Planted,83097.0,ha,Actual,PL2
3c3edea6-8f7f-4e91-aaae-e2eecf6a8e3f,2012,8,Nghệ An,Provincial,Cultivation,Ngô,,Area_Planted,54001.0,ha,Actual,PL2
b38d0943-ac90-4a50-9f48-18456a02724f,2012,8,Nghệ An,Provincial,Cultivation,Khoai lang,,Area_Planted,9189.0,ha,Actual,PL2
3b4bbfa6-c741-4d47-93c2-e2cd74372897,2012,8,Nghệ An,Provincial,Cultivation,Sắn,,Area_Planted,18016.0,ha,Actual,PL2
e5f482cf-a972-440e-a631-935b3fb65fac,2012,8,Nghệ An,Provincial,Cultivation,Lúa,,Area_Planted,1891.0,ha,Actual,PL2
17d53f8a-0ea0-4cec-8c30-151b68078686,2012,8,Hà Tĩnh,Provincial,Cultivation,Lúa,Mùa,Area_Planted,3189.0,ha,Actual,PL2
20722468-0db5-4b6a-9b51-ae7146b3d621,2012,8,Hà Tĩnh,Provincial,Cultivation,Lúa,Hè Thu,Area_Planted,40378.0,ha,Actual,PL2
c50a7aad-c4b8-46a5-abd1-8bab3670ffc6,2012,8,Hà Tĩnh,Provincial,Cultivation,Lúa,,Area_Planted,14776.0,ha,Actual,PL2
743791b2-df19-4f00-9385-07004342ea92,2012,8,Hà Tĩnh,Provincial,Cultivation,Ngô,,Area_Planted,7926.0,ha,Actual,PL2
aa2f785e-277b-42a1-a348-fe950e413fae,2012,8,Hà Tĩnh,Provincial,Cultivation,Khoai lang,,Area_Planted,5350.0,ha,Actual,PL2
40cafa9a-04ef-4c67-a9c6-476d5a17d5f7,2012,8,Hà Tĩnh,Provincial,Cultivation,Sắn,,Area_Planted,1500.0,ha,Actual,PL2
0308e4e3-17aa-4359-9285-6ef3f8f9ab30,2012,8,Quảng Bình,Provincial,Cultivation,Lúa,Hè Thu,Area_Planted,22000.0,ha,Actual,PL2
d11b33c8-4b06-4faf-a48e-41d2e49ae721,2012,8,Quảng Bình,Provincial,Cultivation,Lúa,,Area_Planted,14125.0,ha,Actual,PL2
1f355a3d-ff5d-434f-90e7-546af9905534,2012,8,Quảng Bình,Provincial,Cultivation,Ngô,,Area_Planted,4325.0,ha,Actual,PL2
cceb21b8-c812-4406-96f9-fce921fbda64,2012,8,Quảng Bình,Provincial,Cultivation,Khoai lang,,Area_Planted,4000.0,ha,Actual,PL2
184e2db0-58bc-41b6-9aba-11c4284130e2,2012,8,Quảng Bình,Provincial,Cultivation,Sắn,,Area_Planted,5800.0,ha,Actual,PL2
d0823249-5629-43eb-9ef3-db86816e9a99,2012,8,Quảng Trị,Provincial,Cultivation,Lúa,Mùa,Area_Planted,2200.0,ha,Actual,PL2
a402fdce-17b5-4e1c-b839-029d62a3fe5d,2012,8,Quảng Trị,Provincial,Cultivation,Lúa,Hè Thu,Area_Planted,21450.0,ha,Actual,PL2
37cb0300-fbc3-4d65-a1ba-8dfc512be4ca,2012,8,Quảng Trị,Provincial,Cultivation,Lúa,,Area_Planted,14812.0,ha,Actual,PL2
c8daaba1-da58-4551-8f66-d95993e12129,2012,8,Quảng Trị,Provincial,Cultivation,Ngô,,Area_Planted,3946.0,ha,Actual,PL2
3ef1d3e8-afcb-4881-9ab5-85511fe2c825,2012,8,Quảng Trị,Provincial,Cultivation,Khoai lang,,Area_Planted,2000.0,ha,Actual,PL2
5ab36747-ae29-4027-ae51-426a942596f0,2012,8,Quảng Trị,Provincial,Cultivation,Sắn,,Area_Planted,8866.0,ha,Actual,PL2
7624e78d-9725-4359-a98d-05ebfb9af9d3,2012,8,Thừa Thiên Huế,Provincial,Cultivation,Lúa,Hè Thu,Area_Planted,25771.0,ha,Actual,PL2
aac359a8-47e3-44df-8acd-dfb7633dbb46,2012,8,Thừa Thiên Huế,Provincial,Cultivation,Lúa,,Area_Planted,9713.0,ha,Actual,PL2
1f3b4a9a-23ab-4ad4-8c7d-0e875664913e,2012,8,Thừa Thiên Huế,Provincial,Cultivation,Ngô,,Area_Planted,1313.0,ha,Actual,PL2
2df3099a-0ad8-46ae-ac56-71efb0009ee6,2012,8,Thừa Thiên Huế,Provincial,Cultivation,Khoai lang,,Area_Planted,2500.0,ha,Actual,PL2
2531be21-e9e8-43b5-b311-95cd1648ab9f,2012,8,Thừa Thiên Huế,Provincial,Cultivation,Sắn,,Area_Planted,5900.0,ha,Actual,PL2
bf5b02c7-95f1-4452-9159-e6d756e8ab75,2012,8,Miền Bắc,Regional,Cultivation,Lúa,,Area_Planted,307186.0,ha,Actual,PL3
2f5ce785-8a9e-4795-ada2-513c4ec7c6fc,2012,8,Miền Bắc,Regional,Cultivation,Lúa,,Area_Planted,102316.0,ha,Actual,PL3
27eff54d-c8dd-4f07-bd8e-c1a203e48a50,2012,8,Miền Bắc,Regional,Cultivation,Lúa,,Area_Planted,140025.0,ha,Actual,PL3
9e268c6a-6280-442f-adc1-6c185d1d5687,2012,8,Miền Bắc,Regional,Cultivation,Lúa,,Area_Planted,16019.0,ha,Actual,PL3
5739f414-b71f-4b6f-92d2-b43ad7c2539f,2012,8,Miền Bắc,Regional,Cultivation,Lúa,,Area_Planted,21489.0,ha,Actual,PL3
66d938ed-4a7e-4e1a-9a34-627a42fcbaa5,2012,8,Miền Bắc,Regional,Cultivation,Lúa,,Area_Planted,27337.0,ha,Actual,PL3
0b04d8d2-8671-4457-bfd2-a76165db1241,2012,8,Miền Bắc,Regional,Cultivation,Rau,,Area_Planted,286478.0,ha,Actual,PL3
c17b82f0-376b-4b60-99f7-4971d9532995,2012,8,ĐB sông Hồng,Provincial,Cultivation,Lúa,,Area_Planted,80342.0,ha,Actual,PL3
5cfb7493-c4e8-4d9a-9f0e-0eba6cf79449,2012,8,ĐB sông Hồng,Provincial,Cultivation,Lúa,,Area_Planted,42875.0,ha,Actual,PL3
67d6969b-ed15-4178-9bcb-e5394a6bcd0c,2012,8,ĐB sông Hồng,Provincial,Cultivation,Lúa,,Area_Planted,26940.0,ha,Actual,PL3
6d0f5ac9-e5ef-4b36-980c-ba7483172a2d,2012,8,ĐB sông Hồng,Provincial,Cultivation,Lúa,,Area_Planted,2155.0,ha,Actual,PL3
9c8bd567-2623-4eaf-8c37-04b97e1c6a10,2012,8,ĐB sông Hồng,Provincial,Cultivation,Lúa,,Area_Planted,1557.0,ha,Actual,PL3
58dcadae-764d-4226-91ad-a53d437173e8,2012,8,ĐB sông Hồng,Provincial,Cultivation,Lúa,,Area_Planted,6815.0,ha,Actual,PL3
a05a911e-205f-4427-a868-65357d0bcf52,2012,8,ĐB sông Hồng,Provincial,Cultivation,Rau,,Area_Planted,153295.0,ha,Actual,PL3
b3d7a794-c0fa-4a7e-b75f-b3d35869b003,2012,8,Hà Nội,Provincial,Cultivation,Lúa,,Area_Planted,17102.0,ha,Actual,PL3
eeee8676-ae8d-4c6a-9fc4-df8b34d73916,2012,8,Hà Nội,Provincial,Cultivation,Lúa,,Area_Planted,11997.0,ha,Actual,PL3
102980dd-7673-4990-807b-adeb7ab9960d,2012,8,Hà Nội,Provincial,Cultivation,Lúa,,Area_Planted,5105.0,ha,Actual,PL3
368b794a-d25d-4cd9-9c30-0c9ef33eac4c,2012,8,Hà Nội,Provincial,Cultivation,Rau,,Area_Planted,29038.0,ha,Actual,PL3
617c9494-a77f-43f0-a249-329452266493,2012,8,Hải Phòng,Provincial,Cultivation,Lúa,,Area_Planted,3691.0,ha,Actual,PL3
cb2f3e96-ad09-405d-88b2-eae5851b3681,2012,8,Hải Phòng,Provincial,Cultivation,Lúa,,Area_Planted,34.0,ha,Actual,PL3
9b0f925b-a9c4-4f32-817d-8c9178779162,2012,8,Hải Phòng,Provincial,Cultivation,Lúa,,Area_Planted,118.0,ha,Actual,PL3
18d01b84-c573-462e-a9b2-18a4b73a130f,2012,8,Hải Phòng,Provincial,Cultivation,Lúa,,Area_Planted,2155.0,ha,Actual,PL3
f667c5bb-e898-488f-8623-136093cc6079,2012,8,Hải Phòng,Provincial,Cultivation,Lúa,,Area_Planted,1385.0,ha,Actual,PL3
9cb5b0e3-b2c5-4d7a-b22a-5d3903280782,2012,8,Hải Phòng,Provincial,Cultivation,Rau,,Area_Planted,12067.0,ha,Actual,PL3
3dd5f732-74a5-44de-85c4-1113f6a5e785,2012,8,Vĩnh Phúc,Provincial,Cultivation,Lúa,,Area_Planted,5791.0,ha,Actual,PL3
d466f2f9-0c33-4fd0-b8a4-50b9c4c84a91,2012,8,Vĩnh Phúc,Provincial,Cultivation,Lúa,,Area_Planted,2476.0,ha,Actual,PL3
1f2c37bc-2347-432f-8519-3ac5a396c3f9,2012,8,Vĩnh Phúc,Provincial,Cultivation,Lúa,,Area_Planted,3103.0,ha,Actual,PL3
d146fd1b-1c88-4d17-806b-af5daf2c8eb3,2012,8,Vĩnh Phúc,Provincial,Cultivation,Lúa,,Area_Planted,53.0,ha,Actual,PL3
69360391-e77b-4652-a5fd-ded54711a114,2012,8,Vĩnh Phúc,Provincial,Cultivation,Lúa,,Area_Planted,159.0,ha,Actual,PL3
fea54d21-e771-4ffa-9d33-dc47d5abfa0e,2012,8,Vĩnh Phúc,Provincial,Cultivation,Rau,,Area_Planted,6626.0,ha,Actual,PL3
64fbe3b9-a978-4559-a46f-fa4cf7ca94d0,2012,8,Bắc Ninh,Provincial,Cultivation,Lúa,,Area_Planted,2412.0,ha,Actual,PL3
ffd6e714-b600-4e3f-99f8-de702a950970,2012,8,Bắc Ninh,Provincial,Cultivation,Lúa,,Area_Planted,1647.0,ha,Actual,PL3
91c38fb0-4ce3-439b-8d42-ea6c928444b0,2012,8,Bắc Ninh,Provincial,Cultivation,Lúa,,Area_Planted,765.0,ha,Actual,PL3
e7bbf319-6607-48f4-9d29-eff52c6a235f,2012,8,Bắc Ninh,Provincial,Cultivation,Rau,,Area_Planted,11172.0,ha,Actual,PL3
f158246a-0949-4702-98d7-ca345bd60f07,2012,8,Hải Dương,Provincial,Cultivation,Lúa,,Area_Planted,1631.0,ha,Actual,PL3
57b2524a-9456-483b-b9bf-0b23212fc391,2012,8,Hải Dương,Provincial,Cultivation,Lúa,,Area_Planted,581.0,ha,Actual,PL3
b023d655-0dfc-4126-a9cf-007b52e3573d,2012,8,Hải Dương,Provincial,Cultivation,Lúa,,Area_Planted,1050.0,ha,Actual,PL3
a04b56d0-f8f8-4eef-b8ac-4ef1f729a026,2012,8,Hải Dương,Provincial,Cultivation,Rau,,Area_Planted,8803.0,ha,Actual,PL3
f9c3883f-7255-4df7-ad63-28a27da4c9a3,2012,8,Hưng Yên,Provincial,Cultivation,Lúa,,Area_Planted,2902.0,ha,Actual,PL3
c9ef1d93-04b4-4874-b9e5-7a3b1078f3bd,2012,8,Hưng Yên,Provincial,Cultivation,Lúa,,Area_Planted,2086.0,ha,Actual,PL3
df37e68e-5d50-4010-8a6c-44024b42c6ef,2012,8,Hưng Yên,Provincial,Cultivation,Lúa,,Area_Planted,816.0,ha,Actual,PL3
72e11464-9be8-4ea1-89bc-10eae484a342,2012,8,Hưng Yên,Provincial,Cultivation,Rau,,Area_Planted,12929.0,ha,Actual,PL3
6f7a3e28-4555-43e4-996f-1719cc3dd7e8,2012,8,Hà Nam,Provincial,Cultivation,Lúa,,Area_Planted,8353.0,ha,Actual,PL3
ca32c480-f3e6-470e-9549-4552010d2858,2012,8,Hà Nam,Provincial,Cultivation,Lúa,,Area_Planted,8001.0,ha,Actual,PL3
f632d73e-01e4-4b4d-91ef-a47cb3522487,2012,8,Hà Nam,Provincial,Cultivation,Lúa,,Area_Planted,352.0,ha,Actual,PL3
e9601ba3-3e84-4f9b-86a6-d53e3ea5ab26,2012,8,Hà Nam,Provincial,Cultivation,Rau,,Area_Planted,3950.0,ha,Actual,PL3
6d913532-8b27-40b8-9f13-1b4f0565d50d,2012,8,Nam Định,Provincial,Cultivation,Lúa,,Area_Planted,10126.0,ha,Actual,PL3
4b504a2b-51ba-4e24-828a-eee79ec72e81,2012,8,Nam Định,Provincial,Cultivation,Lúa,,Area_Planted,1109.0,ha,Actual,PL3
e0ee7d05-ec85-4292-a1b6-7748ac48bd5b,2012,8,Nam Định,Provincial,Cultivation,Lúa,,Area_Planted,6288.0,ha,Actual,PL3
0a35b377-8596-49c7-8f45-8ff11d3d6afc,2012,8,Nam Định,Provincial,Cultivation,Lúa,,Area_Planted,2729.0,ha,Actual,PL3
e9153be9-fe61-4a76-8d47-08ec3a1ad30b,2012,8,Nam Định,Provincial,Cultivation,Rau,,Area_Planted,22883.0,ha,Actual,PL3
6b2f55fe-2c09-40d6-8fcf-d3d23baa824a,2012,8,Thái Bình,Provincial,Cultivation,Lúa,,Area_Planted,14283.0,ha,Actual,PL3
b3895980-8705-42f2-94c9-f8d3ead6a745,2012,8,Thái Bình,Provincial,Cultivation,Lúa,,Area_Planted,10890.0,ha,Actual,PL3
841da616-4ed5-4e2e-b7c0-bfc50f7e30ea,2012,8,Thái Bình,Provincial,Cultivation,Lúa,,Area_Planted,2123.0,ha,Actual,PL3
797c2265-3a8b-4560-9356-9ef4a132abf1,2012,8,Thái Bình,Provincial,Cultivation,Lúa,,Area_Planted,114.0,ha,Actual,PL3
76c30c65-54fd-4b5c-a41e-6dc5b87aa854,2012,8,Thái Bình,Provincial,Cultivation,Lúa,,Area_Planted,1156.0,ha,Actual,PL3
1389fb3a-ac80-4901-8d8b-de3d3db333dd,2012,8,Thái Bình,Provincial,Cultivation,Rau,,Area_Planted,28189.0,ha,Actual,PL3
be0e6a63-4ccf-409f-8c5c-cd1344ed8c8c,2012,8,Ninh Bình,Provincial,Cultivation,Lúa,,Area_Planted,9013.0,ha,Actual,PL3
e830dbfc-f8cd-4557-960c-df2a3e624c16,2012,8,Ninh Bình,Provincial,Cultivation,Lúa,,Area_Planted,3193.0,ha,Actual,PL3
d4d17645-c30f-4ecd-ab5e-39b6ccd51c45,2012,8,Ninh Bình,Provincial,Cultivation,Lúa,,Area_Planted,4441.0,ha,Actual,PL3
27045d7f-7c40-4546-9536-8e7e66a47595,2012,8,Ninh Bình,Provincial,Cultivation,Lúa,,Area_Planted,858.0,ha,Actual,PL3
7dd5b6a9-34ca-4a59-bd7a-0a3510faee8a,2012,8,Ninh Bình,Provincial,Cultivation,Lúa,,Area_Planted,521.0,ha,Actual,PL3
0afffaac-8eb3-4ff9-95ff-e08c638a57eb,2012,8,Ninh Bình,Provincial,Cultivation,Rau,,Area_Planted,8969.0,ha,Actual,PL3
1d69bb76-9318-4eb8-a72a-65414b794d00,2012,8,Quảng Ninh,Provincial,Cultivation,Lúa,,Area_Planted,5038.0,ha,Actual,PL3
bad20702-2cf9-4094-b8eb-7d7802f4f84c,2012,8,Quảng Ninh,Provincial,Cultivation,Lúa,,Area_Planted,862.0,ha,Actual,PL3
82385a6e-22e8-46c0-a857-248808b501ed,2012,8,Quảng Ninh,Provincial,Cultivation,Lúa,,Area_Planted,2779.0,ha,Actual,PL3
383798e4-f627-4648-b9aa-ea84686c68e1,2012,8,Quảng Ninh,Provincial,Cultivation,Lúa,,Area_Planted,532.0,ha,Actual,PL3
76e9ab04-f18a-445d-92db-3f2fcdc0194b,2012,8,Quảng Ninh,Provincial,Cultivation,Lúa,,Area_Planted,865.0,ha,Actual,PL3
d862e7c1-1f5a-4e3b-a132-9b5c23daee75,2012,8,Quảng Ninh,Provincial,Cultivation,Rau,,Area_Planted,8669.0,ha,Actual,PL3
9f66aaeb-72c3-45b5-86a0-4adb2d0a19c6,2012,8,TD và MN,Provincial,Cultivation,Lúa,,Area_Planted,132010.0,ha,Actual,PL3
8b7bac0d-1981-4b48-8179-591b779d2e49,2012,8,TD và MN,Provincial,Cultivation,Lúa,,Area_Planted,51499.0,ha,Actual,PL3
513616f7-514a-4623-a305-7435cdad6678,2012,8,TD và MN,Provincial,Cultivation,Lúa,,Area_Planted,46162.0,ha,Actual,PL3
edb80119-5ae4-4517-91cb-5ecfc2fdd82d,2012,8,TD và MN,Provincial,Cultivation,Lúa,,Area_Planted,12868.0,ha,Actual,PL3
5b471b09-f63d-4b47-b0e9-f0795b3013ba,2012,8,TD và MN,Provincial,Cultivation,Lúa,,Area_Planted,10162.0,ha,Actual,PL3
3e16ee7f-9eea-40c6-846b-8bab04e0ca95,2012,8,TD và MN,Provincial,Cultivation,Lúa,,Area_Planted,11319.0,ha,Actual,PL3
71eb84fb-5c47-4218-bbf7-bc50a650508f,2012,8,TD và MN,Provincial,Cultivation,Rau,,Area_Planted,81220.0,ha,Actual,PL3
1219de59-fac3-4e59-a323-e684b74b23f2,2012,8,Hà Giang,Provincial,Cultivation,Lúa,,Area_Planted,31732.0,ha,Actual,PL3
523ae283-cce6-48e4-930d-09c5fe8f27c1,2012,8,Hà Giang,Provincial,Cultivation,Lúa,,Area_Planted,22376.0,ha,Actual,PL3
5b2232bd-2de8-4a65-9aaf-cdb974414b54,2012,8,Hà Giang,Provincial,Cultivation,Lúa,,Area_Planted,6543.0,ha,Actual,PL3
953b6f41-f6f9-4cd9-88b5-c9bcd0110036,2012,8,Hà Giang,Provincial,Cultivation,Lúa,,Area_Planted,2243.0,ha,Actual,PL3
674f2aa1-6bae-432b-9b5c-080d1f840644,2012,8,Hà Giang,Provincial,Cultivation,Lúa,,Area_Planted,495.0,ha,Actual,PL3
23dc702d-89d2-4a07-a02a-e2c623424024,2012,8,Hà Giang,Provincial,Cultivation,Lúa,,Area_Planted,75.0,ha,Actual,PL3
bd0a9871-167c-4795-8153-8a98a131b24f,2012,8,Hà Giang,Provincial,Cultivation,Rau,,Area_Planted,8771.0,ha,Actual,PL3
8f01583f-0437-4d1e-b116-ee81ff39e7d3,2012,8,Cao Bằng,Provincial,Cultivation,Lúa,,Area_Planted,11697.0,ha,Actual,PL3
e6d6b05b-e40e-4adb-977c-df8b8fe440d0,2012,8,Cao Bằng,Provincial,Cultivation,Lúa,,Area_Planted,5119.0,ha,Actual,PL3
1eb2e0a6-c0d8-4fc3-b5bb-1bc8129c67c3,2012,8,Cao Bằng,Provincial,Cultivation,Lúa,,Area_Planted,1576.0,ha,Actual,PL3
14a16500-bc3b-47f8-b911-24ab6fd6b106,2012,8,Cao Bằng,Provincial,Cultivation,Lúa,,Area_Planted,3072.0,ha,Actual,PL3
b29ef9b8-8959-4227-b557-833825527cb5,2012,8,Cao Bằng,Provincial,Cultivation,Lúa,,Area_Planted,1698.0,ha,Actual,PL3
34a2d6a6-1e07-424e-979a-1de0cb827f5b,2012,8,Cao Bằng,Provincial,Cultivation,Lúa,,Area_Planted,232.0,ha,Actual,PL3
0b265657-465d-48b5-be63-7fa00fa5c099,2012,8,Cao Bằng,Provincial,Cultivation,Rau,,Area_Planted,1123.0,ha,Actual,PL3
2dded046-9aaf-435a-aa4b-99e3b123f678,2012,8,Lào Cai,Provincial,Cultivation,Lúa,,Area_Planted,5714.0,ha,Actual,PL3
4709705a-432a-4e0b-96ea-daee00b748c8,2012,8,Lào Cai,Provincial,Cultivation,Lúa,,Area_Planted,4706.0,ha,Actual,PL3
81b1cc83-f577-4a16-ba37-a7ab39760656,2012,8,Lào Cai,Provincial,Cultivation,Lúa,,Area_Planted,772.0,ha,Actual,PL3
c525162f-c917-49c0-a6ef-f8e128f37e63,2012,8,Lào Cai,Provincial,Cultivation,Lúa,,Area_Planted,215.0,ha,Actual,PL3
3bf4abaa-a5c1-4cbb-b71e-1856703bd013,2012,8,Lào Cai,Provincial,Cultivation,Lúa,,Area_Planted,21.0,ha,Actual,PL3
897855b5-6a26-4897-98b9-c5bc280c7d25,2012,8,Lào Cai,Provincial,Cultivation,Rau,,Area_Planted,3517.0,ha,Actual,PL3
3dae8761-6446-4e68-9469-0839538811db,2012,8,Bắc Cạn,Provincial,Cultivation,Lúa,,Area_Planted,3868.0,ha,Actual,PL3
5f066a0b-0fec-4e7a-b151-76e850d90807,2012,8,Bắc Cạn,Provincial,Cultivation,Lúa,,Area_Planted,1437.0,ha,Actual,PL3
0a2b063b-d404-4847-b463-e43817097686,2012,8,Bắc Cạn,Provincial,Cultivation,Lúa,,Area_Planted,508.0,ha,Actual,PL3
f9654386-1c62-4291-a19c-af9dfa46d241,2012,8,Bắc Cạn,Provincial,Cultivation,Lúa,,Area_Planted,1000.0,ha,Actual,PL3
dc60aa6a-682f-44af-9900-a939a0638b04,2012,8,Bắc Cạn,Provincial,Cultivation,Lúa,,Area_Planted,155.0,ha,Actual,PL3
aef230ff-32e6-4df2-ba51-e6a733cdb54f,2012,8,Bắc Cạn,Provincial,Cultivation,Lúa,,Area_Planted,768.0,ha,Actual,PL3
4e2c4237-5675-4ff5-af5c-c01ac1555f92,2012,8,Bắc Cạn,Provincial,Cultivation,Rau,,Area_Planted,1460.0,ha,Actual,PL3
6fa3f96b-f2f0-4359-a3da-a530b45dde4d,2012,8,Lạng Sơn,Provincial,Cultivation,Lúa,,Area_Planted,8180.0,ha,Actual,PL3
e5544d4b-ecd9-4ad2-9a6c-7aeedadfe89a,2012,8,Lạng Sơn,Provincial,Cultivation,Lúa,,Area_Planted,790.0,ha,Actual,PL3
c8d04096-5da2-4043-b77a-006ec59dd2e4,2012,8,Lạng Sơn,Provincial,Cultivation,Lúa,,Area_Planted,1330.0,ha,Actual,PL3
2795fc25-9842-401f-abe9-6e8bedd98ce5,2012,8,Lạng Sơn,Provincial,Cultivation,Lúa,,Area_Planted,5093.0,ha,Actual,PL3
16a4f343-2eb9-4ef7-83fc-2619db8b1fbb,2012,8,Lạng Sơn,Provincial,Cultivation,Lúa,,Area_Planted,395.0,ha,Actual,PL3
b56e0068-10d5-4d8f-88c9-9370d299a886,2012,8,Lạng Sơn,Provincial,Cultivation,Lúa,,Area_Planted,572.0,ha,Actual,PL3
78680b58-01e8-4a02-bfc1-f3c1e0a694bb,2012,8,Lạng Sơn,Provincial,Cultivation,Rau,,Area_Planted,7444.0,ha,Actual,PL3
061247a7-1eab-4bc4-b520-d127e6adf8f8,2012,8,Tuyên Quang,Provincial,Cultivation,Lúa,,Area_Planted,5972.0,ha,Actual,PL3
6ac93f8c-4629-40bf-b7a9-588ce03b7826,2012,8,Tuyên Quang,Provincial,Cultivation,Lúa,,Area_Planted,1452.0,ha,Actual,PL3
b9aa40bf-d62a-46a2-8801-365f53f286a9,2012,8,Tuyên Quang,Provincial,Cultivation,Lúa,,Area_Planted,4520.0,ha,Actual,PL3
3d608524-ac35-4723-965a-5d7500fbe8ac,2012,8,Tuyên Quang,Provincial,Cultivation,Rau,,Area_Planted,2939.0,ha,Actual,PL3
28b7c3c6-6b20-4e08-86a4-8c918de01ef6,2012,8,Yên Bái,Provincial,Cultivation,Lúa,,Area_Planted,4648.0,ha,Actual,PL3
06d05e43-d8f4-42e4-b422-19734e3f2b9e,2012,8,Yên Bái,Provincial,Cultivation,Lúa,,Area_Planted,1753.0,ha,Actual,PL3
2e876970-e343-4277-bb17-e3e4baf0679d,2012,8,Yên Bái,Provincial,Cultivation,Lúa,,Area_Planted,2125.0,ha,Actual,PL3
484d6041-3316-45a1-ab76-e341daa1b313,2012,8,Yên Bái,Provincial,Cultivation,Lúa,,Area_Planted,750.0,ha,Actual,PL3
4d28d4b4-98a0-4133-9d9f-4b813c35c0a9,2012,8,Yên Bái,Provincial,Cultivation,Lúa,,Area_Planted,20.0,ha,Actual,PL3
449a3d6c-41c1-482c-865e-db95d2aa39b4,2012,8,Yên Bái,Provincial,Cultivation,Rau,,Area_Planted,6850.0,ha,Actual,PL3
e71ff986-6120-4410-a236-df9d8f8ab907,2012,8,Thái Nguyên,Provincial,Cultivation,Lúa,,Area_Planted,6001.0,ha,Actual,PL3
e259952b-d4bb-40b1-83ad-2367c21b1e75,2012,8,Thái Nguyên,Provincial,Cultivation,Lúa,,Area_Planted,1398.0,ha,Actual,PL3
da92570f-b10e-4816-bf22-484197e20372,2012,8,Thái Nguyên,Provincial,Cultivation,Lúa,,Area_Planted,3702.0,ha,Actual,PL3
a3a5acb3-20e8-4f2a-b96e-6b28fbc2313c,2012,8,Thái Nguyên,Provincial,Cultivation,Lúa,,Area_Planted,623.0,ha,Actual,PL3
3589d3a2-2165-4bbd-8377-2ed306cbef00,2012,8,Thái Nguyên,Provincial,Cultivation,Lúa,,Area_Planted,75.0,ha,Actual,PL3
464d11ee-fbaa-4a3b-af59-ea5061d9bb34,2012,8,Thái Nguyên,Provincial,Cultivation,Lúa,,Area_Planted,203.0,ha,Actual,PL3
924752e0-1401-4d97-ba38-45a3ad2ad9b0,2012,8,Thái Nguyên,Provincial,Cultivation,Rau,,Area_Planted,10943.0,ha,Actual,PL3
64e26528-732b-4d18-b3e2-25846c65ce51,2012,8,Phú Thọ,Provincial,Cultivation,Lúa,,Area_Planted,5628.0,ha,Actual,PL3
822b20e4-2c3a-40bd-a130-f3126759ac37,2012,8,Phú Thọ,Provincial,Cultivation,Lúa,,Area_Planted,945.0,ha,Actual,PL3
d74da48c-9ef4-4243-b2bb-b62c9aa558c0,2012,8,Phú Thọ,Provincial,Cultivation,Lúa,,Area_Planted,4683.0,ha,Actual,PL3
8e2853c2-3237-4bfd-8e01-ef8ebe3459b5,2012,8,Phú Thọ,Provincial,Cultivation,Rau,,Area_Planted,7039.0,ha,Actual,PL3
9da6069c-98ea-4822-8f56-e2cc8a7a14c8,2012,8,Bắc Giang,Provincial,Cultivation,Lúa,,Area_Planted,13133.0,ha,Actual,PL3
399cc260-9257-483a-a80d-2f5cf83f1332,2012,8,Bắc Giang,Provincial,Cultivation,Lúa,,Area_Planted,1066.0,ha,Actual,PL3
589db885-e852-41e1-855c-a3bf6189b872,2012,8,Bắc Giang,Provincial,Cultivation,Lúa,,Area_Planted,11273.0,ha,Actual,PL3
03b57060-1b6c-4bc6-8fd4-3e8d7ef30afe,2012,8,Bắc Giang,Provincial,Cultivation,Lúa,,Area_Planted,309.0,ha,Actual,PL3
5520cb52-02a1-48d3-b561-9b9276896039,2012,8,Bắc Giang,Provincial,Cultivation,Lúa,,Area_Planted,294.0,ha,Actual,PL3
06644959-6758-46b8-80e3-83b33fa5c9c6,2012,8,Bắc Giang,Provincial,Cultivation,Lúa,,Area_Planted,191.0,ha,Actual,PL3
d20f4860-7de7-4762-ae30-5d3bb909dab9,2012,8,Bắc Giang,Provincial,Cultivation,Rau,,Area_Planted,22310.0,ha,Actual,PL3
f9ad9d76-a67d-41ea-a5ca-b0053494d24d,2012,8,Lai Châu,Provincial,Cultivation,Lúa,,Area_Planted,4176.0,ha,Actual,PL3
64cc8b2a-ffff-41f1-9931-ab9510a9568a,2012,8,Lai Châu,Provincial,Cultivation,Lúa,,Area_Planted,1846.0,ha,Actual,PL3
2e1bd93c-5c1b-4dc8-a387-305bb58c58c0,2012,8,Lai Châu,Provincial,Cultivation,Lúa,,Area_Planted,1631.0,ha,Actual,PL3
bcbbd9a1-0ef7-4ef4-8647-ea9e0fff4e51,2012,8,Lai Châu,Provincial,Cultivation,Lúa,,Area_Planted,9.0,ha,Actual,PL3
13095da7-f53f-44f3-ad87-3b1fc3a66bdc,2012,8,Lai Châu,Provincial,Cultivation,Lúa,,Area_Planted,690.0,ha,Actual,PL3
f35a2e96-b305-4c99-9333-60286aab2465,2012,8,Lai Châu,Provincial,Cultivation,Rau,,Area_Planted,779.0,ha,Actual,PL3
dd4c7444-8843-4c98-80ab-a412abae77a3,2012,8,Điện Biên,Provincial,Cultivation,Lúa,,Area_Planted,12566.0,ha,Actual,PL3
c832bcf8-bc78-48f2-925f-8d8f318503ab,2012,8,Điện Biên,Provincial,Cultivation,Lúa,,Area_Planted,3676.0,ha,Actual,PL3
2d57cc3e-f3c8-42eb-bdf0-39f0af140b2a,2012,8,Điện Biên,Provincial,Cultivation,Lúa,,Area_Planted,1776.0,ha,Actual,PL3
bdc34a23-2b58-47d6-9d24-e6f06d5b1c9d,2012,8,Điện Biên,Provincial,Cultivation,Lúa,,Area_Planted,7114.0,ha,Actual,PL3
a7154f4e-37dc-408d-a344-601e57df0778,2012,8,Điện Biên,Provincial,Cultivation,Rau,,Area_Planted,368.0,ha,Actual,PL3
6431afa0-e91a-4146-8609-cacd898a10ab,2012,8,Sơn La,Provincial,Cultivation,Lúa,,Area_Planted,6992.0,ha,Actual,PL3
7ec34bc8-9568-421a-a917-dfb0b61ee812,2012,8,Sơn La,Provincial,Cultivation,Lúa,,Area_Planted,4461.0,ha,Actual,PL3
4a2ea789-4f1f-46d2-8326-6bdfa8ef7e07,2012,8,Sơn La,Provincial,Cultivation,Lúa,,Area_Planted,1507.0,ha,Actual,PL3
7f9026a9-3891-44c5-b00c-2654df14840f,2012,8,Sơn La,Provincial,Cultivation,Lúa,,Area_Planted,304.0,ha,Actual,PL3
126bc288-667c-4df9-8d43-f7d56ae8c43f,2012,8,Sơn La,Provincial,Cultivation,Lúa,,Area_Planted,487.0,ha,Actual,PL3
ef2a463a-9d81-4cfa-b921-a75308152403,2012,8,Sơn La,Provincial,Cultivation,Lúa,,Area_Planted,233.0,ha,Actual,PL3
e9179a9e-16fc-4b92-8577-35f2af71de8b,2012,8,Sơn La,Provincial,Cultivation,Rau,,Area_Planted,4826.0,ha,Actual,PL3
422c516b-bfb5-4477-9259-f85e7c12ba26,2012,8,Hoà Bình,Provincial,Cultivation,Lúa,,Area_Planted,11704.0,ha,Actual,PL3
718d0b37-21df-4744-a90d-e3d455bf3c2f,2012,8,Hoà Bình,Provincial,Cultivation,Lúa,,Area_Planted,475.0,ha,Actual,PL3
836f1708-016c-4856-93f6-8191ab611b9d,2012,8,Hoà Bình,Provincial,Cultivation,Lúa,,Area_Planted,4216.0,ha,Actual,PL3
69bff4a5-06c7-46cd-a834-7ac01a41594d,2012,8,Hoà Bình,Provincial,Cultivation,Lúa,,Area_Planted,5813.0,ha,Actual,PL3
a7cec4af-2204-4407-acb5-884bf52bc744,2012,8,Hoà Bình,Provincial,Cultivation,Lúa,,Area_Planted,1200.0,ha,Actual,PL3
2a5ce36b-a0a3-43da-b8c2-869193838cc8,2012,8,Hoà Bình,Provincial,Cultivation,Rau,,Area_Planted,2851.0,ha,Actual,PL3
c1e88b1a-97ee-45f5-bfe5-e3ba7239851b,2012,8,Bắc Trung Bộ,Provincial,Cultivation,Lúa,,Area_Planted,94834.0,ha,Actual,PL3
4f9d2abd-2246-45be-b6d7-828baa6e99f6,2012,8,Bắc Trung Bộ,Provincial,Cultivation,Lúa,,Area_Planted,7942.0,ha,Actual,PL3
3a4f53db-aad0-4b51-8dab-9a59b59c80ed,2012,8,Bắc Trung Bộ,Provincial,Cultivation,Lúa,,Area_Planted,66923.0,ha,Actual,PL3
21f5ef50-afd3-4abb-9da7-33532ff8d160,2012,8,Bắc Trung Bộ,Provincial,Cultivation,Lúa,,Area_Planted,996.0,ha,Actual,PL3
ecf33d47-9320-4b04-abb2-dc7e6dd7c853,2012,8,Bắc Trung Bộ,Provincial,Cultivation,Lúa,,Area_Planted,9770.0,ha,Actual,PL3
4df56640-e5e7-4944-af60-a24b3e3b8687,2012,8,Bắc Trung Bộ,Provincial,Cultivation,Lúa,,Area_Planted,9203.0,ha,Actual,PL3
d787f005-64cf-4d24-ac7e-7b95b59bf324,2012,8,Bắc Trung Bộ,Provincial,Cultivation,Rau,,Area_Planted,51963.0,ha,Actual,PL3
49236f56-2400-4c50-a327-0ea5fa8f0e23,2012,8,Thanh Hoá,Provincial,Cultivation,Lúa,,Area_Planted,26457.0,ha,Actual,PL3
36a35600-02b6-42e0-ae23-ed3d18c1a3d9,2012,8,Thanh Hoá,Provincial,Cultivation,Lúa,,Area_Planted,7792.0,ha,Actual,PL3
f5f5e230-0f82-4cd6-966c-68ce49e9f867,2012,8,Thanh Hoá,Provincial,Cultivation,Lúa,,Area_Planted,14094.0,ha,Actual,PL3
9d10227c-8d9b-4367-900e-6880e7db0051,2012,8,Thanh Hoá,Provincial,Cultivation,Lúa,,Area_Planted,946.0,ha,Actual,PL3
0256901f-dfc3-47e9-b9c2-8b1bd5d06430,2012,8,Thanh Hoá,Provincial,Cultivation,Lúa,,Area_Planted,1033.0,ha,Actual,PL3
eaa12c4b-e1b6-4aec-aaca-bad8f42aa3b2,2012,8,Thanh Hoá,Provincial,Cultivation,Lúa,,Area_Planted,2592.0,ha,Actual,PL3
52bd210d-6b09-4537-a841-b594f56093ff,2012,8,Thanh Hoá,Provincial,Cultivation,Rau,,Area_Planted,17721.0,ha,Actual,PL3
0140c15d-d286-404c-a61a-b5fe5a593003,2012,8,Nghệ An,Provincial,Cultivation,Lúa,,Area_Planted,36508.0,ha,Actual,PL3
314f53ae-0afe-4c1f-9bb6-39808b12a1f4,2012,8,Nghệ An,Provincial,Cultivation,Lúa,,Area_Planted,150.0,ha,Actual,PL3
3f1a9566-2fab-44af-810c-99317ac110f4,2012,8,Nghệ An,Provincial,Cultivation,Lúa,,Area_Planted,22451.0,ha,Actual,PL3
182bbfc1-6482-434e-83d5-20e09a00ae02,2012,8,Nghệ An,Provincial,Cultivation,Lúa,,Area_Planted,8687.0,ha,Actual,PL3
656755cb-5f56-4373-8f31-cd07dc368085,2012,8,Nghệ An,Provincial,Cultivation,Lúa,,Area_Planted,5220.0,ha,Actual,PL3
ea9792d8-00d5-4344-b90e-1ff552c88877,2012,8,Nghệ An,Provincial,Cultivation,Rau,,Area_Planted,20670.0,ha,Actual,PL3
90eea550-aa7f-4466-8378-519e09b12720,2012,8,Hà Tĩnh,Provincial,Cultivation,Lúa,,Area_Planted,18308.0,ha,Actual,PL3
fd3be26f-64ca-402b-adf1-a4ff490a3b39,2012,8,Hà Tĩnh,Provincial,Cultivation,Lúa,,Area_Planted,17217.0,ha,Actual,PL3
e236fbb6-07bf-48ef-8efc-39cd177574e5,2012,8,Hà Tĩnh,Provincial,Cultivation,Lúa,,Area_Planted,1091.0,ha,Actual,PL3
87be49b3-1eed-4c1c-a78e-b47fda8ab9c8,2012,8,Hà Tĩnh,Provincial,Cultivation,Rau,,Area_Planted,3202.0,ha,Actual,PL3
3cb43784-c3ab-44a6-a345-cd67294b282c,2012,8,Quảng Bình,Provincial,Cultivation,Lúa,,Area_Planted,4951.0,ha,Actual,PL3
0b7c66be-90cc-4e0f-ba76-641377ae645c,2012,8,Quảng Bình,Provincial,Cultivation,Lúa,,Area_Planted,4951.0,ha,Actual,PL3
51f5cd9c-dfd4-4197-bee7-6841d0473b75,2012,8,Quảng Bình,Provincial,Cultivation,Rau,,Area_Planted,270.0,ha,Actual,PL3
a9b7dfc1-250f-4644-9268-f14b4edf4cab,2012,8,Quảng Trị,Provincial,Cultivation,Lúa,,Area_Planted,4640.0,ha,Actual,PL3
73da79bc-71d2-458c-a14d-fcfd4c9bc059,2012,8,Quảng Trị,Provincial,Cultivation,Lúa,,Area_Planted,4640.0,ha,Actual,PL3
3c1e5b53-1dbc-44b6-b04b-b2d598609e5a,2012,8,Quảng Trị,Provincial,Cultivation,Rau,,Area_Planted,5500.0,ha,Actual,PL3
0575c728-9124-4090-b1b0-eae25d28460d,2012,8,Thừa Thiên Huế,Provincial,Cultivation,Lúa,,Area_Planted,3970.0,ha,Actual,PL3
95482396-0fa7-44fc-b31f-479365a08038,2012,8,Thừa Thiên Huế,Provincial,Cultivation,Lúa,,Area_Planted,3570.0,ha,Actual,PL3
29c3e46b-aecc-416d-ad62-202e701abe84,2012,8,Thừa Thiên Huế,Provincial,Cultivation,Lúa,,Area_Planted,50.0,ha,Actual,PL3
f603ecbe-d2de-4311-aff5-c5bc6bb8c211,2012,8,Thừa Thiên Huế,Provincial,Cultivation,Lúa,,Area_Planted,50.0,ha,Actual,PL3
55aa1e36-e23f-4a81-90d5-320a1ccf3f4f,2012,8,Thừa Thiên Huế,Provincial,Cultivation,Lúa,,Area_Planted,300.0,ha,Actual,PL3
5c33951b-ba96-4790-b736-440049cf3b0d,2012,8,Thừa Thiên Huế,Provincial,Cultivation,Rau,,Area_Planted,4600.0,ha,Actual,PL3
a618c6d2-ff49-4796-abc1-edeaa3cfa67c,2012,8,Miền Nam,Regional,Cultivation,Lúa,,Area_Planted,1336572.0,ha,Actual,PL4
7417d818-f12e-4653-ae0a-03692f3bc55e,2012,8,Miền Nam,Regional,Cultivation,Lúa,,Area_Planted,66.6,ha,Actual,PL4
050d7874-6969-4806-9109-426cb3b19b21,2012,8,Miền Nam,Regional,Cultivation,Lúa,,Area_Planted,54.2,ha,Actual,PL4
892ef833-0e21-4eaa-82f4-a51427c61ee8,2012,8,Miền Nam,Regional,Cultivation,Lúa,,Area_Planted,201474.0,ha,Actual,PL4
3dc590b2-88ad-4920-93cf-507a3fd12b62,2012,8,Miền Nam,Regional,Cultivation,Lúa,,Area_Planted,643714.0,ha,Actual,PL4
76595e7b-722e-498a-bea6-afcc09896f92,2012,8,Miền Nam,Regional,Cultivation,Lúa,,Area_Planted,293894.0,ha,Actual,PL4
8fd29c21-b491-41ba-a273-e43943eec6d9,2012,8,Miền Nam,Regional,Cultivation,Lúa,,Area_Planted,35669.0,ha,Actual,PL4
679788d2-4394-4382-8958-a80e654e504d,2012,8,Miền Nam,Regional,Cultivation,Lúa,,Area_Planted,303367.0,ha,Actual,PL4
1ffa7ffc-183a-41f6-9017-312a84da86dc,2012,8,Miền Nam,Regional,Cultivation,Lúa,,Area_Planted,10785.0,ha,Actual,PL4
f7182701-9acd-4883-afb1-f4245611ac3a,2012,8,D.H Nam TB,Provincial,Cultivation,Lúa,,Area_Planted,57752.0,ha,Actual,PL4
bc15ab4d-6bc9-4971-922b-96a1e682a665,2012,8,D.H Nam TB,Provincial,Cultivation,Lúa,,Area_Planted,25.9,ha,Actual,PL4
d1c06d2f-a378-45b7-aa52-fa3d103759eb,2012,8,D.H Nam TB,Provincial,Cultivation,Lúa,,Area_Planted,50.3,ha,Actual,PL4
e67e694b-c1c7-4743-bf2a-62d3733496bd,2012,8,D.H Nam TB,Provincial,Cultivation,Lúa,,Area_Planted,24835.0,ha,Actual,PL4
7c68c665-655b-4651-824f-68dffe5807ea,2012,8,D.H Nam TB,Provincial,Cultivation,Lúa,,Area_Planted,156477.0,ha,Actual,PL4
9a1a820d-28fc-4029-9c3b-728a58adb2b6,2012,8,D.H Nam TB,Provincial,Cultivation,Lúa,,Area_Planted,64378.0,ha,Actual,PL4
c0927c43-56b3-404c-ba81-974fb6390880,2012,8,D.H Nam TB,Provincial,Cultivation,Lúa,,Area_Planted,6222.0,ha,Actual,PL4
2ab3d631-8bb4-41b1-a8a6-4a18c827d690,2012,8,D.H Nam TB,Provincial,Cultivation,Lúa,,Area_Planted,85417.0,ha,Actual,PL4
466895bf-0f7c-4694-a4d0-1ba76b7eccf2,2012,8,D.H Nam TB,Provincial,Cultivation,Lúa,,Area_Planted,460.0,ha,Actual,PL4
44e186ec-802f-495f-998e-a77b196c4ca8,2012,8,TP Đà Nẵng,Provincial,Cultivation,Lúa,,Area_Planted,15.0,ha,Actual,PL4
e66ae881-eba6-4ead-be84-e0d331dec0da,2012,8,TP Đà Nẵng,Provincial,Cultivation,Lúa,,Area_Planted,0.5,ha,Actual,PL4
95511fff-5024-45c0-a381-83c0154f5748,2012,8,TP Đà Nẵng,Provincial,Cultivation,Lúa,,Area_Planted,461.0,ha,Actual,PL4
0572ac93-39dc-4299-abfb-5c71e8979779,2012,8,TP Đà Nẵng,Provincial,Cultivation,Lúa,,Area_Planted,255.0,ha,Actual,PL4
62940cec-718e-47f4-b5a3-86ef8ea2a94b,2012,8,TP Đà Nẵng,Provincial,Cultivation,Lúa,,Area_Planted,100.0,ha,Actual,PL4
5b9d017c-71e8-4234-8a46-e57fe315d95f,2012,8,TP Đà Nẵng,Provincial,Cultivation,Lúa,,Area_Planted,106.0,ha,Actual,PL4
0882a784-64b6-4551-b45c-e496c8126b4b,2012,8,Quảng Nam,Provincial,Cultivation,Lúa,,Area_Planted,33177.0,ha,Actual,PL4
18cfe1dd-397f-4d1e-a65e-6362fea63a48,2012,8,Quảng Nam,Provincial,Cultivation,Lúa,,Area_Planted,13348.0,ha,Actual,PL4
549c6196-d8b7-4444-899c-fd6a78ab0900,2012,8,Quảng Nam,Provincial,Cultivation,Lúa,,Area_Planted,5329.0,ha,Actual,PL4
2b0f15de-e08a-4f59-b7cd-da3b221086b6,2012,8,Quảng Nam,Provincial,Cultivation,Lúa,,Area_Planted,14500.0,ha,Actual,PL4
41c874a8-5347-4610-908d-e2e5289a8832,2012,8,Quảng Ngãi,Provincial,Cultivation,Lúa,,Area_Planted,2805.0,ha,Actual,PL4
84f7bbdb-b36b-4794-b46a-dd21497a5053,2012,8,Quảng Ngãi,Provincial,Cultivation,Lúa,,Area_Planted,8.4,ha,Actual,PL4
beda1657-c16d-4b8c-a1af-45151f43fd20,2012,8,Quảng Ngãi,Provincial,Cultivation,Lúa,,Area_Planted,25246.0,ha,Actual,PL4
a3bada9e-0829-4aaa-a015-8d7d20823c81,2012,8,Quảng Ngãi,Provincial,Cultivation,Lúa,,Area_Planted,9496.0,ha,Actual,PL4
e3fa9bf3-e083-4b22-9133-69bb678a1a31,2012,8,Quảng Ngãi,Provincial,Cultivation,Lúa,,Area_Planted,15750.0,ha,Actual,PL4
f44dfe92-8b27-439b-8019-7ac91d68fe00,2012,8,Bình Định,Provincial,Cultivation,Lúa,,Area_Planted,25000.0,ha,Actual,PL4
0297f37c-d5c0-4e07-b875-301b114937a2,2012,8,Bình Định,Provincial,Cultivation,Lúa,,Area_Planted,58.2,ha,Actual,PL4
deb97621-c9b6-4146-be7b-69347aec5d2b,2012,8,Bình Định,Provincial,Cultivation,Lúa,,Area_Planted,59.6,ha,Actual,PL4
4beb9b6e-5e9f-4347-8a8d-070e53877b92,2012,8,Bình Định,Provincial,Cultivation,Lúa,,Area_Planted,20851.0,ha,Actual,PL4
efca23fb-7f71-40ee-9cfa-b1406730619e,2012,8,Bình Định,Provincial,Cultivation,Lúa,,Area_Planted,5383.0,ha,Actual,PL4
62051468-d973-4385-9453-4c63591d9912,2012,8,Bình Định,Provincial,Cultivation,Lúa,,Area_Planted,5383.0,ha,Actual,PL4
62c91b3c-8628-4e0e-8e9f-4e54dc4b46c0,2012,8,Phú Yên,Provincial,Cultivation,Lúa,,Area_Planted,1500.0,ha,Actual,PL4
14e7b760-a5bb-4bba-b0a7-6c95a5d4f5ef,2012,8,Phú Yên,Provincial,Cultivation,Lúa,,Area_Planted,6.1,ha,Actual,PL4
2626f362-bfec-4d41-8599-7dcb85ed0856,2012,8,Phú Yên,Provincial,Cultivation,Lúa,,Area_Planted,52.0,ha,Actual,PL4
9e10f1e3-172f-485c-a7e9-e8bddc471fd1,2012,8,Phú Yên,Provincial,Cultivation,Lúa,,Area_Planted,2530.0,ha,Actual,PL4
3da934d1-39d5-479d-a122-c499d1b3578e,2012,8,Phú Yên,Provincial,Cultivation,Lúa,,Area_Planted,24985.0,ha,Actual,PL4
1ead206e-8b6d-4e2c-89a8-70749cf45917,2012,8,Phú Yên,Provincial,Cultivation,Lúa,,Area_Planted,7222.0,ha,Actual,PL4
af98736b-a7ba-48c1-a1c7-22b416f1dd9f,2012,8,Phú Yên,Provincial,Cultivation,Lúa,,Area_Planted,223.0,ha,Actual,PL4
e52f1332-bb4b-406c-87d0-5bd7823fb12a,2012,8,Phú Yên,Provincial,Cultivation,Lúa,,Area_Planted,17241.0,ha,Actual,PL4
5e9be661-cc94-4d3f-ba2c-dcdf51928fb6,2012,8,Phú Yên,Provincial,Cultivation,Lúa,,Area_Planted,299.0,ha,Actual,PL4
87967e4b-f973-4a6e-8ef7-391a9913b36a,2012,8,Khánh Hoà,Provincial,Cultivation,Lúa,,Area_Planted,2400.0,ha,Actual,PL4
e4f50b6d-7b0c-4733-a74c-f29a19bdeb18,2012,8,Khánh Hoà,Provincial,Cultivation,Lúa,,Area_Planted,12.6,ha,Actual,PL4
bcff6be1-c1c2-4895-8077-f38835853403,2012,8,Khánh Hoà,Provincial,Cultivation,Lúa,,Area_Planted,934.0,ha,Actual,PL4
0b8b045d-f0ec-49b0-9521-d4a85fa90300,2012,8,Khánh Hoà,Provincial,Cultivation,Lúa,,Area_Planted,11852.0,ha,Actual,PL4
3b42cb64-c9e3-4b4f-aa67-9291bc8eb3c4,2012,8,Khánh Hoà,Provincial,Cultivation,Lúa,,Area_Planted,5387.0,ha,Actual,PL4
c7288778-5a56-427f-ba99-5d2f6210d1ab,2012,8,Khánh Hoà,Provincial,Cultivation,Lúa,,Area_Planted,171.0,ha,Actual,PL4
8ec17abf-c340-4647-93b0-af38660961a5,2012,8,Khánh Hoà,Provincial,Cultivation,Lúa,,Area_Planted,6133.0,ha,Actual,PL4
0dc869e7-e37c-42d0-ba8a-b070b9a24538,2012,8,Khánh Hoà,Provincial,Cultivation,Lúa,,Area_Planted,161.0,ha,Actual,PL4
0fdc87fd-5a41-42e2-b7a2-7292cfd70599,2012,8,Ninh Thuận,Provincial,Cultivation,Lúa,,Area_Planted,2440.0,ha,Actual,PL4
9c57c210-2510-48ba-adff-c036a4950e5d,2012,8,Ninh Thuận,Provincial,Cultivation,Lúa,,Area_Planted,16.8,ha,Actual,PL4
a9f6bf78-51a2-4387-b623-e9854cf69d37,2012,8,Ninh Thuận,Provincial,Cultivation,Lúa,,Area_Planted,65.0,ha,Actual,PL4
10d1c6b8-dd63-4a17-8255-15d55278b91f,2012,8,Ninh Thuận,Provincial,Cultivation,Lúa,,Area_Planted,520.0,ha,Actual,PL4
b5184ca5-b467-4431-9a9c-d820f2a89de7,2012,8,Ninh Thuận,Provincial,Cultivation,Lúa,,Area_Planted,11110.0,ha,Actual,PL4
9addf745-0793-480b-b9fe-8a13fc8d6061,2012,8,Ninh Thuận,Provincial,Cultivation,Lúa,,Area_Planted,7994.0,ha,Actual,PL4
22c4f4d4-f990-44f0-82c2-eff5d0dd2adb,2012,8,Ninh Thuận,Provincial,Cultivation,Lúa,,Area_Planted,101.0,ha,Actual,PL4
74719184-6249-49ac-bb8b-7453b6351bec,2012,8,Ninh Thuận,Provincial,Cultivation,Lúa,,Area_Planted,3015.0,ha,Actual,PL4
7e129f43-ac91-4d60-be78-cbc89bcd4879,2012,8,Bình Thuận,Provincial,Cultivation,Lúa,,Area_Planted,23592.0,ha,Actual,PL4
30f637da-3380-4f8d-9648-852f2572c8a1,2012,8,Bình Thuận,Provincial,Cultivation,Lúa,,Area_Planted,58.7,ha,Actual,PL4
4678dd8f-1e4a-402b-9034-eee87638d322,2012,8,Bình Thuận,Provincial,Cultivation,Lúa,,Area_Planted,50.0,ha,Actual,PL4
ec01a9f2-6273-4324-a788-c0f493a16f59,2012,8,Bình Thuận,Provincial,Cultivation,Lúa,,Area_Planted,44263.0,ha,Actual,PL4
bde3cabb-72b4-471b-abcf-fc0ed4297cba,2012,8,Bình Thuận,Provincial,Cultivation,Lúa,,Area_Planted,15293.0,ha,Actual,PL4
d4e60f41-e12e-4fbb-b446-f826abe7aaaf,2012,8,Bình Thuận,Provincial,Cultivation,Lúa,,Area_Planted,298.0,ha,Actual,PL4
58108b5c-349b-439d-b0a4-99a0f75292ae,2012,8,Bình Thuận,Provincial,Cultivation,Lúa,,Area_Planted,28672.0,ha,Actual,PL4
89bf54aa-6791-4cc0-b5d2-55dabe0780d1,2012,8,Tây Nguyên,Provincial,Cultivation,Lúa,,Area_Planted,132781.0,ha,Actual,PL4
f84da479-379e-4801-b4d9-834c2b5b6bf2,2012,8,Tây Nguyên,Provincial,Cultivation,Lúa,,Area_Planted,297010.0,ha,Actual,PL4
235616c8-5f4a-4dcc-82be-73fad19317eb,2012,8,Tây Nguyên,Provincial,Cultivation,Lúa,,Area_Planted,153293.0,ha,Actual,PL4
8d7dbfe0-83f9-451d-830c-23be16003566,2012,8,Tây Nguyên,Provincial,Cultivation,Lúa,,Area_Planted,8838.0,ha,Actual,PL4
276627d5-e92e-4f5e-a8a3-23fbba8496e6,2012,8,Tây Nguyên,Provincial,Cultivation,Lúa,,Area_Planted,134680.0,ha,Actual,PL4
01cda27d-7495-406e-8805-dd13a04f7b6d,2012,8,Tây Nguyên,Provincial,Cultivation,Lúa,,Area_Planted,199.0,ha,Actual,PL4
ce099332-f815-43d1-af12-86c8468b9607,2012,8,Kon Tum,Provincial,Cultivation,Lúa,,Area_Planted,16564.0,ha,Actual,PL4
37dfc227-c0fa-40bc-973c-87a5576e8796,2012,8,Kon Tum,Provincial,Cultivation,Lúa,,Area_Planted,41148.0,ha,Actual,PL4
a6468af9-78ee-417e-a707-11a011826c62,2012,8,Kon Tum,Provincial,Cultivation,Lúa,,Area_Planted,6578.0,ha,Actual,PL4
e66bec00-5553-4a20-8bd6-3f1380b8d928,2012,8,Kon Tum,Provincial,Cultivation,Lúa,,Area_Planted,59.0,ha,Actual,PL4
73219385-d806-4e91-b031-000fa1b7d5c2,2012,8,Kon Tum,Provincial,Cultivation,Lúa,,Area_Planted,34511.0,ha,Actual,PL4
7f1b0641-64d8-4577-bff9-5bc52b9d8f0c,2012,8,Gia Lai,Provincial,Cultivation,Lúa,,Area_Planted,46060.0,ha,Actual,PL4
29cc8511-dc75-4f0c-9521-e822f893ecf2,2012,8,Gia Lai,Provincial,Cultivation,Lúa,,Area_Planted,92149.0,ha,Actual,PL4
03876f3c-0810-4c3e-90cc-34d0cdd5416d,2012,8,Gia Lai,Provincial,Cultivation,Lúa,,Area_Planted,40028.0,ha,Actual,PL4
a0987779-4269-4435-8ca5-47566f5efa8d,2012,8,Gia Lai,Provincial,Cultivation,Lúa,,Area_Planted,977.0,ha,Actual,PL4
f3e292d7-b2e5-4fa0-9ee3-771dfdf54f71,2012,8,Gia Lai,Provincial,Cultivation,Lúa,,Area_Planted,51144.0,ha,Actual,PL4
7be3e2f2-4b30-414a-b8cd-17188b1bf2a5,2012,8,Đắc Lắc,Provincial,Cultivation,Lúa,,Area_Planted,50953.0,ha,Actual,PL4
203ff4ab-4312-4637-92d1-5865fa4fb75d,2012,8,Đắc Lắc,Provincial,Cultivation,Lúa,,Area_Planted,115991.0,ha,Actual,PL4
3ded5a11-f00d-487f-9baa-6e80987df9a9,2012,8,Đắc Lắc,Provincial,Cultivation,Lúa,,Area_Planted,89369.0,ha,Actual,PL4
eab6d165-8872-484d-8aa1-3e35d5598ab9,2012,8,Đắc Lắc,Provincial,Cultivation,Lúa,,Area_Planted,1989.0,ha,Actual,PL4
95dca625-d587-496a-a3b5-cc22baffa9f7,2012,8,Đắc Lắc,Provincial,Cultivation,Lúa,,Area_Planted,24434.0,ha,Actual,PL4
15013ea1-d745-4656-942e-4c3509f08ce2,2012,8,Đắc Lắc,Provincial,Cultivation,Lúa,,Area_Planted,199.0,ha,Actual,PL4
4b64fcff-9082-44de-bfc4-93d06ff66b0c,2012,8,Đắc Nông,Provincial,Cultivation,Lúa,,Area_Planted,7490.0,ha,Actual,PL4
8b6753f6-9fab-4c67-ba5d-d1d03e6d890b,2012,8,Đắc Nông,Provincial,Cultivation,Lúa,,Area_Planted,29919.0,ha,Actual,PL4
a42ace0c-bf10-4ae4-a280-c8884d675f28,2012,8,Đắc Nông,Provincial,Cultivation,Lúa,,Area_Planted,2827.0,ha,Actual,PL4
f5960412-ff8e-4704-92ed-02910f597f24,2012,8,Đắc Nông,Provincial,Cultivation,Lúa,,Area_Planted,4394.0,ha,Actual,PL4
125eb3b5-9b34-4348-b744-cd505cb08bd2,2012,8,Đắc Nông,Provincial,Cultivation,Lúa,,Area_Planted,22698.0,ha,Actual,PL4
dbed25c7-ba01-40e2-82fe-012c0a96e2cb,2012,8,Lâm Đồng,Provincial,Cultivation,Lúa,,Area_Planted,11714.0,ha,Actual,PL4
dcacc059-80c1-4582-8b45-36d1fcc956a7,2012,8,Lâm Đồng,Provincial,Cultivation,Lúa,,Area_Planted,17803.0,ha,Actual,PL4
2e7a2f3b-297c-4ccd-aaa9-0bc62d62f162,2012,8,Lâm Đồng,Provincial,Cultivation,Lúa,,Area_Planted,14491.0,ha,Actual,PL4
4f95d980-2c60-4590-bf80-9225403a8147,2012,8,Lâm Đồng,Provincial,Cultivation,Lúa,,Area_Planted,1419.0,ha,Actual,PL4
95448af7-f16b-44d0-9d91-117bd2de7eff,2012,8,Lâm Đồng,Provincial,Cultivation,Lúa,,Area_Planted,1893.0,ha,Actual,PL4
4f525f72-2357-4420-84de-65c1e8925875,2012,8,Đông Nam Bộ,Provincial,Cultivation,Lúa,,Area_Planted,33418.0,ha,Actual,PL4
9678eff5-5ce3-47d9-84eb-3fac238304c3,2012,8,Đông Nam Bộ,Provincial,Cultivation,Lúa,,Area_Planted,36.0,ha,Actual,PL4
7985f566-0f5c-455d-be85-8a622e65cedd,2012,8,Đông Nam Bộ,Provincial,Cultivation,Lúa,,Area_Planted,44.4,ha,Actual,PL4
e18bd5a2-0ed8-4af2-9352-53330bbba37d,2012,8,Đông Nam Bộ,Provincial,Cultivation,Lúa,,Area_Planted,23515.0,ha,Actual,PL4
090340d2-cf90-4fb4-9e78-0dc24496dbb1,2012,8,Đông Nam Bộ,Provincial,Cultivation,Lúa,,Area_Planted,124835.0,ha,Actual,PL4
6970b7bc-fd43-42e7-8ddc-8f312d2f67b4,2012,8,Đông Nam Bộ,Provincial,Cultivation,Lúa,,Area_Planted,42150.0,ha,Actual,PL4
48247be6-41fa-4b8f-a26c-3199f308ac5a,2012,8,Đông Nam Bộ,Provincial,Cultivation,Lúa,,Area_Planted,2480.0,ha,Actual,PL4
4f27ad73-634a-488e-aa92-ccff4b3a0138,2012,8,Đông Nam Bộ,Provincial,Cultivation,Lúa,,Area_Planted,78586.0,ha,Actual,PL4
6a8bcb04-555e-432a-91f7-8708b99fe5f9,2012,8,Đông Nam Bộ,Provincial,Cultivation,Lúa,,Area_Planted,1619.0,ha,Actual,PL4
b6a6dfce-b81a-455d-be19-569a26454cd5,2012,8,Bình Phước,Provincial,Cultivation,Lúa,,Area_Planted,10967.0,ha,Actual,PL4
961e75c8-05f0-4144-8fce-aed836cb6302,2012,8,Bình Phước,Provincial,Cultivation,Lúa,,Area_Planted,27483.0,ha,Actual,PL4
412f8d9d-d3ec-4b93-81b6-5bc39e5648d4,2012,8,Bình Phước,Provincial,Cultivation,Lúa,,Area_Planted,5773.0,ha,Actual,PL4
a5b6e571-499a-46af-b41b-a9c8e624760c,2012,8,Bình Phước,Provincial,Cultivation,Lúa,,Area_Planted,2182.0,ha,Actual,PL4
3ccd7f39-c4ed-4614-a0e5-b451f8a20a33,2012,8,Bình Phước,Provincial,Cultivation,Lúa,,Area_Planted,18703.0,ha,Actual,PL4
e437864c-c94a-41b2-be9c-2c44210fbb2c,2012,8,Bình Phước,Provincial,Cultivation,Lúa,,Area_Planted,825.0,ha,Actual,PL4
ea75e424-a912-4ffc-9433-5fabba95fe62,2012,8,Tây Ninh,Provincial,Cultivation,Lúa,,Area_Planted,27389.0,ha,Actual,PL4
2a09c5f3-fac1-4d30-99ea-b9c9a09b4116,2012,8,Tây Ninh,Provincial,Cultivation,Lúa,,Area_Planted,52.3,ha,Actual,PL4
10680665-a1a0-4a23-9caf-068829d760e2,2012,8,Tây Ninh,Provincial,Cultivation,Lúa,,Area_Planted,44.8,ha,Actual,PL4
520b418a-7da9-4f77-8c99-0e0d6346038e,2012,8,Tây Ninh,Provincial,Cultivation,Lúa,,Area_Planted,8600.0,ha,Actual,PL4
3863f19c-3d6a-4b25-a475-acd7462c0362,2012,8,Tây Ninh,Provincial,Cultivation,Lúa,,Area_Planted,38475.0,ha,Actual,PL4
b1fa4801-41cc-4ab3-9306-1d8def857aed,2012,8,Tây Ninh,Provincial,Cultivation,Lúa,,Area_Planted,1134.0,ha,Actual,PL4
1b977fd2-504c-4f5c-b7f3-54ac8fddbcd1,2012,8,Tây Ninh,Provincial,Cultivation,Lúa,,Area_Planted,110.0,ha,Actual,PL4
5d3667bd-424f-4b3a-b181-2e026843d61a,2012,8,Tây Ninh,Provincial,Cultivation,Lúa,,Area_Planted,36724.0,ha,Actual,PL4
d47dbec0-9294-43da-80e6-72e92bb0afc9,2012,8,Tây Ninh,Provincial,Cultivation,Lúa,,Area_Planted,507.0,ha,Actual,PL4
c26b31c3-cb5c-4d02-883b-4a5f8f00c348,2012,8,Bình Dương,Provincial,Cultivation,Lúa,,Area_Planted,3867.0,ha,Actual,PL4
72bc2cbe-6931-4fa0-a815-1805690f270d,2012,8,Bình Dương,Provincial,Cultivation,Lúa,,Area_Planted,230.0,ha,Actual,PL4
4d01b8d8-1c09-43d0-b484-7f68971fccfb,2012,8,Bình Dương,Provincial,Cultivation,Lúa,,Area_Planted,3636.0,ha,Actual,PL4
5c5006f4-3232-4cb1-b9cd-098963810ff3,2012,8,Đồng Nai,Provincial,Cultivation,Lúa,,Area_Planted,34957.0,ha,Actual,PL4
246815e0-e6e7-4fe6-8bde-9758bcef4804,2012,8,Đồng Nai,Provincial,Cultivation,Lúa,,Area_Planted,22800.0,ha,Actual,PL4
6325dfc0-9f81-4de4-becf-60bcce13790a,2012,8,Đồng Nai,Provincial,Cultivation,Lúa,,Area_Planted,96.0,ha,Actual,PL4
12cda187-0aed-4e0e-9a58-ff2205c905c7,2012,8,Đồng Nai,Provincial,Cultivation,Lúa,,Area_Planted,11844.0,ha,Actual,PL4
5576473c-0f52-4b0b-b556-b18eef74fb43,2012,8,Đồng Nai,Provincial,Cultivation,Lúa,,Area_Planted,217.0,ha,Actual,PL4
e0a782ac-1bf7-456a-a34b-c405735d83d4,2012,8,Bà Rịa-V.Tàu,Provincial,Cultivation,Lúa,,Area_Planted,4629.0,ha,Actual,PL4
a3cc7b45-5404-4ff7-82e2-c55aea984be5,2012,8,Bà Rịa-V.Tàu,Provincial,Cultivation,Lúa,,Area_Planted,59.4,ha,Actual,PL4
7fcf3da0-e432-4e31-a3bb-2bf7c8506e93,2012,8,Bà Rịa-V.Tàu,Provincial,Cultivation,Lúa,,Area_Planted,41.1,ha,Actual,PL4
641ac883-0806-40f4-9dfc-3e466ef1f080,2012,8,Bà Rịa-V.Tàu,Provincial,Cultivation,Lúa,,Area_Planted,3085.0,ha,Actual,PL4
61cc2e6d-30ca-49c5-99e8-bbc1565486fb,2012,8,Bà Rịa-V.Tàu,Provincial,Cultivation,Lúa,,Area_Planted,20053.0,ha,Actual,PL4
5bc3be8b-a1b0-412a-8a6f-8788d6f8eb6d,2012,8,Bà Rịa-V.Tàu,Provincial,Cultivation,Lúa,,Area_Planted,12212.0,ha,Actual,PL4
643f4ab1-844d-4d17-a4a6-a22aee70bbfc,2012,8,Bà Rịa-V.Tàu,Provincial,Cultivation,Lúa,,Area_Planted,92.0,ha,Actual,PL4
b8b6160c-1c27-481f-aaaa-fd1ca792aace,2012,8,Bà Rịa-V.Tàu,Provincial,Cultivation,Lúa,,Area_Planted,7679.0,ha,Actual,PL4
9e16d501-2da6-449a-af78-8c73f9d13b35,2012,8,Bà Rịa-V.Tàu,Provincial,Cultivation,Lúa,,Area_Planted,70.0,ha,Actual,PL4
9c104681-73c3-43ea-9403-158f52ef296f,2012,8,TP Hồ Chí Minh,Provincial,Cultivation,Lúa,,Area_Planted,1400.0,ha,Actual,PL4
dc0cfb36-89c5-4497-ae19-25f881c47dd8,2012,8,TP Hồ Chí Minh,Provincial,Cultivation,Lúa,,Area_Planted,25.8,ha,Actual,PL4
ab302b75-79d0-416f-a835-0dfc60803d0e,2012,8,TP Hồ Chí Minh,Provincial,Cultivation,Lúa,,Area_Planted,47.0,ha,Actual,PL4
eef7949a-642d-434c-b3a6-358d2e94f74b,2012,8,TP Hồ Chí Minh,Provincial,Cultivation,Lúa,,Area_Planted,863.0,ha,Actual,PL4
cd143a3e-9e68-4b28-b0cb-a44d9e9d26eb,2012,8,ĐBS Cửu Long,Provincial,Cultivation,Lúa,,Area_Planted,1245402.0,ha,Actual,PL4
8a97eec5-36db-4c7e-9144-a6d0972fcfa9,2012,8,ĐBS Cửu Long,Provincial,Cultivation,Lúa,,Area_Planted,74.0,ha,Actual,PL4
3fbb3c2a-6355-46e0-8a41-765d4b40c5ad,2012,8,ĐBS Cửu Long,Provincial,Cultivation,Lúa,,Area_Planted,54.6,ha,Actual,PL4
81329e59-dfdb-4892-b545-9a7dc22b43a6,2012,8,ĐBS Cửu Long,Provincial,Cultivation,Lúa,,Area_Planted,20343.0,ha,Actual,PL4
c1173b07-9f40-4ef7-a47c-5c091d0d6746,2012,8,ĐBS Cửu Long,Provincial,Cultivation,Lúa,,Area_Planted,65393.0,ha,Actual,PL4
c0ee5b97-729b-46f8-9419-186508e9df53,2012,8,ĐBS Cửu Long,Provincial,Cultivation,Lúa,,Area_Planted,34073.0,ha,Actual,PL4
f116e337-0040-4b0f-b141-6558f0d2613d,2012,8,ĐBS Cửu Long,Provincial,Cultivation,Lúa,,Area_Planted,18128.0,ha,Actual,PL4
75700bae-3e7e-424e-97ec-e02b33697801,2012,8,ĐBS Cửu Long,Provincial,Cultivation,Lúa,,Area_Planted,4684.0,ha,Actual,PL4
7c7ae9e1-0517-473d-8a7f-fcac2392b77b,2012,8,ĐBS Cửu Long,Provincial,Cultivation,Lúa,,Area_Planted,8507.0,ha,Actual,PL4
78ac125f-d933-4850-b625-4caaf0c1801c,2012,8,Long An,Provincial,Cultivation,Lúa,,Area_Planted,148359.0,ha,Actual,PL4
55f84c0b-61fe-49cd-a14d-b5e6ac62610a,2012,8,Long An,Provincial,Cultivation,Lúa,,Area_Planted,65.5,ha,Actual,PL4
86962c35-ed79-4a9c-b583-0e8da438a5ce,2012,8,Long An,Provincial,Cultivation,Lúa,,Area_Planted,44.1,ha,Actual,PL4
2037ee65-c28c-4aa3-9259-5d387f9151b1,2012,8,Long An,Provincial,Cultivation,Lúa,,Area_Planted,8315.0,ha,Actual,PL4
23ab583e-fe20-4cc8-ad5f-7ecfa0a0b0bd,2012,8,Long An,Provincial,Cultivation,Lúa,,Area_Planted,3954.0,ha,Actual,PL4
052e0a03-bbf8-4c52-9a0e-f7db6247bb99,2012,8,Long An,Provincial,Cultivation,Lúa,,Area_Planted,138.0,ha,Actual,PL4
e2dfafbc-3cab-47ea-8ab6-2bab18194f0c,2012,8,Long An,Provincial,Cultivation,Lúa,,Area_Planted,769.0,ha,Actual,PL4
2bb81707-75de-4e06-b0e4-b5ea165bc703,2012,8,Long An,Provincial,Cultivation,Lúa,,Area_Planted,3454.0,ha,Actual,PL4
869a3859-7444-460d-8f00-ee47e94f227f,2012,8,Tiền Giang,Provincial,Cultivation,Lúa,,Area_Planted,76248.0,ha,Actual,PL4
8f55e50b-5ff7-4bf0-8fb0-00eb2895136a,2012,8,Tiền Giang,Provincial,Cultivation,Lúa,,Area_Planted,62.9,ha,Actual,PL4
4c584eb2-5963-4a2a-bf24-39957268411e,2012,8,Tiền Giang,Provincial,Cultivation,Lúa,,Area_Planted,51.6,ha,Actual,PL4
732517f9-93e7-4647-bdb9-551dfb125bd0,2012,8,Tiền Giang,Provincial,Cultivation,Lúa,,Area_Planted,51.6,ha,Actual,PL4
fbf39c86-18ba-47f1-b30d-c39cea40d4cf,2012,8,Tiền Giang,Provincial,Cultivation,Lúa,,Area_Planted,5538.0,ha,Actual,PL4
397e4c59-f252-44b5-8d7c-6c2f3323f585,2012,8,Tiền Giang,Provincial,Cultivation,Lúa,,Area_Planted,3986.0,ha,Actual,PL4
9ebbdef9-8446-414d-b5cf-8a8e491a40d8,2012,8,Tiền Giang,Provincial,Cultivation,Lúa,,Area_Planted,279.0,ha,Actual,PL4
6486ae6a-65c6-4bed-8b13-f2ed32d0b89b,2012,8,Tiền Giang,Provincial,Cultivation,Lúa,,Area_Planted,197.0,ha,Actual,PL4
d8f16d34-7efd-4985-92a4-376aaee62af9,2012,8,Tiền Giang,Provincial,Cultivation,Lúa,,Area_Planted,1076.0,ha,Actual,PL4
4f211523-a314-4c8f-bd79-4601c19c2ec3,2012,8,Bến Tre,Provincial,Cultivation,Lúa,,Area_Planted,515.0,ha,Actual,PL4
425ee58d-4382-499b-a56c-6792a80225bf,2012,8,Bến Tre,Provincial,Cultivation,Lúa,,Area_Planted,2.3,ha,Actual,PL4
7820db1d-8f4c-4d13-82e9-46473cbdd2c4,2012,8,Bến Tre,Provincial,Cultivation,Lúa,,Area_Planted,40.0,ha,Actual,PL4
6d378ee2-1525-4235-aa9b-2645dc6a8ac4,2012,8,Bến Tre,Provincial,Cultivation,Lúa,,Area_Planted,40.0,ha,Actual,PL4
108ede6a-8b75-412d-988f-176f6c03b8dd,2012,8,Bến Tre,Provincial,Cultivation,Lúa,,Area_Planted,674.0,ha,Actual,PL4
d91f68a1-4012-46b2-8e81-e1aedead5c38,2012,8,Bến Tre,Provincial,Cultivation,Lúa,,Area_Planted,496.0,ha,Actual,PL4
43b6ba7f-1244-453d-85cd-626b5170eb07,2012,8,Bến Tre,Provincial,Cultivation,Lúa,,Area_Planted,99.0,ha,Actual,PL4
9d52edda-0342-4fa0-b3b1-be7696184334,2012,8,Bến Tre,Provincial,Cultivation,Lúa,,Area_Planted,79.0,ha,Actual,PL4
6f72d59b-57ab-43a3-8167-6cbf04b3d546,2012,8,Trà Vinh,Provincial,Cultivation,Lúa,,Area_Planted,42416.0,ha,Actual,PL4
c40e0fe2-29a2-4d58-bb20-405343ee01e3,2012,8,Trà Vinh,Provincial,Cultivation,Lúa,,Area_Planted,52.9,ha,Actual,PL4
1021254a-3d7a-4ce2-af81-154a6de88440,2012,8,Trà Vinh,Provincial,Cultivation,Lúa,,Area_Planted,55.2,ha,Actual,PL4
63f07650-7fc6-449d-afde-bd95a9d6062b,2012,8,Trà Vinh,Provincial,Cultivation,Lúa,,Area_Planted,55.2,ha,Actual,PL4
88914331-9369-46c0-8a11-a4f5e0678f30,2012,8,Trà Vinh,Provincial,Cultivation,Lúa,,Area_Planted,6540.0,ha,Actual,PL4
85f0708b-20e2-4c04-97a2-ede7bc5850a8,2012,8,Trà Vinh,Provincial,Cultivation,Lúa,,Area_Planted,4072.0,ha,Actual,PL4
af8d295c-09a3-4de8-acf5-bc12cfd03285,2012,8,Trà Vinh,Provincial,Cultivation,Lúa,,Area_Planted,1224.0,ha,Actual,PL4
8ea3bcb9-d605-4d97-9d7c-86960f4b170c,2012,8,Trà Vinh,Provincial,Cultivation,Lúa,,Area_Planted,734.0,ha,Actual,PL4
6e85ad5b-9be4-434b-b85d-034f963be39d,2012,8,Trà Vinh,Provincial,Cultivation,Lúa,,Area_Planted,510.0,ha,Actual,PL4
20da1d9b-7fe5-4ca9-afa4-d9c31368fb25,2012,8,Vĩnh Long,Provincial,Cultivation,Lúa,,Area_Planted,60282.0,ha,Actual,PL4
8d1271cd-5093-4d7b-9552-89ce4d023008,2012,8,Vĩnh Long,Provincial,Cultivation,Lúa,,Area_Planted,100.0,ha,Actual,PL4
bf82fc59-d1a4-420c-8096-443da304394e,2012,8,Vĩnh Long,Provincial,Cultivation,Lúa,,Area_Planted,59.5,ha,Actual,PL4
7479d374-5f2d-4db6-8f43-47f085f53272,2012,8,Vĩnh Long,Provincial,Cultivation,Lúa,,Area_Planted,59.5,ha,Actual,PL4
d7d8537c-33f1-44ab-9e69-02df62e40475,2012,8,Vĩnh Long,Provincial,Cultivation,Lúa,,Area_Planted,11569.0,ha,Actual,PL4
562da1b1-ffc8-42f2-8efa-1f5051b1b41d,2012,8,Vĩnh Long,Provincial,Cultivation,Lúa,,Area_Planted,1577.0,ha,Actual,PL4
02e7373b-a851-4d96-a71c-3a7e2e19747c,2012,8,Vĩnh Long,Provincial,Cultivation,Lúa,,Area_Planted,9643.0,ha,Actual,PL4
b745032e-bde2-401c-b5d1-3a7d6a14888a,2012,8,Vĩnh Long,Provincial,Cultivation,Lúa,,Area_Planted,109.0,ha,Actual,PL4
d7698eaa-10ba-4a57-bb48-32a57319af36,2012,8,Vĩnh Long,Provincial,Cultivation,Lúa,,Area_Planted,241.0,ha,Actual,PL4
26bb9c4e-8785-4b1c-b429-c0b5cf3fe775,2012,8,Đồng Tháp,Provincial,Cultivation,Lúa,,Area_Planted,196326.0,ha,Actual,PL4
6f99328c-0c63-4dbd-bee0-83c604d43e4d,2012,8,Đồng Tháp,Provincial,Cultivation,Lúa,,Area_Planted,98.7,ha,Actual,PL4
0dd25a4f-aebe-407a-a1f5-1f2c85d40abc,2012,8,Đồng Tháp,Provincial,Cultivation,Lúa,,Area_Planted,55.7,ha,Actual,PL4
52792abb-2b34-4b4a-94ea-855ca123446c,2012,8,Đồng Tháp,Provincial,Cultivation,Lúa,,Area_Planted,55.7,ha,Actual,PL4
57e60a51-56c0-48bb-bb8a-d34bccf26f3d,2012,8,Đồng Tháp,Provincial,Cultivation,Lúa,,Area_Planted,8194.0,ha,Actual,PL4
932d7ea1-e336-43a5-a8c9-ad025a4556c3,2012,8,Đồng Tháp,Provincial,Cultivation,Lúa,,Area_Planted,4724.0,ha,Actual,PL4
92554a38-6bc5-4d21-8a85-a4eb042f54ed,2012,8,Đồng Tháp,Provincial,Cultivation,Lúa,,Area_Planted,2419.0,ha,Actual,PL4
f7082f61-8c04-4538-a13f-5ac620a5e600,2012,8,Đồng Tháp,Provincial,Cultivation,Lúa,,Area_Planted,1051.0,ha,Actual,PL4
2cf16d39-c818-459b-a086-63b62e932258,2012,8,An Giang,Provincial,Cultivation,Lúa,,Area_Planted,215437.0,ha,Actual,PL4
18d5e537-921d-4905-b49a-33080f8f99ee,2012,8,An Giang,Provincial,Cultivation,Lúa,,Area_Planted,92.1,ha,Actual,PL4
319b8581-da15-461c-a9d1-c9784da88de4,2012,8,An Giang,Provincial,Cultivation,Lúa,,Area_Planted,57.6,ha,Actual,PL4
5a4369aa-bb6b-4fee-b0e6-5707b88f3d89,2012,8,An Giang,Provincial,Cultivation,Lúa,,Area_Planted,57.6,ha,Actual,PL4
d78b8140-8b88-4998-affb-9491bdc41a93,2012,8,An Giang,Provincial,Cultivation,Lúa,,Area_Planted,10845.0,ha,Actual,PL4
87f99865-d40d-4e0a-9524-8eaa9dee433a,2012,8,An Giang,Provincial,Cultivation,Lúa,,Area_Planted,7789.0,ha,Actual,PL4
00baf65b-d7d7-49b2-b117-579843020323,2012,8,An Giang,Provincial,Cultivation,Lúa,,Area_Planted,660.0,ha,Actual,PL4
b0df600c-5f97-4d34-8156-837666e72342,2012,8,An Giang,Provincial,Cultivation,Lúa,,Area_Planted,1047.0,ha,Actual,PL4
3b2b6260-03a4-4b2f-80a8-19179b647235,2012,8,An Giang,Provincial,Cultivation,Lúa,,Area_Planted,1349.0,ha,Actual,PL4
435a91ac-cddb-4ed8-b814-2f4ddc92306e,2012,8,Kiên Giang,Provincial,Cultivation,Lúa,,Area_Planted,198168.0,ha,Actual,PL4
dffaf4d8-65b7-4456-86da-144eee82aa63,2012,8,Kiên Giang,Provincial,Cultivation,Lúa,,Area_Planted,68.7,ha,Actual,PL4
20871229-7f19-48ac-9757-b5ab16effac6,2012,8,Kiên Giang,Provincial,Cultivation,Lúa,,Area_Planted,52.1,ha,Actual,PL4
92a30f1f-a02a-417d-a300-82823020cd27,2012,8,Kiên Giang,Provincial,Cultivation,Lúa,,Area_Planted,52.1,ha,Actual,PL4
fd7ff744-6b4e-4f7a-9c34-b87bec6434b5,2012,8,Kiên Giang,Provincial,Cultivation,Lúa,,Area_Planted,1362.0,ha,Actual,PL4
0b312d54-28af-4f7b-b5d8-b5f1c0584a16,2012,8,Kiên Giang,Provincial,Cultivation,Lúa,,Area_Planted,952.0,ha,Actual,PL4
167e2d59-21e6-410b-bb6b-5260da75899c,2012,8,Kiên Giang,Provincial,Cultivation,Lúa,,Area_Planted,410.0,ha,Actual,PL4
be14a877-cdec-4cee-801f-3cdc242b78ec,2012,8,Cần Thơ,Provincial,Cultivation,Lúa,,Area_Planted,82135.0,ha,Actual,PL4
2b24faa5-f31a-46c3-b366-4c60889e9229,2012,8,Cần Thơ,Provincial,Cultivation,Lúa,,Area_Planted,100.0,ha,Actual,PL4
999a3a96-a2e6-4e39-a195-738746447699,2012,8,Cần Thơ,Provincial,Cultivation,Lúa,,Area_Planted,53.2,ha,Actual,PL4
8dde813c-b372-45af-a8d3-1203b0a1d2b4,2012,8,Cần Thơ,Provincial,Cultivation,Lúa,,Area_Planted,53.2,ha,Actual,PL4
35465bf0-ab88-40c5-90d2-7270150166f7,2012,8,Cần Thơ,Provincial,Cultivation,Lúa,,Area_Planted,1867.0,ha,Actual,PL4
891d7cbe-4295-41d2-a14d-e25a672ae1eb,2012,8,Cần Thơ,Provincial,Cultivation,Lúa,,Area_Planted,932.0,ha,Actual,PL4
75214df3-6b05-4d16-963d-fbbe13e31f9a,2012,8,Cần Thơ,Provincial,Cultivation,Lúa,,Area_Planted,935.0,ha,Actual,PL4
34bf343d-e4b7-4146-b4e9-9959caeb91a6,2012,8,Hậu Giang,Provincial,Cultivation,Lúa,,Area_Planted,73001.0,ha,Actual,PL4
2bb3a804-2635-41cb-9c98-255069b7a54c,2012,8,Hậu Giang,Provincial,Cultivation,Lúa,,Area_Planted,94.3,ha,Actual,PL4
6288ab10-13a8-403f-b732-f3fb478fc6ce,2012,8,Hậu Giang,Provincial,Cultivation,Lúa,,Area_Planted,55.2,ha,Actual,PL4
bac875ad-8b1b-4265-8bbe-cf6062d02baa,2012,8,Hậu Giang,Provincial,Cultivation,Lúa,,Area_Planted,55.2,ha,Actual,PL4
479108d4-7aec-464f-95e3-c86801cb2e26,2012,8,Hậu Giang,Provincial,Cultivation,Lúa,,Area_Planted,2876.0,ha,Actual,PL4
affa2e7f-3768-4488-a58c-f70552cddeae,2012,8,Hậu Giang,Provincial,Cultivation,Lúa,,Area_Planted,2655.0,ha,Actual,PL4
d05cc66d-019b-47c5-8f12-27357fb52dbb,2012,8,Hậu Giang,Provincial,Cultivation,Lúa,,Area_Planted,221.0,ha,Actual,PL4
e7bd925f-edc7-4149-8ecc-cb2fb462cbc5,2012,8,Sóc Trăng,Provincial,Cultivation,Lúa,,Area_Planted,100884.0,ha,Actual,PL4
31696ab5-c14f-47bd-af0f-9c65049bd771,2012,8,Sóc Trăng,Provincial,Cultivation,Lúa,,Area_Planted,50.3,ha,Actual,PL4
02e711d0-43cc-4cc9-9bde-9d3b788439d5,2012,8,Sóc Trăng,Provincial,Cultivation,Lúa,,Area_Planted,66.9,ha,Actual,PL4
cb7f37b6-7d50-483e-950c-8e6a287c1ef0,2012,8,Sóc Trăng,Provincial,Cultivation,Lúa,,Area_Planted,66.9,ha,Actual,PL4
29d2ccb3-e9fa-4f40-a86e-084b61bfec58,2012,8,Sóc Trăng,Provincial,Cultivation,Lúa,,Area_Planted,6894.0,ha,Actual,PL4
43a70009-c39b-4f88-8629-e07dfa9c7c27,2012,8,Sóc Trăng,Provincial,Cultivation,Lúa,,Area_Planted,3780.0,ha,Actual,PL4
ac98bbdb-9588-44d6-baeb-6f0506a4cd94,2012,8,Sóc Trăng,Provincial,Cultivation,Lúa,,Area_Planted,1559.0,ha,Actual,PL4
167ed994-6a65-4bc5-8afc-14e76c691d75,2012,8,Sóc Trăng,Provincial,Cultivation,Lúa,,Area_Planted,729.0,ha,Actual,PL4
17749506-fea9-46d5-b25f-a5e407d6c29c,2012,8,Sóc Trăng,Provincial,Cultivation,Lúa,,Area_Planted,826.0,ha,Actual,PL4
1d5d7752-8d3e-4408-b17c-62a6bbb11fb1,2012,8,Bạc Liêu,Provincial,Cultivation,Lúa,,Area_Planted,50000.0,ha,Actual,PL4
71338deb-b465-4e4e-a688-b94759172f55,2012,8,Bạc Liêu,Provincial,Cultivation,Lúa,,Area_Planted,89.6,ha,Actual,PL4
d9081735-1ad6-4329-bf9e-6181bc74fded,2012,8,Bạc Liêu,Provincial,Cultivation,Lúa,,Area_Planted,53.3,ha,Actual,PL4
af7129e5-b534-4824-9c90-7222a8883b7e,2012,8,Bạc Liêu,Provincial,Cultivation,Lúa,,Area_Planted,53.3,ha,Actual,PL4
e985bcdb-b6aa-41e0-988b-7a67bdf51a0f,2012,8,Bạc Liêu,Provincial,Cultivation,Lúa,,Area_Planted,718.0,ha,Actual,PL4
512f14cf-7c8d-4970-9b53-544ae416b96a,2012,8,Bạc Liêu,Provincial,Cultivation,Lúa,,Area_Planted,108.0,ha,Actual,PL4
9ea0af87-4903-4906-921a-1d388bffff80,2012,8,Bạc Liêu,Provincial,Cultivation,Lúa,,Area_Planted,610.0,ha,Actual,PL4
14d3acc3-7044-4bb7-bd6f-5089206f0c9f,2012,8,Cà Mau,Provincial,Cultivation,Lúa,,Area_Planted,1632.0,ha,Actual,PL4
36b789db-aaaa-4ce0-8ad6-f5e817f984cd,2012,8,Cà Mau,Provincial,Cultivation,Lúa,,Area_Planted,4.5,ha,Actual,PL4
4cc24037-06e3-4baf-81aa-61e8ac38c37a,2012,8,Cà Mau,Provincial,Cultivation,Lúa,,Area_Planted,47.2,ha,Actual,PL4
5f30f874-53d1-41ca-be47-300301377183,2012,8,Cà Mau,Provincial,Cultivation,Lúa,,Area_Planted,16184.0,ha,Actual,PL4
f922e412-3521-4421-bd01-b03fbf1f5e9e,2012,8,Miền Nam,Regional,Cultivation,Lúa,,Area_Planted,235834.0,ha,Actual,PL5
514335ed-0826-4c77-ae20-1f89351acfbe,2012,8,Miền Nam,Regional,Cultivation,Đậu,,Area_Planted,12548.0,ha,Actual,PL5
3141c37c-1c74-44e9-ab9a-295682463a88,2012,8,Miền Nam,Regional,Cultivation,Lạc,,Area_Planted,54829.0,ha,Actual,PL5
00a37b3f-66c5-4ffc-9a4f-605c5e066199,2012,8,Miền Nam,Regional,Cultivation,Lúa,,Area_Planted,27097.0,ha,Actual,PL5
68f35cae-b2cf-4ef5-ab3e-eef98ac1fcf8,2012,8,Miền Nam,Regional,Cultivation,Thuốc lá,,Area_Planted,4571.0,ha,Actual,PL5
483794a9-40ed-4efe-98e4-0ca5d089077a,2012,8,Miền Nam,Regional,Cultivation,Mía,,Area_Planted,133160.0,ha,Actual,PL5
180dc15e-6dc9-4312-9a74-aa66eb929058,2012,8,Miền Nam,Regional,Cultivation,Lúa,,Area_Planted,687.0,ha,Actual,PL5
febaab5b-7d8e-4021-b2ad-ea353c360e6f,2012,8,Miền Nam,Regional,Cultivation,Lúa,,Area_Planted,2942.0,ha,Actual,PL5
7638647f-a2d5-42ee-b876-f625bb7acc9d,2012,8,Miền Nam,Regional,Cultivation,Lúa,,Area_Planted,338043.0,ha,Actual,PL5
63f52432-5b51-40e4-a3fb-476728a79982,2012,8,Miền Nam,Regional,Cultivation,Lúa,,Area_Planted,81477.0,ha,Actual,PL5
ca645c7c-016e-47f3-a1d2-90eaccf8d5df,2012,8,D.H Nam TB,Provincial,Cultivation,Lúa,,Area_Planted,92010.0,ha,Actual,PL5
82aa886d-da8a-4784-b3d0-304129088063,2012,8,D.H Nam TB,Provincial,Cultivation,Đậu,,Area_Planted,759.0,ha,Actual,PL5
89051931-8fcc-435f-b0e8-9fd769d47b67,2012,8,D.H Nam TB,Provincial,Cultivation,Lạc,,Area_Planted,29511.0,ha,Actual,PL5
682cfbb8-3339-4382-8de4-b56890773f75,2012,8,D.H Nam TB,Provincial,Cultivation,Lúa,,Area_Planted,12276.0,ha,Actual,PL5
be1066a2-7eac-4603-b6b4-e2e38996a00a,2012,8,D.H Nam TB,Provincial,Cultivation,Thuốc lá,,Area_Planted,1288.0,ha,Actual,PL5
71541439-a712-43a3-b18b-8478a6d1777c,2012,8,D.H Nam TB,Provincial,Cultivation,Mía,,Area_Planted,47705.0,ha,Actual,PL5
c534f639-37a3-4133-898e-07f642214621,2012,8,D.H Nam TB,Provincial,Cultivation,Lúa,,Area_Planted,409.0,ha,Actual,PL5
59989721-efd7-4f43-b6a1-6cbfa357dc5b,2012,8,D.H Nam TB,Provincial,Cultivation,Lúa,,Area_Planted,62.0,ha,Actual,PL5
ee28dff8-5118-4f9e-abfc-53b7adada787,2012,8,D.H Nam TB,Provincial,Cultivation,Lúa,,Area_Planted,35078.0,ha,Actual,PL5
17ad1f3c-7ee0-4238-8bfc-6b735d9e02cf,2012,8,D.H Nam TB,Provincial,Cultivation,Lúa,,Area_Planted,20286.0,ha,Actual,PL5
9a922096-2ea4-4fb2-b02e-2c34d578097e,2012,8,TP Đà Nẵng,Provincial,Cultivation,Lúa,,Area_Planted,905.0,ha,Actual,PL5
d78c8f6a-e949-4a34-92df-57da08144a65,2012,8,TP Đà Nẵng,Provincial,Cultivation,Lạc,,Area_Planted,671.0,ha,Actual,PL5
6f9f08e9-9e25-4f6b-8c91-d0886b7bd54b,2012,8,TP Đà Nẵng,Provincial,Cultivation,Mía,,Area_Planted,234.0,ha,Actual,PL5
6e87d23c-d6a9-4e61-a5d0-9298b1ee9291,2012,8,TP Đà Nẵng,Provincial,Cultivation,Lúa,,Area_Planted,157.0,ha,Actual,PL5
5fd23b41-b0f9-49cc-a6f2-6173d25dd9db,2012,8,TP Đà Nẵng,Provincial,Cultivation,Lúa,,Area_Planted,33.0,ha,Actual,PL5
ebaf1180-1d2d-4f22-94bc-69f2c78c7828,2012,8,Quảng Nam,Provincial,Cultivation,Lúa,,Area_Planted,14612.0,ha,Actual,PL5
133e785f-a613-4c6a-9b12-8a49453b51d7,2012,8,Quảng Nam,Provincial,Cultivation,Đậu,,Area_Planted,50.0,ha,Actual,PL5
d530d508-3900-4f97-8c99-65b3e265ae78,2012,8,Quảng Nam,Provincial,Cultivation,Lạc,,Area_Planted,11546.0,ha,Actual,PL5
cf316869-78c3-403d-9477-2c71079c42f3,2012,8,Quảng Nam,Provincial,Cultivation,Lúa,,Area_Planted,2401.0,ha,Actual,PL5
23874512-836e-4098-80d2-76ad5458be75,2012,8,Quảng Nam,Provincial,Cultivation,Thuốc lá,,Area_Planted,136.0,ha,Actual,PL5
89dcd958-a18b-47c2-9d95-6c5f762c9bd2,2012,8,Quảng Nam,Provincial,Cultivation,Mía,,Area_Planted,341.0,ha,Actual,PL5
05a6bf1b-e9d4-464b-b7f3-243ce2dd2258,2012,8,Quảng Nam,Provincial,Cultivation,Lúa,,Area_Planted,119.0,ha,Actual,PL5
60642490-cf25-4287-bcbc-a740a4c81637,2012,8,Quảng Nam,Provincial,Cultivation,Lúa,,Area_Planted,19.0,ha,Actual,PL5
d9c99ac9-121e-4d8e-a502-8520446b0003,2012,8,Quảng Nam,Provincial,Cultivation,Lúa,,Area_Planted,13690.0,ha,Actual,PL5
769460b5-fac7-4e42-a20e-8af7a7afaf07,2012,8,Quảng Nam,Provincial,Cultivation,Lúa,,Area_Planted,6859.0,ha,Actual,PL5
f99bbab3-ae4a-4593-8b38-67dd013e1c42,2012,8,Quảng Ngãi,Provincial,Cultivation,Lúa,,Area_Planted,8900.0,ha,Actual,PL5
d02da8e4-b064-4d66-9606-92793d50e01e,2012,8,Quảng Ngãi,Provincial,Cultivation,Lạc,,Area_Planted,4150.0,ha,Actual,PL5
6573f7ec-341c-4d09-8847-6741ce14aede,2012,8,Quảng Ngãi,Provincial,Cultivation,Mía,,Area_Planted,4750.0,ha,Actual,PL5
c7a7e94d-4f36-4d41-ac16-d8d39a3aabd1,2012,8,Quảng Ngãi,Provincial,Cultivation,Lúa,,Area_Planted,4430.0,ha,Actual,PL5
75e249f7-ca45-4d8e-bd06-c54f597a9a8e,2012,8,Quảng Ngãi,Provincial,Cultivation,Lúa,,Area_Planted,1456.0,ha,Actual,PL5
9a7060c8-a9b3-430e-8743-da60c9b2285a,2012,8,Bình Định,Provincial,Cultivation,Lúa,,Area_Planted,10550.0,ha,Actual,PL5
68226ca5-048b-4b0d-bde9-b9099977684b,2012,8,Bình Định,Provincial,Cultivation,Đậu,,Area_Planted,420.0,ha,Actual,PL5
323efac5-11ea-4aa9-a9db-2eb10fd75e70,2012,8,Bình Định,Provincial,Cultivation,Lạc,,Area_Planted,8355.0,ha,Actual,PL5
25fec671-9e0b-4b23-add0-5d517d01113b,2012,8,Bình Định,Provincial,Cultivation,Lúa,,Area_Planted,1775.0,ha,Actual,PL5
3208e314-f7d4-4507-bdc2-3e09d26e9af9,2012,8,Bình Định,Provincial,Cultivation,Lúa,,Area_Planted,4423.0,ha,Actual,PL5
fa1b3606-624e-4c85-991e-a03f64535693,2012,8,Bình Định,Provincial,Cultivation,Lúa,,Area_Planted,809.0,ha,Actual,PL5
0c517957-36a6-4192-a721-c8a9fb5fd6d3,2012,8,Phú Yên,Provincial,Cultivation,Lúa,,Area_Planted,26799.0,ha,Actual,PL5
53fed5c8-39b9-4560-b1be-66e0ac47a7a4,2012,8,Phú Yên,Provincial,Cultivation,Đậu,,Area_Planted,271.0,ha,Actual,PL5
f927e3c4-ca6f-4f2c-9552-c33f220ee3e5,2012,8,Phú Yên,Provincial,Cultivation,Lạc,,Area_Planted,847.0,ha,Actual,PL5
d35fd2c0-da79-4c4d-9f5f-eaeddc62daa7,2012,8,Phú Yên,Provincial,Cultivation,Lúa,,Area_Planted,2604.0,ha,Actual,PL5
9fb33a7b-2056-4f2c-96b5-3411c63c61e6,2012,8,Phú Yên,Provincial,Cultivation,Thuốc lá,,Area_Planted,371.0,ha,Actual,PL5
139520b1-c650-4180-ad96-1c8e3a66a79e,2012,8,Phú Yên,Provincial,Cultivation,Mía,,Area_Planted,22414.0,ha,Actual,PL5
2e53eb20-03f7-4770-bba4-215b7d0021cf,2012,8,Phú Yên,Provincial,Cultivation,Lúa,,Area_Planted,249.0,ha,Actual,PL5
99115648-434b-4e71-9a2c-52619a7b4d9c,2012,8,Phú Yên,Provincial,Cultivation,Lúa,,Area_Planted,43.0,ha,Actual,PL5
bb51d2f5-93bb-4372-8a9b-bd96c056478c,2012,8,Phú Yên,Provincial,Cultivation,Lúa,,Area_Planted,3766.0,ha,Actual,PL5
81a58412-53f0-4561-808f-a4bdba524fe4,2012,8,Phú Yên,Provincial,Cultivation,Lúa,,Area_Planted,3325.0,ha,Actual,PL5
78953c76-239c-49d5-b655-78c2e7bf6a5f,2012,8,Khánh Hoà,Provincial,Cultivation,Lúa,,Area_Planted,17898.0,ha,Actual,PL5
cdafcbab-d2bf-4e2a-9528-62aaa85dc804,2012,8,Khánh Hoà,Provincial,Cultivation,Đậu,,Area_Planted,18.0,ha,Actual,PL5
3f15d446-350c-4991-a4df-43b1cd1f5caa,2012,8,Khánh Hoà,Provincial,Cultivation,Lạc,,Area_Planted,257.0,ha,Actual,PL5
6f9aa15a-b394-41f0-9b1d-86f9e7d1c2b2,2012,8,Khánh Hoà,Provincial,Cultivation,Lúa,,Area_Planted,136.0,ha,Actual,PL5
22742121-748f-4487-9e42-143ede865026,2012,8,Khánh Hoà,Provincial,Cultivation,Thuốc lá,,Area_Planted,250.0,ha,Actual,PL5
ed52c126-e9ac-4c26-9fe4-0bb65e3a8532,2012,8,Khánh Hoà,Provincial,Cultivation,Mía,,Area_Planted,17237.0,ha,Actual,PL5
35f9f573-84ad-41ea-9e4b-f5e127fb034b,2012,8,Khánh Hoà,Provincial,Cultivation,Lúa,,Area_Planted,3737.0,ha,Actual,PL5
36b54764-c12e-4b37-89ef-5bdf89269c67,2012,8,Khánh Hoà,Provincial,Cultivation,Lúa,,Area_Planted,1063.0,ha,Actual,PL5
2fe52eb3-9f8c-4e74-8e96-950e6d075720,2012,8,Ninh Thuận,Provincial,Cultivation,Lúa,,Area_Planted,3919.0,ha,Actual,PL5
6748b832-f464-4a11-99ec-812fe5224ee9,2012,8,Ninh Thuận,Provincial,Cultivation,Lạc,,Area_Planted,286.0,ha,Actual,PL5
bb73d67b-8663-4bd3-b945-12e06ede1b12,2012,8,Ninh Thuận,Provincial,Cultivation,Lúa,,Area_Planted,411.0,ha,Actual,PL5
5b1e9aaa-4908-4bc0-ad3e-02687c8cf8d9,2012,8,Ninh Thuận,Provincial,Cultivation,Thuốc lá,,Area_Planted,452.0,ha,Actual,PL5
4322c6fa-f119-4c1a-899e-552c22ec8de2,2012,8,Ninh Thuận,Provincial,Cultivation,Mía,,Area_Planted,2729.0,ha,Actual,PL5
5e84ab1b-597b-460b-b5be-8d4502a1d20e,2012,8,Ninh Thuận,Provincial,Cultivation,Lúa,,Area_Planted,41.0,ha,Actual,PL5
5bf4d178-c166-4835-9601-149b1161326e,2012,8,Ninh Thuận,Provincial,Cultivation,Lúa,,Area_Planted,2317.0,ha,Actual,PL5
d459e5e7-b5a1-4d4f-8727-4aab40444dae,2012,8,Ninh Thuận,Provincial,Cultivation,Lúa,,Area_Planted,2392.0,ha,Actual,PL5
8acf5c86-96a5-40f7-9c31-038bf7fe160c,2012,8,Bình Thuận,Provincial,Cultivation,Lúa,,Area_Planted,8427.0,ha,Actual,PL5
04b818c0-9f74-4a12-a7c5-90061dd0a877,2012,8,Bình Thuận,Provincial,Cultivation,Lạc,,Area_Planted,3399.0,ha,Actual,PL5
95975c29-ce0b-4c27-a96e-1f25db64ce7b,2012,8,Bình Thuận,Provincial,Cultivation,Lúa,,Area_Planted,4949.0,ha,Actual,PL5
1dba360e-f823-485a-9915-22d46fe6e3bb,2012,8,Bình Thuận,Provincial,Cultivation,Thuốc lá,,Area_Planted,79.0,ha,Actual,PL5
5af41904-2324-4f34-9dd5-36715b7f57cd,2012,8,Bình Thuận,Provincial,Cultivation,Lúa,,Area_Planted,2558.0,ha,Actual,PL5
848f97e4-7465-4a95-a440-831f1428ca6e,2012,8,Bình Thuận,Provincial,Cultivation,Lúa,,Area_Planted,4349.0,ha,Actual,PL5
14f4e86a-d05b-467f-8e81-ffc95aeae045,2012,8,Tây Nguyên,Provincial,Cultivation,Lúa,,Area_Planted,34723.0,ha,Actual,PL5
72a387df-8a61-4081-9060-22bf520f9e9d,2012,8,Tây Nguyên,Provincial,Cultivation,Đậu,,Area_Planted,8609.0,ha,Actual,PL5
ec5680c2-0c93-4682-8520-013fc0548431,2012,8,Tây Nguyên,Provincial,Cultivation,Lạc,,Area_Planted,8685.0,ha,Actual,PL5
fbe81429-1c2c-499b-8d45-0c70b0d3e29b,2012,8,Tây Nguyên,Provincial,Cultivation,Lúa,,Area_Planted,3287.0,ha,Actual,PL5
d55ed7b4-43b3-4249-ada6-efc528ddf47a,2012,8,Tây Nguyên,Provincial,Cultivation,Thuốc lá,,Area_Planted,83.0,ha,Actual,PL5
6f19cd4e-3d32-45d9-8052-f1ba5fc1d511,2012,8,Tây Nguyên,Provincial,Cultivation,Mía,,Area_Planted,13781.0,ha,Actual,PL5
a8cebdd5-e658-41bd-9923-2ad2a07c5ad6,2012,8,Tây Nguyên,Provincial,Cultivation,Lúa,,Area_Planted,278.0,ha,Actual,PL5
437196d4-090d-4b32-97be-7395b6b6ea7f,2012,8,Tây Nguyên,Provincial,Cultivation,Lúa,,Area_Planted,43510.0,ha,Actual,PL5
9496f04f-b6ca-4378-ba6f-51aa30addf18,2012,8,Tây Nguyên,Provincial,Cultivation,Lúa,,Area_Planted,41348.0,ha,Actual,PL5
3eb3e665-f844-4bfa-a17d-e2b8de4b8de6,2012,8,Kon Tum,Provincial,Cultivation,Lúa,,Area_Planted,83.0,ha,Actual,PL5
1aa024c9-06db-4735-85cc-67c3ce37185e,2012,8,Kon Tum,Provincial,Cultivation,Lạc,,Area_Planted,83.0,ha,Actual,PL5
5a8ff763-5e6c-40cb-9c0f-6cb70e59b775,2012,8,Kon Tum,Provincial,Cultivation,Lúa,,Area_Planted,901.0,ha,Actual,PL5
a24491dc-9809-4082-849b-e64f8e947023,2012,8,Kon Tum,Provincial,Cultivation,Lúa,,Area_Planted,297.0,ha,Actual,PL5
e6c0d88e-4ff8-4bd9-998c-51c78d630959,2012,8,Gia Lai,Provincial,Cultivation,Lúa,,Area_Planted,4504.0,ha,Actual,PL5
b109fdb3-29ce-4d92-8cc5-7d5e1cbc0277,2012,8,Gia Lai,Provincial,Cultivation,Lạc,,Area_Planted,1376.0,ha,Actual,PL5
de0a4a04-fa7d-4172-a67f-23bf48b1a2ce,2012,8,Gia Lai,Provincial,Cultivation,Lúa,,Area_Planted,2817.0,ha,Actual,PL5
9906dcde-e710-4751-b500-97ef1ca04415,2012,8,Gia Lai,Provincial,Cultivation,Thuốc lá,,Area_Planted,33.0,ha,Actual,PL5
66f46eef-fc29-484e-8fd7-60f0698675ee,2012,8,Gia Lai,Provincial,Cultivation,Lúa,,Area_Planted,278.0,ha,Actual,PL5
e28bd4af-177b-45e4-bcd6-891f9172b147,2012,8,Gia Lai,Provincial,Cultivation,Lúa,,Area_Planted,12224.0,ha,Actual,PL5
752f02b3-3265-4364-b918-2078b955238b,2012,8,Gia Lai,Provincial,Cultivation,Lúa,,Area_Planted,14709.0,ha,Actual,PL5
0f8974e3-3654-49fe-9c3a-0dcd2d6eea4e,2012,8,Đắc Lắc,Provincial,Cultivation,Lúa,,Area_Planted,21881.0,ha,Actual,PL5
affd4fee-3d59-45a1-8303-2daa86ad4952,2012,8,Đắc Lắc,Provincial,Cultivation,Đậu,,Area_Planted,4800.0,ha,Actual,PL5
1306d64f-5a22-403a-818d-75366e7512d3,2012,8,Đắc Lắc,Provincial,Cultivation,Lạc,,Area_Planted,3341.0,ha,Actual,PL5
f12e914d-9e91-493a-af88-9974cc586008,2012,8,Đắc Lắc,Provincial,Cultivation,Lúa,,Area_Planted,470.0,ha,Actual,PL5
b26ae5e9-0b5c-41f3-92b4-9272090047c5,2012,8,Đắc Lắc,Provincial,Cultivation,Thuốc lá,,Area_Planted,50.0,ha,Actual,PL5
8d22695a-f95d-4346-912f-9338f3c938cf,2012,8,Đắc Lắc,Provincial,Cultivation,Mía,,Area_Planted,13220.0,ha,Actual,PL5
deaa017c-f069-459f-8fdf-f8d5ea75ca21,2012,8,Đắc Lắc,Provincial,Cultivation,Lúa,,Area_Planted,3986.0,ha,Actual,PL5
0ab5e026-807a-4905-9a3d-40ce29571fe2,2012,8,Đắc Lắc,Provincial,Cultivation,Lúa,,Area_Planted,20726.0,ha,Actual,PL5
4aba8b16-f002-4713-9812-cf471245fde1,2012,8,Đắc Nông,Provincial,Cultivation,Lúa,,Area_Planted,8255.0,ha,Actual,PL5
52dbdedd-245b-4b96-9da9-a86e4b7f3531,2012,8,Đắc Nông,Provincial,Cultivation,Đậu,,Area_Planted,3809.0,ha,Actual,PL5
56727714-af7a-453c-a626-1a4ef864145c,2012,8,Đắc Nông,Provincial,Cultivation,Lạc,,Area_Planted,3885.0,ha,Actual,PL5
784cddcb-eb9c-4d3d-bc13-1a1b0d3782de,2012,8,Đắc Nông,Provincial,Cultivation,Mía,,Area_Planted,561.0,ha,Actual,PL5
3a39555d-6b84-4e44-9e93-11ebfa7a9278,2012,8,Đắc Nông,Provincial,Cultivation,Lúa,,Area_Planted,1213.0,ha,Actual,PL5
2c27b6a6-cdb1-4563-a15a-4787013ae6ac,2012,8,Đắc Nông,Provincial,Cultivation,Lúa,,Area_Planted,4604.0,ha,Actual,PL5
e079bbf9-435e-42b4-8420-35306c0e2c50,2012,8,Lâm Đồng,Provincial,Cultivation,Lúa,,Area_Planted,25186.0,ha,Actual,PL5
f331a601-a3a4-4acd-be38-95bc53d7c28b,2012,8,Lâm Đồng,Provincial,Cultivation,Lúa,,Area_Planted,1012.0,ha,Actual,PL5
a806ef31-708e-40b0-95fd-b34e7a2b5588,2012,8,Đông Nam Bộ,Provincial,Cultivation,Lúa,,Area_Planted,20493.0,ha,Actual,PL5
9243999f-82b9-4b11-9550-812aa612b894,2012,8,Đông Nam Bộ,Provincial,Cultivation,Đậu,,Area_Planted,251.0,ha,Actual,PL5
d340f890-a143-4af5-af1c-6ca1f8a240de,2012,8,Đông Nam Bộ,Provincial,Cultivation,Lạc,,Area_Planted,3846.0,ha,Actual,PL5
297cbd64-35fe-476c-a348-4d1176e2f112,2012,8,Đông Nam Bộ,Provincial,Cultivation,Lúa,,Area_Planted,914.0,ha,Actual,PL5
38c3e275-e046-4a74-99da-1de296547b1a,2012,8,Đông Nam Bộ,Provincial,Cultivation,Thuốc lá,,Area_Planted,3083.0,ha,Actual,PL5
02c14e3c-9963-45eb-b235-6adcb6a82e0a,2012,8,Đông Nam Bộ,Provincial,Cultivation,Mía,,Area_Planted,12399.0,ha,Actual,PL5
6afba672-ebc4-4646-97d5-f55ea1140212,2012,8,Đông Nam Bộ,Provincial,Cultivation,Lúa,,Area_Planted,43102.0,ha,Actual,PL5
69b06235-5111-4d2a-89a6-0c2e23be6874,2012,8,Đông Nam Bộ,Provincial,Cultivation,Lúa,,Area_Planted,9821.0,ha,Actual,PL5
90d76c72-6e1c-4ccd-bfb8-5e3cb947682f,2012,8,Bình Phước,Provincial,Cultivation,Lúa,,Area_Planted,684.0,ha,Actual,PL5
fe0cd98c-93a8-4114-afc8-844dda1485dc,2012,8,Bình Phước,Provincial,Cultivation,Đậu,,Area_Planted,125.0,ha,Actual,PL5
48b09808-689f-45e7-995f-fcf247fb2d7b,2012,8,Bình Phước,Provincial,Cultivation,Lạc,,Area_Planted,531.0,ha,Actual,PL5
4ca95f78-7005-4822-bf5a-206c0dbcc71f,2012,8,Bình Phước,Provincial,Cultivation,Lúa,,Area_Planted,28.0,ha,Actual,PL5
1b3156c5-3e4a-4419-a731-71aa2b215c6e,2012,8,Bình Phước,Provincial,Cultivation,Lúa,,Area_Planted,2808.0,ha,Actual,PL5
3a10ba9c-b45e-44be-b9d9-6c51841f19dd,2012,8,Bình Phước,Provincial,Cultivation,Lúa,,Area_Planted,1370.0,ha,Actual,PL5
a39125ba-4f6d-4123-9359-080ccd94862c,2012,8,Tây Ninh,Provincial,Cultivation,Lúa,,Area_Planted,9837.0,ha,Actual,PL5
948cbf21-5765-4c40-a439-4a13b940639b,2012,8,Tây Ninh,Provincial,Cultivation,Lạc,,Area_Planted,2218.0,ha,Actual,PL5
e8d17da1-c639-4e27-a77f-8c50a0fdb336,2012,8,Tây Ninh,Provincial,Cultivation,Lúa,,Area_Planted,850.0,ha,Actual,PL5
9c5c3be0-4408-4d30-85da-286b232aefb8,2012,8,Tây Ninh,Provincial,Cultivation,Thuốc lá,,Area_Planted,2933.0,ha,Actual,PL5
2cff9347-5e04-4710-a328-ffe3f7b4619f,2012,8,Tây Ninh,Provincial,Cultivation,Mía,,Area_Planted,3836.0,ha,Actual,PL5
f8c7855a-2cd6-4fc6-b548-477094fbb02c,2012,8,Tây Ninh,Provincial,Cultivation,Lúa,,Area_Planted,15799.0,ha,Actual,PL5
68ee6217-9dd3-49c8-bbfd-65e95b6889fb,2012,8,Tây Ninh,Provincial,Cultivation,Lúa,,Area_Planted,5160.0,ha,Actual,PL5
e86931e8-9743-4c6d-a657-983c0a76dbd7,2012,8,Bình Dương,Provincial,Cultivation,Lúa,,Area_Planted,148.0,ha,Actual,PL5
bf0fb14e-e916-4186-99a6-c7a897666847,2012,8,Bình Dương,Provincial,Cultivation,Lạc,,Area_Planted,148.0,ha,Actual,PL5
83fb7331-71df-451d-bbe0-815695897edc,2012,8,Bình Dương,Provincial,Cultivation,Lúa,,Area_Planted,3087.0,ha,Actual,PL5
5a70f214-b2e4-49a8-910e-1e10c4bd28c9,2012,8,Bình Dương,Provincial,Cultivation,Lúa,,Area_Planted,68.0,ha,Actual,PL5
bb193dc2-303c-4d8c-be10-b5961a5a2cd0,2012,8,Đồng Nai,Provincial,Cultivation,Lúa,,Area_Planted,6578.0,ha,Actual,PL5
7f1c750a-10d5-4545-80bb-8a1f37fc7751,2012,8,Đồng Nai,Provincial,Cultivation,Đậu,,Area_Planted,126.0,ha,Actual,PL5
e6a410f6-2dc0-4bd9-a19e-94a82ef6e603,2012,8,Đồng Nai,Provincial,Cultivation,Lạc,,Area_Planted,341.0,ha,Actual,PL5
d62cf2c5-3643-46b1-bc79-d6a0f5694795,2012,8,Đồng Nai,Provincial,Cultivation,Lúa,,Area_Planted,36.0,ha,Actual,PL5
2832c839-ef3d-487a-af66-970215725b65,2012,8,Đồng Nai,Provincial,Cultivation,Thuốc lá,,Area_Planted,23.0,ha,Actual,PL5
bbf27a60-016d-427a-b02c-69a01137b337,2012,8,Đồng Nai,Provincial,Cultivation,Mía,,Area_Planted,6052.0,ha,Actual,PL5
970eeb3a-734a-4a55-8f91-1fdc8d2be0e9,2012,8,Đồng Nai,Provincial,Cultivation,Lúa,,Area_Planted,4094.0,ha,Actual,PL5
270edaa6-09c1-465e-9fd5-2844597ceea7,2012,8,Đồng Nai,Provincial,Cultivation,Lúa,,Area_Planted,1943.0,ha,Actual,PL5
a29cee3f-1e6b-4e29-8443-2c8a37184465,2012,8,Bà Rịa-V.Tàu,Provincial,Cultivation,Lúa,,Area_Planted,1104.0,ha,Actual,PL5
efcddff8-576b-405b-866f-aa7727067918,2012,8,Bà Rịa-V.Tàu,Provincial,Cultivation,Lạc,,Area_Planted,608.0,ha,Actual,PL5
004debc0-18e3-4721-bdb3-a7752166223e,2012,8,Bà Rịa-V.Tàu,Provincial,Cultivation,Thuốc lá,,Area_Planted,127.0,ha,Actual,PL5
23e06139-b2c3-45c6-954a-8b0b26ecd4ba,2012,8,Bà Rịa-V.Tàu,Provincial,Cultivation,Mía,,Area_Planted,369.0,ha,Actual,PL5
94a9fcb5-6f1e-4a3b-9e74-38ee680db101,2012,8,Bà Rịa-V.Tàu,Provincial,Cultivation,Lúa,,Area_Planted,5817.0,ha,Actual,PL5
5afdf86f-98be-4550-926b-e5c6fff122ee,2012,8,Bà Rịa-V.Tàu,Provincial,Cultivation,Lúa,,Area_Planted,1280.0,ha,Actual,PL5
e21099a1-b61c-4b75-87c1-d3941f187974,2012,8,TP Hồ Chí Minh,Provincial,Cultivation,Lúa,,Area_Planted,2142.0,ha,Actual,PL5
59ad89b6-76b3-44c4-b7d7-78587c1254d7,2012,8,TP Hồ Chí Minh,Provincial,Cultivation,Mía,,Area_Planted,2142.0,ha,Actual,PL5
9a53056a-cb0e-4a92-abea-576c30c8998c,2012,8,TP Hồ Chí Minh,Provincial,Cultivation,Lúa,,Area_Planted,11497.0,ha,Actual,PL5
e51167bd-3265-4630-9a44-e4be78c0c06e,2012,8,ĐBS Cửu Long,Provincial,Cultivation,Lúa,,Area_Planted,88609.0,ha,Actual,PL5
efd82a5e-70c8-4524-aae2-9ca94e4634d1,2012,8,ĐBS Cửu Long,Provincial,Cultivation,Đậu,,Area_Planted,2928.0,ha,Actual,PL5
5a3dff11-d587-4667-9093-070470e7dd13,2012,8,ĐBS Cửu Long,Provincial,Cultivation,Lạc,,Area_Planted,12788.0,ha,Actual,PL5
ff8eb20d-488e-42dc-8bec-b83ed2fb9ca5,2012,8,ĐBS Cửu Long,Provincial,Cultivation,Lúa,,Area_Planted,10620.0,ha,Actual,PL5
67868314-2cfd-4d2e-90fb-d734f63aadc0,2012,8,ĐBS Cửu Long,Provincial,Cultivation,Thuốc lá,,Area_Planted,117.0,ha,Actual,PL5
4f6b3a26-29cf-4a98-856b-21ad6588f2c9,2012,8,ĐBS Cửu Long,Provincial,Cultivation,Mía,,Area_Planted,59275.0,ha,Actual,PL5
d476a34f-ae62-49b1-a30f-8ede1bcbc1b1,2012,8,ĐBS Cửu Long,Provincial,Cultivation,Lúa,,Area_Planted,2880.0,ha,Actual,PL5
1a4a63e8-4a30-497e-8da8-331bf65009fd,2012,8,ĐBS Cửu Long,Provincial,Cultivation,Lúa,,Area_Planted,216354.0,ha,Actual,PL5
02d59c5b-243b-45cb-8890-a80a0bb8c459,2012,8,ĐBS Cửu Long,Provincial,Cultivation,Lúa,,Area_Planted,10021.0,ha,Actual,PL5
ff3036ab-bc86-48c9-9e85-b1b1ed8e82d9,2012,8,Long An,Provincial,Cultivation,Lúa,,Area_Planted,22663.0,ha,Actual,PL5
673f14f0-b6d9-4f52-bfd1-75aed6df2fd5,2012,8,Long An,Provincial,Cultivation,Lạc,,Area_Planted,6982.0,ha,Actual,PL5
11f4dbf6-683e-4f5e-bdc6-1c3b3f7f0966,2012,8,Long An,Provincial,Cultivation,Lúa,,Area_Planted,874.0,ha,Actual,PL5
ce66a934-63ea-40a1-8d09-0890733aa757,2012,8,Long An,Provincial,Cultivation,Thuốc lá,,Area_Planted,83.0,ha,Actual,PL5
672cc7c8-f969-4ea5-8412-a855b7797181,2012,8,Long An,Provincial,Cultivation,Mía,,Area_Planted,13550.0,ha,Actual,PL5
27dd4db7-c79e-4254-a155-4e22606544d4,2012,8,Long An,Provincial,Cultivation,Lúa,,Area_Planted,1174.0,ha,Actual,PL5
9295c9b8-5ba1-4cd7-a8bf-bdd3296cf6a6,2012,8,Long An,Provincial,Cultivation,Lúa,,Area_Planted,11083.0,ha,Actual,PL5
7d4e564a-3725-4c77-8e6f-10adedf1b926,2012,8,Long An,Provincial,Cultivation,Lúa,,Area_Planted,26.0,ha,Actual,PL5
9b6b44e4-37fe-4538-b60c-e66649f6e770,2012,8,Tiền Giang,Provincial,Cultivation,Lúa,,Area_Planted,652.0,ha,Actual,PL5
0254395c-bb17-48c4-b6a9-7272149f9856,2012,8,Tiền Giang,Provincial,Cultivation,Đậu,,Area_Planted,208.0,ha,Actual,PL5
3673ef6a-2128-4c43-8bf8-143b84d4bb70,2012,8,Tiền Giang,Provincial,Cultivation,Lạc,,Area_Planted,210.0,ha,Actual,PL5
99ae1486-66b9-4c57-ae22-b084f3b9bc52,2012,8,Tiền Giang,Provincial,Cultivation,Mía,,Area_Planted,234.0,ha,Actual,PL5
0ea4ab5d-a8d3-4d0c-bc8e-9e3d4392f149,2012,8,Tiền Giang,Provincial,Cultivation,Lúa,,Area_Planted,36978.0,ha,Actual,PL5
643b381f-2ef8-45ee-8406-bad18514362f,2012,8,Tiền Giang,Provincial,Cultivation,Lúa,,Area_Planted,173.0,ha,Actual,PL5
f6c882fb-e357-4119-8f2b-c200dbba4dac,2012,8,Bến Tre,Provincial,Cultivation,Lúa,,Area_Planted,5309.0,ha,Actual,PL5
f7191510-d29e-490f-a709-8d8047403793,2012,8,Bến Tre,Provincial,Cultivation,Lạc,,Area_Planted,276.0,ha,Actual,PL5
616668ee-2d33-4c0c-ba41-2b4c9ce0cb20,2012,8,Bến Tre,Provincial,Cultivation,Mía,,Area_Planted,5033.0,ha,Actual,PL5
77760e60-50f9-4d48-a121-6083001c0f1b,2012,8,Bến Tre,Provincial,Cultivation,Lúa,,Area_Planted,2490.0,ha,Actual,PL5
1edaeffb-b1ee-46ff-adf3-9aa85d8bb5c9,2012,8,Trà Vinh,Provincial,Cultivation,Lúa,,Area_Planted,11771.0,ha,Actual,PL5
9aab9788-bcbf-4e99-bee0-c761bd2e2417,2012,8,Trà Vinh,Provincial,Cultivation,Lạc,,Area_Planted,4072.0,ha,Actual,PL5
ba0dbc13-4f60-4548-b475-66a05df42137,2012,8,Trà Vinh,Provincial,Cultivation,Mía,,Area_Planted,6165.0,ha,Actual,PL5
f38050bd-b147-42f5-884c-cc1d8b0edd21,2012,8,Trà Vinh,Provincial,Cultivation,Lúa,,Area_Planted,1535.0,ha,Actual,PL5
07e92336-1f04-4365-9b4a-43892a450ec2,2012,8,Trà Vinh,Provincial,Cultivation,Lúa,,Area_Planted,21889.0,ha,Actual,PL5
161ba94b-39cf-4261-be97-8f22964adcc4,2012,8,Trà Vinh,Provincial,Cultivation,Lúa,,Area_Planted,640.0,ha,Actual,PL5
829fe33e-1829-47f7-b8af-d6699224b545,2012,8,Vĩnh Long,Provincial,Cultivation,Lúa,,Area_Planted,881.0,ha,Actual,PL5
2f6bb4d7-b711-4dff-8cd9-32f91f96d3dc,2012,8,Vĩnh Long,Provincial,Cultivation,Đậu,,Area_Planted,619.0,ha,Actual,PL5
f429ddfa-3706-428f-85b1-53318365a68e,2012,8,Vĩnh Long,Provincial,Cultivation,Lạc,,Area_Planted,20.0,ha,Actual,PL5
9f29591f-3d60-47b3-9b30-1484f2f96fd8,2012,8,Vĩnh Long,Provincial,Cultivation,Lúa,,Area_Planted,158.0,ha,Actual,PL5
0a3101fa-bce9-4cb1-8dfd-2d0104d3341a,2012,8,Vĩnh Long,Provincial,Cultivation,Mía,,Area_Planted,84.0,ha,Actual,PL5
51b39d76-6b60-46f7-8389-2d4fa39f7c8c,2012,8,Vĩnh Long,Provincial,Cultivation,Lúa,,Area_Planted,20058.0,ha,Actual,PL5
6ba7d6f5-fa78-418a-a925-d3017b571dd7,2012,8,Vĩnh Long,Provincial,Cultivation,Lúa,,Area_Planted,618.0,ha,Actual,PL5
d3918c7d-8c5b-490d-9a6a-4a30e8ed11a3,2012,8,Đồng Tháp,Provincial,Cultivation,Lúa,,Area_Planted,6182.0,ha,Actual,PL5
5ef9037e-b514-49e4-a6c2-7f3d9e21fdd8,2012,8,Đồng Tháp,Provincial,Cultivation,Đậu,,Area_Planted,1662.0,ha,Actual,PL5
da9bf87d-7630-4761-b7f7-d33471effb46,2012,8,Đồng Tháp,Provincial,Cultivation,Lạc,,Area_Planted,166.0,ha,Actual,PL5
d3809bed-17e2-4967-99da-28776f4bdb1f,2012,8,Đồng Tháp,Provincial,Cultivation,Lúa,,Area_Planted,4090.0,ha,Actual,PL5
9f43c041-b78e-4664-8c45-9b6f3768a998,2012,8,Đồng Tháp,Provincial,Cultivation,Mía,,Area_Planted,92.0,ha,Actual,PL5
e54b7b10-d62a-45f3-b515-3925631e5c68,2012,8,Đồng Tháp,Provincial,Cultivation,Lúa,,Area_Planted,171.0,ha,Actual,PL5
c588a887-9741-4333-a5cd-c4cd424a1c20,2012,8,Đồng Tháp,Provincial,Cultivation,Lúa,,Area_Planted,10321.0,ha,Actual,PL5
0972a65f-b974-490d-9bab-0ecdb13d0053,2012,8,Đồng Tháp,Provincial,Cultivation,Lúa,,Area_Planted,422.0,ha,Actual,PL5
e802c8d1-4462-48c6-96ad-266967a0fa7b,2012,8,An Giang,Provincial,Cultivation,Lúa,,Area_Planted,2517.0,ha,Actual,PL5
001b7d36-f61b-4434-b67d-9e892d9b78e2,2012,8,An Giang,Provincial,Cultivation,Đậu,,Area_Planted,247.0,ha,Actual,PL5
41c9abbe-ab35-4584-bc2e-2899e4ba3abd,2012,8,An Giang,Provincial,Cultivation,Lạc,,Area_Planted,897.0,ha,Actual,PL5
c38a9028-10ba-496e-948a-e6ed13db975f,2012,8,An Giang,Provincial,Cultivation,Lúa,,Area_Planted,1297.0,ha,Actual,PL5
ce3308f1-0caf-4631-98d5-629861c803d0,2012,8,An Giang,Provincial,Cultivation,Thuốc lá,,Area_Planted,34.0,ha,Actual,PL5
22371408-dc12-4f0b-8715-02fc37d0dd03,2012,8,An Giang,Provincial,Cultivation,Mía,,Area_Planted,42.0,ha,Actual,PL5
73a4e060-6bc6-4abb-a37b-7165c271c80a,2012,8,An Giang,Provincial,Cultivation,Lúa,,Area_Planted,33968.0,ha,Actual,PL5
61f79b49-fef2-4bbc-9cd3-9aa469b63a8a,2012,8,An Giang,Provincial,Cultivation,Lúa,,Area_Planted,2637.0,ha,Actual,PL5
6c8318bc-5223-479a-8f84-fe7c53790f6e,2012,8,Kiên Giang,Provincial,Cultivation,Lúa,,Area_Planted,4309.0,ha,Actual,PL5
07e06b55-3961-4b28-8e21-2db69359ed4e,2012,8,Kiên Giang,Provincial,Cultivation,Mía,,Area_Planted,4309.0,ha,Actual,PL5
fdc6d46d-e4c5-4955-bf8d-13b35b5ef4eb,2012,8,Kiên Giang,Provincial,Cultivation,Lúa,,Area_Planted,1924.0,ha,Actual,PL5
00d5b734-da9e-4a87-9978-de4d226a2bde,2012,8,Kiên Giang,Provincial,Cultivation,Lúa,,Area_Planted,725.0,ha,Actual,PL5
3bc2a2d1-ade6-424a-aa75-25b5b8d9c29a,2012,8,Cần Thơ,Provincial,Cultivation,Lúa,,Area_Planted,4276.0,ha,Actual,PL5
66cf52c7-b205-4dee-a921-d33d61828578,2012,8,Cần Thơ,Provincial,Cultivation,Đậu,,Area_Planted,43.0,ha,Actual,PL5
d929b2c0-4667-48b3-9032-c4d567f3eccd,2012,8,Cần Thơ,Provincial,Cultivation,Lạc,,Area_Planted,31.0,ha,Actual,PL5
8338a923-e0f5-4d06-97ce-4ac1be5c8e6d,2012,8,Cần Thơ,Provincial,Cultivation,Lúa,,Area_Planted,4201.0,ha,Actual,PL5
a0326b57-1e1a-4b2c-80d0-8c9302e00481,2012,8,Cần Thơ,Provincial,Cultivation,Lúa,,Area_Planted,8101.0,ha,Actual,PL5
8ec64b6c-8ea0-414f-a221-0fa7e164303c,2012,8,Cần Thơ,Provincial,Cultivation,Lúa,,Area_Planted,744.0,ha,Actual,PL5
40b91be2-1e99-4959-a960-0c54367b2a6a,2012,8,Hậu Giang,Provincial,Cultivation,Lúa,,Area_Planted,14282.0,ha,Actual,PL5
df62c2a9-e1d8-470b-aaca-21d55f600d1c,2012,8,Hậu Giang,Provincial,Cultivation,Mía,,Area_Planted,14282.0,ha,Actual,PL5
e015daa0-ebdf-4b2f-90a5-d86ed744d0d6,2012,8,Hậu Giang,Provincial,Cultivation,Lúa,,Area_Planted,16857.0,ha,Actual,PL5
0a09d96e-746f-46d6-83e6-8f0fb51add08,2012,8,Hậu Giang,Provincial,Cultivation,Lúa,,Area_Planted,593.0,ha,Actual,PL5
84d2c892-6928-40a2-8b3d-303ba5858529,2012,8,Sóc Trăng,Provincial,Cultivation,Lúa,,Area_Planted,13745.0,ha,Actual,PL5
68b69cd1-6056-490e-bd86-b75252fad596,2012,8,Sóc Trăng,Provincial,Cultivation,Đậu,,Area_Planted,149.0,ha,Actual,PL5
59994053-53a3-4adc-b934-04ebe3227ea6,2012,8,Sóc Trăng,Provincial,Cultivation,Lạc,,Area_Planted,134.0,ha,Actual,PL5
1c0459e2-9fbc-46a2-b27a-6eef911a37a3,2012,8,Sóc Trăng,Provincial,Cultivation,Mía,,Area_Planted,13462.0,ha,Actual,PL5
9ee62d95-7f3e-40fb-b9ef-e715bbdd72cc,2012,8,Sóc Trăng,Provincial,Cultivation,Lúa,,Area_Planted,39649.0,ha,Actual,PL5
665ef29a-2fe3-43f3-b961-8abf2257c4e8,2012,8,Sóc Trăng,Provincial,Cultivation,Lúa,,Area_Planted,2652.0,ha,Actual,PL5
c7a2a256-7804-4367-b146-6d4c3f38cdbf,2012,8,Bạc Liêu,Provincial,Cultivation,Lúa,,Area_Planted,9000.0,ha,Actual,PL5
79ae0aa7-ab08-4e88-8b8d-a1a7dafecaeb,2012,8,Cà Mau,Provincial,Cultivation,Lúa,,Area_Planted,2022.0,ha,Actual,PL5
147eb8a2-4791-4216-a56b-78591c414991,2012,8,Cà Mau,Provincial,Cultivation,Mía,,Area_Planted,2022.0,ha,Actual,PL5
60f636e5-e4f4-41c2-ae44-190a6f8f9fb4,2012,8,Cà Mau,Provincial,Cultivation,Lúa,,Area_Planted,4038.0,ha,Actual,PL5
01250a40-1069-4f69-a77e-9704e9127443,2012,8,Cà Mau,Provincial,Cultivation,Lúa,,Area_Planted,791.0,ha,Actual,PL5
844314a7-858d-4088-a4c3-4e8a51b5aa3e,2012,8,Cả nước,National,Forestry,Rừng,,Area,90.0,1000_ha,Estimated,PL6
88ba0348-d503-4582-969f-0071b97263c1,2012,8,Cả nước,National,Forestry,Rừng,,Area,110.8,1000_ha,Plan,PL6
7bd9620b-430e-4e3e-8106-f80b616ce037,2012,8,Cả nước,National,Forestry,Rừng,,Area,81.7,1000_ha,Estimated,PL6
f4a7fdcf-3752-49c5-afe8-5bd066628181,2012,8,Cả nước,National,Forestry,Rừng,,Area,12.0,1000_ha,Plan,PL6
7ea08ec9-1f53-4e2e-aae0-31a3688e615e,2012,8,Cả nước,National,Forestry,Rừng,,Area,91.0,1000_ha,Estimated,PL6
0e0115f2-5b14-42e5-bffa-835dbbe254d6,2012,8,Cả nước,National,Forestry,Rừng,,Area,98.8,1000_ha,Plan,PL6
c1b219a7-fdee-4904-adbe-c144a7da4b72,2012,8,Cả nước,National,Forestry,Rừng,,Area,94.0,1000_ha,Estimated,PL6
9f4ed12b-f06b-4842-9c3e-69123d9fff38,2012,8,Cả nước,National,Forestry,Rừng,,Area,302.8,1000_ha,Plan,PL6
41ba7198-dc2c-42b2-9ff1-0d11f37f3b80,2012,8,Cả nước,National,Forestry,Rừng,,Area,100.9,1000_ha,Estimated,PL6
26a9b62d-6a6f-4725-a97b-2a7a2da4d131,2012,8,Cả nước,National,Forestry,Rừng,,Area,137.6,1000_ha,Plan,PL6
128a3377-29d6-4ade-965c-3b13a7e9fe2b,2012,8,Cả nước,National,Forestry,Rừng,,Area,89.1,1000_ha,Estimated,PL6
7646b22e-7291-48df-bc85-2fa53c006573,2012,8,Cả nước,National,Forestry,Rừng,,Area,696.0,1000_ha,Plan,PL6
9e33f2d7-d921-4c8a-9650-4c835d6ce8f5,2012,8,Cả nước,National,Forestry,Rừng,,Area,94.7,1000_ha,Estimated,PL6
20cb2649-c17c-418c-8d5e-0757cc10a2ee,2012,8,Cả nước,National,Forestry,Rừng,,Area,2420.5,1000_ha,Plan,PL6
d6a9eca1-e46a-4509-a351-382c2c1ad70a,2012,8,Cả nước,National,Forestry,Rừng,,Area,132.2,1000_ha,Estimated,PL6
c19489ca-81d0-48b8-affe-2d44dd186a9d,2012,8,Cả nước,National,Forestry,Rừng,,Area,2349.0,1000_ha,Plan,PL6
f3803a54-22b4-479e-b7a7-0aa23314f18a,2012,1,Cả nước,National,Trade,0,Xuất khẩu,Export_Volume,3.0,1000_ton,Actual,PL8
596b7790-b548-4056-9e1d-a02a5ed73074,2012,1,Cả nước,National,Trade,0,Xuất khẩu,Export_Value,4.0,million_USD,Actual,PL8
15ca11c3-7a8f-4012-8c49-fbc89316c43a,2012,1,Cả nước,National,Trade,I,Xuất khẩu,Export_Volume,3486.0,1000_ton,Actual,PL8
b8617a0e-16d8-4b11-9e58-9e10400ce7d5,2012,1,Cả nước,National,Trade,I,Xuất khẩu,Export_Value,3159.0,million_USD,Actual,PL8
a6b95bdd-e3e5-4046-9b5b-815bee17ccde,2012,1,Cả nước,National,Trade,1,Xuất khẩu,Export_Volume,1591.0,1000_ton,Actual,PL8
26872ca2-a493-4e98-9d29-7bd8e69e7bbc,2012,1,Cả nước,National,Trade,1,Xuất khẩu,Export_Value,1506.0,million_USD,Actual,PL8
a6970045-d823-49e1-9997-46255d78c52a,2012,1,Cả nước,National,Trade,1.1,Xuất khẩu,Export_Volume,1480.0,1000_ton,Actual,PL8
25a25167-3c4e-4a7c-8f18-c8214cc67b23,2012,1,Cả nước,National,Trade,1.1,Xuất khẩu,Export_Value,1425.0,million_USD,Actual,PL8
d7338a1a-7445-4686-84f7-71a92600ee83,2012,1,Cả nước,National,Trade,1.2,Xuất khẩu,Export_Volume,111.0,1000_ton,Actual,PL8
a7221570-6585-4e82-9ee5-bfb140cb34ab,2012,1,Cả nước,National,Trade,1.2,Xuất khẩu,Export_Value,81.0,million_USD,Actual,PL8
63815e7f-0d06-485f-b24b-cd6529e9053f,2012,1,Cả nước,National,Trade,2,Xuất khẩu,Export_Volume,1895.0,1000_ton,Actual,PL8
be60b7cc-c900-4dea-a576-bc79a7ec038e,2012,1,Cả nước,National,Trade,2,Xuất khẩu,Export_Value,1653.0,million_USD,Actual,PL8
a0b89d5a-57e9-4458-a523-8e3775000eb0,2012,8,Cả nước,National,Investment,Vốn thực hiện dự án,,Investment_Amount,6522300.0,million_VND,Plan,PL9
b4fe6736-c9bf-4b6b-b45e-206d7c66b23e,2012,8,Cả nước,National,Investment,Vốn thực hiện dự án,,Investment_Amount,3650000.0,million_VND,Cumulative,PL9
5b22591c-dcc8-40ba-a83e-e939f8120d9a,2012,8,Cả nước,National,Investment,Thủy lợi,,Investment_Amount,3511000.0,million_VND,Plan,PL9
35bd289a-16ee-47f3-9145-658ee6b2a88b,2012,8,Cả nước,National,Investment,Thủy lợi,,Investment_Amount,2210000.0,million_VND,Cumulative,PL9
016b1002-6ce8-4777-8cad-0ba596263aab,2012,8,Cả nước,National,Investment,Nông nghiệp,,Investment_Amount,1929000.0,million_VND,Plan,PL9
640c057f-b17a-459e-a21e-389770ce2787,2012,8,Cả nước,National,Investment,Nông nghiệp,,Investment_Amount,880000.0,million_VND,Cumulative,PL9
71a1d427-6fdd-438e-bef3-53c612be0836,2012,8,Cả nước,National,Investment,Lâm nghiệp,,Investment_Amount,512000.0,million_VND,Plan,PL9
01fe0276-9422-42c7-b26b-f5888b74a679,2012,8,Cả nước,National,Investment,Lâm nghiệp,,Investment_Amount,256000.0,million_VND,Cumulative,PL9
eac3601a-e3e6-4ec5-94d7-cffd2a775c51,2012,8,Cả nước,National,Investment,Thủy sản,,Investment_Amount,85000.0,million_VND,Plan,PL9
9514571c-5451-4c56-bcad-fbcd75ab3ab3,2012,8,Cả nước,National,Investment,Thủy sản,,Investment_Amount,53000.0,million_VND,Cumulative,PL9
a2b3121f-bbfc-44c9-b5ef-3f1966b84aba,2012,8,Cả nước,National,Investment,Giáo dục - Đào tạo,,Investment_Amount,140000.0,million_VND,Plan,PL9
9db586ce-436a-444b-af87-9b41f25e9eac,2012,8,Cả nước,National,Investment,Giáo dục - Đào tạo,,Investment_Amount,78000.0,million_VND,Cumulative,PL9
4124e0b5-ea8b-4f58-804a-5bb8543a69d4,2012,8,Cả nước,National,Investment,Khoa học - Công nghệ,,Investment_Amount,65800.0,million_VND,Plan,PL9
7c69f652-799d-4859-9e2b-e505d52f52eb,2012,8,Cả nước,National,Investment,Khoa học - Công nghệ,,Investment_Amount,35000.0,million_VND,Cumulative,PL9
d3b8291e-92c8-40f3-9489-846e7fce5df5,2012,8,Cả nước,National,Investment,Chương trình trọng điểm phát triển vàứng dụng công nghệ sinh học,,Investment_Amount,30000.0,million_VND,Plan,PL9
11411613-7584-4065-beb8-81a621453ab2,2012,8,Cả nước,National,Investment,Chương trình trọng điểm phát triển vàứng dụng công nghệ sinh học,,Investment_Amount,13000.0,million_VND,Cumulative,PL9
5bdf34fb-98f4-4db2-895f-aa2fef56ef09,2012,8,Cả nước,National,Investment,Đầu tư khác,,Investment_Amount,249500.0,million_VND,Plan,PL9
343b1c52-0688-4970-9064-c33e3abc360c,2012,8,Cả nước,National,Investment,Đầu tư khác,,Investment_Amount,125000.0,million_VND,Cumulative,PL9
1bdcd854-6d47-486a-900f-0c665f54cf57,2012,8,Cả nước,National,Investment,Vốn đầu tư theo các mục tiêu nhiệmvụ cụ thể,,Investment_Amount,416500.0,million_VND,Plan,PL9
f5a9b64e-6d15-4627-be78-2e57251617f3,2012,8,Cả nước,National,Investment,Vốn đầu tư theo các mục tiêu nhiệmvụ cụ thể,,Investment_Amount,191000.0,million_VND,Cumulative,PL9
d4aad809-caa2-44a5-8b83-39052b386260,2012,8,Cả nước,National,Investment,Chương trình nuôi trồng thủy sản,,Investment_Amount,180000.0,million_VND,Plan,PL9
5a728f1f-f140-46a5-89cb-9eb0c6bd91e2,2012,8,Cả nước,National,Investment,Chương trình nuôi trồng thủy sản,,Investment_Amount,60000.0,million_VND,Cumulative,PL9
06350b79-415c-4eb9-89e4-444477bab940,2012,8,Cả nước,National,Investment,Chương trình giống,,Investment_Amount,110000.0,million_VND,Plan,PL9
a923e5c3-3bd3-4db3-aa2c-1997e0752377,2012,8,Cả nước,National,Investment,Chương trình giống,,Investment_Amount,70000.0,million_VND,Cumulative,PL9
f2b3d5f6-5032-4bb6-8ca1-cd88d1edece1,2012,8,Cả nước,National,Investment,"Chương trình neo đậu, tránh trú bão",,Investment_Amount,90000.0,million_VND,Plan,PL9
ac3c27d2-0fc6-4a27-ae8f-a6196acdd26c,2012,8,Cả nước,National,Investment,"Chương trình neo đậu, tránh trú bão",,Investment_Amount,45000.0,million_VND,Cumulative,PL9
18ed3234-3dd8-49e9-9b98-df86cc573d9b,2012,8,Cả nước,National,Investment,"Chương trình phát triển, bảo vệ rừng",,Investment_Amount,35000.0,million_VND,Plan,PL9
68fa1bb4-b716-46d4-880d-7c07680dcb01,2012,8,Cả nước,National,Investment,"Chương trình phát triển, bảo vệ rừng",,Investment_Amount,15000.0,million_VND,Cumulative,PL9
30f314bc-d8de-4a7b-93bf-66c7bd880946,2012,8,Cả nước,National,Investment,"Chương trình Biển Đông, Hải đảo",,Investment_Amount,1500.0,million_VND,Plan,PL9
1f756d9d-edc8-487a-aa7b-a8f7b4d7705e,2012,8,Cả nước,National,Investment,"Chương trình Biển Đông, Hải đảo",,Investment_Amount,1000.0,million_VND,Cumulative,PL9
394353e0-dfed-41ba-a863-fe805cdeb174,2012,8,Cả nước,National,Investment,Vốn chuẩn bị đầu tư,,Investment_Amount,38000.0,million_VND,Plan,PL9
96c2a266-d0f7-4d2f-a1bf-565b83393579,2012,8,Cả nước,National,Investment,Vốn chuẩn bị đầu tư,,Investment_Amount,32000.0,million_VND,Cumulative,PL9
4ccc8d44-04d0-49c3-bea5-6642fd3012ce,2012,8,Cả nước,National,Investment,Bổ sung dự trữ Quốc gia,,Investment_Amount,78500.0,million_VND,Plan,PL9
f706af9f-d0e0-445d-a69e-df04e0f894d2,2012,8,Cả nước,National,Investment,VỐN TP CHÍNH PHỦ,,Investment_Amount,3165896.0,million_VND,Plan,PL9
893c2ae8-3db3-4a99-b620-22e6483df6cc,2012,8,Cả nước,National,Investment,VỐN TP CHÍNH PHỦ,,Investment_Amount,2100000.0,million_VND,Cumulative,PL9
a257e690-7d56-429d-aa57-9c053b8cbfdb,2012,8,Cả nước,National,Investment,Các dự án có trong quyết định171/2006/QĐ - TTg,,Investment_Amount,1688000.0,million_VND,Cumulative,PL9
d111ecf7-5896-4941-ac1e-d445615cf64b,2012,8,Cả nước,National,Investment,Các dự án cấp bách bổ sung,,Investment_Amount,167000.0,million_VND,Cumulative,PL9
c18c8477-df84-49b2-b557-0469271eeb8a,2012,8,Cả nước,National,Investment,Các dự án thủy lợi đồng bằng sôngHồng,,Investment_Amount,245000.0,million_VND,Cumulative,PL9
