record_id,year,month,location_name,geo_level,sector,commodity,sub_item,attribute,value,unit,data_type,appendix_number
6030629d-78e2-45e6-88d8-a70f1e6a350c,2010,4,Miền Nam,Regional,Cultivation,Lúa,Hè Thu,Area_Planted,674.3,1000_ha,Actual,PL1
839dbc0a-996b-42dd-bbb5-beee483e92b9,2010,4,Miền Nam,Regional,Cultivation,Lúa,Đông Xuân,Area_Harvested,1648.7,1000_ha,Actual,PL1
13d07357-1cc8-48e7-8af2-78f72c8bec24,2011,4,Miền Nam,Regional,Cultivation,Lúa,Đông Xuân,Area_Harvested,82.8,1000_ha,Actual,PL1
70d4df6e-44cd-4f0c-8f19-607889350e05,2010,4,Cả nước,National,Cultivation,Màu lương thực,,Area_Planted,798.2,1000_ha,Actual,PL1
844a545f-1abd-4d5a-9c8c-c46ce471172a,2010,4,Cả nước,National,Cultivation,Khoai lang,,Area_Planted,94.0,1000_ha,Actual,PL1
d2e4138b-8874-4035-a9d3-34a7b7feaea4,2010,4,Cả nước,National,Cultivation,Sắn,,Area_Planted,186.0,1000_ha,Actual,PL1
f8b0a85c-cc5b-41dc-b9fa-eaa618e49cd2,2010,4,Cả nước,National,Cultivation,Lạc,,Area_Planted,172.1,1000_ha,Actual,PL1
78e603cb-73da-4adf-99d4-4d9f71245460,2010,4,Cả nước,National,Cultivation,Mía,,Area_Planted,142.7,1000_ha,Actual,PL1
0f8f5210-6411-4adf-b986-5d1533b91e6f,2010,4,Cả nước,National,Cultivation,Rau đậu,,Area_Planted,447.2,1000_ha,Actual,PL1
1477e83f-cafd-479c-b759-deaa6ad49235,2011,11,2=(3+7),International,Trade,Tổngsản lượng,Xuất khẩu,Export_Volume,6.0,ton,Actual,PL11
3f9d9533-f488-4df5-8a12-4553de60ccce,2011,11,1483945.4,International,Trade,Tổngsản lượng,Xuất khẩu,Export_Volume,198270.4,ton,Actual,PL11
6dbb96e3-a95e-4356-9cff-b59a9f9364d4,2011,11,1483945.4,International,Trade,Tổngsản lượng,Xuất khẩu,Export_Value,786604.4,1000_USD,Actual,PL11
ca21a137-626a-475b-86e4-772c6e761862,2011,11,22211.0,International,Trade,Tổngsản lượng,Xuất khẩu,Export_Volume,5821.0,ton,Actual,PL11
e8712b44-7f79-4945-85fc-be521fb67242,2011,11,22211.0,International,Trade,Tổngsản lượng,Xuất khẩu,Export_Value,15334.0,1000_USD,Actual,PL11
ce62a9cf-411b-48cd-9f5a-c63d0218dc07,2011,11,27450.0,International,Trade,Tổngsản lượng,Xuất khẩu,Export_Volume,13590.0,ton,Actual,PL11
daf2cca4-8b83-448b-8d70-12777aae5709,2011,11,27450.0,International,Trade,Tổngsản lượng,Xuất khẩu,Export_Value,13860.0,1000_USD,Actual,PL11
863e86ee-ddb4-4fbf-8fd5-41b0b40e6f7f,2011,11,24863.0,International,Trade,Tổngsản lượng,Xuất khẩu,Export_Volume,4500.0,ton,Actual,PL11
08951d79-63a6-45f9-952d-e72b4467e1dc,2011,11,24863.0,International,Trade,Tổngsản lượng,Xuất khẩu,Export_Value,14363.0,1000_USD,Actual,PL11
67b670ac-bcc0-4b77-8baf-3df5ff51c2df,2011,11,22265.0,International,Trade,Tổngsản lượng,Xuất khẩu,Export_Volume,5845.0,ton,Actual,PL11
08928a50-0260-4bbd-a5b5-e7d1b484dd10,2011,11,22265.0,International,Trade,Tổngsản lượng,Xuất khẩu,Export_Value,9450.0,1000_USD,Actual,PL11
0bff6c54-d803-4a6c-8770-31f682f96937,2011,11,8718.0,International,Trade,Tổngsản lượng,Xuất khẩu,Export_Volume,630.0,ton,Actual,PL11
157e6876-bc98-410e-89d6-fba464f67d24,2011,11,8718.0,International,Trade,Tổngsản lượng,Xuất khẩu,Export_Value,2670.0,1000_USD,Actual,PL11
4c59644b-b319-4d0c-8ee2-c8b820dfab89,2011,11,17004.0,International,Trade,Tổngsản lượng,Xuất khẩu,Export_Volume,3443.0,ton,Actual,PL11
1f0b7657-6729-4cb2-88d5-1539deb767a8,2011,11,17004.0,International,Trade,Tổngsản lượng,Xuất khẩu,Export_Value,6955.0,1000_USD,Actual,PL11
7fa6c7c5-c14b-44a4-9ba6-3d4bc9c13b12,2011,11,31809.0,International,Trade,Tổngsản lượng,Xuất khẩu,Export_Volume,800.0,ton,Actual,PL11
54208655-b5df-48f3-b0a1-6768cc1dd195,2011,11,31809.0,International,Trade,Tổngsản lượng,Xuất khẩu,Export_Value,23045.0,1000_USD,Actual,PL11
cc83e007-2fdb-4e9d-802b-1b018db197ad,2011,11,7527.0,International,Trade,Tổngsản lượng,Xuất khẩu,Export_Volume,446.0,ton,Actual,PL11
331b99a3-064a-41c3-b5b5-db92c2addba1,2011,11,7527.0,International,Trade,Tổngsản lượng,Xuất khẩu,Export_Value,5580.0,1000_USD,Actual,PL11
d892d57e-5431-4bd2-8c17-3a2680de74fa,2011,11,7861.0,International,Trade,Tổngsản lượng,Xuất khẩu,Export_Value,7861.0,1000_USD,Actual,PL11
4b776db8-89ca-4637-bf3a-fb5790a4619d,2011,11,9428.0,International,Trade,Tổngsản lượng,Xuất khẩu,Export_Volume,300.0,ton,Actual,PL11
265cafea-2759-40c8-9613-8d6e0fd710c3,2011,11,9428.0,International,Trade,Tổngsản lượng,Xuất khẩu,Export_Value,6500.0,1000_USD,Actual,PL11
426a4446-22e3-4f77-a59c-8d16da808b13,2011,11,40600.0,International,Trade,Tổngsản lượng,Xuất khẩu,Export_Volume,6500.0,ton,Actual,PL11
3e63e2a8-9fa7-46fc-b694-e5c3b50f287a,2011,11,40600.0,International,Trade,Tổngsản lượng,Xuất khẩu,Export_Value,30000.0,1000_USD,Actual,PL11
c16d7750-bea3-4a18-a096-fffe9154dead,2011,11,13550.0,International,Trade,Tổngsản lượng,Xuất khẩu,Export_Value,13400.0,1000_USD,Actual,PL11
48390d15-2419-459d-bd67-4dfc953e6f9b,2011,11,28644.0,International,Trade,Tổngsản lượng,Xuất khẩu,Export_Volume,440.0,ton,Actual,PL11
d66f3308-10a1-47ba-bfa7-6eb210293e48,2011,11,28644.0,International,Trade,Tổngsản lượng,Xuất khẩu,Export_Value,27979.0,1000_USD,Actual,PL11
cba26de9-139e-49d6-a278-a67d4bda8775,2011,11,43093.9,International,Trade,Tổngsản lượng,Xuất khẩu,Export_Volume,283.9,ton,Actual,PL11
ea436f97-e8d1-460e-82f9-48682e0c059d,2011,11,43093.9,International,Trade,Tổngsản lượng,Xuất khẩu,Export_Value,42810.0,1000_USD,Actual,PL11
d1d9aeba-7b6e-4425-9dd1-7a77406f81f2,2011,11,18330.0,International,Trade,Tổngsản lượng,Xuất khẩu,Export_Volume,517.0,ton,Actual,PL11
27d102da-c1fe-42f9-b05f-2c8b6fd96f4d,2011,11,18330.0,International,Trade,Tổngsản lượng,Xuất khẩu,Export_Value,17750.0,1000_USD,Actual,PL11
3092c724-82ea-4130-97c3-388fa8c14432,2011,11,34200.0,International,Trade,Tổngsản lượng,Xuất khẩu,Export_Volume,6400.0,ton,Actual,PL11
d850757c-1f31-4452-88db-1f23fa4c1f9e,2011,11,34200.0,International,Trade,Tổngsản lượng,Xuất khẩu,Export_Value,27800.0,1000_USD,Actual,PL11
8474d9e6-81f2-47b3-b98d-4c88b94dd578,2011,11,17359.0,International,Trade,Tổngsản lượng,Xuất khẩu,Export_Volume,1949.0,ton,Actual,PL11
618783f2-752a-4602-b453-4649438feb4d,2011,11,17359.0,International,Trade,Tổngsản lượng,Xuất khẩu,Export_Value,15315.0,1000_USD,Actual,PL11
2f283255-cd8e-49bb-bd51-95920179d618,2011,11,45388.0,International,Trade,Tổngsản lượng,Xuất khẩu,Export_Volume,2341.0,ton,Actual,PL11
c6285810-cc1a-43ac-b054-b78b70f8d0a3,2011,11,45388.0,International,Trade,Tổngsản lượng,Xuất khẩu,Export_Value,40475.0,1000_USD,Actual,PL11
d74ab6e3-95b2-4832-901f-2e8f2c054cfd,2011,11,3400.0,International,Trade,Tổngsản lượng,Xuất khẩu,Export_Value,1400.0,1000_USD,Actual,PL11
ce3107b1-1a1d-43c1-be85-39559b6bcfa3,2011,11,86781.0,International,Trade,Tổngsản lượng,Xuất khẩu,Export_Volume,4590.0,ton,Actual,PL11
4a199f2d-0f0c-4534-bd19-ac175a4d4ff7,2011,11,86781.0,International,Trade,Tổngsản lượng,Xuất khẩu,Export_Value,80601.0,1000_USD,Actual,PL11
4a6837cc-26d9-4fb0-8f66-c617656981be,2011,11,13001.0,International,Trade,Tổngsản lượng,Xuất khẩu,Export_Volume,3231.0,ton,Actual,PL11
33c44a95-4a5d-4901-b447-8bfd2bd31c3f,2011,11,13001.0,International,Trade,Tổngsản lượng,Xuất khẩu,Export_Value,6945.0,1000_USD,Actual,PL11
7004e479-5fde-4599-9c49-5d15509b89b9,2011,11,4992.0,International,Trade,Tổngsản lượng,Xuất khẩu,Export_Volume,989.0,ton,Actual,PL11
3bb21fab-cda3-40bd-95d7-7df413885daf,2011,11,4992.0,International,Trade,Tổngsản lượng,Xuất khẩu,Export_Value,4003.0,1000_USD,Actual,PL11
1929df2c-0b2d-4198-8617-70cc095168f9,2011,11,69336.0,International,Trade,Tổngsản lượng,Xuất khẩu,Export_Volume,11334.0,ton,Actual,PL11
bae98d48-df90-4e94-83bd-cdcd9ab2326a,2011,11,69336.0,International,Trade,Tổngsản lượng,Xuất khẩu,Export_Value,27562.0,1000_USD,Actual,PL11
edd8ddfa-3017-4e66-a0fb-3384f065d70f,2011,11,64250.0,International,Trade,Tổngsản lượng,Xuất khẩu,Export_Volume,3750.0,ton,Actual,PL11
e0c259ac-76df-4feb-8645-bb13b8ceb590,2011,11,64250.0,International,Trade,Tổngsản lượng,Xuất khẩu,Export_Value,32500.0,1000_USD,Actual,PL11
fd4508f4-0d0b-4530-a162-901a64a4ae9e,2011,11,33221.0,International,Trade,Tổngsản lượng,Xuất khẩu,Export_Volume,2020.0,ton,Actual,PL11
606cde76-6031-444a-ba81-023bb2063e4b,2011,11,33221.0,International,Trade,Tổngsản lượng,Xuất khẩu,Export_Value,22501.0,1000_USD,Actual,PL11
306c736d-35f2-4951-b0a0-712452b5769c,2011,11,50462.0,International,Trade,Tổngsản lượng,Xuất khẩu,Export_Value,2300.0,1000_USD,Actual,PL11
140d7a4b-0ea7-44b6-971f-883bd9ff38f3,2011,11,130688.3,International,Trade,Tổngsản lượng,Xuất khẩu,Export_Value,1873.5,1000_USD,Actual,PL11
0f67efa8-7ac5-41b5-8b49-121ccd170364,2011,11,125869.3,International,Trade,Tổngsản lượng,Xuất khẩu,Export_Value,10000.0,1000_USD,Actual,PL11
6f89fee1-72f6-4f3c-aa2f-607c64701432,2011,11,140163.0,International,Trade,Tổngsản lượng,Xuất khẩu,Export_Volume,9277.0,ton,Actual,PL11
93288627-08e0-40b5-827b-167dec082f7c,2011,11,140163.0,International,Trade,Tổngsản lượng,Xuất khẩu,Export_Value,118101.0,1000_USD,Actual,PL11
bf6b69df-8329-4ce1-a6ac-599f62be41f2,2011,11,14532.0,International,Trade,Tổngsản lượng,Xuất khẩu,Export_Volume,11.0,ton,Actual,PL11
98b21204-885b-4d3b-848b-43922c9ad749,2011,11,14532.0,International,Trade,Tổngsản lượng,Xuất khẩu,Export_Value,13721.0,1000_USD,Actual,PL11
32bad0e7-ecb4-4a9c-9b91-e5dea2ff8b80,2011,11,61304.7,International,Trade,Tổngsản lượng,Xuất khẩu,Export_Volume,30755.0,ton,Actual,PL11
5ad72fac-b8df-4561-8b29-f144d3208318,2011,11,61304.7,International,Trade,Tổngsản lượng,Xuất khẩu,Export_Value,30549.7,1000_USD,Actual,PL11
8b245b62-26db-40f9-8e11-54b5d5924f84,2011,11,131198.0,International,Trade,Tổngsản lượng,Xuất khẩu,Export_Volume,68194.0,ton,Actual,PL11
7ba41f90-15fa-4ea6-bcac-eac0d073cdc7,2011,11,131198.0,International,Trade,Tổngsản lượng,Xuất khẩu,Export_Value,56200.0,1000_USD,Actual,PL11
7ae52bd3-0b3c-41d7-98b8-fbb561f6044d,2011,4,Cả nước,National,Investment,CẢ NƯỚC,,Investment_Amount,9679000.0,million_VND,Plan,PL13
58d857c1-a185-42e8-9e17-7c586fa4d615,2011,4,Cả nước,National,Investment,CẢ NƯỚC,,Investment_Amount,178900.0,million_VND,Cumulative,PL13
8997a155-71c4-495f-baaa-b24709069a39,2011,4,Cả nước,National,Investment,Miền Bắc,,Investment_Amount,2442000.0,million_VND,Plan,PL13
069572ed-52df-4e62-883a-1279aae02216,2011,4,Cả nước,National,Investment,Miền Bắc,,Investment_Amount,28600.0,million_VND,Cumulative,PL13
27693d9c-0702-406f-81f6-c0c779a17025,2011,4,Cả nước,National,Investment,Sơn Dương,,Investment_Amount,194000.0,million_VND,Plan,PL13
ad8a39b9-82f2-4f35-8c7b-72b087bd5aa2,2011,4,Cả nước,National,Investment,Sơn Dương,,Investment_Amount,3200.0,million_VND,Cumulative,PL13
c3b4bbb0-5989-4d0d-ad6a-6379e9c19e5e,2011,4,Cả nước,National,Investment,Cao Bằng,,Investment_Amount,90000.0,million_VND,Plan,PL13
3bb20fdf-5d85-4c7d-9853-11ec228abcd7,2011,4,Cả nước,National,Investment,Cao Bằng,,Investment_Amount,1600.0,million_VND,Cumulative,PL13
6e1abe67-d856-4166-b16f-b7436454fe54,2011,4,Cả nước,National,Investment,Sơn La,,Investment_Amount,125000.0,million_VND,Plan,PL13
c8044a54-ee24-4385-ab1a-e7f1289f30df,2011,4,Cả nước,National,Investment,Sơn La,,Investment_Amount,200.0,million_VND,Cumulative,PL13
1aca5cb8-5aa3-4e68-aab8-73fe0a8265e9,2011,4,Cả nước,National,Investment,Hoà Bình,,Investment_Amount,55000.0,million_VND,Plan,PL13
9af1e0fb-1e3d-41d7-b225-b0a5c9f8096c,2011,4,Cả nước,National,Investment,Lam Sơn,,Investment_Amount,660000.0,million_VND,Plan,PL13
6841ae12-55d6-4b82-a95d-7c5a4e532dcb,2011,4,Cả nước,National,Investment,Lam Sơn,,Investment_Amount,18000.0,million_VND,Cumulative,PL13
1b1cc00c-4291-463b-8c9c-db1f053d5a06,2011,4,Cả nước,National,Investment,Việt - Đài,,Investment_Amount,387000.0,million_VND,Plan,PL13
f65f2581-d9ae-46c9-80b1-2383ff4c6690,2011,4,Cả nước,National,Investment,Nông Cống,,Investment_Amount,159000.0,million_VND,Plan,PL13
fc9abd16-3bc8-4be0-9a0c-b041b0cf7f15,2011,4,Cả nước,National,Investment,Nông Cống,,Investment_Amount,4600.0,million_VND,Cumulative,PL13
291988a5-8274-4869-a752-d95ec78bf6ac,2011,4,Cả nước,National,Investment,N.An-Tate&Lyle,,Investment_Amount,427000.0,million_VND,Plan,PL13
5a6655a7-6c01-428f-ab3b-047def53461b,2011,4,Cả nước,National,Investment,Sông Lam,,Investment_Amount,45000.0,million_VND,Plan,PL13
22f089e7-34c6-4c9c-9cfc-7e66578f3405,2011,4,Cả nước,National,Investment,Sông Lam,,Investment_Amount,1000.0,million_VND,Cumulative,PL13
01e8bc21-782c-4c50-af21-a5db0dcd8215,2011,4,Cả nước,National,Investment,Sông Con,,Investment_Amount,300000.0,million_VND,Plan,PL13
c8e86a8d-b815-4391-a6a5-291b33d588dd,2011,4,Cả nước,National,Investment,Miền Tr- TN,,Investment_Amount,2572000.0,million_VND,Plan,PL13
ae30807f-ffca-4af8-b12d-ac521c989e38,2011,4,Cả nước,National,Investment,Miền Tr- TN,,Investment_Amount,91600.0,million_VND,Cumulative,PL13
fe3a6b63-217e-4f57-9489-6e30c83dbf6d,2011,4,Cả nước,National,Investment,Phổ Phong,,Investment_Amount,136000.0,million_VND,Plan,PL13
beb3e9ce-e88b-4e90-b5b7-035133ab4a5d,2011,4,Cả nước,National,Investment,Phổ Phong,,Investment_Amount,4500.0,million_VND,Cumulative,PL13
be14b7b2-2918-44fa-aae7-d7fa38dde13b,2011,4,Cả nước,National,Investment,An Khê,,Investment_Amount,450000.0,million_VND,Plan,PL13
f09a2cd4-baac-4b04-beb6-48b0e5bd8974,2011,4,Cả nước,National,Investment,An Khê,,Investment_Amount,11000.0,million_VND,Cumulative,PL13
10e6966a-d6ad-40b8-9fd9-7f0f41d29a4a,2011,4,Cả nước,National,Investment,Bình Định,,Investment_Amount,310000.0,million_VND,Plan,PL13
faaf5994-fdfb-47d8-b955-8baae20e8a6a,2011,4,Cả nước,National,Investment,Bình Định,,Investment_Amount,9500.0,million_VND,Cumulative,PL13
8c5fdadf-7192-4d97-a0b9-aeaf54137bfb,2011,4,Cả nước,National,Investment,KCP Phú Yên,,Investment_Amount,305000.0,million_VND,Plan,PL13
ae813c7a-2aaf-4c18-a21c-7f397060837a,2011,4,Cả nước,National,Investment,KCP Phú Yên,,Investment_Amount,13700.0,million_VND,Cumulative,PL13
ede31728-b2db-4917-80d8-19e3a6076a43,2011,4,Cả nước,National,Investment,Tuy Hoà,,Investment_Amount,100000.0,million_VND,Plan,PL13
bbaf09a6-6585-48b3-b62c-0a9c32c0b22b,2011,4,Cả nước,National,Investment,Tuy Hoà,,Investment_Amount,3400.0,million_VND,Cumulative,PL13
f1786cd4-6f20-432d-a380-6fb5bc8833bd,2011,4,Cả nước,National,Investment,Ninh Hoà,,Investment_Amount,200000.0,million_VND,Plan,PL13
ba427e86-4e60-42c3-81f4-309336fb03a6,2011,4,Cả nước,National,Investment,Ninh Hoà,,Investment_Amount,8000.0,million_VND,Cumulative,PL13
f7334bbb-c4f7-4afb-a48b-ad9f9d33b81f,2011,4,Cả nước,National,Investment,Khánh Hoà,,Investment_Amount,350000.0,million_VND,Plan,PL13
4ba98a75-53a3-4346-9dd8-6a4a4971a20e,2011,4,Cả nước,National,Investment,Khánh Hoà,,Investment_Amount,20000.0,million_VND,Cumulative,PL13
59c2359f-0b1a-4c5a-afd9-42d2a4448239,2011,4,Cả nước,National,Investment,Gia Lai,,Investment_Amount,199000.0,million_VND,Plan,PL13
920615c1-4db8-4afc-a94c-831580bd3e8e,2011,4,Cả nước,National,Investment,Gia Lai,,Investment_Amount,5700.0,million_VND,Cumulative,PL13
de28ab95-28eb-4a0a-9295-67d08549529a,2011,4,Cả nước,National,Investment,Kon Tum,,Investment_Amount,150000.0,million_VND,Plan,PL13
ebfe5fc8-07d0-4972-8578-744a3993a763,2011,4,Cả nước,National,Investment,Kon Tum,,Investment_Amount,4000.0,million_VND,Cumulative,PL13
4f33c56b-07bf-4721-a788-87dc52eea0a2,2011,4,Cả nước,National,Investment,333 Đắc Lắc,,Investment_Amount,111000.0,million_VND,Plan,PL13
af4eebf9-6267-445a-8f13-e687ea7d35eb,2011,4,Cả nước,National,Investment,333 Đắc Lắc,,Investment_Amount,4800.0,million_VND,Cumulative,PL13
8fa67cd2-6d5d-47b7-b1cd-1ceb15fdd234,2011,4,Cả nước,National,Investment,Đắc Nông,,Investment_Amount,133000.0,million_VND,Plan,PL13
0e8a208f-00b5-4450-b64f-98fbdf19b8e2,2011,4,Cả nước,National,Investment,Đắc Nông,,Investment_Amount,4500.0,million_VND,Cumulative,PL13
8d33f5c1-1bd9-4ca0-b4cc-bbd5843990cf,2011,4,Cả nước,National,Investment,Phan Rang,,Investment_Amount,63000.0,million_VND,Plan,PL13
d37c4936-97ba-4d18-a8b0-6e58204552fe,2011,4,Cả nước,National,Investment,Phan Rang,,Investment_Amount,2500.0,million_VND,Cumulative,PL13
758adb06-df88-4830-85e9-5cbcb535b8d5,2011,4,Cả nước,National,Investment,Sugar VN,,Investment_Amount,65000.0,million_VND,Plan,PL13
85f4a9cd-725c-4dcc-ab31-812b68bf3f4e,2011,4,Cả nước,National,Investment,Miền Nam,,Investment_Amount,4665000.0,million_VND,Plan,PL13
76a1014c-ba39-4466-a1d1-32342c162e7a,2011,4,Cả nước,National,Investment,Miền Nam,,Investment_Amount,58700.0,million_VND,Cumulative,PL13
0bb3e784-8a44-4b43-878e-efa8ce90908c,2011,4,Cả nước,National,Investment,Biên Hoà Trị An,,Investment_Amount,150000.0,million_VND,Plan,PL13
6ee6e729-20dd-49b8-afd7-303a8399da8d,2011,4,Cả nước,National,Investment,Biên Hoà Trị An,,Investment_Amount,3000.0,million_VND,Cumulative,PL13
b0bb5a9c-6ea8-4fc2-b0d9-1962eba6fa70,2011,4,Cả nước,National,Investment,La Ngà,,Investment_Amount,200000.0,million_VND,Plan,PL13
4985b426-d82c-4519-a722-6ebe42385929,2011,4,Cả nước,National,Investment,La Ngà,,Investment_Amount,5800.0,million_VND,Cumulative,PL13
d9b6e30b-b338-46b3-8610-eba62fa3be92,2011,4,Cả nước,National,Investment,Hiệp Hoà,,Investment_Amount,214000.0,million_VND,Plan,PL13
b8158b3d-b94a-452a-b8f0-109adb3fde50,2011,4,Cả nước,National,Investment,Hiệp Hoà,,Investment_Amount,3100.0,million_VND,Cumulative,PL13
df7ae5f8-f4bf-4a07-a740-de5e5a750a14,2011,4,Cả nước,National,Investment,Biên Hòa TN,,Investment_Amount,390000.0,million_VND,Plan,PL13
a0b9c8a0-bb6f-442f-8c73-b1e7d74b0c6f,2011,4,Cả nước,National,Investment,Biên Hòa TN,,Investment_Amount,4000.0,million_VND,Cumulative,PL13
5bf276f3-a9ee-4259-9a86-d6ac3098b559,2011,4,Cả nước,National,Investment,Bourbon TN,,Investment_Amount,880000.0,million_VND,Plan,PL13
542f226d-d766-4e61-8581-cf5e6f70e193,2011,4,Cả nước,National,Investment,Bourbon TN,,Investment_Amount,5500.0,million_VND,Cumulative,PL13
b62edef9-43dd-4e66-acfb-994c63e1eec8,2011,4,Cả nước,National,Investment,NIVL,,Investment_Amount,555000.0,million_VND,Plan,PL13
fa0f817c-0443-46cb-995d-de8f8f7a4348,2011,4,Cả nước,National,Investment,NIVL,,Investment_Amount,8200.0,million_VND,Cumulative,PL13
34d2857d-301e-4a9d-a24b-0e8c218c38a5,2011,4,Cả nước,National,Investment,Nước Trong,,Investment_Amount,220000.0,million_VND,Plan,PL13
fe479e81-7fd3-4db4-9260-631200d4e20a,2011,4,Cả nước,National,Investment,Sóc Trăng,,Investment_Amount,300000.0,million_VND,Plan,PL13
fd01c0f9-244d-491d-84c1-f108d0fa8da4,2011,4,Cả nước,National,Investment,Sóc Trăng,,Investment_Amount,7000.0,million_VND,Cumulative,PL13
3257e3a4-8193-4ca5-9e9d-2424710caa2a,2011,4,Cả nước,National,Investment,Kiên Giang,,Investment_Amount,100000.0,million_VND,Plan,PL13
9a01813e-af78-4d70-b274-702fb2f118f6,2011,4,Cả nước,National,Investment,Kiên Giang,,Investment_Amount,300.0,million_VND,Cumulative,PL13
e7c0093f-246b-44e0-8cb3-7122912bf7d5,2011,4,Cả nước,National,Investment,Bến Tre,,Investment_Amount,230000.0,million_VND,Plan,PL13
ec5a179a-59c0-4ab0-8d5a-1f70a8c97607,2011,4,Cả nước,National,Investment,Bến Tre,,Investment_Amount,4200.0,million_VND,Cumulative,PL13
80240b77-910c-4300-8618-17e494693596,2011,4,Cả nước,National,Investment,Phụng Hiệp,,Investment_Amount,360000.0,million_VND,Plan,PL13
144c2461-a8a0-4f4a-9a9c-bcc2c61bf7ef,2011,4,Cả nước,National,Investment,Phụng Hiệp,,Investment_Amount,5000.0,million_VND,Cumulative,PL13
43b2ef6d-e970-482f-8693-9cf966f1babc,2011,4,Cả nước,National,Investment,Vị Thanh,,Investment_Amount,429000.0,million_VND,Plan,PL13
907dc8e0-a423-4fc4-8841-1e52da468738,2011,4,Cả nước,National,Investment,Vị Thanh,,Investment_Amount,5300.0,million_VND,Cumulative,PL13
bf543e1c-1b9c-4c3b-80f1-dd6c4c7df5c8,2011,4,Cả nước,National,Investment,Long Mỹ Phát,,Investment_Amount,210000.0,million_VND,Plan,PL13
13b4d4ea-2822-4a52-b1ff-417542dfd046,2011,4,Cả nước,National,Investment,Long Mỹ Phát,,Investment_Amount,2000.0,million_VND,Cumulative,PL13
77418f2b-a859-4666-8a1f-17ba13f90a04,2011,4,Cả nước,National,Investment,Cà Mau,,Investment_Amount,142000.0,million_VND,Plan,PL13
5a8d0437-5bfc-4296-8a54-bfa2d0e45c6a,2011,4,Cả nước,National,Investment,Cà Mau,,Investment_Amount,300.0,million_VND,Cumulative,PL13
2a857c55-8218-4a34-8c32-792b26fb3ae5,2011,4,Cả nước,National,Investment,Trà Vinh,,Investment_Amount,285000.0,million_VND,Plan,PL13
31077b29-0885-4e3e-b894-84949e78ab0a,2011,4,Cả nước,National,Investment,Trà Vinh,,Investment_Amount,5000.0,million_VND,Cumulative,PL13
7f868ee9-9fc8-4b0b-9719-ad098f2772dc,2011,4,Miền Bắc,Regional,Cultivation,Lúa,,Area_Planted,1129388.0,ha,Actual,PL2
0eb2b348-5eb3-43fa-b6c4-266b3d23f1cb,2011,4,Miền Bắc,Regional,Cultivation,Lúa,,Area_Planted,631695.0,ha,Actual,PL2
e3eea82b-061e-4004-b42b-ffc27b401d7a,2011,4,Miền Bắc,Regional,Cultivation,Ngô,,Area_Planted,433511.0,ha,Actual,PL2
39d7544a-e19c-4e6b-9439-56bf0650e1cd,2011,4,Miền Bắc,Regional,Cultivation,Khoai lang,,Area_Planted,78629.0,ha,Actual,PL2
7471e1af-8bec-423d-b798-a68ca5b67701,2011,4,Miền Bắc,Regional,Cultivation,Sắn,,Area_Planted,113990.0,ha,Actual,PL2
7db6cb12-799f-4b8d-960e-c250f5f4607e,2011,4,Miền Bắc,Regional,Cultivation,Lúa,,Area_Planted,5566.0,ha,Actual,PL2
16a81029-02c8-414e-bd06-7bb7b01f4526,2011,4,ĐB sông Hồng,Provincial,Cultivation,Lúa,,Area_Planted,564005.0,ha,Actual,PL2
76da4d8d-3696-496a-832d-7aff5736527e,2011,4,ĐB sông Hồng,Provincial,Cultivation,Lúa,,Area_Planted,109389.0,ha,Actual,PL2
cafe4ef6-a4bc-40dc-877b-920c89f47491,2011,4,ĐB sông Hồng,Provincial,Cultivation,Ngô,,Area_Planted,82121.0,ha,Actual,PL2
bdbcc0d6-e898-4ce8-b268-58387431c3b8,2011,4,ĐB sông Hồng,Provincial,Cultivation,Khoai lang,,Area_Planted,21746.0,ha,Actual,PL2
1bb2f167-94dc-48f4-b9fb-0f761b9c00e8,2011,4,ĐB sông Hồng,Provincial,Cultivation,Sắn,,Area_Planted,4099.0,ha,Actual,PL2
4371dab1-b3a3-4a0c-8cdd-5688fc2adfe0,2011,4,ĐB sông Hồng,Provincial,Cultivation,Lúa,,Area_Planted,1422.0,ha,Actual,PL2
baed9687-6322-40ac-848c-69f8ace4061e,2011,4,Hà Nội,Provincial,Cultivation,Lúa,,Area_Planted,100387.0,ha,Actual,PL2
d972a422-5082-4eb4-b1b7-a006e0f71cf0,2011,4,Hà Nội,Provincial,Cultivation,Lúa,,Area_Planted,26383.0,ha,Actual,PL2
45a4eb9b-a177-45f0-b286-45887b5d9d35,2011,4,Hà Nội,Provincial,Cultivation,Ngô,,Area_Planted,20368.0,ha,Actual,PL2
056b9e15-8a26-44a5-ad4e-2783e82533e7,2011,4,Hà Nội,Provincial,Cultivation,Khoai lang,,Area_Planted,4868.0,ha,Actual,PL2
1021bf25-3dc6-4884-b6ab-146f989800ca,2011,4,Hà Nội,Provincial,Cultivation,Sắn,,Area_Planted,690.0,ha,Actual,PL2
6f3880bf-3031-4395-9e40-1d7e1b2fe264,2011,4,Hà Nội,Provincial,Cultivation,Lúa,,Area_Planted,457.0,ha,Actual,PL2
49338081-46cf-4e76-8da8-3593b7ee4949,2011,4,Hải Phòng,Provincial,Cultivation,Lúa,,Area_Planted,38507.0,ha,Actual,PL2
409211bc-7a35-44d3-b50f-7ffe42314c1c,2011,4,Hải Phòng,Provincial,Cultivation,Lúa,,Area_Planted,3263.0,ha,Actual,PL2
68eae584-6275-47b7-8024-a81128fe7bc1,2011,4,Hải Phòng,Provincial,Cultivation,Ngô,,Area_Planted,2151.0,ha,Actual,PL2
90f27791-ce56-4e09-810e-f9526c4da9e7,2011,4,Hải Phòng,Provincial,Cultivation,Khoai lang,,Area_Planted,1112.0,ha,Actual,PL2
457d16bb-433b-4353-b215-e5be500ac4cf,2011,4,Vĩnh Phúc,Provincial,Cultivation,Lúa,,Area_Planted,31371.0,ha,Actual,PL2
94477e3b-949c-4ffa-bbeb-5e27e64153b2,2011,4,Vĩnh Phúc,Provincial,Cultivation,Lúa,,Area_Planted,19145.0,ha,Actual,PL2
f2571147-6fb9-4ae6-8685-85fc55e9bf6a,2011,4,Vĩnh Phúc,Provincial,Cultivation,Ngô,,Area_Planted,15087.0,ha,Actual,PL2
f7b4cdb3-6335-454a-8a93-5a5c47e54f46,2011,4,Vĩnh Phúc,Provincial,Cultivation,Khoai lang,,Area_Planted,2438.0,ha,Actual,PL2
51e940b1-4cc8-4671-8887-8024a7b8d10e,2011,4,Vĩnh Phúc,Provincial,Cultivation,Sắn,,Area_Planted,1420.0,ha,Actual,PL2
cd55b2a0-5f14-4d7f-9b37-aa422d515613,2011,4,Vĩnh Phúc,Provincial,Cultivation,Lúa,,Area_Planted,200.0,ha,Actual,PL2
7cb9b414-cc52-48f5-8f3b-e809af467e61,2011,4,Bắc Ninh,Provincial,Cultivation,Lúa,,Area_Planted,35929.0,ha,Actual,PL2
a579e7c8-53fe-4fab-893d-36158123bb72,2011,4,Bắc Ninh,Provincial,Cultivation,Lúa,,Area_Planted,4937.0,ha,Actual,PL2
f5b6bba0-5845-49ae-83f8-9b5f7a9aa793,2011,4,Bắc Ninh,Provincial,Cultivation,Ngô,,Area_Planted,4132.0,ha,Actual,PL2
18bc7725-2977-415d-b03e-e79944dd33f5,2011,4,Bắc Ninh,Provincial,Cultivation,Khoai lang,,Area_Planted,805.0,ha,Actual,PL2
c4195c39-f9c3-43b0-9152-cae1ac8c562d,2011,4,Hải Dương,Provincial,Cultivation,Lúa,,Area_Planted,63817.0,ha,Actual,PL2
8b24e04b-0838-4896-b5f9-f610d0b208d2,2011,4,Hải Dương,Provincial,Cultivation,Lúa,,Area_Planted,3462.0,ha,Actual,PL2
6fee0546-4297-4906-91b8-3465ebefba7d,2011,4,Hải Dương,Provincial,Cultivation,Ngô,,Area_Planted,2540.0,ha,Actual,PL2
e0d803e2-0859-48ca-ae73-f07bf43f8a9e,2011,4,Hải Dương,Provincial,Cultivation,Khoai lang,,Area_Planted,922.0,ha,Actual,PL2
e9fadf9d-fa80-4ae9-ba3d-224d50f4dd3a,2011,4,Hưng Yên,Provincial,Cultivation,Lúa,,Area_Planted,40305.0,ha,Actual,PL2
75a50135-c5f3-42ae-9bb9-d2b182d169de,2011,4,Hưng Yên,Provincial,Cultivation,Lúa,,Area_Planted,8624.0,ha,Actual,PL2
491871b1-ffa3-4009-aa7e-731fec8934ab,2011,4,Hưng Yên,Provincial,Cultivation,Ngô,,Area_Planted,7624.0,ha,Actual,PL2
7f80d1c8-d209-4644-938d-0dfe6d4b2600,2011,4,Hưng Yên,Provincial,Cultivation,Khoai lang,,Area_Planted,1000.0,ha,Actual,PL2
caec65ba-b105-43ed-8d2e-2c85193c3016,2011,4,Hà Nam,Provincial,Cultivation,Lúa,,Area_Planted,34522.0,ha,Actual,PL2
0930a504-2f61-4094-8778-ace9390322ad,2011,4,Hà Nam,Provincial,Cultivation,Lúa,,Area_Planted,7664.0,ha,Actual,PL2
a16a5b2b-5214-4ac7-a1e7-0eb89a1a2c97,2011,4,Hà Nam,Provincial,Cultivation,Ngô,,Area_Planted,72673119.0,ha,Actual,PL2
45ced6d3-a7fb-4bb8-a44d-eb229de676bb,2011,4,Hà Nam,Provincial,Cultivation,Khoai lang,,Area_Planted,396.0,ha,Actual,PL2
c69cdd39-f41f-4b12-ad0e-f230b3ebf6b7,2011,4,Nam Định,Provincial,Cultivation,Lúa,,Area_Planted,77800.0,ha,Actual,PL2
fe4d3fed-b19d-43d0-83e9-c56d4e9dbe78,2011,4,Nam Định,Provincial,Cultivation,Lúa,,Area_Planted,4652.0,ha,Actual,PL2
85d3e5f7-4152-48c0-b232-d1faaceb39c0,2011,4,Nam Định,Provincial,Cultivation,Ngô,,Area_Planted,4652.0,ha,Actual,PL2
8184b5a1-7d81-4daa-b53a-6c4a25bc6191,2011,4,Nam Định,Provincial,Cultivation,Khoai lang,,Area_Planted,1533.0,ha,Actual,PL2
2f167f79-1f2a-485c-82fb-ed6f6a8f84c5,2011,4,Thái Bình,Provincial,Cultivation,Lúa,,Area_Planted,82739.0,ha,Actual,PL2
05c21533-8054-4c6f-aacc-62e6be3c8d03,2011,4,Thái Bình,Provincial,Cultivation,Lúa,,Area_Planted,12360.0,ha,Actual,PL2
2880bb33-6549-44bc-9123-463f0f9412d5,2011,4,Thái Bình,Provincial,Cultivation,Ngô,,Area_Planted,9380.0,ha,Actual,PL2
75fee164-2372-4666-bf2e-809331256533,2011,4,Thái Bình,Provincial,Cultivation,Khoai lang,,Area_Planted,2980.0,ha,Actual,PL2
7ef67323-454f-4b2d-a52c-8bc3196ecd64,2011,4,Ninh Bình,Provincial,Cultivation,Lúa,,Area_Planted,41594.0,ha,Actual,PL2
9105444d-f436-4f91-8242-d762106fe360,2011,4,Ninh Bình,Provincial,Cultivation,Lúa,,Area_Planted,9353.0,ha,Actual,PL2
182ac794-2356-4813-96d7-1541bca23069,2011,4,Ninh Bình,Provincial,Cultivation,Ngô,,Area_Planted,5629.0,ha,Actual,PL2
ca5eb2f3-9258-4b01-8d92-1920cbe56c93,2011,4,Ninh Bình,Provincial,Cultivation,Khoai lang,,Area_Planted,2795.0,ha,Actual,PL2
8d88dcce-4815-4d95-8143-33f36de95c05,2011,4,Ninh Bình,Provincial,Cultivation,Sắn,,Area_Planted,929.0,ha,Actual,PL2
4685f1ff-e178-4da4-9737-ca4b01ca20a0,2011,4,Quảng Ninh,Provincial,Cultivation,Lúa,,Area_Planted,17034.0,ha,Actual,PL2
ad0558d0-3ff1-4a4f-bc20-7e15fd93a16c,2011,4,Quảng Ninh,Provincial,Cultivation,Lúa,,Area_Planted,9546.0,ha,Actual,PL2
2ceb5328-b0ae-43f8-8c80-e67a850b90c2,2011,4,Quảng Ninh,Provincial,Cultivation,Ngô,,Area_Planted,4824.0,ha,Actual,PL2
7be41b37-4e8f-47fa-872f-a738bb745f26,2011,4,Quảng Ninh,Provincial,Cultivation,Khoai lang,,Area_Planted,2897.0,ha,Actual,PL2
07ff6085-cc12-487c-8667-879d3a1961ba,2011,4,Quảng Ninh,Provincial,Cultivation,Sắn,,Area_Planted,1060.0,ha,Actual,PL2
e7545911-ffa6-4c13-a9aa-cbe45920dfbf,2011,4,Quảng Ninh,Provincial,Cultivation,Lúa,,Area_Planted,765.0,ha,Actual,PL2
d0d4d235-b7c5-4f99-9736-48b04bf8b373,2011,4,TD và MN phía Bắc,Provincial,Cultivation,Lúa,,Area_Planted,224965.0,ha,Actual,PL2
6acb08c9-5fc7-4a85-a018-cf45c83e8ddb,2011,4,TD và MN phía Bắc,Provincial,Cultivation,Lúa,,Area_Planted,355330.0,ha,Actual,PL2
db338654-7a02-43e5-abb3-ef96711f25a0,2011,4,TD và MN phía Bắc,Provincial,Cultivation,Ngô,,Area_Planted,257940.0,ha,Actual,PL2
1b42b434-5fd9-4fa7-b103-424dd370eb6c,2011,4,TD và MN phía Bắc,Provincial,Cultivation,Khoai lang,,Area_Planted,23743.0,ha,Actual,PL2
e76556fd-b3fc-4c0a-83a3-28ebb8783194,2011,4,TD và MN phía Bắc,Provincial,Cultivation,Sắn,,Area_Planted,69852.0,ha,Actual,PL2
90a13ab5-58c0-45f7-a427-5cfbf30e366c,2011,4,TD và MN phía Bắc,Provincial,Cultivation,Lúa,,Area_Planted,3794.0,ha,Actual,PL2
a0784771-614c-4449-b6c2-3e68c209a3a6,2011,4,Hà Giang,Provincial,Cultivation,Lúa,,Area_Planted,9907.0,ha,Actual,PL2
5bf545ad-5467-4340-abf4-c5fbe60dbacd,2011,4,Hà Giang,Provincial,Cultivation,Lúa,,Area_Planted,34528.0,ha,Actual,PL2
f250ccee-21d7-414a-9c65-5e85f172cd73,2011,4,Hà Giang,Provincial,Cultivation,Ngô,,Area_Planted,34528.0,ha,Actual,PL2
fe1b9e60-74fe-4b05-84c4-20b182dde501,2011,4,Cao Bằng,Provincial,Cultivation,Lúa,,Area_Planted,2683.0,ha,Actual,PL2
e53cc5b7-69f5-4910-a412-0879fde0a973,2011,4,Cao Bằng,Provincial,Cultivation,Lúa,,Area_Planted,24631.0,ha,Actual,PL2
e801a6d5-1931-4653-870c-1c35e4825880,2011,4,Cao Bằng,Provincial,Cultivation,Ngô,,Area_Planted,24559.0,ha,Actual,PL2
3d37d4fa-8d4c-40d8-9dad-2ae218e74d64,2011,4,Cao Bằng,Provincial,Cultivation,Khoai lang,,Area_Planted,72.0,ha,Actual,PL2
3607687a-b192-4b34-a25d-253c0d5690cf,2011,4,Lào Cai,Provincial,Cultivation,Lúa,,Area_Planted,9198.0,ha,Actual,PL2
dac6e311-a8f9-4cb4-b320-2c3c4a7c72db,2011,4,Lào Cai,Provincial,Cultivation,Lúa,,Area_Planted,21597.0,ha,Actual,PL2
9d3c2406-a0f6-4c4f-b542-33509329556b,2011,4,Lào Cai,Provincial,Cultivation,Ngô,,Area_Planted,21421.0,ha,Actual,PL2
847e75e2-7b0e-4c22-84a6-a0575c72e9dd,2011,4,Lào Cai,Provincial,Cultivation,Khoai lang,,Area_Planted,176.0,ha,Actual,PL2
1a2fa891-e199-407a-a683-ab784c657395,2011,4,Bắc Cạn,Provincial,Cultivation,Lúa,,Area_Planted,7501.0,ha,Actual,PL2
8136b4d9-fb91-4f86-8d06-7c114d955899,2011,4,Bắc Cạn,Provincial,Cultivation,Lúa,,Area_Planted,9526.0,ha,Actual,PL2
b3dc6697-bc61-4cdb-9058-7a74337158f6,2011,4,Bắc Cạn,Provincial,Cultivation,Ngô,,Area_Planted,8573.0,ha,Actual,PL2
1ca68560-84ac-488f-aaf4-e7fd1c504ee4,2011,4,Bắc Cạn,Provincial,Cultivation,Khoai lang,,Area_Planted,92.0,ha,Actual,PL2
19a88d78-18e8-446b-af5b-0a9c2b59c173,2011,4,Bắc Cạn,Provincial,Cultivation,Sắn,,Area_Planted,748.0,ha,Actual,PL2
9f8ee72d-3329-4628-aeee-b8e29d70ed1e,2011,4,Bắc Cạn,Provincial,Cultivation,Lúa,,Area_Planted,113.0,ha,Actual,PL2
3f116d97-9ebc-4fd0-8bac-35ae0a663f4a,2011,4,Lạng Sơn,Provincial,Cultivation,Lúa,,Area_Planted,8254.0,ha,Actual,PL2
c8c237cd-1d67-457c-84ab-044f71297d94,2011,4,Lạng Sơn,Provincial,Cultivation,Lúa,,Area_Planted,14001.0,ha,Actual,PL2
72c95f27-2dc2-4374-ba96-15fdc4290909,2011,4,Lạng Sơn,Provincial,Cultivation,Ngô,,Area_Planted,10465.0,ha,Actual,PL2
775bfb58-a6e9-4367-a183-e1fc258b4794,2011,4,Lạng Sơn,Provincial,Cultivation,Khoai lang,,Area_Planted,696.0,ha,Actual,PL2
07be0a0a-4cf9-45ce-a38b-a3eba264a73a,2011,4,Lạng Sơn,Provincial,Cultivation,Sắn,,Area_Planted,2790.0,ha,Actual,PL2
6b24fd5a-6427-49f5-82e9-8c0664333f19,2011,4,Lạng Sơn,Provincial,Cultivation,Lúa,,Area_Planted,50.0,ha,Actual,PL2
3d40c290-a875-4839-982a-2b6106ec6b20,2011,4,Tuyên Quang,Provincial,Cultivation,Lúa,,Area_Planted,19653.0,ha,Actual,PL2
4b4e998f-4e9e-46b9-8141-dc0c0d21fabc,2011,4,Tuyên Quang,Provincial,Cultivation,Lúa,,Area_Planted,9542.0,ha,Actual,PL2
a0363fd6-e9fc-44d8-a37e-7c4c34142937,2011,4,Tuyên Quang,Provincial,Cultivation,Ngô,,Area_Planted,6705.0,ha,Actual,PL2
7aa52665-b04e-4c7b-8966-5cd813dbb2d8,2011,4,Tuyên Quang,Provincial,Cultivation,Khoai lang,,Area_Planted,2837.0,ha,Actual,PL2
f2991ad8-410e-4a8e-b359-5b6477acf3cc,2011,4,Yên Bái,Provincial,Cultivation,Lúa,,Area_Planted,17840.0,ha,Actual,PL2
0585d7ae-15dd-4225-bebb-bd7838b3367d,2011,4,Yên Bái,Provincial,Cultivation,Lúa,,Area_Planted,30059.0,ha,Actual,PL2
49ea896a-e985-4088-96da-0781ab4ab2e4,2011,4,Yên Bái,Provincial,Cultivation,Ngô,,Area_Planted,15832.0,ha,Actual,PL2
4abdd596-5a7c-41f5-aa7e-b845fcb04b1a,2011,4,Yên Bái,Provincial,Cultivation,Khoai lang,,Area_Planted,1580.0,ha,Actual,PL2
3e61cfb6-09e9-4c64-ab77-2fd5f507ac2c,2011,4,Yên Bái,Provincial,Cultivation,Sắn,,Area_Planted,12647.0,ha,Actual,PL2
b3da502b-5687-4e9d-b8db-813dc98922cb,2011,4,Thái Nguyên,Provincial,Cultivation,Lúa,,Area_Planted,29267.0,ha,Actual,PL2
e99723a8-b633-4502-a1c4-2e92d23dfa76,2011,4,Thái Nguyên,Provincial,Cultivation,Lúa,,Area_Planted,22000.0,ha,Actual,PL2
63598ac2-2660-4493-a584-deff8baea4f1,2011,4,Thái Nguyên,Provincial,Cultivation,Ngô,,Area_Planted,13659.0,ha,Actual,PL2
880fc411-2e7c-444c-b1ea-b18d8e0124d8,2011,4,Thái Nguyên,Provincial,Cultivation,Khoai lang,,Area_Planted,5795.0,ha,Actual,PL2
7c436698-f94a-459c-9b7b-5bc434661a65,2011,4,Thái Nguyên,Provincial,Cultivation,Sắn,,Area_Planted,2546.0,ha,Actual,PL2
290e16f1-f236-4c47-844c-9d667c0b0421,2011,4,Phú Thọ,Provincial,Cultivation,Lúa,,Area_Planted,35897.0,ha,Actual,PL2
5f003339-4471-4518-83aa-54f7b698f866,2011,4,Phú Thọ,Provincial,Cultivation,Lúa,,Area_Planted,27527.0,ha,Actual,PL2
f0ec2a5d-ac26-4cc7-8e61-d7a93b367354,2011,4,Phú Thọ,Provincial,Cultivation,Ngô,,Area_Planted,17911.0,ha,Actual,PL2
b0e10242-e187-41f6-a44e-b526abf6a699,2011,4,Phú Thọ,Provincial,Cultivation,Khoai lang,,Area_Planted,1827.0,ha,Actual,PL2
c6e3e9ec-7cca-4737-b677-a975c948adcf,2011,4,Phú Thọ,Provincial,Cultivation,Sắn,,Area_Planted,7589.0,ha,Actual,PL2
a750ca5d-5dac-4896-b1cb-1bd60f59e13b,2011,4,Phú Thọ,Provincial,Cultivation,Lúa,,Area_Planted,200.0,ha,Actual,PL2
903dfd5f-474b-4d59-b72f-89a89b3490d7,2011,4,Bắc Giang,Provincial,Cultivation,Lúa,,Area_Planted,48445.0,ha,Actual,PL2
7dbf8bed-cd1b-4c7c-8a0e-17040b382857,2011,4,Bắc Giang,Provincial,Cultivation,Lúa,,Area_Planted,15123.0,ha,Actual,PL2
6253a424-490a-4444-b701-9965dc123405,2011,4,Bắc Giang,Provincial,Cultivation,Ngô,,Area_Planted,8061.0,ha,Actual,PL2
c88ba616-45c8-4884-ad3f-96c766965a0d,2011,4,Bắc Giang,Provincial,Cultivation,Khoai lang,,Area_Planted,7062.0,ha,Actual,PL2
a8a7b751-57ec-4caf-8237-ff4eb5fae63b,2011,4,Lai Châu,Provincial,Cultivation,Lúa,,Area_Planted,4428.0,ha,Actual,PL2
9d1e24d5-f834-49ca-a564-22e5ced0bab6,2011,4,Lai Châu,Provincial,Cultivation,Lúa,,Area_Planted,17813.0,ha,Actual,PL2
4e485dbb-1fb1-4d1e-9ef0-cba4860e5ece,2011,4,Lai Châu,Provincial,Cultivation,Ngô,,Area_Planted,13352.0,ha,Actual,PL2
13fd978c-0334-4dea-b9c4-953fe8b8982b,2011,4,Lai Châu,Provincial,Cultivation,Sắn,,Area_Planted,4461.0,ha,Actual,PL2
915d1a63-3e37-458a-b1c4-40b14ae3d6d0,2011,4,Điện Biên,Provincial,Cultivation,Lúa,,Area_Planted,7858.0,ha,Actual,PL2
63b07a5b-044d-4789-a5d7-5232f843f95b,2011,4,Điện Biên,Provincial,Cultivation,Lúa,,Area_Planted,13954.0,ha,Actual,PL2
90bc4d18-540b-4d5f-a802-af58926f98c5,2011,4,Điện Biên,Provincial,Cultivation,Ngô,,Area_Planted,8983.0,ha,Actual,PL2
5399bac5-9e64-410b-84c9-7bf99c3c7293,2011,4,Điện Biên,Provincial,Cultivation,Sắn,,Area_Planted,4971.0,ha,Actual,PL2
b72b643f-10bd-43f2-8bef-9626e0fa4f6c,2011,4,Sơn La,Provincial,Cultivation,Lúa,,Area_Planted,9047.0,ha,Actual,PL2
f810dc54-2305-4336-b6f7-14ecb5cac8b5,2011,4,Sơn La,Provincial,Cultivation,Lúa,,Area_Planted,79959.0,ha,Actual,PL2
a13dddb6-838d-4e75-ba2c-3b87bf8bd98d,2011,4,Sơn La,Provincial,Cultivation,Ngô,,Area_Planted,55550.0,ha,Actual,PL2
64764f5f-9317-475f-a80b-08b3b3e32a14,2011,4,Sơn La,Provincial,Cultivation,Khoai lang,,Area_Planted,76.0,ha,Actual,PL2
72fcdd7f-eae4-4789-b0b4-f6b763168288,2011,4,Sơn La,Provincial,Cultivation,Sắn,,Area_Planted,22102.0,ha,Actual,PL2
41fedfc6-32f2-4d7b-ba6b-f03b7c876986,2011,4,Sơn La,Provincial,Cultivation,Lúa,,Area_Planted,2231.0,ha,Actual,PL2
20ada6e9-48bc-4843-bb77-55b59d2ab636,2011,4,Hoà Bình,Provincial,Cultivation,Lúa,,Area_Planted,14987.0,ha,Actual,PL2
09d3e34c-29fd-4897-8199-0fdb5b4a1fb4,2011,4,Hoà Bình,Provincial,Cultivation,Lúa,,Area_Planted,35069.0,ha,Actual,PL2
304f87b8-27f4-4999-aa06-1b292c7a21d8,2011,4,Hoà Bình,Provincial,Cultivation,Ngô,,Area_Planted,18341.0,ha,Actual,PL2
891fe214-fbfb-4d09-b72e-8e04c94e7d43,2011,4,Hoà Bình,Provincial,Cultivation,Khoai lang,,Area_Planted,3530.0,ha,Actual,PL2
fbc8b03c-a1c9-450a-959b-17c243ace896,2011,4,Hoà Bình,Provincial,Cultivation,Sắn,,Area_Planted,11998.0,ha,Actual,PL2
48de28f3-fb8a-4c7c-8de6-db85f5b6fa02,2011,4,Hoà Bình,Provincial,Cultivation,Lúa,,Area_Planted,1200.0,ha,Actual,PL2
5e7ad617-143e-4d82-b206-a6dac2a04d83,2011,4,Bắc Trung Bộ,Provincial,Cultivation,Lúa,,Area_Planted,340418.0,ha,Actual,PL2
f8b84a3c-e574-4ab7-b2f5-fa658e310288,2011,4,Bắc Trung Bộ,Provincial,Cultivation,Lúa,,Area_Planted,166977.0,ha,Actual,PL2
1ab11b71-c87e-41f9-830d-315496c73a8b,2011,4,Bắc Trung Bộ,Provincial,Cultivation,Ngô,,Area_Planted,93449.0,ha,Actual,PL2
4414ce60-fea6-4b2e-be07-29ac97330fb5,2011,4,Bắc Trung Bộ,Provincial,Cultivation,Khoai lang,,Area_Planted,33139.0,ha,Actual,PL2
32eaf6c1-2458-4a4f-93e1-9d1565524539,2011,4,Bắc Trung Bộ,Provincial,Cultivation,Sắn,,Area_Planted,40039.0,ha,Actual,PL2
7e09e960-86f4-4957-ba45-3d8fcd958685,2011,4,Bắc Trung Bộ,Provincial,Cultivation,Lúa,,Area_Planted,350.0,ha,Actual,PL2
43bf17a6-462d-4be2-811a-73ff4a63a396,2011,4,Thanh Hoá,Provincial,Cultivation,Lúa,,Area_Planted,120705.0,ha,Actual,PL2
e5aad070-a301-47de-bf83-20f1bb68803c,2011,4,Thanh Hoá,Provincial,Cultivation,Lúa,,Area_Planted,59430.0,ha,Actual,PL2
500c9f52-62fd-43b5-9808-41d3c818bbbc,2011,4,Thanh Hoá,Provincial,Cultivation,Ngô,,Area_Planted,33501.0,ha,Actual,PL2
db526816-f697-4810-a880-4d76562511c2,2011,4,Thanh Hoá,Provincial,Cultivation,Khoai lang,,Area_Planted,9429.0,ha,Actual,PL2
7667b53e-8264-408e-9386-030387c1aedd,2011,4,Thanh Hoá,Provincial,Cultivation,Sắn,,Area_Planted,16500.0,ha,Actual,PL2
0c3ba43e-a044-45c3-af1f-618a1e1ba08b,2011,4,Nghệ An,Provincial,Cultivation,Lúa,,Area_Planted,87500.0,ha,Actual,PL2
c42d74e4-4f7f-4937-a995-33675adaceb1,2011,4,Nghệ An,Provincial,Cultivation,Lúa,,Area_Planted,52157.0,ha,Actual,PL2
6b1cd016-dc5c-4e47-a911-a0664295de1f,2011,4,Nghệ An,Provincial,Cultivation,Ngô,,Area_Planted,43247.0,ha,Actual,PL2
b34f874d-1735-4527-9049-7f424f70fda8,2011,4,Nghệ An,Provincial,Cultivation,Khoai lang,,Area_Planted,8910.0,ha,Actual,PL2
fc390687-eb9b-44d1-893a-b17b9cf345b6,2011,4,Hà Tĩnh,Provincial,Cultivation,Lúa,,Area_Planted,53764.0,ha,Actual,PL2
5035e9ed-39e7-476c-8be4-abb0996ef9c2,2011,4,Hà Tĩnh,Provincial,Cultivation,Lúa,,Area_Planted,16738.0,ha,Actual,PL2
8b745860-438e-4642-9fd2-31c7f74622c8,2011,4,Hà Tĩnh,Provincial,Cultivation,Ngô,,Area_Planted,8151.0,ha,Actual,PL2
fd21dc2c-b083-4215-8e94-6192230f4fc3,2011,4,Hà Tĩnh,Provincial,Cultivation,Khoai lang,,Area_Planted,6000.0,ha,Actual,PL2
d324ba0d-4aba-4024-92fa-653b1d9d9af4,2011,4,Hà Tĩnh,Provincial,Cultivation,Sắn,,Area_Planted,2587.0,ha,Actual,PL2
3f0198c9-f450-40c4-99cb-caec327a83f9,2011,4,Quảng Bình,Provincial,Cultivation,Lúa,,Area_Planted,27100.0,ha,Actual,PL2
99406122-59cb-4abc-af29-131ca036eb0f,2011,4,Quảng Bình,Provincial,Cultivation,Lúa,,Area_Planted,14400.0,ha,Actual,PL2
9693eef7-13fa-49b3-a461-3da81604abad,2011,4,Quảng Bình,Provincial,Cultivation,Ngô,,Area_Planted,4300.0,ha,Actual,PL2
6315ac8a-679f-45b2-9334-445f7c3cc1c4,2011,4,Quảng Bình,Provincial,Cultivation,Khoai lang,,Area_Planted,4200.0,ha,Actual,PL2
dabbfe10-197f-414f-b37d-da0b0a253a7d,2011,4,Quảng Bình,Provincial,Cultivation,Sắn,,Area_Planted,5900.0,ha,Actual,PL2
46ef41da-c465-4123-be57-1e947277ce90,2011,4,Quảng Trị,Provincial,Cultivation,Lúa,,Area_Planted,24029.0,ha,Actual,PL2
bec83988-c001-4b40-a002-1ace47568fa3,2011,4,Quảng Trị,Provincial,Cultivation,Lúa,,Area_Planted,12000.0,ha,Actual,PL2
9d3ddea2-71b2-4b93-bf05-b813012826ee,2011,4,Quảng Trị,Provincial,Cultivation,Ngô,,Area_Planted,2500.0,ha,Actual,PL2
0c498e47-0148-474a-880b-6b36daf05f42,2011,4,Quảng Trị,Provincial,Cultivation,Khoai lang,,Area_Planted,500.0,ha,Actual,PL2
ecc365c6-94b0-4402-a86c-088bb867514e,2011,4,Quảng Trị,Provincial,Cultivation,Sắn,,Area_Planted,9000.0,ha,Actual,PL2
a932d528-afb2-4a9f-bc13-ed59d1de7156,2011,4,Thừa Thiên Huế,Provincial,Cultivation,Lúa,,Area_Planted,27320.0,ha,Actual,PL2
03669b9b-cf6e-4047-900b-18c1cf3f0cb2,2011,4,Thừa Thiên Huế,Provincial,Cultivation,Lúa,,Area_Planted,12252.0,ha,Actual,PL2
a49f582a-0b9e-4226-8e57-cb369a290075,2011,4,Thừa Thiên Huế,Provincial,Cultivation,Ngô,,Area_Planted,1750.0,ha,Actual,PL2
b8f55423-763e-49b0-9973-da126e2360ae,2011,4,Thừa Thiên Huế,Provincial,Cultivation,Khoai lang,,Area_Planted,4100.0,ha,Actual,PL2
4fa6ad9b-077c-4bef-91c3-3b45b512d228,2011,4,Thừa Thiên Huế,Provincial,Cultivation,Sắn,,Area_Planted,6052.0,ha,Actual,PL2
326197f4-4ebc-4fdd-b398-a0a703a78abc,2011,4,Thừa Thiên Huế,Provincial,Cultivation,Lúa,,Area_Planted,350.0,ha,Actual,PL2
870cf788-b213-4857-ac32-1d3869312675,2011,4,Miền Bắc,Regional,Cultivation,Lúa,,Area_Planted,289277.0,ha,Actual,PL3
eeb2e3c8-fbf8-49d5-9332-497d1d8138ec,2011,4,Miền Bắc,Regional,Cultivation,Đậu tương,,Area_Planted,107860.0,ha,Actual,PL3
184ec0fb-2e36-448a-8f67-3933af1899a7,2011,4,Miền Bắc,Regional,Cultivation,Lạc,,Area_Planted,131932.0,ha,Actual,PL3
4fe72a41-b323-4081-81c8-a7f6d845c9cb,2011,4,Miền Bắc,Regional,Cultivation,Mía,,Area_Planted,35473.0,ha,Actual,PL3
196e40aa-893e-43f9-abad-f4f658ca452e,2011,4,Miền Bắc,Regional,Cultivation,Thuốc lá,,Area_Planted,9180.0,ha,Actual,PL3
f7fa1903-badc-4daf-9263-eb58d4e6c682,2011,4,Miền Bắc,Regional,Cultivation,Lúa,,Area_Planted,4831.0,ha,Actual,PL3
62439761-5fff-49f9-ad66-7b314e82e042,2011,4,Miền Bắc,Regional,Cultivation,Lúa,,Area_Planted,214511.0,ha,Actual,PL3
d669cf0a-f913-4e10-8353-1d0fd0d299a0,2011,4,ĐB sông Hồng,Provincial,Cultivation,Lúa,,Area_Planted,106698.0,ha,Actual,PL3
3ed348eb-7645-4cf3-b6f3-15abccb5a015,2011,4,ĐB sông Hồng,Provincial,Cultivation,Đậu tương,,Area_Planted,76502.0,ha,Actual,PL3
c522e067-711e-4412-859e-120cd6ec4bd0,2011,4,ĐB sông Hồng,Provincial,Cultivation,Lạc,,Area_Planted,26080.0,ha,Actual,PL3
7e28f415-29b6-4aac-ac9b-fcda8a3a2047,2011,4,ĐB sông Hồng,Provincial,Cultivation,Mía,,Area_Planted,1531.0,ha,Actual,PL3
a0a99ad4-84e3-44a4-af1a-bedeb00ead47,2011,4,ĐB sông Hồng,Provincial,Cultivation,Thuốc lá,,Area_Planted,1000.0,ha,Actual,PL3
4ff2ebb2-62b7-4e8c-b363-a374e2550503,2011,4,ĐB sông Hồng,Provincial,Cultivation,Lúa,,Area_Planted,1584.0,ha,Actual,PL3
d3363604-882d-4c0c-b8dd-f529fdfa52b1,2011,4,ĐB sông Hồng,Provincial,Cultivation,Lúa,,Area_Planted,110812.0,ha,Actual,PL3
d4cba47c-2399-4fb2-aada-5e509781af3d,2011,4,Hà Nội,Provincial,Cultivation,Lúa,,Area_Planted,38093.0,ha,Actual,PL3
6be6671e-d341-4abf-b66b-3aa4b5598ccf,2011,4,Hà Nội,Provincial,Cultivation,Đậu tương,,Area_Planted,31797.0,ha,Actual,PL3
062b70a6-1b62-46e4-94e8-c574ad8d048d,2011,4,Hà Nội,Provincial,Cultivation,Lạc,,Area_Planted,5839.0,ha,Actual,PL3
bbd512fa-1887-4c3e-9cab-bd9688b75a54,2011,4,Hà Nội,Provincial,Cultivation,Lúa,,Area_Planted,457.0,ha,Actual,PL3
b008d026-b260-4950-a297-d28ceb567088,2011,4,Hà Nội,Provincial,Cultivation,Lúa,,Area_Planted,19677.0,ha,Actual,PL3
d83d78ca-ac4c-459b-8e96-e8b04742bf2b,2011,4,Hải Phòng,Provincial,Cultivation,Lúa,,Area_Planted,1000.0,ha,Actual,PL3
c9fdcb16-c507-4c13-94ce-876f00627084,2011,4,Hải Phòng,Provincial,Cultivation,Thuốc lá,,Area_Planted,1000.0,ha,Actual,PL3
18028e6f-ccee-412c-a538-b1c74f000eb7,2011,4,Hải Phòng,Provincial,Cultivation,Lúa,,Area_Planted,11230.0,ha,Actual,PL3
f32c3df0-4775-4a75-9f57-57e26f074630,2011,4,Vĩnh Phúc,Provincial,Cultivation,Lúa,,Area_Planted,7260.0,ha,Actual,PL3
1f55ede5-3d48-443a-beba-e811a406c9e3,2011,4,Vĩnh Phúc,Provincial,Cultivation,Đậu tương,,Area_Planted,4008.0,ha,Actual,PL3
33f07921-5df6-4e6b-8a77-b39cdbebf1f5,2011,4,Vĩnh Phúc,Provincial,Cultivation,Lạc,,Area_Planted,2679.0,ha,Actual,PL3
66ee4e9c-3d6a-42e5-bb9c-0c0c1aa61171,2011,4,Vĩnh Phúc,Provincial,Cultivation,Mía,,Area_Planted,247.0,ha,Actual,PL3
2164cb15-0a58-4edb-b1fe-c9d2864cd86a,2011,4,Vĩnh Phúc,Provincial,Cultivation,Lúa,,Area_Planted,326.0,ha,Actual,PL3
16cc5826-2d53-4148-a8a7-769b03a62f06,2011,4,Vĩnh Phúc,Provincial,Cultivation,Lúa,,Area_Planted,5738.0,ha,Actual,PL3
0d33b3bc-e0ea-442c-b6c7-34da5897b09d,2011,4,Bắc Ninh,Provincial,Cultivation,Lúa,,Area_Planted,2580.0,ha,Actual,PL3
9128e938-ca23-4fd4-ae31-5e97a8ffb9a3,2011,4,Bắc Ninh,Provincial,Cultivation,Đậu tương,,Area_Planted,1309.0,ha,Actual,PL3
e2ee80cb-a2c0-4584-9393-ddd4e4726342,2011,4,Bắc Ninh,Provincial,Cultivation,Lạc,,Area_Planted,1271.0,ha,Actual,PL3
fcaaca5a-6d14-4ca8-b770-d5ec8cf9fb3c,2011,4,Bắc Ninh,Provincial,Cultivation,Lúa,,Area_Planted,6147.0,ha,Actual,PL3
011a80df-d6d7-4843-8848-88a65d01fae1,2011,4,Hải Dương,Provincial,Cultivation,Lúa,,Area_Planted,262.0,ha,Actual,PL3
895be874-de97-4d65-96dc-bfb658b85e43,2011,4,Hải Dương,Provincial,Cultivation,Đậu tương,,Area_Planted,211.0,ha,Actual,PL3
daf04af3-fd53-4b65-8f3f-218ab258ce11,2011,4,Hải Dương,Provincial,Cultivation,Lạc,,Area_Planted,51.0,ha,Actual,PL3
ab1bb0e1-d99b-455b-88c2-3a96c3b15bfb,2011,4,Hải Dương,Provincial,Cultivation,Lúa,,Area_Planted,16306.0,ha,Actual,PL3
ed22ea0a-2e41-4703-b133-7e19b312ca6d,2011,4,Hưng Yên,Provincial,Cultivation,Lúa,,Area_Planted,3392.0,ha,Actual,PL3
9e5dc751-45ac-4788-9031-60aa86715272,2011,4,Hưng Yên,Provincial,Cultivation,Đậu tương,,Area_Planted,2678.0,ha,Actual,PL3
17947e21-d3c0-43b4-8ae2-203da258f8e0,2011,4,Hưng Yên,Provincial,Cultivation,Lạc,,Area_Planted,714.0,ha,Actual,PL3
1bc4a959-c1f4-4560-9f57-3d2570740b63,2011,4,Hưng Yên,Provincial,Cultivation,Lúa,,Area_Planted,9631.0,ha,Actual,PL3
ae2f4586-765e-4607-91bd-244b68ae68c2,2011,4,Hà Nam,Provincial,Cultivation,Lúa,,Area_Planted,11440.0,ha,Actual,PL3
aa65a892-44c3-45ec-a42e-f0843727ec03,2011,4,Hà Nam,Provincial,Cultivation,Đậu tương,,Area_Planted,11320.0,ha,Actual,PL3
89f3dbe2-e2a0-4194-9bf7-bbd0d8c0935d,2011,4,Hà Nam,Provincial,Cultivation,Lạc,,Area_Planted,119.0,ha,Actual,PL3
9e087e32-2a0d-4e4c-9e51-ff2af166067d,2011,4,Hà Nam,Provincial,Cultivation,Lúa,,Area_Planted,3009.0,ha,Actual,PL3
d8e7dd55-c5bc-474d-b8ae-528f603118e4,2011,4,Nam Định,Provincial,Cultivation,Lúa,,Area_Planted,7155.0,ha,Actual,PL3
c53445fb-a2df-4964-ad94-06155b7e1a2a,2011,4,Nam Định,Provincial,Cultivation,Đậu tương,,Area_Planted,1422.0,ha,Actual,PL3
d224fa09-366d-4088-b81e-9b93dc22c683,2011,4,Nam Định,Provincial,Cultivation,Lạc,,Area_Planted,5733.0,ha,Actual,PL3
b7f17f9c-64de-420a-b2c0-8450b2120b0e,2011,4,Nam Định,Provincial,Cultivation,Lúa,,Area_Planted,16907.0,ha,Actual,PL3
a810592d-eba0-4cc4-a3dd-e4843415fa0d,2011,4,Thái Bình,Provincial,Cultivation,Lúa,,Area_Planted,16335.0,ha,Actual,PL3
21ec32c4-7798-497d-a835-4d2f28335564,2011,4,Thái Bình,Provincial,Cultivation,Đậu tương,,Area_Planted,13250.0,ha,Actual,PL3
5d90611c-b298-45b4-aa58-90ece6f71f11,2011,4,Thái Bình,Provincial,Cultivation,Lạc,,Area_Planted,3085.0,ha,Actual,PL3
3c354df7-2999-4cbd-93a8-bd3af83f85f3,2011,4,Thái Bình,Provincial,Cultivation,Lúa,,Area_Planted,12000.0,ha,Actual,PL3
f58fb49b-e5fe-468b-b739-541ce6ada06e,2011,4,Ninh Bình,Provincial,Cultivation,Lúa,,Area_Planted,15560.0,ha,Actual,PL3
bd7252ae-fa75-4944-9956-712fba940d64,2011,4,Ninh Bình,Provincial,Cultivation,Đậu tương,,Area_Planted,9998.0,ha,Actual,PL3
70751f7d-86d7-4e0e-a985-d73b10efd979,2011,4,Ninh Bình,Provincial,Cultivation,Lạc,,Area_Planted,4225.0,ha,Actual,PL3
dccf1202-e2b7-4f23-8395-ec9fad1cfd9d,2011,4,Ninh Bình,Provincial,Cultivation,Mía,,Area_Planted,907.0,ha,Actual,PL3
f0fce1b0-a07c-4db9-938d-d6f07ac85ced,2011,4,Ninh Bình,Provincial,Cultivation,Lúa,,Area_Planted,430.0,ha,Actual,PL3
77b2038f-70da-4d84-8528-60faf9c4b0ca,2011,4,Ninh Bình,Provincial,Cultivation,Lúa,,Area_Planted,5105.0,ha,Actual,PL3
df98aae3-e048-4713-9d51-eaccc1723c8a,2011,4,Quảng Ninh,Provincial,Cultivation,Lúa,,Area_Planted,3621.0,ha,Actual,PL3
cc4c47be-255c-4238-8518-db348098e1e0,2011,4,Quảng Ninh,Provincial,Cultivation,Đậu tương,,Area_Planted,509.0,ha,Actual,PL3
5e7cecb2-bf4b-45d1-a078-ee531a857a2c,2011,4,Quảng Ninh,Provincial,Cultivation,Lạc,,Area_Planted,2364.0,ha,Actual,PL3
1ab19585-81fb-4c9c-97ac-ed9208424daf,2011,4,Quảng Ninh,Provincial,Cultivation,Mía,,Area_Planted,377.0,ha,Actual,PL3
2c92fa0c-25b6-409a-a1a7-234316891170,2011,4,Quảng Ninh,Provincial,Cultivation,Lúa,,Area_Planted,371.0,ha,Actual,PL3
72896ce4-05c6-4c16-b2e2-ba5ec7c351fb,2011,4,Quảng Ninh,Provincial,Cultivation,Lúa,,Area_Planted,5062.0,ha,Actual,PL3
d941251e-8b87-4c9b-893a-93c2a0f31a58,2011,4,TD và MN phía Bắc,Provincial,Cultivation,Lúa,,Area_Planted,79085.0,ha,Actual,PL3
c230af55-684e-490e-a576-96f0c346f909,2011,4,TD và MN phía Bắc,Provincial,Cultivation,Đậu tương,,Area_Planted,22858.0,ha,Actual,PL3
2ed16db3-46aa-4397-bc00-a703e24f70dc,2011,4,TD và MN phía Bắc,Provincial,Cultivation,Lạc,,Area_Planted,33758.0,ha,Actual,PL3
c3464db6-1f28-49c7-b144-9d39e1634521,2011,4,TD và MN phía Bắc,Provincial,Cultivation,Mía,,Area_Planted,11242.0,ha,Actual,PL3
b582c2ee-5410-465d-be12-dfb82d56a231,2011,4,TD và MN phía Bắc,Provincial,Cultivation,Thuốc lá,,Area_Planted,8130.0,ha,Actual,PL3
f77de020-fe91-498a-a911-cdbeab27d3c1,2011,4,TD và MN phía Bắc,Provincial,Cultivation,Lúa,,Area_Planted,3097.0,ha,Actual,PL3
f4ec4711-85ad-40b7-a79e-1b817a937fa5,2011,4,TD và MN phía Bắc,Provincial,Cultivation,Lúa,,Area_Planted,50376.0,ha,Actual,PL3
50be0a04-6c50-4afb-8447-e7a94df40f58,2011,4,Hà Giang,Provincial,Cultivation,Lúa,,Area_Planted,12099.0,ha,Actual,PL3
7eb7b4c8-6fb6-49d6-bdf1-0fe405218bce,2011,4,Hà Giang,Provincial,Cultivation,Đậu tương,,Area_Planted,6809.0,ha,Actual,PL3
617def03-9f53-4cc3-8f7e-88bab7755743,2011,4,Hà Giang,Provincial,Cultivation,Lạc,,Area_Planted,4600.0,ha,Actual,PL3
c9c64ea6-efa4-4379-81be-2d59bb2830fa,2011,4,Hà Giang,Provincial,Cultivation,Lúa,,Area_Planted,690.0,ha,Actual,PL3
a5601891-3f88-4f87-9d75-e781eeb1b8d1,2011,4,Hà Giang,Provincial,Cultivation,Lúa,,Area_Planted,6613.0,ha,Actual,PL3
20409cd4-364b-4e2b-8473-d06cba4cfda1,2011,4,Cao Bằng,Provincial,Cultivation,Lúa,,Area_Planted,5780.0,ha,Actual,PL3
c946c6b0-6a4c-4d0d-829d-628e89984c5a,2011,4,Cao Bằng,Provincial,Cultivation,Đậu tương,,Area_Planted,1318.0,ha,Actual,PL3
b30b1cc4-61be-4fad-a69b-aa5f97d19a92,2011,4,Cao Bằng,Provincial,Cultivation,Lạc,,Area_Planted,211.0,ha,Actual,PL3
aef082bd-e5e4-4c4e-86c1-492bb7b8ab09,2011,4,Cao Bằng,Provincial,Cultivation,Mía,,Area_Planted,1209.0,ha,Actual,PL3
a0530ac7-e7ef-46e8-8d9c-7d788e2b8fbf,2011,4,Cao Bằng,Provincial,Cultivation,Thuốc lá,,Area_Planted,3042.0,ha,Actual,PL3
15b7e852-97f0-490c-b411-6f742330a018,2011,4,Cao Bằng,Provincial,Cultivation,Lúa,,Area_Planted,430.0,ha,Actual,PL3
e3727149-29a7-400e-b84f-436a840a054a,2011,4,Lào Cai,Provincial,Cultivation,Lúa,,Area_Planted,3127.0,ha,Actual,PL3
f14ab12b-6760-4743-9ef8-25c8d0d38d0d,2011,4,Lào Cai,Provincial,Cultivation,Đậu tương,,Area_Planted,2517.0,ha,Actual,PL3
d2e476e9-b715-43c5-9c90-7e7a62342c8c,2011,4,Lào Cai,Provincial,Cultivation,Thuốc lá,,Area_Planted,610.0,ha,Actual,PL3
0221799c-fc03-4862-8bac-241e828b1a5a,2011,4,Lào Cai,Provincial,Cultivation,Lúa,,Area_Planted,2195.0,ha,Actual,PL3
6144bbe8-13b2-4c9c-9a93-2178032826a9,2011,4,Bắc Cạn,Provincial,Cultivation,Lúa,,Area_Planted,2737.0,ha,Actual,PL3
5e9065c0-125b-425a-842d-77548ef14103,2011,4,Bắc Cạn,Provincial,Cultivation,Đậu tương,,Area_Planted,854.0,ha,Actual,PL3
e0b2e000-44f5-49a4-99eb-8e2aa0963bc1,2011,4,Bắc Cạn,Provincial,Cultivation,Lạc,,Area_Planted,259.0,ha,Actual,PL3
aef7fb5a-c0ec-412f-a328-57e9b7b9f25a,2011,4,Bắc Cạn,Provincial,Cultivation,Mía,,Area_Planted,60.0,ha,Actual,PL3
3d2a7379-9ae8-4d88-880a-63f060674525,2011,4,Bắc Cạn,Provincial,Cultivation,Thuốc lá,,Area_Planted,1044.0,ha,Actual,PL3
905d11d7-e3ad-4f2d-aca8-8f0359b32408,2011,4,Bắc Cạn,Provincial,Cultivation,Lúa,,Area_Planted,520.0,ha,Actual,PL3
f6cd16bb-c800-4f50-a261-373102d0337b,2011,4,Bắc Cạn,Provincial,Cultivation,Lúa,,Area_Planted,389.0,ha,Actual,PL3
df61662d-589f-4d67-a6f4-9a8192d8acc2,2011,4,Lạng Sơn,Provincial,Cultivation,Lúa,,Area_Planted,4681.0,ha,Actual,PL3
80ffde72-781e-4f14-8df8-db1e8157a33e,2011,4,Lạng Sơn,Provincial,Cultivation,Đậu tương,,Area_Planted,547.0,ha,Actual,PL3
13c3011a-7621-4074-a936-a42989220064,2011,4,Lạng Sơn,Provincial,Cultivation,Thuốc lá,,Area_Planted,3334.0,ha,Actual,PL3
ce57c30f-9b48-47ca-9286-5c676bf7c79a,2011,4,Lạng Sơn,Provincial,Cultivation,Lúa,,Area_Planted,800.0,ha,Actual,PL3
ffa94e98-ccef-48aa-b7d8-f599b007f3ae,2011,4,Lạng Sơn,Provincial,Cultivation,Lúa,,Area_Planted,3500.0,ha,Actual,PL3
a201b41f-ceaa-4e6c-be2b-83d542d0764b,2011,4,Tuyên Quang,Provincial,Cultivation,Lúa,,Area_Planted,4516.0,ha,Actual,PL3
58fea87a-cc1d-499b-a6d8-fec26e68c9e9,2011,4,Tuyên Quang,Provincial,Cultivation,Đậu tương,,Area_Planted,1092.0,ha,Actual,PL3
aedea7d0-3831-490a-91b0-ec304cbafe5d,2011,4,Tuyên Quang,Provincial,Cultivation,Lạc,,Area_Planted,3424.0,ha,Actual,PL3
02264eb7-aaa1-4904-b6e6-c6386721a1d3,2011,4,Tuyên Quang,Provincial,Cultivation,Lúa,,Area_Planted,1311.0,ha,Actual,PL3
dcff9ad4-7a18-480e-9b4a-134de0605406,2011,4,Yên Bái,Provincial,Cultivation,Lúa,,Area_Planted,1462.0,ha,Actual,PL3
4f0f015d-815e-4ec9-8d6d-20d6e7cbb647,2011,4,Yên Bái,Provincial,Cultivation,Lạc,,Area_Planted,1462.0,ha,Actual,PL3
683aba2c-88fc-42f3-9cf2-5b6c860265c1,2011,4,Yên Bái,Provincial,Cultivation,Lúa,,Area_Planted,1558.0,ha,Actual,PL3
d8870751-1b9d-445f-93af-03c7aa569e7d,2011,4,Thái Nguyên,Provincial,Cultivation,Lúa,,Area_Planted,4356.0,ha,Actual,PL3
cf681aa8-139e-4ef8-8bea-491e31e3a3ca,2011,4,Thái Nguyên,Provincial,Cultivation,Đậu tương,,Area_Planted,1066.0,ha,Actual,PL3
ba177042-bd9c-47ef-b4f5-1bb7725ac584,2011,4,Thái Nguyên,Provincial,Cultivation,Lạc,,Area_Planted,3190.0,ha,Actual,PL3
216f8cb8-8ca3-43ad-a738-f68db5aaf9c5,2011,4,Thái Nguyên,Provincial,Cultivation,Thuốc lá,,Area_Planted,100.0,ha,Actual,PL3
f6376489-b36e-427d-964e-9e996dc9b3eb,2011,4,Thái Nguyên,Provincial,Cultivation,Lúa,,Area_Planted,7199.0,ha,Actual,PL3
c8c48527-a070-4b58-a0ac-d26b6a145cc1,2011,4,Phú Thọ,Provincial,Cultivation,Lúa,,Area_Planted,6551.0,ha,Actual,PL3
35eaafb0-8dc4-4f2a-a982-8141a6010a68,2011,4,Phú Thọ,Provincial,Cultivation,Đậu tương,,Area_Planted,1238.0,ha,Actual,PL3
41ddd6d3-dec6-41d9-b01e-10307db30f3e,2011,4,Phú Thọ,Provincial,Cultivation,Lạc,,Area_Planted,5313.0,ha,Actual,PL3
1fcd1902-cd0d-439b-bcc1-22c20eed955a,2011,4,Phú Thọ,Provincial,Cultivation,Lúa,,Area_Planted,6123.0,ha,Actual,PL3
961f0792-9614-40d4-8d55-c435c742f0af,2011,4,Bắc Giang,Provincial,Cultivation,Lúa,,Area_Planted,11440.0,ha,Actual,PL3
d3010d59-3806-41ad-8d19-9019b6e0ffa2,2011,4,Bắc Giang,Provincial,Cultivation,Đậu tương,,Area_Planted,488.0,ha,Actual,PL3
263c6542-4866-4b7d-8373-a7efaaf68999,2011,4,Bắc Giang,Provincial,Cultivation,Lạc,,Area_Planted,10952.0,ha,Actual,PL3
e0fefe00-9f6a-43fb-97fa-b8da33a5857c,2011,4,Bắc Giang,Provincial,Cultivation,Lúa,,Area_Planted,14509.0,ha,Actual,PL3
df25f14e-8d9b-49f0-8f4e-9c3f79842b25,2011,4,Lai Châu,Provincial,Cultivation,Lúa,,Area_Planted,1154.0,ha,Actual,PL3
62bc37f9-bf06-4887-923c-3fc68a1e45c1,2011,4,Lai Châu,Provincial,Cultivation,Đậu tương,,Area_Planted,517.0,ha,Actual,PL3
7b9b3f4f-46a3-45ff-83d0-054cb51a6161,2011,4,Lai Châu,Provincial,Cultivation,Lạc,,Area_Planted,637.0,ha,Actual,PL3
96812836-0744-4981-afab-d5f75a0d02b7,2011,4,Lai Châu,Provincial,Cultivation,Lúa,,Area_Planted,307.0,ha,Actual,PL3
11999470-7d15-491b-897d-48b7e479cbb6,2011,4,Điện Biên,Provincial,Cultivation,Lúa,,Area_Planted,2105.0,ha,Actual,PL3
d96ec6dc-8b74-47b4-b7a5-7ef19ce6343e,2011,4,Điện Biên,Provincial,Cultivation,Đậu tương,,Area_Planted,1595.0,ha,Actual,PL3
fb3dadc7-67c7-4770-8feb-0dc9ac6be492,2011,4,Điện Biên,Provincial,Cultivation,Lạc,,Area_Planted,510.0,ha,Actual,PL3
702e84dd-35d8-40fb-8b33-9c8b187861d4,2011,4,Điện Biên,Provincial,Cultivation,Lúa,,Area_Planted,125.0,ha,Actual,PL3
1cf763fb-5ca2-4c41-998a-a97a00d59a7d,2011,4,Sơn La,Provincial,Cultivation,Lúa,,Area_Planted,5263.0,ha,Actual,PL3
ee0c7803-8f47-4a2f-8f14-b7034f7c5698,2011,4,Sơn La,Provincial,Cultivation,Đậu tương,,Area_Planted,4010.0,ha,Actual,PL3
ce543666-a046-4bb5-b719-01d861562544,2011,4,Sơn La,Provincial,Cultivation,Mía,,Area_Planted,1253.0,ha,Actual,PL3
ba24b3e2-85de-4020-b7f7-db7e276f6f33,2011,4,Sơn La,Provincial,Cultivation,Lúa,,Area_Planted,3030.0,ha,Actual,PL3
74070df4-2fd8-4b2c-906f-8a49f036a46a,2011,4,Hoà Bình,Provincial,Cultivation,Lúa,,Area_Planted,13814.0,ha,Actual,PL3
c4e23606-e325-4536-a52d-445dc96c8d0a,2011,4,Hoà Bình,Provincial,Cultivation,Đậu tương,,Area_Planted,807.0,ha,Actual,PL3
a86df633-844d-4119-95f9-94897b514b10,2011,4,Hoà Bình,Provincial,Cultivation,Lạc,,Area_Planted,3200.0,ha,Actual,PL3
0061fc32-bfa3-4c8c-b366-f1ad5a266935,2011,4,Hoà Bình,Provincial,Cultivation,Mía,,Area_Planted,8720.0,ha,Actual,PL3
ef2f11c9-d015-4d3f-9eb2-ee7cede3eac3,2011,4,Hoà Bình,Provincial,Cultivation,Lúa,,Area_Planted,1087.0,ha,Actual,PL3
239ceb4d-3f77-42ad-9bb9-0a8b97e224ea,2011,4,Hoà Bình,Provincial,Cultivation,Lúa,,Area_Planted,3087.0,ha,Actual,PL3
db69a83e-95a1-4510-a107-085f7dd847b2,2011,4,Bắc Trung Bộ,Provincial,Cultivation,Lúa,,Area_Planted,103494.0,ha,Actual,PL3
bd8047fd-dfd2-4ed7-a891-c9f74fe9a716,2011,4,Bắc Trung Bộ,Provincial,Cultivation,Đậu tương,,Area_Planted,8500.0,ha,Actual,PL3
651c21da-a62f-4bc8-9725-08bfc41d15b3,2011,4,Bắc Trung Bộ,Provincial,Cultivation,Lạc,,Area_Planted,72094.0,ha,Actual,PL3
52509f85-db06-4281-a387-5949ab401466,2011,4,Bắc Trung Bộ,Provincial,Cultivation,Mía,,Area_Planted,22700.0,ha,Actual,PL3
2cfa4690-f077-4207-9340-d59f50ae47e8,2011,4,Bắc Trung Bộ,Provincial,Cultivation,Thuốc lá,,Area_Planted,50.0,ha,Actual,PL3
b4770f58-d590-447f-8ee6-15717ec0ffb9,2011,4,Bắc Trung Bộ,Provincial,Cultivation,Lúa,,Area_Planted,150.0,ha,Actual,PL3
8104c518-910e-4bf3-92fa-fa814ef47b73,2011,4,Bắc Trung Bộ,Provincial,Cultivation,Lúa,,Area_Planted,53323.0,ha,Actual,PL3
ec211b0d-203b-47db-bb04-c28464cc2eec,2011,4,Thanh Hoá,Provincial,Cultivation,Lúa,,Area_Planted,36432.0,ha,Actual,PL3
85c71a06-5650-4cf9-bd11-454054386806,2011,4,Thanh Hoá,Provincial,Cultivation,Đậu tương,,Area_Planted,8500.0,ha,Actual,PL3
c6b2693d-d35b-4d48-9822-4940dbe61c34,2011,4,Thanh Hoá,Provincial,Cultivation,Lạc,,Area_Planted,15332.0,ha,Actual,PL3
d58c76da-c923-4ddb-8980-9ff1f6a02faa,2011,4,Thanh Hoá,Provincial,Cultivation,Mía,,Area_Planted,12600.0,ha,Actual,PL3
a0b3b399-cbeb-47a3-be59-20f09fa67d23,2011,4,Thanh Hoá,Provincial,Cultivation,Lúa,,Area_Planted,16794.0,ha,Actual,PL3
6a88a5eb-ffed-4452-bf96-ca25bb230263,2011,4,Nghệ An,Provincial,Cultivation,Lúa,,Area_Planted,30223.0,ha,Actual,PL3
0e6aa4e2-b587-4d5c-9267-fdda1fc67f30,2011,4,Nghệ An,Provincial,Cultivation,Lạc,,Area_Planted,20223.0,ha,Actual,PL3
33425497-13b8-4343-94bc-35ca361dde9f,2011,4,Nghệ An,Provincial,Cultivation,Mía,,Area_Planted,10000.0,ha,Actual,PL3
aea9676a-583f-4fdf-9d6e-3d02236c70f6,2011,4,Nghệ An,Provincial,Cultivation,Lúa,,Area_Planted,20841.0,ha,Actual,PL3
49c56e95-c044-466a-8739-fc7f927e97ce,2011,4,Hà Tĩnh,Provincial,Cultivation,Lúa,,Area_Planted,23777.0,ha,Actual,PL3
48fb52e4-494e-4c27-a031-3d3b77dfaab7,2011,4,Hà Tĩnh,Provincial,Cultivation,Lạc,,Area_Planted,23777.0,ha,Actual,PL3
ee4ee226-2b01-437c-98c0-c4ec46e9d8e8,2011,4,Hà Tĩnh,Provincial,Cultivation,Lúa,,Area_Planted,8672.0,ha,Actual,PL3
631e8fb6-a603-4cea-a0f5-8eb6e381a6d5,2011,4,Quảng Bình,Provincial,Cultivation,Lúa,,Area_Planted,5100.0,ha,Actual,PL3
43751944-ec98-4c6e-8be8-28a02ddc5ea6,2011,4,Quảng Bình,Provincial,Cultivation,Lạc,,Area_Planted,5100.0,ha,Actual,PL3
2cbd7f33-9f9d-449d-bf45-12bb9468d1b1,2011,4,Quảng Bình,Provincial,Cultivation,Lúa,,Area_Planted,456.0,ha,Actual,PL3
2ee61a75-5e6d-40de-ae8f-d92fec843101,2011,4,Quảng Trị,Provincial,Cultivation,Lúa,,Area_Planted,4300.0,ha,Actual,PL3
31756b7d-d06a-4929-9d93-e4dcd55a1560,2011,4,Quảng Trị,Provincial,Cultivation,Lạc,,Area_Planted,4300.0,ha,Actual,PL3
23cb936d-f840-4555-9513-12b9bec241b6,2011,4,Quảng Trị,Provincial,Cultivation,Lúa,,Area_Planted,1010.0,ha,Actual,PL3
df34f511-77d5-4a42-9d26-45e773909149,2011,4,Thừa Thiên Huế,Provincial,Cultivation,Lúa,,Area_Planted,3662.0,ha,Actual,PL3
206d1b04-db0b-42e9-9aad-f81d79f6a5a4,2011,4,Thừa Thiên Huế,Provincial,Cultivation,Lạc,,Area_Planted,3362.0,ha,Actual,PL3
d90bc3f0-29e2-48cb-bc65-c9cd4e638b9a,2011,4,Thừa Thiên Huế,Provincial,Cultivation,Mía,,Area_Planted,100.0,ha,Actual,PL3
faf758ac-691d-4d0e-bca4-032d0b4904da,2011,4,Thừa Thiên Huế,Provincial,Cultivation,Thuốc lá,,Area_Planted,50.0,ha,Actual,PL3
9cf57a10-0a06-45e0-a86b-ac585f6d60f4,2011,4,Thừa Thiên Huế,Provincial,Cultivation,Lúa,,Area_Planted,150.0,ha,Actual,PL3
3231cce5-22b9-44f9-a4bd-5a02437a1da9,2011,4,Thừa Thiên Huế,Provincial,Cultivation,Lúa,,Area_Planted,5550.0,ha,Actual,PL3
bda0801c-b0d4-4d0b-a4a8-0d9c837dfdd5,2011,4,Miền Nam,Regional,Cultivation,Lúa,,Area_Planted,1648741.0,ha,Actual,PL4
ed2128b5-74d1-48c7-8426-b01996c5e5a6,2011,4,Miền Nam,Regional,Cultivation,Lúa,,Area_Planted,82.8,ha,Actual,PL4
f8b4d520-a36f-4cfe-9102-31e42c17c82f,2011,4,Miền Nam,Regional,Cultivation,Lúa,,Area_Planted,64.3,ha,Actual,PL4
0b55d694-9618-4fea-b231-6cf44cb0ad57,2011,4,Miền Nam,Regional,Cultivation,Lúa,,Area_Planted,10605312.0,ha,Actual,PL4
d1ca4ea6-bd3e-4f9f-b5d4-14898811081a,2011,4,Miền Nam,Regional,Cultivation,Lúa,,Area_Planted,674344.0,ha,Actual,PL4
9766116e-7816-42a2-94c1-c59102eeb7c6,2011,4,Miền Nam,Regional,Cultivation,Lúa,,Area_Planted,166511.0,ha,Actual,PL4
a71b709b-d903-4e73-a16e-7994086cb3df,2011,4,Miền Nam,Regional,Cultivation,Lúa,,Area_Planted,69332.0,ha,Actual,PL4
eecf9225-ee28-4342-bc87-a3a5a5907de6,2011,4,Miền Nam,Regional,Cultivation,Lúa,,Area_Planted,15351.0,ha,Actual,PL4
28d7207c-4289-42af-8fbd-c60fcb5610c5,2011,4,Miền Nam,Regional,Cultivation,Lúa,,Area_Planted,72014.0,ha,Actual,PL4
f993bfc6-0381-44b8-9383-42bdcd801c44,2011,4,Miền Nam,Regional,Cultivation,Lúa,,Area_Planted,72014.0,ha,Actual,PL4
bf8e61ae-ca9e-4c3e-8640-4fbb66533b32,2011,4,D.H Nam TB,Provincial,Cultivation,Lúa,,Area_Planted,74494.0,ha,Actual,PL4
cab629a6-4942-4be0-a960-6f73c18160a4,2011,4,D.H Nam TB,Provincial,Cultivation,Lúa,,Area_Planted,42.3,ha,Actual,PL4
8fa292ce-a8d1-49d8-9d75-012fc6fff431,2011,4,D.H Nam TB,Provincial,Cultivation,Lúa,,Area_Planted,51.0,ha,Actual,PL4
d8231b97-550b-4f13-983e-437599963cdc,2011,4,D.H Nam TB,Provincial,Cultivation,Lúa,,Area_Planted,379725.0,ha,Actual,PL4
3f2afd85-1d6b-4117-8d34-f084226c5bd3,2011,4,D.H Nam TB,Provincial,Cultivation,Lúa,,Area_Planted,22296.0,ha,Actual,PL4
f9c82b37-d9ab-41e1-92ff-eb9fae100669,2011,4,D.H Nam TB,Provincial,Cultivation,Lúa,,Area_Planted,56708.0,ha,Actual,PL4
f82ebf1b-e4a1-4d78-a22a-38c3ff3a3d7f,2011,4,D.H Nam TB,Provincial,Cultivation,Lúa,,Area_Planted,15243.0,ha,Actual,PL4
afef9470-1fee-4aa0-921f-56482d843f05,2011,4,D.H Nam TB,Provincial,Cultivation,Lúa,,Area_Planted,3650.0,ha,Actual,PL4
ebc3fb39-c94b-4c6d-a839-1060892a3bd8,2011,4,D.H Nam TB,Provincial,Cultivation,Lúa,,Area_Planted,36902.0,ha,Actual,PL4
ae752558-55be-4b35-b41a-96dd9b69e6d4,2011,4,D.H Nam TB,Provincial,Cultivation,Lúa,,Area_Planted,913.0,ha,Actual,PL4
aa942bae-d3fa-4329-99a5-509d5e010663,2011,4,TP Đà Nẵng,Provincial,Cultivation,Lúa,,Area_Planted,853.0,ha,Actual,PL4
6cf1458a-1447-427c-b38f-d9f526fa416c,2011,4,TP Đà Nẵng,Provincial,Cultivation,Lúa,,Area_Planted,332.0,ha,Actual,PL4
5015421e-525e-49a0-959c-eb9280a5eecc,2011,4,TP Đà Nẵng,Provincial,Cultivation,Lúa,,Area_Planted,220.0,ha,Actual,PL4
19ec2ea8-f4cc-4fc0-99f3-4c7e7fd92c2c,2011,4,TP Đà Nẵng,Provincial,Cultivation,Lúa,,Area_Planted,301.0,ha,Actual,PL4
d64a2222-814d-4be2-894a-64643266fc5b,2011,4,Quảng Nam,Provincial,Cultivation,Lúa,,Area_Planted,7000.0,ha,Actual,PL4
0eba06e6-b1fa-4c92-a950-d29e4427df0c,2011,4,Quảng Nam,Provincial,Cultivation,Lúa,,Area_Planted,16.4,ha,Actual,PL4
c11509d0-f2d7-4a43-8cc6-a35a6839b7d2,2011,4,Quảng Nam,Provincial,Cultivation,Lúa,,Area_Planted,19410.0,ha,Actual,PL4
4e83383d-60e5-4dfa-9e6f-5ea664bc0ecb,2011,4,Quảng Nam,Provincial,Cultivation,Lúa,,Area_Planted,5910.0,ha,Actual,PL4
66a10944-4ad6-4fdb-b199-8c7be00a1023,2011,4,Quảng Nam,Provincial,Cultivation,Lúa,,Area_Planted,3100.0,ha,Actual,PL4
8d5ce47b-40ac-4c68-86a7-6897229a7b07,2011,4,Quảng Nam,Provincial,Cultivation,Lúa,,Area_Planted,10200.0,ha,Actual,PL4
52c91393-d377-49af-be8f-a146ebcbd5fe,2011,4,Quảng Nam,Provincial,Cultivation,Lúa,,Area_Planted,200.0,ha,Actual,PL4
50cc66aa-9aad-4ff6-bd71-92d73b97fcda,2011,4,Quảng Ngãi,Provincial,Cultivation,Lúa,,Area_Planted,5109.0,ha,Actual,PL4
d4e5127a-9c63-4960-afdc-cc789f24bfce,2011,4,Quảng Ngãi,Provincial,Cultivation,Lúa,,Area_Planted,14.0,ha,Actual,PL4
95156dd3-b884-46cc-a97c-63ff09170c3f,2011,4,Quảng Ngãi,Provincial,Cultivation,Lúa,,Area_Planted,35.0,ha,Actual,PL4
fe0f193e-c356-4818-855f-04ec7ae976bf,2011,4,Quảng Ngãi,Provincial,Cultivation,Lúa,,Area_Planted,17882.0,ha,Actual,PL4
23aa6908-631d-40d4-9fba-16d0feb21c61,2011,4,Quảng Ngãi,Provincial,Cultivation,Lúa,,Area_Planted,20150.0,ha,Actual,PL4
902cd09e-ef9a-4a36-8da7-3c52091e77a9,2011,4,Quảng Ngãi,Provincial,Cultivation,Lúa,,Area_Planted,4500.0,ha,Actual,PL4
ae9b2d57-c7f1-4251-a4f6-fe94a11eb9bf,2011,4,Quảng Ngãi,Provincial,Cultivation,Lúa,,Area_Planted,150.0,ha,Actual,PL4
8f17e282-14c4-4855-b315-86e6bd7a405e,2011,4,Quảng Ngãi,Provincial,Cultivation,Lúa,,Area_Planted,15500.0,ha,Actual,PL4
e1f1c112-3da4-46e0-9d5b-2a05c69de1f1,2011,4,Bình Định,Provincial,Cultivation,Lúa,,Area_Planted,33477.0,ha,Actual,PL4
40c34fcf-fe8d-43a4-bc35-cace2a5b77ba,2011,4,Bình Định,Provincial,Cultivation,Lúa,,Area_Planted,70.4,ha,Actual,PL4
38b22bb6-f542-41a1-9ac3-a66a39a9c9bc,2011,4,Bình Định,Provincial,Cultivation,Lúa,,Area_Planted,62.5,ha,Actual,PL4
80c4d180-f7b7-4633-8fb4-db668c819571,2011,4,Bình Định,Provincial,Cultivation,Lúa,,Area_Planted,209106.0,ha,Actual,PL4
cc3fe9cb-63e7-41fc-9bb6-20fed7195ee6,2011,4,Bình Định,Provincial,Cultivation,Lúa,,Area_Planted,22146.0,ha,Actual,PL4
92f068ed-f119-4dd7-8dc6-75760315d5c5,2011,4,Bình Định,Provincial,Cultivation,Lúa,,Area_Planted,2288.0,ha,Actual,PL4
002bdac9-a5bf-40bd-9c4f-3be50863cb4c,2011,4,Bình Định,Provincial,Cultivation,Lúa,,Area_Planted,2288.0,ha,Actual,PL4
06412f3c-837a-45d1-851f-5b26236ff550,2011,4,Phú Yên,Provincial,Cultivation,Lúa,,Area_Planted,9500.0,ha,Actual,PL4
a5507127-e51b-46b5-b385-d8fb6fbaf370,2011,4,Phú Yên,Provincial,Cultivation,Lúa,,Area_Planted,36.1,ha,Actual,PL4
afec5a06-fddb-4fb2-9d8a-d9291a1ed809,2011,4,Phú Yên,Provincial,Cultivation,Lúa,,Area_Planted,52.5,ha,Actual,PL4
63136b4a-049b-4bec-818c-8cdd48e12aff,2011,4,Phú Yên,Provincial,Cultivation,Lúa,,Area_Planted,49875.0,ha,Actual,PL4
375f9193-7dd2-4257-9460-7ba99551d564,2011,4,Phú Yên,Provincial,Cultivation,Lúa,,Area_Planted,150.0,ha,Actual,PL4
6414ca2f-448b-46f7-880b-a10ca652f94e,2011,4,Phú Yên,Provincial,Cultivation,Lúa,,Area_Planted,9777.0,ha,Actual,PL4
5b549916-b98f-4cdd-828a-9c28e657a20e,2011,4,Phú Yên,Provincial,Cultivation,Lúa,,Area_Planted,2213.0,ha,Actual,PL4
e1aedb3f-f1cb-4593-82af-2c6a82d96133,2011,4,Phú Yên,Provincial,Cultivation,Lúa,,Area_Planted,180.0,ha,Actual,PL4
e53a78ff-9af1-4cc1-83f7-1ad297647d7f,2011,4,Phú Yên,Provincial,Cultivation,Lúa,,Area_Planted,7241.0,ha,Actual,PL4
7e77a80f-43f5-4daf-972f-0dd3407733a2,2011,4,Phú Yên,Provincial,Cultivation,Lúa,,Area_Planted,143.0,ha,Actual,PL4
131b2e7b-2db3-4811-9434-73db1c6a3cd2,2011,4,Khánh Hoà,Provincial,Cultivation,Lúa,,Area_Planted,19408.0,ha,Actual,PL4
6a946c6d-0364-4f25-ac14-227e8e40cfcc,2011,4,Khánh Hoà,Provincial,Cultivation,Lúa,,Area_Planted,100.0,ha,Actual,PL4
06b2835c-8190-4ece-b19a-1c531659fa0e,2011,4,Khánh Hoà,Provincial,Cultivation,Lúa,,Area_Planted,53.0,ha,Actual,PL4
94dc475b-00f2-45a2-ad64-6b5c4b30f188,2011,4,Khánh Hoà,Provincial,Cultivation,Lúa,,Area_Planted,102862.0,ha,Actual,PL4
317ca01f-5255-45a5-860a-96a68d7f347c,2011,4,Khánh Hoà,Provincial,Cultivation,Lúa,,Area_Planted,4230.0,ha,Actual,PL4
ff93e4bb-36f5-4228-90b0-7b1b2352be03,2011,4,Khánh Hoà,Provincial,Cultivation,Lúa,,Area_Planted,3660.0,ha,Actual,PL4
f1ae3fb3-98f8-4312-a113-7e2a90b6653d,2011,4,Khánh Hoà,Provincial,Cultivation,Lúa,,Area_Planted,570.0,ha,Actual,PL4
5d0c8fb2-f7f6-44d3-b666-af427d7013bb,2011,4,Tây Nguyên,Provincial,Cultivation,Lúa,,Area_Planted,19831.0,ha,Actual,PL4
cf1db1f8-9281-4548-b6be-541b234aab51,2011,4,Tây Nguyên,Provincial,Cultivation,Lúa,,Area_Planted,25.7,ha,Actual,PL4
9c733e65-b38b-4bab-9efd-dfc18f0b3e1b,2011,4,Tây Nguyên,Provincial,Cultivation,Lúa,,Area_Planted,52.6,ha,Actual,PL4
5792115a-6110-4ffa-91a4-be6269731fe7,2011,4,Tây Nguyên,Provincial,Cultivation,Lúa,,Area_Planted,104251.0,ha,Actual,PL4
da049cab-9fe4-43e9-89af-65845fc639d5,2011,4,Tây Nguyên,Provincial,Cultivation,Lúa,,Area_Planted,995.0,ha,Actual,PL4
c4beb1a2-469f-45d4-9d86-3d62388f0e5f,2011,4,Tây Nguyên,Provincial,Cultivation,Lúa,,Area_Planted,20780.0,ha,Actual,PL4
6d58c943-922e-474b-bac3-a8b81cc787d8,2011,4,Tây Nguyên,Provincial,Cultivation,Lúa,,Area_Planted,12815.0,ha,Actual,PL4
96f4045d-db84-4f74-b535-8777d16391b5,2011,4,Tây Nguyên,Provincial,Cultivation,Lúa,,Area_Planted,2249.0,ha,Actual,PL4
b2a43d8c-0c0d-4f8b-9f42-376b7ec0f0e5,2011,4,Tây Nguyên,Provincial,Cultivation,Lúa,,Area_Planted,5717.0,ha,Actual,PL4
f89b364b-29fe-490c-8c73-07abade5aaea,2011,4,Kon Tum,Provincial,Cultivation,Lúa,,Area_Planted,636.0,ha,Actual,PL4
833d877e-ef26-4713-a30f-f1925c7d261b,2011,4,Kon Tum,Provincial,Cultivation,Lúa,,Area_Planted,636.0,ha,Actual,PL4
762b4fba-dd5a-4b47-a935-49566fb6bf12,2011,4,Gia Lai,Provincial,Cultivation,Lúa,,Area_Planted,11300.0,ha,Actual,PL4
703d2d67-fe34-42c1-8ce5-fdec6b441a57,2011,4,Gia Lai,Provincial,Cultivation,Lúa,,Area_Planted,46.3,ha,Actual,PL4
a3c211a3-2f2a-4afb-832a-c0fb9641a4ac,2011,4,Gia Lai,Provincial,Cultivation,Lúa,,Area_Planted,52.0,ha,Actual,PL4
21896ff4-8a66-4158-a3f6-8a2216ddf7a4,2011,4,Gia Lai,Provincial,Cultivation,Lúa,,Area_Planted,58760.0,ha,Actual,PL4
875a05d8-d144-40fe-8751-46c0055f1555,2011,4,Gia Lai,Provincial,Cultivation,Lúa,,Area_Planted,10122.0,ha,Actual,PL4
5578a53b-af0a-4e31-be59-76bc3a393d8d,2011,4,Gia Lai,Provincial,Cultivation,Lúa,,Area_Planted,4587.0,ha,Actual,PL4
67bfff16-6f77-4424-a1d1-7038d157cfae,2011,4,Gia Lai,Provincial,Cultivation,Lúa,,Area_Planted,431.0,ha,Actual,PL4
923a4493-3a17-4923-82cb-d3eae9abb936,2011,4,Gia Lai,Provincial,Cultivation,Lúa,,Area_Planted,5105.0,ha,Actual,PL4
3dab3b8b-51cd-4c9a-ad1b-8d4f824b4ea6,2011,4,Đắc Lắc,Provincial,Cultivation,Lúa,,Area_Planted,3657.0,ha,Actual,PL4
3b922dd1-f46e-4abb-8f61-54e482d97bce,2011,4,Đắc Lắc,Provincial,Cultivation,Lúa,,Area_Planted,11.8,ha,Actual,PL4
1b2fc115-e1e2-401d-8caf-59ad6221aa68,2011,4,Đắc Lắc,Provincial,Cultivation,Lúa,,Area_Planted,50.0,ha,Actual,PL4
9f1a0967-8354-4295-bdc0-7c541c929f56,2011,4,Đắc Lắc,Provincial,Cultivation,Lúa,,Area_Planted,18285.0,ha,Actual,PL4
f12a7adf-736b-4a54-bf41-8c445f7dbd69,2011,4,Đắc Lắc,Provincial,Cultivation,Lúa,,Area_Planted,4495.0,ha,Actual,PL4
aa6f538f-e029-466f-af7d-b97ccd60f87b,2011,4,Đắc Lắc,Provincial,Cultivation,Lúa,,Area_Planted,3191.0,ha,Actual,PL4
adc83721-de9d-4729-b2e2-f95793b22d29,2011,4,Đắc Lắc,Provincial,Cultivation,Lúa,,Area_Planted,692.0,ha,Actual,PL4
53a3bdb7-e843-4380-80f0-10d1ab002836,2011,4,Đắc Lắc,Provincial,Cultivation,Lúa,,Area_Planted,612.0,ha,Actual,PL4
4d86ee86-7745-4baf-8726-62fac16adfc0,2011,4,Đắc Nông,Provincial,Cultivation,Lúa,,Area_Planted,623.0,ha,Actual,PL4
47291ff1-54b4-4a85-aba7-a0d7248a060b,2011,4,Đắc Nông,Provincial,Cultivation,Lúa,,Area_Planted,13.8,ha,Actual,PL4
42287caf-1e67-4ced-8dcf-c95bad2376d0,2011,4,Đắc Nông,Provincial,Cultivation,Lúa,,Area_Planted,53.2,ha,Actual,PL4
6264183f-5a6b-4646-8b1a-e7ad18a74dbe,2011,4,Đắc Nông,Provincial,Cultivation,Lúa,,Area_Planted,3316.0,ha,Actual,PL4
73d7ae1a-1314-439d-a8e9-bdb90d04f69d,2011,4,Đắc Nông,Provincial,Cultivation,Lúa,,Area_Planted,3634.0,ha,Actual,PL4
6eb8a884-f3d3-4ce2-b4db-0dae1d5330f4,2011,4,Đắc Nông,Provincial,Cultivation,Lúa,,Area_Planted,2762.0,ha,Actual,PL4
e3e8bc51-09fe-4db6-9c25-a8d60c2f4d16,2011,4,Đắc Nông,Provincial,Cultivation,Lúa,,Area_Planted,872.0,ha,Actual,PL4
379dc475-bf61-46d2-a0a0-d2d2f5a6f04e,2011,4,Lâm Đồng,Provincial,Cultivation,Lúa,,Area_Planted,995.0,ha,Actual,PL4
092aaeb2-2614-4c8e-a891-8e6ff75d0f08,2011,4,Lâm Đồng,Provincial,Cultivation,Lúa,,Area_Planted,254.0,ha,Actual,PL4
46c7fb18-cf9a-427b-8276-35a7c833d5be,2011,4,Đông Nam Bộ,Provincial,Cultivation,Lúa,,Area_Planted,94530.0,ha,Actual,PL4
bc97f975-49ea-4145-89aa-ebf373018ece,2011,4,Đông Nam Bộ,Provincial,Cultivation,Lúa,,Area_Planted,78.1,ha,Actual,PL4
1033c569-85ca-4285-906b-c1a6269706fa,2011,4,Đông Nam Bộ,Provincial,Cultivation,Lúa,,Area_Planted,52.1,ha,Actual,PL4
d6c7ec2b-0ce0-46f1-aa98-6cc57cdd12b9,2011,4,Đông Nam Bộ,Provincial,Cultivation,Lúa,,Area_Planted,492891.0,ha,Actual,PL4
d64254ff-1da6-4726-918b-3962d8fb85b2,2011,4,Đông Nam Bộ,Provincial,Cultivation,Lúa,,Area_Planted,5648.0,ha,Actual,PL4
0069538e-4363-4f70-ae02-13e310ce18cc,2011,4,Đông Nam Bộ,Provincial,Cultivation,Lúa,,Area_Planted,48283.0,ha,Actual,PL4
0f51378c-0993-48d0-b084-9ac047d7dbae,2011,4,Đông Nam Bộ,Provincial,Cultivation,Lúa,,Area_Planted,19371.0,ha,Actual,PL4
4b6b7a05-422a-45d3-95ef-dded1b54b439,2011,4,Đông Nam Bộ,Provincial,Cultivation,Lúa,,Area_Planted,738.0,ha,Actual,PL4
05fc7ae8-7e25-4d9d-afd3-24238a4743e9,2011,4,Đông Nam Bộ,Provincial,Cultivation,Lúa,,Area_Planted,27388.0,ha,Actual,PL4
6cbc8ded-d72a-485d-af26-8248039159d0,2011,4,Đông Nam Bộ,Provincial,Cultivation,Lúa,,Area_Planted,786.0,ha,Actual,PL4
3096f11e-d694-4e38-bb1e-11b1feb8237e,2011,4,TP Hồ Chí Minh,Provincial,Cultivation,Lúa,,Area_Planted,5405.0,ha,Actual,PL4
f3dcd1d1-b2c0-4692-b946-4dd98151e936,2011,4,TP Hồ Chí Minh,Provincial,Cultivation,Lúa,,Area_Planted,100.0,ha,Actual,PL4
ce300ae8-37b0-41ee-ad68-54efc58d8291,2011,4,TP Hồ Chí Minh,Provincial,Cultivation,Lúa,,Area_Planted,51.0,ha,Actual,PL4
b6809e38-e4f5-459a-9204-ba5dede3cd18,2011,4,TP Hồ Chí Minh,Provincial,Cultivation,Lúa,,Area_Planted,27571.0,ha,Actual,PL4
5eb81551-17fd-445b-ae19-5f1307fcab1d,2011,4,TP Hồ Chí Minh,Provincial,Cultivation,Lúa,,Area_Planted,650.0,ha,Actual,PL4
9f721cdc-d19d-4954-b5c8-e2884acaf22c,2011,4,Ninh Thuận,Provincial,Cultivation,Lúa,,Area_Planted,3400.0,ha,Actual,PL4
dcb6ccb7-063d-486b-a4ee-9e1c16f9702d,2011,4,Ninh Thuận,Provincial,Cultivation,Lúa,,Area_Planted,23.3,ha,Actual,PL4
906e6443-29fd-4501-8eb4-ba24c5fec981,2011,4,Ninh Thuận,Provincial,Cultivation,Lúa,,Area_Planted,65.0,ha,Actual,PL4
1d711302-8dec-4b5c-b53e-f80e617a4316,2011,4,Ninh Thuận,Provincial,Cultivation,Lúa,,Area_Planted,22100.0,ha,Actual,PL4
d180ea90-7375-4cd1-9bfd-8d36845e4233,2011,4,Ninh Thuận,Provincial,Cultivation,Lúa,,Area_Planted,5047.0,ha,Actual,PL4
e2bc5afe-4911-4d8f-b5c2-7d4c5389a5c8,2011,4,Ninh Thuận,Provincial,Cultivation,Lúa,,Area_Planted,2500.0,ha,Actual,PL4
5d292763-f7dc-49de-89fd-3468118af6f5,2011,4,Ninh Thuận,Provincial,Cultivation,Lúa,,Area_Planted,69.0,ha,Actual,PL4
d61f6b53-093b-438d-b6a1-4f3d0d7317a0,2011,4,Ninh Thuận,Provincial,Cultivation,Lúa,,Area_Planted,2478.0,ha,Actual,PL4
272c9dc0-7945-45e0-a06a-7c1a7545d0cb,2011,4,Bình Phước,Provincial,Cultivation,Lúa,,Area_Planted,2908.0,ha,Actual,PL4
2d68fb91-7ef8-4cd4-aae4-c913143a630e,2011,4,Bình Phước,Provincial,Cultivation,Lúa,,Area_Planted,100.0,ha,Actual,PL4
8054befe-dcc0-40d4-b3f6-62d1ff02704b,2011,4,Bình Phước,Provincial,Cultivation,Lúa,,Area_Planted,33.6,ha,Actual,PL4
b5a79baf-c660-4b92-8380-ae05a4912496,2011,4,Bình Phước,Provincial,Cultivation,Lúa,,Area_Planted,9774.0,ha,Actual,PL4
687e957a-050d-44ea-b641-0bba85c10e50,2011,4,Bình Phước,Provincial,Cultivation,Lúa,,Area_Planted,1496.0,ha,Actual,PL4
54c3ce6b-4b9e-4f5a-8511-96b74947a19b,2011,4,Bình Phước,Provincial,Cultivation,Lúa,,Area_Planted,440.0,ha,Actual,PL4
3012b739-cee2-4186-ad7b-491913b535c2,2011,4,Bình Phước,Provincial,Cultivation,Lúa,,Area_Planted,93.0,ha,Actual,PL4
6c59e80a-951e-499b-b4cf-3a2adcd7d34e,2011,4,Bình Phước,Provincial,Cultivation,Lúa,,Area_Planted,832.0,ha,Actual,PL4
d58d58f3-35c1-4ad6-b0ca-ef4b61471146,2011,4,Bình Phước,Provincial,Cultivation,Lúa,,Area_Planted,131.0,ha,Actual,PL4
5de09daf-447a-47b1-924c-b6ace1ae00d3,2011,4,Tây Ninh,Provincial,Cultivation,Lúa,,Area_Planted,32518.0,ha,Actual,PL4
0041815b-e2e9-4128-bdeb-a5d7dc9d95d2,2011,4,Tây Ninh,Provincial,Cultivation,Lúa,,Area_Planted,71.8,ha,Actual,PL4
b4c1c5b6-5d8e-4c5d-800a-2a9de0b4196e,2011,4,Tây Ninh,Provincial,Cultivation,Lúa,,Area_Planted,45.0,ha,Actual,PL4
0e761d9d-4cad-4777-b2e6-ea612932de03,2011,4,Tây Ninh,Provincial,Cultivation,Lúa,,Area_Planted,146331.0,ha,Actual,PL4
c6202ba8-0fc1-458f-9bf7-494dcf71880d,2011,4,Tây Ninh,Provincial,Cultivation,Lúa,,Area_Planted,4236.0,ha,Actual,PL4
d15e1ba9-d198-41f1-a55d-a101e422a99f,2011,4,Tây Ninh,Provincial,Cultivation,Lúa,,Area_Planted,23652.0,ha,Actual,PL4
df917ff4-02e9-4440-ac8e-d16800695875,2011,4,Tây Ninh,Provincial,Cultivation,Lúa,,Area_Planted,3187.0,ha,Actual,PL4
d8a6f18b-1a27-4354-90e0-4730594b77ed,2011,4,Tây Ninh,Provincial,Cultivation,Lúa,,Area_Planted,127.0,ha,Actual,PL4
3dc77c6e-8a2f-4cbf-8a31-cdb43782c865,2011,4,Tây Ninh,Provincial,Cultivation,Lúa,,Area_Planted,20051.0,ha,Actual,PL4
900d0200-b519-4c35-a81a-5584610ee81a,2011,4,Tây Ninh,Provincial,Cultivation,Lúa,,Area_Planted,287.0,ha,Actual,PL4
426c6810-2c06-47ec-9a4b-18ea7384df75,2011,4,Bình Dương,Provincial,Cultivation,Lúa,,Area_Planted,2596.0,ha,Actual,PL4
51403886-19e5-4103-98ac-f92118ba222d,2011,4,Bình Dương,Provincial,Cultivation,Lúa,,Area_Planted,100.0,ha,Actual,PL4
5d28e5d4-a0e6-49af-90d3-80e35cc3148e,2011,4,Bình Dương,Provincial,Cultivation,Lúa,,Area_Planted,44.6,ha,Actual,PL4
8e24147a-096b-40e8-8f0c-de214404d93c,2011,4,Bình Dương,Provincial,Cultivation,Lúa,,Area_Planted,11570.0,ha,Actual,PL4
f9d2d99e-915a-4654-9ff0-143c1f4564ba,2011,4,Bình Dương,Provincial,Cultivation,Lúa,,Area_Planted,68.0,ha,Actual,PL4
bf7cccaf-57f7-4482-831d-fa1e9ce04b16,2011,4,Bình Dương,Provincial,Cultivation,Lúa,,Area_Planted,1787.0,ha,Actual,PL4
ae0e8fe1-341d-46b7-8cbb-b30c19eb4a96,2011,4,Bình Dương,Provincial,Cultivation,Lúa,,Area_Planted,126.0,ha,Actual,PL4
48f340a5-7211-482b-aaf7-b9eabfbc60cc,2011,4,Bình Dương,Provincial,Cultivation,Lúa,,Area_Planted,1489.0,ha,Actual,PL4
0951d6c1-4ffe-4a4b-b1d8-4df75f5b13dd,2011,4,Bình Dương,Provincial,Cultivation,Lúa,,Area_Planted,172.0,ha,Actual,PL4
a05e349b-76e9-41f2-96a7-3bbb3e6eb5dd,2011,4,Đồng Nai,Provincial,Cultivation,Lúa,,Area_Planted,13989.0,ha,Actual,PL4
9c0d2526-6166-4697-9730-0314fc2c2a9b,2011,4,Đồng Nai,Provincial,Cultivation,Lúa,,Area_Planted,100.0,ha,Actual,PL4
cdd083b0-2e44-4213-8c7e-187d2518f18a,2011,4,Đồng Nai,Provincial,Cultivation,Lúa,,Area_Planted,56.5,ha,Actual,PL4
195889cb-24ba-4267-90ad-8f1d4aa7761b,2011,4,Đồng Nai,Provincial,Cultivation,Lúa,,Area_Planted,79038.0,ha,Actual,PL4
bd6046d5-0738-4062-ab48-0ea1d25ca318,2011,4,Đồng Nai,Provincial,Cultivation,Lúa,,Area_Planted,11452.0,ha,Actual,PL4
9fddfe9a-ced4-49d3-b397-6171fc0434b6,2011,4,Đồng Nai,Provincial,Cultivation,Lúa,,Area_Planted,8943.0,ha,Actual,PL4
f6d37635-bec0-40d6-8993-ab9f76e87a12,2011,4,Đồng Nai,Provincial,Cultivation,Lúa,,Area_Planted,123.0,ha,Actual,PL4
a8a36c19-0f90-4adf-92c9-96ad628ff74f,2011,4,Đồng Nai,Provincial,Cultivation,Lúa,,Area_Planted,2215.0,ha,Actual,PL4
3c838993-978d-4360-919b-9460a8ae5a90,2011,4,Đồng Nai,Provincial,Cultivation,Lúa,,Area_Planted,171.0,ha,Actual,PL4
df4d15eb-2d89-44ec-acb6-bb3b147bb3fe,2011,4,Bình Thuận,Provincial,Cultivation,Lúa,,Area_Planted,29178.0,ha,Actual,PL4
252947b3-0059-437e-9a73-c41b240e0d82,2011,4,Bình Thuận,Provincial,Cultivation,Lúa,,Area_Planted,93.3,ha,Actual,PL4
04ee3640-6b34-4c5a-9802-0cb06b2aab65,2011,4,Bình Thuận,Provincial,Cultivation,Lúa,,Area_Planted,59.4,ha,Actual,PL4
91705044-3d01-4e88-9c5b-77dee3fb93c4,2011,4,Bình Thuận,Provincial,Cultivation,Lúa,,Area_Planted,173317.0,ha,Actual,PL4
2bcaba98-451f-4e5c-b52a-3e96fd36012a,2011,4,Bình Thuận,Provincial,Cultivation,Lúa,,Area_Planted,3690.0,ha,Actual,PL4
a99a4195-52b6-452d-8718-4574784c9715,2011,4,Bình Thuận,Provincial,Cultivation,Lúa,,Area_Planted,3066.0,ha,Actual,PL4
92f0a8e9-505b-4ef1-908c-3b6b40b95737,2011,4,Bình Thuận,Provincial,Cultivation,Lúa,,Area_Planted,278.0,ha,Actual,PL4
aa4780bb-800d-4c15-bdad-6268241dc67d,2011,4,Bình Thuận,Provincial,Cultivation,Lúa,,Area_Planted,323.0,ha,Actual,PL4
8a65ddc3-a904-4b1e-8d40-7c4a303e7c4d,2011,4,Bình Thuận,Provincial,Cultivation,Lúa,,Area_Planted,23.0,ha,Actual,PL4
3ec4e22f-44f0-4337-b757-4ab210df0959,2011,4,Bà Rịa-V.Tàu,Provincial,Cultivation,Lúa,,Area_Planted,4536.0,ha,Actual,PL4
2b5f508d-3822-4915-9af9-be0d0091c4ab,2011,4,Bà Rịa-V.Tàu,Provincial,Cultivation,Lúa,,Area_Planted,92.2,ha,Actual,PL4
3e6b2837-9d33-4e60-80ab-82b8ba740b4b,2011,4,Bà Rịa-V.Tàu,Provincial,Cultivation,Lúa,,Area_Planted,51.1,ha,Actual,PL4
852adb13-5c59-4559-8463-c43c753f1d14,2011,4,Bà Rịa-V.Tàu,Provincial,Cultivation,Lúa,,Area_Planted,23190.0,ha,Actual,PL4
38d51227-a88b-4cb5-a0ee-5bd6bdced44e,2011,4,Bà Rịa-V.Tàu,Provincial,Cultivation,Lúa,,Area_Planted,694.0,ha,Actual,PL4
7c579cdf-fe0d-482a-8506-f0f14a716b84,2011,4,Bà Rịa-V.Tàu,Provincial,Cultivation,Lúa,,Area_Planted,1159.0,ha,Actual,PL4
d120520f-38f4-4bd6-bb3a-c549461f1821,2011,4,Bà Rịa-V.Tàu,Provincial,Cultivation,Lúa,,Area_Planted,1109.0,ha,Actual,PL4
b3986015-9f67-4412-a949-e993cdf03fb9,2011,4,Bà Rịa-V.Tàu,Provincial,Cultivation,Lúa,,Area_Planted,48.0,ha,Actual,PL4
9381ebf8-49ed-4f9d-8919-8f69498315e1,2011,4,Bà Rịa-V.Tàu,Provincial,Cultivation,Lúa,,Area_Planted,2.0,ha,Actual,PL4
399dd27b-4e2b-4403-8732-18e9b8b958ac,2011,4,ĐBS Cửu Long,Provincial,Cultivation,Lúa,,Area_Planted,1459886.0,ha,Actual,PL4
64198689-c74e-4e4a-a515-7d84086a8d82,2011,4,ĐBS Cửu Long,Provincial,Cultivation,Lúa,,Area_Planted,90.3,ha,Actual,PL4
11aa2964-fb3d-45b3-ac6a-356469523413,2011,4,ĐBS Cửu Long,Provincial,Cultivation,Lúa,,Area_Planted,66.0,ha,Actual,PL4
07b3f016-3dff-4cd6-8c06-a70b09e59298,2011,4,ĐBS Cửu Long,Provincial,Cultivation,Lúa,,Area_Planted,9628445.0,ha,Actual,PL4
677ef832-b8d0-4450-92b9-18b2aa787dab,2011,4,ĐBS Cửu Long,Provincial,Cultivation,Lúa,,Area_Planted,645405.0,ha,Actual,PL4
60382dd0-2367-45ac-8869-4b48c8662907,2011,4,ĐBS Cửu Long,Provincial,Cultivation,Lúa,,Area_Planted,40740.0,ha,Actual,PL4
53f21122-34b7-40d8-be43-8646034e1351,2011,4,ĐBS Cửu Long,Provincial,Cultivation,Lúa,,Area_Planted,21904.0,ha,Actual,PL4
fed04322-5219-4511-9ea9-f411b2e34455,2011,4,ĐBS Cửu Long,Provincial,Cultivation,Lúa,,Area_Planted,8714.0,ha,Actual,PL4
29b17b03-fe28-4e0d-ac3c-a6b6d237f7e1,2011,4,ĐBS Cửu Long,Provincial,Cultivation,Lúa,,Area_Planted,2008.0,ha,Actual,PL4
2fc4b3e2-e224-42de-94de-70ec317b8fc1,2011,4,ĐBS Cửu Long,Provincial,Cultivation,Lúa,,Area_Planted,8114.0,ha,Actual,PL4
31130368-00ec-417f-a73d-d40fca58cfa3,2011,4,Long An,Provincial,Cultivation,Lúa,,Area_Planted,246258.0,ha,Actual,PL4
e6ce39e1-7522-4968-9991-61638fa36b99,2011,4,Long An,Provincial,Cultivation,Lúa,,Area_Planted,96.9,ha,Actual,PL4
a0b84176-4bf6-433e-a8ce-d0ee17e15f66,2011,4,Long An,Provincial,Cultivation,Lúa,,Area_Planted,57.9,ha,Actual,PL4
5cfc65d3-8470-40c2-b1a0-13eb3f364b06,2011,4,Long An,Provincial,Cultivation,Lúa,,Area_Planted,1426819.0,ha,Actual,PL4
7b5908ac-b90d-4210-839c-6d7b222b05a1,2011,4,Long An,Provincial,Cultivation,Lúa,,Area_Planted,50652.0,ha,Actual,PL4
469a719b-ab76-4f96-b6af-d40c9a37e468,2011,4,Long An,Provincial,Cultivation,Lúa,,Area_Planted,8558.0,ha,Actual,PL4
1925ec91-4d4a-4270-9f39-baee2d48a4c5,2011,4,Long An,Provincial,Cultivation,Lúa,,Area_Planted,4606.0,ha,Actual,PL4
c7c5b3f2-6501-4b49-ae14-e5347c15463d,2011,4,Long An,Provincial,Cultivation,Lúa,,Area_Planted,48.0,ha,Actual,PL4
2685eb9f-9a29-4c0d-9549-de212d2aeda7,2011,4,Long An,Provincial,Cultivation,Lúa,,Area_Planted,570.0,ha,Actual,PL4
d945efae-8e0b-4999-a2c7-0e7613afced0,2011,4,Long An,Provincial,Cultivation,Lúa,,Area_Planted,3334.0,ha,Actual,PL4
b7021a4b-e444-4ff6-83c7-cf1ce6142fe1,2011,4,Đồng Tháp,Provincial,Cultivation,Lúa,,Area_Planted,206195.0,ha,Actual,PL4
44a1602d-d5f3-4be6-97d4-ea753977dbd9,2011,4,Đồng Tháp,Provincial,Cultivation,Lúa,,Area_Planted,99.7,ha,Actual,PL4
be32ae2c-0d89-43ed-b612-47ee3e75e397,2011,4,Đồng Tháp,Provincial,Cultivation,Lúa,,Area_Planted,70.7,ha,Actual,PL4
1e8eb9cd-1822-47ec-9721-d9da66ba19d8,2011,4,Đồng Tháp,Provincial,Cultivation,Lúa,,Area_Planted,1457799.0,ha,Actual,PL4
2dd4e78e-afb5-43ba-a785-4da806dab79e,2011,4,Đồng Tháp,Provincial,Cultivation,Lúa,,Area_Planted,167680.0,ha,Actual,PL4
9f0d33aa-4c3d-4aaa-9e1a-74750e31bfca,2011,4,Đồng Tháp,Provincial,Cultivation,Lúa,,Area_Planted,4908.0,ha,Actual,PL4
a6b9db54-7c38-4882-b7b8-118377e1c877,2011,4,Đồng Tháp,Provincial,Cultivation,Lúa,,Area_Planted,2852.0,ha,Actual,PL4
beec7440-fea6-449d-9eb2-887d3ccdcefe,2011,4,Đồng Tháp,Provincial,Cultivation,Lúa,,Area_Planted,1293.0,ha,Actual,PL4
cda295b9-b89b-4bbb-9ace-ac0461f35e2d,2011,4,Đồng Tháp,Provincial,Cultivation,Lúa,,Area_Planted,763.0,ha,Actual,PL4
f392847a-b58c-4dc3-91f5-c0397e3aa6d8,2011,4,An Giang,Provincial,Cultivation,Lúa,,Area_Planted,211267.0,ha,Actual,PL4
1830f91b-3d16-46a6-b221-a8eabc8b50a4,2011,4,An Giang,Provincial,Cultivation,Lúa,,Area_Planted,89.7,ha,Actual,PL4
3829a1b6-a0db-4350-ac1a-d823b0445a2d,2011,4,An Giang,Provincial,Cultivation,Lúa,,Area_Planted,73.9,ha,Actual,PL4
0c6b8c21-fa9b-4b59-b6ee-4fd711ce7ea2,2011,4,An Giang,Provincial,Cultivation,Lúa,,Area_Planted,1561822.0,ha,Actual,PL4
42b0c305-6a46-4250-88b2-fbc4c428b26b,2011,4,An Giang,Provincial,Cultivation,Lúa,,Area_Planted,89547.0,ha,Actual,PL4
75e7fefc-c72c-45f1-b706-794944b9e730,2011,4,An Giang,Provincial,Cultivation,Lúa,,Area_Planted,5843.0,ha,Actual,PL4
c721ae72-58c4-4546-9dd4-d67a9998d729,2011,4,An Giang,Provincial,Cultivation,Lúa,,Area_Planted,4364.0,ha,Actual,PL4
5689fbad-f5e2-4605-81e8-88a698e0aad9,2011,4,An Giang,Provincial,Cultivation,Lúa,,Area_Planted,189.0,ha,Actual,PL4
3639b321-bc20-4c76-822d-a9cbfc29220d,2011,4,An Giang,Provincial,Cultivation,Lúa,,Area_Planted,460.0,ha,Actual,PL4
908f477a-4b2b-4c1f-89d0-b32dfaf56289,2011,4,An Giang,Provincial,Cultivation,Lúa,,Area_Planted,830.0,ha,Actual,PL4
d1b65b9e-c9fb-4f21-9c71-1f64a3942da9,2011,4,Tiền Giang,Provincial,Cultivation,Lúa,,Area_Planted,80351.0,ha,Actual,PL4
955ecaf5-9469-4617-bfee-16a2343b32d5,2011,4,Tiền Giang,Provincial,Cultivation,Lúa,,Area_Planted,100.0,ha,Actual,PL4
04ae1148-eeab-4d90-9b5b-e157667b0994,2011,4,Tiền Giang,Provincial,Cultivation,Lúa,,Area_Planted,67.3,ha,Actual,PL4
ab51b188-51f8-440d-8500-ba74a9c926f7,2011,4,Tiền Giang,Provincial,Cultivation,Lúa,,Area_Planted,540550.0,ha,Actual,PL4
ac2729c6-d3eb-4f10-9571-3c4220cc30bb,2011,4,Tiền Giang,Provincial,Cultivation,Lúa,,Area_Planted,40495.0,ha,Actual,PL4
1f499d46-20dc-4736-bcbd-0e049ba94e35,2011,4,Tiền Giang,Provincial,Cultivation,Lúa,,Area_Planted,4372.0,ha,Actual,PL4
490f700a-8c01-4801-b07e-6e7883fa1dce,2011,4,Tiền Giang,Provincial,Cultivation,Lúa,,Area_Planted,2849.0,ha,Actual,PL4
ceaa173d-c744-42f4-b576-dd75d85eb00c,2011,4,Tiền Giang,Provincial,Cultivation,Lúa,,Area_Planted,240.0,ha,Actual,PL4
2841894c-9e68-4118-97aa-06a7bb62c166,2011,4,Tiền Giang,Provincial,Cultivation,Lúa,,Area_Planted,151.0,ha,Actual,PL4
9da4e135-2a03-402f-81ca-e79f7378ff2e,2011,4,Tiền Giang,Provincial,Cultivation,Lúa,,Area_Planted,1132.0,ha,Actual,PL4
883bd001-481d-44c7-9878-e7883876417a,2011,4,Vĩnh Long,Provincial,Cultivation,Lúa,,Area_Planted,65830.0,ha,Actual,PL4
efe6c2d3-fe68-46dc-bf52-3819f78883ea,2011,4,Vĩnh Long,Provincial,Cultivation,Lúa,,Area_Planted,100.0,ha,Actual,PL4
7be05435-c00d-4b44-b155-7bdb5208b069,2011,4,Vĩnh Long,Provincial,Cultivation,Lúa,,Area_Planted,66.0,ha,Actual,PL4
aa329010-26ed-4c4e-9d98-f18eb4ee44f0,2011,4,Vĩnh Long,Provincial,Cultivation,Lúa,,Area_Planted,434775.0,ha,Actual,PL4
dd9c4d4d-1237-4f91-9b3f-b2fd5110fd32,2011,4,Vĩnh Long,Provincial,Cultivation,Lúa,,Area_Planted,61227.0,ha,Actual,PL4
b6ee2add-a5cf-4340-9656-752ae0b3e675,2011,4,Vĩnh Long,Provincial,Cultivation,Lúa,,Area_Planted,5528.0,ha,Actual,PL4
9b4914aa-55d3-49ad-bf29-ac2963fe75cb,2011,4,Vĩnh Long,Provincial,Cultivation,Lúa,,Area_Planted,812.0,ha,Actual,PL4
8aa3a6bf-1dac-498a-8b8c-f67b3b736dbf,2011,4,Vĩnh Long,Provincial,Cultivation,Lúa,,Area_Planted,4520.0,ha,Actual,PL4
fa340af4-05f2-43da-ada0-acadfe6aae3a,2011,4,Vĩnh Long,Provincial,Cultivation,Lúa,,Area_Planted,118.0,ha,Actual,PL4
d4182344-1cc6-4fdb-8a14-f60b92136fdf,2011,4,Vĩnh Long,Provincial,Cultivation,Lúa,,Area_Planted,78.0,ha,Actual,PL4
1cc1d284-5ec3-404c-9481-402ec52b4fcd,2011,4,Bến Tre,Provincial,Cultivation,Lúa,,Area_Planted,9366.0,ha,Actual,PL4
7df5fcfb-0cc8-4a1d-bfc4-096960ecea70,2011,4,Bến Tre,Provincial,Cultivation,Lúa,,Area_Planted,45.4,ha,Actual,PL4
ab443b64-4050-4c52-abfc-9fe83ee01a64,2011,4,Bến Tre,Provincial,Cultivation,Lúa,,Area_Planted,53.5,ha,Actual,PL4
5aa26936-70b3-4e93-a1b5-90ef9ffdedde,2011,4,Bến Tre,Provincial,Cultivation,Lúa,,Area_Planted,50108.0,ha,Actual,PL4
20b2f5ee-7da7-479c-9c55-9493c490d54e,2011,4,Bến Tre,Provincial,Cultivation,Lúa,,Area_Planted,400.0,ha,Actual,PL4
2adaeb16-c59b-4f7f-be47-7f9c161485db,2011,4,Bến Tre,Provincial,Cultivation,Lúa,,Area_Planted,250.0,ha,Actual,PL4
646a93a6-2a79-4d08-8510-d6e44cbeaf66,2011,4,Bến Tre,Provincial,Cultivation,Lúa,,Area_Planted,50.0,ha,Actual,PL4
14b53288-dc2b-4315-a6a4-a61aeae3f5e6,2011,4,Bến Tre,Provincial,Cultivation,Lúa,,Area_Planted,100.0,ha,Actual,PL4
f90251fd-e02e-4e94-8985-3e93c5fc9de9,2011,4,Kiên Giang,Provincial,Cultivation,Lúa,,Area_Planted,287364.0,ha,Actual,PL4
b9b3ada6-be04-4877-a156-db118b2b34b8,2011,4,Kiên Giang,Provincial,Cultivation,Lúa,,Area_Planted,100.0,ha,Actual,PL4
0bdc0025-1574-43e9-8861-b51a1984b0e7,2011,4,Kiên Giang,Provincial,Cultivation,Lúa,,Area_Planted,68.4,ha,Actual,PL4
d3bb49f8-45f6-47cd-9c18-9e9b68949d8c,2011,4,Kiên Giang,Provincial,Cultivation,Lúa,,Area_Planted,1965570.0,ha,Actual,PL4
11ed7a21-830f-4aa7-a37c-37dcc78a0d68,2011,4,Kiên Giang,Provincial,Cultivation,Lúa,,Area_Planted,57151.0,ha,Actual,PL4
9c0ff3fd-025d-4e91-8e6f-83a4addac9bd,2011,4,Kiên Giang,Provincial,Cultivation,Lúa,,Area_Planted,730.0,ha,Actual,PL4
09f15c6f-b9f6-4968-8cc4-f2753c63035f,2011,4,Kiên Giang,Provincial,Cultivation,Lúa,,Area_Planted,730.0,ha,Actual,PL4
c19bbae3-0fdb-418a-b908-d04045a70465,2011,4,Cần Thơ,Provincial,Cultivation,Lúa,,Area_Planted,88672.0,ha,Actual,PL4
06bb4007-fb82-4153-9240-296149a4fc3f,2011,4,Cần Thơ,Provincial,Cultivation,Lúa,,Area_Planted,100.0,ha,Actual,PL4
8d13034b-d983-46c0-9438-1c19f01d832c,2011,4,Cần Thơ,Provincial,Cultivation,Lúa,,Area_Planted,71.5,ha,Actual,PL4
99b5deab-4cfb-4c29-bf0b-b67a7b1a8777,2011,4,Cần Thơ,Provincial,Cultivation,Lúa,,Area_Planted,634005.0,ha,Actual,PL4
f346ec6c-0cec-4d55-8361-41e8c29c7ca1,2011,4,Cần Thơ,Provincial,Cultivation,Lúa,,Area_Planted,77631.0,ha,Actual,PL4
195c3720-5523-4309-acfe-549ba95844f7,2011,4,Cần Thơ,Provincial,Cultivation,Lúa,,Area_Planted,490.0,ha,Actual,PL4
bbb0822d-2647-4bf1-affb-ac1ec9ceb180,2011,4,Cần Thơ,Provincial,Cultivation,Lúa,,Area_Planted,458.0,ha,Actual,PL4
a60d3420-990e-4904-bc2c-1577acbd931a,2011,4,Cần Thơ,Provincial,Cultivation,Lúa,,Area_Planted,32.0,ha,Actual,PL4
0b3dffcf-ff7d-4734-a05c-d5a120f19607,2011,4,Hậu Giang,Provincial,Cultivation,Lúa,,Area_Planted,20317.0,ha,Actual,PL4
59bae30e-3a5e-4845-bd57-3fa2e60ebb92,2011,4,Hậu Giang,Provincial,Cultivation,Lúa,,Area_Planted,24.5,ha,Actual,PL4
31dd3d40-2333-499b-9b43-71b160426ce0,2011,4,Hậu Giang,Provincial,Cultivation,Lúa,,Area_Planted,69.0,ha,Actual,PL4
3d777a06-fd5b-4416-98e4-9be9b4712f0d,2011,4,Hậu Giang,Provincial,Cultivation,Lúa,,Area_Planted,140185.0,ha,Actual,PL4
a2da6f80-b496-4966-b065-d0417450c823,2011,4,Hậu Giang,Provincial,Cultivation,Lúa,,Area_Planted,32368.0,ha,Actual,PL4
6d54ddea-bc6c-49fe-9316-52072ffa5177,2011,4,Hậu Giang,Provincial,Cultivation,Lúa,,Area_Planted,1338.0,ha,Actual,PL4
f2c68db0-1f61-4f76-b5fe-7b400eda349f,2011,4,Hậu Giang,Provincial,Cultivation,Lúa,,Area_Planted,817.0,ha,Actual,PL4
e110077a-6fb9-4469-9df1-3eb02dcf0518,2011,4,Hậu Giang,Provincial,Cultivation,Lúa,,Area_Planted,221.0,ha,Actual,PL4
0dfe10f8-ae0b-4c78-ba80-248c41fdb632,2011,4,Hậu Giang,Provincial,Cultivation,Lúa,,Area_Planted,300.0,ha,Actual,PL4
57a14d9f-345d-4842-9fe4-9049a7be24be,2011,4,Trà Vinh,Provincial,Cultivation,Lúa,,Area_Planted,47904.0,ha,Actual,PL4
09f38c93-dd62-4ad5-b703-5cb32ab515f7,2011,4,Trà Vinh,Provincial,Cultivation,Lúa,,Area_Planted,78.4,ha,Actual,PL4
1c6b6017-96bf-4f55-8788-d63b8a23defd,2011,4,Trà Vinh,Provincial,Cultivation,Lúa,,Area_Planted,54.8,ha,Actual,PL4
e8b3d3d7-56a8-47b8-a59f-9eead837239a,2011,4,Trà Vinh,Provincial,Cultivation,Lúa,,Area_Planted,262514.0,ha,Actual,PL4
9b989406-7201-4b2d-9f31-cadae5ab3066,2011,4,Trà Vinh,Provincial,Cultivation,Lúa,,Area_Planted,14736.0,ha,Actual,PL4
cdea7839-76c8-4844-b0be-0f8b421b62cb,2011,4,Trà Vinh,Provincial,Cultivation,Lúa,,Area_Planted,4469.0,ha,Actual,PL4
4d77c012-2036-4fc0-8908-c1f43ca1a866,2011,4,Trà Vinh,Provincial,Cultivation,Lúa,,Area_Planted,2985.0,ha,Actual,PL4
8a06b7f3-d62f-43e7-8708-e6992b5dda23,2011,4,Trà Vinh,Provincial,Cultivation,Lúa,,Area_Planted,807.0,ha,Actual,PL4
8c227ad8-c2a9-4611-bffe-c0dead5f25fa,2011,4,Trà Vinh,Provincial,Cultivation,Lúa,,Area_Planted,409.0,ha,Actual,PL4
b0baae51-bd98-4cde-97bb-c58fd80ef77a,2011,4,Trà Vinh,Provincial,Cultivation,Lúa,,Area_Planted,268.0,ha,Actual,PL4
c382ed7b-f7f0-42dd-88c9-74fd728be23f,2011,4,Sóc Trăng,Provincial,Cultivation,Lúa,,Area_Planted,122023.0,ha,Actual,PL4
540c0bed-3344-46de-a551-b9c99eaacfd9,2011,4,Sóc Trăng,Provincial,Cultivation,Lúa,,Area_Planted,88.3,ha,Actual,PL4
1d143cc5-7997-427c-b2a4-74b71672c6d5,2011,4,Sóc Trăng,Provincial,Cultivation,Lúa,,Area_Planted,63.8,ha,Actual,PL4
ecb831c6-e03a-4a90-a296-6e5230f5a63c,2011,4,Sóc Trăng,Provincial,Cultivation,Lúa,,Area_Planted,778385.0,ha,Actual,PL4
423a4e66-0706-40e2-a32f-1ee6e413d64c,2011,4,Sóc Trăng,Provincial,Cultivation,Lúa,,Area_Planted,48918.0,ha,Actual,PL4
6e184690-3b52-4740-8296-602228c35c82,2011,4,Sóc Trăng,Provincial,Cultivation,Lúa,,Area_Planted,3526.0,ha,Actual,PL4
e680b11a-4762-4bd3-897a-6090553de87a,2011,4,Sóc Trăng,Provincial,Cultivation,Lúa,,Area_Planted,1862.0,ha,Actual,PL4
aaaf9827-9274-431d-94af-5ec9897c3c24,2011,4,Sóc Trăng,Provincial,Cultivation,Lúa,,Area_Planted,1346.0,ha,Actual,PL4
aaf23379-691e-47f4-8ed2-775527260046,2011,4,Sóc Trăng,Provincial,Cultivation,Lúa,,Area_Planted,200.0,ha,Actual,PL4
6e5627c5-b4ef-44da-9489-384fa079d82e,2011,4,Sóc Trăng,Provincial,Cultivation,Lúa,,Area_Planted,118.0,ha,Actual,PL4
75c3d627-af87-4f5e-975c-be2ca08dceed,2011,4,Bạc Liêu,Provincial,Cultivation,Lúa,,Area_Planted,25571.0,ha,Actual,PL4
6d47bfbb-07cc-4630-97e1-8c385e14abf6,2011,4,Bạc Liêu,Provincial,Cultivation,Lúa,,Area_Planted,55.2,ha,Actual,PL4
335a7d09-36c8-4961-aacb-449af90109c1,2011,4,Bạc Liêu,Provincial,Cultivation,Lúa,,Area_Planted,65.0,ha,Actual,PL4
71c28c02-2867-49ff-83b4-86d493c81fd8,2011,4,Bạc Liêu,Provincial,Cultivation,Lúa,,Area_Planted,166212.0,ha,Actual,PL4
edb7e8b0-7092-4e69-8969-d32230fe250b,2011,4,Bạc Liêu,Provincial,Cultivation,Lúa,,Area_Planted,5000.0,ha,Actual,PL4
e4b85f50-ee56-4601-8af4-e13708e7abd5,2011,4,Bạc Liêu,Provincial,Cultivation,Lúa,,Area_Planted,578.0,ha,Actual,PL4
d02a638a-ae40-4228-9152-d0f441cb8f55,2011,4,Bạc Liêu,Provincial,Cultivation,Lúa,,Area_Planted,49.0,ha,Actual,PL4
caf3cd19-ac53-45f1-a5b5-63f4bacb552f,2011,4,Bạc Liêu,Provincial,Cultivation,Lúa,,Area_Planted,529.0,ha,Actual,PL4
0c80c207-7397-4a37-a9f1-ff62c70cc58f,2011,4,Cà Mau,Provincial,Cultivation,Lúa,,Area_Planted,48768.0,ha,Actual,PL4
1ed40cfd-1326-4e21-b12d-6c6ee41b3355,2011,4,Cà Mau,Provincial,Cultivation,Lúa,,Area_Planted,100.0,ha,Actual,PL4
7232f3ba-54b1-4ede-a256-8c0aad16e3ad,2011,4,Cà Mau,Provincial,Cultivation,Lúa,,Area_Planted,43.0,ha,Actual,PL4
ac091f81-af67-41cd-96f5-440870e94b0b,2011,4,Cà Mau,Provincial,Cultivation,Lúa,,Area_Planted,209702.0,ha,Actual,PL4
d6773821-763c-4afb-a565-22bafb2c937b,2011,4,Miền Nam,Regional,Cultivation,Lúa,,Area_Planted,179647.0,ha,Actual,PL5
b4d61b09-f99d-4ac6-acff-964ba1f24666,2011,4,Miền Nam,Regional,Cultivation,Đậu,,Area_Planted,4485.0,ha,Actual,PL5
a4e0a9d3-60eb-4da3-a54d-ea5f0b69fded,2011,4,Miền Nam,Regional,Cultivation,Lạc,,Area_Planted,40145.0,ha,Actual,PL5
1c578fbe-103c-42c0-9f23-eb461152c184,2011,4,Miền Nam,Regional,Cultivation,Lúa,,Area_Planted,16190.0,ha,Actual,PL5
0a70b601-8fa0-4e56-8b37-cd64f6071f9c,2011,4,Miền Nam,Regional,Cultivation,Lúa,,Area_Planted,9727.0,ha,Actual,PL5
4956f7b6-2306-409a-8ab3-10b67ffbff68,2011,4,Miền Nam,Regional,Cultivation,Mía,,Area_Planted,107256.0,ha,Actual,PL5
9571e760-51b8-4226-9331-fe8ea689e497,2011,4,Miền Nam,Regional,Cultivation,Lúa,,Area_Planted,865.0,ha,Actual,PL5
693255ad-efb9-4b1f-895d-79dcee632c2a,2011,4,Miền Nam,Regional,Cultivation,Lúa,,Area_Planted,979.0,ha,Actual,PL5
ea9b6379-4d71-40d0-abb9-9d66f79b7c04,2011,4,Miền Nam,Regional,Cultivation,Lúa,,Area_Planted,203812.0,ha,Actual,PL5
06845e71-b88a-4b21-860d-267e667044fb,2011,4,Miền Nam,Regional,Cultivation,Lúa,,Area_Planted,288525379.0,ha,Actual,PL5
116b0e37-61d1-475d-a017-7b1548076e6d,2011,4,D.H Nam Trg Bộ,Provincial,Cultivation,Lúa,,Area_Planted,52532.0,ha,Actual,PL5
9850b060-77b2-47f7-93de-c40dd1eee136,2011,4,D.H Nam Trg Bộ,Provincial,Cultivation,Đậu,,Area_Planted,506.0,ha,Actual,PL5
69b0d985-cad1-4373-acf6-f6b97fabd1f6,2011,4,D.H Nam Trg Bộ,Provincial,Cultivation,Lạc,,Area_Planted,20676.0,ha,Actual,PL5
018f1f41-123d-446b-8d6d-328a500e99cc,2011,4,D.H Nam Trg Bộ,Provincial,Cultivation,Lúa,,Area_Planted,140.0,ha,Actual,PL5
67e020ec-3b2f-4de5-98fb-7f8003654c6f,2011,4,D.H Nam Trg Bộ,Provincial,Cultivation,Lúa,,Area_Planted,786.0,ha,Actual,PL5
40b6979d-5350-4d1f-872c-ec4264115f1c,2011,4,D.H Nam Trg Bộ,Provincial,Cultivation,Mía,,Area_Planted,29937.0,ha,Actual,PL5
82e1df9b-6cd5-4f8a-93d3-efa1c8505a42,2011,4,D.H Nam Trg Bộ,Provincial,Cultivation,Lúa,,Area_Planted,450.0,ha,Actual,PL5
4c6602d0-39f8-4f09-8d2d-ca190c328a56,2011,4,D.H Nam Trg Bộ,Provincial,Cultivation,Lúa,,Area_Planted,37.0,ha,Actual,PL5
6bc79bd9-bcea-46f6-a352-790641adfd92,2011,4,D.H Nam Trg Bộ,Provincial,Cultivation,Lúa,,Area_Planted,25930.0,ha,Actual,PL5
e4d58f95-7fca-40bc-84c5-38c331a69140,2011,4,D.H Nam Trg Bộ,Provincial,Cultivation,Lúa,,Area_Planted,25930.0,ha,Actual,PL5
e24abae2-0626-4e2e-9d16-7abba3dafd74,2011,4,TP Đà Nẵng,Provincial,Cultivation,Lúa,,Area_Planted,1198.0,ha,Actual,PL5
f4a59022-6470-4a4f-80d3-e8eab8b016f3,2011,4,TP Đà Nẵng,Provincial,Cultivation,Lạc,,Area_Planted,784.0,ha,Actual,PL5
2dacbcb9-df32-4216-a326-76348ae29480,2011,4,TP Đà Nẵng,Provincial,Cultivation,Mía,,Area_Planted,414.0,ha,Actual,PL5
11e1562a-f474-45a6-b5a3-a01cce9c7ef1,2011,4,TP Đà Nẵng,Provincial,Cultivation,Lúa,,Area_Planted,469.0,ha,Actual,PL5
53f4c34a-9531-47be-9582-df923579fc87,2011,4,Quảng Nam,Provincial,Cultivation,Lúa,,Area_Planted,9258.0,ha,Actual,PL5
490bca62-9518-4525-aaad-08bab2dfc043,2011,4,Quảng Nam,Provincial,Cultivation,Lạc,,Area_Planted,8370.0,ha,Actual,PL5
bf679b35-6072-436b-a17c-50b5501ee87a,2011,4,Quảng Nam,Provincial,Cultivation,Lúa,,Area_Planted,450.0,ha,Actual,PL5
9f410817-fcdb-4974-84f4-7369e35d0d79,2011,4,Quảng Nam,Provincial,Cultivation,Mía,,Area_Planted,250.0,ha,Actual,PL5
642e7964-a121-4307-805c-eeabce5c8166,2011,4,Quảng Nam,Provincial,Cultivation,Lúa,,Area_Planted,188.0,ha,Actual,PL5
9f1faa80-c93e-46d3-9eab-1c9516be3cdf,2011,4,Quảng Nam,Provincial,Cultivation,Lúa,,Area_Planted,10690.0,ha,Actual,PL5
1ccf97b1-3295-4f7e-bda4-feabbf15c57c,2011,4,Quảng Ngãi,Provincial,Cultivation,Lúa,,Area_Planted,8383.0,ha,Actual,PL5
3ed8595b-c1ea-474d-a4cc-8812055e706e,2011,4,Quảng Ngãi,Provincial,Cultivation,Lạc,,Area_Planted,4063.0,ha,Actual,PL5
43113282-acb1-41ac-962f-71cbffe46557,2011,4,Quảng Ngãi,Provincial,Cultivation,Mía,,Area_Planted,4320.0,ha,Actual,PL5
57174475-cbef-4a76-953b-f7a31bb40ee5,2011,4,Quảng Ngãi,Provincial,Cultivation,Lúa,,Area_Planted,5300.0,ha,Actual,PL5
ef318855-8e5c-4b59-ae61-50953d5a1e27,2011,4,Quảng Ngãi,Provincial,Cultivation,Lúa,,Area_Planted,1644.0,ha,Actual,PL5
faa1e3b4-453e-4b61-81a9-49d527d829ca,2011,4,Bình Định,Provincial,Cultivation,Lúa,,Area_Planted,7147.0,ha,Actual,PL5
1eeacafe-8b46-44c9-969d-0ce724933150,2011,4,Bình Định,Provincial,Cultivation,Đậu,,Area_Planted,221.0,ha,Actual,PL5
37b389dd-4b67-4df9-aa7b-004cd7bbd297,2011,4,Bình Định,Provincial,Cultivation,Lạc,,Area_Planted,6926.0,ha,Actual,PL5
12a6eabe-fca8-4331-8e49-576164e6973c,2011,4,Bình Định,Provincial,Cultivation,Lúa,,Area_Planted,5432.0,ha,Actual,PL5
267b7858-6f09-425e-97b3-23c306951278,2011,4,Bình Định,Provincial,Cultivation,Lúa,,Area_Planted,893.0,ha,Actual,PL5
d5558bb0-c37c-4b5c-a88b-f026f3e61b3a,2011,4,Phú Yên,Provincial,Cultivation,Lúa,,Area_Planted,12559.0,ha,Actual,PL5
8767745d-9a3d-4363-9905-0f3208649031,2011,4,Phú Yên,Provincial,Cultivation,Đậu,,Area_Planted,285.0,ha,Actual,PL5
12126a89-72a9-4172-a0af-0cc88169b556,2011,4,Phú Yên,Provincial,Cultivation,Lạc,,Area_Planted,533.0,ha,Actual,PL5
3d217d92-ddf4-412c-b4c0-e1afcdb72667,2011,4,Phú Yên,Provincial,Cultivation,Lúa,,Area_Planted,140.0,ha,Actual,PL5
4180a522-8831-4eca-9b4f-1cf4742f38c7,2011,4,Phú Yên,Provincial,Cultivation,Lúa,,Area_Planted,336.0,ha,Actual,PL5
3564a39e-f88c-4b8a-99a3-bda3440a728f,2011,4,Phú Yên,Provincial,Cultivation,Mía,,Area_Planted,10966.0,ha,Actual,PL5
2698a4e3-d14b-4839-aa3c-8f4e6e7428be,2011,4,Phú Yên,Provincial,Cultivation,Lúa,,Area_Planted,262.0,ha,Actual,PL5
4f81a3fd-97a8-497d-9771-14d5fddfe086,2011,4,Phú Yên,Provincial,Cultivation,Lúa,,Area_Planted,37.0,ha,Actual,PL5
8fe002fc-f52c-4a8b-bef0-e28f5d4fbfa9,2011,4,Phú Yên,Provincial,Cultivation,Lúa,,Area_Planted,2571.0,ha,Actual,PL5
373ec64d-f220-4b4b-9627-1c5336bad232,2011,4,Phú Yên,Provincial,Cultivation,Lúa,,Area_Planted,1866.0,ha,Actual,PL5
96459da7-51ac-464f-a559-a1c240276b5c,2011,4,Khánh Hoà,Provincial,Cultivation,Lúa,,Area_Planted,13987.0,ha,Actual,PL5
036b61e4-b344-4280-ac1f-8fb87efb0e2b,2011,4,Khánh Hoà,Provincial,Cultivation,Mía,,Area_Planted,13987.0,ha,Actual,PL5
cea50489-a265-4b2d-a18f-14ae63146893,2011,4,Khánh Hoà,Provincial,Cultivation,Lúa,,Area_Planted,1467.0,ha,Actual,PL5
22e6cf7b-4837-4326-9a15-342c4e26d420,2011,4,Khánh Hoà,Provincial,Cultivation,Lúa,,Area_Planted,976.0,ha,Actual,PL5
e16540d2-52ff-422a-b9a9-9fee5cecb7f2,2011,4,Tây Nguyên,Provincial,Cultivation,Lúa,,Area_Planted,13214.0,ha,Actual,PL5
b9fb8117-12d4-46bd-8037-c8e650c399aa,2011,4,Tây Nguyên,Provincial,Cultivation,Lạc,,Area_Planted,118.0,ha,Actual,PL5
906fb03d-2d03-4a4a-81f0-cd140d5c8f4f,2011,4,Tây Nguyên,Provincial,Cultivation,Lúa,,Area_Planted,3502.0,ha,Actual,PL5
b73d0f68-6630-41e8-bfc2-910826abb09c,2011,4,Tây Nguyên,Provincial,Cultivation,Mía,,Area_Planted,9292.0,ha,Actual,PL5
759c5890-923d-4847-8212-080be5f41e88,2011,4,Tây Nguyên,Provincial,Cultivation,Lúa,,Area_Planted,303.0,ha,Actual,PL5
31bc9461-72c6-4533-bd94-4ff4c939002b,2011,4,Tây Nguyên,Provincial,Cultivation,Lúa,,Area_Planted,28581.0,ha,Actual,PL5
117e5732-8147-4bba-8e49-a1b1c6114d5e,2011,4,Tây Nguyên,Provincial,Cultivation,Lúa,,Area_Planted,4303.0,ha,Actual,PL5
140282f9-fca0-4c88-ad69-1001119f6508,2011,4,Kon Tum,Provincial,Cultivation,Lúa,,Area_Planted,1769.0,ha,Actual,PL5
fc17a278-eb73-4f42-9054-725a5ecae746,2011,4,Kon Tum,Provincial,Cultivation,Lạc,,Area_Planted,13.0,ha,Actual,PL5
e0b17eb3-d23a-4850-ab42-b6a2888d28fb,2011,4,Kon Tum,Provincial,Cultivation,Mía,,Area_Planted,1756.0,ha,Actual,PL5
85f1b710-f8a1-4214-aa41-9ee05c5b0042,2011,4,Kon Tum,Provincial,Cultivation,Lúa,,Area_Planted,749.0,ha,Actual,PL5
5865e52e-9b9f-42a8-9b09-8f158fb021a9,2011,4,Kon Tum,Provincial,Cultivation,Lúa,,Area_Planted,57.0,ha,Actual,PL5
80c70578-5a74-4071-a31e-067a8a84ee1e,2011,4,Gia Lai,Provincial,Cultivation,Lúa,,Area_Planted,10942.0,ha,Actual,PL5
a81633dc-06e9-49e7-8689-6c7f72b9242c,2011,4,Gia Lai,Provincial,Cultivation,Lạc,,Area_Planted,85.0,ha,Actual,PL5
dcff4d92-9085-45d2-97c1-13a0058c4b22,2011,4,Gia Lai,Provincial,Cultivation,Lúa,,Area_Planted,3019.0,ha,Actual,PL5
637d3417-cd0c-4749-a2bf-93481f65c89d,2011,4,Gia Lai,Provincial,Cultivation,Mía,,Area_Planted,7536.0,ha,Actual,PL5
6ffd6a6a-7556-4166-bf40-707042c89315,2011,4,Gia Lai,Provincial,Cultivation,Lúa,,Area_Planted,303.0,ha,Actual,PL5
01f20c7a-8c5b-4cea-897e-6cebf15af4c3,2011,4,Gia Lai,Provincial,Cultivation,Lúa,,Area_Planted,8071.0,ha,Actual,PL5
9bd65bfc-125b-4597-b592-688a4e68891f,2011,4,Gia Lai,Provincial,Cultivation,Lúa,,Area_Planted,2310.0,ha,Actual,PL5
d7d14483-9199-4983-a0f3-768cfa614fd9,2011,4,Đắc Lắc,Provincial,Cultivation,Lúa,,Area_Planted,503.0,ha,Actual,PL5
57d83712-8864-4a47-9210-8494e6b0ed3e,2011,4,Đắc Lắc,Provincial,Cultivation,Lạc,,Area_Planted,20.0,ha,Actual,PL5
5c6418eb-31c1-4aa3-aa2a-fcd7fccf26fe,2011,4,Đắc Lắc,Provincial,Cultivation,Lúa,,Area_Planted,483.0,ha,Actual,PL5
0264b44f-9dd5-4e56-9d8b-ef58fc78b19e,2011,4,Đắc Lắc,Provincial,Cultivation,Lúa,,Area_Planted,2655.0,ha,Actual,PL5
bc0d54a1-274b-4f90-b2a8-8093671444d2,2011,4,Đắc Lắc,Provincial,Cultivation,Lúa,,Area_Planted,1184.0,ha,Actual,PL5
4725cdcb-c6db-40db-9dcf-84bbc27dfc2d,2011,4,Đắc Nông,Provincial,Cultivation,Lúa,,Area_Planted,90516201.0,ha,Actual,PL5
aa9b8c69-37a5-4bec-b107-25f573dd4bc2,2011,4,Đắc Nông,Provincial,Cultivation,Lúa,,Area_Planted,207545.0,ha,Actual,PL5
1c5b12ac-508b-4f78-9886-c656c3d72913,2011,4,Đông Nam Bộ,Provincial,Cultivation,Lúa,,Area_Planted,29413.0,ha,Actual,PL5
d829acf2-9b47-48e3-bbef-ad51f1112d07,2011,4,Đông Nam Bộ,Provincial,Cultivation,Đậu,,Area_Planted,276.0,ha,Actual,PL5
89fff0bb-c3c4-43b3-80e0-788bad347d37,2011,4,Đông Nam Bộ,Provincial,Cultivation,Lạc,,Area_Planted,9432.0,ha,Actual,PL5
26f7fcfc-f7a6-4eac-b5fa-1593630cd045,2011,4,Đông Nam Bộ,Provincial,Cultivation,Lúa,,Area_Planted,1019.0,ha,Actual,PL5
07740627-47a1-4522-843e-b4e1f72d19cb,2011,4,Đông Nam Bộ,Provincial,Cultivation,Lúa,,Area_Planted,5316.0,ha,Actual,PL5
96d9fead-c8ea-404f-9947-9c5c48a372a9,2011,4,Đông Nam Bộ,Provincial,Cultivation,Mía,,Area_Planted,13258.0,ha,Actual,PL5
88eea6d2-3764-41dc-bdd6-90bc49c8d0d9,2011,4,Đông Nam Bộ,Provincial,Cultivation,Lúa,,Area_Planted,112.0,ha,Actual,PL5
44c135ed-d260-4dae-9187-22d116ef6e07,2011,4,Đông Nam Bộ,Provincial,Cultivation,Lúa,,Area_Planted,30523.0,ha,Actual,PL5
254ee3d8-6e7e-4625-a65c-a73df067153c,2011,4,Đông Nam Bộ,Provincial,Cultivation,Lúa,,Area_Planted,10757.0,ha,Actual,PL5
ebc925b5-a48a-439d-9d48-cf60899bdde9,2011,4,TP Hồ Chí Minh,Provincial,Cultivation,Lúa,,Area_Planted,2300.0,ha,Actual,PL5
0232135f-da6a-4bfe-b2fe-bc927f5b8f4a,2011,4,TP Hồ Chí Minh,Provincial,Cultivation,Mía,,Area_Planted,2300.0,ha,Actual,PL5
817b7647-f8ff-4ae8-b0c7-986840d31f68,2011,4,TP Hồ Chí Minh,Provincial,Cultivation,Lúa,,Area_Planted,6295.0,ha,Actual,PL5
43191f07-cddb-4db3-87de-627540014337,2011,4,Ninh Thuận,Provincial,Cultivation,Lúa,,Area_Planted,2829.0,ha,Actual,PL5
616babd1-83fb-49bf-9fd4-ad0996880995,2011,4,Ninh Thuận,Provincial,Cultivation,Lạc,,Area_Planted,131.0,ha,Actual,PL5
5bd9f78a-d648-4ac6-9d85-1aef6723e245,2011,4,Ninh Thuận,Provincial,Cultivation,Lúa,,Area_Planted,21.0,ha,Actual,PL5
f5cf4d04-7cdd-4f88-ac59-85abb636a66d,2011,4,Ninh Thuận,Provincial,Cultivation,Lúa,,Area_Planted,782.0,ha,Actual,PL5
2d2c85d6-45cc-4e98-93fa-8e531ffbf697,2011,4,Ninh Thuận,Provincial,Cultivation,Mía,,Area_Planted,1853.0,ha,Actual,PL5
5ab2faab-f9c8-4206-99c7-186dacd0b899,2011,4,Ninh Thuận,Provincial,Cultivation,Lúa,,Area_Planted,42.0,ha,Actual,PL5
120e76c7-b43e-4a09-9097-8d3d58252e7b,2011,4,Ninh Thuận,Provincial,Cultivation,Lúa,,Area_Planted,2720.0,ha,Actual,PL5
ead47e7a-37a1-4657-8ff8-d220bd8a9a66,2011,4,Ninh Thuận,Provincial,Cultivation,Lúa,,Area_Planted,1366.0,ha,Actual,PL5
f05063bf-740d-4913-9a31-39e01277271e,2011,4,Bình Phước,Provincial,Cultivation,Lúa,,Area_Planted,103.0,ha,Actual,PL5
5927cb4a-f10b-4156-95d1-b00c8fe582d5,2011,4,Bình Phước,Provincial,Cultivation,Đậu,,Area_Planted,24.0,ha,Actual,PL5
4a6dbb54-10cf-4b89-bf92-43a149e49745,2011,4,Bình Phước,Provincial,Cultivation,Lạc,,Area_Planted,41.0,ha,Actual,PL5
20fe5633-5213-4e8e-bc54-766228062213,2011,4,Bình Phước,Provincial,Cultivation,Lúa,,Area_Planted,6.0,ha,Actual,PL5
146951bf-f91f-47a4-90a7-5f2f5c231c7a,2011,4,Bình Phước,Provincial,Cultivation,Lúa,,Area_Planted,2.0,ha,Actual,PL5
decbe4e2-8d9c-46f5-b9c8-74eb09db9168,2011,4,Bình Phước,Provincial,Cultivation,Mía,,Area_Planted,30.0,ha,Actual,PL5
17efc94d-4a3c-4788-829e-014c97d1843c,2011,4,Bình Phước,Provincial,Cultivation,Lúa,,Area_Planted,857.0,ha,Actual,PL5
47f44be3-d7e1-4bcb-88f9-8c6811b41ffe,2011,4,Bình Phước,Provincial,Cultivation,Lúa,,Area_Planted,143.0,ha,Actual,PL5
66480d92-7dc2-4bff-9b23-3006ee66eb42,2011,4,Tây Ninh,Provincial,Cultivation,Lúa,,Area_Planted,15675.0,ha,Actual,PL5
111a6151-92ef-4691-aac4-41d5edda6732,2011,4,Tây Ninh,Provincial,Cultivation,Lạc,,Area_Planted,7687.0,ha,Actual,PL5
c157c6e4-c8ac-4593-a821-c0c7832e46f8,2011,4,Tây Ninh,Provincial,Cultivation,Lúa,,Area_Planted,696.0,ha,Actual,PL5
f141e2c7-fd7b-424a-9fbe-1c30bfc1a320,2011,4,Tây Ninh,Provincial,Cultivation,Lúa,,Area_Planted,3340.0,ha,Actual,PL5
38a7420d-ea3d-4764-9343-09633d9f4e7d,2011,4,Tây Ninh,Provincial,Cultivation,Mía,,Area_Planted,3952.0,ha,Actual,PL5
c888e61f-a3d2-44c7-ad0d-d64182d03687,2011,4,Tây Ninh,Provincial,Cultivation,Lúa,,Area_Planted,8779.0,ha,Actual,PL5
036d9e3c-1a97-49e7-bb49-8761bce2fa58,2011,4,Tây Ninh,Provincial,Cultivation,Lúa,,Area_Planted,4553.0,ha,Actual,PL5
6e8fbd72-725d-4d55-92d7-bc8083efc423,2011,4,Bình Dương,Provincial,Cultivation,Lúa,,Area_Planted,907.0,ha,Actual,PL5
d7252abc-6b7a-4dec-9545-a71575048175,2011,4,Bình Dương,Provincial,Cultivation,Lạc,,Area_Planted,555.0,ha,Actual,PL5
6f107fce-a6e7-405c-a438-8db618d2bbcf,2011,4,Bình Dương,Provincial,Cultivation,Lúa,,Area_Planted,190.0,ha,Actual,PL5
5e8898e0-f5f2-455d-91d7-b41a0303e61a,2011,4,Bình Dương,Provincial,Cultivation,Mía,,Area_Planted,162.0,ha,Actual,PL5
21523658-c87d-418e-855f-a2e941bf57a9,2011,4,Bình Dương,Provincial,Cultivation,Lúa,,Area_Planted,2219.0,ha,Actual,PL5
144bdd19-a2ab-41e3-b0af-76d66db93cdd,2011,4,Bình Dương,Provincial,Cultivation,Lúa,,Area_Planted,122.0,ha,Actual,PL5
7191929c-4839-458d-a22f-0fc564184ebb,2011,4,Đồng Nai,Provincial,Cultivation,Lúa,,Area_Planted,2587.0,ha,Actual,PL5
616f9c19-1d47-4fcb-886f-a8f1cbdd66e6,2011,4,Đồng Nai,Provincial,Cultivation,Đậu,,Area_Planted,252.0,ha,Actual,PL5
52fc806a-fd3f-400e-9611-656df821f4a8,2011,4,Đồng Nai,Provincial,Cultivation,Lạc,,Area_Planted,242.0,ha,Actual,PL5
21366c59-112b-4eef-9827-3be5ea6fdf49,2011,4,Đồng Nai,Provincial,Cultivation,Lúa,,Area_Planted,39.0,ha,Actual,PL5
58b3a28d-c2a7-4b17-a915-35f0efe75dc5,2011,4,Đồng Nai,Provincial,Cultivation,Lúa,,Area_Planted,1020.0,ha,Actual,PL5
8ce97379-07d3-4457-83a5-dc608df4c1b7,2011,4,Đồng Nai,Provincial,Cultivation,Mía,,Area_Planted,1027.0,ha,Actual,PL5
ad219646-516b-44e0-a068-6ba9b6015651,2011,4,Đồng Nai,Provincial,Cultivation,Lúa,,Area_Planted,7.0,ha,Actual,PL5
cbeef661-ee8f-4048-aee3-5dfed17a3b5d,2011,4,Đồng Nai,Provincial,Cultivation,Lúa,,Area_Planted,4811.0,ha,Actual,PL5
75d2f9e1-b01c-4b99-9923-eb1eae505852,2011,4,Đồng Nai,Provincial,Cultivation,Lúa,,Area_Planted,1777.0,ha,Actual,PL5
85913421-c7d7-4049-929a-627a2f9266b4,2011,4,Bình Thuận,Provincial,Cultivation,Lúa,,Area_Planted,4642.0,ha,Actual,PL5
48bdb188-44b2-4651-b2c1-38e1598aadd1,2011,4,Bình Thuận,Provincial,Cultivation,Lạc,,Area_Planted,668.0,ha,Actual,PL5
c5a06f1d-a6c5-4753-8f5c-63c895bfab1c,2011,4,Bình Thuận,Provincial,Cultivation,Lúa,,Area_Planted,67.0,ha,Actual,PL5
bc882526-34ab-4fbd-a0df-8506af015a43,2011,4,Bình Thuận,Provincial,Cultivation,Lúa,,Area_Planted,54.0,ha,Actual,PL5
2b4bf41c-6c4c-4358-8676-6c61bea87f8a,2011,4,Bình Thuận,Provincial,Cultivation,Mía,,Area_Planted,3843.0,ha,Actual,PL5
ad13a8de-cfb1-4744-b7cd-c747c268431d,2011,4,Bình Thuận,Provincial,Cultivation,Lúa,,Area_Planted,10.0,ha,Actual,PL5
4f88cab0-67e0-4640-a76f-e434a2cc2779,2011,4,Bình Thuận,Provincial,Cultivation,Lúa,,Area_Planted,1648.0,ha,Actual,PL5
306cedf8-308f-464d-9e98-f218073a6036,2011,4,Bình Thuận,Provincial,Cultivation,Lúa,,Area_Planted,2678.0,ha,Actual,PL5
93f0e8a0-2e31-4ae2-895c-a8d54c7608d1,2011,4,Bà Rịa-V.Tàu,Provincial,Cultivation,Lúa,,Area_Planted,370.0,ha,Actual,PL5
1e63f0d0-6866-471a-8fca-20036474040e,2011,4,Bà Rịa-V.Tàu,Provincial,Cultivation,Lạc,,Area_Planted,108.0,ha,Actual,PL5
c4fb3cc4-3542-486c-ac29-e9dad5fd1cef,2011,4,Bà Rịa-V.Tàu,Provincial,Cultivation,Lúa,,Area_Planted,118.0,ha,Actual,PL5
b8b0c1e3-5ebd-47df-b1ad-fe82c02a65d8,2011,4,Bà Rịa-V.Tàu,Provincial,Cultivation,Mía,,Area_Planted,91.0,ha,Actual,PL5
aafbeb41-63eb-4c3c-a0e1-c3e648b76dd1,2011,4,Bà Rịa-V.Tàu,Provincial,Cultivation,Lúa,,Area_Planted,53.0,ha,Actual,PL5
fe917181-37df-4808-b1ba-8aa00422bdbc,2011,4,Bà Rịa-V.Tàu,Provincial,Cultivation,Lúa,,Area_Planted,3194.0,ha,Actual,PL5
4e7a50ec-7b9c-4fd9-874e-12192060cb1b,2011,4,Bà Rịa-V.Tàu,Provincial,Cultivation,Lúa,,Area_Planted,118.0,ha,Actual,PL5
dc7c1ebc-3d3a-4547-a59b-20fe1973d50b,2011,4,ĐBS Cửu Long,Provincial,Cultivation,Lúa,,Area_Planted,84488.0,ha,Actual,PL5
5cc723af-c966-47b0-a007-de73559089c8,2011,4,ĐBS Cửu Long,Provincial,Cultivation,Đậu,,Area_Planted,3703.0,ha,Actual,PL5
9e94448d-c60b-48c1-a6fd-72bccc03cfd8,2011,4,ĐBS Cửu Long,Provincial,Cultivation,Lạc,,Area_Planted,9919.0,ha,Actual,PL5
bbc3d06a-5f79-4297-97a0-4c8809b9e27b,2011,4,ĐBS Cửu Long,Provincial,Cultivation,Lúa,,Area_Planted,15031.0,ha,Actual,PL5
0f71d099-f10e-4f03-bfba-f30a8b1c0c05,2011,4,ĐBS Cửu Long,Provincial,Cultivation,Lúa,,Area_Planted,123.0,ha,Actual,PL5
a04c09e4-7f9d-44ed-809e-14ef43dde3c0,2011,4,ĐBS Cửu Long,Provincial,Cultivation,Mía,,Area_Planted,54770.0,ha,Actual,PL5
1448ead1-d73b-4ccb-8c49-be822ff500d5,2011,4,ĐBS Cửu Long,Provincial,Cultivation,Lúa,,Area_Planted,942.0,ha,Actual,PL5
09537ec3-e9eb-4286-9775-88a521e9b8b7,2011,4,ĐBS Cửu Long,Provincial,Cultivation,Lúa,,Area_Planted,118778.0,ha,Actual,PL5
af974037-776e-4130-bda0-c84dcf0c9efe,2011,4,ĐBS Cửu Long,Provincial,Cultivation,Lúa,,Area_Planted,8414.0,ha,Actual,PL5
a835b66b-edaa-4b5a-9566-11e8cea07fdb,2011,4,Long An,Provincial,Cultivation,Lúa,,Area_Planted,19984.0,ha,Actual,PL5
89128e70-7fbc-49ce-bc09-98282e0c31c9,2011,4,Long An,Provincial,Cultivation,Lạc,,Area_Planted,5635.0,ha,Actual,PL5
f7b70a7a-2339-44fb-9bd3-3596c6688ed1,2011,4,Long An,Provincial,Cultivation,Lúa,,Area_Planted,1697.0,ha,Actual,PL5
911b8c0a-274d-4f32-943f-50a2b18c859f,2011,4,Long An,Provincial,Cultivation,Lúa,,Area_Planted,81.0,ha,Actual,PL5
01185813-14f2-4842-a409-c01c6095b5cb,2011,4,Long An,Provincial,Cultivation,Mía,,Area_Planted,12571.0,ha,Actual,PL5
3a69ff55-a4ec-49bf-8e33-2bd51fbf3dd8,2011,4,Long An,Provincial,Cultivation,Lúa,,Area_Planted,9724.0,ha,Actual,PL5
0ec0300e-28e0-4a2d-8f1c-a27fc90d50ce,2011,4,Đồng Tháp,Provincial,Cultivation,Lúa,,Area_Planted,7739.0,ha,Actual,PL5
a48b56d1-0c65-4bc8-8d81-6d1f0100231c,2011,4,Đồng Tháp,Provincial,Cultivation,Đậu,,Area_Planted,2437.0,ha,Actual,PL5
0b518c67-22fa-4c7a-969d-0584b8befccd,2011,4,Đồng Tháp,Provincial,Cultivation,Lạc,,Area_Planted,175.0,ha,Actual,PL5
c897f692-6498-451a-b3a3-7bda10beff14,2011,4,Đồng Tháp,Provincial,Cultivation,Lúa,,Area_Planted,4854.0,ha,Actual,PL5
69cb8a89-78e5-4bdb-be97-a408e73b7e42,2011,4,Đồng Tháp,Provincial,Cultivation,Mía,,Area_Planted,96.0,ha,Actual,PL5
3ef77c5c-068a-4804-9ba4-cc4477be4c63,2011,4,Đồng Tháp,Provincial,Cultivation,Lúa,,Area_Planted,177.0,ha,Actual,PL5
07b4cc54-9c37-49b1-aee5-318ae67a0638,2011,4,Đồng Tháp,Provincial,Cultivation,Lúa,,Area_Planted,8228.0,ha,Actual,PL5
ce47f980-72e5-40b8-8b23-856d59e16005,2011,4,Đồng Tháp,Provincial,Cultivation,Lúa,,Area_Planted,1428.0,ha,Actual,PL5
421bbf1b-aa78-4d56-b20e-2d350b73f800,2011,4,An Giang,Provincial,Cultivation,Lúa,,Area_Planted,2647.0,ha,Actual,PL5
ad405928-de4c-40c4-a06e-850da8875565,2011,4,An Giang,Provincial,Cultivation,Đậu,,Area_Planted,199.0,ha,Actual,PL5
b4314379-7566-411f-bd6e-15d0c99d208d,2011,4,An Giang,Provincial,Cultivation,Lạc,,Area_Planted,478.0,ha,Actual,PL5
7efea08d-8091-4069-82b0-93cee40f9c89,2011,4,An Giang,Provincial,Cultivation,Lúa,,Area_Planted,1907.0,ha,Actual,PL5
67e840a6-2c88-4955-aad1-4075bb188057,2011,4,An Giang,Provincial,Cultivation,Lúa,,Area_Planted,42.0,ha,Actual,PL5
107a6b47-1386-4a70-8005-66aefa252ace,2011,4,An Giang,Provincial,Cultivation,Mía,,Area_Planted,21.0,ha,Actual,PL5
0194e9c0-6a42-4264-9928-46b116a83b00,2011,4,An Giang,Provincial,Cultivation,Lúa,,Area_Planted,17272.0,ha,Actual,PL5
f6f5b258-2e83-4b13-809c-6fcfe4bee0ab,2011,4,An Giang,Provincial,Cultivation,Lúa,,Area_Planted,2979.0,ha,Actual,PL5
f889dbcf-5bfa-45c1-86fe-2d6e62c03f7b,2011,4,Tiền Giang,Provincial,Cultivation,Lúa,,Area_Planted,253.0,ha,Actual,PL5
2ddc6939-1548-406c-8fea-15fc4ac75e83,2011,4,Tiền Giang,Provincial,Cultivation,Lạc,,Area_Planted,98.0,ha,Actual,PL5
a226239d-846d-4685-9723-39303b5a5a0a,2011,4,Tiền Giang,Provincial,Cultivation,Mía,,Area_Planted,155.0,ha,Actual,PL5
257fc005-1194-4627-a111-4ccb8e0eaa5b,2011,4,Tiền Giang,Provincial,Cultivation,Lúa,,Area_Planted,21144.0,ha,Actual,PL5
de2ab431-273e-4db9-aae1-23852410b383,2011,4,Tiền Giang,Provincial,Cultivation,Lúa,,Area_Planted,121.0,ha,Actual,PL5
b21ab64f-269f-4a96-981b-264a50b571ce,2011,4,Vĩnh Long,Provincial,Cultivation,Lúa,,Area_Planted,1726.0,ha,Actual,PL5
dc2d38f2-1d2e-4255-90c7-ef7391d7113b,2011,4,Vĩnh Long,Provincial,Cultivation,Đậu,,Area_Planted,717.0,ha,Actual,PL5
28fc31be-a6f7-43b3-9fa2-8847f14944e5,2011,4,Vĩnh Long,Provincial,Cultivation,Lạc,,Area_Planted,24.0,ha,Actual,PL5
c05ad632-0947-49d7-a91e-3c7a4cc1b544,2011,4,Vĩnh Long,Provincial,Cultivation,Lúa,,Area_Planted,918.0,ha,Actual,PL5
0803deb6-d4b4-430c-9e83-d1441a3402e4,2011,4,Vĩnh Long,Provincial,Cultivation,Mía,,Area_Planted,68.0,ha,Actual,PL5
f7311d92-eedc-4b55-889d-5998a9f0b834,2011,4,Vĩnh Long,Provincial,Cultivation,Lúa,,Area_Planted,11481.0,ha,Actual,PL5
c969f3da-5154-4a06-988d-9441de4ec886,2011,4,Vĩnh Long,Provincial,Cultivation,Lúa,,Area_Planted,430.0,ha,Actual,PL5
8c21a391-8974-462b-9645-e4dbb2129e38,2011,4,Bến Tre,Provincial,Cultivation,Lúa,,Area_Planted,5880.0,ha,Actual,PL5
c09d6ceb-e260-4f38-b2b1-90083682b924,2011,4,Bến Tre,Provincial,Cultivation,Lạc,,Area_Planted,80.0,ha,Actual,PL5
abadb7d1-2f50-433e-8029-48613a8da207,2011,4,Bến Tre,Provincial,Cultivation,Mía,,Area_Planted,5800.0,ha,Actual,PL5
0f4ecc64-5880-4363-ab7a-7ae9a8bb29bd,2011,4,Bến Tre,Provincial,Cultivation,Lúa,,Area_Planted,1936.0,ha,Actual,PL5
9c2a1297-5fbd-4261-8468-e563a9cfeaf5,2011,4,Kiên Giang,Provincial,Cultivation,Lúa,,Area_Planted,4512.0,ha,Actual,PL5
7c3f434c-ccb3-485d-9adc-8eddd87abc1c,2011,4,Kiên Giang,Provincial,Cultivation,Mía,,Area_Planted,4512.0,ha,Actual,PL5
b8fcb2d1-2332-4cf5-aede-c545c8eefad2,2011,4,Kiên Giang,Provincial,Cultivation,Lúa,,Area_Planted,2335.0,ha,Actual,PL5
36e27e4c-4c6f-4b01-a8f3-5f89036123f1,2011,4,Cần Thơ,Provincial,Cultivation,Lúa,,Area_Planted,5877.0,ha,Actual,PL5
d76c87c7-3bf9-425b-831b-36438b06c182,2011,4,Cần Thơ,Provincial,Cultivation,Đậu,,Area_Planted,218.0,ha,Actual,PL5
1e24f292-f689-44a5-a206-e4d47b50f17b,2011,4,Cần Thơ,Provincial,Cultivation,Lạc,,Area_Planted,5.0,ha,Actual,PL5
6c5a0626-42b3-439a-ae5d-a6e5b7f6b7bd,2011,4,Cần Thơ,Provincial,Cultivation,Lúa,,Area_Planted,5655.0,ha,Actual,PL5
2fbf5028-d673-4570-8c6b-d0f27ee67988,2011,4,Cần Thơ,Provincial,Cultivation,Lúa,,Area_Planted,5224.0,ha,Actual,PL5
2692ee04-b70d-467e-8481-a271e4e753f1,2011,4,Cần Thơ,Provincial,Cultivation,Lúa,,Area_Planted,462.0,ha,Actual,PL5
9f29f878-bd7d-45ce-939e-336103acfee1,2011,4,Hậu Giang,Provincial,Cultivation,Lúa,,Area_Planted,13705.0,ha,Actual,PL5
5eb9be24-5d8d-495e-a74b-156d0d85ff9c,2011,4,Hậu Giang,Provincial,Cultivation,Mía,,Area_Planted,13705.0,ha,Actual,PL5
16f0eb6b-c4bb-4aa2-a3e3-4d3742607f0d,2011,4,Hậu Giang,Provincial,Cultivation,Lúa,,Area_Planted,6849.0,ha,Actual,PL5
97b8c831-fe0c-47e0-9bb0-e2984cec543b,2011,4,Hậu Giang,Provincial,Cultivation,Lúa,,Area_Planted,561.0,ha,Actual,PL5
ced56f5e-8719-401a-b4ef-47dc9955b6da,2011,4,Trà Vinh,Provincial,Cultivation,Lúa,,Area_Planted,9615.0,ha,Actual,PL5
29744c46-7601-414f-918f-8b3c1570210c,2011,4,Trà Vinh,Provincial,Cultivation,Lạc,,Area_Planted,3358.0,ha,Actual,PL5
9870c98f-3557-4234-a7af-aac39a1351aa,2011,4,Trà Vinh,Provincial,Cultivation,Mía,,Area_Planted,5492.0,ha,Actual,PL5
262ffa5e-850a-40f3-bb34-3a6ece084dc9,2011,4,Trà Vinh,Provincial,Cultivation,Lúa,,Area_Planted,765.0,ha,Actual,PL5
df390c40-860c-4f33-93a6-403a7397c251,2011,4,Trà Vinh,Provincial,Cultivation,Lúa,,Area_Planted,13019.0,ha,Actual,PL5
29d854bd-8b78-4e35-81ac-bcaaf9df2345,2011,4,Trà Vinh,Provincial,Cultivation,Lúa,,Area_Planted,702.0,ha,Actual,PL5
14a7239b-5cd5-4689-8b30-2ec679b0fdd6,2011,4,Sóc Trăng,Provincial,Cultivation,Lúa,,Area_Planted,10747.0,ha,Actual,PL5
b3761fc1-693e-4306-b902-2a372c8d7ec4,2011,4,Sóc Trăng,Provincial,Cultivation,Đậu,,Area_Planted,133.0,ha,Actual,PL5
897099ab-11bd-44c1-99cf-f47683fae8f8,2011,4,Sóc Trăng,Provincial,Cultivation,Lạc,,Area_Planted,67.0,ha,Actual,PL5
7e5f78bb-97e8-4f43-98e3-3df9f39e35ef,2011,4,Sóc Trăng,Provincial,Cultivation,Mía,,Area_Planted,10547.0,ha,Actual,PL5
a3cf0900-8bc3-4f9d-86da-066092a1d9fc,2011,4,Sóc Trăng,Provincial,Cultivation,Lúa,,Area_Planted,14712.0,ha,Actual,PL5
97fa1e9d-431a-4ba1-8a01-4f609a8cf836,2011,4,Sóc Trăng,Provincial,Cultivation,Lúa,,Area_Planted,1731.0,ha,Actual,PL5
b27a69d5-7d3c-40ac-9656-896072fbc603,2011,4,Bạc Liêu,Provincial,Cultivation,Lúa,,Area_Planted,4616.0,ha,Actual,PL5
fd8c7b45-89f2-4707-97d6-333f92251d1e,2011,4,Cà Mau,Provincial,Cultivation,Lúa,,Area_Planted,1803.0,ha,Actual,PL5
a6f1549a-f786-4811-af59-8ed872dc1e56,2011,4,Cà Mau,Provincial,Cultivation,Mía,,Area_Planted,1803.0,ha,Actual,PL5
7165415a-56c9-48fc-8220-ed0e392d3ea6,2011,4,Cà Mau,Provincial,Cultivation,Lúa,,Area_Planted,2237.0,ha,Actual,PL5
2037acf2-3893-44de-9bfa-e5526e9ee376,2011,4,Cả nước,National,Forestry,Rừng,,Area,1256286.0,1000_ha,Estimated,PL6
7077d22b-313e-4ae8-9aec-c2d961cc14e5,2011,4,Cả nước,National,Forestry,Rừng,,Area,1071536.0,1000_ha,Plan,PL6
e6816f34-8f63-4961-b35c-50183c9b8b1f,2011,4,Cả nước,National,Forestry,Rừng,,Area,864500.0,1000_ha,Estimated,PL6
0d3412f3-f418-4738-b0d4-0fd3dfd89dec,2011,4,Cả nước,National,Forestry,Rừng,,Area,729000.0,1000_ha,Plan,PL6
a808ea04-8434-4ce6-a180-16b0bcf8a1af,2011,4,Cả nước,National,Forestry,Rừng,,Area,294286.0,1000_ha,Estimated,PL6
483a5576-bd2a-40ed-8f59-6b2f01c58e4e,2011,4,Cả nước,National,Forestry,Rừng,,Area,266436.0,1000_ha,Plan,PL6
d332cfb5-81aa-49fe-84e2-fe09ab916c4f,2011,4,Cả nước,National,Forestry,Rừng,,Area,39500.0,1000_ha,Estimated,PL6
0bc6f620-6007-4811-9a64-d5f72a66d901,2011,4,Cả nước,National,Forestry,Rừng,,Area,27500.0,1000_ha,Plan,PL6
c723acb5-30f8-443a-b21b-070748c0418a,2011,4,Cả nước,National,Forestry,Rừng,,Area,6100.0,1000_ha,Estimated,PL6
9215056c-fc9e-459a-b260-7f87e6de225a,2011,4,Cả nước,National,Forestry,Rừng,,Area,4500.0,1000_ha,Plan,PL6
019be925-5618-40aa-a76e-5ecd4a60efe1,2011,4,Cả nước,National,Forestry,Rừng,,Area,11200.0,1000_ha,Estimated,PL6
a93dfe16-b257-4def-8657-5e28b96ea5e7,2011,4,Cả nước,National,Forestry,Rừng,,Area,7500.0,1000_ha,Plan,PL6
91747cc6-60d9-4a82-8e2e-ed5d7c99358a,2011,4,Cả nước,National,Forestry,Rừng,,Area,18000.0,1000_ha,Estimated,PL6
378fe9f4-2765-46bf-accc-dfa80baad41f,2011,4,Cả nước,National,Forestry,Rừng,,Area,13000.0,1000_ha,Plan,PL6
bf3e822d-50a8-4f99-8266-11769d06bae3,2011,4,Cả nước,National,Forestry,Rừng,,Area,14050.0,1000_ha,Estimated,PL6
bcbc90e3-e88a-4473-b985-8b7f6cf3ea0a,2011,4,Cả nước,National,Forestry,Rừng,,Area,10250.0,1000_ha,Plan,PL6
d5aeec3b-9214-4f76-ab89-262d89611324,2011,4,Cả nước,National,Forestry,Rừng,,Area,19850.0,1000_ha,Estimated,PL6
7fb9b6ec-1653-4201-8779-72ec68bedbc2,2011,4,Cả nước,National,Forestry,Rừng,,Area,13350.0,1000_ha,Plan,PL6
cb88b9be-8418-42b6-b695-316e5bbdea3c,2011,4,Cả nước,National,Forestry,Rừng,,Area,28750.0,1000_ha,Estimated,PL6
6b56d348-bca9-416f-9832-cba8f8e0ed0d,2011,4,Cả nước,National,Forestry,Rừng,,Area,19750.0,1000_ha,Plan,PL6
a8d5fead-b6ba-43ba-aa44-21dafd11c6ea,2011,4,Cả nước,National,Forestry,Rừng,,Area,7000.0,1000_ha,Estimated,PL6
26484966-de0c-4924-9cbe-29f143dea6b2,2011,4,Cả nước,National,Forestry,Rừng,,Area,4500.0,1000_ha,Plan,PL6
d504e532-9032-4913-b066-0ec41e364f13,2011,4,Cả nước,National,Forestry,Rừng,,Area,776100.0,1000_ha,Estimated,PL6
ba07fa87-2916-49b6-ad66-cdedca13ba47,2011,4,Cả nước,National,Forestry,Rừng,,Area,532000.0,1000_ha,Plan,PL6
2ac47531-fd62-4ce1-95cb-03a1efc8b2cc,2011,4,Cả nước,National,Forestry,Rừng,,Area,530000.0,1000_ha,Estimated,PL6
307da031-9765-4463-926a-045280622856,2011,4,Cả nước,National,Forestry,Rừng,,Area,375000.0,1000_ha,Plan,PL6
0a26a876-a9b7-4192-bc45-bf1d0ab89c80,2011,4,Cả nước,National,Forestry,Rừng,,Area,117550.0,1000_ha,Estimated,PL6
88b98033-3367-4617-958f-3029e4e5ecf9,2011,4,Cả nước,National,Forestry,Rừng,,Area,75000.0,1000_ha,Plan,PL6
4a962b90-f9d4-4e39-a1b7-16b006b5c69b,2011,4,Cả nước,National,Forestry,Rừng,,Area,128550.0,1000_ha,Estimated,PL6
bf53e632-7de0-4f34-b512-e4f8b3e5d4ff,2011,4,Cả nước,National,Forestry,Rừng,,Area,82000.0,1000_ha,Plan,PL6
546b86e6-f4ec-43d5-a25e-69c24a9c48a8,2011,4,Cả nước,National,Forestry,Rừng,,Area,2068136.0,1000_ha,Estimated,PL6
cd391308-840c-41b0-882f-e1331308dc4b,2011,4,Cả nước,National,Forestry,Rừng,,Area,1627786.0,1000_ha,Plan,PL6
2016ae59-0604-4b80-94da-73afe49cf607,2011,1,Cả nước,National,Trade,1,Xuất khẩu,Export_Volume,60356.0,1000_ton,Actual,PL8
a6674863-afb3-418c-bfe1-84781edc851f,2011,1,Cả nước,National,Trade,1,Xuất khẩu,Export_Value,57072.0,million_USD,Actual,PL8
aa0903c0-88d9-464f-85eb-24f6bc3611db,2011,1,Cả nước,National,Trade,2,Xuất khẩu,Export_Volume,20742.0,1000_ton,Actual,PL8
a44875a0-80f7-4bc8-8969-df01dea1a00d,2011,1,Cả nước,National,Trade,2,Xuất khẩu,Export_Value,58005.0,million_USD,Actual,PL8
73f6c28c-aefd-4247-86c1-b39067c95108,2011,1,Cả nước,National,Trade,3,Xuất khẩu,Export_Volume,67861.0,1000_ton,Actual,PL8
5e489b93-634b-4af2-ab3f-1b26512fba4a,2011,1,Cả nước,National,Trade,3,Xuất khẩu,Export_Value,49249.0,million_USD,Actual,PL8
c15acfaa-912a-4848-96c5-1836d1491769,2011,1,Cả nước,National,Trade,4,Xuất khẩu,Export_Volume,30080.0,1000_ton,Actual,PL8
eb2d863b-b336-4b7f-b5bf-8b42dbc15579,2011,1,Cả nước,National,Trade,4,Xuất khẩu,Export_Value,42037.0,million_USD,Actual,PL8
2bba4c6d-2012-4ab5-8579-2899494a734c,2011,1,Cả nước,National,Trade,5,Xuất khẩu,Export_Volume,24594.0,1000_ton,Actual,PL8
081410b7-fc7f-4446-a7cb-17265f61b82f,2011,1,Cả nước,National,Trade,5,Xuất khẩu,Export_Value,29102.0,million_USD,Actual,PL8
9fec7972-88c1-4975-9346-7b3ae908f53c,2011,1,Cả nước,National,Trade,6,Xuất khẩu,Export_Volume,26204.0,1000_ton,Actual,PL8
dd85d6ae-8022-4d16-8826-fd6796f9a488,2011,1,Cả nước,National,Trade,6,Xuất khẩu,Export_Value,13990.0,million_USD,Actual,PL8
6274aca4-fb7b-4dbe-bca2-1b1e618e7463,2011,1,Cả nước,National,Trade,7,Xuất khẩu,Export_Volume,10305.0,1000_ton,Actual,PL8
28adb984-3a61-4c9a-a75d-6f96044aa17e,2011,1,Cả nước,National,Trade,7,Xuất khẩu,Export_Value,16338.0,million_USD,Actual,PL8
7b0d39ff-b508-4458-aede-21510b067dad,2011,1,Cả nước,National,Trade,8,Xuất khẩu,Export_Volume,15438.0,1000_ton,Actual,PL8
12ca1581-69cd-4bb1-b8bc-a4b6bda85088,2011,1,Cả nước,National,Trade,8,Xuất khẩu,Export_Value,11347.0,million_USD,Actual,PL8
c042d4be-c33d-419b-b7f3-41593c3dd1b4,2011,1,Cả nước,National,Trade,9,Xuất khẩu,Export_Volume,8827.0,1000_ton,Actual,PL8
e91c855a-1f4c-4abf-a97d-1eb35da2bdae,2011,1,Cả nước,National,Trade,9,Xuất khẩu,Export_Value,11428.0,million_USD,Actual,PL8
d6acd80c-7668-48f0-8433-4584f79d390f,2011,1,Cả nước,National,Trade,10,Xuất khẩu,Export_Volume,2447.0,1000_ton,Actual,PL8
591b0209-e9b7-440f-8f8e-21eb9d306f36,2011,1,Cả nước,National,Trade,10,Xuất khẩu,Export_Value,9973.0,million_USD,Actual,PL8
fe81c91b-f1bc-4754-ac03-3fcaa22152d5,2011,1,Cả nước,National,Trade,1,Xuất khẩu,Export_Volume,222795.0,1000_ton,Actual,PL8
e1834995-cac1-4390-9cdb-737d05c91dfd,2011,1,Cả nước,National,Trade,1,Xuất khẩu,Export_Value,104196.0,million_USD,Actual,PL8
5a345360-dc07-4474-af0f-25fa59ffb904,2011,1,Cả nước,National,Trade,2,Xuất khẩu,Export_Volume,4842.0,1000_ton,Actual,PL8
2775bd1b-41d7-444c-b086-d367d1e9fef6,2011,1,Cả nước,National,Trade,2,Xuất khẩu,Export_Value,8174.0,million_USD,Actual,PL8
2b761b32-1e9a-49a5-aed7-3809385d1fde,2011,1,Cả nước,National,Trade,3,Xuất khẩu,Export_Volume,14689.0,1000_ton,Actual,PL8
c855cbdd-0a8e-4ec3-bb10-edd8406a48c1,2011,1,Cả nước,National,Trade,3,Xuất khẩu,Export_Value,8108.0,million_USD,Actual,PL8
3a8ba161-3477-4f28-9e56-33c6a87af335,2011,1,Cả nước,National,Trade,4,Xuất khẩu,Export_Volume,11928.0,1000_ton,Actual,PL8
259cbfbd-d2bc-4571-9393-c653b266eed9,2011,1,Cả nước,National,Trade,4,Xuất khẩu,Export_Value,6655.0,million_USD,Actual,PL8
5168a25f-e2f7-41e0-aa83-dfd91254c1cd,2011,1,Cả nước,National,Trade,5,Xuất khẩu,Export_Volume,10935.0,1000_ton,Actual,PL8
0fa25197-141a-427d-9fd3-dfe8c30126f9,2011,1,Cả nước,National,Trade,5,Xuất khẩu,Export_Value,5579.0,million_USD,Actual,PL8
a4e0c7c5-2118-4f4e-b069-2d6543d501dd,2011,1,Cả nước,National,Trade,6,Xuất khẩu,Export_Volume,8665.0,1000_ton,Actual,PL8
23bba8d6-2b85-4c12-ae9c-2e51986ad78f,2011,1,Cả nước,National,Trade,6,Xuất khẩu,Export_Value,6023.0,million_USD,Actual,PL8
b817ee60-4268-4dbe-8539-b270f07bae32,2011,1,Cả nước,National,Trade,7,Xuất khẩu,Export_Volume,13471.0,1000_ton,Actual,PL8
70136184-b6a5-4914-914a-2a8fea3405de,2011,1,Cả nước,National,Trade,7,Xuất khẩu,Export_Value,2642.0,million_USD,Actual,PL8
c0dfbc94-1d27-4217-8f54-9da71c4b069d,2011,1,Cả nước,National,Trade,8,Xuất khẩu,Export_Volume,5266.0,1000_ton,Actual,PL8
e07db0f3-b6cc-43f4-aca6-6aff106a9c91,2011,1,Cả nước,National,Trade,8,Xuất khẩu,Export_Value,2844.0,million_USD,Actual,PL8
4248d3f5-10af-453a-8150-a122e9df6555,2011,1,Cả nước,National,Trade,9,Xuất khẩu,Export_Volume,6810.0,1000_ton,Actual,PL8
cf8eef38-ccb2-40c7-bb99-8bbb5ee36b87,2011,1,Cả nước,National,Trade,9,Xuất khẩu,Export_Value,2612.0,million_USD,Actual,PL8
aca11932-627f-405e-965f-21538ab8ee40,2011,1,Cả nước,National,Trade,10,Xuất khẩu,Export_Volume,3142.0,1000_ton,Actual,PL8
9ab4b3e0-7260-4e71-b37a-7e47ffd0f989,2011,1,Cả nước,National,Trade,10,Xuất khẩu,Export_Value,2356.0,million_USD,Actual,PL8
d753f337-3b62-4260-b7c2-898b05bfc223,2011,1,Cả nước,National,Trade,1,Xuất khẩu,Export_Volume,3951.0,1000_ton,Actual,PL8
9798a691-2fb1-431d-a79f-6615baaf0fa4,2011,1,Cả nước,National,Trade,1,Xuất khẩu,Export_Value,4451.0,million_USD,Actual,PL8
1c422cfb-1563-499b-a93e-ea23e07d91b9,2011,1,Cả nước,National,Trade,2,Xuất khẩu,Export_Volume,7094.0,1000_ton,Actual,PL8
5d9999a4-661d-4c65-8a2c-819dfce19e46,2011,1,Cả nước,National,Trade,2,Xuất khẩu,Export_Value,3928.0,million_USD,Actual,PL8
6e6d660c-41d5-49a2-9634-e58c9cba0b49,2011,1,Cả nước,National,Trade,3,Xuất khẩu,Export_Volume,3649.0,1000_ton,Actual,PL8
7a4381b2-d789-4caa-a111-2aa29ec16259,2011,1,Cả nước,National,Trade,3,Xuất khẩu,Export_Value,3225.0,million_USD,Actual,PL8
aad96684-2a33-451b-a5bf-897d85a1d6f4,2011,1,Cả nước,National,Trade,4,Xuất khẩu,Export_Volume,1539.0,1000_ton,Actual,PL8
0a48f95a-2a39-43f2-ba5b-d61ff011a2de,2011,1,Cả nước,National,Trade,4,Xuất khẩu,Export_Value,1883.0,million_USD,Actual,PL8
3467d7f3-1176-45f0-a653-196963ae63a9,2011,1,Cả nước,National,Trade,5,Xuất khẩu,Export_Volume,1292.0,1000_ton,Actual,PL8
921f0d0c-38e2-43de-b481-ad561fd08e6a,2011,1,Cả nước,National,Trade,5,Xuất khẩu,Export_Value,1596.0,million_USD,Actual,PL8
0a84ae46-b655-40d4-b839-2c380b25cece,2011,1,Cả nước,National,Trade,6,Xuất khẩu,Export_Volume,1490.0,1000_ton,Actual,PL8
0a38af3d-2c5f-49bf-aec1-65870c12f59d,2011,1,Cả nước,National,Trade,6,Xuất khẩu,Export_Value,869.0,million_USD,Actual,PL8
00ad9504-1627-4713-a0ff-e46df30d708e,2011,1,Cả nước,National,Trade,7,Xuất khẩu,Export_Volume,1447.0,1000_ton,Actual,PL8
ad41bec7-9a91-4f06-8688-4318fb1ef752,2011,1,Cả nước,National,Trade,7,Xuất khẩu,Export_Value,617.0,million_USD,Actual,PL8
55ed0949-f35a-4001-a360-50c8cbe2bbc0,2011,1,Cả nước,National,Trade,8,Xuất khẩu,Export_Volume,898.0,1000_ton,Actual,PL8
f8ac1caa-69be-4ab6-8008-4579f392831d,2011,1,Cả nước,National,Trade,8,Xuất khẩu,Export_Value,752.0,million_USD,Actual,PL8
576fa4d6-942e-4c3c-9ea0-98fc5a5ca929,2011,1,Cả nước,National,Trade,9,Xuất khẩu,Export_Volume,711.0,1000_ton,Actual,PL8
818706a7-a8fc-4ae7-ae7e-4d356b8f859a,2011,1,Cả nước,National,Trade,9,Xuất khẩu,Export_Value,337.0,million_USD,Actual,PL8
8afa7ccb-03d7-419b-a4aa-df5e9f88111b,2011,1,Cả nước,National,Trade,10,Xuất khẩu,Export_Volume,2216.0,1000_ton,Actual,PL8
f508d756-d1d0-45f6-a72f-98da01505633,2011,1,Cả nước,National,Trade,10,Xuất khẩu,Export_Value,252.0,million_USD,Actual,PL8
b2915e98-d508-4dfd-81f7-8952866c2d6a,2011,1,Cả nước,National,Trade,1,Xuất khẩu,Export_Volume,8227.0,1000_ton,Actual,PL8
a80e4459-4757-4f83-8715-14e9a74c92b3,2011,1,Cả nước,National,Trade,1,Xuất khẩu,Export_Value,684850.0,million_USD,Actual,PL8
779f9471-7428-4119-80ed-a94da5e751b7,2011,1,Cả nước,National,Trade,2,Xuất khẩu,Export_Volume,43847.0,1000_ton,Actual,PL8
00306d8a-45d4-4036-8bed-0c3f318a340e,2011,1,Cả nước,National,Trade,2,Xuất khẩu,Export_Value,156700.0,million_USD,Actual,PL8
989b04c5-756a-4ec2-84dc-b2959090b14e,2011,1,Cả nước,National,Trade,3,Xuất khẩu,Export_Volume,53471.0,1000_ton,Actual,PL8
c818640c-65b7-40ba-a152-3502ca1f5b0b,2011,1,Cả nước,National,Trade,3,Xuất khẩu,Export_Value,119293.0,million_USD,Actual,PL8
66d66430-93d3-4604-aab4-19745a4c395e,2011,1,Cả nước,National,Trade,4,Xuất khẩu,Export_Volume,36872.0,1000_ton,Actual,PL8
441da769-9cd3-4b13-b3a2-204ed1f9cd15,2011,1,Cả nước,National,Trade,4,Xuất khẩu,Export_Value,95775.0,million_USD,Actual,PL8
e13f6565-cb8f-45b4-8dbc-1a92027d5da0,2011,1,Cả nước,National,Trade,5,Xuất khẩu,Export_Value,69852.0,million_USD,Actual,PL8
6a13b192-6e85-43cf-b522-6748c2c48652,2011,1,Cả nước,National,Trade,6,Xuất khẩu,Export_Volume,487199.0,1000_ton,Actual,PL8
afebb3a8-a412-4be2-ab43-35f287f3d342,2011,1,Cả nước,National,Trade,6,Xuất khẩu,Export_Value,47259.0,million_USD,Actual,PL8
269bc195-c8e9-4d16-8b43-dda8d7ff9784,2011,1,Cả nước,National,Trade,7,Xuất khẩu,Export_Volume,6601.0,1000_ton,Actual,PL8
e190e65b-e920-458e-b8c1-91fc51f2c68a,2011,1,Cả nước,National,Trade,7,Xuất khẩu,Export_Value,34158.0,million_USD,Actual,PL8
f3731846-16d9-476b-b1d0-3e3e4d3845d7,2011,1,Cả nước,National,Trade,8,Xuất khẩu,Export_Volume,40597.0,1000_ton,Actual,PL8
283f32ad-0660-4af5-b9a1-3605723d740b,2011,1,Cả nước,National,Trade,8,Xuất khẩu,Export_Value,26311.0,million_USD,Actual,PL8
4def167b-3931-42a3-8b23-bc66764d34ab,2011,1,Cả nước,National,Trade,9,Xuất khẩu,Export_Volume,6598.0,1000_ton,Actual,PL8
577d5bc6-f111-427b-ba0b-ac8436eae392,2011,1,Cả nước,National,Trade,9,Xuất khẩu,Export_Value,11765.0,million_USD,Actual,PL8
c1640ff4-2406-40d1-a0e6-fef825fd2e5e,2011,1,Cả nước,National,Trade,10,Xuất khẩu,Export_Value,10460.0,million_USD,Actual,PL8
caa42637-3767-4f18-9b02-5bd448b9eb32,2011,1,Cả nước,National,Trade,1,Xuất khẩu,Export_Volume,279252.0,1000_ton,Actual,PL8
37b60061-26ba-4507-afc4-5bf6427ca4f9,2011,1,Cả nước,National,Trade,2,Xuất khẩu,Export_Volume,94655.0,1000_ton,Actual,PL8
a59ea1a8-81e5-4a5f-b957-ba67d4ba6101,2011,1,Cả nước,National,Trade,3,Xuất khẩu,Export_Volume,75265.0,1000_ton,Actual,PL8
ae72306c-0319-4111-ad2d-369526f8aaa3,2011,1,Cả nước,National,Trade,4,Xuất khẩu,Export_Volume,24347.0,1000_ton,Actual,PL8
c380c726-ae90-4190-a097-e93036bafb53,2011,1,Cả nước,National,Trade,5,Xuất khẩu,Export_Volume,46742.0,1000_ton,Actual,PL8
8ffdab94-72fd-4bd0-a9fb-49c902276745,2011,1,Cả nước,National,Trade,6,Xuất khẩu,Export_Volume,37724.0,1000_ton,Actual,PL8
7a6808a3-55a4-4c40-bf0a-ce2590e3012b,2011,4,Cả nước,National,Investment,Bông các loại,,Investment_Amount,91380.0,million_VND,Plan,PL9
641f7dcb-057c-4b5b-b035-60511ad7a17f,2011,4,Cả nước,National,Investment,Bông các loại,,Investment_Amount,319823.0,million_VND,Cumulative,PL9
42291e17-e28d-4a7f-9642-68434ebe1860,2011,4,Cả nước,National,Investment,HOA KỲ,,Investment_Amount,27491.0,million_VND,Plan,PL9
55fa2518-b960-4ecb-a9ba-3b9975fd821c,2011,4,Cả nước,National,Investment,HOA KỲ,,Investment_Amount,189687.0,million_VND,Cumulative,PL9
674fba0d-a5ea-470f-8cb7-e445e74d4f65,2011,4,Cả nước,National,Investment,ẤN ĐỘ,,Investment_Amount,24060.0,million_VND,Plan,PL9
253338d8-6ed2-429a-b4ae-fb78fa179cb2,2011,4,Cả nước,National,Investment,ẤN ĐỘ,,Investment_Amount,58604.0,million_VND,Cumulative,PL9
4efa36ab-f20e-4a46-bfbc-c5377fb4b8b4,2011,4,Cả nước,National,Investment,BRAXIN,,Investment_Amount,3710.0,million_VND,Plan,PL9
333c4538-40c8-4e37-a40b-f9fbf14c164e,2011,4,Cả nước,National,Investment,BRAXIN,,Investment_Amount,6050.0,million_VND,Cumulative,PL9
17536b28-5e32-4bb5-af85-74f93a2c2367,2011,4,Cả nước,National,Investment,TRUNG QUỐC,,Investment_Amount,64.0,million_VND,Plan,PL9
c67bb6f7-69ef-424e-b241-26af84952616,2011,4,Cả nước,National,Investment,TRUNG QUỐC,,Investment_Amount,690.0,million_VND,Cumulative,PL9
002b51e3-47aa-4a51-af17-e9343b4a3a74,2011,4,Cả nước,National,Investment,IN ĐÔ NÊ XI A,,Investment_Amount,118.0,million_VND,Plan,PL9
0a1f1a23-a502-45d4-a4a9-fe0d868bf138,2011,4,Cả nước,National,Investment,IN ĐÔ NÊ XI A,,Investment_Amount,619.0,million_VND,Cumulative,PL9
cab12bd9-1ed3-4f14-ae7f-9d2ebac60a3b,2011,4,Cả nước,National,Investment,HÀN QUỐC,,Investment_Amount,74.0,million_VND,Plan,PL9
5111276d-0096-40ec-9bc6-642c84c6d6bb,2011,4,Cả nước,National,Investment,HÀN QUỐC,,Investment_Amount,608.0,million_VND,Cumulative,PL9
5b89debe-5056-4d01-ac70-5c8259546e55,2011,4,Cả nước,National,Investment,ĐÀI LOAN,,Investment_Amount,24.0,million_VND,Plan,PL9
d5f6ef2a-bdf8-4542-b712-a263bd4475eb,2011,4,Cả nước,National,Investment,ĐÀI LOAN,,Investment_Amount,315.0,million_VND,Cumulative,PL9
ecb51aad-acbe-4767-9b28-9ff894d892c1,2011,4,Cả nước,National,Investment,ITALIA,,Investment_Amount,165.0,million_VND,Plan,PL9
1752544b-aa61-46d8-b370-3009b13f20e4,2011,4,Cả nước,National,Investment,ITALIA,,Investment_Amount,218.0,million_VND,Cumulative,PL9
b5c40099-45b0-4ea1-acfe-a25f648e0920,2011,4,Cả nước,National,Investment,Cao su,,Investment_Amount,73505.0,million_VND,Plan,PL9
3e19f88a-3201-42c5-b4a2-fd809ee8abf2,2011,4,Cả nước,National,Investment,Cao su,,Investment_Amount,199973.0,million_VND,Cumulative,PL9
d55f3928-9c52-4f6d-b459-6fd71ce7bf35,2011,4,Cả nước,National,Investment,HÀN QUỐC,,Investment_Amount,11634.0,million_VND,Plan,PL9
a7d78099-d01f-4fe8-8530-57f47054b0e5,2011,4,Cả nước,National,Investment,HÀN QUỐC,,Investment_Amount,39979.0,million_VND,Cumulative,PL9
6922b383-43c0-4a47-b386-b82e4d951b0d,2011,4,Cả nước,National,Investment,CAMPUCHIA,,Investment_Amount,7811.0,million_VND,Plan,PL9
df3d8be3-6247-4394-b9fa-d0aed6bb5498,2011,4,Cả nước,National,Investment,CAMPUCHIA,,Investment_Amount,37971.0,million_VND,Cumulative,PL9
07d382f7-3c8d-4bbd-b10c-96b4da7ac292,2011,4,Cả nước,National,Investment,THÁI LAN,,Investment_Amount,13602.0,million_VND,Plan,PL9
42537232-417b-4457-8a59-bf4d41c0a7ba,2011,4,Cả nước,National,Investment,THÁI LAN,,Investment_Amount,30160.0,million_VND,Cumulative,PL9
766ef42e-fa8e-4daa-bf60-6f1a6bed9848,2011,4,Cả nước,National,Investment,ĐÀI LOAN,,Investment_Amount,5014.0,million_VND,Plan,PL9
3bfaae50-1a6f-4d97-a605-ba0d8152d53a,2011,4,Cả nước,National,Investment,ĐÀI LOAN,,Investment_Amount,22874.0,million_VND,Cumulative,PL9
00b13302-c602-44a9-97fe-2dcb2f84dcb8,2011,4,Cả nước,National,Investment,NHẬT BẢN,,Investment_Amount,5802.0,million_VND,Plan,PL9
990be087-9ae4-4b4b-98b6-1c885c1853d8,2011,4,Cả nước,National,Investment,NHẬT BẢN,,Investment_Amount,22255.0,million_VND,Cumulative,PL9
4d1423db-7cb3-42ce-8baf-124ec14aa2d6,2011,4,Cả nước,National,Investment,TRUNG QUỐC,,Investment_Amount,2812.0,million_VND,Plan,PL9
e645515b-d2cf-433c-8537-db3eb94e5094,2011,4,Cả nước,National,Investment,TRUNG QUỐC,,Investment_Amount,9696.0,million_VND,Cumulative,PL9
1f592683-5041-48e3-bd47-0d57e78282db,2011,4,Cả nước,National,Investment,HOA KỲ,,Investment_Amount,5696.0,million_VND,Plan,PL9
3c16e00a-a87b-407b-89f6-5cde917d1789,2011,4,Cả nước,National,Investment,HOA KỲ,,Investment_Amount,6330.0,million_VND,Cumulative,PL9
f3f18568-d258-4a2d-a3c4-50c8e4ced3e1,2011,4,Cả nước,National,Investment,NGA,,Investment_Amount,2485.0,million_VND,Plan,PL9
05ebd995-e1c9-4053-9b4b-1c80e61ff358,2011,4,Cả nước,National,Investment,NGA,,Investment_Amount,4404.0,million_VND,Cumulative,PL9
0c53786f-2a9d-4c0e-9ef4-770a41e9cdb2,2011,4,Cả nước,National,Investment,PHÁP,,Investment_Amount,1088.0,million_VND,Plan,PL9
c13b0e82-45ee-4c89-99ef-5c09a4ba94ef,2011,4,Cả nước,National,Investment,PHÁP,,Investment_Amount,4063.0,million_VND,Cumulative,PL9
489e4778-acd4-4a1b-9c84-41a504d96062,2011,4,Cả nước,National,Investment,ITALIA,,Investment_Amount,163.0,million_VND,Plan,PL9
252f0e4d-d402-4128-8631-e3e3a574ac19,2011,4,Cả nước,National,Investment,ITALIA,,Investment_Amount,2259.0,million_VND,Cumulative,PL9
bebc3711-bad2-4a9f-9eb3-a4c57ea0414c,2011,4,Cả nước,National,Investment,Dầu mỡ động thực vật,,Investment_Amount,212785.0,million_VND,Cumulative,PL9
d6f21bdb-2b3d-4684-a088-1d5bd00ad669,2011,4,Cả nước,National,Investment,MALAIXIA,,Investment_Amount,103253.0,million_VND,Cumulative,PL9
3cfc1743-2a3e-4c7e-96c9-155f64e6560a,2011,4,Cả nước,National,Investment,IN ĐÔ NÊ XI A,,Investment_Amount,54021.0,million_VND,Cumulative,PL9
2eec84f9-d9e3-4f5e-820e-a0763fecf713,2011,4,Cả nước,National,Investment,ACHENTINA,,Investment_Amount,43459.0,million_VND,Cumulative,PL9
9d748c84-b1a4-495a-830b-61c197c694de,2011,4,Cả nước,National,Investment,CHI LÊ,,Investment_Amount,2277.0,million_VND,Cumulative,PL9
08b59f63-4edc-41a9-bfe3-504c6683236a,2011,4,Cả nước,National,Investment,HOA KỲ,,Investment_Amount,1283.0,million_VND,Cumulative,PL9
ed3f43f4-2f36-4dc0-90c4-4bb6d82ff2b9,2011,4,Cả nước,National,Investment,THÁI LAN,,Investment_Amount,1241.0,million_VND,Cumulative,PL9
903b2c1c-bc39-4859-940a-4efabfe5e8eb,2011,4,Cả nước,National,Investment,TRUNG QUỐC,,Investment_Amount,1018.0,million_VND,Cumulative,PL9
ee473249-7454-4648-885b-2ced99def4e6,2011,4,Cả nước,National,Investment,HÀN QUỐC,,Investment_Amount,911.0,million_VND,Cumulative,PL9
1cab265e-58cc-40a5-a9d8-7d253d478ef0,2011,4,Cả nước,National,Investment,ẤN ĐỘ,,Investment_Amount,816.0,million_VND,Cumulative,PL9
dad151d7-29b1-48c5-acf2-7db98bfdd8e6,2011,4,Cả nước,National,Investment,XINH GA PO,,Investment_Amount,661.0,million_VND,Cumulative,PL9
3ce258ab-f42a-4e8a-8394-58f937215c4b,2011,4,Cả nước,National,Investment,Lúa mì,,Investment_Amount,451207.0,million_VND,Plan,PL9
88bcb086-fbdd-4ca2-a190-d9ef11ffeb56,2011,4,Cả nước,National,Investment,Lúa mì,,Investment_Amount,182826.0,million_VND,Cumulative,PL9
631c71db-0f41-4236-88e9-73407293bb5f,2011,4,Cả nước,National,Investment,Ô X TRÂY LIA,,Investment_Amount,281964.0,million_VND,Plan,PL9
259490fa-1ddb-4630-9dd5-0ee85fd9e44f,2011,4,Cả nước,National,Investment,Ô X TRÂY LIA,,Investment_Amount,160053.0,million_VND,Cumulative,PL9
c6de364a-c443-4d9c-89a1-38cd8dad70d7,2011,4,Cả nước,National,Investment,HOA KỲ,,Investment_Amount,12126.0,million_VND,Plan,PL9
70834430-a16e-4720-ba13-3ca853128067,2011,4,Cả nước,National,Investment,HOA KỲ,,Investment_Amount,21763.0,million_VND,Cumulative,PL9
3bccc46f-62ec-4f05-a7e7-6f9c83244cd1,2011,4,Cả nước,National,Investment,Gỗ & sản phẩm gỗ,,Investment_Amount,245617.0,million_VND,Cumulative,PL9
866cf4af-e912-4591-95dd-0c7afe70bc27,2011,4,Cả nước,National,Investment,LÀO,,Investment_Amount,59351.0,million_VND,Cumulative,PL9
4e09f544-937b-45f3-a07b-939c76445b62,2011,4,Cả nước,National,Investment,HOA KỲ,,Investment_Amount,28227.0,million_VND,Cumulative,PL9
f48d7d3e-e99d-459c-8039-ecf439d3f25f,2011,4,Cả nước,National,Investment,TRUNG QUỐC,,Investment_Amount,27509.0,million_VND,Cumulative,PL9
9dccb1c2-e3de-4606-8957-ee1e03db1808,2011,4,Cả nước,National,Investment,MALAIXIA,,Investment_Amount,19780.0,million_VND,Cumulative,PL9
612fba08-3b0a-490e-9a6d-9906a7cad0a0,2011,4,Cả nước,National,Investment,THÁI LAN,,Investment_Amount,13516.0,million_VND,Cumulative,PL9
ef4a75bf-ba44-40d9-a8b5-524494c5f8b1,2011,4,Cả nước,National,Investment,NIU ZI LÂN,,Investment_Amount,10342.0,million_VND,Cumulative,PL9
02e8cb23-a044-4d0c-8722-59d4f5a4575b,2011,4,Cả nước,National,Investment,CAMPUCHIA,,Investment_Amount,7519.0,million_VND,Cumulative,PL9
ee17742a-fb3a-4ede-b81e-f470b56c8399,2011,4,Cả nước,National,Investment,BRAXIN,,Investment_Amount,7126.0,million_VND,Cumulative,PL9
cfa2b961-43ac-474e-abc0-f761aaf9767e,2011,4,Cả nước,National,Investment,MI AN MA,,Investment_Amount,6794.0,million_VND,Cumulative,PL9
bece99a0-0122-46d0-9315-bbb5aa38b6e8,2011,4,Cả nước,National,Investment,IN ĐÔ NÊ XI A,,Investment_Amount,4349.0,million_VND,Cumulative,PL9
482130f8-dada-4711-be13-64649b6d91b5,2011,4,Cả nước,National,Investment,Phân bón các loại,,Investment_Amount,942720.0,million_VND,Plan,PL9
0b0375f5-06f9-4930-b763-c78b4bcd44ee,2011,4,Cả nước,National,Investment,Phân bón các loại,,Investment_Amount,289884.0,million_VND,Cumulative,PL9
34b20a9e-ad8a-4531-9f4d-7eee2c951836,2011,4,Cả nước,National,Investment,TRUNG QUỐC,,Investment_Amount,349136.0,million_VND,Plan,PL9
5a88bf05-89c7-412f-b960-71191f49dd51,2011,4,Cả nước,National,Investment,TRUNG QUỐC,,Investment_Amount,120322.0,million_VND,Cumulative,PL9
d7f9ddd0-3182-4e30-9b9c-cf657f8000bf,2011,4,Cả nước,National,Investment,CA NA ĐA,,Investment_Amount,24503.0,million_VND,Plan,PL9
9af913bb-4369-4e0f-8199-68b975bb7894,2011,4,Cả nước,National,Investment,CA NA ĐA,,Investment_Amount,27088.0,million_VND,Cumulative,PL9
edcd7a26-4f0b-4ced-b899-1522279e801f,2011,4,Cả nước,National,Investment,PHI LIP PIN,,Investment_Amount,74285.0,million_VND,Plan,PL9
6a0ab6ba-296d-4b4e-80d8-e43b5412164a,2011,4,Cả nước,National,Investment,PHI LIP PIN,,Investment_Amount,25549.0,million_VND,Cumulative,PL9
308c904e-ad30-402b-a3f0-90c22cf21a13,2011,4,Cả nước,National,Investment,NHẬT BẢN,,Investment_Amount,75118.0,million_VND,Plan,PL9
9a97ef20-4654-4563-bc2b-7ad24e9f8ba4,2011,4,Cả nước,National,Investment,NHẬT BẢN,,Investment_Amount,13323.0,million_VND,Cumulative,PL9
3c67e9c4-c475-4d25-af04-1c790061543d,2011,4,Cả nước,National,Investment,HÀN QUỐC,,Investment_Amount,62311.0,million_VND,Plan,PL9
c4acf339-d0f0-4643-9c53-3c3fcf36adc0,2011,4,Cả nước,National,Investment,HÀN QUỐC,,Investment_Amount,10966.0,million_VND,Cumulative,PL9
