record_id,year,month,location_name,geo_level,sector,commodity,sub_item,attribute,value,unit,data_type,appendix_number
45a1b53caf6d074b,2010,9,1. Thu hoạch lúa hè thu ở miền Nam,Provincial,Cultivation,Unknown,,Area_Planted,17567.0,1000_ha,Actual,PL1
c4720498573b6785,2011,9,1. Thu hoạch lúa hè thu ở miền Nam,Provincial,Cultivation,Unknown,,Area_Planted,18608.0,1000_ha,Actual,PL1
2e301c7e53d0f5f7,2010,9,2. Gieo trồng lúa thu đông ở vùng ĐBSCL,Provincial,Cultivation,Unknown,,Area_Planted,3800.0,1000_ha,Actual,PL1
6c665bf9058f8b7c,2011,9,2. Gieo trồng lúa thu đông ở vùng ĐBSCL,Provincial,Cultivation,Unknown,,Area_Planted,5680.0,1000_ha,Actual,PL1
ca6478ff8c8ec06b,2010,9,3. Gieo cấy lúa mùa cả nước,Provincial,Cultivation,Unknown,,Area_Planted,16466.0,1000_ha,Actual,PL1
7f5e3ba9bf9e03f3,2011,9,3. Gieo cấy lúa mùa cả nước,Provincial,Cultivation,Unknown,,Area_Planted,16623.0,1000_ha,Actual,PL1
c90987ae1036ddfb,2010,9,- Miền Nam,Provincial,Cultivation,Unknown,,Area_Planted,4549.0,1000_ha,Actual,PL1
8aac9c7058699a80,2011,9,- Miền Nam,Provincial,Cultivation,Unknown,,Area_Planted,5252.0,1000_ha,Actual,PL1
ff9b373e7157e2ed,2010,9,"4.1 Gieo trồng cây lương thực, có củ",Provincial,Cultivation,Unknown,,Area_Planted,15620.0,1000_ha,Actual,PL1
17a079cc217d9e82,2011,9,"4.1 Gieo trồng cây lương thực, có củ",Provincial,Cultivation,Unknown,,Area_Planted,17241.0,1000_ha,Actual,PL1
dee19c146547196d,2010,9,- Khoai lang,Provincial,Cultivation,Khoai lang,,Area_Planted,1235.0,1000_ha,Actual,PL1
429866e679192eb3,2011,9,- Khoai lang,Provincial,Cultivation,Khoai lang,,Area_Planted,1391.0,1000_ha,Actual,PL1
3615a4af659528e5,2010,9,- Sắn,Provincial,Cultivation,Sắn,,Area_Planted,4459.0,1000_ha,Actual,PL1
8da683034c914739,2011,9,- Sắn,Provincial,Cultivation,Sắn,,Area_Planted,5006.0,1000_ha,Actual,PL1
4a83ad56e73278f8,2010,9,4.2 Gieo trồng cây công nghiệp ngắn ngày,Provincial,Cultivation,Cây công nghiệp ngắn ngày,,Area_Planted,6579.0,1000_ha,Actual,PL1
77b75f512b16499e,2011,9,4.2 Gieo trồng cây công nghiệp ngắn ngày,Provincial,Cultivation,Cây công nghiệp ngắn ngày,,Area_Planted,6872.0,1000_ha,Actual,PL1
4db179ab8e59fa67,2010,9,- Đậu tương,Provincial,Cultivation,Đậu tương,,Area_Planted,1797.0,1000_ha,Actual,PL1
cfe8e4a7c4921c7c,2011,9,- Đậu tương,Provincial,Cultivation,Đậu tương,,Area_Planted,1753.0,1000_ha,Actual,PL1
5ba35deb5f195977,2010,9,- Mía,Provincial,Cultivation,Unknown,,Area_Planted,1597.0,1000_ha,Actual,PL1
4ef08f63125d022b,2011,9,- Mía,Provincial,Cultivation,Unknown,,Area_Planted,1913.0,1000_ha,Actual,PL1
8649acbc78559080,2010,9,- Thuốc lá,Provincial,Cultivation,Unknown,,Area_Planted,294.0,1000_ha,Actual,PL1
325ff78ccfbb77a4,2011,9,- Thuốc lá,Provincial,Cultivation,Unknown,,Area_Planted,203.0,1000_ha,Actual,PL1
b439e4b4a5f7bad0,2010,9,"4.3 Gieo trồng rau, đậu các loại",Provincial,Cultivation,Rau đậu,,Area_Planted,7259.0,1000_ha,Actual,PL1
13ff8043b37d0db0,2011,9,"4.3 Gieo trồng rau, đậu các loại",Provincial,Cultivation,Rau đậu,,Area_Planted,7942.0,1000_ha,Actual,PL1
7ee1c4ccea899a41,2011,12,Cả nước,National,Trade,"1. Nông sản chính,trong đó:",Xuất khẩu,Export_Value,10725.0,million_USD,Estimated,PL10
ede32af1387a0c07,2011,12,Cả nước,National,Trade,Cà phê,Xuất khẩu,Export_Volume,994.0,1000_ton,Estimated,PL10
af1e0606785d2c0c,2011,12,Cả nước,National,Trade,Cà phê,Xuất khẩu,Export_Value,2192.0,million_USD,Estimated,PL10
4cb4c65f12bba528,2011,12,Cả nước,National,Trade,Cao su,Xuất khẩu,Export_Volume,530.0,1000_ton,Estimated,PL10
8a418f8e57e3c1f6,2011,12,Cả nước,National,Trade,Cao su,Xuất khẩu,Export_Value,2286.0,million_USD,Estimated,PL10
a0a2798f84c8fce9,2011,12,Cả nước,National,Trade,Gạo,Xuất khẩu,Export_Volume,6230.0,1000_ton,Estimated,PL10
a870fd754c217834,2011,12,Cả nước,National,Trade,Gạo,Xuất khẩu,Export_Value,3113.0,million_USD,Estimated,PL10
5ebb15d98355acff,2011,12,Cả nước,National,Trade,Chè,Xuất khẩu,Export_Volume,99.0,1000_ton,Estimated,PL10
9fc41acf5a4fcd80,2011,12,Cả nước,National,Trade,Chè,Xuất khẩu,Export_Value,153.0,million_USD,Estimated,PL10
015bd75c72bfed5b,2011,12,Cả nước,National,Trade,Hạt điều,Xuất khẩu,Export_Volume,129.0,1000_ton,Estimated,PL10
3a9ae56306de5a31,2011,12,Cả nước,National,Trade,Hạt điều,Xuất khẩu,Export_Value,1078.0,million_USD,Estimated,PL10
c1a3ff7a92633772,2011,12,Cả nước,National,Trade,Hạt tiêu,Xuất khẩu,Export_Volume,115.0,1000_ton,Estimated,PL10
b39fcb82b16e1f7d,2011,12,Cả nước,National,Trade,Hạt tiêu,Xuất khẩu,Export_Value,663.0,million_USD,Estimated,PL10
2b9c1cb9f2364069,2011,12,Cả nước,National,Trade,Hàng rau quả,Xuất khẩu,Export_Value,493.0,million_USD,Estimated,PL10
5f4da8b2937f1603,2011,12,Cả nước,National,Trade,Sắn và sản phẩm từ sắn,Xuất khẩu,Export_Volume,2097.0,1000_ton,Estimated,PL10
d366d6151419bc88,2011,12,Cả nước,National,Trade,Sắn và sản phẩm từ sắn,Xuất khẩu,Export_Value,747.0,million_USD,Estimated,PL10
8dc3c766bf2e7a0d,2011,12,Cả nước,National,Trade,2. Thuỷ sản,Xuất khẩu,Export_Value,4408.0,million_USD,Estimated,PL10
a3c6ee2d4b55190e,2011,12,Cả nước,National,Trade,"3. Lâm sản chính,trong đó:",Xuất khẩu,Export_Value,3033.0,million_USD,Estimated,PL10
3e7ef0294b347736,2011,12,Cả nước,National,Trade,Quế,Xuất khẩu,Export_Value,26.0,million_USD,Estimated,PL10
57c9c40351c74e80,2011,12,Cả nước,National,Trade,Gỗ & sản phẩm gỗ,Xuất khẩu,Export_Value,2862.0,million_USD,Estimated,PL10
31f27655edc42a0c,2011,12,Cả nước,National,Trade,"SP mây, tre, cói, thảm",Xuất khẩu,Export_Value,146.0,million_USD,Estimated,PL10
e8f711661519572c,2011,12,Cả nước,National,Trade,Các mặt hàng nông lâm sản khá,Xuất khẩu,Export_Value,797.0,million_USD,Estimated,PL10
56225499360a3572,2011,12,Cả nước,National,Trade,Các mặt hàng nhập khẩu chính,Nhập khẩu,Import_Value,7870.0,million_USD,Estimated,PL10
f376bacf19286cbc,2011,12,Cả nước,National,Trade,Phân bón các loại,Nhập khẩu,Import_Volume,2917.0,1000_ton,Estimated,PL10
3885517a2cc664cf,2011,12,Cả nước,National,Trade,Phân bón các loại,Nhập khẩu,Import_Value,1180.0,million_USD,Estimated,PL10
96c668b55174d8e3,2011,12,Cả nước,National,Trade,- U RE,Nhập khẩu,Import_Volume,677.0,1000_ton,Estimated,PL10
498e70f0a9963413,2011,12,Cả nước,National,Trade,- U RE,Nhập khẩu,Import_Value,241.0,million_USD,Estimated,PL10
ebe1a690a6296783,2011,12,Cả nước,National,Trade,- S A,Nhập khẩu,Import_Volume,593.0,1000_ton,Estimated,PL10
3492a3a6a0c7242a,2011,12,Cả nước,National,Trade,- S A,Nhập khẩu,Import_Value,124.0,million_USD,Estimated,PL10
e14127f8a7878dd6,2011,12,Cả nước,National,Trade,- D A P,Nhập khẩu,Import_Volume,497.0,1000_ton,Estimated,PL10
86f30e5c83bc6b32,2011,12,Cả nước,National,Trade,- D A P,Nhập khẩu,Import_Value,308.0,million_USD,Estimated,PL10
8b5baab257e874e4,2011,12,Cả nước,National,Trade,- N P K,Nhập khẩu,Import_Volume,214.0,1000_ton,Estimated,PL10
fde637e73eb49d4f,2011,12,Cả nước,National,Trade,- N P K,Nhập khẩu,Import_Value,97.0,million_USD,Estimated,PL10
0f1b7bb76443e8db,2011,12,Cả nước,National,Trade,- Các loại phân bón kh,Nhập khẩu,Import_Volume,937.0,1000_ton,Estimated,PL10
637d6a432308a947,2011,12,Cả nước,National,Trade,- Các loại phân bón kh,Nhập khẩu,Import_Value,410.0,million_USD,Estimated,PL10
d0f1cd259987e21e,2011,12,Cả nước,National,Trade,Thuốc trừ sâu & nguyên liệu,Nhập khẩu,Import_Value,407.0,million_USD,Estimated,PL10
e2169d4e98fa4d3a,2011,12,Cả nước,National,Trade,Lúa mỳ,Nhập khẩu,Import_Volume,1711.0,1000_ton,Estimated,PL10
99b400448077ea0e,2011,12,Cả nước,National,Trade,Lúa mỳ,Nhập khẩu,Import_Value,590.0,million_USD,Estimated,PL10
4c03b29272da1323,2011,12,Cả nước,National,Trade,Thức ăn gia súc và nguyên liệu,Nhập khẩu,Import_Value,1761.0,million_USD,Estimated,PL10
d8d4a78591631e61,2011,12,Cả nước,National,Trade,"Dầu mỡ động, thực vật",Nhập khẩu,Import_Value,705.0,million_USD,Estimated,PL10
7abab0e4e4e61e5f,2011,12,Cả nước,National,Trade,Cao su,Nhập khẩu,Import_Volume,280.0,1000_ton,Estimated,PL10
2e9dd4c3bd82ad74,2011,12,Cả nước,National,Trade,Cao su,Nhập khẩu,Import_Value,721.0,million_USD,Estimated,PL10
7a16297e84ebd58b,2011,12,Cả nước,National,Trade,Bông các loại,Nhập khẩu,Import_Volume,232.0,1000_ton,Estimated,PL10
e7e8156c69e26574,2011,12,Cả nước,National,Trade,Bông các loại,Nhập khẩu,Import_Value,815.0,million_USD,Estimated,PL10
94840140287a507a,2011,12,Cả nước,National,Trade,Sữa &sản phẩm sữa,Nhập khẩu,Import_Value,670.0,million_USD,Estimated,PL10
873b852d0d607071,2011,12,Cả nước,National,Trade,Gỗ & sản phẩm gỗ,Nhập khẩu,Import_Value,1006.0,million_USD,Estimated,PL10
eae754af4231d6b1,2011,12,Cả nước,National,Trade,Muối,Nhập khẩu,Import_Value,154.0,million_USD,Estimated,PL10
26f1bd98c7f806b8,2011,12,Cả nước,National,Trade,Hàng thủy sản,Nhập khẩu,Import_Value,367.0,million_USD,Estimated,PL10
f26da7068bd186a1,2011,12,Cả nước,National,Trade,Hàng rau quả,Nhập khẩu,Import_Value,208.0,million_USD,Estimated,PL10
c7c97f4e76770c8b,2011,11,HOA KỲ,International,Trade,Cà phê,Xuất khẩu,Export_Volume,98540.0,ton,Actual,PL11
55b1872fc844b3c4,2011,11,HOA KỲ,International,Trade,Cà phê,Xuất khẩu,Export_Value,239801.0,1000_USD,Actual,PL11
2e7c58ab6b055c91,2011,11,ĐỨC,International,Trade,Cà phê,Xuất khẩu,Export_Volume,95476.0,ton,Actual,PL11
069b0f1fdd548238,2011,11,ĐỨC,International,Trade,Cà phê,Xuất khẩu,Export_Value,213183.0,1000_USD,Actual,PL11
9547e4301d956c55,2011,11,BỈ,International,Trade,Cà phê,Xuất khẩu,Export_Volume,85667.0,ton,Actual,PL11
77aafe129b543978,2011,11,BỈ,International,Trade,Cà phê,Xuất khẩu,Export_Value,189448.0,1000_USD,Actual,PL11
69c780bde8d58e14,2011,11,ITALIA,International,Trade,Cà phê,Xuất khẩu,Export_Volume,68116.0,ton,Actual,PL11
6326f18af08461e3,2011,11,ITALIA,International,Trade,Cà phê,Xuất khẩu,Export_Value,144847.0,1000_USD,Actual,PL11
c573e715b4081538,2011,11,TÂY BAN NHA,International,Trade,Cà phê,Xuất khẩu,Export_Volume,51034.0,ton,Actual,PL11
517a46ddc8af2576,2011,11,TÂY BAN NHA,International,Trade,Cà phê,Xuất khẩu,Export_Value,110391.0,1000_USD,Actual,PL11
60b6ec8d9f0cc599,2011,11,NHẬT BẢN,International,Trade,Cà phê,Xuất khẩu,Export_Volume,35204.0,ton,Actual,PL11
45a9f2577e1747f9,2011,11,NHẬT BẢN,International,Trade,Cà phê,Xuất khẩu,Export_Value,91052.0,1000_USD,Actual,PL11
f659587b164908f0,2011,11,ANH,International,Trade,Cà phê,Xuất khẩu,Export_Volume,23642.0,ton,Actual,PL11
c86678839da10b95,2011,11,ANH,International,Trade,Cà phê,Xuất khẩu,Export_Value,53518.0,1000_USD,Actual,PL11
b3802de442c172a5,2011,11,HÀ LAN,International,Trade,Cà phê,Xuất khẩu,Export_Volume,24618.0,ton,Actual,PL11
fbdee6247c22af77,2011,11,HÀ LAN,International,Trade,Cà phê,Xuất khẩu,Export_Value,53222.0,1000_USD,Actual,PL11
a4f14da33137084f,2011,11,HÀN QUỐC,International,Trade,Cà phê,Xuất khẩu,Export_Volume,21600.0,ton,Actual,PL11
161ae24af453bf6b,2011,11,HÀN QUỐC,International,Trade,Cà phê,Xuất khẩu,Export_Value,45426.0,1000_USD,Actual,PL11
37bea453e3ec0aac,2011,11,TRUNG QUỐC,International,Trade,Cà phê,Xuất khẩu,Export_Volume,18509.0,ton,Actual,PL11
2c33e7ab1a6cb0a8,2011,11,TRUNG QUỐC,International,Trade,Cà phê,Xuất khẩu,Export_Value,42096.0,1000_USD,Actual,PL11
0b712456339608dc,2011,11,TRUNG QUỐC,International,Trade,Cao su,Xuất khẩu,Export_Volume,274834.0,ton,Actual,PL11
1995a8e839a2d21e,2011,11,TRUNG QUỐC,International,Trade,Cao su,Xuất khẩu,Export_Value,1166133.0,1000_USD,Actual,PL11
2ea038b4a331fa00,2011,11,MALAIXIA,International,Trade,Cao su,Xuất khẩu,Export_Volume,32903.0,ton,Actual,PL11
dd6828b061c831f5,2011,11,MALAIXIA,International,Trade,Cao su,Xuất khẩu,Export_Value,142187.0,1000_USD,Actual,PL11
3afd77892efe788c,2011,11,ĐÀI LOAN,International,Trade,Cao su,Xuất khẩu,Export_Volume,19587.0,ton,Actual,PL11
7f6f45aa2281adba,2011,11,ĐÀI LOAN,International,Trade,Cao su,Xuất khẩu,Export_Value,91926.0,1000_USD,Actual,PL11
6a0fd411e4574e46,2011,11,HÀN QUỐC,International,Trade,Cao su,Xuất khẩu,Export_Volume,19755.0,ton,Actual,PL11
65ccf13427efd1bc,2011,11,HÀN QUỐC,International,Trade,Cao su,Xuất khẩu,Export_Value,82919.0,1000_USD,Actual,PL11
b0ed071026ce2fb6,2011,11,ĐỨC,International,Trade,Cao su,Xuất khẩu,Export_Volume,16923.0,ton,Actual,PL11
332648bd7dd1714a,2011,11,ĐỨC,International,Trade,Cao su,Xuất khẩu,Export_Value,82237.0,1000_USD,Actual,PL11
ba8c4032bfc4d7a1,2011,11,HOA KỲ,International,Trade,Cao su,Xuất khẩu,Export_Volume,13484.0,ton,Actual,PL11
26f7aa3d17a62683,2011,11,HOA KỲ,International,Trade,Cao su,Xuất khẩu,Export_Value,51921.0,1000_USD,Actual,PL11
11edffd4cb92a17c,2011,11,THỔ NHĨ KỲ,International,Trade,Cao su,Xuất khẩu,Export_Volume,7767.0,ton,Actual,PL11
e64f0232cb929334,2011,11,THỔ NHĨ KỲ,International,Trade,Cao su,Xuất khẩu,Export_Value,34927.0,1000_USD,Actual,PL11
67b1aa00c1a79bf1,2011,11,NGA,International,Trade,Cao su,Xuất khẩu,Export_Volume,6827.0,ton,Actual,PL11
aad5c2ffd5927782,2011,11,NGA,International,Trade,Cao su,Xuất khẩu,Export_Value,34291.0,1000_USD,Actual,PL11
19c0ac4cf7ceeefb,2011,11,NHẬT BẢN,International,Trade,Cao su,Xuất khẩu,Export_Volume,6249.0,ton,Actual,PL11
1ccf04a0e5afb459,2011,11,NHẬT BẢN,International,Trade,Cao su,Xuất khẩu,Export_Value,31794.0,1000_USD,Actual,PL11
56b8c736cfda03fa,2011,11,ẤN ĐỘ,International,Trade,Cao su,Xuất khẩu,Export_Volume,6352.0,ton,Actual,PL11
7273007c9efc9d6b,2011,11,ẤN ĐỘ,International,Trade,Cao su,Xuất khẩu,Export_Value,29690.0,1000_USD,Actual,PL11
eda69f6917976153,2011,11,PAKIXTAN,International,Trade,Chè,Xuất khẩu,Export_Volume,11441.0,ton,Actual,PL11
7aa272e70f335f10,2011,11,PAKIXTAN,International,Trade,Chè,Xuất khẩu,Export_Value,21264.0,1000_USD,Actual,PL11
b291f467419f7f96,2011,11,ĐÀI LOAN,International,Trade,Chè,Xuất khẩu,Export_Volume,13549.0,ton,Actual,PL11
48cc978ae5e6962a,2011,11,ĐÀI LOAN,International,Trade,Chè,Xuất khẩu,Export_Value,17185.0,1000_USD,Actual,PL11
93c9191e95b398bb,2011,11,NGA,International,Trade,Chè,Xuất khẩu,Export_Volume,9941.0,ton,Actual,PL11
c8343584b1ee35d4,2011,11,NGA,International,Trade,Chè,Xuất khẩu,Export_Value,14967.0,1000_USD,Actual,PL11
43a322e4b3728623,2011,11,TRUNG QUỐC,International,Trade,Chè,Xuất khẩu,Export_Volume,9271.0,ton,Actual,PL11
3713b0f5c18bdcad,2011,11,TRUNG QUỐC,International,Trade,Chè,Xuất khẩu,Export_Value,10999.0,1000_USD,Actual,PL11
c0902e669b42e23f,2011,11,IN ĐÔ NÊ XI A,International,Trade,Chè,Xuất khẩu,Export_Volume,5546.0,ton,Actual,PL11
ee7cea6e6994ecb2,2011,11,IN ĐÔ NÊ XI A,International,Trade,Chè,Xuất khẩu,Export_Value,5774.0,1000_USD,Actual,PL11
6de22589913c4523,2011,11,ARẬP XÊÚT,International,Trade,Chè,Xuất khẩu,Export_Volume,1311.0,ton,Actual,PL11
924f615f0096319d,2011,11,ARẬP XÊÚT,International,Trade,Chè,Xuất khẩu,Export_Value,2993.0,1000_USD,Actual,PL11
1f4270e1793c0161,2011,11,ĐỨC,International,Trade,Chè,Xuất khẩu,Export_Volume,2015.0,ton,Actual,PL11
dd9edd52995a17d8,2011,11,ĐỨC,International,Trade,Chè,Xuất khẩu,Export_Value,2922.0,1000_USD,Actual,PL11
4e682ea384e076d6,2011,11,HOA KỲ,International,Trade,Chè,Xuất khẩu,Export_Volume,2577.0,ton,Actual,PL11
586eb2e4a3d2d640,2011,11,HOA KỲ,International,Trade,Chè,Xuất khẩu,Export_Value,2789.0,1000_USD,Actual,PL11
5045849e66181b80,2011,11,TVQ ARẬP THỐNG NHẤT,International,Trade,Chè,Xuất khẩu,Export_Volume,1464.0,ton,Actual,PL11
c1b9fe6a2e1a26cd,2011,11,TVQ ARẬP THỐNG NHẤT,International,Trade,Chè,Xuất khẩu,Export_Value,2685.0,1000_USD,Actual,PL11
a45d2bb455be0ebe,2011,11,BA LAN,International,Trade,Chè,Xuất khẩu,Export_Volume,1672.0,ton,Actual,PL11
daed92bb62f54ebc,2011,11,BA LAN,International,Trade,Chè,Xuất khẩu,Export_Value,1849.0,1000_USD,Actual,PL11
1a8f719b5675bf5e,2011,11,IN ĐÔ NÊ XI A,International,Trade,Gạo,Xuất khẩu,Export_Volume,960825.0,ton,Actual,PL11
3c03d93283250526,2011,11,IN ĐÔ NÊ XI A,International,Trade,Gạo,Xuất khẩu,Export_Value,496043.0,1000_USD,Actual,PL11
96fa44778a5d3f32,2011,11,PHI LIP PIN,International,Trade,Gạo,Xuất khẩu,Export_Volume,896734.0,ton,Actual,PL11
7be9e1007cc2dc16,2011,11,PHI LIP PIN,International,Trade,Gạo,Xuất khẩu,Export_Value,433232.0,1000_USD,Actual,PL11
5d080bf22f5f7654,2011,11,MALAIXIA,International,Trade,Gạo,Xuất khẩu,Export_Volume,396845.0,ton,Actual,PL11
6342db0af1db699c,2011,11,MALAIXIA,International,Trade,Gạo,Xuất khẩu,Export_Value,208096.0,1000_USD,Actual,PL11
295cf58e3c58df77,2011,11,BĂNG LA ĐÉT,International,Trade,Gạo,Xuất khẩu,Export_Volume,339600.0,ton,Actual,PL11
e61172220192cd7b,2011,11,BĂNG LA ĐÉT,International,Trade,Gạo,Xuất khẩu,Export_Value,180380.0,1000_USD,Actual,PL11
141a2b2a05a507cc,2011,11,CUBA,International,Trade,Gạo,Xuất khẩu,Export_Volume,330900.0,ton,Actual,PL11
ce51c718efccb6a3,2011,11,CUBA,International,Trade,Gạo,Xuất khẩu,Export_Value,172554.0,1000_USD,Actual,PL11
512a95db68d4c9ac,2011,11,XÊ NÊ GAN,International,Trade,Gạo,Xuất khẩu,Export_Volume,403837.0,ton,Actual,PL11
60a4b35177f6bd8e,2011,11,XÊ NÊ GAN,International,Trade,Gạo,Xuất khẩu,Export_Value,166619.0,1000_USD,Actual,PL11
2096b209081e3feb,2011,11,XINH GA PO,International,Trade,Gạo,Xuất khẩu,Export_Volume,290878.0,ton,Actual,PL11
1006ef942cc2f8a9,2011,11,XINH GA PO,International,Trade,Gạo,Xuất khẩu,Export_Value,143798.0,1000_USD,Actual,PL11
0115a305437ae525,2011,11,TRUNG QUỐC,International,Trade,Gạo,Xuất khẩu,Export_Volume,271560.0,ton,Actual,PL11
36f5412022c6aeea,2011,11,TRUNG QUỐC,International,Trade,Gạo,Xuất khẩu,Export_Value,136071.0,1000_USD,Actual,PL11
23d07729ca9a68b2,2011,11,BỜ BIỂN NGÀ,International,Trade,Gạo,Xuất khẩu,Export_Volume,266572.0,ton,Actual,PL11
6dbb0b96d16bb220,2011,11,BỜ BIỂN NGÀ,International,Trade,Gạo,Xuất khẩu,Export_Value,124675.0,1000_USD,Actual,PL11
399dc6a32cab872a,2011,11,GANA,International,Trade,Gạo,Xuất khẩu,Export_Volume,120551.0,ton,Actual,PL11
b11495834a0229cb,2011,11,GANA,International,Trade,Gạo,Xuất khẩu,Export_Value,64896.0,1000_USD,Actual,PL11
2d8f05700ca0d3d7,2011,11,HOA KỲ,International,Trade,Gỗ & sản phẩm gỗ,Xuất khẩu,Export_Value,878250.0,1000_USD,Actual,PL11
88006c21ea8dc711,2011,11,TRUNG QUỐC,International,Trade,Gỗ & sản phẩm gỗ,Xuất khẩu,Export_Value,433703.0,1000_USD,Actual,PL11
8536ad0753bfddd8,2011,11,NHẬT BẢN,International,Trade,Gỗ & sản phẩm gỗ,Xuất khẩu,Export_Value,362837.0,1000_USD,Actual,PL11
59bf2a5631f1de19,2011,11,HÀN QUỐC,International,Trade,Gỗ & sản phẩm gỗ,Xuất khẩu,Export_Value,125449.0,1000_USD,Actual,PL11
9874e3c5ea52eaed,2011,11,ANH,International,Trade,Gỗ & sản phẩm gỗ,Xuất khẩu,Export_Value,105716.0,1000_USD,Actual,PL11
7e6bb295038dc248,2011,11,ĐỨC,International,Trade,Gỗ & sản phẩm gỗ,Xuất khẩu,Export_Value,72375.0,1000_USD,Actual,PL11
783f531f3f389f28,2011,11,Ô X TRÂY LIA,International,Trade,Gỗ & sản phẩm gỗ,Xuất khẩu,Export_Value,60594.0,1000_USD,Actual,PL11
60b0166dd606c714,2011,11,HOA KỲ,International,Trade,Bông các loại,Nhập khẩu,Import_Volume,117666.0,ton,Actual,PL12
6f97ea2648fc8549,2011,11,HOA KỲ,International,Trade,Bông các loại,Nhập khẩu,Import_Value,429925.0,1000_USD,Actual,PL12
1635369d6cddc296,2011,11,ẤN ĐỘ,International,Trade,Bông các loại,Nhập khẩu,Import_Volume,25422.0,ton,Actual,PL12
80cae5643d84e891,2011,11,ẤN ĐỘ,International,Trade,Bông các loại,Nhập khẩu,Import_Value,83298.0,1000_USD,Actual,PL12
734897ad820097db,2011,11,PAKIXTAN,International,Trade,Bông các loại,Nhập khẩu,Import_Volume,5762.0,ton,Actual,PL12
56f46cd5e7f3a7d2,2011,11,PAKIXTAN,International,Trade,Bông các loại,Nhập khẩu,Import_Value,18074.0,1000_USD,Actual,PL12
f2524558f1e6aed8,2011,11,Ô X TRÂY LIA,International,Trade,Bông các loại,Nhập khẩu,Import_Volume,3969.0,ton,Actual,PL12
ad127129ca7bd909,2011,11,Ô X TRÂY LIA,International,Trade,Bông các loại,Nhập khẩu,Import_Value,15698.0,1000_USD,Actual,PL12
faab325a7e53242f,2011,11,BRAXIN,International,Trade,Bông các loại,Nhập khẩu,Import_Volume,4607.0,ton,Actual,PL12
4eba6b145a212816,2011,11,BRAXIN,International,Trade,Bông các loại,Nhập khẩu,Import_Value,14143.0,1000_USD,Actual,PL12
48f9ba8251d5f5e7,2011,11,BỜ BIỂN NGÀ,International,Trade,Bông các loại,Nhập khẩu,Import_Volume,4154.0,ton,Actual,PL12
083e1d559daa32eb,2011,11,BỜ BIỂN NGÀ,International,Trade,Bông các loại,Nhập khẩu,Import_Value,12370.0,1000_USD,Actual,PL12
61426feaa6045384,2011,11,ACHENTINA,International,Trade,Bông các loại,Nhập khẩu,Import_Volume,2239.0,ton,Actual,PL12
8c3d5bb4794b601d,2011,11,ACHENTINA,International,Trade,Bông các loại,Nhập khẩu,Import_Value,8014.0,1000_USD,Actual,PL12
97856369657eedc7,2011,11,TRUNG QUỐC,International,Trade,Bông các loại,Nhập khẩu,Import_Volume,1430.0,ton,Actual,PL12
1879f99fd7ae4e43,2011,11,TRUNG QUỐC,International,Trade,Bông các loại,Nhập khẩu,Import_Value,6024.0,1000_USD,Actual,PL12
d51cb02716091a26,2011,11,PHÁP,International,Trade,Bông các loại,Nhập khẩu,Import_Volume,752.0,ton,Actual,PL12
7a0485b424583d44,2011,11,PHÁP,International,Trade,Bông các loại,Nhập khẩu,Import_Value,1723.0,1000_USD,Actual,PL12
a84646ce2a5e8072,2011,11,IN ĐÔ NÊ XI A,International,Trade,Bông các loại,Nhập khẩu,Import_Volume,449.0,ton,Actual,PL12
550e1a359c0e4032,2011,11,IN ĐÔ NÊ XI A,International,Trade,Bông các loại,Nhập khẩu,Import_Value,1179.0,1000_USD,Actual,PL12
8d1b74f998efbe52,2011,11,CAMPUCHIA,International,Trade,Cao su,Nhập khẩu,Import_Volume,26989.0,ton,Actual,PL12
38c52002d6e4d3d0,2011,11,CAMPUCHIA,International,Trade,Cao su,Nhập khẩu,Import_Value,123668.0,1000_USD,Actual,PL12
20452730ae6585bc,2011,11,HÀN QUỐC,International,Trade,Cao su,Nhập khẩu,Import_Volume,35806.0,ton,Actual,PL12
fe2a07b9819c5ac2,2011,11,HÀN QUỐC,International,Trade,Cao su,Nhập khẩu,Import_Value,118728.0,1000_USD,Actual,PL12
e19b4759391aad92,2011,11,THÁI LAN,International,Trade,Cao su,Nhập khẩu,Import_Volume,27509.0,ton,Actual,PL12
01ea02ac3cab8dd3,2011,11,THÁI LAN,International,Trade,Cao su,Nhập khẩu,Import_Value,95504.0,1000_USD,Actual,PL12
d57f019800888e0a,2011,11,ĐÀI LOAN,International,Trade,Cao su,Nhập khẩu,Import_Volume,21008.0,ton,Actual,PL12
b9885f71ae271e54,2011,11,ĐÀI LOAN,International,Trade,Cao su,Nhập khẩu,Import_Value,63986.0,1000_USD,Actual,PL12
cf19aa15035f1cca,2011,11,NHẬT BẢN,International,Trade,Cao su,Nhập khẩu,Import_Volume,17277.0,ton,Actual,PL12
f1b2ed3cf4f41ba6,2011,11,NHẬT BẢN,International,Trade,Cao su,Nhập khẩu,Import_Value,60154.0,1000_USD,Actual,PL12
98a58c766ca1afea,2011,11,TRUNG QUỐC,International,Trade,Cao su,Nhập khẩu,Import_Volume,15988.0,ton,Actual,PL12
44e378be8c1c2659,2011,11,TRUNG QUỐC,International,Trade,Cao su,Nhập khẩu,Import_Value,41562.0,1000_USD,Actual,PL12
a8e65acb0263b176,2011,11,HOA KỲ,International,Trade,Cao su,Nhập khẩu,Import_Volume,18501.0,ton,Actual,PL12
d58eef195f29152e,2011,11,HOA KỲ,International,Trade,Cao su,Nhập khẩu,Import_Value,21364.0,1000_USD,Actual,PL12
3d29de919a33fc48,2011,11,NGA,International,Trade,Cao su,Nhập khẩu,Import_Volume,4033.0,ton,Actual,PL12
4f92302b4a3842db,2011,11,NGA,International,Trade,Cao su,Nhập khẩu,Import_Value,18072.0,1000_USD,Actual,PL12
52153e347206d2d2,2011,11,PHÁP,International,Trade,Cao su,Nhập khẩu,Import_Volume,5999.0,ton,Actual,PL12
b2c9c956b10240ed,2011,11,PHÁP,International,Trade,Cao su,Nhập khẩu,Import_Value,10537.0,1000_USD,Actual,PL12
f3843438f44c4410,2011,11,MALAIXIA,International,Trade,Cao su,Nhập khẩu,Import_Volume,5630.0,ton,Actual,PL12
4527643d6924f396,2011,11,MALAIXIA,International,Trade,Cao su,Nhập khẩu,Import_Value,7312.0,1000_USD,Actual,PL12
b278539e6dfb33fe,2011,11,MALAIXIA,International,Trade,Dầu mỡ động thực vật,Nhập khẩu,Import_Value,346241.0,1000_USD,Actual,PL12
5ef7c63377290912,2011,11,IN ĐÔ NÊ XI A,International,Trade,Dầu mỡ động thực vật,Nhập khẩu,Import_Value,136911.0,1000_USD,Actual,PL12
93d90c94c77c8ba5,2011,11,ACHENTINA,International,Trade,Dầu mỡ động thực vật,Nhập khẩu,Import_Value,92201.0,1000_USD,Actual,PL12
5d9dc239028f0b92,2011,11,CHI LÊ,International,Trade,Dầu mỡ động thực vật,Nhập khẩu,Import_Value,6557.0,1000_USD,Actual,PL12
9d3038412cf45f31,2011,11,THÁI LAN,International,Trade,Dầu mỡ động thực vật,Nhập khẩu,Import_Value,5634.0,1000_USD,Actual,PL12
c434f19f3e3c0b6a,2011,11,TRUNG QUỐC,International,Trade,Dầu mỡ động thực vật,Nhập khẩu,Import_Value,4284.0,1000_USD,Actual,PL12
6ca551d083591042,2011,11,HOA KỲ,International,Trade,Dầu mỡ động thực vật,Nhập khẩu,Import_Value,3178.0,1000_USD,Actual,PL12
e97a565f75ee8646,2011,11,ẤN ĐỘ,International,Trade,Dầu mỡ động thực vật,Nhập khẩu,Import_Value,2810.0,1000_USD,Actual,PL12
1ce33e3a7182fec6,2011,11,HÀN QUỐC,International,Trade,Dầu mỡ động thực vật,Nhập khẩu,Import_Value,2504.0,1000_USD,Actual,PL12
66fed3eba0d00bba,2011,11,Ô X TRÂY LIA,International,Trade,Dầu mỡ động thực vật,Nhập khẩu,Import_Value,2079.0,1000_USD,Actual,PL12
c05edf3498a11fa0,2011,11,Ô X TRÂY LIA,International,Trade,Lúa mì,Nhập khẩu,Import_Volume,1402941.0,ton,Actual,PL12
624095684fd720bf,2011,11,Ô X TRÂY LIA,International,Trade,Lúa mì,Nhập khẩu,Import_Value,472439.0,1000_USD,Actual,PL12
2d5916306c1e5b0e,2011,11,HOA KỲ,International,Trade,Lúa mì,Nhập khẩu,Import_Volume,166602.0,ton,Actual,PL12
b5e9c8783e68e988,2011,11,HOA KỲ,International,Trade,Lúa mì,Nhập khẩu,Import_Value,65132.0,1000_USD,Actual,PL12
6a192059dac13db1,2011,11,CA NA ĐA,International,Trade,Lúa mì,Nhập khẩu,Import_Volume,12907.0,ton,Actual,PL12
116fb746fc18ae68,2011,11,CA NA ĐA,International,Trade,Lúa mì,Nhập khẩu,Import_Value,5676.0,1000_USD,Actual,PL12
0e3c2694bb532309,2011,11,LÀO,International,Trade,Gỗ & sản phẩm gỗ,Nhập khẩu,Import_Value,210769.0,1000_USD,Actual,PL12
af3f4d50389a199a,2011,11,TRUNG QUỐC,International,Trade,Gỗ & sản phẩm gỗ,Nhập khẩu,Import_Value,114074.0,1000_USD,Actual,PL12
4c4f6749384f6b4a,2011,11,HOA KỲ,International,Trade,Gỗ & sản phẩm gỗ,Nhập khẩu,Import_Value,96335.0,1000_USD,Actual,PL12
e05d6d23367b506b,2011,11,MALAIXIA,International,Trade,Gỗ & sản phẩm gỗ,Nhập khẩu,Import_Value,61888.0,1000_USD,Actual,PL12
4fcb6fe1e075f1ac,2011,11,THÁI LAN,International,Trade,Gỗ & sản phẩm gỗ,Nhập khẩu,Import_Value,58603.0,1000_USD,Actual,PL12
6433677437f71dcc,2011,11,NIU ZI LÂN,International,Trade,Gỗ & sản phẩm gỗ,Nhập khẩu,Import_Value,43051.0,1000_USD,Actual,PL12
fce7a7debbfce9b6,2011,11,CAMPUCHIA,International,Trade,Gỗ & sản phẩm gỗ,Nhập khẩu,Import_Value,27216.0,1000_USD,Actual,PL12
c87bb8f197267d91,2011,11,MI AN MA,International,Trade,Gỗ & sản phẩm gỗ,Nhập khẩu,Import_Value,23552.0,1000_USD,Actual,PL12
e31e52ed4f7d5bfe,2011,11,BRAXIN,International,Trade,Gỗ & sản phẩm gỗ,Nhập khẩu,Import_Value,18423.0,1000_USD,Actual,PL12
0938deebe28de1d0,2011,11,IN ĐÔ NÊ XI A,International,Trade,Gỗ & sản phẩm gỗ,Nhập khẩu,Import_Value,15033.0,1000_USD,Actual,PL12
d7bfca7b84ca6526,2011,11,TRUNG QUỐC,International,Trade,Phân bón các loại,Nhập khẩu,Import_Volume,1163880.0,ton,Actual,PL12
a3e0fd4edf605f79,2011,11,TRUNG QUỐC,International,Trade,Phân bón các loại,Nhập khẩu,Import_Value,452667.0,1000_USD,Actual,PL12
be681ee00589f1ff,2011,11,BÊ LA RÚT,International,Trade,Phân bón các loại,Nhập khẩu,Import_Volume,285167.0,ton,Actual,PL12
95a02692cedebcec,2011,11,BÊ LA RÚT,International,Trade,Phân bón các loại,Nhập khẩu,Import_Value,126991.0,1000_USD,Actual,PL12
3d0ab329d33365bd,2011,11,PHI LIP PIN,International,Trade,Phân bón các loại,Nhập khẩu,Import_Volume,201320.0,ton,Actual,PL12
b7230a68e7a5f2f9,2011,11,PHI LIP PIN,International,Trade,Phân bón các loại,Nhập khẩu,Import_Value,94621.0,1000_USD,Actual,PL12
f1de9e58d7ece11f,2011,11,IXRAEN,International,Trade,Phân bón các loại,Nhập khẩu,Import_Volume,148571.0,ton,Actual,PL12
83a2a8db3beae75f,2011,11,IXRAEN,International,Trade,Phân bón các loại,Nhập khẩu,Import_Value,68607.0,1000_USD,Actual,PL12
431813c602c57e8d,2011,9,Cả nước,National,Investment,Vốn thực hiện đầu tư,,Investment_Amount,3490600.0,million_VND,Plan,PL13
9a62518b54f693f3,2011,9,Cả nước,National,Investment,Vốn thực hiện đầu tư,,Investment_Amount,3214009.0,million_VND,Cumulative,PL13
846f5f52accd2aca,2011,9,Cả nước,National,Investment,Đầu tư Thuỷ lợi,,Investment_Amount,2117471.0,million_VND,Plan,PL13
6dbdeb2af3a55982,2011,9,Cả nước,National,Investment,Đầu tư Thuỷ lợi,,Investment_Amount,1740371.0,million_VND,Cumulative,PL13
759a396c14b0d329,2011,9,Cả nước,National,Investment,Đầu tư Nông nghiệp,,Investment_Amount,700300.0,million_VND,Plan,PL13
0fd01101dc0c4151,2011,9,Cả nước,National,Investment,Đầu tư Nông nghiệp,,Investment_Amount,1085477.0,million_VND,Cumulative,PL13
713c63c1c8dd4b93,2011,9,Cả nước,National,Investment,Đầu tư Lâm nghiệp,,Investment_Amount,283000.0,million_VND,Plan,PL13
0433324b5de45369,2011,9,Cả nước,National,Investment,Đầu tư Lâm nghiệp,,Investment_Amount,149663.0,million_VND,Cumulative,PL13
0d1f4fc06ccc39d1,2011,9,Cả nước,National,Investment,Đầu tư Thuỷ sản,,Investment_Amount,22929.0,million_VND,Plan,PL13
8f9c6faf45fc8bff,2011,9,Cả nước,National,Investment,Đầu tư Thuỷ sản,,Investment_Amount,18118.0,million_VND,Cumulative,PL13
8bdc880814e4847a,2011,9,Cả nước,National,Investment,Chương trình trọng điểm pháttriển và ứng dụng công nghệ sinhhọc,,Investment_Amount,30000.0,million_VND,Plan,PL13
9bbe2d599f028830,2011,9,Cả nước,National,Investment,Chương trình trọng điểm pháttriển và ứng dụng công nghệ sinhhọc,,Investment_Amount,20250.0,million_VND,Cumulative,PL13
4b7a6c9a2fa5c4b1,2011,9,Cả nước,National,Investment,Khoa học - Công nghệ,,Investment_Amount,52100.0,million_VND,Plan,PL13
f6a10cb969f56e84,2011,9,Cả nước,National,Investment,Khoa học - Công nghệ,,Investment_Amount,29891.0,million_VND,Cumulative,PL13
d4295467474b49ae,2011,9,Cả nước,National,Investment,Giáo dục - Đào tạo,,Investment_Amount,91000.0,million_VND,Plan,PL13
a1a3ba7afcaa58c7,2011,9,Cả nước,National,Investment,Giáo dục - Đào tạo,,Investment_Amount,54802.0,million_VND,Cumulative,PL13
aeef2de1c621243e,2011,9,Cả nước,National,Investment,Các ngành khác,,Investment_Amount,193800.0,million_VND,Plan,PL13
7f3d440244574033,2011,9,Cả nước,National,Investment,Các ngành khác,,Investment_Amount,135687.0,million_VND,Cumulative,PL13
1b1569d006cd76a6,2011,9,Cả nước,National,Investment,Vốn đầu tư theo các mục tiêunhiệm vụ cụ thể,,Investment_Amount,277000.0,million_VND,Plan,PL13
19efbd5b4c54521a,2011,9,Cả nước,National,Investment,Vốn đầu tư theo các mục tiêunhiệm vụ cụ thể,,Investment_Amount,182046.0,million_VND,Cumulative,PL13
e8665a5dad9bbcbf,2011,9,Cả nước,National,Investment,Bổ sung dự trữ Quốc gia,,Investment_Amount,71000.0,million_VND,Plan,PL13
9a06948461d35d56,2011,9,Cả nước,National,Investment,Vốn chuẩn bị đầu tư,,Investment_Amount,39700.0,million_VND,Plan,PL13
a71801880a74c81a,2011,9,Cả nước,National,Investment,Vốn chuẩn bị đầu tư,,Investment_Amount,27582.0,million_VND,Cumulative,PL13
9441a12834c49de8,2011,9,Cả nước,National,Investment,Vốn trái phiếu Chính phủ,,Investment_Amount,3500000.0,million_VND,Plan,PL13
5e85cdd5cc10ed60,2011,9,Cả nước,National,Investment,Vốn trái phiếu Chính phủ,,Investment_Amount,3033879.0,million_VND,Cumulative,PL13
fbb40722e501346d,2011,9,Cả nước,National,Investment,Các dự án có trong QĐ171,,Investment_Amount,2655100.0,million_VND,Plan,PL13
5f65e884077ad16c,2011,9,Cả nước,National,Investment,Các dự án có trong QĐ171,,Investment_Amount,2345479.0,million_VND,Cumulative,PL13
b4993783eac39e26,2011,9,Cả nước,National,Investment,Các dự án cấp bách bổ sung,,Investment_Amount,404000.0,million_VND,Plan,PL13
0fdd78620dbf35b1,2011,9,Cả nước,National,Investment,Các dự án cấp bách bổ sung,,Investment_Amount,378400.0,million_VND,Cumulative,PL13
9cdd177fea200f12,2011,9,Cả nước,National,Investment,Các dự án thuỷ lợi ĐBSHồng,,Investment_Amount,440900.0,million_VND,Plan,PL13
0d2b7306ac10ea79,2011,9,Cả nước,National,Investment,Các dự án thuỷ lợi ĐBSHồng,,Investment_Amount,310000.0,million_VND,Cumulative,PL13
1dd63282fbb67b71,2011,9,Cả nước,National,Investment,Tổng vốn đầu tư : = A + B,,Investment_Amount,7378300.0,million_VND,Plan,PL13
26d007799d62fb05,2011,9,Cả nước,National,Investment,Tổng vốn đầu tư : = A + B,,Investment_Amount,6457516.0,million_VND,Cumulative,PL13
5feda96b02280850,2011,9,Miền Bắc,Provincial,Cultivation,Lúa,,Area_Planted,1137177.0,ha,Actual,PL2
5feda96b02280850,2011,9,Miền Bắc,Provincial,Cultivation,Lúa,,Area_Planted,163841.0,ha,Actual,PL2
5feda96b02280850,2011,9,Miền Bắc,Provincial,Cultivation,Lúa,,Area_Planted,966847.0,ha,Actual,PL2
f65d14df71f3647b,2011,9,Miền Bắc,Provincial,Cultivation,Ngô,,Area_Planted,676267.0,ha,Actual,PL2
7c365e1a78e4223d,2011,9,Miền Bắc,Provincial,Cultivation,Khoai lang,,Area_Planted,102985.0,ha,Actual,PL2
8ab536734a1ff380,2011,9,Miền Bắc,Provincial,Cultivation,Sắn,,Area_Planted,164393.0,ha,Actual,PL2
5feda96b02280850,2011,9,Miền Bắc,Provincial,Cultivation,Lúa,,Area_Planted,23201.0,ha,Actual,PL2
ea72cd40dffeb4b9,2011,9,ĐB sông Hồng,Provincial,Cultivation,Lúa,,Area_Planted,573133.0,ha,Actual,PL2
ea72cd40dffeb4b9,2011,9,ĐB sông Hồng,Provincial,Cultivation,Lúa,,Area_Planted,0.0,ha,Actual,PL2
ea72cd40dffeb4b9,2011,9,ĐB sông Hồng,Provincial,Cultivation,Lúa,,Area_Planted,126601.0,ha,Actual,PL2
f073f96b61242dd5,2011,9,ĐB sông Hồng,Provincial,Cultivation,Ngô,,Area_Planted,93060.0,ha,Actual,PL2
35f146a44f8c539c,2011,9,ĐB sông Hồng,Provincial,Cultivation,Khoai lang,,Area_Planted,25913.0,ha,Actual,PL2
4c9a6a25e4262421,2011,9,ĐB sông Hồng,Provincial,Cultivation,Sắn,,Area_Planted,4692.0,ha,Actual,PL2
ea72cd40dffeb4b9,2011,9,ĐB sông Hồng,Provincial,Cultivation,Lúa,,Area_Planted,2936.0,ha,Actual,PL2
a90334db2276b0a4,2011,9,Hà Nội,Provincial,Cultivation,Lúa,,Area_Planted,101778.0,ha,Actual,PL2
a90334db2276b0a4,2011,9,Hà Nội,Provincial,Cultivation,Lúa,,Area_Planted,29834.0,ha,Actual,PL2
3ff71df26e7a9b5c,2011,9,Hà Nội,Provincial,Cultivation,Ngô,,Area_Planted,23164.0,ha,Actual,PL2
06e79eaf1c79b5ff,2011,9,Hà Nội,Provincial,Cultivation,Khoai lang,,Area_Planted,5523.0,ha,Actual,PL2
46bdea2ef5513878,2011,9,Hà Nội,Provincial,Cultivation,Sắn,,Area_Planted,690.0,ha,Actual,PL2
a90334db2276b0a4,2011,9,Hà Nội,Provincial,Cultivation,Lúa,,Area_Planted,457.0,ha,Actual,PL2
fcb168484761b15f,2011,9,Vĩnh Phúc,Provincial,Cultivation,Lúa,,Area_Planted,28480.0,ha,Actual,PL2
fcb168484761b15f,2011,9,Vĩnh Phúc,Provincial,Cultivation,Lúa,,Area_Planted,21776.0,ha,Actual,PL2
ed7f6830b6eabc2f,2011,9,Vĩnh Phúc,Provincial,Cultivation,Ngô,,Area_Planted,16771.0,ha,Actual,PL2
f15b4eed6603ad9c,2011,9,Vĩnh Phúc,Provincial,Cultivation,Khoai lang,,Area_Planted,2827.0,ha,Actual,PL2
0ac193bb8846664c,2011,9,Vĩnh Phúc,Provincial,Cultivation,Sắn,,Area_Planted,1978.0,ha,Actual,PL2
fcb168484761b15f,2011,9,Vĩnh Phúc,Provincial,Cultivation,Lúa,,Area_Planted,200.0,ha,Actual,PL2
0813c650a97d537c,2011,9,Bắc Ninh,Provincial,Cultivation,Lúa,,Area_Planted,36839.0,ha,Actual,PL2
0813c650a97d537c,2011,9,Bắc Ninh,Provincial,Cultivation,Lúa,,Area_Planted,5962.0,ha,Actual,PL2
a0a1bee8cfb3b5d9,2011,9,Bắc Ninh,Provincial,Cultivation,Ngô,,Area_Planted,4132.0,ha,Actual,PL2
1bf9d75a33ba1167,2011,9,Bắc Ninh,Provincial,Cultivation,Khoai lang,,Area_Planted,1830.0,ha,Actual,PL2
9a89725c82e4a51a,2011,9,Quảng Ninh,Provincial,Cultivation,Lúa,,Area_Planted,26666.0,ha,Actual,PL2
9a89725c82e4a51a,2011,9,Quảng Ninh,Provincial,Cultivation,Lúa,,Area_Planted,12643.0,ha,Actual,PL2
2d337a4e3b635b01,2011,9,Quảng Ninh,Provincial,Cultivation,Ngô,,Area_Planted,6331.0,ha,Actual,PL2
f1b5230e0426eec2,2011,9,Quảng Ninh,Provincial,Cultivation,Khoai lang,,Area_Planted,4452.0,ha,Actual,PL2
b1afa27a4ae41f38,2011,9,Quảng Ninh,Provincial,Cultivation,Sắn,,Area_Planted,1095.0,ha,Actual,PL2
9a89725c82e4a51a,2011,9,Quảng Ninh,Provincial,Cultivation,Lúa,,Area_Planted,765.0,ha,Actual,PL2
4813c958a2c1c1c8,2011,9,Hải Dương,Provincial,Cultivation,Lúa,,Area_Planted,63029.0,ha,Actual,PL2
4813c958a2c1c1c8,2011,9,Hải Dương,Provincial,Cultivation,Lúa,,Area_Planted,3922.0,ha,Actual,PL2
220d6512609678cf,2011,9,Hải Dương,Provincial,Cultivation,Ngô,,Area_Planted,2850.0,ha,Actual,PL2
470671a19a5e0891,2011,9,Hải Dương,Provincial,Cultivation,Khoai lang,,Area_Planted,1072.0,ha,Actual,PL2
a6e83c5aa281b547,2011,9,Hải Phòng,Provincial,Cultivation,Lúa,,Area_Planted,41199.0,ha,Actual,PL2
a6e83c5aa281b547,2011,9,Hải Phòng,Provincial,Cultivation,Lúa,,Area_Planted,4873.0,ha,Actual,PL2
e357cd78f39fa379,2011,9,Hải Phòng,Provincial,Cultivation,Ngô,,Area_Planted,2247.0,ha,Actual,PL2
ec1a390dfd326253,2011,9,Hải Phòng,Provincial,Cultivation,Khoai lang,,Area_Planted,1112.0,ha,Actual,PL2
a6e83c5aa281b547,2011,9,Hải Phòng,Provincial,Cultivation,Lúa,,Area_Planted,1514.0,ha,Actual,PL2
7263796965f9a393,2011,9,Hưng Yên,Provincial,Cultivation,Lúa,,Area_Planted,39206.0,ha,Actual,PL2
7263796965f9a393,2011,9,Hưng Yên,Provincial,Cultivation,Lúa,,Area_Planted,8624.0,ha,Actual,PL2
15d7422a0994265f,2011,9,Hưng Yên,Provincial,Cultivation,Ngô,,Area_Planted,7624.0,ha,Actual,PL2
a133caa4674585ea,2011,9,Hưng Yên,Provincial,Cultivation,Khoai lang,,Area_Planted,1000.0,ha,Actual,PL2
a442268f2702a536,2011,9,Thái Bình,Provincial,Cultivation,Lúa,,Area_Planted,80796.0,ha,Actual,PL2
a442268f2702a536,2011,9,Thái Bình,Provincial,Cultivation,Lúa,,Area_Planted,12360.0,ha,Actual,PL2
bad71fc2c85a6cd2,2011,9,Thái Bình,Provincial,Cultivation,Ngô,,Area_Planted,9380.0,ha,Actual,PL2
1dd108a858bf4998,2011,9,Thái Bình,Provincial,Cultivation,Khoai lang,,Area_Planted,2980.0,ha,Actual,PL2
6587c1b1e21fac30,2011,9,Hà Nam,Provincial,Cultivation,Lúa,,Area_Planted,35275.0,ha,Actual,PL2
6587c1b1e21fac30,2011,9,Hà Nam,Provincial,Cultivation,Lúa,,Area_Planted,9210.0,ha,Actual,PL2
28620b2004319b10,2011,9,Hà Nam,Provincial,Cultivation,Ngô,,Area_Planted,88145014.0,ha,Actual,PL2
848a5ace56544ee4,2011,9,Hà Nam,Provincial,Cultivation,Khoai lang,,Area_Planted,396.0,ha,Actual,PL2
be1c9627b47c648d,2011,9,Nam Định,Provincial,Cultivation,Lúa,,Area_Planted,80635.0,ha,Actual,PL2
be1c9627b47c648d,2011,9,Nam Định,Provincial,Cultivation,Lúa,,Area_Planted,6666.0,ha,Actual,PL2
3ffb252f8fff8f49,2011,9,Nam Định,Provincial,Cultivation,Ngô,,Area_Planted,6666.0,ha,Actual,PL2
45addb5e4a9322c6,2011,9,Nam Định,Provincial,Cultivation,Khoai lang,,Area_Planted,1652.0,ha,Actual,PL2
4c3bf83ceb1360a5,2011,9,Ninh Bình,Provincial,Cultivation,Lúa,,Area_Planted,39230.0,ha,Actual,PL2
4c3bf83ceb1360a5,2011,9,Ninh Bình,Provincial,Cultivation,Lúa,,Area_Planted,10732.0,ha,Actual,PL2
7f2b4f7365b2e5dd,2011,9,Ninh Bình,Provincial,Cultivation,Ngô,,Area_Planted,6734.0,ha,Actual,PL2
baa77d67e4b801bd,2011,9,Ninh Bình,Provincial,Cultivation,Khoai lang,,Area_Planted,3069.0,ha,Actual,PL2
9fceaaaaf4f1d9ee,2011,9,Ninh Bình,Provincial,Cultivation,Sắn,,Area_Planted,929.0,ha,Actual,PL2
da1d5715b511fb85,2011,9,TD và MN,Provincial,Cultivation,Lúa,,Area_Planted,383052.0,ha,Actual,PL2
da1d5715b511fb85,2011,9,TD và MN,Provincial,Cultivation,Lúa,,Area_Planted,0.0,ha,Actual,PL2
da1d5715b511fb85,2011,9,TD và MN,Provincial,Cultivation,Lúa,,Area_Planted,584133.0,ha,Actual,PL2
be973e9da793458a,2011,9,TD và MN,Provincial,Cultivation,Ngô,,Area_Planted,452876.0,ha,Actual,PL2
7223ad27a982b70f,2011,9,TD và MN,Provincial,Cultivation,Khoai lang,,Area_Planted,30251.0,ha,Actual,PL2
1b7b4d17a83f2e52,2011,9,TD và MN,Provincial,Cultivation,Sắn,,Area_Planted,92692.0,ha,Actual,PL2
da1d5715b511fb85,2011,9,TD và MN,Provincial,Cultivation,Lúa,,Area_Planted,8314.0,ha,Actual,PL2
7365bf827f2cef7a,2011,9,Hà Giang,Provincial,Cultivation,Lúa,,Area_Planted,26254.0,ha,Actual,PL2
7365bf827f2cef7a,2011,9,Hà Giang,Provincial,Cultivation,Lúa,,Area_Planted,49084.0,ha,Actual,PL2
7d5ed132b8e557e7,2011,9,Hà Giang,Provincial,Cultivation,Ngô,,Area_Planted,49084.0,ha,Actual,PL2
0e360ff136ed4c71,2011,9,Cao Bằng,Provincial,Cultivation,Khoai lang,,Area_Planted,803.0,ha,Actual,PL2
f262a1fba3970420,2011,9,Bắc Cạn,Provincial,Cultivation,Lúa,,Area_Planted,14117.0,ha,Actual,PL2
f262a1fba3970420,2011,9,Bắc Cạn,Provincial,Cultivation,Lúa,,Area_Planted,20904.0,ha,Actual,PL2
796484a1173d61ba,2011,9,Bắc Cạn,Provincial,Cultivation,Ngô,,Area_Planted,16908.0,ha,Actual,PL2
0c9deea6c40e470f,2011,9,Bắc Cạn,Provincial,Cultivation,Khoai lang,,Area_Planted,590.0,ha,Actual,PL2
13e1c0c7f74942cb,2011,9,Bắc Cạn,Provincial,Cultivation,Sắn,,Area_Planted,2599.0,ha,Actual,PL2
f262a1fba3970420,2011,9,Bắc Cạn,Provincial,Cultivation,Lúa,,Area_Planted,807.0,ha,Actual,PL2
617cdfe074297316,2011,9,Tuyên Quang,Provincial,Cultivation,Lúa,,Area_Planted,25758.0,ha,Actual,PL2
617cdfe074297316,2011,9,Tuyên Quang,Provincial,Cultivation,Lúa,,Area_Planted,17534.0,ha,Actual,PL2
57ed4583de2da4e3,2011,9,Tuyên Quang,Provincial,Cultivation,Ngô,,Area_Planted,13952.0,ha,Actual,PL2
9c9ad37d4368c29e,2011,9,Tuyên Quang,Provincial,Cultivation,Khoai lang,,Area_Planted,3582.0,ha,Actual,PL2
0ae84e910ac494b4,2011,9,Lào Cai,Provincial,Cultivation,Lúa,,Area_Planted,19669.0,ha,Actual,PL2
0ae84e910ac494b4,2011,9,Lào Cai,Provincial,Cultivation,Lúa,,Area_Planted,37710.0,ha,Actual,PL2
7cb68291f27169c7,2011,9,Lào Cai,Provincial,Cultivation,Ngô,,Area_Planted,32120.0,ha,Actual,PL2
4ccb2e678479a7c1,2011,9,Lào Cai,Provincial,Cultivation,Khoai lang,,Area_Planted,307.0,ha,Actual,PL2
3dd24a7e52d0b884,2011,9,Lào Cai,Provincial,Cultivation,Sắn,,Area_Planted,4897.0,ha,Actual,PL2
0ae84e910ac494b4,2011,9,Lào Cai,Provincial,Cultivation,Lúa,,Area_Planted,386.0,ha,Actual,PL2
98c2c605a5109eeb,2011,9,Yên Bái,Provincial,Cultivation,Lúa,,Area_Planted,23256.0,ha,Actual,PL2
98c2c605a5109eeb,2011,9,Yên Bái,Provincial,Cultivation,Lúa,,Area_Planted,41443.0,ha,Actual,PL2
f9eddaf513b0c1a6,2011,9,Yên Bái,Provincial,Cultivation,Ngô,,Area_Planted,24486.0,ha,Actual,PL2
f7ef8b7f8c68863e,2011,9,Yên Bái,Provincial,Cultivation,Khoai lang,,Area_Planted,2006.0,ha,Actual,PL2
c8f29ec2928a4b58,2011,9,Yên Bái,Provincial,Cultivation,Sắn,,Area_Planted,14951.0,ha,Actual,PL2
fd70f64d7688d0c0,2011,9,Thái Nguyên,Provincial,Cultivation,Lúa,,Area_Planted,39840.0,ha,Actual,PL2
fd70f64d7688d0c0,2011,9,Thái Nguyên,Provincial,Cultivation,Lúa,,Area_Planted,27847.0,ha,Actual,PL2
9fc2a5bacf4aa167,2011,9,Thái Nguyên,Provincial,Cultivation,Ngô,,Area_Planted,17254.0,ha,Actual,PL2
a293b95f825c7d44,2011,9,Thái Nguyên,Provincial,Cultivation,Khoai lang,,Area_Planted,7141.0,ha,Actual,PL2
4344a1752d8581d2,2011,9,Thái Nguyên,Provincial,Cultivation,Sắn,,Area_Planted,3452.0,ha,Actual,PL2
c96c15d842604f5d,2011,9,Lạng Sơn,Provincial,Cultivation,Lúa,,Area_Planted,33850.0,ha,Actual,PL2
c96c15d842604f5d,2011,9,Lạng Sơn,Provincial,Cultivation,Lúa,,Area_Planted,26837.0,ha,Actual,PL2
9c574c4399a5e89b,2011,9,Lạng Sơn,Provincial,Cultivation,Ngô,,Area_Planted,20397.0,ha,Actual,PL2
32203773be5299fe,2011,9,Lạng Sơn,Provincial,Cultivation,Khoai lang,,Area_Planted,696.0,ha,Actual,PL2
dd54415985c85ea7,2011,9,Lạng Sơn,Provincial,Cultivation,Sắn,,Area_Planted,5694.0,ha,Actual,PL2
c96c15d842604f5d,2011,9,Lạng Sơn,Provincial,Cultivation,Lúa,,Area_Planted,50.0,ha,Actual,PL2
ad074fa41f9e30e8,2011,9,Bắc Giang,Provincial,Cultivation,Lúa,,Area_Planted,59191.0,ha,Actual,PL2
ad074fa41f9e30e8,2011,9,Bắc Giang,Provincial,Cultivation,Lúa,,Area_Planted,18352.0,ha,Actual,PL2
a40439274ed7cbaa,2011,9,Bắc Giang,Provincial,Cultivation,Ngô,,Area_Planted,10792.0,ha,Actual,PL2
fc060520460c97cc,2011,9,Bắc Giang,Provincial,Cultivation,Khoai lang,,Area_Planted,7560.0,ha,Actual,PL2
a28243136e816233,2011,9,Phú Thọ,Provincial,Cultivation,Lúa,,Area_Planted,33907.0,ha,Actual,PL2
a28243136e816233,2011,9,Phú Thọ,Provincial,Cultivation,Lúa,,Area_Planted,31563.0,ha,Actual,PL2
b141ca83e7041da4,2011,9,Phú Thọ,Provincial,Cultivation,Ngô,,Area_Planted,21431.0,ha,Actual,PL2
f6508b8b7094c034,2011,9,Phú Thọ,Provincial,Cultivation,Khoai lang,,Area_Planted,1873.0,ha,Actual,PL2
3265af6298891856,2011,9,Phú Thọ,Provincial,Cultivation,Sắn,,Area_Planted,8059.0,ha,Actual,PL2
a28243136e816233,2011,9,Phú Thọ,Provincial,Cultivation,Lúa,,Area_Planted,200.0,ha,Actual,PL2
42d43c9a6b3ec021,2011,9,Điện Biên,Provincial,Cultivation,Lúa,,Area_Planted,16167.0,ha,Actual,PL2
42d43c9a6b3ec021,2011,9,Điện Biên,Provincial,Cultivation,Lúa,,Area_Planted,38531.0,ha,Actual,PL2
26d148a335ba2afb,2011,9,Điện Biên,Provincial,Cultivation,Ngô,,Area_Planted,31512.0,ha,Actual,PL2
ac77bd72f73253e4,2011,9,Điện Biên,Provincial,Cultivation,Sắn,,Area_Planted,7019.0,ha,Actual,PL2
f04001b4546c7e5c,2011,9,Lai Châu,Provincial,Cultivation,Lúa,,Area_Planted,24100.0,ha,Actual,PL2
f04001b4546c7e5c,2011,9,Lai Châu,Provincial,Cultivation,Lúa,,Area_Planted,24664.0,ha,Actual,PL2
62b1c181f975cb4b,2011,9,Lai Châu,Provincial,Cultivation,Ngô,,Area_Planted,19500.0,ha,Actual,PL2
ecd34820e6684f45,2011,9,Lai Châu,Provincial,Cultivation,Sắn,,Area_Planted,5164.0,ha,Actual,PL2
93cea3a9c51d23c7,2011,9,Sơn La,Provincial,Cultivation,Lúa,,Area_Planted,15845.0,ha,Actual,PL2
93cea3a9c51d23c7,2011,9,Sơn La,Provincial,Cultivation,Lúa,,Area_Planted,155809.0,ha,Actual,PL2
596c1a0ce51522a2,2011,9,Sơn La,Provincial,Cultivation,Ngô,,Area_Planted,122534.0,ha,Actual,PL2
996094da3a6cbbfe,2011,9,Sơn La,Provincial,Cultivation,Khoai lang,,Area_Planted,549.0,ha,Actual,PL2
bdde14d376f163b3,2011,9,Sơn La,Provincial,Cultivation,Sắn,,Area_Planted,28514.0,ha,Actual,PL2
93cea3a9c51d23c7,2011,9,Sơn La,Provincial,Cultivation,Lúa,,Area_Planted,4212.0,ha,Actual,PL2
0f3283fff29d26e5,2011,9,Hoà Bình,Provincial,Cultivation,Lúa,,Area_Planted,24559.0,ha,Actual,PL2
0f3283fff29d26e5,2011,9,Hoà Bình,Provincial,Cultivation,Lúa,,Area_Planted,56939.0,ha,Actual,PL2
b8d8b801fe990f5d,2011,9,Hoà Bình,Provincial,Cultivation,Ngô,,Area_Planted,36793.0,ha,Actual,PL2
29e6be0f053656f5,2011,9,Hoà Bình,Provincial,Cultivation,Khoai lang,,Area_Planted,5144.0,ha,Actual,PL2
d4e89ca1e07e8abd,2011,9,Hoà Bình,Provincial,Cultivation,Sắn,,Area_Planted,12343.0,ha,Actual,PL2
0f3283fff29d26e5,2011,9,Hoà Bình,Provincial,Cultivation,Lúa,,Area_Planted,2659.0,ha,Actual,PL2
59b1dab92b21222e,2011,9,Bắc Trung Bộ,Provincial,Cultivation,Lúa,,Area_Planted,180992.0,ha,Actual,PL2
59b1dab92b21222e,2011,9,Bắc Trung Bộ,Provincial,Cultivation,Lúa,,Area_Planted,163841.0,ha,Actual,PL2
59b1dab92b21222e,2011,9,Bắc Trung Bộ,Provincial,Cultivation,Lúa,,Area_Planted,256112.0,ha,Actual,PL2
7ca978a5c073a675,2011,9,Bắc Trung Bộ,Provincial,Cultivation,Ngô,,Area_Planted,130331.0,ha,Actual,PL2
4905b0f03bda2a18,2011,9,Bắc Trung Bộ,Provincial,Cultivation,Khoai lang,,Area_Planted,46821.0,ha,Actual,PL2
a2e2c12f2508562f,2011,9,Bắc Trung Bộ,Provincial,Cultivation,Sắn,,Area_Planted,67009.0,ha,Actual,PL2
59b1dab92b21222e,2011,9,Bắc Trung Bộ,Provincial,Cultivation,Lúa,,Area_Planted,11951.0,ha,Actual,PL2
bdca7c131be0cba3,2011,9,Thanh Hoá,Provincial,Cultivation,Lúa,,Area_Planted,135029.0,ha,Actual,PL2
bdca7c131be0cba3,2011,9,Thanh Hoá,Provincial,Cultivation,Lúa,,Area_Planted,83794.0,ha,Actual,PL2
2f217844efb83ecd,2011,9,Thanh Hoá,Provincial,Cultivation,Ngô,,Area_Planted,53361.0,ha,Actual,PL2
a474a11856a68cf7,2011,9,Thanh Hoá,Provincial,Cultivation,Khoai lang,,Area_Planted,12076.0,ha,Actual,PL2
5ae1343adb51feea,2011,9,Thanh Hoá,Provincial,Cultivation,Sắn,,Area_Planted,18357.0,ha,Actual,PL2
2ab82163fefd2b36,2011,9,Nghệ An,Provincial,Cultivation,Lúa,,Area_Planted,41500.0,ha,Actual,PL2
2ab82163fefd2b36,2011,9,Nghệ An,Provincial,Cultivation,Lúa,,Area_Planted,542960.0,ha,Actual,PL2
2ab82163fefd2b36,2011,9,Nghệ An,Provincial,Cultivation,Lúa,,Area_Planted,101511.0,ha,Actual,PL2
7c2f4b0ec5bdc1df,2011,9,Nghệ An,Provincial,Cultivation,Ngô,,Area_Planted,58500.0,ha,Actual,PL2
046b68da31627e81,2011,9,Nghệ An,Provincial,Cultivation,Khoai lang,,Area_Planted,10410.0,ha,Actual,PL2
1f903aec56b687f0,2011,9,Nghệ An,Provincial,Cultivation,Sắn,,Area_Planted,21000.0,ha,Actual,PL2
2ab82163fefd2b36,2011,9,Nghệ An,Provincial,Cultivation,Lúa,,Area_Planted,11601.0,ha,Actual,PL2
a6703049e3b2fab5,2011,9,Hà Tĩnh,Provincial,Cultivation,Lúa,,Area_Planted,4090.0,ha,Actual,PL2
a6703049e3b2fab5,2011,9,Hà Tĩnh,Provincial,Cultivation,Lúa,,Area_Planted,402060.0,ha,Actual,PL2
a6703049e3b2fab5,2011,9,Hà Tĩnh,Provincial,Cultivation,Lúa,,Area_Planted,18878.0,ha,Actual,PL2
30873769a1d87c12,2011,9,Hà Tĩnh,Provincial,Cultivation,Ngô,,Area_Planted,8523.0,ha,Actual,PL2
ae03806db5ac76fd,2011,9,Hà Tĩnh,Provincial,Cultivation,Khoai lang,,Area_Planted,6835.0,ha,Actual,PL2
695c1540f5f653e3,2011,9,Hà Tĩnh,Provincial,Cultivation,Sắn,,Area_Planted,3520.0,ha,Actual,PL2
8c09a643490d44a4,2011,9,Quảng Bình,Provincial,Cultivation,Lúa,,Area_Planted,221000.0,ha,Actual,PL2
8c09a643490d44a4,2011,9,Quảng Bình,Provincial,Cultivation,Lúa,,Area_Planted,14400.0,ha,Actual,PL2
dc0a93d2ec29d7fa,2011,9,Quảng Bình,Provincial,Cultivation,Ngô,,Area_Planted,4300.0,ha,Actual,PL2
61279cb02c28dd1a,2011,9,Quảng Bình,Provincial,Cultivation,Khoai lang,,Area_Planted,4200.0,ha,Actual,PL2
e860f9806edb6dac,2011,9,Quảng Bình,Provincial,Cultivation,Sắn,,Area_Planted,5900.0,ha,Actual,PL2
770519e029c9848a,2011,9,Quảng Trị,Provincial,Cultivation,Lúa,,Area_Planted,216000.0,ha,Actual,PL2
770519e029c9848a,2011,9,Quảng Trị,Provincial,Cultivation,Lúa,,Area_Planted,24029.0,ha,Actual,PL2
0e3e224eeb67d784,2011,9,Quảng Trị,Provincial,Cultivation,Ngô,,Area_Planted,3897.0,ha,Actual,PL2
5505a59a9dcff57b,2011,9,Quảng Trị,Provincial,Cultivation,Khoai lang,,Area_Planted,9000.0,ha,Actual,PL2
02282555b71d5f96,2011,9,Quảng Trị,Provincial,Cultivation,Sắn,,Area_Planted,11132.0,ha,Actual,PL2
8e17ce1c09e70d57,2011,9,Thừa Thiên Huế,Provincial,Cultivation,Lúa,,Area_Planted,3730.0,ha,Actual,PL2
8e17ce1c09e70d57,2011,9,Thừa Thiên Huế,Provincial,Cultivation,Lúa,,Area_Planted,256390.0,ha,Actual,PL2
8e17ce1c09e70d57,2011,9,Thừa Thiên Huế,Provincial,Cultivation,Lúa,,Area_Planted,13500.0,ha,Actual,PL2
8b48d0b4a16665b6,2011,9,Thừa Thiên Huế,Provincial,Cultivation,Ngô,,Area_Planted,1750.0,ha,Actual,PL2
9b4a246b9c23f550,2011,9,Thừa Thiên Huế,Provincial,Cultivation,Khoai lang,,Area_Planted,4300.0,ha,Actual,PL2
cb495e52a95dbb4b,2011,9,Thừa Thiên Huế,Provincial,Cultivation,Sắn,,Area_Planted,7100.0,ha,Actual,PL2
8e17ce1c09e70d57,2011,9,Thừa Thiên Huế,Provincial,Cultivation,Lúa,,Area_Planted,350.0,ha,Actual,PL2
5feda96b02280850,2011,9,Miền Bắc,Provincial,Cultivation,Lúa,,Area_Planted,374849.0,ha,Actual,PL3
c5ba1f07cf13d2d3,2011,9,Miền Bắc,Provincial,Cultivation,Đậu tương,,Area_Planted,161740.0,ha,Actual,PL3
c51f23c6b8e35816,2011,9,Miền Bắc,Provincial,Cultivation,Lạc,,Area_Planted,151763.0,ha,Actual,PL3
a2621e6e2c1ee620,2011,9,Miền Bắc,Provincial,Cultivation,Mía,,Area_Planted,37094.0,ha,Actual,PL3
b478857772571da3,2011,9,Miền Bắc,Provincial,Cultivation,Thuốc lá,,Area_Planted,9819.0,ha,Actual,PL3
5feda96b02280850,2011,9,Miền Bắc,Provincial,Cultivation,Lúa,,Area_Planted,14432.0,ha,Actual,PL3
5feda96b02280850,2011,9,Miền Bắc,Provincial,Cultivation,Lúa,,Area_Planted,302808.0,ha,Actual,PL3
ea72cd40dffeb4b9,2011,9,ĐB sông Hồng,Provincial,Cultivation,Lúa,,Area_Planted,122410.0,ha,Actual,PL3
d95c1600f62f6705,2011,9,ĐB sông Hồng,Provincial,Cultivation,Đậu tương,,Area_Planted,86716.0,ha,Actual,PL3
89bf076a4345c0f1,2011,9,ĐB sông Hồng,Provincial,Cultivation,Lạc,,Area_Planted,29565.0,ha,Actual,PL3
e57d438d07c94a31,2011,9,ĐB sông Hồng,Provincial,Cultivation,Mía,,Area_Planted,1945.0,ha,Actual,PL3
dca66c6ea427d203,2011,9,ĐB sông Hồng,Provincial,Cultivation,Thuốc lá,,Area_Planted,1000.0,ha,Actual,PL3
ea72cd40dffeb4b9,2011,9,ĐB sông Hồng,Provincial,Cultivation,Lúa,,Area_Planted,3184.0,ha,Actual,PL3
ea72cd40dffeb4b9,2011,9,ĐB sông Hồng,Provincial,Cultivation,Lúa,,Area_Planted,127848.0,ha,Actual,PL3
a90334db2276b0a4,2011,9,Hà Nội,Provincial,Cultivation,Lúa,,Area_Planted,41040.0,ha,Actual,PL3
0a45208d1d00a03d,2011,9,Hà Nội,Provincial,Cultivation,Đậu tương,,Area_Planted,33805.0,ha,Actual,PL3
581f4a4b4b040bd0,2011,9,Hà Nội,Provincial,Cultivation,Lạc,,Area_Planted,6485.0,ha,Actual,PL3
a90334db2276b0a4,2011,9,Hà Nội,Provincial,Cultivation,Lúa,,Area_Planted,750.0,ha,Actual,PL3
a90334db2276b0a4,2011,9,Hà Nội,Provincial,Cultivation,Lúa,,Area_Planted,25890.0,ha,Actual,PL3
fcb168484761b15f,2011,9,Vĩnh Phúc,Provincial,Cultivation,Lúa,,Area_Planted,9068.0,ha,Actual,PL3
8057ba5a0c79613c,2011,9,Vĩnh Phúc,Provincial,Cultivation,Đậu tương,,Area_Planted,4775.0,ha,Actual,PL3
8bcfd1e766fd5b23,2011,9,Vĩnh Phúc,Provincial,Cultivation,Lạc,,Area_Planted,3581.0,ha,Actual,PL3
1f0db67b83964b02,2011,9,Vĩnh Phúc,Provincial,Cultivation,Mía,,Area_Planted,387.0,ha,Actual,PL3
fcb168484761b15f,2011,9,Vĩnh Phúc,Provincial,Cultivation,Lúa,,Area_Planted,326.0,ha,Actual,PL3
fcb168484761b15f,2011,9,Vĩnh Phúc,Provincial,Cultivation,Lúa,,Area_Planted,7302.0,ha,Actual,PL3
0813c650a97d537c,2011,9,Bắc Ninh,Provincial,Cultivation,Lúa,,Area_Planted,3437.0,ha,Actual,PL3
1c1be198278c9aa2,2011,9,Bắc Ninh,Provincial,Cultivation,Đậu tương,,Area_Planted,2021.0,ha,Actual,PL3
1fe77fe35cf94b2a,2011,9,Bắc Ninh,Provincial,Cultivation,Lạc,,Area_Planted,1416.0,ha,Actual,PL3
0813c650a97d537c,2011,9,Bắc Ninh,Provincial,Cultivation,Lúa,,Area_Planted,6772.0,ha,Actual,PL3
9a89725c82e4a51a,2011,9,Quảng Ninh,Provincial,Cultivation,Lúa,,Area_Planted,5379.0,ha,Actual,PL3
e1c25fa725eb0a8e,2011,9,Quảng Ninh,Provincial,Cultivation,Đậu tương,,Area_Planted,832.0,ha,Actual,PL3
0fb4091a2e5001f9,2011,9,Quảng Ninh,Provincial,Cultivation,Lạc,,Area_Planted,2823.0,ha,Actual,PL3
ab1b270505564c90,2011,9,Quảng Ninh,Provincial,Cultivation,Mía,,Area_Planted,446.0,ha,Actual,PL3
9a89725c82e4a51a,2011,9,Quảng Ninh,Provincial,Cultivation,Lúa,,Area_Planted,1278.0,ha,Actual,PL3
9a89725c82e4a51a,2011,9,Quảng Ninh,Provincial,Cultivation,Lúa,,Area_Planted,8664.0,ha,Actual,PL3
4813c958a2c1c1c8,2011,9,Hải Dương,Provincial,Cultivation,Lúa,,Area_Planted,1107.0,ha,Actual,PL3
ac5b33989f4afeeb,2011,9,Hải Dương,Provincial,Cultivation,Đậu tương,,Area_Planted,881.0,ha,Actual,PL3
7fa4fc3efa9430c5,2011,9,Hải Dương,Provincial,Cultivation,Lạc,,Area_Planted,226.0,ha,Actual,PL3
4813c958a2c1c1c8,2011,9,Hải Dương,Provincial,Cultivation,Lúa,,Area_Planted,16306.0,ha,Actual,PL3
a6e83c5aa281b547,2011,9,Hải Phòng,Provincial,Cultivation,Lúa,,Area_Planted,1200.0,ha,Actual,PL3
5e2e970db455d5f5,2011,9,Hải Phòng,Provincial,Cultivation,Đậu tương,,Area_Planted,200.0,ha,Actual,PL3
8c6b79dc499f6b2c,2011,9,Hải Phòng,Provincial,Cultivation,Thuốc lá,,Area_Planted,1000.0,ha,Actual,PL3
a6e83c5aa281b547,2011,9,Hải Phòng,Provincial,Cultivation,Lúa,,Area_Planted,12230.0,ha,Actual,PL3
7263796965f9a393,2011,9,Hưng Yên,Provincial,Cultivation,Lúa,,Area_Planted,3392.0,ha,Actual,PL3
38ec7b396444ccb6,2011,9,Hưng Yên,Provincial,Cultivation,Đậu tương,,Area_Planted,2678.0,ha,Actual,PL3
3edb84d0becb2c94,2011,9,Hưng Yên,Provincial,Cultivation,Lạc,,Area_Planted,714.0,ha,Actual,PL3
7263796965f9a393,2011,9,Hưng Yên,Provincial,Cultivation,Lúa,,Area_Planted,400.0,ha,Actual,PL3
7263796965f9a393,2011,9,Hưng Yên,Provincial,Cultivation,Lúa,,Area_Planted,9631.0,ha,Actual,PL3
a442268f2702a536,2011,9,Thái Bình,Provincial,Cultivation,Lúa,,Area_Planted,19215.0,ha,Actual,PL3
7539e054998b66c2,2011,9,Thái Bình,Provincial,Cultivation,Đậu tương,,Area_Planted,15730.0,ha,Actual,PL3
982a087e6b944a4b,2011,9,Thái Bình,Provincial,Cultivation,Lạc,,Area_Planted,3085.0,ha,Actual,PL3
a442268f2702a536,2011,9,Thái Bình,Provincial,Cultivation,Lúa,,Area_Planted,13120.0,ha,Actual,PL3
6587c1b1e21fac30,2011,9,Hà Nam,Provincial,Cultivation,Lúa,,Area_Planted,12405.0,ha,Actual,PL3
f7d56385bc1f529c,2011,9,Hà Nam,Provincial,Cultivation,Đậu tương,,Area_Planted,12286.0,ha,Actual,PL3
5a5d229bf1c7e465,2011,9,Hà Nam,Provincial,Cultivation,Lạc,,Area_Planted,119.0,ha,Actual,PL3
6587c1b1e21fac30,2011,9,Hà Nam,Provincial,Cultivation,Lúa,,Area_Planted,3960.0,ha,Actual,PL3
be1c9627b47c648d,2011,9,Nam Định,Provincial,Cultivation,Lúa,,Area_Planted,9608.0,ha,Actual,PL3
47b07f6e45175d13,2011,9,Nam Định,Provincial,Cultivation,Đậu tương,,Area_Planted,2732.0,ha,Actual,PL3
468432ed0f1396ae,2011,9,Nam Định,Provincial,Cultivation,Lạc,,Area_Planted,6671.0,ha,Actual,PL3
d34f16eab153c9e6,2011,9,Nam Định,Provincial,Cultivation,Mía,,Area_Planted,205.0,ha,Actual,PL3
be1c9627b47c648d,2011,9,Nam Định,Provincial,Cultivation,Lúa,,Area_Planted,17731.0,ha,Actual,PL3
4c3bf83ceb1360a5,2011,9,Ninh Bình,Provincial,Cultivation,Lúa,,Area_Planted,16559.0,ha,Actual,PL3
a614c813f8837382,2011,9,Ninh Bình,Provincial,Cultivation,Đậu tương,,Area_Planted,10777.0,ha,Actual,PL3
16d30dd0afdc1492,2011,9,Ninh Bình,Provincial,Cultivation,Lạc,,Area_Planted,4445.0,ha,Actual,PL3
c35943f4772a437f,2011,9,Ninh Bình,Provincial,Cultivation,Mía,,Area_Planted,907.0,ha,Actual,PL3
4c3bf83ceb1360a5,2011,9,Ninh Bình,Provincial,Cultivation,Lúa,,Area_Planted,430.0,ha,Actual,PL3
4c3bf83ceb1360a5,2011,9,Ninh Bình,Provincial,Cultivation,Lúa,,Area_Planted,6242.0,ha,Actual,PL3
a2561c3050743036,2011,9,TD và MN phía Bắc,Provincial,Cultivation,Lúa,,Area_Planted,139892.0,ha,Actual,PL3
8599b165c9b2dedc,2011,9,TD và MN phía Bắc,Provincial,Cultivation,Đậu tương,,Area_Planted,64871.0,ha,Actual,PL3
7130f860b0cc72cd,2011,9,TD và MN phía Bắc,Provincial,Cultivation,Lạc,,Area_Planted,47381.0,ha,Actual,PL3
d5f6e8b6950f2f79,2011,9,TD và MN phía Bắc,Provincial,Cultivation,Mía,,Area_Planted,15517.0,ha,Actual,PL3
6b20938a2cbe8097,2011,9,TD và MN phía Bắc,Provincial,Cultivation,Thuốc lá,,Area_Planted,8583.0,ha,Actual,PL3
a2561c3050743036,2011,9,TD và MN phía Bắc,Provincial,Cultivation,Lúa,,Area_Planted,3541.0,ha,Actual,PL3
a2561c3050743036,2011,9,TD và MN phía Bắc,Provincial,Cultivation,Lúa,,Area_Planted,90293.0,ha,Actual,PL3
7365bf827f2cef7a,2011,9,Hà Giang,Provincial,Cultivation,Lúa,,Area_Planted,29458.0,ha,Actual,PL3
8125caca69f9147a,2011,9,Hà Giang,Provincial,Cultivation,Đậu tương,,Area_Planted,21708.0,ha,Actual,PL3
b8058364694d87b7,2011,9,Hà Giang,Provincial,Cultivation,Lạc,,Area_Planted,7060.0,ha,Actual,PL3
7365bf827f2cef7a,2011,9,Hà Giang,Provincial,Cultivation,Lúa,,Area_Planted,690.0,ha,Actual,PL3
7365bf827f2cef7a,2011,9,Hà Giang,Provincial,Cultivation,Lúa,,Area_Planted,11223.0,ha,Actual,PL3
e6d49201e4861d63,2011,9,Cao Bằng,Provincial,Cultivation,Lúa,,Area_Planted,12962.0,ha,Actual,PL3
69718c9fcaeca61e,2011,9,Cao Bằng,Provincial,Cultivation,Đậu tương,,Area_Planted,5662.0,ha,Actual,PL3
10f89b2256c0a991,2011,9,Cao Bằng,Provincial,Cultivation,Lạc,,Area_Planted,1590.0,ha,Actual,PL3
2641df6e67815e66,2011,9,Cao Bằng,Provincial,Cultivation,Mía,,Area_Planted,2395.0,ha,Actual,PL3
8dddd5612d6dbb99,2011,9,Cao Bằng,Provincial,Cultivation,Thuốc lá,,Area_Planted,33161071520.0,ha,Actual,PL3
e6d49201e4861d63,2011,9,Cao Bằng,Provincial,Cultivation,Lúa,,Area_Planted,33161071520.0,ha,Actual,PL3
e6d49201e4861d63,2011,9,Cao Bằng,Provincial,Cultivation,Lúa,,Area_Planted,430.0,ha,Actual,PL3
f262a1fba3970420,2011,9,Bắc Cạn,Provincial,Cultivation,Lúa,,Area_Planted,4340.0,ha,Actual,PL3
fefbb2cd81d001a0,2011,9,Bắc Cạn,Provincial,Cultivation,Đậu tương,,Area_Planted,1870.0,ha,Actual,PL3
e7e93f1efeaddc5d,2011,9,Bắc Cạn,Provincial,Cultivation,Lạc,,Area_Planted,700.0,ha,Actual,PL3
ad6e34105b2f03c8,2011,9,Bắc Cạn,Provincial,Cultivation,Mía,,Area_Planted,179.0,ha,Actual,PL3
624ee1f2b54ae294,2011,9,Bắc Cạn,Provincial,Cultivation,Thuốc lá,,Area_Planted,1071.0,ha,Actual,PL3
f262a1fba3970420,2011,9,Bắc Cạn,Provincial,Cultivation,Lúa,,Area_Planted,1071.0,ha,Actual,PL3
f262a1fba3970420,2011,9,Bắc Cạn,Provincial,Cultivation,Lúa,,Area_Planted,2529.0,ha,Actual,PL3
617cdfe074297316,2011,9,Tuyên Quang,Provincial,Cultivation,Lúa,,Area_Planted,8803.0,ha,Actual,PL3
1af0c308c6fa5e6b,2011,9,Tuyên Quang,Provincial,Cultivation,Đậu tương,,Area_Planted,1943.0,ha,Actual,PL3
0b9958bd6cc713ff,2011,9,Tuyên Quang,Provincial,Cultivation,Lạc,,Area_Planted,4704.0,ha,Actual,PL3
593f2f4686c13972,2011,9,Tuyên Quang,Provincial,Cultivation,Mía,,Area_Planted,2156.0,ha,Actual,PL3
617cdfe074297316,2011,9,Tuyên Quang,Provincial,Cultivation,Lúa,,Area_Planted,1311.0,ha,Actual,PL3
0ae84e910ac494b4,2011,9,Lào Cai,Provincial,Cultivation,Lúa,,Area_Planted,6321.0,ha,Actual,PL3
0cce29626ef00967,2011,9,Lào Cai,Provincial,Cultivation,Đậu tương,,Area_Planted,5018.0,ha,Actual,PL3
2362512b11832e70,2011,9,Lào Cai,Provincial,Cultivation,Lạc,,Area_Planted,557.0,ha,Actual,PL3
e9e32b6483ce82da,2011,9,Lào Cai,Provincial,Cultivation,Thuốc lá,,Area_Planted,610.0,ha,Actual,PL3
0ae84e910ac494b4,2011,9,Lào Cai,Provincial,Cultivation,Lúa,,Area_Planted,136.0,ha,Actual,PL3
0ae84e910ac494b4,2011,9,Lào Cai,Provincial,Cultivation,Lúa,,Area_Planted,3200.0,ha,Actual,PL3
98c2c605a5109eeb,2011,9,Yên Bái,Provincial,Cultivation,Lúa,,Area_Planted,3522.0,ha,Actual,PL3
1a9f6cc2b7eeaeaa,2011,9,Yên Bái,Provincial,Cultivation,Đậu tương,,Area_Planted,1096.0,ha,Actual,PL3
a2b018dfa5540ce4,2011,9,Yên Bái,Provincial,Cultivation,Lạc,,Area_Planted,1632.0,ha,Actual,PL3
2947cc72c8fffde3,2011,9,Yên Bái,Provincial,Cultivation,Mía,,Area_Planted,775.0,ha,Actual,PL3
98c2c605a5109eeb,2011,9,Yên Bái,Provincial,Cultivation,Lúa,,Area_Planted,19.0,ha,Actual,PL3
98c2c605a5109eeb,2011,9,Yên Bái,Provincial,Cultivation,Lúa,,Area_Planted,4896.0,ha,Actual,PL3
fd70f64d7688d0c0,2011,9,Thái Nguyên,Provincial,Cultivation,Lúa,,Area_Planted,6460.0,ha,Actual,PL3
1524dd0bd0917b1b,2011,9,Thái Nguyên,Provincial,Cultivation,Đậu tương,,Area_Planted,1715.0,ha,Actual,PL3
a6c788e72f6ed665,2011,9,Thái Nguyên,Provincial,Cultivation,Lạc,,Area_Planted,4426.0,ha,Actual,PL3
e7246366600bd739,2011,9,Thái Nguyên,Provincial,Cultivation,Thuốc lá,,Area_Planted,253.0,ha,Actual,PL3
fd70f64d7688d0c0,2011,9,Thái Nguyên,Provincial,Cultivation,Lúa,,Area_Planted,66.0,ha,Actual,PL3
fd70f64d7688d0c0,2011,9,Thái Nguyên,Provincial,Cultivation,Lúa,,Area_Planted,10143.0,ha,Actual,PL3
c96c15d842604f5d,2011,9,Lạng Sơn,Provincial,Cultivation,Lúa,,Area_Planted,4868.0,ha,Actual,PL3
0cd095b8d0441a0e,2011,9,Lạng Sơn,Provincial,Cultivation,Đậu tương,,Area_Planted,734.0,ha,Actual,PL3
117b38b9bdde136d,2011,9,Lạng Sơn,Provincial,Cultivation,Thuốc lá,,Area_Planted,3334.0,ha,Actual,PL3
c96c15d842604f5d,2011,9,Lạng Sơn,Provincial,Cultivation,Lúa,,Area_Planted,800.0,ha,Actual,PL3
c96c15d842604f5d,2011,9,Lạng Sơn,Provincial,Cultivation,Lúa,,Area_Planted,4184.0,ha,Actual,PL3
ad074fa41f9e30e8,2011,9,Bắc Giang,Provincial,Cultivation,Lúa,,Area_Planted,12888.0,ha,Actual,PL3
e85b19002a50ac11,2011,9,Bắc Giang,Provincial,Cultivation,Đậu tương,,Area_Planted,1196.0,ha,Actual,PL3
cf7c6b755cbd79fb,2011,9,Bắc Giang,Provincial,Cultivation,Lạc,,Area_Planted,11514.0,ha,Actual,PL3
ad074fa41f9e30e8,2011,9,Bắc Giang,Provincial,Cultivation,Lúa,,Area_Planted,178.0,ha,Actual,PL3
ad074fa41f9e30e8,2011,9,Bắc Giang,Provincial,Cultivation,Lúa,,Area_Planted,21979.0,ha,Actual,PL3
a28243136e816233,2011,9,Phú Thọ,Provincial,Cultivation,Lúa,,Area_Planted,7179.0,ha,Actual,PL3
7639ecf306f774c1,2011,9,Phú Thọ,Provincial,Cultivation,Đậu tương,,Area_Planted,1695.0,ha,Actual,PL3
d1567e341dca3206,2011,9,Phú Thọ,Provincial,Cultivation,Lạc,,Area_Planted,5484.0,ha,Actual,PL3
a28243136e816233,2011,9,Phú Thọ,Provincial,Cultivation,Lúa,,Area_Planted,8501.0,ha,Actual,PL3
42d43c9a6b3ec021,2011,9,Điện Biên,Provincial,Cultivation,Lúa,,Area_Planted,12676.0,ha,Actual,PL3
908c4d607f5b1406,2011,9,Điện Biên,Provincial,Cultivation,Đậu tương,,Area_Planted,10690.0,ha,Actual,PL3
4f7714b10d5068ec,2011,9,Điện Biên,Provincial,Cultivation,Lạc,,Area_Planted,1986.0,ha,Actual,PL3
42d43c9a6b3ec021,2011,9,Điện Biên,Provincial,Cultivation,Lúa,,Area_Planted,1946.0,ha,Actual,PL3
f04001b4546c7e5c,2011,9,Lai Châu,Provincial,Cultivation,Lúa,,Area_Planted,4529.0,ha,Actual,PL3
691fa66df65983d9,2011,9,Lai Châu,Provincial,Cultivation,Đậu tương,,Area_Planted,2590.0,ha,Actual,PL3
e92492076eb4abd3,2011,9,Lai Châu,Provincial,Cultivation,Lạc,,Area_Planted,1939.0,ha,Actual,PL3
f04001b4546c7e5c,2011,9,Lai Châu,Provincial,Cultivation,Lúa,,Area_Planted,420.0,ha,Actual,PL3
93cea3a9c51d23c7,2011,9,Sơn La,Provincial,Cultivation,Lúa,,Area_Planted,10345.0,ha,Actual,PL3
c742c39f321e2c96,2011,9,Sơn La,Provincial,Cultivation,Đậu tương,,Area_Planted,7353.0,ha,Actual,PL3
7c870db109f1e3f2,2011,9,Sơn La,Provincial,Cultivation,Lạc,,Area_Planted,1655.0,ha,Actual,PL3
771c871abf73a604,2011,9,Sơn La,Provincial,Cultivation,Mía,,Area_Planted,1292.0,ha,Actual,PL3
93cea3a9c51d23c7,2011,9,Sơn La,Provincial,Cultivation,Lúa,,Area_Planted,45.0,ha,Actual,PL3
93cea3a9c51d23c7,2011,9,Sơn La,Provincial,Cultivation,Lúa,,Area_Planted,7498.0,ha,Actual,PL3
0f3283fff29d26e5,2011,9,Hoà Bình,Provincial,Cultivation,Lúa,,Area_Planted,15542.0,ha,Actual,PL3
431db5b6ee1a3c7d,2011,9,Hoà Bình,Provincial,Cultivation,Đậu tương,,Area_Planted,1601.0,ha,Actual,PL3
aeb9806dc7f870d3,2011,9,Hoà Bình,Provincial,Cultivation,Lạc,,Area_Planted,4134.0,ha,Actual,PL3
8bc4645cc62764c3,2011,9,Hoà Bình,Provincial,Cultivation,Mía,,Area_Planted,8720.0,ha,Actual,PL3
0f3283fff29d26e5,2011,9,Hoà Bình,Provincial,Cultivation,Lúa,,Area_Planted,1087.0,ha,Actual,PL3
0f3283fff29d26e5,2011,9,Hoà Bình,Provincial,Cultivation,Lúa,,Area_Planted,12033.0,ha,Actual,PL3
59b1dab92b21222e,2011,9,Bắc Trung Bộ,Provincial,Cultivation,Lúa,,Area_Planted,112547.0,ha,Actual,PL3
06a2e990aacf0827,2011,9,Bắc Trung Bộ,Provincial,Cultivation,Đậu tương,,Area_Planted,10154.0,ha,Actual,PL3
92d8266f2aac2068,2011,9,Bắc Trung Bộ,Provincial,Cultivation,Lạc,,Area_Planted,74817.0,ha,Actual,PL3
83c5862ad1395aa2,2011,9,Bắc Trung Bộ,Provincial,Cultivation,Mía,,Area_Planted,19633.0,ha,Actual,PL3
2ca4ec1f5b0943ec,2011,9,Bắc Trung Bộ,Provincial,Cultivation,Thuốc lá,,Area_Planted,236.0,ha,Actual,PL3
59b1dab92b21222e,2011,9,Bắc Trung Bộ,Provincial,Cultivation,Lúa,,Area_Planted,7707.0,ha,Actual,PL3
59b1dab92b21222e,2011,9,Bắc Trung Bộ,Provincial,Cultivation,Lúa,,Area_Planted,84667.0,ha,Actual,PL3
bdca7c131be0cba3,2011,9,Thanh Hoá,Provincial,Cultivation,Lúa,,Area_Planted,38032.0,ha,Actual,PL3
fff05aa83adcfa2d,2011,9,Thanh Hoá,Provincial,Cultivation,Đậu tương,,Area_Planted,9815.0,ha,Actual,PL3
a14446e747398b25,2011,9,Thanh Hoá,Provincial,Cultivation,Lạc,,Area_Planted,15617.0,ha,Actual,PL3
954b1f41fd79ae1a,2011,9,Thanh Hoá,Provincial,Cultivation,Mía,,Area_Planted,12600.0,ha,Actual,PL3
bdca7c131be0cba3,2011,9,Thanh Hoá,Provincial,Cultivation,Lúa,,Area_Planted,26788.0,ha,Actual,PL3
2ab82163fefd2b36,2011,9,Nghệ An,Provincial,Cultivation,Lúa,,Area_Planted,35848.0,ha,Actual,PL3
54cb138cd2f9788d,2011,9,Nghệ An,Provincial,Cultivation,Đậu tương,,Area_Planted,339.0,ha,Actual,PL3
3226bb3bdc1cabce,2011,9,Nghệ An,Provincial,Cultivation,Lạc,,Area_Planted,21973.0,ha,Actual,PL3
e2eee7d261ab7d13,2011,9,Nghệ An,Provincial,Cultivation,Mía,,Area_Planted,6893.0,ha,Actual,PL3
52ee2d79a1210f86,2011,9,Nghệ An,Provincial,Cultivation,Thuốc lá,,Area_Planted,156.0,ha,Actual,PL3
2ab82163fefd2b36,2011,9,Nghệ An,Provincial,Cultivation,Lúa,,Area_Planted,6487.0,ha,Actual,PL3
2ab82163fefd2b36,2011,9,Nghệ An,Provincial,Cultivation,Lúa,,Area_Planted,33651.0,ha,Actual,PL3
a6703049e3b2fab5,2011,9,Hà Tĩnh,Provincial,Cultivation,Lúa,,Area_Planted,24947.0,ha,Actual,PL3
2a4c3ca65eba2f41,2011,9,Hà Tĩnh,Provincial,Cultivation,Lạc,,Area_Planted,24027.0,ha,Actual,PL3
a6703049e3b2fab5,2011,9,Hà Tĩnh,Provincial,Cultivation,Lúa,,Area_Planted,920.0,ha,Actual,PL3
a6703049e3b2fab5,2011,9,Hà Tĩnh,Provincial,Cultivation,Lúa,,Area_Planted,12617.0,ha,Actual,PL3
8c09a643490d44a4,2011,9,Quảng Bình,Provincial,Cultivation,Lúa,,Area_Planted,5100.0,ha,Actual,PL3
1e1ad54951666b4a,2011,9,Quảng Bình,Provincial,Cultivation,Lạc,,Area_Planted,5100.0,ha,Actual,PL3
8c09a643490d44a4,2011,9,Quảng Bình,Provincial,Cultivation,Lúa,,Area_Planted,456.0,ha,Actual,PL3
770519e029c9848a,2011,9,Quảng Trị,Provincial,Cultivation,Lúa,,Area_Planted,4300.0,ha,Actual,PL3
c415947b6e14e297,2011,9,Quảng Trị,Provincial,Cultivation,Lạc,,Area_Planted,4300.0,ha,Actual,PL3
770519e029c9848a,2011,9,Quảng Trị,Provincial,Cultivation,Lúa,,Area_Planted,4610.0,ha,Actual,PL3
8e17ce1c09e70d57,2011,9,Thừa Thiên Huế,Provincial,Cultivation,Lúa,,Area_Planted,4320.0,ha,Actual,PL3
c6829adf2a03ffbc,2011,9,Thừa Thiên Huế,Provincial,Cultivation,Lạc,,Area_Planted,3800.0,ha,Actual,PL3
f0e1ab0052a72fc2,2011,9,Thừa Thiên Huế,Provincial,Cultivation,Mía,,Area_Planted,140.0,ha,Actual,PL3
1356b62baa05877c,2011,9,Thừa Thiên Huế,Provincial,Cultivation,Thuốc lá,,Area_Planted,80.0,ha,Actual,PL3
8e17ce1c09e70d57,2011,9,Thừa Thiên Huế,Provincial,Cultivation,Lúa,,Area_Planted,300.0,ha,Actual,PL3
8e17ce1c09e70d57,2011,9,Thừa Thiên Huế,Provincial,Cultivation,Lúa,,Area_Planted,6545.0,ha,Actual,PL3
35f1539468e2c505,2011,9,Miền Nam,Provincial,Cultivation,Lúa,,Area_Planted,568026.0,ha,Actual,PL4
35f1539468e2c505,2011,9,Miền Nam,Provincial,Cultivation,Lúa,,Area_Planted,525154.0,ha,Actual,PL4
35f1539468e2c505,2011,9,Miền Nam,Provincial,Cultivation,Lúa,,Area_Planted,757293.0,ha,Actual,PL4
35f1539468e2c505,2011,9,Miền Nam,Provincial,Cultivation,Lúa,,Area_Planted,369055.0,ha,Actual,PL4
35f1539468e2c505,2011,9,Miền Nam,Provincial,Cultivation,Lúa,,Area_Planted,36115.0,ha,Actual,PL4
35f1539468e2c505,2011,9,Miền Nam,Provincial,Cultivation,Lúa,,Area_Planted,336181.0,ha,Actual,PL4
35f1539468e2c505,2011,9,Miền Nam,Provincial,Cultivation,Lúa,,Area_Planted,15943.0,ha,Actual,PL4
a23bbfdca6a11823,2011,9,D.H Nam Trung Bộ,Provincial,Cultivation,Lúa,,Area_Planted,82361.0,ha,Actual,PL4
a23bbfdca6a11823,2011,9,D.H Nam Trung Bộ,Provincial,Cultivation,Lúa,,Area_Planted,107045.0,ha,Actual,PL4
a23bbfdca6a11823,2011,9,D.H Nam Trung Bộ,Provincial,Cultivation,Lúa,,Area_Planted,41580.0,ha,Actual,PL4
a23bbfdca6a11823,2011,9,D.H Nam Trung Bộ,Provincial,Cultivation,Lúa,,Area_Planted,7006.0,ha,Actual,PL4
a23bbfdca6a11823,2011,9,D.H Nam Trung Bộ,Provincial,Cultivation,Lúa,,Area_Planted,57710.0,ha,Actual,PL4
a23bbfdca6a11823,2011,9,D.H Nam Trung Bộ,Provincial,Cultivation,Lúa,,Area_Planted,749.0,ha,Actual,PL4
f5a74f5e32f0c6b1,2011,9,TP Đà Nẵng,Provincial,Cultivation,Lúa,,Area_Planted,30045.0,ha,Actual,PL4
f5a74f5e32f0c6b1,2011,9,TP Đà Nẵng,Provincial,Cultivation,Lúa,,Area_Planted,1453.0,ha,Actual,PL4
f5a74f5e32f0c6b1,2011,9,TP Đà Nẵng,Provincial,Cultivation,Lúa,,Area_Planted,692.0,ha,Actual,PL4
f5a74f5e32f0c6b1,2011,9,TP Đà Nẵng,Provincial,Cultivation,Lúa,,Area_Planted,460.0,ha,Actual,PL4
f5a74f5e32f0c6b1,2011,9,TP Đà Nẵng,Provincial,Cultivation,Lúa,,Area_Planted,301.0,ha,Actual,PL4
7bbd3e754549735c,2011,9,Quảng Nam,Provincial,Cultivation,Lúa,,Area_Planted,44764.0,ha,Actual,PL4
7bbd3e754549735c,2011,9,Quảng Nam,Provincial,Cultivation,Lúa,,Area_Planted,33897.0,ha,Actual,PL4
7bbd3e754549735c,2011,9,Quảng Nam,Provincial,Cultivation,Lúa,,Area_Planted,13008.0,ha,Actual,PL4
7bbd3e754549735c,2011,9,Quảng Nam,Provincial,Cultivation,Lúa,,Area_Planted,5600.0,ha,Actual,PL4
7bbd3e754549735c,2011,9,Quảng Nam,Provincial,Cultivation,Lúa,,Area_Planted,15089.0,ha,Actual,PL4
7bbd3e754549735c,2011,9,Quảng Nam,Provincial,Cultivation,Lúa,,Area_Planted,200.0,ha,Actual,PL4
0a3a5f02ea21ca0e,2011,9,Quảng Ngãi,Provincial,Cultivation,Lúa,,Area_Planted,3500.0,ha,Actual,PL4
0a3a5f02ea21ca0e,2011,9,Quảng Ngãi,Provincial,Cultivation,Lúa,,Area_Planted,30064.0,ha,Actual,PL4
0a3a5f02ea21ca0e,2011,9,Quảng Ngãi,Provincial,Cultivation,Lúa,,Area_Planted,10189.0,ha,Actual,PL4
0a3a5f02ea21ca0e,2011,9,Quảng Ngãi,Provincial,Cultivation,Lúa,,Area_Planted,422.0,ha,Actual,PL4
0a3a5f02ea21ca0e,2011,9,Quảng Ngãi,Provincial,Cultivation,Lúa,,Area_Planted,19453.0,ha,Actual,PL4
97f3f727f861a660,2011,9,Bình Định,Provincial,Cultivation,Lúa,,Area_Planted,22070.0,ha,Actual,PL4
97f3f727f861a660,2011,9,Bình Định,Provincial,Cultivation,Lúa,,Area_Planted,5487.0,ha,Actual,PL4
97f3f727f861a660,2011,9,Bình Định,Provincial,Cultivation,Lúa,,Area_Planted,5487.0,ha,Actual,PL4
8a063b1aa338d740,2011,9,Phú Yên,Provincial,Cultivation,Lúa,,Area_Planted,5920.0,ha,Actual,PL4
8a063b1aa338d740,2011,9,Phú Yên,Provincial,Cultivation,Lúa,,Area_Planted,23233.0,ha,Actual,PL4
8a063b1aa338d740,2011,9,Phú Yên,Provincial,Cultivation,Lúa,,Area_Planted,6260.0,ha,Actual,PL4
8a063b1aa338d740,2011,9,Phú Yên,Provincial,Cultivation,Lúa,,Area_Planted,305.0,ha,Actual,PL4
8a063b1aa338d740,2011,9,Phú Yên,Provincial,Cultivation,Lúa,,Area_Planted,16311.0,ha,Actual,PL4
8a063b1aa338d740,2011,9,Phú Yên,Provincial,Cultivation,Lúa,,Area_Planted,357.0,ha,Actual,PL4
02950586ba65a990,2011,9,Khánh Hoà,Provincial,Cultivation,Lúa,,Area_Planted,3102.0,ha,Actual,PL4
02950586ba65a990,2011,9,Khánh Hoà,Provincial,Cultivation,Lúa,,Area_Planted,12911.0,ha,Actual,PL4
02950586ba65a990,2011,9,Khánh Hoà,Provincial,Cultivation,Lúa,,Area_Planted,5944.0,ha,Actual,PL4
02950586ba65a990,2011,9,Khánh Hoà,Provincial,Cultivation,Lúa,,Area_Planted,219.0,ha,Actual,PL4
02950586ba65a990,2011,9,Khánh Hoà,Provincial,Cultivation,Lúa,,Area_Planted,6556.0,ha,Actual,PL4
02950586ba65a990,2011,9,Khánh Hoà,Provincial,Cultivation,Lúa,,Area_Planted,192.0,ha,Actual,PL4
f4eed96711033449,2011,9,Tây Nguyên,Provincial,Cultivation,Lúa,,Area_Planted,130913.0,ha,Actual,PL4
f4eed96711033449,2011,9,Tây Nguyên,Provincial,Cultivation,Lúa,,Area_Planted,372195.0,ha,Actual,PL4
f4eed96711033449,2011,9,Tây Nguyên,Provincial,Cultivation,Lúa,,Area_Planted,207639.0,ha,Actual,PL4
f4eed96711033449,2011,9,Tây Nguyên,Provincial,Cultivation,Lúa,,Area_Planted,12630.0,ha,Actual,PL4
f4eed96711033449,2011,9,Tây Nguyên,Provincial,Cultivation,Lúa,,Area_Planted,151629.0,ha,Actual,PL4
f4eed96711033449,2011,9,Tây Nguyên,Provincial,Cultivation,Lúa,,Area_Planted,297.0,ha,Actual,PL4
bef082e428895635,2011,9,Kon Tum,Provincial,Cultivation,Lúa,,Area_Planted,15414.0,ha,Actual,PL4
bef082e428895635,2011,9,Kon Tum,Provincial,Cultivation,Lúa,,Area_Planted,46256.0,ha,Actual,PL4
bef082e428895635,2011,9,Kon Tum,Provincial,Cultivation,Lúa,,Area_Planted,7021.0,ha,Actual,PL4
bef082e428895635,2011,9,Kon Tum,Provincial,Cultivation,Lúa,,Area_Planted,142.0,ha,Actual,PL4
bef082e428895635,2011,9,Kon Tum,Provincial,Cultivation,Lúa,,Area_Planted,39093.0,ha,Actual,PL4
5822ee1918581521,2011,9,Gia Lai,Provincial,Cultivation,Lúa,,Area_Planted,45866.0,ha,Actual,PL4
5822ee1918581521,2011,9,Gia Lai,Provincial,Cultivation,Lúa,,Area_Planted,97012.0,ha,Actual,PL4
5822ee1918581521,2011,9,Gia Lai,Provincial,Cultivation,Lúa,,Area_Planted,39098.0,ha,Actual,PL4
5822ee1918581521,2011,9,Gia Lai,Provincial,Cultivation,Lúa,,Area_Planted,1326.0,ha,Actual,PL4
5822ee1918581521,2011,9,Gia Lai,Provincial,Cultivation,Lúa,,Area_Planted,56588.0,ha,Actual,PL4
0511394c504050c7,2011,9,Đắc Lắc,Provincial,Cultivation,Lúa,,Area_Planted,49814.0,ha,Actual,PL4
0511394c504050c7,2011,9,Đắc Lắc,Provincial,Cultivation,Lúa,,Area_Planted,140307.0,ha,Actual,PL4
0511394c504050c7,2011,9,Đắc Lắc,Provincial,Cultivation,Lúa,,Area_Planted,106408.0,ha,Actual,PL4
0511394c504050c7,2011,9,Đắc Lắc,Provincial,Cultivation,Lúa,,Area_Planted,2974.0,ha,Actual,PL4
0511394c504050c7,2011,9,Đắc Lắc,Provincial,Cultivation,Lúa,,Area_Planted,30628.0,ha,Actual,PL4
0511394c504050c7,2011,9,Đắc Lắc,Provincial,Cultivation,Lúa,,Area_Planted,297.0,ha,Actual,PL4
4a7c529e2c993e06,2011,9,Đắc Nông,Provincial,Cultivation,Lúa,,Area_Planted,7947.0,ha,Actual,PL4
4a7c529e2c993e06,2011,9,Đắc Nông,Provincial,Cultivation,Lúa,,Area_Planted,68193.0,ha,Actual,PL4
4a7c529e2c993e06,2011,9,Đắc Nông,Provincial,Cultivation,Lúa,,Area_Planted,40223.0,ha,Actual,PL4
4a7c529e2c993e06,2011,9,Đắc Nông,Provincial,Cultivation,Lúa,,Area_Planted,6663.0,ha,Actual,PL4
4a7c529e2c993e06,2011,9,Đắc Nông,Provincial,Cultivation,Lúa,,Area_Planted,21307.0,ha,Actual,PL4
0ea897b58b8ae5d3,2011,9,Lâm Đồng,Provincial,Cultivation,Lúa,,Area_Planted,11872.0,ha,Actual,PL4
0ea897b58b8ae5d3,2011,9,Lâm Đồng,Provincial,Cultivation,Lúa,,Area_Planted,20427.0,ha,Actual,PL4
0ea897b58b8ae5d3,2011,9,Lâm Đồng,Provincial,Cultivation,Lúa,,Area_Planted,14889.0,ha,Actual,PL4
0ea897b58b8ae5d3,2011,9,Lâm Đồng,Provincial,Cultivation,Lúa,,Area_Planted,1525.0,ha,Actual,PL4
0ea897b58b8ae5d3,2011,9,Lâm Đồng,Provincial,Cultivation,Lúa,,Area_Planted,4013.0,ha,Actual,PL4
c6a54b28aae1dc20,2011,9,Đông Nam Bộ,Provincial,Cultivation,Lúa,,Area_Planted,108360.0,ha,Actual,PL4
c6a54b28aae1dc20,2011,9,Đông Nam Bộ,Provincial,Cultivation,Lúa,,Area_Planted,209429.0,ha,Actual,PL4
c6a54b28aae1dc20,2011,9,Đông Nam Bộ,Provincial,Cultivation,Lúa,,Area_Planted,82440.0,ha,Actual,PL4
c6a54b28aae1dc20,2011,9,Đông Nam Bộ,Provincial,Cultivation,Lúa,,Area_Planted,2134.0,ha,Actual,PL4
c6a54b28aae1dc20,2011,9,Đông Nam Bộ,Provincial,Cultivation,Lúa,,Area_Planted,121708.0,ha,Actual,PL4
c6a54b28aae1dc20,2011,9,Đông Nam Bộ,Provincial,Cultivation,Lúa,,Area_Planted,3147.0,ha,Actual,PL4
7078f1f17a4f5a9f,2011,9,TP Hồ Chí Minh,Provincial,Cultivation,Lúa,,Area_Planted,5290.0,ha,Actual,PL4
7078f1f17a4f5a9f,2011,9,TP Hồ Chí Minh,Provincial,Cultivation,Lúa,,Area_Planted,0.0,ha,Actual,PL4
07a502db3c484720,2011,9,Ninh Thuận,Provincial,Cultivation,Lúa,,Area_Planted,13313.0,ha,Actual,PL4
07a502db3c484720,2011,9,Ninh Thuận,Provincial,Cultivation,Lúa,,Area_Planted,7901.0,ha,Actual,PL4
07a502db3c484720,2011,9,Ninh Thuận,Provincial,Cultivation,Lúa,,Area_Planted,101.0,ha,Actual,PL4
07a502db3c484720,2011,9,Ninh Thuận,Provincial,Cultivation,Lúa,,Area_Planted,5285.0,ha,Actual,PL4
07a502db3c484720,2011,9,Ninh Thuận,Provincial,Cultivation,Lúa,,Area_Planted,26.0,ha,Actual,PL4
ed8ece3972416342,2011,9,Bình Phước,Provincial,Cultivation,Lúa,,Area_Planted,11663.0,ha,Actual,PL4
ed8ece3972416342,2011,9,Bình Phước,Provincial,Cultivation,Lúa,,Area_Planted,26589.0,ha,Actual,PL4
ed8ece3972416342,2011,9,Bình Phước,Provincial,Cultivation,Lúa,,Area_Planted,6086.0,ha,Actual,PL4
ed8ece3972416342,2011,9,Bình Phước,Provincial,Cultivation,Lúa,,Area_Planted,670.0,ha,Actual,PL4
ed8ece3972416342,2011,9,Bình Phước,Provincial,Cultivation,Lúa,,Area_Planted,18812.0,ha,Actual,PL4
ed8ece3972416342,2011,9,Bình Phước,Provincial,Cultivation,Lúa,,Area_Planted,1021.0,ha,Actual,PL4
663ccf58588022ca,2011,9,Tây Ninh,Provincial,Cultivation,Lúa,,Area_Planted,44113.0,ha,Actual,PL4
663ccf58588022ca,2011,9,Tây Ninh,Provincial,Cultivation,Lúa,,Area_Planted,45250.0,ha,Actual,PL4
663ccf58588022ca,2011,9,Tây Ninh,Provincial,Cultivation,Lúa,,Area_Planted,4768.0,ha,Actual,PL4
663ccf58588022ca,2011,9,Tây Ninh,Provincial,Cultivation,Lúa,,Area_Planted,326.0,ha,Actual,PL4
663ccf58588022ca,2011,9,Tây Ninh,Provincial,Cultivation,Lúa,,Area_Planted,39374.0,ha,Actual,PL4
663ccf58588022ca,2011,9,Tây Ninh,Provincial,Cultivation,Lúa,,Area_Planted,782.0,ha,Actual,PL4
9861fcb0a6b574cd,2011,9,Bình Dương,Provincial,Cultivation,Lúa,,Area_Planted,5191.0,ha,Actual,PL4
9861fcb0a6b574cd,2011,9,Bình Dương,Provincial,Cultivation,Lúa,,Area_Planted,3640.0,ha,Actual,PL4
9861fcb0a6b574cd,2011,9,Bình Dương,Provincial,Cultivation,Lúa,,Area_Planted,391.0,ha,Actual,PL4
9861fcb0a6b574cd,2011,9,Bình Dương,Provincial,Cultivation,Lúa,,Area_Planted,50.0,ha,Actual,PL4
9861fcb0a6b574cd,2011,9,Bình Dương,Provincial,Cultivation,Lúa,,Area_Planted,3021.0,ha,Actual,PL4
9861fcb0a6b574cd,2011,9,Bình Dương,Provincial,Cultivation,Lúa,,Area_Planted,178.0,ha,Actual,PL4
d73da52f20287aad,2011,9,Đồng Nai,Provincial,Cultivation,Lúa,,Area_Planted,47188.0,ha,Actual,PL4
d73da52f20287aad,2011,9,Đồng Nai,Provincial,Cultivation,Lúa,,Area_Planted,31174.0,ha,Actual,PL4
d73da52f20287aad,2011,9,Đồng Nai,Provincial,Cultivation,Lúa,,Area_Planted,228.0,ha,Actual,PL4
d73da52f20287aad,2011,9,Đồng Nai,Provincial,Cultivation,Lúa,,Area_Planted,15209.0,ha,Actual,PL4
d73da52f20287aad,2011,9,Đồng Nai,Provincial,Cultivation,Lúa,,Area_Planted,577.0,ha,Actual,PL4
8566382eba71a9a9,2011,9,Bình Thuận,Provincial,Cultivation,Lúa,,Area_Planted,34036.0,ha,Actual,PL4
8566382eba71a9a9,2011,9,Bình Thuận,Provincial,Cultivation,Lúa,,Area_Planted,48993.0,ha,Actual,PL4
8566382eba71a9a9,2011,9,Bình Thuận,Provincial,Cultivation,Lúa,,Area_Planted,16309.0,ha,Actual,PL4
8566382eba71a9a9,2011,9,Bình Thuận,Provincial,Cultivation,Lúa,,Area_Planted,627.0,ha,Actual,PL4
8566382eba71a9a9,2011,9,Bình Thuận,Provincial,Cultivation,Lúa,,Area_Planted,31560.0,ha,Actual,PL4
8566382eba71a9a9,2011,9,Bình Thuận,Provincial,Cultivation,Lúa,,Area_Planted,497.0,ha,Actual,PL4
8362924e4fef50b6,2011,9,Bà Rịa-V.Tàu,Provincial,Cultivation,Lúa,,Area_Planted,8067.0,ha,Actual,PL4
8362924e4fef50b6,2011,9,Bà Rịa-V.Tàu,Provincial,Cultivation,Lúa,,Area_Planted,24456.0,ha,Actual,PL4
8362924e4fef50b6,2011,9,Bà Rịa-V.Tàu,Provincial,Cultivation,Lúa,,Area_Planted,15811.0,ha,Actual,PL4
8362924e4fef50b6,2011,9,Bà Rịa-V.Tàu,Provincial,Cultivation,Lúa,,Area_Planted,132.0,ha,Actual,PL4
8362924e4fef50b6,2011,9,Bà Rịa-V.Tàu,Provincial,Cultivation,Lúa,,Area_Planted,8447.0,ha,Actual,PL4
8362924e4fef50b6,2011,9,Bà Rịa-V.Tàu,Provincial,Cultivation,Lúa,,Area_Planted,66.0,ha,Actual,PL4
64160cd47b3d9bf0,2011,9,ĐBS Cửu Long,Provincial,Cultivation,Lúa,,Area_Planted,568026.0,ha,Actual,PL4
64160cd47b3d9bf0,2011,9,ĐBS Cửu Long,Provincial,Cultivation,Lúa,,Area_Planted,203521.0,ha,Actual,PL4
64160cd47b3d9bf0,2011,9,ĐBS Cửu Long,Provincial,Cultivation,Lúa,,Area_Planted,68624.0,ha,Actual,PL4
64160cd47b3d9bf0,2011,9,ĐBS Cửu Long,Provincial,Cultivation,Lúa,,Area_Planted,37396.0,ha,Actual,PL4
64160cd47b3d9bf0,2011,9,ĐBS Cửu Long,Provincial,Cultivation,Lúa,,Area_Planted,14345.0,ha,Actual,PL4
64160cd47b3d9bf0,2011,9,ĐBS Cửu Long,Provincial,Cultivation,Lúa,,Area_Planted,5134.0,ha,Actual,PL4
64160cd47b3d9bf0,2011,9,ĐBS Cửu Long,Provincial,Cultivation,Lúa,,Area_Planted,11750.0,ha,Actual,PL4
2d525d8694e722d1,2011,9,Long An,Provincial,Cultivation,Lúa,,Area_Planted,28051.0,ha,Actual,PL4
2d525d8694e722d1,2011,9,Long An,Provincial,Cultivation,Lúa,,Area_Planted,9431.0,ha,Actual,PL4
2d525d8694e722d1,2011,9,Long An,Provincial,Cultivation,Lúa,,Area_Planted,10229.0,ha,Actual,PL4
2d525d8694e722d1,2011,9,Long An,Provincial,Cultivation,Lúa,,Area_Planted,4932.0,ha,Actual,PL4
2d525d8694e722d1,2011,9,Long An,Provincial,Cultivation,Lúa,,Area_Planted,151.0,ha,Actual,PL4
2d525d8694e722d1,2011,9,Long An,Provincial,Cultivation,Lúa,,Area_Planted,1467.0,ha,Actual,PL4
2d525d8694e722d1,2011,9,Long An,Provincial,Cultivation,Lúa,,Area_Planted,3679.0,ha,Actual,PL4
7a0e525be3e550f9,2011,9,Đồng Tháp,Provincial,Cultivation,Lúa,,Area_Planted,984580.0,ha,Actual,PL4
7a0e525be3e550f9,2011,9,Đồng Tháp,Provincial,Cultivation,Lúa,,Area_Planted,984580.0,ha,Actual,PL4
7a0e525be3e550f9,2011,9,Đồng Tháp,Provincial,Cultivation,Lúa,,Area_Planted,8234.0,ha,Actual,PL4
7a0e525be3e550f9,2011,9,Đồng Tháp,Provincial,Cultivation,Lúa,,Area_Planted,4731.0,ha,Actual,PL4
7a0e525be3e550f9,2011,9,Đồng Tháp,Provincial,Cultivation,Lúa,,Area_Planted,1560.0,ha,Actual,PL4
7a0e525be3e550f9,2011,9,Đồng Tháp,Provincial,Cultivation,Lúa,,Area_Planted,1943.0,ha,Actual,PL4
14b3b7ae4f3bb5a6,2011,9,An Giang,Provincial,Cultivation,Lúa,,Area_Planted,131131.0,ha,Actual,PL4
14b3b7ae4f3bb5a6,2011,9,An Giang,Provincial,Cultivation,Lúa,,Area_Planted,12574.0,ha,Actual,PL4
14b3b7ae4f3bb5a6,2011,9,An Giang,Provincial,Cultivation,Lúa,,Area_Planted,9917.0,ha,Actual,PL4
14b3b7ae4f3bb5a6,2011,9,An Giang,Provincial,Cultivation,Lúa,,Area_Planted,308.0,ha,Actual,PL4
14b3b7ae4f3bb5a6,2011,9,An Giang,Provincial,Cultivation,Lúa,,Area_Planted,963.0,ha,Actual,PL4
14b3b7ae4f3bb5a6,2011,9,An Giang,Provincial,Cultivation,Lúa,,Area_Planted,1386.0,ha,Actual,PL4
0a283a73ec53dace,2011,9,Tiền Giang,Provincial,Cultivation,Lúa,,Area_Planted,41365.0,ha,Actual,PL4
0a283a73ec53dace,2011,9,Tiền Giang,Provincial,Cultivation,Lúa,,Area_Planted,0.0,ha,Actual,PL4
0a283a73ec53dace,2011,9,Tiền Giang,Provincial,Cultivation,Lúa,,Area_Planted,6127.0,ha,Actual,PL4
0a283a73ec53dace,2011,9,Tiền Giang,Provincial,Cultivation,Lúa,,Area_Planted,4496.0,ha,Actual,PL4
0a283a73ec53dace,2011,9,Tiền Giang,Provincial,Cultivation,Lúa,,Area_Planted,261.0,ha,Actual,PL4
0a283a73ec53dace,2011,9,Tiền Giang,Provincial,Cultivation,Lúa,,Area_Planted,184.0,ha,Actual,PL4
0a283a73ec53dace,2011,9,Tiền Giang,Provincial,Cultivation,Lúa,,Area_Planted,1186.0,ha,Actual,PL4
e2675b1d454a2899,2011,9,Vĩnh Long,Provincial,Cultivation,Lúa,,Area_Planted,53645.0,ha,Actual,PL4
e2675b1d454a2899,2011,9,Vĩnh Long,Provincial,Cultivation,Lúa,,Area_Planted,0.0,ha,Actual,PL4
e2675b1d454a2899,2011,9,Vĩnh Long,Provincial,Cultivation,Lúa,,Area_Planted,8452.0,ha,Actual,PL4
e2675b1d454a2899,2011,9,Vĩnh Long,Provincial,Cultivation,Lúa,,Area_Planted,1376.0,ha,Actual,PL4
e2675b1d454a2899,2011,9,Vĩnh Long,Provincial,Cultivation,Lúa,,Area_Planted,6631.0,ha,Actual,PL4
e2675b1d454a2899,2011,9,Vĩnh Long,Provincial,Cultivation,Lúa,,Area_Planted,161.0,ha,Actual,PL4
e2675b1d454a2899,2011,9,Vĩnh Long,Provincial,Cultivation,Lúa,,Area_Planted,284.0,ha,Actual,PL4
9db7577a198efe5a,2011,9,Bến Tre,Provincial,Cultivation,Lúa,,Area_Planted,18670.0,ha,Actual,PL4
9db7577a198efe5a,2011,9,Bến Tre,Provincial,Cultivation,Lúa,,Area_Planted,8500.0,ha,Actual,PL4
9db7577a198efe5a,2011,9,Bến Tre,Provincial,Cultivation,Lúa,,Area_Planted,1478.0,ha,Actual,PL4
9db7577a198efe5a,2011,9,Bến Tre,Provincial,Cultivation,Lúa,,Area_Planted,1042.0,ha,Actual,PL4
9db7577a198efe5a,2011,9,Bến Tre,Provincial,Cultivation,Lúa,,Area_Planted,204.0,ha,Actual,PL4
9db7577a198efe5a,2011,9,Bến Tre,Provincial,Cultivation,Lúa,,Area_Planted,222.0,ha,Actual,PL4
9db7577a198efe5a,2011,9,Bến Tre,Provincial,Cultivation,Lúa,,Area_Planted,10.0,ha,Actual,PL4
4a10d7e17c038ac3,2011,9,Kiên Giang,Provincial,Cultivation,Lúa,,Area_Planted,52012.0,ha,Actual,PL4
4a10d7e17c038ac3,2011,9,Kiên Giang,Provincial,Cultivation,Lúa,,Area_Planted,10586.0,ha,Actual,PL4
4a10d7e17c038ac3,2011,9,Kiên Giang,Provincial,Cultivation,Lúa,,Area_Planted,873.0,ha,Actual,PL4
4a10d7e17c038ac3,2011,9,Kiên Giang,Provincial,Cultivation,Lúa,,Area_Planted,873.0,ha,Actual,PL4
692114b9ae59c532,2011,9,Cần Thơ,Provincial,Cultivation,Lúa,,Area_Planted,54363.0,ha,Actual,PL4
692114b9ae59c532,2011,9,Cần Thơ,Provincial,Cultivation,Lúa,,Area_Planted,0.0,ha,Actual,PL4
692114b9ae59c532,2011,9,Cần Thơ,Provincial,Cultivation,Lúa,,Area_Planted,1234.0,ha,Actual,PL4
692114b9ae59c532,2011,9,Cần Thơ,Provincial,Cultivation,Lúa,,Area_Planted,879.0,ha,Actual,PL4
692114b9ae59c532,2011,9,Cần Thơ,Provincial,Cultivation,Lúa,,Area_Planted,285.0,ha,Actual,PL4
692114b9ae59c532,2011,9,Cần Thơ,Provincial,Cultivation,Lúa,,Area_Planted,1.0,ha,Actual,PL4
692114b9ae59c532,2011,9,Cần Thơ,Provincial,Cultivation,Lúa,,Area_Planted,69.0,ha,Actual,PL4
545e5b82ae83466b,2011,9,Hậu Giang,Provincial,Cultivation,Lúa,,Area_Planted,52098.0,ha,Actual,PL4
545e5b82ae83466b,2011,9,Hậu Giang,Provincial,Cultivation,Lúa,,Area_Planted,0.0,ha,Actual,PL4
545e5b82ae83466b,2011,9,Hậu Giang,Provincial,Cultivation,Lúa,,Area_Planted,1753.0,ha,Actual,PL4
545e5b82ae83466b,2011,9,Hậu Giang,Provincial,Cultivation,Lúa,,Area_Planted,1114.0,ha,Actual,PL4
545e5b82ae83466b,2011,9,Hậu Giang,Provincial,Cultivation,Lúa,,Area_Planted,221.0,ha,Actual,PL4
545e5b82ae83466b,2011,9,Hậu Giang,Provincial,Cultivation,Lúa,,Area_Planted,418.0,ha,Actual,PL4
fcbaf40a6d42c480,2011,9,Trà Vinh,Provincial,Cultivation,Lúa,,Area_Planted,62024.0,ha,Actual,PL4
fcbaf40a6d42c480,2011,9,Trà Vinh,Provincial,Cultivation,Lúa,,Area_Planted,8345.0,ha,Actual,PL4
fcbaf40a6d42c480,2011,9,Trà Vinh,Provincial,Cultivation,Lúa,,Area_Planted,5200.0,ha,Actual,PL4
fcbaf40a6d42c480,2011,9,Trà Vinh,Provincial,Cultivation,Lúa,,Area_Planted,1528.0,ha,Actual,PL4
fcbaf40a6d42c480,2011,9,Trà Vinh,Provincial,Cultivation,Lúa,,Area_Planted,1010.0,ha,Actual,PL4
fcbaf40a6d42c480,2011,9,Trà Vinh,Provincial,Cultivation,Lúa,,Area_Planted,607.0,ha,Actual,PL4
bdd657e123b7bfc9,2011,9,Sóc Trăng,Provincial,Cultivation,Lúa,,Area_Planted,11737.0,ha,Actual,PL4
bdd657e123b7bfc9,2011,9,Sóc Trăng,Provincial,Cultivation,Lúa,,Area_Planted,3286.0,ha,Actual,PL4
bdd657e123b7bfc9,2011,9,Sóc Trăng,Provincial,Cultivation,Lúa,,Area_Planted,7964.0,ha,Actual,PL4
bdd657e123b7bfc9,2011,9,Sóc Trăng,Provincial,Cultivation,Lúa,,Area_Planted,3654.0,ha,Actual,PL4
bdd657e123b7bfc9,2011,9,Sóc Trăng,Provincial,Cultivation,Lúa,,Area_Planted,2675.0,ha,Actual,PL4
bdd657e123b7bfc9,2011,9,Sóc Trăng,Provincial,Cultivation,Lúa,,Area_Planted,772.0,ha,Actual,PL4
bdd657e123b7bfc9,2011,9,Sóc Trăng,Provincial,Cultivation,Lúa,,Area_Planted,863.0,ha,Actual,PL4
a66e46d61fb8a42f,2011,9,Bạc Liêu,Provincial,Cultivation,Lúa,,Area_Planted,26496.0,ha,Actual,PL4
a66e46d61fb8a42f,2011,9,Bạc Liêu,Provincial,Cultivation,Lúa,,Area_Planted,26496.0,ha,Actual,PL4
a66e46d61fb8a42f,2011,9,Bạc Liêu,Provincial,Cultivation,Lúa,,Area_Planted,1362.0,ha,Actual,PL4
a66e46d61fb8a42f,2011,9,Bạc Liêu,Provincial,Cultivation,Lúa,,Area_Planted,55.0,ha,Actual,PL4
a66e46d61fb8a42f,2011,9,Bạc Liêu,Provincial,Cultivation,Lúa,,Area_Planted,521.0,ha,Actual,PL4
a66e46d61fb8a42f,2011,9,Bạc Liêu,Provincial,Cultivation,Lúa,,Area_Planted,354.0,ha,Actual,PL4
a66e46d61fb8a42f,2011,9,Bạc Liêu,Provincial,Cultivation,Lúa,,Area_Planted,432.0,ha,Actual,PL4
dadc671e37a2b445,2011,9,Cà Mau,Provincial,Cultivation,Lúa,,Area_Planted,0.0,ha,Actual,PL4
35f1539468e2c505,2011,9,Miền Nam,Provincial,Cultivation,Lúa,,Area_Planted,312345.0,ha,Actual,PL5
f318743de3dff47a,2011,9,Miền Nam,Provincial,Cultivation,Đậu,,Area_Planted,13542.0,ha,Actual,PL5
68fa55ea0bc8ab93,2011,9,Miền Nam,Provincial,Cultivation,Lạc,,Area_Planted,77020.0,ha,Actual,PL5
35f1539468e2c505,2011,9,Miền Nam,Provincial,Cultivation,Lúa,,Area_Planted,34239.0,ha,Actual,PL5
10ee63b1446b5b30,2011,9,Miền Nam,Provincial,Cultivation,Thuốc lá,,Area_Planted,10443.0,ha,Actual,PL5
719c4d051f91fa7b,2011,9,Miền Nam,Provincial,Cultivation,Mía,,Area_Planted,154190.0,ha,Actual,PL5
35f1539468e2c505,2011,9,Miền Nam,Provincial,Cultivation,Lúa,,Area_Planted,17741.0,ha,Actual,PL5
35f1539468e2c505,2011,9,Miền Nam,Provincial,Cultivation,Lúa,,Area_Planted,5171.0,ha,Actual,PL5
35f1539468e2c505,2011,9,Miền Nam,Provincial,Cultivation,Lúa,,Area_Planted,373777.0,ha,Actual,PL5
35f1539468e2c505,2011,9,Miền Nam,Provincial,Cultivation,Lúa,,Area_Planted,11765817776.0,ha,Actual,PL5
80e4d44fa3cef9e4,2011,9,D.H Nam Trg B,Provincial,Cultivation,Đậu,,Area_Planted,858.0,ha,Actual,PL5
90e2d4d47ac63c17,2011,9,D.H Nam Trg B,Provincial,Cultivation,Lạc,,Area_Planted,26143.0,ha,Actual,PL5
0f30af26a2fdcdb9,2011,9,D.H Nam Trg B,Provincial,Cultivation,Lúa,,Area_Planted,6974.0,ha,Actual,PL5
594b19dc4d2e1d92,2011,9,D.H Nam Trg B,Provincial,Cultivation,Thuốc lá,,Area_Planted,1403.0,ha,Actual,PL5
f5386348deb0e4d8,2011,9,D.H Nam Trg B,Provincial,Cultivation,Mía,,Area_Planted,44745.0,ha,Actual,PL5
0f30af26a2fdcdb9,2011,9,D.H Nam Trg B,Provincial,Cultivation,Lúa,,Area_Planted,460.0,ha,Actual,PL5
0f30af26a2fdcdb9,2011,9,D.H Nam Trg B,Provincial,Cultivation,Lúa,,Area_Planted,37.0,ha,Actual,PL5
0f30af26a2fdcdb9,2011,9,D.H Nam Trg B,Provincial,Cultivation,Lúa,,Area_Planted,44875.0,ha,Actual,PL5
0f30af26a2fdcdb9,2011,9,D.H Nam Trg B,Provincial,Cultivation,Lúa,,Area_Planted,44875.0,ha,Actual,PL5
f5a74f5e32f0c6b1,2011,9,TP Đà Nẵng,Provincial,Cultivation,Lúa,,Area_Planted,1471.0,ha,Actual,PL5
95077e8e83170316,2011,9,TP Đà Nẵng,Provincial,Cultivation,Lạc,,Area_Planted,784.0,ha,Actual,PL5
f5a74f5e32f0c6b1,2011,9,TP Đà Nẵng,Provincial,Cultivation,Lúa,,Area_Planted,255.0,ha,Actual,PL5
b87228b31d95515a,2011,9,TP Đà Nẵng,Provincial,Cultivation,Thuốc lá,,Area_Planted,18.0,ha,Actual,PL5
5c75ddaff606e3da,2011,9,TP Đà Nẵng,Provincial,Cultivation,Mía,,Area_Planted,414.0,ha,Actual,PL5
f5a74f5e32f0c6b1,2011,9,TP Đà Nẵng,Provincial,Cultivation,Lúa,,Area_Planted,1174.0,ha,Actual,PL5
7bbd3e754549735c,2011,9,Quảng Nam,Provincial,Cultivation,Lúa,,Area_Planted,13350.0,ha,Actual,PL5
10a7b21615b95ec5,2011,9,Quảng Nam,Provincial,Cultivation,Lạc,,Area_Planted,9918.0,ha,Actual,PL5
7bbd3e754549735c,2011,9,Quảng Nam,Provincial,Cultivation,Lúa,,Area_Planted,2450.0,ha,Actual,PL5
1a87ace6ad94d2ff,2011,9,Quảng Nam,Provincial,Cultivation,Thuốc lá,,Area_Planted,450.0,ha,Actual,PL5
ce4ac9f8793e3aed,2011,9,Quảng Nam,Provincial,Cultivation,Mía,,Area_Planted,344.0,ha,Actual,PL5
7bbd3e754549735c,2011,9,Quảng Nam,Provincial,Cultivation,Lúa,,Area_Planted,188.0,ha,Actual,PL5
7bbd3e754549735c,2011,9,Quảng Nam,Provincial,Cultivation,Lúa,,Area_Planted,13565.0,ha,Actual,PL5
7bbd3e754549735c,2011,9,Quảng Nam,Provincial,Cultivation,Lúa,,Area_Planted,6812.0,ha,Actual,PL5
0a3a5f02ea21ca0e,2011,9,Quảng Ngãi,Provincial,Cultivation,Lúa,,Area_Planted,12011.0,ha,Actual,PL5
1a9104c168c92813,2011,9,Quảng Ngãi,Provincial,Cultivation,Đậu,,Area_Planted,65.0,ha,Actual,PL5
65175453264b601f,2011,9,Quảng Ngãi,Provincial,Cultivation,Lạc,,Area_Planted,5695.0,ha,Actual,PL5
b2ad2ba9e5152201,2011,9,Quảng Ngãi,Provincial,Cultivation,Thuốc lá,,Area_Planted,56.0,ha,Actual,PL5
8d3d60cbec70a657,2011,9,Quảng Ngãi,Provincial,Cultivation,Mía,,Area_Planted,6194.0,ha,Actual,PL5
0a3a5f02ea21ca0e,2011,9,Quảng Ngãi,Provincial,Cultivation,Lúa,,Area_Planted,12542.0,ha,Actual,PL5
0a3a5f02ea21ca0e,2011,9,Quảng Ngãi,Provincial,Cultivation,Lúa,,Area_Planted,3178.0,ha,Actual,PL5
97f3f727f861a660,2011,9,Bình Định,Provincial,Cultivation,Lúa,,Area_Planted,10344.0,ha,Actual,PL5
c4fd459687475ef2,2011,9,Bình Định,Provincial,Cultivation,Đậu,,Area_Planted,452.0,ha,Actual,PL5
82a9d2d833d5d9b0,2011,9,Bình Định,Provincial,Cultivation,Lạc,,Area_Planted,8436.0,ha,Actual,PL5
97f3f727f861a660,2011,9,Bình Định,Provincial,Cultivation,Lúa,,Area_Planted,1456.0,ha,Actual,PL5
97f3f727f861a660,2011,9,Bình Định,Provincial,Cultivation,Lúa,,Area_Planted,9684.0,ha,Actual,PL5
97f3f727f861a660,2011,9,Bình Định,Provincial,Cultivation,Lúa,,Area_Planted,1723.0,ha,Actual,PL5
8a063b1aa338d740,2011,9,Phú Yên,Provincial,Cultivation,Lúa,,Area_Planted,25235.0,ha,Actual,PL5
687c0e6fef7606ea,2011,9,Phú Yên,Provincial,Cultivation,Đậu,,Area_Planted,312.0,ha,Actual,PL5
bb0540e47903e97b,2011,9,Phú Yên,Provincial,Cultivation,Lạc,,Area_Planted,1046.0,ha,Actual,PL5
8a063b1aa338d740,2011,9,Phú Yên,Provincial,Cultivation,Lúa,,Area_Planted,2813.0,ha,Actual,PL5
fc83cc39006f9212,2011,9,Phú Yên,Provincial,Cultivation,Thuốc lá,,Area_Planted,504.0,ha,Actual,PL5
8f6cf46ac1fa1d38,2011,9,Phú Yên,Provincial,Cultivation,Mía,,Area_Planted,20251.0,ha,Actual,PL5
8a063b1aa338d740,2011,9,Phú Yên,Provincial,Cultivation,Lúa,,Area_Planted,272.0,ha,Actual,PL5
8a063b1aa338d740,2011,9,Phú Yên,Provincial,Cultivation,Lúa,,Area_Planted,37.0,ha,Actual,PL5
8a063b1aa338d740,2011,9,Phú Yên,Provincial,Cultivation,Lúa,,Area_Planted,3938.0,ha,Actual,PL5
8a063b1aa338d740,2011,9,Phú Yên,Provincial,Cultivation,Lúa,,Area_Planted,4742.0,ha,Actual,PL5
02950586ba65a990,2011,9,Khánh Hoà,Provincial,Cultivation,Lúa,,Area_Planted,18209.0,ha,Actual,PL5
4be3e88bb5646fdb,2011,9,Khánh Hoà,Provincial,Cultivation,Đậu,,Area_Planted,28.0,ha,Actual,PL5
e7c356df25d58c3e,2011,9,Khánh Hoà,Provincial,Cultivation,Lạc,,Area_Planted,264.0,ha,Actual,PL5
917fa5a7c024fdcf,2011,9,Khánh Hoà,Provincial,Cultivation,Thuốc lá,,Area_Planted,375.0,ha,Actual,PL5
e27cd8e79b39d28a,2011,9,Khánh Hoà,Provincial,Cultivation,Mía,,Area_Planted,17542.0,ha,Actual,PL5
02950586ba65a990,2011,9,Khánh Hoà,Provincial,Cultivation,Lúa,,Area_Planted,3972.0,ha,Actual,PL5
02950586ba65a990,2011,9,Khánh Hoà,Provincial,Cultivation,Lúa,,Area_Planted,1321.0,ha,Actual,PL5
f4eed96711033449,2011,9,Tây Nguyên,Provincial,Cultivation,Lúa,,Area_Planted,74306.0,ha,Actual,PL5
167b8fd12bc8401b,2011,9,Tây Nguyên,Provincial,Cultivation,Đậu,,Area_Planted,7843.0,ha,Actual,PL5
b987b94ac81726c4,2011,9,Tây Nguyên,Provincial,Cultivation,Lạc,,Area_Planted,17672.0,ha,Actual,PL5
f4eed96711033449,2011,9,Tây Nguyên,Provincial,Cultivation,Lúa,,Area_Planted,3432.0,ha,Actual,PL5
2069b91ae735e043,2011,9,Tây Nguyên,Provincial,Cultivation,Thuốc lá,,Area_Planted,3552.0,ha,Actual,PL5
00581860491ce5f9,2011,9,Tây Nguyên,Provincial,Cultivation,Mía,,Area_Planted,25830.0,ha,Actual,PL5
f4eed96711033449,2011,9,Tây Nguyên,Provincial,Cultivation,Lúa,,Area_Planted,15978.0,ha,Actual,PL5
f4eed96711033449,2011,9,Tây Nguyên,Provincial,Cultivation,Lúa,,Area_Planted,0.0,ha,Actual,PL5
f4eed96711033449,2011,9,Tây Nguyên,Provincial,Cultivation,Lúa,,Area_Planted,59597.0,ha,Actual,PL5
f4eed96711033449,2011,9,Tây Nguyên,Provincial,Cultivation,Lúa,,Area_Planted,64262.0,ha,Actual,PL5
bef082e428895635,2011,9,Kon Tum,Provincial,Cultivation,Lúa,,Area_Planted,1904.0,ha,Actual,PL5
a955055103e9b46e,2011,9,Kon Tum,Provincial,Cultivation,Đậu,,Area_Planted,39.0,ha,Actual,PL5
e1dfdaba49fd9fa4,2011,9,Kon Tum,Provincial,Cultivation,Lạc,,Area_Planted,95.0,ha,Actual,PL5
21e5e3777ee13a55,2011,9,Kon Tum,Provincial,Cultivation,Mía,,Area_Planted,1770.0,ha,Actual,PL5
bef082e428895635,2011,9,Kon Tum,Provincial,Cultivation,Lúa,,Area_Planted,1838.0,ha,Actual,PL5
bef082e428895635,2011,9,Kon Tum,Provincial,Cultivation,Lúa,,Area_Planted,521.0,ha,Actual,PL5
5822ee1918581521,2011,9,Gia Lai,Provincial,Cultivation,Lúa,,Area_Planted,18168.0,ha,Actual,PL5
15b66155506a212c,2011,9,Gia Lai,Provincial,Cultivation,Lạc,,Area_Planted,1380.0,ha,Actual,PL5
5822ee1918581521,2011,9,Gia Lai,Provincial,Cultivation,Lúa,,Area_Planted,2841.0,ha,Actual,PL5
edc9aa9ac3986dae,2011,9,Gia Lai,Provincial,Cultivation,Thuốc lá,,Area_Planted,3019.0,ha,Actual,PL5
640926e52e84b213,2011,9,Gia Lai,Provincial,Cultivation,Mía,,Area_Planted,9838.0,ha,Actual,PL5
5822ee1918581521,2011,9,Gia Lai,Provincial,Cultivation,Lúa,,Area_Planted,1090.0,ha,Actual,PL5
5822ee1918581521,2011,9,Gia Lai,Provincial,Cultivation,Lúa,,Area_Planted,12275.0,ha,Actual,PL5
5822ee1918581521,2011,9,Gia Lai,Provincial,Cultivation,Lúa,,Area_Planted,12991.0,ha,Actual,PL5
0511394c504050c7,2011,9,Đắc Lắc,Provincial,Cultivation,Lúa,,Area_Planted,43737.0,ha,Actual,PL5
0b2cbf8e10152bfb,2011,9,Đắc Lắc,Provincial,Cultivation,Đậu,,Area_Planted,7715.0,ha,Actual,PL5
87849e5c0ad637aa,2011,9,Đắc Lắc,Provincial,Cultivation,Lạc,,Area_Planted,6785.0,ha,Actual,PL5
0511394c504050c7,2011,9,Đắc Lắc,Provincial,Cultivation,Lúa,,Area_Planted,591.0,ha,Actual,PL5
af427aa31644f984,2011,9,Đắc Lắc,Provincial,Cultivation,Thuốc lá,,Area_Planted,533.0,ha,Actual,PL5
58bc49b1dda08ed9,2011,9,Đắc Lắc,Provincial,Cultivation,Mía,,Area_Planted,13225.0,ha,Actual,PL5
0511394c504050c7,2011,9,Đắc Lắc,Provincial,Cultivation,Lúa,,Area_Planted,14888.0,ha,Actual,PL5
0511394c504050c7,2011,9,Đắc Lắc,Provincial,Cultivation,Lúa,,Area_Planted,7786.0,ha,Actual,PL5
0511394c504050c7,2011,9,Đắc Lắc,Provincial,Cultivation,Lúa,,Area_Planted,24007.0,ha,Actual,PL5
4a7c529e2c993e06,2011,9,Đắc Nông,Provincial,Cultivation,Lúa,,Area_Planted,9299.0,ha,Actual,PL5
18ca413ecdf36328,2011,9,Đắc Nông,Provincial,Cultivation,Lạc,,Area_Planted,9299.0,ha,Actual,PL5
4a7c529e2c993e06,2011,9,Đắc Nông,Provincial,Cultivation,Lúa,,Area_Planted,905.0,ha,Actual,PL5
4a7c529e2c993e06,2011,9,Đắc Nông,Provincial,Cultivation,Lúa,,Area_Planted,25211.0,ha,Actual,PL5
0ea897b58b8ae5d3,2011,9,Lâm Đồng,Provincial,Cultivation,Lúa,,Area_Planted,1199.0,ha,Actual,PL5
e1f19c2e1c5052f0,2011,9,Lâm Đồng,Provincial,Cultivation,Đậu,,Area_Planted,89.0,ha,Actual,PL5
7411f97dc45d457c,2011,9,Lâm Đồng,Provincial,Cultivation,Lạc,,Area_Planted,113.0,ha,Actual,PL5
ec7fa465226cdf2d,2011,9,Lâm Đồng,Provincial,Cultivation,Mía,,Area_Planted,997.0,ha,Actual,PL5
0ea897b58b8ae5d3,2011,9,Lâm Đồng,Provincial,Cultivation,Lúa,,Area_Planted,36793.0,ha,Actual,PL5
0ea897b58b8ae5d3,2011,9,Lâm Đồng,Provincial,Cultivation,Lúa,,Area_Planted,1532.0,ha,Actual,PL5
c6a54b28aae1dc20,2011,9,Đông Nam Bộ,Provincial,Cultivation,Lúa,,Area_Planted,59969.0,ha,Actual,PL5
d47ca881a24ea2bb,2011,9,Đông Nam Bộ,Provincial,Cultivation,Đậu,,Area_Planted,573.0,ha,Actual,PL5
a0f2bd89c878b08b,2011,9,Đông Nam Bộ,Provincial,Cultivation,Lạc,,Area_Planted,21408.0,ha,Actual,PL5
c6a54b28aae1dc20,2011,9,Đông Nam Bộ,Provincial,Cultivation,Lúa,,Area_Planted,7645.0,ha,Actual,PL5
f38c8787b0c2830d,2011,9,Đông Nam Bộ,Provincial,Cultivation,Thuốc lá,,Area_Planted,5358.0,ha,Actual,PL5
2a207267764901f7,2011,9,Đông Nam Bộ,Provincial,Cultivation,Mía,,Area_Planted,23682.0,ha,Actual,PL5
c6a54b28aae1dc20,2011,9,Đông Nam Bộ,Provincial,Cultivation,Lúa,,Area_Planted,1303.0,ha,Actual,PL5
c6a54b28aae1dc20,2011,9,Đông Nam Bộ,Provincial,Cultivation,Lúa,,Area_Planted,0.0,ha,Actual,PL5
c6a54b28aae1dc20,2011,9,Đông Nam Bộ,Provincial,Cultivation,Lúa,,Area_Planted,59343.0,ha,Actual,PL5
c6a54b28aae1dc20,2011,9,Đông Nam Bộ,Provincial,Cultivation,Lúa,,Area_Planted,23762.0,ha,Actual,PL5
439f07363b41c27e,2011,9,TP Hồ Chí Min,Provincial,Cultivation,Mía,,Area_Planted,2300.0,ha,Actual,PL5
63247522a1b64a67,2011,9,TP Hồ Chí Min,Provincial,Cultivation,Lúa,,Area_Planted,10653.0,ha,Actual,PL5
07a502db3c484720,2011,9,Ninh Thuận,Provincial,Cultivation,Lúa,,Area_Planted,5746.0,ha,Actual,PL5
dd174b8daa7ab6bf,2011,9,Ninh Thuận,Provincial,Cultivation,Đậu,,Area_Planted,3.0,ha,Actual,PL5
3503888e3dd2da56,2011,9,Ninh Thuận,Provincial,Cultivation,Lạc,,Area_Planted,212.0,ha,Actual,PL5
07a502db3c484720,2011,9,Ninh Thuận,Provincial,Cultivation,Lúa,,Area_Planted,21.0,ha,Actual,PL5
f85e384b2781b03b,2011,9,Ninh Thuận,Provincial,Cultivation,Thuốc lá,,Area_Planted,782.0,ha,Actual,PL5
b019975a01cdfacd,2011,9,Ninh Thuận,Provincial,Cultivation,Mía,,Area_Planted,4645.0,ha,Actual,PL5
07a502db3c484720,2011,9,Ninh Thuận,Provincial,Cultivation,Lúa,,Area_Planted,83.0,ha,Actual,PL5
07a502db3c484720,2011,9,Ninh Thuận,Provincial,Cultivation,Lúa,,Area_Planted,4638.0,ha,Actual,PL5
07a502db3c484720,2011,9,Ninh Thuận,Provincial,Cultivation,Lúa,,Area_Planted,3476.0,ha,Actual,PL5
ed8ece3972416342,2011,9,Bình Phước,Provincial,Cultivation,Lúa,,Area_Planted,1231.0,ha,Actual,PL5
ca7dc70b746d8d55,2011,9,Bình Phước,Provincial,Cultivation,Đậu,,Area_Planted,106.0,ha,Actual,PL5
3efea912abe89d63,2011,9,Bình Phước,Provincial,Cultivation,Lạc,,Area_Planted,574.0,ha,Actual,PL5
ed8ece3972416342,2011,9,Bình Phước,Provincial,Cultivation,Lúa,,Area_Planted,41.0,ha,Actual,PL5
04c13b3495c2f4ec,2011,9,Bình Phước,Provincial,Cultivation,Thuốc lá,,Area_Planted,2.0,ha,Actual,PL5
a92caf4b3a675435,2011,9,Bình Phước,Provincial,Cultivation,Mía,,Area_Planted,482.0,ha,Actual,PL5
ed8ece3972416342,2011,9,Bình Phước,Provincial,Cultivation,Lúa,,Area_Planted,26.0,ha,Actual,PL5
ed8ece3972416342,2011,9,Bình Phước,Provincial,Cultivation,Lúa,,Area_Planted,2929.0,ha,Actual,PL5
ed8ece3972416342,2011,9,Bình Phước,Provincial,Cultivation,Lúa,,Area_Planted,1660.0,ha,Actual,PL5
663ccf58588022ca,2011,9,Tây Ninh,Provincial,Cultivation,Lúa,,Area_Planted,22423.0,ha,Actual,PL5
e0856691e13988b7,2011,9,Tây Ninh,Provincial,Cultivation,Lạc,,Area_Planted,13654.0,ha,Actual,PL5
663ccf58588022ca,2011,9,Tây Ninh,Provincial,Cultivation,Lúa,,Area_Planted,844.0,ha,Actual,PL5
eaadb3da7464aae8,2011,9,Tây Ninh,Provincial,Cultivation,Thuốc lá,,Area_Planted,3340.0,ha,Actual,PL5
b316bace2f425a88,2011,9,Tây Ninh,Provincial,Cultivation,Mía,,Area_Planted,4585.0,ha,Actual,PL5
663ccf58588022ca,2011,9,Tây Ninh,Provincial,Cultivation,Lúa,,Area_Planted,18637.0,ha,Actual,PL5
663ccf58588022ca,2011,9,Tây Ninh,Provincial,Cultivation,Lúa,,Area_Planted,7863.0,ha,Actual,PL5
9861fcb0a6b574cd,2011,9,Bình Dương,Provincial,Cultivation,Lúa,,Area_Planted,907.0,ha,Actual,PL5
41740c3193a77fdf,2011,9,Bình Dương,Provincial,Cultivation,Lạc,,Area_Planted,555.0,ha,Actual,PL5
9861fcb0a6b574cd,2011,9,Bình Dương,Provincial,Cultivation,Lúa,,Area_Planted,190.0,ha,Actual,PL5
d1a110068e058b32,2011,9,Bình Dương,Provincial,Cultivation,Mía,,Area_Planted,162.0,ha,Actual,PL5
9861fcb0a6b574cd,2011,9,Bình Dương,Provincial,Cultivation,Lúa,,Area_Planted,3499.0,ha,Actual,PL5
9861fcb0a6b574cd,2011,9,Bình Dương,Provincial,Cultivation,Lúa,,Area_Planted,736.0,ha,Actual,PL5
d73da52f20287aad,2011,9,Đồng Nai,Provincial,Cultivation,Lúa,,Area_Planted,9645.0,ha,Actual,PL5
01c772cd5afeb402,2011,9,Đồng Nai,Provincial,Cultivation,Đậu,,Area_Planted,464.0,ha,Actual,PL5
cf73cd7d677fbb50,2011,9,Đồng Nai,Provincial,Cultivation,Lạc,,Area_Planted,743.0,ha,Actual,PL5
d73da52f20287aad,2011,9,Đồng Nai,Provincial,Cultivation,Lúa,,Area_Planted,95.0,ha,Actual,PL5
af2fb22ae02b8776,2011,9,Đồng Nai,Provincial,Cultivation,Thuốc lá,,Area_Planted,1062.0,ha,Actual,PL5
36fa91ed04f999e2,2011,9,Đồng Nai,Provincial,Cultivation,Mía,,Area_Planted,7274.0,ha,Actual,PL5
d73da52f20287aad,2011,9,Đồng Nai,Provincial,Cultivation,Lúa,,Area_Planted,7.0,ha,Actual,PL5
d73da52f20287aad,2011,9,Đồng Nai,Provincial,Cultivation,Lúa,,Area_Planted,8856.0,ha,Actual,PL5
d73da52f20287aad,2011,9,Đồng Nai,Provincial,Cultivation,Lúa,,Area_Planted,4049.0,ha,Actual,PL5
8566382eba71a9a9,2011,9,Bình Thuận,Provincial,Cultivation,Lúa,,Area_Planted,16059.0,ha,Actual,PL5
aaf74c41817d1a34,2011,9,Bình Thuận,Provincial,Cultivation,Lạc,,Area_Planted,4720.0,ha,Actual,PL5
8566382eba71a9a9,2011,9,Bình Thuận,Provincial,Cultivation,Lúa,,Area_Planted,6257.0,ha,Actual,PL5
408c0e2bd56ca824,2011,9,Bình Thuận,Provincial,Cultivation,Thuốc lá,,Area_Planted,54.0,ha,Actual,PL5
6802d30038a93b3e,2011,9,Bình Thuận,Provincial,Cultivation,Mía,,Area_Planted,3894.0,ha,Actual,PL5
8566382eba71a9a9,2011,9,Bình Thuận,Provincial,Cultivation,Lúa,,Area_Planted,1134.0,ha,Actual,PL5
8566382eba71a9a9,2011,9,Bình Thuận,Provincial,Cultivation,Lúa,,Area_Planted,3817.0,ha,Actual,PL5
8566382eba71a9a9,2011,9,Bình Thuận,Provincial,Cultivation,Lúa,,Area_Planted,4148.0,ha,Actual,PL5
8362924e4fef50b6,2011,9,Bà Rịa-V.Tàu,Provincial,Cultivation,Lúa,,Area_Planted,1658.0,ha,Actual,PL5
1ce5127458ba4ef3,2011,9,Bà Rịa-V.Tàu,Provincial,Cultivation,Lạc,,Area_Planted,950.0,ha,Actual,PL5
8362924e4fef50b6,2011,9,Bà Rịa-V.Tàu,Provincial,Cultivation,Lúa,,Area_Planted,197.0,ha,Actual,PL5
de4119bef62d9f57,2011,9,Bà Rịa-V.Tàu,Provincial,Cultivation,Thuốc lá,,Area_Planted,118.0,ha,Actual,PL5
8703c3634c99b3c1,2011,9,Bà Rịa-V.Tàu,Provincial,Cultivation,Mía,,Area_Planted,340.0,ha,Actual,PL5
8362924e4fef50b6,2011,9,Bà Rịa-V.Tàu,Provincial,Cultivation,Lúa,,Area_Planted,53.0,ha,Actual,PL5
8362924e4fef50b6,2011,9,Bà Rịa-V.Tàu,Provincial,Cultivation,Lúa,,Area_Planted,6314.0,ha,Actual,PL5
8362924e4fef50b6,2011,9,Bà Rịa-V.Tàu,Provincial,Cultivation,Lúa,,Area_Planted,1830.0,ha,Actual,PL5
64160cd47b3d9bf0,2011,9,ĐBS Cửu Long,Provincial,Cultivation,Lúa,,Area_Planted,97450.0,ha,Actual,PL5
ae9d218df0a17275,2011,9,ĐBS Cửu Long,Provincial,Cultivation,Đậu,,Area_Planted,4268.0,ha,Actual,PL5
c8c6012632a9463e,2011,9,ĐBS Cửu Long,Provincial,Cultivation,Lạc,,Area_Planted,11797.0,ha,Actual,PL5
64160cd47b3d9bf0,2011,9,ĐBS Cửu Long,Provincial,Cultivation,Lúa,,Area_Planted,16188.0,ha,Actual,PL5
fbf59d12f35806c3,2011,9,ĐBS Cửu Long,Provincial,Cultivation,Thuốc lá,,Area_Planted,130.0,ha,Actual,PL5
7d485bcfa405713d,2011,9,ĐBS Cửu Long,Provincial,Cultivation,Mía,,Area_Planted,59933.0,ha,Actual,PL5
64160cd47b3d9bf0,2011,9,ĐBS Cửu Long,Provincial,Cultivation,Lúa,,Area_Planted,0.0,ha,Actual,PL5
64160cd47b3d9bf0,2011,9,ĐBS Cửu Long,Provincial,Cultivation,Lúa,,Area_Planted,5134.0,ha,Actual,PL5
64160cd47b3d9bf0,2011,9,ĐBS Cửu Long,Provincial,Cultivation,Lúa,,Area_Planted,209962.0,ha,Actual,PL5
64160cd47b3d9bf0,2011,9,ĐBS Cửu Long,Provincial,Cultivation,Lúa,,Area_Planted,11857.0,ha,Actual,PL5
2d525d8694e722d1,2011,9,Long An,Provincial,Cultivation,Lúa,,Area_Planted,24962.0,ha,Actual,PL5
0c591b579bf11020,2011,9,Long An,Provincial,Cultivation,Lạc,,Area_Planted,6227.0,ha,Actual,PL5
2d525d8694e722d1,2011,9,Long An,Provincial,Cultivation,Lúa,,Area_Planted,1782.0,ha,Actual,PL5
99d4c77ec847e3df,2011,9,Long An,Provincial,Cultivation,Thuốc lá,,Area_Planted,81.0,ha,Actual,PL5
2914701198fdd6aa,2011,9,Long An,Provincial,Cultivation,Mía,,Area_Planted,13276.0,ha,Actual,PL5
2d525d8694e722d1,2011,9,Long An,Provincial,Cultivation,Lúa,,Area_Planted,3596.0,ha,Actual,PL5
2d525d8694e722d1,2011,9,Long An,Provincial,Cultivation,Lúa,,Area_Planted,13465.0,ha,Actual,PL5
2d525d8694e722d1,2011,9,Long An,Provincial,Cultivation,Lúa,,Area_Planted,19.0,ha,Actual,PL5
7a0e525be3e550f9,2011,9,Đồng Tháp,Provincial,Cultivation,Lúa,,Area_Planted,8116.0,ha,Actual,PL5
e922a53216adfa18,2011,9,Đồng Tháp,Provincial,Cultivation,Đậu,,Area_Planted,2426.0,ha,Actual,PL5
e93496ac192b2900,2011,9,Đồng Tháp,Provincial,Cultivation,Lạc,,Area_Planted,236.0,ha,Actual,PL5
7a0e525be3e550f9,2011,9,Đồng Tháp,Provincial,Cultivation,Lúa,,Area_Planted,5050.0,ha,Actual,PL5
2d93379cf5782354,2011,9,Đồng Tháp,Provincial,Cultivation,Mía,,Area_Planted,209.0,ha,Actual,PL5
7a0e525be3e550f9,2011,9,Đồng Tháp,Provincial,Cultivation,Lúa,,Area_Planted,195.0,ha,Actual,PL5
7a0e525be3e550f9,2011,9,Đồng Tháp,Provincial,Cultivation,Lúa,,Area_Planted,11466.0,ha,Actual,PL5
7a0e525be3e550f9,2011,9,Đồng Tháp,Provincial,Cultivation,Lúa,,Area_Planted,1242.0,ha,Actual,PL5
14b3b7ae4f3bb5a6,2011,9,An Giang,Provincial,Cultivation,Lúa,,Area_Planted,3140.0,ha,Actual,PL5
8dbf2cfee6509078,2011,9,An Giang,Provincial,Cultivation,Đậu,,Area_Planted,242.0,ha,Actual,PL5
2a0856907eb3e758,2011,9,An Giang,Provincial,Cultivation,Lạc,,Area_Planted,638.0,ha,Actual,PL5
14b3b7ae4f3bb5a6,2011,9,An Giang,Provincial,Cultivation,Lúa,,Area_Planted,2108.0,ha,Actual,PL5
086f21f3450ae5c9,2011,9,An Giang,Provincial,Cultivation,Thuốc lá,,Area_Planted,49.0,ha,Actual,PL5
fdd314698b878da7,2011,9,An Giang,Provincial,Cultivation,Mía,,Area_Planted,70.0,ha,Actual,PL5
14b3b7ae4f3bb5a6,2011,9,An Giang,Provincial,Cultivation,Lúa,,Area_Planted,33.0,ha,Actual,PL5
14b3b7ae4f3bb5a6,2011,9,An Giang,Provincial,Cultivation,Lúa,,Area_Planted,32156.0,ha,Actual,PL5
14b3b7ae4f3bb5a6,2011,9,An Giang,Provincial,Cultivation,Lúa,,Area_Planted,3424.0,ha,Actual,PL5
0a283a73ec53dace,2011,9,Tiền Giang,Provincial,Cultivation,Lúa,,Area_Planted,577.0,ha,Actual,PL5
ea7a32ba175051e1,2011,9,Tiền Giang,Provincial,Cultivation,Đậu,,Area_Planted,218.0,ha,Actual,PL5
50cbf5945174f6e1,2011,9,Tiền Giang,Provincial,Cultivation,Lạc,,Area_Planted,129.0,ha,Actual,PL5
d0146365ca7e25d6,2011,9,Tiền Giang,Provincial,Cultivation,Mía,,Area_Planted,230.0,ha,Actual,PL5
0a283a73ec53dace,2011,9,Tiền Giang,Provincial,Cultivation,Lúa,,Area_Planted,36474.0,ha,Actual,PL5
0a283a73ec53dace,2011,9,Tiền Giang,Provincial,Cultivation,Lúa,,Area_Planted,134.0,ha,Actual,PL5
e2675b1d454a2899,2011,9,Vĩnh Long,Provincial,Cultivation,Lúa,,Area_Planted,2583.0,ha,Actual,PL5
fafaac74c5ea6fe2,2011,9,Vĩnh Long,Provincial,Cultivation,Đậu,,Area_Planted,912.0,ha,Actual,PL5
5052a0de77fa839a,2011,9,Vĩnh Long,Provincial,Cultivation,Lạc,,Area_Planted,29.0,ha,Actual,PL5
e2675b1d454a2899,2011,9,Vĩnh Long,Provincial,Cultivation,Lúa,,Area_Planted,1548.0,ha,Actual,PL5
aa94aa8121292890,2011,9,Vĩnh Long,Provincial,Cultivation,Mía,,Area_Planted,95.0,ha,Actual,PL5
e2675b1d454a2899,2011,9,Vĩnh Long,Provincial,Cultivation,Lúa,,Area_Planted,20734.0,ha,Actual,PL5
e2675b1d454a2899,2011,9,Vĩnh Long,Provincial,Cultivation,Lúa,,Area_Planted,822.0,ha,Actual,PL5
9db7577a198efe5a,2011,9,Bến Tre,Provincial,Cultivation,Lúa,,Area_Planted,5664.0,ha,Actual,PL5
cf6b2a7e048f60ae,2011,9,Bến Tre,Provincial,Cultivation,Lạc,,Area_Planted,324.0,ha,Actual,PL5
8bd4085ac2915d0b,2011,9,Bến Tre,Provincial,Cultivation,Mía,,Area_Planted,5340.0,ha,Actual,PL5
9db7577a198efe5a,2011,9,Bến Tre,Provincial,Cultivation,Lúa,,Area_Planted,6061.0,ha,Actual,PL5
9db7577a198efe5a,2011,9,Bến Tre,Provincial,Cultivation,Lúa,,Area_Planted,3.0,ha,Actual,PL5
4a10d7e17c038ac3,2011,9,Kiên Giang,Provincial,Cultivation,Lúa,,Area_Planted,4512.0,ha,Actual,PL5
73c5cffaa9b2dde8,2011,9,Kiên Giang,Provincial,Cultivation,Mía,,Area_Planted,4512.0,ha,Actual,PL5
4a10d7e17c038ac3,2011,9,Kiên Giang,Provincial,Cultivation,Lúa,,Area_Planted,2999.0,ha,Actual,PL5
692114b9ae59c532,2011,9,Cần Thơ,Provincial,Cultivation,Lúa,,Area_Planted,5951.0,ha,Actual,PL5
8124fa94688045f6,2011,9,Cần Thơ,Provincial,Cultivation,Đậu,,Area_Planted,232.0,ha,Actual,PL5
38a2929745adae99,2011,9,Cần Thơ,Provincial,Cultivation,Lạc,,Area_Planted,18.0,ha,Actual,PL5
692114b9ae59c532,2011,9,Cần Thơ,Provincial,Cultivation,Lúa,,Area_Planted,5701.0,ha,Actual,PL5
692114b9ae59c532,2011,9,Cần Thơ,Provincial,Cultivation,Lúa,,Area_Planted,582983.0,ha,Actual,PL5
692114b9ae59c532,2011,9,Cần Thơ,Provincial,Cultivation,Lúa,,Area_Planted,881.0,ha,Actual,PL5
545e5b82ae83466b,2011,9,Hậu Giang,Provincial,Cultivation,Lúa,,Area_Planted,13747.0,ha,Actual,PL5
87d929db8d55817b,2011,9,Hậu Giang,Provincial,Cultivation,Mía,,Area_Planted,13747.0,ha,Actual,PL5
545e5b82ae83466b,2011,9,Hậu Giang,Provincial,Cultivation,Lúa,,Area_Planted,13744.0,ha,Actual,PL5
545e5b82ae83466b,2011,9,Hậu Giang,Provincial,Cultivation,Lúa,,Area_Planted,561.0,ha,Actual,PL5
fcbaf40a6d42c480,2011,9,Trà Vinh,Provincial,Cultivation,Lúa,,Area_Planted,11677.0,ha,Actual,PL5
01d35a812a9d4775,2011,9,Trà Vinh,Provincial,Cultivation,Lạc,,Area_Planted,4025.0,ha,Actual,PL5
4d6d340bfb117eab,2011,9,Trà Vinh,Provincial,Cultivation,Mía,,Area_Planted,6433.0,ha,Actual,PL5
fcbaf40a6d42c480,2011,9,Trà Vinh,Provincial,Cultivation,Lúa,,Area_Planted,1219.0,ha,Actual,PL5
fcbaf40a6d42c480,2011,9,Trà Vinh,Provincial,Cultivation,Lúa,,Area_Planted,24570.0,ha,Actual,PL5
fcbaf40a6d42c480,2011,9,Trà Vinh,Provincial,Cultivation,Lúa,,Area_Planted,1026.0,ha,Actual,PL5
bdd657e123b7bfc9,2011,9,Sóc Trăng,Provincial,Cultivation,Lúa,,Area_Planted,14359.0,ha,Actual,PL5
b248eed67773e49c,2011,9,Sóc Trăng,Provincial,Cultivation,Đậu,,Area_Planted,238.0,ha,Actual,PL5
1555977eff1a1103,2011,9,Sóc Trăng,Provincial,Cultivation,Lạc,,Area_Planted,166.0,ha,Actual,PL5
dfea700455f6c15b,2011,9,Sóc Trăng,Provincial,Cultivation,Mía,,Area_Planted,13955.0,ha,Actual,PL5
bdd657e123b7bfc9,2011,9,Sóc Trăng,Provincial,Cultivation,Lúa,,Area_Planted,27022.0,ha,Actual,PL5
bdd657e123b7bfc9,2011,9,Sóc Trăng,Provincial,Cultivation,Lúa,,Area_Planted,3364.0,ha,Actual,PL5
a66e46d61fb8a42f,2011,9,Bạc Liêu,Provincial,Cultivation,Lúa,,Area_Planted,359.0,ha,Actual,PL5
2bc39b1ec3597129,2011,9,Bạc Liêu,Provincial,Cultivation,Lạc,,Area_Planted,5.0,ha,Actual,PL5
0587dc24741c25c1,2011,9,Bạc Liêu,Provincial,Cultivation,Mía,,Area_Planted,263.0,ha,Actual,PL5
a66e46d61fb8a42f,2011,9,Bạc Liêu,Provincial,Cultivation,Lúa,,Area_Planted,91.0,ha,Actual,PL5
a66e46d61fb8a42f,2011,9,Bạc Liêu,Provincial,Cultivation,Lúa,,Area_Planted,10266.0,ha,Actual,PL5
a66e46d61fb8a42f,2011,9,Bạc Liêu,Provincial,Cultivation,Lúa,,Area_Planted,382.0,ha,Actual,PL5
dadc671e37a2b445,2011,9,Cà Mau,Provincial,Cultivation,Lúa,,Area_Planted,1803.0,ha,Actual,PL5
b5ee015cea2f499f,2011,9,Cà Mau,Provincial,Cultivation,Mía,,Area_Planted,1803.0,ha,Actual,PL5
dadc671e37a2b445,2011,9,Cà Mau,Provincial,Cultivation,Lúa,,Area_Planted,5175.0,ha,Actual,PL5
e08ac02aa572d714,2011,9,Cả nước,National,Forestry,Rừng,,Area,710.0,1000_ha,Estimated,PL6
f4a07749d633f56e,2011,9,Cả nước,National,Forestry,Rừng,,Area,1826.0,1000_ha,Plan,PL6
e08ac02aa572d714,2011,9,Cả nước,National,Forestry,Rừng,,Area,325.0,1000_ha,Estimated,PL6
f4a07749d633f56e,2011,9,Cả nước,National,Forestry,Rừng,,Area,438.0,1000_ha,Plan,PL6
e08ac02aa572d714,2011,9,Cả nước,National,Forestry,Rừng,,Area,832.0,1000_ha,Estimated,PL6
f4a07749d633f56e,2011,9,Cả nước,National,Forestry,Rừng,,Area,1388.0,1000_ha,Plan,PL6
e08ac02aa572d714,2011,9,Cả nước,National,Forestry,Rừng,,Area,1079.0,1000_ha,Estimated,PL6
f4a07749d633f56e,2011,9,Cả nước,National,Forestry,Rừng,,Area,2844.0,1000_ha,Plan,PL6
e08ac02aa572d714,2011,9,Cả nước,National,Forestry,Rừng,,Area,1002.0,1000_ha,Estimated,PL6
f4a07749d633f56e,2011,9,Cả nước,National,Forestry,Rừng,,Area,1632.0,1000_ha,Plan,PL6
e08ac02aa572d714,2011,9,Cả nước,National,Forestry,Rừng,,Area,957.0,1000_ha,Estimated,PL6
f4a07749d633f56e,2011,9,Cả nước,National,Forestry,Rừng,,Area,7286.0,1000_ha,Plan,PL6
e08ac02aa572d714,2011,9,Cả nước,National,Forestry,Rừng,,Area,974.0,1000_ha,Estimated,PL6
f4a07749d633f56e,2011,9,Cả nước,National,Forestry,Rừng,,Area,24123.0,1000_ha,Plan,PL6
e08ac02aa572d714,2011,9,Cả nước,National,Forestry,Rừng,,Area,1119.0,1000_ha,Estimated,PL6
f4a07749d633f56e,2011,9,Cả nước,National,Forestry,Rừng,,Area,27408.0,1000_ha,Plan,PL6
a84b2af0da829d1f,2011,1,Cả nước,National,Trade,1,Xuất khẩu,Export_Volume,4.0,1000_ton,Actual,PL8
4f1fe84b320a3531,2011,1,Cả nước,National,Trade,1,Xuất khẩu,Export_Value,5.0,million_USD,Actual,PL8
41b522e6830f8d26,2011,1,Cả nước,National,Trade,Sản lượng khai thác,Xuất khẩu,Export_Volume,1973.0,1000_ton,Actual,PL8
3d2418fa78e0d361,2011,1,Cả nước,National,Trade,Sản lượng khai thác,Xuất khẩu,Export_Value,188.0,million_USD,Actual,PL8
f9a573729de7f694,2011,1,Cả nước,National,Trade,Khai thác biển,Xuất khẩu,Export_Volume,1833.0,1000_ton,Actual,PL8
b4c154d3b22cc800,2011,1,Cả nước,National,Trade,Khai thác biển,Xuất khẩu,Export_Value,158.0,million_USD,Actual,PL8
d381b45665c7debb,2011,1,Cả nước,National,Trade,Khai thác nội địa,Xuất khẩu,Export_Volume,140.0,1000_ton,Actual,PL8
f4dc45af7aa12d2d,2011,1,Cả nước,National,Trade,Khai thác nội địa,Xuất khẩu,Export_Value,30.0,million_USD,Actual,PL8
7fd9a36d842521f8,2011,1,Cả nước,National,Trade,Sản lượng nuôi trồng,Xuất khẩu,Export_Volume,2163.0,1000_ton,Actual,PL8
3e247a65516ad83c,2011,1,Cả nước,National,Trade,Sản lượng nuôi trồng,Xuất khẩu,Export_Value,296.0,million_USD,Actual,PL8
f13a350a1cfa5317,2011,9,Cả nước,National,Investment,"65,388",,Investment_Amount,20056.0,million_VND,Plan,PL9
aa57faee0c3dab61,2011,9,Cả nước,National,Investment,"65,388",,Investment_Amount,45332.0,million_VND,Cumulative,PL9
0d8498de071a73d5,2011,9,Cả nước,National,Investment,"73,761",,Investment_Amount,38269.0,million_VND,Plan,PL9
0b17abbd07688b02,2011,9,Cả nước,National,Investment,"73,761",,Investment_Amount,35492.0,million_VND,Cumulative,PL9
d1fc40da59a027b2,2011,9,Cả nước,National,Investment,"123,957",,Investment_Amount,76234.0,million_VND,Plan,PL9
c2b8afbb0fed733b,2011,9,Cả nước,National,Investment,"123,957",,Investment_Amount,47723.0,million_VND,Cumulative,PL9
1b640694a5f1c16e,2011,9,Cả nước,National,Investment,"74,270",,Investment_Amount,43110.0,million_VND,Plan,PL9
8d55f0b8f5b15178,2011,9,Cả nước,National,Investment,"74,270",,Investment_Amount,31160.0,million_VND,Cumulative,PL9
08576943a384a020,2011,9,Cả nước,National,Investment,"19,983",,Investment_Amount,16343.0,million_VND,Plan,PL9
e79e13f298e8fa69,2011,9,Cả nước,National,Investment,"19,983",,Investment_Amount,3640.0,million_VND,Cumulative,PL9
43bdc6f7c35766a5,2011,9,Cả nước,National,Investment,"78,360",,Investment_Amount,21953.0,million_VND,Plan,PL9
85ad2fe296f89649,2011,9,Cả nước,National,Investment,"78,360",,Investment_Amount,56407.0,million_VND,Cumulative,PL9
c81c2d1b8d111091,2011,9,Cả nước,National,Investment,"89,786",,Investment_Amount,33355.0,million_VND,Plan,PL9
396ad195b3c1f838,2011,9,Cả nước,National,Investment,"89,786",,Investment_Amount,56431.0,million_VND,Cumulative,PL9
a4c438def73133b5,2011,9,Cả nước,National,Investment,"28,120",,Investment_Amount,9290.0,million_VND,Plan,PL9
b3bdb246ec6135e1,2011,9,Cả nước,National,Investment,"28,120",,Investment_Amount,18830.0,million_VND,Cumulative,PL9
b7f76252422041df,2011,9,Cả nước,National,Investment,"39,548",,Investment_Amount,7163.0,million_VND,Plan,PL9
011fd1f41ee7fac6,2011,9,Cả nước,National,Investment,"39,548",,Investment_Amount,32385.0,million_VND,Cumulative,PL9
88f809c391c04d32,2011,9,Cả nước,National,Investment,"19,278",,Investment_Amount,6428.0,million_VND,Plan,PL9
569f304ef6b38b3d,2011,9,Cả nước,National,Investment,"19,278",,Investment_Amount,12850.0,million_VND,Cumulative,PL9
75bbeac50cb414b1,2011,9,Cả nước,National,Investment,"31,870",,Investment_Amount,6460.0,million_VND,Plan,PL9
be5c04052d682697,2011,9,Cả nước,National,Investment,"31,870",,Investment_Amount,25410.0,million_VND,Cumulative,PL9
c658b86fc305275d,2011,9,Cả nước,National,Investment,"32,570",,Investment_Amount,770.0,million_VND,Plan,PL9
820f1cc32f82fcf4,2011,9,Cả nước,National,Investment,"32,570",,Investment_Amount,31800.0,million_VND,Cumulative,PL9
77b858a74b7f1dc7,2011,9,Cả nước,National,Investment,"64,362",,Investment_Amount,12226.0,million_VND,Plan,PL9
9edf1f8e2f1a06b3,2011,9,Cả nước,National,Investment,"64,362",,Investment_Amount,52136.0,million_VND,Cumulative,PL9
46825ce6fecf70d2,2011,9,Cả nước,National,Investment,"91,996",,Investment_Amount,4024.0,million_VND,Plan,PL9
75f29dd6e05119cb,2011,9,Cả nước,National,Investment,"91,996",,Investment_Amount,87972.0,million_VND,Cumulative,PL9
2bf1c06376e6c1dc,2011,9,Cả nước,National,Investment,"121,964",,Investment_Amount,6202.0,million_VND,Plan,PL9
4eb20c37c614003a,2011,9,Cả nước,National,Investment,"121,964",,Investment_Amount,115762.0,million_VND,Cumulative,PL9
3c78fcafd92f97ce,2011,9,Cả nước,National,Investment,"48,068",,Investment_Amount,8483.0,million_VND,Plan,PL9
cb4c657ec15caa96,2011,9,Cả nước,National,Investment,"48,068",,Investment_Amount,39585.0,million_VND,Cumulative,PL9
4200833885d7c347,2011,9,Cả nước,National,Investment,"78,752",,Investment_Amount,12529.0,million_VND,Plan,PL9
f6a764005bdb76a8,2011,9,Cả nước,National,Investment,"78,752",,Investment_Amount,66223.0,million_VND,Cumulative,PL9
f32f82749863a358,2011,9,Cả nước,National,Investment,"59,722",,Investment_Amount,8714.0,million_VND,Plan,PL9
2fe823bb2ce17998,2011,9,Cả nước,National,Investment,"59,722",,Investment_Amount,51008.0,million_VND,Cumulative,PL9
0d93ffcaa2edb182,2011,9,Cả nước,National,Investment,"141,774",,Investment_Amount,10239.0,million_VND,Plan,PL9
af9bdcdee208de25,2011,9,Cả nước,National,Investment,"141,774",,Investment_Amount,131535.0,million_VND,Cumulative,PL9
15c26a4c63bd3dae,2011,9,Cả nước,National,Investment,"7,581",,Investment_Amount,5162.0,million_VND,Plan,PL9
70490757135260a6,2011,9,Cả nước,National,Investment,"7,581",,Investment_Amount,2419.0,million_VND,Cumulative,PL9
107f8157e0e38b12,2011,9,Cả nước,National,Investment,"204,374",,Investment_Amount,7284.0,million_VND,Plan,PL9
1b556282a7070fba,2011,9,Cả nước,National,Investment,"204,374",,Investment_Amount,197090.0,million_VND,Cumulative,PL9
a67ba79fd32d32d5,2011,9,Cả nước,National,Investment,"32,925",,Investment_Amount,16925.0,million_VND,Plan,PL9
48249d8c93c29820,2011,9,Cả nước,National,Investment,"32,925",,Investment_Amount,16000.0,million_VND,Cumulative,PL9
7cdb7f7f35f064e3,2011,9,Cả nước,National,Investment,"16,110",,Investment_Amount,5610.0,million_VND,Plan,PL9
6df407b8c789758c,2011,9,Cả nước,National,Investment,"16,110",,Investment_Amount,10500.0,million_VND,Cumulative,PL9
05a91a5f0501b023,2011,9,Cả nước,National,Investment,"176,270",,Investment_Amount,112252.0,million_VND,Plan,PL9
c34aa592de735acc,2011,9,Cả nước,National,Investment,"176,270",,Investment_Amount,64018.0,million_VND,Cumulative,PL9
f2dc5dac6134059f,2011,9,Cả nước,National,Investment,"236,004",,Investment_Amount,146670.0,million_VND,Plan,PL9
e37dced72f221a06,2011,9,Cả nước,National,Investment,"236,004",,Investment_Amount,89334.0,million_VND,Cumulative,PL9
ab9d7b276b3ad4a4,2011,9,Cả nước,National,Investment,"123,871",,Investment_Amount,67838.0,million_VND,Plan,PL9
6262e51f5a89ae34,2011,9,Cả nước,National,Investment,"123,871",,Investment_Amount,56033.0,million_VND,Cumulative,PL9
06e9f7f4cda0bb77,2011,9,Cả nước,National,Investment,"105,578",,Investment_Amount,98678.0,million_VND,Plan,PL9
662c510945cb988f,2011,9,Cả nước,National,Investment,"105,578",,Investment_Amount,6900.0,million_VND,Cumulative,PL9
e9adbe39954ab4e2,2011,9,Cả nước,National,Investment,"300,740",,Investment_Amount,293641.0,million_VND,Plan,PL9
39b1487250097114,2011,9,Cả nước,National,Investment,"300,740",,Investment_Amount,7099.0,million_VND,Cumulative,PL9
462343f2735537df,2011,9,Cả nước,National,Investment,"248,176",,Investment_Amount,232179.0,million_VND,Plan,PL9
39141cb5fd98d487,2011,9,Cả nước,National,Investment,"248,176",,Investment_Amount,15997.0,million_VND,Cumulative,PL9
31756ac4fbfd50fc,2011,9,Cả nước,National,Investment,"367,938",,Investment_Amount,74929.0,million_VND,Plan,PL9
d36b5984602f5cb3,2011,9,Cả nước,National,Investment,"367,938",,Investment_Amount,293009.0,million_VND,Cumulative,PL9
95ee1a8fa6cf51a7,2011,9,Cả nước,National,Investment,"150,044",,Investment_Amount,145044.0,million_VND,Plan,PL9
bcbe596ff1a0bf51,2011,9,Cả nước,National,Investment,"150,044",,Investment_Amount,5000.0,million_VND,Cumulative,PL9
b8535a063057e35c,2011,9,Cả nước,National,Investment,"34,296",,Investment_Amount,32048.0,million_VND,Plan,PL9
3094afa505d6990a,2011,9,Cả nước,National,Investment,"34,296",,Investment_Amount,2248.0,million_VND,Cumulative,PL9
dec9b57d15199377,2011,9,Cả nước,National,Investment,"81,591",,Investment_Amount,49678.0,million_VND,Plan,PL9
0b47f4271e0343a2,2011,9,Cả nước,National,Investment,"81,591",,Investment_Amount,31913.0,million_VND,Cumulative,PL9
c9d5aae82d5d093f,2011,9,Cả nước,National,Investment,"195,557",,Investment_Amount,117100.0,million_VND,Plan,PL9
ecae5b321cb5bbf3,2011,9,Cả nước,National,Investment,"195,557",,Investment_Amount,78457.0,million_VND,Cumulative,PL9
acb6fe6271d593af,2011,9,Cả nước,National,Investment,"291,457",,Investment_Amount,174093.0,million_VND,Plan,PL9
51fda9b514ccc83c,2011,9,Cả nước,National,Investment,"291,457",,Investment_Amount,117364.0,million_VND,Cumulative,PL9
