record_id,year,month,location_name,geo_level,sector,commodity,sub_item,attribute,value,unit,data_type,appendix_number
d15312d0-ea37-4b7c-b78b-371089c57cb3,2008,6,Miền Bắc,Regional,Cultivation,Lúa,Đông Xuân,Area_Harvested,969.4,1000_ha,Actual,PL1
211bd3a2-7d2b-4bb6-a6b1-913edf58dd0c,2009,6,Miền Bắc,Regional,Cultivation,Lúa,Đông Xuân,Area_Harvested,84.8,1000_ha,Actual,PL1
47bd4dbe-c980-405a-8360-6d5492a2b5b5,2008,6,Cả Nước,Provincial,Cultivation,Lúa,Hè Thu,Area_Planted,2016.8,1000_ha,Actual,PL1
5be215e6-7111-4771-b3e4-d008fa32e02c,2008,6,Cả nước,National,Cultivation,Màu lương thực,,Area_Planted,1222.8,1000_ha,Actual,PL1
e8dfb971-b8ce-419b-be74-0b36df3678ec,2008,6,Cả nước,National,Cultivation,Khoai lang,,Area_Planted,112.9,1000_ha,Actual,PL1
0a3b8caa-40ac-40ac-b6fa-2bd923b6678e,2008,6,Cả nước,National,Cultivation,Sắn,,Area_Planted,306.2,1000_ha,Actual,PL1
fa06f441-beae-4698-b9e3-ea18d0cd4a4c,2008,6,Cả nước,National,Cultivation,Đậu tương,,Area_Planted,137.9,1000_ha,Actual,PL1
57984250-5e21-45bb-9bb0-c43f8450e5e8,2008,6,Cả nước,National,Cultivation,Mía,,Area_Planted,150.7,1000_ha,Actual,PL1
fd324546-8d6e-4f23-ad10-badc472b792a,2008,6,Cả nước,National,Cultivation,Rau đậu,,Area_Planted,533.6,1000_ha,Actual,PL1
fac3d7df-4a4e-4ed2-9d74-6e9e4a3af924,2008,6,Cả nước,National,Cultivation,Ngô,,Area_Planted,2051.0,1000_ha,Actual,PL1
35f7e5c6-c2d7-480d-ba53-3d31244fa51f,2009,6,Miền Bắc,Regional,Cultivation,Lúa,Đông Xuân,Area_Planted,1143879.0,ha,Actual,PL2
cd4f416f-67d4-4724-a38f-88b438bb9811,2009,6,Miền Bắc,Regional,Cultivation,Lúa,,Area_Planted,84.8,ha,Actual,PL2
40fff3c7-7ed7-43f7-8bba-3d5de976f77a,2009,6,Miền Bắc,Regional,Cultivation,Lúa,Hè Thu,Area_Planted,151693.0,ha,Actual,PL2
fa51edd0-ea14-4082-8045-04cb24411faa,2009,6,Miền Bắc,Regional,Cultivation,Lúa,,Area_Planted,174046.0,ha,Actual,PL2
00149403-4d66-40cc-a346-ac79ab971b1e,2009,6,Miền Bắc,Regional,Cultivation,Lúa,,Area_Planted,757967.0,ha,Actual,PL2
99060182-2215-4b1b-90f4-a8b8741ba0ac,2009,6,Miền Bắc,Regional,Cultivation,Lúa,,Area_Planted,546337.0,ha,Actual,PL2
d5309999-31cb-41cd-9017-68514b67220c,2009,6,Miền Bắc,Regional,Cultivation,Lúa,,Area_Planted,96210.0,ha,Actual,PL2
405a0ffe-33cc-42c6-9093-b8f646a59bd6,2009,6,Miền Bắc,Regional,Cultivation,Lúa,,Area_Planted,109711.0,ha,Actual,PL2
52f29cc0-a09a-430d-a079-3fcb846df9e8,2009,6,Miền Bắc,Regional,Cultivation,Lúa,,Area_Planted,8394.0,ha,Actual,PL2
4bd1b871-71e4-425b-928c-4f91bb515965,2009,6,ĐB sông Hồng,Provincial,Cultivation,Lúa,Đông Xuân,Area_Planted,549657.0,ha,Actual,PL2
02e20d13-d6c0-489b-8ffc-3d3e4eddb95c,2009,6,ĐB sông Hồng,Provincial,Cultivation,Lúa,,Area_Planted,98.7,ha,Actual,PL2
03ca621e-a65f-473f-a001-5c1426f7b078,2009,6,ĐB sông Hồng,Provincial,Cultivation,Lúa,Hè Thu,Area_Planted,37263.0,ha,Actual,PL2
6742abe5-79e0-4241-9bf3-512061ce9c47,2009,6,ĐB sông Hồng,Provincial,Cultivation,Lúa,,Area_Planted,5259.0,ha,Actual,PL2
e6254a12-19a9-4e66-97e3-329711011757,2009,6,ĐB sông Hồng,Provincial,Cultivation,Lúa,,Area_Planted,87136.0,ha,Actual,PL2
717c3736-0f01-43fd-8765-f0bc676516ad,2009,6,ĐB sông Hồng,Provincial,Cultivation,Lúa,,Area_Planted,62627.0,ha,Actual,PL2
0d29428d-8696-4121-99c9-527d4ab7f9cc,2009,6,ĐB sông Hồng,Provincial,Cultivation,Lúa,,Area_Planted,20331.0,ha,Actual,PL2
0e0f13cf-967c-48dc-8776-8604757716d0,2009,6,ĐB sông Hồng,Provincial,Cultivation,Lúa,,Area_Planted,4176.0,ha,Actual,PL2
327ed8e3-45a5-4d05-a625-70760e9b520d,2009,6,ĐB sông Hồng,Provincial,Cultivation,Lúa,,Area_Planted,2.0,ha,Actual,PL2
b8acc330-36e5-436c-b5a9-1f66daf68076,2009,6,Hà Nội,Provincial,Cultivation,Lúa,Đông Xuân,Area_Planted,99791.0,ha,Actual,PL2
145a5250-c51a-4fd7-940c-711eeff8c19e,2009,6,Hà Nội,Provincial,Cultivation,Lúa,,Area_Planted,98.7,ha,Actual,PL2
9086e312-cd52-4f2f-b833-a571f3651ac3,2009,6,Hà Nội,Provincial,Cultivation,Lúa,Hè Thu,Area_Planted,4682.0,ha,Actual,PL2
767d5064-3f24-4aaa-a508-e85a05fa54c0,2009,6,Hà Nội,Provincial,Cultivation,Lúa,,Area_Planted,22661.0,ha,Actual,PL2
67dd1e4a-8b7e-42ed-aeef-62234b80513c,2009,6,Hà Nội,Provincial,Cultivation,Lúa,,Area_Planted,17221.0,ha,Actual,PL2
20219594-c217-4136-bf86-95769f422f68,2009,6,Hà Nội,Provincial,Cultivation,Lúa,,Area_Planted,4540.0,ha,Actual,PL2
ab89e5f3-c0a9-41f0-bb88-d194abdcacd3,2009,6,Hà Nội,Provincial,Cultivation,Lúa,,Area_Planted,900.0,ha,Actual,PL2
09221e84-06f3-4ab4-863f-6669747b13ca,2009,6,Hải Phòng,Provincial,Cultivation,Lúa,Đông Xuân,Area_Planted,40125.0,ha,Actual,PL2
cce16974-b518-4638-98eb-ac7dd8ca7f40,2009,6,Hải Phòng,Provincial,Cultivation,Lúa,,Area_Planted,99.6,ha,Actual,PL2
917f8ac1-5a90-4134-aa87-5a77047445dc,2009,6,Hải Phòng,Provincial,Cultivation,Lúa,Hè Thu,Area_Planted,200.0,ha,Actual,PL2
8c748f73-17f1-4e1f-9e56-07770a7acf43,2009,6,Hải Phòng,Provincial,Cultivation,Lúa,,Area_Planted,7567.0,ha,Actual,PL2
d8784642-c9a9-4a38-9fc8-6ec71f3933ad,2009,6,Hải Phòng,Provincial,Cultivation,Lúa,,Area_Planted,4700.0,ha,Actual,PL2
d88e33b6-b4af-4085-8f91-bb912046b640,2009,6,Hải Phòng,Provincial,Cultivation,Lúa,,Area_Planted,2867.0,ha,Actual,PL2
ca2d8eb4-bae9-478c-aeee-128f16dd8dd7,2009,6,Vĩnh Phúc,Provincial,Cultivation,Lúa,Đông Xuân,Area_Planted,31020.0,ha,Actual,PL2
08f11ef0-e765-478b-a0df-3f01b1b52069,2009,6,Vĩnh Phúc,Provincial,Cultivation,Lúa,,Area_Planted,100.0,ha,Actual,PL2
0df6f2e5-80a7-42d9-b509-656e2850c51b,2009,6,Vĩnh Phúc,Provincial,Cultivation,Lúa,,Area_Planted,2709.0,ha,Actual,PL2
2a36743a-ff19-4d17-bdaf-dcf6c397dcda,2009,6,Vĩnh Phúc,Provincial,Cultivation,Lúa,,Area_Planted,6387.0,ha,Actual,PL2
b903e306-5ef0-45ae-82d0-337afe151337,2009,6,Vĩnh Phúc,Provincial,Cultivation,Lúa,,Area_Planted,4785.0,ha,Actual,PL2
5e47e403-cb01-44bc-9e98-24ac1018be55,2009,6,Vĩnh Phúc,Provincial,Cultivation,Lúa,,Area_Planted,324.0,ha,Actual,PL2
b30feabc-dc37-40b2-9d0a-a26d61773c9f,2009,6,Vĩnh Phúc,Provincial,Cultivation,Lúa,,Area_Planted,1276.0,ha,Actual,PL2
e1ac090f-a5fd-4fc5-9ccd-7b3fb41c2d3f,2009,6,Vĩnh Phúc,Provincial,Cultivation,Lúa,,Area_Planted,2.0,ha,Actual,PL2
d55f9e29-15c2-495a-89c1-c85a4a806a1b,2009,6,Bắc Ninh,Provincial,Cultivation,Lúa,Đông Xuân,Area_Planted,37234.0,ha,Actual,PL2
3308b84f-9eaa-4165-9980-ff5a4a85cf2e,2009,6,Bắc Ninh,Provincial,Cultivation,Lúa,,Area_Planted,93.1,ha,Actual,PL2
6158ff62-4d06-421b-8e8a-11f55e9b74c0,2009,6,Bắc Ninh,Provincial,Cultivation,Lúa,Hè Thu,Area_Planted,157.0,ha,Actual,PL2
a78b73cf-305f-4656-8af7-b62d31c9f261,2009,6,Bắc Ninh,Provincial,Cultivation,Lúa,,Area_Planted,4503.0,ha,Actual,PL2
ef118f1d-8284-4f76-ab5f-f0679122efb6,2009,6,Bắc Ninh,Provincial,Cultivation,Lúa,,Area_Planted,3503.0,ha,Actual,PL2
7fd4f618-7cd9-448c-b9d1-3e6614927ff8,2009,6,Bắc Ninh,Provincial,Cultivation,Lúa,,Area_Planted,1000.0,ha,Actual,PL2
edc16453-6176-4c54-a749-898439247f9a,2009,6,Hải Dương,Provincial,Cultivation,Lúa,Đông Xuân,Area_Planted,63827.0,ha,Actual,PL2
b22656a1-6d20-4389-97c1-78f976b9a225,2009,6,Hải Dương,Provincial,Cultivation,Lúa,,Area_Planted,97.1,ha,Actual,PL2
32d6f0ff-146e-4515-a95b-7a4ebd155918,2009,6,Hải Dương,Provincial,Cultivation,Lúa,Hè Thu,Area_Planted,1805.0,ha,Actual,PL2
30351998-1578-4027-a623-ebc14d8ce327,2009,6,Hải Dương,Provincial,Cultivation,Lúa,,Area_Planted,1900.0,ha,Actual,PL2
e189ebad-ca57-4696-9579-a09848b8c4f1,2009,6,Hải Dương,Provincial,Cultivation,Lúa,,Area_Planted,5100.0,ha,Actual,PL2
5d5dfd65-2edf-4ad5-b776-36582b9ec862,2009,6,Hải Dương,Provincial,Cultivation,Lúa,,Area_Planted,3700.0,ha,Actual,PL2
2c10bacb-f59a-4f8a-a380-ba9cd2145ba2,2009,6,Hải Dương,Provincial,Cultivation,Lúa,,Area_Planted,1400.0,ha,Actual,PL2
56362123-48b7-4d29-89fd-8fb3d3125d7c,2009,6,Hưng Yên,Provincial,Cultivation,Lúa,Đông Xuân,Area_Planted,40323.0,ha,Actual,PL2
15e0820a-820c-477e-9705-018eccea55ed,2009,6,Hưng Yên,Provincial,Cultivation,Lúa,,Area_Planted,98.4,ha,Actual,PL2
aa7b09ea-1c72-4dd7-bdb2-c4f9082e26fd,2009,6,Hưng Yên,Provincial,Cultivation,Lúa,Hè Thu,Area_Planted,3000.0,ha,Actual,PL2
fbcabb82-a5c2-4a03-adec-1599464643f4,2009,6,Hưng Yên,Provincial,Cultivation,Lúa,,Area_Planted,9534.0,ha,Actual,PL2
8f97ebfd-1c19-4d72-a94e-866b9f007650,2009,6,Hưng Yên,Provincial,Cultivation,Lúa,,Area_Planted,8034.0,ha,Actual,PL2
e8fa93ea-a0fc-44c5-beca-a2084ccc2c84,2009,6,Hưng Yên,Provincial,Cultivation,Lúa,,Area_Planted,1500.0,ha,Actual,PL2
1b4298e9-b206-4b92-aff8-42f78984db46,2009,6,Hà Nam,Provincial,Cultivation,Lúa,Đông Xuân,Area_Planted,34282.0,ha,Actual,PL2
301e29f7-ed9b-455c-b53a-c48216e958f4,2009,6,Hà Nam,Provincial,Cultivation,Lúa,,Area_Planted,100.0,ha,Actual,PL2
29e9f0eb-b87b-465a-8bed-c3f8ab5d0d8f,2009,6,Hà Nam,Provincial,Cultivation,Lúa,,Area_Planted,3753.0,ha,Actual,PL2
39630406-4956-47ee-9bd0-1bfb1636dacd,2009,6,Hà Nam,Provincial,Cultivation,Lúa,,Area_Planted,3053.0,ha,Actual,PL2
2027b40b-4375-43e1-8828-3bac7bdb862d,2009,6,Hà Nam,Provincial,Cultivation,Lúa,,Area_Planted,700.0,ha,Actual,PL2
0f428929-910b-49fa-aca2-5990f3f926ce,2009,6,Nam Định,Provincial,Cultivation,Lúa,Đông Xuân,Area_Planted,78339.0,ha,Actual,PL2
e1872ee9-d08a-4b1e-af8e-7d69918516d1,2009,6,Nam Định,Provincial,Cultivation,Lúa,,Area_Planted,100.0,ha,Actual,PL2
6c027c8a-aeff-4064-a856-8c1043b88c46,2009,6,Nam Định,Provincial,Cultivation,Lúa,Hè Thu,Area_Planted,919.0,ha,Actual,PL2
2c0707b0-94af-4910-9659-1ab378153cd8,2009,6,Nam Định,Provincial,Cultivation,Lúa,,Area_Planted,5841.0,ha,Actual,PL2
3970ac15-c6ef-41a0-80d2-ceaf9b577355,2009,6,Nam Định,Provincial,Cultivation,Lúa,,Area_Planted,3841.0,ha,Actual,PL2
d1ef4508-7cd0-4a74-8b60-c95da16d1f77,2009,6,Nam Định,Provincial,Cultivation,Lúa,,Area_Planted,2000.0,ha,Actual,PL2
27a0428e-9bd6-4404-8d2a-1d73e3803df1,2009,6,Thái Bình,Provincial,Cultivation,Lúa,Đông Xuân,Area_Planted,83277.0,ha,Actual,PL2
48a6e3b6-d7b3-4b93-8b02-94b8f11d39b4,2009,6,Thái Bình,Provincial,Cultivation,Lúa,,Area_Planted,100.0,ha,Actual,PL2
efea31f3-5f85-4ed3-b6cb-22f378a51295,2009,6,Thái Bình,Provincial,Cultivation,Lúa,Hè Thu,Area_Planted,1500.0,ha,Actual,PL2
1bbc9266-5a6f-432a-843b-10b06827f485,2009,6,Thái Bình,Provincial,Cultivation,Lúa,,Area_Planted,500.0,ha,Actual,PL2
0eebc3c9-4687-4e9b-93d8-2fbd556370f8,2009,6,Thái Bình,Provincial,Cultivation,Lúa,,Area_Planted,12100.0,ha,Actual,PL2
93a6413f-25b6-4c9d-b104-e82c986277cb,2009,6,Thái Bình,Provincial,Cultivation,Lúa,,Area_Planted,8600.0,ha,Actual,PL2
cb2e0d6d-bd24-47a0-b041-82c1a4d599ee,2009,6,Thái Bình,Provincial,Cultivation,Lúa,,Area_Planted,3500.0,ha,Actual,PL2
4c8d00d2-56f8-4ebf-b4ed-017cb2371a4d,2009,6,Ninh Bình,Provincial,Cultivation,Lúa,Đông Xuân,Area_Planted,41439.0,ha,Actual,PL2
0ed5036e-390c-49b6-af00-9ed490912ce9,2009,6,Ninh Bình,Provincial,Cultivation,Lúa,,Area_Planted,98.9,ha,Actual,PL2
74ab1640-5f3d-4395-82b8-ef52928fcd37,2009,6,Ninh Bình,Provincial,Cultivation,Lúa,Hè Thu,Area_Planted,25000.0,ha,Actual,PL2
713105ac-6802-4426-9d06-cdf8f305ee09,2009,6,Ninh Bình,Provincial,Cultivation,Lúa,,Area_Planted,150.0,ha,Actual,PL2
d9027283-e2a7-4bad-bf7c-b4e00c7cec2b,2009,6,Ninh Bình,Provincial,Cultivation,Lúa,,Area_Planted,9690.0,ha,Actual,PL2
4ea8fbca-745e-41a3-8690-4a534d5716ba,2009,6,Ninh Bình,Provincial,Cultivation,Lúa,,Area_Planted,5190.0,ha,Actual,PL2
0e53c847-b6ed-4bba-b035-3be8239825bb,2009,6,Ninh Bình,Provincial,Cultivation,Lúa,,Area_Planted,2500.0,ha,Actual,PL2
dfa5593e-85aa-434c-8cba-8470eceb696f,2009,6,Ninh Bình,Provincial,Cultivation,Lúa,,Area_Planted,2000.0,ha,Actual,PL2
5316c135-53db-4545-b460-2175bb811ac7,2009,6,Đông Bắc,Provincial,Cultivation,Lúa,Đông Xuân,Area_Planted,219310.0,ha,Actual,PL2
132158d0-1d8c-4e88-b42b-f2bf9c2df0fb,2009,6,Đông Bắc,Provincial,Cultivation,Lúa,Hè Thu,Area_Planted,1953.0,ha,Actual,PL2
ea4cdafd-0804-4bb5-b816-5d1272239637,2009,6,Đông Bắc,Provincial,Cultivation,Lúa,,Area_Planted,6736.0,ha,Actual,PL2
f1219416-af95-4b3c-a155-c567a2d7cbb1,2009,6,Đông Bắc,Provincial,Cultivation,Lúa,,Area_Planted,268255.0,ha,Actual,PL2
5e01fc8c-7e6c-4f59-8da5-5799b01dc21f,2009,6,Đông Bắc,Provincial,Cultivation,Lúa,,Area_Planted,203988.0,ha,Actual,PL2
74a0e6ad-f99b-4176-8ab9-5d02c85b731b,2009,6,Đông Bắc,Provincial,Cultivation,Lúa,,Area_Planted,30722.0,ha,Actual,PL2
1582fd44-be43-4de8-a00a-2ae3f17bc0a8,2009,6,Đông Bắc,Provincial,Cultivation,Lúa,,Area_Planted,30832.0,ha,Actual,PL2
f45ace2d-ecec-435f-afdb-b211b4a24d41,2009,6,Đông Bắc,Provincial,Cultivation,Lúa,,Area_Planted,2713.0,ha,Actual,PL2
b23d02c6-619f-4535-8b55-6f70b8a1056b,2009,6,Hà Giang,Provincial,Cultivation,Lúa,Đông Xuân,Area_Planted,9818.0,ha,Actual,PL2
9dad8848-b902-4ead-881c-dbda7ec091ae,2009,6,Hà Giang,Provincial,Cultivation,Lúa,,Area_Planted,39481.0,ha,Actual,PL2
63e8c107-e2a2-4a75-87b5-1ea71eda02b3,2009,6,Hà Giang,Provincial,Cultivation,Lúa,,Area_Planted,38209.0,ha,Actual,PL2
bf08f217-ecfe-4e5e-8fdd-241cedd82f9b,2009,6,Hà Giang,Provincial,Cultivation,Lúa,,Area_Planted,433.0,ha,Actual,PL2
0238bcf8-3c48-4af4-aca4-e49afe012abf,2009,6,Hà Giang,Provincial,Cultivation,Lúa,,Area_Planted,839.0,ha,Actual,PL2
cdc3715c-cafb-45db-896e-403d6ebeb699,2009,6,Cao Bằng,Provincial,Cultivation,Lúa,Đông Xuân,Area_Planted,6575.0,ha,Actual,PL2
82c53c97-b081-47dc-87ea-43f168c0cb24,2009,6,Cao Bằng,Provincial,Cultivation,Lúa,,Area_Planted,24186.0,ha,Actual,PL2
5ff3cd0c-766b-4aa2-9249-b95693a29674,2009,6,Cao Bằng,Provincial,Cultivation,Lúa,,Area_Planted,24026.0,ha,Actual,PL2
31089b08-5e5f-4442-b06b-359f67cde2af,2009,6,Cao Bằng,Provincial,Cultivation,Lúa,,Area_Planted,80.0,ha,Actual,PL2
786a0181-6b3c-4b6c-9a70-63f7fa564266,2009,6,Cao Bằng,Provincial,Cultivation,Lúa,,Area_Planted,80.0,ha,Actual,PL2
996bdfaa-5ca5-459f-85b4-8a333ba57762,2009,6,Lào Cai,Provincial,Cultivation,Lúa,Đông Xuân,Area_Planted,9039.0,ha,Actual,PL2
73bef239-909d-4c20-822f-08413a40fedb,2009,6,Lào Cai,Provincial,Cultivation,Lúa,,Area_Planted,27.7,ha,Actual,PL2
50b496d3-f2b1-4408-80b9-4c38ee92970a,2009,6,Lào Cai,Provincial,Cultivation,Lúa,Hè Thu,Area_Planted,313.0,ha,Actual,PL2
92c263ea-ccae-4cd0-9d10-f1c4f09a9ed6,2009,6,Lào Cai,Provincial,Cultivation,Lúa,,Area_Planted,5500.0,ha,Actual,PL2
879e500f-5a70-4c93-a1c6-ae4ef4a81df4,2009,6,Lào Cai,Provincial,Cultivation,Lúa,,Area_Planted,30274.0,ha,Actual,PL2
0ac42415-544a-4b92-bcab-21de4da3f778,2009,6,Lào Cai,Provincial,Cultivation,Lúa,,Area_Planted,21262.0,ha,Actual,PL2
a6bcc0b3-8d95-48de-869d-36e6c6d25878,2009,6,Lào Cai,Provincial,Cultivation,Lúa,,Area_Planted,341.0,ha,Actual,PL2
c21d9218-8063-48ab-a735-276568b46f31,2009,6,Lào Cai,Provincial,Cultivation,Lúa,,Area_Planted,8000.0,ha,Actual,PL2
cc61bde9-2c0b-4906-bb3a-66412dd61cca,2009,6,Lào Cai,Provincial,Cultivation,Lúa,,Area_Planted,671.0,ha,Actual,PL2
f915f385-a54c-4384-82b3-f31e296cc009,2009,6,Bắc Cạn,Provincial,Cultivation,Lúa,Đông Xuân,Area_Planted,7518.0,ha,Actual,PL2
0cac167a-43b1-4ad8-92a5-6b950afbc8eb,2009,6,Bắc Cạn,Provincial,Cultivation,Lúa,Hè Thu,Area_Planted,140.0,ha,Actual,PL2
b0d667ba-bb71-429c-8abe-73694afcda17,2009,6,Bắc Cạn,Provincial,Cultivation,Lúa,,Area_Planted,1236.0,ha,Actual,PL2
c67ae1e4-0959-4fb4-8b01-25d600aed62c,2009,6,Bắc Cạn,Provincial,Cultivation,Lúa,,Area_Planted,23797.0,ha,Actual,PL2
b5b7fa44-6ef8-40c7-80b0-4cf54c30ebdf,2009,6,Bắc Cạn,Provincial,Cultivation,Lúa,,Area_Planted,21996.0,ha,Actual,PL2
33f8b57b-ebe0-4f7b-8a5d-c1cbdb203215,2009,6,Bắc Cạn,Provincial,Cultivation,Lúa,,Area_Planted,256.0,ha,Actual,PL2
97cde7e8-b411-4157-8f96-f57f03e02bd2,2009,6,Bắc Cạn,Provincial,Cultivation,Lúa,,Area_Planted,1345.0,ha,Actual,PL2
9bf37182-e68b-4fc4-b6ab-409e28deddc2,2009,6,Bắc Cạn,Provincial,Cultivation,Lúa,,Area_Planted,200.0,ha,Actual,PL2
6ee188e6-2370-4b73-bf0a-e27041a0efba,2009,6,Lạng Sơn,Provincial,Cultivation,Lúa,Đông Xuân,Area_Planted,14225.0,ha,Actual,PL2
8640861d-122e-4966-99c7-0b3ce4d6b1d0,2009,6,Lạng Sơn,Provincial,Cultivation,Lúa,,Area_Planted,15300.0,ha,Actual,PL2
438a8a3e-9aef-4414-a7af-648a82331e94,2009,6,Lạng Sơn,Provincial,Cultivation,Lúa,,Area_Planted,14000.0,ha,Actual,PL2
75f49aa1-3897-46a3-bd64-12f59ba868a7,2009,6,Lạng Sơn,Provincial,Cultivation,Lúa,,Area_Planted,900.0,ha,Actual,PL2
dd0a29f0-f5d1-48aa-849f-bb852644efc1,2009,6,Lạng Sơn,Provincial,Cultivation,Lúa,,Area_Planted,400.0,ha,Actual,PL2
095583b5-053d-4743-a566-8745237665f1,2009,6,Tuyên Quang,Provincial,Cultivation,Lúa,Đông Xuân,Area_Planted,19778.0,ha,Actual,PL2
694c73e3-77de-4ba9-b3cd-2de01d29f950,2009,6,Tuyên Quang,Provincial,Cultivation,Lúa,,Area_Planted,40.4,ha,Actual,PL2
348341ee-0465-40e3-bbd1-a511e127721f,2009,6,Tuyên Quang,Provincial,Cultivation,Lúa,Hè Thu,Area_Planted,1500.0,ha,Actual,PL2
c0c7c380-db0b-4611-81f9-39ed21bc7aa3,2009,6,Tuyên Quang,Provincial,Cultivation,Lúa,,Area_Planted,20174.0,ha,Actual,PL2
46bdfc61-6fcd-410d-ad49-039ce254727f,2009,6,Tuyên Quang,Provincial,Cultivation,Lúa,,Area_Planted,16174.0,ha,Actual,PL2
df752906-022f-4d9c-99ce-443c764c1c5b,2009,6,Tuyên Quang,Provincial,Cultivation,Lúa,,Area_Planted,4000.0,ha,Actual,PL2
e25730d1-2c86-4334-848f-b0459c5ace19,2009,6,Yên Bái,Provincial,Cultivation,Lúa,Đông Xuân,Area_Planted,17238.0,ha,Actual,PL2
b7e8cee3-af48-45be-bfec-948ad97c93bb,2009,6,Yên Bái,Provincial,Cultivation,Lúa,,Area_Planted,27421.0,ha,Actual,PL2
ddecd61d-4da1-488e-8a22-0978b18009fa,2009,6,Yên Bái,Provincial,Cultivation,Lúa,,Area_Planted,12530.0,ha,Actual,PL2
4781d053-0505-41fa-b7a9-d3902d70f910,2009,6,Yên Bái,Provincial,Cultivation,Lúa,,Area_Planted,1993.0,ha,Actual,PL2
b690b77c-bfe5-4b5d-a63a-63ad222c805f,2009,6,Yên Bái,Provincial,Cultivation,Lúa,,Area_Planted,12898.0,ha,Actual,PL2
c4b785b6-093a-4dcd-a8a0-410f19d4de6c,2009,6,Thái Nguyên,Provincial,Cultivation,Lúa,Đông Xuân,Area_Planted,28636.0,ha,Actual,PL2
26d96358-652a-48f4-b6b2-87ad7c925a7d,2009,6,Thái Nguyên,Provincial,Cultivation,Lúa,,Area_Planted,40.0,ha,Actual,PL2
5cbc5e55-0b00-467a-9d38-28a509de90d6,2009,6,Thái Nguyên,Provincial,Cultivation,Lúa,,Area_Planted,27251.0,ha,Actual,PL2
670b4ba9-9a7b-45c6-a7a2-9c3c59c96d98,2009,6,Thái Nguyên,Provincial,Cultivation,Lúa,,Area_Planted,16673.0,ha,Actual,PL2
8cbf8b6e-34bf-4a00-9b47-e13fd53054d1,2009,6,Thái Nguyên,Provincial,Cultivation,Lúa,,Area_Planted,6832.0,ha,Actual,PL2
7df636d3-54d9-4f2a-bc56-2106d3b8a57f,2009,6,Thái Nguyên,Provincial,Cultivation,Lúa,,Area_Planted,3746.0,ha,Actual,PL2
2c448dd8-73cb-4031-8a81-2dd72c4f967f,2009,6,Phú Thọ,Provincial,Cultivation,Lúa,Đông Xuân,Area_Planted,36925.0,ha,Actual,PL2
98be0b80-5464-43ac-9ab4-f93386fa931f,2009,6,Phú Thọ,Provincial,Cultivation,Lúa,,Area_Planted,67.7,ha,Actual,PL2
6a34245e-4be4-47e3-aa74-38bf046db087,2009,6,Phú Thọ,Provincial,Cultivation,Lúa,,Area_Planted,27674.0,ha,Actual,PL2
cf2fe85b-ff48-4c51-b787-3612b6720979,2009,6,Phú Thọ,Provincial,Cultivation,Lúa,,Area_Planted,24509.0,ha,Actual,PL2
f3d64c32-4659-49fa-ade3-a48dfa5af154,2009,6,Phú Thọ,Provincial,Cultivation,Lúa,,Area_Planted,3165.0,ha,Actual,PL2
2b0fd193-70ea-4a2a-a5ba-feec9a9ab3f5,2009,6,Bắc Giang,Provincial,Cultivation,Lúa,Đông Xuân,Area_Planted,52240.0,ha,Actual,PL2
e12e1e65-187b-454a-82dd-43575f40db18,2009,6,Bắc Giang,Provincial,Cultivation,Lúa,,Area_Planted,22774.0,ha,Actual,PL2
fc0b626a-12b3-4ed6-bd4a-fb837de7db3c,2009,6,Bắc Giang,Provincial,Cultivation,Lúa,,Area_Planted,9901.0,ha,Actual,PL2
e90fa20a-0d59-4a97-bdb0-86b97f31c2b0,2009,6,Bắc Giang,Provincial,Cultivation,Lúa,,Area_Planted,7507.0,ha,Actual,PL2
bc4c037f-f7e9-4094-99db-5a6a702a90f0,2009,6,Bắc Giang,Provincial,Cultivation,Lúa,,Area_Planted,4763.0,ha,Actual,PL2
b95174b7-06b4-4fce-9d2e-21e6a66aaffc,2009,6,Bắc Giang,Provincial,Cultivation,Lúa,,Area_Planted,603.0,ha,Actual,PL2
3c5bdad8-3125-4d31-ade6-3af1d404f860,2009,6,Quảng Ninh,Provincial,Cultivation,Lúa,Đông Xuân,Area_Planted,17318.0,ha,Actual,PL2
a24942f6-8b19-47f9-ac1e-9c77aebe93eb,2009,6,Quảng Ninh,Provincial,Cultivation,Lúa,,Area_Planted,74.8,ha,Actual,PL2
c0e9ed5e-b4ab-4960-a911-4e6f9b20c0b7,2009,6,Quảng Ninh,Provincial,Cultivation,Lúa,,Area_Planted,9923.0,ha,Actual,PL2
aca90865-7b9d-44cb-b5aa-8ca25af9a2b1,2009,6,Quảng Ninh,Provincial,Cultivation,Lúa,,Area_Planted,4708.0,ha,Actual,PL2
58503aef-11c5-4613-a2bd-fd37d143aa0c,2009,6,Quảng Ninh,Provincial,Cultivation,Lúa,,Area_Planted,5215.0,ha,Actual,PL2
a9d8d0fd-e626-49c7-a2e5-3159f91f7e37,2009,6,Tây Bắc,Provincial,Cultivation,Lúa,Đông Xuân,Area_Planted,38854.0,ha,Actual,PL2
066d301b-adae-45fd-8610-cca8b00f1d83,2009,6,Tây Bắc,Provincial,Cultivation,Lúa,,Area_Planted,68.9,ha,Actual,PL2
aab4e19f-dba2-4199-ab9f-6c83ac7257e1,2009,6,Tây Bắc,Provincial,Cultivation,Lúa,Hè Thu,Area_Planted,177.0,ha,Actual,PL2
1cc5d0d1-113c-47e6-815c-a72929ab387a,2009,6,Tây Bắc,Provincial,Cultivation,Lúa,,Area_Planted,32426.0,ha,Actual,PL2
de1e59f9-66bd-47ba-b769-be87bdf78a18,2009,6,Tây Bắc,Provincial,Cultivation,Lúa,,Area_Planted,207010.0,ha,Actual,PL2
9823691f-8cf9-4a4d-86ae-a6c26f50933b,2009,6,Tây Bắc,Provincial,Cultivation,Lúa,,Area_Planted,169425.0,ha,Actual,PL2
0871176b-0fef-476b-841a-0f9328328eaf,2009,6,Tây Bắc,Provincial,Cultivation,Lúa,,Area_Planted,5150.0,ha,Actual,PL2
d7231df0-3f15-42f0-aadd-e1e9ff262d8a,2009,6,Tây Bắc,Provincial,Cultivation,Lúa,,Area_Planted,28262.0,ha,Actual,PL2
696596dc-1521-494b-b7e9-fa9d28cbf0fd,2009,6,Tây Bắc,Provincial,Cultivation,Lúa,,Area_Planted,4173.0,ha,Actual,PL2
ac9c456b-9e62-44d4-b989-920b862ac73e,2009,6,Lai Châu,Provincial,Cultivation,Lúa,Đông Xuân,Area_Planted,5256.0,ha,Actual,PL2
2efe8e97-fa4c-487f-b46f-5a4b2785d3f4,2009,6,Lai Châu,Provincial,Cultivation,Lúa,,Area_Planted,41.1,ha,Actual,PL2
726d3fb3-4adf-4cd8-a932-f792cb6b5099,2009,6,Lai Châu,Provincial,Cultivation,Lúa,,Area_Planted,5000.0,ha,Actual,PL2
d5685511-051f-4bca-be96-3ab5c400b773,2009,6,Lai Châu,Provincial,Cultivation,Lúa,,Area_Planted,20774.0,ha,Actual,PL2
e44c09d2-9732-4ad3-a76d-2c270e7ace08,2009,6,Lai Châu,Provincial,Cultivation,Lúa,,Area_Planted,15524.0,ha,Actual,PL2
df349115-a36a-4781-b2e6-6fa402673404,2009,6,Lai Châu,Provincial,Cultivation,Lúa,,Area_Planted,0.0,ha,Actual,PL2
fbd8c5c4-8fa6-4fd0-b7ef-ecede3065859,2009,6,Lai Châu,Provincial,Cultivation,Lúa,,Area_Planted,5100.0,ha,Actual,PL2
c945a415-ac26-47c4-9a3c-20a46abbd7bb,2009,6,Lai Châu,Provincial,Cultivation,Lúa,,Area_Planted,150.0,ha,Actual,PL2
80c54590-c937-4faa-91ae-c651d1bc8d3b,2009,6,Điện Biên,Provincial,Cultivation,Lúa,Đông Xuân,Area_Planted,7872.0,ha,Actual,PL2
8c97821c-732f-42a9-8418-3a080180c0a3,2009,6,Điện Biên,Provincial,Cultivation,Lúa,,Area_Planted,70.0,ha,Actual,PL2
f187ae80-2ab8-4885-a9db-db062efa6605,2009,6,Điện Biên,Provincial,Cultivation,Lúa,Hè Thu,Area_Planted,150.0,ha,Actual,PL2
cf0cbf43-74b0-4bd3-ac5e-64f0661f9ce7,2009,6,Điện Biên,Provincial,Cultivation,Lúa,,Area_Planted,22391.0,ha,Actual,PL2
7372d67e-3279-4c89-ab45-1520566f493b,2009,6,Điện Biên,Provincial,Cultivation,Lúa,,Area_Planted,41076.0,ha,Actual,PL2
a2bd5547-1977-48d1-b4e8-512bf050d851,2009,6,Điện Biên,Provincial,Cultivation,Lúa,,Area_Planted,30576.0,ha,Actual,PL2
eeb54e85-c4d7-446c-82d9-d2ddb1514e68,2009,6,Điện Biên,Provincial,Cultivation,Lúa,,Area_Planted,0.0,ha,Actual,PL2
43ebb64d-037a-410d-939d-5e9c9dc80e9a,2009,6,Điện Biên,Provincial,Cultivation,Lúa,,Area_Planted,10500.0,ha,Actual,PL2
5bd74a9f-ce3f-4ca8-bae0-4ce046e166a5,2009,6,Sơn La,Provincial,Cultivation,Lúa,Đông Xuân,Area_Planted,9416.0,ha,Actual,PL2
374129b1-94b9-44f4-b071-4de492a1eef3,2009,6,Sơn La,Provincial,Cultivation,Lúa,,Area_Planted,34.1,ha,Actual,PL2
27aeeafd-82f1-4863-a399-ed4d7446d30e,2009,6,Sơn La,Provincial,Cultivation,Lúa,Hè Thu,Area_Planted,27.0,ha,Actual,PL2
2e171f34-9a7a-4e0c-8281-613eb5dcc60f,2009,6,Sơn La,Provincial,Cultivation,Lúa,,Area_Planted,5035.0,ha,Actual,PL2
0dd020f2-bf5c-4e0c-83a6-8d40d89e9a12,2009,6,Sơn La,Provincial,Cultivation,Lúa,,Area_Planted,102260.0,ha,Actual,PL2
e1fbdda4-a287-43b4-9083-9e642f06631c,2009,6,Sơn La,Provincial,Cultivation,Lúa,,Area_Planted,99325.0,ha,Actual,PL2
65bbdd58-54b4-4e08-8bf2-89152e641a24,2009,6,Sơn La,Provincial,Cultivation,Lúa,,Area_Planted,150.0,ha,Actual,PL2
50eea9a8-af65-4f47-8953-128b1d749c77,2009,6,Sơn La,Provincial,Cultivation,Lúa,,Area_Planted,2785.0,ha,Actual,PL2
9301e289-f94d-4c34-b53f-44cdc680a1e7,2009,6,Hoà Bình,Provincial,Cultivation,Lúa,Đông Xuân,Area_Planted,16310.0,ha,Actual,PL2
471e09a9-55d5-4b5b-b095-e3898746f07c,2009,6,Hoà Bình,Provincial,Cultivation,Lúa,,Area_Planted,97.5,ha,Actual,PL2
1f682b8e-8e52-479d-b56d-b75ace458107,2009,6,Hoà Bình,Provincial,Cultivation,Lúa,,Area_Planted,42900.0,ha,Actual,PL2
2e6c8b0c-4c2a-49f6-9336-38cee79f4fa5,2009,6,Hoà Bình,Provincial,Cultivation,Lúa,,Area_Planted,24000.0,ha,Actual,PL2
78d98de3-f721-4b2f-9b35-71caddc248b6,2009,6,Hoà Bình,Provincial,Cultivation,Lúa,,Area_Planted,5000.0,ha,Actual,PL2
29b413c9-f101-4db6-ba71-7ca7ac6e80a0,2009,6,Hoà Bình,Provincial,Cultivation,Lúa,,Area_Planted,12662.0,ha,Actual,PL2
dec03ea9-0989-43df-85fa-2b1868f34e94,2009,6,Hoà Bình,Provincial,Cultivation,Lúa,,Area_Planted,1238.0,ha,Actual,PL2
c22bba68-95e6-485c-922f-f78077c7eea9,2009,6,Bắc Trung Bộ,Provincial,Cultivation,Lúa,Đông Xuân,Area_Planted,336058.0,ha,Actual,PL2
c8455aa4-ca17-4825-a915-0a498cb2a10c,2009,6,Bắc Trung Bộ,Provincial,Cultivation,Lúa,,Area_Planted,100.0,ha,Actual,PL2
2f94795b-8aa4-466d-bb9b-ee09454063ca,2009,6,Bắc Trung Bộ,Provincial,Cultivation,Lúa,Hè Thu,Area_Planted,112300.0,ha,Actual,PL2
7ba25b7b-1f65-48a6-80b1-3c668e3f4129,2009,6,Bắc Trung Bộ,Provincial,Cultivation,Lúa,,Area_Planted,129625.0,ha,Actual,PL2
d2921a2b-d712-4105-88bf-2f75eaebe80d,2009,6,Bắc Trung Bộ,Provincial,Cultivation,Lúa,,Area_Planted,195566.0,ha,Actual,PL2
9ea441c4-7ea3-45ce-85b6-6fe1f8d26a62,2009,6,Bắc Trung Bộ,Provincial,Cultivation,Lúa,,Area_Planted,110297.0,ha,Actual,PL2
227a7714-f43d-4363-95d5-42e665e2ffca,2009,6,Bắc Trung Bộ,Provincial,Cultivation,Lúa,,Area_Planted,37322.0,ha,Actual,PL2
f097e7df-9c3c-493f-b9ac-049eefa5e423,2009,6,Bắc Trung Bộ,Provincial,Cultivation,Lúa,,Area_Planted,46441.0,ha,Actual,PL2
48731b8d-f045-42ac-bff5-992c6063e9dd,2009,6,Bắc Trung Bộ,Provincial,Cultivation,Lúa,,Area_Planted,1506.0,ha,Actual,PL2
1a50977f-45e4-491f-9985-1b243df0dbb6,2009,6,Thanh Hoá,Provincial,Cultivation,Lúa,Đông Xuân,Area_Planted,120000.0,ha,Actual,PL2
5e10bdda-fc4b-430a-8075-5f09dc160723,2009,6,Thanh Hoá,Provincial,Cultivation,Lúa,,Area_Planted,100.0,ha,Actual,PL2
76b6583d-c614-41f8-bc9e-b8e1035cfe00,2009,6,Thanh Hoá,Provincial,Cultivation,Lúa,Hè Thu,Area_Planted,112000.0,ha,Actual,PL2
cfa19acb-cd33-47c3-b818-0772b4257910,2009,6,Thanh Hoá,Provincial,Cultivation,Lúa,,Area_Planted,10545.0,ha,Actual,PL2
9dad2b7e-c3fb-4685-aa86-f4816c02a232,2009,6,Thanh Hoá,Provincial,Cultivation,Lúa,,Area_Planted,58555.0,ha,Actual,PL2
0f76679f-8bbf-4411-b0a5-d3bb02a4e89a,2009,6,Thanh Hoá,Provincial,Cultivation,Lúa,,Area_Planted,41000.0,ha,Actual,PL2
1c93581e-830f-4b48-9a1f-f06d77443b57,2009,6,Thanh Hoá,Provincial,Cultivation,Lúa,,Area_Planted,10555.0,ha,Actual,PL2
b3d57c49-3b2a-41a8-b78d-2cd8efb032fd,2009,6,Thanh Hoá,Provincial,Cultivation,Lúa,,Area_Planted,7000.0,ha,Actual,PL2
ebb77463-d0bb-4628-af33-3f2fcbe9ea89,2009,6,Nghệ An,Provincial,Cultivation,Lúa,Đông Xuân,Area_Planted,85720.0,ha,Actual,PL2
1e55c662-1b3c-4484-898f-f24ea85a8277,2009,6,Nghệ An,Provincial,Cultivation,Lúa,,Area_Planted,100.0,ha,Actual,PL2
c5f77ffd-3bfb-4ade-89be-963c319e0dea,2009,6,Nghệ An,Provincial,Cultivation,Lúa,,Area_Planted,30000.0,ha,Actual,PL2
8f4a0c58-561f-4bc7-958f-9ca93fa30f36,2009,6,Nghệ An,Provincial,Cultivation,Lúa,,Area_Planted,77058.0,ha,Actual,PL2
52503a33-aedd-4c1e-bcb0-be97a50f58d5,2009,6,Nghệ An,Provincial,Cultivation,Lúa,,Area_Planted,50713.0,ha,Actual,PL2
adde5f8c-09e9-48a4-9df2-fc57bb4016bf,2009,6,Nghệ An,Provincial,Cultivation,Lúa,,Area_Planted,10141.0,ha,Actual,PL2
12039ab6-f279-4d20-8e54-05c47af80302,2009,6,Nghệ An,Provincial,Cultivation,Lúa,,Area_Planted,16204.0,ha,Actual,PL2
7252ae10-744b-4197-b039-5f3f7b628893,2009,6,Hà Tĩnh,Provincial,Cultivation,Lúa,Đông Xuân,Area_Planted,53537.0,ha,Actual,PL2
49a36dba-3a0d-4833-8c7f-aee768c5d9f2,2009,6,Hà Tĩnh,Provincial,Cultivation,Lúa,,Area_Planted,100.0,ha,Actual,PL2
c3fb1be9-e2f0-482d-b856-e89734ee3d9a,2009,6,Hà Tĩnh,Provincial,Cultivation,Lúa,,Area_Planted,39000.0,ha,Actual,PL2
5ec21f53-d491-4d0a-b5e3-58d9c01ef4ae,2009,6,Hà Tĩnh,Provincial,Cultivation,Lúa,,Area_Planted,21157.0,ha,Actual,PL2
10e53e88-b2f0-42da-8450-f5c575c2a8e4,2009,6,Hà Tĩnh,Provincial,Cultivation,Lúa,,Area_Planted,8831.0,ha,Actual,PL2
ee18e312-d5aa-463a-a058-e428cd788ad5,2009,6,Hà Tĩnh,Provincial,Cultivation,Lúa,,Area_Planted,10326.0,ha,Actual,PL2
fb674aac-d9e4-438c-b9db-995176fe67a8,2009,6,Hà Tĩnh,Provincial,Cultivation,Lúa,,Area_Planted,2000.0,ha,Actual,PL2
ef2d353c-7905-4aec-83f6-8ef884f5df9d,2009,6,Quảng Bình,Provincial,Cultivation,Lúa,Đông Xuân,Area_Planted,27500.0,ha,Actual,PL2
d5a198bd-9b1f-42fc-a496-453072afa40e,2009,6,Quảng Bình,Provincial,Cultivation,Lúa,,Area_Planted,100.0,ha,Actual,PL2
178d3288-bbfc-4b90-8671-8a2edb28e307,2009,6,Quảng Bình,Provincial,Cultivation,Lúa,,Area_Planted,15000.0,ha,Actual,PL2
edf2de96-3388-4295-ba78-9e0a9e0ffa81,2009,6,Quảng Bình,Provincial,Cultivation,Lúa,,Area_Planted,12600.0,ha,Actual,PL2
12ecd22f-cc0b-41b7-8758-95fa999674c5,2009,6,Quảng Bình,Provincial,Cultivation,Lúa,,Area_Planted,5000.0,ha,Actual,PL2
d42e42b1-b3e7-474a-add1-3140f6b6d72e,2009,6,Quảng Bình,Provincial,Cultivation,Lúa,,Area_Planted,600.0,ha,Actual,PL2
d5e30a26-1168-4ecd-a23d-e4105c515553,2009,6,Quảng Bình,Provincial,Cultivation,Lúa,,Area_Planted,7000.0,ha,Actual,PL2
02a23470-354f-4a41-88c7-99b987476c19,2009,6,Quảng Trị,Provincial,Cultivation,Lúa,Đông Xuân,Area_Planted,23504.0,ha,Actual,PL2
ea82dcdb-ff66-4e7f-8bd7-dcd15d356d82,2009,6,Quảng Trị,Provincial,Cultivation,Lúa,,Area_Planted,100.0,ha,Actual,PL2
928b122e-33ca-4d55-8aaa-06f96f7f0c78,2009,6,Quảng Trị,Provincial,Cultivation,Lúa,,Area_Planted,13500.0,ha,Actual,PL2
4917672f-130d-403f-aa28-b821f1d378da,2009,6,Quảng Trị,Provincial,Cultivation,Lúa,,Area_Planted,14743.0,ha,Actual,PL2
1f83d9a9-91e1-4ac4-a657-f8affc7b6af0,2009,6,Quảng Trị,Provincial,Cultivation,Lúa,,Area_Planted,3000.0,ha,Actual,PL2
87ab1b43-70e5-4220-9944-fff6e12a306f,2009,6,Quảng Trị,Provincial,Cultivation,Lúa,,Area_Planted,2500.0,ha,Actual,PL2
cfac47bf-93b2-4cdd-9f2d-4b25bd8d0fb1,2009,6,Quảng Trị,Provincial,Cultivation,Lúa,,Area_Planted,8237.0,ha,Actual,PL2
3952d2da-6f93-422d-a315-df647be07108,2009,6,Quảng Trị,Provincial,Cultivation,Lúa,,Area_Planted,1006.0,ha,Actual,PL2
a31a8614-0ca2-454d-968c-0efcdebe3105,2009,6,T.Thiên Huế,Provincial,Cultivation,Lúa,Đông Xuân,Area_Planted,25797.0,ha,Actual,PL2
d8014b26-ef4b-4d12-afca-6150b8e82d10,2009,6,T.Thiên Huế,Provincial,Cultivation,Lúa,,Area_Planted,100.0,ha,Actual,PL2
b9328fc7-be12-44d0-92f6-05163b735dd6,2009,6,T.Thiên Huế,Provincial,Cultivation,Lúa,Hè Thu,Area_Planted,300.0,ha,Actual,PL2
7350e9c1-a26a-43a6-b3d1-fe8557b715ab,2009,6,T.Thiên Huế,Provincial,Cultivation,Lúa,,Area_Planted,21580.0,ha,Actual,PL2
d87c6b03-0c35-4978-ab8f-4d80a45ed822,2009,6,T.Thiên Huế,Provincial,Cultivation,Lúa,,Area_Planted,11453.0,ha,Actual,PL2
ce5ecd3b-d439-42b9-a2eb-26041b0f6d06,2009,6,T.Thiên Huế,Provincial,Cultivation,Lúa,,Area_Planted,1753.0,ha,Actual,PL2
eedd1790-b89f-4bcf-aa84-e318137a8039,2009,6,T.Thiên Huế,Provincial,Cultivation,Lúa,,Area_Planted,3200.0,ha,Actual,PL2
01e86c82-da6d-4037-8da8-07762cbf1b3a,2009,6,T.Thiên Huế,Provincial,Cultivation,Lúa,,Area_Planted,6000.0,ha,Actual,PL2
c8eaecd8-d912-4343-8942-c1a543f14669,2009,6,T.Thiên Huế,Provincial,Cultivation,Lúa,,Area_Planted,500.0,ha,Actual,PL2
29aafb4d-e39f-4a4d-bc78-34af512f877b,2009,6,Miền Bắc,Regional,Cultivation,Lúa,,Area_Planted,448251.0,ha,Actual,PL3
d07ba8db-8ede-4cf6-be69-7dd958f83703,2009,6,Miền Bắc,Regional,Cultivation,Đậu tương,,Area_Planted,114657.0,ha,Actual,PL3
6d367878-7c71-48e6-b5af-45634d6ae1e0,2009,6,Miền Bắc,Regional,Cultivation,Lạc,,Area_Planted,139745.0,ha,Actual,PL3
529cb55e-6dc2-4bdb-b687-f0bff0108181,2009,6,Miền Bắc,Regional,Cultivation,Mía,,Area_Planted,34863.0,ha,Actual,PL3
a0d73ecc-b14a-463d-b89e-4e2f62fa202d,2009,6,Miền Bắc,Regional,Cultivation,Thuốc lá,,Area_Planted,9703.0,ha,Actual,PL3
ddc6e134-e2e0-4fc4-ba15-35aa39218d09,2009,6,Miền Bắc,Regional,Cultivation,Thuốc lá,,Area_Planted,263525.0,ha,Actual,PL3
ce907aa3-d045-47be-8bb9-7ae67aaa3ae3,2009,6,ĐB sông Hồng,Provincial,Cultivation,Lúa,,Area_Planted,105684.0,ha,Actual,PL3
9cab0357-b069-471b-99d7-9a19e77aef23,2009,6,ĐB sông Hồng,Provincial,Cultivation,Đậu tương,,Area_Planted,73189.0,ha,Actual,PL3
99dd0fca-f953-4fed-bddd-39ff1459fe0c,2009,6,ĐB sông Hồng,Provincial,Cultivation,Lạc,,Area_Planted,29500.0,ha,Actual,PL3
44872549-5341-434c-a371-664cfdf78f0e,2009,6,ĐB sông Hồng,Provincial,Cultivation,Mía,,Area_Planted,758.0,ha,Actual,PL3
4bcc7887-c7b2-4572-b3e2-970b10ecafb2,2009,6,ĐB sông Hồng,Provincial,Cultivation,Thuốc lá,,Area_Planted,2237.0,ha,Actual,PL3
e8a61c66-2538-4d75-b6e9-4b43e3d39e31,2009,6,ĐB sông Hồng,Provincial,Cultivation,Thuốc lá,,Area_Planted,114242.0,ha,Actual,PL3
ece69ccb-1410-45ac-9e28-6719526f4499,2009,6,Hà Nội,Provincial,Cultivation,Lúa,,Area_Planted,42000.0,ha,Actual,PL3
3425e906-a770-4abf-80a8-a06d3f7bee76,2009,6,Hà Nội,Provincial,Cultivation,Đậu tương,,Area_Planted,35000.0,ha,Actual,PL3
6e378c0e-7c61-4e8d-8e67-2d47b0f837c0,2009,6,Hà Nội,Provincial,Cultivation,Lạc,,Area_Planted,7000.0,ha,Actual,PL3
7f0234fa-529f-41be-85d5-21cf6937c798,2009,6,Hà Nội,Provincial,Cultivation,Thuốc lá,,Area_Planted,20154.0,ha,Actual,PL3
d22bd3dc-ecd9-4c9e-8069-f5a2dfd5de8d,2009,6,Hải Phòng,Provincial,Cultivation,Lúa,,Area_Planted,2537.0,ha,Actual,PL3
54d6584f-4139-4be1-8f9d-469d5f2a980a,2009,6,Hải Phòng,Provincial,Cultivation,Đậu tương,,Area_Planted,200.0,ha,Actual,PL3
93b65026-5623-49e7-a915-6bed7e5451a5,2009,6,Hải Phòng,Provincial,Cultivation,Lạc,,Area_Planted,100.0,ha,Actual,PL3
eec18a69-1fce-4a02-8067-3b69a17c5fb1,2009,6,Hải Phòng,Provincial,Cultivation,Thuốc lá,,Area_Planted,2237.0,ha,Actual,PL3
4731d0be-dd66-48da-a8d6-7762b172b7ba,2009,6,Hải Phòng,Provincial,Cultivation,Thuốc lá,,Area_Planted,12353.0,ha,Actual,PL3
099e78a2-e107-4f43-b0d3-58953f097c88,2009,6,Vĩnh Phúc,Provincial,Cultivation,Lúa,,Area_Planted,15068.0,ha,Actual,PL3
a9a8e09c-98a6-475c-a2ac-1d03783cce6e,2009,6,Vĩnh Phúc,Provincial,Cultivation,Đậu tương,,Area_Planted,8637.0,ha,Actual,PL3
65b225ee-9107-4d32-ae1a-97fba361b19a,2009,6,Vĩnh Phúc,Provincial,Cultivation,Lạc,,Area_Planted,6381.0,ha,Actual,PL3
546dcc9d-5382-41f9-9aa4-238be120000a,2009,6,Vĩnh Phúc,Provincial,Cultivation,Mía,,Area_Planted,50.0,ha,Actual,PL3
ae323e07-ceac-4e5b-a6b3-c39d92510597,2009,6,Vĩnh Phúc,Provincial,Cultivation,Thuốc lá,,Area_Planted,4319.0,ha,Actual,PL3
048d1215-5545-4c30-8984-0e04b06cc9ee,2009,6,Bắc Ninh,Provincial,Cultivation,Lúa,,Area_Planted,3519.0,ha,Actual,PL3
b43ba41b-3f2d-4319-bd1d-9bf8c7208e0f,2009,6,Bắc Ninh,Provincial,Cultivation,Đậu tương,,Area_Planted,2466.0,ha,Actual,PL3
0600d44c-20a1-4b4c-85e0-752ea7fad509,2009,6,Bắc Ninh,Provincial,Cultivation,Lạc,,Area_Planted,1053.0,ha,Actual,PL3
05041135-8e3f-4f59-8963-28e4be8df8fb,2009,6,Bắc Ninh,Provincial,Cultivation,Thuốc lá,,Area_Planted,1730.0,ha,Actual,PL3
49a3f62b-5dd9-490f-9e63-ede2132b5ef6,2009,6,Hải Dương,Provincial,Cultivation,Lúa,,Area_Planted,200.0,ha,Actual,PL3
40225b95-3731-4928-80d7-6d7f30bf5bcc,2009,6,Hải Dương,Provincial,Cultivation,Đậu tương,,Area_Planted,200.0,ha,Actual,PL3
918e6547-4719-448c-a2d9-d877232a7210,2009,6,Hải Dương,Provincial,Cultivation,Lạc,,Area_Planted,0.0,ha,Actual,PL3
d73dee12-47a0-4b39-b486-9daf0d4709cb,2009,6,Hải Dương,Provincial,Cultivation,Thuốc lá,,Area_Planted,23968.0,ha,Actual,PL3
2a8b08b6-f6d6-486a-93e6-6ad090d402fd,2009,6,Hưng Yên,Provincial,Cultivation,Lúa,,Area_Planted,5188.0,ha,Actual,PL3
47708282-d9a0-4ea5-8279-216e1d5275c5,2009,6,Hưng Yên,Provincial,Cultivation,Đậu tương,,Area_Planted,3561.0,ha,Actual,PL3
e232d6f0-50c9-406f-9ece-3d14bc943a03,2009,6,Hưng Yên,Provincial,Cultivation,Lạc,,Area_Planted,1627.0,ha,Actual,PL3
dffe699d-4b2c-4cdf-b3ff-ecb2a627e2b5,2009,6,Hưng Yên,Provincial,Cultivation,Thuốc lá,,Area_Planted,12000.0,ha,Actual,PL3
1243fe2d-085f-482a-a4a4-cd9445535519,2009,6,Hà Nam,Provincial,Cultivation,Lúa,,Area_Planted,9000.0,ha,Actual,PL3
fe9dfc28-9532-4a0b-8180-ac30cde0a5fe,2009,6,Hà Nam,Provincial,Cultivation,Đậu tương,,Area_Planted,8500.0,ha,Actual,PL3
59db96d6-c3c9-4709-8075-ef8bc224ef99,2009,6,Hà Nam,Provincial,Cultivation,Lạc,,Area_Planted,500.0,ha,Actual,PL3
cd3bce59-4ab1-4982-a8a7-506358d26005,2009,6,Hà Nam,Provincial,Cultivation,Thuốc lá,,Area_Planted,5599.0,ha,Actual,PL3
8716f1ac-2b97-4f2d-b694-d0542218f1be,2009,6,Nam Định,Provincial,Cultivation,Lúa,,Area_Planted,7789.0,ha,Actual,PL3
153c24a3-942e-4c88-aff5-2439effcbb20,2009,6,Nam Định,Provincial,Cultivation,Đậu tương,,Area_Planted,1550.0,ha,Actual,PL3
ffe4a83b-8c80-4dd5-b085-66bce8ac334c,2009,6,Nam Định,Provincial,Cultivation,Lạc,,Area_Planted,6239.0,ha,Actual,PL3
d4ac5985-5a39-421c-accf-c67038ed5bd7,2009,6,Nam Định,Provincial,Cultivation,Thuốc lá,,Area_Planted,13000.0,ha,Actual,PL3
32e33963-f00d-4df0-941b-ae9282981828,2009,6,Thái Bình,Provincial,Cultivation,Lúa,,Area_Planted,8100.0,ha,Actual,PL3
398c9d9d-b29b-4336-a9c7-e41a27d4e04b,2009,6,Thái Bình,Provincial,Cultivation,Đậu tương,,Area_Planted,6000.0,ha,Actual,PL3
1bda23ce-da9d-489a-814c-f17c4e38e344,2009,6,Thái Bình,Provincial,Cultivation,Lạc,,Area_Planted,2100.0,ha,Actual,PL3
3614c4e3-1e0d-466f-ae85-fcb3dca56d7f,2009,6,Thái Bình,Provincial,Cultivation,Thuốc lá,,Area_Planted,15438.0,ha,Actual,PL3
e2d14bb0-b941-4526-963c-ccb19d9b8336,2009,6,Ninh Bình,Provincial,Cultivation,Lúa,,Area_Planted,12283.0,ha,Actual,PL3
b56c4466-877d-4da4-aea0-1e9a0ea0d889,2009,6,Ninh Bình,Provincial,Cultivation,Đậu tương,,Area_Planted,7075.0,ha,Actual,PL3
0f472fbc-ad71-43f3-a917-673080b5d6bd,2009,6,Ninh Bình,Provincial,Cultivation,Lạc,,Area_Planted,4500.0,ha,Actual,PL3
28250e73-dfc8-4ee5-9424-bf89912d6137,2009,6,Ninh Bình,Provincial,Cultivation,Mía,,Area_Planted,708.0,ha,Actual,PL3
f5675fc1-e5d6-4656-bfc2-861390ef7a82,2009,6,Ninh Bình,Provincial,Cultivation,Thuốc lá,,Area_Planted,5681.0,ha,Actual,PL3
3a71d2c7-caf3-4b49-8176-88dbeead1ada,2009,6,Đông Bắc,Provincial,Cultivation,Lúa,,Area_Planted,135007.0,ha,Actual,PL3
49a457d4-97bd-4c0a-8d19-f9b83056c350,2009,6,Đông Bắc,Provincial,Cultivation,Đậu tương,,Area_Planted,20864.0,ha,Actual,PL3
8380bf4f-bf82-4f9c-9b6d-4aebb29b69ad,2009,6,Đông Bắc,Provincial,Cultivation,Lạc,,Area_Planted,32279.0,ha,Actual,PL3
9f56edc5-677c-440d-96de-fe041fd99426,2009,6,Đông Bắc,Provincial,Cultivation,Mía,,Area_Planted,2538.0,ha,Actual,PL3
e083975d-deb6-4fe4-b2c5-543b4278e005,2009,6,Đông Bắc,Provincial,Cultivation,Thuốc lá,,Area_Planted,7286.0,ha,Actual,PL3
d0bb4ec8-2a03-4577-93bb-d7dcd7d0ef34,2009,6,Đông Bắc,Provincial,Cultivation,Thuốc lá,,Area_Planted,72040.0,ha,Actual,PL3
f4ff944a-158c-4763-830e-c2e54e427e25,2009,6,Hà Giang,Provincial,Cultivation,Lúa,,Area_Planted,20586.0,ha,Actual,PL3
e0ffd980-96a1-4512-a294-7b1ed89803ae,2009,6,Hà Giang,Provincial,Cultivation,Đậu tương,,Area_Planted,7543.0,ha,Actual,PL3
9278b30f-1ad4-4b11-83c3-b01c4071cbfe,2009,6,Hà Giang,Provincial,Cultivation,Lạc,,Area_Planted,4553.0,ha,Actual,PL3
16512374-8658-49be-b2b2-99d52166f237,2009,6,Hà Giang,Provincial,Cultivation,Thuốc lá,,Area_Planted,8490.0,ha,Actual,PL3
4d230f75-377e-4653-9ba1-d7f1a4e64a35,2009,6,Cao Bằng,Provincial,Cultivation,Lúa,,Area_Planted,5881.0,ha,Actual,PL3
2febe296-9cc2-4f24-b4a1-582dcd2ea61f,2009,6,Cao Bằng,Provincial,Cultivation,Đậu tương,,Area_Planted,994.0,ha,Actual,PL3
023c17c1-83d3-44a1-9ebd-b4cc4555a34e,2009,6,Cao Bằng,Provincial,Cultivation,Lạc,,Area_Planted,234.0,ha,Actual,PL3
8b34fc0a-7e95-49bb-b189-807bdff77715,2009,6,Cao Bằng,Provincial,Cultivation,Mía,,Area_Planted,1975.0,ha,Actual,PL3
c94e49e6-da8d-4b86-8173-5b6552470791,2009,6,Cao Bằng,Provincial,Cultivation,Thuốc lá,,Area_Planted,1179.0,ha,Actual,PL3
caea0f5d-4772-4cdf-a6cd-85333fb1328e,2009,6,Cao Bằng,Provincial,Cultivation,Thuốc lá,,Area_Planted,1499.0,ha,Actual,PL3
e1125907-14b4-45b5-9030-ab49aeb1b49a,2009,6,Lào Cai,Provincial,Cultivation,Lúa,,Area_Planted,6677.0,ha,Actual,PL3
cfdddf93-7f9a-420d-8e56-a9b0fa3bc121,2009,6,Lào Cai,Provincial,Cultivation,Đậu tương,,Area_Planted,2353.0,ha,Actual,PL3
8944404f-b3ac-4484-81f9-98331cc6560e,2009,6,Lào Cai,Provincial,Cultivation,Lạc,,Area_Planted,648.0,ha,Actual,PL3
753cef87-beb7-45cf-ad28-0c80b5f0af00,2009,6,Lào Cai,Provincial,Cultivation,Thuốc lá,,Area_Planted,82.0,ha,Actual,PL3
4ec74f93-2237-40ae-84da-6aa5fb2d1e2a,2009,6,Lào Cai,Provincial,Cultivation,Thuốc lá,,Area_Planted,3594.0,ha,Actual,PL3
4045b65c-6ad8-414d-9582-72c39fcb716d,2009,6,Bắc Cạn,Provincial,Cultivation,Lúa,,Area_Planted,3442.0,ha,Actual,PL3
5e605efc-8cbf-40e0-bb7c-4e02f741a41d,2009,6,Bắc Cạn,Provincial,Cultivation,Đậu tương,,Area_Planted,1165.0,ha,Actual,PL3
3a8ca8a2-df6e-4e07-964d-36194f5f15c4,2009,6,Bắc Cạn,Provincial,Cultivation,Lạc,,Area_Planted,362.0,ha,Actual,PL3
b548e877-fd5f-42a2-8978-ce3278fd360e,2009,6,Bắc Cạn,Provincial,Cultivation,Mía,,Area_Planted,137.0,ha,Actual,PL3
2ec2a2d9-1f30-491d-947e-bb21a1ce076c,2009,6,Bắc Cạn,Provincial,Cultivation,Thuốc lá,,Area_Planted,763.0,ha,Actual,PL3
3cfdafda-7194-4a3b-a932-e8fe4b529ec1,2009,6,Bắc Cạn,Provincial,Cultivation,Thuốc lá,,Area_Planted,1015.0,ha,Actual,PL3
e13d2f74-2478-42d6-b72e-544f4fbd1b8b,2009,6,Lạng Sơn,Provincial,Cultivation,Lúa,,Area_Planted,12115.0,ha,Actual,PL3
274d07e9-ea3a-4c43-9f16-57a7151ddbf2,2009,6,Lạng Sơn,Provincial,Cultivation,Đậu tương,,Area_Planted,800.0,ha,Actual,PL3
bddf0f7e-b20e-47f0-8542-5a55d2d04abd,2009,6,Lạng Sơn,Provincial,Cultivation,Lạc,,Area_Planted,1082.0,ha,Actual,PL3
f44d42ee-36fc-4a70-a71f-e5e78d620b54,2009,6,Lạng Sơn,Provincial,Cultivation,Thuốc lá,,Area_Planted,4501.0,ha,Actual,PL3
70d74c97-db59-4f19-93bd-db16c9695efc,2009,6,Lạng Sơn,Provincial,Cultivation,Thuốc lá,,Area_Planted,5732.0,ha,Actual,PL3
f20d12fa-45e7-45d4-b390-0beaf8919f9a,2009,6,Tuyên Quang,Provincial,Cultivation,Lúa,,Area_Planted,10534.0,ha,Actual,PL3
7f672a89-e2b6-4a2a-92ee-08f7c931b12b,2009,6,Tuyên Quang,Provincial,Cultivation,Đậu tương,,Area_Planted,3000.0,ha,Actual,PL3
1107bc00-3cff-4d33-82bf-6a547983c53e,2009,6,Tuyên Quang,Provincial,Cultivation,Lạc,,Area_Planted,3000.0,ha,Actual,PL3
ac1c286e-7703-4f43-be61-d4b2b1c28251,2009,6,Tuyên Quang,Provincial,Cultivation,Thuốc lá,,Area_Planted,4534.0,ha,Actual,PL3
c69259f5-8e03-486b-b1f7-68ac176ad311,2009,6,Yên Bái,Provincial,Cultivation,Lúa,,Area_Planted,7230.0,ha,Actual,PL3
7519c5dc-db13-4f7b-b348-f9787a2fb231,2009,6,Yên Bái,Provincial,Cultivation,Đậu tương,,Area_Planted,1238.0,ha,Actual,PL3
03001a0b-53af-4e16-b13a-a5fb0c0804b1,2009,6,Yên Bái,Provincial,Cultivation,Lạc,,Area_Planted,1563.0,ha,Actual,PL3
acb8792f-f65c-4c04-b9cd-d20bc1d70454,2009,6,Yên Bái,Provincial,Cultivation,Thuốc lá,,Area_Planted,4429.0,ha,Actual,PL3
bc307ef1-6638-4ddc-b8e7-7b0970750219,2009,6,Thái Nguyên,Provincial,Cultivation,Lúa,,Area_Planted,15168.0,ha,Actual,PL3
37b84f96-e36e-4ec5-8516-3c694b17546c,2009,6,Thái Nguyên,Provincial,Cultivation,Đậu tương,,Area_Planted,1157.0,ha,Actual,PL3
71be121a-785c-4bf2-8a55-1df519f65cad,2009,6,Thái Nguyên,Provincial,Cultivation,Lạc,,Area_Planted,3588.0,ha,Actual,PL3
e784bdae-5721-4acf-94e6-b869b8bbe65f,2009,6,Thái Nguyên,Provincial,Cultivation,Mía,,Area_Planted,150.0,ha,Actual,PL3
c593dad8-4d72-42e7-884c-69088fbc78bd,2009,6,Thái Nguyên,Provincial,Cultivation,Thuốc lá,,Area_Planted,264.0,ha,Actual,PL3
0016410e-9e94-44db-9f6b-4dc0a2ddb43a,2009,6,Thái Nguyên,Provincial,Cultivation,Thuốc lá,,Area_Planted,10009.0,ha,Actual,PL3
da30bc18-633c-46bd-812a-b69527011ba1,2009,6,Phú Thọ,Provincial,Cultivation,Lúa,,Area_Planted,14345.0,ha,Actual,PL3
3147cb0f-f6b6-4d7f-b4e9-1dfd58d10857,2009,6,Phú Thọ,Provincial,Cultivation,Đậu tương,,Area_Planted,1056.0,ha,Actual,PL3
6c1968d1-6ac7-455b-bc6b-9689763b8fa1,2009,6,Phú Thọ,Provincial,Cultivation,Lạc,,Area_Planted,5000.0,ha,Actual,PL3
4ea1bc38-f202-4d67-bbb6-857c0df746bf,2009,6,Phú Thọ,Provincial,Cultivation,Thuốc lá,,Area_Planted,8289.0,ha,Actual,PL3
71ee10a0-ee38-4685-ae7f-0886db5ecbab,2009,6,Bắc Giang,Provincial,Cultivation,Lúa,,Area_Planted,29291.0,ha,Actual,PL3
6dba4b2f-6e08-4792-b62f-2d1f378be459,2009,6,Bắc Giang,Provincial,Cultivation,Đậu tương,,Area_Planted,900.0,ha,Actual,PL3
81b55628-5815-4e51-8ea0-aa2fd84f286c,2009,6,Bắc Giang,Provincial,Cultivation,Lạc,,Area_Planted,9669.0,ha,Actual,PL3
b7a54e2a-0532-4736-a6fa-7ea5e9883a61,2009,6,Bắc Giang,Provincial,Cultivation,Mía,,Area_Planted,276.0,ha,Actual,PL3
541a1c3a-1fa8-4ee2-8e86-bf2c064dfb8b,2009,6,Bắc Giang,Provincial,Cultivation,Thuốc lá,,Area_Planted,497.0,ha,Actual,PL3
e7e1f0c7-3ace-474e-974c-1d7099cd0767,2009,6,Bắc Giang,Provincial,Cultivation,Thuốc lá,,Area_Planted,17949.0,ha,Actual,PL3
2236fa0c-a114-414f-a630-68d6fa7ac3c1,2009,6,Quảng Ninh,Provincial,Cultivation,Lúa,,Area_Planted,9738.0,ha,Actual,PL3
afdcf206-2fa5-4ded-ae51-2724295e5da9,2009,6,Quảng Ninh,Provincial,Cultivation,Đậu tương,,Area_Planted,658.0,ha,Actual,PL3
1448660c-fd81-4785-84d2-7def77d0d8cd,2009,6,Quảng Ninh,Provincial,Cultivation,Lạc,,Area_Planted,2580.0,ha,Actual,PL3
6836de8a-3773-4822-92ac-b51cb266e234,2009,6,Quảng Ninh,Provincial,Cultivation,Thuốc lá,,Area_Planted,6500.0,ha,Actual,PL3
74a14623-e9bd-485e-9a7f-823ef919ad51,2009,6,Tây Bắc,Provincial,Cultivation,Lúa,,Area_Planted,40697.0,ha,Actual,PL3
a7b4c7a0-23cb-427d-a63e-f3ad6b9aa8c9,2009,6,Tây Bắc,Provincial,Cultivation,Đậu tương,,Area_Planted,16530.0,ha,Actual,PL3
83bb0122-0391-4a08-9a70-4f63bd57d039,2009,6,Tây Bắc,Provincial,Cultivation,Lạc,,Area_Planted,6729.0,ha,Actual,PL3
f8150bdb-6b03-4e02-bbc9-aba2457758ae,2009,6,Tây Bắc,Provincial,Cultivation,Mía,,Area_Planted,8345.0,ha,Actual,PL3
9b679be3-e15d-47c1-9159-4c0da48cefb5,2009,6,Tây Bắc,Provincial,Cultivation,Thuốc lá,,Area_Planted,0.0,ha,Actual,PL3
3782b7f3-157c-4980-a54b-e4b6f32edbda,2009,6,Tây Bắc,Provincial,Cultivation,Thuốc lá,,Area_Planted,9093.0,ha,Actual,PL3
edf7da30-ae09-49a6-b961-5f23e5e06c7b,2009,6,Lai Châu,Provincial,Cultivation,Lúa,,Area_Planted,2989.0,ha,Actual,PL3
31f6e8e9-81c7-418e-8559-7885053427c9,2009,6,Lai Châu,Provincial,Cultivation,Đậu tương,,Area_Planted,1032.0,ha,Actual,PL3
57bda877-40d4-49b1-9929-9ad544eaf0a8,2009,6,Lai Châu,Provincial,Cultivation,Lạc,,Area_Planted,700.0,ha,Actual,PL3
7cd64022-2189-46e7-b602-a65ced312b7e,2009,6,Lai Châu,Provincial,Cultivation,Thuốc lá,,Area_Planted,1257.0,ha,Actual,PL3
92b700ee-72f8-48d4-95a6-0de6ae27202b,2009,6,Điện Biên,Provincial,Cultivation,Lúa,,Area_Planted,11250.0,ha,Actual,PL3
b19f3042-2801-4f7b-b185-7e0cfe3dd75b,2009,6,Điện Biên,Provincial,Cultivation,Đậu tương,,Area_Planted,9650.0,ha,Actual,PL3
0ae09ea6-9d9e-4d78-9b14-9f60979f7540,2009,6,Điện Biên,Provincial,Cultivation,Lạc,,Area_Planted,1600.0,ha,Actual,PL3
d00cc20f-cecf-4271-bbc8-ae4792a33863,2009,6,Điện Biên,Provincial,Cultivation,Thuốc lá,,Area_Planted,0.0,ha,Actual,PL3
6c521fae-22e8-4b2d-a2e4-acbb6c20ce83,2009,6,Sơn La,Provincial,Cultivation,Lúa,,Area_Planted,5811.0,ha,Actual,PL3
6ce16d89-0b2f-48c7-93c9-8d08f030be16,2009,6,Sơn La,Provincial,Cultivation,Đậu tương,,Area_Planted,3062.0,ha,Actual,PL3
2684fa89-8a7f-4460-b6ae-540b891adffe,2009,6,Sơn La,Provincial,Cultivation,Lạc,,Area_Planted,514.0,ha,Actual,PL3
0579d759-dbb5-4ed0-a1d6-ccaf80b5e06a,2009,6,Sơn La,Provincial,Cultivation,Thuốc lá,,Area_Planted,2235.0,ha,Actual,PL3
47bccbe1-85cf-4c05-a4e4-ddaa339e650e,2009,6,Hoà Bình,Provincial,Cultivation,Lúa,,Area_Planted,20647.0,ha,Actual,PL3
8d138d60-bcf5-437d-8c21-73b53f84a5d2,2009,6,Hoà Bình,Provincial,Cultivation,Đậu tương,,Area_Planted,2786.0,ha,Actual,PL3
5331fad7-8ec4-407f-8701-2942601eafbb,2009,6,Hoà Bình,Provincial,Cultivation,Lạc,,Area_Planted,3915.0,ha,Actual,PL3
41fecebc-8c9b-432e-8d5b-3e730bf19dbf,2009,6,Hoà Bình,Provincial,Cultivation,Mía,,Area_Planted,8345.0,ha,Actual,PL3
560da150-ae70-462a-95be-e26f178b766c,2009,6,Hoà Bình,Provincial,Cultivation,Thuốc lá,,Area_Planted,5601.0,ha,Actual,PL3
d5f6cc6c-7afa-47b3-b5d8-51f1cf8d54e4,2009,6,Bắc Trung Bộ,Provincial,Cultivation,Lúa,,Area_Planted,166863.0,ha,Actual,PL3
02f9e656-9616-49ee-8769-834971e9d412,2009,6,Bắc Trung Bộ,Provincial,Cultivation,Đậu tương,,Area_Planted,4074.0,ha,Actual,PL3
8134a4a8-ad05-4ecd-80d6-a5686e85b51d,2009,6,Bắc Trung Bộ,Provincial,Cultivation,Lạc,,Area_Planted,71237.0,ha,Actual,PL3
cbc60c82-29fa-4e85-9b2c-e33c5d79ae8e,2009,6,Bắc Trung Bộ,Provincial,Cultivation,Mía,,Area_Planted,23222.0,ha,Actual,PL3
f6486ae7-ab8a-4566-a416-421d90d10fc1,2009,6,Bắc Trung Bộ,Provincial,Cultivation,Thuốc lá,,Area_Planted,180.0,ha,Actual,PL3
a115c779-0250-4b0a-8640-5fdb30169ade,2009,6,Bắc Trung Bộ,Provincial,Cultivation,Thuốc lá,,Area_Planted,68150.0,ha,Actual,PL3
6c848553-1b6e-45fb-85d8-882db6bfab42,2009,6,Thanh Hoá,Provincial,Cultivation,Lúa,,Area_Planted,70223.0,ha,Actual,PL3
e4173327-9c71-4cfd-a61f-766889b153a7,2009,6,Thanh Hoá,Provincial,Cultivation,Đậu tương,,Area_Planted,4074.0,ha,Actual,PL3
e946613a-ad83-4aaf-a7c5-0b5405519664,2009,6,Thanh Hoá,Provincial,Cultivation,Lạc,,Area_Planted,16837.0,ha,Actual,PL3
2a0567bf-2bd0-4b1d-9316-5976f4d1bf4a,2009,6,Thanh Hoá,Provincial,Cultivation,Mía,,Area_Planted,13712.0,ha,Actual,PL3
ca055c2c-4bca-432b-9dad-48b8c9efb9f3,2009,6,Thanh Hoá,Provincial,Cultivation,Thuốc lá,,Area_Planted,35600.0,ha,Actual,PL3
02fd2efc-7814-4a63-8794-484a8c8bdea6,2009,6,Nghệ An,Provincial,Cultivation,Lúa,,Area_Planted,45050.0,ha,Actual,PL3
c24944ff-d14e-44c8-8e45-284dd0e593e9,2009,6,Nghệ An,Provincial,Cultivation,Lạc,,Area_Planted,20000.0,ha,Actual,PL3
fd823650-acee-4866-8857-7fd577c9a6f7,2009,6,Nghệ An,Provincial,Cultivation,Mía,,Area_Planted,9500.0,ha,Actual,PL3
6cf7eba9-1b65-4bb7-8676-75098763d475,2009,6,Nghệ An,Provincial,Cultivation,Thuốc lá,,Area_Planted,15550.0,ha,Actual,PL3
7a16ff1c-20d3-4eef-95dc-86fa59772443,2009,6,Hà Tĩnh,Provincial,Cultivation,Lúa,,Area_Planted,23400.0,ha,Actual,PL3
079708c4-200e-4da1-8531-7f38af724e84,2009,6,Hà Tĩnh,Provincial,Cultivation,Lạc,,Area_Planted,20400.0,ha,Actual,PL3
5252afb7-2c3c-4229-b499-f6215b5dbc88,2009,6,Hà Tĩnh,Provincial,Cultivation,Thuốc lá,,Area_Planted,3000.0,ha,Actual,PL3
b13a2921-834f-4131-b715-88dc2ebac6c6,2009,6,Quảng Bình,Provincial,Cultivation,Lúa,,Area_Planted,12000.0,ha,Actual,PL3
3dd0dc10-b492-4b9c-9888-bb907e5a7e23,2009,6,Quảng Bình,Provincial,Cultivation,Lạc,,Area_Planted,5000.0,ha,Actual,PL3
95e56eaf-bd20-4eb7-8da1-556af4e57b3e,2009,6,Quảng Bình,Provincial,Cultivation,Thuốc lá,,Area_Planted,7000.0,ha,Actual,PL3
354e8f73-564a-4f06-99a6-9de8ae0541a7,2009,6,Quảng Trị,Provincial,Cultivation,Lúa,,Area_Planted,7110.0,ha,Actual,PL3
a89e0402-d304-4ff0-9fee-735f76dd2876,2009,6,Quảng Trị,Provincial,Cultivation,Lạc,,Area_Planted,5000.0,ha,Actual,PL3
7c26bdde-5d3a-45e3-af44-1ce8fdd0ca98,2009,6,Quảng Trị,Provincial,Cultivation,Mía,,Area_Planted,10.0,ha,Actual,PL3
fae42301-7cc6-4a77-b498-63e65318403f,2009,6,Quảng Trị,Provincial,Cultivation,Thuốc lá,,Area_Planted,100.0,ha,Actual,PL3
5460b71f-9926-4643-8e20-0c86978331c0,2009,6,Quảng Trị,Provincial,Cultivation,Thuốc lá,,Area_Planted,2000.0,ha,Actual,PL3
01282826-1c26-450b-975a-75edb3f6c802,2009,6,Thừa Thiên Huế,Provincial,Cultivation,Lúa,,Area_Planted,9080.0,ha,Actual,PL3
8607d205-40ba-4c90-9656-930b39a3fa43,2009,6,Thừa Thiên Huế,Provincial,Cultivation,Lạc,,Area_Planted,4000.0,ha,Actual,PL3
5007f104-fa4a-47ca-806d-000189728aeb,2009,6,Thừa Thiên Huế,Provincial,Cultivation,Thuốc lá,,Area_Planted,80.0,ha,Actual,PL3
dcc23439-f5aa-4bd2-a691-cc222816b2f0,2009,6,Thừa Thiên Huế,Provincial,Cultivation,Thuốc lá,,Area_Planted,5000.0,ha,Actual,PL3
a2f42882-9281-459f-830a-bd9e8f971bb9,2009,6,Miền Nam,Regional,Cultivation,Lúa,,Area_Planted,1902663.0,ha,Actual,PL4
46bc7762-a765-40fd-bf1f-b70f7c6095a3,2009,6,Miền Nam,Regional,Cultivation,Lúa,,Area_Planted,1880348.0,ha,Actual,PL4
53882c81-477f-41f0-84f8-db32766d75a0,2009,6,Miền Nam,Regional,Cultivation,Lúa,,Area_Planted,98.8,ha,Actual,PL4
260f956f-6650-4176-a20e-a35d9b0b6df8,2009,6,Miền Nam,Regional,Cultivation,Lúa,,Area_Planted,460331.0,ha,Actual,PL4
950f1d1c-4190-4a1c-b043-ddb4f52d42f8,2009,6,Miền Nam,Regional,Cultivation,Lúa,,Area_Planted,233540.0,ha,Actual,PL4
b313933f-2e9e-4bd3-8981-8960e83265f4,2009,6,Miền Nam,Regional,Cultivation,Lúa,,Area_Planted,16664.0,ha,Actual,PL4
bd10754d-892e-4c17-91f6-a6ca0e847a44,2009,6,Miền Nam,Regional,Cultivation,Lúa,,Area_Planted,196525.0,ha,Actual,PL4
6b53c307-ec8c-4846-b657-a913fbfec5a3,2009,6,Miền Nam,Regional,Cultivation,Lúa,,Area_Planted,13602.0,ha,Actual,PL4
07f38411-84e8-42a3-a92f-5adb8386a4bb,2009,6,D.H Nam Trg B,Provincial,Cultivation,Lúa,,Area_Planted,169079.0,ha,Actual,PL4
5cecebe5-6b5f-4c51-b14f-d0a2e029ac87,2009,6,D.H Nam Trg B,Provincial,Cultivation,Lúa,,Area_Planted,97.5,ha,Actual,PL4
efde39bd-19e7-4c6b-b3cc-5090c564e8e8,2009,6,D.H Nam Trg B,Provincial,Cultivation,Lúa,,Area_Planted,142113.0,ha,Actual,PL4
0716dd1f-2f5d-4984-91fb-8c44bcb1ce90,2009,6,D.H Nam Trg B,Provincial,Cultivation,Lúa,,Area_Planted,88288.0,ha,Actual,PL4
76a19f04-45c3-4446-ba7e-bd1bc0f4f3f9,2009,6,D.H Nam Trg B,Provincial,Cultivation,Lúa,,Area_Planted,28276.0,ha,Actual,PL4
3c87f474-b0cc-4926-8c9c-1abfd2c59599,2009,6,D.H Nam Trg B,Provincial,Cultivation,Lúa,,Area_Planted,4723.0,ha,Actual,PL4
83de2df4-4f1e-4e0e-92dc-5e4cf0dd4fb3,2009,6,D.H Nam Trg B,Provincial,Cultivation,Lúa,,Area_Planted,54648.0,ha,Actual,PL4
fe02d9ea-6789-4791-a874-42313134f117,2009,6,D.H Nam Trg B,Provincial,Cultivation,Lúa,,Area_Planted,641.0,ha,Actual,PL4
82d332eb-1216-4e9e-9892-1628bf047697,2009,6,TP Đà Nẵng,Provincial,Cultivation,Lúa,,Area_Planted,4004.0,ha,Actual,PL4
4f86af1a-7066-40f6-9295-ecb8899acf36,2009,6,TP Đà Nẵng,Provincial,Cultivation,Lúa,,Area_Planted,4004.0,ha,Actual,PL4
1df7c2fb-48dc-4311-b2fc-fc0a6869539e,2009,6,TP Đà Nẵng,Provincial,Cultivation,Lúa,,Area_Planted,100.0,ha,Actual,PL4
77e9bb1f-8d19-4341-9fdc-9610c51c098e,2009,6,TP Đà Nẵng,Provincial,Cultivation,Lúa,,Area_Planted,3751.0,ha,Actual,PL4
1054d9c7-d4c7-425a-8b1f-19f8f27b1dab,2009,6,TP Đà Nẵng,Provincial,Cultivation,Lúa,,Area_Planted,1187.0,ha,Actual,PL4
d8033446-a35a-4e8b-8a92-d9d685185c32,2009,6,TP Đà Nẵng,Provincial,Cultivation,Lúa,,Area_Planted,664.0,ha,Actual,PL4
d02c53de-07c0-4b73-9c7d-054a60f92f15,2009,6,TP Đà Nẵng,Provincial,Cultivation,Lúa,,Area_Planted,437.0,ha,Actual,PL4
09768841-701e-43fe-a838-cf140f72a1ce,2009,6,TP Đà Nẵng,Provincial,Cultivation,Lúa,,Area_Planted,86.0,ha,Actual,PL4
086f4aaf-34ed-4b6d-ac01-8d1bfa54ab14,2009,6,Quảng Nam,Provincial,Cultivation,Lúa,,Area_Planted,40800.0,ha,Actual,PL4
db27ea9b-4881-4e6e-95cb-2477c55cad81,2009,6,Quảng Nam,Provincial,Cultivation,Lúa,,Area_Planted,40800.0,ha,Actual,PL4
286e8686-b6b9-48c8-a2f7-46738c1e2dd0,2009,6,Quảng Nam,Provincial,Cultivation,Lúa,,Area_Planted,100.0,ha,Actual,PL4
0d3ffbfd-fbf2-4c1f-a84c-6a5f512bc36e,2009,6,Quảng Nam,Provincial,Cultivation,Lúa,,Area_Planted,34500.0,ha,Actual,PL4
88a8b4ac-2b06-40df-a997-7c2d9efa53f5,2009,6,Quảng Nam,Provincial,Cultivation,Lúa,,Area_Planted,27700.0,ha,Actual,PL4
77f2fbaf-8bc7-4ad1-8691-e8994a27d9cc,2009,6,Quảng Nam,Provincial,Cultivation,Lúa,,Area_Planted,13000.0,ha,Actual,PL4
8116160d-3cab-421a-95d3-e397e9a76fd1,2009,6,Quảng Nam,Provincial,Cultivation,Lúa,,Area_Planted,3700.0,ha,Actual,PL4
1bdc0adc-612c-475f-8b46-ab098ceac4d2,2009,6,Quảng Nam,Provincial,Cultivation,Lúa,,Area_Planted,11000.0,ha,Actual,PL4
8cd51f05-db5d-4ad1-87e4-a7eebabce088,2009,6,Quảng Ngãi,Provincial,Cultivation,Lúa,,Area_Planted,36564.0,ha,Actual,PL4
a46b65f6-f6b0-4b50-bd50-1ba504a48a46,2009,6,Quảng Ngãi,Provincial,Cultivation,Lúa,,Area_Planted,35000.0,ha,Actual,PL4
7131d15d-5746-4d57-9667-67b85d3094bd,2009,6,Quảng Ngãi,Provincial,Cultivation,Lúa,,Area_Planted,95.7,ha,Actual,PL4
905adbe1-2ff4-4c79-be1b-62a1927ba19c,2009,6,Quảng Ngãi,Provincial,Cultivation,Lúa,,Area_Planted,29364.0,ha,Actual,PL4
8f7f66f6-7dac-469f-aa36-c218dd20b6c0,2009,6,Quảng Ngãi,Provincial,Cultivation,Lúa,,Area_Planted,20469.0,ha,Actual,PL4
1e33fb32-a401-42b8-afae-6bd14f3edb1e,2009,6,Quảng Ngãi,Provincial,Cultivation,Lúa,,Area_Planted,4760.0,ha,Actual,PL4
49da2027-2e67-4aff-946a-4f61efb9bd11,2009,6,Quảng Ngãi,Provincial,Cultivation,Lúa,,Area_Planted,200.0,ha,Actual,PL4
7b2efb87-6b13-4d4e-9ab6-be8e83de2414,2009,6,Quảng Ngãi,Provincial,Cultivation,Lúa,,Area_Planted,15509.0,ha,Actual,PL4
932526dc-8a4c-4a59-91dd-6099fb426ce5,2009,6,Bình Định,Provincial,Cultivation,Lúa,,Area_Planted,47475.0,ha,Actual,PL4
3a6fdaf3-93d4-4822-939c-a62725d8dc78,2009,6,Bình Định,Provincial,Cultivation,Lúa,,Area_Planted,47475.0,ha,Actual,PL4
543bc566-3e39-4b73-a82d-3c513ece2aa5,2009,6,Bình Định,Provincial,Cultivation,Lúa,,Area_Planted,100.0,ha,Actual,PL4
96f47b56-1a4a-439b-bff3-00a9c5ed54af,2009,6,Bình Định,Provincial,Cultivation,Lúa,,Area_Planted,41098.0,ha,Actual,PL4
73213983-cd17-4ac4-8f91-4d32aff5f20f,2009,6,Bình Định,Provincial,Cultivation,Lúa,,Area_Planted,15507.0,ha,Actual,PL4
741ee9bb-6148-4f1a-aa6a-de83ae02eb8f,2009,6,Bình Định,Provincial,Cultivation,Lúa,,Area_Planted,4954.0,ha,Actual,PL4
48add901-9891-4c37-8600-b122f8e0e4e1,2009,6,Bình Định,Provincial,Cultivation,Lúa,,Area_Planted,10553.0,ha,Actual,PL4
237ecf53-b6f7-4410-9662-643561d993df,2009,6,Phú Yên,Provincial,Cultivation,Lúa,,Area_Planted,25743.0,ha,Actual,PL4
01cf3be3-2719-4002-80b4-c4c06ab94456,2009,6,Phú Yên,Provincial,Cultivation,Lúa,,Area_Planted,23000.0,ha,Actual,PL4
ec6d875a-e978-462c-a8fb-6abe77b5ce78,2009,6,Phú Yên,Provincial,Cultivation,Lúa,,Area_Planted,89.3,ha,Actual,PL4
209753ca-9688-4fd4-a1af-fa51216ac6f1,2009,6,Phú Yên,Provincial,Cultivation,Lúa,,Area_Planted,23500.0,ha,Actual,PL4
08239ce4-53c9-4dbf-8b18-09875de216f3,2009,6,Phú Yên,Provincial,Cultivation,Lúa,,Area_Planted,16407.0,ha,Actual,PL4
62541bc4-9b4b-4c9b-ab19-3f435ea49db0,2009,6,Phú Yên,Provincial,Cultivation,Lúa,,Area_Planted,3398.0,ha,Actual,PL4
08e38a78-a376-4b6f-981d-90d54b13dd62,2009,6,Phú Yên,Provincial,Cultivation,Lúa,,Area_Planted,226.0,ha,Actual,PL4
1e95d14f-c7fe-493b-90cc-eec686273f65,2009,6,Phú Yên,Provincial,Cultivation,Lúa,,Area_Planted,12500.0,ha,Actual,PL4
51cd6103-839a-4697-a801-9812e5983ec9,2009,6,Phú Yên,Provincial,Cultivation,Lúa,,Area_Planted,283.0,ha,Actual,PL4
a97b6865-ca55-4cdc-a1d7-6ac64511ab02,2009,6,Khánh Hoà,Provincial,Cultivation,Lúa,,Area_Planted,18870.0,ha,Actual,PL4
dc771313-c9f6-466f-abf8-a490f20d104a,2009,6,Khánh Hoà,Provincial,Cultivation,Lúa,,Area_Planted,18800.0,ha,Actual,PL4
2bbb7073-8875-4092-a78f-c44843a47dbd,2009,6,Khánh Hoà,Provincial,Cultivation,Lúa,,Area_Planted,99.6,ha,Actual,PL4
538ab9fc-32aa-47b5-857b-a47428216f56,2009,6,Khánh Hoà,Provincial,Cultivation,Lúa,,Area_Planted,9900.0,ha,Actual,PL4
9840e552-78d9-45e4-abd8-164a951d9e62,2009,6,Khánh Hoà,Provincial,Cultivation,Lúa,,Area_Planted,7018.0,ha,Actual,PL4
1c25d118-2bfe-469c-98bf-6e9b8883ef40,2009,6,Khánh Hoà,Provincial,Cultivation,Lúa,,Area_Planted,1500.0,ha,Actual,PL4
4b757fce-96ff-4fb7-a00f-2c470d89c2a9,2009,6,Khánh Hoà,Provincial,Cultivation,Lúa,,Area_Planted,160.0,ha,Actual,PL4
689cb402-a6a6-4acd-9d67-3148afe81b9f,2009,6,Khánh Hoà,Provincial,Cultivation,Lúa,,Area_Planted,5000.0,ha,Actual,PL4
ca3020e5-a3a0-4499-b65a-17b702d02bb7,2009,6,Khánh Hoà,Provincial,Cultivation,Lúa,,Area_Planted,358.0,ha,Actual,PL4
26ed3c2c-0eed-4647-ba7e-c70a2f3f6c2d,2009,6,Tây Nguyên,Provincial,Cultivation,Lúa,,Area_Planted,72254.0,ha,Actual,PL4
ed137524-5e01-4ec3-821c-00dd909a59d9,2009,6,Tây Nguyên,Provincial,Cultivation,Lúa,,Area_Planted,63721.0,ha,Actual,PL4
7374a801-2588-474e-950b-46ca29661dcc,2009,6,Tây Nguyên,Provincial,Cultivation,Lúa,,Area_Planted,88.2,ha,Actual,PL4
baf3acd3-776d-47de-8159-bba4d4d0de4a,2009,6,Tây Nguyên,Provincial,Cultivation,Lúa,,Area_Planted,40593.0,ha,Actual,PL4
742f7ac7-5823-4ee1-b665-ba58f26db49d,2009,6,Tây Nguyên,Provincial,Cultivation,Lúa,,Area_Planted,193852.0,ha,Actual,PL4
073520c1-8eb2-4098-b7cd-ea6883b3000e,2009,6,Tây Nguyên,Provincial,Cultivation,Lúa,,Area_Planted,128112.0,ha,Actual,PL4
eb79ffad-40bf-4ca8-91a0-ba1ef85c3010,2009,6,Tây Nguyên,Provincial,Cultivation,Lúa,,Area_Planted,4545.0,ha,Actual,PL4
6824c775-7650-492c-bca2-a23a79bf2645,2009,6,Tây Nguyên,Provincial,Cultivation,Lúa,,Area_Planted,61195.0,ha,Actual,PL4
b17cdaae-4579-48b0-abcc-622f44cd6376,2009,6,Kon Tum,Provincial,Cultivation,Lúa,,Area_Planted,6924.0,ha,Actual,PL4
65518f31-165d-4950-9a32-beda2f83c4b9,2009,6,Kon Tum,Provincial,Cultivation,Lúa,,Area_Planted,6924.0,ha,Actual,PL4
9f38d599-84c7-4bd5-8aea-ef75bd63c925,2009,6,Kon Tum,Provincial,Cultivation,Lúa,,Area_Planted,100.0,ha,Actual,PL4
7580d966-f25c-4ee9-ae4a-4468cd0cd667,2009,6,Kon Tum,Provincial,Cultivation,Lúa,,Area_Planted,635.0,ha,Actual,PL4
9d861785-afd8-4740-a796-4cee0f249750,2009,6,Kon Tum,Provincial,Cultivation,Lúa,,Area_Planted,635.0,ha,Actual,PL4
06e9187c-5079-44f8-9155-a407ef4ed862,2009,6,Gia Lai,Provincial,Cultivation,Lúa,,Area_Planted,23395.0,ha,Actual,PL4
218e398d-37fe-4e75-ba2c-1aeb44f196b4,2009,6,Gia Lai,Provincial,Cultivation,Lúa,,Area_Planted,16000.0,ha,Actual,PL4
bbfb825f-c47c-457e-a1cd-58719b8f326d,2009,6,Gia Lai,Provincial,Cultivation,Lúa,,Area_Planted,68.4,ha,Actual,PL4
aa0cb5da-d71f-4ade-90ff-3df188e1277a,2009,6,Gia Lai,Provincial,Cultivation,Lúa,,Area_Planted,10870.0,ha,Actual,PL4
071be054-666a-4b5f-acf0-2f5d10fc600d,2009,6,Gia Lai,Provincial,Cultivation,Lúa,,Area_Planted,57482.0,ha,Actual,PL4
c4c75298-4d30-42d3-9298-33ebeca78d75,2009,6,Gia Lai,Provincial,Cultivation,Lúa,,Area_Planted,23109.0,ha,Actual,PL4
7600bf54-643a-45d5-8044-7a13f90aa93e,2009,6,Gia Lai,Provincial,Cultivation,Lúa,,Area_Planted,350.0,ha,Actual,PL4
41ba15a1-b956-44a3-9727-7e8a48eeaf84,2009,6,Gia Lai,Provincial,Cultivation,Lúa,,Area_Planted,34023.0,ha,Actual,PL4
63a276f7-e927-487e-895b-cd493d319e7c,2009,6,Đắc Lắc,Provincial,Cultivation,Lúa,,Area_Planted,28242.0,ha,Actual,PL4
b9ecb18b-46a3-4d9a-bd29-79d1808d6798,2009,6,Đắc Lắc,Provincial,Cultivation,Lúa,,Area_Planted,28242.0,ha,Actual,PL4
ea4e264a-7e2e-4fe3-aee5-a845f7c099be,2009,6,Đắc Lắc,Provincial,Cultivation,Lúa,,Area_Planted,100.0,ha,Actual,PL4
c5f68346-9388-4165-a3e4-3c8b27ba3702,2009,6,Đắc Lắc,Provincial,Cultivation,Lúa,,Area_Planted,17988.0,ha,Actual,PL4
843de89a-ac4f-41d1-9927-cd0d9b865fae,2009,6,Đắc Lắc,Provincial,Cultivation,Lúa,,Area_Planted,87080.0,ha,Actual,PL4
c1649a0e-1947-4fd0-9ce4-fb226e68d4fb,2009,6,Đắc Lắc,Provincial,Cultivation,Lúa,,Area_Planted,71408.0,ha,Actual,PL4
8d99c134-278e-452e-a8c5-77b217534329,2009,6,Đắc Lắc,Provincial,Cultivation,Lúa,,Area_Planted,925.0,ha,Actual,PL4
18cf5aea-bc62-4098-802e-dd6d95b9c426,2009,6,Đắc Lắc,Provincial,Cultivation,Lúa,,Area_Planted,14747.0,ha,Actual,PL4
b211d755-3b30-42d1-9778-cd4687634d92,2009,6,Đắc Nông,Provincial,Cultivation,Lúa,,Area_Planted,3836.0,ha,Actual,PL4
718d3cf6-722a-4ee4-b89e-ee33f679176e,2009,6,Đắc Nông,Provincial,Cultivation,Lúa,,Area_Planted,2698.0,ha,Actual,PL4
5d5e8391-7e3a-4d3d-b5ff-ea50747a4bef,2009,6,Đắc Nông,Provincial,Cultivation,Lúa,,Area_Planted,70.3,ha,Actual,PL4
c1e19d3e-3210-4fbd-b23f-198e47721bc4,2009,6,Đắc Nông,Provincial,Cultivation,Lúa,,Area_Planted,6500.0,ha,Actual,PL4
0253f247-efd5-42d4-a6ab-edeee8b98257,2009,6,Đắc Nông,Provincial,Cultivation,Lúa,,Area_Planted,33975.0,ha,Actual,PL4
ba8f7a45-f4f2-42ba-8ff4-c5b76201d7f7,2009,6,Đắc Nông,Provincial,Cultivation,Lúa,,Area_Planted,20575.0,ha,Actual,PL4
685d17d2-cfde-4878-a454-7fcead2999bd,2009,6,Đắc Nông,Provincial,Cultivation,Lúa,,Area_Planted,2100.0,ha,Actual,PL4
588d3ff5-e648-4d47-9aa5-e279b2f87039,2009,6,Đắc Nông,Provincial,Cultivation,Lúa,,Area_Planted,11300.0,ha,Actual,PL4
fdd957dc-120b-4c3d-8f7d-ad026c7302c1,2009,6,Lâm Đồng,Provincial,Cultivation,Lúa,,Area_Planted,9857.0,ha,Actual,PL4
160a4db6-f4f0-4b91-aff3-c0e0f43039d5,2009,6,Lâm Đồng,Provincial,Cultivation,Lúa,,Area_Planted,9857.0,ha,Actual,PL4
781d57de-36fa-4091-a19b-d263255369da,2009,6,Lâm Đồng,Provincial,Cultivation,Lúa,,Area_Planted,100.0,ha,Actual,PL4
6f6f25dd-6f9d-4c75-9a1a-f1deca2ef745,2009,6,Lâm Đồng,Provincial,Cultivation,Lúa,,Area_Planted,5235.0,ha,Actual,PL4
ffe793fe-3da8-44fc-b91a-bb84a76ca828,2009,6,Lâm Đồng,Provincial,Cultivation,Lúa,,Area_Planted,14680.0,ha,Actual,PL4
f0e885ea-3260-4f69-8202-60dc3e1e672f,2009,6,Lâm Đồng,Provincial,Cultivation,Lúa,,Area_Planted,12385.0,ha,Actual,PL4
54bf005c-3cb0-4fdd-85dd-22f4d7e632c2,2009,6,Lâm Đồng,Provincial,Cultivation,Lúa,,Area_Planted,1170.0,ha,Actual,PL4
cb9e7f4a-07c7-4b98-8835-bbcad54c9372,2009,6,Lâm Đồng,Provincial,Cultivation,Lúa,,Area_Planted,1125.0,ha,Actual,PL4
2979a26e-00e5-4407-9ebe-60f6d5997538,2009,6,Đông Nam Bộ,Provincial,Cultivation,Lúa,,Area_Planted,109977.0,ha,Actual,PL4
a01eadc4-e8bc-4e07-8762-c22bb2a9b876,2009,6,Đông Nam Bộ,Provincial,Cultivation,Lúa,,Area_Planted,103753.0,ha,Actual,PL4
76208d3e-d290-41c9-914f-f194b0985970,2009,6,Đông Nam Bộ,Provincial,Cultivation,Lúa,,Area_Planted,94.3,ha,Actual,PL4
a978e16d-4d4a-41ee-980c-f22994622d07,2009,6,Đông Nam Bộ,Provincial,Cultivation,Lúa,,Area_Planted,123267.0,ha,Actual,PL4
f50ec7e4-6c5e-4278-a7b1-4e57c49dcfd3,2009,6,Đông Nam Bộ,Provincial,Cultivation,Lúa,,Area_Planted,136981.0,ha,Actual,PL4
0b36fc30-732c-4ac3-8c92-da6e67517b29,2009,6,Đông Nam Bộ,Provincial,Cultivation,Lúa,,Area_Planted,52024.0,ha,Actual,PL4
3f522e41-d13c-4995-9758-4d24a1bc6596,2009,6,Đông Nam Bộ,Provincial,Cultivation,Lúa,,Area_Planted,948.0,ha,Actual,PL4
cac8660b-4f77-4d62-ab13-5aff83156cb6,2009,6,Đông Nam Bộ,Provincial,Cultivation,Lúa,,Area_Planted,79141.0,ha,Actual,PL4
acc541a3-fbb7-44e1-abee-4f770ac74b9a,2009,6,Đông Nam Bộ,Provincial,Cultivation,Lúa,,Area_Planted,4868.0,ha,Actual,PL4
486cf528-aacd-417f-a327-b72d425a7428,2009,6,TP Hồ Chí Minh,Provincial,Cultivation,Lúa,,Area_Planted,6452.0,ha,Actual,PL4
b02b4a17-f3eb-4722-84a9-3d098838ff80,2009,6,TP Hồ Chí Minh,Provincial,Cultivation,Lúa,,Area_Planted,6452.0,ha,Actual,PL4
8784c02d-3446-4213-8180-5ff56ebc9fb3,2009,6,TP Hồ Chí Minh,Provincial,Cultivation,Lúa,,Area_Planted,100.0,ha,Actual,PL4
532cfcb7-3ba2-4b6b-b2c7-1601f9e56697,2009,6,TP Hồ Chí Minh,Provincial,Cultivation,Lúa,,Area_Planted,6500.0,ha,Actual,PL4
ecf18eb8-e0d4-4afa-b2ae-0ab1695302b5,2009,6,TP Hồ Chí Minh,Provincial,Cultivation,Lúa,,Area_Planted,1400.0,ha,Actual,PL4
1acb87de-e7be-40a1-b2f8-d3603430b48c,2009,6,TP Hồ Chí Minh,Provincial,Cultivation,Lúa,,Area_Planted,1400.0,ha,Actual,PL4
caf3fbd8-a07c-4009-9ccd-3590f463ec1e,2009,6,Ninh Thuận,Provincial,Cultivation,Lúa,,Area_Planted,11000.0,ha,Actual,PL4
51dd190e-23bd-4596-8f4b-4144c71f5124,2009,6,Ninh Thuận,Provincial,Cultivation,Lúa,,Area_Planted,11000.0,ha,Actual,PL4
6442debb-3e23-4f4f-9d24-ba2b5666e048,2009,6,Ninh Thuận,Provincial,Cultivation,Lúa,,Area_Planted,100.0,ha,Actual,PL4
416cf0fe-2973-4f81-b085-4ee6002d235e,2009,6,Ninh Thuận,Provincial,Cultivation,Lúa,,Area_Planted,12400.0,ha,Actual,PL4
9b8f5d75-999c-4458-9501-21c485a2ad74,2009,6,Ninh Thuận,Provincial,Cultivation,Lúa,,Area_Planted,6407.0,ha,Actual,PL4
34d1deae-673f-4221-a8df-79a6298f14bd,2009,6,Ninh Thuận,Provincial,Cultivation,Lúa,,Area_Planted,6407.0,ha,Actual,PL4
aafa0c31-3846-40ce-a0ad-69bbb3411cfb,2009,6,Bình Phước,Provincial,Cultivation,Lúa,,Area_Planted,3000.0,ha,Actual,PL4
61a91e79-ac1e-460d-b48b-2dd356cb603c,2009,6,Bình Phước,Provincial,Cultivation,Lúa,,Area_Planted,3000.0,ha,Actual,PL4
e5333d5f-eeb9-4a25-9471-f4ac06f47e9c,2009,6,Bình Phước,Provincial,Cultivation,Lúa,,Area_Planted,100.0,ha,Actual,PL4
ec30cd30-b1f3-4c7b-9057-0f1cd27721dc,2009,6,Bình Phước,Provincial,Cultivation,Lúa,,Area_Planted,11959.0,ha,Actual,PL4
c7a37a65-a468-451e-89f5-f03568065788,2009,6,Bình Phước,Provincial,Cultivation,Lúa,,Area_Planted,397.0,ha,Actual,PL4
10b1fec4-2721-4cc8-893f-22789755df37,2009,6,Bình Phước,Provincial,Cultivation,Lúa,,Area_Planted,164.0,ha,Actual,PL4
ae7a9459-2e8e-462d-97d3-ba7b240ce932,2009,6,Bình Phước,Provincial,Cultivation,Lúa,,Area_Planted,11300.0,ha,Actual,PL4
74321ec3-de83-4cfc-8e87-3aa84337b2de,2009,6,Bình Phước,Provincial,Cultivation,Lúa,,Area_Planted,98.0,ha,Actual,PL4
6e5bad24-160a-405b-9462-de6634362afe,2009,6,Tây Ninh,Provincial,Cultivation,Lúa,,Area_Planted,42124.0,ha,Actual,PL4
0fdcbe12-69b8-4859-ac28-f3ee3ea68f0f,2009,6,Tây Ninh,Provincial,Cultivation,Lúa,,Area_Planted,35900.0,ha,Actual,PL4
726e8581-d5b5-45ee-a938-80d8d9e18dc7,2009,6,Tây Ninh,Provincial,Cultivation,Lúa,,Area_Planted,85.2,ha,Actual,PL4
e6643e35-97ef-4d63-9981-f0a3569b1a00,2009,6,Tây Ninh,Provincial,Cultivation,Lúa,,Area_Planted,47094.0,ha,Actual,PL4
e87af2f5-4431-4515-9ebd-7675dddf4576,2009,6,Tây Ninh,Provincial,Cultivation,Lúa,,Area_Planted,34104.0,ha,Actual,PL4
dfcb5046-1ce8-4c8e-86dd-f83fc722c542,2009,6,Tây Ninh,Provincial,Cultivation,Lúa,,Area_Planted,5896.0,ha,Actual,PL4
96188eaf-7d4d-487d-bef9-a3ccab48f0f4,2009,6,Tây Ninh,Provincial,Cultivation,Lúa,,Area_Planted,28208.0,ha,Actual,PL4
4a561f82-3650-48aa-a2bd-feb1834e5b04,2009,6,Bình Dương,Provincial,Cultivation,Lúa,,Area_Planted,2612.0,ha,Actual,PL4
cc108637-d08b-4df5-aeab-00b93dd2953a,2009,6,Bình Dương,Provincial,Cultivation,Lúa,,Area_Planted,2612.0,ha,Actual,PL4
326a8dd1-9764-48bc-b4da-6976fc21d702,2009,6,Bình Dương,Provincial,Cultivation,Lúa,,Area_Planted,100.0,ha,Actual,PL4
920d5c21-298c-43ed-87e2-b418af468072,2009,6,Bình Dương,Provincial,Cultivation,Lúa,,Area_Planted,2193.0,ha,Actual,PL4
9d47d79c-f1f2-46b2-8098-c8dadac0f8cd,2009,6,Bình Dương,Provincial,Cultivation,Lúa,,Area_Planted,5950.0,ha,Actual,PL4
75c45d31-6edc-4f96-b994-6485743f320e,2009,6,Bình Dương,Provincial,Cultivation,Lúa,,Area_Planted,116.0,ha,Actual,PL4
c7efc05b-34c7-4a55-bb56-51ea7643ede7,2009,6,Bình Dương,Provincial,Cultivation,Lúa,,Area_Planted,97.0,ha,Actual,PL4
0fb089eb-703f-46c5-9dc7-9c9c64a231d3,2009,6,Bình Dương,Provincial,Cultivation,Lúa,,Area_Planted,1460.0,ha,Actual,PL4
5a84ec93-0a0d-4dce-98e1-adbc84d2f87a,2009,6,Bình Dương,Provincial,Cultivation,Lúa,,Area_Planted,4277.0,ha,Actual,PL4
5ab996e9-ab18-41ae-8b60-8ba84452b7b4,2009,6,Đồng Nai,Provincial,Cultivation,Lúa,,Area_Planted,15874.0,ha,Actual,PL4
75aa1da3-33cc-43b6-aa86-ab2d0f2952d6,2009,6,Đồng Nai,Provincial,Cultivation,Lúa,,Area_Planted,15874.0,ha,Actual,PL4
e7559280-baaa-4f23-9f78-53247b49f8fd,2009,6,Đồng Nai,Provincial,Cultivation,Lúa,,Area_Planted,100.0,ha,Actual,PL4
32088fcc-b3c8-4864-9700-69a8e756c9a6,2009,6,Đồng Nai,Provincial,Cultivation,Lúa,,Area_Planted,24574.0,ha,Actual,PL4
6ea24ed2-956d-4d09-86ce-aff30f4258c4,2009,6,Đồng Nai,Provincial,Cultivation,Lúa,,Area_Planted,35590.0,ha,Actual,PL4
1cbf7852-0be6-470f-83d4-44191d9ce012,2009,6,Đồng Nai,Provincial,Cultivation,Lúa,,Area_Planted,20337.0,ha,Actual,PL4
cbc646d2-b66b-4e73-9e8c-cd8a6d029335,2009,6,Đồng Nai,Provincial,Cultivation,Lúa,,Area_Planted,135.0,ha,Actual,PL4
430df6c8-8bf6-4add-a0bd-424694d33e2f,2009,6,Đồng Nai,Provincial,Cultivation,Lúa,,Area_Planted,15000.0,ha,Actual,PL4
87c4a4bd-be7d-4813-953f-329bd4c31d74,2009,6,Đồng Nai,Provincial,Cultivation,Lúa,,Area_Planted,118.0,ha,Actual,PL4
e525f8c2-fbfc-4ef2-bf65-2501fe3c9fce,2009,6,Bình Thuận,Provincial,Cultivation,Lúa,,Area_Planted,23787.0,ha,Actual,PL4
7f979da9-fef9-4117-a9fd-294a8b1f7d28,2009,6,Bình Thuận,Provincial,Cultivation,Lúa,,Area_Planted,23787.0,ha,Actual,PL4
f5433655-4bda-4b0b-a3cf-160cd78852d6,2009,6,Bình Thuận,Provincial,Cultivation,Lúa,,Area_Planted,100.0,ha,Actual,PL4
8827655d-ac11-4fc5-961a-6db81908756b,2009,6,Bình Thuận,Provincial,Cultivation,Lúa,,Area_Planted,23000.0,ha,Actual,PL4
ec9684e0-9ff3-4401-a809-edd6069d2d7a,2009,6,Bình Thuận,Provincial,Cultivation,Lúa,,Area_Planted,22976.0,ha,Actual,PL4
c4a0b7ae-2262-4820-89b0-15b3f3cd16dd,2009,6,Bình Thuận,Provincial,Cultivation,Lúa,,Area_Planted,6939.0,ha,Actual,PL4
362229e1-9e8d-4c81-9bac-50794b06624b,2009,6,Bình Thuận,Provincial,Cultivation,Lúa,,Area_Planted,372.0,ha,Actual,PL4
60ef6e2e-4c55-4a17-b9a7-8212946ba0f6,2009,6,Bình Thuận,Provincial,Cultivation,Lúa,,Area_Planted,15290.0,ha,Actual,PL4
376d3e03-6f51-41d8-90b8-d191bb3b36a4,2009,6,Bình Thuận,Provincial,Cultivation,Lúa,,Area_Planted,375.0,ha,Actual,PL4
7079022e-999a-4884-a07c-2bbbc0aa8a91,2009,6,Bà Rịa-V.Tàu,Provincial,Cultivation,Lúa,,Area_Planted,5128.0,ha,Actual,PL4
99a80374-f111-4174-89aa-b4758a599514,2009,6,Bà Rịa-V.Tàu,Provincial,Cultivation,Lúa,,Area_Planted,5128.0,ha,Actual,PL4
faa2b2a5-eaa1-4da3-b7c6-501f45d6e3c1,2009,6,Bà Rịa-V.Tàu,Provincial,Cultivation,Lúa,,Area_Planted,100.0,ha,Actual,PL4
abdc117a-1009-4c34-b66d-2459b8a6523e,2009,6,Bà Rịa-V.Tàu,Provincial,Cultivation,Lúa,,Area_Planted,7506.0,ha,Actual,PL4
4438e505-5b2e-4b1b-ba75-b3f045c72929,2009,6,Bà Rịa-V.Tàu,Provincial,Cultivation,Lúa,,Area_Planted,18595.0,ha,Actual,PL4
9fa7f260-2613-42df-ab66-c73e8c8a8798,2009,6,Bà Rịa-V.Tàu,Provincial,Cultivation,Lúa,,Area_Planted,10532.0,ha,Actual,PL4
8c346006-4f5a-4777-97ba-b96444d61edc,2009,6,Bà Rịa-V.Tàu,Provincial,Cultivation,Lúa,,Area_Planted,180.0,ha,Actual,PL4
ac4b0917-92e9-467d-b5fd-6ef3f14c753a,2009,6,Bà Rịa-V.Tàu,Provincial,Cultivation,Lúa,,Area_Planted,7883.0,ha,Actual,PL4
99c70c7f-088b-4b21-8ae8-2af39e37d1dd,2009,6,ĐBS Cửu Long,Provincial,Cultivation,Lúa,,Area_Planted,1546976.0,ha,Actual,PL4
8c2612eb-b92e-4dfd-910f-dea833c27273,2009,6,ĐBS Cửu Long,Provincial,Cultivation,Lúa,,Area_Planted,1543795.0,ha,Actual,PL4
06327e83-cd55-4677-a6d6-303b20ffe3ee,2009,6,ĐBS Cửu Long,Provincial,Cultivation,Lúa,,Area_Planted,99.8,ha,Actual,PL4
2a214142-0b14-44b3-b19f-96b7ca638f27,2009,6,ĐBS Cửu Long,Provincial,Cultivation,Lúa,,Area_Planted,1581197.0,ha,Actual,PL4
00f1c6f4-e111-499e-86bc-7a597e545f4d,2009,6,ĐBS Cửu Long,Provincial,Cultivation,Lúa,,Area_Planted,41210.0,ha,Actual,PL4
26430ad5-1c64-4a79-841a-7a4cd9aea0e4,2009,6,ĐBS Cửu Long,Provincial,Cultivation,Lúa,,Area_Planted,25128.0,ha,Actual,PL4
1db579dd-8ef8-48d0-ad84-0f4bb63b25ab,2009,6,ĐBS Cửu Long,Provincial,Cultivation,Lúa,,Area_Planted,6448.0,ha,Actual,PL4
f7e4f848-af56-4c46-adf6-15ab3f0e0779,2009,6,ĐBS Cửu Long,Provincial,Cultivation,Lúa,,Area_Planted,1541.0,ha,Actual,PL4
e2f7759c-d115-4988-acad-18a82352dfd4,2009,6,ĐBS Cửu Long,Provincial,Cultivation,Lúa,,Area_Planted,8093.0,ha,Actual,PL4
cb171002-7352-4d65-bfb2-59996232d640,2009,6,Long An,Provincial,Cultivation,Lúa,,Area_Planted,248968.0,ha,Actual,PL4
e6ca19e1-d9a6-4770-b28c-ecf6d17404c9,2009,6,Long An,Provincial,Cultivation,Lúa,,Area_Planted,248485.0,ha,Actual,PL4
370cf11e-da38-482b-bf11-bc39b05d12f9,2009,6,Long An,Provincial,Cultivation,Lúa,,Area_Planted,99.8,ha,Actual,PL4
58d8225a-03a7-43fd-8af3-4dde94ea248f,2009,6,Long An,Provincial,Cultivation,Lúa,,Area_Planted,194579.0,ha,Actual,PL4
437b8856-c855-453d-a197-afc2367e9fb4,2009,6,Long An,Provincial,Cultivation,Lúa,,Area_Planted,3762.0,ha,Actual,PL4
9a08adfe-0cfc-49b1-b802-0d02a044e72d,2009,6,Long An,Provincial,Cultivation,Lúa,,Area_Planted,3762.0,ha,Actual,PL4
fa6bf6ae-dae0-4c37-9ced-831fb4a1a848,2009,6,Đồng Tháp,Provincial,Cultivation,Lúa,,Area_Planted,207203.0,ha,Actual,PL4
a6466005-aa90-458f-817f-4bcbf7d86a27,2009,6,Đồng Tháp,Provincial,Cultivation,Lúa,,Area_Planted,207203.0,ha,Actual,PL4
feefa8d5-881b-4db6-8818-26771507c384,2009,6,Đồng Tháp,Provincial,Cultivation,Lúa,,Area_Planted,100.0,ha,Actual,PL4
67258d91-f198-4b38-b1ca-149dc6e62782,2009,6,Đồng Tháp,Provincial,Cultivation,Lúa,,Area_Planted,212093.0,ha,Actual,PL4
bbb83a10-73b4-4016-be18-3b66bb861496,2009,6,Đồng Tháp,Provincial,Cultivation,Lúa,,Area_Planted,3902.0,ha,Actual,PL4
52157177-23a6-4c56-9fb2-b74a80e744ef,2009,6,Đồng Tháp,Provincial,Cultivation,Lúa,,Area_Planted,3154.0,ha,Actual,PL4
258b632f-9eb5-45e9-9cbd-2e0c80852197,2009,6,Đồng Tháp,Provincial,Cultivation,Lúa,,Area_Planted,748.0,ha,Actual,PL4
b2a179d1-3345-4187-86d2-f2c9af806c72,2009,6,An Giang,Provincial,Cultivation,Lúa,,Area_Planted,234098.0,ha,Actual,PL4
704bea87-cf8d-4d43-88aa-2edfe0bf164a,2009,6,An Giang,Provincial,Cultivation,Lúa,,Area_Planted,233545.0,ha,Actual,PL4
b6f6be38-cf70-481a-bb03-6d3a9938bfaf,2009,6,An Giang,Provincial,Cultivation,Lúa,,Area_Planted,99.8,ha,Actual,PL4
095610bc-032b-4a17-8648-1b879ecbf574,2009,6,An Giang,Provincial,Cultivation,Lúa,,Area_Planted,232803.0,ha,Actual,PL4
fad0a6c8-73f4-4e0f-a0da-926490efa75c,2009,6,An Giang,Provincial,Cultivation,Lúa,,Area_Planted,6299.0,ha,Actual,PL4
6f819a2d-cb6f-4e83-87f7-5d4c0af51754,2009,6,An Giang,Provincial,Cultivation,Lúa,,Area_Planted,6179.0,ha,Actual,PL4
75e3509e-51a3-448f-a783-33ceba429357,2009,6,An Giang,Provincial,Cultivation,Lúa,,Area_Planted,120.0,ha,Actual,PL4
f6adcdab-2493-4c49-9af7-11382171e947,2009,6,Tiền Giang,Provincial,Cultivation,Lúa,,Area_Planted,82747.0,ha,Actual,PL4
80380342-6f7c-412d-9763-750c18b8e498,2009,6,Tiền Giang,Provincial,Cultivation,Lúa,,Area_Planted,82747.0,ha,Actual,PL4
100328b8-24f1-44e7-afbe-22e7b859bdb9,2009,6,Tiền Giang,Provincial,Cultivation,Lúa,,Area_Planted,100.0,ha,Actual,PL4
47d6c84b-3d80-4cbb-b256-a088d3621367,2009,6,Tiền Giang,Provincial,Cultivation,Lúa,,Area_Planted,115792.0,ha,Actual,PL4
5c8a8abf-b2cd-4592-9be4-ffd3c2b6f922,2009,6,Tiền Giang,Provincial,Cultivation,Lúa,,Area_Planted,5381.0,ha,Actual,PL4
89e594bb-98d7-4118-bf76-814eba855904,2009,6,Tiền Giang,Provincial,Cultivation,Lúa,,Area_Planted,3371.0,ha,Actual,PL4
73d79150-c3dd-4a20-8e9b-14ea0cff3cf5,2009,6,Tiền Giang,Provincial,Cultivation,Lúa,,Area_Planted,238.0,ha,Actual,PL4
c902539f-c7a7-4147-900c-7f6bc5515052,2009,6,Tiền Giang,Provincial,Cultivation,Lúa,,Area_Planted,153.0,ha,Actual,PL4
a0f99e49-3b25-44ef-87f6-6de8fce23ead,2009,6,Tiền Giang,Provincial,Cultivation,Lúa,,Area_Planted,1619.0,ha,Actual,PL4
066c15fa-0bcf-4ee0-9981-e80364eeaccc,2009,6,Vĩnh Long,Provincial,Cultivation,Lúa,,Area_Planted,67560.0,ha,Actual,PL4
988f366d-8245-4a9a-a7f1-38aee7a8bd06,2009,6,Vĩnh Long,Provincial,Cultivation,Lúa,,Area_Planted,67559.0,ha,Actual,PL4
18532d47-426f-4f55-905e-7555d55381f1,2009,6,Vĩnh Long,Provincial,Cultivation,Lúa,,Area_Planted,100.0,ha,Actual,PL4
427eabd9-02e7-42c1-99ff-a9afc438c6a1,2009,6,Vĩnh Long,Provincial,Cultivation,Lúa,,Area_Planted,63753.0,ha,Actual,PL4
e4abd585-6aaa-4c56-97f4-a0796c4fdd00,2009,6,Vĩnh Long,Provincial,Cultivation,Lúa,,Area_Planted,9062.0,ha,Actual,PL4
a10cf533-33fe-48dc-b351-157fb529a02d,2009,6,Vĩnh Long,Provincial,Cultivation,Lúa,,Area_Planted,857.0,ha,Actual,PL4
a88ef961-87b4-4a76-bfc2-ced8226dda74,2009,6,Vĩnh Long,Provincial,Cultivation,Lúa,,Area_Planted,2307.0,ha,Actual,PL4
f3584f06-79b8-4ff6-94bc-ceeaaec4124e,2009,6,Vĩnh Long,Provincial,Cultivation,Lúa,,Area_Planted,156.0,ha,Actual,PL4
0e30595a-be88-45d3-a271-8412b7a1a3ef,2009,6,Vĩnh Long,Provincial,Cultivation,Lúa,,Area_Planted,5742.0,ha,Actual,PL4
26071bf1-e908-4f7e-a611-73f6c67e0b0b,2009,6,Bến Tre,Provincial,Cultivation,Lúa,,Area_Planted,21130.0,ha,Actual,PL4
e74e6fd1-147c-4863-8544-6b66d3585d44,2009,6,Bến Tre,Provincial,Cultivation,Lúa,,Area_Planted,21130.0,ha,Actual,PL4
e5232192-f44e-40a3-85be-0c3bbc845068,2009,6,Bến Tre,Provincial,Cultivation,Lúa,,Area_Planted,100.0,ha,Actual,PL4
b6ac1c0a-a536-4286-9ec8-529d39437841,2009,6,Bến Tre,Provincial,Cultivation,Lúa,,Area_Planted,24157.0,ha,Actual,PL4
9ae7fe3a-d5de-4c24-be69-1aea1b400c5e,2009,6,Bến Tre,Provincial,Cultivation,Lúa,,Area_Planted,898.0,ha,Actual,PL4
403bbe1d-635f-47af-8e3b-b04cbe1d9056,2009,6,Bến Tre,Provincial,Cultivation,Lúa,,Area_Planted,394.0,ha,Actual,PL4
dd2f9db6-24f8-4cee-be30-ea050d85ad7f,2009,6,Bến Tre,Provincial,Cultivation,Lúa,,Area_Planted,175.0,ha,Actual,PL4
9d4b3879-98f7-4771-ab48-56d7ebfbc5ef,2009,6,Bến Tre,Provincial,Cultivation,Lúa,,Area_Planted,117.0,ha,Actual,PL4
c4f54446-8e1a-4c4d-8fef-632f5b426348,2009,6,Bến Tre,Provincial,Cultivation,Lúa,,Area_Planted,212.0,ha,Actual,PL4
04468486-a4ff-4d06-b2ee-2e229f439e37,2009,6,Kiên Giang,Provincial,Cultivation,Lúa,,Area_Planted,277144.0,ha,Actual,PL4
de3e8730-6f30-4b99-b8b1-83b8497be58d,2009,6,Kiên Giang,Provincial,Cultivation,Lúa,,Area_Planted,275000.0,ha,Actual,PL4
51280467-7fb4-4d27-9261-89b08fdc4b07,2009,6,Kiên Giang,Provincial,Cultivation,Lúa,,Area_Planted,99.2,ha,Actual,PL4
f8745e8c-9481-421f-9576-5932fb6ff68b,2009,6,Kiên Giang,Provincial,Cultivation,Lúa,,Area_Planted,243382.0,ha,Actual,PL4
708d65ba-22d3-4459-9b35-3b58480c05e1,2009,6,Kiên Giang,Provincial,Cultivation,Lúa,,Area_Planted,700.0,ha,Actual,PL4
d40c3b97-6486-43f5-8b0a-49f38ca87bc1,2009,6,Kiên Giang,Provincial,Cultivation,Lúa,,Area_Planted,700.0,ha,Actual,PL4
ba8de384-b65f-43c2-a38d-2eefd60717eb,2009,6,Cần Thơ,Provincial,Cultivation,Lúa,,Area_Planted,90110.0,ha,Actual,PL4
89fea989-2e08-4482-8ae0-6bc9e6ece0fa,2009,6,Cần Thơ,Provincial,Cultivation,Lúa,,Area_Planted,90110.0,ha,Actual,PL4
d7e7233a-bd2d-4093-ba3e-47f4eccd5f31,2009,6,Cần Thơ,Provincial,Cultivation,Lúa,,Area_Planted,100.0,ha,Actual,PL4
a76af10d-80b5-46f4-b778-eacc3b8338ca,2009,6,Cần Thơ,Provincial,Cultivation,Lúa,,Area_Planted,84129.0,ha,Actual,PL4
26a75aa4-cb64-4026-a8aa-0725b90dc3df,2009,6,Cần Thơ,Provincial,Cultivation,Lúa,,Area_Planted,571.0,ha,Actual,PL4
bdb021fc-fdcc-440f-9a8c-a1d4dbef2a34,2009,6,Cần Thơ,Provincial,Cultivation,Lúa,,Area_Planted,571.0,ha,Actual,PL4
c36a29d7-b8f2-4791-af66-6e9204f69001,2009,6,Hậu Giang,Provincial,Cultivation,Lúa,,Area_Planted,81171.0,ha,Actual,PL4
c434906e-5b67-4893-97fc-9550ca59b909,2009,6,Hậu Giang,Provincial,Cultivation,Lúa,,Area_Planted,81171.0,ha,Actual,PL4
b939c7e4-b05f-454c-9f37-938e079e93dc,2009,6,Hậu Giang,Provincial,Cultivation,Lúa,,Area_Planted,100.0,ha,Actual,PL4
9dff1304-ded5-44d0-b04c-8e7001947783,2009,6,Hậu Giang,Provincial,Cultivation,Lúa,,Area_Planted,72856.0,ha,Actual,PL4
06d44440-04d5-414b-9fe0-d7b9aa424d4a,2009,6,Hậu Giang,Provincial,Cultivation,Lúa,,Area_Planted,1548.0,ha,Actual,PL4
488c0772-8376-4f1c-b2ba-6978a9485b51,2009,6,Hậu Giang,Provincial,Cultivation,Lúa,,Area_Planted,1028.0,ha,Actual,PL4
c4ec3114-ec3b-41b1-be0d-1372805eebcd,2009,6,Hậu Giang,Provincial,Cultivation,Lúa,,Area_Planted,520.0,ha,Actual,PL4
e0914c16-b737-468b-a1f0-e2359a3531e3,2009,6,Trà Vinh,Provincial,Cultivation,Lúa,,Area_Planted,56053.0,ha,Actual,PL4
7c2dac0f-4c63-4b43-965d-e1ea2b7c3a71,2009,6,Trà Vinh,Provincial,Cultivation,Lúa,,Area_Planted,56053.0,ha,Actual,PL4
128e34ae-49cd-4ef4-a2c5-7ab94e7c9d3b,2009,6,Trà Vinh,Provincial,Cultivation,Lúa,,Area_Planted,100.0,ha,Actual,PL4
61afb8a6-0342-426b-9009-c57725f49da0,2009,6,Trà Vinh,Provincial,Cultivation,Lúa,,Area_Planted,80642.0,ha,Actual,PL4
40535d16-c935-49ee-984a-7dec3822a191,2009,6,Trà Vinh,Provincial,Cultivation,Lúa,,Area_Planted,5444.0,ha,Actual,PL4
c2384b57-4af1-4b62-91ab-cbf35560138c,2009,6,Trà Vinh,Provincial,Cultivation,Lúa,,Area_Planted,3588.0,ha,Actual,PL4
da3b3c30-ea0e-4ed4-8b71-e68f52b4c7d8,2009,6,Trà Vinh,Provincial,Cultivation,Lúa,,Area_Planted,1157.0,ha,Actual,PL4
7e15ae6d-0fc1-434a-b672-b1ab90c25ab4,2009,6,Trà Vinh,Provincial,Cultivation,Lúa,,Area_Planted,699.0,ha,Actual,PL4
61cc30dc-00e1-432c-ad06-a66908ddb1a6,2009,6,Sóc Trăng,Provincial,Cultivation,Lúa,,Area_Planted,138622.0,ha,Actual,PL4
cbd814a8-6a78-4d18-9b8d-d665c337ec61,2009,6,Sóc Trăng,Provincial,Cultivation,Lúa,,Area_Planted,138622.0,ha,Actual,PL4
344faafb-de03-496e-8d65-917a80ae1dfe,2009,6,Sóc Trăng,Provincial,Cultivation,Lúa,,Area_Planted,100.0,ha,Actual,PL4
211f5dd9-7db9-4c00-82bb-699bb808de37,2009,6,Sóc Trăng,Provincial,Cultivation,Lúa,,Area_Planted,167000.0,ha,Actual,PL4
ee31c484-1b69-4550-b39c-c428edc313e8,2009,6,Sóc Trăng,Provincial,Cultivation,Lúa,,Area_Planted,3643.0,ha,Actual,PL4
f56cf055-ade4-44fa-8568-b35d399d1607,2009,6,Sóc Trăng,Provincial,Cultivation,Lúa,,Area_Planted,2224.0,ha,Actual,PL4
f861413d-2fcc-4464-a8c0-daa55fb78afa,2009,6,Sóc Trăng,Provincial,Cultivation,Lúa,,Area_Planted,1003.0,ha,Actual,PL4
603c7147-137f-4ec0-9aa0-e371953a0bfa,2009,6,Sóc Trăng,Provincial,Cultivation,Lúa,,Area_Planted,416.0,ha,Actual,PL4
23dcb05f-74c4-4577-ae17-f3efab8fb183,2009,6,Bạc Liêu,Provincial,Cultivation,Lúa,,Area_Planted,42170.0,ha,Actual,PL4
f2b3d564-c5d1-4fd6-a2ff-80eba10bd1ac,2009,6,Bạc Liêu,Provincial,Cultivation,Lúa,,Area_Planted,42170.0,ha,Actual,PL4
e5d77e1e-8fbb-4ce8-98e7-4a620d13069e,2009,6,Bạc Liêu,Provincial,Cultivation,Lúa,,Area_Planted,100.0,ha,Actual,PL4
b105089a-a640-49c4-86b1-d01a2d4d04b7,2009,6,Bạc Liêu,Provincial,Cultivation,Lúa,,Area_Planted,55024.0,ha,Actual,PL4
67bfe9bb-0a37-425f-9f16-a80116182dca,2009,6,Cà Mau,Provincial,Cultivation,Lúa,,Area_Planted,34987.0,ha,Actual,PL4
19ee2399-7a92-43c9-9df4-55074b91548f,2009,6,Miền Nam,Regional,Cultivation,Lúa,,Area_Planted,240257.0,ha,Actual,PL5
8583843d-0651-4c9f-bf9f-90630500b40c,2009,6,Miền Nam,Regional,Cultivation,Lúa,,Area_Planted,23222.0,ha,Actual,PL5
efb377c8-4d98-4684-a9bb-5bd93ab753dc,2009,6,Miền Nam,Regional,Cultivation,Lúa,,Area_Planted,64720.0,ha,Actual,PL5
0d2b820b-d984-47e5-aeff-d367c8ac98b3,2009,6,Miền Nam,Regional,Cultivation,Lúa,,Area_Planted,19813.0,ha,Actual,PL5
3d0cd7b4-81e0-4b98-a0b1-6252040d04d4,2009,6,Miền Nam,Regional,Cultivation,Lúa,,Area_Planted,15818.0,ha,Actual,PL5
2ea30820-1282-4607-a7b0-8137ddf96976,2009,6,Miền Nam,Regional,Cultivation,Lúa,,Area_Planted,115871.0,ha,Actual,PL5
40b8b9aa-9780-42d1-9a9f-98216cfa4dcf,2009,6,Miền Nam,Regional,Cultivation,Lúa,,Area_Planted,321.0,ha,Actual,PL5
c3920012-6fb6-4cbf-ae50-930315abc2d3,2009,6,Miền Nam,Regional,Cultivation,Lúa,,Area_Planted,492.0,ha,Actual,PL5
da2f2278-cf87-4ac2-a9ec-f14382dc8dda,2009,6,Miền Nam,Regional,Cultivation,Lúa,,Area_Planted,212995.0,ha,Actual,PL5
a2b41b78-f2a9-4fde-bb8e-87aa56f8ffb1,2009,6,Miền Nam,Regional,Cultivation,Lúa,,Area_Planted,370749211.0,ha,Actual,PL5
489cc4ba-a99e-40f8-8f20-96b37ab8e242,2009,6,D.H Nam Trg Bộ,Provincial,Cultivation,Lúa,,Area_Planted,66280.0,ha,Actual,PL5
48a5a4af-2366-4414-a0be-cc78957866fe,2009,6,D.H Nam Trg Bộ,Provincial,Cultivation,Lúa,,Area_Planted,1067.0,ha,Actual,PL5
11cc3cd0-b872-4f35-a6a9-7cd9547dd65a,2009,6,D.H Nam Trg Bộ,Provincial,Cultivation,Lúa,,Area_Planted,22163.0,ha,Actual,PL5
c3d32d87-02f5-49f6-888c-5bf6bf9e1c83,2009,6,D.H Nam Trg Bộ,Provincial,Cultivation,Lúa,,Area_Planted,3904.0,ha,Actual,PL5
7786bc45-ac99-4071-a4d0-0b32ed0476df,2009,6,D.H Nam Trg Bộ,Provincial,Cultivation,Lúa,,Area_Planted,713.0,ha,Actual,PL5
8ee1f96e-0c52-4dec-8588-4b4454b11f49,2009,6,D.H Nam Trg Bộ,Provincial,Cultivation,Lúa,,Area_Planted,38114.0,ha,Actual,PL5
52b3f63b-f5b1-4302-8f3a-00d8eeea81cb,2009,6,D.H Nam Trg Bộ,Provincial,Cultivation,Lúa,,Area_Planted,277.0,ha,Actual,PL5
b930ecf6-12b6-4787-87df-a7d356577a4b,2009,6,D.H Nam Trg Bộ,Provincial,Cultivation,Lúa,,Area_Planted,42.0,ha,Actual,PL5
9dca44ee-40b2-4c13-85f0-b912004c77c2,2009,6,D.H Nam Trg Bộ,Provincial,Cultivation,Lúa,,Area_Planted,25214.0,ha,Actual,PL5
9d352cce-8246-480d-891a-cabc37c31c08,2009,6,D.H Nam Trg Bộ,Provincial,Cultivation,Lúa,,Area_Planted,25214.0,ha,Actual,PL5
07bfd164-1e4c-4583-99a2-a2f0047e3106,2009,6,TP Đà Nẵng,Provincial,Cultivation,Lúa,,Area_Planted,1235.0,ha,Actual,PL5
62ff3457-b42e-4017-8027-76203b5f4553,2009,6,TP Đà Nẵng,Provincial,Cultivation,Lúa,,Area_Planted,722.0,ha,Actual,PL5
6f3d28f6-031d-45aa-88a3-a0a76525210e,2009,6,TP Đà Nẵng,Provincial,Cultivation,Lúa,,Area_Planted,238.0,ha,Actual,PL5
728ca8ce-5eb8-4541-9c03-1e0bdea5b5f2,2009,6,TP Đà Nẵng,Provincial,Cultivation,Lúa,,Area_Planted,275.0,ha,Actual,PL5
2e1d7f01-cf38-4379-8e4c-8f1b256378a8,2009,6,TP Đà Nẵng,Provincial,Cultivation,Lúa,,Area_Planted,837.0,ha,Actual,PL5
d8c37f66-a249-4478-9fb2-a02a40627575,2009,6,TP Đà Nẵng,Provincial,Cultivation,Lúa,,Area_Planted,80.0,ha,Actual,PL5
e07f9cbb-2eb1-46b1-b27c-8fb98339229e,2009,6,Quảng Nam,Provincial,Cultivation,Lúa,,Area_Planted,9210.0,ha,Actual,PL5
1f2beb4a-26c7-40ae-8482-0452f1ee7bf0,2009,6,Quảng Nam,Provincial,Cultivation,Lúa,,Area_Planted,8100.0,ha,Actual,PL5
297f69d4-60a5-4738-9e5c-750d6d96ddaa,2009,6,Quảng Nam,Provincial,Cultivation,Lúa,,Area_Planted,330.0,ha,Actual,PL5
7249e627-eacb-4612-9234-7cb5fe4958d7,2009,6,Quảng Nam,Provincial,Cultivation,Lúa,,Area_Planted,780.0,ha,Actual,PL5
87b2d10b-9807-49e5-9570-48927c89bed2,2009,6,Quảng Nam,Provincial,Cultivation,Lúa,,Area_Planted,6900.0,ha,Actual,PL5
0873403f-63c7-439f-b86d-1bf421de886b,2009,6,Quảng Nam,Provincial,Cultivation,Lúa,,Area_Planted,3500.0,ha,Actual,PL5
c6d3bb04-bf76-4d89-bb28-e944cb01ba42,2009,6,Quảng Ngãi,Provincial,Cultivation,Lúa,,Area_Planted,5988.0,ha,Actual,PL5
1148a0c5-fa82-4f04-ae9a-6b77303eb377,2009,6,Quảng Ngãi,Provincial,Cultivation,Lúa,,Area_Planted,3787.0,ha,Actual,PL5
1835da42-2b0e-43a7-b3e5-54d39301aca9,2009,6,Quảng Ngãi,Provincial,Cultivation,Lúa,,Area_Planted,2201.0,ha,Actual,PL5
1c060aa7-b77c-4484-98eb-e7f2444b8959,2009,6,Quảng Ngãi,Provincial,Cultivation,Lúa,,Area_Planted,5433.0,ha,Actual,PL5
e04e742a-1edc-4207-955d-f5c9122151b8,2009,6,Quảng Ngãi,Provincial,Cultivation,Lúa,,Area_Planted,1521.0,ha,Actual,PL5
0c33b1f3-dc34-4e00-b753-8a68e32905e2,2009,6,Bình Định,Provincial,Cultivation,Lúa,,Area_Planted,13109.0,ha,Actual,PL5
808e7b32-7371-43bd-9520-33be0b83f136,2009,6,Bình Định,Provincial,Cultivation,Lúa,,Area_Planted,751.0,ha,Actual,PL5
b4ee0706-26dc-421c-b106-c9a1c756fba0,2009,6,Bình Định,Provincial,Cultivation,Lúa,,Area_Planted,8792.0,ha,Actual,PL5
354660a0-b21e-481e-8383-3f51ca64ba71,2009,6,Bình Định,Provincial,Cultivation,Lúa,,Area_Planted,1259.0,ha,Actual,PL5
22c354e0-0f95-48b0-9877-f61b0f24431e,2009,6,Bình Định,Provincial,Cultivation,Lúa,,Area_Planted,2307.0,ha,Actual,PL5
40aaa85f-d40b-4bad-98ba-e40c775a7824,2009,6,Bình Định,Provincial,Cultivation,Lúa,,Area_Planted,9254.0,ha,Actual,PL5
d2452236-fa5b-4628-83e6-d379b038699e,2009,6,Bình Định,Provincial,Cultivation,Lúa,,Area_Planted,1630.0,ha,Actual,PL5
d2db35a5-37ab-479d-adc7-f21f5165da27,2009,6,Phú Yên,Provincial,Cultivation,Lúa,,Area_Planted,19512.0,ha,Actual,PL5
12733422-989e-4ddb-8e51-eb44eeedc5dd,2009,6,Phú Yên,Provincial,Cultivation,Lúa,,Area_Planted,316.0,ha,Actual,PL5
8c2dd4b5-b78f-47a1-8439-a173710c0333,2009,6,Phú Yên,Provincial,Cultivation,Lúa,,Area_Planted,562.0,ha,Actual,PL5
7cf5da57-e38c-4f80-876e-23080d0550fd,2009,6,Phú Yên,Provincial,Cultivation,Lúa,,Area_Planted,2407.0,ha,Actual,PL5
96b8919e-07ed-485f-97c5-b2ccb77706c7,2009,6,Phú Yên,Provincial,Cultivation,Lúa,,Area_Planted,383.0,ha,Actual,PL5
a3811087-40cf-46e9-9829-af06ece65fd0,2009,6,Phú Yên,Provincial,Cultivation,Lúa,,Area_Planted,15525.0,ha,Actual,PL5
78188e31-249c-42e8-af52-ee713a968bd8,2009,6,Phú Yên,Provincial,Cultivation,Lúa,,Area_Planted,277.0,ha,Actual,PL5
94e02f48-528c-4a2b-99e1-49ba1bbd69fd,2009,6,Phú Yên,Provincial,Cultivation,Lúa,,Area_Planted,42.0,ha,Actual,PL5
137a6de6-a1f5-4b63-85a6-11ea3eb489dd,2009,6,Phú Yên,Provincial,Cultivation,Lúa,,Area_Planted,2690.0,ha,Actual,PL5
3b081e66-0d9e-4431-83c6-925e72bb32d9,2009,6,Phú Yên,Provincial,Cultivation,Lúa,,Area_Planted,1980.0,ha,Actual,PL5
1000e118-045c-4a4e-a089-cd2d9d4a86e0,2009,6,Khánh Hoà,Provincial,Cultivation,Lúa,,Area_Planted,17226.0,ha,Actual,PL5
f0902983-a19d-432f-a1ed-dbe765a27919,2009,6,Khánh Hoà,Provincial,Cultivation,Lúa,,Area_Planted,200.0,ha,Actual,PL5
47890194-8614-4fbf-9635-3b56a11abb0c,2009,6,Khánh Hoà,Provincial,Cultivation,Lúa,,Area_Planted,17026.0,ha,Actual,PL5
7712feb6-bd0c-45bf-ac97-cce4b9511cf9,2009,6,Khánh Hoà,Provincial,Cultivation,Lúa,,Area_Planted,100.0,ha,Actual,PL5
bd240e4e-1b2c-4410-8c55-6b807396dbd0,2009,6,Khánh Hoà,Provincial,Cultivation,Lúa,,Area_Planted,500.0,ha,Actual,PL5
fd718843-fcbf-47dd-98cc-8e810930aa93,2009,6,Tây Nguyên,Provincial,Cultivation,Lúa,,Area_Planted,38790.0,ha,Actual,PL5
88bf35db-5640-4c48-81ef-d38426e46eba,2009,6,Tây Nguyên,Provincial,Cultivation,Lúa,,Area_Planted,13952.0,ha,Actual,PL5
ef5041f8-f439-452e-81e4-8c2dbe3f0f72,2009,6,Tây Nguyên,Provincial,Cultivation,Lúa,,Area_Planted,2837.0,ha,Actual,PL5
1e09ec8c-bb5c-46f6-8ca7-df872116f57b,2009,6,Tây Nguyên,Provincial,Cultivation,Lúa,,Area_Planted,2982.0,ha,Actual,PL5
e04bf928-f257-4a38-bcd2-9c9036287538,2009,6,Tây Nguyên,Provincial,Cultivation,Lúa,,Area_Planted,5966.0,ha,Actual,PL5
37c6fad8-2460-4237-bf63-b64d0a274339,2009,6,Tây Nguyên,Provincial,Cultivation,Lúa,,Area_Planted,13053.0,ha,Actual,PL5
7b7ba811-4481-42e3-8a95-8447c4002171,2009,6,Tây Nguyên,Provincial,Cultivation,Lúa,,Area_Planted,37363.0,ha,Actual,PL5
5be8185e-f519-428c-8d87-3a1260907415,2009,6,Tây Nguyên,Provincial,Cultivation,Lúa,,Area_Planted,10889.0,ha,Actual,PL5
74b5d2c7-60eb-4739-8b17-37735c27a3f6,2009,6,Kon Tum,Provincial,Cultivation,Lúa,,Area_Planted,2404.0,ha,Actual,PL5
88077b03-56ce-4e5c-afb8-240ac4f36c55,2009,6,Kon Tum,Provincial,Cultivation,Lúa,,Area_Planted,14.0,ha,Actual,PL5
1339b373-1253-4366-85d3-ec2946b0d2f6,2009,6,Kon Tum,Provincial,Cultivation,Lúa,,Area_Planted,2158.0,ha,Actual,PL5
a4f6c219-2239-432e-aa19-a13709437379,2009,6,Kon Tum,Provincial,Cultivation,Lúa,,Area_Planted,232.0,ha,Actual,PL5
6a357d00-86f3-42e1-bae4-e1b10368e097,2009,6,Kon Tum,Provincial,Cultivation,Lúa,,Area_Planted,630.0,ha,Actual,PL5
307e3d46-7608-4deb-8c05-2aa7c9aa6a96,2009,6,Kon Tum,Provincial,Cultivation,Lúa,,Area_Planted,57.0,ha,Actual,PL5
f5ac147c-4382-4bd8-8263-167bf11d6018,2009,6,Gia Lai,Provincial,Cultivation,Lúa,,Area_Planted,12548.0,ha,Actual,PL5
77834afd-d611-40c4-b5c4-af53935ad65f,2009,6,Gia Lai,Provincial,Cultivation,Lúa,,Area_Planted,248.0,ha,Actual,PL5
71d087f0-ecd8-4b66-a9a1-960537945229,2009,6,Gia Lai,Provincial,Cultivation,Lúa,,Area_Planted,2000.0,ha,Actual,PL5
3fad5d08-4a5c-4d15-b6ad-1581d52629fc,2009,6,Gia Lai,Provincial,Cultivation,Lúa,,Area_Planted,3457.0,ha,Actual,PL5
1dea9d04-8aeb-4354-ba51-118f9e852144,2009,6,Gia Lai,Provincial,Cultivation,Lúa,,Area_Planted,6843.0,ha,Actual,PL5
1f567560-1397-4b34-9fd5-03cd808187e5,2009,6,Gia Lai,Provincial,Cultivation,Lúa,,Area_Planted,7805.0,ha,Actual,PL5
c696c18a-55a0-4057-a21c-a7d334d0732e,2009,6,Gia Lai,Provincial,Cultivation,Lúa,,Area_Planted,2706.0,ha,Actual,PL5
0114560b-69c2-4d1b-963b-85a61500559f,2009,6,Đắc Lắc,Provincial,Cultivation,Lúa,,Area_Planted,12714.0,ha,Actual,PL5
7fd1198a-ed11-457c-a967-87e4f3f83e09,2009,6,Đắc Lắc,Provincial,Cultivation,Lúa,,Area_Planted,4254.0,ha,Actual,PL5
e959cd06-d4df-41ed-afc3-1c788d2ab0ef,2009,6,Đắc Lắc,Provincial,Cultivation,Lúa,,Area_Planted,2575.0,ha,Actual,PL5
fa5fe194-0520-439f-942e-e0c21d4fb77b,2009,6,Đắc Lắc,Provincial,Cultivation,Lúa,,Area_Planted,982.0,ha,Actual,PL5
25942716-6d80-44ae-bf04-6f148642e0f1,2009,6,Đắc Lắc,Provincial,Cultivation,Lúa,,Area_Planted,351.0,ha,Actual,PL5
d5a5231a-f607-45d0-8beb-8467adc1684b,2009,6,Đắc Lắc,Provincial,Cultivation,Lúa,,Area_Planted,4552.0,ha,Actual,PL5
b7c88105-aac0-435b-96c6-0687c49d5052,2009,6,Đắc Lắc,Provincial,Cultivation,Lúa,,Area_Planted,4378.0,ha,Actual,PL5
5b5c572c-9f96-4cad-9717-5fa8274fed85,2009,6,Đắc Lắc,Provincial,Cultivation,Lúa,,Area_Planted,7529.0,ha,Actual,PL5
5d454a18-d270-48a4-bab6-9de382d94276,2009,6,Đắc Nông,Provincial,Cultivation,Lúa,,Area_Planted,9776.0,ha,Actual,PL5
9fa2bb23-b415-4698-b9e5-d2893224a9ee,2009,6,Đắc Nông,Provincial,Cultivation,Lúa,,Area_Planted,9698.0,ha,Actual,PL5
e7dc6ca9-2b20-4290-b1dd-8545179e9e8f,2009,6,Đắc Nông,Provincial,Cultivation,Lúa,,Area_Planted,78.0,ha,Actual,PL5
92baf2ac-170c-43ef-b3eb-b8b91b4dc96b,2009,6,Đắc Nông,Provincial,Cultivation,Lúa,,Area_Planted,1550.0,ha,Actual,PL5
f0433791-ff64-44d2-b231-dcda056e4235,2009,6,Đắc Nông,Provincial,Cultivation,Lúa,,Area_Planted,201.0,ha,Actual,PL5
a93fdd92-9d65-4840-afd2-e646c14b93e7,2009,6,Lâm Đồng,Provincial,Cultivation,Lúa,,Area_Planted,1348.0,ha,Actual,PL5
e4a1466e-bad0-467c-a8e1-2a17a33c8ed3,2009,6,Lâm Đồng,Provincial,Cultivation,Lúa,,Area_Planted,1348.0,ha,Actual,PL5
9e09c784-75cc-419e-a9a4-99d028af87ac,2009,6,Lâm Đồng,Provincial,Cultivation,Lúa,,Area_Planted,23000.0,ha,Actual,PL5
cc3e7d27-3c7a-4023-868d-2cf54f1be5b0,2009,6,Lâm Đồng,Provincial,Cultivation,Lúa,,Area_Planted,396.0,ha,Actual,PL5
084d1353-ea3a-4c65-9322-4caf075ce0f1,2009,6,Đông Nam Bộ,Provincial,Cultivation,Lúa,,Area_Planted,55335.0,ha,Actual,PL5
ae68fea7-edd2-4df6-b09e-64dd5c90d94b,2009,6,Đông Nam Bộ,Provincial,Cultivation,Lúa,,Area_Planted,563.0,ha,Actual,PL5
0fddb1d7-4f2a-4b85-be1a-31ffe163a0d0,2009,6,Đông Nam Bộ,Provincial,Cultivation,Lúa,,Area_Planted,26097.0,ha,Actual,PL5
74cf5a7d-b424-403e-bc87-b4a8907b1aaa,2009,6,Đông Nam Bộ,Provincial,Cultivation,Lúa,,Area_Planted,4401.0,ha,Actual,PL5
d9727515-78ac-4ccc-9f96-6a184ee7924e,2009,6,Đông Nam Bộ,Provincial,Cultivation,Lúa,,Area_Planted,8946.0,ha,Actual,PL5
3095074a-f231-4782-a649-a7826d480788,2009,6,Đông Nam Bộ,Provincial,Cultivation,Lúa,,Area_Planted,15284.0,ha,Actual,PL5
374d5752-030a-4f4c-8339-8fdf6f9736bb,2009,6,Đông Nam Bộ,Provincial,Cultivation,Lúa,,Area_Planted,44.0,ha,Actual,PL5
4bc4a434-9f9f-4e38-82e1-2ef3de562136,2009,6,Đông Nam Bộ,Provincial,Cultivation,Lúa,,Area_Planted,41297.0,ha,Actual,PL5
e77911ae-4db8-4904-86e2-7d3ad34ab62d,2009,6,Đông Nam Bộ,Provincial,Cultivation,Lúa,,Area_Planted,13133.0,ha,Actual,PL5
79d9f699-cace-4fb1-bab2-c90a6960acd0,2009,6,TP Hồ Chí Minh,Provincial,Cultivation,Lúa,,Area_Planted,3300.0,ha,Actual,PL5
634a0f45-fd5b-40bf-822c-f0ce8318b515,2009,6,TP Hồ Chí Minh,Provincial,Cultivation,Lúa,,Area_Planted,1100.0,ha,Actual,PL5
c6c78dc7-cd73-466f-a0f4-d9d9d6b2b76d,2009,6,TP Hồ Chí Minh,Provincial,Cultivation,Lúa,,Area_Planted,2200.0,ha,Actual,PL5
cf4b73c2-1c40-4772-bee2-80555f9a07b3,2009,6,TP Hồ Chí Minh,Provincial,Cultivation,Lúa,,Area_Planted,7426.0,ha,Actual,PL5
b2444684-bbf5-4848-8366-6a91b813a8b2,2009,6,Ninh Thuận,Provincial,Cultivation,Lúa,,Area_Planted,1362.0,ha,Actual,PL5
1827828b-b132-4db2-9f71-7458af047b00,2009,6,Ninh Thuận,Provincial,Cultivation,Lúa,,Area_Planted,200.0,ha,Actual,PL5
60383e08-74e7-4d70-b948-da9c40bb08f7,2009,6,Ninh Thuận,Provincial,Cultivation,Lúa,,Area_Planted,30.0,ha,Actual,PL5
bb28c04c-f798-464e-bd2b-b94ff9358b6c,2009,6,Ninh Thuận,Provincial,Cultivation,Lúa,,Area_Planted,480.0,ha,Actual,PL5
46a8de0d-0993-42e3-93d0-f5521a36d476,2009,6,Ninh Thuận,Provincial,Cultivation,Lúa,,Area_Planted,620.0,ha,Actual,PL5
fb61f857-16fd-4c98-91a0-8567b7bf0fee,2009,6,Ninh Thuận,Provincial,Cultivation,Lúa,,Area_Planted,32.0,ha,Actual,PL5
e352759f-bea9-4df1-a22f-f1edc2597cc2,2009,6,Ninh Thuận,Provincial,Cultivation,Lúa,,Area_Planted,6900.0,ha,Actual,PL5
a4a7f85a-4989-4a00-a110-a57bedd9831f,2009,6,Ninh Thuận,Provincial,Cultivation,Lúa,,Area_Planted,500.0,ha,Actual,PL5
ffe9e321-3af0-497d-9dbd-0eb2f4f874af,2009,6,Bình Phước,Provincial,Cultivation,Lúa,,Area_Planted,144.0,ha,Actual,PL5
51facbfb-7e88-46f9-9118-b8669bd5620f,2009,6,Bình Phước,Provincial,Cultivation,Lúa,,Area_Planted,132.0,ha,Actual,PL5
7efd45b5-2c7a-4c7d-9306-414266df7487,2009,6,Bình Phước,Provincial,Cultivation,Lúa,,Area_Planted,12.0,ha,Actual,PL5
b2ec6edd-8cce-4587-abf2-b834332a1970,2009,6,Bình Phước,Provincial,Cultivation,Lúa,,Area_Planted,701.0,ha,Actual,PL5
8f159faf-a21a-4024-a9c3-e89cfbbdaa56,2009,6,Bình Phước,Provincial,Cultivation,Lúa,,Area_Planted,145.0,ha,Actual,PL5
bde6bef9-525a-49e0-ad3c-1c25e0c5f8bb,2009,6,Tây Ninh,Provincial,Cultivation,Lúa,,Area_Planted,32615.0,ha,Actual,PL5
d456767a-0386-4540-a865-e9ef84f21c98,2009,6,Tây Ninh,Provincial,Cultivation,Lúa,,Area_Planted,16167.0,ha,Actual,PL5
c23c6225-3493-4568-92b9-c1fdac733c85,2009,6,Tây Ninh,Provincial,Cultivation,Lúa,,Area_Planted,952.0,ha,Actual,PL5
277f2d06-ea2e-4776-a34b-abba7f337718,2009,6,Tây Ninh,Provincial,Cultivation,Lúa,,Area_Planted,7748.0,ha,Actual,PL5
36a8a377-aff2-47de-b96b-5eb7e2dc982b,2009,6,Tây Ninh,Provincial,Cultivation,Lúa,,Area_Planted,7748.0,ha,Actual,PL5
76b56356-3617-48ce-bd80-10010d51a683,2009,6,Tây Ninh,Provincial,Cultivation,Lúa,,Area_Planted,10692.0,ha,Actual,PL5
8dc472b0-7cd5-4b92-bdc3-977b127ed779,2009,6,Tây Ninh,Provincial,Cultivation,Lúa,,Area_Planted,4990.0,ha,Actual,PL5
58310855-eb26-46db-9b55-0d9d7175ea6a,2009,6,Bình Dương,Provincial,Cultivation,Lúa,,Area_Planted,700.0,ha,Actual,PL5
bd59192c-5d42-4d24-9156-cda157079e60,2009,6,Bình Dương,Provincial,Cultivation,Lúa,,Area_Planted,429.0,ha,Actual,PL5
263abb82-f69f-43b6-ab40-76653a33e62b,2009,6,Bình Dương,Provincial,Cultivation,Lúa,,Area_Planted,271.0,ha,Actual,PL5
fb5b40ea-529e-4351-b6c1-8e22d3e9dcfc,2009,6,Bình Dương,Provincial,Cultivation,Lúa,,Area_Planted,2024.0,ha,Actual,PL5
75b2c819-ffcf-40b0-85a4-b3cb17389faf,2009,6,Bình Dương,Provincial,Cultivation,Lúa,,Area_Planted,64.0,ha,Actual,PL5
9f9a9092-53eb-4258-8181-f00173ce117e,2009,6,Đồng Nai,Provincial,Cultivation,Lúa,,Area_Planted,8872.0,ha,Actual,PL5
66e387e0-20ac-4ece-ada3-e9a59473b560,2009,6,Đồng Nai,Provincial,Cultivation,Lúa,,Area_Planted,321.0,ha,Actual,PL5
2bcc764a-a705-4f4d-b47b-de5e2efab1f3,2009,6,Đồng Nai,Provincial,Cultivation,Lúa,,Area_Planted,4156.0,ha,Actual,PL5
4d375a2e-8e82-4550-a9f4-28cf33e2b562,2009,6,Đồng Nai,Provincial,Cultivation,Lúa,,Area_Planted,580.0,ha,Actual,PL5
da08024b-4fc2-4e94-a807-ae9ffa54fdc3,2009,6,Đồng Nai,Provincial,Cultivation,Lúa,,Area_Planted,3815.0,ha,Actual,PL5
0ed05855-bd88-48f0-aec5-1a7e1c252aaa,2009,6,Đồng Nai,Provincial,Cultivation,Lúa,,Area_Planted,9110.0,ha,Actual,PL5
fffa2e51-de83-4e5b-a89f-e45baa308bfe,2009,6,Đồng Nai,Provincial,Cultivation,Lúa,,Area_Planted,3759.0,ha,Actual,PL5
1468c4c6-0540-4f58-b54c-80813e11dede,2009,6,Bình Thuận,Provincial,Cultivation,Lúa,,Area_Planted,7668.0,ha,Actual,PL5
44938d1a-46a0-414e-85ba-d060b48fd009,2009,6,Bình Thuận,Provincial,Cultivation,Lúa,,Area_Planted,242.0,ha,Actual,PL5
fe78fc59-61fe-482a-b06b-d580efe108b5,2009,6,Bình Thuận,Provincial,Cultivation,Lúa,,Area_Planted,3487.0,ha,Actual,PL5
3b1689ea-1d4d-49cd-827f-8fdaff4d099e,2009,6,Bình Thuận,Provincial,Cultivation,Lúa,,Area_Planted,3407.0,ha,Actual,PL5
f400dd2e-b4ad-4730-bdb9-9640a129e86e,2009,6,Bình Thuận,Provincial,Cultivation,Lúa,,Area_Planted,35.0,ha,Actual,PL5
eabffad2-80f7-4ea2-ab90-d8996817c4ae,2009,6,Bình Thuận,Provincial,Cultivation,Lúa,,Area_Planted,485.0,ha,Actual,PL5
bacf1260-a0fa-4457-afc5-cd754607e917,2009,6,Bình Thuận,Provincial,Cultivation,Lúa,,Area_Planted,12.0,ha,Actual,PL5
6f0c120b-ba2e-4109-bd89-faeea74bc41f,2009,6,Bình Thuận,Provincial,Cultivation,Lúa,,Area_Planted,2216.0,ha,Actual,PL5
9126d30e-452d-4f94-9021-10234bb5bb15,2009,6,Bình Thuận,Provincial,Cultivation,Lúa,,Area_Planted,3178.0,ha,Actual,PL5
18b6fac3-23ce-4e31-af43-4bfcb2b69766,2009,6,Bà Rịa-V.Tàu,Provincial,Cultivation,Lúa,,Area_Planted,674.0,ha,Actual,PL5
c5767d8c-027c-4e20-9604-f1fa43bcbb74,2009,6,Bà Rịa-V.Tàu,Provincial,Cultivation,Lúa,,Area_Planted,426.0,ha,Actual,PL5
07cea363-5ffe-4740-84cb-cb811b7dc3f9,2009,6,Bà Rịa-V.Tàu,Provincial,Cultivation,Lúa,,Area_Planted,103.0,ha,Actual,PL5
7ee87210-f61e-4118-8e45-f87df8531bc7,2009,6,Bà Rịa-V.Tàu,Provincial,Cultivation,Lúa,,Area_Planted,145.0,ha,Actual,PL5
ac371e66-3016-4b5a-a905-155bc41e8444,2009,6,Bà Rịa-V.Tàu,Provincial,Cultivation,Lúa,,Area_Planted,2228.0,ha,Actual,PL5
dbde75bd-3744-49d6-a049-2d7d20c8ecba,2009,6,Bà Rịa-V.Tàu,Provincial,Cultivation,Lúa,,Area_Planted,497.0,ha,Actual,PL5
9b039d30-df76-4533-840e-ada63c8e8cb2,2009,6,ĐBS Cửu Long,Provincial,Cultivation,Lúa,,Area_Planted,79733.0,ha,Actual,PL5
37647888-d06b-443a-9abc-1079dc357db5,2009,6,ĐBS Cửu Long,Provincial,Cultivation,Lúa,,Area_Planted,7640.0,ha,Actual,PL5
d9e80f23-3b19-4084-8938-d847257bbc17,2009,6,ĐBS Cửu Long,Provincial,Cultivation,Lúa,,Area_Planted,13623.0,ha,Actual,PL5
8dee1602-8611-468d-8cf9-ee637ff8f8f8,2009,6,ĐBS Cửu Long,Provincial,Cultivation,Lúa,,Area_Planted,8526.0,ha,Actual,PL5
949ed790-cdb8-4e52-8ff1-92cb32e597ab,2009,6,ĐBS Cửu Long,Provincial,Cultivation,Lúa,,Area_Planted,193.0,ha,Actual,PL5
75963fc8-d47e-477b-b085-b74fe5b14272,2009,6,ĐBS Cửu Long,Provincial,Cultivation,Lúa,,Area_Planted,49420.0,ha,Actual,PL5
ea645d11-abaf-41f7-81f2-042ab2a854d9,2009,6,ĐBS Cửu Long,Provincial,Cultivation,Lúa,,Area_Planted,450.0,ha,Actual,PL5
68e21360-e6cf-4357-853a-124ba4d7213d,2009,6,ĐBS Cửu Long,Provincial,Cultivation,Lúa,,Area_Planted,109121.0,ha,Actual,PL5
a43a1675-5984-4c20-a230-2e08eac0258d,2009,6,ĐBS Cửu Long,Provincial,Cultivation,Lúa,,Area_Planted,3841.0,ha,Actual,PL5
9648e693-96fa-457b-a9f6-fa11077c4f2e,2009,6,Long An,Provincial,Cultivation,Lúa,,Area_Planted,22806.0,ha,Actual,PL5
535f1ea5-336f-4b50-b091-c5e5b1dfba28,2009,6,Long An,Provincial,Cultivation,Lúa,,Area_Planted,6966.0,ha,Actual,PL5
138ddc51-2e12-4f54-aa09-f9dbc87e812d,2009,6,Long An,Provincial,Cultivation,Lúa,,Area_Planted,1459.0,ha,Actual,PL5
274f9eef-8655-4b93-afeb-ad478dc05be2,2009,6,Long An,Provincial,Cultivation,Lúa,,Area_Planted,14381.0,ha,Actual,PL5
2815ff41-70a7-40b9-85b7-dc6c2cb70edf,2009,6,Long An,Provincial,Cultivation,Lúa,,Area_Planted,6510.0,ha,Actual,PL5
ddabe283-6de1-4aa7-8b75-3cb0641f9670,2009,6,Đồng Tháp,Provincial,Cultivation,Lúa,,Area_Planted,8743.0,ha,Actual,PL5
b3a68224-5122-420b-a735-5e1e2c308c5d,2009,6,Đồng Tháp,Provincial,Cultivation,Lúa,,Area_Planted,5415.0,ha,Actual,PL5
9aa99bb2-f072-499f-932a-62583bee6cee,2009,6,Đồng Tháp,Provincial,Cultivation,Lúa,,Area_Planted,250.0,ha,Actual,PL5
ffe782a6-e62c-4fcb-8fd7-0c10729ef77d,2009,6,Đồng Tháp,Provincial,Cultivation,Lúa,,Area_Planted,2931.0,ha,Actual,PL5
f97e9be3-44eb-4222-b2db-d40ff769c000,2009,6,Đồng Tháp,Provincial,Cultivation,Lúa,,Area_Planted,16.0,ha,Actual,PL5
bf7fa4c5-e900-4d88-8755-89b0668a3ea6,2009,6,Đồng Tháp,Provincial,Cultivation,Lúa,,Area_Planted,131.0,ha,Actual,PL5
e02cd09f-3371-43ad-8ff4-41387d98803f,2009,6,Đồng Tháp,Provincial,Cultivation,Lúa,,Area_Planted,7824.0,ha,Actual,PL5
39b0d711-b600-4e05-9861-998a93a011e1,2009,6,Đồng Tháp,Provincial,Cultivation,Lúa,,Area_Planted,438.0,ha,Actual,PL5
96ccf522-a369-4841-ba05-e06be32c38db,2009,6,An Giang,Provincial,Cultivation,Lúa,,Area_Planted,422.0,ha,Actual,PL5
1ee146e5-3531-4515-aca0-62bfa735a560,2009,6,An Giang,Provincial,Cultivation,Lúa,,Area_Planted,183.0,ha,Actual,PL5
bebf2f90-8c77-4656-82a3-4fee487bd1c1,2009,6,An Giang,Provincial,Cultivation,Lúa,,Area_Planted,215.0,ha,Actual,PL5
68368f2d-7971-4437-9a50-fedd71fd6dd1,2009,6,An Giang,Provincial,Cultivation,Lúa,,Area_Planted,6.0,ha,Actual,PL5
f48adf00-f1b2-4803-87bb-7bae07cddcb7,2009,6,An Giang,Provincial,Cultivation,Lúa,,Area_Planted,18.0,ha,Actual,PL5
2361461d-1624-4901-9f63-6f103ff79d90,2009,6,An Giang,Provincial,Cultivation,Lúa,,Area_Planted,8433.0,ha,Actual,PL5
1d809554-f384-42f6-afbb-3ef7db15ce92,2009,6,An Giang,Provincial,Cultivation,Lúa,,Area_Planted,1090.0,ha,Actual,PL5
b56f0993-418e-489c-97d9-5700eeb79c18,2009,6,Tiền Giang,Provincial,Cultivation,Lúa,,Area_Planted,119.0,ha,Actual,PL5
341aa3ff-28c7-42c0-a322-d28b7c5382de,2009,6,Tiền Giang,Provincial,Cultivation,Lúa,,Area_Planted,25200.0,ha,Actual,PL5
ce2bc94d-7589-4f65-bb12-d82dd0763698,2009,6,Vĩnh Long,Provincial,Cultivation,Lúa,,Area_Planted,1541.0,ha,Actual,PL5
1dafec76-a7a3-4b14-bd00-7e8b7208daa1,2009,6,Vĩnh Long,Provincial,Cultivation,Lúa,,Area_Planted,1115.0,ha,Actual,PL5
79e1bbc8-2863-40fb-9bee-3baca2a49074,2009,6,Vĩnh Long,Provincial,Cultivation,Lúa,,Area_Planted,28.0,ha,Actual,PL5
f31c5f50-f8af-4028-a4f1-d1bc2280bd4a,2009,6,Vĩnh Long,Provincial,Cultivation,Lúa,,Area_Planted,331.0,ha,Actual,PL5
1ce2d68b-842c-4804-ac66-4a31609635a8,2009,6,Vĩnh Long,Provincial,Cultivation,Lúa,,Area_Planted,67.0,ha,Actual,PL5
a17bbc60-85c7-4fbc-b650-07a19377aaeb,2009,6,Vĩnh Long,Provincial,Cultivation,Lúa,,Area_Planted,12759.0,ha,Actual,PL5
6d475007-c3b9-4236-a6ea-dc647dc656c8,2009,6,Vĩnh Long,Provincial,Cultivation,Lúa,,Area_Planted,365.0,ha,Actual,PL5
b91f80d4-9170-43ee-ac12-9dc0b74a8700,2009,6,Bến Tre,Provincial,Cultivation,Lúa,,Area_Planted,7360.0,ha,Actual,PL5
b507a41e-a640-44ba-b19e-401d6f0ad5ed,2009,6,Bến Tre,Provincial,Cultivation,Lúa,,Area_Planted,391.0,ha,Actual,PL5
d8a73d0c-c48b-4eca-91bc-0d52d21222c2,2009,6,Bến Tre,Provincial,Cultivation,Lúa,,Area_Planted,6969.0,ha,Actual,PL5
d1240e9f-98a8-489a-9a69-f4fd4ec473ba,2009,6,Bến Tre,Provincial,Cultivation,Lúa,,Area_Planted,2082.0,ha,Actual,PL5
697258ee-83f2-4a4e-9cd2-168a584715a8,2009,6,Bến Tre,Provincial,Cultivation,Lúa,,Area_Planted,128.0,ha,Actual,PL5
53ea8c1c-9085-4ed0-b577-801dfb383a9a,2009,6,Kiên Giang,Provincial,Cultivation,Lúa,,Area_Planted,0.0,ha,Actual,PL5
3595eb05-7a7f-4ccb-8699-df533419951d,2009,6,Cần Thơ,Provincial,Cultivation,Lúa,,Area_Planted,8124.0,ha,Actual,PL5
7482da0d-9c4d-435b-b6d0-35711919a01d,2009,6,Cần Thơ,Provincial,Cultivation,Lúa,,Area_Planted,721.0,ha,Actual,PL5
e0153cd1-4387-498a-8484-0c8c664730e1,2009,6,Cần Thơ,Provincial,Cultivation,Lúa,,Area_Planted,3587.0,ha,Actual,PL5
2ba6073b-54b4-421c-96b8-b4aff49bb6a3,2009,6,Cần Thơ,Provincial,Cultivation,Lúa,,Area_Planted,3805.0,ha,Actual,PL5
f8cb790b-975c-44aa-bd2d-c22acdaeb4db,2009,6,Cần Thơ,Provincial,Cultivation,Lúa,,Area_Planted,11.0,ha,Actual,PL5
59edb338-fb52-4e99-bf9b-5c566962cd9b,2009,6,Cần Thơ,Provincial,Cultivation,Lúa,,Area_Planted,5480.0,ha,Actual,PL5
d0d6e467-cfb6-4ca2-ba07-19762143574f,2009,6,Cần Thơ,Provincial,Cultivation,Lúa,,Area_Planted,201.0,ha,Actual,PL5
4f5f383e-368c-4de4-83f5-3bbbd988c571,2009,6,Hậu Giang,Provincial,Cultivation,Lúa,,Area_Planted,13453.0,ha,Actual,PL5
fd8b32d5-a21b-424b-8a08-c2a706e8edfd,2009,6,Hậu Giang,Provincial,Cultivation,Lúa,,Area_Planted,13453.0,ha,Actual,PL5
d4cbf018-39b6-4cf4-8559-1c60fd212952,2009,6,Hậu Giang,Provincial,Cultivation,Lúa,,Area_Planted,6068.0,ha,Actual,PL5
65bfb736-f8cb-4dab-b745-dff50600ac65,2009,6,Trà Vinh,Provincial,Cultivation,Lúa,,Area_Planted,4230.0,ha,Actual,PL5
1dbb4a5f-0f13-4042-9a9f-b3b15feaf204,2009,6,Trà Vinh,Provincial,Cultivation,Lúa,,Area_Planted,2088.0,ha,Actual,PL5
e79ff918-1653-449a-ac23-d6c868f480f5,2009,6,Trà Vinh,Provincial,Cultivation,Lúa,,Area_Planted,1692.0,ha,Actual,PL5
9636bb0b-5fdf-4d72-983e-707492112e8e,2009,6,Trà Vinh,Provincial,Cultivation,Lúa,,Area_Planted,450.0,ha,Actual,PL5
e1e023d7-d51b-409e-9a50-aba076a3b7c5,2009,6,Trà Vinh,Provincial,Cultivation,Lúa,,Area_Planted,6325.0,ha,Actual,PL5
7ef43488-6c9b-4463-ba49-cf533bcd3c21,2009,6,Trà Vinh,Provincial,Cultivation,Lúa,,Area_Planted,426.0,ha,Actual,PL5
9d41ec95-5548-4afe-b275-dcecebd3cf4e,2009,6,Sóc Trăng,Provincial,Cultivation,Lúa,,Area_Planted,13054.0,ha,Actual,PL5
c213f78b-2743-426f-a8dc-19aaa5f11732,2009,6,Sóc Trăng,Provincial,Cultivation,Lúa,,Area_Planted,206.0,ha,Actual,PL5
a7259f90-1c50-4e83-ad9a-d824e6b35487,2009,6,Sóc Trăng,Provincial,Cultivation,Lúa,,Area_Planted,98.0,ha,Actual,PL5
327e08da-965d-48b4-96cd-c7107ba89a38,2009,6,Sóc Trăng,Provincial,Cultivation,Lúa,,Area_Planted,160.0,ha,Actual,PL5
e62beab2-5336-4571-9eb9-e9507e8096fd,2009,6,Sóc Trăng,Provincial,Cultivation,Lúa,,Area_Planted,12590.0,ha,Actual,PL5
84e1be74-9758-4fb0-8da5-111a038b61b7,2009,6,Sóc Trăng,Provincial,Cultivation,Lúa,,Area_Planted,22940.0,ha,Actual,PL5
4ac21dc7-fcf3-4713-9bb6-9dbf1ab9453d,2009,6,Sóc Trăng,Provincial,Cultivation,Lúa,,Area_Planted,1193.0,ha,Actual,PL5
801d5643-2776-441c-8665-96de3fba1f05,2009,6,Bạc Liêu,Provincial,Cultivation,Lúa,,Area_Planted,5500.0,ha,Actual,PL5
e6685b1b-2743-482f-a62d-7ae46bac52df,2009,6,Cả nước,National,Forestry,Rừng,,Area_Planted,74.0,1000_ha,Estimated,PL6b1
3fee8123-f893-4d45-97a8-f76acab1f35e,2009,6,Cả nước,National,Forestry,Rừng,,Area_Planted,227.3,1000_ha,Plan,PL6b1
7517d312-514e-4c9d-bbb8-d707c17e6c40,2009,6,Cả nước,National,Forestry,Rừng,,Area,17.6,1000_ha,Estimated,PL6b1
913c84c9-5f1e-4a8d-a001-682308da0df7,2009,6,Cả nước,National,Forestry,Rừng,,Area,60.0,1000_ha,Plan,PL6b1
ccaea667-db4e-4889-bb8a-c56528b262d5,2009,6,Cả nước,National,Forestry,Rừng,,Area,56.4,1000_ha,Estimated,PL6b1
8a153cdc-8170-49af-9399-9cf9aa04671f,2009,6,Cả nước,National,Forestry,Rừng,,Area,167.3,1000_ha,Plan,PL6b1
8c2b433d-87c5-4988-8349-effe17594ace,2009,6,Cả nước,National,Forestry,Rừng trồng,,Area,143.1,1000_ha,Estimated,PL6b1
69320128-d29b-4c1d-bf36-35befb1ba06f,2009,6,Cả nước,National,Forestry,Rừng trồng,,Area,149.7,1000_ha,Plan,PL6b1
943a42e4-6d24-4f6e-83c8-6574e763156c,2009,6,Cả nước,National,Forestry,Cây nhân dân,,Area_Planted,107.5,million_trees,Estimated,PL6b1
2803ec60-571a-40fb-a19e-cab8b263a31d,2009,6,Cả nước,National,Forestry,Cây nhân dân,,Area_Planted,200.0,million_trees,Plan,PL6b1
a890aebf-6df9-447c-ab40-785862b1d458,2009,6,Cả nước,National,Forestry,Rừng tái sinh,,Area,620.6,1000_ha,Estimated,PL6b1
950a0e85-d118-459a-b43b-5ed4a439a124,2009,6,Cả nước,National,Forestry,Rừng tái sinh,,Area,506.0,1000_ha,Plan,PL6b1
d8a6535a-24d9-4aa7-bebc-ba835f136636,2009,6,Cả nước,National,Forestry,Rừng,,Area,604.0,1000_ha,Plan,PL6b1
4eaed3a2-9cd4-49a8-a3c0-b2da3ee7b84f,2009,6,Cả nước,National,Forestry,Rừng,,Area,49.0,1000_ha,Plan,PL6b1
70cb8564-87c9-4532-8388-ed9bad32a1d5,2009,6,Cả nước,National,Forestry,Rừng bảo vệ,,Area,2038.8,1000_ha,Estimated,PL6b1
79eca40e-bf5c-446c-982f-85c51c908f89,2009,6,Cả nước,National,Forestry,Rừng bảo vệ,,Area,1524.0,1000_ha,Plan,PL6b1
e2d9ae7a-f41e-4841-af39-0e1ed78010fa,2009,6,Cả nước,National,Forestry,Gỗ,,Production,1674.1,1000_m3,Estimated,PL6b1
8661cc56-b7c5-4c04-b37d-8ca916068929,2009,6,Cả nước,National,Forestry,Gỗ,,Production,4380.0,1000_m3,Plan,PL6b1
262ecb2b-0d46-4f61-b023-9e0b8b5a5783,2009,1,Cả nước,National,Trade,"1. Nông sản chính,trong đó:",Xuất khẩu,Export_Value,718.0,million_USD,Actual,PL8
2a85b396-449e-49ed-b2b2-65ae4e795f4a,2009,1,Cả nước,National,Trade,Cà phê,Xuất khẩu,Export_Volume,95.0,1000_ton,Actual,PL8
7f09d6e4-e1ac-4bfb-9470-74b3ee059817,2009,1,Cả nước,National,Trade,Cà phê,Xuất khẩu,Export_Value,137.0,million_USD,Actual,PL8
1ec7be1d-dba2-403d-9bd1-7c8d09198fa1,2009,1,Cả nước,National,Trade,Cao su,Xuất khẩu,Export_Volume,44.0,1000_ton,Actual,PL8
f28bd2ce-92da-4d13-b191-704e73f39c2f,2009,1,Cả nước,National,Trade,Cao su,Xuất khẩu,Export_Value,65.0,million_USD,Actual,PL8
b7394c32-2ade-4340-b667-b2a10e47d294,2009,1,Cả nước,National,Trade,Gạo,Xuất khẩu,Export_Volume,665.0,1000_ton,Actual,PL8
6049853d-3731-4631-86d4-25120434bd7a,2009,1,Cả nước,National,Trade,Gạo,Xuất khẩu,Export_Value,333.0,million_USD,Actual,PL8
02995c0a-e0fe-4db0-8a2b-9a28bdafaf4b,2009,1,Cả nước,National,Trade,Chè,Xuất khẩu,Export_Volume,9.0,1000_ton,Actual,PL8
9382a074-be59-4136-940c-575de19b5622,2009,1,Cả nước,National,Trade,Chè,Xuất khẩu,Export_Value,11.0,million_USD,Actual,PL8
4ffcb656-7ccb-4499-8120-00f5c65dc9d8,2009,1,Cả nước,National,Trade,Hạt điều,Xuất khẩu,Export_Volume,14.0,1000_ton,Actual,PL8
7447b33f-997a-4c64-b78e-a8cf30714705,2009,1,Cả nước,National,Trade,Hạt điều,Xuất khẩu,Export_Value,62.0,million_USD,Actual,PL8
b0b1fb4d-3c8e-4e4f-8272-0d15df2b2c06,2009,1,Cả nước,National,Trade,Hạt tiêu,Xuất khẩu,Export_Volume,13.0,1000_ton,Actual,PL8
33955b5f-0f97-43e0-b183-ae229a62d33c,2009,1,Cả nước,National,Trade,Hạt tiêu,Xuất khẩu,Export_Value,30.0,million_USD,Actual,PL8
30d10555-137e-40fb-95c2-619e82d45775,2009,1,Cả nước,National,Trade,Hàng rau quả,Xuất khẩu,Export_Volume,0.0,1000_ton,Actual,PL8
5cb28846-7978-461a-b1fc-6bf48846eb6a,2009,1,Cả nước,National,Trade,Hàng rau quả,Xuất khẩu,Export_Value,34.0,million_USD,Actual,PL8
6abf89db-b6af-4549-a168-28bbb80a3ce2,2009,1,Cả nước,National,Trade,Sắn và sản phẩm từ sắn,Xuất khẩu,Export_Volume,287.0,1000_ton,Actual,PL8
6101142b-ebd9-4610-84c6-3d98761b11a1,2009,1,Cả nước,National,Trade,Sắn và sản phẩm từ sắn,Xuất khẩu,Export_Value,47.0,million_USD,Actual,PL8
79a04477-e1d1-40eb-9f05-405875ca5b14,2009,1,Cả nước,National,Trade,2. Thuỷ sản,Xuất khẩu,Export_Value,317.0,million_USD,Actual,PL8
63eb406f-d0d8-498d-aa05-e3773dda9318,2009,1,Cả nước,National,Trade,"3. Lâm sản chính,trong đó:",Xuất khẩu,Export_Value,191.0,million_USD,Actual,PL8
a1c51db9-fb34-4801-a489-5e370b1db1db,2009,1,Cả nước,National,Trade,Quế,Xuất khẩu,Export_Value,2.4,million_USD,Actual,PL8
0adc2e70-a186-4761-bfaf-b6b41206dba2,2009,1,Cả nước,National,Trade,Gỗ & sản phẩm gỗ,Xuất khẩu,Export_Value,175.5,million_USD,Actual,PL8
0bcd09b3-21ef-4a75-b5e9-c49f68eccdbc,2009,1,Cả nước,National,Trade,"SP mây, tre, cói, thảm",Xuất khẩu,Export_Value,13.0,million_USD,Actual,PL8
406c1505-b752-43d2-b984-52a604ddab1b,2009,1,Cả nước,National,Trade,rong đó các mặt hàng chính:,Xuất khẩu,Export_Value,783.0,million_USD,Actual,PL8
9823a98e-0773-4671-ac84-7a2f586682cb,2009,1,Cả nước,National,Trade,Phân bón các loại,Xuất khẩu,Export_Volume,273.0,1000_ton,Actual,PL8
2407ffb9-fc7f-4fc5-90ae-a7f38015761c,2009,1,Cả nước,National,Trade,Phân bón các loại,Xuất khẩu,Export_Value,91.0,million_USD,Actual,PL8
ccd7a454-1eb5-44f2-84eb-8466f3623c27,2009,1,Cả nước,National,Trade,- U RE,Xuất khẩu,Export_Volume,107.0,1000_ton,Actual,PL8
625dd3d6-5d72-4538-bad5-3fafcd77c3f6,2009,1,Cả nước,National,Trade,- U RE,Xuất khẩu,Export_Value,33.0,million_USD,Actual,PL8
21bdd78d-8093-480d-a8de-8eb38b7c2eab,2009,1,Cả nước,National,Trade,- S A,Xuất khẩu,Export_Volume,85.0,1000_ton,Actual,PL8
3ea94c7d-b4ae-4e57-8b23-b066e49ea848,2009,1,Cả nước,National,Trade,- S A,Xuất khẩu,Export_Value,13.0,million_USD,Actual,PL8
5c4e9ef3-d708-4e88-a657-a585683ed6de,2009,1,Cả nước,National,Trade,- D A P,Xuất khẩu,Export_Volume,12.0,1000_ton,Actual,PL8
cb23c528-1cc1-4ec2-bcfe-f4ab2c22a35d,2009,1,Cả nước,National,Trade,- D A P,Xuất khẩu,Export_Value,5.0,million_USD,Actual,PL8
f592ca42-eca9-4d8c-8472-5022695b2d81,2009,1,Cả nước,National,Trade,- N P K,Xuất khẩu,Export_Volume,27.0,1000_ton,Actual,PL8
78e8aee1-3f21-4f45-b4c7-7328e38e89dc,2009,1,Cả nước,National,Trade,- N P K,Xuất khẩu,Export_Value,11.0,million_USD,Actual,PL8
1bb0ba1a-6632-4bd8-b0b4-0e5c234c55ea,2009,1,Cả nước,National,Trade,- Phân bón các loại khác,Xuất khẩu,Export_Volume,42.0,1000_ton,Actual,PL8
c924921f-4676-48b9-8e1c-4f663d9985fa,2009,1,Cả nước,National,Trade,- Phân bón các loại khác,Xuất khẩu,Export_Value,28.0,million_USD,Actual,PL8
462e32af-defe-4065-8cd8-a2e2fbd90837,2009,1,Cả nước,National,Trade,Thuốc trừ sâu & nguyên liệu,Xuất khẩu,Export_Value,52.0,million_USD,Actual,PL8
e09f5d64-6296-4d84-8871-cdc6a6fc4f75,2009,1,Cả nước,National,Trade,Lúa mỳ,Xuất khẩu,Export_Volume,103.0,1000_ton,Actual,PL8
44479743-04fa-4490-b157-4205662c0af7,2009,1,Cả nước,National,Trade,Lúa mỳ,Xuất khẩu,Export_Value,25.0,million_USD,Actual,PL8
7c0e6733-a0f6-471f-a338-7057275977c5,2009,1,Cả nước,National,Trade,Thức ăn gia súc và nguyên liệu,Xuất khẩu,Export_Value,159.0,million_USD,Actual,PL8
aecb8452-76ea-42fb-ac02-7b08168a27ba,2009,1,Cả nước,National,Trade,"Dầu mỡ động, thực vật",Xuất khẩu,Export_Value,53.0,million_USD,Actual,PL8
b7fbd44f-7df1-4153-8f33-d5906ec22ddf,2009,1,Cả nước,National,Trade,Cao su,Xuất khẩu,Export_Volume,31.0,1000_ton,Actual,PL8
c5cd6dcb-6d08-4f1c-a96e-1013ddd4cee7,2009,1,Cả nước,National,Trade,Cao su,Xuất khẩu,Export_Value,40.0,million_USD,Actual,PL8
57d4c739-e3bf-48d2-be75-ca63fbcad84a,2009,1,Cả nước,National,Trade,Bông các loại,Xuất khẩu,Export_Volume,25.0,1000_ton,Actual,PL8
85bc5339-e89c-4beb-a9c8-6b77efaf3448,2009,1,Cả nước,National,Trade,Bông các loại,Xuất khẩu,Export_Value,30.0,million_USD,Actual,PL8
3245fbfd-e23e-433a-bb56-e48ecf4ca4a3,2009,1,Cả nước,National,Trade,Sữa & sản phẩm sữa,Xuất khẩu,Export_Value,46.0,million_USD,Actual,PL8
aa449444-c179-49e6-ac13-bbfcf008b72f,2009,1,Cả nước,National,Trade,Gỗ & sản phẩm gỗ,Xuất khẩu,Export_Value,78.0,million_USD,Actual,PL8
3703218b-0fbc-4961-abae-c01292c35326,2009,1,Cả nước,National,Trade,Hàng thuỷ sản,Xuất khẩu,Export_Value,21.0,million_USD,Actual,PL8
f9fbb1c0-8aaf-4cfa-b99c-3dd9f52a88b1,2009,1,Cả nước,National,Trade,Hàng rau quả,Xuất khẩu,Export_Value,24.0,million_USD,Actual,PL8
197e514c-e0bd-496f-8f0c-e455ad70b2a7,2009,1,Cả nước,National,Trade,Muối,Xuất khẩu,Export_Value,4.0,million_USD,Actual,PL8
9d55ffc4-2317-4de4-a604-0ca6d0663413,2009,1,Cả nước,National,Trade,1,Xuất khẩu,Export_Volume,60354.0,1000_ton,Actual,PL8a
9e96333f-e248-4f84-8f53-67504b74fb5b,2009,1,Cả nước,National,Trade,1,Xuất khẩu,Export_Value,105105.0,million_USD,Actual,PL8a
df1f6b19-ddbb-483c-9fdc-8fc45b6b5a9c,2009,1,Cả nước,National,Trade,2,Xuất khẩu,Export_Volume,140706.0,1000_ton,Actual,PL8a
8dd3dce2-30a5-42e2-a312-36bd5c78d1e0,2009,1,Cả nước,National,Trade,2,Xuất khẩu,Export_Value,70418.0,million_USD,Actual,PL8a
fc4823d4-9dff-42f5-a7a4-39c67d7c8535,2009,1,Cả nước,National,Trade,3,Xuất khẩu,Export_Volume,108994.0,1000_ton,Actual,PL8a
3acd76b0-b848-4262-94fa-9c44fcd9f279,2009,1,Cả nước,National,Trade,3,Xuất khẩu,Export_Value,68293.0,million_USD,Actual,PL8a
938c5244-c22f-46fc-b78f-33380c5f98cd,2009,1,Cả nước,National,Trade,4,Xuất khẩu,Export_Volume,81301.0,1000_ton,Actual,PL8a
d5cd0b1f-f5e5-4427-9e02-e8db33980b84,2009,1,Cả nước,National,Trade,4,Xuất khẩu,Export_Value,62144.0,million_USD,Actual,PL8a
030e932b-1e8c-45ea-96a2-6f1407f74460,2009,1,Cả nước,National,Trade,5,Xuất khẩu,Export_Volume,83281.0,1000_ton,Actual,PL8a
2c1f8b6b-69c6-4090-a6e3-615324993c72,2009,1,Cả nước,National,Trade,5,Xuất khẩu,Export_Value,39458.0,million_USD,Actual,PL8a
edf5ba16-f5d0-4d67-bae8-401cebd185e4,2009,1,Cả nước,National,Trade,6,Xuất khẩu,Export_Volume,61066.0,1000_ton,Actual,PL8a
7e905c6d-78c4-454d-82e6-0fc63e77d6e1,2009,1,Cả nước,National,Trade,6,Xuất khẩu,Export_Value,30455.0,million_USD,Actual,PL8a
32986f8d-4070-4584-b623-07b0ddbcf00a,2009,1,Cả nước,National,Trade,7,Xuất khẩu,Export_Volume,16654.0,1000_ton,Actual,PL8a
72b6c543-5e6c-4212-963c-90c00945f06c,2009,1,Cả nước,National,Trade,7,Xuất khẩu,Export_Value,25961.0,million_USD,Actual,PL8a
b3336eb0-0413-43ef-9be6-9affd6ef152c,2009,1,Cả nước,National,Trade,8,Xuất khẩu,Export_Volume,26479.0,1000_ton,Actual,PL8a
3e75a535-0e6a-49d4-9ec6-62b853ec6f0b,2009,1,Cả nước,National,Trade,8,Xuất khẩu,Export_Value,17305.0,million_USD,Actual,PL8a
778171f1-e031-444f-b8f8-319e8fdc0e93,2009,1,Cả nước,National,Trade,9,Xuất khẩu,Export_Volume,41283.0,1000_ton,Actual,PL8a
12cd222a-9d91-4cf8-850b-57f62aa0cd7b,2009,1,Cả nước,National,Trade,9,Xuất khẩu,Export_Value,16538.0,million_USD,Actual,PL8a
efaaa72e-9361-4b24-b42b-2183bbf45833,2009,1,Cả nước,National,Trade,10,Xuất khẩu,Export_Volume,45077.0,1000_ton,Actual,PL8a
4d0c9e63-3b03-435d-bd90-c19e348165be,2009,1,Cả nước,National,Trade,10,Xuất khẩu,Export_Value,15105.0,million_USD,Actual,PL8a
fbe11937-74c9-4c65-9719-864a81f6d40d,2009,1,Cả nước,National,Trade,1,Xuất khẩu,Export_Volume,300979.0,1000_ton,Actual,PL8a
eabaaef6-f8d6-4359-b744-eef65889ddda,2009,1,Cả nước,National,Trade,1,Xuất khẩu,Export_Value,129639.0,million_USD,Actual,PL8a
a91a4f2b-5e29-46d0-9d46-d376224085dd,2009,1,Cả nước,National,Trade,2,Xuất khẩu,Export_Volume,24581.0,1000_ton,Actual,PL8a
db7196da-b9e2-4203-b862-25b228707a31,2009,1,Cả nước,National,Trade,2,Xuất khẩu,Export_Value,8985.0,million_USD,Actual,PL8a
8dd393ed-4201-4354-b8d6-40a2ee866799,2009,1,Cả nước,National,Trade,3,Xuất khẩu,Export_Volume,7524.0,1000_ton,Actual,PL8a
4d1ada8b-9bce-4310-bc80-64c6eae12841,2009,1,Cả nước,National,Trade,3,Xuất khẩu,Export_Value,6247.0,million_USD,Actual,PL8a
5f48d0f0-9867-4f09-a81b-d7118bf222dc,2009,1,Cả nước,National,Trade,4,Xuất khẩu,Export_Volume,17906.0,1000_ton,Actual,PL8a
9087a8ca-915b-4a2c-ab17-3f0ae4f052dd,2009,1,Cả nước,National,Trade,4,Xuất khẩu,Export_Value,4747.0,million_USD,Actual,PL8a
89425be7-7b38-4714-ad8c-cd1d56afa16f,2009,1,Cả nước,National,Trade,5,Xuất khẩu,Export_Volume,17252.0,1000_ton,Actual,PL8a
de25d005-01f1-43bb-aebb-e4d2d338efa2,2009,1,Cả nước,National,Trade,5,Xuất khẩu,Export_Value,5366.0,million_USD,Actual,PL8a
de1c9340-3d70-4964-95dc-69dd2a989b6c,2009,1,Cả nước,National,Trade,6,Xuất khẩu,Export_Volume,7923.0,1000_ton,Actual,PL8a
3addc5f1-1400-41eb-b23e-5e70332c05d4,2009,1,Cả nước,National,Trade,6,Xuất khẩu,Export_Value,4104.0,million_USD,Actual,PL8a
af2bdbd3-f32f-4d70-96fc-0b7f46d45e2c,2009,1,Cả nước,National,Trade,7,Xuất khẩu,Export_Volume,13923.0,1000_ton,Actual,PL8a
44389e26-8132-45ff-a3a5-42e57181a8f1,2009,1,Cả nước,National,Trade,7,Xuất khẩu,Export_Value,3019.0,million_USD,Actual,PL8a
7e2d62f6-131a-4752-9717-6c7c22a0b574,2009,1,Cả nước,National,Trade,8,Xuất khẩu,Export_Volume,6668.0,1000_ton,Actual,PL8a
f7ce1063-f5a9-45a6-b4dc-1278627518d6,2009,1,Cả nước,National,Trade,8,Xuất khẩu,Export_Value,2550.0,million_USD,Actual,PL8a
a3256063-8ee5-4a90-bf05-1b9c92ff725d,2009,1,Cả nước,National,Trade,9,Xuất khẩu,Export_Volume,12049.0,1000_ton,Actual,PL8a
06af7162-2aa9-4867-be3a-e1dc6c02be8e,2009,1,Cả nước,National,Trade,9,Xuất khẩu,Export_Value,2303.0,million_USD,Actual,PL8a
56c52f9f-95d2-4296-8c4c-f884bb07387c,2009,1,Cả nước,National,Trade,1,Xuất khẩu,Export_Volume,8188.0,1000_ton,Actual,PL8a
851359a2-e86d-4f53-b677-1eeeb3001645,2009,1,Cả nước,National,Trade,1,Xuất khẩu,Export_Value,10299.0,million_USD,Actual,PL8a
9d7437ec-29df-47f2-99c0-faf2bd66d0aa,2009,1,Cả nước,National,Trade,2,Xuất khẩu,Export_Volume,5237.0,1000_ton,Actual,PL8a
b39a9cc5-3b72-4621-9c94-a0c2f26e066f,2009,1,Cả nước,National,Trade,2,Xuất khẩu,Export_Value,7100.0,million_USD,Actual,PL8a
15d54d0f-69aa-46d2-9951-89eeacc3ec99,2009,1,Cả nước,National,Trade,3,Xuất khẩu,Export_Volume,7577.0,1000_ton,Actual,PL8a
123cf471-c31a-4bd8-88eb-88b021d12736,2009,1,Cả nước,National,Trade,3,Xuất khẩu,Export_Value,5915.0,million_USD,Actual,PL8a
bc466982-4bfd-4c34-bb8c-cc1724fb642f,2009,1,Cả nước,National,Trade,4,Xuất khẩu,Export_Volume,2107.0,1000_ton,Actual,PL8a
1dcb08e3-ac2b-4b4c-8d8f-9ca8d8a23d6b,2009,1,Cả nước,National,Trade,4,Xuất khẩu,Export_Value,2423.0,million_USD,Actual,PL8a
03a76576-e94e-4690-b605-24011f8138f5,2009,1,Cả nước,National,Trade,5,Xuất khẩu,Export_Volume,736.0,1000_ton,Actual,PL8a
6e1e5cfb-7181-49ea-8ad2-55e8be845e7d,2009,1,Cả nước,National,Trade,5,Xuất khẩu,Export_Value,1629.0,million_USD,Actual,PL8a
31394860-3b6d-46ed-a046-26f38d2bc16a,2009,1,Cả nước,National,Trade,6,Xuất khẩu,Export_Volume,1089.0,1000_ton,Actual,PL8a
3fd74526-b1c7-4e88-b71c-408ddb446ff3,2009,1,Cả nước,National,Trade,6,Xuất khẩu,Export_Value,1471.0,million_USD,Actual,PL8a
eec431de-b10f-4b9d-b547-b5625a58d446,2009,1,Cả nước,National,Trade,7,Xuất khẩu,Export_Volume,707.0,1000_ton,Actual,PL8a
ef1f6ef5-f8d2-460b-b75e-e62ac419e04a,2009,1,Cả nước,National,Trade,7,Xuất khẩu,Export_Value,1693.0,million_USD,Actual,PL8a
84f2e4e4-0169-442b-b146-e10adfad028e,2009,1,Cả nước,National,Trade,8,Xuất khẩu,Export_Volume,1221.0,1000_ton,Actual,PL8a
4a3d3607-3b6d-4fff-a8c7-3bfe501df5b6,2009,1,Cả nước,National,Trade,8,Xuất khẩu,Export_Value,807.0,million_USD,Actual,PL8a
ba61ccc8-768c-4b23-bdef-d986bf9d2996,2009,1,Cả nước,National,Trade,9,Xuất khẩu,Export_Volume,1005.0,1000_ton,Actual,PL8a
a8a32f28-f6ce-409d-82b6-f8fbe8cbc9bd,2009,1,Cả nước,National,Trade,9,Xuất khẩu,Export_Value,546.0,million_USD,Actual,PL8a
a1e44e93-4e71-485d-a26a-355c4890aada,2009,1,Cả nước,National,Trade,10,Xuất khẩu,Export_Volume,1163.0,1000_ton,Actual,PL8a
b8067b59-4910-4c81-a5b9-1e98d3a3728e,2009,1,Cả nước,National,Trade,10,Xuất khẩu,Export_Value,132.0,million_USD,Actual,PL8a
4a5227a1-66a6-488d-a332-d9f1c07d1159,2009,1,Cả nước,National,Trade,1,Xuất khẩu,Export_Volume,580240.0,1000_ton,Actual,PL8a
b470ab7e-9001-408b-9d47-e9d68958a5cb,2009,1,Cả nước,National,Trade,1,Xuất khẩu,Export_Value,1383609.0,million_USD,Actual,PL8a
243dca15-15b1-4594-a642-94efab003253,2009,1,Cả nước,National,Trade,2,Xuất khẩu,Export_Volume,128164.0,1000_ton,Actual,PL8a
d725f93c-fa9f-488a-82f0-9c3c48fd38fc,2009,1,Cả nước,National,Trade,2,Xuất khẩu,Export_Value,295560.0,million_USD,Actual,PL8a
9e1273ef-ce6b-4715-a0fe-39a3f60f33ae,2009,1,Cả nước,National,Trade,3,Xuất khẩu,Export_Volume,70623.0,1000_ton,Actual,PL8a
5001fbe0-1b5c-4f23-8611-6148871c5347,2009,1,Cả nước,National,Trade,3,Xuất khẩu,Export_Value,211650.0,million_USD,Actual,PL8a
ef493d1b-e13d-4279-b2e5-ed147193e33d,2009,1,Cả nước,National,Trade,4,Xuất khẩu,Export_Volume,48130.0,1000_ton,Actual,PL8a
a825a79b-70b8-46a6-b988-c2abbf7c183c,2009,1,Cả nước,National,Trade,4,Xuất khẩu,Export_Value,168000.0,million_USD,Actual,PL8a
8450d391-ba77-400b-ba19-8d3a481919a3,2009,1,Cả nước,National,Trade,5,Xuất khẩu,Export_Volume,10871.0,1000_ton,Actual,PL8a
de7f2fcb-c418-430e-ab2d-5df4342ba6dd,2009,1,Cả nước,National,Trade,5,Xuất khẩu,Export_Value,119285.0,million_USD,Actual,PL8a
e888a88e-7235-4ef5-b431-5f65c8c827d4,2009,1,Cả nước,National,Trade,6,Xuất khẩu,Export_Volume,8346.0,1000_ton,Actual,PL8a
a9a3c891-6845-4dd9-bc91-32ee93a3fb4e,2009,1,Cả nước,National,Trade,6,Xuất khẩu,Export_Value,58217.0,million_USD,Actual,PL8a
6758d829-6678-4860-942a-0d2f76861976,2009,1,Cả nước,National,Trade,1,Xuất khẩu,Export_Volume,54810.0,1000_ton,Actual,PL8b
a55eaa01-8321-48ec-ae6d-8857cb67a1c5,2009,1,Cả nước,National,Trade,1,Xuất khẩu,Export_Value,51606.0,million_USD,Actual,PL8b
b4fab9c8-e297-4acd-a0a3-f3161fc9fe1c,2009,1,Cả nước,National,Trade,2,Xuất khẩu,Export_Volume,5063.0,1000_ton,Actual,PL8b
c90fddc8-e3fd-4ab0-93d1-430504ac8596,2009,1,Cả nước,National,Trade,2,Xuất khẩu,Export_Value,4434.0,million_USD,Actual,PL8b
a7da8bee-2d12-4179-a209-d88664885d8e,2009,1,Cả nước,National,Trade,3,Xuất khẩu,Export_Volume,3164.0,1000_ton,Actual,PL8b
fb8a7bf7-1959-4454-bee5-9b477bd450f5,2009,1,Cả nước,National,Trade,3,Xuất khẩu,Export_Value,2409.0,million_USD,Actual,PL8b
ee03b172-de27-4957-8cbc-d67720a96226,2009,1,Cả nước,National,Trade,4,Xuất khẩu,Export_Volume,69883.0,1000_ton,Actual,PL8b
db20f8e4-8b11-4e73-af01-1612168aa5a8,2009,1,Cả nước,National,Trade,4,Xuất khẩu,Export_Value,1804.0,million_USD,Actual,PL8b
20b2afd4-9a44-4cde-8f57-3eeac6cf6c0a,2009,1,Cả nước,National,Trade,5,Xuất khẩu,Export_Volume,388.0,1000_ton,Actual,PL8b
5d6ec640-6034-4096-a3be-a42b76b55db3,2009,1,Cả nước,National,Trade,5,Xuất khẩu,Export_Value,1174.0,million_USD,Actual,PL8b
5cca6a5d-92c4-4932-bcd6-c70cc86cba64,2009,1,Cả nước,National,Trade,6,Xuất khẩu,Export_Volume,5637.0,1000_ton,Actual,PL8b
cd6ee71c-6ca7-4bef-ac48-e994a64b4489,2009,1,Cả nước,National,Trade,6,Xuất khẩu,Export_Value,564.0,million_USD,Actual,PL8b
71ba7ebb-4038-4f7c-b1bf-153e4367eccb,2009,1,Cả nước,National,Trade,7,Xuất khẩu,Export_Volume,3469.0,1000_ton,Actual,PL8b
4835b32f-fc96-473f-9695-88847db01bcf,2009,1,Cả nước,National,Trade,7,Xuất khẩu,Export_Value,470.0,million_USD,Actual,PL8b
8c717eac-bc3e-422a-9f9f-040662e75795,2009,1,Cả nước,National,Trade,8,Xuất khẩu,Export_Volume,1194.0,1000_ton,Actual,PL8b
fd65fa02-a816-42f7-b1f1-1f376cb01be5,2009,1,Cả nước,National,Trade,8,Xuất khẩu,Export_Value,663.0,million_USD,Actual,PL8b
c72b1c62-f80f-4aa1-b2e3-d1a05bd27fed,2009,1,Cả nước,National,Trade,9,Xuất khẩu,Export_Volume,1057.0,1000_ton,Actual,PL8b
3ea13e14-43f1-4a7e-8edc-9d088d062986,2009,1,Cả nước,National,Trade,9,Xuất khẩu,Export_Value,236.0,million_USD,Actual,PL8b
ce2c6975-2cee-4e77-b0c9-1cbaed399c1a,2009,1,Cả nước,National,Trade,1,Xuất khẩu,Export_Volume,37404.86,1000_ton,Actual,PL8b
508549ac-17b1-4c11-8993-a6901f26468e,2009,1,Cả nước,National,Trade,1,Xuất khẩu,Export_Value,28594.0,million_USD,Actual,PL8b
fcdd7177-7e0c-4cfa-bbe8-a0df7e5b0e17,2009,1,Cả nước,National,Trade,2,Xuất khẩu,Export_Volume,30674.55,1000_ton,Actual,PL8b
03e7c679-44d5-492c-b578-2f45d9e6a5d4,2009,1,Cả nước,National,Trade,2,Xuất khẩu,Export_Value,16856.0,million_USD,Actual,PL8b
62909218-fd65-4a10-a3be-8ae613ba2b5f,2009,1,Cả nước,National,Trade,3,Xuất khẩu,Export_Volume,26813.56,1000_ton,Actual,PL8b
b52fbeed-24dd-4332-be58-8b7c7b21be70,2009,1,Cả nước,National,Trade,3,Xuất khẩu,Export_Value,14631.0,million_USD,Actual,PL8b
40b12d85-4a10-481e-9705-c314cb13ae51,2009,1,Cả nước,National,Trade,4,Xuất khẩu,Export_Volume,33086.11,1000_ton,Actual,PL8b
f7d2eea0-0cc7-4f7f-b5d6-4b86ea65a61e,2009,1,Cả nước,National,Trade,4,Xuất khẩu,Export_Value,7170.0,million_USD,Actual,PL8b
4fbca78d-2e3c-4db4-b773-c98079ff4ac4,2009,1,Cả nước,National,Trade,5,Xuất khẩu,Export_Volume,6596.244,1000_ton,Actual,PL8b
14c78723-5756-4fe2-a3f7-2c9313ad13e0,2009,1,Cả nước,National,Trade,5,Xuất khẩu,Export_Value,8703.0,million_USD,Actual,PL8b
b3fbac1f-2282-487a-bdf2-68a9bfe63bef,2009,1,Cả nước,National,Trade,6,Xuất khẩu,Export_Volume,19849.31,1000_ton,Actual,PL8b
f6090a37-6ee2-4748-bdee-f305d9ae4584,2009,1,Cả nước,National,Trade,6,Xuất khẩu,Export_Value,4656.0,million_USD,Actual,PL8b
a3219053-faf1-4240-8260-b73f82232bef,2009,1,Cả nước,National,Trade,7,Xuất khẩu,Export_Volume,5976.033,1000_ton,Actual,PL8b
23654bf4-137e-480c-8d44-332fda77c84e,2009,1,Cả nước,National,Trade,7,Xuất khẩu,Export_Value,2835.0,million_USD,Actual,PL8b
6e4b044c-bdd3-4922-bf24-35e9f7790255,2009,1,Cả nước,National,Trade,8,Xuất khẩu,Export_Volume,4700.152,1000_ton,Actual,PL8b
168635ae-72df-480b-993a-0f96b32b7ce3,2009,1,Cả nước,National,Trade,8,Xuất khẩu,Export_Value,3948.0,million_USD,Actual,PL8b
e0e81157-ee20-4e85-a260-d7bc4f5a03fe,2009,1,Cả nước,National,Trade,9,Xuất khẩu,Export_Volume,15619.68,1000_ton,Actual,PL8b
98f4455c-a125-4234-9395-dfa46c3d3dfc,2009,1,Cả nước,National,Trade,9,Xuất khẩu,Export_Value,1554.0,million_USD,Actual,PL8b
6e756f13-0c00-4aa7-95e5-1608b9934cd7,2009,1,Cả nước,National,Trade,10,Xuất khẩu,Export_Volume,1486.886,1000_ton,Actual,PL8b
4f308198-74ea-44c2-bc7a-f9ab2ca7c6a3,2009,1,Cả nước,National,Trade,10,Xuất khẩu,Export_Value,861.0,million_USD,Actual,PL8b
127d6795-9ec4-4676-bb54-82f7a7d1cbc7,2009,1,Cả nước,National,Trade,1,Xuất khẩu,Export_Volume,109625.2,1000_ton,Actual,PL8b
af974b95-dcf6-470b-a672-38349cd6410b,2009,1,Cả nước,National,Trade,2,Xuất khẩu,Export_Volume,137897.0,1000_ton,Actual,PL8b
63e1a9ba-6477-48c9-9a4f-fd4bc8ea52f7,2009,1,Cả nước,National,Trade,3,Xuất khẩu,Export_Volume,30002.25,1000_ton,Actual,PL8b
8c077b29-4dc5-4477-8b3b-11193df4a104,2009,1,Cả nước,National,Trade,4,Xuất khẩu,Export_Volume,10625.52,1000_ton,Actual,PL8b
e3ac241c-3d1f-4075-96e3-49ac9a8301fb,2009,1,Cả nước,National,Trade,5,Xuất khẩu,Export_Volume,984.9255,1000_ton,Actual,PL8b
702dcdae-bf2f-4805-aeb7-f018973e435a,2009,1,Cả nước,National,Trade,6,Xuất khẩu,Export_Volume,1838.88,1000_ton,Actual,PL8b
a092f258-ceae-4089-8aad-30e6fb591fe8,2009,1,Cả nước,National,Trade,7,Xuất khẩu,Export_Volume,2212.87,1000_ton,Actual,PL8b
5b841313-d665-4841-9120-396892ee32d4,2009,1,Cả nước,National,Trade,8,Xuất khẩu,Export_Volume,1349.167,1000_ton,Actual,PL8b
23993544-cc47-40a8-8d3e-f050519e6a37,2009,1,Cả nước,National,Trade,9,Xuất khẩu,Export_Volume,31112.89,1000_ton,Actual,PL8b
3a97a2fd-4299-4a22-915e-70f8ae72afa9,2009,1,Cả nước,National,Trade,10,Xuất khẩu,Export_Volume,2400.422,1000_ton,Actual,PL8b
fd0baf6c-16b2-43f4-9a2e-06c93898bac0,2009,1,Cả nước,National,Trade,1,Xuất khẩu,Export_Volume,75518.24,1000_ton,Actual,PL8b
01a35137-0504-4d63-8fdc-e86243994295,2009,1,Cả nước,National,Trade,2,Xuất khẩu,Export_Volume,52330.22,1000_ton,Actual,PL8b
867ff113-be81-436f-b02e-999780ee105e,2009,1,Cả nước,National,Trade,3,Xuất khẩu,Export_Volume,62919.59,1000_ton,Actual,PL8b
5c92b8ef-7cc9-43d9-9c5f-b1ad59cd6aba,2009,1,Cả nước,National,Trade,4,Xuất khẩu,Export_Volume,48882.37,1000_ton,Actual,PL8b
a8c5fefa-c6e1-4529-84aa-a837ecc8907a,2009,1,Cả nước,National,Trade,5,Xuất khẩu,Export_Volume,18484.46,1000_ton,Actual,PL8b
58ebdc64-b68e-4066-8cbf-5110958e585d,2009,1,Cả nước,National,Trade,6,Xuất khẩu,Export_Volume,25627.65,1000_ton,Actual,PL8b
b99a2671-a2cf-4e6b-b963-37f79a92361d,2009,1,Cả nước,National,Trade,7,Xuất khẩu,Export_Volume,24515.62,1000_ton,Actual,PL8b
98adc4d1-868f-461c-b147-4fbdbf4dd614,2009,1,Cả nước,National,Trade,8,Xuất khẩu,Export_Volume,20813.03,1000_ton,Actual,PL8b
1867ff82-140a-494e-b0c4-4fbde115ccd3,2009,1,Cả nước,National,Trade,9,Xuất khẩu,Export_Volume,13467.34,1000_ton,Actual,PL8b
48ba3b17-a67a-4358-b1ad-1bdceb5bbbc1,2009,1,Cả nước,National,Trade,10,Xuất khẩu,Export_Volume,5815.398,1000_ton,Actual,PL8b
937d42a7-62cc-42d4-b88a-b8945d78e9d2,2009,1,Cả nước,National,Trade,1,Xuất khẩu,Export_Volume,85372.27,1000_ton,Actual,PL8b
3ffd4872-b414-4911-83aa-cc57cd0286fc,2009,1,Cả nước,National,Trade,1,Xuất khẩu,Export_Value,396794.0,million_USD,Actual,PL8b
d56c25a4-55f0-411c-8ebd-80d7800e9094,2009,1,Cả nước,National,Trade,2,Xuất khẩu,Export_Volume,2532.841,1000_ton,Actual,PL8b
277a3349-01eb-4748-95b7-548d1f68fe82,2009,1,Cả nước,National,Trade,2,Xuất khẩu,Export_Value,70093.0,million_USD,Actual,PL8b
1843b369-d56f-4bfa-a7ae-6d325050ce29,2009,1,Cả nước,National,Trade,3,Xuất khẩu,Export_Volume,13585.97,1000_ton,Actual,PL8b
3dbdab4e-363c-4349-8abd-ca1f7082d5bf,2009,1,Cả nước,National,Trade,3,Xuất khẩu,Export_Value,6653.0,million_USD,Actual,PL8b
fa9ab24e-9b37-448f-a637-42a81a70dae9,2009,1,Cả nước,National,Trade,4,Xuất khẩu,Export_Volume,5486.208,1000_ton,Actual,PL8b
ebf799b5-2f8c-4999-98d6-95a827956b1f,2009,1,Cả nước,National,Trade,4,Xuất khẩu,Export_Value,198.0,million_USD,Actual,PL8b
b3967f5f-f8af-45f0-9ff3-4d7c3cd41288,2009,6,Cả nước,National,Investment,Vốn thực hiện đầu tư,,Investment_Amount,2611500.0,million_VND,Plan,PL9
d8e1f704-8b7d-4311-99ff-8c47804ae4cb,2009,6,Cả nước,National,Investment,Vốn thực hiện đầu tư,,Investment_Amount,1267510.0,million_VND,Cumulative,PL9
321c0a2d-20e5-45bf-a511-2013de838569,2009,6,Cả nước,National,Investment,Đầu tư Thuỷ lợi,,Investment_Amount,1483500.0,million_VND,Plan,PL9
bb39199b-029e-42ef-809f-666484d03073,2009,6,Cả nước,National,Investment,Đầu tư Thuỷ lợi,,Investment_Amount,875020.0,million_VND,Cumulative,PL9
b4243d54-be2c-4eff-8c63-cd0916e42467,2009,6,Cả nước,National,Investment,Đầu tư Nông nghiệp,,Investment_Amount,493000.0,million_VND,Plan,PL9
12f977f4-07d9-4f9b-9a75-1b5f3395c1e3,2009,6,Cả nước,National,Investment,Đầu tư Nông nghiệp,,Investment_Amount,240605.0,million_VND,Cumulative,PL9
06989059-b0fa-41bc-be34-460e7c2437cf,2009,6,Cả nước,National,Investment,Đầu tư Lâm nghiệp,,Investment_Amount,230000.0,million_VND,Plan,PL9
4ea89b8b-9352-475e-bf64-4388c5df3811,2009,6,Cả nước,National,Investment,Đầu tư Lâm nghiệp,,Investment_Amount,48888.0,million_VND,Cumulative,PL9
3ba511ba-8e71-41dc-a6e0-ef9876559b62,2009,6,Cả nước,National,Investment,Đầu tư Thuỷ sản,,Investment_Amount,24000.0,million_VND,Plan,PL9
ec228eeb-da8e-4f6d-88c1-a2a5f2dc462d,2009,6,Cả nước,National,Investment,Đầu tư Thuỷ sản,,Investment_Amount,11400.0,million_VND,Cumulative,PL9
2f7b3d71-23d3-46c6-8887-be0c58595cf0,2009,6,Cả nước,National,Investment,Khoa học ‐ Công nghệ,,Investment_Amount,230000.0,million_VND,Plan,PL9
a885bc9f-6174-4bdf-b57a-8ba876a871d4,2009,6,Cả nước,National,Investment,Khoa học ‐ Công nghệ,,Investment_Amount,38170.0,million_VND,Cumulative,PL9
09396859-b640-4343-ab7e-53d035834360,2009,6,Cả nước,National,Investment,Giáo dục ‐ Đào tạo,,Investment_Amount,90000.0,million_VND,Plan,PL9
ed490c9c-e2b2-461c-85f0-df775a5b01d0,2009,6,Cả nước,National,Investment,Giáo dục ‐ Đào tạo,,Investment_Amount,37177.0,million_VND,Cumulative,PL9
fa9b4027-0f1a-4f09-814d-f0c4e5c1f126,2009,6,Cả nước,National,Investment,Các ngành khác,,Investment_Amount,61000.0,million_VND,Plan,PL9
b7cdd74a-e341-422a-9dbe-ded400eb067a,2009,6,Cả nước,National,Investment,Các ngành khác,,Investment_Amount,16250.0,million_VND,Cumulative,PL9
bcbc5711-999a-492f-a99b-3374f114d342,2009,6,Cả nước,National,Investment,Chương trình mục tiêu,,Investment_Amount,40263.0,million_VND,Plan,PL9
12190f0b-27b1-4bac-9e95-b83430b518ef,2009,6,Cả nước,National,Investment,Chương trình mục tiêu,,Investment_Amount,8050.0,million_VND,Cumulative,PL9
1dc034e1-2952-430b-a70c-6dacada10734,2009,6,Cả nước,National,Investment,Vốn đầu tư theo các mục tiêunhiệm vụ cụ thể,,Investment_Amount,208000.0,million_VND,Plan,PL9
bcb9aebb-3a2f-4dd7-b9b1-3c39e6347871,2009,6,Cả nước,National,Investment,Vốn đầu tư theo các mục tiêunhiệm vụ cụ thể,,Investment_Amount,47650.0,million_VND,Cumulative,PL9
437b259f-ef3b-443c-9530-e240d1a76287,2009,6,Cả nước,National,Investment,Bổ sung dự trữ Quốc gia,,Investment_Amount,65000.0,million_VND,Plan,PL9
3a1ff0a6-2a94-43a2-8973-9d3e7b654daa,2009,6,Cả nước,National,Investment,Vốn chuẩn bị đầu tư,,Investment_Amount,30000.0,million_VND,Plan,PL9
9c562161-64c2-4f9b-8f4b-5d9686103f83,2009,6,Cả nước,National,Investment,Vốn chuẩn bị đầu tư,,Investment_Amount,11000.0,million_VND,Cumulative,PL9
2833cba6-42bd-4401-a395-6a29b4f60899,2009,6,Cả nước,National,Investment,Vốn ứng trước cho các dựáncấp bách,,Investment_Amount,1000000.0,million_VND,Plan,PL9
d75d9029-28bd-4de1-95e5-de2e72c960dd,2009,6,Cả nước,National,Investment,Vốn ứng trước cho các dựáncấp bách,,Investment_Amount,263608.0,million_VND,Cumulative,PL9
2f39d967-91ee-4341-81a0-cb4f14237825,2009,6,Cả nước,National,Investment,Tổng vốn NS (A+B),,Investment_Amount,3954763.0,million_VND,Plan,PL9
cfc56408-81d4-4096-a93a-9ba6d5f4bcb3,2009,6,Cả nước,National,Investment,Tổng vốn NS (A+B),,Investment_Amount,1597818.0,million_VND,Cumulative,PL9
ee7268c4-6bd8-4317-8a9f-5464b2b476f9,2009,6,Cả nước,National,Investment,Vốn TPCP theo quyết định171/2006/QĐ­TTg,,Investment_Amount,3250000.0,million_VND,Plan,PL9
a580580e-b447-450e-9d17-8ebe42372913,2009,6,Cả nước,National,Investment,Vốn TPCP theo quyết định171/2006/QĐ­TTg,,Investment_Amount,1298102.0,million_VND,Cumulative,PL9
705b3e49-6fe2-44ad-afda-976570572e2a,2009,6,Cả nước,National,Investment,Các dựán cấp bách bổsung,,Investment_Amount,200000.0,million_VND,Plan,PL9
f783a14e-d820-4449-861a-f666e776c9ee,2009,6,Cả nước,National,Investment,Các dựán cấp bách bổsung,,Investment_Amount,19653.0,million_VND,Cumulative,PL9
8f146548-e548-46d7-822d-a860545d02c9,2009,6,Cả nước,National,Investment,Các dựán thuỷlợi ĐBSôngHồng,,Investment_Amount,400000.0,million_VND,Plan,PL9
9d42358e-61e5-4c26-9210-c143d387eddf,2009,6,Cả nước,National,Investment,Các dựán thuỷlợi ĐBSôngHồng,,Investment_Amount,22708.0,million_VND,Cumulative,PL9
3704ecc5-f3ae-43cf-a7a6-83458cc69658,2009,6,Cả nước,National,Investment,Tổng vốn TPCP (C+D+E),,Investment_Amount,3850000.0,million_VND,Plan,PL9
56ba03cf-49ad-414c-9a0f-cca33eaf001f,2009,6,Cả nước,National,Investment,Tổng vốn TPCP (C+D+E),,Investment_Amount,1340463.0,million_VND,Cumulative,PL9
