record_id,year,month,location_name,geo_level,sector,commodity,sub_item,attribute,value,unit,data_type,appendix_number
4cb209a196e9997e,2011,1,1. Gieo cấy lúa đông xuân cả nước,Provincial,Cultivation,Lúa,Đông Xuân,Area_Planted,19476.0,1000_ha,Actual,PL1
6b3f809b08c8a0ea,2012,1,1. Gieo cấy lúa đông xuân cả nước,Provincial,Cultivation,Lúa,Đông Xuân,Area_Planted,19425.0,1000_ha,Actual,PL1
bdf29bcb2947dd9a,2011,1,- Miền Nam,Provincial,Cultivation,Unknown,,Area_Planted,18610.0,1000_ha,Actual,PL1
a5f8c59c46f107f6,2012,1,- Miền Nam,Provincial,Cultivation,Unknown,,Area_Planted,18688.0,1000_ha,Actual,PL1
7a2bd4ece42e80dc,2011,1,2. Thu hoạch lúa mùa miền Nam,Provincial,Cultivation,Unknown,,Area_Planted,6049.0,1000_ha,Actual,PL1
d8a8f75767dae2ed,2012,1,2. Thu hoạch lúa mùa miền Nam,Provincial,Cultivation,Unknown,,Area_Planted,7176.0,1000_ha,Actual,PL1
de04a96a8c07286b,2011,1,3. Gieo trồng màu lương thực(),Provincial,Cultivation,Màu lương thực,,Area_Planted,2647.0,1000_ha,Actual,PL1
269a634aa69d367e,2012,1,3. Gieo trồng màu lương thực(),Provincial,Cultivation,Màu lương thực,,Area_Planted,2663.0,1000_ha,Actual,PL1
f4355eedd3005903,2011,1,- Khoai lang,Provincial,Cultivation,Khoai lang,,Area_Planted,557.0,1000_ha,Actual,PL1
4f4bc2aa8b357e10,2012,1,- Khoai lang,Provincial,Cultivation,Khoai lang,,Area_Planted,548.0,1000_ha,Actual,PL1
e94a75f0360c8e3f,2011,1,4. G.trồng cây công nghiệp ngắn ngày(),Provincial,Cultivation,Cây công nghiệp ngắn ngày,,Area_Planted,1329.0,1000_ha,Actual,PL1
1b94fbbf7516dfba,2012,1,4. G.trồng cây công nghiệp ngắn ngày(),Provincial,Cultivation,Cây công nghiệp ngắn ngày,,Area_Planted,1302.0,1000_ha,Actual,PL1
f6978bdcf40b2ffe,2011,1,- Lạc,Provincial,Cultivation,Lạc,,Area_Planted,284.0,1000_ha,Actual,PL1
a120cfee14dbbe5d,2012,1,- Lạc,Provincial,Cultivation,Lạc,,Area_Planted,311.0,1000_ha,Actual,PL1
b2c13b292435b188,2011,1,"5. Gieo trồng rau, đậu các loại()",Provincial,Cultivation,Rau đậu,,Area_Planted,2536.0,1000_ha,Actual,PL1
a36ae6e6dae5a180,2012,1,"5. Gieo trồng rau, đậu các loại()",Provincial,Cultivation,Rau đậu,,Area_Planted,2763.0,1000_ha,Actual,PL1
b48fedeb7aaed98f,2012,1,Miền Bắc,Provincial,Cultivation,Lúa,,Area_Planted,737082.0,ha,Actual,PL2
b48fedeb7aaed98f,2012,1,Miền Bắc,Provincial,Cultivation,Lúa,,Area_Planted,1994450.0,ha,Actual,PL2
0860ed7aab116354,2012,1,Miền Bắc,Provincial,Cultivation,Ngô,,Area_Planted,1253130.0,ha,Actual,PL2
56d799f07a2c5170,2012,1,Miền Bắc,Provincial,Cultivation,Khoai lang,,Area_Planted,477590.0,ha,Actual,PL2
7fa3c49fa3c5a0ec,2012,1,Miền Bắc,Provincial,Cultivation,Sắn,,Area_Planted,204500.0,ha,Actual,PL2
b48fedeb7aaed98f,2012,1,Miền Bắc,Provincial,Cultivation,Lúa,,Area_Planted,59230.0,ha,Actual,PL2
149eda871f1c7cba,2012,1,ĐB sông Hồng,Provincial,Cultivation,Lúa,,Area_Planted,41722.0,ha,Actual,PL2
149eda871f1c7cba,2012,1,ĐB sông Hồng,Provincial,Cultivation,Lúa,,Area_Planted,694890.0,ha,Actual,PL2
25eedc9b4cd2a565,2012,1,ĐB sông Hồng,Provincial,Cultivation,Ngô,,Area_Planted,511830.0,ha,Actual,PL2
a6c64c6c7d4680c1,2012,1,ĐB sông Hồng,Provincial,Cultivation,Khoai lang,,Area_Planted,161680.0,ha,Actual,PL2
4e2537090f6487b3,2012,1,ĐB sông Hồng,Provincial,Cultivation,Sắn,,Area_Planted,500.0,ha,Actual,PL2
149eda871f1c7cba,2012,1,ĐB sông Hồng,Provincial,Cultivation,Lúa,,Area_Planted,20880.0,ha,Actual,PL2
07f2b9ea7ca31df2,2012,1,Hà Nội,Provincial,Cultivation,Lúa,,Area_Planted,1600.0,ha,Actual,PL2
07f2b9ea7ca31df2,2012,1,Hà Nội,Provincial,Cultivation,Lúa,,Area_Planted,150000.0,ha,Actual,PL2
014c562ce9f954de,2012,1,Hà Nội,Provincial,Cultivation,Ngô,,Area_Planted,119000.0,ha,Actual,PL2
bf9ab72f968bb1bb,2012,1,Hà Nội,Provincial,Cultivation,Khoai lang,,Area_Planted,31000.0,ha,Actual,PL2
1fc3728e425b03be,2012,1,Hải Phòng,Provincial,Cultivation,Lúa,,Area_Planted,34000.0,ha,Actual,PL2
6265cede5e7b9114,2012,1,Hải Phòng,Provincial,Cultivation,Ngô,,Area_Planted,20000.0,ha,Actual,PL2
17ded1485af6c369,2012,1,Hải Phòng,Provincial,Cultivation,Khoai lang,,Area_Planted,14000.0,ha,Actual,PL2
86dd60d0afbf3d9e,2012,1,Vĩnh Phúc,Provincial,Cultivation,Lúa,,Area_Planted,28552.0,ha,Actual,PL2
86dd60d0afbf3d9e,2012,1,Vĩnh Phúc,Provincial,Cultivation,Lúa,,Area_Planted,129480.0,ha,Actual,PL2
6221f4faf3548b26,2012,1,Vĩnh Phúc,Provincial,Cultivation,Ngô,,Area_Planted,107390.0,ha,Actual,PL2
7f614f1b9295d9a0,2012,1,Vĩnh Phúc,Provincial,Cultivation,Khoai lang,,Area_Planted,20500.0,ha,Actual,PL2
86dd60d0afbf3d9e,2012,1,Vĩnh Phúc,Provincial,Cultivation,Lúa,,Area_Planted,1590.0,ha,Actual,PL2
1378bf649fd0e522,2012,1,Bắc Ninh,Provincial,Cultivation,Lúa,,Area_Planted,29250.0,ha,Actual,PL2
a21d0dd3687d6fda,2012,1,Bắc Ninh,Provincial,Cultivation,Ngô,,Area_Planted,22900.0,ha,Actual,PL2
4f5e7266f169d4e3,2012,1,Bắc Ninh,Provincial,Cultivation,Khoai lang,,Area_Planted,6350.0,ha,Actual,PL2
bb8e53faee99fa4c,2012,1,Hải Dương,Provincial,Cultivation,Lúa,,Area_Planted,35330.0,ha,Actual,PL2
30dec016025875ac,2012,1,Hải Dương,Provincial,Cultivation,Ngô,,Area_Planted,35330.0,ha,Actual,PL2
79b6ba1f7692f6d0,2012,1,Hưng Yên,Provincial,Cultivation,Lúa,,Area_Planted,50540.0,ha,Actual,PL2
20e02042de04b614,2012,1,Hưng Yên,Provincial,Cultivation,Ngô,,Area_Planted,44400.0,ha,Actual,PL2
8de838c1c488683c,2012,1,Hưng Yên,Provincial,Cultivation,Khoai lang,,Area_Planted,6140.0,ha,Actual,PL2
540f4753df1c43e3,2012,1,Hà Nam,Provincial,Cultivation,Lúa,,Area_Planted,39320.0,ha,Actual,PL2
25a6a79cf920040a,2012,1,Hà Nam,Provincial,Cultivation,Ngô,,Area_Planted,34700.0,ha,Actual,PL2
cbe18439e9ecca5f,2012,1,Hà Nam,Provincial,Cultivation,Khoai lang,,Area_Planted,4620.0,ha,Actual,PL2
8a20ea616d11b72b,2012,1,Nam Định,Provincial,Cultivation,Lúa,,Area_Planted,32280.0,ha,Actual,PL2
daab1784966400ad,2012,1,Nam Định,Provincial,Cultivation,Ngô,,Area_Planted,20280.0,ha,Actual,PL2
376126748d153ff9,2012,1,Nam Định,Provincial,Cultivation,Khoai lang,,Area_Planted,11000.0,ha,Actual,PL2
0970b011f2cddc18,2012,1,Nam Định,Provincial,Cultivation,Sắn,,Area_Planted,500.0,ha,Actual,PL2
8a20ea616d11b72b,2012,1,Nam Định,Provincial,Cultivation,Lúa,,Area_Planted,500.0,ha,Actual,PL2
e1e694db9b4037e2,2012,1,Thái Bình,Provincial,Cultivation,Lúa,,Area_Planted,114860.0,ha,Actual,PL2
8149045456b90962,2012,1,Thái Bình,Provincial,Cultivation,Ngô,,Area_Planted,66700.0,ha,Actual,PL2
e61cc7e4d77c5526,2012,1,Thái Bình,Provincial,Cultivation,Khoai lang,,Area_Planted,36600.0,ha,Actual,PL2
e1e694db9b4037e2,2012,1,Thái Bình,Provincial,Cultivation,Lúa,,Area_Planted,11560.0,ha,Actual,PL2
5ab3a9f7db90bcd4,2012,1,Ninh Bình,Provincial,Cultivation,Lúa,,Area_Planted,2520.0,ha,Actual,PL2
5ab3a9f7db90bcd4,2012,1,Ninh Bình,Provincial,Cultivation,Lúa,,Area_Planted,47880.0,ha,Actual,PL2
4cf57747f393752c,2012,1,Ninh Bình,Provincial,Cultivation,Ngô,,Area_Planted,26960.0,ha,Actual,PL2
48ce59e31860e0d5,2012,1,Ninh Bình,Provincial,Cultivation,Khoai lang,,Area_Planted,15710.0,ha,Actual,PL2
5ab3a9f7db90bcd4,2012,1,Ninh Bình,Provincial,Cultivation,Lúa,,Area_Planted,5210.0,ha,Actual,PL2
d373844190ade79b,2012,1,Quảng Ninh,Provincial,Cultivation,Lúa,,Area_Planted,9050.0,ha,Actual,PL2
d373844190ade79b,2012,1,Quảng Ninh,Provincial,Cultivation,Lúa,,Area_Planted,31950.0,ha,Actual,PL2
c9df3fe40e1a8e73,2012,1,Quảng Ninh,Provincial,Cultivation,Ngô,,Area_Planted,14170.0,ha,Actual,PL2
32176df44597f112,2012,1,Quảng Ninh,Provincial,Cultivation,Khoai lang,,Area_Planted,15760.0,ha,Actual,PL2
d373844190ade79b,2012,1,Quảng Ninh,Provincial,Cultivation,Lúa,,Area_Planted,2020.0,ha,Actual,PL2
6bbb80e2e3627d33,2012,1,TD và MN,Provincial,Cultivation,Lúa,,Area_Planted,5000.0,ha,Actual,PL2
6bbb80e2e3627d33,2012,1,TD và MN,Provincial,Cultivation,Lúa,,Area_Planted,531600.0,ha,Actual,PL2
10934b6fa853866d,2012,1,TD và MN,Provincial,Cultivation,Ngô,,Area_Planted,311770.0,ha,Actual,PL2
8f12c715d25a68f5,2012,1,TD và MN,Provincial,Cultivation,Khoai lang,,Area_Planted,159870.0,ha,Actual,PL2
6043dd97bdb30b6b,2012,1,TD và MN,Provincial,Cultivation,Sắn,,Area_Planted,50000.0,ha,Actual,PL2
6bbb80e2e3627d33,2012,1,TD và MN,Provincial,Cultivation,Lúa,,Area_Planted,9960.0,ha,Actual,PL2
2f9ee448f0022d7b,2012,1,Hà Giang,Provincial,Cultivation,Lúa,,Area_Planted,11740.0,ha,Actual,PL2
2be53db7394b9dd9,2012,1,Hà Giang,Provincial,Cultivation,Ngô,,Area_Planted,7310.0,ha,Actual,PL2
3d9bf3283de8e330,2012,1,Hà Giang,Provincial,Cultivation,Khoai lang,,Area_Planted,4430.0,ha,Actual,PL2
f9b47905655b72dc,2012,1,Cao Bằng,Provincial,Cultivation,Lúa,,Area_Planted,7760.0,ha,Actual,PL2
7f409b37ef0e73f8,2012,1,Cao Bằng,Provincial,Cultivation,Khoai lang,,Area_Planted,7760.0,ha,Actual,PL2
52d7f3102521f516,2012,1,Lào Cai,Provincial,Cultivation,Lúa,,Area_Planted,3250.0,ha,Actual,PL2
26cac910fba9b59a,2012,1,Lào Cai,Provincial,Cultivation,Ngô,,Area_Planted,2100.0,ha,Actual,PL2
837fc7f22acd4736,2012,1,Lào Cai,Provincial,Cultivation,Khoai lang,,Area_Planted,1150.0,ha,Actual,PL2
06579017454e62ca,2012,1,Bắc Cạn,Provincial,Cultivation,Lúa,,Area_Planted,1500.0,ha,Actual,PL2
7764a0da7bd8f94d,2012,1,Bắc Cạn,Provincial,Cultivation,Ngô,,Area_Planted,1230.0,ha,Actual,PL2
f864bc04ce6faee1,2012,1,Bắc Cạn,Provincial,Cultivation,Khoai lang,,Area_Planted,270.0,ha,Actual,PL2
3bcd196f19d0852d,2012,1,Lạng Sơn,Provincial,Cultivation,Lúa,,Area_Planted,9070.0,ha,Actual,PL2
e55045ad944e2cc2,2012,1,Lạng Sơn,Provincial,Cultivation,Ngô,,Area_Planted,3350.0,ha,Actual,PL2
3bcd196f19d0852d,2012,1,Lạng Sơn,Provincial,Cultivation,Lúa,,Area_Planted,5720.0,ha,Actual,PL2
ffc4428ee4c5b23d,2012,1,Tuyên Quang,Provincial,Cultivation,Lúa,,Area_Planted,72530.0,ha,Actual,PL2
5a876a33273574f6,2012,1,Tuyên Quang,Provincial,Cultivation,Ngô,,Area_Planted,50060.0,ha,Actual,PL2
29202f2e8d7d4a8b,2012,1,Tuyên Quang,Provincial,Cultivation,Khoai lang,,Area_Planted,22470.0,ha,Actual,PL2
b3cba0140a4257a4,2012,1,Yên Bái,Provincial,Cultivation,Lúa,,Area_Planted,62960.0,ha,Actual,PL2
ddbc314fb5aaed9d,2012,1,Yên Bái,Provincial,Cultivation,Ngô,,Area_Planted,48000.0,ha,Actual,PL2
c518cb6f3b7d98e1,2012,1,Yên Bái,Provincial,Cultivation,Khoai lang,,Area_Planted,14960.0,ha,Actual,PL2
e1b3b5ce09e7c4e7,2012,1,Thái Nguyên,Provincial,Cultivation,Lúa,,Area_Planted,90600.0,ha,Actual,PL2
431b2a64242ae548,2012,1,Thái Nguyên,Provincial,Cultivation,Ngô,,Area_Planted,53000.0,ha,Actual,PL2
b0f7f3ab25eb5d64,2012,1,Thái Nguyên,Provincial,Cultivation,Khoai lang,,Area_Planted,37600.0,ha,Actual,PL2
e93aa85185820554,2012,1,Phú Thọ,Provincial,Cultivation,Lúa,,Area_Planted,3000.0,ha,Actual,PL2
e93aa85185820554,2012,1,Phú Thọ,Provincial,Cultivation,Lúa,,Area_Planted,148990.0,ha,Actual,PL2
d3197da00598df9a,2012,1,Phú Thọ,Provincial,Cultivation,Ngô,,Area_Planted,85800.0,ha,Actual,PL2
ea4fcaba22635cc4,2012,1,Phú Thọ,Provincial,Cultivation,Khoai lang,,Area_Planted,13190.0,ha,Actual,PL2
ff09d7e09f2e3e55,2012,1,Phú Thọ,Provincial,Cultivation,Sắn,,Area_Planted,50000.0,ha,Actual,PL2
ea4fb1dd985ca3cb,2012,1,Bắc Giang,Provincial,Cultivation,Lúa,,Area_Planted,81420.0,ha,Actual,PL2
1daa7480639693fe,2012,1,Bắc Giang,Provincial,Cultivation,Ngô,,Area_Planted,40710.0,ha,Actual,PL2
4a60f62314d76a2c,2012,1,Bắc Giang,Provincial,Cultivation,Khoai lang,,Area_Planted,38800.0,ha,Actual,PL2
ea4fb1dd985ca3cb,2012,1,Bắc Giang,Provincial,Cultivation,Lúa,,Area_Planted,1910.0,ha,Actual,PL2
e5992ed72aa32002,2012,1,Lai Châu,Provincial,Cultivation,Lúa,,Area_Planted,2000.0,ha,Actual,PL2
e5992ed72aa32002,2012,1,Lai Châu,Provincial,Cultivation,Lúa,,Area_Planted,1000.0,ha,Actual,PL2
44e4ffb805387a82,2012,1,Lai Châu,Provincial,Cultivation,Ngô,,Area_Planted,1000.0,ha,Actual,PL2
4aeeeafa1594a63d,2012,1,Điện Biên,Provincial,Cultivation,Lúa,,Area_Planted,1400.0,ha,Actual,PL2
6f1832202cb66134,2012,1,Điện Biên,Provincial,Cultivation,Ngô,,Area_Planted,940.0,ha,Actual,PL2
41436bc3bb371770,2012,1,Điện Biên,Provincial,Cultivation,Khoai lang,,Area_Planted,460.0,ha,Actual,PL2
cae6f2a902f1680b,2012,1,Sơn La,Provincial,Cultivation,Lúa,,Area_Planted,4330.0,ha,Actual,PL2
30be6c269f4b649e,2012,1,Sơn La,Provincial,Cultivation,Ngô,,Area_Planted,2000.0,ha,Actual,PL2
cae6f2a902f1680b,2012,1,Sơn La,Provincial,Cultivation,Lúa,,Area_Planted,2330.0,ha,Actual,PL2
a45d046e479e8052,2012,1,Hoà Bình,Provincial,Cultivation,Lúa,,Area_Planted,35050.0,ha,Actual,PL2
adf102a992398759,2012,1,Hoà Bình,Provincial,Cultivation,Ngô,,Area_Planted,16270.0,ha,Actual,PL2
425c2c458dcb3d6d,2012,1,Hoà Bình,Provincial,Cultivation,Khoai lang,,Area_Planted,18780.0,ha,Actual,PL2
06245a001c22ff20,2012,1,Bắc Trung Bộ,Provincial,Cultivation,Lúa,,Area_Planted,690360.0,ha,Actual,PL2
06245a001c22ff20,2012,1,Bắc Trung Bộ,Provincial,Cultivation,Lúa,,Area_Planted,767960.0,ha,Actual,PL2
ceed587757de1f19,2012,1,Bắc Trung Bộ,Provincial,Cultivation,Ngô,,Area_Planted,429530.0,ha,Actual,PL2
62077dd6f7d9e91d,2012,1,Bắc Trung Bộ,Provincial,Cultivation,Khoai lang,,Area_Planted,156040.0,ha,Actual,PL2
e6aff6d44fe7a41a,2012,1,Bắc Trung Bộ,Provincial,Cultivation,Sắn,,Area_Planted,154000.0,ha,Actual,PL2
06245a001c22ff20,2012,1,Bắc Trung Bộ,Provincial,Cultivation,Lúa,,Area_Planted,28390.0,ha,Actual,PL2
f9d129d3048ba225,2012,1,Thanh Hoá,Provincial,Cultivation,Lúa,,Area_Planted,80000.0,ha,Actual,PL2
f9d129d3048ba225,2012,1,Thanh Hoá,Provincial,Cultivation,Lúa,,Area_Planted,347720.0,ha,Actual,PL2
32372f04538bf571,2012,1,Thanh Hoá,Provincial,Cultivation,Ngô,,Area_Planted,152090.0,ha,Actual,PL2
adeeae8ba5007390,2012,1,Thanh Hoá,Provincial,Cultivation,Khoai lang,,Area_Planted,56150.0,ha,Actual,PL2
f4e6757eb840674a,2012,1,Thanh Hoá,Provincial,Cultivation,Sắn,,Area_Planted,130000.0,ha,Actual,PL2
f9d129d3048ba225,2012,1,Thanh Hoá,Provincial,Cultivation,Lúa,,Area_Planted,9480.0,ha,Actual,PL2
a101e66ebef45f8d,2012,1,Nghệ An,Provincial,Cultivation,Lúa,,Area_Planted,25000.0,ha,Actual,PL2
a101e66ebef45f8d,2012,1,Nghệ An,Provincial,Cultivation,Lúa,,Area_Planted,302740.0,ha,Actual,PL2
6afe7060ee1491b3,2012,1,Nghệ An,Provincial,Cultivation,Ngô,,Area_Planted,227940.0,ha,Actual,PL2
c3d78ae483400e35,2012,1,Nghệ An,Provincial,Cultivation,Khoai lang,,Area_Planted,55890.0,ha,Actual,PL2
a101e66ebef45f8d,2012,1,Nghệ An,Provincial,Cultivation,Lúa,,Area_Planted,18910.0,ha,Actual,PL2
3ed5c9e5d791f1c8,2012,1,Hà Tĩnh,Provincial,Cultivation,Lúa,,Area_Planted,198000.0,ha,Actual,PL2
3ed5c9e5d791f1c8,2012,1,Hà Tĩnh,Provincial,Cultivation,Lúa,,Area_Planted,53000.0,ha,Actual,PL2
f5fd9cefd8e220ae,2012,1,Hà Tĩnh,Provincial,Cultivation,Ngô,,Area_Planted,31000.0,ha,Actual,PL2
015294f649fb8e9c,2012,1,Hà Tĩnh,Provincial,Cultivation,Khoai lang,,Area_Planted,22000.0,ha,Actual,PL2
f27dfd3c40028f4f,2012,1,Quảng Bình,Provincial,Cultivation,Lúa,,Area_Planted,185000.0,ha,Actual,PL2
f27dfd3c40028f4f,2012,1,Quảng Bình,Provincial,Cultivation,Lúa,,Area_Planted,3500.0,ha,Actual,PL2
1a4bec430afe9a52,2012,1,Quảng Bình,Provincial,Cultivation,Ngô,,Area_Planted,3500.0,ha,Actual,PL2
d182b4686cb5724e,2012,1,Quảng Trị,Provincial,Cultivation,Lúa,,Area_Planted,152360.0,ha,Actual,PL2
d182b4686cb5724e,2012,1,Quảng Trị,Provincial,Cultivation,Lúa,,Area_Planted,50000.0,ha,Actual,PL2
c1c62c85c4c21a2a,2012,1,Quảng Trị,Provincial,Cultivation,Ngô,,Area_Planted,15000.0,ha,Actual,PL2
00b231d04c2df29a,2012,1,Quảng Trị,Provincial,Cultivation,Khoai lang,,Area_Planted,20000.0,ha,Actual,PL2
9fca30d968eb9358,2012,1,Quảng Trị,Provincial,Cultivation,Sắn,,Area_Planted,15000.0,ha,Actual,PL2
a800cd71f624b858,2012,1,Thừa Thiên Huế,Provincial,Cultivation,Lúa,,Area_Planted,50000.0,ha,Actual,PL2
a800cd71f624b858,2012,1,Thừa Thiên Huế,Provincial,Cultivation,Lúa,,Area_Planted,11000.0,ha,Actual,PL2
71c532a3f3637d2d,2012,1,Thừa Thiên Huế,Provincial,Cultivation,Khoai lang,,Area_Planted,2000.0,ha,Actual,PL2
26ab9e433ca8263c,2012,1,Thừa Thiên Huế,Provincial,Cultivation,Sắn,,Area_Planted,9000.0,ha,Actual,PL2
b48fedeb7aaed98f,2012,1,Miền Bắc,Provincial,Cultivation,Lúa,,Area_Planted,790123.0,ha,Actual,PL3
b48fedeb7aaed98f,2012,1,Miền Bắc,Provincial,Cultivation,Lúa,,Area_Planted,643679.0,ha,Actual,PL3
b48fedeb7aaed98f,2012,1,Miền Bắc,Provincial,Cultivation,Lúa,,Area_Planted,60424.0,ha,Actual,PL3
b48fedeb7aaed98f,2012,1,Miền Bắc,Provincial,Cultivation,Lúa,,Area_Planted,86020.0,ha,Actual,PL3
b48fedeb7aaed98f,2012,1,Miền Bắc,Provincial,Cultivation,Lúa,,Area_Planted,1403739.0,ha,Actual,PL3
b48fedeb7aaed98f,2012,1,Miền Bắc,Provincial,Cultivation,Lúa,,Area_Planted,180165.0,ha,Actual,PL3
149eda871f1c7cba,2012,1,ĐB sông Hồng,Provincial,Cultivation,Lúa,,Area_Planted,547848.0,ha,Actual,PL3
149eda871f1c7cba,2012,1,ĐB sông Hồng,Provincial,Cultivation,Lúa,,Area_Planted,484950.0,ha,Actual,PL3
149eda871f1c7cba,2012,1,ĐB sông Hồng,Provincial,Cultivation,Lúa,,Area_Planted,15228.0,ha,Actual,PL3
149eda871f1c7cba,2012,1,ĐB sông Hồng,Provincial,Cultivation,Lúa,,Area_Planted,47670.0,ha,Actual,PL3
149eda871f1c7cba,2012,1,ĐB sông Hồng,Provincial,Cultivation,Lúa,,Area_Planted,719955.0,ha,Actual,PL3
149eda871f1c7cba,2012,1,ĐB sông Hồng,Provincial,Cultivation,Lúa,,Area_Planted,142140.0,ha,Actual,PL3
07f2b9ea7ca31df2,2012,1,Hà Nội,Provincial,Cultivation,Lúa,,Area_Planted,276060.0,ha,Actual,PL3
07f2b9ea7ca31df2,2012,1,Hà Nội,Provincial,Cultivation,Lúa,,Area_Planted,270000.0,ha,Actual,PL3
07f2b9ea7ca31df2,2012,1,Hà Nội,Provincial,Cultivation,Lúa,,Area_Planted,6060.0,ha,Actual,PL3
07f2b9ea7ca31df2,2012,1,Hà Nội,Provincial,Cultivation,Lúa,,Area_Planted,111890.0,ha,Actual,PL3
07f2b9ea7ca31df2,2012,1,Hà Nội,Provincial,Cultivation,Lúa,,Area_Planted,13490.0,ha,Actual,PL3
1fc3728e425b03be,2012,1,Hải Phòng,Provincial,Cultivation,Lúa,,Area_Planted,54000.0,ha,Actual,PL3
1fc3728e425b03be,2012,1,Hải Phòng,Provincial,Cultivation,Lúa,,Area_Planted,5000.0,ha,Actual,PL3
86dd60d0afbf3d9e,2012,1,Vĩnh Phúc,Provincial,Cultivation,Lúa,,Area_Planted,30845.0,ha,Actual,PL3
86dd60d0afbf3d9e,2012,1,Vĩnh Phúc,Provincial,Cultivation,Lúa,,Area_Planted,26480.0,ha,Actual,PL3
86dd60d0afbf3d9e,2012,1,Vĩnh Phúc,Provincial,Cultivation,Lúa,,Area_Planted,27752656.0,ha,Actual,PL3
86dd60d0afbf3d9e,2012,1,Vĩnh Phúc,Provincial,Cultivation,Lúa,,Area_Planted,1590.0,ha,Actual,PL3
86dd60d0afbf3d9e,2012,1,Vĩnh Phúc,Provincial,Cultivation,Lúa,,Area_Planted,40120.0,ha,Actual,PL3
1378bf649fd0e522,2012,1,Bắc Ninh,Provincial,Cultivation,Lúa,,Area_Planted,11656.0,ha,Actual,PL3
1378bf649fd0e522,2012,1,Bắc Ninh,Provincial,Cultivation,Lúa,,Area_Planted,9000.0,ha,Actual,PL3
1378bf649fd0e522,2012,1,Bắc Ninh,Provincial,Cultivation,Lúa,,Area_Planted,9000.0,ha,Actual,PL3
1378bf649fd0e522,2012,1,Bắc Ninh,Provincial,Cultivation,Lúa,,Area_Planted,50450.0,ha,Actual,PL3
1378bf649fd0e522,2012,1,Bắc Ninh,Provincial,Cultivation,Lúa,,Area_Planted,24710.0,ha,Actual,PL3
bb8e53faee99fa4c,2012,1,Hải Dương,Provincial,Cultivation,Lúa,,Area_Planted,40000.0,ha,Actual,PL3
bb8e53faee99fa4c,2012,1,Hải Dương,Provincial,Cultivation,Lúa,,Area_Planted,5000.0,ha,Actual,PL3
79b6ba1f7692f6d0,2012,1,Hưng Yên,Provincial,Cultivation,Lúa,,Area_Planted,27010.0,ha,Actual,PL3
79b6ba1f7692f6d0,2012,1,Hưng Yên,Provincial,Cultivation,Lúa,,Area_Planted,25900.0,ha,Actual,PL3
79b6ba1f7692f6d0,2012,1,Hưng Yên,Provincial,Cultivation,Lúa,,Area_Planted,1110.0,ha,Actual,PL3
79b6ba1f7692f6d0,2012,1,Hưng Yên,Provincial,Cultivation,Lúa,,Area_Planted,62870.0,ha,Actual,PL3
79b6ba1f7692f6d0,2012,1,Hưng Yên,Provincial,Cultivation,Lúa,,Area_Planted,6770.0,ha,Actual,PL3
540f4753df1c43e3,2012,1,Hà Nam,Provincial,Cultivation,Lúa,,Area_Planted,75000.0,ha,Actual,PL3
540f4753df1c43e3,2012,1,Hà Nam,Provincial,Cultivation,Lúa,,Area_Planted,75000.0,ha,Actual,PL3
540f4753df1c43e3,2012,1,Hà Nam,Provincial,Cultivation,Lúa,,Area_Planted,25940.0,ha,Actual,PL3
540f4753df1c43e3,2012,1,Hà Nam,Provincial,Cultivation,Lúa,,Area_Planted,6730.0,ha,Actual,PL3
8a20ea616d11b72b,2012,1,Nam Định,Provincial,Cultivation,Lúa,,Area_Planted,32890.0,ha,Actual,PL3
8a20ea616d11b72b,2012,1,Nam Định,Provincial,Cultivation,Lúa,,Area_Planted,5000.0,ha,Actual,PL3
8a20ea616d11b72b,2012,1,Nam Định,Provincial,Cultivation,Lúa,,Area_Planted,600.0,ha,Actual,PL3
8a20ea616d11b72b,2012,1,Nam Định,Provincial,Cultivation,Lúa,,Area_Planted,27290.0,ha,Actual,PL3
8a20ea616d11b72b,2012,1,Nam Định,Provincial,Cultivation,Lúa,,Area_Planted,89900.0,ha,Actual,PL3
8a20ea616d11b72b,2012,1,Nam Định,Provincial,Cultivation,Lúa,,Area_Planted,21000.0,ha,Actual,PL3
e1e694db9b4037e2,2012,1,Thái Bình,Provincial,Cultivation,Lúa,,Area_Planted,55460.0,ha,Actual,PL3
e1e694db9b4037e2,2012,1,Thái Bình,Provincial,Cultivation,Lúa,,Area_Planted,43900.0,ha,Actual,PL3
e1e694db9b4037e2,2012,1,Thái Bình,Provincial,Cultivation,Lúa,,Area_Planted,11560.0,ha,Actual,PL3
e1e694db9b4037e2,2012,1,Thái Bình,Provincial,Cultivation,Lúa,,Area_Planted,151740.0,ha,Actual,PL3
e1e694db9b4037e2,2012,1,Thái Bình,Provincial,Cultivation,Lúa,,Area_Planted,46200.0,ha,Actual,PL3
5ab3a9f7db90bcd4,2012,1,Ninh Bình,Provincial,Cultivation,Lúa,,Area_Planted,36460.0,ha,Actual,PL3
5ab3a9f7db90bcd4,2012,1,Ninh Bình,Provincial,Cultivation,Lúa,,Area_Planted,29380.0,ha,Actual,PL3
5ab3a9f7db90bcd4,2012,1,Ninh Bình,Provincial,Cultivation,Lúa,,Area_Planted,1870.0,ha,Actual,PL3
5ab3a9f7db90bcd4,2012,1,Ninh Bình,Provincial,Cultivation,Lúa,,Area_Planted,5210.0,ha,Actual,PL3
5ab3a9f7db90bcd4,2012,1,Ninh Bình,Provincial,Cultivation,Lúa,,Area_Planted,55590.0,ha,Actual,PL3
5ab3a9f7db90bcd4,2012,1,Ninh Bình,Provincial,Cultivation,Lúa,,Area_Planted,10270.0,ha,Actual,PL3
d373844190ade79b,2012,1,Quảng Ninh,Provincial,Cultivation,Lúa,,Area_Planted,2467.0,ha,Actual,PL3
d373844190ade79b,2012,1,Quảng Ninh,Provincial,Cultivation,Lúa,,Area_Planted,290.0,ha,Actual,PL3
d373844190ade79b,2012,1,Quảng Ninh,Provincial,Cultivation,Lúa,,Area_Planted,157.0,ha,Actual,PL3
d373844190ade79b,2012,1,Quảng Ninh,Provincial,Cultivation,Lúa,,Area_Planted,2020.0,ha,Actual,PL3
d373844190ade79b,2012,1,Quảng Ninh,Provincial,Cultivation,Lúa,,Area_Planted,37455.0,ha,Actual,PL3
d373844190ade79b,2012,1,Quảng Ninh,Provincial,Cultivation,Lúa,,Area_Planted,2970.0,ha,Actual,PL3
6bbb80e2e3627d33,2012,1,TD và MN,Provincial,Cultivation,Lúa,,Area_Planted,33445.0,ha,Actual,PL3
6bbb80e2e3627d33,2012,1,TD và MN,Provincial,Cultivation,Lúa,,Area_Planted,11149.0,ha,Actual,PL3
6bbb80e2e3627d33,2012,1,TD và MN,Provincial,Cultivation,Lúa,,Area_Planted,12336.0,ha,Actual,PL3
6bbb80e2e3627d33,2012,1,TD và MN,Provincial,Cultivation,Lúa,,Area_Planted,9960.0,ha,Actual,PL3
6bbb80e2e3627d33,2012,1,TD và MN,Provincial,Cultivation,Lúa,,Area_Planted,381204.0,ha,Actual,PL3
6bbb80e2e3627d33,2012,1,TD và MN,Provincial,Cultivation,Lúa,,Area_Planted,38025.0,ha,Actual,PL3
2f9ee448f0022d7b,2012,1,Hà Giang,Provincial,Cultivation,Lúa,,Area_Planted,57.0,ha,Actual,PL3
2f9ee448f0022d7b,2012,1,Hà Giang,Provincial,Cultivation,Lúa,,Area_Planted,57.0,ha,Actual,PL3
2f9ee448f0022d7b,2012,1,Hà Giang,Provincial,Cultivation,Lúa,,Area_Planted,71974.0,ha,Actual,PL3
2f9ee448f0022d7b,2012,1,Hà Giang,Provincial,Cultivation,Lúa,,Area_Planted,3054.0,ha,Actual,PL3
52d7f3102521f516,2012,1,Lào Cai,Provincial,Cultivation,Lúa,,Area_Planted,15000.0,ha,Actual,PL3
52d7f3102521f516,2012,1,Lào Cai,Provincial,Cultivation,Lúa,,Area_Planted,3000.0,ha,Actual,PL3
06579017454e62ca,2012,1,Bắc Cạn,Provincial,Cultivation,Lúa,,Area_Planted,3270.0,ha,Actual,PL3
06579017454e62ca,2012,1,Bắc Cạn,Provincial,Cultivation,Lúa,,Area_Planted,500.0,ha,Actual,PL3
3bcd196f19d0852d,2012,1,Lạng Sơn,Provincial,Cultivation,Lúa,,Area_Planted,5720.0,ha,Actual,PL3
3bcd196f19d0852d,2012,1,Lạng Sơn,Provincial,Cultivation,Lúa,,Area_Planted,5720.0,ha,Actual,PL3
3bcd196f19d0852d,2012,1,Lạng Sơn,Provincial,Cultivation,Lúa,,Area_Planted,18300.0,ha,Actual,PL3
3bcd196f19d0852d,2012,1,Lạng Sơn,Provincial,Cultivation,Lúa,,Area_Planted,5700.0,ha,Actual,PL3
ffc4428ee4c5b23d,2012,1,Tuyên Quang,Provincial,Cultivation,Lúa,,Area_Planted,2712.0,ha,Actual,PL3
ffc4428ee4c5b23d,2012,1,Tuyên Quang,Provincial,Cultivation,Lúa,,Area_Planted,2682.0,ha,Actual,PL3
ffc4428ee4c5b23d,2012,1,Tuyên Quang,Provincial,Cultivation,Lúa,,Area_Planted,30.0,ha,Actual,PL3
ffc4428ee4c5b23d,2012,1,Tuyên Quang,Provincial,Cultivation,Lúa,,Area_Planted,28780.0,ha,Actual,PL3
ffc4428ee4c5b23d,2012,1,Tuyên Quang,Provincial,Cultivation,Lúa,,Area_Planted,611.0,ha,Actual,PL3
b3cba0140a4257a4,2012,1,Yên Bái,Provincial,Cultivation,Lúa,,Area_Planted,31150.0,ha,Actual,PL3
b3cba0140a4257a4,2012,1,Yên Bái,Provincial,Cultivation,Lúa,,Area_Planted,400.0,ha,Actual,PL3
e1b3b5ce09e7c4e7,2012,1,Thái Nguyên,Provincial,Cultivation,Lúa,,Area_Planted,1440.0,ha,Actual,PL3
e1b3b5ce09e7c4e7,2012,1,Thái Nguyên,Provincial,Cultivation,Lúa,,Area_Planted,910.0,ha,Actual,PL3
e1b3b5ce09e7c4e7,2012,1,Thái Nguyên,Provincial,Cultivation,Lúa,,Area_Planted,530.0,ha,Actual,PL3
e1b3b5ce09e7c4e7,2012,1,Thái Nguyên,Provincial,Cultivation,Lúa,,Area_Planted,49600.0,ha,Actual,PL3
e93aa85185820554,2012,1,Phú Thọ,Provincial,Cultivation,Lúa,,Area_Planted,3816.0,ha,Actual,PL3
e93aa85185820554,2012,1,Phú Thọ,Provincial,Cultivation,Lúa,,Area_Planted,3000.0,ha,Actual,PL3
e93aa85185820554,2012,1,Phú Thọ,Provincial,Cultivation,Lúa,,Area_Planted,816.0,ha,Actual,PL3
e93aa85185820554,2012,1,Phú Thọ,Provincial,Cultivation,Lúa,,Area_Planted,38160.0,ha,Actual,PL3
ea4fb1dd985ca3cb,2012,1,Bắc Giang,Provincial,Cultivation,Lúa,,Area_Planted,12140.0,ha,Actual,PL3
ea4fb1dd985ca3cb,2012,1,Bắc Giang,Provincial,Cultivation,Lúa,,Area_Planted,10230.0,ha,Actual,PL3
ea4fb1dd985ca3cb,2012,1,Bắc Giang,Provincial,Cultivation,Lúa,,Area_Planted,1910.0,ha,Actual,PL3
ea4fb1dd985ca3cb,2012,1,Bắc Giang,Provincial,Cultivation,Lúa,,Area_Planted,69630.0,ha,Actual,PL3
ea4fb1dd985ca3cb,2012,1,Bắc Giang,Provincial,Cultivation,Lúa,,Area_Planted,24170.0,ha,Actual,PL3
e5992ed72aa32002,2012,1,Lai Châu,Provincial,Cultivation,Lúa,,Area_Planted,7790.0,ha,Actual,PL3
4aeeeafa1594a63d,2012,1,Điện Biên,Provincial,Cultivation,Lúa,,Area_Planted,730.0,ha,Actual,PL3
4aeeeafa1594a63d,2012,1,Điện Biên,Provincial,Cultivation,Lúa,,Area_Planted,730.0,ha,Actual,PL3
4aeeeafa1594a63d,2012,1,Điện Biên,Provincial,Cultivation,Lúa,,Area_Planted,3530.0,ha,Actual,PL3
4aeeeafa1594a63d,2012,1,Điện Biên,Provincial,Cultivation,Lúa,,Area_Planted,150440.0,ha,Actual,PL3
cae6f2a902f1680b,2012,1,Sơn La,Provincial,Cultivation,Lúa,,Area_Planted,2330.0,ha,Actual,PL3
cae6f2a902f1680b,2012,1,Sơn La,Provincial,Cultivation,Lúa,,Area_Planted,2330.0,ha,Actual,PL3
cae6f2a902f1680b,2012,1,Sơn La,Provincial,Cultivation,Lúa,,Area_Planted,15510.0,ha,Actual,PL3
cae6f2a902f1680b,2012,1,Sơn La,Provincial,Cultivation,Lúa,,Area_Planted,15510.0,ha,Actual,PL3
a45d046e479e8052,2012,1,Hoà Bình,Provincial,Cultivation,Lúa,,Area_Planted,4500.0,ha,Actual,PL3
a45d046e479e8052,2012,1,Hoà Bình,Provincial,Cultivation,Lúa,,Area_Planted,4500.0,ha,Actual,PL3
a45d046e479e8052,2012,1,Hoà Bình,Provincial,Cultivation,Lúa,,Area_Planted,28510.0,ha,Actual,PL3
a45d046e479e8052,2012,1,Hoà Bình,Provincial,Cultivation,Lúa,,Area_Planted,28510.0,ha,Actual,PL3
06245a001c22ff20,2012,1,Bắc Trung Bộ,Provincial,Cultivation,Lúa,,Area_Planted,208830.0,ha,Actual,PL3
06245a001c22ff20,2012,1,Bắc Trung Bộ,Provincial,Cultivation,Lúa,,Area_Planted,147580.0,ha,Actual,PL3
06245a001c22ff20,2012,1,Bắc Trung Bộ,Provincial,Cultivation,Lúa,,Area_Planted,32860.0,ha,Actual,PL3
06245a001c22ff20,2012,1,Bắc Trung Bộ,Provincial,Cultivation,Lúa,,Area_Planted,28390.0,ha,Actual,PL3
06245a001c22ff20,2012,1,Bắc Trung Bộ,Provincial,Cultivation,Lúa,,Area_Planted,302580.0,ha,Actual,PL3
f9d129d3048ba225,2012,1,Thanh Hoá,Provincial,Cultivation,Lúa,,Area_Planted,89240.0,ha,Actual,PL3
f9d129d3048ba225,2012,1,Thanh Hoá,Provincial,Cultivation,Lúa,,Area_Planted,66410.0,ha,Actual,PL3
f9d129d3048ba225,2012,1,Thanh Hoá,Provincial,Cultivation,Lúa,,Area_Planted,13350.0,ha,Actual,PL3
f9d129d3048ba225,2012,1,Thanh Hoá,Provincial,Cultivation,Lúa,,Area_Planted,9480.0,ha,Actual,PL3
f9d129d3048ba225,2012,1,Thanh Hoá,Provincial,Cultivation,Lúa,,Area_Planted,177210.0,ha,Actual,PL3
a101e66ebef45f8d,2012,1,Nghệ An,Provincial,Cultivation,Lúa,,Area_Planted,36420.0,ha,Actual,PL3
a101e66ebef45f8d,2012,1,Nghệ An,Provincial,Cultivation,Lúa,,Area_Planted,17510.0,ha,Actual,PL3
a101e66ebef45f8d,2012,1,Nghệ An,Provincial,Cultivation,Lúa,,Area_Planted,18910.0,ha,Actual,PL3
a101e66ebef45f8d,2012,1,Nghệ An,Provincial,Cultivation,Lúa,,Area_Planted,99570.0,ha,Actual,PL3
3ed5c9e5d791f1c8,2012,1,Hà Tĩnh,Provincial,Cultivation,Lúa,,Area_Planted,3000.0,ha,Actual,PL3
f27dfd3c40028f4f,2012,1,Quảng Bình,Provincial,Cultivation,Lúa,,Area_Planted,2700.0,ha,Actual,PL3
d182b4686cb5724e,2012,1,Quảng Trị,Provincial,Cultivation,Lúa,,Area_Planted,83170.0,ha,Actual,PL3
d182b4686cb5724e,2012,1,Quảng Trị,Provincial,Cultivation,Lúa,,Area_Planted,81170.0,ha,Actual,PL3
d182b4686cb5724e,2012,1,Quảng Trị,Provincial,Cultivation,Lúa,,Area_Planted,2000.0,ha,Actual,PL3
d182b4686cb5724e,2012,1,Quảng Trị,Provincial,Cultivation,Lúa,,Area_Planted,18000.0,ha,Actual,PL3
a800cd71f624b858,2012,1,Thừa Thiên Huế,Provincial,Cultivation,Lúa,,Area_Planted,2100.0,ha,Actual,PL3
75b678b32556a577,2012,1,Miền Nam,Provincial,Cultivation,Lúa,,Area_Planted,717620.0,ha,Actual,PL4
75b678b32556a577,2012,1,Miền Nam,Provincial,Cultivation,Lúa,,Area_Planted,81.0,ha,Actual,PL4
75b678b32556a577,2012,1,Miền Nam,Provincial,Cultivation,Lúa,,Area_Planted,1868762.0,ha,Actual,PL4
75b678b32556a577,2012,1,Miền Nam,Provincial,Cultivation,Lúa,,Area_Planted,107556.0,ha,Actual,PL4
75b678b32556a577,2012,1,Miền Nam,Provincial,Cultivation,Lúa,,Area_Planted,66820.0,ha,Actual,PL4
75b678b32556a577,2012,1,Miền Nam,Provincial,Cultivation,Lúa,,Area_Planted,35448.0,ha,Actual,PL4
75b678b32556a577,2012,1,Miền Nam,Provincial,Cultivation,Lúa,,Area_Planted,7090.0,ha,Actual,PL4
75b678b32556a577,2012,1,Miền Nam,Provincial,Cultivation,Lúa,,Area_Planted,20285.0,ha,Actual,PL4
75b678b32556a577,2012,1,Miền Nam,Provincial,Cultivation,Lúa,,Area_Planted,3998.0,ha,Actual,PL4
e65ad7f88dd9c0f3,2012,1,D.H Nam T Bộ,Provincial,Cultivation,Lúa,,Area_Planted,136833.0,ha,Actual,PL4
e65ad7f88dd9c0f3,2012,1,D.H Nam T Bộ,Provincial,Cultivation,Lúa,,Area_Planted,100.0,ha,Actual,PL4
e65ad7f88dd9c0f3,2012,1,D.H Nam T Bộ,Provincial,Cultivation,Lúa,,Area_Planted,202643.0,ha,Actual,PL4
e65ad7f88dd9c0f3,2012,1,D.H Nam T Bộ,Provincial,Cultivation,Lúa,,Area_Planted,20397.0,ha,Actual,PL4
e65ad7f88dd9c0f3,2012,1,D.H Nam T Bộ,Provincial,Cultivation,Lúa,,Area_Planted,11536.0,ha,Actual,PL4
e65ad7f88dd9c0f3,2012,1,D.H Nam T Bộ,Provincial,Cultivation,Lúa,,Area_Planted,1526.0,ha,Actual,PL4
e65ad7f88dd9c0f3,2012,1,D.H Nam T Bộ,Provincial,Cultivation,Lúa,,Area_Planted,7274.0,ha,Actual,PL4
e65ad7f88dd9c0f3,2012,1,D.H Nam T Bộ,Provincial,Cultivation,Lúa,,Area_Planted,62.0,ha,Actual,PL4
c007c09fa9d9df0a,2012,1,TP Đà Nẵng,Provincial,Cultivation,Lúa,,Area_Planted,3005.0,ha,Actual,PL4
c007c09fa9d9df0a,2012,1,TP Đà Nẵng,Provincial,Cultivation,Lúa,,Area_Planted,100.0,ha,Actual,PL4
c007c09fa9d9df0a,2012,1,TP Đà Nẵng,Provincial,Cultivation,Lúa,,Area_Planted,3170.0,ha,Actual,PL4
c007c09fa9d9df0a,2012,1,TP Đà Nẵng,Provincial,Cultivation,Lúa,,Area_Planted,205.0,ha,Actual,PL4
c007c09fa9d9df0a,2012,1,TP Đà Nẵng,Provincial,Cultivation,Lúa,,Area_Planted,43.0,ha,Actual,PL4
c007c09fa9d9df0a,2012,1,TP Đà Nẵng,Provincial,Cultivation,Lúa,,Area_Planted,108.0,ha,Actual,PL4
c007c09fa9d9df0a,2012,1,TP Đà Nẵng,Provincial,Cultivation,Lúa,,Area_Planted,54.0,ha,Actual,PL4
7e8c72771f1fe086,2012,1,Quảng Nam,Provincial,Cultivation,Lúa,,Area_Planted,44764.0,ha,Actual,PL4
7e8c72771f1fe086,2012,1,Quảng Nam,Provincial,Cultivation,Lúa,,Area_Planted,100.0,ha,Actual,PL4
7e8c72771f1fe086,2012,1,Quảng Nam,Provincial,Cultivation,Lúa,,Area_Planted,41000.0,ha,Actual,PL4
7e8c72771f1fe086,2012,1,Quảng Nam,Provincial,Cultivation,Lúa,,Area_Planted,6954.0,ha,Actual,PL4
7e8c72771f1fe086,2012,1,Quảng Nam,Provincial,Cultivation,Lúa,,Area_Planted,3000.0,ha,Actual,PL4
7e8c72771f1fe086,2012,1,Quảng Nam,Provincial,Cultivation,Lúa,,Area_Planted,1100.0,ha,Actual,PL4
7e8c72771f1fe086,2012,1,Quảng Nam,Provincial,Cultivation,Lúa,,Area_Planted,2854.0,ha,Actual,PL4
d01285152519db46,2012,1,Quảng Ngãi,Provincial,Cultivation,Lúa,,Area_Planted,3571.0,ha,Actual,PL4
d01285152519db46,2012,1,Quảng Ngãi,Provincial,Cultivation,Lúa,,Area_Planted,100.0,ha,Actual,PL4
d01285152519db46,2012,1,Quảng Ngãi,Provincial,Cultivation,Lúa,,Area_Planted,36443.0,ha,Actual,PL4
d01285152519db46,2012,1,Quảng Ngãi,Provincial,Cultivation,Lúa,,Area_Planted,0.0,ha,Actual,PL4
ba6424e185b35545,2012,1,Bình Định,Provincial,Cultivation,Lúa,,Area_Planted,22226.0,ha,Actual,PL4
ba6424e185b35545,2012,1,Bình Định,Provincial,Cultivation,Lúa,,Area_Planted,100.0,ha,Actual,PL4
ba6424e185b35545,2012,1,Bình Định,Provincial,Cultivation,Lúa,,Area_Planted,47199.0,ha,Actual,PL4
ba6424e185b35545,2012,1,Bình Định,Provincial,Cultivation,Lúa,,Area_Planted,1781.0,ha,Actual,PL4
ba6424e185b35545,2012,1,Bình Định,Provincial,Cultivation,Lúa,,Area_Planted,1781.0,ha,Actual,PL4
9f735116f80f50ac,2012,1,Phú Yên,Provincial,Cultivation,Lúa,,Area_Planted,6417.0,ha,Actual,PL4
9f735116f80f50ac,2012,1,Phú Yên,Provincial,Cultivation,Lúa,,Area_Planted,100.0,ha,Actual,PL4
9f735116f80f50ac,2012,1,Phú Yên,Provincial,Cultivation,Lúa,,Area_Planted,25800.0,ha,Actual,PL4
9f735116f80f50ac,2012,1,Phú Yên,Provincial,Cultivation,Lúa,,Area_Planted,1833.0,ha,Actual,PL4
9f735116f80f50ac,2012,1,Phú Yên,Provincial,Cultivation,Lúa,,Area_Planted,784.0,ha,Actual,PL4
9f735116f80f50ac,2012,1,Phú Yên,Provincial,Cultivation,Lúa,,Area_Planted,83.0,ha,Actual,PL4
9f735116f80f50ac,2012,1,Phú Yên,Provincial,Cultivation,Lúa,,Area_Planted,921.0,ha,Actual,PL4
9f735116f80f50ac,2012,1,Phú Yên,Provincial,Cultivation,Lúa,,Area_Planted,45.0,ha,Actual,PL4
c4b796f608e3d38a,2012,1,Khánh Hoà,Provincial,Cultivation,Lúa,,Area_Planted,6695.0,ha,Actual,PL4
c4b796f608e3d38a,2012,1,Khánh Hoà,Provincial,Cultivation,Lúa,,Area_Planted,100.0,ha,Actual,PL4
c4b796f608e3d38a,2012,1,Khánh Hoà,Provincial,Cultivation,Lúa,,Area_Planted,8000.0,ha,Actual,PL4
c4b796f608e3d38a,2012,1,Khánh Hoà,Provincial,Cultivation,Lúa,,Area_Planted,0.0,ha,Actual,PL4
302b836ff5ac68e3,2012,1,Ninh Thuận,Provincial,Cultivation,Lúa,,Area_Planted,10246.0,ha,Actual,PL4
302b836ff5ac68e3,2012,1,Ninh Thuận,Provincial,Cultivation,Lúa,,Area_Planted,100.0,ha,Actual,PL4
302b836ff5ac68e3,2012,1,Ninh Thuận,Provincial,Cultivation,Lúa,,Area_Planted,12540.0,ha,Actual,PL4
302b836ff5ac68e3,2012,1,Ninh Thuận,Provincial,Cultivation,Lúa,,Area_Planted,6011.0,ha,Actual,PL4
302b836ff5ac68e3,2012,1,Ninh Thuận,Provincial,Cultivation,Lúa,,Area_Planted,2950.0,ha,Actual,PL4
302b836ff5ac68e3,2012,1,Ninh Thuận,Provincial,Cultivation,Lúa,,Area_Planted,3061.0,ha,Actual,PL4
dc2c5bae242562cc,2012,1,Bình Thuận,Provincial,Cultivation,Lúa,,Area_Planted,39909.0,ha,Actual,PL4
dc2c5bae242562cc,2012,1,Bình Thuận,Provincial,Cultivation,Lúa,,Area_Planted,100.0,ha,Actual,PL4
dc2c5bae242562cc,2012,1,Bình Thuận,Provincial,Cultivation,Lúa,,Area_Planted,28491.0,ha,Actual,PL4
dc2c5bae242562cc,2012,1,Bình Thuận,Provincial,Cultivation,Lúa,,Area_Planted,3614.0,ha,Actual,PL4
dc2c5bae242562cc,2012,1,Bình Thuận,Provincial,Cultivation,Lúa,,Area_Planted,2978.0,ha,Actual,PL4
dc2c5bae242562cc,2012,1,Bình Thuận,Provincial,Cultivation,Lúa,,Area_Planted,235.0,ha,Actual,PL4
dc2c5bae242562cc,2012,1,Bình Thuận,Provincial,Cultivation,Lúa,,Area_Planted,384.0,ha,Actual,PL4
dc2c5bae242562cc,2012,1,Bình Thuận,Provincial,Cultivation,Lúa,,Area_Planted,17.0,ha,Actual,PL4
3129a34cff4c2967,2012,1,Tây Nguyên,Provincial,Cultivation,Lúa,,Area_Planted,123924.0,ha,Actual,PL4
3129a34cff4c2967,2012,1,Tây Nguyên,Provincial,Cultivation,Lúa,,Area_Planted,97.0,ha,Actual,PL4
3129a34cff4c2967,2012,1,Tây Nguyên,Provincial,Cultivation,Lúa,,Area_Planted,52666.0,ha,Actual,PL4
3129a34cff4c2967,2012,1,Tây Nguyên,Provincial,Cultivation,Lúa,,Area_Planted,7095.0,ha,Actual,PL4
3129a34cff4c2967,2012,1,Tây Nguyên,Provincial,Cultivation,Lúa,,Area_Planted,6050.0,ha,Actual,PL4
3129a34cff4c2967,2012,1,Tây Nguyên,Provincial,Cultivation,Lúa,,Area_Planted,672.0,ha,Actual,PL4
3129a34cff4c2967,2012,1,Tây Nguyên,Provincial,Cultivation,Lúa,,Area_Planted,373.0,ha,Actual,PL4
3129a34cff4c2967,2012,1,Tây Nguyên,Provincial,Cultivation,Lúa,,Area_Planted,0.0,ha,Actual,PL4
ffb46935d6be4261,2012,1,Kon Tum,Provincial,Cultivation,Lúa,,Area_Planted,14000.0,ha,Actual,PL4
ffb46935d6be4261,2012,1,Kon Tum,Provincial,Cultivation,Lúa,,Area_Planted,88.0,ha,Actual,PL4
ffb46935d6be4261,2012,1,Kon Tum,Provincial,Cultivation,Lúa,,Area_Planted,4581.0,ha,Actual,PL4
ffb46935d6be4261,2012,1,Kon Tum,Provincial,Cultivation,Lúa,,Area_Planted,274.0,ha,Actual,PL4
ffb46935d6be4261,2012,1,Kon Tum,Provincial,Cultivation,Lúa,,Area_Planted,274.0,ha,Actual,PL4
cf3215f278bc139d,2012,1,Gia Lai,Provincial,Cultivation,Lúa,,Area_Planted,46057.0,ha,Actual,PL4
cf3215f278bc139d,2012,1,Gia Lai,Provincial,Cultivation,Lúa,,Area_Planted,100.0,ha,Actual,PL4
cf3215f278bc139d,2012,1,Gia Lai,Provincial,Cultivation,Lúa,,Area_Planted,7657.0,ha,Actual,PL4
cf3215f278bc139d,2012,1,Gia Lai,Provincial,Cultivation,Lúa,,Area_Planted,0.0,ha,Actual,PL4
6fba959e029189d5,2012,1,Đắc Lắc,Provincial,Cultivation,Lúa,,Area_Planted,46664.0,ha,Actual,PL4
6fba959e029189d5,2012,1,Đắc Lắc,Provincial,Cultivation,Lúa,,Area_Planted,95.0,ha,Actual,PL4
6fba959e029189d5,2012,1,Đắc Lắc,Provincial,Cultivation,Lúa,,Area_Planted,28915.0,ha,Actual,PL4
6fba959e029189d5,2012,1,Đắc Lắc,Provincial,Cultivation,Lúa,,Area_Planted,3117.0,ha,Actual,PL4
6fba959e029189d5,2012,1,Đắc Lắc,Provincial,Cultivation,Lúa,,Area_Planted,2072.0,ha,Actual,PL4
6fba959e029189d5,2012,1,Đắc Lắc,Provincial,Cultivation,Lúa,,Area_Planted,672.0,ha,Actual,PL4
6fba959e029189d5,2012,1,Đắc Lắc,Provincial,Cultivation,Lúa,,Area_Planted,373.0,ha,Actual,PL4
fde983551144c3b3,2012,1,Đắc Nông,Provincial,Cultivation,Lúa,,Area_Planted,3500.0,ha,Actual,PL4
fde983551144c3b3,2012,1,Đắc Nông,Provincial,Cultivation,Lúa,,Area_Planted,2850.0,ha,Actual,PL4
fde983551144c3b3,2012,1,Đắc Nông,Provincial,Cultivation,Lúa,,Area_Planted,2850.0,ha,Actual,PL4
5a5c3c4f6d034d84,2012,1,Lâm Đồng,Provincial,Cultivation,Lúa,,Area_Planted,17203.0,ha,Actual,PL4
5a5c3c4f6d034d84,2012,1,Lâm Đồng,Provincial,Cultivation,Lúa,,Area_Planted,100.0,ha,Actual,PL4
5a5c3c4f6d034d84,2012,1,Lâm Đồng,Provincial,Cultivation,Lúa,,Area_Planted,8013.0,ha,Actual,PL4
5a5c3c4f6d034d84,2012,1,Lâm Đồng,Provincial,Cultivation,Lúa,,Area_Planted,854.0,ha,Actual,PL4
5a5c3c4f6d034d84,2012,1,Lâm Đồng,Provincial,Cultivation,Lúa,,Area_Planted,854.0,ha,Actual,PL4
42be9696facc7db9,2012,1,Đông Nam Bộ,Provincial,Cultivation,Lúa,,Area_Planted,112378.0,ha,Actual,PL4
42be9696facc7db9,2012,1,Đông Nam Bộ,Provincial,Cultivation,Lúa,,Area_Planted,73.0,ha,Actual,PL4
42be9696facc7db9,2012,1,Đông Nam Bộ,Provincial,Cultivation,Lúa,,Area_Planted,52336.0,ha,Actual,PL4
42be9696facc7db9,2012,1,Đông Nam Bộ,Provincial,Cultivation,Lúa,,Area_Planted,0.0,ha,Actual,PL4
42be9696facc7db9,2012,1,Đông Nam Bộ,Provincial,Cultivation,Lúa,,Area_Planted,21901.0,ha,Actual,PL4
42be9696facc7db9,2012,1,Đông Nam Bộ,Provincial,Cultivation,Lúa,,Area_Planted,9003.0,ha,Actual,PL4
42be9696facc7db9,2012,1,Đông Nam Bộ,Provincial,Cultivation,Lúa,,Area_Planted,294.0,ha,Actual,PL4
42be9696facc7db9,2012,1,Đông Nam Bộ,Provincial,Cultivation,Lúa,,Area_Planted,12462.0,ha,Actual,PL4
42be9696facc7db9,2012,1,Đông Nam Bộ,Provincial,Cultivation,Lúa,,Area_Planted,142.0,ha,Actual,PL4
d25240a69d09dee3,2012,1,Bình Phước,Provincial,Cultivation,Lúa,,Area_Planted,10701.0,ha,Actual,PL4
d25240a69d09dee3,2012,1,Bình Phước,Provincial,Cultivation,Lúa,,Area_Planted,100.0,ha,Actual,PL4
d25240a69d09dee3,2012,1,Bình Phước,Provincial,Cultivation,Lúa,,Area_Planted,2976.0,ha,Actual,PL4
d25240a69d09dee3,2012,1,Bình Phước,Provincial,Cultivation,Lúa,,Area_Planted,147.0,ha,Actual,PL4
d25240a69d09dee3,2012,1,Bình Phước,Provincial,Cultivation,Lúa,,Area_Planted,93.0,ha,Actual,PL4
d25240a69d09dee3,2012,1,Bình Phước,Provincial,Cultivation,Lúa,,Area_Planted,24.0,ha,Actual,PL4
d25240a69d09dee3,2012,1,Bình Phước,Provincial,Cultivation,Lúa,,Area_Planted,30.0,ha,Actual,PL4
476bbe760b289df3,2012,1,Tây Ninh,Provincial,Cultivation,Lúa,,Area_Planted,43738.0,ha,Actual,PL4
476bbe760b289df3,2012,1,Tây Ninh,Provincial,Cultivation,Lúa,,Area_Planted,79.0,ha,Actual,PL4
476bbe760b289df3,2012,1,Tây Ninh,Provincial,Cultivation,Lúa,,Area_Planted,33459.0,ha,Actual,PL4
476bbe760b289df3,2012,1,Tây Ninh,Provincial,Cultivation,Lúa,,Area_Planted,13948.0,ha,Actual,PL4
476bbe760b289df3,2012,1,Tây Ninh,Provincial,Cultivation,Lúa,,Area_Planted,2366.0,ha,Actual,PL4
476bbe760b289df3,2012,1,Tây Ninh,Provincial,Cultivation,Lúa,,Area_Planted,169.0,ha,Actual,PL4
476bbe760b289df3,2012,1,Tây Ninh,Provincial,Cultivation,Lúa,,Area_Planted,11413.0,ha,Actual,PL4
5f42a37e3aae774c,2012,1,Bình Dương,Provincial,Cultivation,Lúa,,Area_Planted,0.0,ha,Actual,PL4
5f42a37e3aae774c,2012,1,Bình Dương,Provincial,Cultivation,Lúa,,Area_Planted,1271.0,ha,Actual,PL4
5f42a37e3aae774c,2012,1,Bình Dương,Provincial,Cultivation,Lúa,,Area_Planted,0.0,ha,Actual,PL4
f6bb8c71dc3e4c1d,2012,1,Đồng Nai,Provincial,Cultivation,Lúa,,Area_Planted,40000.0,ha,Actual,PL4
f6bb8c71dc3e4c1d,2012,1,Đồng Nai,Provincial,Cultivation,Lúa,,Area_Planted,64.0,ha,Actual,PL4
f6bb8c71dc3e4c1d,2012,1,Đồng Nai,Provincial,Cultivation,Lúa,,Area_Planted,9440.0,ha,Actual,PL4
f6bb8c71dc3e4c1d,2012,1,Đồng Nai,Provincial,Cultivation,Lúa,,Area_Planted,6711.0,ha,Actual,PL4
f6bb8c71dc3e4c1d,2012,1,Đồng Nai,Provincial,Cultivation,Lúa,,Area_Planted,5493.0,ha,Actual,PL4
f6bb8c71dc3e4c1d,2012,1,Đồng Nai,Provincial,Cultivation,Lúa,,Area_Planted,59.0,ha,Actual,PL4
f6bb8c71dc3e4c1d,2012,1,Đồng Nai,Provincial,Cultivation,Lúa,,Area_Planted,1049.0,ha,Actual,PL4
f6bb8c71dc3e4c1d,2012,1,Đồng Nai,Provincial,Cultivation,Lúa,,Area_Planted,110.0,ha,Actual,PL4
4a91f23c0de6f01d,2012,1,Bà Rịa-V.Tàu,Provincial,Cultivation,Lúa,,Area_Planted,10939.0,ha,Actual,PL4
4a91f23c0de6f01d,2012,1,Bà Rịa-V.Tàu,Provincial,Cultivation,Lúa,,Area_Planted,100.0,ha,Actual,PL4
4a91f23c0de6f01d,2012,1,Bà Rịa-V.Tàu,Provincial,Cultivation,Lúa,,Area_Planted,5190.0,ha,Actual,PL4
4a91f23c0de6f01d,2012,1,Bà Rịa-V.Tàu,Provincial,Cultivation,Lúa,,Area_Planted,1095.0,ha,Actual,PL4
4a91f23c0de6f01d,2012,1,Bà Rịa-V.Tàu,Provincial,Cultivation,Lúa,,Area_Planted,1051.0,ha,Actual,PL4
4a91f23c0de6f01d,2012,1,Bà Rịa-V.Tàu,Provincial,Cultivation,Lúa,,Area_Planted,42.0,ha,Actual,PL4
4a91f23c0de6f01d,2012,1,Bà Rịa-V.Tàu,Provincial,Cultivation,Lúa,,Area_Planted,2.0,ha,Actual,PL4
fb7f1383cc2b8f7e,2012,1,TP Hồ Chí Minh,Provincial,Cultivation,Lúa,,Area_Planted,7000.0,ha,Actual,PL4
fb7f1383cc2b8f7e,2012,1,TP Hồ Chí Minh,Provincial,Cultivation,Lúa,,Area_Planted,69.0,ha,Actual,PL4
fb7f1383cc2b8f7e,2012,1,TP Hồ Chí Minh,Provincial,Cultivation,Lúa,,Area_Planted,0.0,ha,Actual,PL4
836cd527dcafa398,2012,1,ĐBS Cửu Long,Provincial,Cultivation,Lúa,,Area_Planted,344486.0,ha,Actual,PL4
836cd527dcafa398,2012,1,ĐBS Cửu Long,Provincial,Cultivation,Lúa,,Area_Planted,75.0,ha,Actual,PL4
836cd527dcafa398,2012,1,ĐBS Cửu Long,Provincial,Cultivation,Lúa,,Area_Planted,1561117.0,ha,Actual,PL4
836cd527dcafa398,2012,1,ĐBS Cửu Long,Provincial,Cultivation,Lúa,,Area_Planted,107556.0,ha,Actual,PL4
836cd527dcafa398,2012,1,ĐBS Cửu Long,Provincial,Cultivation,Lúa,,Area_Planted,17428.0,ha,Actual,PL4
836cd527dcafa398,2012,1,ĐBS Cửu Long,Provincial,Cultivation,Lúa,,Area_Planted,8860.0,ha,Actual,PL4
836cd527dcafa398,2012,1,ĐBS Cửu Long,Provincial,Cultivation,Lúa,,Area_Planted,4599.0,ha,Actual,PL4
836cd527dcafa398,2012,1,ĐBS Cửu Long,Provincial,Cultivation,Lúa,,Area_Planted,176.0,ha,Actual,PL4
836cd527dcafa398,2012,1,ĐBS Cửu Long,Provincial,Cultivation,Lúa,,Area_Planted,3793.0,ha,Actual,PL4
177a9d9c95cfd5c2,2012,1,Long An,Provincial,Cultivation,Lúa,,Area_Planted,10142.0,ha,Actual,PL4
177a9d9c95cfd5c2,2012,1,Long An,Provincial,Cultivation,Lúa,,Area_Planted,99.0,ha,Actual,PL4
177a9d9c95cfd5c2,2012,1,Long An,Provincial,Cultivation,Lúa,,Area_Planted,250931.0,ha,Actual,PL4
177a9d9c95cfd5c2,2012,1,Long An,Provincial,Cultivation,Lúa,,Area_Planted,5556.0,ha,Actual,PL4
177a9d9c95cfd5c2,2012,1,Long An,Provincial,Cultivation,Lúa,,Area_Planted,2882.0,ha,Actual,PL4
177a9d9c95cfd5c2,2012,1,Long An,Provincial,Cultivation,Lúa,,Area_Planted,2674.0,ha,Actual,PL4
b7e415eba02d869f,2012,1,Tiền Giang,Provincial,Cultivation,Lúa,,Area_Planted,81761.0,ha,Actual,PL4
b7e415eba02d869f,2012,1,Tiền Giang,Provincial,Cultivation,Lúa,,Area_Planted,2196.0,ha,Actual,PL4
b7e415eba02d869f,2012,1,Tiền Giang,Provincial,Cultivation,Lúa,,Area_Planted,1267.0,ha,Actual,PL4
b7e415eba02d869f,2012,1,Tiền Giang,Provincial,Cultivation,Lúa,,Area_Planted,156.0,ha,Actual,PL4
b7e415eba02d869f,2012,1,Tiền Giang,Provincial,Cultivation,Lúa,,Area_Planted,25.0,ha,Actual,PL4
b7e415eba02d869f,2012,1,Tiền Giang,Provincial,Cultivation,Lúa,,Area_Planted,748.0,ha,Actual,PL4
4e76e4661afc2d31,2012,1,Bến Tre,Provincial,Cultivation,Lúa,,Area_Planted,4016.0,ha,Actual,PL4
4e76e4661afc2d31,2012,1,Bến Tre,Provincial,Cultivation,Lúa,,Area_Planted,46.0,ha,Actual,PL4
4e76e4661afc2d31,2012,1,Bến Tre,Provincial,Cultivation,Lúa,,Area_Planted,19720.0,ha,Actual,PL4
4e76e4661afc2d31,2012,1,Bến Tre,Provincial,Cultivation,Lúa,,Area_Planted,295.0,ha,Actual,PL4
4e76e4661afc2d31,2012,1,Bến Tre,Provincial,Cultivation,Lúa,,Area_Planted,260.0,ha,Actual,PL4
4e76e4661afc2d31,2012,1,Bến Tre,Provincial,Cultivation,Lúa,,Area_Planted,25.0,ha,Actual,PL4
4e76e4661afc2d31,2012,1,Bến Tre,Provincial,Cultivation,Lúa,,Area_Planted,10.0,ha,Actual,PL4
051d9b5856fed42a,2012,1,Trà Vinh,Provincial,Cultivation,Lúa,,Area_Planted,80705.0,ha,Actual,PL4
051d9b5856fed42a,2012,1,Trà Vinh,Provincial,Cultivation,Lúa,,Area_Planted,91.0,ha,Actual,PL4
051d9b5856fed42a,2012,1,Trà Vinh,Provincial,Cultivation,Lúa,,Area_Planted,55099.0,ha,Actual,PL4
051d9b5856fed42a,2012,1,Trà Vinh,Provincial,Cultivation,Lúa,,Area_Planted,872.0,ha,Actual,PL4
051d9b5856fed42a,2012,1,Trà Vinh,Provincial,Cultivation,Lúa,,Area_Planted,700.0,ha,Actual,PL4
051d9b5856fed42a,2012,1,Trà Vinh,Provincial,Cultivation,Lúa,,Area_Planted,105.0,ha,Actual,PL4
051d9b5856fed42a,2012,1,Trà Vinh,Provincial,Cultivation,Lúa,,Area_Planted,67.0,ha,Actual,PL4
864008132c25a804,2012,1,Vĩnh Long,Provincial,Cultivation,Lúa,,Area_Planted,64418.0,ha,Actual,PL4
864008132c25a804,2012,1,Vĩnh Long,Provincial,Cultivation,Lúa,,Area_Planted,7452.0,ha,Actual,PL4
864008132c25a804,2012,1,Vĩnh Long,Provincial,Cultivation,Lúa,,Area_Planted,3736.0,ha,Actual,PL4
864008132c25a804,2012,1,Vĩnh Long,Provincial,Cultivation,Lúa,,Area_Planted,174.0,ha,Actual,PL4
864008132c25a804,2012,1,Vĩnh Long,Provincial,Cultivation,Lúa,,Area_Planted,3504.0,ha,Actual,PL4
864008132c25a804,2012,1,Vĩnh Long,Provincial,Cultivation,Lúa,,Area_Planted,2.0,ha,Actual,PL4
864008132c25a804,2012,1,Vĩnh Long,Provincial,Cultivation,Lúa,,Area_Planted,56.0,ha,Actual,PL4
2d6a835ad54174e4,2012,1,Đồng Tháp,Provincial,Cultivation,Lúa,,Area_Planted,96012.0,ha,Actual,PL4
2d6a835ad54174e4,2012,1,Đồng Tháp,Provincial,Cultivation,Lúa,,Area_Planted,97.0,ha,Actual,PL4
2d6a835ad54174e4,2012,1,Đồng Tháp,Provincial,Cultivation,Lúa,,Area_Planted,206855.0,ha,Actual,PL4
2d6a835ad54174e4,2012,1,Đồng Tháp,Provincial,Cultivation,Lúa,,Area_Planted,5220.0,ha,Actual,PL4
2d6a835ad54174e4,2012,1,Đồng Tháp,Provincial,Cultivation,Lúa,,Area_Planted,1331.0,ha,Actual,PL4
2d6a835ad54174e4,2012,1,Đồng Tháp,Provincial,Cultivation,Lúa,,Area_Planted,1181.0,ha,Actual,PL4
2d6a835ad54174e4,2012,1,Đồng Tháp,Provincial,Cultivation,Lúa,,Area_Planted,150.0,ha,Actual,PL4
016f8703bd92ca28,2012,1,An Giang,Provincial,Cultivation,Lúa,,Area_Planted,0.0,ha,Actual,PL4
016f8703bd92ca28,2012,1,An Giang,Provincial,Cultivation,Lúa,,Area_Planted,233207.0,ha,Actual,PL4
016f8703bd92ca28,2012,1,An Giang,Provincial,Cultivation,Lúa,,Area_Planted,1592.0,ha,Actual,PL4
016f8703bd92ca28,2012,1,An Giang,Provincial,Cultivation,Lúa,,Area_Planted,1382.0,ha,Actual,PL4
016f8703bd92ca28,2012,1,An Giang,Provincial,Cultivation,Lúa,,Area_Planted,51.0,ha,Actual,PL4
016f8703bd92ca28,2012,1,An Giang,Provincial,Cultivation,Lúa,,Area_Planted,159.0,ha,Actual,PL4
804ea652ea3ede89,2012,1,Kiên Giang,Provincial,Cultivation,Lúa,,Area_Planted,48663.0,ha,Actual,PL4
804ea652ea3ede89,2012,1,Kiên Giang,Provincial,Cultivation,Lúa,,Area_Planted,74.0,ha,Actual,PL4
804ea652ea3ede89,2012,1,Kiên Giang,Provincial,Cultivation,Lúa,,Area_Planted,290539.0,ha,Actual,PL4
804ea652ea3ede89,2012,1,Kiên Giang,Provincial,Cultivation,Lúa,,Area_Planted,24789.0,ha,Actual,PL4
804ea652ea3ede89,2012,1,Kiên Giang,Provincial,Cultivation,Lúa,,Area_Planted,0.0,ha,Actual,PL4
91b5fb2f720869e9,2012,1,Cần Thơ,Provincial,Cultivation,Lúa,,Area_Planted,87763.0,ha,Actual,PL4
91b5fb2f720869e9,2012,1,Cần Thơ,Provincial,Cultivation,Lúa,,Area_Planted,164.0,ha,Actual,PL4
91b5fb2f720869e9,2012,1,Cần Thơ,Provincial,Cultivation,Lúa,,Area_Planted,164.0,ha,Actual,PL4
c26a0fbc97915119,2012,1,Hậu Giang,Provincial,Cultivation,Lúa,,Area_Planted,77594.0,ha,Actual,PL4
c26a0fbc97915119,2012,1,Hậu Giang,Provincial,Cultivation,Lúa,,Area_Planted,506.0,ha,Actual,PL4
c26a0fbc97915119,2012,1,Hậu Giang,Provincial,Cultivation,Lúa,,Area_Planted,0.0,ha,Actual,PL4
4496a306befc1ee3,2012,1,Sóc Trăng,Provincial,Cultivation,Lúa,,Area_Planted,23107.0,ha,Actual,PL4
4496a306befc1ee3,2012,1,Sóc Trăng,Provincial,Cultivation,Lúa,,Area_Planted,87.0,ha,Actual,PL4
4496a306befc1ee3,2012,1,Sóc Trăng,Provincial,Cultivation,Lúa,,Area_Planted,138552.0,ha,Actual,PL4
4496a306befc1ee3,2012,1,Sóc Trăng,Provincial,Cultivation,Lúa,,Area_Planted,59089.0,ha,Actual,PL4
4496a306befc1ee3,2012,1,Sóc Trăng,Provincial,Cultivation,Lúa,,Area_Planted,1686.0,ha,Actual,PL4
4496a306befc1ee3,2012,1,Sóc Trăng,Provincial,Cultivation,Lúa,,Area_Planted,850.0,ha,Actual,PL4
4496a306befc1ee3,2012,1,Sóc Trăng,Provincial,Cultivation,Lúa,,Area_Planted,608.0,ha,Actual,PL4
4496a306befc1ee3,2012,1,Sóc Trăng,Provincial,Cultivation,Lúa,,Area_Planted,72.0,ha,Actual,PL4
4496a306befc1ee3,2012,1,Sóc Trăng,Provincial,Cultivation,Lúa,,Area_Planted,156.0,ha,Actual,PL4
29ba5809ae7570f0,2012,1,Bạc Liêu,Provincial,Cultivation,Lúa,,Area_Planted,35100.0,ha,Actual,PL4
29ba5809ae7570f0,2012,1,Bạc Liêu,Provincial,Cultivation,Lúa,,Area_Planted,56.0,ha,Actual,PL4
29ba5809ae7570f0,2012,1,Bạc Liêu,Provincial,Cultivation,Lúa,,Area_Planted,54678.0,ha,Actual,PL4
29ba5809ae7570f0,2012,1,Bạc Liêu,Provincial,Cultivation,Lúa,,Area_Planted,10500.0,ha,Actual,PL4
29ba5809ae7570f0,2012,1,Bạc Liêu,Provincial,Cultivation,Lúa,,Area_Planted,0.0,ha,Actual,PL4
807b83b0aba6e2bd,2012,1,Cà Mau,Provincial,Cultivation,Lúa,,Area_Planted,46741.0,ha,Actual,PL4
807b83b0aba6e2bd,2012,1,Cà Mau,Provincial,Cultivation,Lúa,,Area_Planted,49.0,ha,Actual,PL4
807b83b0aba6e2bd,2012,1,Cà Mau,Provincial,Cultivation,Lúa,,Area_Planted,0.0,ha,Actual,PL4
75b678b32556a577,2012,1,Miền Nam,Provincial,Cultivation,Lúa,,Area_Planted,70364.0,ha,Actual,PL5
d1f43cef54cfc181,2012,1,Miền Nam,Provincial,Cultivation,Đậu,,Area_Planted,760.0,ha,Actual,PL5
ce72e922dad8ceca,2012,1,Miền Nam,Provincial,Cultivation,Lạc,,Area_Planted,25102.0,ha,Actual,PL5
75b678b32556a577,2012,1,Miền Nam,Provincial,Cultivation,Lúa,,Area_Planted,533.0,ha,Actual,PL5
6cc47bbdee508a10,2012,1,Miền Nam,Provincial,Cultivation,Thuốc lá,,Area_Planted,3124.0,ha,Actual,PL5
8052047df96c10c1,2012,1,Miền Nam,Provincial,Cultivation,Mía,,Area_Planted,40485.0,ha,Actual,PL5
75b678b32556a577,2012,1,Miền Nam,Provincial,Cultivation,Lúa,,Area_Planted,164.0,ha,Actual,PL5
75b678b32556a577,2012,1,Miền Nam,Provincial,Cultivation,Lúa,,Area_Planted,195.0,ha,Actual,PL5
75b678b32556a577,2012,1,Miền Nam,Provincial,Cultivation,Lúa,,Area_Planted,105663.0,ha,Actual,PL5
75b678b32556a577,2012,1,Miền Nam,Provincial,Cultivation,Lúa,,Area_Planted,122444494.0,ha,Actual,PL5
c9017d66f504c7e0,2012,1,D.H Nam Trg Bộ,Provincial,Cultivation,Lúa,,Area_Planted,15806.0,ha,Actual,PL5
62129d6ba61e2a01,2012,1,D.H Nam Trg Bộ,Provincial,Cultivation,Đậu,,Area_Planted,405.0,ha,Actual,PL5
0840dd8f7789b839,2012,1,D.H Nam Trg Bộ,Provincial,Cultivation,Lạc,,Area_Planted,12641.0,ha,Actual,PL5
c9017d66f504c7e0,2012,1,D.H Nam Trg Bộ,Provincial,Cultivation,Lúa,,Area_Planted,18.0,ha,Actual,PL5
1e14b473591e2e84,2012,1,D.H Nam Trg Bộ,Provincial,Cultivation,Thuốc lá,,Area_Planted,1009.0,ha,Actual,PL5
5bbcd43f47cb3c7f,2012,1,D.H Nam Trg Bộ,Provincial,Cultivation,Mía,,Area_Planted,1578.0,ha,Actual,PL5
c9017d66f504c7e0,2012,1,D.H Nam Trg Bộ,Provincial,Cultivation,Lúa,,Area_Planted,155.0,ha,Actual,PL5
c9017d66f504c7e0,2012,1,D.H Nam Trg Bộ,Provincial,Cultivation,Lúa,,Area_Planted,16093.0,ha,Actual,PL5
c9017d66f504c7e0,2012,1,D.H Nam Trg Bộ,Provincial,Cultivation,Lúa,,Area_Planted,16093.0,ha,Actual,PL5
c007c09fa9d9df0a,2012,1,TP Đà Nẵng,Provincial,Cultivation,Lúa,,Area_Planted,277.0,ha,Actual,PL5
554a215dfc6ac008,2012,1,TP Đà Nẵng,Provincial,Cultivation,Lạc,,Area_Planted,152.0,ha,Actual,PL5
fdc738b960ff2639,2012,1,TP Đà Nẵng,Provincial,Cultivation,Mía,,Area_Planted,125.0,ha,Actual,PL5
c007c09fa9d9df0a,2012,1,TP Đà Nẵng,Provincial,Cultivation,Lúa,,Area_Planted,151.0,ha,Actual,PL5
7e8c72771f1fe086,2012,1,Quảng Nam,Provincial,Cultivation,Lúa,,Area_Planted,4685.0,ha,Actual,PL5
a58e0e2d02f708bc,2012,1,Quảng Nam,Provincial,Cultivation,Lạc,,Area_Planted,4500.0,ha,Actual,PL5
88997463116130e1,2012,1,Quảng Nam,Provincial,Cultivation,Thuốc lá,,Area_Planted,90.0,ha,Actual,PL5
7e8c72771f1fe086,2012,1,Quảng Nam,Provincial,Cultivation,Lúa,,Area_Planted,95.0,ha,Actual,PL5
7e8c72771f1fe086,2012,1,Quảng Nam,Provincial,Cultivation,Lúa,,Area_Planted,3200.0,ha,Actual,PL5
d01285152519db46,2012,1,Quảng Ngãi,Provincial,Cultivation,Lúa,,Area_Planted,2251.0,ha,Actual,PL5
d5fd6feb0b1413bc,2012,1,Quảng Ngãi,Provincial,Cultivation,Lạc,,Area_Planted,2251.0,ha,Actual,PL5
d01285152519db46,2012,1,Quảng Ngãi,Provincial,Cultivation,Lúa,,Area_Planted,3711.0,ha,Actual,PL5
d01285152519db46,2012,1,Quảng Ngãi,Provincial,Cultivation,Lúa,,Area_Planted,815.0,ha,Actual,PL5
ba6424e185b35545,2012,1,Bình Định,Provincial,Cultivation,Lúa,,Area_Planted,5095.0,ha,Actual,PL5
5346e859b9954295,2012,1,Bình Định,Provincial,Cultivation,Đậu,,Area_Planted,190.0,ha,Actual,PL5
1678d4398ac6f405,2012,1,Bình Định,Provincial,Cultivation,Lạc,,Area_Planted,4905.0,ha,Actual,PL5
ba6424e185b35545,2012,1,Bình Định,Provincial,Cultivation,Lúa,,Area_Planted,3534.0,ha,Actual,PL5
ba6424e185b35545,2012,1,Bình Định,Provincial,Cultivation,Lúa,,Area_Planted,448.0,ha,Actual,PL5
9f735116f80f50ac,2012,1,Phú Yên,Provincial,Cultivation,Lúa,,Area_Planted,1731.0,ha,Actual,PL5
c131ecc9abfe4218,2012,1,Phú Yên,Provincial,Cultivation,Đậu,,Area_Planted,215.0,ha,Actual,PL5
10694c8b14b5b469,2012,1,Phú Yên,Provincial,Cultivation,Lạc,,Area_Planted,233.0,ha,Actual,PL5
9f735116f80f50ac,2012,1,Phú Yên,Provincial,Cultivation,Lúa,,Area_Planted,18.0,ha,Actual,PL5
6d9933762699b493,2012,1,Phú Yên,Provincial,Cultivation,Thuốc lá,,Area_Planted,112.0,ha,Actual,PL5
b00db51ab2a7f33e,2012,1,Phú Yên,Provincial,Cultivation,Mía,,Area_Planted,1153.0,ha,Actual,PL5
9f735116f80f50ac,2012,1,Phú Yên,Provincial,Cultivation,Lúa,,Area_Planted,1221.0,ha,Actual,PL5
9f735116f80f50ac,2012,1,Phú Yên,Provincial,Cultivation,Lúa,,Area_Planted,597.0,ha,Actual,PL5
302b836ff5ac68e3,2012,1,Ninh Thuận,Provincial,Cultivation,Lúa,,Area_Planted,1244.0,ha,Actual,PL5
10b15f2ba85ce24a,2012,1,Ninh Thuận,Provincial,Cultivation,Lạc,,Area_Planted,154.0,ha,Actual,PL5
45c33723201b770a,2012,1,Ninh Thuận,Provincial,Cultivation,Thuốc lá,,Area_Planted,770.0,ha,Actual,PL5
c1ae77db52e44de7,2012,1,Ninh Thuận,Provincial,Cultivation,Mía,,Area_Planted,300.0,ha,Actual,PL5
302b836ff5ac68e3,2012,1,Ninh Thuận,Provincial,Cultivation,Lúa,,Area_Planted,20.0,ha,Actual,PL5
302b836ff5ac68e3,2012,1,Ninh Thuận,Provincial,Cultivation,Lúa,,Area_Planted,2759.0,ha,Actual,PL5
302b836ff5ac68e3,2012,1,Ninh Thuận,Provincial,Cultivation,Lúa,,Area_Planted,1141.0,ha,Actual,PL5
dc2c5bae242562cc,2012,1,Bình Thuận,Provincial,Cultivation,Lúa,,Area_Planted,523.0,ha,Actual,PL5
cfcc91ed211bcb83,2012,1,Bình Thuận,Provincial,Cultivation,Lạc,,Area_Planted,446.0,ha,Actual,PL5
c6ae307a5c02a37c,2012,1,Bình Thuận,Provincial,Cultivation,Thuốc lá,,Area_Planted,37.0,ha,Actual,PL5
dc2c5bae242562cc,2012,1,Bình Thuận,Provincial,Cultivation,Lúa,,Area_Planted,40.0,ha,Actual,PL5
dc2c5bae242562cc,2012,1,Bình Thuận,Provincial,Cultivation,Lúa,,Area_Planted,1517.0,ha,Actual,PL5
dc2c5bae242562cc,2012,1,Bình Thuận,Provincial,Cultivation,Lúa,,Area_Planted,1493.0,ha,Actual,PL5
3129a34cff4c2967,2012,1,Tây Nguyên,Provincial,Cultivation,Lúa,,Area_Planted,2490.0,ha,Actual,PL5
f177da9c19db35cd,2012,1,Tây Nguyên,Provincial,Cultivation,Lạc,,Area_Planted,11.0,ha,Actual,PL5
66a108de07fb82f0,2012,1,Tây Nguyên,Provincial,Cultivation,Thuốc lá,,Area_Planted,442.0,ha,Actual,PL5
2285ff257b90267a,2012,1,Tây Nguyên,Provincial,Cultivation,Mía,,Area_Planted,2037.0,ha,Actual,PL5
3129a34cff4c2967,2012,1,Tây Nguyên,Provincial,Cultivation,Lúa,,Area_Planted,12649.0,ha,Actual,PL5
3129a34cff4c2967,2012,1,Tây Nguyên,Provincial,Cultivation,Lúa,,Area_Planted,846.0,ha,Actual,PL5
ffb46935d6be4261,2012,1,Kon Tum,Provincial,Cultivation,Lúa,,Area_Planted,2048.0,ha,Actual,PL5
fd61cebcb63f9edf,2012,1,Kon Tum,Provincial,Cultivation,Lạc,,Area_Planted,11.0,ha,Actual,PL5
0bfbb8fba8d83d5a,2012,1,Kon Tum,Provincial,Cultivation,Mía,,Area_Planted,2037.0,ha,Actual,PL5
ffb46935d6be4261,2012,1,Kon Tum,Provincial,Cultivation,Lúa,,Area_Planted,534.0,ha,Actual,PL5
ffb46935d6be4261,2012,1,Kon Tum,Provincial,Cultivation,Lúa,,Area_Planted,27.0,ha,Actual,PL5
6fba959e029189d5,2012,1,Đắc Lắc,Provincial,Cultivation,Lúa,,Area_Planted,442.0,ha,Actual,PL5
3b033e583eacb070,2012,1,Đắc Lắc,Provincial,Cultivation,Thuốc lá,,Area_Planted,442.0,ha,Actual,PL5
6fba959e029189d5,2012,1,Đắc Lắc,Provincial,Cultivation,Lúa,,Area_Planted,2472.0,ha,Actual,PL5
6fba959e029189d5,2012,1,Đắc Lắc,Provincial,Cultivation,Lúa,,Area_Planted,486.0,ha,Actual,PL5
5a5c3c4f6d034d84,2012,1,Lâm Đồng,Provincial,Cultivation,Lúa,,Area_Planted,9643.0,ha,Actual,PL5
5a5c3c4f6d034d84,2012,1,Lâm Đồng,Provincial,Cultivation,Lúa,,Area_Planted,333.0,ha,Actual,PL5
42be9696facc7db9,2012,1,Đông Nam Bộ,Provincial,Cultivation,Lúa,,Area_Planted,8588.0,ha,Actual,PL5
601c800bc8891ab9,2012,1,Đông Nam Bộ,Provincial,Cultivation,Đậu,,Area_Planted,111.0,ha,Actual,PL5
7327cb8fb4c1e60c,2012,1,Đông Nam Bộ,Provincial,Cultivation,Lạc,,Area_Planted,5374.0,ha,Actual,PL5
42be9696facc7db9,2012,1,Đông Nam Bộ,Provincial,Cultivation,Lúa,,Area_Planted,297.0,ha,Actual,PL5
d7c077c135c96b27,2012,1,Đông Nam Bộ,Provincial,Cultivation,Thuốc lá,,Area_Planted,1673.0,ha,Actual,PL5
6f970a352655f659,2012,1,Đông Nam Bộ,Provincial,Cultivation,Mía,,Area_Planted,1124.0,ha,Actual,PL5
42be9696facc7db9,2012,1,Đông Nam Bộ,Provincial,Cultivation,Lúa,,Area_Planted,9.0,ha,Actual,PL5
42be9696facc7db9,2012,1,Đông Nam Bộ,Provincial,Cultivation,Lúa,,Area_Planted,12018.0,ha,Actual,PL5
42be9696facc7db9,2012,1,Đông Nam Bộ,Provincial,Cultivation,Lúa,,Area_Planted,3930.0,ha,Actual,PL5
d25240a69d09dee3,2012,1,Bình Phước,Provincial,Cultivation,Lúa,,Area_Planted,34.0,ha,Actual,PL5
3f96e7d2d5451d1d,2012,1,Bình Phước,Provincial,Cultivation,Lạc,,Area_Planted,34.0,ha,Actual,PL5
d25240a69d09dee3,2012,1,Bình Phước,Provincial,Cultivation,Lúa,,Area_Planted,303.0,ha,Actual,PL5
d25240a69d09dee3,2012,1,Bình Phước,Provincial,Cultivation,Lúa,,Area_Planted,185.0,ha,Actual,PL5
476bbe760b289df3,2012,1,Tây Ninh,Provincial,Cultivation,Lúa,,Area_Planted,7606.0,ha,Actual,PL5
f288c7f7a2dab89b,2012,1,Tây Ninh,Provincial,Cultivation,Lạc,,Area_Planted,5265.0,ha,Actual,PL5
476bbe760b289df3,2012,1,Tây Ninh,Provincial,Cultivation,Lúa,,Area_Planted,284.0,ha,Actual,PL5
9d55c3c0d79e5168,2012,1,Tây Ninh,Provincial,Cultivation,Thuốc lá,,Area_Planted,1091.0,ha,Actual,PL5
6b81069fa7aede08,2012,1,Tây Ninh,Provincial,Cultivation,Mía,,Area_Planted,966.0,ha,Actual,PL5
476bbe760b289df3,2012,1,Tây Ninh,Provincial,Cultivation,Lúa,,Area_Planted,5828.0,ha,Actual,PL5
476bbe760b289df3,2012,1,Tây Ninh,Provincial,Cultivation,Lúa,,Area_Planted,2615.0,ha,Actual,PL5
f6bb8c71dc3e4c1d,2012,1,Đồng Nai,Provincial,Cultivation,Lúa,,Area_Planted,872.0,ha,Actual,PL5
e7d8dd4c9fe02d42,2012,1,Đồng Nai,Provincial,Cultivation,Đậu,,Area_Planted,111.0,ha,Actual,PL5
d0ff30bce397599a,2012,1,Đồng Nai,Provincial,Cultivation,Lạc,,Area_Planted,75.0,ha,Actual,PL5
f6bb8c71dc3e4c1d,2012,1,Đồng Nai,Provincial,Cultivation,Lúa,,Area_Planted,13.0,ha,Actual,PL5
6316f0b0133c237a,2012,1,Đồng Nai,Provincial,Cultivation,Thuốc lá,,Area_Planted,582.0,ha,Actual,PL5
b78e298f9098f6f3,2012,1,Đồng Nai,Provincial,Cultivation,Mía,,Area_Planted,82.0,ha,Actual,PL5
f6bb8c71dc3e4c1d,2012,1,Đồng Nai,Provincial,Cultivation,Lúa,,Area_Planted,9.0,ha,Actual,PL5
f6bb8c71dc3e4c1d,2012,1,Đồng Nai,Provincial,Cultivation,Lúa,,Area_Planted,3391.0,ha,Actual,PL5
f6bb8c71dc3e4c1d,2012,1,Đồng Nai,Provincial,Cultivation,Lúa,,Area_Planted,1057.0,ha,Actual,PL5
4a91f23c0de6f01d,2012,1,Bà Rịa-V.Tàu,Provincial,Cultivation,Lúa,,Area_Planted,76.0,ha,Actual,PL5
0d2236999efb1ac9,2012,1,Bà Rịa-V.Tàu,Provincial,Cultivation,Mía,,Area_Planted,76.0,ha,Actual,PL5
4a91f23c0de6f01d,2012,1,Bà Rịa-V.Tàu,Provincial,Cultivation,Lúa,,Area_Planted,2497.0,ha,Actual,PL5
4a91f23c0de6f01d,2012,1,Bà Rịa-V.Tàu,Provincial,Cultivation,Lúa,,Area_Planted,73.0,ha,Actual,PL5
836cd527dcafa398,2012,1,ĐBS Cửu Long,Provincial,Cultivation,Lúa,,Area_Planted,43480.0,ha,Actual,PL5
6357b020fdb35664,2012,1,ĐBS Cửu Long,Provincial,Cultivation,Đậu,,Area_Planted,244.0,ha,Actual,PL5
e6144e2bcc2ebe49,2012,1,ĐBS Cửu Long,Provincial,Cultivation,Lạc,,Area_Planted,7076.0,ha,Actual,PL5
836cd527dcafa398,2012,1,ĐBS Cửu Long,Provincial,Cultivation,Lúa,,Area_Planted,218.0,ha,Actual,PL5
41b8a6d274d07f10,2012,1,ĐBS Cửu Long,Provincial,Cultivation,Mía,,Area_Planted,35746.0,ha,Actual,PL5
836cd527dcafa398,2012,1,ĐBS Cửu Long,Provincial,Cultivation,Lúa,,Area_Planted,195.0,ha,Actual,PL5
836cd527dcafa398,2012,1,ĐBS Cửu Long,Provincial,Cultivation,Lúa,,Area_Planted,64903.0,ha,Actual,PL5
836cd527dcafa398,2012,1,ĐBS Cửu Long,Provincial,Cultivation,Lúa,,Area_Planted,2974.0,ha,Actual,PL5
177a9d9c95cfd5c2,2012,1,Long An,Provincial,Cultivation,Lúa,,Area_Planted,18941.0,ha,Actual,PL5
8e10ffad911b74ef,2012,1,Long An,Provincial,Cultivation,Lạc,,Area_Planted,5452.0,ha,Actual,PL5
177a9d9c95cfd5c2,2012,1,Long An,Provincial,Cultivation,Lúa,,Area_Planted,178.0,ha,Actual,PL5
0de5963a05db5c76,2012,1,Long An,Provincial,Cultivation,Mía,,Area_Planted,13311.0,ha,Actual,PL5
177a9d9c95cfd5c2,2012,1,Long An,Provincial,Cultivation,Lúa,,Area_Planted,6229.0,ha,Actual,PL5
b7e415eba02d869f,2012,1,Tiền Giang,Provincial,Cultivation,Lúa,,Area_Planted,92.0,ha,Actual,PL5
eda17a69d3dc54e4,2012,1,Tiền Giang,Provincial,Cultivation,Đậu,,Area_Planted,22.0,ha,Actual,PL5
7db9e01fffa4736b,2012,1,Tiền Giang,Provincial,Cultivation,Lạc,,Area_Planted,56.0,ha,Actual,PL5
f5b558c2f76af12c,2012,1,Tiền Giang,Provincial,Cultivation,Mía,,Area_Planted,14.0,ha,Actual,PL5
b7e415eba02d869f,2012,1,Tiền Giang,Provincial,Cultivation,Lúa,,Area_Planted,13688.0,ha,Actual,PL5
b7e415eba02d869f,2012,1,Tiền Giang,Provincial,Cultivation,Lúa,,Area_Planted,43.0,ha,Actual,PL5
4e76e4661afc2d31,2012,1,Bến Tre,Provincial,Cultivation,Lúa,,Area_Planted,5215.0,ha,Actual,PL5
d0b5ef41ca7c4465,2012,1,Bến Tre,Provincial,Cultivation,Lạc,,Area_Planted,15.0,ha,Actual,PL5
1c182d17abeaf8c3,2012,1,Bến Tre,Provincial,Cultivation,Mía,,Area_Planted,5200.0,ha,Actual,PL5
4e76e4661afc2d31,2012,1,Bến Tre,Provincial,Cultivation,Lúa,,Area_Planted,1950.0,ha,Actual,PL5
051d9b5856fed42a,2012,1,Trà Vinh,Provincial,Cultivation,Lúa,,Area_Planted,3353.0,ha,Actual,PL5
127efd6abfb25d4f,2012,1,Trà Vinh,Provincial,Cultivation,Lạc,,Area_Planted,1390.0,ha,Actual,PL5
401e7992a2a5cf21,2012,1,Trà Vinh,Provincial,Cultivation,Mía,,Area_Planted,1963.0,ha,Actual,PL5
051d9b5856fed42a,2012,1,Trà Vinh,Provincial,Cultivation,Lúa,,Area_Planted,5808.0,ha,Actual,PL5
051d9b5856fed42a,2012,1,Trà Vinh,Provincial,Cultivation,Lúa,,Area_Planted,102.0,ha,Actual,PL5
864008132c25a804,2012,1,Vĩnh Long,Provincial,Cultivation,Lúa,,Area_Planted,16.0,ha,Actual,PL5
9e566222f86f745d,2012,1,Vĩnh Long,Provincial,Cultivation,Đậu,,Area_Planted,5.0,ha,Actual,PL5
0cd27a1934ab10d6,2012,1,Vĩnh Long,Provincial,Cultivation,Mía,,Area_Planted,11.0,ha,Actual,PL5
864008132c25a804,2012,1,Vĩnh Long,Provincial,Cultivation,Lúa,,Area_Planted,2850.0,ha,Actual,PL5
864008132c25a804,2012,1,Vĩnh Long,Provincial,Cultivation,Lúa,,Area_Planted,254.0,ha,Actual,PL5
2d6a835ad54174e4,2012,1,Đồng Tháp,Provincial,Cultivation,Lúa,,Area_Planted,605.0,ha,Actual,PL5
b48555bc374471f7,2012,1,Đồng Tháp,Provincial,Cultivation,Đậu,,Area_Planted,122.0,ha,Actual,PL5
4a2025c5aa936ff3,2012,1,Đồng Tháp,Provincial,Cultivation,Lạc,,Area_Planted,79.0,ha,Actual,PL5
2b2bbd50b47d53b4,2012,1,Đồng Tháp,Provincial,Cultivation,Mía,,Area_Planted,209.0,ha,Actual,PL5
2d6a835ad54174e4,2012,1,Đồng Tháp,Provincial,Cultivation,Lúa,,Area_Planted,195.0,ha,Actual,PL5
2d6a835ad54174e4,2012,1,Đồng Tháp,Provincial,Cultivation,Lúa,,Area_Planted,11869.0,ha,Actual,PL5
2d6a835ad54174e4,2012,1,Đồng Tháp,Provincial,Cultivation,Lúa,,Area_Planted,1242.0,ha,Actual,PL5
016f8703bd92ca28,2012,1,An Giang,Provincial,Cultivation,Lúa,,Area_Planted,151.0,ha,Actual,PL5
52a85e267906e8ce,2012,1,An Giang,Provincial,Cultivation,Đậu,,Area_Planted,49.0,ha,Actual,PL5
9dc38721cd269994,2012,1,An Giang,Provincial,Cultivation,Lạc,,Area_Planted,79.0,ha,Actual,PL5
016f8703bd92ca28,2012,1,An Giang,Provincial,Cultivation,Lúa,,Area_Planted,23.0,ha,Actual,PL5
016f8703bd92ca28,2012,1,An Giang,Provincial,Cultivation,Lúa,,Area_Planted,8951.0,ha,Actual,PL5
016f8703bd92ca28,2012,1,An Giang,Provincial,Cultivation,Lúa,,Area_Planted,339.0,ha,Actual,PL5
91b5fb2f720869e9,2012,1,Cần Thơ,Provincial,Cultivation,Lúa,,Area_Planted,47.0,ha,Actual,PL5
e73aebfa18955626,2012,1,Cần Thơ,Provincial,Cultivation,Đậu,,Area_Planted,30.0,ha,Actual,PL5
91b5fb2f720869e9,2012,1,Cần Thơ,Provincial,Cultivation,Lúa,,Area_Planted,17.0,ha,Actual,PL5
c26a0fbc97915119,2012,1,Hậu Giang,Provincial,Cultivation,Lúa,,Area_Planted,9480.0,ha,Actual,PL5
84e8128d0e5b16f3,2012,1,Hậu Giang,Provincial,Cultivation,Mía,,Area_Planted,9480.0,ha,Actual,PL5
c26a0fbc97915119,2012,1,Hậu Giang,Provincial,Cultivation,Lúa,,Area_Planted,4407.0,ha,Actual,PL5
c26a0fbc97915119,2012,1,Hậu Giang,Provincial,Cultivation,Lúa,,Area_Planted,428.0,ha,Actual,PL5
4496a306befc1ee3,2012,1,Sóc Trăng,Provincial,Cultivation,Lúa,,Area_Planted,5580.0,ha,Actual,PL5
0bb47d66cba671ea,2012,1,Sóc Trăng,Provincial,Cultivation,Đậu,,Area_Planted,17.0,ha,Actual,PL5
34e8ac1d90af43c9,2012,1,Sóc Trăng,Provincial,Cultivation,Lạc,,Area_Planted,5.0,ha,Actual,PL5
102d2a45d8d60c36,2012,1,Sóc Trăng,Provincial,Cultivation,Mía,,Area_Planted,5558.0,ha,Actual,PL5
4496a306befc1ee3,2012,1,Sóc Trăng,Provincial,Cultivation,Lúa,,Area_Planted,7901.0,ha,Actual,PL5
4496a306befc1ee3,2012,1,Sóc Trăng,Provincial,Cultivation,Lúa,,Area_Planted,566.0,ha,Actual,PL5
29ba5809ae7570f0,2012,1,Bạc Liêu,Provincial,Cultivation,Lúa,,Area_Planted,1250.0,ha,Actual,PL5
452990b72c5b6702,2012,1,Cả nước,National,Forestry,Rừng,,Area,370.0,1000_ha,Plan,PL6
452990b72c5b6702,2012,1,Cả nước,National,Forestry,Rừng,,Area,200.0,1000_ha,Plan,PL6
452990b72c5b6702,2012,1,Cả nước,National,Forestry,Rừng,,Area,190.0,1000_ha,Plan,PL6
452990b72c5b6702,2012,1,Cả nước,National,Forestry,Rừng,,Area,10.0,1000_ha,Plan,PL6
452990b72c5b6702,2012,1,Cả nước,National,Forestry,Rừng,,Area,170.0,1000_ha,Plan,PL6
b75ed281e2e32595,2011,2,1. Gieo cấy lúa đông xuân cả nước,Provincial,Cultivation,Lúa,Đông Xuân,Area_Planted,25807.0,1000_ha,Actual,PL1
70d5759be6819004,2012,2,1. Gieo cấy lúa đông xuân cả nước,Provincial,Cultivation,Lúa,Đông Xuân,Area_Planted,25741.0,1000_ha,Actual,PL1
376fe39908493bc1,2011,2,- Vùng Duyên hải Bắc Trung bộ,Provincial,Cultivation,Unknown,,Area_Planted,2986.0,1000_ha,Actual,PL1
92f46f6b3187d09e,2012,2,- Vùng Duyên hải Bắc Trung bộ,Provincial,Cultivation,Unknown,,Area_Planted,3301.0,1000_ha,Actual,PL1
09cf015274b6e62c,2011,2,+ Miền Nam,Provincial,Cultivation,Unknown,,Area_Planted,19068.0,1000_ha,Actual,PL1
14174a708381bfc7,2012,2,+ Miền Nam,Provincial,Cultivation,Unknown,,Area_Planted,18877.0,1000_ha,Actual,PL1
08a2f363182b9938,2011,2,2. Thu hoạch lúa đông xuân ở miền Nam,Provincial,Cultivation,Lúa,Đông Xuân,Area_Harvested,3771.0,1000_ha,Actual,PL1
bfa4f20bd25516db,2012,2,2. Thu hoạch lúa đông xuân ở miền Nam,Provincial,Cultivation,Lúa,Đông Xuân,Area_Harvested,4784.0,1000_ha,Actual,PL1
05fd2e979dc01c7b,2011,2,3. Gieo trồng màu lương thực(),Provincial,Cultivation,Màu lương thực,,Area_Planted,4147.0,1000_ha,Actual,PL1
1ded1b1b9d2318f2,2012,2,3. Gieo trồng màu lương thực(),Provincial,Cultivation,Màu lương thực,,Area_Planted,3621.0,1000_ha,Actual,PL1
35c6834e4b4a86f5,2011,2,- Khoai lang,Provincial,Cultivation,Khoai lang,,Area_Planted,638.0,1000_ha,Actual,PL1
e4e4e87f31e7dea8,2012,2,- Khoai lang,Provincial,Cultivation,Khoai lang,,Area_Planted,597.0,1000_ha,Actual,PL1
a7087eabfcba1c52,2011,2,- Sắn,Provincial,Cultivation,Sắn,,Area_Planted,972.0,1000_ha,Actual,PL1
d9a043ad9ef16993,2012,2,- Sắn,Provincial,Cultivation,Sắn,,Area_Planted,664.0,1000_ha,Actual,PL1
30f0f41dc089cf89,2011,2,4. Gieo trồng cây công nghiệp ngắn ngày(),Provincial,Cultivation,Cây công nghiệp ngắn ngày,,Area_Planted,2637.0,1000_ha,Actual,PL1
996f9eb032bd4bcc,2012,2,4. Gieo trồng cây công nghiệp ngắn ngày(),Provincial,Cultivation,Cây công nghiệp ngắn ngày,,Area_Planted,2680.0,1000_ha,Actual,PL1
4cf9e7d9d2d2f979,2011,2,- Lạc,Provincial,Cultivation,Lạc,,Area_Planted,951.0,1000_ha,Actual,PL1
e2471d47d2c6c760,2012,2,- Lạc,Provincial,Cultivation,Lạc,,Area_Planted,1054.0,1000_ha,Actual,PL1
3693ca64a2a94813,2011,2,"5. Gieo trồng rau, đậu các loại()",Provincial,Cultivation,Rau đậu,,Area_Planted,3200.0,1000_ha,Actual,PL1
6f3109979a19da67,2012,2,"5. Gieo trồng rau, đậu các loại()",Provincial,Cultivation,Rau đậu,,Area_Planted,3484.0,1000_ha,Actual,PL1
f2179dcba022681f,2012,2,Miền Bắc,Provincial,Cultivation,Lúa,,Area_Planted,686469.0,ha,Actual,PL2
f2179dcba022681f,2012,2,Miền Bắc,Provincial,Cultivation,Lúa,,Area_Planted,258262.0,ha,Actual,PL2
3e742ed6761a6b61,2012,2,Miền Bắc,Provincial,Cultivation,Ngô,,Area_Planted,170296.0,ha,Actual,PL2
a35390a706127af6,2012,2,Miền Bắc,Provincial,Cultivation,Khoai lang,,Area_Planted,49631.0,ha,Actual,PL2
bd1593a6013dce1e,2012,2,Miền Bắc,Provincial,Cultivation,Sắn,,Area_Planted,30673.0,ha,Actual,PL2
f2179dcba022681f,2012,2,Miền Bắc,Provincial,Cultivation,Lúa,,Area_Planted,7662.0,ha,Actual,PL2
c19d4d1b472cfbbb,2012,2,ĐB sông Hồng,Provincial,Cultivation,Lúa,,Area_Planted,240287.0,ha,Actual,PL2
c19d4d1b472cfbbb,2012,2,ĐB sông Hồng,Provincial,Cultivation,Lúa,,Area_Planted,74546.0,ha,Actual,PL2
67419f8850ead8e1,2012,2,ĐB sông Hồng,Provincial,Cultivation,Ngô,,Area_Planted,55350.0,ha,Actual,PL2
27e43f61af0d0655,2012,2,ĐB sông Hồng,Provincial,Cultivation,Khoai lang,,Area_Planted,16307.0,ha,Actual,PL2
6dede66074d0d919,2012,2,ĐB sông Hồng,Provincial,Cultivation,Sắn,,Area_Planted,801.0,ha,Actual,PL2
c19d4d1b472cfbbb,2012,2,ĐB sông Hồng,Provincial,Cultivation,Lúa,,Area_Planted,2088.0,ha,Actual,PL2
a07ec0d653a173ae,2012,2,Hà Nội,Provincial,Cultivation,Lúa,,Area_Planted,48019.0,ha,Actual,PL2
a07ec0d653a173ae,2012,2,Hà Nội,Provincial,Cultivation,Lúa,,Area_Planted,15000.0,ha,Actual,PL2
352bd2f5ecca6e66,2012,2,Hà Nội,Provincial,Cultivation,Ngô,,Area_Planted,11900.0,ha,Actual,PL2
d25e9857dfc941b7,2012,2,Hà Nội,Provincial,Cultivation,Khoai lang,,Area_Planted,3100.0,ha,Actual,PL2
d7cf590317ec3ead,2012,2,Hải Phòng,Provincial,Cultivation,Lúa,,Area_Planted,34384.0,ha,Actual,PL2
d7cf590317ec3ead,2012,2,Hải Phòng,Provincial,Cultivation,Lúa,,Area_Planted,3400.0,ha,Actual,PL2
e638d8a2d27d0a09,2012,2,Hải Phòng,Provincial,Cultivation,Ngô,,Area_Planted,2000.0,ha,Actual,PL2
6a92879a163b67ba,2012,2,Hải Phòng,Provincial,Cultivation,Khoai lang,,Area_Planted,1400.0,ha,Actual,PL2
d994f4a6c149ae12,2012,2,Vĩnh Phúc,Provincial,Cultivation,Lúa,,Area_Planted,29866.0,ha,Actual,PL2
d994f4a6c149ae12,2012,2,Vĩnh Phúc,Provincial,Cultivation,Lúa,,Area_Planted,13425.0,ha,Actual,PL2
73483b946d4e662a,2012,2,Vĩnh Phúc,Provincial,Cultivation,Ngô,,Area_Planted,10931.0,ha,Actual,PL2
36329a6f92aa5458,2012,2,Vĩnh Phúc,Provincial,Cultivation,Khoai lang,,Area_Planted,2084.0,ha,Actual,PL2
aaaa5e31030f701e,2012,2,Vĩnh Phúc,Provincial,Cultivation,Sắn,,Area_Planted,251.0,ha,Actual,PL2
d994f4a6c149ae12,2012,2,Vĩnh Phúc,Provincial,Cultivation,Lúa,,Area_Planted,159.0,ha,Actual,PL2
005403296a7ca5c8,2012,2,Bắc Ninh,Provincial,Cultivation,Lúa,,Area_Planted,2911.0,ha,Actual,PL2
005403296a7ca5c8,2012,2,Bắc Ninh,Provincial,Cultivation,Lúa,,Area_Planted,2925.0,ha,Actual,PL2
bf6fcd107fa13266,2012,2,Bắc Ninh,Provincial,Cultivation,Ngô,,Area_Planted,2290.0,ha,Actual,PL2
614ae9f283992e9a,2012,2,Bắc Ninh,Provincial,Cultivation,Khoai lang,,Area_Planted,635.0,ha,Actual,PL2
e15f672fc2bfc613,2012,2,Hải Dương,Provincial,Cultivation,Lúa,,Area_Planted,43423.0,ha,Actual,PL2
e15f672fc2bfc613,2012,2,Hải Dương,Provincial,Cultivation,Lúa,,Area_Planted,3638.0,ha,Actual,PL2
bb58d9cd2e492fef,2012,2,Hải Dương,Provincial,Cultivation,Ngô,,Area_Planted,3533.0,ha,Actual,PL2
f3259bd797c4d51c,2012,2,Hải Dương,Provincial,Cultivation,Khoai lang,,Area_Planted,105.0,ha,Actual,PL2
704491dabadaf9a8,2012,2,Hưng Yên,Provincial,Cultivation,Lúa,,Area_Planted,19446.0,ha,Actual,PL2
704491dabadaf9a8,2012,2,Hưng Yên,Provincial,Cultivation,Lúa,,Area_Planted,7100.0,ha,Actual,PL2
70e051f11901dc01,2012,2,Hưng Yên,Provincial,Cultivation,Ngô,,Area_Planted,6486.0,ha,Actual,PL2
a68434905db5816d,2012,2,Hưng Yên,Provincial,Cultivation,Khoai lang,,Area_Planted,614.0,ha,Actual,PL2
91aeda29382d882c,2012,2,Hà Nam,Provincial,Cultivation,Lúa,,Area_Planted,5649.0,ha,Actual,PL2
91aeda29382d882c,2012,2,Hà Nam,Provincial,Cultivation,Lúa,,Area_Planted,3932.0,ha,Actual,PL2
6047f17a2381ba2d,2012,2,Hà Nam,Provincial,Cultivation,Ngô,,Area_Planted,3470.0,ha,Actual,PL2
4a1bbbeeefe4ab65,2012,2,Hà Nam,Provincial,Cultivation,Khoai lang,,Area_Planted,462.0,ha,Actual,PL2
96bf8b3c826831ac,2012,2,Nam Định,Provincial,Cultivation,Lúa,,Area_Planted,5360.0,ha,Actual,PL2
96bf8b3c826831ac,2012,2,Nam Định,Provincial,Cultivation,Lúa,,Area_Planted,4152.0,ha,Actual,PL2
f2cac2db0422b009,2012,2,Nam Định,Provincial,Cultivation,Ngô,,Area_Planted,2902.0,ha,Actual,PL2
fa865224165b377c,2012,2,Nam Định,Provincial,Cultivation,Khoai lang,,Area_Planted,1100.0,ha,Actual,PL2
669d7cd2b4e4db3e,2012,2,Nam Định,Provincial,Cultivation,Sắn,,Area_Planted,100.0,ha,Actual,PL2
96bf8b3c826831ac,2012,2,Nam Định,Provincial,Cultivation,Lúa,,Area_Planted,50.0,ha,Actual,PL2
d58d2aa9d79aac53,2012,2,Thái Bình,Provincial,Cultivation,Lúa,,Area_Planted,21100.0,ha,Actual,PL2
d58d2aa9d79aac53,2012,2,Thái Bình,Provincial,Cultivation,Lúa,,Area_Planted,11516.0,ha,Actual,PL2
2d301cfee842d606,2012,2,Thái Bình,Provincial,Cultivation,Ngô,,Area_Planted,6700.0,ha,Actual,PL2
23fbf7cf288bbed6,2012,2,Thái Bình,Provincial,Cultivation,Khoai lang,,Area_Planted,3660.0,ha,Actual,PL2
d58d2aa9d79aac53,2012,2,Thái Bình,Provincial,Cultivation,Lúa,,Area_Planted,1156.0,ha,Actual,PL2
44ffadc532456ddf,2012,2,Ninh Bình,Provincial,Cultivation,Lúa,,Area_Planted,21724.0,ha,Actual,PL2
44ffadc532456ddf,2012,2,Ninh Bình,Provincial,Cultivation,Lúa,,Area_Planted,5238.0,ha,Actual,PL2
8ceec151c4828fb9,2012,2,Ninh Bình,Provincial,Cultivation,Ngô,,Area_Planted,2696.0,ha,Actual,PL2
30a23e8b0f08108f,2012,2,Ninh Bình,Provincial,Cultivation,Khoai lang,,Area_Planted,1571.0,ha,Actual,PL2
9459b46807e444cc,2012,2,Ninh Bình,Provincial,Cultivation,Sắn,,Area_Planted,450.0,ha,Actual,PL2
44ffadc532456ddf,2012,2,Ninh Bình,Provincial,Cultivation,Lúa,,Area_Planted,521.0,ha,Actual,PL2
1b4a0e6f37dc7c15,2012,2,Quảng Ninh,Provincial,Cultivation,Lúa,,Area_Planted,8405.0,ha,Actual,PL2
1b4a0e6f37dc7c15,2012,2,Quảng Ninh,Provincial,Cultivation,Lúa,,Area_Planted,4220.0,ha,Actual,PL2
7bd89a3eb5b06d31,2012,2,Quảng Ninh,Provincial,Cultivation,Ngô,,Area_Planted,2442.0,ha,Actual,PL2
af0b937233904567,2012,2,Quảng Ninh,Provincial,Cultivation,Khoai lang,,Area_Planted,1576.0,ha,Actual,PL2
1b4a0e6f37dc7c15,2012,2,Quảng Ninh,Provincial,Cultivation,Lúa,,Area_Planted,202.0,ha,Actual,PL2
52e943a4e6836b48,2012,2,TD và MN,Provincial,Cultivation,Lúa,,Area_Planted,116042.0,ha,Actual,PL2
52e943a4e6836b48,2012,2,TD và MN,Provincial,Cultivation,Lúa,,Area_Planted,76599.0,ha,Actual,PL2
51cce43637418aa7,2012,2,TD và MN,Provincial,Cultivation,Ngô,,Area_Planted,51563.0,ha,Actual,PL2
f7862da8714dab15,2012,2,TD và MN,Provincial,Cultivation,Khoai lang,,Area_Planted,16420.0,ha,Actual,PL2
ba8815a7f94b7697,2012,2,TD và MN,Provincial,Cultivation,Sắn,,Area_Planted,5881.0,ha,Actual,PL2
52e943a4e6836b48,2012,2,TD và MN,Provincial,Cultivation,Lúa,,Area_Planted,2735.0,ha,Actual,PL2
e93dc84d977e72a1,2012,2,Hà Giang,Provincial,Cultivation,Lúa,,Area_Planted,4088.0,ha,Actual,PL2
e93dc84d977e72a1,2012,2,Hà Giang,Provincial,Cultivation,Lúa,,Area_Planted,7775.0,ha,Actual,PL2
66c350ff03436334,2012,2,Hà Giang,Provincial,Cultivation,Ngô,,Area_Planted,7332.0,ha,Actual,PL2
02405a3d876eb900,2012,2,Hà Giang,Provincial,Cultivation,Khoai lang,,Area_Planted,443.0,ha,Actual,PL2
dc2918c200f36c5f,2012,2,Cao Bằng,Provincial,Cultivation,Lúa,,Area_Planted,170.0,ha,Actual,PL2
dc2918c200f36c5f,2012,2,Cao Bằng,Provincial,Cultivation,Lúa,,Area_Planted,4544.0,ha,Actual,PL2
8639e59aff3e4bb7,2012,2,Cao Bằng,Provincial,Cultivation,Ngô,,Area_Planted,3657.0,ha,Actual,PL2
12659ecbb92fe7de,2012,2,Cao Bằng,Provincial,Cultivation,Khoai lang,,Area_Planted,776.0,ha,Actual,PL2
dc2918c200f36c5f,2012,2,Cao Bằng,Provincial,Cultivation,Lúa,,Area_Planted,111.0,ha,Actual,PL2
276d6e6562091517,2012,2,Lào Cai,Provincial,Cultivation,Lúa,,Area_Planted,460.0,ha,Actual,PL2
276d6e6562091517,2012,2,Lào Cai,Provincial,Cultivation,Lúa,,Area_Planted,1519.0,ha,Actual,PL2
0bd064f601d3a6e5,2012,2,Lào Cai,Provincial,Cultivation,Ngô,,Area_Planted,989.0,ha,Actual,PL2
04e83b10a33c4616,2012,2,Lào Cai,Provincial,Cultivation,Khoai lang,,Area_Planted,480.0,ha,Actual,PL2
c0016b4c3524bbf6,2012,2,Lào Cai,Provincial,Cultivation,Sắn,,Area_Planted,50.0,ha,Actual,PL2
c2cf246e68ee8253,2012,2,Bắc Cạn,Provincial,Cultivation,Lúa,,Area_Planted,38.0,ha,Actual,PL2
c2cf246e68ee8253,2012,2,Bắc Cạn,Provincial,Cultivation,Lúa,,Area_Planted,3194.0,ha,Actual,PL2
669213e2073b9424,2012,2,Bắc Cạn,Provincial,Cultivation,Ngô,,Area_Planted,2539.0,ha,Actual,PL2
ac7b3f056b3b9fb9,2012,2,Bắc Cạn,Provincial,Cultivation,Khoai lang,,Area_Planted,27.0,ha,Actual,PL2
c2cf246e68ee8253,2012,2,Bắc Cạn,Provincial,Cultivation,Lúa,,Area_Planted,628.0,ha,Actual,PL2
2bff0f15a7f25c01,2012,2,Lạng Sơn,Provincial,Cultivation,Lúa,,Area_Planted,1913.0,ha,Actual,PL2
a251fb36c01b8526,2012,2,Lạng Sơn,Provincial,Cultivation,Ngô,,Area_Planted,1273.0,ha,Actual,PL2
b83c523df92350ab,2012,2,Lạng Sơn,Provincial,Cultivation,Khoai lang,,Area_Planted,68.0,ha,Actual,PL2
2bff0f15a7f25c01,2012,2,Lạng Sơn,Provincial,Cultivation,Lúa,,Area_Planted,572.0,ha,Actual,PL2
90f8211811ded7fe,2012,2,Tuyên Quang,Provincial,Cultivation,Lúa,,Area_Planted,14032.0,ha,Actual,PL2
90f8211811ded7fe,2012,2,Tuyên Quang,Provincial,Cultivation,Lúa,,Area_Planted,7253.0,ha,Actual,PL2
7d2fbac21b77e503,2012,2,Tuyên Quang,Provincial,Cultivation,Ngô,,Area_Planted,5006.0,ha,Actual,PL2
10728ac701a61180,2012,2,Tuyên Quang,Provincial,Cultivation,Khoai lang,,Area_Planted,2247.0,ha,Actual,PL2
14078d08d45052ce,2012,2,Yên Bái,Provincial,Cultivation,Lúa,,Area_Planted,14912.0,ha,Actual,PL2
14078d08d45052ce,2012,2,Yên Bái,Provincial,Cultivation,Lúa,,Area_Planted,8371.0,ha,Actual,PL2
1c52c253c5b852f5,2012,2,Yên Bái,Provincial,Cultivation,Ngô,,Area_Planted,6875.0,ha,Actual,PL2
ca0a13638e22734b,2012,2,Yên Bái,Provincial,Cultivation,Khoai lang,,Area_Planted,1496.0,ha,Actual,PL2
222fecd39ebde5f3,2012,2,Thái Nguyên,Provincial,Cultivation,Lúa,,Area_Planted,15001.0,ha,Actual,PL2
222fecd39ebde5f3,2012,2,Thái Nguyên,Provincial,Cultivation,Lúa,,Area_Planted,9060.0,ha,Actual,PL2
ea1394e7d264b9cd,2012,2,Thái Nguyên,Provincial,Cultivation,Ngô,,Area_Planted,5300.0,ha,Actual,PL2
03d23141dea54210,2012,2,Thái Nguyên,Provincial,Cultivation,Khoai lang,,Area_Planted,3760.0,ha,Actual,PL2
fee6490fe1337924,2012,2,Phú Thọ,Provincial,Cultivation,Lúa,,Area_Planted,33453.0,ha,Actual,PL2
fee6490fe1337924,2012,2,Phú Thọ,Provincial,Cultivation,Lúa,,Area_Planted,14899.0,ha,Actual,PL2
75e4d601656f2824,2012,2,Phú Thọ,Provincial,Cultivation,Ngô,,Area_Planted,8580.0,ha,Actual,PL2
22cc75529e795e14,2012,2,Phú Thọ,Provincial,Cultivation,Khoai lang,,Area_Planted,1319.0,ha,Actual,PL2
8873cf6f40844dda,2012,2,Phú Thọ,Provincial,Cultivation,Sắn,,Area_Planted,5000.0,ha,Actual,PL2
d8c61fac5a9737d3,2012,2,Bắc Giang,Provincial,Cultivation,Lúa,,Area_Planted,2430.0,ha,Actual,PL2
d8c61fac5a9737d3,2012,2,Bắc Giang,Provincial,Cultivation,Lúa,,Area_Planted,8142.0,ha,Actual,PL2
0f145e928cccb86f,2012,2,Bắc Giang,Provincial,Cultivation,Ngô,,Area_Planted,4071.0,ha,Actual,PL2
72a9a8ab271a19cc,2012,2,Bắc Giang,Provincial,Cultivation,Khoai lang,,Area_Planted,3880.0,ha,Actual,PL2
d8c61fac5a9737d3,2012,2,Bắc Giang,Provincial,Cultivation,Lúa,,Area_Planted,191.0,ha,Actual,PL2
5a7706cb25acddb6,2012,2,Lai Châu,Provincial,Cultivation,Lúa,,Area_Planted,4497.0,ha,Actual,PL2
5a7706cb25acddb6,2012,2,Lai Châu,Provincial,Cultivation,Lúa,,Area_Planted,565.0,ha,Actual,PL2
489b38d1d17893ea,2012,2,Lai Châu,Provincial,Cultivation,Ngô,,Area_Planted,534.0,ha,Actual,PL2
eee61184f596d027,2012,2,Lai Châu,Provincial,Cultivation,Sắn,,Area_Planted,31.0,ha,Actual,PL2
e63c97d88fda43d1,2012,2,Điện Biên,Provincial,Cultivation,Lúa,,Area_Planted,7923.0,ha,Actual,PL2
e63c97d88fda43d1,2012,2,Điện Biên,Provincial,Cultivation,Lúa,,Area_Planted,254.0,ha,Actual,PL2
3a7696db0f56291b,2012,2,Điện Biên,Provincial,Cultivation,Ngô,,Area_Planted,208.0,ha,Actual,PL2
de6579c8082ac237,2012,2,Điện Biên,Provincial,Cultivation,Khoai lang,,Area_Planted,46.0,ha,Actual,PL2
b0ac4fa0c78df267,2012,2,Sơn La,Provincial,Cultivation,Lúa,,Area_Planted,3238.0,ha,Actual,PL2
b0ac4fa0c78df267,2012,2,Sơn La,Provincial,Cultivation,Lúa,,Area_Planted,433.0,ha,Actual,PL2
2c2606a6cd564bf4,2012,2,Sơn La,Provincial,Cultivation,Ngô,,Area_Planted,200.0,ha,Actual,PL2
b0ac4fa0c78df267,2012,2,Sơn La,Provincial,Cultivation,Lúa,,Area_Planted,233.0,ha,Actual,PL2
e00ccdee1b4e1602,2012,2,Hoà Bình,Provincial,Cultivation,Lúa,,Area_Planted,15800.0,ha,Actual,PL2
e00ccdee1b4e1602,2012,2,Hoà Bình,Provincial,Cultivation,Lúa,,Area_Planted,8678.0,ha,Actual,PL2
cc31a3fe4c3cd612,2012,2,Hoà Bình,Provincial,Cultivation,Ngô,,Area_Planted,5000.0,ha,Actual,PL2
81bea7bc16e94e4a,2012,2,Hoà Bình,Provincial,Cultivation,Khoai lang,,Area_Planted,1878.0,ha,Actual,PL2
325714fe95b48afc,2012,2,Hoà Bình,Provincial,Cultivation,Sắn,,Area_Planted,800.0,ha,Actual,PL2
e00ccdee1b4e1602,2012,2,Hoà Bình,Provincial,Cultivation,Lúa,,Area_Planted,1000.0,ha,Actual,PL2
57f23b3122661336,2012,2,Bắc Trung Bộ,Provincial,Cultivation,Lúa,,Area_Planted,330140.0,ha,Actual,PL2
57f23b3122661336,2012,2,Bắc Trung Bộ,Provincial,Cultivation,Lúa,,Area_Planted,107118.0,ha,Actual,PL2
702def3f11adc4c4,2012,2,Bắc Trung Bộ,Provincial,Cultivation,Ngô,,Area_Planted,63384.0,ha,Actual,PL2
a55c85d293969b5f,2012,2,Bắc Trung Bộ,Provincial,Cultivation,Khoai lang,,Area_Planted,16904.0,ha,Actual,PL2
f4845635b6e3591e,2012,2,Bắc Trung Bộ,Provincial,Cultivation,Sắn,,Area_Planted,23991.0,ha,Actual,PL2
57f23b3122661336,2012,2,Bắc Trung Bộ,Provincial,Cultivation,Lúa,,Area_Planted,2839.0,ha,Actual,PL2
71da6bce8c8919a4,2012,2,Thanh Hoá,Provincial,Cultivation,Lúa,,Area_Planted,113737.0,ha,Actual,PL2
71da6bce8c8919a4,2012,2,Thanh Hoá,Provincial,Cultivation,Lúa,,Area_Planted,42061.0,ha,Actual,PL2
28cf4a438c36d574,2012,2,Thanh Hoá,Provincial,Cultivation,Ngô,,Area_Planted,22498.0,ha,Actual,PL2
c7c62caec52606db,2012,2,Thanh Hoá,Provincial,Cultivation,Khoai lang,,Area_Planted,5615.0,ha,Actual,PL2
15ca7a109b88fbd6,2012,2,Thanh Hoá,Provincial,Cultivation,Sắn,,Area_Planted,13000.0,ha,Actual,PL2
71da6bce8c8919a4,2012,2,Thanh Hoá,Provincial,Cultivation,Lúa,,Area_Planted,948.0,ha,Actual,PL2
d66f899948f09a66,2012,2,Nghệ An,Provincial,Cultivation,Lúa,,Area_Planted,86000.0,ha,Actual,PL2
d66f899948f09a66,2012,2,Nghệ An,Provincial,Cultivation,Lúa,,Area_Planted,38374.0,ha,Actual,PL2
441a8c07d5395b5b,2012,2,Nghệ An,Provincial,Cultivation,Ngô,,Area_Planted,30894.0,ha,Actual,PL2
53ab3bbb3a0c1afd,2012,2,Nghệ An,Provincial,Cultivation,Khoai lang,,Area_Planted,5589.0,ha,Actual,PL2
d66f899948f09a66,2012,2,Nghệ An,Provincial,Cultivation,Lúa,,Area_Planted,1891.0,ha,Actual,PL2
5680f4aff9eee5ee,2012,2,Hà Tĩnh,Provincial,Cultivation,Lúa,,Area_Planted,51195.0,ha,Actual,PL2
5680f4aff9eee5ee,2012,2,Hà Tĩnh,Provincial,Cultivation,Lúa,,Area_Planted,5300.0,ha,Actual,PL2
b3b6138a08ee9140,2012,2,Hà Tĩnh,Provincial,Cultivation,Ngô,,Area_Planted,3100.0,ha,Actual,PL2
9dbdda8eb830204b,2012,2,Hà Tĩnh,Provincial,Cultivation,Khoai lang,,Area_Planted,2200.0,ha,Actual,PL2
3abb3619dd033462,2012,2,Quảng Bình,Provincial,Cultivation,Lúa,,Area_Planted,27590.0,ha,Actual,PL2
3abb3619dd033462,2012,2,Quảng Bình,Provincial,Cultivation,Lúa,,Area_Planted,3655.0,ha,Actual,PL2
92c6a4fd3e27b5e8,2012,2,Quảng Bình,Provincial,Cultivation,Ngô,,Area_Planted,3655.0,ha,Actual,PL2
11b68af62f88136e,2012,2,Quảng Trị,Provincial,Cultivation,Lúa,,Area_Planted,24218.0,ha,Actual,PL2
11b68af62f88136e,2012,2,Quảng Trị,Provincial,Cultivation,Lúa,,Area_Planted,9015.0,ha,Actual,PL2
ab5ffc11e8af5c82,2012,2,Quảng Trị,Provincial,Cultivation,Ngô,,Area_Planted,1924.0,ha,Actual,PL2
5038104a20b4e9a1,2012,2,Quảng Trị,Provincial,Cultivation,Khoai lang,,Area_Planted,2000.0,ha,Actual,PL2
f2f00dbe975fb3cf,2012,2,Quảng Trị,Provincial,Cultivation,Sắn,,Area_Planted,5091.0,ha,Actual,PL2
2e456f3bc3286082,2012,2,Thừa Thiên Huế,Provincial,Cultivation,Lúa,,Area_Planted,27400.0,ha,Actual,PL2
2e456f3bc3286082,2012,2,Thừa Thiên Huế,Provincial,Cultivation,Lúa,,Area_Planted,8713.0,ha,Actual,PL2
91512c07243e1167,2012,2,Thừa Thiên Huế,Provincial,Cultivation,Ngô,,Area_Planted,1313.0,ha,Actual,PL2
fd5e4182822eabfb,2012,2,Thừa Thiên Huế,Provincial,Cultivation,Khoai lang,,Area_Planted,1500.0,ha,Actual,PL2
e7076ec917275a93,2012,2,Thừa Thiên Huế,Provincial,Cultivation,Sắn,,Area_Planted,5900.0,ha,Actual,PL2
c52c8db5bb838ed9,2012,2,Miền Nam,Provincial,Cultivation,Lúa,,Area_Planted,1887666.0,ha,Actual,PL3
46fa69831ceb231a,2012,2,Miền Nam,Provincial,Cultivation,Lúa,,Area_Harvested,478392.0,ha,Actual,PL3
be21a9a5a9a7be6e,2012,2,Miền Nam,Provincial,Cultivation,Lúa,,Harvest_percent,253.0,percent,Actual,PL3
c52c8db5bb838ed9,2012,2,Miền Nam,Provincial,Cultivation,Lúa,,Area_Planted,103811.0,ha,Actual,PL3
c52c8db5bb838ed9,2012,2,Miền Nam,Provincial,Cultivation,Lúa,,Area_Planted,53613.0,ha,Actual,PL3
c52c8db5bb838ed9,2012,2,Miền Nam,Provincial,Cultivation,Lúa,,Area_Planted,10059.0,ha,Actual,PL3
c52c8db5bb838ed9,2012,2,Miền Nam,Provincial,Cultivation,Lúa,,Area_Planted,35695.0,ha,Actual,PL3
c52c8db5bb838ed9,2012,2,Miền Nam,Provincial,Cultivation,Lúa,,Area_Planted,4444.0,ha,Actual,PL3
d761e1488b1cd862,2012,2,D.H Nam Trung Bộ,Provincial,Cultivation,Lúa,,Area_Planted,211724.0,ha,Actual,PL3
d761e1488b1cd862,2012,2,D.H Nam Trung Bộ,Provincial,Cultivation,Lúa,,Area_Planted,33411.0,ha,Actual,PL3
d761e1488b1cd862,2012,2,D.H Nam Trung Bộ,Provincial,Cultivation,Lúa,,Area_Planted,20433.0,ha,Actual,PL3
d761e1488b1cd862,2012,2,D.H Nam Trung Bộ,Provincial,Cultivation,Lúa,,Area_Planted,1713.0,ha,Actual,PL3
d761e1488b1cd862,2012,2,D.H Nam Trung Bộ,Provincial,Cultivation,Lúa,,Area_Planted,11192.0,ha,Actual,PL3
d761e1488b1cd862,2012,2,D.H Nam Trung Bộ,Provincial,Cultivation,Lúa,,Area_Planted,73.0,ha,Actual,PL3
d0f6c5e11a3c8289,2012,2,TP Đà Nẵng,Provincial,Cultivation,Lúa,,Area_Planted,3478.0,ha,Actual,PL3
d0f6c5e11a3c8289,2012,2,TP Đà Nẵng,Provincial,Cultivation,Lúa,,Area_Planted,543.0,ha,Actual,PL3
d0f6c5e11a3c8289,2012,2,TP Đà Nẵng,Provincial,Cultivation,Lúa,,Area_Planted,276.0,ha,Actual,PL3
d0f6c5e11a3c8289,2012,2,TP Đà Nẵng,Provincial,Cultivation,Lúa,,Area_Planted,199.0,ha,Actual,PL3
d0f6c5e11a3c8289,2012,2,TP Đà Nẵng,Provincial,Cultivation,Lúa,,Area_Planted,68.0,ha,Actual,PL3
d0f433ccab42ad75,2012,2,Quảng Nam,Provincial,Cultivation,Lúa,,Area_Planted,42500.0,ha,Actual,PL3
d0f433ccab42ad75,2012,2,Quảng Nam,Provincial,Cultivation,Lúa,,Area_Planted,9538.0,ha,Actual,PL3
d0f433ccab42ad75,2012,2,Quảng Nam,Provincial,Cultivation,Lúa,,Area_Planted,5584.0,ha,Actual,PL3
d0f433ccab42ad75,2012,2,Quảng Nam,Provincial,Cultivation,Lúa,,Area_Planted,1100.0,ha,Actual,PL3
d0f433ccab42ad75,2012,2,Quảng Nam,Provincial,Cultivation,Lúa,,Area_Planted,2854.0,ha,Actual,PL3
5e2f90c9fcd02706,2012,2,Quảng Ngãi,Provincial,Cultivation,Lúa,,Area_Planted,37026.0,ha,Actual,PL3
5e2f90c9fcd02706,2012,2,Quảng Ngãi,Provincial,Cultivation,Lúa,,Area_Planted,5040.0,ha,Actual,PL3
5e2f90c9fcd02706,2012,2,Quảng Ngãi,Provincial,Cultivation,Lúa,,Area_Planted,5040.0,ha,Actual,PL3
0a0435797f730653,2012,2,Bình Định,Provincial,Cultivation,Lúa,,Area_Planted,47431.0,ha,Actual,PL3
0a0435797f730653,2012,2,Bình Định,Provincial,Cultivation,Lúa,,Area_Planted,2101.0,ha,Actual,PL3
0a0435797f730653,2012,2,Bình Định,Provincial,Cultivation,Lúa,,Area_Planted,2101.0,ha,Actual,PL3
1321101cbcb8fa80,2012,2,Phú Yên,Provincial,Cultivation,Lúa,,Area_Planted,26304.0,ha,Actual,PL3
1321101cbcb8fa80,2012,2,Phú Yên,Provincial,Cultivation,Lúa,,Area_Planted,6084.0,ha,Actual,PL3
1321101cbcb8fa80,2012,2,Phú Yên,Provincial,Cultivation,Lúa,,Area_Planted,1295.0,ha,Actual,PL3
1321101cbcb8fa80,2012,2,Phú Yên,Provincial,Cultivation,Lúa,,Area_Planted,147.0,ha,Actual,PL3
1321101cbcb8fa80,2012,2,Phú Yên,Provincial,Cultivation,Lúa,,Area_Planted,4597.0,ha,Actual,PL3
1321101cbcb8fa80,2012,2,Phú Yên,Provincial,Cultivation,Lúa,,Area_Planted,45.0,ha,Actual,PL3
7af1f0ea1eb34508,2012,2,Khánh Hoà,Provincial,Cultivation,Lúa,,Area_Planted,9000.0,ha,Actual,PL3
7af1f0ea1eb34508,2012,2,Khánh Hoà,Provincial,Cultivation,Lúa,,Area_Planted,0.0,ha,Actual,PL3
ab8c00d9f6b51983,2012,2,Ninh Thuận,Provincial,Cultivation,Lúa,,Area_Planted,14309.0,ha,Actual,PL3
ab8c00d9f6b51983,2012,2,Ninh Thuận,Provincial,Cultivation,Lúa,,Area_Planted,5900.0,ha,Actual,PL3
ab8c00d9f6b51983,2012,2,Ninh Thuận,Provincial,Cultivation,Lúa,,Area_Planted,2839.0,ha,Actual,PL3
ab8c00d9f6b51983,2012,2,Ninh Thuận,Provincial,Cultivation,Lúa,,Area_Planted,3061.0,ha,Actual,PL3
43f6bf5e93507c2d,2012,2,Bình Thuận,Provincial,Cultivation,Lúa,,Area_Planted,31676.0,ha,Actual,PL3
43f6bf5e93507c2d,2012,2,Bình Thuận,Provincial,Cultivation,Lúa,,Area_Planted,4205.0,ha,Actual,PL3
43f6bf5e93507c2d,2012,2,Bình Thuận,Provincial,Cultivation,Lúa,,Area_Planted,3298.0,ha,Actual,PL3
43f6bf5e93507c2d,2012,2,Bình Thuận,Provincial,Cultivation,Lúa,,Area_Planted,267.0,ha,Actual,PL3
43f6bf5e93507c2d,2012,2,Bình Thuận,Provincial,Cultivation,Lúa,,Area_Planted,612.0,ha,Actual,PL3
43f6bf5e93507c2d,2012,2,Bình Thuận,Provincial,Cultivation,Lúa,,Area_Planted,28.0,ha,Actual,PL3
e0bfa5fc3a92aafd,2012,2,Tây Nguyên,Provincial,Cultivation,Lúa,,Area_Planted,75579.0,ha,Actual,PL3
e0bfa5fc3a92aafd,2012,2,Tây Nguyên,Provincial,Cultivation,Lúa,,Area_Planted,17855.0,ha,Actual,PL3
e0bfa5fc3a92aafd,2012,2,Tây Nguyên,Provincial,Cultivation,Lúa,,Area_Planted,10449.0,ha,Actual,PL3
e0bfa5fc3a92aafd,2012,2,Tây Nguyên,Provincial,Cultivation,Lúa,,Area_Planted,2083.0,ha,Actual,PL3
e0bfa5fc3a92aafd,2012,2,Tây Nguyên,Provincial,Cultivation,Lúa,,Area_Planted,5323.0,ha,Actual,PL3
e0bfa5fc3a92aafd,2012,2,Tây Nguyên,Provincial,Cultivation,Lúa,,Area_Planted,0.0,ha,Actual,PL3
e6f9d0941d9a6f3a,2012,2,Kon Tum,Provincial,Cultivation,Lúa,,Area_Planted,6456.0,ha,Actual,PL3
e6f9d0941d9a6f3a,2012,2,Kon Tum,Provincial,Cultivation,Lúa,,Area_Planted,461.0,ha,Actual,PL3
e6f9d0941d9a6f3a,2012,2,Kon Tum,Provincial,Cultivation,Lúa,,Area_Planted,461.0,ha,Actual,PL3
4aa7dddd48dd5706,2012,2,Gia Lai,Provincial,Cultivation,Lúa,,Area_Planted,24415.0,ha,Actual,PL3
4aa7dddd48dd5706,2012,2,Gia Lai,Provincial,Cultivation,Lúa,,Area_Planted,9361.0,ha,Actual,PL3
4aa7dddd48dd5706,2012,2,Gia Lai,Provincial,Cultivation,Lúa,,Area_Planted,4000.0,ha,Actual,PL3
4aa7dddd48dd5706,2012,2,Gia Lai,Provincial,Cultivation,Lúa,,Area_Planted,411.0,ha,Actual,PL3
4aa7dddd48dd5706,2012,2,Gia Lai,Provincial,Cultivation,Lúa,,Area_Planted,4950.0,ha,Actual,PL3
75a98f95b7f56e1d,2012,2,Đắc Lắc,Provincial,Cultivation,Lúa,,Area_Planted,30012.0,ha,Actual,PL3
75a98f95b7f56e1d,2012,2,Đắc Lắc,Provincial,Cultivation,Lúa,,Area_Planted,3117.0,ha,Actual,PL3
75a98f95b7f56e1d,2012,2,Đắc Lắc,Provincial,Cultivation,Lúa,,Area_Planted,2072.0,ha,Actual,PL3
75a98f95b7f56e1d,2012,2,Đắc Lắc,Provincial,Cultivation,Lúa,,Area_Planted,672.0,ha,Actual,PL3
75a98f95b7f56e1d,2012,2,Đắc Lắc,Provincial,Cultivation,Lúa,,Area_Planted,373.0,ha,Actual,PL3
4d61ed64c008c58a,2012,2,Đắc Nông,Provincial,Cultivation,Lúa,,Area_Planted,4512.0,ha,Actual,PL3
4d61ed64c008c58a,2012,2,Đắc Nông,Provincial,Cultivation,Lúa,,Area_Planted,3847.0,ha,Actual,PL3
4d61ed64c008c58a,2012,2,Đắc Nông,Provincial,Cultivation,Lúa,,Area_Planted,2847.0,ha,Actual,PL3
4d61ed64c008c58a,2012,2,Đắc Nông,Provincial,Cultivation,Lúa,,Area_Planted,1000.0,ha,Actual,PL3
eb0d0f7540eef0ab,2012,2,Lâm Đồng,Provincial,Cultivation,Lúa,,Area_Planted,10184.0,ha,Actual,PL3
eb0d0f7540eef0ab,2012,2,Lâm Đồng,Provincial,Cultivation,Lúa,,Area_Planted,1069.0,ha,Actual,PL3
eb0d0f7540eef0ab,2012,2,Lâm Đồng,Provincial,Cultivation,Lúa,,Area_Planted,1069.0,ha,Actual,PL3
a646f62dba7d1ec7,2012,2,Đông Nam Bộ,Provincial,Cultivation,Lúa,,Area_Planted,744330.0,ha,Actual,PL3
a646f62dba7d1ec7,2012,2,Đông Nam Bộ,Provincial,Cultivation,Lúa,,Area_Planted,316810.0,ha,Actual,PL3
a646f62dba7d1ec7,2012,2,Đông Nam Bộ,Provincial,Cultivation,Lúa,,Area_Planted,119880.0,ha,Actual,PL3
a646f62dba7d1ec7,2012,2,Đông Nam Bộ,Provincial,Cultivation,Lúa,,Area_Planted,4110.0,ha,Actual,PL3
a646f62dba7d1ec7,2012,2,Đông Nam Bộ,Provincial,Cultivation,Lúa,,Area_Planted,18979.0,ha,Actual,PL3
a646f62dba7d1ec7,2012,2,Đông Nam Bộ,Provincial,Cultivation,Lúa,,Area_Planted,3030.0,ha,Actual,PL3
166a2052aa9d1d79,2012,2,Bình Phước,Provincial,Cultivation,Lúa,,Area_Planted,2701.0,ha,Actual,PL3
166a2052aa9d1d79,2012,2,Bình Phước,Provincial,Cultivation,Lúa,,Area_Planted,488.0,ha,Actual,PL3
166a2052aa9d1d79,2012,2,Bình Phước,Provincial,Cultivation,Lúa,,Area_Planted,286.0,ha,Actual,PL3
166a2052aa9d1d79,2012,2,Bình Phước,Provincial,Cultivation,Lúa,,Area_Planted,76.0,ha,Actual,PL3
166a2052aa9d1d79,2012,2,Bình Phước,Provincial,Cultivation,Lúa,,Area_Planted,126.0,ha,Actual,PL3
706cd622d236bdbf,2012,2,Tây Ninh,Provincial,Cultivation,Lúa,,Area_Planted,45356.0,ha,Actual,PL3
706cd622d236bdbf,2012,2,Tây Ninh,Provincial,Cultivation,Lúa,,Area_Planted,19864.0,ha,Actual,PL3
706cd622d236bdbf,2012,2,Tây Ninh,Provincial,Cultivation,Lúa,,Area_Planted,2697.0,ha,Actual,PL3
706cd622d236bdbf,2012,2,Tây Ninh,Provincial,Cultivation,Lúa,,Area_Planted,214.0,ha,Actual,PL3
706cd622d236bdbf,2012,2,Tây Ninh,Provincial,Cultivation,Lúa,,Area_Planted,16953.0,ha,Actual,PL3
d99c2e5797264dc7,2012,2,Bình Dương,Provincial,Cultivation,Lúa,,Area_Planted,2236.0,ha,Actual,PL3
d99c2e5797264dc7,2012,2,Bình Dương,Provincial,Cultivation,Lúa,,Area_Planted,0.0,ha,Actual,PL3
703dbc66495ac7ae,2012,2,Đồng Nai,Provincial,Cultivation,Lúa,,Area_Planted,13471.0,ha,Actual,PL3
703dbc66495ac7ae,2012,2,Đồng Nai,Provincial,Cultivation,Lúa,,Area_Planted,10173.0,ha,Actual,PL3
703dbc66495ac7ae,2012,2,Đồng Nai,Provincial,Cultivation,Lúa,,Area_Planted,7893.0,ha,Actual,PL3
703dbc66495ac7ae,2012,2,Đồng Nai,Provincial,Cultivation,Lúa,,Area_Planted,79.0,ha,Actual,PL3
703dbc66495ac7ae,2012,2,Đồng Nai,Provincial,Cultivation,Lúa,,Area_Planted,2026.0,ha,Actual,PL3
703dbc66495ac7ae,2012,2,Đồng Nai,Provincial,Cultivation,Lúa,,Area_Planted,175.0,ha,Actual,PL3
0dc9cb6d6559295d,2012,2,Bà Rịa-V.Tàu,Provincial,Cultivation,Lúa,,Area_Planted,5319.0,ha,Actual,PL3
0dc9cb6d6559295d,2012,2,Bà Rịa-V.Tàu,Provincial,Cultivation,Lúa,,Area_Planted,1156.0,ha,Actual,PL3
0dc9cb6d6559295d,2012,2,Bà Rịa-V.Tàu,Provincial,Cultivation,Lúa,,Area_Planted,1112.0,ha,Actual,PL3
0dc9cb6d6559295d,2012,2,Bà Rịa-V.Tàu,Provincial,Cultivation,Lúa,,Area_Planted,42.0,ha,Actual,PL3
0dc9cb6d6559295d,2012,2,Bà Rịa-V.Tàu,Provincial,Cultivation,Lúa,,Area_Planted,2.0,ha,Actual,PL3
e41d5fd76b80ceea,2012,2,TP Hồ Chí Minh,Provincial,Cultivation,Lúa,,Area_Planted,5350.0,ha,Actual,PL3
e41d5fd76b80ceea,2012,2,TP Hồ Chí Minh,Provincial,Cultivation,Lúa,,Area_Planted,0.0,ha,Actual,PL3
58f024119df3d29b,2012,2,ĐBS Cửu Long,Provincial,Cultivation,Lúa,,Area_Planted,1525930.0,ha,Actual,PL3
e8d8ca3df1e42da4,2012,2,ĐBS Cửu Long,Provincial,Cultivation,Lúa,,Area_Harvested,478392.0,ha,Actual,PL3
15abfa259c10028a,2012,2,ĐBS Cửu Long,Provincial,Cultivation,Lúa,,Harvest_percent,314.0,percent,Actual,PL3
58f024119df3d29b,2012,2,ĐBS Cửu Long,Provincial,Cultivation,Lúa,,Area_Planted,20864.0,ha,Actual,PL3
58f024119df3d29b,2012,2,ĐBS Cửu Long,Provincial,Cultivation,Lúa,,Area_Planted,10743.0,ha,Actual,PL3
58f024119df3d29b,2012,2,ĐBS Cửu Long,Provincial,Cultivation,Lúa,,Area_Planted,5852.0,ha,Actual,PL3
58f024119df3d29b,2012,2,ĐBS Cửu Long,Provincial,Cultivation,Lúa,,Area_Planted,201.0,ha,Actual,PL3
58f024119df3d29b,2012,2,ĐBS Cửu Long,Provincial,Cultivation,Lúa,,Area_Planted,4068.0,ha,Actual,PL3
c5118282298025d4,2012,2,Long An,Provincial,Cultivation,Lúa,,Area_Planted,212467.0,ha,Actual,PL3
d4c5ccbf78cd568a,2012,2,Long An,Provincial,Cultivation,Lúa,,Area_Harvested,2871.0,ha,Actual,PL3
161ce6aedac4d862,2012,2,Long An,Provincial,Cultivation,Lúa,,Harvest_percent,14.0,percent,Actual,PL3
c5118282298025d4,2012,2,Long An,Provincial,Cultivation,Lúa,,Area_Planted,5556.0,ha,Actual,PL3
c5118282298025d4,2012,2,Long An,Provincial,Cultivation,Lúa,,Area_Planted,2882.0,ha,Actual,PL3
c5118282298025d4,2012,2,Long An,Provincial,Cultivation,Lúa,,Area_Planted,2674.0,ha,Actual,PL3
83c89d7f1dc611b1,2012,2,Tiền Giang,Provincial,Cultivation,Lúa,,Area_Planted,80494.0,ha,Actual,PL3
a9f781f1781fa324,2012,2,Tiền Giang,Provincial,Cultivation,Lúa,,Area_Harvested,19585.0,ha,Actual,PL3
08cc452f47020605,2012,2,Tiền Giang,Provincial,Cultivation,Lúa,,Harvest_percent,243.0,percent,Actual,PL3
83c89d7f1dc611b1,2012,2,Tiền Giang,Provincial,Cultivation,Lúa,,Area_Planted,2846.0,ha,Actual,PL3
83c89d7f1dc611b1,2012,2,Tiền Giang,Provincial,Cultivation,Lúa,,Area_Planted,1599.0,ha,Actual,PL3
83c89d7f1dc611b1,2012,2,Tiền Giang,Provincial,Cultivation,Lúa,,Area_Planted,213.0,ha,Actual,PL3
83c89d7f1dc611b1,2012,2,Tiền Giang,Provincial,Cultivation,Lúa,,Area_Planted,50.0,ha,Actual,PL3
83c89d7f1dc611b1,2012,2,Tiền Giang,Provincial,Cultivation,Lúa,,Area_Planted,984.0,ha,Actual,PL3
5e8682a304b1283b,2012,2,Bến Tre,Provincial,Cultivation,Lúa,,Area_Planted,19720.0,ha,Actual,PL3
0ec8bd56110869a3,2012,2,Bến Tre,Provincial,Cultivation,Lúa,,Area_Harvested,39.0,ha,Actual,PL3
b05aedef377afeb8,2012,2,Bến Tre,Provincial,Cultivation,Lúa,,Harvest_percent,2.0,percent,Actual,PL3
5e8682a304b1283b,2012,2,Bến Tre,Provincial,Cultivation,Lúa,,Area_Planted,295.0,ha,Actual,PL3
5e8682a304b1283b,2012,2,Bến Tre,Provincial,Cultivation,Lúa,,Area_Planted,260.0,ha,Actual,PL3
5e8682a304b1283b,2012,2,Bến Tre,Provincial,Cultivation,Lúa,,Area_Planted,25.0,ha,Actual,PL3
5e8682a304b1283b,2012,2,Bến Tre,Provincial,Cultivation,Lúa,,Area_Planted,10.0,ha,Actual,PL3
5cccff50a7f7a7e4,2012,2,Trà Vinh,Provincial,Cultivation,Lúa,,Area_Planted,582200.0,ha,Actual,PL3
4a7b00ceaf40b3d0,2012,2,Trà Vinh,Provincial,Cultivation,Lúa,,Area_Harvested,121870.0,ha,Actual,PL3
308044011ecf8834,2012,2,Trà Vinh,Provincial,Cultivation,Lúa,,Harvest_percent,209.0,percent,Actual,PL3
5cccff50a7f7a7e4,2012,2,Trà Vinh,Provincial,Cultivation,Lúa,,Area_Planted,2046.0,ha,Actual,PL3
5cccff50a7f7a7e4,2012,2,Trà Vinh,Provincial,Cultivation,Lúa,,Area_Planted,1715.0,ha,Actual,PL3
5cccff50a7f7a7e4,2012,2,Trà Vinh,Provincial,Cultivation,Lúa,,Area_Planted,264.0,ha,Actual,PL3
5cccff50a7f7a7e4,2012,2,Trà Vinh,Provincial,Cultivation,Lúa,,Area_Planted,67.0,ha,Actual,PL3
b867f426d84051e1,2012,2,Vĩnh Long,Provincial,Cultivation,Lúa,,Area_Planted,64418.0,ha,Actual,PL3
a550ae5f2bb49906,2012,2,Vĩnh Long,Provincial,Cultivation,Lúa,,Area_Harvested,29102.0,ha,Actual,PL3
bf5714f0be5d6831,2012,2,Vĩnh Long,Provincial,Cultivation,Lúa,,Harvest_percent,452.0,percent,Actual,PL3
b867f426d84051e1,2012,2,Vĩnh Long,Provincial,Cultivation,Lúa,,Area_Planted,4462.0,ha,Actual,PL3
b867f426d84051e1,2012,2,Vĩnh Long,Provincial,Cultivation,Lúa,,Area_Planted,229.0,ha,Actual,PL3
b867f426d84051e1,2012,2,Vĩnh Long,Provincial,Cultivation,Lúa,,Area_Planted,4173.0,ha,Actual,PL3
b867f426d84051e1,2012,2,Vĩnh Long,Provincial,Cultivation,Lúa,,Area_Planted,2.0,ha,Actual,PL3
b867f426d84051e1,2012,2,Vĩnh Long,Provincial,Cultivation,Lúa,,Area_Planted,58.0,ha,Actual,PL3
fb0ec7f7f69a974a,2012,2,Đồng Tháp,Provincial,Cultivation,Lúa,,Area_Planted,208351.0,ha,Actual,PL3
9dcc80500da201d8,2012,2,Đồng Tháp,Provincial,Cultivation,Lúa,,Area_Harvested,14935.0,ha,Actual,PL3
ce5e52bd30482f4e,2012,2,Đồng Tháp,Provincial,Cultivation,Lúa,,Harvest_percent,72.0,percent,Actual,PL3
fb0ec7f7f69a974a,2012,2,Đồng Tháp,Provincial,Cultivation,Lúa,,Area_Planted,1708.0,ha,Actual,PL3
fb0ec7f7f69a974a,2012,2,Đồng Tháp,Provincial,Cultivation,Lúa,,Area_Planted,1204.0,ha,Actual,PL3
fb0ec7f7f69a974a,2012,2,Đồng Tháp,Provincial,Cultivation,Lúa,,Area_Planted,504.0,ha,Actual,PL3
1729b78363d25d7b,2012,2,An Giang,Provincial,Cultivation,Lúa,,Area_Planted,233207.0,ha,Actual,PL3
a8a3348bf4648e14,2012,2,An Giang,Provincial,Cultivation,Lúa,,Harvest_percent,0.0,percent,Actual,PL3
1729b78363d25d7b,2012,2,An Giang,Provincial,Cultivation,Lúa,,Area_Planted,2051.0,ha,Actual,PL3
1729b78363d25d7b,2012,2,An Giang,Provincial,Cultivation,Lúa,,Area_Planted,1790.0,ha,Actual,PL3
1729b78363d25d7b,2012,2,An Giang,Provincial,Cultivation,Lúa,,Area_Planted,65.0,ha,Actual,PL3
1729b78363d25d7b,2012,2,An Giang,Provincial,Cultivation,Lúa,,Area_Planted,196.0,ha,Actual,PL3
b1dc0eae93658448,2012,2,Kiên Giang,Provincial,Cultivation,Lúa,,Area_Planted,290539.0,ha,Actual,PL3
34d0943f90e91148,2012,2,Kiên Giang,Provincial,Cultivation,Lúa,,Area_Harvested,290549.0,ha,Actual,PL3
cb792d233c7ee492,2012,2,Kiên Giang,Provincial,Cultivation,Lúa,,Harvest_percent,1000.0,percent,Actual,PL3
b1dc0eae93658448,2012,2,Kiên Giang,Provincial,Cultivation,Lúa,,Area_Planted,0.0,ha,Actual,PL3
16f61c2dfff79962,2012,2,Cần Thơ,Provincial,Cultivation,Lúa,,Area_Planted,8776300.0,ha,Actual,PL3
208b469b8b84af4e,2012,2,Cần Thơ,Provincial,Cultivation,Lúa,,Area_Harvested,125900.0,ha,Actual,PL3
afd5aade014e560a,2012,2,Cần Thơ,Provincial,Cultivation,Lúa,,Harvest_percent,14.0,percent,Actual,PL3
16f61c2dfff79962,2012,2,Cần Thơ,Provincial,Cultivation,Lúa,,Area_Planted,214.0,ha,Actual,PL3
16f61c2dfff79962,2012,2,Cần Thơ,Provincial,Cultivation,Lúa,,Area_Planted,214.0,ha,Actual,PL3
83939d913c777510,2012,2,Hậu Giang,Provincial,Cultivation,Lúa,,Area_Planted,77594.0,ha,Actual,PL3
b2073f3e80027716,2012,2,Hậu Giang,Provincial,Cultivation,Lúa,,Area_Harvested,1657.0,ha,Actual,PL3
95b0913da404b4e1,2012,2,Hậu Giang,Provincial,Cultivation,Lúa,,Harvest_percent,21.0,percent,Actual,PL3
83939d913c777510,2012,2,Hậu Giang,Provincial,Cultivation,Lúa,,Area_Planted,0.0,ha,Actual,PL3
2881ca625ab3aa87,2012,2,Sóc Trăng,Provincial,Cultivation,Lúa,,Area_Planted,138552.0,ha,Actual,PL3
46b138531077bab6,2012,2,Sóc Trăng,Provincial,Cultivation,Lúa,,Area_Harvested,90192.0,ha,Actual,PL3
8decb548fad74ee4,2012,2,Sóc Trăng,Provincial,Cultivation,Lúa,,Harvest_percent,651.0,percent,Actual,PL3
2881ca625ab3aa87,2012,2,Sóc Trăng,Provincial,Cultivation,Lúa,,Area_Planted,1686.0,ha,Actual,PL3
2881ca625ab3aa87,2012,2,Sóc Trăng,Provincial,Cultivation,Lúa,,Area_Planted,850.0,ha,Actual,PL3
2881ca625ab3aa87,2012,2,Sóc Trăng,Provincial,Cultivation,Lúa,,Area_Planted,608.0,ha,Actual,PL3
2881ca625ab3aa87,2012,2,Sóc Trăng,Provincial,Cultivation,Lúa,,Area_Planted,72.0,ha,Actual,PL3
2881ca625ab3aa87,2012,2,Sóc Trăng,Provincial,Cultivation,Lúa,,Area_Planted,156.0,ha,Actual,PL3
0243821f6aa73d96,2012,2,Bạc Liêu,Provincial,Cultivation,Lúa,,Area_Planted,54605.0,ha,Actual,PL3
495e372c6e6d7dcc,2012,2,Bạc Liêu,Provincial,Cultivation,Lúa,,Area_Harvested,16016.0,ha,Actual,PL3
0243821f6aa73d96,2012,2,Bạc Liêu,Provincial,Cultivation,Lúa,,Area_Planted,0.0,ha,Actual,PL3
06858be276f07157,2012,2,Cà Mau,Provincial,Cultivation,Lúa,,Area_Planted,0.0,ha,Actual,PL3
f2179dcba022681f,2012,2,Miền Bắc,Provincial,Cultivation,Lúa,,Area_Planted,165094.0,ha,Actual,PL4
f2179dcba022681f,2012,2,Miền Bắc,Provincial,Cultivation,Lúa,,Area_Planted,68997.0,ha,Actual,PL4
f2179dcba022681f,2012,2,Miền Bắc,Provincial,Cultivation,Lúa,,Area_Planted,72116.0,ha,Actual,PL4
f2179dcba022681f,2012,2,Miền Bắc,Provincial,Cultivation,Lúa,,Area_Planted,4641.0,ha,Actual,PL4
f2179dcba022681f,2012,2,Miền Bắc,Provincial,Cultivation,Lúa,,Area_Planted,17981.0,ha,Actual,PL4
f2179dcba022681f,2012,2,Miền Bắc,Provincial,Cultivation,Lúa,,Area_Planted,149299.0,ha,Actual,PL4
f2179dcba022681f,2012,2,Miền Bắc,Provincial,Cultivation,Lúa,,Area_Planted,18235.0,ha,Actual,PL4
c19d4d1b472cfbbb,2012,2,ĐB sông Hồng,Provincial,Cultivation,Lúa,,Area_Planted,72305.0,ha,Actual,PL4
c19d4d1b472cfbbb,2012,2,ĐB sông Hồng,Provincial,Cultivation,Lúa,,Area_Planted,48735.0,ha,Actual,PL4
c19d4d1b472cfbbb,2012,2,ĐB sông Hồng,Provincial,Cultivation,Lúa,,Area_Planted,17244.0,ha,Actual,PL4
c19d4d1b472cfbbb,2012,2,ĐB sông Hồng,Provincial,Cultivation,Lúa,,Area_Planted,200.0,ha,Actual,PL4
c19d4d1b472cfbbb,2012,2,ĐB sông Hồng,Provincial,Cultivation,Lúa,,Area_Planted,4767.0,ha,Actual,PL4
c19d4d1b472cfbbb,2012,2,ĐB sông Hồng,Provincial,Cultivation,Lúa,,Area_Planted,77408.0,ha,Actual,PL4
c19d4d1b472cfbbb,2012,2,ĐB sông Hồng,Provincial,Cultivation,Lúa,,Area_Planted,14264.0,ha,Actual,PL4
a07ec0d653a173ae,2012,2,Hà Nội,Provincial,Cultivation,Lúa,,Area_Planted,30853.0,ha,Actual,PL4
a07ec0d653a173ae,2012,2,Hà Nội,Provincial,Cultivation,Lúa,,Area_Planted,27000.0,ha,Actual,PL4
a07ec0d653a173ae,2012,2,Hà Nội,Provincial,Cultivation,Lúa,,Area_Planted,3853.0,ha,Actual,PL4
a07ec0d653a173ae,2012,2,Hà Nội,Provincial,Cultivation,Lúa,,Area_Planted,11189.0,ha,Actual,PL4
a07ec0d653a173ae,2012,2,Hà Nội,Provincial,Cultivation,Lúa,,Area_Planted,1349.0,ha,Actual,PL4
d7cf590317ec3ead,2012,2,Hải Phòng,Provincial,Cultivation,Lúa,,Area_Planted,200.0,ha,Actual,PL4
d7cf590317ec3ead,2012,2,Hải Phòng,Provincial,Cultivation,Lúa,,Area_Planted,200.0,ha,Actual,PL4
d7cf590317ec3ead,2012,2,Hải Phòng,Provincial,Cultivation,Lúa,,Area_Planted,5400.0,ha,Actual,PL4
d7cf590317ec3ead,2012,2,Hải Phòng,Provincial,Cultivation,Lúa,,Area_Planted,500.0,ha,Actual,PL4
d994f4a6c149ae12,2012,2,Vĩnh Phúc,Provincial,Cultivation,Lúa,,Area_Planted,3085.0,ha,Actual,PL4
d994f4a6c149ae12,2012,2,Vĩnh Phúc,Provincial,Cultivation,Lúa,,Area_Planted,2648.0,ha,Actual,PL4
d994f4a6c149ae12,2012,2,Vĩnh Phúc,Provincial,Cultivation,Lúa,,Area_Planted,278.0,ha,Actual,PL4
d994f4a6c149ae12,2012,2,Vĩnh Phúc,Provincial,Cultivation,Lúa,,Area_Planted,159.0,ha,Actual,PL4
d994f4a6c149ae12,2012,2,Vĩnh Phúc,Provincial,Cultivation,Lúa,,Area_Planted,4012.0,ha,Actual,PL4
005403296a7ca5c8,2012,2,Bắc Ninh,Provincial,Cultivation,Lúa,,Area_Planted,1423.0,ha,Actual,PL4
005403296a7ca5c8,2012,2,Bắc Ninh,Provincial,Cultivation,Lúa,,Area_Planted,900.0,ha,Actual,PL4
005403296a7ca5c8,2012,2,Bắc Ninh,Provincial,Cultivation,Lúa,,Area_Planted,523.0,ha,Actual,PL4
005403296a7ca5c8,2012,2,Bắc Ninh,Provincial,Cultivation,Lúa,,Area_Planted,5045.0,ha,Actual,PL4
005403296a7ca5c8,2012,2,Bắc Ninh,Provincial,Cultivation,Lúa,,Area_Planted,2471.0,ha,Actual,PL4
e15f672fc2bfc613,2012,2,Hải Dương,Provincial,Cultivation,Lúa,,Area_Planted,960.0,ha,Actual,PL4
e15f672fc2bfc613,2012,2,Hải Dương,Provincial,Cultivation,Lúa,,Area_Planted,210.0,ha,Actual,PL4
e15f672fc2bfc613,2012,2,Hải Dương,Provincial,Cultivation,Lúa,,Area_Planted,750.0,ha,Actual,PL4
e15f672fc2bfc613,2012,2,Hải Dương,Provincial,Cultivation,Lúa,,Area_Planted,4000.0,ha,Actual,PL4
e15f672fc2bfc613,2012,2,Hải Dương,Provincial,Cultivation,Lúa,,Area_Planted,500.0,ha,Actual,PL4
704491dabadaf9a8,2012,2,Hưng Yên,Provincial,Cultivation,Lúa,,Area_Planted,3189.0,ha,Actual,PL4
704491dabadaf9a8,2012,2,Hưng Yên,Provincial,Cultivation,Lúa,,Area_Planted,2590.0,ha,Actual,PL4
704491dabadaf9a8,2012,2,Hưng Yên,Provincial,Cultivation,Lúa,,Area_Planted,599.0,ha,Actual,PL4
704491dabadaf9a8,2012,2,Hưng Yên,Provincial,Cultivation,Lúa,,Area_Planted,7668.0,ha,Actual,PL4
704491dabadaf9a8,2012,2,Hưng Yên,Provincial,Cultivation,Lúa,,Area_Planted,677.0,ha,Actual,PL4
91aeda29382d882c,2012,2,Hà Nam,Provincial,Cultivation,Lúa,,Area_Planted,7809.0,ha,Actual,PL4
91aeda29382d882c,2012,2,Hà Nam,Provincial,Cultivation,Lúa,,Area_Planted,7500.0,ha,Actual,PL4
91aeda29382d882c,2012,2,Hà Nam,Provincial,Cultivation,Lúa,,Area_Planted,309.0,ha,Actual,PL4
91aeda29382d882c,2012,2,Hà Nam,Provincial,Cultivation,Lúa,,Area_Planted,2594.0,ha,Actual,PL4
91aeda29382d882c,2012,2,Hà Nam,Provincial,Cultivation,Lúa,,Area_Planted,673.0,ha,Actual,PL4
96bf8b3c826831ac,2012,2,Nam Định,Provincial,Cultivation,Lúa,,Area_Planted,8726.0,ha,Actual,PL4
96bf8b3c826831ac,2012,2,Nam Định,Provincial,Cultivation,Lúa,,Area_Planted,500.0,ha,Actual,PL4
96bf8b3c826831ac,2012,2,Nam Định,Provincial,Cultivation,Lúa,,Area_Planted,5497.0,ha,Actual,PL4
96bf8b3c826831ac,2012,2,Nam Định,Provincial,Cultivation,Lúa,,Area_Planted,2729.0,ha,Actual,PL4
96bf8b3c826831ac,2012,2,Nam Định,Provincial,Cultivation,Lúa,,Area_Planted,13021.0,ha,Actual,PL4
96bf8b3c826831ac,2012,2,Nam Định,Provincial,Cultivation,Lúa,,Area_Planted,2100.0,ha,Actual,PL4
d58d2aa9d79aac53,2012,2,Thái Bình,Provincial,Cultivation,Lúa,,Area_Planted,6906.0,ha,Actual,PL4
d58d2aa9d79aac53,2012,2,Thái Bình,Provincial,Cultivation,Lúa,,Area_Planted,4390.0,ha,Actual,PL4
d58d2aa9d79aac53,2012,2,Thái Bình,Provincial,Cultivation,Lúa,,Area_Planted,1360.0,ha,Actual,PL4
d58d2aa9d79aac53,2012,2,Thái Bình,Provincial,Cultivation,Lúa,,Area_Planted,1156.0,ha,Actual,PL4
d58d2aa9d79aac53,2012,2,Thái Bình,Provincial,Cultivation,Lúa,,Area_Planted,15174.0,ha,Actual,PL4
d58d2aa9d79aac53,2012,2,Thái Bình,Provincial,Cultivation,Lúa,,Area_Planted,4620.0,ha,Actual,PL4
44ffadc532456ddf,2012,2,Ninh Bình,Provincial,Cultivation,Lúa,,Area_Planted,8810.0,ha,Actual,PL4
44ffadc532456ddf,2012,2,Ninh Bình,Provincial,Cultivation,Lúa,,Area_Planted,2938.0,ha,Actual,PL4
44ffadc532456ddf,2012,2,Ninh Bình,Provincial,Cultivation,Lúa,,Area_Planted,3991.0,ha,Actual,PL4
44ffadc532456ddf,2012,2,Ninh Bình,Provincial,Cultivation,Lúa,,Area_Planted,521.0,ha,Actual,PL4
44ffadc532456ddf,2012,2,Ninh Bình,Provincial,Cultivation,Lúa,,Area_Planted,5559.0,ha,Actual,PL4
44ffadc532456ddf,2012,2,Ninh Bình,Provincial,Cultivation,Lúa,,Area_Planted,1027.0,ha,Actual,PL4
1b4a0e6f37dc7c15,2012,2,Quảng Ninh,Provincial,Cultivation,Lúa,,Area_Planted,345.0,ha,Actual,PL4
1b4a0e6f37dc7c15,2012,2,Quảng Ninh,Provincial,Cultivation,Lúa,,Area_Planted,59.0,ha,Actual,PL4
1b4a0e6f37dc7c15,2012,2,Quảng Ninh,Provincial,Cultivation,Lúa,,Area_Planted,84.0,ha,Actual,PL4
1b4a0e6f37dc7c15,2012,2,Quảng Ninh,Provincial,Cultivation,Lúa,,Area_Planted,202.0,ha,Actual,PL4
1b4a0e6f37dc7c15,2012,2,Quảng Ninh,Provincial,Cultivation,Lúa,,Area_Planted,3746.0,ha,Actual,PL4
1b4a0e6f37dc7c15,2012,2,Quảng Ninh,Provincial,Cultivation,Lúa,,Area_Planted,347.0,ha,Actual,PL4
52e943a4e6836b48,2012,2,TD và MN,Provincial,Cultivation,Lúa,,Area_Planted,34487.0,ha,Actual,PL4
52e943a4e6836b48,2012,2,TD và MN,Provincial,Cultivation,Lúa,,Area_Planted,5504.0,ha,Actual,PL4
52e943a4e6836b48,2012,2,TD và MN,Provincial,Cultivation,Lúa,,Area_Planted,14232.0,ha,Actual,PL4
52e943a4e6836b48,2012,2,TD và MN,Provincial,Cultivation,Lúa,,Area_Planted,4441.0,ha,Actual,PL4
52e943a4e6836b48,2012,2,TD và MN,Provincial,Cultivation,Lúa,,Area_Planted,10310.0,ha,Actual,PL4
52e943a4e6836b48,2012,2,TD và MN,Provincial,Cultivation,Lúa,,Area_Planted,39516.0,ha,Actual,PL4
52e943a4e6836b48,2012,2,TD và MN,Provincial,Cultivation,Lúa,,Area_Planted,3971.0,ha,Actual,PL4
e93dc84d977e72a1,2012,2,Hà Giang,Provincial,Cultivation,Lúa,,Area_Planted,7323.0,ha,Actual,PL4
e93dc84d977e72a1,2012,2,Hà Giang,Provincial,Cultivation,Lúa,,Area_Planted,2826.0,ha,Actual,PL4
e93dc84d977e72a1,2012,2,Hà Giang,Provincial,Cultivation,Lúa,,Area_Planted,2254.0,ha,Actual,PL4
e93dc84d977e72a1,2012,2,Hà Giang,Provincial,Cultivation,Lúa,,Area_Planted,2243.0,ha,Actual,PL4
e93dc84d977e72a1,2012,2,Hà Giang,Provincial,Cultivation,Lúa,,Area_Planted,7197.0,ha,Actual,PL4
e93dc84d977e72a1,2012,2,Hà Giang,Provincial,Cultivation,Lúa,,Area_Planted,305.0,ha,Actual,PL4
dc2918c200f36c5f,2012,2,Cao Bằng,Provincial,Cultivation,Lúa,,Area_Planted,809.0,ha,Actual,PL4
dc2918c200f36c5f,2012,2,Cao Bằng,Provincial,Cultivation,Lúa,,Area_Planted,537.0,ha,Actual,PL4
dc2918c200f36c5f,2012,2,Cao Bằng,Provincial,Cultivation,Lúa,,Area_Planted,40.0,ha,Actual,PL4
dc2918c200f36c5f,2012,2,Cao Bằng,Provincial,Cultivation,Lúa,,Area_Planted,232768.0,ha,Actual,PL4
dc2918c200f36c5f,2012,2,Cao Bằng,Provincial,Cultivation,Lúa,,Area_Planted,169.0,ha,Actual,PL4
276d6e6562091517,2012,2,Lào Cai,Provincial,Cultivation,Lúa,,Area_Planted,983.0,ha,Actual,PL4
276d6e6562091517,2012,2,Lào Cai,Provincial,Cultivation,Lúa,,Area_Planted,937.0,ha,Actual,PL4
276d6e6562091517,2012,2,Lào Cai,Provincial,Cultivation,Lúa,,Area_Planted,40.0,ha,Actual,PL4
276d6e6562091517,2012,2,Lào Cai,Provincial,Cultivation,Lúa,,Area_Planted,6.0,ha,Actual,PL4
276d6e6562091517,2012,2,Lào Cai,Provincial,Cultivation,Lúa,,Area_Planted,6.0,ha,Actual,PL4
276d6e6562091517,2012,2,Lào Cai,Provincial,Cultivation,Lúa,,Area_Planted,2412.0,ha,Actual,PL4
276d6e6562091517,2012,2,Lào Cai,Provincial,Cultivation,Lúa,,Area_Planted,300.0,ha,Actual,PL4
c2cf246e68ee8253,2012,2,Bắc Cạn,Provincial,Cultivation,Lúa,,Area_Planted,768.0,ha,Actual,PL4
c2cf246e68ee8253,2012,2,Bắc Cạn,Provincial,Cultivation,Lúa,,Area_Planted,327.0,ha,Actual,PL4
c2cf246e68ee8253,2012,2,Bắc Cạn,Provincial,Cultivation,Lúa,,Area_Planted,50.0,ha,Actual,PL4
2bff0f15a7f25c01,2012,2,Lạng Sơn,Provincial,Cultivation,Lúa,,Area_Planted,2755.0,ha,Actual,PL4
2bff0f15a7f25c01,2012,2,Lạng Sơn,Provincial,Cultivation,Lúa,,Area_Planted,2183.0,ha,Actual,PL4
2bff0f15a7f25c01,2012,2,Lạng Sơn,Provincial,Cultivation,Lúa,,Area_Planted,572.0,ha,Actual,PL4
2bff0f15a7f25c01,2012,2,Lạng Sơn,Provincial,Cultivation,Lúa,,Area_Planted,2314.0,ha,Actual,PL4
2bff0f15a7f25c01,2012,2,Lạng Sơn,Provincial,Cultivation,Lúa,,Area_Planted,570.0,ha,Actual,PL4
90f8211811ded7fe,2012,2,Tuyên Quang,Provincial,Cultivation,Lúa,,Area_Planted,2827.0,ha,Actual,PL4
90f8211811ded7fe,2012,2,Tuyên Quang,Provincial,Cultivation,Lúa,,Area_Planted,268.0,ha,Actual,PL4
90f8211811ded7fe,2012,2,Tuyên Quang,Provincial,Cultivation,Lúa,,Area_Planted,2559.0,ha,Actual,PL4
90f8211811ded7fe,2012,2,Tuyên Quang,Provincial,Cultivation,Lúa,,Area_Planted,2878.0,ha,Actual,PL4
90f8211811ded7fe,2012,2,Tuyên Quang,Provincial,Cultivation,Lúa,,Area_Planted,61.0,ha,Actual,PL4
14078d08d45052ce,2012,2,Yên Bái,Provincial,Cultivation,Lúa,,Area_Planted,742.0,ha,Actual,PL4
14078d08d45052ce,2012,2,Yên Bái,Provincial,Cultivation,Lúa,,Area_Planted,742.0,ha,Actual,PL4
14078d08d45052ce,2012,2,Yên Bái,Provincial,Cultivation,Lúa,,Area_Planted,3115.0,ha,Actual,PL4
14078d08d45052ce,2012,2,Yên Bái,Provincial,Cultivation,Lúa,,Area_Planted,40.0,ha,Actual,PL4
222fecd39ebde5f3,2012,2,Thái Nguyên,Provincial,Cultivation,Lúa,,Area_Planted,144.0,ha,Actual,PL4
222fecd39ebde5f3,2012,2,Thái Nguyên,Provincial,Cultivation,Lúa,,Area_Planted,91.0,ha,Actual,PL4
222fecd39ebde5f3,2012,2,Thái Nguyên,Provincial,Cultivation,Lúa,,Area_Planted,53.0,ha,Actual,PL4
222fecd39ebde5f3,2012,2,Thái Nguyên,Provincial,Cultivation,Lúa,,Area_Planted,4960.0,ha,Actual,PL4
fee6490fe1337924,2012,2,Phú Thọ,Provincial,Cultivation,Lúa,,Area_Planted,3133.0,ha,Actual,PL4
fee6490fe1337924,2012,2,Phú Thọ,Provincial,Cultivation,Lúa,,Area_Planted,300.0,ha,Actual,PL4
fee6490fe1337924,2012,2,Phú Thọ,Provincial,Cultivation,Lúa,,Area_Planted,2833.0,ha,Actual,PL4
fee6490fe1337924,2012,2,Phú Thọ,Provincial,Cultivation,Lúa,,Area_Planted,3816.0,ha,Actual,PL4
d8c61fac5a9737d3,2012,2,Bắc Giang,Provincial,Cultivation,Lúa,,Area_Planted,4188.0,ha,Actual,PL4
d8c61fac5a9737d3,2012,2,Bắc Giang,Provincial,Cultivation,Lúa,,Area_Planted,3997.0,ha,Actual,PL4
d8c61fac5a9737d3,2012,2,Bắc Giang,Provincial,Cultivation,Lúa,,Area_Planted,191.0,ha,Actual,PL4
d8c61fac5a9737d3,2012,2,Bắc Giang,Provincial,Cultivation,Lúa,,Area_Planted,6963.0,ha,Actual,PL4
d8c61fac5a9737d3,2012,2,Bắc Giang,Provincial,Cultivation,Lúa,,Area_Planted,2417.0,ha,Actual,PL4
5a7706cb25acddb6,2012,2,Lai Châu,Provincial,Cultivation,Lúa,,Area_Planted,139.0,ha,Actual,PL4
5a7706cb25acddb6,2012,2,Lai Châu,Provincial,Cultivation,Lúa,,Area_Planted,130.0,ha,Actual,PL4
5a7706cb25acddb6,2012,2,Lai Châu,Provincial,Cultivation,Lúa,,Area_Planted,9.0,ha,Actual,PL4
5a7706cb25acddb6,2012,2,Lai Châu,Provincial,Cultivation,Lúa,,Area_Planted,779.0,ha,Actual,PL4
e63c97d88fda43d1,2012,2,Điện Biên,Provincial,Cultivation,Lúa,,Area_Planted,7219.0,ha,Actual,PL4
e63c97d88fda43d1,2012,2,Điện Biên,Provincial,Cultivation,Lúa,,Area_Planted,20.0,ha,Actual,PL4
e63c97d88fda43d1,2012,2,Điện Biên,Provincial,Cultivation,Lúa,,Area_Planted,85.0,ha,Actual,PL4
e63c97d88fda43d1,2012,2,Điện Biên,Provincial,Cultivation,Lúa,,Area_Planted,7114.0,ha,Actual,PL4
e63c97d88fda43d1,2012,2,Điện Biên,Provincial,Cultivation,Lúa,,Area_Planted,353.0,ha,Actual,PL4
e63c97d88fda43d1,2012,2,Điện Biên,Provincial,Cultivation,Lúa,,Area_Planted,1544.0,ha,Actual,PL4
b0ac4fa0c78df267,2012,2,Sơn La,Provincial,Cultivation,Lúa,,Area_Planted,308.0,ha,Actual,PL4
b0ac4fa0c78df267,2012,2,Sơn La,Provincial,Cultivation,Lúa,,Area_Planted,75.0,ha,Actual,PL4
b0ac4fa0c78df267,2012,2,Sơn La,Provincial,Cultivation,Lúa,,Area_Planted,233.0,ha,Actual,PL4
b0ac4fa0c78df267,2012,2,Sơn La,Provincial,Cultivation,Lúa,,Area_Planted,1551.0,ha,Actual,PL4
b0ac4fa0c78df267,2012,2,Sơn La,Provincial,Cultivation,Lúa,,Area_Planted,1551.0,ha,Actual,PL4
e00ccdee1b4e1602,2012,2,Hoà Bình,Provincial,Cultivation,Lúa,,Area_Planted,3150.0,ha,Actual,PL4
e00ccdee1b4e1602,2012,2,Hoà Bình,Provincial,Cultivation,Lúa,,Area_Planted,450.0,ha,Actual,PL4
e00ccdee1b4e1602,2012,2,Hoà Bình,Provincial,Cultivation,Lúa,,Area_Planted,1500.0,ha,Actual,PL4
e00ccdee1b4e1602,2012,2,Hoà Bình,Provincial,Cultivation,Lúa,,Area_Planted,1200.0,ha,Actual,PL4
e00ccdee1b4e1602,2012,2,Hoà Bình,Provincial,Cultivation,Lúa,,Area_Planted,2851.0,ha,Actual,PL4
e00ccdee1b4e1602,2012,2,Hoà Bình,Provincial,Cultivation,Lúa,,Area_Planted,2851.0,ha,Actual,PL4
57f23b3122661336,2012,2,Bắc Trung Bộ,Provincial,Cultivation,Lúa,,Area_Planted,58302.0,ha,Actual,PL4
57f23b3122661336,2012,2,Bắc Trung Bộ,Provincial,Cultivation,Lúa,,Area_Planted,14758.0,ha,Actual,PL4
57f23b3122661336,2012,2,Bắc Trung Bộ,Provincial,Cultivation,Lúa,,Area_Planted,40640.0,ha,Actual,PL4
57f23b3122661336,2012,2,Bắc Trung Bộ,Provincial,Cultivation,Lúa,,Area_Planted,0.0,ha,Actual,PL4
57f23b3122661336,2012,2,Bắc Trung Bộ,Provincial,Cultivation,Lúa,,Area_Planted,2904.0,ha,Actual,PL4
57f23b3122661336,2012,2,Bắc Trung Bộ,Provincial,Cultivation,Lúa,,Area_Planted,32375.0,ha,Actual,PL4
57f23b3122661336,2012,2,Bắc Trung Bộ,Provincial,Cultivation,Lúa,,Area_Planted,0.0,ha,Actual,PL4
71da6bce8c8919a4,2012,2,Thanh Hoá,Provincial,Cultivation,Lúa,,Area_Planted,18253.0,ha,Actual,PL4
71da6bce8c8919a4,2012,2,Thanh Hoá,Provincial,Cultivation,Lúa,,Area_Planted,6641.0,ha,Actual,PL4
71da6bce8c8919a4,2012,2,Thanh Hoá,Provincial,Cultivation,Lúa,,Area_Planted,10664.0,ha,Actual,PL4
71da6bce8c8919a4,2012,2,Thanh Hoá,Provincial,Cultivation,Lúa,,Area_Planted,948.0,ha,Actual,PL4
71da6bce8c8919a4,2012,2,Thanh Hoá,Provincial,Cultivation,Lúa,,Area_Planted,17721.0,ha,Actual,PL4
d66f899948f09a66,2012,2,Nghệ An,Provincial,Cultivation,Lúa,,Area_Planted,16891.0,ha,Actual,PL4
d66f899948f09a66,2012,2,Nghệ An,Provincial,Cultivation,Lúa,,Area_Planted,15000.0,ha,Actual,PL4
d66f899948f09a66,2012,2,Nghệ An,Provincial,Cultivation,Lúa,,Area_Planted,1891.0,ha,Actual,PL4
d66f899948f09a66,2012,2,Nghệ An,Provincial,Cultivation,Lúa,,Area_Planted,9957.0,ha,Actual,PL4
5680f4aff9eee5ee,2012,2,Hà Tĩnh,Provincial,Cultivation,Lúa,,Area_Planted,4045.0,ha,Actual,PL4
5680f4aff9eee5ee,2012,2,Hà Tĩnh,Provincial,Cultivation,Lúa,,Area_Planted,4045.0,ha,Actual,PL4
5680f4aff9eee5ee,2012,2,Hà Tĩnh,Provincial,Cultivation,Lúa,,Area_Planted,300.0,ha,Actual,PL4
3abb3619dd033462,2012,2,Quảng Bình,Provincial,Cultivation,Lúa,,Area_Planted,3827.0,ha,Actual,PL4
3abb3619dd033462,2012,2,Quảng Bình,Provincial,Cultivation,Lúa,,Area_Planted,3827.0,ha,Actual,PL4
3abb3619dd033462,2012,2,Quảng Bình,Provincial,Cultivation,Lúa,,Area_Planted,270.0,ha,Actual,PL4
11b68af62f88136e,2012,2,Quảng Trị,Provincial,Cultivation,Lúa,,Area_Planted,11651.0,ha,Actual,PL4
11b68af62f88136e,2012,2,Quảng Trị,Provincial,Cultivation,Lúa,,Area_Planted,8117.0,ha,Actual,PL4
11b68af62f88136e,2012,2,Quảng Trị,Provincial,Cultivation,Lúa,,Area_Planted,3534.0,ha,Actual,PL4
11b68af62f88136e,2012,2,Quảng Trị,Provincial,Cultivation,Lúa,,Area_Planted,2632.0,ha,Actual,PL4
2e456f3bc3286082,2012,2,Thừa Thiên Huế,Provincial,Cultivation,Lúa,,Area_Planted,3635.0,ha,Actual,PL4
2e456f3bc3286082,2012,2,Thừa Thiên Huế,Provincial,Cultivation,Lúa,,Area_Planted,3570.0,ha,Actual,PL4
2e456f3bc3286082,2012,2,Thừa Thiên Huế,Provincial,Cultivation,Lúa,,Area_Planted,65.0,ha,Actual,PL4
2e456f3bc3286082,2012,2,Thừa Thiên Huế,Provincial,Cultivation,Lúa,,Area_Planted,1495.0,ha,Actual,PL4
c52c8db5bb838ed9,2012,2,Miền Nam,Provincial,Cultivation,Lúa,,Area_Planted,100221.0,ha,Actual,PL5
1d1f0c518aba3f92,2012,2,Miền Nam,Provincial,Cultivation,Đậu,,Area_Planted,883.0,ha,Actual,PL5
039e5980254d9e74,2012,2,Miền Nam,Provincial,Cultivation,Lạc,,Area_Planted,33240.0,ha,Actual,PL5
c52c8db5bb838ed9,2012,2,Miền Nam,Provincial,Cultivation,Lúa,,Area_Planted,2546.0,ha,Actual,PL5
117f00a3f21a61b2,2012,2,Miền Nam,Provincial,Cultivation,Thuốc lá,,Area_Planted,5183.0,ha,Actual,PL5
ce22173326eae336,2012,2,Miền Nam,Provincial,Cultivation,Mía,,Area_Planted,58010.0,ha,Actual,PL5
c52c8db5bb838ed9,2012,2,Miền Nam,Provincial,Cultivation,Lúa,,Area_Planted,164.0,ha,Actual,PL5
c52c8db5bb838ed9,2012,2,Miền Nam,Provincial,Cultivation,Lúa,,Area_Planted,195.0,ha,Actual,PL5
c52c8db5bb838ed9,2012,2,Miền Nam,Provincial,Cultivation,Lúa,,Area_Planted,151214.0,ha,Actual,PL5
c52c8db5bb838ed9,2012,2,Miền Nam,Provincial,Cultivation,Lúa,,Area_Planted,20870.0,ha,Actual,PL5
7c346b0b738acfc6,2012,2,D.H Nam Trg Bộ,Provincial,Cultivation,Lúa,,Area_Planted,28431.0,ha,Actual,PL5
809bf47e6cf651e9,2012,2,D.H Nam Trg Bộ,Provincial,Cultivation,Đậu,,Area_Planted,435.0,ha,Actual,PL5
717eab19a4025743,2012,2,D.H Nam Trg Bộ,Provincial,Cultivation,Lạc,,Area_Planted,18816.0,ha,Actual,PL5
7c346b0b738acfc6,2012,2,D.H Nam Trg Bộ,Provincial,Cultivation,Lúa,,Area_Planted,48.0,ha,Actual,PL5
208d20a614c61eff,2012,2,D.H Nam Trg Bộ,Provincial,Cultivation,Thuốc lá,,Area_Planted,1056.0,ha,Actual,PL5
35cad339ae7fb7aa,2012,2,D.H Nam Trg Bộ,Provincial,Cultivation,Mía,,Area_Planted,7921.0,ha,Actual,PL5
7c346b0b738acfc6,2012,2,D.H Nam Trg Bộ,Provincial,Cultivation,Lúa,,Area_Planted,155.0,ha,Actual,PL5
7c346b0b738acfc6,2012,2,D.H Nam Trg Bộ,Provincial,Cultivation,Lúa,,Area_Planted,21701.0,ha,Actual,PL5
7c346b0b738acfc6,2012,2,D.H Nam Trg Bộ,Provincial,Cultivation,Lúa,,Area_Planted,7770.0,ha,Actual,PL5
d0f6c5e11a3c8289,2012,2,TP Đà Nẵng,Provincial,Cultivation,Lúa,,Area_Planted,670.0,ha,Actual,PL5
9866fd12f97030ad,2012,2,TP Đà Nẵng,Provincial,Cultivation,Lạc,,Area_Planted,515.0,ha,Actual,PL5
699263a3c4a831d8,2012,2,TP Đà Nẵng,Provincial,Cultivation,Mía,,Area_Planted,155.0,ha,Actual,PL5
d0f6c5e11a3c8289,2012,2,TP Đà Nẵng,Provincial,Cultivation,Lúa,,Area_Planted,208.0,ha,Actual,PL5
d0f433ccab42ad75,2012,2,Quảng Nam,Provincial,Cultivation,Lúa,,Area_Planted,12155.0,ha,Actual,PL5
28a617acb5fde5a0,2012,2,Quảng Nam,Provincial,Cultivation,Lạc,,Area_Planted,7100.0,ha,Actual,PL5
a0e4f8159eab0c56,2012,2,Quảng Nam,Provincial,Cultivation,Thuốc lá,,Area_Planted,90.0,ha,Actual,PL5
e2081535e02e4ddb,2012,2,Quảng Nam,Provincial,Cultivation,Mía,,Area_Planted,4870.0,ha,Actual,PL5
d0f433ccab42ad75,2012,2,Quảng Nam,Provincial,Cultivation,Lúa,,Area_Planted,95.0,ha,Actual,PL5
d0f433ccab42ad75,2012,2,Quảng Nam,Provincial,Cultivation,Lúa,,Area_Planted,4912.0,ha,Actual,PL5
d0f433ccab42ad75,2012,2,Quảng Nam,Provincial,Cultivation,Lúa,,Area_Planted,1897.0,ha,Actual,PL5
5e2f90c9fcd02706,2012,2,Quảng Ngãi,Provincial,Cultivation,Lúa,,Area_Planted,3712.0,ha,Actual,PL5
ba70fcfbc3e8adfb,2012,2,Quảng Ngãi,Provincial,Cultivation,Lạc,,Area_Planted,3712.0,ha,Actual,PL5
5e2f90c9fcd02706,2012,2,Quảng Ngãi,Provincial,Cultivation,Lúa,,Area_Planted,5544.0,ha,Actual,PL5
5e2f90c9fcd02706,2012,2,Quảng Ngãi,Provincial,Cultivation,Lúa,,Area_Planted,1476.0,ha,Actual,PL5
0a0435797f730653,2012,2,Bình Định,Provincial,Cultivation,Lúa,,Area_Planted,6303.0,ha,Actual,PL5
42af073dd3df026c,2012,2,Bình Định,Provincial,Cultivation,Đậu,,Area_Planted,190.0,ha,Actual,PL5
ad0f2858e4a62212,2012,2,Bình Định,Provincial,Cultivation,Lạc,,Area_Planted,6113.0,ha,Actual,PL5
0a0435797f730653,2012,2,Bình Định,Provincial,Cultivation,Lúa,,Area_Planted,5014.0,ha,Actual,PL5
0a0435797f730653,2012,2,Bình Định,Provincial,Cultivation,Lúa,,Area_Planted,841.0,ha,Actual,PL5
1321101cbcb8fa80,2012,2,Phú Yên,Provincial,Cultivation,Lúa,,Area_Planted,2441.0,ha,Actual,PL5
28c799ea3f6d08f1,2012,2,Phú Yên,Provincial,Cultivation,Đậu,,Area_Planted,245.0,ha,Actual,PL5
31c1cba1d5213d7c,2012,2,Phú Yên,Provincial,Cultivation,Lạc,,Area_Planted,465.0,ha,Actual,PL5
1321101cbcb8fa80,2012,2,Phú Yên,Provincial,Cultivation,Lúa,,Area_Planted,48.0,ha,Actual,PL5
06ceb14448ad4e48,2012,2,Phú Yên,Provincial,Cultivation,Thuốc lá,,Area_Planted,159.0,ha,Actual,PL5
c82df68fd0f37f4e,2012,2,Phú Yên,Provincial,Cultivation,Mía,,Area_Planted,1524.0,ha,Actual,PL5
1321101cbcb8fa80,2012,2,Phú Yên,Provincial,Cultivation,Lúa,,Area_Planted,1651.0,ha,Actual,PL5
1321101cbcb8fa80,2012,2,Phú Yên,Provincial,Cultivation,Lúa,,Area_Planted,651.0,ha,Actual,PL5
ab8c00d9f6b51983,2012,2,Ninh Thuận,Provincial,Cultivation,Lúa,,Area_Planted,2044.0,ha,Actual,PL5
5e5b2b537f59a1ed,2012,2,Ninh Thuận,Provincial,Cultivation,Lạc,,Area_Planted,154.0,ha,Actual,PL5
5a51127ece96aa9c,2012,2,Ninh Thuận,Provincial,Cultivation,Thuốc lá,,Area_Planted,770.0,ha,Actual,PL5
1f31d28abcd336e1,2012,2,Ninh Thuận,Provincial,Cultivation,Mía,,Area_Planted,1100.0,ha,Actual,PL5
ab8c00d9f6b51983,2012,2,Ninh Thuận,Provincial,Cultivation,Lúa,,Area_Planted,20.0,ha,Actual,PL5
ab8c00d9f6b51983,2012,2,Ninh Thuận,Provincial,Cultivation,Lúa,,Area_Planted,2759.0,ha,Actual,PL5
ab8c00d9f6b51983,2012,2,Ninh Thuận,Provincial,Cultivation,Lúa,,Area_Planted,1177.0,ha,Actual,PL5
43f6bf5e93507c2d,2012,2,Bình Thuận,Provincial,Cultivation,Lúa,,Area_Planted,1106.0,ha,Actual,PL5
bde011f805f18af6,2012,2,Bình Thuận,Provincial,Cultivation,Lạc,,Area_Planted,757.0,ha,Actual,PL5
81a0472e1ddfbc3b,2012,2,Bình Thuận,Provincial,Cultivation,Thuốc lá,,Area_Planted,37.0,ha,Actual,PL5
abc1b2f74753ca4e,2012,2,Bình Thuận,Provincial,Cultivation,Mía,,Area_Planted,272.0,ha,Actual,PL5
43f6bf5e93507c2d,2012,2,Bình Thuận,Provincial,Cultivation,Lúa,,Area_Planted,40.0,ha,Actual,PL5
43f6bf5e93507c2d,2012,2,Bình Thuận,Provincial,Cultivation,Lúa,,Area_Planted,1613.0,ha,Actual,PL5
43f6bf5e93507c2d,2012,2,Bình Thuận,Provincial,Cultivation,Lúa,,Area_Planted,1728.0,ha,Actual,PL5
e0bfa5fc3a92aafd,2012,2,Tây Nguyên,Provincial,Cultivation,Lúa,,Area_Planted,9793.0,ha,Actual,PL5
2f4086873f962ab2,2012,2,Tây Nguyên,Provincial,Cultivation,Lạc,,Area_Planted,11.0,ha,Actual,PL5
b5a685f7fe8c4d34,2012,2,Tây Nguyên,Provincial,Cultivation,Thuốc lá,,Area_Planted,796.0,ha,Actual,PL5
81f626a4e33e6ca3,2012,2,Tây Nguyên,Provincial,Cultivation,Mía,,Area_Planted,8986.0,ha,Actual,PL5
e0bfa5fc3a92aafd,2012,2,Tây Nguyên,Provincial,Cultivation,Lúa,,Area_Planted,20321.0,ha,Actual,PL5
e0bfa5fc3a92aafd,2012,2,Tây Nguyên,Provincial,Cultivation,Lúa,,Area_Planted,4375.0,ha,Actual,PL5
e6f9d0941d9a6f3a,2012,2,Kon Tum,Provincial,Cultivation,Lúa,,Area_Planted,2355.0,ha,Actual,PL5
b87c4204410569d1,2012,2,Kon Tum,Provincial,Cultivation,Lạc,,Area_Planted,11.0,ha,Actual,PL5
1f3c8d6ef52e9980,2012,2,Kon Tum,Provincial,Cultivation,Mía,,Area_Planted,2344.0,ha,Actual,PL5
e6f9d0941d9a6f3a,2012,2,Kon Tum,Provincial,Cultivation,Lúa,,Area_Planted,707.0,ha,Actual,PL5
e6f9d0941d9a6f3a,2012,2,Kon Tum,Provincial,Cultivation,Lúa,,Area_Planted,57.0,ha,Actual,PL5
4aa7dddd48dd5706,2012,2,Gia Lai,Provincial,Cultivation,Lúa,,Area_Planted,6941.0,ha,Actual,PL5
f0cb14b24ed0232b,2012,2,Gia Lai,Provincial,Cultivation,Thuốc lá,,Area_Planted,299.0,ha,Actual,PL5
7be7d18ae30f5c23,2012,2,Gia Lai,Provincial,Cultivation,Mía,,Area_Planted,6642.0,ha,Actual,PL5
4aa7dddd48dd5706,2012,2,Gia Lai,Provincial,Cultivation,Lúa,,Area_Planted,6600.0,ha,Actual,PL5
4aa7dddd48dd5706,2012,2,Gia Lai,Provincial,Cultivation,Lúa,,Area_Planted,3000.0,ha,Actual,PL5
75a98f95b7f56e1d,2012,2,Đắc Lắc,Provincial,Cultivation,Lúa,,Area_Planted,497.0,ha,Actual,PL5
bad9f3e2934e3f55,2012,2,Đắc Lắc,Provincial,Cultivation,Thuốc lá,,Area_Planted,497.0,ha,Actual,PL5
75a98f95b7f56e1d,2012,2,Đắc Lắc,Provincial,Cultivation,Lúa,,Area_Planted,2472.0,ha,Actual,PL5
75a98f95b7f56e1d,2012,2,Đắc Lắc,Provincial,Cultivation,Lúa,,Area_Planted,486.0,ha,Actual,PL5
4d61ed64c008c58a,2012,2,Đắc Nông,Provincial,Cultivation,Lúa,,Area_Planted,899.0,ha,Actual,PL5
4d61ed64c008c58a,2012,2,Đắc Nông,Provincial,Cultivation,Lúa,,Area_Planted,354.0,ha,Actual,PL5
eb0d0f7540eef0ab,2012,2,Lâm Đồng,Provincial,Cultivation,Lúa,,Area_Planted,9643.0,ha,Actual,PL5
eb0d0f7540eef0ab,2012,2,Lâm Đồng,Provincial,Cultivation,Lúa,,Area_Planted,478.0,ha,Actual,PL5
a646f62dba7d1ec7,2012,2,Đông Nam Bộ,Provincial,Cultivation,Lúa,,Area_Planted,16056.0,ha,Actual,PL5
2ba73b03a55d6f01,2012,2,Đông Nam Bộ,Provincial,Cultivation,Đậu,,Area_Planted,125.0,ha,Actual,PL5
164d7807d7df67b7,2012,2,Đông Nam Bộ,Provincial,Cultivation,Lạc,,Area_Planted,6225.0,ha,Actual,PL5
a646f62dba7d1ec7,2012,2,Đông Nam Bộ,Provincial,Cultivation,Lúa,,Area_Planted,1020.0,ha,Actual,PL5
19d686df81e3966c,2012,2,Đông Nam Bộ,Provincial,Cultivation,Thuốc lá,,Area_Planted,3331.0,ha,Actual,PL5
f993aa5aa1f2ef3d,2012,2,Đông Nam Bộ,Provincial,Cultivation,Mía,,Area_Planted,5346.0,ha,Actual,PL5
a646f62dba7d1ec7,2012,2,Đông Nam Bộ,Provincial,Cultivation,Lúa,,Area_Planted,9.0,ha,Actual,PL5
a646f62dba7d1ec7,2012,2,Đông Nam Bộ,Provincial,Cultivation,Lúa,,Area_Planted,20927.0,ha,Actual,PL5
a646f62dba7d1ec7,2012,2,Đông Nam Bộ,Provincial,Cultivation,Lúa,,Area_Planted,4799.0,ha,Actual,PL5
166a2052aa9d1d79,2012,2,Bình Phước,Provincial,Cultivation,Lúa,,Area_Planted,46.0,ha,Actual,PL5
8d92719ee37398af,2012,2,Bình Phước,Provincial,Cultivation,Lạc,,Area_Planted,34.0,ha,Actual,PL5
d5ea652f72b7788a,2012,2,Bình Phước,Provincial,Cultivation,Mía,,Area_Planted,12.0,ha,Actual,PL5
166a2052aa9d1d79,2012,2,Bình Phước,Provincial,Cultivation,Lúa,,Area_Planted,691.0,ha,Actual,PL5
166a2052aa9d1d79,2012,2,Bình Phước,Provincial,Cultivation,Lúa,,Area_Planted,117.0,ha,Actual,PL5
706cd622d236bdbf,2012,2,Tây Ninh,Provincial,Cultivation,Lúa,,Area_Planted,11686.0,ha,Actual,PL5
1cbec6f4c4ffe065,2012,2,Tây Ninh,Provincial,Cultivation,Lạc,,Area_Planted,5945.0,ha,Actual,PL5
706cd622d236bdbf,2012,2,Tây Ninh,Provincial,Cultivation,Lúa,,Area_Planted,552.0,ha,Actual,PL5
d91b386ff6f4e76a,2012,2,Tây Ninh,Provincial,Cultivation,Thuốc lá,,Area_Planted,2431.0,ha,Actual,PL5
f47cdcf99ec4eb76,2012,2,Tây Ninh,Provincial,Cultivation,Mía,,Area_Planted,2758.0,ha,Actual,PL5
706cd622d236bdbf,2012,2,Tây Ninh,Provincial,Cultivation,Lúa,,Area_Planted,7568.0,ha,Actual,PL5
706cd622d236bdbf,2012,2,Tây Ninh,Provincial,Cultivation,Lúa,,Area_Planted,3004.0,ha,Actual,PL5
703dbc66495ac7ae,2012,2,Đồng Nai,Provincial,Cultivation,Lúa,,Area_Planted,1819.0,ha,Actual,PL5
08c52774737e4eaf,2012,2,Đồng Nai,Provincial,Cultivation,Đậu,,Area_Planted,125.0,ha,Actual,PL5
d365cf0dd52288a7,2012,2,Đồng Nai,Provincial,Cultivation,Lạc,,Area_Planted,137.0,ha,Actual,PL5
703dbc66495ac7ae,2012,2,Đồng Nai,Provincial,Cultivation,Lúa,,Area_Planted,468.0,ha,Actual,PL5
9534094b8b5fa3c8,2012,2,Đồng Nai,Provincial,Cultivation,Thuốc lá,,Area_Planted,780.0,ha,Actual,PL5
06f20499efff5190,2012,2,Đồng Nai,Provincial,Cultivation,Mía,,Area_Planted,300.0,ha,Actual,PL5
703dbc66495ac7ae,2012,2,Đồng Nai,Provincial,Cultivation,Lúa,,Area_Planted,9.0,ha,Actual,PL5
703dbc66495ac7ae,2012,2,Đồng Nai,Provincial,Cultivation,Lúa,,Area_Planted,4371.0,ha,Actual,PL5
703dbc66495ac7ae,2012,2,Đồng Nai,Provincial,Cultivation,Lúa,,Area_Planted,1558.0,ha,Actual,PL5
0dc9cb6d6559295d,2012,2,Bà Rịa-V.Tàu,Provincial,Cultivation,Lúa,,Area_Planted,305.0,ha,Actual,PL5
746ff1a572d86e51,2012,2,Bà Rịa-V.Tàu,Provincial,Cultivation,Lạc,,Area_Planted,109.0,ha,Actual,PL5
183d438fd74a0d56,2012,2,Bà Rịa-V.Tàu,Provincial,Cultivation,Thuốc lá,,Area_Planted,120.0,ha,Actual,PL5
647620d130d97c1b,2012,2,Bà Rịa-V.Tàu,Provincial,Cultivation,Mía,,Area_Planted,76.0,ha,Actual,PL5
0dc9cb6d6559295d,2012,2,Bà Rịa-V.Tàu,Provincial,Cultivation,Lúa,,Area_Planted,2497.0,ha,Actual,PL5
0dc9cb6d6559295d,2012,2,Bà Rịa-V.Tàu,Provincial,Cultivation,Lúa,,Area_Planted,120.0,ha,Actual,PL5
e41d5fd76b80ceea,2012,2,TP Hồ Chí Minh,Provincial,Cultivation,Lúa,,Area_Planted,2200.0,ha,Actual,PL5
0b04fb2364d81aae,2012,2,TP Hồ Chí Minh,Provincial,Cultivation,Mía,,Area_Planted,2200.0,ha,Actual,PL5
e41d5fd76b80ceea,2012,2,TP Hồ Chí Minh,Provincial,Cultivation,Lúa,,Area_Planted,5800.0,ha,Actual,PL5
58f024119df3d29b,2012,2,ĐBS Cửu Long,Provincial,Cultivation,Lúa,,Area_Planted,45941.0,ha,Actual,PL5
5395e9b37a95d9f4,2012,2,ĐBS Cửu Long,Provincial,Cultivation,Đậu,,Area_Planted,323.0,ha,Actual,PL5
8ce6a10e767fcad2,2012,2,ĐBS Cửu Long,Provincial,Cultivation,Lạc,,Area_Planted,8188.0,ha,Actual,PL5
58f024119df3d29b,2012,2,ĐBS Cửu Long,Provincial,Cultivation,Lúa,,Area_Planted,1478.0,ha,Actual,PL5
ee62d9f1b7f57adc,2012,2,ĐBS Cửu Long,Provincial,Cultivation,Mía,,Area_Planted,35757.0,ha,Actual,PL5
58f024119df3d29b,2012,2,ĐBS Cửu Long,Provincial,Cultivation,Lúa,,Area_Planted,195.0,ha,Actual,PL5
58f024119df3d29b,2012,2,ĐBS Cửu Long,Provincial,Cultivation,Lúa,,Area_Planted,88265.0,ha,Actual,PL5
58f024119df3d29b,2012,2,ĐBS Cửu Long,Provincial,Cultivation,Lúa,,Area_Planted,3926.0,ha,Actual,PL5
c5118282298025d4,2012,2,Long An,Provincial,Cultivation,Lúa,,Area_Planted,18941.0,ha,Actual,PL5
22cc6a033288e7a3,2012,2,Long An,Provincial,Cultivation,Lạc,,Area_Planted,5452.0,ha,Actual,PL5
c5118282298025d4,2012,2,Long An,Provincial,Cultivation,Lúa,,Area_Planted,178.0,ha,Actual,PL5
4bf3721c054c6a55,2012,2,Long An,Provincial,Cultivation,Mía,,Area_Planted,13311.0,ha,Actual,PL5
c5118282298025d4,2012,2,Long An,Provincial,Cultivation,Lúa,,Area_Planted,6229.0,ha,Actual,PL5
83c89d7f1dc611b1,2012,2,Tiền Giang,Provincial,Cultivation,Lúa,,Area_Planted,116.0,ha,Actual,PL5
14787da39a53c119,2012,2,Tiền Giang,Provincial,Cultivation,Đậu,,Area_Planted,22.0,ha,Actual,PL5
05bc8801e46ad473,2012,2,Tiền Giang,Provincial,Cultivation,Lạc,,Area_Planted,79.0,ha,Actual,PL5
f31c88c9703c2f17,2012,2,Tiền Giang,Provincial,Cultivation,Mía,,Area_Planted,15.0,ha,Actual,PL5
83c89d7f1dc611b1,2012,2,Tiền Giang,Provincial,Cultivation,Lúa,,Area_Planted,18615.0,ha,Actual,PL5
83c89d7f1dc611b1,2012,2,Tiền Giang,Provincial,Cultivation,Lúa,,Area_Planted,91.0,ha,Actual,PL5
5e8682a304b1283b,2012,2,Bến Tre,Provincial,Cultivation,Lúa,,Area_Planted,5217.0,ha,Actual,PL5
6f278feba1b60127,2012,2,Bến Tre,Provincial,Cultivation,Lạc,,Area_Planted,17.0,ha,Actual,PL5
024c3ec165155152,2012,2,Bến Tre,Provincial,Cultivation,Mía,,Area_Planted,5200.0,ha,Actual,PL5
5e8682a304b1283b,2012,2,Bến Tre,Provincial,Cultivation,Lúa,,Area_Planted,1950.0,ha,Actual,PL5
5cccff50a7f7a7e4,2012,2,Trà Vinh,Provincial,Cultivation,Lúa,,Area_Planted,3992.0,ha,Actual,PL5
e452e0189a71c05a,2012,2,Trà Vinh,Provincial,Cultivation,Lạc,,Area_Planted,2029.0,ha,Actual,PL5
abd2378cacdfa366,2012,2,Trà Vinh,Provincial,Cultivation,Mía,,Area_Planted,1963.0,ha,Actual,PL5
5cccff50a7f7a7e4,2012,2,Trà Vinh,Provincial,Cultivation,Lúa,,Area_Planted,5808.0,ha,Actual,PL5
5cccff50a7f7a7e4,2012,2,Trà Vinh,Provincial,Cultivation,Lúa,,Area_Planted,102.0,ha,Actual,PL5
b867f426d84051e1,2012,2,Vĩnh Long,Provincial,Cultivation,Lúa,,Area_Planted,266.0,ha,Actual,PL5
a396429613661119,2012,2,Vĩnh Long,Provincial,Cultivation,Đậu,,Area_Planted,24.0,ha,Actual,PL5
305b6474d493a325,2012,2,Vĩnh Long,Provincial,Cultivation,Lạc,,Area_Planted,221.0,ha,Actual,PL5
3f92f61d3f59f60d,2012,2,Vĩnh Long,Provincial,Cultivation,Mía,,Area_Planted,21.0,ha,Actual,PL5
b867f426d84051e1,2012,2,Vĩnh Long,Provincial,Cultivation,Lúa,,Area_Planted,3474.0,ha,Actual,PL5
b867f426d84051e1,2012,2,Vĩnh Long,Provincial,Cultivation,Lúa,,Area_Planted,295.0,ha,Actual,PL5
fb0ec7f7f69a974a,2012,2,Đồng Tháp,Provincial,Cultivation,Lúa,,Area_Planted,696.0,ha,Actual,PL5
755a9cbc6f02d461,2012,2,Đồng Tháp,Provincial,Cultivation,Đậu,,Area_Planted,181.0,ha,Actual,PL5
a23ac0eed5d1c8eb,2012,2,Đồng Tháp,Provincial,Cultivation,Lạc,,Area_Planted,111.0,ha,Actual,PL5
89cba98e67982d7d,2012,2,Đồng Tháp,Provincial,Cultivation,Mía,,Area_Planted,209.0,ha,Actual,PL5
fb0ec7f7f69a974a,2012,2,Đồng Tháp,Provincial,Cultivation,Lúa,,Area_Planted,195.0,ha,Actual,PL5
fb0ec7f7f69a974a,2012,2,Đồng Tháp,Provincial,Cultivation,Lúa,,Area_Planted,16361.0,ha,Actual,PL5
fb0ec7f7f69a974a,2012,2,Đồng Tháp,Provincial,Cultivation,Lúa,,Area_Planted,1329.0,ha,Actual,PL5
1729b78363d25d7b,2012,2,An Giang,Provincial,Cultivation,Lúa,,Area_Planted,823.0,ha,Actual,PL5
de11024928e8ff37,2012,2,An Giang,Provincial,Cultivation,Đậu,,Area_Planted,49.0,ha,Actual,PL5
c983849e687b243a,2012,2,An Giang,Provincial,Cultivation,Lạc,,Area_Planted,274.0,ha,Actual,PL5
1729b78363d25d7b,2012,2,An Giang,Provincial,Cultivation,Lúa,,Area_Planted,500.0,ha,Actual,PL5
1729b78363d25d7b,2012,2,An Giang,Provincial,Cultivation,Lúa,,Area_Planted,12295.0,ha,Actual,PL5
1729b78363d25d7b,2012,2,An Giang,Provincial,Cultivation,Lúa,,Area_Planted,627.0,ha,Actual,PL5
16f61c2dfff79962,2012,2,Cần Thơ,Provincial,Cultivation,Lúa,,Area_Planted,830.0,ha,Actual,PL5
7d7ebed892a6e2df,2012,2,Cần Thơ,Provincial,Cultivation,Đậu,,Area_Planted,30.0,ha,Actual,PL5
16f61c2dfff79962,2012,2,Cần Thơ,Provincial,Cultivation,Lúa,,Area_Planted,800.0,ha,Actual,PL5
16f61c2dfff79962,2012,2,Cần Thơ,Provincial,Cultivation,Lúa,,Area_Planted,204100.0,ha,Actual,PL5
16f61c2dfff79962,2012,2,Cần Thơ,Provincial,Cultivation,Lúa,,Area_Planted,268.0,ha,Actual,PL5
83939d913c777510,2012,2,Hậu Giang,Provincial,Cultivation,Lúa,,Area_Planted,9480.0,ha,Actual,PL5
6f9f3fe1ff771414,2012,2,Hậu Giang,Provincial,Cultivation,Mía,,Area_Planted,9480.0,ha,Actual,PL5
83939d913c777510,2012,2,Hậu Giang,Provincial,Cultivation,Lúa,,Area_Planted,4407.0,ha,Actual,PL5
83939d913c777510,2012,2,Hậu Giang,Provincial,Cultivation,Lúa,,Area_Planted,428.0,ha,Actual,PL5
2881ca625ab3aa87,2012,2,Sóc Trăng,Provincial,Cultivation,Lúa,,Area_Planted,5580.0,ha,Actual,PL5
3923da35f92bf94e,2012,2,Sóc Trăng,Provincial,Cultivation,Đậu,,Area_Planted,17.0,ha,Actual,PL5
b8e6d0da7d368929,2012,2,Sóc Trăng,Provincial,Cultivation,Lạc,,Area_Planted,5.0,ha,Actual,PL5
84de3448c95c1597,2012,2,Sóc Trăng,Provincial,Cultivation,Mía,,Area_Planted,5558.0,ha,Actual,PL5
2881ca625ab3aa87,2012,2,Sóc Trăng,Provincial,Cultivation,Lúa,,Area_Planted,15835.0,ha,Actual,PL5
2881ca625ab3aa87,2012,2,Sóc Trăng,Provincial,Cultivation,Lúa,,Area_Planted,786.0,ha,Actual,PL5
0243821f6aa73d96,2012,2,Bạc Liêu,Provincial,Cultivation,Lúa,,Area_Planted,1250.0,ha,Actual,PL5
00af1b7ed3c3e0c8,2012,2,Cả nước,National,Forestry,Rừng,,Area,5.0,1000_ha,Estimated,PL6
fef57c79c9de5414,2012,2,Cả nước,National,Forestry,Rừng,,Area,3.0,1000_ha,Plan,PL6
00af1b7ed3c3e0c8,2012,2,Cả nước,National,Forestry,Rừng,,Area,3184.0,1000_ha,Estimated,PL6
fef57c79c9de5414,2012,2,Cả nước,National,Forestry,Rừng,,Area,323.0,1000_ha,Plan,PL6
00af1b7ed3c3e0c8,2012,2,Cả nước,National,Forestry,Rừng,,Area,1754.0,1000_ha,Estimated,PL6
fef57c79c9de5414,2012,2,Cả nước,National,Forestry,Rừng,,Area,178.0,1000_ha,Plan,PL6
00af1b7ed3c3e0c8,2012,2,Cả nước,National,Forestry,Rừng,,Area,165.0,1000_ha,Estimated,PL6
fef57c79c9de5414,2012,2,Cả nước,National,Forestry,Rừng,,Area,165.0,1000_ha,Plan,PL6
00af1b7ed3c3e0c8,2012,2,Cả nước,National,Forestry,Rừng,,Area,104.0,1000_ha,Estimated,PL6
fef57c79c9de5414,2012,2,Cả nước,National,Forestry,Rừng,,Area,13.0,1000_ha,Plan,PL6
00af1b7ed3c3e0c8,2012,2,Cả nước,National,Forestry,Rừng,,Area,143.0,1000_ha,Estimated,PL6
fef57c79c9de5414,2012,2,Cả nước,National,Forestry,Rừng,,Area,145.0,1000_ha,Plan,PL6
fc2c5155e877539e,2012,1,Cả nước,National,Trade,"1. Nông sản chính,trong đó:",Xuất khẩu,Export_Value,799.0,million_USD,Actual,PL8
4dd92705d632e906,2012,1,Cả nước,National,Trade,Cà phê,Xuất khẩu,Export_Volume,112.0,1000_ton,Actual,PL8
feb4c80a4c06c32c,2012,1,Cả nước,National,Trade,Cà phê,Xuất khẩu,Export_Value,227.0,million_USD,Actual,PL8
522b58a38ff4b803,2012,1,Cả nước,National,Trade,Cao su,Xuất khẩu,Export_Volume,70.0,1000_ton,Actual,PL8
46f504c66ee1d46f,2012,1,Cả nước,National,Trade,Cao su,Xuất khẩu,Export_Value,192.0,million_USD,Actual,PL8
3a7cd6f4083da1ef,2012,1,Cả nước,National,Trade,Gạo,Xuất khẩu,Export_Volume,256.0,1000_ton,Actual,PL8
66de10067e98af7a,2012,1,Cả nước,National,Trade,Gạo,Xuất khẩu,Export_Value,147.0,million_USD,Actual,PL8
7211f655f70f878e,2012,1,Cả nước,National,Trade,Chè,Xuất khẩu,Export_Volume,9.0,1000_ton,Actual,PL8
18a9ec7433c0d45c,2012,1,Cả nước,National,Trade,Chè,Xuất khẩu,Export_Value,13.0,million_USD,Actual,PL8
61b095f9923479aa,2012,1,Cả nước,National,Trade,Hạt điều,Xuất khẩu,Export_Volume,10.0,1000_ton,Actual,PL8
04d1cf4cfb5bc0d4,2012,1,Cả nước,National,Trade,Hạt điều,Xuất khẩu,Export_Value,75.0,million_USD,Actual,PL8
e7c26f2787094c8f,2012,1,Cả nước,National,Trade,Hạt tiêu,Xuất khẩu,Export_Volume,3.0,1000_ton,Actual,PL8
231817b11abdc3a7,2012,1,Cả nước,National,Trade,Hạt tiêu,Xuất khẩu,Export_Value,24.0,million_USD,Actual,PL8
fd023349e7d5ea0f,2012,1,Cả nước,National,Trade,Hàng rau quả,Xuất khẩu,Export_Value,45.0,million_USD,Actual,PL8
836680a466b003c4,2012,1,Cả nước,National,Trade,Sắn và sản phẩm từ sắn,Xuất khẩu,Export_Volume,246.0,1000_ton,Actual,PL8
dfb18e91d0b7f2aa,2012,1,Cả nước,National,Trade,Sắn và sản phẩm từ sắn,Xuất khẩu,Export_Value,76.0,million_USD,Actual,PL8
1b6e23d6943dda39,2012,1,Cả nước,National,Trade,Trong đó: Sắn,Xuất khẩu,Export_Volume,171.0,1000_ton,Actual,PL8
e7547d891bc3ee94,2012,1,Cả nước,National,Trade,Trong đó: Sắn,Xuất khẩu,Export_Value,45.0,million_USD,Actual,PL8
0f13f6daaedc3b2b,2012,1,Cả nước,National,Trade,2. Thuỷ sản,Xuất khẩu,Export_Value,363.0,million_USD,Actual,PL8
2547d01edd0110ab,2012,1,Cả nước,National,Trade,"3. Lâm sản chính,trong đó:",Xuất khẩu,Export_Value,306.0,million_USD,Actual,PL8
c6ad947baf54c653,2012,1,Cả nước,National,Trade,Quế,Xuất khẩu,Export_Value,15.0,million_USD,Actual,PL8
2d63a05209fc9987,2012,1,Cả nước,National,Trade,Gỗ & sản phẩm gỗ,Xuất khẩu,Export_Value,2886.0,million_USD,Actual,PL8
2108c2620192ba28,2012,1,Cả nước,National,Trade,Trong đó: Gỗ,Xuất khẩu,Export_Value,332.0,million_USD,Actual,PL8
d0e9d8730f4d9121,2012,1,Cả nước,National,Trade,"SP mây, tre, cói, thảm",Xuất khẩu,Export_Value,162.0,million_USD,Actual,PL8
29f5d6734aed3c67,2012,1,Cả nước,National,Trade,Các mặt hàng nông lâm sản khác,Xuất khẩu,Export_Value,90.0,million_USD,Actual,PL8
a89585646ca185c2,2012,1,Cả nước,National,Trade,Các mặt hàng nhập khẩu chính,Xuất khẩu,Export_Value,821.0,million_USD,Actual,PL8
a5ba10edd36edb42,2012,1,Cả nước,National,Trade,Phân bón các loại,Xuất khẩu,Export_Volume,159.0,1000_ton,Actual,PL8
d63a72bef511414b,2012,1,Cả nước,National,Trade,Phân bón các loại,Xuất khẩu,Export_Value,69.0,million_USD,Actual,PL8
7f60ab8ba86eba66,2012,2,Cả nước,National,Investment,Cà phê,,Investment_Amount,215033.0,million_VND,Plan,PL9
ba3c564e1dc60e24,2012,2,Cả nước,National,Investment,Cà phê,,Investment_Amount,226945.0,million_VND,Cumulative,PL9
2ad268c63c6edf1d,2012,2,Cả nước,National,Investment,HOA KỲ ĐỨC ITALIA IN ĐÔ NÊ XI A NHẬT BẢN TÂY BAN NHA BỈ AN GIÊ RI PHI LIP PIN MÊ HI CÔ,,Investment_Amount,1.7609130241811796e+43,million_VND,Plan,PL9
a0cd1cebdd84767a,2012,2,Cả nước,National,Investment,HOA KỲ ĐỨC ITALIA IN ĐÔ NÊ XI A NHẬT BẢN TÂY BAN NHA BỈ AN GIÊ RI PHI LIP PIN MÊ HI CÔ,,Investment_Amount,4.064234132171702e+44,million_VND,Cumulative,PL9
d5c184012b57b8b6,2012,2,Cả nước,National,Investment,Cao su,,Investment_Amount,74390.0,million_VND,Plan,PL9
bd7caef33b20079b,2012,2,Cả nước,National,Investment,Cao su,,Investment_Amount,191704.0,million_VND,Cumulative,PL9
ddaa3837086859b3,2012,2,Cả nước,National,Investment,TRUNG QUỐC MALAIXIA ẤN ĐỘ ĐÀI LOAN HÀN QUỐC THỔ NHĨ KỲ ĐỨC HOA KỲ NHẬT BẢN IN ĐÔ NÊ XI A,,Investment_Amount,4.7437442298633415e+38,million_VND,Plan,PL9
01f2b56c70af1f7f,2012,2,Cả nước,National,Investment,TRUNG QUỐC MALAIXIA ẤN ĐỘ ĐÀI LOAN HÀN QUỐC THỔ NHĨ KỲ ĐỨC HOA KỲ NHẬT BẢN IN ĐÔ NÊ XI A,,Investment_Amount,1.093242121511244e+43,million_VND,Cumulative,PL9
2cca19be26904f6f,2012,2,Cả nước,National,Investment,Chè,,Investment_Amount,11244.0,million_VND,Plan,PL9
58b1f83156bbda86,2012,2,Cả nước,National,Investment,Chè,,Investment_Amount,13431.0,million_VND,Cumulative,PL9
76c38261b6f31995,2012,2,Cả nước,National,Investment,PAKIXTAN NGA ĐÀI LOAN IN ĐÔ NÊ XI A ARẬP XÊÚT TRUNG QUỐC BA LAN HOA KỲ ĐỨC TVQ ARẬP THỐNG NHẤT,,Investment_Amount,3.139149210454832e+32,million_VND,Plan,PL9
d53149d6f4fb2f3d,2012,2,Cả nước,National,Investment,PAKIXTAN NGA ĐÀI LOAN IN ĐÔ NÊ XI A ARẬP XÊÚT TRUNG QUỐC BA LAN HOA KỲ ĐỨC TVQ ARẬP THỐNG NHẤT,,Investment_Amount,2.30614171296104e+33,million_VND,Cumulative,PL9
968c4d386b8d3709,2012,2,Cả nước,National,Investment,Gạo,,Investment_Amount,536291.0,million_VND,Plan,PL9
e65dd6234084a06b,2012,2,Cả nước,National,Investment,Gạo,,Investment_Amount,146620.0,million_VND,Cumulative,PL9
0c0f9d2cf19baba5,2012,2,Cả nước,National,Investment,IN ĐÔ NÊ XI A MALAIXIA XINH GA PO ĐÀI LOAN HỒNG CÔNG GANA AN GIÊ RI TRUNG QUỐC PHI LIP PIN XÊ NÊ GAN,,Investment_Amount,2.0262547700209406e+42,million_VND,Plan,PL9
61c78bd38e166010,2012,2,Cả nước,National,Investment,IN ĐÔ NÊ XI A MALAIXIA XINH GA PO ĐÀI LOAN HỒNG CÔNG GANA AN GIÊ RI TRUNG QUỐC PHI LIP PIN XÊ NÊ GAN,,Investment_Amount,7.80422652477367e+41,million_VND,Cumulative,PL9
4015cb775e3fa98f,2012,2,Cả nước,National,Investment,Gỗ & sản phẩm gỗ,,Investment_Amount,288637.0,million_VND,Cumulative,PL9
19c1accd7df4a909,2012,2,Cả nước,National,Investment,HOA KỲ NHẬT BẢN TRUNG QUỐC HÀN QUỐC ĐỨC,,Investment_Amount,1.0181343531293513e+25,million_VND,Cumulative,PL9
f367e0004062a79d,2011,3,1. Gieo cấy lúa đông xuân cả nước,Provincial,Cultivation,Lúa,Đông Xuân,Area_Planted,30731.0,1000_ha,Actual,PL1
dc7e76cfc9aca67b,2012,3,1. Gieo cấy lúa đông xuân cả nước,Provincial,Cultivation,Lúa,Đông Xuân,Area_Planted,30675.0,1000_ha,Actual,PL1
04b5239291f99f7e,2011,3,+ Bắc Trung bộ,Provincial,Cultivation,Unknown,,Area_Planted,3402.0,1000_ha,Actual,PL1
3e5c72c2958ce96c,2012,3,+ Bắc Trung bộ,Provincial,Cultivation,Unknown,,Area_Planted,3433.0,1000_ha,Actual,PL1
53793d8e21304c9d,2011,3,- Miền Nam,Provincial,Cultivation,Unknown,,Area_Planted,19783.0,1000_ha,Actual,PL1
099d48ab789a0ead,2012,3,- Miền Nam,Provincial,Cultivation,Unknown,,Area_Planted,19485.0,1000_ha,Actual,PL1
7a6984b784b1ff19,2011,3,2. Thu hoạch lúa đông xuân miền Nam,Provincial,Cultivation,Lúa,Đông Xuân,Area_Harvested,10163.0,1000_ha,Actual,PL1
db0118718c3c600c,2012,3,2. Thu hoạch lúa đông xuân miền Nam,Provincial,Cultivation,Lúa,Đông Xuân,Area_Harvested,8354.0,1000_ha,Actual,PL1
60c8a25786bb81dc,2011,3,3. Gieo cấy lúa hè thu ở ĐBSCL,Provincial,Cultivation,Unknown,,Area_Planted,1975.0,1000_ha,Actual,PL1
54dde45f2c57c38a,2012,3,3. Gieo cấy lúa hè thu ở ĐBSCL,Provincial,Cultivation,Unknown,,Area_Planted,2142.0,1000_ha,Actual,PL1
146e21cb3b4ce859,2011,3,4. Gieo trồng màu lương thực(*),Provincial,Cultivation,Màu lương thực,,Area_Planted,5900.0,1000_ha,Actual,PL1
a6d24220ae773d63,2012,3,4. Gieo trồng màu lương thực(*),Provincial,Cultivation,Màu lương thực,,Area_Planted,5357.0,1000_ha,Actual,PL1
1097e0262d596e2f,2011,3,- Khoai lang,Provincial,Cultivation,Khoai lang,,Area_Planted,835.0,1000_ha,Actual,PL1
9f703847491a0520,2012,3,- Khoai lang,Provincial,Cultivation,Khoai lang,,Area_Planted,753.0,1000_ha,Actual,PL1
354dd349b91b5809,2011,3,- Sắn,Provincial,Cultivation,Sắn,,Area_Planted,1412.0,1000_ha,Actual,PL1
79d51b8ed9fecf62,2012,3,- Sắn,Provincial,Cultivation,Sắn,,Area_Planted,1202.0,1000_ha,Actual,PL1
779560130aa9e6dc,2011,3,5. Gieo trồng cây công nghiệp ngắn ngày(*),Provincial,Cultivation,Cây công nghiệp ngắn ngày,,Area_Planted,4382.0,1000_ha,Actual,PL1
a2076f1fb394ba86,2012,3,5. Gieo trồng cây công nghiệp ngắn ngày(*),Provincial,Cultivation,Cây công nghiệp ngắn ngày,,Area_Planted,3881.0,1000_ha,Actual,PL1
c2d0f5f01e57fd77,2011,3,- Lạc,Provincial,Cultivation,Lạc,,Area_Planted,1655.0,1000_ha,Actual,PL1
576629ba72df1f8b,2012,3,- Lạc,Provincial,Cultivation,Lạc,,Area_Planted,1517.0,1000_ha,Actual,PL1
e58e4a799f870df3,2011,3,- Mía,Provincial,Cultivation,Unknown,,Area_Planted,1339.0,1000_ha,Actual,PL1
3210fd17bb9e9281,2012,3,- Mía,Provincial,Cultivation,Unknown,,Area_Planted,1263.0,1000_ha,Actual,PL1
8ba1b52e6986bd04,2011,3,- Thuốc lá,Provincial,Cultivation,Unknown,,Area_Planted,169.0,1000_ha,Actual,PL1
00689ab8de7d4515,2012,3,- Thuốc lá,Provincial,Cultivation,Unknown,,Area_Planted,184.0,1000_ha,Actual,PL1
ac9e9c7599ed3232,2011,3,"6. Gieo trồng rau, đậu các loại(*)",Provincial,Cultivation,Rau đậu,,Area_Planted,4059.0,1000_ha,Actual,PL1
ec7bbbf9bb098b15,2012,3,"6. Gieo trồng rau, đậu các loại(*)",Provincial,Cultivation,Rau đậu,,Area_Planted,4276.0,1000_ha,Actual,PL1
99efd8d13b3aa2f0,2012,11,HOA KỲ,International,Trade,Bông các loại,Xuất khẩu,Export_Volume,12301.0,ton,Actual,PL11
5d74c9fb88e063e8,2012,11,HOA KỲ,International,Trade,Bông các loại,Xuất khẩu,Export_Value,32417.0,1000_USD,Actual,PL11
b3c014b5d6affd7a,2012,11,ẤN ĐỘ,International,Trade,Bông các loại,Xuất khẩu,Export_Volume,13522.0,ton,Actual,PL11
73e7cb89a0b2437c,2012,11,ẤN ĐỘ,International,Trade,Bông các loại,Xuất khẩu,Export_Value,27372.0,1000_USD,Actual,PL11
99954ada64ca563c,2012,11,BRAXIN,International,Trade,Bông các loại,Xuất khẩu,Export_Volume,6512.0,ton,Actual,PL11
0c76a7b581b80ab4,2012,11,BRAXIN,International,Trade,Bông các loại,Xuất khẩu,Export_Value,22424.0,1000_USD,Actual,PL11
252a88965376d572,2012,11,PAKIXTAN,International,Trade,Bông các loại,Xuất khẩu,Export_Volume,10748.0,ton,Actual,PL11
cebbc3fb0f1a6480,2012,11,PAKIXTAN,International,Trade,Bông các loại,Xuất khẩu,Export_Value,22082.0,1000_USD,Actual,PL11
22501831ce2f2910,2012,11,Ô X TRÂY LIA,International,Trade,Bông các loại,Xuất khẩu,Export_Volume,615.0,ton,Actual,PL11
925cde0390e82f85,2012,11,Ô X TRÂY LIA,International,Trade,Bông các loại,Xuất khẩu,Export_Value,2222.0,1000_USD,Actual,PL11
b4a8ca7baa4161b3,2012,11,BỜ BIỂN NGÀ,International,Trade,Bông các loại,Xuất khẩu,Export_Volume,401.0,ton,Actual,PL11
3c68b17fc9294d54,2012,11,BỜ BIỂN NGÀ,International,Trade,Bông các loại,Xuất khẩu,Export_Value,899.0,1000_USD,Actual,PL11
d74af27740d2a31a,2012,11,TRUNG QUỐC,International,Trade,Bông các loại,Xuất khẩu,Export_Volume,63.0,ton,Actual,PL11
fdb92bce38947d36,2012,11,TRUNG QUỐC,International,Trade,Bông các loại,Xuất khẩu,Export_Value,333.0,1000_USD,Actual,PL11
bb0f3d261f4f38e1,2012,11,ĐÀI LOAN,International,Trade,Bông các loại,Xuất khẩu,Export_Volume,131.0,ton,Actual,PL11
fd54c4ed070ba9a5,2012,11,ĐÀI LOAN,International,Trade,Bông các loại,Xuất khẩu,Export_Value,232.0,1000_USD,Actual,PL11
da5d566b486b90ae,2012,11,ITALIA,International,Trade,Bông các loại,Xuất khẩu,Export_Volume,185.0,ton,Actual,PL11
9e936daa879eae8f,2012,11,ITALIA,International,Trade,Bông các loại,Xuất khẩu,Export_Value,206.0,1000_USD,Actual,PL11
d8c4c142a31f43a6,2012,11,HÀN QUỐC,International,Trade,Bông các loại,Xuất khẩu,Export_Volume,52.0,ton,Actual,PL11
9927c5aa8cfdf984,2012,11,HÀN QUỐC,International,Trade,Bông các loại,Xuất khẩu,Export_Value,107.0,1000_USD,Actual,PL11
c064e0b086930ab7,2012,11,CAMPUCHIA,International,Trade,Cao su,Xuất khẩu,Export_Volume,11021.0,ton,Actual,PL11
a9831691493d1110,2012,11,CAMPUCHIA,International,Trade,Cao su,Xuất khẩu,Export_Value,36928.0,1000_USD,Actual,PL11
979573cca846db44,2012,11,HÀN QUỐC,International,Trade,Cao su,Xuất khẩu,Export_Volume,10285.0,ton,Actual,PL11
b7823fc52b8c215f,2012,11,HÀN QUỐC,International,Trade,Cao su,Xuất khẩu,Export_Value,32418.0,1000_USD,Actual,PL11
5b5392cea409950b,2012,11,NHẬT BẢN,International,Trade,Cao su,Xuất khẩu,Export_Volume,4730.0,ton,Actual,PL11
6f07933c822ad5f6,2012,11,NHẬT BẢN,International,Trade,Cao su,Xuất khẩu,Export_Value,13209.0,1000_USD,Actual,PL11
847dba57cd664e6e,2012,11,THÁI LAN,International,Trade,Cao su,Xuất khẩu,Export_Volume,4793.0,ton,Actual,PL11
8701b437557504d7,2012,11,THÁI LAN,International,Trade,Cao su,Xuất khẩu,Export_Value,12695.0,1000_USD,Actual,PL11
b516598c07e14bbf,2012,11,ĐÀI LOAN,International,Trade,Cao su,Xuất khẩu,Export_Volume,4385.0,ton,Actual,PL11
ac2a0d44daa3e6de,2012,11,ĐÀI LOAN,International,Trade,Cao su,Xuất khẩu,Export_Value,12167.0,1000_USD,Actual,PL11
275f81321197b637,2012,11,TRUNG QUỐC,International,Trade,Cao su,Xuất khẩu,Export_Volume,2425.0,ton,Actual,PL11
e83cc52ff7076cff,2012,11,TRUNG QUỐC,International,Trade,Cao su,Xuất khẩu,Export_Value,6425.0,1000_USD,Actual,PL11
f1e03928ebfd6550,2012,11,NGA,International,Trade,Cao su,Xuất khẩu,Export_Volume,1047.0,ton,Actual,PL11
9d6cec2ea7a77aef,2012,11,NGA,International,Trade,Cao su,Xuất khẩu,Export_Value,3537.0,1000_USD,Actual,PL11
844e6321918c6997,2012,11,HOA KỲ,International,Trade,Cao su,Xuất khẩu,Export_Volume,7579.0,ton,Actual,PL11
2eff3463a563971d,2012,11,HOA KỲ,International,Trade,Cao su,Xuất khẩu,Export_Value,2381.0,1000_USD,Actual,PL11
6ddc887d8de3519b,2012,11,PHÁP,International,Trade,Cao su,Xuất khẩu,Export_Volume,1267.0,ton,Actual,PL11
c5cba7efed5b6bc8,2012,11,PHÁP,International,Trade,Cao su,Xuất khẩu,Export_Value,2240.0,1000_USD,Actual,PL11
524041a78697ad08,2012,11,MALAIXIA,International,Trade,Cao su,Xuất khẩu,Export_Volume,1560.0,ton,Actual,PL11
f650b4d2a227ba24,2012,11,MALAIXIA,International,Trade,Cao su,Xuất khẩu,Export_Value,2093.0,1000_USD,Actual,PL11
16e6af00b2195b7f,2012,11,MALAIXIA,International,Trade,Dầu mỡ động thực vật,Xuất khẩu,Export_Value,52801.0,1000_USD,Actual,PL11
a0c088b705cd9cea,2012,11,IN ĐÔ NÊ XI A,International,Trade,Dầu mỡ động thực vật,Xuất khẩu,Export_Value,38707.0,1000_USD,Actual,PL11
ed07f3f01cc6b300,2012,11,THÁI LAN,International,Trade,Dầu mỡ động thực vật,Xuất khẩu,Export_Value,2843.0,1000_USD,Actual,PL11
ea97610b4defa7f4,2012,11,CHI LÊ,International,Trade,Dầu mỡ động thực vật,Xuất khẩu,Export_Value,1025.0,1000_USD,Actual,PL11
367510be6beb4be2,2012,11,HÀN QUỐC,International,Trade,Dầu mỡ động thực vật,Xuất khẩu,Export_Value,992.0,1000_USD,Actual,PL11
56a95be3123b6dd7,2012,11,ẤN ĐỘ,International,Trade,Dầu mỡ động thực vật,Xuất khẩu,Export_Value,842.0,1000_USD,Actual,PL11
39d7197b002801c6,2012,11,HOA KỲ,International,Trade,Dầu mỡ động thực vật,Xuất khẩu,Export_Value,534.0,1000_USD,Actual,PL11
d6adee080d435e1c,2012,11,TRUNG QUỐC,International,Trade,Dầu mỡ động thực vật,Xuất khẩu,Export_Value,530.0,1000_USD,Actual,PL11
c5d664a326dc7461,2012,11,Ô X TRÂY LIA,International,Trade,Dầu mỡ động thực vật,Xuất khẩu,Export_Value,442.0,1000_USD,Actual,PL11
982beb35f7ffb36d,2012,11,XINH GA PO,International,Trade,Dầu mỡ động thực vật,Xuất khẩu,Export_Value,143.0,1000_USD,Actual,PL11
46bed9f89f145aa8,2012,11,Ô X TRÂY LIA,International,Trade,Lúa mì,Xuất khẩu,Export_Volume,500462.0,ton,Actual,PL11
ee91beb0bff8b421,2012,11,Ô X TRÂY LIA,International,Trade,Lúa mì,Xuất khẩu,Export_Value,149312.0,1000_USD,Actual,PL11
60b51182be6c41a0,2012,11,HOA KỲ,International,Trade,Lúa mì,Xuất khẩu,Export_Volume,14501.0,ton,Actual,PL11
a9ba62a343e5c9b1,2012,11,HOA KỲ,International,Trade,Lúa mì,Xuất khẩu,Export_Value,5429.0,1000_USD,Actual,PL11
0d45a77fc1abc2de,2012,11,UCRAINA,International,Trade,Lúa mì,Xuất khẩu,Export_Volume,3771.0,ton,Actual,PL11
4c4c78622726e058,2012,11,UCRAINA,International,Trade,Lúa mì,Xuất khẩu,Export_Value,1009.0,1000_USD,Actual,PL11
405e6991116d623c,2012,11,NGA,International,Trade,Lúa mì,Xuất khẩu,Export_Volume,475.0,ton,Actual,PL11
c891704451e998db,2012,11,NGA,International,Trade,Lúa mì,Xuất khẩu,Export_Value,150.0,1000_USD,Actual,PL11
8d67e9cb84cccb87,2012,11,LÀO,International,Trade,Gỗ & sản phẩm gỗ,Xuất khẩu,Export_Value,57309.0,1000_USD,Actual,PL11
65fffe0fe27fa802,2012,11,HOA KỲ,International,Trade,Gỗ & sản phẩm gỗ,Xuất khẩu,Export_Value,26056.0,1000_USD,Actual,PL11
5612154e4a790cc6,2012,11,TRUNG QUỐC,International,Trade,Gỗ & sản phẩm gỗ,Xuất khẩu,Export_Value,22526.0,1000_USD,Actual,PL11
24a3e9ce8a5e1bde,2012,11,MALAIXIA,International,Trade,Gỗ & sản phẩm gỗ,Xuất khẩu,Export_Value,14545.0,1000_USD,Actual,PL11
5d4584e90adcdf84,2012,3,Miền Bắc,Provincial,Cultivation,Lúa,,Area_Planted,1119006.0,ha,Actual,PL2
5d4584e90adcdf84,2012,3,Miền Bắc,Provincial,Cultivation,Lúa,,Area_Planted,385420.0,ha,Actual,PL2
d42e85991b6d0301,2012,3,Miền Bắc,Provincial,Cultivation,Ngô,,Area_Planted,257035.0,ha,Actual,PL2
317262b3beee1bb2,2012,3,Miền Bắc,Provincial,Cultivation,Khoai lang,,Area_Planted,61439.0,ha,Actual,PL2
eb89c38ac06e79e8,2012,3,Miền Bắc,Provincial,Cultivation,Sắn,,Area_Planted,57998.0,ha,Actual,PL2
5d4584e90adcdf84,2012,3,Miền Bắc,Provincial,Cultivation,Lúa,,Area_Planted,8948.0,ha,Actual,PL2
3d055dead03f8e54,2012,3,ĐB sông Hồng,Provincial,Cultivation,Lúa,,Area_Planted,561407.0,ha,Actual,PL2
3d055dead03f8e54,2012,3,ĐB sông Hồng,Provincial,Cultivation,Lúa,,Area_Planted,92812.0,ha,Actual,PL2
0ec9c2fa22a45acb,2012,3,ĐB sông Hồng,Provincial,Cultivation,Ngô,,Area_Planted,67897.0,ha,Actual,PL2
f46ec90d3bbba2b9,2012,3,ĐB sông Hồng,Provincial,Cultivation,Khoai lang,,Area_Planted,19071.0,ha,Actual,PL2
bbcc44203bb62041,2012,3,ĐB sông Hồng,Provincial,Cultivation,Sắn,,Area_Planted,3106.0,ha,Actual,PL2
3d055dead03f8e54,2012,3,ĐB sông Hồng,Provincial,Cultivation,Lúa,,Area_Planted,2738.0,ha,Actual,PL2
1585ef4d6af1a8f9,2012,3,Hà Nội,Provincial,Cultivation,Lúa,,Area_Planted,100315.0,ha,Actual,PL2
1585ef4d6af1a8f9,2012,3,Hà Nội,Provincial,Cultivation,Lúa,,Area_Planted,20618.0,ha,Actual,PL2
2d5c16965ccf1b26,2012,3,Hà Nội,Provincial,Cultivation,Ngô,,Area_Planted,16482.0,ha,Actual,PL2
515bf159ec62a5e5,2012,3,Hà Nội,Provincial,Cultivation,Khoai lang,,Area_Planted,3573.0,ha,Actual,PL2
be86c63524337e9a,2012,3,Hà Nội,Provincial,Cultivation,Sắn,,Area_Planted,563.0,ha,Actual,PL2
0dbc98341e4b2cee,2012,3,Hải Phòng,Provincial,Cultivation,Lúa,,Area_Planted,38150.0,ha,Actual,PL2
0dbc98341e4b2cee,2012,3,Hải Phòng,Provincial,Cultivation,Lúa,,Area_Planted,3400.0,ha,Actual,PL2
ce6d05790e87f2af,2012,3,Hải Phòng,Provincial,Cultivation,Ngô,,Area_Planted,2000.0,ha,Actual,PL2
b143841f4d3bc1c5,2012,3,Hải Phòng,Provincial,Cultivation,Khoai lang,,Area_Planted,1400.0,ha,Actual,PL2
981999915c33d9ea,2012,3,Vĩnh Phúc,Provincial,Cultivation,Lúa,,Area_Planted,30930.0,ha,Actual,PL2
981999915c33d9ea,2012,3,Vĩnh Phúc,Provincial,Cultivation,Lúa,,Area_Planted,14144.0,ha,Actual,PL2
e4d7a43ac4f68f63,2012,3,Vĩnh Phúc,Provincial,Cultivation,Ngô,,Area_Planted,11038.0,ha,Actual,PL2
899d3939226d4d65,2012,3,Vĩnh Phúc,Provincial,Cultivation,Khoai lang,,Area_Planted,2084.0,ha,Actual,PL2
4090b6b4162bbb6f,2012,3,Vĩnh Phúc,Provincial,Cultivation,Sắn,,Area_Planted,863.0,ha,Actual,PL2
981999915c33d9ea,2012,3,Vĩnh Phúc,Provincial,Cultivation,Lúa,,Area_Planted,159.0,ha,Actual,PL2
8f83f1dfdc1ffbe8,2012,3,Bắc Ninh,Provincial,Cultivation,Lúa,,Area_Planted,36296.0,ha,Actual,PL2
8f83f1dfdc1ffbe8,2012,3,Bắc Ninh,Provincial,Cultivation,Lúa,,Area_Planted,4524.0,ha,Actual,PL2
ed9c1cd0a6bf4c9b,2012,3,Bắc Ninh,Provincial,Cultivation,Ngô,,Area_Planted,3889.0,ha,Actual,PL2
02141874e78e3c18,2012,3,Bắc Ninh,Provincial,Cultivation,Khoai lang,,Area_Planted,635.0,ha,Actual,PL2
7ea1a596bf79c527,2012,3,Hải Dương,Provincial,Cultivation,Lúa,,Area_Planted,63509.0,ha,Actual,PL2
7ea1a596bf79c527,2012,3,Hải Dương,Provincial,Cultivation,Lúa,,Area_Planted,3723.0,ha,Actual,PL2
75a3b16b2b5d0106,2012,3,Hải Dương,Provincial,Cultivation,Ngô,,Area_Planted,3533.0,ha,Actual,PL2
4a1bb5f2e7a55ec2,2012,3,Hải Dương,Provincial,Cultivation,Khoai lang,,Area_Planted,190.0,ha,Actual,PL2
9d4598fe097c7d70,2012,3,Hưng Yên,Provincial,Cultivation,Lúa,,Area_Planted,39500.0,ha,Actual,PL2
9d4598fe097c7d70,2012,3,Hưng Yên,Provincial,Cultivation,Lúa,,Area_Planted,8156.0,ha,Actual,PL2
fe67ca4ce544729b,2012,3,Hưng Yên,Provincial,Cultivation,Ngô,,Area_Planted,7542.0,ha,Actual,PL2
87753161bb6ee178,2012,3,Hưng Yên,Provincial,Cultivation,Khoai lang,,Area_Planted,614.0,ha,Actual,PL2
6cf3efc4d2402947,2012,3,Hà Nam,Provincial,Cultivation,Lúa,,Area_Planted,33000.0,ha,Actual,PL2
6cf3efc4d2402947,2012,3,Hà Nam,Provincial,Cultivation,Lúa,,Area_Planted,5662.0,ha,Actual,PL2
3d2855c23757fd30,2012,3,Hà Nam,Provincial,Cultivation,Ngô,,Area_Planted,5200.0,ha,Actual,PL2
4740845e0cf718de,2012,3,Hà Nam,Provincial,Cultivation,Khoai lang,,Area_Planted,462.0,ha,Actual,PL2
f1af11b56620666a,2012,3,Nam Định,Provincial,Cultivation,Lúa,,Area_Planted,77800.0,ha,Actual,PL2
f1af11b56620666a,2012,3,Nam Định,Provincial,Cultivation,Lúa,,Area_Planted,5564.0,ha,Actual,PL2
a0952484f104e4a5,2012,3,Nam Định,Provincial,Cultivation,Ngô,,Area_Planted,3164.0,ha,Actual,PL2
d24aa5c65d7995e1,2012,3,Nam Định,Provincial,Cultivation,Khoai lang,,Area_Planted,1500.0,ha,Actual,PL2
5eec71fec4ae3c0b,2012,3,Nam Định,Provincial,Cultivation,Sắn,,Area_Planted,200.0,ha,Actual,PL2
f1af11b56620666a,2012,3,Nam Định,Provincial,Cultivation,Lúa,,Area_Planted,700.0,ha,Actual,PL2
75db374b3e4ddff3,2012,3,Thái Bình,Provincial,Cultivation,Lúa,,Area_Planted,81360.0,ha,Actual,PL2
75db374b3e4ddff3,2012,3,Thái Bình,Provincial,Cultivation,Lúa,,Area_Planted,11516.0,ha,Actual,PL2
cf6884253f5dd549,2012,3,Thái Bình,Provincial,Cultivation,Ngô,,Area_Planted,6700.0,ha,Actual,PL2
9e56f90eca39000a,2012,3,Thái Bình,Provincial,Cultivation,Khoai lang,,Area_Planted,3660.0,ha,Actual,PL2
75db374b3e4ddff3,2012,3,Thái Bình,Provincial,Cultivation,Lúa,,Area_Planted,1156.0,ha,Actual,PL2
d6f5ce813dc2e6d4,2012,3,Ninh Bình,Provincial,Cultivation,Lúa,,Area_Planted,41786.0,ha,Actual,PL2
d6f5ce813dc2e6d4,2012,3,Ninh Bình,Provincial,Cultivation,Lúa,,Area_Planted,8229.0,ha,Actual,PL2
a39ff06963ec5f7b,2012,3,Ninh Bình,Provincial,Cultivation,Ngô,,Area_Planted,4616.0,ha,Actual,PL2
4752eca4bdf9f6a6,2012,3,Ninh Bình,Provincial,Cultivation,Khoai lang,,Area_Planted,2185.0,ha,Actual,PL2
778f6e781c7cf783,2012,3,Ninh Bình,Provincial,Cultivation,Sắn,,Area_Planted,907.0,ha,Actual,PL2
d6f5ce813dc2e6d4,2012,3,Ninh Bình,Provincial,Cultivation,Lúa,,Area_Planted,521.0,ha,Actual,PL2
c56c3d9dda1661e0,2012,3,Quảng Ninh,Provincial,Cultivation,Lúa,,Area_Planted,18761.0,ha,Actual,PL2
c56c3d9dda1661e0,2012,3,Quảng Ninh,Provincial,Cultivation,Lúa,,Area_Planted,7276.0,ha,Actual,PL2
bfb7e3ee3c82d747,2012,3,Quảng Ninh,Provincial,Cultivation,Ngô,,Area_Planted,3733.0,ha,Actual,PL2
c9a72ca1aad8eb15,2012,3,Quảng Ninh,Provincial,Cultivation,Khoai lang,,Area_Planted,2768.0,ha,Actual,PL2
2bcfc22f1c436dfd,2012,3,Quảng Ninh,Provincial,Cultivation,Sắn,,Area_Planted,573.0,ha,Actual,PL2
c56c3d9dda1661e0,2012,3,Quảng Ninh,Provincial,Cultivation,Lúa,,Area_Planted,202.0,ha,Actual,PL2
ce8826d680b4e15b,2012,3,TD và MN,Provincial,Cultivation,Lúa,,Area_Planted,214305.0,ha,Actual,PL2
ce8826d680b4e15b,2012,3,TD và MN,Provincial,Cultivation,Lúa,,Area_Planted,157673.0,ha,Actual,PL2
586cd57ecdbce741,2012,3,TD và MN,Provincial,Cultivation,Ngô,,Area_Planted,111664.0,ha,Actual,PL2
bf45414b8d0e1a0f,2012,3,TD và MN,Provincial,Cultivation,Khoai lang,,Area_Planted,19829.0,ha,Actual,PL2
9c014bff64455d93,2012,3,TD và MN,Provincial,Cultivation,Sắn,,Area_Planted,22809.0,ha,Actual,PL2
ce8826d680b4e15b,2012,3,TD và MN,Provincial,Cultivation,Lúa,,Area_Planted,3371.0,ha,Actual,PL2
45a4ff0571ba3586,2012,3,Hà Giang,Provincial,Cultivation,Lúa,,Area_Planted,7693.0,ha,Actual,PL2
45a4ff0571ba3586,2012,3,Hà Giang,Provincial,Cultivation,Lúa,,Area_Planted,22244.0,ha,Actual,PL2
a3dc95c634455f03,2012,3,Hà Giang,Provincial,Cultivation,Ngô,,Area_Planted,21766.0,ha,Actual,PL2
ea203e870d7512d8,2012,3,Hà Giang,Provincial,Cultivation,Khoai lang,,Area_Planted,478.0,ha,Actual,PL2
fb93887b2e169991,2012,3,ằ  Cao Bng,Provincial,Cultivation,Lúa,,Area_Planted,435.0,ha,Actual,PL2
fb93887b2e169991,2012,3,ằ  Cao Bng,Provincial,Cultivation,Lúa,,Area_Planted,16327.0,ha,Actual,PL2
b7b47e3dd24526c8,2012,3,ằ  Cao Bng,Provincial,Cultivation,Ngô,,Area_Planted,15440.0,ha,Actual,PL2
ce6c6de89d6754e4,2012,3,ằ  Cao Bng,Provincial,Cultivation,Khoai lang,,Area_Planted,776.0,ha,Actual,PL2
fb93887b2e169991,2012,3,ằ  Cao Bng,Provincial,Cultivation,Lúa,,Area_Planted,111.0,ha,Actual,PL2
bdd9dfdce6c1152d,2012,3,Lào Cai,Provincial,Cultivation,Lúa,,Area_Planted,6852.0,ha,Actual,PL2
bdd9dfdce6c1152d,2012,3,Lào Cai,Provincial,Cultivation,Lúa,,Area_Planted,7571.0,ha,Actual,PL2
d9c500c3c59d3be9,2012,3,Lào Cai,Provincial,Cultivation,Ngô,,Area_Planted,7041.0,ha,Actual,PL2
1ed4b6151a05f242,2012,3,Lào Cai,Provincial,Cultivation,Khoai lang,,Area_Planted,480.0,ha,Actual,PL2
72fa58ffcbd415e6,2012,3,Lào Cai,Provincial,Cultivation,Sắn,,Area_Planted,50.0,ha,Actual,PL2
c6e4f8d2973fe953,2012,3,Bắc Cạn,Provincial,Cultivation,Lúa,,Area_Planted,4374.0,ha,Actual,PL2
c6e4f8d2973fe953,2012,3,Bắc Cạn,Provincial,Cultivation,Lúa,,Area_Planted,6031.0,ha,Actual,PL2
85f2ee442ec03d62,2012,3,Bắc Cạn,Provincial,Cultivation,Ngô,,Area_Planted,4673.0,ha,Actual,PL2
61ea6f3aceca95c1,2012,3,Bắc Cạn,Provincial,Cultivation,Khoai lang,,Area_Planted,27.0,ha,Actual,PL2
6afea2dd156d0774,2012,3,Bắc Cạn,Provincial,Cultivation,Sắn,,Area_Planted,67.0,ha,Actual,PL2
c6e4f8d2973fe953,2012,3,Bắc Cạn,Provincial,Cultivation,Lúa,,Area_Planted,1264.0,ha,Actual,PL2
bb1ccb7d777288b6,2012,3,Lạng Sơn,Provincial,Cultivation,Lúa,,Area_Planted,3500.0,ha,Actual,PL2
bb1ccb7d777288b6,2012,3,Lạng Sơn,Provincial,Cultivation,Lúa,,Area_Planted,6039.0,ha,Actual,PL2
65831b0da925bb75,2012,3,Lạng Sơn,Provincial,Cultivation,Ngô,,Area_Planted,5117.0,ha,Actual,PL2
961c0f0d003e6b85,2012,3,Lạng Sơn,Provincial,Cultivation,Khoai lang,,Area_Planted,350.0,ha,Actual,PL2
bb1ccb7d777288b6,2012,3,Lạng Sơn,Provincial,Cultivation,Lúa,,Area_Planted,572.0,ha,Actual,PL2
48dc5b3b8a94ad65,2012,3,Tuyên Quang,Provincial,Cultivation,Lúa,,Area_Planted,20039.0,ha,Actual,PL2
48dc5b3b8a94ad65,2012,3,Tuyên Quang,Provincial,Cultivation,Lúa,,Area_Planted,9151.0,ha,Actual,PL2
48b11a72d29d39b2,2012,3,Tuyên Quang,Provincial,Cultivation,Ngô,,Area_Planted,6904.0,ha,Actual,PL2
a56d8fb04f959eb4,2012,3,Tuyên Quang,Provincial,Cultivation,Khoai lang,,Area_Planted,2247.0,ha,Actual,PL2
53a58a5634b2e4d2,2012,3,Yên Bái,Provincial,Cultivation,Lúa,,Area_Planted,17916.0,ha,Actual,PL2
53a58a5634b2e4d2,2012,3,Yên Bái,Provincial,Cultivation,Lúa,,Area_Planted,17797.0,ha,Actual,PL2
0f919b570ac651b9,2012,3,Yên Bái,Provincial,Cultivation,Ngô,,Area_Planted,10266.0,ha,Actual,PL2
a81161cc6c1888bc,2012,3,Yên Bái,Provincial,Cultivation,Khoai lang,,Area_Planted,2125.0,ha,Actual,PL2
0f79242f6e7d002e,2012,3,Yên Bái,Provincial,Cultivation,Sắn,,Area_Planted,5406.0,ha,Actual,PL2
e3576ef6b384d96a,2012,3,Thái Nguyên,Provincial,Cultivation,Lúa,,Area_Planted,28817.0,ha,Actual,PL2
e3576ef6b384d96a,2012,3,Thái Nguyên,Provincial,Cultivation,Lúa,,Area_Planted,16037.0,ha,Actual,PL2
68fe9273bd529b96,2012,3,Thái Nguyên,Provincial,Cultivation,Ngô,,Area_Planted,11121.0,ha,Actual,PL2
aaa945090687fd92,2012,3,Thái Nguyên,Provincial,Cultivation,Khoai lang,,Area_Planted,4916.0,ha,Actual,PL2
636538261da8bd4c,2012,3,Phú Thọ,Provincial,Cultivation,Lúa,,Area_Planted,36617.0,ha,Actual,PL2
636538261da8bd4c,2012,3,Phú Thọ,Provincial,Cultivation,Lúa,,Area_Planted,14899.0,ha,Actual,PL2
4a065574a78c1140,2012,3,Phú Thọ,Provincial,Cultivation,Ngô,,Area_Planted,8580.0,ha,Actual,PL2
ee77708c124c2171,2012,3,Phú Thọ,Provincial,Cultivation,Khoai lang,,Area_Planted,1319.0,ha,Actual,PL2
5bd2970ce1c7683a,2012,3,Phú Thọ,Provincial,Cultivation,Sắn,,Area_Planted,5000.0,ha,Actual,PL2
b5f34e75d1d51c33,2012,3,Bắc Giang,Provincial,Cultivation,Lúa,,Area_Planted,49716.0,ha,Actual,PL2
b5f34e75d1d51c33,2012,3,Bắc Giang,Provincial,Cultivation,Lúa,,Area_Planted,11109.0,ha,Actual,PL2
b98439946bc850a4,2012,3,Bắc Giang,Provincial,Cultivation,Ngô,,Area_Planted,5731.0,ha,Actual,PL2
6a76bcff68bcdebc,2012,3,Bắc Giang,Provincial,Cultivation,Khoai lang,,Area_Planted,5187.0,ha,Actual,PL2
b5f34e75d1d51c33,2012,3,Bắc Giang,Provincial,Cultivation,Lúa,,Area_Planted,191.0,ha,Actual,PL2
bb629c562828684e,2012,3,Lai Châu,Provincial,Cultivation,Lúa,,Area_Planted,5395.0,ha,Actual,PL2
bb629c562828684e,2012,3,Lai Châu,Provincial,Cultivation,Lúa,,Area_Planted,1148.0,ha,Actual,PL2
d689fceb7c9f51ee,2012,3,Lai Châu,Provincial,Cultivation,Ngô,,Area_Planted,1117.0,ha,Actual,PL2
5841d49f4819f505,2012,3,Lai Châu,Provincial,Cultivation,Sắn,,Area_Planted,31.0,ha,Actual,PL2
e54556080a2a880f,2012,3,Điện Biên,Provincial,Cultivation,Lúa,,Area_Planted,8174.0,ha,Actual,PL2
e54556080a2a880f,2012,3,Điện Biên,Provincial,Cultivation,Lúa,,Area_Planted,1089.0,ha,Actual,PL2
81a7f80d5a981229,2012,3,Điện Biên,Provincial,Cultivation,Ngô,,Area_Planted,208.0,ha,Actual,PL2
11cac12b184c90a8,2012,3,Điện Biên,Provincial,Cultivation,Khoai lang,,Area_Planted,46.0,ha,Actual,PL2
71b36bcc87ee872b,2012,3,Điện Biên,Provincial,Cultivation,Sắn,,Area_Planted,835.0,ha,Actual,PL2
9c367c56fdf5dcc8,2012,3,Sơn La,Provincial,Cultivation,Lúa,,Area_Planted,8976.0,ha,Actual,PL2
9c367c56fdf5dcc8,2012,3,Sơn La,Provincial,Cultivation,Lúa,,Area_Planted,6853.0,ha,Actual,PL2
f49081e9b1c2269c,2012,3,Sơn La,Provincial,Cultivation,Ngô,,Area_Planted,200.0,ha,Actual,PL2
a304f1610f2c66c4,2012,3,Sơn La,Provincial,Cultivation,Sắn,,Area_Planted,6420.0,ha,Actual,PL2
9c367c56fdf5dcc8,2012,3,Sơn La,Provincial,Cultivation,Lúa,,Area_Planted,233.0,ha,Actual,PL2
5e3a2315ecd12bcb,2012,3,Hoà Bình,Provincial,Cultivation,Lúa,,Area_Planted,15800.0,ha,Actual,PL2
5e3a2315ecd12bcb,2012,3,Hoà Bình,Provincial,Cultivation,Lúa,,Area_Planted,21378.0,ha,Actual,PL2
4d8ce8e2784f63d0,2012,3,Hoà Bình,Provincial,Cultivation,Ngô,,Area_Planted,13500.0,ha,Actual,PL2
5175b640ce5a2a84,2012,3,Hoà Bình,Provincial,Cultivation,Khoai lang,,Area_Planted,1878.0,ha,Actual,PL2
973396fd64241668,2012,3,Hoà Bình,Provincial,Cultivation,Sắn,,Area_Planted,5000.0,ha,Actual,PL2
5e3a2315ecd12bcb,2012,3,Hoà Bình,Provincial,Cultivation,Lúa,,Area_Planted,1000.0,ha,Actual,PL2
d7a03acc84b0e00c,2012,3,Bắc Trung Bộ,Provincial,Cultivation,Lúa,,Area_Planted,343294.0,ha,Actual,PL2
d7a03acc84b0e00c,2012,3,Bắc Trung Bộ,Provincial,Cultivation,Lúa,,Area_Planted,134935.0,ha,Actual,PL2
63129fa97852573d,2012,3,Bắc Trung Bộ,Provincial,Cultivation,Ngô,,Area_Planted,77474.0,ha,Actual,PL2
b56a42b7de735253,2012,3,Bắc Trung Bộ,Provincial,Cultivation,Khoai lang,,Area_Planted,22539.0,ha,Actual,PL2
fbb06df5b19426c8,2012,3,Bắc Trung Bộ,Provincial,Cultivation,Sắn,,Area_Planted,32083.0,ha,Actual,PL2
d7a03acc84b0e00c,2012,3,Bắc Trung Bộ,Provincial,Cultivation,Lúa,,Area_Planted,2839.0,ha,Actual,PL2
359ccaa42e592593,2012,3,Thanh Hoá,Provincial,Cultivation,Lúa,,Area_Planted,120969.0,ha,Actual,PL2
359ccaa42e592593,2012,3,Thanh Hoá,Provincial,Cultivation,Lúa,,Area_Planted,47524.0,ha,Actual,PL2
32ac3fcf8b8f9ad2,2012,3,Thanh Hoá,Provincial,Cultivation,Ngô,,Area_Planted,27961.0,ha,Actual,PL2
9d69fb3733eaacd2,2012,3,Thanh Hoá,Provincial,Cultivation,Khoai lang,,Area_Planted,5615.0,ha,Actual,PL2
fb0d3966e220d753,2012,3,Thanh Hoá,Provincial,Cultivation,Sắn,,Area_Planted,13000.0,ha,Actual,PL2
359ccaa42e592593,2012,3,Thanh Hoá,Provincial,Cultivation,Lúa,,Area_Planted,948.0,ha,Actual,PL2
8af1535ad09804b3,2012,3,Nghệ An,Provincial,Cultivation,Lúa,,Area_Planted,88000.0,ha,Actual,PL2
8af1535ad09804b3,2012,3,Nghệ An,Provincial,Cultivation,Lúa,,Area_Planted,47909.0,ha,Actual,PL2
1eb20f67cfb4bd86,2012,3,Nghệ An,Provincial,Cultivation,Ngô,,Area_Planted,38794.0,ha,Actual,PL2
5e58e02d946039ca,2012,3,Nghệ An,Provincial,Cultivation,Khoai lang,,Area_Planted,7224.0,ha,Actual,PL2
8af1535ad09804b3,2012,3,Nghệ An,Provincial,Cultivation,Lúa,,Area_Planted,1891.0,ha,Actual,PL2
2c92d527a01b749c,2012,3,Hà Tĩnh,Provincial,Cultivation,Lúa,,Area_Planted,54376.0,ha,Actual,PL2
2c92d527a01b749c,2012,3,Hà Tĩnh,Provincial,Cultivation,Lúa,,Area_Planted,5300.0,ha,Actual,PL2
d8274c4fe4c93a66,2012,3,Hà Tĩnh,Provincial,Cultivation,Ngô,,Area_Planted,3100.0,ha,Actual,PL2
8af597dfe21fc738,2012,3,Hà Tĩnh,Provincial,Cultivation,Khoai lang,,Area_Planted,2200.0,ha,Actual,PL2
041e5fda756fcd44,2012,3,Quảng Bình,Provincial,Cultivation,Lúa,,Area_Planted,28200.0,ha,Actual,PL2
041e5fda756fcd44,2012,3,Quảng Bình,Provincial,Cultivation,Lúa,,Area_Planted,13800.0,ha,Actual,PL2
6db612933bc0868c,2012,3,Quảng Bình,Provincial,Cultivation,Ngô,,Area_Planted,4000.0,ha,Actual,PL2
d8824e03634fc242,2012,3,Quảng Bình,Provincial,Cultivation,Khoai lang,,Area_Planted,4000.0,ha,Actual,PL2
413057dd894ad0b5,2012,3,Quảng Bình,Provincial,Cultivation,Sắn,,Area_Planted,5800.0,ha,Actual,PL2
bcc169365b8b5940,2012,3,Quảng Trị,Provincial,Cultivation,Lúa,,Area_Planted,24349.0,ha,Actual,PL2
bcc169365b8b5940,2012,3,Quảng Trị,Provincial,Cultivation,Lúa,,Area_Planted,11689.0,ha,Actual,PL2
7c3712c0c94d55ad,2012,3,Quảng Trị,Provincial,Cultivation,Ngô,,Area_Planted,2306.0,ha,Actual,PL2
729f9a1ea23886a3,2012,3,Quảng Trị,Provincial,Cultivation,Khoai lang,,Area_Planted,2000.0,ha,Actual,PL2
1a67552d2e5077d5,2012,3,Quảng Trị,Provincial,Cultivation,Sắn,,Area_Planted,7383.0,ha,Actual,PL2
255de9655297f7a4,2012,3,Thừa Thiên Huế,Provincial,Cultivation,Lúa,,Area_Planted,27400.0,ha,Actual,PL2
255de9655297f7a4,2012,3,Thừa Thiên Huế,Provincial,Cultivation,Lúa,,Area_Planted,8713.0,ha,Actual,PL2
8163062dd4728a7d,2012,3,Thừa Thiên Huế,Provincial,Cultivation,Ngô,,Area_Planted,1313.0,ha,Actual,PL2
4d0b488ab9ff5035,2012,3,Thừa Thiên Huế,Provincial,Cultivation,Khoai lang,,Area_Planted,1500.0,ha,Actual,PL2
0b87c938ab16de3d,2012,3,Thừa Thiên Huế,Provincial,Cultivation,Sắn,,Area_Planted,5900.0,ha,Actual,PL2
b8a166d1ded9dee5,2012,3,Miền Nam,Provincial,Cultivation,Lúa,,Area_Planted,835422.0,ha,Actual,PL3
b8a166d1ded9dee5,2012,3,Miền Nam,Provincial,Cultivation,Lúa,,Area_Planted,425.0,ha,Actual,PL3
b8a166d1ded9dee5,2012,3,Miền Nam,Provincial,Cultivation,Lúa,,Area_Planted,672.0,ha,Actual,PL3
b8a166d1ded9dee5,2012,3,Miền Nam,Provincial,Cultivation,Lúa,,Area_Planted,214249.0,ha,Actual,PL3
b8a166d1ded9dee5,2012,3,Miền Nam,Provincial,Cultivation,Lúa,,Area_Planted,150252.0,ha,Actual,PL3
b8a166d1ded9dee5,2012,3,Miền Nam,Provincial,Cultivation,Lúa,,Area_Planted,66690.0,ha,Actual,PL3
b8a166d1ded9dee5,2012,3,Miền Nam,Provincial,Cultivation,Lúa,,Area_Planted,13875.0,ha,Actual,PL3
b8a166d1ded9dee5,2012,3,Miền Nam,Provincial,Cultivation,Lúa,,Area_Planted,62246.0,ha,Actual,PL3
b8a166d1ded9dee5,2012,3,Miền Nam,Provincial,Cultivation,Lúa,,Area_Planted,7440.0,ha,Actual,PL3
aeb3e0529478927f,2012,3,D.H Nam Tr. Bộ,Provincial,Cultivation,Lúa,,Area_Planted,15288.0,ha,Actual,PL3
aeb3e0529478927f,2012,3,D.H Nam Tr. Bộ,Provincial,Cultivation,Lúa,,Area_Planted,45.0,ha,Actual,PL3
aeb3e0529478927f,2012,3,D.H Nam Tr. Bộ,Provincial,Cultivation,Lúa,,Area_Planted,572.0,ha,Actual,PL3
aeb3e0529478927f,2012,3,D.H Nam Tr. Bộ,Provincial,Cultivation,Lúa,,Area_Planted,56783.0,ha,Actual,PL3
aeb3e0529478927f,2012,3,D.H Nam Tr. Bộ,Provincial,Cultivation,Lúa,,Area_Planted,22638.0,ha,Actual,PL3
aeb3e0529478927f,2012,3,D.H Nam Tr. Bộ,Provincial,Cultivation,Lúa,,Area_Planted,3736.0,ha,Actual,PL3
aeb3e0529478927f,2012,3,D.H Nam Tr. Bộ,Provincial,Cultivation,Lúa,,Area_Planted,30260.0,ha,Actual,PL3
aeb3e0529478927f,2012,3,D.H Nam Tr. Bộ,Provincial,Cultivation,Lúa,,Area_Planted,149.0,ha,Actual,PL3
e410fa1062cc3194,2012,3,TP Đà Nẵng,Provincial,Cultivation,Lúa,,Area_Planted,564.0,ha,Actual,PL3
e410fa1062cc3194,2012,3,TP Đà Nẵng,Provincial,Cultivation,Lúa,,Area_Planted,290.0,ha,Actual,PL3
e410fa1062cc3194,2012,3,TP Đà Nẵng,Provincial,Cultivation,Lúa,,Area_Planted,204.0,ha,Actual,PL3
e410fa1062cc3194,2012,3,TP Đà Nẵng,Provincial,Cultivation,Lúa,,Area_Planted,70.0,ha,Actual,PL3
5bc6b8b8bd0bd4ce,2012,3,Quảng Nam,Provincial,Cultivation,Lúa,,Area_Planted,18930.0,ha,Actual,PL3
5bc6b8b8bd0bd4ce,2012,3,Quảng Nam,Provincial,Cultivation,Lúa,,Area_Planted,5876.0,ha,Actual,PL3
5bc6b8b8bd0bd4ce,2012,3,Quảng Nam,Provincial,Cultivation,Lúa,,Area_Planted,2929.0,ha,Actual,PL3
5bc6b8b8bd0bd4ce,2012,3,Quảng Nam,Provincial,Cultivation,Lúa,,Area_Planted,10125.0,ha,Actual,PL3
c28c40488aec2961,2012,3,Quảng Ngãi,Provincial,Cultivation,Lúa,,Area_Planted,1548.0,ha,Actual,PL3
c28c40488aec2961,2012,3,Quảng Ngãi,Provincial,Cultivation,Lúa,,Area_Planted,42.0,ha,Actual,PL3
c28c40488aec2961,2012,3,Quảng Ngãi,Provincial,Cultivation,Lúa,,Area_Planted,350.0,ha,Actual,PL3
c28c40488aec2961,2012,3,Quảng Ngãi,Provincial,Cultivation,Lúa,,Area_Planted,16319.0,ha,Actual,PL3
c28c40488aec2961,2012,3,Quảng Ngãi,Provincial,Cultivation,Lúa,,Area_Planted,4748.0,ha,Actual,PL3
c28c40488aec2961,2012,3,Quảng Ngãi,Provincial,Cultivation,Lúa,,Area_Planted,11571.0,ha,Actual,PL3
03399f95e72f22e7,2012,3,Bình Định,Provincial,Cultivation,Lúa,,Area_Planted,4910.0,ha,Actual,PL3
03399f95e72f22e7,2012,3,Bình Định,Provincial,Cultivation,Lúa,,Area_Planted,103.0,ha,Actual,PL3
03399f95e72f22e7,2012,3,Bình Định,Provincial,Cultivation,Lúa,,Area_Planted,591.0,ha,Actual,PL3
03399f95e72f22e7,2012,3,Bình Định,Provincial,Cultivation,Lúa,,Area_Planted,2270.0,ha,Actual,PL3
03399f95e72f22e7,2012,3,Bình Định,Provincial,Cultivation,Lúa,,Area_Planted,2270.0,ha,Actual,PL3
e56b1f1819411809,2012,3,Phú Yên,Provincial,Cultivation,Lúa,,Area_Planted,9996.0,ha,Actual,PL3
e56b1f1819411809,2012,3,Phú Yên,Provincial,Cultivation,Lúa,,Area_Planted,1941.0,ha,Actual,PL3
e56b1f1819411809,2012,3,Phú Yên,Provincial,Cultivation,Lúa,,Area_Planted,183.0,ha,Actual,PL3
e56b1f1819411809,2012,3,Phú Yên,Provincial,Cultivation,Lúa,,Area_Planted,7751.0,ha,Actual,PL3
e56b1f1819411809,2012,3,Phú Yên,Provincial,Cultivation,Lúa,,Area_Planted,121.0,ha,Actual,PL3
0ac5f79931370cb3,2012,3,Khánh Hoà,Provincial,Cultivation,Lúa,,Area_Planted,5630.0,ha,Actual,PL3
0ac5f79931370cb3,2012,3,Khánh Hoà,Provincial,Cultivation,Lúa,,Area_Planted,287.0,ha,Actual,PL3
0ac5f79931370cb3,2012,3,Khánh Hoà,Provincial,Cultivation,Lúa,,Area_Planted,1329.0,ha,Actual,PL3
0ac5f79931370cb3,2012,3,Khánh Hoà,Provincial,Cultivation,Lúa,,Area_Planted,1231.0,ha,Actual,PL3
0ac5f79931370cb3,2012,3,Khánh Hoà,Provincial,Cultivation,Lúa,,Area_Planted,98.0,ha,Actual,PL3
52852a32c7310d17,2012,3,Ninh Thuận,Provincial,Cultivation,Lúa,,Area_Planted,3200.0,ha,Actual,PL3
52852a32c7310d17,2012,3,Ninh Thuận,Provincial,Cultivation,Lúa,,Area_Planted,224.0,ha,Actual,PL3
52852a32c7310d17,2012,3,Ninh Thuận,Provincial,Cultivation,Lúa,,Area_Planted,650.0,ha,Actual,PL3
52852a32c7310d17,2012,3,Ninh Thuận,Provincial,Cultivation,Lúa,,Area_Planted,3079.0,ha,Actual,PL3
52852a32c7310d17,2012,3,Ninh Thuận,Provincial,Cultivation,Lúa,,Area_Planted,2893.0,ha,Actual,PL3
52852a32c7310d17,2012,3,Ninh Thuận,Provincial,Cultivation,Lúa,,Area_Planted,55.0,ha,Actual,PL3
52852a32c7310d17,2012,3,Ninh Thuận,Provincial,Cultivation,Lúa,,Area_Planted,131.0,ha,Actual,PL3
2880f57cdf278f15,2012,3,Bình Thuận,Provincial,Cultivation,Lúa,,Area_Planted,4296.0,ha,Actual,PL3
2880f57cdf278f15,2012,3,Bình Thuận,Provincial,Cultivation,Lúa,,Area_Planted,3389.0,ha,Actual,PL3
2880f57cdf278f15,2012,3,Bình Thuận,Provincial,Cultivation,Lúa,,Area_Planted,267.0,ha,Actual,PL3
2880f57cdf278f15,2012,3,Bình Thuận,Provincial,Cultivation,Lúa,,Area_Planted,612.0,ha,Actual,PL3
2880f57cdf278f15,2012,3,Bình Thuận,Provincial,Cultivation,Lúa,,Area_Planted,28.0,ha,Actual,PL3
cc09a2dfb69da9ea,2012,3,Tây Nguyên,Provincial,Cultivation,Lúa,,Area_Planted,944.0,ha,Actual,PL3
cc09a2dfb69da9ea,2012,3,Tây Nguyên,Provincial,Cultivation,Lúa,,Area_Planted,20630.0,ha,Actual,PL3
cc09a2dfb69da9ea,2012,3,Tây Nguyên,Provincial,Cultivation,Lúa,,Area_Planted,13032.0,ha,Actual,PL3
cc09a2dfb69da9ea,2012,3,Tây Nguyên,Provincial,Cultivation,Lúa,,Area_Planted,1771.0,ha,Actual,PL3
cc09a2dfb69da9ea,2012,3,Tây Nguyên,Provincial,Cultivation,Lúa,,Area_Planted,5636.0,ha,Actual,PL3
cc09a2dfb69da9ea,2012,3,Tây Nguyên,Provincial,Cultivation,Lúa,,Area_Planted,191.0,ha,Actual,PL3
f8911777782d9b4c,2012,3,Kon Tum,Provincial,Cultivation,Lúa,,Area_Planted,685.0,ha,Actual,PL3
f8911777782d9b4c,2012,3,Kon Tum,Provincial,Cultivation,Lúa,,Area_Planted,685.0,ha,Actual,PL3
22347c6de410cf4e,2012,3,Gia Lai,Provincial,Cultivation,Lúa,,Area_Planted,9334.0,ha,Actual,PL3
22347c6de410cf4e,2012,3,Gia Lai,Provincial,Cultivation,Lúa,,Area_Planted,4127.0,ha,Actual,PL3
22347c6de410cf4e,2012,3,Gia Lai,Provincial,Cultivation,Lúa,,Area_Planted,395.0,ha,Actual,PL3
22347c6de410cf4e,2012,3,Gia Lai,Provincial,Cultivation,Lúa,,Area_Planted,4811.0,ha,Actual,PL3
22347c6de410cf4e,2012,3,Gia Lai,Provincial,Cultivation,Lúa,,Area_Planted,1.0,ha,Actual,PL3
e914eb313392bc44,2012,3,Đắc Lắc,Provincial,Cultivation,Lúa,,Area_Planted,944.0,ha,Actual,PL3
e914eb313392bc44,2012,3,Đắc Lắc,Provincial,Cultivation,Lúa,,Area_Planted,29.0,ha,Actual,PL3
e914eb313392bc44,2012,3,Đắc Lắc,Provincial,Cultivation,Lúa,,Area_Planted,500.0,ha,Actual,PL3
e914eb313392bc44,2012,3,Đắc Lắc,Provincial,Cultivation,Lúa,,Area_Planted,4903.0,ha,Actual,PL3
e914eb313392bc44,2012,3,Đắc Lắc,Provincial,Cultivation,Lúa,,Area_Planted,3341.0,ha,Actual,PL3
e914eb313392bc44,2012,3,Đắc Lắc,Provincial,Cultivation,Lúa,,Area_Planted,547.0,ha,Actual,PL3
e914eb313392bc44,2012,3,Đắc Lắc,Provincial,Cultivation,Lúa,,Area_Planted,825.0,ha,Actual,PL3
e914eb313392bc44,2012,3,Đắc Lắc,Provincial,Cultivation,Lúa,,Area_Planted,190.0,ha,Actual,PL3
8408a1b5e31c5077,2012,3,Đắc Nông,Provincial,Cultivation,Lúa,,Area_Planted,4064.0,ha,Actual,PL3
8408a1b5e31c5077,2012,3,Đắc Nông,Provincial,Cultivation,Lúa,,Area_Planted,3235.0,ha,Actual,PL3
8408a1b5e31c5077,2012,3,Đắc Nông,Provincial,Cultivation,Lúa,,Area_Planted,829.0,ha,Actual,PL3
9c73ba86ae3a51c4,2012,3,Lâm Đồng,Provincial,Cultivation,Lúa,,Area_Planted,1644.0,ha,Actual,PL3
9c73ba86ae3a51c4,2012,3,Lâm Đồng,Provincial,Cultivation,Lúa,,Area_Planted,1644.0,ha,Actual,PL3
370c691e229739d1,2012,3,Đông Nam Bộ,Provincial,Cultivation,Lúa,,Area_Planted,25786.0,ha,Actual,PL3
370c691e229739d1,2012,3,Đông Nam Bộ,Provincial,Cultivation,Lúa,,Area_Planted,328.0,ha,Actual,PL3
370c691e229739d1,2012,3,Đông Nam Bộ,Provincial,Cultivation,Lúa,,Area_Planted,517.0,ha,Actual,PL3
370c691e229739d1,2012,3,Đông Nam Bộ,Provincial,Cultivation,Lúa,,Area_Planted,41125.0,ha,Actual,PL3
370c691e229739d1,2012,3,Đông Nam Bộ,Provincial,Cultivation,Lúa,,Area_Planted,14841.0,ha,Actual,PL3
370c691e229739d1,2012,3,Đông Nam Bộ,Provincial,Cultivation,Lúa,,Area_Planted,399.0,ha,Actual,PL3
370c691e229739d1,2012,3,Đông Nam Bộ,Provincial,Cultivation,Lúa,,Area_Planted,24901.0,ha,Actual,PL3
370c691e229739d1,2012,3,Đông Nam Bộ,Provincial,Cultivation,Lúa,,Area_Planted,984.0,ha,Actual,PL3
1f87c1903e8743d5,2012,3,Bình Phước,Provincial,Cultivation,Lúa,,Area_Planted,2670.0,ha,Actual,PL3
1f87c1903e8743d5,2012,3,Bình Phước,Provincial,Cultivation,Lúa,,Area_Planted,1000.0,ha,Actual,PL3
1f87c1903e8743d5,2012,3,Bình Phước,Provincial,Cultivation,Lúa,,Area_Planted,347.0,ha,Actual,PL3
1f87c1903e8743d5,2012,3,Bình Phước,Provincial,Cultivation,Lúa,,Area_Planted,1942.0,ha,Actual,PL3
1f87c1903e8743d5,2012,3,Bình Phước,Provincial,Cultivation,Lúa,,Area_Planted,384.0,ha,Actual,PL3
1f87c1903e8743d5,2012,3,Bình Phước,Provincial,Cultivation,Lúa,,Area_Planted,151.0,ha,Actual,PL3
1f87c1903e8743d5,2012,3,Bình Phước,Provincial,Cultivation,Lúa,,Area_Planted,1273.0,ha,Actual,PL3
1f87c1903e8743d5,2012,3,Bình Phước,Provincial,Cultivation,Lúa,,Area_Planted,134.0,ha,Actual,PL3
70114a71775d8a60,2012,3,Tây Ninh,Provincial,Cultivation,Lúa,,Area_Planted,3390.0,ha,Actual,PL3
70114a71775d8a60,2012,3,Tây Ninh,Provincial,Cultivation,Lúa,,Area_Planted,71.0,ha,Actual,PL3
70114a71775d8a60,2012,3,Tây Ninh,Provincial,Cultivation,Lúa,,Area_Planted,457.0,ha,Actual,PL3
70114a71775d8a60,2012,3,Tây Ninh,Provincial,Cultivation,Lúa,,Area_Planted,23472.0,ha,Actual,PL3
70114a71775d8a60,2012,3,Tây Ninh,Provincial,Cultivation,Lúa,,Area_Planted,2825.0,ha,Actual,PL3
70114a71775d8a60,2012,3,Tây Ninh,Provincial,Cultivation,Lúa,,Area_Planted,95.0,ha,Actual,PL3
70114a71775d8a60,2012,3,Tây Ninh,Provincial,Cultivation,Lúa,,Area_Planted,20268.0,ha,Actual,PL3
70114a71775d8a60,2012,3,Tây Ninh,Provincial,Cultivation,Lúa,,Area_Planted,284.0,ha,Actual,PL3
926b686a81b8bcc7,2012,3,Bình Dương,Provincial,Cultivation,Lúa,,Area_Planted,2888.0,ha,Actual,PL3
926b686a81b8bcc7,2012,3,Bình Dương,Provincial,Cultivation,Lúa,,Area_Planted,1000.0,ha,Actual,PL3
926b686a81b8bcc7,2012,3,Bình Dương,Provincial,Cultivation,Lúa,,Area_Planted,464.0,ha,Actual,PL3
926b686a81b8bcc7,2012,3,Bình Dương,Provincial,Cultivation,Lúa,,Area_Planted,1726.0,ha,Actual,PL3
926b686a81b8bcc7,2012,3,Bình Dương,Provincial,Cultivation,Lúa,,Area_Planted,99.0,ha,Actual,PL3
926b686a81b8bcc7,2012,3,Bình Dương,Provincial,Cultivation,Lúa,,Area_Planted,1258.0,ha,Actual,PL3
926b686a81b8bcc7,2012,3,Bình Dương,Provincial,Cultivation,Lúa,,Area_Planted,369.0,ha,Actual,PL3
441f6d129a9f82b0,2012,3,Đồng Nai,Provincial,Cultivation,Lúa,,Area_Planted,14277.0,ha,Actual,PL3
441f6d129a9f82b0,2012,3,Đồng Nai,Provincial,Cultivation,Lúa,,Area_Planted,1000.0,ha,Actual,PL3
441f6d129a9f82b0,2012,3,Đồng Nai,Provincial,Cultivation,Lúa,,Area_Planted,574.0,ha,Actual,PL3
441f6d129a9f82b0,2012,3,Đồng Nai,Provincial,Cultivation,Lúa,,Area_Planted,12095.0,ha,Actual,PL3
441f6d129a9f82b0,2012,3,Đồng Nai,Provincial,Cultivation,Lúa,,Area_Planted,9688.0,ha,Actual,PL3
441f6d129a9f82b0,2012,3,Đồng Nai,Provincial,Cultivation,Lúa,,Area_Planted,111.0,ha,Actual,PL3
441f6d129a9f82b0,2012,3,Đồng Nai,Provincial,Cultivation,Lúa,,Area_Planted,2101.0,ha,Actual,PL3
441f6d129a9f82b0,2012,3,Đồng Nai,Provincial,Cultivation,Lúa,,Area_Planted,195.0,ha,Actual,PL3
d9a8227cf2d7620e,2012,3,Bà Rịa-V.Tàu,Provincial,Cultivation,Lúa,,Area_Planted,1906.0,ha,Actual,PL3
d9a8227cf2d7620e,2012,3,Bà Rịa-V.Tàu,Provincial,Cultivation,Lúa,,Area_Planted,352.0,ha,Actual,PL3
d9a8227cf2d7620e,2012,3,Bà Rịa-V.Tàu,Provincial,Cultivation,Lúa,,Area_Planted,513.0,ha,Actual,PL3
d9a8227cf2d7620e,2012,3,Bà Rịa-V.Tàu,Provincial,Cultivation,Lúa,,Area_Planted,1163.0,ha,Actual,PL3
d9a8227cf2d7620e,2012,3,Bà Rịa-V.Tàu,Provincial,Cultivation,Lúa,,Area_Planted,1118.0,ha,Actual,PL3
d9a8227cf2d7620e,2012,3,Bà Rịa-V.Tàu,Provincial,Cultivation,Lúa,,Area_Planted,42.0,ha,Actual,PL3
d9a8227cf2d7620e,2012,3,Bà Rịa-V.Tàu,Provincial,Cultivation,Lúa,,Area_Planted,1.0,ha,Actual,PL3
d9a8227cf2d7620e,2012,3,Bà Rịa-V.Tàu,Provincial,Cultivation,Lúa,,Area_Planted,2.0,ha,Actual,PL3
e2be2beccde627cd,2012,3,TP Hồ Chí Minh,Provincial,Cultivation,Lúa,,Area_Planted,655.0,ha,Actual,PL3
e2be2beccde627cd,2012,3,TP Hồ Chí Minh,Provincial,Cultivation,Lúa,,Area_Planted,114.0,ha,Actual,PL3
e2be2beccde627cd,2012,3,TP Hồ Chí Minh,Provincial,Cultivation,Lúa,,Area_Planted,520.0,ha,Actual,PL3
e2be2beccde627cd,2012,3,TP Hồ Chí Minh,Provincial,Cultivation,Lúa,,Area_Planted,727.0,ha,Actual,PL3
e2be2beccde627cd,2012,3,TP Hồ Chí Minh,Provincial,Cultivation,Lúa,,Area_Planted,727.0,ha,Actual,PL3
9d64dd4a9eaf008a,2012,3,ĐBS Cửu Long,Provincial,Cultivation,Lúa,,Area_Planted,793403.0,ha,Actual,PL3
9d64dd4a9eaf008a,2012,3,ĐBS Cửu Long,Provincial,Cultivation,Lúa,,Area_Planted,502.0,ha,Actual,PL3
9d64dd4a9eaf008a,2012,3,ĐBS Cửu Long,Provincial,Cultivation,Lúa,,Area_Planted,679.0,ha,Actual,PL3
9d64dd4a9eaf008a,2012,3,ĐBS Cửu Long,Provincial,Cultivation,Lúa,,Area_Planted,214249.0,ha,Actual,PL3
9d64dd4a9eaf008a,2012,3,ĐBS Cửu Long,Provincial,Cultivation,Lúa,,Area_Planted,31714.0,ha,Actual,PL3
9d64dd4a9eaf008a,2012,3,ĐBS Cửu Long,Provincial,Cultivation,Lúa,,Area_Planted,16180.0,ha,Actual,PL3
9d64dd4a9eaf008a,2012,3,ĐBS Cửu Long,Provincial,Cultivation,Lúa,,Area_Planted,7968.0,ha,Actual,PL3
9d64dd4a9eaf008a,2012,3,ĐBS Cửu Long,Provincial,Cultivation,Lúa,,Area_Planted,1449.0,ha,Actual,PL3
9d64dd4a9eaf008a,2012,3,ĐBS Cửu Long,Provincial,Cultivation,Lúa,,Area_Planted,6116.0,ha,Actual,PL3
1a3a5fd09f08219e,2012,3,Long An,Provincial,Cultivation,Lúa,,Area_Planted,98585.0,ha,Actual,PL3
1a3a5fd09f08219e,2012,3,Long An,Provincial,Cultivation,Lúa,,Area_Planted,375.0,ha,Actual,PL3
1a3a5fd09f08219e,2012,3,Long An,Provincial,Cultivation,Lúa,,Area_Planted,605.0,ha,Actual,PL3
1a3a5fd09f08219e,2012,3,Long An,Provincial,Cultivation,Lúa,,Area_Planted,2153.0,ha,Actual,PL3
1a3a5fd09f08219e,2012,3,Long An,Provincial,Cultivation,Lúa,,Area_Planted,6968.0,ha,Actual,PL3
1a3a5fd09f08219e,2012,3,Long An,Provincial,Cultivation,Lúa,,Area_Planted,3255.0,ha,Actual,PL3
1a3a5fd09f08219e,2012,3,Long An,Provincial,Cultivation,Lúa,,Area_Planted,42.0,ha,Actual,PL3
1a3a5fd09f08219e,2012,3,Long An,Provincial,Cultivation,Lúa,,Area_Planted,454.0,ha,Actual,PL3
1a3a5fd09f08219e,2012,3,Long An,Provincial,Cultivation,Lúa,,Area_Planted,3217.0,ha,Actual,PL3
7704381a43f243ae,2012,3,Tiền Giang,Provincial,Cultivation,Lúa,,Area_Planted,80494.0,ha,Actual,PL3
7704381a43f243ae,2012,3,Tiền Giang,Provincial,Cultivation,Lúa,,Area_Planted,1000.0,ha,Actual,PL3
7704381a43f243ae,2012,3,Tiền Giang,Provincial,Cultivation,Lúa,,Area_Planted,668.0,ha,Actual,PL3
7704381a43f243ae,2012,3,Tiền Giang,Provincial,Cultivation,Lúa,,Area_Planted,39300.0,ha,Actual,PL3
7704381a43f243ae,2012,3,Tiền Giang,Provincial,Cultivation,Lúa,,Area_Planted,3662.0,ha,Actual,PL3
7704381a43f243ae,2012,3,Tiền Giang,Provincial,Cultivation,Lúa,,Area_Planted,2282.0,ha,Actual,PL3
7704381a43f243ae,2012,3,Tiền Giang,Provincial,Cultivation,Lúa,,Area_Planted,237.0,ha,Actual,PL3
7704381a43f243ae,2012,3,Tiền Giang,Provincial,Cultivation,Lúa,,Area_Planted,135.0,ha,Actual,PL3
7704381a43f243ae,2012,3,Tiền Giang,Provincial,Cultivation,Lúa,,Area_Planted,1008.0,ha,Actual,PL3
f8fd4f57750f70a3,2012,3,Bến Tre,Provincial,Cultivation,Lúa,,Area_Planted,377.0,ha,Actual,PL3
f8fd4f57750f70a3,2012,3,Bến Tre,Provincial,Cultivation,Lúa,,Area_Planted,19.0,ha,Actual,PL3
f8fd4f57750f70a3,2012,3,Bến Tre,Provincial,Cultivation,Lúa,,Area_Planted,496.0,ha,Actual,PL3
f8fd4f57750f70a3,2012,3,Bến Tre,Provincial,Cultivation,Lúa,,Area_Planted,370.0,ha,Actual,PL3
f8fd4f57750f70a3,2012,3,Bến Tre,Provincial,Cultivation,Lúa,,Area_Planted,260.0,ha,Actual,PL3
f8fd4f57750f70a3,2012,3,Bến Tre,Provincial,Cultivation,Lúa,,Area_Planted,60.0,ha,Actual,PL3
f8fd4f57750f70a3,2012,3,Bến Tre,Provincial,Cultivation,Lúa,,Area_Planted,50.0,ha,Actual,PL3
3e336f18e157176b,2012,3,Trà Vinh,Provincial,Cultivation,Lúa,,Area_Planted,24171.0,ha,Actual,PL3
3e336f18e157176b,2012,3,Trà Vinh,Provincial,Cultivation,Lúa,,Area_Planted,415.0,ha,Actual,PL3
3e336f18e157176b,2012,3,Trà Vinh,Provincial,Cultivation,Lúa,,Area_Planted,606.0,ha,Actual,PL3
3e336f18e157176b,2012,3,Trà Vinh,Provincial,Cultivation,Lúa,,Area_Planted,13592.0,ha,Actual,PL3
3e336f18e157176b,2012,3,Trà Vinh,Provincial,Cultivation,Lúa,,Area_Planted,3656.0,ha,Actual,PL3
3e336f18e157176b,2012,3,Trà Vinh,Provincial,Cultivation,Lúa,,Area_Planted,2526.0,ha,Actual,PL3
3e336f18e157176b,2012,3,Trà Vinh,Provincial,Cultivation,Lúa,,Area_Planted,583.0,ha,Actual,PL3
3e336f18e157176b,2012,3,Trà Vinh,Provincial,Cultivation,Lúa,,Area_Planted,273.0,ha,Actual,PL3
3e336f18e157176b,2012,3,Trà Vinh,Provincial,Cultivation,Lúa,,Area_Planted,274.0,ha,Actual,PL3
9843031ebe6c2982,2012,3,Vĩnh Long,Provincial,Cultivation,Lúa,,Area_Planted,63751.0,ha,Actual,PL3
9843031ebe6c2982,2012,3,Vĩnh Long,Provincial,Cultivation,Lúa,,Area_Planted,1000.0,ha,Actual,PL3
9843031ebe6c2982,2012,3,Vĩnh Long,Provincial,Cultivation,Lúa,,Area_Planted,693.0,ha,Actual,PL3
9843031ebe6c2982,2012,3,Vĩnh Long,Provincial,Cultivation,Lúa,,Area_Planted,29657.0,ha,Actual,PL3
9843031ebe6c2982,2012,3,Vĩnh Long,Provincial,Cultivation,Lúa,,Area_Planted,5833.0,ha,Actual,PL3
9843031ebe6c2982,2012,3,Vĩnh Long,Provincial,Cultivation,Lúa,,Area_Planted,692.0,ha,Actual,PL3
9843031ebe6c2982,2012,3,Vĩnh Long,Provincial,Cultivation,Lúa,,Area_Planted,4882.0,ha,Actual,PL3
9843031ebe6c2982,2012,3,Vĩnh Long,Provincial,Cultivation,Lúa,,Area_Planted,98.0,ha,Actual,PL3
9843031ebe6c2982,2012,3,Vĩnh Long,Provincial,Cultivation,Lúa,,Area_Planted,161.0,ha,Actual,PL3
fbe29601090fd8f2,2012,3,Đồng Tháp,Provincial,Cultivation,Lúa,,Area_Planted,97111.0,ha,Actual,PL3
fbe29601090fd8f2,2012,3,Đồng Tháp,Provincial,Cultivation,Lúa,,Area_Planted,466.0,ha,Actual,PL3
fbe29601090fd8f2,2012,3,Đồng Tháp,Provincial,Cultivation,Lúa,,Area_Planted,740.0,ha,Actual,PL3
fbe29601090fd8f2,2012,3,Đồng Tháp,Provincial,Cultivation,Lúa,,Area_Planted,30021.0,ha,Actual,PL3
fbe29601090fd8f2,2012,3,Đồng Tháp,Provincial,Cultivation,Lúa,,Area_Planted,3379.0,ha,Actual,PL3
fbe29601090fd8f2,2012,3,Đồng Tháp,Provincial,Cultivation,Lúa,,Area_Planted,1839.0,ha,Actual,PL3
fbe29601090fd8f2,2012,3,Đồng Tháp,Provincial,Cultivation,Lúa,,Area_Planted,1027.0,ha,Actual,PL3
fbe29601090fd8f2,2012,3,Đồng Tháp,Provincial,Cultivation,Lúa,,Area_Planted,513.0,ha,Actual,PL3
76e6fe68abf0f438,2012,3,An Giang,Provincial,Cultivation,Lúa,,Area_Planted,32969.0,ha,Actual,PL3
76e6fe68abf0f438,2012,3,An Giang,Provincial,Cultivation,Lúa,,Area_Planted,140.0,ha,Actual,PL3
76e6fe68abf0f438,2012,3,An Giang,Provincial,Cultivation,Lúa,,Area_Planted,741.0,ha,Actual,PL3
76e6fe68abf0f438,2012,3,An Giang,Provincial,Cultivation,Lúa,,Area_Planted,2257.0,ha,Actual,PL3
76e6fe68abf0f438,2012,3,An Giang,Provincial,Cultivation,Lúa,,Area_Planted,1791.0,ha,Actual,PL3
76e6fe68abf0f438,2012,3,An Giang,Provincial,Cultivation,Lúa,,Area_Planted,65.0,ha,Actual,PL3
76e6fe68abf0f438,2012,3,An Giang,Provincial,Cultivation,Lúa,,Area_Planted,205.0,ha,Actual,PL3
76e6fe68abf0f438,2012,3,An Giang,Provincial,Cultivation,Lúa,,Area_Planted,196.0,ha,Actual,PL3
14315facb51847f5,2012,3,Kiên Giang,Provincial,Cultivation,Lúa,,Area_Planted,165565.0,ha,Actual,PL3
14315facb51847f5,2012,3,Kiên Giang,Provincial,Cultivation,Lúa,,Area_Planted,568.0,ha,Actual,PL3
14315facb51847f5,2012,3,Kiên Giang,Provincial,Cultivation,Lúa,,Area_Planted,681.0,ha,Actual,PL3
14315facb51847f5,2012,3,Kiên Giang,Provincial,Cultivation,Lúa,,Area_Planted,5018.0,ha,Actual,PL3
96a32874c5e43ea7,2012,3,Cần Thơ,Provincial,Cultivation,Lúa,,Area_Planted,59259.0,ha,Actual,PL3
96a32874c5e43ea7,2012,3,Cần Thơ,Provincial,Cultivation,Lúa,,Area_Planted,675.0,ha,Actual,PL3
96a32874c5e43ea7,2012,3,Cần Thơ,Provincial,Cultivation,Lúa,,Area_Planted,738.0,ha,Actual,PL3
96a32874c5e43ea7,2012,3,Cần Thơ,Provincial,Cultivation,Lúa,,Area_Planted,20638.0,ha,Actual,PL3
96a32874c5e43ea7,2012,3,Cần Thơ,Provincial,Cultivation,Lúa,,Area_Planted,298.0,ha,Actual,PL3
96a32874c5e43ea7,2012,3,Cần Thơ,Provincial,Cultivation,Lúa,,Area_Planted,298.0,ha,Actual,PL3
dd4bc5d4d0a349d9,2012,3,Hậu Giang,Provincial,Cultivation,Lúa,,Area_Planted,38429.0,ha,Actual,PL3
dd4bc5d4d0a349d9,2012,3,Hậu Giang,Provincial,Cultivation,Lúa,,Area_Planted,493.0,ha,Actual,PL3
dd4bc5d4d0a349d9,2012,3,Hậu Giang,Provincial,Cultivation,Lúa,,Area_Planted,733.0,ha,Actual,PL3
dd4bc5d4d0a349d9,2012,3,Hậu Giang,Provincial,Cultivation,Lúa,,Area_Planted,12604.0,ha,Actual,PL3
dd4bc5d4d0a349d9,2012,3,Hậu Giang,Provincial,Cultivation,Lúa,,Area_Planted,1276.0,ha,Actual,PL3
dd4bc5d4d0a349d9,2012,3,Hậu Giang,Provincial,Cultivation,Lúa,,Area_Planted,1276.0,ha,Actual,PL3
5eb069fe03197d8d,2012,3,Sóc Trăng,Provincial,Cultivation,Lúa,,Area_Planted,106356.0,ha,Actual,PL3
5eb069fe03197d8d,2012,3,Sóc Trăng,Provincial,Cultivation,Lúa,,Area_Planted,766.0,ha,Actual,PL3
5eb069fe03197d8d,2012,3,Sóc Trăng,Provincial,Cultivation,Lúa,,Area_Planted,634.0,ha,Actual,PL3
5eb069fe03197d8d,2012,3,Sóc Trăng,Provincial,Cultivation,Lúa,,Area_Planted,61266.0,ha,Actual,PL3
5eb069fe03197d8d,2012,3,Sóc Trăng,Provincial,Cultivation,Lúa,,Area_Planted,3359.0,ha,Actual,PL3
5eb069fe03197d8d,2012,3,Sóc Trăng,Provincial,Cultivation,Lúa,,Area_Planted,1917.0,ha,Actual,PL3
5eb069fe03197d8d,2012,3,Sóc Trăng,Provincial,Cultivation,Lúa,,Area_Planted,1072.0,ha,Actual,PL3
5eb069fe03197d8d,2012,3,Sóc Trăng,Provincial,Cultivation,Lúa,,Area_Planted,234.0,ha,Actual,PL3
5eb069fe03197d8d,2012,3,Sóc Trăng,Provincial,Cultivation,Lúa,,Area_Planted,136.0,ha,Actual,PL3
d31c5e3fb683fec4,2012,3,Bạc Liêu,Provincial,Cultivation,Lúa,,Area_Planted,26336.0,ha,Actual,PL3
d31c5e3fb683fec4,2012,3,Bạc Liêu,Provincial,Cultivation,Lúa,,Area_Planted,482.0,ha,Actual,PL3
d31c5e3fb683fec4,2012,3,Bạc Liêu,Provincial,Cultivation,Lúa,,Area_Planted,669.0,ha,Actual,PL3
d31c5e3fb683fec4,2012,3,Bạc Liêu,Provincial,Cultivation,Lúa,,Area_Planted,656.0,ha,Actual,PL3
d31c5e3fb683fec4,2012,3,Bạc Liêu,Provincial,Cultivation,Lúa,,Area_Planted,44.0,ha,Actual,PL3
d31c5e3fb683fec4,2012,3,Bạc Liêu,Provincial,Cultivation,Lúa,,Area_Planted,612.0,ha,Actual,PL3
5d4584e90adcdf84,2012,3,Miền Bắc,Provincial,Cultivation,Lúa,,Area_Planted,225221.0,ha,Actual,PL4
5d4584e90adcdf84,2012,3,Miền Bắc,Provincial,Cultivation,Lúa,,Area_Planted,61542.0,ha,Actual,PL4
5d4584e90adcdf84,2012,3,Miền Bắc,Provincial,Cultivation,Lúa,,Area_Planted,114757.0,ha,Actual,PL4
5d4584e90adcdf84,2012,3,Miền Bắc,Provincial,Cultivation,Lúa,,Area_Planted,9237.0,ha,Actual,PL4
5d4584e90adcdf84,2012,3,Miền Bắc,Provincial,Cultivation,Lúa,,Area_Planted,21704.0,ha,Actual,PL4
5d4584e90adcdf84,2012,3,Miền Bắc,Provincial,Cultivation,Lúa,,Area_Planted,17981.0,ha,Actual,PL4
6d2b4d73b51ac3f1,2012,3,Miền Bắc,Provincial,Cultivation,Rau,,Area_Planted,212696.0,ha,Actual,PL4
3d055dead03f8e54,2012,3,ĐB sông Hồng,Provincial,Cultivation,Lúa,,Area_Planted,72234.0,ha,Actual,PL4
3d055dead03f8e54,2012,3,ĐB sông Hồng,Provincial,Cultivation,Lúa,,Area_Planted,42820.0,ha,Actual,PL4
3d055dead03f8e54,2012,3,ĐB sông Hồng,Provincial,Cultivation,Lúa,,Area_Planted,23189.0,ha,Actual,PL4
3d055dead03f8e54,2012,3,ĐB sông Hồng,Provincial,Cultivation,Lúa,,Area_Planted,600.0,ha,Actual,PL4
3d055dead03f8e54,2012,3,ĐB sông Hồng,Provincial,Cultivation,Lúa,,Area_Planted,858.0,ha,Actual,PL4
3d055dead03f8e54,2012,3,ĐB sông Hồng,Provincial,Cultivation,Lúa,,Area_Planted,4767.0,ha,Actual,PL4
36d39ea7d1380a96,2012,3,ĐB sông Hồng,Provincial,Cultivation,Rau,,Area_Planted,107738.0,ha,Actual,PL4
1585ef4d6af1a8f9,2012,3,Hà Nội,Provincial,Cultivation,Lúa,,Area_Planted,15091.0,ha,Actual,PL4
1585ef4d6af1a8f9,2012,3,Hà Nội,Provincial,Cultivation,Lúa,,Area_Planted,10556.0,ha,Actual,PL4
1585ef4d6af1a8f9,2012,3,Hà Nội,Provincial,Cultivation,Lúa,,Area_Planted,4535.0,ha,Actual,PL4
f570962e3610347e,2012,3,Hà Nội,Provincial,Cultivation,Rau,,Area_Planted,20628.0,ha,Actual,PL4
0dbc98341e4b2cee,2012,3,Hải Phòng,Provincial,Cultivation,Lúa,,Area_Planted,600.0,ha,Actual,PL4
0dbc98341e4b2cee,2012,3,Hải Phòng,Provincial,Cultivation,Lúa,,Area_Planted,600.0,ha,Actual,PL4
3ebbb9716d62e522,2012,3,Hải Phòng,Provincial,Cultivation,Rau,,Area_Planted,7200.0,ha,Actual,PL4
981999915c33d9ea,2012,3,Vĩnh Phúc,Provincial,Cultivation,Lúa,,Area_Planted,5461.0,ha,Actual,PL4
981999915c33d9ea,2012,3,Vĩnh Phúc,Provincial,Cultivation,Lúa,,Area_Planted,2648.0,ha,Actual,PL4
981999915c33d9ea,2012,3,Vĩnh Phúc,Provincial,Cultivation,Lúa,,Area_Planted,2654.0,ha,Actual,PL4
981999915c33d9ea,2012,3,Vĩnh Phúc,Provincial,Cultivation,Lúa,,Area_Planted,159.0,ha,Actual,PL4
bb5c3c09c53ba0c0,2012,3,Vĩnh Phúc,Provincial,Cultivation,Rau,,Area_Planted,5346.0,ha,Actual,PL4
8f83f1dfdc1ffbe8,2012,3,Bắc Ninh,Provincial,Cultivation,Lúa,,Area_Planted,1637.0,ha,Actual,PL4
8f83f1dfdc1ffbe8,2012,3,Bắc Ninh,Provincial,Cultivation,Lúa,,Area_Planted,900.0,ha,Actual,PL4
8f83f1dfdc1ffbe8,2012,3,Bắc Ninh,Provincial,Cultivation,Lúa,,Area_Planted,737.0,ha,Actual,PL4
0e202042bc8a0358,2012,3,Bắc Ninh,Provincial,Cultivation,Rau,,Area_Planted,9727.0,ha,Actual,PL4
7ea1a596bf79c527,2012,3,Hải Dương,Provincial,Cultivation,Lúa,,Area_Planted,1320.0,ha,Actual,PL4
7ea1a596bf79c527,2012,3,Hải Dương,Provincial,Cultivation,Lúa,,Area_Planted,270.0,ha,Actual,PL4
7ea1a596bf79c527,2012,3,Hải Dương,Provincial,Cultivation,Lúa,,Area_Planted,1050.0,ha,Actual,PL4
df4c3547a091d91e,2012,3,Hải Dương,Provincial,Cultivation,Rau,,Area_Planted,5350.0,ha,Actual,PL4
9d4598fe097c7d70,2012,3,Hưng Yên,Provincial,Cultivation,Lúa,,Area_Planted,3755.0,ha,Actual,PL4
9d4598fe097c7d70,2012,3,Hưng Yên,Provincial,Cultivation,Lúa,,Area_Planted,3005.0,ha,Actual,PL4
9d4598fe097c7d70,2012,3,Hưng Yên,Provincial,Cultivation,Lúa,,Area_Planted,750.0,ha,Actual,PL4
d12134334442a7c3,2012,3,Hưng Yên,Provincial,Cultivation,Rau,,Area_Planted,8345.0,ha,Actual,PL4
6cf3efc4d2402947,2012,3,Hà Nam,Provincial,Cultivation,Lúa,,Area_Planted,10809.0,ha,Actual,PL4
6cf3efc4d2402947,2012,3,Hà Nam,Provincial,Cultivation,Lúa,,Area_Planted,10500.0,ha,Actual,PL4
6cf3efc4d2402947,2012,3,Hà Nam,Provincial,Cultivation,Lúa,,Area_Planted,309.0,ha,Actual,PL4
ced8c4dbcd8dec9e,2012,3,Hà Nam,Provincial,Cultivation,Rau,,Area_Planted,3267.0,ha,Actual,PL4
f1af11b56620666a,2012,3,Nam Định,Provincial,Cultivation,Lúa,,Area_Planted,8965.0,ha,Actual,PL4
f1af11b56620666a,2012,3,Nam Định,Provincial,Cultivation,Lúa,,Area_Planted,600.0,ha,Actual,PL4
f1af11b56620666a,2012,3,Nam Định,Provincial,Cultivation,Lúa,,Area_Planted,5636.0,ha,Actual,PL4
f1af11b56620666a,2012,3,Nam Định,Provincial,Cultivation,Lúa,,Area_Planted,2729.0,ha,Actual,PL4
81e5d3cd17737d79,2012,3,Nam Định,Provincial,Cultivation,Rau,,Area_Planted,15524.0,ha,Actual,PL4
75db374b3e4ddff3,2012,3,Thái Bình,Provincial,Cultivation,Lúa,,Area_Planted,13516.0,ha,Actual,PL4
75db374b3e4ddff3,2012,3,Thái Bình,Provincial,Cultivation,Lúa,,Area_Planted,11000.0,ha,Actual,PL4
75db374b3e4ddff3,2012,3,Thái Bình,Provincial,Cultivation,Lúa,,Area_Planted,1360.0,ha,Actual,PL4
75db374b3e4ddff3,2012,3,Thái Bình,Provincial,Cultivation,Lúa,,Area_Planted,1156.0,ha,Actual,PL4
c7c82b5e19613194,2012,3,Thái Bình,Provincial,Cultivation,Rau,,Area_Planted,19794.0,ha,Actual,PL4
d6f5ce813dc2e6d4,2012,3,Ninh Bình,Provincial,Cultivation,Lúa,,Area_Planted,8455.0,ha,Actual,PL4
d6f5ce813dc2e6d4,2012,3,Ninh Bình,Provincial,Cultivation,Lúa,,Area_Planted,2938.0,ha,Actual,PL4
d6f5ce813dc2e6d4,2012,3,Ninh Bình,Provincial,Cultivation,Lúa,,Area_Planted,4138.0,ha,Actual,PL4
d6f5ce813dc2e6d4,2012,3,Ninh Bình,Provincial,Cultivation,Lúa,,Area_Planted,858.0,ha,Actual,PL4
d6f5ce813dc2e6d4,2012,3,Ninh Bình,Provincial,Cultivation,Lúa,,Area_Planted,521.0,ha,Actual,PL4
7e743a93f278f3fd,2012,3,Ninh Bình,Provincial,Cultivation,Rau,,Area_Planted,8464.0,ha,Actual,PL4
c56c3d9dda1661e0,2012,3,Quảng Ninh,Provincial,Cultivation,Lúa,,Area_Planted,2625.0,ha,Actual,PL4
c56c3d9dda1661e0,2012,3,Quảng Ninh,Provincial,Cultivation,Lúa,,Area_Planted,403.0,ha,Actual,PL4
c56c3d9dda1661e0,2012,3,Quảng Ninh,Provincial,Cultivation,Lúa,,Area_Planted,2020.0,ha,Actual,PL4
c56c3d9dda1661e0,2012,3,Quảng Ninh,Provincial,Cultivation,Lúa,,Area_Planted,202.0,ha,Actual,PL4
50fc97b376b7a649,2012,3,Quảng Ninh,Provincial,Cultivation,Rau,,Area_Planted,4093.0,ha,Actual,PL4
ce8826d680b4e15b,2012,3,TD và MN,Provincial,Cultivation,Lúa,,Area_Planted,65860.0,ha,Actual,PL4
ce8826d680b4e15b,2012,3,TD và MN,Provincial,Cultivation,Lúa,,Area_Planted,12081.0,ha,Actual,PL4
ce8826d680b4e15b,2012,3,TD và MN,Provincial,Cultivation,Lúa,,Area_Planted,28986.0,ha,Actual,PL4
ce8826d680b4e15b,2012,3,TD và MN,Provincial,Cultivation,Lúa,,Area_Planted,8637.0,ha,Actual,PL4
ce8826d680b4e15b,2012,3,TD và MN,Provincial,Cultivation,Lúa,,Area_Planted,5846.0,ha,Actual,PL4
ce8826d680b4e15b,2012,3,TD và MN,Provincial,Cultivation,Lúa,,Area_Planted,10310.0,ha,Actual,PL4
5a77e2a09db14424,2012,3,TD và MN,Provincial,Cultivation,Rau,,Area_Planted,58853.0,ha,Actual,PL4
45a4ff0571ba3586,2012,3,Hà Giang,Provincial,Cultivation,Lúa,,Area_Planted,12908.0,ha,Actual,PL4
45a4ff0571ba3586,2012,3,Hà Giang,Provincial,Cultivation,Lúa,,Area_Planted,6114.0,ha,Actual,PL4
45a4ff0571ba3586,2012,3,Hà Giang,Provincial,Cultivation,Lúa,,Area_Planted,4551.0,ha,Actual,PL4
45a4ff0571ba3586,2012,3,Hà Giang,Provincial,Cultivation,Lúa,,Area_Planted,2243.0,ha,Actual,PL4
2c7d3f2cd1c07964,2012,3,Hà Giang,Provincial,Cultivation,Rau,,Area_Planted,7503.0,ha,Actual,PL4
955e873adbd13b5e,2012,3,Cao Bằng,Provincial,Cultivation,Lúa,,Area_Planted,5120.0,ha,Actual,PL4
955e873adbd13b5e,2012,3,Cao Bằng,Provincial,Cultivation,Lúa,,Area_Planted,980.0,ha,Actual,PL4
955e873adbd13b5e,2012,3,Cao Bằng,Provincial,Cultivation,Lúa,,Area_Planted,123.0,ha,Actual,PL4
955e873adbd13b5e,2012,3,Cao Bằng,Provincial,Cultivation,Lúa,,Area_Planted,2994.0,ha,Actual,PL4
955e873adbd13b5e,2012,3,Cao Bằng,Provincial,Cultivation,Lúa,,Area_Planted,791.0,ha,Actual,PL4
955e873adbd13b5e,2012,3,Cao Bằng,Provincial,Cultivation,Lúa,,Area_Planted,232768.0,ha,Actual,PL4
0002c6ab2b2e453f,2012,3,Cao Bằng,Provincial,Cultivation,Rau,,Area_Planted,700.0,ha,Actual,PL4
bdd9dfdce6c1152d,2012,3,Lào Cai,Provincial,Cultivation,Lúa,,Area_Planted,1692.0,ha,Actual,PL4
bdd9dfdce6c1152d,2012,3,Lào Cai,Provincial,Cultivation,Lúa,,Area_Planted,1601.0,ha,Actual,PL4
bdd9dfdce6c1152d,2012,3,Lào Cai,Provincial,Cultivation,Lúa,,Area_Planted,40.0,ha,Actual,PL4
bdd9dfdce6c1152d,2012,3,Lào Cai,Provincial,Cultivation,Lúa,,Area_Planted,51.0,ha,Actual,PL4
9dd944cbf1bd0c73,2012,3,Lào Cai,Provincial,Cultivation,Rau,,Area_Planted,3456.0,ha,Actual,PL4
c6e4f8d2973fe953,2012,3,Bắc Cạn,Provincial,Cultivation,Lúa,,Area_Planted,935.0,ha,Actual,PL4
c6e4f8d2973fe953,2012,3,Bắc Cạn,Provincial,Cultivation,Lúa,,Area_Planted,105.0,ha,Actual,PL4
c6e4f8d2973fe953,2012,3,Bắc Cạn,Provincial,Cultivation,Lúa,,Area_Planted,57.0,ha,Actual,PL4
c6e4f8d2973fe953,2012,3,Bắc Cạn,Provincial,Cultivation,Lúa,,Area_Planted,5.0,ha,Actual,PL4
c6e4f8d2973fe953,2012,3,Bắc Cạn,Provincial,Cultivation,Lúa,,Area_Planted,5.0,ha,Actual,PL4
dcf35bde8fb2ebc1,2012,3,Bắc Cạn,Provincial,Cultivation,Rau,,Area_Planted,436.0,ha,Actual,PL4
bb1ccb7d777288b6,2012,3,Lạng Sơn,Provincial,Cultivation,Lúa,,Area_Planted,3452.0,ha,Actual,PL4
bb1ccb7d777288b6,2012,3,Lạng Sơn,Provincial,Cultivation,Lúa,,Area_Planted,2880.0,ha,Actual,PL4
bb1ccb7d777288b6,2012,3,Lạng Sơn,Provincial,Cultivation,Lúa,,Area_Planted,572.0,ha,Actual,PL4
40b3831ce1c8f8c2,2012,3,Lạng Sơn,Provincial,Cultivation,Rau,,Area_Planted,5770.0,ha,Actual,PL4
48dc5b3b8a94ad65,2012,3,Tuyên Quang,Provincial,Cultivation,Lúa,,Area_Planted,4063.0,ha,Actual,PL4
48dc5b3b8a94ad65,2012,3,Tuyên Quang,Provincial,Cultivation,Lúa,,Area_Planted,704.0,ha,Actual,PL4
48dc5b3b8a94ad65,2012,3,Tuyên Quang,Provincial,Cultivation,Lúa,,Area_Planted,3359.0,ha,Actual,PL4
ec91c9bb145f5857,2012,3,Tuyên Quang,Provincial,Cultivation,Rau,,Area_Planted,2939.0,ha,Actual,PL4
53a58a5634b2e4d2,2012,3,Yên Bái,Provincial,Cultivation,Lúa,,Area_Planted,2080.0,ha,Actual,PL4
53a58a5634b2e4d2,2012,3,Yên Bái,Provincial,Cultivation,Lúa,,Area_Planted,113.0,ha,Actual,PL4
53a58a5634b2e4d2,2012,3,Yên Bái,Provincial,Cultivation,Lúa,,Area_Planted,1217.0,ha,Actual,PL4
53a58a5634b2e4d2,2012,3,Yên Bái,Provincial,Cultivation,Lúa,,Area_Planted,750.0,ha,Actual,PL4
929392e20eba2fb6,2012,3,Yên Bái,Provincial,Cultivation,Rau,,Area_Planted,3155.0,ha,Actual,PL4
e3576ef6b384d96a,2012,3,Thái Nguyên,Provincial,Cultivation,Lúa,,Area_Planted,4489.0,ha,Actual,PL4
e3576ef6b384d96a,2012,3,Thái Nguyên,Provincial,Cultivation,Lúa,,Area_Planted,858.0,ha,Actual,PL4
e3576ef6b384d96a,2012,3,Thái Nguyên,Provincial,Cultivation,Lúa,,Area_Planted,3475.0,ha,Actual,PL4
e3576ef6b384d96a,2012,3,Thái Nguyên,Provincial,Cultivation,Lúa,,Area_Planted,156.0,ha,Actual,PL4
1185c6e2ae8edb39,2012,3,Thái Nguyên,Provincial,Cultivation,Rau,,Area_Planted,6911.0,ha,Actual,PL4
636538261da8bd4c,2012,3,Phú Thọ,Provincial,Cultivation,Lúa,,Area_Planted,3133.0,ha,Actual,PL4
636538261da8bd4c,2012,3,Phú Thọ,Provincial,Cultivation,Lúa,,Area_Planted,300.0,ha,Actual,PL4
636538261da8bd4c,2012,3,Phú Thọ,Provincial,Cultivation,Lúa,,Area_Planted,2833.0,ha,Actual,PL4
2e63a1c54513b20a,2012,3,Phú Thọ,Provincial,Cultivation,Rau,,Area_Planted,3816.0,ha,Actual,PL4
b5f34e75d1d51c33,2012,3,Bắc Giang,Provincial,Cultivation,Lúa,,Area_Planted,9862.0,ha,Actual,PL4
b5f34e75d1d51c33,2012,3,Bắc Giang,Provincial,Cultivation,Lúa,,Area_Planted,211.0,ha,Actual,PL4
b5f34e75d1d51c33,2012,3,Bắc Giang,Provincial,Cultivation,Lúa,,Area_Planted,9460.0,ha,Actual,PL4
b5f34e75d1d51c33,2012,3,Bắc Giang,Provincial,Cultivation,Lúa,,Area_Planted,191.0,ha,Actual,PL4
a481724ddeb7187c,2012,3,Bắc Giang,Provincial,Cultivation,Rau,,Area_Planted,18575.0,ha,Actual,PL4
bb629c562828684e,2012,3,Lai Châu,Provincial,Cultivation,Lúa,,Area_Planted,332.0,ha,Actual,PL4
bb629c562828684e,2012,3,Lai Châu,Provincial,Cultivation,Lúa,,Area_Planted,158.0,ha,Actual,PL4
bb629c562828684e,2012,3,Lai Châu,Provincial,Cultivation,Lúa,,Area_Planted,165.0,ha,Actual,PL4
bb629c562828684e,2012,3,Lai Châu,Provincial,Cultivation,Lúa,,Area_Planted,9.0,ha,Actual,PL4
1939664ce1d6b3a3,2012,3,Lai Châu,Provincial,Cultivation,Rau,,Area_Planted,779.0,ha,Actual,PL4
e54556080a2a880f,2012,3,Điện Biên,Provincial,Cultivation,Lúa,,Area_Planted,8046.0,ha,Actual,PL4
e54556080a2a880f,2012,3,Điện Biên,Provincial,Cultivation,Lúa,,Area_Planted,180.0,ha,Actual,PL4
e54556080a2a880f,2012,3,Điện Biên,Provincial,Cultivation,Lúa,,Area_Planted,752.0,ha,Actual,PL4
e54556080a2a880f,2012,3,Điện Biên,Provincial,Cultivation,Lúa,,Area_Planted,7114.0,ha,Actual,PL4
f1cf49d9f9091fa9,2012,3,Điện Biên,Provincial,Cultivation,Rau,,Area_Planted,368.0,ha,Actual,PL4
9c367c56fdf5dcc8,2012,3,Sơn La,Provincial,Cultivation,Lúa,,Area_Planted,844.0,ha,Actual,PL4
9c367c56fdf5dcc8,2012,3,Sơn La,Provincial,Cultivation,Lúa,,Area_Planted,307.0,ha,Actual,PL4
9c367c56fdf5dcc8,2012,3,Sơn La,Provincial,Cultivation,Lúa,,Area_Planted,304.0,ha,Actual,PL4
9c367c56fdf5dcc8,2012,3,Sơn La,Provincial,Cultivation,Lúa,,Area_Planted,4300.0,ha,Actual,PL4
9c367c56fdf5dcc8,2012,3,Sơn La,Provincial,Cultivation,Lúa,,Area_Planted,233.0,ha,Actual,PL4
e1b48985826370d7,2012,3,Sơn La,Provincial,Cultivation,Rau,,Area_Planted,1595.0,ha,Actual,PL4
5e3a2315ecd12bcb,2012,3,Hoà Bình,Provincial,Cultivation,Lúa,,Area_Planted,8904.0,ha,Actual,PL4
5e3a2315ecd12bcb,2012,3,Hoà Bình,Provincial,Cultivation,Lúa,,Area_Planted,450.0,ha,Actual,PL4
5e3a2315ecd12bcb,2012,3,Hoà Bình,Provincial,Cultivation,Lúa,,Area_Planted,2954.0,ha,Actual,PL4
5e3a2315ecd12bcb,2012,3,Hoà Bình,Provincial,Cultivation,Lúa,,Area_Planted,1200.0,ha,Actual,PL4
39789d129507894f,2012,3,Hoà Bình,Provincial,Cultivation,Rau,,Area_Planted,2851.0,ha,Actual,PL4
d7a03acc84b0e00c,2012,3,Bắc Trung Bộ,Provincial,Cultivation,Lúa,,Area_Planted,87127.0,ha,Actual,PL4
d7a03acc84b0e00c,2012,3,Bắc Trung Bộ,Provincial,Cultivation,Lúa,,Area_Planted,6641.0,ha,Actual,PL4
d7a03acc84b0e00c,2012,3,Bắc Trung Bộ,Provincial,Cultivation,Lúa,,Area_Planted,62582.0,ha,Actual,PL4
d7a03acc84b0e00c,2012,3,Bắc Trung Bộ,Provincial,Cultivation,Lúa,,Area_Planted,0.0,ha,Actual,PL4
d7a03acc84b0e00c,2012,3,Bắc Trung Bộ,Provincial,Cultivation,Lúa,,Area_Planted,15000.0,ha,Actual,PL4
d7a03acc84b0e00c,2012,3,Bắc Trung Bộ,Provincial,Cultivation,Lúa,,Area_Planted,2904.0,ha,Actual,PL4
caca78627730bbfe,2012,3,Bắc Trung Bộ,Provincial,Cultivation,Rau,,Area_Planted,46105.0,ha,Actual,PL4
359ccaa42e592593,2012,3,Thanh Hoá,Provincial,Cultivation,Lúa,,Area_Planted,28213.0,ha,Actual,PL4
359ccaa42e592593,2012,3,Thanh Hoá,Provincial,Cultivation,Lúa,,Area_Planted,6641.0,ha,Actual,PL4
359ccaa42e592593,2012,3,Thanh Hoá,Provincial,Cultivation,Lúa,,Area_Planted,12624.0,ha,Actual,PL4
359ccaa42e592593,2012,3,Thanh Hoá,Provincial,Cultivation,Lúa,,Area_Planted,8000.0,ha,Actual,PL4
359ccaa42e592593,2012,3,Thanh Hoá,Provincial,Cultivation,Lúa,,Area_Planted,948.0,ha,Actual,PL4
b97a667a28caa748,2012,3,Thanh Hoá,Provincial,Cultivation,Rau,,Area_Planted,17721.0,ha,Actual,PL4
8af1535ad09804b3,2012,3,Nghệ An,Provincial,Cultivation,Lúa,,Area_Planted,29603.0,ha,Actual,PL4
8af1535ad09804b3,2012,3,Nghệ An,Provincial,Cultivation,Lúa,,Area_Planted,20712.0,ha,Actual,PL4
8af1535ad09804b3,2012,3,Nghệ An,Provincial,Cultivation,Lúa,,Area_Planted,7000.0,ha,Actual,PL4
8af1535ad09804b3,2012,3,Nghệ An,Provincial,Cultivation,Lúa,,Area_Planted,1891.0,ha,Actual,PL4
dc06f987cb10cad3,2012,3,Nghệ An,Provincial,Cultivation,Rau,,Area_Planted,21967.0,ha,Actual,PL4
2c92d527a01b749c,2012,3,Hà Tĩnh,Provincial,Cultivation,Lúa,,Area_Planted,17304.0,ha,Actual,PL4
2c92d527a01b749c,2012,3,Hà Tĩnh,Provincial,Cultivation,Lúa,,Area_Planted,17304.0,ha,Actual,PL4
9cf7eaaccf1ae563,2012,3,Hà Tĩnh,Provincial,Cultivation,Rau,,Area_Planted,2020.0,ha,Actual,PL4
041e5fda756fcd44,2012,3,Quảng Bình,Provincial,Cultivation,Lúa,,Area_Planted,4200.0,ha,Actual,PL4
041e5fda756fcd44,2012,3,Quảng Bình,Provincial,Cultivation,Lúa,,Area_Planted,4200.0,ha,Actual,PL4
fc841020f5c55f97,2012,3,Quảng Bình,Provincial,Cultivation,Rau,,Area_Planted,270.0,ha,Actual,PL4
bcc169365b8b5940,2012,3,Quảng Trị,Provincial,Cultivation,Lúa,,Area_Planted,4172.0,ha,Actual,PL4
bcc169365b8b5940,2012,3,Quảng Trị,Provincial,Cultivation,Lúa,,Area_Planted,4172.0,ha,Actual,PL4
9720405dda373ff3,2012,3,Quảng Trị,Provincial,Cultivation,Rau,,Area_Planted,2632.0,ha,Actual,PL4
255de9655297f7a4,2012,3,Thừa Thiên Huế,Provincial,Cultivation,Lúa,,Area_Planted,3635.0,ha,Actual,PL4
255de9655297f7a4,2012,3,Thừa Thiên Huế,Provincial,Cultivation,Lúa,,Area_Planted,3570.0,ha,Actual,PL4
255de9655297f7a4,2012,3,Thừa Thiên Huế,Provincial,Cultivation,Lúa,,Area_Planted,65.0,ha,Actual,PL4
2a02dea50d2e69f2,2012,3,Thừa Thiên Huế,Provincial,Cultivation,Rau,,Area_Planted,1495.0,ha,Actual,PL4
b8a166d1ded9dee5,2012,3,Miền Nam,Provincial,Cultivation,Lúa,,Area_Planted,162857.0,ha,Actual,PL5
3927d0007e35bb48,2012,3,Miền Nam,Provincial,Cultivation,Đậu,,Area_Planted,2202.0,ha,Actual,PL5
e2fb723497405e09,2012,3,Miền Nam,Provincial,Cultivation,Lạc,,Area_Planted,36958.0,ha,Actual,PL5
b8a166d1ded9dee5,2012,3,Miền Nam,Provincial,Cultivation,Lúa,,Area_Planted,8391.0,ha,Actual,PL5
85f91b94a55627da,2012,3,Miền Nam,Provincial,Cultivation,Thuốc lá,,Area_Planted,9149.0,ha,Actual,PL5
4db17f1d8b1c11ad,2012,3,Miền Nam,Provincial,Cultivation,Mía,,Area_Planted,104613.0,ha,Actual,PL5
b8a166d1ded9dee5,2012,3,Miền Nam,Provincial,Cultivation,Lúa,,Area_Planted,427.0,ha,Actual,PL5
b8a166d1ded9dee5,2012,3,Miền Nam,Provincial,Cultivation,Lúa,,Area_Planted,1118.0,ha,Actual,PL5
b8a166d1ded9dee5,2012,3,Miền Nam,Provincial,Cultivation,Lúa,,Area_Planted,191845.0,ha,Actual,PL5
b8a166d1ded9dee5,2012,3,Miền Nam,Provincial,Cultivation,Lúa,,Area_Planted,23107.0,ha,Actual,PL5
188315c460728c14,2012,3,D.H Nam Trg Bộ,Provincial,Cultivation,Lúa,,Area_Planted,56789.0,ha,Actual,PL5
d4ac001285576d33,2012,3,D.H Nam Trg Bộ,Provincial,Cultivation,Đậu,,Area_Planted,494.0,ha,Actual,PL5
428200634f1f26a3,2012,3,D.H Nam Trg Bộ,Provincial,Cultivation,Lạc,,Area_Planted,21031.0,ha,Actual,PL5
188315c460728c14,2012,3,D.H Nam Trg Bộ,Provincial,Cultivation,Lúa,,Area_Planted,162.0,ha,Actual,PL5
aecf14c2d04324b5,2012,3,D.H Nam Trg Bộ,Provincial,Cultivation,Thuốc lá,,Area_Planted,1045.0,ha,Actual,PL5
d0136d9d779e960f,2012,3,D.H Nam Trg Bộ,Provincial,Cultivation,Mía,,Area_Planted,33638.0,ha,Actual,PL5
188315c460728c14,2012,3,D.H Nam Trg Bộ,Provincial,Cultivation,Lúa,,Area_Planted,419.0,ha,Actual,PL5
188315c460728c14,2012,3,D.H Nam Trg Bộ,Provincial,Cultivation,Lúa,,Area_Planted,27620.0,ha,Actual,PL5
188315c460728c14,2012,3,D.H Nam Trg Bộ,Provincial,Cultivation,Lúa,,Area_Planted,9947.0,ha,Actual,PL5
e410fa1062cc3194,2012,3,TP Đà Nẵng,Provincial,Cultivation,Lúa,,Area_Planted,676.0,ha,Actual,PL5
268b2d2b0a9a4cb1,2012,3,TP Đà Nẵng,Provincial,Cultivation,Lạc,,Area_Planted,521.0,ha,Actual,PL5
e5422d6e81ddb92d,2012,3,TP Đà Nẵng,Provincial,Cultivation,Mía,,Area_Planted,155.0,ha,Actual,PL5
e410fa1062cc3194,2012,3,TP Đà Nẵng,Provincial,Cultivation,Lúa,,Area_Planted,238.0,ha,Actual,PL5
e410fa1062cc3194,2012,3,TP Đà Nẵng,Provincial,Cultivation,Lúa,,Area_Planted,3.0,ha,Actual,PL5
5bc6b8b8bd0bd4ce,2012,3,Quảng Nam,Provincial,Cultivation,Lúa,,Area_Planted,13588.0,ha,Actual,PL5
5fcfad75b7d64807,2012,3,Quảng Nam,Provincial,Cultivation,Đậu,,Area_Planted,50.0,ha,Actual,PL5
208a419516eaa54a,2012,3,Quảng Nam,Provincial,Cultivation,Lạc,,Area_Planted,8379.0,ha,Actual,PL5
5bc6b8b8bd0bd4ce,2012,3,Quảng Nam,Provincial,Cultivation,Lúa,,Area_Planted,80.0,ha,Actual,PL5
538751b19a3ddfad,2012,3,Quảng Nam,Provincial,Cultivation,Thuốc lá,,Area_Planted,90.0,ha,Actual,PL5
8021471b6592764c,2012,3,Quảng Nam,Provincial,Cultivation,Mía,,Area_Planted,4870.0,ha,Actual,PL5
5bc6b8b8bd0bd4ce,2012,3,Quảng Nam,Provincial,Cultivation,Lúa,,Area_Planted,119.0,ha,Actual,PL5
5bc6b8b8bd0bd4ce,2012,3,Quảng Nam,Provincial,Cultivation,Lúa,,Area_Planted,7894.0,ha,Actual,PL5
5bc6b8b8bd0bd4ce,2012,3,Quảng Nam,Provincial,Cultivation,Lúa,,Area_Planted,2850.0,ha,Actual,PL5
c28c40488aec2961,2012,3,Quảng Ngãi,Provincial,Cultivation,Lúa,,Area_Planted,8442.0,ha,Actual,PL5
31549fd537fde3f0,2012,3,Quảng Ngãi,Provincial,Cultivation,Lạc,,Area_Planted,3967.0,ha,Actual,PL5
45b11ec9d2e22128,2012,3,Quảng Ngãi,Provincial,Cultivation,Mía,,Area_Planted,4475.0,ha,Actual,PL5
c28c40488aec2961,2012,3,Quảng Ngãi,Provincial,Cultivation,Lúa,,Area_Planted,5550.0,ha,Actual,PL5
c28c40488aec2961,2012,3,Quảng Ngãi,Provincial,Cultivation,Lúa,,Area_Planted,1776.0,ha,Actual,PL5
03399f95e72f22e7,2012,3,Bình Định,Provincial,Cultivation,Lúa,,Area_Planted,6931.0,ha,Actual,PL5
6acfe5410b13414e,2012,3,Bình Định,Provincial,Cultivation,Đậu,,Area_Planted,174.0,ha,Actual,PL5
b4ab13a51365928d,2012,3,Bình Định,Provincial,Cultivation,Lạc,,Area_Planted,6757.0,ha,Actual,PL5
03399f95e72f22e7,2012,3,Bình Định,Provincial,Cultivation,Lúa,,Area_Planted,5632.0,ha,Actual,PL5
03399f95e72f22e7,2012,3,Bình Định,Provincial,Cultivation,Lúa,,Area_Planted,821.0,ha,Actual,PL5
e56b1f1819411809,2012,3,Phú Yên,Provincial,Cultivation,Lúa,,Area_Planted,8877.0,ha,Actual,PL5
17917bc7da920d02,2012,3,Phú Yên,Provincial,Cultivation,Đậu,,Area_Planted,270.0,ha,Actual,PL5
efc915d52131e084,2012,3,Phú Yên,Provincial,Cultivation,Lạc,,Area_Planted,543.0,ha,Actual,PL5
e56b1f1819411809,2012,3,Phú Yên,Provincial,Cultivation,Lúa,,Area_Planted,60.0,ha,Actual,PL5
85d139302ac52f22,2012,3,Phú Yên,Provincial,Cultivation,Thuốc lá,,Area_Planted,325.0,ha,Actual,PL5
19ff37749a51a4d8,2012,3,Phú Yên,Provincial,Cultivation,Mía,,Area_Planted,7439.0,ha,Actual,PL5
e56b1f1819411809,2012,3,Phú Yên,Provincial,Cultivation,Lúa,,Area_Planted,240.0,ha,Actual,PL5
e56b1f1819411809,2012,3,Phú Yên,Provincial,Cultivation,Lúa,,Area_Planted,2360.0,ha,Actual,PL5
e56b1f1819411809,2012,3,Phú Yên,Provincial,Cultivation,Lúa,,Area_Planted,1362.0,ha,Actual,PL5
0ac5f79931370cb3,2012,3,Khánh Hoà,Provincial,Cultivation,Lúa,,Area_Planted,13987.0,ha,Actual,PL5
fa0790cc30cbc876,2012,3,Khánh Hoà,Provincial,Cultivation,Mía,,Area_Planted,13987.0,ha,Actual,PL5
0ac5f79931370cb3,2012,3,Khánh Hoà,Provincial,Cultivation,Lúa,,Area_Planted,1741.0,ha,Actual,PL5
0ac5f79931370cb3,2012,3,Khánh Hoà,Provincial,Cultivation,Lúa,,Area_Planted,192.0,ha,Actual,PL5
52852a32c7310d17,2012,3,Ninh Thuận,Provincial,Cultivation,Lúa,,Area_Planted,3170.0,ha,Actual,PL5
e150e69481b6e80a,2012,3,Ninh Thuận,Provincial,Cultivation,Lạc,,Area_Planted,108.0,ha,Actual,PL5
52852a32c7310d17,2012,3,Ninh Thuận,Provincial,Cultivation,Lúa,,Area_Planted,9.0,ha,Actual,PL5
40eb3bc71c9eef80,2012,3,Ninh Thuận,Provincial,Cultivation,Thuốc lá,,Area_Planted,593.0,ha,Actual,PL5
708b844ba934f1a3,2012,3,Ninh Thuận,Provincial,Cultivation,Mía,,Area_Planted,2440.0,ha,Actual,PL5
52852a32c7310d17,2012,3,Ninh Thuận,Provincial,Cultivation,Lúa,,Area_Planted,20.0,ha,Actual,PL5
52852a32c7310d17,2012,3,Ninh Thuận,Provincial,Cultivation,Lúa,,Area_Planted,2587.0,ha,Actual,PL5
52852a32c7310d17,2012,3,Ninh Thuận,Provincial,Cultivation,Lúa,,Area_Planted,1177.0,ha,Actual,PL5
2880f57cdf278f15,2012,3,Bình Thuận,Provincial,Cultivation,Lúa,,Area_Planted,1119.0,ha,Actual,PL5
b42f5e48fe7b82ce,2012,3,Bình Thuận,Provincial,Cultivation,Lạc,,Area_Planted,757.0,ha,Actual,PL5
2880f57cdf278f15,2012,3,Bình Thuận,Provincial,Cultivation,Lúa,,Area_Planted,13.0,ha,Actual,PL5
df3c945034c55e95,2012,3,Bình Thuận,Provincial,Cultivation,Thuốc lá,,Area_Planted,37.0,ha,Actual,PL5
b93fa7c329e05dda,2012,3,Bình Thuận,Provincial,Cultivation,Mía,,Area_Planted,272.0,ha,Actual,PL5
2880f57cdf278f15,2012,3,Bình Thuận,Provincial,Cultivation,Lúa,,Area_Planted,40.0,ha,Actual,PL5
2880f57cdf278f15,2012,3,Bình Thuận,Provincial,Cultivation,Lúa,,Area_Planted,1618.0,ha,Actual,PL5
2880f57cdf278f15,2012,3,Bình Thuận,Provincial,Cultivation,Lúa,,Area_Planted,1765.0,ha,Actual,PL5
cc09a2dfb69da9ea,2012,3,Tây Nguyên,Provincial,Cultivation,Lúa,,Area_Planted,14254.0,ha,Actual,PL5
3be77abe1f34ae58,2012,3,Tây Nguyên,Provincial,Cultivation,Đậu,,Area_Planted,320.0,ha,Actual,PL5
50bc2785ee15fe44,2012,3,Tây Nguyên,Provincial,Cultivation,Lạc,,Area_Planted,131.0,ha,Actual,PL5
18609d5352b25c01,2012,3,Tây Nguyên,Provincial,Cultivation,Thuốc lá,,Area_Planted,4143.0,ha,Actual,PL5
5817ccd40af567e0,2012,3,Tây Nguyên,Provincial,Cultivation,Mía,,Area_Planted,9660.0,ha,Actual,PL5
cc09a2dfb69da9ea,2012,3,Tây Nguyên,Provincial,Cultivation,Lúa,,Area_Planted,28067.0,ha,Actual,PL5
cc09a2dfb69da9ea,2012,3,Tây Nguyên,Provincial,Cultivation,Lúa,,Area_Planted,4138.0,ha,Actual,PL5
f8911777782d9b4c,2012,3,Kon Tum,Provincial,Cultivation,Lúa,,Area_Planted,1813.0,ha,Actual,PL5
1d53565dfa3f904c,2012,3,Kon Tum,Provincial,Cultivation,Lạc,,Area_Planted,12.0,ha,Actual,PL5
9d44e9217386ab3b,2012,3,Kon Tum,Provincial,Cultivation,Mía,,Area_Planted,1801.0,ha,Actual,PL5
f8911777782d9b4c,2012,3,Kon Tum,Provincial,Cultivation,Lúa,,Area_Planted,780.0,ha,Actual,PL5
f8911777782d9b4c,2012,3,Kon Tum,Provincial,Cultivation,Lúa,,Area_Planted,52.0,ha,Actual,PL5
22347c6de410cf4e,2012,3,Gia Lai,Provincial,Cultivation,Lúa,,Area_Planted,11569.0,ha,Actual,PL5
e017c670896026c2,2012,3,Gia Lai,Provincial,Cultivation,Lạc,,Area_Planted,119.0,ha,Actual,PL5
af489c442424401e,2012,3,Gia Lai,Provincial,Cultivation,Thuốc lá,,Area_Planted,3591.0,ha,Actual,PL5
ed917fbe51e1dc51,2012,3,Gia Lai,Provincial,Cultivation,Mía,,Area_Planted,7859.0,ha,Actual,PL5
22347c6de410cf4e,2012,3,Gia Lai,Provincial,Cultivation,Lúa,,Area_Planted,8010.0,ha,Actual,PL5
22347c6de410cf4e,2012,3,Gia Lai,Provincial,Cultivation,Lúa,,Area_Planted,2027.0,ha,Actual,PL5
e914eb313392bc44,2012,3,Đắc Lắc,Provincial,Cultivation,Lúa,,Area_Planted,552.0,ha,Actual,PL5
556ee6e54728f307,2012,3,Đắc Lắc,Provincial,Cultivation,Thuốc lá,,Area_Planted,552.0,ha,Actual,PL5
e914eb313392bc44,2012,3,Đắc Lắc,Provincial,Cultivation,Lúa,,Area_Planted,2914.0,ha,Actual,PL5
e914eb313392bc44,2012,3,Đắc Lắc,Provincial,Cultivation,Lúa,,Area_Planted,1345.0,ha,Actual,PL5
8408a1b5e31c5077,2012,3,Đắc Nông,Provincial,Cultivation,Lúa,,Area_Planted,320.0,ha,Actual,PL5
171afcc14c516d05,2012,3,Đắc Nông,Provincial,Cultivation,Đậu,,Area_Planted,320.0,ha,Actual,PL5
8408a1b5e31c5077,2012,3,Đắc Nông,Provincial,Cultivation,Lúa,,Area_Planted,1035.0,ha,Actual,PL5
8408a1b5e31c5077,2012,3,Đắc Nông,Provincial,Cultivation,Lúa,,Area_Planted,276.0,ha,Actual,PL5
9c73ba86ae3a51c4,2012,3,Lâm Đồng,Provincial,Cultivation,Lúa,,Area_Planted,15328.0,ha,Actual,PL5
9c73ba86ae3a51c4,2012,3,Lâm Đồng,Provincial,Cultivation,Lúa,,Area_Planted,438.0,ha,Actual,PL5
370c691e229739d1,2012,3,Đông Nam Bộ,Provincial,Cultivation,Lúa,,Area_Planted,17590.0,ha,Actual,PL5
44e1efd9a2b1eb6a,2012,3,Đông Nam Bộ,Provincial,Cultivation,Đậu,,Area_Planted,162.0,ha,Actual,PL5
aed33748f7ed9804,2012,3,Đông Nam Bộ,Provincial,Cultivation,Lạc,,Area_Planted,6450.0,ha,Actual,PL5
370c691e229739d1,2012,3,Đông Nam Bộ,Provincial,Cultivation,Lúa,,Area_Planted,629.0,ha,Actual,PL5
fd5c37cc348f31d9,2012,3,Đông Nam Bộ,Provincial,Cultivation,Thuốc lá,,Area_Planted,3869.0,ha,Actual,PL5
b4fe578a0202fb25,2012,3,Đông Nam Bộ,Provincial,Cultivation,Mía,,Area_Planted,6472.0,ha,Actual,PL5
370c691e229739d1,2012,3,Đông Nam Bộ,Provincial,Cultivation,Lúa,,Area_Planted,8.0,ha,Actual,PL5
370c691e229739d1,2012,3,Đông Nam Bộ,Provincial,Cultivation,Lúa,,Area_Planted,24503.0,ha,Actual,PL5
370c691e229739d1,2012,3,Đông Nam Bộ,Provincial,Cultivation,Lúa,,Area_Planted,5470.0,ha,Actual,PL5
1f87c1903e8743d5,2012,3,Bình Phước,Provincial,Cultivation,Lúa,,Area_Planted,101.0,ha,Actual,PL5
252dbcf8409e51fa,2012,3,Bình Phước,Provincial,Cultivation,Đậu,,Area_Planted,19.0,ha,Actual,PL5
4c622b18bc2c95de,2012,3,Bình Phước,Provincial,Cultivation,Lạc,,Area_Planted,39.0,ha,Actual,PL5
1f87c1903e8743d5,2012,3,Bình Phước,Provincial,Cultivation,Lúa,,Area_Planted,2.0,ha,Actual,PL5
8b7f21b857773369,2012,3,Bình Phước,Provincial,Cultivation,Mía,,Area_Planted,41.0,ha,Actual,PL5
1f87c1903e8743d5,2012,3,Bình Phước,Provincial,Cultivation,Lúa,,Area_Planted,1117.0,ha,Actual,PL5
1f87c1903e8743d5,2012,3,Bình Phước,Provincial,Cultivation,Lúa,,Area_Planted,181.0,ha,Actual,PL5
70114a71775d8a60,2012,3,Tây Ninh,Provincial,Cultivation,Lúa,,Area_Planted,12906.0,ha,Actual,PL5
413c65e0e35e5dca,2012,3,Tây Ninh,Provincial,Cultivation,Lạc,,Area_Planted,6109.0,ha,Actual,PL5
70114a71775d8a60,2012,3,Tây Ninh,Provincial,Cultivation,Lúa,,Area_Planted,605.0,ha,Actual,PL5
8df9a2c1dc139bfc,2012,3,Tây Ninh,Provincial,Cultivation,Thuốc lá,,Area_Planted,2925.0,ha,Actual,PL5
d1bd3ac913753607,2012,3,Tây Ninh,Provincial,Cultivation,Mía,,Area_Planted,3267.0,ha,Actual,PL5
70114a71775d8a60,2012,3,Tây Ninh,Provincial,Cultivation,Lúa,,Area_Planted,8159.0,ha,Actual,PL5
70114a71775d8a60,2012,3,Tây Ninh,Provincial,Cultivation,Lúa,,Area_Planted,3242.0,ha,Actual,PL5
926b686a81b8bcc7,2012,3,Bình Dương,Provincial,Cultivation,Lúa,,Area_Planted,1767.0,ha,Actual,PL5
926b686a81b8bcc7,2012,3,Bình Dương,Provincial,Cultivation,Lúa,,Area_Planted,61.0,ha,Actual,PL5
441f6d129a9f82b0,2012,3,Đồng Nai,Provincial,Cultivation,Lúa,,Area_Planted,2136.0,ha,Actual,PL5
c4c0b075ba3313bf,2012,3,Đồng Nai,Provincial,Cultivation,Đậu,,Area_Planted,143.0,ha,Actual,PL5
9b3e6976b30a26f2,2012,3,Đồng Nai,Provincial,Cultivation,Lạc,,Area_Planted,193.0,ha,Actual,PL5
441f6d129a9f82b0,2012,3,Đồng Nai,Provincial,Cultivation,Lúa,,Area_Planted,22.0,ha,Actual,PL5
585381cd7f51ba9f,2012,3,Đồng Nai,Provincial,Cultivation,Thuốc lá,,Area_Planted,824.0,ha,Actual,PL5
3f25b40343cc69c7,2012,3,Đồng Nai,Provincial,Cultivation,Mía,,Area_Planted,946.0,ha,Actual,PL5
441f6d129a9f82b0,2012,3,Đồng Nai,Provincial,Cultivation,Lúa,,Area_Planted,8.0,ha,Actual,PL5
441f6d129a9f82b0,2012,3,Đồng Nai,Provincial,Cultivation,Lúa,,Area_Planted,4832.0,ha,Actual,PL5
441f6d129a9f82b0,2012,3,Đồng Nai,Provincial,Cultivation,Lúa,,Area_Planted,1910.0,ha,Actual,PL5
d9a8227cf2d7620e,2012,3,Bà Rịa-V.Tàu,Provincial,Cultivation,Lúa,,Area_Planted,305.0,ha,Actual,PL5
c2658daeabf003e6,2012,3,Bà Rịa-V.Tàu,Provincial,Cultivation,Lạc,,Area_Planted,109.0,ha,Actual,PL5
4ca09e9bfd7b34f4,2012,3,Bà Rịa-V.Tàu,Provincial,Cultivation,Thuốc lá,,Area_Planted,120.0,ha,Actual,PL5
d3b0efa1aa42d345,2012,3,Bà Rịa-V.Tàu,Provincial,Cultivation,Mía,,Area_Planted,76.0,ha,Actual,PL5
d9a8227cf2d7620e,2012,3,Bà Rịa-V.Tàu,Provincial,Cultivation,Lúa,,Area_Planted,3150.0,ha,Actual,PL5
d9a8227cf2d7620e,2012,3,Bà Rịa-V.Tàu,Provincial,Cultivation,Lúa,,Area_Planted,76.0,ha,Actual,PL5
e2be2beccde627cd,2012,3,TP Hồ Chí Minh,Provincial,Cultivation,Lúa,,Area_Planted,2142.0,ha,Actual,PL5
a7b237803cf38d09,2012,3,TP Hồ Chí Minh,Provincial,Cultivation,Mía,,Area_Planted,2142.0,ha,Actual,PL5
e2be2beccde627cd,2012,3,TP Hồ Chí Minh,Provincial,Cultivation,Lúa,,Area_Planted,5478.0,ha,Actual,PL5
9d64dd4a9eaf008a,2012,3,ĐBS Cửu Long,Provincial,Cultivation,Lúa,,Area_Planted,74224.0,ha,Actual,PL5
12bc106c650f92c6,2012,3,ĐBS Cửu Long,Provincial,Cultivation,Đậu,,Area_Planted,1226.0,ha,Actual,PL5
6b4c6de1b666e743,2012,3,ĐBS Cửu Long,Provincial,Cultivation,Lạc,,Area_Planted,9346.0,ha,Actual,PL5
9d64dd4a9eaf008a,2012,3,ĐBS Cửu Long,Provincial,Cultivation,Lúa,,Area_Planted,7600.0,ha,Actual,PL5
0b70c9a36cd30f3e,2012,3,ĐBS Cửu Long,Provincial,Cultivation,Thuốc lá,,Area_Planted,92.0,ha,Actual,PL5
874484ced5d23c50,2012,3,ĐBS Cửu Long,Provincial,Cultivation,Mía,,Area_Planted,54843.0,ha,Actual,PL5
9d64dd4a9eaf008a,2012,3,ĐBS Cửu Long,Provincial,Cultivation,Lúa,,Area_Planted,1118.0,ha,Actual,PL5
9d64dd4a9eaf008a,2012,3,ĐBS Cửu Long,Provincial,Cultivation,Lúa,,Area_Planted,111655.0,ha,Actual,PL5
9d64dd4a9eaf008a,2012,3,ĐBS Cửu Long,Provincial,Cultivation,Lúa,,Area_Planted,3552.0,ha,Actual,PL5
1a3a5fd09f08219e,2012,3,Long An,Provincial,Cultivation,Lúa,,Area_Planted,19565.0,ha,Actual,PL5
15511294d1745689,2012,3,Long An,Provincial,Cultivation,Lạc,,Area_Planted,5674.0,ha,Actual,PL5
1a3a5fd09f08219e,2012,3,Long An,Provincial,Cultivation,Lúa,,Area_Planted,572.0,ha,Actual,PL5
ee5cc8191380a7d4,2012,3,Long An,Provincial,Cultivation,Thuốc lá,,Area_Planted,63.0,ha,Actual,PL5
bb0a3b435c994e45,2012,3,Long An,Provincial,Cultivation,Mía,,Area_Planted,13254.0,ha,Actual,PL5
1a3a5fd09f08219e,2012,3,Long An,Provincial,Cultivation,Lúa,,Area_Planted,2.0,ha,Actual,PL5
1a3a5fd09f08219e,2012,3,Long An,Provincial,Cultivation,Lúa,,Area_Planted,6373.0,ha,Actual,PL5
1a3a5fd09f08219e,2012,3,Long An,Provincial,Cultivation,Lúa,,Area_Planted,19.0,ha,Actual,PL5
7704381a43f243ae,2012,3,Tiền Giang,Provincial,Cultivation,Lúa,,Area_Planted,281.0,ha,Actual,PL5
48922b2206135145,2012,3,Tiền Giang,Provincial,Cultivation,Đậu,,Area_Planted,22.0,ha,Actual,PL5
da4d8e23accc79a0,2012,3,Tiền Giang,Provincial,Cultivation,Lạc,,Area_Planted,98.0,ha,Actual,PL5
f98a0875bee0b213,2012,3,Tiền Giang,Provincial,Cultivation,Mía,,Area_Planted,161.0,ha,Actual,PL5
7704381a43f243ae,2012,3,Tiền Giang,Provincial,Cultivation,Lúa,,Area_Planted,22362.0,ha,Actual,PL5
7704381a43f243ae,2012,3,Tiền Giang,Provincial,Cultivation,Lúa,,Area_Planted,128.0,ha,Actual,PL5
f8fd4f57750f70a3,2012,3,Bến Tre,Provincial,Cultivation,Lúa,,Area_Planted,5320.0,ha,Actual,PL5
eb1a929b9e2024ee,2012,3,Bến Tre,Provincial,Cultivation,Lạc,,Area_Planted,120.0,ha,Actual,PL5
5565d3d5556ba299,2012,3,Bến Tre,Provincial,Cultivation,Mía,,Area_Planted,5200.0,ha,Actual,PL5
f8fd4f57750f70a3,2012,3,Bến Tre,Provincial,Cultivation,Lúa,,Area_Planted,2500.0,ha,Actual,PL5
f8fd4f57750f70a3,2012,3,Bến Tre,Provincial,Cultivation,Lúa,,Area_Planted,3.0,ha,Actual,PL5
3e336f18e157176b,2012,3,Trà Vinh,Provincial,Cultivation,Lúa,,Area_Planted,9016.0,ha,Actual,PL5
93764b7b02d08ed4,2012,3,Trà Vinh,Provincial,Cultivation,Lạc,,Area_Planted,3196.0,ha,Actual,PL5
d09cb1fee455e552,2012,3,Trà Vinh,Provincial,Cultivation,Mía,,Area_Planted,4899.0,ha,Actual,PL5
3e336f18e157176b,2012,3,Trà Vinh,Provincial,Cultivation,Lúa,,Area_Planted,921.0,ha,Actual,PL5
3e336f18e157176b,2012,3,Trà Vinh,Provincial,Cultivation,Lúa,,Area_Planted,11637.0,ha,Actual,PL5
3e336f18e157176b,2012,3,Trà Vinh,Provincial,Cultivation,Lúa,,Area_Planted,397.0,ha,Actual,PL5
9843031ebe6c2982,2012,3,Vĩnh Long,Provincial,Cultivation,Lúa,,Area_Planted,1365.0,ha,Actual,PL5
8fcccc3b79380b7d,2012,3,Vĩnh Long,Provincial,Cultivation,Đậu,,Area_Planted,459.0,ha,Actual,PL5
60ad7df59844e195,2012,3,Vĩnh Long,Provincial,Cultivation,Lạc,,Area_Planted,19.0,ha,Actual,PL5
9843031ebe6c2982,2012,3,Vĩnh Long,Provincial,Cultivation,Lúa,,Area_Planted,834.0,ha,Actual,PL5
8071caad17c67eda,2012,3,Vĩnh Long,Provincial,Cultivation,Mía,,Area_Planted,53.0,ha,Actual,PL5
9843031ebe6c2982,2012,3,Vĩnh Long,Provincial,Cultivation,Lúa,,Area_Planted,11280.0,ha,Actual,PL5
9843031ebe6c2982,2012,3,Vĩnh Long,Provincial,Cultivation,Lúa,,Area_Planted,226.0,ha,Actual,PL5
fbe29601090fd8f2,2012,3,Đồng Tháp,Provincial,Cultivation,Lúa,,Area_Planted,3591.0,ha,Actual,PL5
3c4af60e6161df2e,2012,3,Đồng Tháp,Provincial,Cultivation,Đậu,,Area_Planted,556.0,ha,Actual,PL5
3d60600c731a5453,2012,3,Đồng Tháp,Provincial,Cultivation,Lạc,,Area_Planted,66.0,ha,Actual,PL5
fbe29601090fd8f2,2012,3,Đồng Tháp,Provincial,Cultivation,Lúa,,Area_Planted,2565.0,ha,Actual,PL5
04bc7b293b98053b,2012,3,Đồng Tháp,Provincial,Cultivation,Mía,,Area_Planted,209.0,ha,Actual,PL5
fbe29601090fd8f2,2012,3,Đồng Tháp,Provincial,Cultivation,Lúa,,Area_Planted,195.0,ha,Actual,PL5
fbe29601090fd8f2,2012,3,Đồng Tháp,Provincial,Cultivation,Lúa,,Area_Planted,5747.0,ha,Actual,PL5
fbe29601090fd8f2,2012,3,Đồng Tháp,Provincial,Cultivation,Lúa,,Area_Planted,109.0,ha,Actual,PL5
76e6fe68abf0f438,2012,3,An Giang,Provincial,Cultivation,Lúa,,Area_Planted,307.0,ha,Actual,PL5
b1d963bd62c664ef,2012,3,An Giang,Provincial,Cultivation,Đậu,,Area_Planted,49.0,ha,Actual,PL5
aa7cfdcd683ff2e2,2012,3,An Giang,Provincial,Cultivation,Lạc,,Area_Planted,108.0,ha,Actual,PL5
76e6fe68abf0f438,2012,3,An Giang,Provincial,Cultivation,Lúa,,Area_Planted,121.0,ha,Actual,PL5
1f37baaf60892c84,2012,3,An Giang,Provincial,Cultivation,Thuốc lá,,Area_Planted,29.0,ha,Actual,PL5
76e6fe68abf0f438,2012,3,An Giang,Provincial,Cultivation,Lúa,,Area_Planted,12296.0,ha,Actual,PL5
76e6fe68abf0f438,2012,3,An Giang,Provincial,Cultivation,Lúa,,Area_Planted,627.0,ha,Actual,PL5
14315facb51847f5,2012,3,Kiên Giang,Provincial,Cultivation,Lúa,,Area_Planted,4063.0,ha,Actual,PL5
4becee253b67b62e,2012,3,Kiên Giang,Provincial,Cultivation,Mía,,Area_Planted,4063.0,ha,Actual,PL5
14315facb51847f5,2012,3,Kiên Giang,Provincial,Cultivation,Lúa,,Area_Planted,2287.0,ha,Actual,PL5
96a32874c5e43ea7,2012,3,Cần Thơ,Provincial,Cultivation,Lúa,,Area_Planted,3526.0,ha,Actual,PL5
cbd5c35954f0e400,2012,3,Cần Thơ,Provincial,Cultivation,Đậu,,Area_Planted,17.0,ha,Actual,PL5
96a32874c5e43ea7,2012,3,Cần Thơ,Provincial,Cultivation,Lúa,,Area_Planted,3509.0,ha,Actual,PL5
96a32874c5e43ea7,2012,3,Cần Thơ,Provincial,Cultivation,Lúa,,Area_Planted,3678.0,ha,Actual,PL5
96a32874c5e43ea7,2012,3,Cần Thơ,Provincial,Cultivation,Lúa,,Area_Planted,317.0,ha,Actual,PL5
dd4bc5d4d0a349d9,2012,3,Hậu Giang,Provincial,Cultivation,Lúa,,Area_Planted,14164.0,ha,Actual,PL5
4987526e6bfeeb01,2012,3,Hậu Giang,Provincial,Cultivation,Mía,,Area_Planted,14164.0,ha,Actual,PL5
dd4bc5d4d0a349d9,2012,3,Hậu Giang,Provincial,Cultivation,Lúa,,Area_Planted,8828.0,ha,Actual,PL5
dd4bc5d4d0a349d9,2012,3,Hậu Giang,Provincial,Cultivation,Lúa,,Area_Planted,450.0,ha,Actual,PL5
5eb069fe03197d8d,2012,3,Sóc Trăng,Provincial,Cultivation,Lúa,,Area_Planted,11053.0,ha,Actual,PL5
7568d081a1cd250e,2012,3,Sóc Trăng,Provincial,Cultivation,Đậu,,Area_Planted,123.0,ha,Actual,PL5
5e2f2257a375bd15,2012,3,Sóc Trăng,Provincial,Cultivation,Lạc,,Area_Planted,64.0,ha,Actual,PL5
38884f637903db61,2012,3,Sóc Trăng,Provincial,Cultivation,Mía,,Area_Planted,10866.0,ha,Actual,PL5
5eb069fe03197d8d,2012,3,Sóc Trăng,Provincial,Cultivation,Lúa,,Area_Planted,21089.0,ha,Actual,PL5
5eb069fe03197d8d,2012,3,Sóc Trăng,Provincial,Cultivation,Lúa,,Area_Planted,1276.0,ha,Actual,PL5
d31c5e3fb683fec4,2012,3,Bạc Liêu,Provincial,Cultivation,Lúa,,Area_Planted,2548.0,ha,Actual,PL5
f68b7c9fc30bc263,2012,3,Cà Mau,Provincial,Cultivation,Lúa,,Area_Planted,1974.0,ha,Actual,PL5
31cbc7fb032d8e93,2012,3,Cà Mau,Provincial,Cultivation,Mía,,Area_Planted,1974.0,ha,Actual,PL5
f68b7c9fc30bc263,2012,3,Cà Mau,Provincial,Cultivation,Lúa,,Area_Planted,1030.0,ha,Actual,PL5
1e9872c6035ac4f4,2012,3,Cả nước,National,Forestry,Rừng,,Area_Planted,865.0,1000_ha,Estimated,PL6
862bd16df5717b0f,2012,3,Cả nước,National,Forestry,Rừng,,Area_Planted,118.0,1000_ha,Plan,PL6
fdf5f1a0d470b9ba,2012,3,Cả nước,National,Forestry,Rừng,,Area,402.0,1000_ha,Estimated,PL6
d64b9c4f8f301d57,2012,3,Cả nước,National,Forestry,Rừng,,Area,12.0,1000_ha,Plan,PL6
fdf5f1a0d470b9ba,2012,3,Cả nước,National,Forestry,Rừng,,Area,920.0,1000_ha,Estimated,PL6
d64b9c4f8f301d57,2012,3,Cả nước,National,Forestry,Rừng,,Area,105.0,1000_ha,Plan,PL6
111da58f0bd4e58f,2012,3,Cả nước,National,Forestry,Rừng trồng,,Area,1007.0,1000_ha,Estimated,PL6
32a6ca541965b13f,2012,3,Cả nước,National,Forestry,Rừng trồng,,Area,874.0,1000_ha,Plan,PL6
fdf5f1a0d470b9ba,2012,3,Cả nước,National,Forestry,Rừng,,Area,1028.0,1000_ha,Estimated,PL6
d64b9c4f8f301d57,2012,3,Cả nước,National,Forestry,Rừng,,Area,603.0,1000_ha,Plan,PL6
4cd12bfd0931375d,2012,3,Cả nước,National,Forestry,Rừng tái sinh,,Area,1002.0,1000_ha,Estimated,PL6
67aa0ce043524cd6,2012,3,Cả nước,National,Forestry,Rừng tái sinh,,Area,6070.0,1000_ha,Plan,PL6
0083bf4d6beac759,2012,3,Cả nước,National,Forestry,Rừng bảo vệ,,Area,1007.0,1000_ha,Estimated,PL6
3aa147478ee52d71,2012,3,Cả nước,National,Forestry,Rừng bảo vệ,,Area,17550.0,1000_ha,Plan,PL6
0ce1008b43d9d7ba,2012,3,Cả nước,National,Forestry,Gỗ,,Production,1093.0,1000_m3,Estimated,PL6
f0d048a5135d9763,2012,3,Cả nước,National,Forestry,Gỗ,,Production,9565.0,1000_m3,Plan,PL6
b0c66c16aebcd741,2012,1,Cả nước,National,Trade,I,Xuất khẩu,Export_Volume,1950300.0,1000_ton,Actual,PL8
6232964843d3ea55,2012,1,Cả nước,National,Trade,I,Xuất khẩu,Export_Value,2350000.0,million_USD,Actual,PL8
c5c9b9984fb5b50c,2012,1,Cả nước,National,Trade,1,Xuất khẩu,Export_Volume,1116000.0,1000_ton,Actual,PL8
22fbd2193b7a8eeb,2012,1,Cả nước,National,Trade,1,Xuất khẩu,Export_Value,1350000.0,million_USD,Actual,PL8
ab27cef591a69fcd,2012,1,Cả nước,National,Trade,2,Xuất khẩu,Export_Volume,180000.0,1000_ton,Actual,PL8
4e870957eb43ec2c,2012,1,Cả nước,National,Trade,2,Xuất khẩu,Export_Value,750000.0,million_USD,Actual,PL8
e23ae5f660ccb803,2012,1,Cả nước,National,Trade,3,Xuất khẩu,Export_Volume,84000.0,1000_ton,Actual,PL8
68f5be7008508c0c,2012,1,Cả nước,National,Trade,3,Xuất khẩu,Export_Value,250000.0,million_USD,Actual,PL8
ed34f9efdf6e699b,2012,1,Cả nước,National,Trade,4,Xuất khẩu,Export_Volume,85000.0,1000_ton,Actual,PL8
cd62cb20aba01db1,2012,1,Cả nước,National,Trade,5,Xuất khẩu,Export_Volume,140000.0,1000_ton,Actual,PL8
c55964edd3554e06,2012,1,Cả nước,National,Trade,6,Xuất khẩu,Export_Volume,65800.0,1000_ton,Actual,PL8
5b3de55cf83dc2d9,2012,1,Cả nước,National,Trade,7,Xuất khẩu,Export_Volume,30000.0,1000_ton,Actual,PL8
89a44d3527b86d27,2012,1,Cả nước,National,Trade,8,Xuất khẩu,Export_Volume,15000.0,1000_ton,Actual,PL8
c4eaebb14661d250,2012,1,Cả nước,National,Trade,9,Xuất khẩu,Export_Volume,224500.0,1000_ton,Actual,PL8
b5d69f4ff91eca24,2012,1,Cả nước,National,Trade,10,Xuất khẩu,Export_Volume,10000.0,1000_ton,Actual,PL8
c92aa8e95a9bfb1f,2012,1,Cả nước,National,Trade,II,Xuất khẩu,Export_Volume,416500.0,1000_ton,Actual,PL8
c5c9b9984fb5b50c,2012,1,Cả nước,National,Trade,1,Xuất khẩu,Export_Volume,180000.0,1000_ton,Actual,PL8
ab27cef591a69fcd,2012,1,Cả nước,National,Trade,2,Xuất khẩu,Export_Volume,110000.0,1000_ton,Actual,PL8
e23ae5f660ccb803,2012,1,Cả nước,National,Trade,3,Xuất khẩu,Export_Volume,90000.0,1000_ton,Actual,PL8
ed34f9efdf6e699b,2012,1,Cả nước,National,Trade,4,Xuất khẩu,Export_Volume,35000.0,1000_ton,Actual,PL8
cd62cb20aba01db1,2012,1,Cả nước,National,Trade,5,Xuất khẩu,Export_Volume,1500.0,1000_ton,Actual,PL8
3e54947114dfb9b1,2012,1,Cả nước,National,Trade,III,Xuất khẩu,Export_Volume,38000.0,1000_ton,Actual,PL8
d95b40f938244faf,2012,1,Cả nước,National,Trade,IV,Xuất khẩu,Export_Volume,78500.0,1000_ton,Actual,PL8
722a8cfc8c79771e,2012,3,Cả nước,National,Investment,572,,Investment_Amount,1198.0,million_VND,Plan,PL9
0dedae935e1c0ea2,2012,3,Cả nước,National,Investment,572,,Investment_Amount,314.0,million_VND,Cumulative,PL9
d78108f84d22e935,2012,3,Cả nước,National,Investment,162,,Investment_Amount,710.0,million_VND,Plan,PL9
a4bbb66e3be3b1bd,2012,3,Cả nước,National,Investment,162,,Investment_Amount,158.0,million_VND,Cumulative,PL9
e9b195545f964b72,2012,3,Cả nước,National,Investment,"1,922",,Investment_Amount,967.0,million_VND,Plan,PL9
9cf511a11be42064,2012,3,Cả nước,National,Investment,"1,922",,Investment_Amount,704.0,million_VND,Cumulative,PL9
6697256611bb18ae,2012,3,Cả nước,National,Investment,25,,Investment_Amount,35.0,million_VND,Plan,PL9
a05b4a1422973ab6,2012,3,Cả nước,National,Investment,25,,Investment_Amount,20.0,million_VND,Cumulative,PL9
b851c09b22e1836d,2012,3,Cả nước,National,Investment,29,,Investment_Amount,205.0,million_VND,Plan,PL9
e9147bc4861d0f51,2012,3,Cả nước,National,Investment,29,,Investment_Amount,21.0,million_VND,Cumulative,PL9
5ba58027d741c03d,2012,3,Cả nước,National,Investment,26,,Investment_Amount,127.0,million_VND,Plan,PL9
cf2a607a9219fafb,2012,3,Cả nước,National,Investment,26,,Investment_Amount,12.0,million_VND,Cumulative,PL9
dc744c6c06a65428,2012,3,Cả nước,National,Investment,"1,146",,Investment_Amount,381.0,million_VND,Plan,PL9
3c05c9e9203da0c2,2012,3,Cả nước,National,Investment,"1,146",,Investment_Amount,629.0,million_VND,Cumulative,PL9
d096321941a711a3,2012,3,Cả nước,National,Investment,877.2,,Investment_Amount,238.0,million_VND,Plan,PL9
eb871bcc197ef53b,2012,3,Cả nước,National,Investment,877.2,,Investment_Amount,407.0,million_VND,Cumulative,PL9
7c25d0a6698ab120,2012,3,Cả nước,National,Investment,Các mặt hàng nhập khẩu chính,,Investment_Amount,2713.0,million_VND,Plan,PL9
d6133d203eb89f2e,2012,3,Cả nước,National,Investment,851,,Investment_Amount,307.0,million_VND,Plan,PL9
5d8e7656ce0d78bd,2012,3,Cả nước,National,Investment,851,,Investment_Amount,378.0,million_VND,Cumulative,PL9
5d7865a29231a090,2012,3,Cả nước,National,Investment,140,,Investment_Amount,52.0,million_VND,Plan,PL9
b0c16240adaeb359,2012,3,Cả nước,National,Investment,140,,Investment_Amount,26.0,million_VND,Cumulative,PL9
9b4747898c8d567c,2011,4,1. Gieo cấy lúa hè thu miền Nam,Provincial,Cultivation,Unknown,,Area_Planted,5752.0,1000_ha,Actual,PL1
8ef031ff79d79db3,2011,4,2. Thu hoạch lúa đông xuân miền Nam,Provincial,Cultivation,Lúa,Đông Xuân,Area_Harvested,17189.0,1000_ha,Actual,PL1
29f2877b24a506e2,2012,4,2. Thu hoạch lúa đông xuân miền Nam,Provincial,Cultivation,Lúa,Đông Xuân,Area_Harvested,865.0,1000_ha,Actual,PL1
f2fe46cf26d9bb15,2011,4,"3. Gieo trồng hoa màu, CCN ngắn ngày (*)",Provincial,Cultivation,Unknown,,Area_Planted,0.0,1000_ha,Actual,PL1
629c961aaef67ebf,2011,4,3.1. Gieo trồng màu lương thực,Provincial,Cultivation,Màu lương thực,,Area_Planted,7294.0,1000_ha,Actual,PL1
55bc899014e00cb4,2011,4,- Khoai lang,Provincial,Cultivation,Khoai lang,,Area_Planted,848.0,1000_ha,Actual,PL1
0a7559d6635528f1,2011,4,- Sắn,Provincial,Cultivation,Sắn,,Area_Planted,1752.0,1000_ha,Actual,PL1
37a8ec7be0fbb353,2011,4,3.2. Gieo trồng cây công nghiệp,Provincial,Cultivation,Unknown,,Area_Planted,3995.0,1000_ha,Actual,PL1
a457cd94a18dfa77,2011,4,- Lạc,Provincial,Cultivation,Lạc,,Area_Planted,1564.0,1000_ha,Actual,PL1
4b415ba064a102c7,2011,4,- Mía,Provincial,Cultivation,Unknown,,Area_Planted,1186.0,1000_ha,Actual,PL1
8a839c76ec81b08e,2011,4,- Thuốc lá,Provincial,Cultivation,Unknown,,Area_Planted,204.0,1000_ha,Actual,PL1
e5fa13dfda76b78e,2011,4,"4. Gieo trồng rau, đậu các loại",Provincial,Cultivation,Rau đậu,,Area_Planted,4547.0,1000_ha,Actual,PL1
0c11a95f0b8e831d,2012,4,Miền Bắc,Provincial,Cultivation,Lúa,,Area_Planted,1146956.0,ha,Actual,PL2
0c11a95f0b8e831d,2012,4,Miền Bắc,Provincial,Cultivation,Lúa,,Area_Planted,564221.0,ha,Actual,PL2
5baaf375877391fa,2012,4,Miền Bắc,Provincial,Cultivation,Ngô,,Area_Planted,381049.0,ha,Actual,PL2
e6cb8dfa752f80e4,2012,4,Miền Bắc,Provincial,Cultivation,Khoai lang,,Area_Planted,67643.0,ha,Actual,PL2
048270b3e24641c3,2012,4,Miền Bắc,Provincial,Cultivation,Sắn,,Area_Planted,106034.0,ha,Actual,PL2
0c11a95f0b8e831d,2012,4,Miền Bắc,Provincial,Cultivation,Lúa,,Area_Planted,9495.0,ha,Actual,PL2
1e0bb7696b65215a,2012,4,ĐB sông Hồng,Provincial,Cultivation,Lúa,,Area_Planted,562665.0,ha,Actual,PL2
1e0bb7696b65215a,2012,4,ĐB sông Hồng,Provincial,Cultivation,Lúa,,Area_Planted,101269.0,ha,Actual,PL2
afbf6a22836b9f53,2012,4,ĐB sông Hồng,Provincial,Cultivation,Ngô,,Area_Planted,74465.0,ha,Actual,PL2
8700e5609cce0b39,2012,4,ĐB sông Hồng,Provincial,Cultivation,Khoai lang,,Area_Planted,19506.0,ha,Actual,PL2
e31956c3340fd20f,2012,4,ĐB sông Hồng,Provincial,Cultivation,Sắn,,Area_Planted,4560.0,ha,Actual,PL2
1e0bb7696b65215a,2012,4,ĐB sông Hồng,Provincial,Cultivation,Lúa,,Area_Planted,2738.0,ha,Actual,PL2
78faf72d65ca5a76,2012,4,Hà Nội,Provincial,Cultivation,Lúa,,Area_Planted,100315.0,ha,Actual,PL2
78faf72d65ca5a76,2012,4,Hà Nội,Provincial,Cultivation,Lúa,,Area_Planted,22718.0,ha,Actual,PL2
c6491c004350ad15,2012,4,Hà Nội,Provincial,Cultivation,Ngô,,Area_Planted,18582.0,ha,Actual,PL2
2b8669b408bb7ffc,2012,4,Hà Nội,Provincial,Cultivation,Khoai lang,,Area_Planted,3573.0,ha,Actual,PL2
9a1023463236f695,2012,4,Hà Nội,Provincial,Cultivation,Sắn,,Area_Planted,563.0,ha,Actual,PL2
a6e99819c7eb5893,2012,4,Hải Phòng,Provincial,Cultivation,Lúa,,Area_Planted,38150.0,ha,Actual,PL2
a6e99819c7eb5893,2012,4,Hải Phòng,Provincial,Cultivation,Lúa,,Area_Planted,3400.0,ha,Actual,PL2
a94dcaac78ffd879,2012,4,Hải Phòng,Provincial,Cultivation,Ngô,,Area_Planted,2000.0,ha,Actual,PL2
b0e0421bbb94e8cf,2012,4,Hải Phòng,Provincial,Cultivation,Khoai lang,,Area_Planted,1400.0,ha,Actual,PL2
42e4d700d209ad5f,2012,4,Vĩnh Phúc,Provincial,Cultivation,Lúa,,Area_Planted,30944.0,ha,Actual,PL2
42e4d700d209ad5f,2012,4,Vĩnh Phúc,Provincial,Cultivation,Lúa,,Area_Planted,15345.0,ha,Actual,PL2
299541ac5085da18,2012,4,Vĩnh Phúc,Provincial,Cultivation,Ngô,,Area_Planted,11059.0,ha,Actual,PL2
deeee73fc79d4fd6,2012,4,Vĩnh Phúc,Provincial,Cultivation,Khoai lang,,Area_Planted,2263.0,ha,Actual,PL2
ad4f6a376db8f2d2,2012,4,Vĩnh Phúc,Provincial,Cultivation,Sắn,,Area_Planted,1864.0,ha,Actual,PL2
42e4d700d209ad5f,2012,4,Vĩnh Phúc,Provincial,Cultivation,Lúa,,Area_Planted,159.0,ha,Actual,PL2
5f64267be2be30ec,2012,4,Bắc Ninh,Provincial,Cultivation,Lúa,,Area_Planted,36296.0,ha,Actual,PL2
5f64267be2be30ec,2012,4,Bắc Ninh,Provincial,Cultivation,Lúa,,Area_Planted,4536.0,ha,Actual,PL2
1b5724277df6a298,2012,4,Bắc Ninh,Provincial,Cultivation,Ngô,,Area_Planted,3901.0,ha,Actual,PL2
f6133790641e04fb,2012,4,Bắc Ninh,Provincial,Cultivation,Khoai lang,,Area_Planted,635.0,ha,Actual,PL2
bc0e83baab616ffa,2012,4,Hải Dương,Provincial,Cultivation,Lúa,,Area_Planted,63509.0,ha,Actual,PL2
bc0e83baab616ffa,2012,4,Hải Dương,Provincial,Cultivation,Lúa,,Area_Planted,3808.0,ha,Actual,PL2
8048b48109bcd125,2012,4,Hải Dương,Provincial,Cultivation,Ngô,,Area_Planted,3603.0,ha,Actual,PL2
d20f53576583359d,2012,4,Hải Dương,Provincial,Cultivation,Khoai lang,,Area_Planted,205.0,ha,Actual,PL2
64c07422bc94c084,2012,4,Hưng Yên,Provincial,Cultivation,Lúa,,Area_Planted,39500.0,ha,Actual,PL2
64c07422bc94c084,2012,4,Hưng Yên,Provincial,Cultivation,Lúa,,Area_Planted,8156.0,ha,Actual,PL2
f59b07f8fcec1d06,2012,4,Hưng Yên,Provincial,Cultivation,Ngô,,Area_Planted,7542.0,ha,Actual,PL2
b559cd6bae8f59db,2012,4,Hưng Yên,Provincial,Cultivation,Khoai lang,,Area_Planted,614.0,ha,Actual,PL2
cdef7a890ac93d94,2012,4,Hà Nam,Provincial,Cultivation,Lúa,,Area_Planted,34243.0,ha,Actual,PL2
cdef7a890ac93d94,2012,4,Hà Nam,Provincial,Cultivation,Lúa,,Area_Planted,7120.0,ha,Actual,PL2
c772050178e7919d,2012,4,Hà Nam,Provincial,Cultivation,Ngô,,Area_Planted,6539.0,ha,Actual,PL2
23dc04bad27f9f93,2012,4,Hà Nam,Provincial,Cultivation,Khoai lang,,Area_Planted,581.0,ha,Actual,PL2
d0b4b7b2b8510a9a,2012,4,Nam Định,Provincial,Cultivation,Lúa,,Area_Planted,77727.0,ha,Actual,PL2
d0b4b7b2b8510a9a,2012,4,Nam Định,Provincial,Cultivation,Lúa,,Area_Planted,6167.0,ha,Actual,PL2
a7ff0f90e08ea454,2012,4,Nam Định,Provincial,Cultivation,Ngô,,Area_Planted,3645.0,ha,Actual,PL2
10203057b7fa9ed6,2012,4,Nam Định,Provincial,Cultivation,Khoai lang,,Area_Planted,1622.0,ha,Actual,PL2
623375e40d608413,2012,4,Nam Định,Provincial,Cultivation,Sắn,,Area_Planted,200.0,ha,Actual,PL2
d0b4b7b2b8510a9a,2012,4,Nam Định,Provincial,Cultivation,Lúa,,Area_Planted,700.0,ha,Actual,PL2
acd0f093195053cc,2012,4,Thái Bình,Provincial,Cultivation,Lúa,,Area_Planted,81360.0,ha,Actual,PL2
acd0f093195053cc,2012,4,Thái Bình,Provincial,Cultivation,Lúa,,Area_Planted,13116.0,ha,Actual,PL2
205205d509a1c804,2012,4,Thái Bình,Provincial,Cultivation,Ngô,,Area_Planted,8300.0,ha,Actual,PL2
36931e9ad8b04448,2012,4,Thái Bình,Provincial,Cultivation,Khoai lang,,Area_Planted,3660.0,ha,Actual,PL2
acd0f093195053cc,2012,4,Thái Bình,Provincial,Cultivation,Lúa,,Area_Planted,1156.0,ha,Actual,PL2
0bd792ae0e7c15e4,2012,4,Ninh Bình,Provincial,Cultivation,Lúa,,Area_Planted,41860.0,ha,Actual,PL2
0bd792ae0e7c15e4,2012,4,Ninh Bình,Provincial,Cultivation,Lúa,,Area_Planted,8229.0,ha,Actual,PL2
45682997ca5886dc,2012,4,Ninh Bình,Provincial,Cultivation,Ngô,,Area_Planted,4616.0,ha,Actual,PL2
e4d5eb3c41711b27,2012,4,Ninh Bình,Provincial,Cultivation,Khoai lang,,Area_Planted,2185.0,ha,Actual,PL2
f5fbe0ed7183d175,2012,4,Ninh Bình,Provincial,Cultivation,Sắn,,Area_Planted,907.0,ha,Actual,PL2
0bd792ae0e7c15e4,2012,4,Ninh Bình,Provincial,Cultivation,Lúa,,Area_Planted,521.0,ha,Actual,PL2
e19838b5b0f30439,2012,4,Quảng Ninh,Provincial,Cultivation,Lúa,,Area_Planted,18761.0,ha,Actual,PL2
e19838b5b0f30439,2012,4,Quảng Ninh,Provincial,Cultivation,Lúa,,Area_Planted,8674.0,ha,Actual,PL2
cd07fb293774b50c,2012,4,Quảng Ninh,Provincial,Cultivation,Ngô,,Area_Planted,4678.0,ha,Actual,PL2
085742acf6d0d970,2012,4,Quảng Ninh,Provincial,Cultivation,Khoai lang,,Area_Planted,2768.0,ha,Actual,PL2
16c0531b3813fac9,2012,4,Quảng Ninh,Provincial,Cultivation,Sắn,,Area_Planted,1026.0,ha,Actual,PL2
e19838b5b0f30439,2012,4,Quảng Ninh,Provincial,Cultivation,Lúa,,Area_Planted,202.0,ha,Actual,PL2
f814522c202f0231,2012,4,TD và MN,Provincial,Cultivation,Lúa,,Area_Planted,238209.0,ha,Actual,PL2
f814522c202f0231,2012,4,TD và MN,Provincial,Cultivation,Lúa,,Area_Planted,315745.0,ha,Actual,PL2
dc2dce32079ca5fc,2012,4,TD và MN,Provincial,Cultivation,Ngô,,Area_Planted,223301.0,ha,Actual,PL2
df0c4d59435d204b,2012,4,TD và MN,Provincial,Cultivation,Khoai lang,,Area_Planted,21862.0,ha,Actual,PL2
1d804b72eb6352ed,2012,4,TD và MN,Provincial,Cultivation,Sắn,,Area_Planted,66664.0,ha,Actual,PL2
f814522c202f0231,2012,4,TD và MN,Provincial,Cultivation,Lúa,,Area_Planted,3918.0,ha,Actual,PL2
b609bf5b151d4bfa,2012,4,Hà Giang,Provincial,Cultivation,Lúa,,Area_Planted,9995.0,ha,Actual,PL2
b609bf5b151d4bfa,2012,4,Hà Giang,Provincial,Cultivation,Lúa,,Area_Planted,37939.0,ha,Actual,PL2
523f9c3a14e2d6c6,2012,4,Hà Giang,Provincial,Cultivation,Ngô,,Area_Planted,37352.0,ha,Actual,PL2
db80200be45d50e2,2012,4,Hà Giang,Provincial,Cultivation,Khoai lang,,Area_Planted,587.0,ha,Actual,PL2
33b9ee96c9aa54e2,2012,4,Cao Bằng,Provincial,Cultivation,Lúa,,Area_Planted,2699.0,ha,Actual,PL2
33b9ee96c9aa54e2,2012,4,Cao Bằng,Provincial,Cultivation,Lúa,,Area_Planted,25575.0,ha,Actual,PL2
2baa3372ca5e0397,2012,4,Cao Bằng,Provincial,Cultivation,Ngô,,Area_Planted,24655.0,ha,Actual,PL2
b7dfa41c7cb1cb10,2012,4,Cao Bằng,Provincial,Cultivation,Khoai lang,,Area_Planted,776.0,ha,Actual,PL2
33b9ee96c9aa54e2,2012,4,Cao Bằng,Provincial,Cultivation,Lúa,,Area_Planted,144.0,ha,Actual,PL2
cf0afd7a9ad9315e,2012,4,Lào Cai,Provincial,Cultivation,Lúa,,Area_Planted,9593.0,ha,Actual,PL2
cf0afd7a9ad9315e,2012,4,Lào Cai,Provincial,Cultivation,Lúa,,Area_Planted,13891.0,ha,Actual,PL2
77367826b6bdd261,2012,4,Lào Cai,Provincial,Cultivation,Ngô,,Area_Planted,13361.0,ha,Actual,PL2
da32dafd71931f12,2012,4,Lào Cai,Provincial,Cultivation,Khoai lang,,Area_Planted,480.0,ha,Actual,PL2
f73a1d9f507c36b9,2012,4,Lào Cai,Provincial,Cultivation,Sắn,,Area_Planted,50.0,ha,Actual,PL2
01309139fd9380ac,2012,4,Bắc Cạn,Provincial,Cultivation,Lúa,,Area_Planted,7448.0,ha,Actual,PL2
01309139fd9380ac,2012,4,Bắc Cạn,Provincial,Cultivation,Lúa,,Area_Planted,11448.0,ha,Actual,PL2
5a5d059c687b79ec,2012,4,Bắc Cạn,Provincial,Cultivation,Ngô,,Area_Planted,8840.0,ha,Actual,PL2
f1339ca5292daea4,2012,4,Bắc Cạn,Provincial,Cultivation,Khoai lang,,Area_Planted,175.0,ha,Actual,PL2
b11eb33ab237a5b4,2012,4,Bắc Cạn,Provincial,Cultivation,Sắn,,Area_Planted,655.0,ha,Actual,PL2
01309139fd9380ac,2012,4,Bắc Cạn,Provincial,Cultivation,Lúa,,Area_Planted,1778.0,ha,Actual,PL2
47f724deee981262,2012,4,Lạng Sơn,Provincial,Cultivation,Lúa,,Area_Planted,12260.0,ha,Actual,PL2
47f724deee981262,2012,4,Lạng Sơn,Provincial,Cultivation,Lúa,,Area_Planted,14922.0,ha,Actual,PL2
cc6af98bf3d7d203,2012,4,Lạng Sơn,Provincial,Cultivation,Ngô,,Area_Planted,10800.0,ha,Actual,PL2
80f38b4d0ef768dd,2012,4,Lạng Sơn,Provincial,Cultivation,Khoai lang,,Area_Planted,350.0,ha,Actual,PL2
f1974dde1fb53dfb,2012,4,Lạng Sơn,Provincial,Cultivation,Sắn,,Area_Planted,3200.0,ha,Actual,PL2
47f724deee981262,2012,4,Lạng Sơn,Provincial,Cultivation,Lúa,,Area_Planted,572.0,ha,Actual,PL2
b8cd5ef2558c89f7,2012,4,Tuyên Quang,Provincial,Cultivation,Lúa,,Area_Planted,20039.0,ha,Actual,PL2
b8cd5ef2558c89f7,2012,4,Tuyên Quang,Provincial,Cultivation,Lúa,,Area_Planted,9151.0,ha,Actual,PL2
51fd831f2ff5be6a,2012,4,Tuyên Quang,Provincial,Cultivation,Ngô,,Area_Planted,6904.0,ha,Actual,PL2
6b58fdad768f5c8f,2012,4,Tuyên Quang,Provincial,Cultivation,Khoai lang,,Area_Planted,2247.0,ha,Actual,PL2
bddb5ed36ad02302,2012,4,Yên Bái,Provincial,Cultivation,Lúa,,Area_Planted,18016.0,ha,Actual,PL2
bddb5ed36ad02302,2012,4,Yên Bái,Provincial,Cultivation,Lúa,,Area_Planted,31990.0,ha,Actual,PL2
a38534d8aba9a32e,2012,4,Yên Bái,Provincial,Cultivation,Ngô,,Area_Planted,15951.0,ha,Actual,PL2
36d48c6bb865641b,2012,4,Yên Bái,Provincial,Cultivation,Khoai lang,,Area_Planted,2125.0,ha,Actual,PL2
44da14eefa91713d,2012,4,Yên Bái,Provincial,Cultivation,Sắn,,Area_Planted,13914.0,ha,Actual,PL2
4052bd9874ca2fe0,2012,4,Thái Nguyên,Provincial,Cultivation,Lúa,,Area_Planted,29959.0,ha,Actual,PL2
4052bd9874ca2fe0,2012,4,Thái Nguyên,Provincial,Cultivation,Lúa,,Area_Planted,24358.0,ha,Actual,PL2
c20fcdfc5367cbd5,2012,4,Thái Nguyên,Provincial,Cultivation,Ngô,,Area_Planted,14987.0,ha,Actual,PL2
3b79c1c93ad9d522,2012,4,Thái Nguyên,Provincial,Cultivation,Khoai lang,,Area_Planted,5661.0,ha,Actual,PL2
8c642bbc1a23c339,2012,4,Thái Nguyên,Provincial,Cultivation,Sắn,,Area_Planted,3710.0,ha,Actual,PL2
3bc7d54f7bbb4df3,2012,4,Phú Thọ,Provincial,Cultivation,Lúa,,Area_Planted,36702.0,ha,Actual,PL2
3bc7d54f7bbb4df3,2012,4,Phú Thọ,Provincial,Cultivation,Lúa,,Area_Planted,22616.0,ha,Actual,PL2
887703b0193e353c,2012,4,Phú Thọ,Provincial,Cultivation,Ngô,,Area_Planted,14371.0,ha,Actual,PL2
ff296a5785599442,2012,4,Phú Thọ,Provincial,Cultivation,Khoai lang,,Area_Planted,1786.0,ha,Actual,PL2
49213a1c3160693b,2012,4,Phú Thọ,Provincial,Cultivation,Sắn,,Area_Planted,6459.0,ha,Actual,PL2
6ac97058826ae6b1,2012,4,Bắc Giang,Provincial,Cultivation,Lúa,,Area_Planted,52660.0,ha,Actual,PL2
6ac97058826ae6b1,2012,4,Bắc Giang,Provincial,Cultivation,Lúa,,Area_Planted,14738.0,ha,Actual,PL2
c0b3230c5e5aaa0c,2012,4,Bắc Giang,Provincial,Cultivation,Ngô,,Area_Planted,5731.0,ha,Actual,PL2
98f3af660b046359,2012,4,Bắc Giang,Provincial,Cultivation,Khoai lang,,Area_Planted,5597.0,ha,Actual,PL2
d089ffb0d0be7c75,2012,4,Bắc Giang,Provincial,Cultivation,Sắn,,Area_Planted,3219.0,ha,Actual,PL2
6ac97058826ae6b1,2012,4,Bắc Giang,Provincial,Cultivation,Lúa,,Area_Planted,191.0,ha,Actual,PL2
cc55a116767f3359,2012,4,Lai Châu,Provincial,Cultivation,Lúa,,Area_Planted,5522.0,ha,Actual,PL2
cc55a116767f3359,2012,4,Lai Châu,Provincial,Cultivation,Lúa,,Area_Planted,1198.0,ha,Actual,PL2
c239b60242921853,2012,4,Lai Châu,Provincial,Cultivation,Ngô,,Area_Planted,1167.0,ha,Actual,PL2
8253d4375f7df74c,2012,4,Lai Châu,Provincial,Cultivation,Sắn,,Area_Planted,31.0,ha,Actual,PL2
4ff0dccc9b04bc93,2012,4,Điện Biên,Provincial,Cultivation,Lúa,,Area_Planted,8210.0,ha,Actual,PL2
4ff0dccc9b04bc93,2012,4,Điện Biên,Provincial,Cultivation,Lúa,,Area_Planted,14649.0,ha,Actual,PL2
7e3728a4dc9a6d39,2012,4,Điện Biên,Provincial,Cultivation,Ngô,,Area_Planted,9915.0,ha,Actual,PL2
5b66c1ea7457b481,2012,4,Điện Biên,Provincial,Cultivation,Khoai lang,,Area_Planted,200.0,ha,Actual,PL2
e6be3b556649cf69,2012,4,Điện Biên,Provincial,Cultivation,Sắn,,Area_Planted,4534.0,ha,Actual,PL2
bad16ce91f0a60c3,2012,4,Sơn La,Provincial,Cultivation,Lúa,,Area_Planted,9224.0,ha,Actual,PL2
bad16ce91f0a60c3,2012,4,Sơn La,Provincial,Cultivation,Lúa,,Area_Planted,65231.0,ha,Actual,PL2
ed9640fb14be9dd3,2012,4,Sơn La,Provincial,Cultivation,Ngô,,Area_Planted,42970.0,ha,Actual,PL2
eaff983d0068b68d,2012,4,Sơn La,Provincial,Cultivation,Sắn,,Area_Planted,22028.0,ha,Actual,PL2
bad16ce91f0a60c3,2012,4,Sơn La,Provincial,Cultivation,Lúa,,Area_Planted,233.0,ha,Actual,PL2
772cf12b83602250,2012,4,Hoà Bình,Provincial,Cultivation,Lúa,,Area_Planted,15882.0,ha,Actual,PL2
772cf12b83602250,2012,4,Hoà Bình,Provincial,Cultivation,Lúa,,Area_Planted,28039.0,ha,Actual,PL2
90fdc52fe5d2880d,2012,4,Hoà Bình,Provincial,Cultivation,Ngô,,Area_Planted,16297.0,ha,Actual,PL2
5e6440bd2423dfe6,2012,4,Hoà Bình,Provincial,Cultivation,Khoai lang,,Area_Planted,1878.0,ha,Actual,PL2
d375deaee007fd71,2012,4,Hoà Bình,Provincial,Cultivation,Sắn,,Area_Planted,8864.0,ha,Actual,PL2
772cf12b83602250,2012,4,Hoà Bình,Provincial,Cultivation,Lúa,,Area_Planted,1000.0,ha,Actual,PL2
071e1bc4d04f7d11,2012,4,Bắc Trung Bộ,Provincial,Cultivation,Lúa,,Area_Planted,346082.0,ha,Actual,PL2
071e1bc4d04f7d11,2012,4,Bắc Trung Bộ,Provincial,Cultivation,Lúa,,Area_Planted,147207.0,ha,Actual,PL2
ca2f51e80bd4b24f,2012,4,Bắc Trung Bộ,Provincial,Cultivation,Ngô,,Area_Planted,83283.0,ha,Actual,PL2
4ea9e9ae29738493,2012,4,Bắc Trung Bộ,Provincial,Cultivation,Khoai lang,,Area_Planted,26275.0,ha,Actual,PL2
e0ae8e1f4f0d1ebe,2012,4,Bắc Trung Bộ,Provincial,Cultivation,Sắn,,Area_Planted,34810.0,ha,Actual,PL2
071e1bc4d04f7d11,2012,4,Bắc Trung Bộ,Provincial,Cultivation,Lúa,,Area_Planted,2839.0,ha,Actual,PL2
32708681bad226e6,2012,4,Thanh Hoá,Provincial,Cultivation,Lúa,,Area_Planted,122614.0,ha,Actual,PL2
32708681bad226e6,2012,4,Thanh Hoá,Provincial,Cultivation,Lúa,,Area_Planted,56035.0,ha,Actual,PL2
31b3c058115dae1a,2012,4,Thanh Hoá,Provincial,Cultivation,Ngô,,Area_Planted,32108.0,ha,Actual,PL2
8a2a3204218ed0c0,2012,4,Thanh Hoá,Provincial,Cultivation,Khoai lang,,Area_Planted,7869.0,ha,Actual,PL2
85b56810dabc570c,2012,4,Thanh Hoá,Provincial,Cultivation,Sắn,,Area_Planted,15110.0,ha,Actual,PL2
32708681bad226e6,2012,4,Thanh Hoá,Provincial,Cultivation,Lúa,,Area_Planted,948.0,ha,Actual,PL2
3933bf9fa9bce99a,2012,4,Nghệ An,Provincial,Cultivation,Lúa,,Area_Planted,88751.0,ha,Actual,PL2
3933bf9fa9bce99a,2012,4,Nghệ An,Provincial,Cultivation,Lúa,,Area_Planted,49430.0,ha,Actual,PL2
4795b5bd746068a8,2012,4,Nghệ An,Provincial,Cultivation,Ngô,,Area_Planted,39850.0,ha,Actual,PL2
f0e91ab9057ddede,2012,4,Nghệ An,Provincial,Cultivation,Khoai lang,,Area_Planted,7689.0,ha,Actual,PL2
3933bf9fa9bce99a,2012,4,Nghệ An,Provincial,Cultivation,Lúa,,Area_Planted,1891.0,ha,Actual,PL2
b766102b4f50fdb0,2012,4,Hà Tĩnh,Provincial,Cultivation,Lúa,,Area_Planted,54788.0,ha,Actual,PL2
b766102b4f50fdb0,2012,4,Hà Tĩnh,Provincial,Cultivation,Lúa,,Area_Planted,6129.0,ha,Actual,PL2
1f1dcc4537af1c75,2012,4,Hà Tĩnh,Provincial,Cultivation,Ngô,,Area_Planted,3312.0,ha,Actual,PL2
9fd0a3eeb962b77d,2012,4,Hà Tĩnh,Provincial,Cultivation,Khoai lang,,Area_Planted,2817.0,ha,Actual,PL2
deaffca20ed54816,2012,4,Quảng Bình,Provincial,Cultivation,Lúa,,Area_Planted,28137.0,ha,Actual,PL2
deaffca20ed54816,2012,4,Quảng Bình,Provincial,Cultivation,Lúa,,Area_Planted,14165.0,ha,Actual,PL2
47ac655a437f092b,2012,4,Quảng Bình,Provincial,Cultivation,Ngô,,Area_Planted,4365.0,ha,Actual,PL2
b57bb7678983a82f,2012,4,Quảng Bình,Provincial,Cultivation,Khoai lang,,Area_Planted,4000.0,ha,Actual,PL2
32ba043755fdd6ef,2012,4,Quảng Bình,Provincial,Cultivation,Sắn,,Area_Planted,5800.0,ha,Actual,PL2
3939c2ac9aae168e,2012,4,Quảng Trị,Provincial,Cultivation,Lúa,,Area_Planted,24392.0,ha,Actual,PL2
3939c2ac9aae168e,2012,4,Quảng Trị,Provincial,Cultivation,Lúa,,Area_Planted,12335.0,ha,Actual,PL2
edde7a69ddeb67cc,2012,4,Quảng Trị,Provincial,Cultivation,Ngô,,Area_Planted,2335.0,ha,Actual,PL2
f1901e5a479ffe7b,2012,4,Quảng Trị,Provincial,Cultivation,Khoai lang,,Area_Planted,2000.0,ha,Actual,PL2
bd78d6569aa14dd0,2012,4,Quảng Trị,Provincial,Cultivation,Sắn,,Area_Planted,8000.0,ha,Actual,PL2
15a499f20fecc3fa,2012,4,Thừa Thiên Huế,Provincial,Cultivation,Lúa,,Area_Planted,27400.0,ha,Actual,PL2
15a499f20fecc3fa,2012,4,Thừa Thiên Huế,Provincial,Cultivation,Lúa,,Area_Planted,9113.0,ha,Actual,PL2
4e96a5b33139ae14,2012,4,Thừa Thiên Huế,Provincial,Cultivation,Ngô,,Area_Planted,1313.0,ha,Actual,PL2
5c79def56b9cdb77,2012,4,Thừa Thiên Huế,Provincial,Cultivation,Khoai lang,,Area_Planted,1900.0,ha,Actual,PL2
737ec6811a965633,2012,4,Thừa Thiên Huế,Provincial,Cultivation,Sắn,,Area_Planted,5900.0,ha,Actual,PL2
0c11a95f0b8e831d,2012,4,Miền Bắc,Provincial,Cultivation,Lúa,,Area_Planted,239011.0,ha,Actual,PL3
0c11a95f0b8e831d,2012,4,Miền Bắc,Provincial,Cultivation,Lúa,,Area_Planted,68855.0,ha,Actual,PL3
0c11a95f0b8e831d,2012,4,Miền Bắc,Provincial,Cultivation,Lúa,,Area_Planted,117611.0,ha,Actual,PL3
0c11a95f0b8e831d,2012,4,Miền Bắc,Provincial,Cultivation,Lúa,,Area_Planted,11203.0,ha,Actual,PL3
0c11a95f0b8e831d,2012,4,Miền Bắc,Provincial,Cultivation,Lúa,,Area_Planted,22161.0,ha,Actual,PL3
0c11a95f0b8e831d,2012,4,Miền Bắc,Provincial,Cultivation,Lúa,,Area_Planted,19181.0,ha,Actual,PL3
0c11a95f0b8e831d,2012,4,Miền Bắc,Provincial,Cultivation,Lúa,,Area_Planted,224376.0,ha,Actual,PL3
1e0bb7696b65215a,2012,4,ĐB sông Hồng,Provincial,Cultivation,Lúa,,Area_Planted,73504.0,ha,Actual,PL3
1e0bb7696b65215a,2012,4,ĐB sông Hồng,Provincial,Cultivation,Lúa,,Area_Planted,42931.0,ha,Actual,PL3
1e0bb7696b65215a,2012,4,ĐB sông Hồng,Provincial,Cultivation,Lúa,,Area_Planted,23432.0,ha,Actual,PL3
1e0bb7696b65215a,2012,4,ĐB sông Hồng,Provincial,Cultivation,Lúa,,Area_Planted,800.0,ha,Actual,PL3
1e0bb7696b65215a,2012,4,ĐB sông Hồng,Provincial,Cultivation,Lúa,,Area_Planted,911.0,ha,Actual,PL3
1e0bb7696b65215a,2012,4,ĐB sông Hồng,Provincial,Cultivation,Lúa,,Area_Planted,5430.0,ha,Actual,PL3
1e0bb7696b65215a,2012,4,ĐB sông Hồng,Provincial,Cultivation,Lúa,,Area_Planted,111991.0,ha,Actual,PL3
78faf72d65ca5a76,2012,4,Hà Nội,Provincial,Cultivation,Lúa,,Area_Planted,15091.0,ha,Actual,PL3
78faf72d65ca5a76,2012,4,Hà Nội,Provincial,Cultivation,Lúa,,Area_Planted,10556.0,ha,Actual,PL3
78faf72d65ca5a76,2012,4,Hà Nội,Provincial,Cultivation,Lúa,,Area_Planted,4535.0,ha,Actual,PL3
78faf72d65ca5a76,2012,4,Hà Nội,Provincial,Cultivation,Lúa,,Area_Planted,20628.0,ha,Actual,PL3
a6e99819c7eb5893,2012,4,Hải Phòng,Provincial,Cultivation,Lúa,,Area_Planted,800.0,ha,Actual,PL3
a6e99819c7eb5893,2012,4,Hải Phòng,Provincial,Cultivation,Lúa,,Area_Planted,800.0,ha,Actual,PL3
a6e99819c7eb5893,2012,4,Hải Phòng,Provincial,Cultivation,Lúa,,Area_Planted,8500.0,ha,Actual,PL3
42e4d700d209ad5f,2012,4,Vĩnh Phúc,Provincial,Cultivation,Lúa,,Area_Planted,5514.0,ha,Actual,PL3
42e4d700d209ad5f,2012,4,Vĩnh Phúc,Provincial,Cultivation,Lúa,,Area_Planted,2648.0,ha,Actual,PL3
42e4d700d209ad5f,2012,4,Vĩnh Phúc,Provincial,Cultivation,Lúa,,Area_Planted,2654.0,ha,Actual,PL3
42e4d700d209ad5f,2012,4,Vĩnh Phúc,Provincial,Cultivation,Lúa,,Area_Planted,53.0,ha,Actual,PL3
42e4d700d209ad5f,2012,4,Vĩnh Phúc,Provincial,Cultivation,Lúa,,Area_Planted,159.0,ha,Actual,PL3
42e4d700d209ad5f,2012,4,Vĩnh Phúc,Provincial,Cultivation,Lúa,,Area_Planted,5494.0,ha,Actual,PL3
5f64267be2be30ec,2012,4,Bắc Ninh,Provincial,Cultivation,Lúa,,Area_Planted,1637.0,ha,Actual,PL3
5f64267be2be30ec,2012,4,Bắc Ninh,Provincial,Cultivation,Lúa,,Area_Planted,900.0,ha,Actual,PL3
5f64267be2be30ec,2012,4,Bắc Ninh,Provincial,Cultivation,Lúa,,Area_Planted,737.0,ha,Actual,PL3
5f64267be2be30ec,2012,4,Bắc Ninh,Provincial,Cultivation,Lúa,,Area_Planted,9727.0,ha,Actual,PL3
bc0e83baab616ffa,2012,4,Hải Dương,Provincial,Cultivation,Lúa,,Area_Planted,1355.0,ha,Actual,PL3
bc0e83baab616ffa,2012,4,Hải Dương,Provincial,Cultivation,Lúa,,Area_Planted,305.0,ha,Actual,PL3
bc0e83baab616ffa,2012,4,Hải Dương,Provincial,Cultivation,Lúa,,Area_Planted,1050.0,ha,Actual,PL3
bc0e83baab616ffa,2012,4,Hải Dương,Provincial,Cultivation,Lúa,,Area_Planted,5350.0,ha,Actual,PL3
64c07422bc94c084,2012,4,Hưng Yên,Provincial,Cultivation,Lúa,,Area_Planted,3755.0,ha,Actual,PL3
64c07422bc94c084,2012,4,Hưng Yên,Provincial,Cultivation,Lúa,,Area_Planted,3005.0,ha,Actual,PL3
64c07422bc94c084,2012,4,Hưng Yên,Provincial,Cultivation,Lúa,,Area_Planted,750.0,ha,Actual,PL3
64c07422bc94c084,2012,4,Hưng Yên,Provincial,Cultivation,Lúa,,Area_Planted,8800.0,ha,Actual,PL3
cdef7a890ac93d94,2012,4,Hà Nam,Provincial,Cultivation,Lúa,,Area_Planted,10809.0,ha,Actual,PL3
cdef7a890ac93d94,2012,4,Hà Nam,Provincial,Cultivation,Lúa,,Area_Planted,10500.0,ha,Actual,PL3
cdef7a890ac93d94,2012,4,Hà Nam,Provincial,Cultivation,Lúa,,Area_Planted,309.0,ha,Actual,PL3
cdef7a890ac93d94,2012,4,Hà Nam,Provincial,Cultivation,Lúa,,Area_Planted,3267.0,ha,Actual,PL3
d0b4b7b2b8510a9a,2012,4,Nam Định,Provincial,Cultivation,Lúa,,Area_Planted,8974.0,ha,Actual,PL3
d0b4b7b2b8510a9a,2012,4,Nam Định,Provincial,Cultivation,Lúa,,Area_Planted,609.0,ha,Actual,PL3
d0b4b7b2b8510a9a,2012,4,Nam Định,Provincial,Cultivation,Lúa,,Area_Planted,5636.0,ha,Actual,PL3
d0b4b7b2b8510a9a,2012,4,Nam Định,Provincial,Cultivation,Lúa,,Area_Planted,2729.0,ha,Actual,PL3
d0b4b7b2b8510a9a,2012,4,Nam Định,Provincial,Cultivation,Lúa,,Area_Planted,16430.0,ha,Actual,PL3
acd0f093195053cc,2012,4,Thái Bình,Provincial,Cultivation,Lúa,,Area_Planted,13516.0,ha,Actual,PL3
acd0f093195053cc,2012,4,Thái Bình,Provincial,Cultivation,Lúa,,Area_Planted,11000.0,ha,Actual,PL3
acd0f093195053cc,2012,4,Thái Bình,Provincial,Cultivation,Lúa,,Area_Planted,1360.0,ha,Actual,PL3
acd0f093195053cc,2012,4,Thái Bình,Provincial,Cultivation,Lúa,,Area_Planted,1156.0,ha,Actual,PL3
acd0f093195053cc,2012,4,Thái Bình,Provincial,Cultivation,Lúa,,Area_Planted,19794.0,ha,Actual,PL3
0bd792ae0e7c15e4,2012,4,Ninh Bình,Provincial,Cultivation,Lúa,,Area_Planted,8455.0,ha,Actual,PL3
0bd792ae0e7c15e4,2012,4,Ninh Bình,Provincial,Cultivation,Lúa,,Area_Planted,2938.0,ha,Actual,PL3
0bd792ae0e7c15e4,2012,4,Ninh Bình,Provincial,Cultivation,Lúa,,Area_Planted,4138.0,ha,Actual,PL3
0bd792ae0e7c15e4,2012,4,Ninh Bình,Provincial,Cultivation,Lúa,,Area_Planted,858.0,ha,Actual,PL3
0bd792ae0e7c15e4,2012,4,Ninh Bình,Provincial,Cultivation,Lúa,,Area_Planted,521.0,ha,Actual,PL3
0bd792ae0e7c15e4,2012,4,Ninh Bình,Provincial,Cultivation,Lúa,,Area_Planted,8464.0,ha,Actual,PL3
e19838b5b0f30439,2012,4,Quảng Ninh,Provincial,Cultivation,Lúa,,Area_Planted,3598.0,ha,Actual,PL3
e19838b5b0f30439,2012,4,Quảng Ninh,Provincial,Cultivation,Lúa,,Area_Planted,470.0,ha,Actual,PL3
e19838b5b0f30439,2012,4,Quảng Ninh,Provincial,Cultivation,Lúa,,Area_Planted,2263.0,ha,Actual,PL3
e19838b5b0f30439,2012,4,Quảng Ninh,Provincial,Cultivation,Lúa,,Area_Planted,865.0,ha,Actual,PL3
e19838b5b0f30439,2012,4,Quảng Ninh,Provincial,Cultivation,Lúa,,Area_Planted,5537.0,ha,Actual,PL3
f814522c202f0231,2012,4,TD và MN,Provincial,Cultivation,Lúa,,Area_Planted,78037.0,ha,Actual,PL3
f814522c202f0231,2012,4,TD và MN,Provincial,Cultivation,Lúa,,Area_Planted,19283.0,ha,Actual,PL3
f814522c202f0231,2012,4,TD và MN,Provincial,Cultivation,Lúa,,Area_Planted,31208.0,ha,Actual,PL3
f814522c202f0231,2012,4,TD và MN,Provincial,Cultivation,Lúa,,Area_Planted,10353.0,ha,Actual,PL3
f814522c202f0231,2012,4,TD và MN,Provincial,Cultivation,Lúa,,Area_Planted,6863.0,ha,Actual,PL3
f814522c202f0231,2012,4,TD và MN,Provincial,Cultivation,Lúa,,Area_Planted,10330.0,ha,Actual,PL3
f814522c202f0231,2012,4,TD và MN,Provincial,Cultivation,Lúa,,Area_Planted,61993.0,ha,Actual,PL3
b609bf5b151d4bfa,2012,4,Hà Giang,Provincial,Cultivation,Lúa,,Area_Planted,14958.0,ha,Actual,PL3
b609bf5b151d4bfa,2012,4,Hà Giang,Provincial,Cultivation,Lúa,,Area_Planted,7719.0,ha,Actual,PL3
b609bf5b151d4bfa,2012,4,Hà Giang,Provincial,Cultivation,Lúa,,Area_Planted,4996.0,ha,Actual,PL3
b609bf5b151d4bfa,2012,4,Hà Giang,Provincial,Cultivation,Lúa,,Area_Planted,2243.0,ha,Actual,PL3
b609bf5b151d4bfa,2012,4,Hà Giang,Provincial,Cultivation,Lúa,,Area_Planted,8771.0,ha,Actual,PL3
33b9ee96c9aa54e2,2012,4,Cao Bằng,Provincial,Cultivation,Lúa,,Area_Planted,5990.0,ha,Actual,PL3
33b9ee96c9aa54e2,2012,4,Cao Bằng,Provincial,Cultivation,Lúa,,Area_Planted,1298.0,ha,Actual,PL3
33b9ee96c9aa54e2,2012,4,Cao Bằng,Provincial,Cultivation,Lúa,,Area_Planted,225.0,ha,Actual,PL3
33b9ee96c9aa54e2,2012,4,Cao Bằng,Provincial,Cultivation,Lúa,,Area_Planted,3048.0,ha,Actual,PL3
33b9ee96c9aa54e2,2012,4,Cao Bằng,Provincial,Cultivation,Lúa,,Area_Planted,1187.0,ha,Actual,PL3
33b9ee96c9aa54e2,2012,4,Cao Bằng,Provincial,Cultivation,Lúa,,Area_Planted,232.0,ha,Actual,PL3
33b9ee96c9aa54e2,2012,4,Cao Bằng,Provincial,Cultivation,Lúa,,Area_Planted,700.0,ha,Actual,PL3
cf0afd7a9ad9315e,2012,4,Lào Cai,Provincial,Cultivation,Lúa,,Area_Planted,1939.0,ha,Actual,PL3
cf0afd7a9ad9315e,2012,4,Lào Cai,Provincial,Cultivation,Lúa,,Area_Planted,1735.0,ha,Actual,PL3
cf0afd7a9ad9315e,2012,4,Lào Cai,Provincial,Cultivation,Lúa,,Area_Planted,40.0,ha,Actual,PL3
cf0afd7a9ad9315e,2012,4,Lào Cai,Provincial,Cultivation,Lúa,,Area_Planted,164.0,ha,Actual,PL3
cf0afd7a9ad9315e,2012,4,Lào Cai,Provincial,Cultivation,Lúa,,Area_Planted,3456.0,ha,Actual,PL3
01309139fd9380ac,2012,4,Bắc Cạn,Provincial,Cultivation,Lúa,,Area_Planted,2532.0,ha,Actual,PL3
01309139fd9380ac,2012,4,Bắc Cạn,Provincial,Cultivation,Lúa,,Area_Planted,336.0,ha,Actual,PL3
01309139fd9380ac,2012,4,Bắc Cạn,Provincial,Cultivation,Lúa,,Area_Planted,295.0,ha,Actual,PL3
01309139fd9380ac,2012,4,Bắc Cạn,Provincial,Cultivation,Lúa,,Area_Planted,994.0,ha,Actual,PL3
01309139fd9380ac,2012,4,Bắc Cạn,Provincial,Cultivation,Lúa,,Area_Planted,139.0,ha,Actual,PL3
01309139fd9380ac,2012,4,Bắc Cạn,Provincial,Cultivation,Lúa,,Area_Planted,768.0,ha,Actual,PL3
01309139fd9380ac,2012,4,Bắc Cạn,Provincial,Cultivation,Lúa,,Area_Planted,744.0,ha,Actual,PL3
47f724deee981262,2012,4,Lạng Sơn,Provincial,Cultivation,Lúa,,Area_Planted,4142.0,ha,Actual,PL3
47f724deee981262,2012,4,Lạng Sơn,Provincial,Cultivation,Lúa,,Area_Planted,690.0,ha,Actual,PL3
47f724deee981262,2012,4,Lạng Sơn,Provincial,Cultivation,Lúa,,Area_Planted,2880.0,ha,Actual,PL3
47f724deee981262,2012,4,Lạng Sơn,Provincial,Cultivation,Lúa,,Area_Planted,572.0,ha,Actual,PL3
47f724deee981262,2012,4,Lạng Sơn,Provincial,Cultivation,Lúa,,Area_Planted,5770.0,ha,Actual,PL3
b8cd5ef2558c89f7,2012,4,Tuyên Quang,Provincial,Cultivation,Lúa,,Area_Planted,4063.0,ha,Actual,PL3
b8cd5ef2558c89f7,2012,4,Tuyên Quang,Provincial,Cultivation,Lúa,,Area_Planted,704.0,ha,Actual,PL3
b8cd5ef2558c89f7,2012,4,Tuyên Quang,Provincial,Cultivation,Lúa,,Area_Planted,3359.0,ha,Actual,PL3
b8cd5ef2558c89f7,2012,4,Tuyên Quang,Provincial,Cultivation,Lúa,,Area_Planted,2939.0,ha,Actual,PL3
bddb5ed36ad02302,2012,4,Yên Bái,Provincial,Cultivation,Lúa,,Area_Planted,3000.0,ha,Actual,PL3
bddb5ed36ad02302,2012,4,Yên Bái,Provincial,Cultivation,Lúa,,Area_Planted,756.0,ha,Actual,PL3
bddb5ed36ad02302,2012,4,Yên Bái,Provincial,Cultivation,Lúa,,Area_Planted,1474.0,ha,Actual,PL3
bddb5ed36ad02302,2012,4,Yên Bái,Provincial,Cultivation,Lúa,,Area_Planted,750.0,ha,Actual,PL3
bddb5ed36ad02302,2012,4,Yên Bái,Provincial,Cultivation,Lúa,,Area_Planted,20.0,ha,Actual,PL3
bddb5ed36ad02302,2012,4,Yên Bái,Provincial,Cultivation,Lúa,,Area_Planted,3155.0,ha,Actual,PL3
4052bd9874ca2fe0,2012,4,Thái Nguyên,Provincial,Cultivation,Lúa,,Area_Planted,5309.0,ha,Actual,PL3
4052bd9874ca2fe0,2012,4,Thái Nguyên,Provincial,Cultivation,Lúa,,Area_Planted,984.0,ha,Actual,PL3
4052bd9874ca2fe0,2012,4,Thái Nguyên,Provincial,Cultivation,Lúa,,Area_Planted,3702.0,ha,Actual,PL3
4052bd9874ca2fe0,2012,4,Thái Nguyên,Provincial,Cultivation,Lúa,,Area_Planted,623.0,ha,Actual,PL3
4052bd9874ca2fe0,2012,4,Thái Nguyên,Provincial,Cultivation,Lúa,,Area_Planted,7667.0,ha,Actual,PL3
3bc7d54f7bbb4df3,2012,4,Phú Thọ,Provincial,Cultivation,Lúa,,Area_Planted,4100.0,ha,Actual,PL3
3bc7d54f7bbb4df3,2012,4,Phú Thọ,Provincial,Cultivation,Lúa,,Area_Planted,300.0,ha,Actual,PL3
3bc7d54f7bbb4df3,2012,4,Phú Thọ,Provincial,Cultivation,Lúa,,Area_Planted,3800.0,ha,Actual,PL3
3bc7d54f7bbb4df3,2012,4,Phú Thọ,Provincial,Cultivation,Lúa,,Area_Planted,3816.0,ha,Actual,PL3
6ac97058826ae6b1,2012,4,Bắc Giang,Provincial,Cultivation,Lúa,,Area_Planted,9563.0,ha,Actual,PL3
6ac97058826ae6b1,2012,4,Bắc Giang,Provincial,Cultivation,Lúa,,Area_Planted,444.0,ha,Actual,PL3
6ac97058826ae6b1,2012,4,Bắc Giang,Provincial,Cultivation,Lúa,,Area_Planted,8840.0,ha,Actual,PL3
6ac97058826ae6b1,2012,4,Bắc Giang,Provincial,Cultivation,Lúa,,Area_Planted,88.0,ha,Actual,PL3
6ac97058826ae6b1,2012,4,Bắc Giang,Provincial,Cultivation,Lúa,,Area_Planted,191.0,ha,Actual,PL3
6ac97058826ae6b1,2012,4,Bắc Giang,Provincial,Cultivation,Lúa,,Area_Planted,18575.0,ha,Actual,PL3
cc55a116767f3359,2012,4,Lai Châu,Provincial,Cultivation,Lúa,,Area_Planted,332.0,ha,Actual,PL3
cc55a116767f3359,2012,4,Lai Châu,Provincial,Cultivation,Lúa,,Area_Planted,158.0,ha,Actual,PL3
cc55a116767f3359,2012,4,Lai Châu,Provincial,Cultivation,Lúa,,Area_Planted,165.0,ha,Actual,PL3
cc55a116767f3359,2012,4,Lai Châu,Provincial,Cultivation,Lúa,,Area_Planted,9.0,ha,Actual,PL3
cc55a116767f3359,2012,4,Lai Châu,Provincial,Cultivation,Lúa,,Area_Planted,779.0,ha,Actual,PL3
4ff0dccc9b04bc93,2012,4,Điện Biên,Provincial,Cultivation,Lúa,,Area_Planted,9749.0,ha,Actual,PL3
4ff0dccc9b04bc93,2012,4,Điện Biên,Provincial,Cultivation,Lúa,,Area_Planted,1445.0,ha,Actual,PL3
4ff0dccc9b04bc93,2012,4,Điện Biên,Provincial,Cultivation,Lúa,,Area_Planted,1190.0,ha,Actual,PL3
4ff0dccc9b04bc93,2012,4,Điện Biên,Provincial,Cultivation,Lúa,,Area_Planted,7114.0,ha,Actual,PL3
4ff0dccc9b04bc93,2012,4,Điện Biên,Provincial,Cultivation,Lúa,,Area_Planted,368.0,ha,Actual,PL3
bad16ce91f0a60c3,2012,4,Sơn La,Provincial,Cultivation,Lúa,,Area_Planted,3288.0,ha,Actual,PL3
bad16ce91f0a60c3,2012,4,Sơn La,Provincial,Cultivation,Lúa,,Area_Planted,2264.0,ha,Actual,PL3
bad16ce91f0a60c3,2012,4,Sơn La,Provincial,Cultivation,Lúa,,Area_Planted,304.0,ha,Actual,PL3
bad16ce91f0a60c3,2012,4,Sơn La,Provincial,Cultivation,Lúa,,Area_Planted,487.0,ha,Actual,PL3
bad16ce91f0a60c3,2012,4,Sơn La,Provincial,Cultivation,Lúa,,Area_Planted,233.0,ha,Actual,PL3
bad16ce91f0a60c3,2012,4,Sơn La,Provincial,Cultivation,Lúa,,Area_Planted,2402.0,ha,Actual,PL3
772cf12b83602250,2012,4,Hoà Bình,Provincial,Cultivation,Lúa,,Area_Planted,9072.0,ha,Actual,PL3
772cf12b83602250,2012,4,Hoà Bình,Provincial,Cultivation,Lúa,,Area_Planted,450.0,ha,Actual,PL3
772cf12b83602250,2012,4,Hoà Bình,Provincial,Cultivation,Lúa,,Area_Planted,3122.0,ha,Actual,PL3
772cf12b83602250,2012,4,Hoà Bình,Provincial,Cultivation,Lúa,,Area_Planted,4300.0,ha,Actual,PL3
772cf12b83602250,2012,4,Hoà Bình,Provincial,Cultivation,Lúa,,Area_Planted,1200.0,ha,Actual,PL3
772cf12b83602250,2012,4,Hoà Bình,Provincial,Cultivation,Lúa,,Area_Planted,2851.0,ha,Actual,PL3
071e1bc4d04f7d11,2012,4,Bắc Trung Bộ,Provincial,Cultivation,Lúa,,Area_Planted,87470.0,ha,Actual,PL3
071e1bc4d04f7d11,2012,4,Bắc Trung Bộ,Provincial,Cultivation,Lúa,,Area_Planted,6641.0,ha,Actual,PL3
071e1bc4d04f7d11,2012,4,Bắc Trung Bộ,Provincial,Cultivation,Lúa,,Area_Planted,62971.0,ha,Actual,PL3
071e1bc4d04f7d11,2012,4,Bắc Trung Bộ,Provincial,Cultivation,Lúa,,Area_Planted,50.0,ha,Actual,PL3
071e1bc4d04f7d11,2012,4,Bắc Trung Bộ,Provincial,Cultivation,Lúa,,Area_Planted,14387.0,ha,Actual,PL3
071e1bc4d04f7d11,2012,4,Bắc Trung Bộ,Provincial,Cultivation,Lúa,,Area_Planted,3421.0,ha,Actual,PL3
071e1bc4d04f7d11,2012,4,Bắc Trung Bộ,Provincial,Cultivation,Lúa,,Area_Planted,50392.0,ha,Actual,PL3
32708681bad226e6,2012,4,Thanh Hoá,Provincial,Cultivation,Lúa,,Area_Planted,27832.0,ha,Actual,PL3
32708681bad226e6,2012,4,Thanh Hoá,Provincial,Cultivation,Lúa,,Area_Planted,6641.0,ha,Actual,PL3
32708681bad226e6,2012,4,Thanh Hoá,Provincial,Cultivation,Lúa,,Area_Planted,12624.0,ha,Actual,PL3
32708681bad226e6,2012,4,Thanh Hoá,Provincial,Cultivation,Lúa,,Area_Planted,7337.0,ha,Actual,PL3
32708681bad226e6,2012,4,Thanh Hoá,Provincial,Cultivation,Lúa,,Area_Planted,1230.0,ha,Actual,PL3
32708681bad226e6,2012,4,Thanh Hoá,Provincial,Cultivation,Lúa,,Area_Planted,17721.0,ha,Actual,PL3
3933bf9fa9bce99a,2012,4,Nghệ An,Provincial,Cultivation,Lúa,,Area_Planted,29942.0,ha,Actual,PL3
3933bf9fa9bce99a,2012,4,Nghệ An,Provincial,Cultivation,Lúa,,Area_Planted,21051.0,ha,Actual,PL3
3933bf9fa9bce99a,2012,4,Nghệ An,Provincial,Cultivation,Lúa,,Area_Planted,7000.0,ha,Actual,PL3
3933bf9fa9bce99a,2012,4,Nghệ An,Provincial,Cultivation,Lúa,,Area_Planted,1891.0,ha,Actual,PL3
3933bf9fa9bce99a,2012,4,Nghệ An,Provincial,Cultivation,Lúa,,Area_Planted,21967.0,ha,Actual,PL3
b766102b4f50fdb0,2012,4,Hà Tĩnh,Provincial,Cultivation,Lúa,,Area_Planted,17304.0,ha,Actual,PL3
b766102b4f50fdb0,2012,4,Hà Tĩnh,Provincial,Cultivation,Lúa,,Area_Planted,17304.0,ha,Actual,PL3
b766102b4f50fdb0,2012,4,Hà Tĩnh,Provincial,Cultivation,Lúa,,Area_Planted,3202.0,ha,Actual,PL3
deaffca20ed54816,2012,4,Quảng Bình,Provincial,Cultivation,Lúa,,Area_Planted,4200.0,ha,Actual,PL3
deaffca20ed54816,2012,4,Quảng Bình,Provincial,Cultivation,Lúa,,Area_Planted,4200.0,ha,Actual,PL3
deaffca20ed54816,2012,4,Quảng Bình,Provincial,Cultivation,Lúa,,Area_Planted,270.0,ha,Actual,PL3
3939c2ac9aae168e,2012,4,Quảng Trị,Provincial,Cultivation,Lúa,,Area_Planted,4222.0,ha,Actual,PL3
3939c2ac9aae168e,2012,4,Quảng Trị,Provincial,Cultivation,Lúa,,Area_Planted,4222.0,ha,Actual,PL3
3939c2ac9aae168e,2012,4,Quảng Trị,Provincial,Cultivation,Lúa,,Area_Planted,2632.0,ha,Actual,PL3
15a499f20fecc3fa,2012,4,Thừa Thiên Huế,Provincial,Cultivation,Lúa,,Area_Planted,3970.0,ha,Actual,PL3
15a499f20fecc3fa,2012,4,Thừa Thiên Huế,Provincial,Cultivation,Lúa,,Area_Planted,3570.0,ha,Actual,PL3
15a499f20fecc3fa,2012,4,Thừa Thiên Huế,Provincial,Cultivation,Lúa,,Area_Planted,50.0,ha,Actual,PL3
15a499f20fecc3fa,2012,4,Thừa Thiên Huế,Provincial,Cultivation,Lúa,,Area_Planted,50.0,ha,Actual,PL3
15a499f20fecc3fa,2012,4,Thừa Thiên Huế,Provincial,Cultivation,Lúa,,Area_Planted,300.0,ha,Actual,PL3
15a499f20fecc3fa,2012,4,Thừa Thiên Huế,Provincial,Cultivation,Lúa,,Area_Planted,4600.0,ha,Actual,PL3
0bd02ffbf827f59c,2012,4,Miền Nam,Provincial,Cultivation,Lúa,,Area_Planted,1718949.0,ha,Actual,PL4
0bd02ffbf827f59c,2012,4,Miền Nam,Provincial,Cultivation,Lúa,,Area_Planted,667.0,ha,Actual,PL4
0bd02ffbf827f59c,2012,4,Miền Nam,Provincial,Cultivation,Lúa,,Area_Planted,11466260.0,ha,Actual,PL4
0bd02ffbf827f59c,2012,4,Miền Nam,Provincial,Cultivation,Lúa,,Area_Planted,865.0,ha,Actual,PL4
0bd02ffbf827f59c,2012,4,Miền Nam,Provincial,Cultivation,Lúa,,Area_Planted,575189.0,ha,Actual,PL4
0bd02ffbf827f59c,2012,4,Miền Nam,Provincial,Cultivation,Lúa,,Area_Planted,165167.0,ha,Actual,PL4
0bd02ffbf827f59c,2012,4,Miền Nam,Provincial,Cultivation,Lúa,,Area_Planted,71342.0,ha,Actual,PL4
0bd02ffbf827f59c,2012,4,Miền Nam,Provincial,Cultivation,Lúa,,Area_Planted,17127.0,ha,Actual,PL4
0bd02ffbf827f59c,2012,4,Miền Nam,Provincial,Cultivation,Lúa,,Area_Planted,69201.0,ha,Actual,PL4
0bd02ffbf827f59c,2012,4,Miền Nam,Provincial,Cultivation,Lúa,,Area_Planted,7497.0,ha,Actual,PL4
b3312f1a7e17136c,2012,4,D.H Nam Tr.Bộ,Provincial,Cultivation,Lúa,,Area_Planted,119962.0,ha,Actual,PL4
b3312f1a7e17136c,2012,4,D.H Nam Tr.Bộ,Provincial,Cultivation,Lúa,,Area_Planted,564.0,ha,Actual,PL4
b3312f1a7e17136c,2012,4,D.H Nam Tr.Bộ,Provincial,Cultivation,Lúa,,Area_Planted,676246.0,ha,Actual,PL4
b3312f1a7e17136c,2012,4,D.H Nam Tr.Bộ,Provincial,Cultivation,Lúa,,Area_Planted,445.0,ha,Actual,PL4
b3312f1a7e17136c,2012,4,D.H Nam Tr.Bộ,Provincial,Cultivation,Lúa,,Area_Planted,2550.0,ha,Actual,PL4
b3312f1a7e17136c,2012,4,D.H Nam Tr.Bộ,Provincial,Cultivation,Lúa,,Area_Planted,65294.0,ha,Actual,PL4
b3312f1a7e17136c,2012,4,D.H Nam Tr.Bộ,Provincial,Cultivation,Lúa,,Area_Planted,23342.0,ha,Actual,PL4
b3312f1a7e17136c,2012,4,D.H Nam Tr.Bộ,Provincial,Cultivation,Lúa,,Area_Planted,3783.0,ha,Actual,PL4
b3312f1a7e17136c,2012,4,D.H Nam Tr.Bộ,Provincial,Cultivation,Lúa,,Area_Planted,37886.0,ha,Actual,PL4
b3312f1a7e17136c,2012,4,D.H Nam Tr.Bộ,Provincial,Cultivation,Lúa,,Area_Planted,283.0,ha,Actual,PL4
3907bf9135455533,2012,4,TP Đà Nẵng,Provincial,Cultivation,Lúa,,Area_Planted,853.0,ha,Actual,PL4
3907bf9135455533,2012,4,TP Đà Nẵng,Provincial,Cultivation,Lúa,,Area_Planted,332.0,ha,Actual,PL4
3907bf9135455533,2012,4,TP Đà Nẵng,Provincial,Cultivation,Lúa,,Area_Planted,220.0,ha,Actual,PL4
3907bf9135455533,2012,4,TP Đà Nẵng,Provincial,Cultivation,Lúa,,Area_Planted,301.0,ha,Actual,PL4
3eaf4b5ee74771e8,2012,4,Quảng Nam,Provincial,Cultivation,Lúa,,Area_Planted,25700.0,ha,Actual,PL4
3eaf4b5ee74771e8,2012,4,Quảng Nam,Provincial,Cultivation,Lúa,,Area_Planted,525.0,ha,Actual,PL4
3eaf4b5ee74771e8,2012,4,Quảng Nam,Provincial,Cultivation,Lúa,,Area_Planted,134925.0,ha,Actual,PL4
3eaf4b5ee74771e8,2012,4,Quảng Nam,Provincial,Cultivation,Lúa,,Area_Planted,594.0,ha,Actual,PL4
3eaf4b5ee74771e8,2012,4,Quảng Nam,Provincial,Cultivation,Lúa,,Area_Planted,18930.0,ha,Actual,PL4
3eaf4b5ee74771e8,2012,4,Quảng Nam,Provincial,Cultivation,Lúa,,Area_Planted,5876.0,ha,Actual,PL4
3eaf4b5ee74771e8,2012,4,Quảng Nam,Provincial,Cultivation,Lúa,,Area_Planted,2929.0,ha,Actual,PL4
3eaf4b5ee74771e8,2012,4,Quảng Nam,Provincial,Cultivation,Lúa,,Area_Planted,10125.0,ha,Actual,PL4
2db3faabd2af0707,2012,4,Quảng Ngãi,Provincial,Cultivation,Lúa,,Area_Planted,24302.0,ha,Actual,PL4
2db3faabd2af0707,2012,4,Quảng Ngãi,Provincial,Cultivation,Lúa,,Area_Planted,530.0,ha,Actual,PL4
2db3faabd2af0707,2012,4,Quảng Ngãi,Provincial,Cultivation,Lúa,,Area_Planted,128715.0,ha,Actual,PL4
2db3faabd2af0707,2012,4,Quảng Ngãi,Provincial,Cultivation,Lúa,,Area_Planted,655.0,ha,Actual,PL4
2db3faabd2af0707,2012,4,Quảng Ngãi,Provincial,Cultivation,Lúa,,Area_Planted,20498.0,ha,Actual,PL4
2db3faabd2af0707,2012,4,Quảng Ngãi,Provincial,Cultivation,Lúa,,Area_Planted,4748.0,ha,Actual,PL4
2db3faabd2af0707,2012,4,Quảng Ngãi,Provincial,Cultivation,Lúa,,Area_Planted,15750.0,ha,Actual,PL4
379901427fad4686,2012,4,Bình Định,Provincial,Cultivation,Lúa,,Area_Planted,25000.0,ha,Actual,PL4
379901427fad4686,2012,4,Bình Định,Provincial,Cultivation,Lúa,,Area_Planted,591.0,ha,Actual,PL4
379901427fad4686,2012,4,Bình Định,Provincial,Cultivation,Lúa,,Area_Planted,147750.0,ha,Actual,PL4
379901427fad4686,2012,4,Bình Định,Provincial,Cultivation,Lúa,,Area_Planted,525.0,ha,Actual,PL4
379901427fad4686,2012,4,Bình Định,Provincial,Cultivation,Lúa,,Area_Planted,2270.0,ha,Actual,PL4
379901427fad4686,2012,4,Bình Định,Provincial,Cultivation,Lúa,,Area_Planted,2270.0,ha,Actual,PL4
7a2b584521f62778,2012,4,Phú Yên,Provincial,Cultivation,Lúa,,Area_Planted,18000.0,ha,Actual,PL4
7a2b584521f62778,2012,4,Phú Yên,Provincial,Cultivation,Lúa,,Area_Planted,623.0,ha,Actual,PL4
7a2b584521f62778,2012,4,Phú Yên,Provincial,Cultivation,Lúa,,Area_Planted,112140.0,ha,Actual,PL4
7a2b584521f62778,2012,4,Phú Yên,Provincial,Cultivation,Lúa,,Area_Planted,678.0,ha,Actual,PL4
7a2b584521f62778,2012,4,Phú Yên,Provincial,Cultivation,Lúa,,Area_Planted,250.0,ha,Actual,PL4
7a2b584521f62778,2012,4,Phú Yên,Provincial,Cultivation,Lúa,,Area_Planted,13484.0,ha,Actual,PL4
7a2b584521f62778,2012,4,Phú Yên,Provincial,Cultivation,Lúa,,Area_Planted,2213.0,ha,Actual,PL4
7a2b584521f62778,2012,4,Phú Yên,Provincial,Cultivation,Lúa,,Area_Planted,183.0,ha,Actual,PL4
7a2b584521f62778,2012,4,Phú Yên,Provincial,Cultivation,Lúa,,Area_Planted,10959.0,ha,Actual,PL4
7a2b584521f62778,2012,4,Phú Yên,Provincial,Cultivation,Lúa,,Area_Planted,129.0,ha,Actual,PL4
287c35a96e3a48a4,2012,4,Khánh Hoà,Provincial,Cultivation,Lúa,,Area_Planted,19565.0,ha,Actual,PL4
287c35a96e3a48a4,2012,4,Khánh Hoà,Provincial,Cultivation,Lúa,,Area_Planted,550.0,ha,Actual,PL4
287c35a96e3a48a4,2012,4,Khánh Hoà,Provincial,Cultivation,Lúa,,Area_Planted,107608.0,ha,Actual,PL4
287c35a96e3a48a4,2012,4,Khánh Hoà,Provincial,Cultivation,Lúa,,Area_Planted,1000.0,ha,Actual,PL4
287c35a96e3a48a4,2012,4,Khánh Hoà,Provincial,Cultivation,Lúa,,Area_Planted,2300.0,ha,Actual,PL4
287c35a96e3a48a4,2012,4,Khánh Hoà,Provincial,Cultivation,Lúa,,Area_Planted,1784.0,ha,Actual,PL4
287c35a96e3a48a4,2012,4,Khánh Hoà,Provincial,Cultivation,Lúa,,Area_Planted,1549.0,ha,Actual,PL4
287c35a96e3a48a4,2012,4,Khánh Hoà,Provincial,Cultivation,Lúa,,Area_Planted,109.0,ha,Actual,PL4
287c35a96e3a48a4,2012,4,Khánh Hoà,Provincial,Cultivation,Lúa,,Area_Planted,126.0,ha,Actual,PL4
7f2b60eb6eb7cd42,2012,4,Ninh Thuận,Provincial,Cultivation,Lúa,,Area_Planted,7395.0,ha,Actual,PL4
7f2b60eb6eb7cd42,2012,4,Ninh Thuận,Provincial,Cultivation,Lúa,,Area_Planted,610.0,ha,Actual,PL4
7f2b60eb6eb7cd42,2012,4,Ninh Thuận,Provincial,Cultivation,Lúa,,Area_Planted,45109.0,ha,Actual,PL4
7f2b60eb6eb7cd42,2012,4,Ninh Thuận,Provincial,Cultivation,Lúa,,Area_Planted,516.0,ha,Actual,PL4
7f2b60eb6eb7cd42,2012,4,Ninh Thuận,Provincial,Cultivation,Lúa,,Area_Planted,3089.0,ha,Actual,PL4
7f2b60eb6eb7cd42,2012,4,Ninh Thuận,Provincial,Cultivation,Lúa,,Area_Planted,2909.0,ha,Actual,PL4
7f2b60eb6eb7cd42,2012,4,Ninh Thuận,Provincial,Cultivation,Lúa,,Area_Planted,41.0,ha,Actual,PL4
7f2b60eb6eb7cd42,2012,4,Ninh Thuận,Provincial,Cultivation,Lúa,,Area_Planted,139.0,ha,Actual,PL4
f99fbaa71fae405e,2012,4,Bình Thuận,Provincial,Cultivation,Lúa,,Area_Planted,4386.0,ha,Actual,PL4
f99fbaa71fae405e,2012,4,Bình Thuận,Provincial,Cultivation,Lúa,,Area_Planted,3445.0,ha,Actual,PL4
f99fbaa71fae405e,2012,4,Bình Thuận,Provincial,Cultivation,Lúa,,Area_Planted,301.0,ha,Actual,PL4
f99fbaa71fae405e,2012,4,Bình Thuận,Provincial,Cultivation,Lúa,,Area_Planted,612.0,ha,Actual,PL4
f99fbaa71fae405e,2012,4,Bình Thuận,Provincial,Cultivation,Lúa,,Area_Planted,28.0,ha,Actual,PL4
d5b64807ed8486d5,2012,4,Tây Nguyên,Provincial,Cultivation,Lúa,,Area_Planted,13314.0,ha,Actual,PL4
d5b64807ed8486d5,2012,4,Tây Nguyên,Provincial,Cultivation,Lúa,,Area_Planted,559.0,ha,Actual,PL4
d5b64807ed8486d5,2012,4,Tây Nguyên,Provincial,Cultivation,Lúa,,Area_Planted,74424.0,ha,Actual,PL4
d5b64807ed8486d5,2012,4,Tây Nguyên,Provincial,Cultivation,Lúa,,Area_Planted,166.0,ha,Actual,PL4
d5b64807ed8486d5,2012,4,Tây Nguyên,Provincial,Cultivation,Lúa,,Area_Planted,17717.0,ha,Actual,PL4
d5b64807ed8486d5,2012,4,Tây Nguyên,Provincial,Cultivation,Lúa,,Area_Planted,11355.0,ha,Actual,PL4
d5b64807ed8486d5,2012,4,Tây Nguyên,Provincial,Cultivation,Lúa,,Area_Planted,1177.0,ha,Actual,PL4
d5b64807ed8486d5,2012,4,Tây Nguyên,Provincial,Cultivation,Lúa,,Area_Planted,5184.0,ha,Actual,PL4
d5b64807ed8486d5,2012,4,Tây Nguyên,Provincial,Cultivation,Lúa,,Area_Planted,1.0,ha,Actual,PL4
d013760d3aae153c,2012,4,Kon Tum,Provincial,Cultivation,Lúa,,Area_Planted,685.0,ha,Actual,PL4
d013760d3aae153c,2012,4,Kon Tum,Provincial,Cultivation,Lúa,,Area_Planted,685.0,ha,Actual,PL4
34ab6daeec3d1a22,2012,4,Gia Lai,Provincial,Cultivation,Lúa,,Area_Planted,9334.0,ha,Actual,PL4
34ab6daeec3d1a22,2012,4,Gia Lai,Provincial,Cultivation,Lúa,,Area_Planted,4127.0,ha,Actual,PL4
34ab6daeec3d1a22,2012,4,Gia Lai,Provincial,Cultivation,Lúa,,Area_Planted,395.0,ha,Actual,PL4
34ab6daeec3d1a22,2012,4,Gia Lai,Provincial,Cultivation,Lúa,,Area_Planted,4811.0,ha,Actual,PL4
34ab6daeec3d1a22,2012,4,Gia Lai,Provincial,Cultivation,Lúa,,Area_Planted,1.0,ha,Actual,PL4
6d3bffd4587503b0,2012,4,Đắc Lắc,Provincial,Cultivation,Lúa,,Area_Planted,8654.0,ha,Actual,PL4
6d3bffd4587503b0,2012,4,Đắc Lắc,Provincial,Cultivation,Lúa,,Area_Planted,600.0,ha,Actual,PL4
6d3bffd4587503b0,2012,4,Đắc Lắc,Provincial,Cultivation,Lúa,,Area_Planted,51924.0,ha,Actual,PL4
6d3bffd4587503b0,2012,4,Đắc Lắc,Provincial,Cultivation,Lúa,,Area_Planted,265.0,ha,Actual,PL4
6d3bffd4587503b0,2012,4,Đắc Lắc,Provincial,Cultivation,Lúa,,Area_Planted,3117.0,ha,Actual,PL4
6d3bffd4587503b0,2012,4,Đắc Lắc,Provincial,Cultivation,Lúa,,Area_Planted,2072.0,ha,Actual,PL4
6d3bffd4587503b0,2012,4,Đắc Lắc,Provincial,Cultivation,Lúa,,Area_Planted,672.0,ha,Actual,PL4
6d3bffd4587503b0,2012,4,Đắc Lắc,Provincial,Cultivation,Lúa,,Area_Planted,373.0,ha,Actual,PL4
a1f517e93d9357fd,2012,4,Đắc Nông,Provincial,Cultivation,Lúa,,Area_Planted,160.0,ha,Actual,PL4
a1f517e93d9357fd,2012,4,Đắc Nông,Provincial,Cultivation,Lúa,,Area_Planted,35.0,ha,Actual,PL4
a1f517e93d9357fd,2012,4,Đắc Nông,Provincial,Cultivation,Lúa,,Area_Planted,2937.0,ha,Actual,PL4
a1f517e93d9357fd,2012,4,Đắc Nông,Provincial,Cultivation,Lúa,,Area_Planted,2827.0,ha,Actual,PL4
a1f517e93d9357fd,2012,4,Đắc Nông,Provincial,Cultivation,Lúa,,Area_Planted,110.0,ha,Actual,PL4
d60a17108fe85fd8,2012,4,Lâm Đồng,Provincial,Cultivation,Lúa,,Area_Planted,4500.0,ha,Actual,PL4
d60a17108fe85fd8,2012,4,Lâm Đồng,Provincial,Cultivation,Lúa,,Area_Planted,500.0,ha,Actual,PL4
d60a17108fe85fd8,2012,4,Lâm Đồng,Provincial,Cultivation,Lúa,,Area_Planted,22500.0,ha,Actual,PL4
d60a17108fe85fd8,2012,4,Lâm Đồng,Provincial,Cultivation,Lúa,,Area_Planted,423.0,ha,Actual,PL4
d60a17108fe85fd8,2012,4,Lâm Đồng,Provincial,Cultivation,Lúa,,Area_Planted,1644.0,ha,Actual,PL4
d60a17108fe85fd8,2012,4,Lâm Đồng,Provincial,Cultivation,Lúa,,Area_Planted,1644.0,ha,Actual,PL4
00df9e9f535b5feb,2012,4,Đông Nam Bộ,Provincial,Cultivation,Lúa,,Area_Planted,62284.0,ha,Actual,PL4
00df9e9f535b5feb,2012,4,Đông Nam Bộ,Provincial,Cultivation,Lúa,,Area_Planted,487.0,ha,Actual,PL4
00df9e9f535b5feb,2012,4,Đông Nam Bộ,Provincial,Cultivation,Lúa,,Area_Planted,303420.0,ha,Actual,PL4
00df9e9f535b5feb,2012,4,Đông Nam Bộ,Provincial,Cultivation,Lúa,,Area_Planted,787.0,ha,Actual,PL4
00df9e9f535b5feb,2012,4,Đông Nam Bộ,Provincial,Cultivation,Lúa,,Area_Planted,3661.0,ha,Actual,PL4
00df9e9f535b5feb,2012,4,Đông Nam Bộ,Provincial,Cultivation,Lúa,,Area_Planted,42184.0,ha,Actual,PL4
00df9e9f535b5feb,2012,4,Đông Nam Bộ,Provincial,Cultivation,Lúa,,Area_Planted,14992.0,ha,Actual,PL4
00df9e9f535b5feb,2012,4,Đông Nam Bộ,Provincial,Cultivation,Lúa,,Area_Planted,2025.0,ha,Actual,PL4
00df9e9f535b5feb,2012,4,Đông Nam Bộ,Provincial,Cultivation,Lúa,,Area_Planted,24281.0,ha,Actual,PL4
00df9e9f535b5feb,2012,4,Đông Nam Bộ,Provincial,Cultivation,Lúa,,Area_Planted,886.0,ha,Actual,PL4
78d34f2982a899c6,2012,4,Bình Phước,Provincial,Cultivation,Lúa,,Area_Planted,2670.0,ha,Actual,PL4
78d34f2982a899c6,2012,4,Bình Phước,Provincial,Cultivation,Lúa,,Area_Planted,347.0,ha,Actual,PL4
78d34f2982a899c6,2012,4,Bình Phước,Provincial,Cultivation,Lúa,,Area_Planted,9266.0,ha,Actual,PL4
78d34f2982a899c6,2012,4,Bình Phước,Provincial,Cultivation,Lúa,,Area_Planted,1000.0,ha,Actual,PL4
78d34f2982a899c6,2012,4,Bình Phước,Provincial,Cultivation,Lúa,,Area_Planted,3355.0,ha,Actual,PL4
78d34f2982a899c6,2012,4,Bình Phước,Provincial,Cultivation,Lúa,,Area_Planted,384.0,ha,Actual,PL4
78d34f2982a899c6,2012,4,Bình Phước,Provincial,Cultivation,Lúa,,Area_Planted,1564.0,ha,Actual,PL4
78d34f2982a899c6,2012,4,Bình Phước,Provincial,Cultivation,Lúa,,Area_Planted,1273.0,ha,Actual,PL4
78d34f2982a899c6,2012,4,Bình Phước,Provincial,Cultivation,Lúa,,Area_Planted,134.0,ha,Actual,PL4
c3a7298623a7467d,2012,4,Tây Ninh,Provincial,Cultivation,Lúa,,Area_Planted,33351.0,ha,Actual,PL4
c3a7298623a7467d,2012,4,Tây Ninh,Provincial,Cultivation,Lúa,,Area_Planted,457.0,ha,Actual,PL4
c3a7298623a7467d,2012,4,Tây Ninh,Provincial,Cultivation,Lúa,,Area_Planted,152414.0,ha,Actual,PL4
c3a7298623a7467d,2012,4,Tây Ninh,Provincial,Cultivation,Lúa,,Area_Planted,699.0,ha,Actual,PL4
c3a7298623a7467d,2012,4,Tây Ninh,Provincial,Cultivation,Lúa,,Area_Planted,2244.0,ha,Actual,PL4
c3a7298623a7467d,2012,4,Tây Ninh,Provincial,Cultivation,Lúa,,Area_Planted,24135.0,ha,Actual,PL4
c3a7298623a7467d,2012,4,Tây Ninh,Provincial,Cultivation,Lúa,,Area_Planted,2976.0,ha,Actual,PL4
c3a7298623a7467d,2012,4,Tây Ninh,Provincial,Cultivation,Lúa,,Area_Planted,300.0,ha,Actual,PL4
c3a7298623a7467d,2012,4,Tây Ninh,Provincial,Cultivation,Lúa,,Area_Planted,20672.0,ha,Actual,PL4
c3a7298623a7467d,2012,4,Tây Ninh,Provincial,Cultivation,Lúa,,Area_Planted,187.0,ha,Actual,PL4
514cb85a7309ad31,2012,4,Bình Dương,Provincial,Cultivation,Lúa,,Area_Planted,2888.0,ha,Actual,PL4
514cb85a7309ad31,2012,4,Bình Dương,Provincial,Cultivation,Lúa,,Area_Planted,464.0,ha,Actual,PL4
514cb85a7309ad31,2012,4,Bình Dương,Provincial,Cultivation,Lúa,,Area_Planted,13390.0,ha,Actual,PL4
514cb85a7309ad31,2012,4,Bình Dương,Provincial,Cultivation,Lúa,,Area_Planted,1000.0,ha,Actual,PL4
514cb85a7309ad31,2012,4,Bình Dương,Provincial,Cultivation,Lúa,,Area_Planted,80.0,ha,Actual,PL4
514cb85a7309ad31,2012,4,Bình Dương,Provincial,Cultivation,Lúa,,Area_Planted,702.0,ha,Actual,PL4
514cb85a7309ad31,2012,4,Bình Dương,Provincial,Cultivation,Lúa,,Area_Planted,99.0,ha,Actual,PL4
514cb85a7309ad31,2012,4,Bình Dương,Provincial,Cultivation,Lúa,,Area_Planted,234.0,ha,Actual,PL4
514cb85a7309ad31,2012,4,Bình Dương,Provincial,Cultivation,Lúa,,Area_Planted,369.0,ha,Actual,PL4
ae85d27501408945,2012,4,Đồng Nai,Provincial,Cultivation,Lúa,,Area_Planted,14307.0,ha,Actual,PL4
ae85d27501408945,2012,4,Đồng Nai,Provincial,Cultivation,Lúa,,Area_Planted,574.0,ha,Actual,PL4
ae85d27501408945,2012,4,Đồng Nai,Provincial,Cultivation,Lúa,,Area_Planted,82141.0,ha,Actual,PL4
ae85d27501408945,2012,4,Đồng Nai,Provincial,Cultivation,Lúa,,Area_Planted,1000.0,ha,Actual,PL4
ae85d27501408945,2012,4,Đồng Nai,Provincial,Cultivation,Lúa,,Area_Planted,12095.0,ha,Actual,PL4
ae85d27501408945,2012,4,Đồng Nai,Provincial,Cultivation,Lúa,,Area_Planted,9688.0,ha,Actual,PL4
ae85d27501408945,2012,4,Đồng Nai,Provincial,Cultivation,Lúa,,Area_Planted,111.0,ha,Actual,PL4
ae85d27501408945,2012,4,Đồng Nai,Provincial,Cultivation,Lúa,,Area_Planted,2101.0,ha,Actual,PL4
ae85d27501408945,2012,4,Đồng Nai,Provincial,Cultivation,Lúa,,Area_Planted,195.0,ha,Actual,PL4
7e66ad2c8d204fd3,2012,4,Bà Rịa-V.Tàu,Provincial,Cultivation,Lúa,,Area_Planted,4891.0,ha,Actual,PL4
7e66ad2c8d204fd3,2012,4,Bà Rịa-V.Tàu,Provincial,Cultivation,Lúa,,Area_Planted,501.0,ha,Actual,PL4
7e66ad2c8d204fd3,2012,4,Bà Rịa-V.Tàu,Provincial,Cultivation,Lúa,,Area_Planted,24489.0,ha,Actual,PL4
7e66ad2c8d204fd3,2012,4,Bà Rịa-V.Tàu,Provincial,Cultivation,Lúa,,Area_Planted,904.0,ha,Actual,PL4
7e66ad2c8d204fd3,2012,4,Bà Rịa-V.Tàu,Provincial,Cultivation,Lúa,,Area_Planted,1068.0,ha,Actual,PL4
7e66ad2c8d204fd3,2012,4,Bà Rịa-V.Tàu,Provincial,Cultivation,Lúa,,Area_Planted,1170.0,ha,Actual,PL4
7e66ad2c8d204fd3,2012,4,Bà Rịa-V.Tàu,Provincial,Cultivation,Lúa,,Area_Planted,1118.0,ha,Actual,PL4
7e66ad2c8d204fd3,2012,4,Bà Rịa-V.Tàu,Provincial,Cultivation,Lúa,,Area_Planted,50.0,ha,Actual,PL4
7e66ad2c8d204fd3,2012,4,Bà Rịa-V.Tàu,Provincial,Cultivation,Lúa,,Area_Planted,1.0,ha,Actual,PL4
7e66ad2c8d204fd3,2012,4,Bà Rịa-V.Tàu,Provincial,Cultivation,Lúa,,Area_Planted,1.0,ha,Actual,PL4
93ffd37245051f2d,2012,4,TP Hồ Chí Minh,Provincial,Cultivation,Lúa,,Area_Planted,4177.0,ha,Actual,PL4
93ffd37245051f2d,2012,4,TP Hồ Chí Minh,Provincial,Cultivation,Lúa,,Area_Planted,520.0,ha,Actual,PL4
93ffd37245051f2d,2012,4,TP Hồ Chí Minh,Provincial,Cultivation,Lúa,,Area_Planted,21720.0,ha,Actual,PL4
93ffd37245051f2d,2012,4,TP Hồ Chí Minh,Provincial,Cultivation,Lúa,,Area_Planted,679.0,ha,Actual,PL4
93ffd37245051f2d,2012,4,TP Hồ Chí Minh,Provincial,Cultivation,Lúa,,Area_Planted,269.0,ha,Actual,PL4
93ffd37245051f2d,2012,4,TP Hồ Chí Minh,Provincial,Cultivation,Lúa,,Area_Planted,727.0,ha,Actual,PL4
93ffd37245051f2d,2012,4,TP Hồ Chí Minh,Provincial,Cultivation,Lúa,,Area_Planted,727.0,ha,Actual,PL4
6ab9796b96ee3334,2012,4,ĐBS Cửu Long,Provincial,Cultivation,Lúa,,Area_Planted,1523389.0,ha,Actual,PL4
6ab9796b96ee3334,2012,4,ĐBS Cửu Long,Provincial,Cultivation,Lúa,,Area_Planted,683.0,ha,Actual,PL4
6ab9796b96ee3334,2012,4,ĐBS Cửu Long,Provincial,Cultivation,Lúa,,Area_Planted,10412169.0,ha,Actual,PL4
6ab9796b96ee3334,2012,4,ĐBS Cửu Long,Provincial,Cultivation,Lúa,,Area_Planted,964.0,ha,Actual,PL4
6ab9796b96ee3334,2012,4,ĐBS Cửu Long,Provincial,Cultivation,Lúa,,Area_Planted,568978.0,ha,Actual,PL4
6ab9796b96ee3334,2012,4,ĐBS Cửu Long,Provincial,Cultivation,Lúa,,Area_Planted,39973.0,ha,Actual,PL4
6ab9796b96ee3334,2012,4,ĐBS Cửu Long,Provincial,Cultivation,Lúa,,Area_Planted,21654.0,ha,Actual,PL4
6ab9796b96ee3334,2012,4,ĐBS Cửu Long,Provincial,Cultivation,Lúa,,Area_Planted,10142.0,ha,Actual,PL4
6ab9796b96ee3334,2012,4,ĐBS Cửu Long,Provincial,Cultivation,Lúa,,Area_Planted,1850.0,ha,Actual,PL4
6ab9796b96ee3334,2012,4,ĐBS Cửu Long,Provincial,Cultivation,Lúa,,Area_Planted,6327.0,ha,Actual,PL4
f9b4f550ebf4b36c,2012,4,Long An,Provincial,Cultivation,Lúa,,Area_Planted,237908.0,ha,Actual,PL4
f9b4f550ebf4b36c,2012,4,Long An,Provincial,Cultivation,Lúa,,Area_Planted,598.0,ha,Actual,PL4
f9b4f550ebf4b36c,2012,4,Long An,Provincial,Cultivation,Lúa,,Area_Planted,1422414.0,ha,Actual,PL4
f9b4f550ebf4b36c,2012,4,Long An,Provincial,Cultivation,Lúa,,Area_Planted,908.0,ha,Actual,PL4
f9b4f550ebf4b36c,2012,4,Long An,Provincial,Cultivation,Lúa,,Area_Planted,37113.0,ha,Actual,PL4
f9b4f550ebf4b36c,2012,4,Long An,Provincial,Cultivation,Lúa,,Area_Planted,7065.0,ha,Actual,PL4
f9b4f550ebf4b36c,2012,4,Long An,Provincial,Cultivation,Lúa,,Area_Planted,3255.0,ha,Actual,PL4
f9b4f550ebf4b36c,2012,4,Long An,Provincial,Cultivation,Lúa,,Area_Planted,61.0,ha,Actual,PL4
f9b4f550ebf4b36c,2012,4,Long An,Provincial,Cultivation,Lúa,,Area_Planted,491.0,ha,Actual,PL4
f9b4f550ebf4b36c,2012,4,Long An,Provincial,Cultivation,Lúa,,Area_Planted,3258.0,ha,Actual,PL4
abd315bceb37ae31,2012,4,Tiền Giang,Provincial,Cultivation,Lúa,,Area_Planted,80494.0,ha,Actual,PL4
abd315bceb37ae31,2012,4,Tiền Giang,Provincial,Cultivation,Lúa,,Area_Planted,668.0,ha,Actual,PL4
abd315bceb37ae31,2012,4,Tiền Giang,Provincial,Cultivation,Lúa,,Area_Planted,537310.0,ha,Actual,PL4
abd315bceb37ae31,2012,4,Tiền Giang,Provincial,Cultivation,Lúa,,Area_Planted,1000.0,ha,Actual,PL4
abd315bceb37ae31,2012,4,Tiền Giang,Provincial,Cultivation,Lúa,,Area_Planted,50885.0,ha,Actual,PL4
abd315bceb37ae31,2012,4,Tiền Giang,Provincial,Cultivation,Lúa,,Area_Planted,4045.0,ha,Actual,PL4
abd315bceb37ae31,2012,4,Tiền Giang,Provincial,Cultivation,Lúa,,Area_Planted,2597.0,ha,Actual,PL4
abd315bceb37ae31,2012,4,Tiền Giang,Provincial,Cultivation,Lúa,,Area_Planted,256.0,ha,Actual,PL4
abd315bceb37ae31,2012,4,Tiền Giang,Provincial,Cultivation,Lúa,,Area_Planted,164.0,ha,Actual,PL4
abd315bceb37ae31,2012,4,Tiền Giang,Provincial,Cultivation,Lúa,,Area_Planted,1028.0,ha,Actual,PL4
0c0a3832b2549ae2,2012,4,Bến Tre,Provincial,Cultivation,Lúa,,Area_Planted,17927.0,ha,Actual,PL4
0c0a3832b2549ae2,2012,4,Bến Tre,Provincial,Cultivation,Lúa,,Area_Planted,554.0,ha,Actual,PL4
0c0a3832b2549ae2,2012,4,Bến Tre,Provincial,Cultivation,Lúa,,Area_Planted,99316.0,ha,Actual,PL4
0c0a3832b2549ae2,2012,4,Bến Tre,Provincial,Cultivation,Lúa,,Area_Planted,895.0,ha,Actual,PL4
0c0a3832b2549ae2,2012,4,Bến Tre,Provincial,Cultivation,Lúa,,Area_Planted,370.0,ha,Actual,PL4
0c0a3832b2549ae2,2012,4,Bến Tre,Provincial,Cultivation,Lúa,,Area_Planted,260.0,ha,Actual,PL4
0c0a3832b2549ae2,2012,4,Bến Tre,Provincial,Cultivation,Lúa,,Area_Planted,60.0,ha,Actual,PL4
0c0a3832b2549ae2,2012,4,Bến Tre,Provincial,Cultivation,Lúa,,Area_Planted,50.0,ha,Actual,PL4
26d6e89421209ed0,2012,4,Trà Vinh,Provincial,Cultivation,Lúa,,Area_Planted,52737.0,ha,Actual,PL4
26d6e89421209ed0,2012,4,Trà Vinh,Provincial,Cultivation,Lúa,,Area_Planted,615.0,ha,Actual,PL4
26d6e89421209ed0,2012,4,Trà Vinh,Provincial,Cultivation,Lúa,,Area_Planted,324392.0,ha,Actual,PL4
26d6e89421209ed0,2012,4,Trà Vinh,Provincial,Cultivation,Lúa,,Area_Planted,906.0,ha,Actual,PL4
26d6e89421209ed0,2012,4,Trà Vinh,Provincial,Cultivation,Lúa,,Area_Planted,16501.0,ha,Actual,PL4
26d6e89421209ed0,2012,4,Trà Vinh,Provincial,Cultivation,Lúa,,Area_Planted,4412.0,ha,Actual,PL4
26d6e89421209ed0,2012,4,Trà Vinh,Provincial,Cultivation,Lúa,,Area_Planted,2942.0,ha,Actual,PL4
26d6e89421209ed0,2012,4,Trà Vinh,Provincial,Cultivation,Lúa,,Area_Planted,783.0,ha,Actual,PL4
26d6e89421209ed0,2012,4,Trà Vinh,Provincial,Cultivation,Lúa,,Area_Planted,404.0,ha,Actual,PL4
26d6e89421209ed0,2012,4,Trà Vinh,Provincial,Cultivation,Lúa,,Area_Planted,283.0,ha,Actual,PL4
e2a8f9d6c3705c65,2012,4,Vĩnh Long,Provincial,Cultivation,Lúa,,Area_Planted,63751.0,ha,Actual,PL4
e2a8f9d6c3705c65,2012,4,Vĩnh Long,Provincial,Cultivation,Lúa,,Area_Planted,693.0,ha,Actual,PL4
e2a8f9d6c3705c65,2012,4,Vĩnh Long,Provincial,Cultivation,Lúa,,Area_Planted,442070.0,ha,Actual,PL4
e2a8f9d6c3705c65,2012,4,Vĩnh Long,Provincial,Cultivation,Lúa,,Area_Planted,1000.0,ha,Actual,PL4
e2a8f9d6c3705c65,2012,4,Vĩnh Long,Provincial,Cultivation,Lúa,,Area_Planted,59910.0,ha,Actual,PL4
e2a8f9d6c3705c65,2012,4,Vĩnh Long,Provincial,Cultivation,Lúa,,Area_Planted,5972.0,ha,Actual,PL4
e2a8f9d6c3705c65,2012,4,Vĩnh Long,Provincial,Cultivation,Lúa,,Area_Planted,792.0,ha,Actual,PL4
e2a8f9d6c3705c65,2012,4,Vĩnh Long,Provincial,Cultivation,Lúa,,Area_Planted,4882.0,ha,Actual,PL4
e2a8f9d6c3705c65,2012,4,Vĩnh Long,Provincial,Cultivation,Lúa,,Area_Planted,98.0,ha,Actual,PL4
e2a8f9d6c3705c65,2012,4,Vĩnh Long,Provincial,Cultivation,Lúa,,Area_Planted,200.0,ha,Actual,PL4
1296794e07f0f437,2012,4,Đồng Tháp,Provincial,Cultivation,Lúa,,Area_Planted,208490.0,ha,Actual,PL4
1296794e07f0f437,2012,4,Đồng Tháp,Provincial,Cultivation,Lúa,,Area_Planted,735.0,ha,Actual,PL4
1296794e07f0f437,2012,4,Đồng Tháp,Provincial,Cultivation,Lúa,,Area_Planted,1532402.0,ha,Actual,PL4
1296794e07f0f437,2012,4,Đồng Tháp,Provincial,Cultivation,Lúa,,Area_Planted,1000.0,ha,Actual,PL4
1296794e07f0f437,2012,4,Đồng Tháp,Provincial,Cultivation,Lúa,,Area_Planted,120799.0,ha,Actual,PL4
1296794e07f0f437,2012,4,Đồng Tháp,Provincial,Cultivation,Lúa,,Area_Planted,4855.0,ha,Actual,PL4
1296794e07f0f437,2012,4,Đồng Tháp,Provincial,Cultivation,Lúa,,Area_Planted,2256.0,ha,Actual,PL4
1296794e07f0f437,2012,4,Đồng Tháp,Provincial,Cultivation,Lúa,,Area_Planted,1985.0,ha,Actual,PL4
1296794e07f0f437,2012,4,Đồng Tháp,Provincial,Cultivation,Lúa,,Area_Planted,614.0,ha,Actual,PL4
50f807cc4dcdc0ce,2012,4,An Giang,Provincial,Cultivation,Lúa,,Area_Planted,212993.0,ha,Actual,PL4
50f807cc4dcdc0ce,2012,4,An Giang,Provincial,Cultivation,Lúa,,Area_Planted,742.0,ha,Actual,PL4
50f807cc4dcdc0ce,2012,4,An Giang,Provincial,Cultivation,Lúa,,Area_Planted,1581070.0,ha,Actual,PL4
50f807cc4dcdc0ce,2012,4,An Giang,Provincial,Cultivation,Lúa,,Area_Planted,903.0,ha,Actual,PL4
50f807cc4dcdc0ce,2012,4,An Giang,Provincial,Cultivation,Lúa,,Area_Planted,6713.0,ha,Actual,PL4
50f807cc4dcdc0ce,2012,4,An Giang,Provincial,Cultivation,Lúa,,Area_Planted,6047.0,ha,Actual,PL4
50f807cc4dcdc0ce,2012,4,An Giang,Provincial,Cultivation,Lúa,,Area_Planted,265.0,ha,Actual,PL4
50f807cc4dcdc0ce,2012,4,An Giang,Provincial,Cultivation,Lúa,,Area_Planted,205.0,ha,Actual,PL4
50f807cc4dcdc0ce,2012,4,An Giang,Provincial,Cultivation,Lúa,,Area_Planted,196.0,ha,Actual,PL4
e3c559e74651784e,2012,4,Kiên Giang,Provincial,Cultivation,Lúa,,Area_Planted,291487.0,ha,Actual,PL4
e3c559e74651784e,2012,4,Kiên Giang,Provincial,Cultivation,Lúa,,Area_Planted,700.0,ha,Actual,PL4
e3c559e74651784e,2012,4,Kiên Giang,Provincial,Cultivation,Lúa,,Area_Planted,2040409.0,ha,Actual,PL4
e3c559e74651784e,2012,4,Kiên Giang,Provincial,Cultivation,Lúa,,Area_Planted,1000.0,ha,Actual,PL4
e3c559e74651784e,2012,4,Kiên Giang,Provincial,Cultivation,Lúa,,Area_Planted,75722.0,ha,Actual,PL4
e3c559e74651784e,2012,4,Kiên Giang,Provincial,Cultivation,Lúa,,Area_Planted,204.0,ha,Actual,PL4
e3c559e74651784e,2012,4,Kiên Giang,Provincial,Cultivation,Lúa,,Area_Planted,204.0,ha,Actual,PL4
2e0f5f151a1fa863,2012,4,Cần Thơ,Provincial,Cultivation,Lúa,,Area_Planted,87770.0,ha,Actual,PL4
2e0f5f151a1fa863,2012,4,Cần Thơ,Provincial,Cultivation,Lúa,,Area_Planted,740.0,ha,Actual,PL4
2e0f5f151a1fa863,2012,4,Cần Thơ,Provincial,Cultivation,Lúa,,Area_Planted,649237.0,ha,Actual,PL4
2e0f5f151a1fa863,2012,4,Cần Thơ,Provincial,Cultivation,Lúa,,Area_Planted,1000.0,ha,Actual,PL4
2e0f5f151a1fa863,2012,4,Cần Thơ,Provincial,Cultivation,Lúa,,Area_Planted,72064.0,ha,Actual,PL4
2e0f5f151a1fa863,2012,4,Cần Thơ,Provincial,Cultivation,Lúa,,Area_Planted,1163.0,ha,Actual,PL4
2e0f5f151a1fa863,2012,4,Cần Thơ,Provincial,Cultivation,Lúa,,Area_Planted,385.0,ha,Actual,PL4
2e0f5f151a1fa863,2012,4,Cần Thơ,Provincial,Cultivation,Lúa,,Area_Planted,778.0,ha,Actual,PL4
d12577754f38015f,2012,4,Hậu Giang,Provincial,Cultivation,Lúa,,Area_Planted,76385.0,ha,Actual,PL4
d12577754f38015f,2012,4,Hậu Giang,Provincial,Cultivation,Lúa,,Area_Planted,683.0,ha,Actual,PL4
d12577754f38015f,2012,4,Hậu Giang,Provincial,Cultivation,Lúa,,Area_Planted,521710.0,ha,Actual,PL4
d12577754f38015f,2012,4,Hậu Giang,Provincial,Cultivation,Lúa,,Area_Planted,980.0,ha,Actual,PL4
d12577754f38015f,2012,4,Hậu Giang,Provincial,Cultivation,Lúa,,Area_Planted,49298.0,ha,Actual,PL4
d12577754f38015f,2012,4,Hậu Giang,Provincial,Cultivation,Lúa,,Area_Planted,1159.0,ha,Actual,PL4
d12577754f38015f,2012,4,Hậu Giang,Provincial,Cultivation,Lúa,,Area_Planted,1159.0,ha,Actual,PL4
181bf5d459c95cc1,2012,4,Sóc Trăng,Provincial,Cultivation,Lúa,,Area_Planted,138842.0,ha,Actual,PL4
181bf5d459c95cc1,2012,4,Sóc Trăng,Provincial,Cultivation,Lúa,,Area_Planted,652.0,ha,Actual,PL4
181bf5d459c95cc1,2012,4,Sóc Trăng,Provincial,Cultivation,Lúa,,Area_Planted,905000.0,ha,Actual,PL4
181bf5d459c95cc1,2012,4,Sóc Trăng,Provincial,Cultivation,Lúa,,Area_Planted,1000.0,ha,Actual,PL4
181bf5d459c95cc1,2012,4,Sóc Trăng,Provincial,Cultivation,Lúa,,Area_Planted,72357.0,ha,Actual,PL4
181bf5d459c95cc1,2012,4,Sóc Trăng,Provincial,Cultivation,Lúa,,Area_Planted,3359.0,ha,Actual,PL4
181bf5d459c95cc1,2012,4,Sóc Trăng,Provincial,Cultivation,Lúa,,Area_Planted,1917.0,ha,Actual,PL4
181bf5d459c95cc1,2012,4,Sóc Trăng,Provincial,Cultivation,Lúa,,Area_Planted,1072.0,ha,Actual,PL4
181bf5d459c95cc1,2012,4,Sóc Trăng,Provincial,Cultivation,Lúa,,Area_Planted,234.0,ha,Actual,PL4
181bf5d459c95cc1,2012,4,Sóc Trăng,Provincial,Cultivation,Lúa,,Area_Planted,136.0,ha,Actual,PL4
848d6c4dd233a637,2012,4,Bạc Liêu,Provincial,Cultivation,Lúa,,Area_Planted,54605.0,ha,Actual,PL4
848d6c4dd233a637,2012,4,Bạc Liêu,Provincial,Cultivation,Lúa,,Area_Planted,653.0,ha,Actual,PL4
848d6c4dd233a637,2012,4,Bạc Liêu,Provincial,Cultivation,Lúa,,Area_Planted,356840.0,ha,Actual,PL4
848d6c4dd233a637,2012,4,Bạc Liêu,Provincial,Cultivation,Lúa,,Area_Planted,1000.0,ha,Actual,PL4
848d6c4dd233a637,2012,4,Bạc Liêu,Provincial,Cultivation,Lúa,,Area_Planted,14329.0,ha,Actual,PL4
848d6c4dd233a637,2012,4,Bạc Liêu,Provincial,Cultivation,Lúa,,Area_Planted,656.0,ha,Actual,PL4
848d6c4dd233a637,2012,4,Bạc Liêu,Provincial,Cultivation,Lúa,,Area_Planted,44.0,ha,Actual,PL4
848d6c4dd233a637,2012,4,Bạc Liêu,Provincial,Cultivation,Lúa,,Area_Planted,612.0,ha,Actual,PL4
0bd02ffbf827f59c,2012,4,Miền Nam,Provincial,Cultivation,Lúa,,Area_Planted,160514.0,ha,Actual,PL5
cca2cc4ca8378e71,2012,4,Miền Nam,Provincial,Cultivation,Đậu,,Area_Planted,3523.0,ha,Actual,PL5
a72ca011e571b6b9,2012,4,Miền Nam,Provincial,Cultivation,Lạc,,Area_Planted,38753.0,ha,Actual,PL5
0bd02ffbf827f59c,2012,4,Miền Nam,Provincial,Cultivation,Lúa,,Area_Planted,10798.0,ha,Actual,PL5
9f24aa03ed29fe08,2012,4,Miền Nam,Provincial,Cultivation,Thuốc lá,,Area_Planted,9224.0,ha,Actual,PL5
c8c28c2744d4d8f4,2012,4,Miền Nam,Provincial,Cultivation,Mía,,Area_Planted,96534.0,ha,Actual,PL5
0bd02ffbf827f59c,2012,4,Miền Nam,Provincial,Cultivation,Lúa,,Area_Planted,1226.0,ha,Actual,PL5
0bd02ffbf827f59c,2012,4,Miền Nam,Provincial,Cultivation,Lúa,,Area_Planted,203881.0,ha,Actual,PL5
0bd02ffbf827f59c,2012,4,Miền Nam,Provincial,Cultivation,Lúa,,Area_Planted,26483.0,ha,Actual,PL5
b3312f1a7e17136c,2012,4,D.H Nam Tr.Bộ,Provincial,Cultivation,Lúa,,Area_Planted,48918.0,ha,Actual,PL5
56967b249f290a5a,2012,4,D.H Nam Tr.Bộ,Provincial,Cultivation,Đậu,,Area_Planted,494.0,ha,Actual,PL5
f7a69fa1e858e88d,2012,4,D.H Nam Tr.Bộ,Provincial,Cultivation,Lạc,,Area_Planted,21430.0,ha,Actual,PL5
b3312f1a7e17136c,2012,4,D.H Nam Tr.Bộ,Provincial,Cultivation,Lúa,,Area_Planted,182.0,ha,Actual,PL5
16be9879b06ad897,2012,4,D.H Nam Tr.Bộ,Provincial,Cultivation,Thuốc lá,,Area_Planted,1175.0,ha,Actual,PL5
ae4927fa49973c55,2012,4,D.H Nam Tr.Bộ,Provincial,Cultivation,Mía,,Area_Planted,25151.0,ha,Actual,PL5
b3312f1a7e17136c,2012,4,D.H Nam Tr.Bộ,Provincial,Cultivation,Lúa,,Area_Planted,37.0,ha,Actual,PL5
b3312f1a7e17136c,2012,4,D.H Nam Tr.Bộ,Provincial,Cultivation,Lúa,,Area_Planted,28592.0,ha,Actual,PL5
b3312f1a7e17136c,2012,4,D.H Nam Tr.Bộ,Provincial,Cultivation,Lúa,,Area_Planted,11213.0,ha,Actual,PL5
3907bf9135455533,2012,4,TP Đà Nẵng,Provincial,Cultivation,Lúa,,Area_Planted,905.0,ha,Actual,PL5
73c8810f21fc4caf,2012,4,TP Đà Nẵng,Provincial,Cultivation,Lạc,,Area_Planted,671.0,ha,Actual,PL5
a58794310c0da1f0,2012,4,TP Đà Nẵng,Provincial,Cultivation,Mía,,Area_Planted,234.0,ha,Actual,PL5
3907bf9135455533,2012,4,TP Đà Nẵng,Provincial,Cultivation,Lúa,,Area_Planted,469.0,ha,Actual,PL5
3907bf9135455533,2012,4,TP Đà Nẵng,Provincial,Cultivation,Lúa,,Area_Planted,3.0,ha,Actual,PL5
3eaf4b5ee74771e8,2012,4,Quảng Nam,Provincial,Cultivation,Lúa,,Area_Planted,13627.0,ha,Actual,PL5
0f9a425896982b81,2012,4,Quảng Nam,Provincial,Cultivation,Đậu,,Area_Planted,50.0,ha,Actual,PL5
5329711f63959594,2012,4,Quảng Nam,Provincial,Cultivation,Lạc,,Area_Planted,8418.0,ha,Actual,PL5
3eaf4b5ee74771e8,2012,4,Quảng Nam,Provincial,Cultivation,Lúa,,Area_Planted,80.0,ha,Actual,PL5
af5522c7bac1e1f1,2012,4,Quảng Nam,Provincial,Cultivation,Thuốc lá,,Area_Planted,90.0,ha,Actual,PL5
0a9d914b40a96e93,2012,4,Quảng Nam,Provincial,Cultivation,Mía,,Area_Planted,4870.0,ha,Actual,PL5
3eaf4b5ee74771e8,2012,4,Quảng Nam,Provincial,Cultivation,Lúa,,Area_Planted,7894.0,ha,Actual,PL5
3eaf4b5ee74771e8,2012,4,Quảng Nam,Provincial,Cultivation,Lúa,,Area_Planted,2850.0,ha,Actual,PL5
2db3faabd2af0707,2012,4,Quảng Ngãi,Provincial,Cultivation,Lúa,,Area_Planted,8442.0,ha,Actual,PL5
b56de552d862483e,2012,4,Quảng Ngãi,Provincial,Cultivation,Lạc,,Area_Planted,3967.0,ha,Actual,PL5
62a16f41e9907bb5,2012,4,Quảng Ngãi,Provincial,Cultivation,Mía,,Area_Planted,4475.0,ha,Actual,PL5
2db3faabd2af0707,2012,4,Quảng Ngãi,Provincial,Cultivation,Lúa,,Area_Planted,5550.0,ha,Actual,PL5
2db3faabd2af0707,2012,4,Quảng Ngãi,Provincial,Cultivation,Lúa,,Area_Planted,1776.0,ha,Actual,PL5
379901427fad4686,2012,4,Bình Định,Provincial,Cultivation,Lúa,,Area_Planted,6931.0,ha,Actual,PL5
a3fec04feda5c240,2012,4,Bình Định,Provincial,Cultivation,Đậu,,Area_Planted,174.0,ha,Actual,PL5
1dc94ec243b0a03a,2012,4,Bình Định,Provincial,Cultivation,Lạc,,Area_Planted,6757.0,ha,Actual,PL5
379901427fad4686,2012,4,Bình Định,Provincial,Cultivation,Lúa,,Area_Planted,5632.0,ha,Actual,PL5
379901427fad4686,2012,4,Bình Định,Provincial,Cultivation,Lúa,,Area_Planted,821.0,ha,Actual,PL5
7a2b584521f62778,2012,4,Phú Yên,Provincial,Cultivation,Lúa,,Area_Planted,13820.0,ha,Actual,PL5
54e77c6404b1a2e2,2012,4,Phú Yên,Provincial,Cultivation,Đậu,,Area_Planted,270.0,ha,Actual,PL5
952e5050169b1cc4,2012,4,Phú Yên,Provincial,Cultivation,Lạc,,Area_Planted,555.0,ha,Actual,PL5
7a2b584521f62778,2012,4,Phú Yên,Provincial,Cultivation,Lúa,,Area_Planted,69.0,ha,Actual,PL5
9c46244683f47092,2012,4,Phú Yên,Provincial,Cultivation,Thuốc lá,,Area_Planted,331.0,ha,Actual,PL5
5fb054b93b7ae6e7,2012,4,Phú Yên,Provincial,Cultivation,Mía,,Area_Planted,12309.0,ha,Actual,PL5
7a2b584521f62778,2012,4,Phú Yên,Provincial,Cultivation,Lúa,,Area_Planted,37.0,ha,Actual,PL5
7a2b584521f62778,2012,4,Phú Yên,Provincial,Cultivation,Lúa,,Area_Planted,2571.0,ha,Actual,PL5
7a2b584521f62778,2012,4,Phú Yên,Provincial,Cultivation,Lúa,,Area_Planted,1895.0,ha,Actual,PL5
287c35a96e3a48a4,2012,4,Khánh Hoà,Provincial,Cultivation,Lúa,,Area_Planted,433.0,ha,Actual,PL5
b722558657acdb0d,2012,4,Khánh Hoà,Provincial,Cultivation,Lạc,,Area_Planted,169.0,ha,Actual,PL5
287c35a96e3a48a4,2012,4,Khánh Hoà,Provincial,Cultivation,Lúa,,Area_Planted,14.0,ha,Actual,PL5
7a334413bd1e898d,2012,4,Khánh Hoà,Provincial,Cultivation,Thuốc lá,,Area_Planted,250.0,ha,Actual,PL5
287c35a96e3a48a4,2012,4,Khánh Hoà,Provincial,Cultivation,Lúa,,Area_Planted,2014.0,ha,Actual,PL5
287c35a96e3a48a4,2012,4,Khánh Hoà,Provincial,Cultivation,Lúa,,Area_Planted,304.0,ha,Actual,PL5
7f2b60eb6eb7cd42,2012,4,Ninh Thuận,Provincial,Cultivation,Lúa,,Area_Planted,3384.0,ha,Actual,PL5
b18ae3725ab9e766,2012,4,Ninh Thuận,Provincial,Cultivation,Lạc,,Area_Planted,123.0,ha,Actual,PL5
7f2b60eb6eb7cd42,2012,4,Ninh Thuận,Provincial,Cultivation,Lúa,,Area_Planted,6.0,ha,Actual,PL5
0877de2b64ac5852,2012,4,Ninh Thuận,Provincial,Cultivation,Thuốc lá,,Area_Planted,452.0,ha,Actual,PL5
7ef29b0286735698,2012,4,Ninh Thuận,Provincial,Cultivation,Mía,,Area_Planted,2762.0,ha,Actual,PL5
7f2b60eb6eb7cd42,2012,4,Ninh Thuận,Provincial,Cultivation,Lúa,,Area_Planted,2814.0,ha,Actual,PL5
7f2b60eb6eb7cd42,2012,4,Ninh Thuận,Provincial,Cultivation,Lúa,,Area_Planted,903.0,ha,Actual,PL5
f99fbaa71fae405e,2012,4,Bình Thuận,Provincial,Cultivation,Lúa,,Area_Planted,1376.0,ha,Actual,PL5
5808e9438e54b152,2012,4,Bình Thuận,Provincial,Cultivation,Lạc,,Area_Planted,770.0,ha,Actual,PL5
f99fbaa71fae405e,2012,4,Bình Thuận,Provincial,Cultivation,Lúa,,Area_Planted,13.0,ha,Actual,PL5
d9caac942d7c3b60,2012,4,Bình Thuận,Provincial,Cultivation,Thuốc lá,,Area_Planted,52.0,ha,Actual,PL5
5acdeda1311b8693,2012,4,Bình Thuận,Provincial,Cultivation,Mía,,Area_Planted,501.0,ha,Actual,PL5
f99fbaa71fae405e,2012,4,Bình Thuận,Provincial,Cultivation,Lúa,,Area_Planted,1648.0,ha,Actual,PL5
f99fbaa71fae405e,2012,4,Bình Thuận,Provincial,Cultivation,Lúa,,Area_Planted,2660.0,ha,Actual,PL5
d5b64807ed8486d5,2012,4,Tây Nguyên,Provincial,Cultivation,Lúa,,Area_Planted,14199.0,ha,Actual,PL5
f8f30b977cdf8700,2012,4,Tây Nguyên,Provincial,Cultivation,Đậu,,Area_Planted,320.0,ha,Actual,PL5
5a3e87e5976b1f55,2012,4,Tây Nguyên,Provincial,Cultivation,Lạc,,Area_Planted,131.0,ha,Actual,PL5
474b9887d7314903,2012,4,Tây Nguyên,Provincial,Cultivation,Thuốc lá,,Area_Planted,4088.0,ha,Actual,PL5
92694c384e54871c,2012,4,Tây Nguyên,Provincial,Cultivation,Mía,,Area_Planted,9660.0,ha,Actual,PL5
d5b64807ed8486d5,2012,4,Tây Nguyên,Provincial,Cultivation,Lúa,,Area_Planted,27523.0,ha,Actual,PL5
d5b64807ed8486d5,2012,4,Tây Nguyên,Provincial,Cultivation,Lúa,,Area_Planted,3168.0,ha,Actual,PL5
d013760d3aae153c,2012,4,Kon Tum,Provincial,Cultivation,Lúa,,Area_Planted,1813.0,ha,Actual,PL5
994eb9c558fe83e3,2012,4,Kon Tum,Provincial,Cultivation,Lạc,,Area_Planted,12.0,ha,Actual,PL5
f2978b65e578cb27,2012,4,Kon Tum,Provincial,Cultivation,Mía,,Area_Planted,1801.0,ha,Actual,PL5
d013760d3aae153c,2012,4,Kon Tum,Provincial,Cultivation,Lúa,,Area_Planted,780.0,ha,Actual,PL5
d013760d3aae153c,2012,4,Kon Tum,Provincial,Cultivation,Lúa,,Area_Planted,52.0,ha,Actual,PL5
34ab6daeec3d1a22,2012,4,Gia Lai,Provincial,Cultivation,Lúa,,Area_Planted,11569.0,ha,Actual,PL5
5f0e3a49b65dca62,2012,4,Gia Lai,Provincial,Cultivation,Lạc,,Area_Planted,119.0,ha,Actual,PL5
67f95bfadb61e4ca,2012,4,Gia Lai,Provincial,Cultivation,Thuốc lá,,Area_Planted,3591.0,ha,Actual,PL5
cf6e2cc86db6e0d3,2012,4,Gia Lai,Provincial,Cultivation,Mía,,Area_Planted,7859.0,ha,Actual,PL5
34ab6daeec3d1a22,2012,4,Gia Lai,Provincial,Cultivation,Lúa,,Area_Planted,8010.0,ha,Actual,PL5
34ab6daeec3d1a22,2012,4,Gia Lai,Provincial,Cultivation,Lúa,,Area_Planted,2027.0,ha,Actual,PL5
6d3bffd4587503b0,2012,4,Đắc Lắc,Provincial,Cultivation,Lúa,,Area_Planted,497.0,ha,Actual,PL5
35d6d68ce3bd3aa7,2012,4,Đắc Lắc,Provincial,Cultivation,Thuốc lá,,Area_Planted,497.0,ha,Actual,PL5
6d3bffd4587503b0,2012,4,Đắc Lắc,Provincial,Cultivation,Lúa,,Area_Planted,2472.0,ha,Actual,PL5
6d3bffd4587503b0,2012,4,Đắc Lắc,Provincial,Cultivation,Lúa,,Area_Planted,486.0,ha,Actual,PL5
a1f517e93d9357fd,2012,4,Đắc Nông,Provincial,Cultivation,Lúa,,Area_Planted,320.0,ha,Actual,PL5
b855bb5525ff9e19,2012,4,Đắc Nông,Provincial,Cultivation,Đậu,,Area_Planted,320.0,ha,Actual,PL5
a1f517e93d9357fd,2012,4,Đắc Nông,Provincial,Cultivation,Lúa,,Area_Planted,933.0,ha,Actual,PL5
a1f517e93d9357fd,2012,4,Đắc Nông,Provincial,Cultivation,Lúa,,Area_Planted,165.0,ha,Actual,PL5
d60a17108fe85fd8,2012,4,Lâm Đồng,Provincial,Cultivation,Lúa,,Area_Planted,15328.0,ha,Actual,PL5
d60a17108fe85fd8,2012,4,Lâm Đồng,Provincial,Cultivation,Lúa,,Area_Planted,438.0,ha,Actual,PL5
00df9e9f535b5feb,2012,4,Đông Nam Bộ,Provincial,Cultivation,Lúa,,Area_Planted,18062.0,ha,Actual,PL5
97d894220bfff5a3,2012,4,Đông Nam Bộ,Provincial,Cultivation,Đậu,,Area_Planted,160.0,ha,Actual,PL5
755c2dbe789f281a,2012,4,Đông Nam Bộ,Provincial,Cultivation,Lạc,,Area_Planted,6546.0,ha,Actual,PL5
00df9e9f535b5feb,2012,4,Đông Nam Bộ,Provincial,Cultivation,Lúa,,Area_Planted,810.0,ha,Actual,PL5
90661d2a46f25d03,2012,4,Đông Nam Bộ,Provincial,Cultivation,Thuốc lá,,Area_Planted,3869.0,ha,Actual,PL5
cc8a39547de17a7a,2012,4,Đông Nam Bộ,Provincial,Cultivation,Mía,,Area_Planted,6669.0,ha,Actual,PL5
00df9e9f535b5feb,2012,4,Đông Nam Bộ,Provincial,Cultivation,Lúa,,Area_Planted,25274.0,ha,Actual,PL5
00df9e9f535b5feb,2012,4,Đông Nam Bộ,Provincial,Cultivation,Lúa,,Area_Planted,6698.0,ha,Actual,PL5
78d34f2982a899c6,2012,4,Bình Phước,Provincial,Cultivation,Lúa,,Area_Planted,99.0,ha,Actual,PL5
1492fdc381bc600b,2012,4,Bình Phước,Provincial,Cultivation,Đậu,,Area_Planted,17.0,ha,Actual,PL5
0987ee88ef75b53c,2012,4,Bình Phước,Provincial,Cultivation,Lạc,,Area_Planted,39.0,ha,Actual,PL5
78d34f2982a899c6,2012,4,Bình Phước,Provincial,Cultivation,Lúa,,Area_Planted,2.0,ha,Actual,PL5
5cfa478ba9ed15a6,2012,4,Bình Phước,Provincial,Cultivation,Mía,,Area_Planted,41.0,ha,Actual,PL5
78d34f2982a899c6,2012,4,Bình Phước,Provincial,Cultivation,Lúa,,Area_Planted,1117.0,ha,Actual,PL5
78d34f2982a899c6,2012,4,Bình Phước,Provincial,Cultivation,Lúa,,Area_Planted,181.0,ha,Actual,PL5
c3a7298623a7467d,2012,4,Tây Ninh,Provincial,Cultivation,Lúa,,Area_Planted,13353.0,ha,Actual,PL5
7a73c746a6e44301,2012,4,Tây Ninh,Provincial,Cultivation,Lạc,,Area_Planted,6178.0,ha,Actual,PL5
c3a7298623a7467d,2012,4,Tây Ninh,Provincial,Cultivation,Lúa,,Area_Planted,786.0,ha,Actual,PL5
b5d7d4e124813e19,2012,4,Tây Ninh,Provincial,Cultivation,Thuốc lá,,Area_Planted,2925.0,ha,Actual,PL5
7fc0e5bdbfe9ce44,2012,4,Tây Ninh,Provincial,Cultivation,Mía,,Area_Planted,3464.0,ha,Actual,PL5
c3a7298623a7467d,2012,4,Tây Ninh,Provincial,Cultivation,Lúa,,Area_Planted,9233.0,ha,Actual,PL5
c3a7298623a7467d,2012,4,Tây Ninh,Provincial,Cultivation,Lúa,,Area_Planted,4505.0,ha,Actual,PL5
514cb85a7309ad31,2012,4,Bình Dương,Provincial,Cultivation,Lúa,,Area_Planted,30.0,ha,Actual,PL5
a954b6028ca175a7,2012,4,Bình Dương,Provincial,Cultivation,Lạc,,Area_Planted,30.0,ha,Actual,PL5
514cb85a7309ad31,2012,4,Bình Dương,Provincial,Cultivation,Lúa,,Area_Planted,315.0,ha,Actual,PL5
514cb85a7309ad31,2012,4,Bình Dương,Provincial,Cultivation,Lúa,,Area_Planted,25.0,ha,Actual,PL5
ae85d27501408945,2012,4,Đồng Nai,Provincial,Cultivation,Lúa,,Area_Planted,2133.0,ha,Actual,PL5
f041952eae5558a7,2012,4,Đồng Nai,Provincial,Cultivation,Đậu,,Area_Planted,143.0,ha,Actual,PL5
909abbbd3d544ae7,2012,4,Đồng Nai,Provincial,Cultivation,Lạc,,Area_Planted,190.0,ha,Actual,PL5
ae85d27501408945,2012,4,Đồng Nai,Provincial,Cultivation,Lúa,,Area_Planted,22.0,ha,Actual,PL5
c0848d9d6297b911,2012,4,Đồng Nai,Provincial,Cultivation,Thuốc lá,,Area_Planted,824.0,ha,Actual,PL5
723ff558e89c8a36,2012,4,Đồng Nai,Provincial,Cultivation,Mía,,Area_Planted,946.0,ha,Actual,PL5
ae85d27501408945,2012,4,Đồng Nai,Provincial,Cultivation,Lúa,,Area_Planted,4832.0,ha,Actual,PL5
ae85d27501408945,2012,4,Đồng Nai,Provincial,Cultivation,Lúa,,Area_Planted,1910.0,ha,Actual,PL5
7e66ad2c8d204fd3,2012,4,Bà Rịa-V.Tàu,Provincial,Cultivation,Lúa,,Area_Planted,305.0,ha,Actual,PL5
5d7de3dfff18993f,2012,4,Bà Rịa-V.Tàu,Provincial,Cultivation,Lạc,,Area_Planted,109.0,ha,Actual,PL5
61d2f91a9521c401,2012,4,Bà Rịa-V.Tàu,Provincial,Cultivation,Thuốc lá,,Area_Planted,120.0,ha,Actual,PL5
d4f877d6e46db5ef,2012,4,Bà Rịa-V.Tàu,Provincial,Cultivation,Mía,,Area_Planted,76.0,ha,Actual,PL5
7e66ad2c8d204fd3,2012,4,Bà Rịa-V.Tàu,Provincial,Cultivation,Lúa,,Area_Planted,3140.0,ha,Actual,PL5
7e66ad2c8d204fd3,2012,4,Bà Rịa-V.Tàu,Provincial,Cultivation,Lúa,,Area_Planted,77.0,ha,Actual,PL5
93ffd37245051f2d,2012,4,TP Hồ Chí Minh,Provincial,Cultivation,Lúa,,Area_Planted,2142.0,ha,Actual,PL5
72b145174ee1310c,2012,4,TP Hồ Chí Minh,Provincial,Cultivation,Mía,,Area_Planted,2142.0,ha,Actual,PL5
93ffd37245051f2d,2012,4,TP Hồ Chí Minh,Provincial,Cultivation,Lúa,,Area_Planted,6637.0,ha,Actual,PL5
6ab9796b96ee3334,2012,4,ĐBS Cửu Long,Provincial,Cultivation,Lúa,,Area_Planted,79336.0,ha,Actual,PL5
691a5c88cc129607,2012,4,ĐBS Cửu Long,Provincial,Cultivation,Đậu,,Area_Planted,2549.0,ha,Actual,PL5
68d8837ea9d0547c,2012,4,ĐBS Cửu Long,Provincial,Cultivation,Lạc,,Area_Planted,10646.0,ha,Actual,PL5
6ab9796b96ee3334,2012,4,ĐBS Cửu Long,Provincial,Cultivation,Lúa,,Area_Planted,9806.0,ha,Actual,PL5
06a35347750015e9,2012,4,ĐBS Cửu Long,Provincial,Cultivation,Thuốc lá,,Area_Planted,92.0,ha,Actual,PL5
6eb8749a17ff3f70,2012,4,ĐBS Cửu Long,Provincial,Cultivation,Mía,,Area_Planted,55054.0,ha,Actual,PL5
6ab9796b96ee3334,2012,4,ĐBS Cửu Long,Provincial,Cultivation,Lúa,,Area_Planted,1189.0,ha,Actual,PL5
6ab9796b96ee3334,2012,4,ĐBS Cửu Long,Provincial,Cultivation,Lúa,,Area_Planted,122492.0,ha,Actual,PL5
6ab9796b96ee3334,2012,4,ĐBS Cửu Long,Provincial,Cultivation,Lúa,,Area_Planted,5405.0,ha,Actual,PL5
f9b4f550ebf4b36c,2012,4,Long An,Provincial,Cultivation,Lúa,,Area_Planted,20275.0,ha,Actual,PL5
469566c616195aad,2012,4,Long An,Provincial,Cultivation,Lạc,,Area_Planted,6272.0,ha,Actual,PL5
f9b4f550ebf4b36c,2012,4,Long An,Provincial,Cultivation,Lúa,,Area_Planted,684.0,ha,Actual,PL5
9d24f3103365f25c,2012,4,Long An,Provincial,Cultivation,Thuốc lá,,Area_Planted,63.0,ha,Actual,PL5
0cb2a24705beffb6,2012,4,Long An,Provincial,Cultivation,Mía,,Area_Planted,13254.0,ha,Actual,PL5
f9b4f550ebf4b36c,2012,4,Long An,Provincial,Cultivation,Lúa,,Area_Planted,2.0,ha,Actual,PL5
f9b4f550ebf4b36c,2012,4,Long An,Provincial,Cultivation,Lúa,,Area_Planted,5824.0,ha,Actual,PL5
f9b4f550ebf4b36c,2012,4,Long An,Provincial,Cultivation,Lúa,,Area_Planted,19.0,ha,Actual,PL5
abd315bceb37ae31,2012,4,Tiền Giang,Provincial,Cultivation,Lúa,,Area_Planted,608.0,ha,Actual,PL5
320d7aac2f406686,2012,4,Tiền Giang,Provincial,Cultivation,Đậu,,Area_Planted,208.0,ha,Actual,PL5
67dc3cf7c9a632ce,2012,4,Tiền Giang,Provincial,Cultivation,Lạc,,Area_Planted,166.0,ha,Actual,PL5
cb13625083b5477b,2012,4,Tiền Giang,Provincial,Cultivation,Mía,,Area_Planted,234.0,ha,Actual,PL5
abd315bceb37ae31,2012,4,Tiền Giang,Provincial,Cultivation,Lúa,,Area_Planted,25542.0,ha,Actual,PL5
abd315bceb37ae31,2012,4,Tiền Giang,Provincial,Cultivation,Lúa,,Area_Planted,130.0,ha,Actual,PL5
0c0a3832b2549ae2,2012,4,Bến Tre,Provincial,Cultivation,Lúa,,Area_Planted,5320.0,ha,Actual,PL5
d819ce094201a856,2012,4,Bến Tre,Provincial,Cultivation,Lạc,,Area_Planted,120.0,ha,Actual,PL5
51e16db523ea4c6b,2012,4,Bến Tre,Provincial,Cultivation,Mía,,Area_Planted,5200.0,ha,Actual,PL5
0c0a3832b2549ae2,2012,4,Bến Tre,Provincial,Cultivation,Lúa,,Area_Planted,2500.0,ha,Actual,PL5
0c0a3832b2549ae2,2012,4,Bến Tre,Provincial,Cultivation,Lúa,,Area_Planted,3.0,ha,Actual,PL5
26d6e89421209ed0,2012,4,Trà Vinh,Provincial,Cultivation,Lúa,,Area_Planted,9584.0,ha,Actual,PL5
d4e2c6d94f5f09c3,2012,4,Trà Vinh,Provincial,Cultivation,Lạc,,Area_Planted,3480.0,ha,Actual,PL5
2a6834f8bfaa2968,2012,4,Trà Vinh,Provincial,Cultivation,Mía,,Area_Planted,5111.0,ha,Actual,PL5
26d6e89421209ed0,2012,4,Trà Vinh,Provincial,Cultivation,Lúa,,Area_Planted,992.0,ha,Actual,PL5
26d6e89421209ed0,2012,4,Trà Vinh,Provincial,Cultivation,Lúa,,Area_Planted,12634.0,ha,Actual,PL5
26d6e89421209ed0,2012,4,Trà Vinh,Provincial,Cultivation,Lúa,,Area_Planted,456.0,ha,Actual,PL5
e2a8f9d6c3705c65,2012,4,Vĩnh Long,Provincial,Cultivation,Lúa,,Area_Planted,1442.0,ha,Actual,PL5
721eb3122eceb799,2012,4,Vĩnh Long,Provincial,Cultivation,Đậu,,Area_Planted,514.0,ha,Actual,PL5
ff6d47d9a09b53bd,2012,4,Vĩnh Long,Provincial,Cultivation,Lạc,,Area_Planted,19.0,ha,Actual,PL5
e2a8f9d6c3705c65,2012,4,Vĩnh Long,Provincial,Cultivation,Lúa,,Area_Planted,856.0,ha,Actual,PL5
f7257ef7d4ad96d9,2012,4,Vĩnh Long,Provincial,Cultivation,Mía,,Area_Planted,53.0,ha,Actual,PL5
e2a8f9d6c3705c65,2012,4,Vĩnh Long,Provincial,Cultivation,Lúa,,Area_Planted,12666.0,ha,Actual,PL5
e2a8f9d6c3705c65,2012,4,Vĩnh Long,Provincial,Cultivation,Lúa,,Area_Planted,318.0,ha,Actual,PL5
1296794e07f0f437,2012,4,Đồng Tháp,Provincial,Cultivation,Lúa,,Area_Planted,5917.0,ha,Actual,PL5
4b2128da1a1585dd,2012,4,Đồng Tháp,Provincial,Cultivation,Đậu,,Area_Planted,1525.0,ha,Actual,PL5
7d04646e06567512,2012,4,Đồng Tháp,Provincial,Cultivation,Lạc,,Area_Planted,98.0,ha,Actual,PL5
1296794e07f0f437,2012,4,Đồng Tháp,Provincial,Cultivation,Lúa,,Area_Planted,4019.0,ha,Actual,PL5
2c27d21de97a5296,2012,4,Đồng Tháp,Provincial,Cultivation,Mía,,Area_Planted,80.0,ha,Actual,PL5
1296794e07f0f437,2012,4,Đồng Tháp,Provincial,Cultivation,Lúa,,Area_Planted,195.0,ha,Actual,PL5
1296794e07f0f437,2012,4,Đồng Tháp,Provincial,Cultivation,Lúa,,Area_Planted,6814.0,ha,Actual,PL5
1296794e07f0f437,2012,4,Đồng Tháp,Provincial,Cultivation,Lúa,,Area_Planted,435.0,ha,Actual,PL5
50f807cc4dcdc0ce,2012,4,An Giang,Provincial,Cultivation,Lúa,,Area_Planted,712.0,ha,Actual,PL5
a2bda7a0d90044ac,2012,4,An Giang,Provincial,Cultivation,Đậu,,Area_Planted,149.0,ha,Actual,PL5
e47ef7a65ea24e9e,2012,4,An Giang,Provincial,Cultivation,Lạc,,Area_Planted,408.0,ha,Actual,PL5
50f807cc4dcdc0ce,2012,4,An Giang,Provincial,Cultivation,Lúa,,Area_Planted,126.0,ha,Actual,PL5
345693ec7605f5b6,2012,4,An Giang,Provincial,Cultivation,Thuốc lá,,Area_Planted,29.0,ha,Actual,PL5
50f807cc4dcdc0ce,2012,4,An Giang,Provincial,Cultivation,Lúa,,Area_Planted,17296.0,ha,Actual,PL5
50f807cc4dcdc0ce,2012,4,An Giang,Provincial,Cultivation,Lúa,,Area_Planted,1127.0,ha,Actual,PL5
e3c559e74651784e,2012,4,Kiên Giang,Provincial,Cultivation,Lúa,,Area_Planted,4063.0,ha,Actual,PL5
2149fc418f90a174,2012,4,Kiên Giang,Provincial,Cultivation,Mía,,Area_Planted,4063.0,ha,Actual,PL5
e3c559e74651784e,2012,4,Kiên Giang,Provincial,Cultivation,Lúa,,Area_Planted,1924.0,ha,Actual,PL5
2e0f5f151a1fa863,2012,4,Cần Thơ,Provincial,Cultivation,Lúa,,Area_Planted,4170.0,ha,Actual,PL5
e8411369937e7f7c,2012,4,Cần Thơ,Provincial,Cultivation,Đậu,,Area_Planted,30.0,ha,Actual,PL5
65764d65d3fe2692,2012,4,Cần Thơ,Provincial,Cultivation,Lạc,,Area_Planted,19.0,ha,Actual,PL5
2e0f5f151a1fa863,2012,4,Cần Thơ,Provincial,Cultivation,Lúa,,Area_Planted,4121.0,ha,Actual,PL5
2e0f5f151a1fa863,2012,4,Cần Thơ,Provincial,Cultivation,Lúa,,Area_Planted,2988.0,ha,Actual,PL5
2e0f5f151a1fa863,2012,4,Cần Thơ,Provincial,Cultivation,Lúa,,Area_Planted,400.0,ha,Actual,PL5
d12577754f38015f,2012,4,Hậu Giang,Provincial,Cultivation,Lúa,,Area_Planted,14179.0,ha,Actual,PL5
47e776b59ac9be06,2012,4,Hậu Giang,Provincial,Cultivation,Mía,,Area_Planted,14179.0,ha,Actual,PL5
d12577754f38015f,2012,4,Hậu Giang,Provincial,Cultivation,Lúa,,Area_Planted,10282.0,ha,Actual,PL5
d12577754f38015f,2012,4,Hậu Giang,Provincial,Cultivation,Lúa,,Area_Planted,450.0,ha,Actual,PL5
181bf5d459c95cc1,2012,4,Sóc Trăng,Provincial,Cultivation,Lúa,,Area_Planted,11053.0,ha,Actual,PL5
4b28527abfbd1dea,2012,4,Sóc Trăng,Provincial,Cultivation,Đậu,,Area_Planted,123.0,ha,Actual,PL5
bfee70078ae0e78d,2012,4,Sóc Trăng,Provincial,Cultivation,Lạc,,Area_Planted,64.0,ha,Actual,PL5
e6d925774cd63cd2,2012,4,Sóc Trăng,Provincial,Cultivation,Mía,,Area_Planted,10866.0,ha,Actual,PL5
181bf5d459c95cc1,2012,4,Sóc Trăng,Provincial,Cultivation,Lúa,,Area_Planted,21089.0,ha,Actual,PL5
181bf5d459c95cc1,2012,4,Sóc Trăng,Provincial,Cultivation,Lúa,,Area_Planted,1276.0,ha,Actual,PL5
848d6c4dd233a637,2012,4,Bạc Liêu,Provincial,Cultivation,Lúa,,Area_Planted,1396.0,ha,Actual,PL5
8f6428e738f78a35,2012,4,Cà Mau,Provincial,Cultivation,Lúa,,Area_Planted,2014.0,ha,Actual,PL5
f7e8f1b720e69a7f,2012,4,Cà Mau,Provincial,Cultivation,Mía,,Area_Planted,2014.0,ha,Actual,PL5
8f6428e738f78a35,2012,4,Cà Mau,Provincial,Cultivation,Lúa,,Area_Planted,1538.0,ha,Actual,PL5
8f6428e738f78a35,2012,4,Cà Mau,Provincial,Cultivation,Lúa,,Area_Planted,791.0,ha,Actual,PL5
2a841c2da69d0728,2012,4,Cả nước,National,Forestry,Rừng,,Area,1106.0,1000_ha,Estimated,PL6
5ba68bac5465e918,2012,4,Cả nước,National,Forestry,Rừng,,Area,162.0,1000_ha,Plan,PL6
2a841c2da69d0728,2012,4,Cả nước,National,Forestry,Rừng,,Area,656.0,1000_ha,Estimated,PL6
5ba68bac5465e918,2012,4,Cả nước,National,Forestry,Rừng,,Area,1496.0,1000_ha,Plan,PL6
2a841c2da69d0728,2012,4,Cả nước,National,Forestry,Rừng,,Area,1025.0,1000_ha,Estimated,PL6
5ba68bac5465e918,2012,4,Cả nước,National,Forestry,Rừng,,Area,775.0,1000_ha,Plan,PL6
2a841c2da69d0728,2012,4,Cả nước,National,Forestry,Rừng,,Area,1001.0,1000_ha,Estimated,PL6
5ba68bac5465e918,2012,4,Cả nước,National,Forestry,Rừng,,Area,6098.0,1000_ha,Plan,PL6
2a841c2da69d0728,2012,4,Cả nước,National,Forestry,Rừng,,Area,1009.0,1000_ha,Estimated,PL6
5ba68bac5465e918,2012,4,Cả nước,National,Forestry,Rừng,,Area,17550.0,1000_ha,Plan,PL6
2a841c2da69d0728,2012,4,Cả nước,National,Forestry,Rừng,,Area,1092.0,1000_ha,Estimated,PL6
5ba68bac5465e918,2012,4,Cả nước,National,Forestry,Rừng,,Area,13105.0,1000_ha,Plan,PL6
4c69d32728e34a42,2012,1,Cả nước,National,Trade,0,Xuất khẩu,Export_Volume,3.0,1000_ton,Actual,PL8
c8abe3d6400b2bf2,2012,1,Cả nước,National,Trade,0,Xuất khẩu,Export_Value,4.0,million_USD,Actual,PL8
b0c66c16aebcd741,2012,1,Cả nước,National,Trade,I,Xuất khẩu,Export_Volume,4020.0,1000_ton,Actual,PL8
6232964843d3ea55,2012,1,Cả nước,National,Trade,I,Xuất khẩu,Export_Value,15362.0,million_USD,Actual,PL8
c5c9b9984fb5b50c,2012,1,Cả nước,National,Trade,1,Xuất khẩu,Export_Volume,2080.0,1000_ton,Actual,PL8
22fbd2193b7a8eeb,2012,1,Cả nước,National,Trade,1,Xuất khẩu,Export_Value,8302.0,million_USD,Actual,PL8
4b1d511df68290b2,2012,1,Cả nước,National,Trade,1.1,Xuất khẩu,Export_Volume,1980.0,1000_ton,Actual,PL8
b2dd89277b4c3b04,2012,1,Cả nước,National,Trade,1.1,Xuất khẩu,Export_Value,7752.0,million_USD,Actual,PL8
3d4297a5a5fb6d26,2012,1,Cả nước,National,Trade,1.2,Xuất khẩu,Export_Volume,100.0,1000_ton,Actual,PL8
776e98f5ea9cef4c,2012,1,Cả nước,National,Trade,1.2,Xuất khẩu,Export_Value,550.0,million_USD,Actual,PL8
ab27cef591a69fcd,2012,1,Cả nước,National,Trade,2,Xuất khẩu,Export_Volume,1940.0,1000_ton,Actual,PL8
4e870957eb43ec2c,2012,1,Cả nước,National,Trade,2,Xuất khẩu,Export_Value,7060.0,million_USD,Actual,PL8
98352691fb72b331,2012,4,Cả nước,National,Investment,Tổng số,,Investment_Amount,4833300.0,million_VND,Plan,PL9
82c975ab3fc0b48a,2012,4,Cả nước,National,Investment,Tổng số,,Investment_Amount,627000.0,million_VND,Cumulative,PL9
9080a62b24f1f218,2012,4,Cả nước,National,Investment,Vốn thực hiện dự án,,Investment_Amount,4300300.0,million_VND,Plan,PL9
cb2995e2ed90e8d3,2012,4,Cả nước,National,Investment,Vốn thực hiện dự án,,Investment_Amount,586300.0,million_VND,Cumulative,PL9
f62ed124cd828b18,2012,4,Cả nước,National,Investment,Thủy lợi,,Investment_Amount,2466000.0,million_VND,Plan,PL9
8264ef8fb9883912,2012,4,Cả nước,National,Investment,Thủy lợi,,Investment_Amount,320000.0,million_VND,Cumulative,PL9
5b5facb3951c57f5,2012,4,Cả nước,National,Investment,Nông nghiệp,,Investment_Amount,930000.0,million_VND,Plan,PL9
95fecbb877a43630,2012,4,Cả nước,National,Investment,Nông nghiệp,,Investment_Amount,167000.0,million_VND,Cumulative,PL9
642e35c8dd94814b,2012,4,Cả nước,National,Investment,Lâm nghiệp,,Investment_Amount,334000.0,million_VND,Plan,PL9
aee8d1a1fcc67bdd,2012,4,Cả nước,National,Investment,Lâm nghiệp,,Investment_Amount,29300.0,million_VND,Cumulative,PL9
4293fdd8b5453968,2012,4,Cả nước,National,Investment,Thủy sản,,Investment_Amount,85000.0,million_VND,Plan,PL9
bf000a566a691516,2012,4,Cả nước,National,Investment,Thủy sản,,Investment_Amount,22000.0,million_VND,Cumulative,PL9
f8da524424ecc962,2012,4,Cả nước,National,Investment,Giáo dục - Đào tạo,,Investment_Amount,140000.0,million_VND,Plan,PL9
5e738425c0930737,2012,4,Cả nước,National,Investment,Giáo dục - Đào tạo,,Investment_Amount,31000.0,million_VND,Cumulative,PL9
3513a8c84b906655,2012,4,Cả nước,National,Investment,Khoa học - Công nghệ,,Investment_Amount,65800.0,million_VND,Plan,PL9
f8a8f6f767cf56d8,2012,4,Cả nước,National,Investment,Khoa học - Công nghệ,,Investment_Amount,2000.0,million_VND,Cumulative,PL9
ee7161d41b7f28d5,2012,4,Cả nước,National,Investment,Chương trình trọng điểm pháttriển và ứng dụng công nghệsinh học,,Investment_Amount,30000.0,million_VND,Plan,PL9
792972e5a2487c72,2012,4,Cả nước,National,Investment,Dự án tăng cường năng lựcquản lý chất lượng nông lâmthủy sản và muối,,Investment_Amount,15000.0,million_VND,Plan,PL9
db6ccce774e8193f,2012,4,Cả nước,National,Investment,Đầu tư khác,,Investment_Amount,224500.0,million_VND,Plan,PL9
fa2072889fa76ea9,2012,4,Cả nước,National,Investment,Đầu tư khác,,Investment_Amount,15000.0,million_VND,Cumulative,PL9
257ed35122cb3665,2012,4,Cả nước,National,Investment,Tài nguyên môi trường,,Investment_Amount,10000.0,million_VND,Plan,PL9
caa0b5fc4e3adf85,2012,4,Cả nước,National,Investment,Vốn đầu tư theo các mục tiêunhiệm vụ cụ thể,,Investment_Amount,416500.0,million_VND,Plan,PL9
285b2241661b5a20,2012,4,Cả nước,National,Investment,Vốn đầu tư theo các mục tiêunhiệm vụ cụ thể,,Investment_Amount,31700.0,million_VND,Cumulative,PL9
a2745482e06d467a,2012,4,Cả nước,National,Investment,Chương trình nuôi trồng thủysản,,Investment_Amount,180000.0,million_VND,Plan,PL9
4482d24f5749783e,2012,4,Cả nước,National,Investment,Chương trình nuôi trồng thủysản,,Investment_Amount,13200.0,million_VND,Cumulative,PL9
2c0c45201bff8f1b,2012,4,Cả nước,National,Investment,Chương trình giống,,Investment_Amount,110000.0,million_VND,Plan,PL9
40bb2b411b321c4c,2012,4,Cả nước,National,Investment,Chương trình giống,,Investment_Amount,8000.0,million_VND,Cumulative,PL9
45802639d5b71240,2012,4,Cả nước,National,Investment,"Chương trình neo đậu, tránh trúbão",,Investment_Amount,90000.0,million_VND,Plan,PL9
9f746abf442f2e88,2012,4,Cả nước,National,Investment,"Chương trình neo đậu, tránh trúbão",,Investment_Amount,10000.0,million_VND,Cumulative,PL9
537fc03c182a1dd5,2012,4,Cả nước,National,Investment,"Chương trình phát triển, bảo vệrừng",,Investment_Amount,35000.0,million_VND,Plan,PL9
6417d7f37e2b88a7,2012,4,Cả nước,National,Investment,"Chương trình phát triển, bảo vệrừng",,Investment_Amount,500.0,million_VND,Cumulative,PL9
5b0669a3da6de2d1,2012,4,Cả nước,National,Investment,"Chương trình Biển Đông, Hảiđảo",,Investment_Amount,1500.0,million_VND,Plan,PL9
6613c7ac738219c9,2012,4,Cả nước,National,Investment,Vốn chuẩn bị đầu tư,,Investment_Amount,38000.0,million_VND,Plan,PL9
5c8c90199295fd04,2012,4,Cả nước,National,Investment,Vốn chuẩn bị đầu tư,,Investment_Amount,9000.0,million_VND,Cumulative,PL9
b95715fe555e5ebe,2012,4,Cả nước,National,Investment,Bổ sung dự trữ Quốc gia,,Investment_Amount,78500.0,million_VND,Plan,PL9
dbdefdd7530be16b,2011,5,1. Gieo cấy lúa hè thu miền Nam,Provincial,Cultivation,Unknown,,Area_Planted,12517.0,1000_ha,Actual,PL1
99f245b724053dfb,2012,5,1. Gieo cấy lúa hè thu miền Nam,Provincial,Cultivation,Unknown,,Area_Planted,13667.0,1000_ha,Actual,PL1
6b1abcfd9dd3b446,2011,5,2. Thu hoạch lúa đông xuân ở miền Nam,Provincial,Cultivation,Lúa,Đông Xuân,Area_Harvested,19267.0,1000_ha,Actual,PL1
b6ad1cd1cf98cd76,2012,5,2. Thu hoạch lúa đông xuân ở miền Nam,Provincial,Cultivation,Lúa,Đông Xuân,Area_Harvested,19404.0,1000_ha,Actual,PL1
b3da575fe8a172ee,2011,5,+ Vùng Tây Nguyên,Provincial,Cultivation,Unknown,,Area_Planted,636.0,1000_ha,Actual,PL1
ab65a138b1c49d18,2012,5,+ Vùng Tây Nguyên,Provincial,Cultivation,Unknown,,Area_Planted,596.0,1000_ha,Actual,PL1
3b5c1935169f64c9,2011,5,+ Vùng Đông Nam bộ,Provincial,Cultivation,Unknown,,Area_Planted,773.0,1000_ha,Actual,PL1
e8819efb4041101e,2012,5,+ Vùng Đông Nam bộ,Provincial,Cultivation,Unknown,,Area_Planted,779.0,1000_ha,Actual,PL1
6d4af7aec9be3fde,2011,5,+ Vùng Đồng bằng sông Cửu Long,Regional,Cultivation,Unknown,,Area_Planted,15675.0,1000_ha,Actual,PL1
c66565c5e86cd309,2012,5,+ Vùng Đồng bằng sông Cửu Long,Regional,Cultivation,Unknown,,Area_Planted,15785.0,1000_ha,Actual,PL1
bcc2931999e14a07,2011,5,3.1 Gieo trồng màu lương thực,Provincial,Cultivation,Màu lương thực,,Area_Planted,10666.0,1000_ha,Actual,PL1
678f31eb1c639b79,2012,5,3.1 Gieo trồng màu lương thực,Provincial,Cultivation,Màu lương thực,,Area_Planted,9906.0,1000_ha,Actual,PL1
ad0848b132e44101,2011,5,- Khoai lang,Provincial,Cultivation,Khoai lang,,Area_Planted,983.0,1000_ha,Actual,PL1
2f47f514a9ec1acb,2012,5,- Khoai lang,Provincial,Cultivation,Khoai lang,,Area_Planted,972.0,1000_ha,Actual,PL1
e124ef4d0d8b7d95,2011,5,- Sắn,Provincial,Cultivation,Sắn,,Area_Planted,2730.0,1000_ha,Actual,PL1
3996ec3bb68e8d12,2012,5,- Sắn,Provincial,Cultivation,Sắn,,Area_Planted,2680.0,1000_ha,Actual,PL1
b0bd375f9e6dd384,2011,5,3.2. Gieo trồng cây công nghiệp ngắn ngày,Provincial,Cultivation,Cây công nghiệp ngắn ngày,,Area_Planted,4975.0,1000_ha,Actual,PL1
a85298d7ba7eee8c,2012,5,3.2. Gieo trồng cây công nghiệp ngắn ngày,Provincial,Cultivation,Cây công nghiệp ngắn ngày,,Area_Planted,4166.0,1000_ha,Actual,PL1
0718b224e3cf832c,2011,5,- Đậu tương,Provincial,Cultivation,Đậu tương,,Area_Planted,1169.0,1000_ha,Actual,PL1
dbc6e1e012b19a75,2012,5,- Đậu tương,Provincial,Cultivation,Đậu tương,,Area_Planted,716.0,1000_ha,Actual,PL1
e06283c348f17103,2011,5,"- Thuốc lá, thuốc lào",Provincial,Cultivation,Unknown,,Area_Planted,191.0,1000_ha,Actual,PL1
ec54e16fa8028d92,2012,5,"- Thuốc lá, thuốc lào",Provincial,Cultivation,Unknown,,Area_Planted,200.0,1000_ha,Actual,PL1
3b6adbac8cc5957d,2011,5,- Mía,Provincial,Cultivation,Unknown,,Area_Planted,1528.0,1000_ha,Actual,PL1
b4e60aa51ee4d89e,2012,5,- Mía,Provincial,Cultivation,Unknown,,Area_Planted,1273.0,1000_ha,Actual,PL1
f01cede0290399f0,2011,5,"4. Gieo trồng rau, đậu các loại",Provincial,Cultivation,Rau đậu,,Area_Planted,5019.0,1000_ha,Actual,PL1
dbda48014567b9d1,2012,5,"4. Gieo trồng rau, đậu các loại",Provincial,Cultivation,Rau đậu,,Area_Planted,5052.0,1000_ha,Actual,PL1
e6637d35b3771273,2012,11,ĐỨC,International,Trade,Cà phê,Xuất khẩu,Export_Volume,98751.0,ton,Actual,PL11b
14ec1c26ec0525f9,2012,11,ĐỨC,International,Trade,Cà phê,Xuất khẩu,Export_Value,202456.0,1000_USD,Actual,PL11b
03bf90b2f3b6db21,2012,11,HOA KỲ,International,Trade,Cà phê,Xuất khẩu,Export_Volume,79507.0,ton,Actual,PL11b
19fff288f2d58c10,2012,11,HOA KỲ,International,Trade,Cà phê,Xuất khẩu,Export_Value,186157.0,1000_USD,Actual,PL11b
c1c8d87c386c67a7,2012,11,ITALIA,International,Trade,Cà phê,Xuất khẩu,Export_Volume,46573.0,ton,Actual,PL11b
63057778f83cd3c0,2012,11,ITALIA,International,Trade,Cà phê,Xuất khẩu,Export_Value,95913.0,1000_USD,Actual,PL11b
8cdaf896bf021ff0,2012,11,TÂY BAN NHA,International,Trade,Cà phê,Xuất khẩu,Export_Volume,37808.0,ton,Actual,PL11b
3e2ef7e44694e3f3,2012,11,TÂY BAN NHA,International,Trade,Cà phê,Xuất khẩu,Export_Value,76991.0,1000_USD,Actual,PL11b
df111b6fbb735903,2012,11,IN ĐÔ NÊ XI A,International,Trade,Cà phê,Xuất khẩu,Export_Volume,33563.0,ton,Actual,PL11b
cd0786bb2d7dc910,2012,11,IN ĐÔ NÊ XI A,International,Trade,Cà phê,Xuất khẩu,Export_Value,67217.0,1000_USD,Actual,PL11b
0dfb36465168500c,2012,11,NHẬT BẢN,International,Trade,Cà phê,Xuất khẩu,Export_Volume,29691.0,ton,Actual,PL11b
94ab2fdddbc50f87,2012,11,NHẬT BẢN,International,Trade,Cà phê,Xuất khẩu,Export_Value,65803.0,1000_USD,Actual,PL11b
c26ac7e5b4422972,2012,11,BỈ,International,Trade,Cà phê,Xuất khẩu,Export_Volume,26556.0,ton,Actual,PL11b
7443da42ad0a31c8,2012,11,BỈ,International,Trade,Cà phê,Xuất khẩu,Export_Value,54069.0,1000_USD,Actual,PL11b
6a375a70ec4b92c3,2012,11,TRUNG QUỐC,International,Trade,Cà phê,Xuất khẩu,Export_Volume,13938.0,ton,Actual,PL11b
ef20236d56c3bc66,2012,11,TRUNG QUỐC,International,Trade,Cà phê,Xuất khẩu,Export_Value,36586.0,1000_USD,Actual,PL11b
494446785226beb4,2012,11,AN GIÊ RI,International,Trade,Cà phê,Xuất khẩu,Export_Volume,18048.0,ton,Actual,PL11b
b99b93912c07acc5,2012,11,AN GIÊ RI,International,Trade,Cà phê,Xuất khẩu,Export_Value,36171.0,1000_USD,Actual,PL11b
9c5cbf703006f435,2012,11,MÊ HI CÔ,International,Trade,Cà phê,Xuất khẩu,Export_Volume,17458.0,ton,Actual,PL11b
5d2fec3369f3338a,2012,11,MÊ HI CÔ,International,Trade,Cà phê,Xuất khẩu,Export_Value,34605.0,1000_USD,Actual,PL11b
2bd120446c9ecca8,2012,11,TRUNG QUỐC,International,Trade,Cao su,Xuất khẩu,Export_Volume,147196.0,ton,Actual,PL11b
52861643b760d041,2012,11,TRUNG QUỐC,International,Trade,Cao su,Xuất khẩu,Export_Value,402377.0,1000_USD,Actual,PL11b
524041a78697ad08,2012,11,MALAIXIA,International,Trade,Cao su,Xuất khẩu,Export_Volume,36485.0,ton,Actual,PL11b
f650b4d2a227ba24,2012,11,MALAIXIA,International,Trade,Cao su,Xuất khẩu,Export_Value,121601.0,1000_USD,Actual,PL11b
54d5a7099a3be355,2012,11,ĐÀI LOAN,International,Trade,Cao su,Xuất khẩu,Export_Volume,12415.0,ton,Actual,PL11b
689d88c76b25b03c,2012,11,ĐÀI LOAN,International,Trade,Cao su,Xuất khẩu,Export_Value,43149.0,1000_USD,Actual,PL11b
6df1f15709d4c465,2012,11,ẤN ĐỘ,International,Trade,Cao su,Xuất khẩu,Export_Volume,11159.0,ton,Actual,PL11b
9db4b73ffd40b6c4,2012,11,ẤN ĐỘ,International,Trade,Cao su,Xuất khẩu,Export_Value,38754.0,1000_USD,Actual,PL11b
20d12483f0e5a74c,2012,11,HÀN QUỐC,International,Trade,Cao su,Xuất khẩu,Export_Volume,10903.0,ton,Actual,PL11b
6783a657e4522b52,2012,11,HÀN QUỐC,International,Trade,Cao su,Xuất khẩu,Export_Value,34110.0,1000_USD,Actual,PL11b
29566883ce6b7940,2012,11,ĐỨC,International,Trade,Cao su,Xuất khẩu,Export_Volume,7086.0,ton,Actual,PL11b
1288977887e4c4b4,2012,11,ĐỨC,International,Trade,Cao su,Xuất khẩu,Export_Value,24448.0,1000_USD,Actual,PL11b
b35cc3137a2134a2,2012,11,HOA KỲ,International,Trade,Cao su,Xuất khẩu,Export_Volume,5901.0,ton,Actual,PL11b
940627bd8cc8dfe9,2012,11,HOA KỲ,International,Trade,Cao su,Xuất khẩu,Export_Value,18554.0,1000_USD,Actual,PL11b
08b74c3c998f0184,2012,11,THỔ NHĨ KỲ,International,Trade,Cao su,Xuất khẩu,Export_Volume,5099.0,ton,Actual,PL11b
a45ad61c96a2ea50,2012,11,THỔ NHĨ KỲ,International,Trade,Cao su,Xuất khẩu,Export_Value,17237.0,1000_USD,Actual,PL11b
cabb0038233b6d47,2012,11,NHẬT BẢN,International,Trade,Cao su,Xuất khẩu,Export_Volume,2912.0,ton,Actual,PL11b
bbc1b650856fd518,2012,11,NHẬT BẢN,International,Trade,Cao su,Xuất khẩu,Export_Value,10466.0,1000_USD,Actual,PL11b
bce434546407dfea,2012,11,TÂY BAN NHA,International,Trade,Cao su,Xuất khẩu,Export_Volume,2590.0,ton,Actual,PL11b
8d53815ba16bad9e,2012,11,TÂY BAN NHA,International,Trade,Cao su,Xuất khẩu,Export_Value,9105.0,1000_USD,Actual,PL11b
f4afce1c3e1f9dc6,2012,11,PAKIXTAN,International,Trade,Chè,Xuất khẩu,Export_Volume,5217.0,ton,Actual,PL11b
825f7d8f5a674921,2012,11,PAKIXTAN,International,Trade,Chè,Xuất khẩu,Export_Value,9123.0,1000_USD,Actual,PL11b
d62a75265f84d8fd,2012,11,ĐÀI LOAN,International,Trade,Chè,Xuất khẩu,Export_Volume,5500.0,ton,Actual,PL11b
6d1450fea80ec93a,2012,11,ĐÀI LOAN,International,Trade,Chè,Xuất khẩu,Export_Value,7279.0,1000_USD,Actual,PL11b
24775d3b4a4c04af,2012,11,NGA,International,Trade,Chè,Xuất khẩu,Export_Volume,4505.0,ton,Actual,PL11b
8c914585f14a2927,2012,11,NGA,International,Trade,Chè,Xuất khẩu,Export_Value,6565.0,1000_USD,Actual,PL11b
5fb6f51d868d2de8,2012,11,TRUNG QUỐC,International,Trade,Chè,Xuất khẩu,Export_Volume,4272.0,ton,Actual,PL11b
d4be9078885b2b4e,2012,11,TRUNG QUỐC,International,Trade,Chè,Xuất khẩu,Export_Value,5413.0,1000_USD,Actual,PL11b
e2f87b6a0c1eee7f,2012,11,IN ĐÔ NÊ XI A,International,Trade,Chè,Xuất khẩu,Export_Volume,5728.0,ton,Actual,PL11b
bc67c4740dbcfdd1,2012,11,IN ĐÔ NÊ XI A,International,Trade,Chè,Xuất khẩu,Export_Value,4862.0,1000_USD,Actual,PL11b
495f70d5fa7d5604,2012,11,HOA KỲ,International,Trade,Chè,Xuất khẩu,Export_Volume,1713.0,ton,Actual,PL11b
ca3dfa2f5d64c99e,2012,11,HOA KỲ,International,Trade,Chè,Xuất khẩu,Export_Value,1973.0,1000_USD,Actual,PL11b
e2a402147949f01e,2012,11,ARẬP XÊÚT,International,Trade,Chè,Xuất khẩu,Export_Volume,686.0,ton,Actual,PL11b
c7df66847332a087,2012,11,ARẬP XÊÚT,International,Trade,Chè,Xuất khẩu,Export_Value,1613.0,1000_USD,Actual,PL11b
67e501e212b5d863,2012,11,BA LAN,International,Trade,Chè,Xuất khẩu,Export_Volume,1140.0,ton,Actual,PL11b
31f14682a29c895a,2012,11,BA LAN,International,Trade,Chè,Xuất khẩu,Export_Value,1199.0,1000_USD,Actual,PL11b
fae63f33765af8c9,2012,11,TIỂU VƯƠNGQUỐC ARẬPTHỐNG NHẤT,International,Trade,Chè,Xuất khẩu,Export_Volume,595.0,ton,Actual,PL11b
ad63c57cd942037b,2012,11,TIỂU VƯƠNGQUỐC ARẬPTHỐNG NHẤT,International,Trade,Chè,Xuất khẩu,Export_Value,1183.0,1000_USD,Actual,PL11b
a07efb73fd3ee13e,2012,11,ĐỨC,International,Trade,Chè,Xuất khẩu,Export_Volume,656.0,ton,Actual,PL11b
c5f5e889eb46e4c3,2012,11,ĐỨC,International,Trade,Chè,Xuất khẩu,Export_Value,1050.0,1000_USD,Actual,PL11b
b7d1b28c7a96d282,2012,11,TRUNG QUỐC,International,Trade,Gạo,Xuất khẩu,Export_Volume,679747.0,ton,Actual,PL11b
580d3acff363dfd8,2012,11,TRUNG QUỐC,International,Trade,Gạo,Xuất khẩu,Export_Value,293836.0,1000_USD,Actual,PL11b
97b6f7b2d59a984e,2012,11,MALAIXIA,International,Trade,Gạo,Xuất khẩu,Export_Volume,257909.0,ton,Actual,PL11b
cadbe68afe39cab0,2012,11,MALAIXIA,International,Trade,Gạo,Xuất khẩu,Export_Value,138931.0,1000_USD,Actual,PL11b
bc977f46664c3836,2012,11,IN ĐÔ NÊ XI A,International,Trade,Gạo,Xuất khẩu,Export_Volume,255447.0,ton,Actual,PL11b
c76a78f10918d7e2,2012,11,IN ĐÔ NÊ XI A,International,Trade,Gạo,Xuất khẩu,Export_Value,138362.0,1000_USD,Actual,PL11b
25cd1b9e61977cad,2012,11,BỜ BIỂN NGÀ,International,Trade,Gạo,Xuất khẩu,Export_Volume,116325.0,ton,Actual,PL11b
fa43a3f444174338,2012,11,BỜ BIỂN NGÀ,International,Trade,Gạo,Xuất khẩu,Export_Value,50549.0,1000_USD,Actual,PL11b
c3fb272d68e10593,2012,11,PHI LIP PIN,International,Trade,Gạo,Xuất khẩu,Export_Volume,98765.0,ton,Actual,PL11b
2ae548dc7d19e239,2012,11,PHI LIP PIN,International,Trade,Gạo,Xuất khẩu,Export_Value,42078.0,1000_USD,Actual,PL11b
67fb99e1ecc725b1,2012,11,XINH GA PO,International,Trade,Gạo,Xuất khẩu,Export_Volume,80887.0,ton,Actual,PL11b
f97436b37cb9fa4b,2012,11,XINH GA PO,International,Trade,Gạo,Xuất khẩu,Export_Value,39563.0,1000_USD,Actual,PL11b
cfc71a39fe147091,2012,11,GANA,International,Trade,Gạo,Xuất khẩu,Export_Volume,80937.0,ton,Actual,PL11b
95e9bbf8859a2262,2012,11,GANA,International,Trade,Gạo,Xuất khẩu,Export_Value,38795.0,1000_USD,Actual,PL11b
5a42649d63b47043,2012,11,CUBA,International,Trade,Gạo,Xuất khẩu,Export_Volume,79250.0,ton,Actual,PL11b
37a2a8062559865c,2012,11,CUBA,International,Trade,Gạo,Xuất khẩu,Export_Value,36456.0,1000_USD,Actual,PL11b
3b6d8980a6164045,2012,11,XÊ NÊ GAN,International,Trade,Gạo,Xuất khẩu,Export_Volume,95621.0,ton,Actual,PL11b
5ebe5b2bf35b7db2,2012,11,XÊ NÊ GAN,International,Trade,Gạo,Xuất khẩu,Export_Value,33738.0,1000_USD,Actual,PL11b
92e14ee24665b70d,2012,11,HỒNG CÔNG,International,Trade,Gạo,Xuất khẩu,Export_Volume,57218.0,ton,Actual,PL11b
3d5dac545ea07e9d,2012,11,HỒNG CÔNG,International,Trade,Gạo,Xuất khẩu,Export_Value,33009.0,1000_USD,Actual,PL11b
252a88965376d572,2012,11,PAKIXTAN,International,Trade,Bông các loại,Xuất khẩu,Export_Volume,37585.0,ton,Actual,PL11c
cebbc3fb0f1a6480,2012,11,PAKIXTAN,International,Trade,Bông các loại,Xuất khẩu,Export_Value,77637.0,1000_USD,Actual,PL11c
c9577213a72b6b69,2012,11,HOA KỲ,International,Trade,Bông các loại,Xuất khẩu,Export_Volume,27518.0,ton,Actual,PL11c
cd36c6f86a1b3798,2012,11,HOA KỲ,International,Trade,Bông các loại,Xuất khẩu,Export_Value,70114.0,1000_USD,Actual,PL11c
07aad20bab02de3f,2012,11,ẤN ĐỘ,International,Trade,Bông các loại,Xuất khẩu,Export_Volume,24232.0,ton,Actual,PL11c
83f2e70b05a88acd,2012,11,ẤN ĐỘ,International,Trade,Bông các loại,Xuất khẩu,Export_Value,50347.0,1000_USD,Actual,PL11c
99954ada64ca563c,2012,11,BRAXIN,International,Trade,Bông các loại,Xuất khẩu,Export_Volume,10635.0,ton,Actual,PL11c
0c76a7b581b80ab4,2012,11,BRAXIN,International,Trade,Bông các loại,Xuất khẩu,Export_Value,34189.0,1000_USD,Actual,PL11c
d3b68a80a238d992,2012,11,Ô X TRÂY LIA,International,Trade,Bông các loại,Xuất khẩu,Export_Volume,1650.0,ton,Actual,PL11c
468b03312e4a70b0,2012,11,Ô X TRÂY LIA,International,Trade,Bông các loại,Xuất khẩu,Export_Value,5727.0,1000_USD,Actual,PL11c
394887a0cd3f7be6,2012,11,BỜ BIỂN NGÀ,International,Trade,Bông các loại,Xuất khẩu,Export_Volume,1921.0,ton,Actual,PL11c
b4cfe816bb02e94f,2012,11,BỜ BIỂN NGÀ,International,Trade,Bông các loại,Xuất khẩu,Export_Value,4299.0,1000_USD,Actual,PL11c
7078301192848309,2012,11,ĐÀI LOAN,International,Trade,Bông các loại,Xuất khẩu,Export_Volume,1098.0,ton,Actual,PL11c
0f3b3efd9b23e023,2012,11,ĐÀI LOAN,International,Trade,Bông các loại,Xuất khẩu,Export_Value,2319.0,1000_USD,Actual,PL11c
e7d952983ed242dc,2012,11,TRUNG QUỐC,International,Trade,Bông các loại,Xuất khẩu,Export_Volume,253.0,ton,Actual,PL11c
dccdc49264f1d5e1,2012,11,TRUNG QUỐC,International,Trade,Bông các loại,Xuất khẩu,Export_Value,1165.0,1000_USD,Actual,PL11c
d600c3c3dc29e3c7,2012,11,HÀN QUỐC,International,Trade,Bông các loại,Xuất khẩu,Export_Volume,256.0,ton,Actual,PL11c
6a9f01219aa9c66f,2012,11,HÀN QUỐC,International,Trade,Bông các loại,Xuất khẩu,Export_Value,484.0,1000_USD,Actual,PL11c
da5d566b486b90ae,2012,11,ITALIA,International,Trade,Bông các loại,Xuất khẩu,Export_Volume,228.0,ton,Actual,PL11c
9e936daa879eae8f,2012,11,ITALIA,International,Trade,Bông các loại,Xuất khẩu,Export_Value,260.0,1000_USD,Actual,PL11c
20d12483f0e5a74c,2012,11,HÀN QUỐC,International,Trade,Cao su,Xuất khẩu,Export_Volume,20608.0,ton,Actual,PL11c
6783a657e4522b52,2012,11,HÀN QUỐC,International,Trade,Cao su,Xuất khẩu,Export_Value,70459.0,1000_USD,Actual,PL11c
c064e0b086930ab7,2012,11,CAMPUCHIA,International,Trade,Cao su,Xuất khẩu,Export_Volume,14883.0,ton,Actual,PL11c
a9831691493d1110,2012,11,CAMPUCHIA,International,Trade,Cao su,Xuất khẩu,Export_Value,50874.0,1000_USD,Actual,PL11c
cabb0038233b6d47,2012,11,NHẬT BẢN,International,Trade,Cao su,Xuất khẩu,Export_Volume,8945.0,ton,Actual,PL11c
bbc1b650856fd518,2012,11,NHẬT BẢN,International,Trade,Cao su,Xuất khẩu,Export_Value,29662.0,1000_USD,Actual,PL11c
60cd412acfcd004f,2012,11,THÁI LAN,International,Trade,Cao su,Xuất khẩu,Export_Volume,9940.0,ton,Actual,PL11c
1bd8b263ebcaac2c,2012,11,THÁI LAN,International,Trade,Cao su,Xuất khẩu,Export_Value,29033.0,1000_USD,Actual,PL11c
54d5a7099a3be355,2012,11,ĐÀI LOAN,International,Trade,Cao su,Xuất khẩu,Export_Volume,9316.0,ton,Actual,PL11c
689d88c76b25b03c,2012,11,ĐÀI LOAN,International,Trade,Cao su,Xuất khẩu,Export_Value,27241.0,1000_USD,Actual,PL11c
2bd120446c9ecca8,2012,11,TRUNG QUỐC,International,Trade,Cao su,Xuất khẩu,Export_Volume,5344.0,ton,Actual,PL11c
52861643b760d041,2012,11,TRUNG QUỐC,International,Trade,Cao su,Xuất khẩu,Export_Value,15123.0,1000_USD,Actual,PL11c
b1afac028e3d82ca,2012,11,MI AN MA,International,Trade,Cao su,Xuất khẩu,Export_Volume,3610.0,ton,Actual,PL11c
b905d8d094be2bef,2012,11,MI AN MA,International,Trade,Cao su,Xuất khẩu,Export_Value,12021.0,1000_USD,Actual,PL11c
f1e03928ebfd6550,2012,11,NGA,International,Trade,Cao su,Xuất khẩu,Export_Volume,2299.0,ton,Actual,PL11c
9d6cec2ea7a77aef,2012,11,NGA,International,Trade,Cao su,Xuất khẩu,Export_Value,8284.0,1000_USD,Actual,PL11c
b35cc3137a2134a2,2012,11,HOA KỲ,International,Trade,Cao su,Xuất khẩu,Export_Volume,11348.0,ton,Actual,PL11c
940627bd8cc8dfe9,2012,11,HOA KỲ,International,Trade,Cao su,Xuất khẩu,Export_Value,7740.0,1000_USD,Actual,PL11c
6ddc887d8de3519b,2012,11,PHÁP,International,Trade,Cao su,Xuất khẩu,Export_Volume,1897.0,ton,Actual,PL11c
c5cba7efed5b6bc8,2012,11,PHÁP,International,Trade,Cao su,Xuất khẩu,Export_Value,4297.0,1000_USD,Actual,PL11c
9c7a265d389929a3,2012,11,MALAIXIA,International,Trade,Dầu mỡ động thựcvật,Xuất khẩu,Export_Value,114161.0,1000_USD,Actual,PL11c
42b9573a6320488b,2012,11,HY LẠP,International,Trade,Dầu mỡ động thựcvật,Xuất khẩu,Export_Value,89803.0,1000_USD,Actual,PL11c
04f8d0b1ffc6434d,2012,11,THÁI LAN,International,Trade,Dầu mỡ động thựcvật,Xuất khẩu,Export_Value,6114.0,1000_USD,Actual,PL11c
483aee53d19de05c,2012,11,TRUNG QUỐC,International,Trade,Dầu mỡ động thựcvật,Xuất khẩu,Export_Value,2347.0,1000_USD,Actual,PL11c
7ad7f5b07383a570,2012,11,CHI LÊ,International,Trade,Dầu mỡ động thựcvật,Xuất khẩu,Export_Value,2060.0,1000_USD,Actual,PL11c
aa5ab8a0fda64545,2012,11,HOA KỲ,International,Trade,Dầu mỡ động thựcvật,Xuất khẩu,Export_Value,1820.0,1000_USD,Actual,PL11c
652667caa460c535,2012,11,HÀN QUỐC,International,Trade,Dầu mỡ động thựcvật,Xuất khẩu,Export_Value,1678.0,1000_USD,Actual,PL11c
d6d84afa2ddde422,2012,11,ẤN ĐỘ,International,Trade,Dầu mỡ động thựcvật,Xuất khẩu,Export_Value,1430.0,1000_USD,Actual,PL11c
e9a88839f45d9590,2012,11,Ô X TRÂY LIA,International,Trade,Dầu mỡ động thựcvật,Xuất khẩu,Export_Value,636.0,1000_USD,Actual,PL11c
998bf5fd8114a400,2012,11,XINH GA PO,International,Trade,Dầu mỡ động thựcvật,Xuất khẩu,Export_Value,532.0,1000_USD,Actual,PL11c
79466d56a4279702,2012,11,Ô X TRÂY LIA,International,Trade,Lúa mì,Xuất khẩu,Export_Volume,1108480.0,ton,Actual,PL11c
17a30b94db29c8b6,2012,11,Ô X TRÂY LIA,International,Trade,Lúa mì,Xuất khẩu,Export_Value,327965.0,1000_USD,Actual,PL11c
3461e058ab75f509,2012,11,HOA KỲ,International,Trade,Lúa mì,Xuất khẩu,Export_Volume,45687.0,ton,Actual,PL11c
d3188f853f05ab6e,2012,11,HOA KỲ,International,Trade,Lúa mì,Xuất khẩu,Export_Value,17023.0,1000_USD,Actual,PL11c
0d45a77fc1abc2de,2012,11,UCRAINA,International,Trade,Lúa mì,Xuất khẩu,Export_Volume,3771.0,ton,Actual,PL11c
4c4c78622726e058,2012,11,UCRAINA,International,Trade,Lúa mì,Xuất khẩu,Export_Value,1009.0,1000_USD,Actual,PL11c
4c436ec5c892474b,2012,11,THỔ NHĨ KỲ,International,Trade,Lúa mì,Xuất khẩu,Export_Volume,562.0,ton,Actual,PL11c
9bc2ed2d3c6fdf51,2012,11,THỔ NHĨ KỲ,International,Trade,Lúa mì,Xuất khẩu,Export_Value,200.0,1000_USD,Actual,PL11c
405e6991116d623c,2012,11,NGA,International,Trade,Lúa mì,Xuất khẩu,Export_Volume,475.0,ton,Actual,PL11c
c891704451e998db,2012,11,NGA,International,Trade,Lúa mì,Xuất khẩu,Export_Value,150.0,1000_USD,Actual,PL11c
8d67e9cb84cccb87,2012,11,LÀO,International,Trade,Gỗ & sản phẩm gỗ,Xuất khẩu,Export_Value,155780.0,1000_USD,Actual,PL11c
bd35ff78e8b48c7a,2012,11,HOA KỲ,International,Trade,Gỗ & sản phẩm gỗ,Xuất khẩu,Export_Value,59075.0,1000_USD,Actual,PL11c
e42ee8051dca75ff,2012,11,TRUNG QUỐC,International,Trade,Gỗ & sản phẩm gỗ,Xuất khẩu,Export_Value,58149.0,1000_USD,Actual,PL11c
4fedc7d01f35a6d1,2012,11,THÁI LAN,International,Trade,Gỗ & sản phẩm gỗ,Xuất khẩu,Export_Value,28233.0,1000_USD,Actual,PL11c
89b73331ee90a088,2012,5,Miền Bắc,Provincial,Cultivation,Lúa,,Area_Planted,1153816.0,ha,Actual,PL2
89b73331ee90a088,2012,5,Miền Bắc,Provincial,Cultivation,Lúa,,Area_Planted,231590.0,ha,Actual,PL2
89b73331ee90a088,2012,5,Miền Bắc,Provincial,Cultivation,Lúa,,Area_Planted,691542.0,ha,Actual,PL2
037c0f37a0b828c7,2012,5,Miền Bắc,Provincial,Cultivation,Ngô,,Area_Planted,465141.0,ha,Actual,PL2
4a2c75d5d030dcee,2012,5,Miền Bắc,Provincial,Cultivation,Khoai lang,,Area_Planted,70461.0,ha,Actual,PL2
c11a8037a4f10044,2012,5,Miền Bắc,Provincial,Cultivation,Sắn,,Area_Planted,141857.0,ha,Actual,PL2
89b73331ee90a088,2012,5,Miền Bắc,Provincial,Cultivation,Lúa,,Area_Planted,14083.0,ha,Actual,PL2
86b1d67f48a68d0e,2012,5,ĐB sông Hồng,Provincial,Cultivation,Lúa,,Area_Planted,563091.0,ha,Actual,PL2
86b1d67f48a68d0e,2012,5,ĐB sông Hồng,Provincial,Cultivation,Lúa,,Area_Planted,231590.0,ha,Actual,PL2
86b1d67f48a68d0e,2012,5,ĐB sông Hồng,Provincial,Cultivation,Lúa,,Area_Planted,101068.0,ha,Actual,PL2
b531fb316813f6dc,2012,5,ĐB sông Hồng,Provincial,Cultivation,Ngô,,Area_Planted,71962.0,ha,Actual,PL2
e20453f0dc6d4699,2012,5,ĐB sông Hồng,Provincial,Cultivation,Khoai lang,,Area_Planted,19598.0,ha,Actual,PL2
c09b208fa6ae72a2,2012,5,ĐB sông Hồng,Provincial,Cultivation,Sắn,,Area_Planted,5188.0,ha,Actual,PL2
86b1d67f48a68d0e,2012,5,ĐB sông Hồng,Provincial,Cultivation,Lúa,,Area_Planted,4320.0,ha,Actual,PL2
77f0b0cd4257e897,2012,5,Hà Nội,Provincial,Cultivation,Lúa,,Area_Planted,100315.0,ha,Actual,PL2
77f0b0cd4257e897,2012,5,Hà Nội,Provincial,Cultivation,Lúa,,Area_Planted,81663.0,ha,Actual,PL2
77f0b0cd4257e897,2012,5,Hà Nội,Provincial,Cultivation,Lúa,,Area_Planted,24555.0,ha,Actual,PL2
d2eb31f255f960f1,2012,5,Hà Nội,Provincial,Cultivation,Ngô,,Area_Planted,18582.0,ha,Actual,PL2
6cf10bbebe1bb2d3,2012,5,Hà Nội,Provincial,Cultivation,Khoai lang,,Area_Planted,3573.0,ha,Actual,PL2
af188bb6e89bbed6,2012,5,Hà Nội,Provincial,Cultivation,Sắn,,Area_Planted,818.0,ha,Actual,PL2
77f0b0cd4257e897,2012,5,Hà Nội,Provincial,Cultivation,Lúa,,Area_Planted,1582.0,ha,Actual,PL2
0e8fe94854ae9573,2012,5,Hải Phòng,Provincial,Cultivation,Lúa,,Area_Planted,38510.0,ha,Actual,PL2
0e8fe94854ae9573,2012,5,Hải Phòng,Provincial,Cultivation,Lúa,,Area_Planted,23385.0,ha,Actual,PL2
0e8fe94854ae9573,2012,5,Hải Phòng,Provincial,Cultivation,Lúa,,Area_Planted,3400.0,ha,Actual,PL2
4726b2d43d70f2b6,2012,5,Hải Phòng,Provincial,Cultivation,Ngô,,Area_Planted,2000.0,ha,Actual,PL2
affe37a0bc0386be,2012,5,Hải Phòng,Provincial,Cultivation,Khoai lang,,Area_Planted,1400.0,ha,Actual,PL2
9ad812fb06bff641,2012,5,Vĩnh Phúc,Provincial,Cultivation,Lúa,,Area_Planted,30944.0,ha,Actual,PL2
9ad812fb06bff641,2012,5,Vĩnh Phúc,Provincial,Cultivation,Lúa,,Area_Planted,30944.0,ha,Actual,PL2
9ad812fb06bff641,2012,5,Vĩnh Phúc,Provincial,Cultivation,Lúa,,Area_Planted,15345.0,ha,Actual,PL2
a8316cb81a277864,2012,5,Vĩnh Phúc,Provincial,Cultivation,Ngô,,Area_Planted,11059.0,ha,Actual,PL2
ba0d3b2833b87670,2012,5,Vĩnh Phúc,Provincial,Cultivation,Khoai lang,,Area_Planted,2263.0,ha,Actual,PL2
e54718663496a0a2,2012,5,Vĩnh Phúc,Provincial,Cultivation,Sắn,,Area_Planted,1864.0,ha,Actual,PL2
9ad812fb06bff641,2012,5,Vĩnh Phúc,Provincial,Cultivation,Lúa,,Area_Planted,159.0,ha,Actual,PL2
b19e1aa32287d3e2,2012,5,Bắc Ninh,Provincial,Cultivation,Lúa,,Area_Planted,36477.0,ha,Actual,PL2
b19e1aa32287d3e2,2012,5,Bắc Ninh,Provincial,Cultivation,Lúa,,Area_Planted,4536.0,ha,Actual,PL2
b13fcac219200ce7,2012,5,Bắc Ninh,Provincial,Cultivation,Ngô,,Area_Planted,3901.0,ha,Actual,PL2
19133fd55dce6085,2012,5,Bắc Ninh,Provincial,Cultivation,Khoai lang,,Area_Planted,635.0,ha,Actual,PL2
21d89760725718f4,2012,5,Hải Dương,Provincial,Cultivation,Lúa,,Area_Planted,63610.0,ha,Actual,PL2
21d89760725718f4,2012,5,Hải Dương,Provincial,Cultivation,Lúa,,Area_Planted,32700.0,ha,Actual,PL2
21d89760725718f4,2012,5,Hải Dương,Provincial,Cultivation,Lúa,,Area_Planted,1325.0,ha,Actual,PL2
36020f877b5fb00a,2012,5,Hải Dương,Provincial,Cultivation,Ngô,,Area_Planted,1120.0,ha,Actual,PL2
f07b0aec4d360261,2012,5,Hải Dương,Provincial,Cultivation,Khoai lang,,Area_Planted,205.0,ha,Actual,PL2
5b34bfce9c5279c7,2012,5,Hưng Yên,Provincial,Cultivation,Lúa,,Area_Planted,39500.0,ha,Actual,PL2
5b34bfce9c5279c7,2012,5,Hưng Yên,Provincial,Cultivation,Lúa,,Area_Planted,38406.0,ha,Actual,PL2
5b34bfce9c5279c7,2012,5,Hưng Yên,Provincial,Cultivation,Lúa,,Area_Planted,8156.0,ha,Actual,PL2
45e28ac96a6b3f4a,2012,5,Hưng Yên,Provincial,Cultivation,Ngô,,Area_Planted,7542.0,ha,Actual,PL2
33b070df5dd76114,2012,5,Hưng Yên,Provincial,Cultivation,Khoai lang,,Area_Planted,614.0,ha,Actual,PL2
848d50e6af06299a,2012,5,Hà Nam,Provincial,Cultivation,Lúa,,Area_Planted,34243.0,ha,Actual,PL2
848d50e6af06299a,2012,5,Hà Nam,Provincial,Cultivation,Lúa,,Area_Planted,7445.0,ha,Actual,PL2
b6ff6903168e5b02,2012,5,Hà Nam,Provincial,Cultivation,Ngô,,Area_Planted,6539.0,ha,Actual,PL2
fb003f0e2494dc9f,2012,5,Hà Nam,Provincial,Cultivation,Khoai lang,,Area_Planted,581.0,ha,Actual,PL2
8fcb972707ecd93d,2012,5,Hà Nam,Provincial,Cultivation,Sắn,,Area_Planted,325.0,ha,Actual,PL2
e861a42325becfc7,2012,5,Nam Định,Provincial,Cultivation,Lúa,,Area_Planted,77727.0,ha,Actual,PL2
e861a42325becfc7,2012,5,Nam Định,Provincial,Cultivation,Lúa,,Area_Planted,6167.0,ha,Actual,PL2
a6865aa91b10921e,2012,5,Nam Định,Provincial,Cultivation,Ngô,,Area_Planted,3645.0,ha,Actual,PL2
4c353aa4604610e5,2012,5,Nam Định,Provincial,Cultivation,Khoai lang,,Area_Planted,1622.0,ha,Actual,PL2
0faf8998a4585a62,2012,5,Nam Định,Provincial,Cultivation,Sắn,,Area_Planted,200.0,ha,Actual,PL2
e861a42325becfc7,2012,5,Nam Định,Provincial,Cultivation,Lúa,,Area_Planted,700.0,ha,Actual,PL2
ee53b72719a51ec6,2012,5,Thái Bình,Provincial,Cultivation,Lúa,,Area_Planted,81144.0,ha,Actual,PL2
ee53b72719a51ec6,2012,5,Thái Bình,Provincial,Cultivation,Lúa,,Area_Planted,13144.0,ha,Actual,PL2
829f8a4a0ec73780,2012,5,Thái Bình,Provincial,Cultivation,Ngô,,Area_Planted,8280.0,ha,Actual,PL2
b4bb2091fe1a289b,2012,5,Thái Bình,Provincial,Cultivation,Khoai lang,,Area_Planted,3660.0,ha,Actual,PL2
a793de1fd1c87525,2012,5,Thái Bình,Provincial,Cultivation,Sắn,,Area_Planted,48.0,ha,Actual,PL2
ee53b72719a51ec6,2012,5,Thái Bình,Provincial,Cultivation,Lúa,,Area_Planted,1156.0,ha,Actual,PL2
bf1e8cbe7e021960,2012,5,Ninh Bình,Provincial,Cultivation,Lúa,,Area_Planted,41860.0,ha,Actual,PL2
bf1e8cbe7e021960,2012,5,Ninh Bình,Provincial,Cultivation,Lúa,,Area_Planted,24492.0,ha,Actual,PL2
bf1e8cbe7e021960,2012,5,Ninh Bình,Provincial,Cultivation,Lúa,,Area_Planted,8229.0,ha,Actual,PL2
64805a2427163036,2012,5,Ninh Bình,Provincial,Cultivation,Ngô,,Area_Planted,4616.0,ha,Actual,PL2
bce4f33bc879324a,2012,5,Ninh Bình,Provincial,Cultivation,Khoai lang,,Area_Planted,2185.0,ha,Actual,PL2
b2a0435245b2d48c,2012,5,Ninh Bình,Provincial,Cultivation,Sắn,,Area_Planted,907.0,ha,Actual,PL2
bf1e8cbe7e021960,2012,5,Ninh Bình,Provincial,Cultivation,Lúa,,Area_Planted,521.0,ha,Actual,PL2
f4bf4c19f4391c5a,2012,5,Quảng Ninh,Provincial,Cultivation,Lúa,,Area_Planted,18761.0,ha,Actual,PL2
f4bf4c19f4391c5a,2012,5,Quảng Ninh,Provincial,Cultivation,Lúa,,Area_Planted,8766.0,ha,Actual,PL2
a54c82caae3968fe,2012,5,Quảng Ninh,Provincial,Cultivation,Ngô,,Area_Planted,4678.0,ha,Actual,PL2
d6de3522a5d80fbe,2012,5,Quảng Ninh,Provincial,Cultivation,Khoai lang,,Area_Planted,2860.0,ha,Actual,PL2
089b261e2fc8a25a,2012,5,Quảng Ninh,Provincial,Cultivation,Sắn,,Area_Planted,1026.0,ha,Actual,PL2
f4bf4c19f4391c5a,2012,5,Quảng Ninh,Provincial,Cultivation,Lúa,,Area_Planted,202.0,ha,Actual,PL2
d1dc8e7bcefce455,2012,5,TD và MN,Provincial,Cultivation,Lúa,,Area_Planted,244396.0,ha,Actual,PL2
d1dc8e7bcefce455,2012,5,TD và MN,Provincial,Cultivation,Lúa,,Area_Planted,0.0,ha,Actual,PL2
d1dc8e7bcefce455,2012,5,TD và MN,Provincial,Cultivation,Lúa,,Area_Planted,417836.0,ha,Actual,PL2
a08df7a1d15e5af0,2012,5,TD và MN,Provincial,Cultivation,Ngô,,Area_Planted,307131.0,ha,Actual,PL2
ba9ab05f50a2aa8a,2012,5,TD và MN,Provincial,Cultivation,Khoai lang,,Area_Planted,22305.0,ha,Actual,PL2
cc728191bb742a3e,2012,5,TD và MN,Provincial,Cultivation,Sắn,,Area_Planted,81477.0,ha,Actual,PL2
d1dc8e7bcefce455,2012,5,TD và MN,Provincial,Cultivation,Lúa,,Area_Planted,6924.0,ha,Actual,PL2
8eb5185e5691d0d3,2012,5,Hà Giang,Provincial,Cultivation,Lúa,,Area_Planted,9995.0,ha,Actual,PL2
8eb5185e5691d0d3,2012,5,Hà Giang,Provincial,Cultivation,Lúa,,Area_Planted,47972.0,ha,Actual,PL2
5ab1766e99b53461,2012,5,Hà Giang,Provincial,Cultivation,Ngô,,Area_Planted,39702.0,ha,Actual,PL2
596a430b10a00bad,2012,5,Hà Giang,Provincial,Cultivation,Khoai lang,,Area_Planted,587.0,ha,Actual,PL2
966ebacdad135886,2012,5,Hà Giang,Provincial,Cultivation,Sắn,,Area_Planted,4812.0,ha,Actual,PL2
8eb5185e5691d0d3,2012,5,Hà Giang,Provincial,Cultivation,Lúa,,Area_Planted,2872.0,ha,Actual,PL2
59bfa7436c6c7aff,2012,5,Cao Bằng,Provincial,Cultivation,Lúa,,Area_Planted,3169.0,ha,Actual,PL2
59bfa7436c6c7aff,2012,5,Cao Bằng,Provincial,Cultivation,Lúa,,Area_Planted,26113.0,ha,Actual,PL2
3c8b98ab99f3f8de,2012,5,Cao Bằng,Provincial,Cultivation,Ngô,,Area_Planted,25122.0,ha,Actual,PL2
285fcf11d0cb0661,2012,5,Cao Bằng,Provincial,Cultivation,Khoai lang,,Area_Planted,776.0,ha,Actual,PL2
59bfa7436c6c7aff,2012,5,Cao Bằng,Provincial,Cultivation,Lúa,,Area_Planted,215.0,ha,Actual,PL2
0320cbfa9797743f,2012,5,Lào Cai,Provincial,Cultivation,Lúa,,Area_Planted,9669.0,ha,Actual,PL2
0320cbfa9797743f,2012,5,Lào Cai,Provincial,Cultivation,Lúa,,Area_Planted,22843.0,ha,Actual,PL2
b2458dfdbe9ce073,2012,5,Lào Cai,Provincial,Cultivation,Ngô,,Area_Planted,22313.0,ha,Actual,PL2
1128bdc25674574e,2012,5,Lào Cai,Provincial,Cultivation,Khoai lang,,Area_Planted,480.0,ha,Actual,PL2
eb6772890433464b,2012,5,Lào Cai,Provincial,Cultivation,Sắn,,Area_Planted,50.0,ha,Actual,PL2
62dc62987ad1259f,2012,5,Bắc Cạn,Provincial,Cultivation,Lúa,,Area_Planted,7733.0,ha,Actual,PL2
62dc62987ad1259f,2012,5,Bắc Cạn,Provincial,Cultivation,Lúa,,Area_Planted,14495.0,ha,Actual,PL2
3c277d442225c6ec,2012,5,Bắc Cạn,Provincial,Cultivation,Ngô,,Area_Planted,11058.0,ha,Actual,PL2
82a876a7a7be56bb,2012,5,Bắc Cạn,Provincial,Cultivation,Khoai lang,,Area_Planted,253.0,ha,Actual,PL2
86b3a8a04ae4a67f,2012,5,Bắc Cạn,Provincial,Cultivation,Sắn,,Area_Planted,1343.0,ha,Actual,PL2
62dc62987ad1259f,2012,5,Bắc Cạn,Provincial,Cultivation,Lúa,,Area_Planted,1841.0,ha,Actual,PL2
d13221d035624fb9,2012,5,Lạng Sơn,Provincial,Cultivation,Lúa,,Area_Planted,15300.0,ha,Actual,PL2
d13221d035624fb9,2012,5,Lạng Sơn,Provincial,Cultivation,Lúa,,Area_Planted,16879.0,ha,Actual,PL2
e828ed406317b460,2012,5,Lạng Sơn,Provincial,Cultivation,Ngô,,Area_Planted,12481.0,ha,Actual,PL2
1795de31fb1b7133,2012,5,Lạng Sơn,Provincial,Cultivation,Khoai lang,,Area_Planted,626.0,ha,Actual,PL2
80d08b21d8ac431e,2012,5,Lạng Sơn,Provincial,Cultivation,Sắn,,Area_Planted,3200.0,ha,Actual,PL2
d13221d035624fb9,2012,5,Lạng Sơn,Provincial,Cultivation,Lúa,,Area_Planted,572.0,ha,Actual,PL2
2ee0290ac73cdde5,2012,5,Tuyên Quang,Provincial,Cultivation,Lúa,,Area_Planted,20071.0,ha,Actual,PL2
2ee0290ac73cdde5,2012,5,Tuyên Quang,Provincial,Cultivation,Lúa,,Area_Planted,9493.0,ha,Actual,PL2
d71b77efafa96c0d,2012,5,Tuyên Quang,Provincial,Cultivation,Ngô,,Area_Planted,7246.0,ha,Actual,PL2
9df67b37500bc9a5,2012,5,Tuyên Quang,Provincial,Cultivation,Khoai lang,,Area_Planted,2247.0,ha,Actual,PL2
097445f436edaa2f,2012,5,Yên Bái,Provincial,Cultivation,Lúa,,Area_Planted,18305.0,ha,Actual,PL2
097445f436edaa2f,2012,5,Yên Bái,Provincial,Cultivation,Lúa,,Area_Planted,32977.0,ha,Actual,PL2
8ad1e27eb33a1aa0,2012,5,Yên Bái,Provincial,Cultivation,Ngô,,Area_Planted,16801.0,ha,Actual,PL2
10af660e7f04dc26,2012,5,Yên Bái,Provincial,Cultivation,Khoai lang,,Area_Planted,2125.0,ha,Actual,PL2
89605e861e36d7e6,2012,5,Yên Bái,Provincial,Cultivation,Sắn,,Area_Planted,14051.0,ha,Actual,PL2
6c8d3eb75c590b53,2012,5,Thái Nguyên,Provincial,Cultivation,Lúa,,Area_Planted,30267.0,ha,Actual,PL2
6c8d3eb75c590b53,2012,5,Thái Nguyên,Provincial,Cultivation,Lúa,,Area_Planted,23769.0,ha,Actual,PL2
36e504f3f4a3efa0,2012,5,Thái Nguyên,Provincial,Cultivation,Ngô,,Area_Planted,14987.0,ha,Actual,PL2
4bdcb243a3f8f7b3,2012,5,Thái Nguyên,Provincial,Cultivation,Khoai lang,,Area_Planted,5062.0,ha,Actual,PL2
1187602c338c1cad,2012,5,Thái Nguyên,Provincial,Cultivation,Sắn,,Area_Planted,3720.0,ha,Actual,PL2
be37206507344658,2012,5,Phú Thọ,Provincial,Cultivation,Lúa,,Area_Planted,36648.0,ha,Actual,PL2
be37206507344658,2012,5,Phú Thọ,Provincial,Cultivation,Lúa,,Area_Planted,25354.0,ha,Actual,PL2
fd01c165e6bee3e6,2012,5,Phú Thọ,Provincial,Cultivation,Ngô,,Area_Planted,14371.0,ha,Actual,PL2
1b50d3343a037359,2012,5,Phú Thọ,Provincial,Cultivation,Khoai lang,,Area_Planted,1786.0,ha,Actual,PL2
b2e04c6935407765,2012,5,Phú Thọ,Provincial,Cultivation,Sắn,,Area_Planted,9197.0,ha,Actual,PL2
2df3e3a9fc1fc6fb,2012,5,Bắc Giang,Provincial,Cultivation,Lúa,,Area_Planted,53230.0,ha,Actual,PL2
2df3e3a9fc1fc6fb,2012,5,Bắc Giang,Provincial,Cultivation,Lúa,,Area_Planted,16520.0,ha,Actual,PL2
add27a6b602e31e2,2012,5,Bắc Giang,Provincial,Cultivation,Ngô,,Area_Planted,6553.0,ha,Actual,PL2
ecdbca2b7d4201c4,2012,5,Bắc Giang,Provincial,Cultivation,Khoai lang,,Area_Planted,5946.0,ha,Actual,PL2
a3bee64384aa25b6,2012,5,Bắc Giang,Provincial,Cultivation,Sắn,,Area_Planted,3830.0,ha,Actual,PL2
2df3e3a9fc1fc6fb,2012,5,Bắc Giang,Provincial,Cultivation,Lúa,,Area_Planted,191.0,ha,Actual,PL2
b7d8d248d9451f9d,2012,5,Lai Châu,Provincial,Cultivation,Lúa,,Area_Planted,5504.0,ha,Actual,PL2
b7d8d248d9451f9d,2012,5,Lai Châu,Provincial,Cultivation,Lúa,,Area_Planted,12697.0,ha,Actual,PL2
0f3f788f1c6dee6b,2012,5,Lai Châu,Provincial,Cultivation,Ngô,,Area_Planted,12335.0,ha,Actual,PL2
0096053396e5a54c,2012,5,Lai Châu,Provincial,Cultivation,Sắn,,Area_Planted,362.0,ha,Actual,PL2
5cb94ec68f3ed40f,2012,5,Điện Biên,Provincial,Cultivation,Lúa,,Area_Planted,8210.0,ha,Actual,PL2
5cb94ec68f3ed40f,2012,5,Điện Biên,Provincial,Cultivation,Lúa,,Area_Planted,31096.0,ha,Actual,PL2
965ba8673ae0d33d,2012,5,Điện Biên,Provincial,Cultivation,Ngô,,Area_Planted,24072.0,ha,Actual,PL2
bc46b24044dc5ed9,2012,5,Điện Biên,Provincial,Cultivation,Khoai lang,,Area_Planted,345.0,ha,Actual,PL2
08caff4a8e9d36c2,2012,5,Điện Biên,Provincial,Cultivation,Sắn,,Area_Planted,6680.0,ha,Actual,PL2
2d144a9e4bbfd0b8,2012,5,Sơn La,Provincial,Cultivation,Lúa,,Area_Planted,10413.0,ha,Actual,PL2
2d144a9e4bbfd0b8,2012,5,Sơn La,Provincial,Cultivation,Lúa,,Area_Planted,102925.0,ha,Actual,PL2
b61a15bf1c8c2033,2012,5,Sơn La,Provincial,Cultivation,Ngô,,Area_Planted,80470.0,ha,Actual,PL2
3af5f5ac53811665,2012,5,Sơn La,Provincial,Cultivation,Khoai lang,,Area_Planted,194.0,ha,Actual,PL2
56c67d9e340f88e2,2012,5,Sơn La,Provincial,Cultivation,Sắn,,Area_Planted,22028.0,ha,Actual,PL2
2d144a9e4bbfd0b8,2012,5,Sơn La,Provincial,Cultivation,Lúa,,Area_Planted,233.0,ha,Actual,PL2
0aed30a98406ae65,2012,5,Hoà Bình,Provincial,Cultivation,Lúa,,Area_Planted,15882.0,ha,Actual,PL2
0aed30a98406ae65,2012,5,Hoà Bình,Provincial,Cultivation,Lúa,,Area_Planted,34703.0,ha,Actual,PL2
a83e2b2e2ea376ef,2012,5,Hoà Bình,Provincial,Cultivation,Ngô,,Area_Planted,19620.0,ha,Actual,PL2
6cf50b0778d5e0e8,2012,5,Hoà Bình,Provincial,Cultivation,Khoai lang,,Area_Planted,1878.0,ha,Actual,PL2
8358d11b64d39fd9,2012,5,Hoà Bình,Provincial,Cultivation,Sắn,,Area_Planted,12205.0,ha,Actual,PL2
0aed30a98406ae65,2012,5,Hoà Bình,Provincial,Cultivation,Lúa,,Area_Planted,1000.0,ha,Actual,PL2
4ccc8565f2d05b61,2012,5,Bắc Trung Bộ,Provincial,Cultivation,Lúa,,Area_Planted,346329.0,ha,Actual,PL2
4ccc8565f2d05b61,2012,5,Bắc Trung Bộ,Provincial,Cultivation,Lúa,,Area_Planted,0.0,ha,Actual,PL2
4ccc8565f2d05b61,2012,5,Bắc Trung Bộ,Provincial,Cultivation,Lúa,,Area_Planted,172638.0,ha,Actual,PL2
4f2351f720a6ed38,2012,5,Bắc Trung Bộ,Provincial,Cultivation,Ngô,,Area_Planted,86049.0,ha,Actual,PL2
61e76c140e5df635,2012,5,Bắc Trung Bộ,Provincial,Cultivation,Khoai lang,,Area_Planted,28558.0,ha,Actual,PL2
1b626cf940c6aad3,2012,5,Bắc Trung Bộ,Provincial,Cultivation,Sắn,,Area_Planted,55192.0,ha,Actual,PL2
4ccc8565f2d05b61,2012,5,Bắc Trung Bộ,Provincial,Cultivation,Lúa,,Area_Planted,2839.0,ha,Actual,PL2
5b2ab08ed602b771,2012,5,Thanh Hoá,Provincial,Cultivation,Lúa,,Area_Planted,122614.0,ha,Actual,PL2
5b2ab08ed602b771,2012,5,Thanh Hoá,Provincial,Cultivation,Lúa,,Area_Planted,56035.0,ha,Actual,PL2
0ddf518acc45b8a5,2012,5,Thanh Hoá,Provincial,Cultivation,Ngô,,Area_Planted,32108.0,ha,Actual,PL2
96e3053596d99895,2012,5,Thanh Hoá,Provincial,Cultivation,Khoai lang,,Area_Planted,7869.0,ha,Actual,PL2
8ed5a7827d986b6a,2012,5,Thanh Hoá,Provincial,Cultivation,Sắn,,Area_Planted,15110.0,ha,Actual,PL2
5b2ab08ed602b771,2012,5,Thanh Hoá,Provincial,Cultivation,Lúa,,Area_Planted,948.0,ha,Actual,PL2
45701630f70c0fec,2012,5,Nghệ An,Provincial,Cultivation,Lúa,,Area_Planted,88702.0,ha,Actual,PL2
45701630f70c0fec,2012,5,Nghệ An,Provincial,Cultivation,Lúa,,Area_Planted,66597.0,ha,Actual,PL2
f13505e7b3bd788e,2012,5,Nghệ An,Provincial,Cultivation,Ngô,,Area_Planted,39001.0,ha,Actual,PL2
43315dc9bc9e180e,2012,5,Nghệ An,Provincial,Cultivation,Khoai lang,,Area_Planted,7689.0,ha,Actual,PL2
f510a7a8d8c58911,2012,5,Nghệ An,Provincial,Cultivation,Sắn,,Area_Planted,18016.0,ha,Actual,PL2
45701630f70c0fec,2012,5,Nghệ An,Provincial,Cultivation,Lúa,,Area_Planted,1891.0,ha,Actual,PL2
e3d2e1857c3fff88,2012,5,Hà Tĩnh,Provincial,Cultivation,Lúa,,Area_Planted,54788.0,ha,Actual,PL2
e3d2e1857c3fff88,2012,5,Hà Tĩnh,Provincial,Cultivation,Lúa,,Area_Planted,12900.0,ha,Actual,PL2
47a1f98f5145401a,2012,5,Hà Tĩnh,Provincial,Cultivation,Ngô,,Area_Planted,6900.0,ha,Actual,PL2
652c460fd9abea19,2012,5,Hà Tĩnh,Provincial,Cultivation,Khoai lang,,Area_Planted,4500.0,ha,Actual,PL2
74f58a26e8cc79f2,2012,5,Hà Tĩnh,Provincial,Cultivation,Sắn,,Area_Planted,1500.0,ha,Actual,PL2
dfb4779dea8e0e32,2012,5,Quảng Bình,Provincial,Cultivation,Lúa,,Area_Planted,28137.0,ha,Actual,PL2
dfb4779dea8e0e32,2012,5,Quảng Bình,Provincial,Cultivation,Lúa,,Area_Planted,14125.0,ha,Actual,PL2
70003bc9d1e911ac,2012,5,Quảng Bình,Provincial,Cultivation,Ngô,,Area_Planted,4325.0,ha,Actual,PL2
83aadf054c328984,2012,5,Quảng Bình,Provincial,Cultivation,Khoai lang,,Area_Planted,4000.0,ha,Actual,PL2
f3a535939cf436a6,2012,5,Quảng Bình,Provincial,Cultivation,Sắn,,Area_Planted,5800.0,ha,Actual,PL2
1c5001223e5adedb,2012,5,Quảng Trị,Provincial,Cultivation,Lúa,,Area_Planted,24688.0,ha,Actual,PL2
1c5001223e5adedb,2012,5,Quảng Trị,Provincial,Cultivation,Lúa,,Area_Planted,13268.0,ha,Actual,PL2
4b14435bca3b45aa,2012,5,Quảng Trị,Provincial,Cultivation,Ngô,,Area_Planted,2402.0,ha,Actual,PL2
fb79843bccf892d1,2012,5,Quảng Trị,Provincial,Cultivation,Khoai lang,,Area_Planted,2000.0,ha,Actual,PL2
662f2fd0ccc19fda,2012,5,Quảng Trị,Provincial,Cultivation,Sắn,,Area_Planted,8866.0,ha,Actual,PL2
67df720179c437e6,2012,5,Thừa Thiên Huế,Provincial,Cultivation,Lúa,,Area_Planted,27400.0,ha,Actual,PL2
67df720179c437e6,2012,5,Thừa Thiên Huế,Provincial,Cultivation,Lúa,,Area_Planted,9713.0,ha,Actual,PL2
471165a1fe373224,2012,5,Thừa Thiên Huế,Provincial,Cultivation,Ngô,,Area_Planted,1313.0,ha,Actual,PL2
729fac242fd7cfae,2012,5,Thừa Thiên Huế,Provincial,Cultivation,Khoai lang,,Area_Planted,2500.0,ha,Actual,PL2
b57995d40f78a928,2012,5,Thừa Thiên Huế,Provincial,Cultivation,Sắn,,Area_Planted,5900.0,ha,Actual,PL2
89b73331ee90a088,2012,5,Miền Bắc,Provincial,Cultivation,Lúa,,Area_Planted,246413.0,ha,Actual,PL3
89b73331ee90a088,2012,5,Miền Bắc,Provincial,Cultivation,Lúa,,Area_Planted,65004.0,ha,Actual,PL3
89b73331ee90a088,2012,5,Miền Bắc,Provincial,Cultivation,Lúa,,Area_Planted,121472.0,ha,Actual,PL3
89b73331ee90a088,2012,5,Miền Bắc,Provincial,Cultivation,Lúa,,Area_Planted,14248.0,ha,Actual,PL3
89b73331ee90a088,2012,5,Miền Bắc,Provincial,Cultivation,Lúa,,Area_Planted,26391.0,ha,Actual,PL3
89b73331ee90a088,2012,5,Miền Bắc,Provincial,Cultivation,Lúa,,Area_Planted,19299.0,ha,Actual,PL3
deebea85658ea26e,2012,5,Miền Bắc,Provincial,Cultivation,Rau,,Area_Planted,243655.0,ha,Actual,PL3
86b1d67f48a68d0e,2012,5,ĐB sông Hồng,Provincial,Cultivation,Lúa,,Area_Planted,69408.0,ha,Actual,PL3
86b1d67f48a68d0e,2012,5,ĐB sông Hồng,Provincial,Cultivation,Lúa,,Area_Planted,36578.0,ha,Actual,PL3
86b1d67f48a68d0e,2012,5,ĐB sông Hồng,Provincial,Cultivation,Lúa,,Area_Planted,24239.0,ha,Actual,PL3
86b1d67f48a68d0e,2012,5,ĐB sông Hồng,Provincial,Cultivation,Lúa,,Area_Planted,2155.0,ha,Actual,PL3
86b1d67f48a68d0e,2012,5,ĐB sông Hồng,Provincial,Cultivation,Lúa,,Area_Planted,1005.0,ha,Actual,PL3
86b1d67f48a68d0e,2012,5,ĐB sông Hồng,Provincial,Cultivation,Lúa,,Area_Planted,5430.0,ha,Actual,PL3
534115eb90e9649a,2012,5,ĐB sông Hồng,Provincial,Cultivation,Rau,,Area_Planted,128921.0,ha,Actual,PL3
77f0b0cd4257e897,2012,5,Hà Nội,Provincial,Cultivation,Lúa,,Area_Planted,14496.0,ha,Actual,PL3
77f0b0cd4257e897,2012,5,Hà Nội,Provincial,Cultivation,Lúa,,Area_Planted,9961.0,ha,Actual,PL3
77f0b0cd4257e897,2012,5,Hà Nội,Provincial,Cultivation,Lúa,,Area_Planted,4535.0,ha,Actual,PL3
ce5b3a7d32d715f7,2012,5,Hà Nội,Provincial,Cultivation,Rau,,Area_Planted,20628.0,ha,Actual,PL3
0e8fe94854ae9573,2012,5,Hải Phòng,Provincial,Cultivation,Lúa,,Area_Planted,2306.0,ha,Actual,PL3
0e8fe94854ae9573,2012,5,Hải Phòng,Provincial,Cultivation,Lúa,,Area_Planted,34.0,ha,Actual,PL3
0e8fe94854ae9573,2012,5,Hải Phòng,Provincial,Cultivation,Lúa,,Area_Planted,118.0,ha,Actual,PL3
0e8fe94854ae9573,2012,5,Hải Phòng,Provincial,Cultivation,Lúa,,Area_Planted,2155.0,ha,Actual,PL3
e0f0d34c522c4045,2012,5,Hải Phòng,Provincial,Cultivation,Rau,,Area_Planted,11988.0,ha,Actual,PL3
9ad812fb06bff641,2012,5,Vĩnh Phúc,Provincial,Cultivation,Lúa,,Area_Planted,4815.0,ha,Actual,PL3
9ad812fb06bff641,2012,5,Vĩnh Phúc,Provincial,Cultivation,Lúa,,Area_Planted,1949.0,ha,Actual,PL3
9ad812fb06bff641,2012,5,Vĩnh Phúc,Provincial,Cultivation,Lúa,,Area_Planted,2654.0,ha,Actual,PL3
9ad812fb06bff641,2012,5,Vĩnh Phúc,Provincial,Cultivation,Lúa,,Area_Planted,53.0,ha,Actual,PL3
9ad812fb06bff641,2012,5,Vĩnh Phúc,Provincial,Cultivation,Lúa,,Area_Planted,159.0,ha,Actual,PL3
6968159bdcfdf9aa,2012,5,Vĩnh Phúc,Provincial,Cultivation,Rau,,Area_Planted,5494.0,ha,Actual,PL3
b19e1aa32287d3e2,2012,5,Bắc Ninh,Provincial,Cultivation,Lúa,,Area_Planted,1376.0,ha,Actual,PL3
b19e1aa32287d3e2,2012,5,Bắc Ninh,Provincial,Cultivation,Lúa,,Area_Planted,639.0,ha,Actual,PL3
b19e1aa32287d3e2,2012,5,Bắc Ninh,Provincial,Cultivation,Lúa,,Area_Planted,737.0,ha,Actual,PL3
de05c00847693122,2012,5,Bắc Ninh,Provincial,Cultivation,Rau,,Area_Planted,9727.0,ha,Actual,PL3
21d89760725718f4,2012,5,Hải Dương,Provincial,Cultivation,Lúa,,Area_Planted,1431.0,ha,Actual,PL3
21d89760725718f4,2012,5,Hải Dương,Provincial,Cultivation,Lúa,,Area_Planted,381.0,ha,Actual,PL3
21d89760725718f4,2012,5,Hải Dương,Provincial,Cultivation,Lúa,,Area_Planted,1050.0,ha,Actual,PL3
bb2e25fd1052797f,2012,5,Hải Dương,Provincial,Cultivation,Rau,,Area_Planted,8023.0,ha,Actual,PL3
5b34bfce9c5279c7,2012,5,Hưng Yên,Provincial,Cultivation,Lúa,,Area_Planted,2223.0,ha,Actual,PL3
5b34bfce9c5279c7,2012,5,Hưng Yên,Provincial,Cultivation,Lúa,,Area_Planted,1473.0,ha,Actual,PL3
5b34bfce9c5279c7,2012,5,Hưng Yên,Provincial,Cultivation,Lúa,,Area_Planted,750.0,ha,Actual,PL3
be77bfedb83f3470,2012,5,Hưng Yên,Provincial,Cultivation,Rau,,Area_Planted,10093.0,ha,Actual,PL3
848d50e6af06299a,2012,5,Hà Nam,Provincial,Cultivation,Lúa,,Area_Planted,7630.0,ha,Actual,PL3
848d50e6af06299a,2012,5,Hà Nam,Provincial,Cultivation,Lúa,,Area_Planted,7277.0,ha,Actual,PL3
848d50e6af06299a,2012,5,Hà Nam,Provincial,Cultivation,Lúa,,Area_Planted,352.0,ha,Actual,PL3
88339b1eb8c0a657,2012,5,Hà Nam,Provincial,Cultivation,Rau,,Area_Planted,3267.0,ha,Actual,PL3
e861a42325becfc7,2012,5,Nam Định,Provincial,Cultivation,Lúa,,Area_Planted,9277.0,ha,Actual,PL3
e861a42325becfc7,2012,5,Nam Định,Provincial,Cultivation,Lúa,,Area_Planted,912.0,ha,Actual,PL3
e861a42325becfc7,2012,5,Nam Định,Provincial,Cultivation,Lúa,,Area_Planted,5636.0,ha,Actual,PL3
e861a42325becfc7,2012,5,Nam Định,Provincial,Cultivation,Lúa,,Area_Planted,2729.0,ha,Actual,PL3
b38417414e1bfe3e,2012,5,Nam Định,Provincial,Cultivation,Rau,,Area_Planted,16430.0,ha,Actual,PL3
ee53b72719a51ec6,2012,5,Thái Bình,Provincial,Cultivation,Lúa,,Area_Planted,14123.0,ha,Actual,PL3
ee53b72719a51ec6,2012,5,Thái Bình,Provincial,Cultivation,Lúa,,Area_Planted,10890.0,ha,Actual,PL3
ee53b72719a51ec6,2012,5,Thái Bình,Provincial,Cultivation,Lúa,,Area_Planted,1983.0,ha,Actual,PL3
ee53b72719a51ec6,2012,5,Thái Bình,Provincial,Cultivation,Lúa,,Area_Planted,94.0,ha,Actual,PL3
ee53b72719a51ec6,2012,5,Thái Bình,Provincial,Cultivation,Lúa,,Area_Planted,1156.0,ha,Actual,PL3
8d3df0bfb1c8d377,2012,5,Thái Bình,Provincial,Cultivation,Rau,,Area_Planted,28189.0,ha,Actual,PL3
bf1e8cbe7e021960,2012,5,Ninh Bình,Provincial,Cultivation,Lúa,,Area_Planted,8067.0,ha,Actual,PL3
bf1e8cbe7e021960,2012,5,Ninh Bình,Provincial,Cultivation,Lúa,,Area_Planted,2550.0,ha,Actual,PL3
bf1e8cbe7e021960,2012,5,Ninh Bình,Provincial,Cultivation,Lúa,,Area_Planted,4138.0,ha,Actual,PL3
bf1e8cbe7e021960,2012,5,Ninh Bình,Provincial,Cultivation,Lúa,,Area_Planted,858.0,ha,Actual,PL3
bf1e8cbe7e021960,2012,5,Ninh Bình,Provincial,Cultivation,Lúa,,Area_Planted,521.0,ha,Actual,PL3
88704523aec14914,2012,5,Ninh Bình,Provincial,Cultivation,Rau,,Area_Planted,8464.0,ha,Actual,PL3
f4bf4c19f4391c5a,2012,5,Quảng Ninh,Provincial,Cultivation,Lúa,,Area_Planted,3663.0,ha,Actual,PL3
f4bf4c19f4391c5a,2012,5,Quảng Ninh,Provincial,Cultivation,Lúa,,Area_Planted,512.0,ha,Actual,PL3
f4bf4c19f4391c5a,2012,5,Quảng Ninh,Provincial,Cultivation,Lúa,,Area_Planted,2286.0,ha,Actual,PL3
f4bf4c19f4391c5a,2012,5,Quảng Ninh,Provincial,Cultivation,Lúa,,Area_Planted,865.0,ha,Actual,PL3
deef1d02905265ce,2012,5,Quảng Ninh,Provincial,Cultivation,Rau,,Area_Planted,6618.0,ha,Actual,PL3
d1dc8e7bcefce455,2012,5,TD và MN,Provincial,Cultivation,Lúa,,Area_Planted,88563.0,ha,Actual,PL3
d1dc8e7bcefce455,2012,5,TD và MN,Provincial,Cultivation,Lúa,,Area_Planted,22499.0,ha,Actual,PL3
d1dc8e7bcefce455,2012,5,TD và MN,Provincial,Cultivation,Lúa,,Area_Planted,34261.0,ha,Actual,PL3
d1dc8e7bcefce455,2012,5,TD và MN,Provincial,Cultivation,Lúa,,Area_Planted,12043.0,ha,Actual,PL3
d1dc8e7bcefce455,2012,5,TD và MN,Provincial,Cultivation,Lúa,,Area_Planted,9312.0,ha,Actual,PL3
d1dc8e7bcefce455,2012,5,TD và MN,Provincial,Cultivation,Lúa,,Area_Planted,10448.0,ha,Actual,PL3
39ce2c88312339d3,2012,5,TD và MN,Provincial,Cultivation,Rau,,Area_Planted,65639.0,ha,Actual,PL3
8eb5185e5691d0d3,2012,5,Hà Giang,Provincial,Cultivation,Lúa,,Area_Planted,15528.0,ha,Actual,PL3
8eb5185e5691d0d3,2012,5,Hà Giang,Provincial,Cultivation,Lúa,,Area_Planted,7719.0,ha,Actual,PL3
8eb5185e5691d0d3,2012,5,Hà Giang,Provincial,Cultivation,Lúa,,Area_Planted,4996.0,ha,Actual,PL3
8eb5185e5691d0d3,2012,5,Hà Giang,Provincial,Cultivation,Lúa,,Area_Planted,2243.0,ha,Actual,PL3
8eb5185e5691d0d3,2012,5,Hà Giang,Provincial,Cultivation,Lúa,,Area_Planted,495.0,ha,Actual,PL3
8eb5185e5691d0d3,2012,5,Hà Giang,Provincial,Cultivation,Lúa,,Area_Planted,75.0,ha,Actual,PL3
f188a8471a15437a,2012,5,Hà Giang,Provincial,Cultivation,Rau,,Area_Planted,8771.0,ha,Actual,PL3
59bfa7436c6c7aff,2012,5,Cao Bằng,Provincial,Cultivation,Lúa,,Area_Planted,6436.0,ha,Actual,PL3
59bfa7436c6c7aff,2012,5,Cao Bằng,Provincial,Cultivation,Lúa,,Area_Planted,1298.0,ha,Actual,PL3
59bfa7436c6c7aff,2012,5,Cao Bằng,Provincial,Cultivation,Lúa,,Area_Planted,311.0,ha,Actual,PL3
59bfa7436c6c7aff,2012,5,Cao Bằng,Provincial,Cultivation,Lúa,,Area_Planted,3058.0,ha,Actual,PL3
59bfa7436c6c7aff,2012,5,Cao Bằng,Provincial,Cultivation,Lúa,,Area_Planted,1537.0,ha,Actual,PL3
59bfa7436c6c7aff,2012,5,Cao Bằng,Provincial,Cultivation,Lúa,,Area_Planted,232.0,ha,Actual,PL3
1326b0850a2b66df,2012,5,Cao Bằng,Provincial,Cultivation,Rau,,Area_Planted,700.0,ha,Actual,PL3
0320cbfa9797743f,2012,5,Lào Cai,Provincial,Cultivation,Lúa,,Area_Planted,2018.0,ha,Actual,PL3
0320cbfa9797743f,2012,5,Lào Cai,Provincial,Cultivation,Lúa,,Area_Planted,1814.0,ha,Actual,PL3
0320cbfa9797743f,2012,5,Lào Cai,Provincial,Cultivation,Lúa,,Area_Planted,40.0,ha,Actual,PL3
0320cbfa9797743f,2012,5,Lào Cai,Provincial,Cultivation,Lúa,,Area_Planted,164.0,ha,Actual,PL3
f0c0a8a6724964dd,2012,5,Lào Cai,Provincial,Cultivation,Rau,,Area_Planted,3456.0,ha,Actual,PL3
62dc62987ad1259f,2012,5,Bắc Cạn,Provincial,Cultivation,Lúa,,Area_Planted,2682.0,ha,Actual,PL3
62dc62987ad1259f,2012,5,Bắc Cạn,Provincial,Cultivation,Lúa,,Area_Planted,437.0,ha,Actual,PL3
62dc62987ad1259f,2012,5,Bắc Cạn,Provincial,Cultivation,Lúa,,Area_Planted,322.0,ha,Actual,PL3
62dc62987ad1259f,2012,5,Bắc Cạn,Provincial,Cultivation,Lúa,,Area_Planted,1000.0,ha,Actual,PL3
62dc62987ad1259f,2012,5,Bắc Cạn,Provincial,Cultivation,Lúa,,Area_Planted,155.0,ha,Actual,PL3
62dc62987ad1259f,2012,5,Bắc Cạn,Provincial,Cultivation,Lúa,,Area_Planted,768.0,ha,Actual,PL3
0b3fc8a6ce2c4ed9,2012,5,Bắc Cạn,Provincial,Cultivation,Rau,,Area_Planted,1460.0,ha,Actual,PL3
d13221d035624fb9,2012,5,Lạng Sơn,Provincial,Cultivation,Lúa,,Area_Planted,5816.0,ha,Actual,PL3
d13221d035624fb9,2012,5,Lạng Sơn,Provincial,Cultivation,Lúa,,Area_Planted,690.0,ha,Actual,PL3
d13221d035624fb9,2012,5,Lạng Sơn,Provincial,Cultivation,Lúa,,Area_Planted,4554.0,ha,Actual,PL3
d13221d035624fb9,2012,5,Lạng Sơn,Provincial,Cultivation,Lúa,,Area_Planted,572.0,ha,Actual,PL3
9617ea1c50abb417,2012,5,Lạng Sơn,Provincial,Cultivation,Rau,,Area_Planted,7444.0,ha,Actual,PL3
2ee0290ac73cdde5,2012,5,Tuyên Quang,Provincial,Cultivation,Lúa,,Area_Planted,4061.0,ha,Actual,PL3
2ee0290ac73cdde5,2012,5,Tuyên Quang,Provincial,Cultivation,Lúa,,Area_Planted,654.0,ha,Actual,PL3
2ee0290ac73cdde5,2012,5,Tuyên Quang,Provincial,Cultivation,Lúa,,Area_Planted,3407.0,ha,Actual,PL3
74eea9d144de182f,2012,5,Tuyên Quang,Provincial,Cultivation,Rau,,Area_Planted,2939.0,ha,Actual,PL3
097445f436edaa2f,2012,5,Yên Bái,Provincial,Cultivation,Lúa,,Area_Planted,3100.0,ha,Actual,PL3
097445f436edaa2f,2012,5,Yên Bái,Provincial,Cultivation,Lúa,,Area_Planted,856.0,ha,Actual,PL3
097445f436edaa2f,2012,5,Yên Bái,Provincial,Cultivation,Lúa,,Area_Planted,1474.0,ha,Actual,PL3
097445f436edaa2f,2012,5,Yên Bái,Provincial,Cultivation,Lúa,,Area_Planted,750.0,ha,Actual,PL3
097445f436edaa2f,2012,5,Yên Bái,Provincial,Cultivation,Lúa,,Area_Planted,20.0,ha,Actual,PL3
1f5d6f722f6b8376,2012,5,Yên Bái,Provincial,Cultivation,Rau,,Area_Planted,3155.0,ha,Actual,PL3
6c8d3eb75c590b53,2012,5,Thái Nguyên,Provincial,Cultivation,Lúa,,Area_Planted,5466.0,ha,Actual,PL3
6c8d3eb75c590b53,2012,5,Thái Nguyên,Provincial,Cultivation,Lúa,,Area_Planted,1023.0,ha,Actual,PL3
6c8d3eb75c590b53,2012,5,Thái Nguyên,Provincial,Cultivation,Lúa,,Area_Planted,3702.0,ha,Actual,PL3
6c8d3eb75c590b53,2012,5,Thái Nguyên,Provincial,Cultivation,Lúa,,Area_Planted,623.0,ha,Actual,PL3
6c8d3eb75c590b53,2012,5,Thái Nguyên,Provincial,Cultivation,Lúa,,Area_Planted,75.0,ha,Actual,PL3
6c8d3eb75c590b53,2012,5,Thái Nguyên,Provincial,Cultivation,Lúa,,Area_Planted,43.0,ha,Actual,PL3
f581fd8ffd4e232f,2012,5,Thái Nguyên,Provincial,Cultivation,Rau,,Area_Planted,8009.0,ha,Actual,PL3
be37206507344658,2012,5,Phú Thọ,Provincial,Cultivation,Lúa,,Area_Planted,4007.0,ha,Actual,PL3
be37206507344658,2012,5,Phú Thọ,Provincial,Cultivation,Lúa,,Area_Planted,172.0,ha,Actual,PL3
be37206507344658,2012,5,Phú Thọ,Provincial,Cultivation,Lúa,,Area_Planted,3835.0,ha,Actual,PL3
246c2fc7cc504c3b,2012,5,Phú Thọ,Provincial,Cultivation,Rau,,Area_Planted,4467.0,ha,Actual,PL3
2df3e3a9fc1fc6fb,2012,5,Bắc Giang,Provincial,Cultivation,Lúa,,Area_Planted,11139.0,ha,Actual,PL3
2df3e3a9fc1fc6fb,2012,5,Bắc Giang,Provincial,Cultivation,Lúa,,Area_Planted,720.0,ha,Actual,PL3
2df3e3a9fc1fc6fb,2012,5,Bắc Giang,Provincial,Cultivation,Lúa,,Area_Planted,10140.0,ha,Actual,PL3
2df3e3a9fc1fc6fb,2012,5,Bắc Giang,Provincial,Cultivation,Lúa,,Area_Planted,88.0,ha,Actual,PL3
2df3e3a9fc1fc6fb,2012,5,Bắc Giang,Provincial,Cultivation,Lúa,,Area_Planted,191.0,ha,Actual,PL3
92df39cb92caf592,2012,5,Bắc Giang,Provincial,Cultivation,Rau,,Area_Planted,18575.0,ha,Actual,PL3
b7d8d248d9451f9d,2012,5,Lai Châu,Provincial,Cultivation,Lúa,,Area_Planted,1959.0,ha,Actual,PL3
b7d8d248d9451f9d,2012,5,Lai Châu,Provincial,Cultivation,Lúa,,Area_Planted,1012.0,ha,Actual,PL3
b7d8d248d9451f9d,2012,5,Lai Châu,Provincial,Cultivation,Lúa,,Area_Planted,938.0,ha,Actual,PL3
b7d8d248d9451f9d,2012,5,Lai Châu,Provincial,Cultivation,Lúa,,Area_Planted,9.0,ha,Actual,PL3
9d988d88ee5c2a81,2012,5,Lai Châu,Provincial,Cultivation,Rau,,Area_Planted,779.0,ha,Actual,PL3
5cb94ec68f3ed40f,2012,5,Điện Biên,Provincial,Cultivation,Lúa,,Area_Planted,11051.0,ha,Actual,PL3
5cb94ec68f3ed40f,2012,5,Điện Biên,Provincial,Cultivation,Lúa,,Area_Planted,2747.0,ha,Actual,PL3
5cb94ec68f3ed40f,2012,5,Điện Biên,Provincial,Cultivation,Lúa,,Area_Planted,1190.0,ha,Actual,PL3
5cb94ec68f3ed40f,2012,5,Điện Biên,Provincial,Cultivation,Lúa,,Area_Planted,7114.0,ha,Actual,PL3
a6cd1ab39f9a7cf7,2012,5,Điện Biên,Provincial,Cultivation,Rau,,Area_Planted,368.0,ha,Actual,PL3
2d144a9e4bbfd0b8,2012,5,Sơn La,Provincial,Cultivation,Lúa,,Area_Planted,4674.0,ha,Actual,PL3
2d144a9e4bbfd0b8,2012,5,Sơn La,Provincial,Cultivation,Lúa,,Area_Planted,2895.0,ha,Actual,PL3
2d144a9e4bbfd0b8,2012,5,Sơn La,Provincial,Cultivation,Lúa,,Area_Planted,755.0,ha,Actual,PL3
2d144a9e4bbfd0b8,2012,5,Sơn La,Provincial,Cultivation,Lúa,,Area_Planted,304.0,ha,Actual,PL3
2d144a9e4bbfd0b8,2012,5,Sơn La,Provincial,Cultivation,Lúa,,Area_Planted,487.0,ha,Actual,PL3
2d144a9e4bbfd0b8,2012,5,Sơn La,Provincial,Cultivation,Lúa,,Area_Planted,233.0,ha,Actual,PL3
c88348e6a33fc09a,2012,5,Sơn La,Provincial,Cultivation,Rau,,Area_Planted,2665.0,ha,Actual,PL3
0aed30a98406ae65,2012,5,Hoà Bình,Provincial,Cultivation,Lúa,,Area_Planted,10626.0,ha,Actual,PL3
0aed30a98406ae65,2012,5,Hoà Bình,Provincial,Cultivation,Lúa,,Area_Planted,461.0,ha,Actual,PL3
0aed30a98406ae65,2012,5,Hoà Bình,Provincial,Cultivation,Lúa,,Area_Planted,3152.0,ha,Actual,PL3
0aed30a98406ae65,2012,5,Hoà Bình,Provincial,Cultivation,Lúa,,Area_Planted,5813.0,ha,Actual,PL3
0aed30a98406ae65,2012,5,Hoà Bình,Provincial,Cultivation,Lúa,,Area_Planted,1200.0,ha,Actual,PL3
bf7dc62a0f00606c,2012,5,Hoà Bình,Provincial,Cultivation,Rau,,Area_Planted,2851.0,ha,Actual,PL3
4ccc8565f2d05b61,2012,5,Bắc Trung Bộ,Provincial,Cultivation,Lúa,,Area_Planted,88443.0,ha,Actual,PL3
4ccc8565f2d05b61,2012,5,Bắc Trung Bộ,Provincial,Cultivation,Lúa,,Area_Planted,5927.0,ha,Actual,PL3
4ccc8565f2d05b61,2012,5,Bắc Trung Bộ,Provincial,Cultivation,Lúa,,Area_Planted,62971.0,ha,Actual,PL3
4ccc8565f2d05b61,2012,5,Bắc Trung Bộ,Provincial,Cultivation,Lúa,,Area_Planted,50.0,ha,Actual,PL3
4ccc8565f2d05b61,2012,5,Bắc Trung Bộ,Provincial,Cultivation,Lúa,,Area_Planted,16074.0,ha,Actual,PL3
4ccc8565f2d05b61,2012,5,Bắc Trung Bộ,Provincial,Cultivation,Lúa,,Area_Planted,3421.0,ha,Actual,PL3
10992db44a01f4d8,2012,5,Bắc Trung Bộ,Provincial,Cultivation,Rau,,Area_Planted,49095.0,ha,Actual,PL3
5b2ab08ed602b771,2012,5,Thanh Hoá,Provincial,Cultivation,Lúa,,Area_Planted,27097.0,ha,Actual,PL3
5b2ab08ed602b771,2012,5,Thanh Hoá,Provincial,Cultivation,Lúa,,Area_Planted,5906.0,ha,Actual,PL3
5b2ab08ed602b771,2012,5,Thanh Hoá,Provincial,Cultivation,Lúa,,Area_Planted,12624.0,ha,Actual,PL3
5b2ab08ed602b771,2012,5,Thanh Hoá,Provincial,Cultivation,Lúa,,Area_Planted,7337.0,ha,Actual,PL3
5b2ab08ed602b771,2012,5,Thanh Hoá,Provincial,Cultivation,Lúa,,Area_Planted,1230.0,ha,Actual,PL3
df068858beaa259a,2012,5,Thanh Hoá,Provincial,Cultivation,Rau,,Area_Planted,17721.0,ha,Actual,PL3
45701630f70c0fec,2012,5,Nghệ An,Provincial,Cultivation,Lúa,,Area_Planted,31650.0,ha,Actual,PL3
45701630f70c0fec,2012,5,Nghệ An,Provincial,Cultivation,Lúa,,Area_Planted,21.0,ha,Actual,PL3
45701630f70c0fec,2012,5,Nghệ An,Provincial,Cultivation,Lúa,,Area_Planted,21051.0,ha,Actual,PL3
45701630f70c0fec,2012,5,Nghệ An,Provincial,Cultivation,Lúa,,Area_Planted,8687.0,ha,Actual,PL3
45701630f70c0fec,2012,5,Nghệ An,Provincial,Cultivation,Lúa,,Area_Planted,1891.0,ha,Actual,PL3
b25fd574ef9ab3a4,2012,5,Nghệ An,Provincial,Cultivation,Rau,,Area_Planted,20670.0,ha,Actual,PL3
e3d2e1857c3fff88,2012,5,Hà Tĩnh,Provincial,Cultivation,Lúa,,Area_Planted,17304.0,ha,Actual,PL3
e3d2e1857c3fff88,2012,5,Hà Tĩnh,Provincial,Cultivation,Lúa,,Area_Planted,17304.0,ha,Actual,PL3
5ddbfc731718d8b4,2012,5,Hà Tĩnh,Provincial,Cultivation,Rau,,Area_Planted,3202.0,ha,Actual,PL3
dfb4779dea8e0e32,2012,5,Quảng Bình,Provincial,Cultivation,Lúa,,Area_Planted,4200.0,ha,Actual,PL3
dfb4779dea8e0e32,2012,5,Quảng Bình,Provincial,Cultivation,Lúa,,Area_Planted,4200.0,ha,Actual,PL3
22a03b549c36396b,2012,5,Quảng Bình,Provincial,Cultivation,Rau,,Area_Planted,270.0,ha,Actual,PL3
1c5001223e5adedb,2012,5,Quảng Trị,Provincial,Cultivation,Lúa,,Area_Planted,4222.0,ha,Actual,PL3
1c5001223e5adedb,2012,5,Quảng Trị,Provincial,Cultivation,Lúa,,Area_Planted,4222.0,ha,Actual,PL3
52821e9bf9efc378,2012,5,Quảng Trị,Provincial,Cultivation,Rau,,Area_Planted,2632.0,ha,Actual,PL3
67df720179c437e6,2012,5,Thừa Thiên Huế,Provincial,Cultivation,Lúa,,Area_Planted,3970.0,ha,Actual,PL3
67df720179c437e6,2012,5,Thừa Thiên Huế,Provincial,Cultivation,Lúa,,Area_Planted,3570.0,ha,Actual,PL3
67df720179c437e6,2012,5,Thừa Thiên Huế,Provincial,Cultivation,Lúa,,Area_Planted,50.0,ha,Actual,PL3
67df720179c437e6,2012,5,Thừa Thiên Huế,Provincial,Cultivation,Lúa,,Area_Planted,50.0,ha,Actual,PL3
67df720179c437e6,2012,5,Thừa Thiên Huế,Provincial,Cultivation,Lúa,,Area_Planted,300.0,ha,Actual,PL3
d22e760788f9a6b1,2012,5,Thừa Thiên Huế,Provincial,Cultivation,Rau,,Area_Planted,4600.0,ha,Actual,PL3
72deff63b2b7fb1e,2012,5,Miền Nam,Provincial,Cultivation,Lúa,,Area_Planted,1940440.0,ha,Actual,PL4
72deff63b2b7fb1e,2012,5,Miền Nam,Provincial,Cultivation,Lúa,,Area_Planted,6637.0,ha,Actual,PL4
72deff63b2b7fb1e,2012,5,Miền Nam,Provincial,Cultivation,Lúa,,Area_Planted,988.0,ha,Actual,PL4
72deff63b2b7fb1e,2012,5,Miền Nam,Provincial,Cultivation,Lúa,,Area_Planted,1374157.0,ha,Actual,PL4
72deff63b2b7fb1e,2012,5,Miền Nam,Provincial,Cultivation,Lúa,,Area_Planted,299011.0,ha,Actual,PL4
72deff63b2b7fb1e,2012,5,Miền Nam,Provincial,Cultivation,Lúa,,Area_Planted,138508.0,ha,Actual,PL4
72deff63b2b7fb1e,2012,5,Miền Nam,Provincial,Cultivation,Lúa,,Area_Planted,26723.0,ha,Actual,PL4
72deff63b2b7fb1e,2012,5,Miền Nam,Provincial,Cultivation,Lúa,,Area_Planted,126163.0,ha,Actual,PL4
72deff63b2b7fb1e,2012,5,Miền Nam,Provincial,Cultivation,Lúa,,Area_Planted,7617.0,ha,Actual,PL4
e622d5c476d5314f,2012,5,D.H Nam Trung Bộ,Provincial,Cultivation,Lúa,,Area_Planted,224449.0,ha,Actual,PL4
e622d5c476d5314f,2012,5,D.H Nam Trung Bộ,Provincial,Cultivation,Lúa,,Area_Planted,5910.0,ha,Actual,PL4
e622d5c476d5314f,2012,5,D.H Nam Trung Bộ,Provincial,Cultivation,Lúa,,Area_Planted,1000.0,ha,Actual,PL4
e622d5c476d5314f,2012,5,D.H Nam Trung Bộ,Provincial,Cultivation,Lúa,,Area_Planted,13562.0,ha,Actual,PL4
e622d5c476d5314f,2012,5,D.H Nam Trung Bộ,Provincial,Cultivation,Lúa,,Area_Planted,77863.0,ha,Actual,PL4
e622d5c476d5314f,2012,5,D.H Nam Trung Bộ,Provincial,Cultivation,Lúa,,Area_Planted,27734.0,ha,Actual,PL4
e622d5c476d5314f,2012,5,D.H Nam Trung Bộ,Provincial,Cultivation,Lúa,,Area_Planted,4061.0,ha,Actual,PL4
e622d5c476d5314f,2012,5,D.H Nam Trung Bộ,Provincial,Cultivation,Lúa,,Area_Planted,41719.0,ha,Actual,PL4
e622d5c476d5314f,2012,5,D.H Nam Trung Bộ,Provincial,Cultivation,Lúa,,Area_Planted,288.0,ha,Actual,PL4
84aba4c6e9f58034,2012,5,TP Đà Nẵng,Provincial,Cultivation,Lúa,,Area_Planted,3173.0,ha,Actual,PL4
84aba4c6e9f58034,2012,5,TP Đà Nẵng,Provincial,Cultivation,Lúa,,Area_Planted,6203.0,ha,Actual,PL4
84aba4c6e9f58034,2012,5,TP Đà Nẵng,Provincial,Cultivation,Lúa,,Area_Planted,1000.0,ha,Actual,PL4
84aba4c6e9f58034,2012,5,TP Đà Nẵng,Provincial,Cultivation,Lúa,,Area_Planted,301.0,ha,Actual,PL4
84aba4c6e9f58034,2012,5,TP Đà Nẵng,Provincial,Cultivation,Lúa,,Area_Planted,301.0,ha,Actual,PL4
324e11494b77ee47,2012,5,Quảng Nam,Provincial,Cultivation,Lúa,,Area_Planted,43241.0,ha,Actual,PL4
324e11494b77ee47,2012,5,Quảng Nam,Provincial,Cultivation,Lúa,,Area_Planted,5350.0,ha,Actual,PL4
324e11494b77ee47,2012,5,Quảng Nam,Provincial,Cultivation,Lúa,,Area_Planted,1000.0,ha,Actual,PL4
324e11494b77ee47,2012,5,Quảng Nam,Provincial,Cultivation,Lúa,,Area_Planted,1000.0,ha,Actual,PL4
324e11494b77ee47,2012,5,Quảng Nam,Provincial,Cultivation,Lúa,,Area_Planted,24859.0,ha,Actual,PL4
324e11494b77ee47,2012,5,Quảng Nam,Provincial,Cultivation,Lúa,,Area_Planted,7876.0,ha,Actual,PL4
324e11494b77ee47,2012,5,Quảng Nam,Provincial,Cultivation,Lúa,,Area_Planted,3429.0,ha,Actual,PL4
324e11494b77ee47,2012,5,Quảng Nam,Provincial,Cultivation,Lúa,,Area_Planted,10125.0,ha,Actual,PL4
c9547de722001a3c,2012,5,Quảng Ngãi,Provincial,Cultivation,Lúa,,Area_Planted,37585.0,ha,Actual,PL4
c9547de722001a3c,2012,5,Quảng Ngãi,Provincial,Cultivation,Lúa,,Area_Planted,5656.0,ha,Actual,PL4
c9547de722001a3c,2012,5,Quảng Ngãi,Provincial,Cultivation,Lúa,,Area_Planted,1000.0,ha,Actual,PL4
c9547de722001a3c,2012,5,Quảng Ngãi,Provincial,Cultivation,Lúa,,Area_Planted,20801.0,ha,Actual,PL4
c9547de722001a3c,2012,5,Quảng Ngãi,Provincial,Cultivation,Lúa,,Area_Planted,5051.0,ha,Actual,PL4
c9547de722001a3c,2012,5,Quảng Ngãi,Provincial,Cultivation,Lúa,,Area_Planted,15750.0,ha,Actual,PL4
5f3a53797780bfc3,2012,5,Bình Định,Provincial,Cultivation,Lúa,,Area_Planted,47643.0,ha,Actual,PL4
5f3a53797780bfc3,2012,5,Bình Định,Provincial,Cultivation,Lúa,,Area_Planted,6448.0,ha,Actual,PL4
5f3a53797780bfc3,2012,5,Bình Định,Provincial,Cultivation,Lúa,,Area_Planted,1000.0,ha,Actual,PL4
5f3a53797780bfc3,2012,5,Bình Định,Provincial,Cultivation,Lúa,,Area_Planted,4024.0,ha,Actual,PL4
5f3a53797780bfc3,2012,5,Bình Định,Provincial,Cultivation,Lúa,,Area_Planted,4024.0,ha,Actual,PL4
08db383a95707ea6,2012,5,Phú Yên,Provincial,Cultivation,Lúa,,Area_Planted,26344.0,ha,Actual,PL4
08db383a95707ea6,2012,5,Phú Yên,Provincial,Cultivation,Lúa,,Area_Planted,6324.0,ha,Actual,PL4
08db383a95707ea6,2012,5,Phú Yên,Provincial,Cultivation,Lúa,,Area_Planted,1000.0,ha,Actual,PL4
08db383a95707ea6,2012,5,Phú Yên,Provincial,Cultivation,Lúa,,Area_Planted,1240.0,ha,Actual,PL4
08db383a95707ea6,2012,5,Phú Yên,Provincial,Cultivation,Lúa,,Area_Planted,15545.0,ha,Actual,PL4
08db383a95707ea6,2012,5,Phú Yên,Provincial,Cultivation,Lúa,,Area_Planted,2356.0,ha,Actual,PL4
08db383a95707ea6,2012,5,Phú Yên,Provincial,Cultivation,Lúa,,Area_Planted,187.0,ha,Actual,PL4
08db383a95707ea6,2012,5,Phú Yên,Provincial,Cultivation,Lúa,,Area_Planted,12680.0,ha,Actual,PL4
08db383a95707ea6,2012,5,Phú Yên,Provincial,Cultivation,Lúa,,Area_Planted,135.0,ha,Actual,PL4
96c8f47e6d5e7294,2012,5,Khánh Hoà,Provincial,Cultivation,Lúa,,Area_Planted,19565.0,ha,Actual,PL4
96c8f47e6d5e7294,2012,5,Khánh Hoà,Provincial,Cultivation,Lúa,,Area_Planted,5500.0,ha,Actual,PL4
96c8f47e6d5e7294,2012,5,Khánh Hoà,Provincial,Cultivation,Lúa,,Area_Planted,1000.0,ha,Actual,PL4
96c8f47e6d5e7294,2012,5,Khánh Hoà,Provincial,Cultivation,Lúa,,Area_Planted,9187.0,ha,Actual,PL4
96c8f47e6d5e7294,2012,5,Khánh Hoà,Provincial,Cultivation,Lúa,,Area_Planted,4543.0,ha,Actual,PL4
96c8f47e6d5e7294,2012,5,Khánh Hoà,Provincial,Cultivation,Lúa,,Area_Planted,2073.0,ha,Actual,PL4
96c8f47e6d5e7294,2012,5,Khánh Hoà,Provincial,Cultivation,Lúa,,Area_Planted,116.0,ha,Actual,PL4
96c8f47e6d5e7294,2012,5,Khánh Hoà,Provincial,Cultivation,Lúa,,Area_Planted,2112.0,ha,Actual,PL4
96c8f47e6d5e7294,2012,5,Khánh Hoà,Provincial,Cultivation,Lúa,,Area_Planted,126.0,ha,Actual,PL4
60c5588ca1d390d3,2012,5,Ninh Thuận,Provincial,Cultivation,Lúa,,Area_Planted,14335.0,ha,Actual,PL4
60c5588ca1d390d3,2012,5,Ninh Thuận,Provincial,Cultivation,Lúa,,Area_Planted,6005.0,ha,Actual,PL4
60c5588ca1d390d3,2012,5,Ninh Thuận,Provincial,Cultivation,Lúa,,Area_Planted,1000.0,ha,Actual,PL4
60c5588ca1d390d3,2012,5,Ninh Thuận,Provincial,Cultivation,Lúa,,Area_Planted,2135.0,ha,Actual,PL4
60c5588ca1d390d3,2012,5,Ninh Thuận,Provincial,Cultivation,Lúa,,Area_Planted,3130.0,ha,Actual,PL4
60c5588ca1d390d3,2012,5,Ninh Thuận,Provincial,Cultivation,Lúa,,Area_Planted,2909.0,ha,Actual,PL4
60c5588ca1d390d3,2012,5,Ninh Thuận,Provincial,Cultivation,Lúa,,Area_Planted,41.0,ha,Actual,PL4
60c5588ca1d390d3,2012,5,Ninh Thuận,Provincial,Cultivation,Lúa,,Area_Planted,139.0,ha,Actual,PL4
f69a5507ae2745a0,2012,5,Bình Thuận,Provincial,Cultivation,Lúa,,Area_Planted,32563.0,ha,Actual,PL4
f69a5507ae2745a0,2012,5,Bình Thuận,Provincial,Cultivation,Lúa,,Area_Planted,6000.0,ha,Actual,PL4
f69a5507ae2745a0,2012,5,Bình Thuận,Provincial,Cultivation,Lúa,,Area_Planted,1000.0,ha,Actual,PL4
f69a5507ae2745a0,2012,5,Bình Thuận,Provincial,Cultivation,Lúa,,Area_Planted,4660.0,ha,Actual,PL4
f69a5507ae2745a0,2012,5,Bình Thuận,Provincial,Cultivation,Lúa,,Area_Planted,3445.0,ha,Actual,PL4
f69a5507ae2745a0,2012,5,Bình Thuận,Provincial,Cultivation,Lúa,,Area_Planted,288.0,ha,Actual,PL4
f69a5507ae2745a0,2012,5,Bình Thuận,Provincial,Cultivation,Lúa,,Area_Planted,612.0,ha,Actual,PL4
f69a5507ae2745a0,2012,5,Bình Thuận,Provincial,Cultivation,Lúa,,Area_Planted,27.0,ha,Actual,PL4
3d33b37c1ddc0dab,2012,5,Tây Nguyên,Provincial,Cultivation,Lúa,,Area_Planted,59579.0,ha,Actual,PL4
3d33b37c1ddc0dab,2012,5,Tây Nguyên,Provincial,Cultivation,Lúa,,Area_Planted,5774.0,ha,Actual,PL4
3d33b37c1ddc0dab,2012,5,Tây Nguyên,Provincial,Cultivation,Lúa,,Area_Planted,744.0,ha,Actual,PL4
3d33b37c1ddc0dab,2012,5,Tây Nguyên,Provincial,Cultivation,Lúa,,Area_Planted,10206.0,ha,Actual,PL4
3d33b37c1ddc0dab,2012,5,Tây Nguyên,Provincial,Cultivation,Lúa,,Area_Planted,131577.0,ha,Actual,PL4
3d33b37c1ddc0dab,2012,5,Tây Nguyên,Provincial,Cultivation,Lúa,,Area_Planted,68592.0,ha,Actual,PL4
3d33b37c1ddc0dab,2012,5,Tây Nguyên,Provincial,Cultivation,Lúa,,Area_Planted,6706.0,ha,Actual,PL4
3d33b37c1ddc0dab,2012,5,Tây Nguyên,Provincial,Cultivation,Lúa,,Area_Planted,49572.0,ha,Actual,PL4
3d33b37c1ddc0dab,2012,5,Tây Nguyên,Provincial,Cultivation,Lúa,,Area_Planted,1.0,ha,Actual,PL4
637231fc949e1c0b,2012,5,Kon Tum,Provincial,Cultivation,Lúa,,Area_Planted,4800.0,ha,Actual,PL4
637231fc949e1c0b,2012,5,Kon Tum,Provincial,Cultivation,Lúa,,Area_Planted,4570.0,ha,Actual,PL4
637231fc949e1c0b,2012,5,Kon Tum,Provincial,Cultivation,Lúa,,Area_Planted,698.0,ha,Actual,PL4
637231fc949e1c0b,2012,5,Kon Tum,Provincial,Cultivation,Lúa,,Area_Planted,685.0,ha,Actual,PL4
637231fc949e1c0b,2012,5,Kon Tum,Provincial,Cultivation,Lúa,,Area_Planted,685.0,ha,Actual,PL4
b59ef0c5a6c5ae8c,2012,5,Gia Lai,Provincial,Cultivation,Lúa,,Area_Planted,21601.0,ha,Actual,PL4
b59ef0c5a6c5ae8c,2012,5,Gia Lai,Provincial,Cultivation,Lúa,,Area_Planted,5700.0,ha,Actual,PL4
b59ef0c5a6c5ae8c,2012,5,Gia Lai,Provincial,Cultivation,Lúa,,Area_Planted,850.0,ha,Actual,PL4
b59ef0c5a6c5ae8c,2012,5,Gia Lai,Provincial,Cultivation,Lúa,,Area_Planted,50049.0,ha,Actual,PL4
b59ef0c5a6c5ae8c,2012,5,Gia Lai,Provincial,Cultivation,Lúa,,Area_Planted,10092.0,ha,Actual,PL4
b59ef0c5a6c5ae8c,2012,5,Gia Lai,Provincial,Cultivation,Lúa,,Area_Planted,425.0,ha,Actual,PL4
b59ef0c5a6c5ae8c,2012,5,Gia Lai,Provincial,Cultivation,Lúa,,Area_Planted,39106.0,ha,Actual,PL4
b59ef0c5a6c5ae8c,2012,5,Gia Lai,Provincial,Cultivation,Lúa,,Area_Planted,1.0,ha,Actual,PL4
1daf033e60077b66,2012,5,Đắc Lắc,Provincial,Cultivation,Lúa,,Area_Planted,22750.0,ha,Actual,PL4
1daf033e60077b66,2012,5,Đắc Lắc,Provincial,Cultivation,Lúa,,Area_Planted,6300.0,ha,Actual,PL4
1daf033e60077b66,2012,5,Đắc Lắc,Provincial,Cultivation,Lúa,,Area_Planted,697.0,ha,Actual,PL4
1daf033e60077b66,2012,5,Đắc Lắc,Provincial,Cultivation,Lúa,,Area_Planted,5553.0,ha,Actual,PL4
1daf033e60077b66,2012,5,Đắc Lắc,Provincial,Cultivation,Lúa,,Area_Planted,48892.0,ha,Actual,PL4
1daf033e60077b66,2012,5,Đắc Lắc,Provincial,Cultivation,Lúa,,Area_Planted,46203.0,ha,Actual,PL4
1daf033e60077b66,2012,5,Đắc Lắc,Provincial,Cultivation,Lúa,,Area_Planted,1158.0,ha,Actual,PL4
1daf033e60077b66,2012,5,Đắc Lắc,Provincial,Cultivation,Lúa,,Area_Planted,373.0,ha,Actual,PL4
1ed74c12beff5d6d,2012,5,Đắc Nông,Provincial,Cultivation,Lúa,,Area_Planted,3665.0,ha,Actual,PL4
1ed74c12beff5d6d,2012,5,Đắc Nông,Provincial,Cultivation,Lúa,,Area_Planted,5900.0,ha,Actual,PL4
1ed74c12beff5d6d,2012,5,Đắc Nông,Provincial,Cultivation,Lúa,,Area_Planted,801.0,ha,Actual,PL4
1ed74c12beff5d6d,2012,5,Đắc Nông,Provincial,Cultivation,Lúa,,Area_Planted,68.0,ha,Actual,PL4
1ed74c12beff5d6d,2012,5,Đắc Nông,Provincial,Cultivation,Lúa,,Area_Planted,22602.0,ha,Actual,PL4
1ed74c12beff5d6d,2012,5,Đắc Nông,Provincial,Cultivation,Lúa,,Area_Planted,2827.0,ha,Actual,PL4
1ed74c12beff5d6d,2012,5,Đắc Nông,Provincial,Cultivation,Lúa,,Area_Planted,4841.0,ha,Actual,PL4
1ed74c12beff5d6d,2012,5,Đắc Nông,Provincial,Cultivation,Lúa,,Area_Planted,10093.0,ha,Actual,PL4
87aa3ba7a5964cc5,2012,5,Lâm Đồng,Provincial,Cultivation,Lúa,,Area_Planted,6763.0,ha,Actual,PL4
87aa3ba7a5964cc5,2012,5,Lâm Đồng,Provincial,Cultivation,Lúa,,Area_Planted,5030.0,ha,Actual,PL4
87aa3ba7a5964cc5,2012,5,Lâm Đồng,Provincial,Cultivation,Lúa,,Area_Planted,636.0,ha,Actual,PL4
87aa3ba7a5964cc5,2012,5,Lâm Đồng,Provincial,Cultivation,Lúa,,Area_Planted,4585.0,ha,Actual,PL4
87aa3ba7a5964cc5,2012,5,Lâm Đồng,Provincial,Cultivation,Lúa,,Area_Planted,9349.0,ha,Actual,PL4
87aa3ba7a5964cc5,2012,5,Lâm Đồng,Provincial,Cultivation,Lúa,,Area_Planted,8785.0,ha,Actual,PL4
87aa3ba7a5964cc5,2012,5,Lâm Đồng,Provincial,Cultivation,Lúa,,Area_Planted,282.0,ha,Actual,PL4
050fb011e781a345,2012,5,Đông Nam Bộ,Provincial,Cultivation,Lúa,,Area_Planted,77906.0,ha,Actual,PL4
050fb011e781a345,2012,5,Đông Nam Bộ,Provincial,Cultivation,Lúa,,Area_Planted,4948.0,ha,Actual,PL4
050fb011e781a345,2012,5,Đông Nam Bộ,Provincial,Cultivation,Lúa,,Area_Planted,970.0,ha,Actual,PL4
050fb011e781a345,2012,5,Đông Nam Bộ,Provincial,Cultivation,Lúa,,Area_Planted,45072.0,ha,Actual,PL4
050fb011e781a345,2012,5,Đông Nam Bộ,Provincial,Cultivation,Lúa,,Area_Planted,58152.0,ha,Actual,PL4
050fb011e781a345,2012,5,Đông Nam Bộ,Provincial,Cultivation,Lúa,,Area_Planted,19544.0,ha,Actual,PL4
050fb011e781a345,2012,5,Đông Nam Bộ,Provincial,Cultivation,Lúa,,Area_Planted,2291.0,ha,Actual,PL4
050fb011e781a345,2012,5,Đông Nam Bộ,Provincial,Cultivation,Lúa,,Area_Planted,32790.0,ha,Actual,PL4
050fb011e781a345,2012,5,Đông Nam Bộ,Provincial,Cultivation,Lúa,,Area_Planted,1236.0,ha,Actual,PL4
bc4402483b5d7158,2012,5,Bình Phước,Provincial,Cultivation,Lúa,,Area_Planted,3586.0,ha,Actual,PL4
bc4402483b5d7158,2012,5,Bình Phước,Provincial,Cultivation,Lúa,,Area_Planted,3444.0,ha,Actual,PL4
bc4402483b5d7158,2012,5,Bình Phước,Provincial,Cultivation,Lúa,,Area_Planted,1000.0,ha,Actual,PL4
bc4402483b5d7158,2012,5,Bình Phước,Provincial,Cultivation,Lúa,,Area_Planted,5353.0,ha,Actual,PL4
bc4402483b5d7158,2012,5,Bình Phước,Provincial,Cultivation,Lúa,,Area_Planted,499.0,ha,Actual,PL4
bc4402483b5d7158,2012,5,Bình Phước,Provincial,Cultivation,Lúa,,Area_Planted,1669.0,ha,Actual,PL4
bc4402483b5d7158,2012,5,Bình Phước,Provincial,Cultivation,Lúa,,Area_Planted,1351.0,ha,Actual,PL4
bc4402483b5d7158,2012,5,Bình Phước,Provincial,Cultivation,Lúa,,Area_Planted,165.0,ha,Actual,PL4
254a7058bd70a578,2012,5,Tây Ninh,Provincial,Cultivation,Lúa,,Area_Planted,46266.0,ha,Actual,PL4
254a7058bd70a578,2012,5,Tây Ninh,Provincial,Cultivation,Lúa,,Area_Planted,4800.0,ha,Actual,PL4
254a7058bd70a578,2012,5,Tây Ninh,Provincial,Cultivation,Lúa,,Area_Planted,964.0,ha,Actual,PL4
254a7058bd70a578,2012,5,Tây Ninh,Provincial,Cultivation,Lúa,,Area_Planted,31043.0,ha,Actual,PL4
254a7058bd70a578,2012,5,Tây Ninh,Provincial,Cultivation,Lúa,,Area_Planted,26221.0,ha,Actual,PL4
254a7058bd70a578,2012,5,Tây Ninh,Provincial,Cultivation,Lúa,,Area_Planted,678.0,ha,Actual,PL4
254a7058bd70a578,2012,5,Tây Ninh,Provincial,Cultivation,Lúa,,Area_Planted,361.0,ha,Actual,PL4
254a7058bd70a578,2012,5,Tây Ninh,Provincial,Cultivation,Lúa,,Area_Planted,24346.0,ha,Actual,PL4
254a7058bd70a578,2012,5,Tây Ninh,Provincial,Cultivation,Lúa,,Area_Planted,475.0,ha,Actual,PL4
bc331dc6071c2966,2012,5,Bình Dương,Provincial,Cultivation,Lúa,,Area_Planted,2888.0,ha,Actual,PL4
bc331dc6071c2966,2012,5,Bình Dương,Provincial,Cultivation,Lúa,,Area_Planted,4636.0,ha,Actual,PL4
bc331dc6071c2966,2012,5,Bình Dương,Provincial,Cultivation,Lúa,,Area_Planted,1000.0,ha,Actual,PL4
bc331dc6071c2966,2012,5,Bình Dương,Provincial,Cultivation,Lúa,,Area_Planted,701.0,ha,Actual,PL4
bc331dc6071c2966,2012,5,Bình Dương,Provincial,Cultivation,Lúa,,Area_Planted,1575.0,ha,Actual,PL4
bc331dc6071c2966,2012,5,Bình Dương,Provincial,Cultivation,Lúa,,Area_Planted,78.0,ha,Actual,PL4
bc331dc6071c2966,2012,5,Bình Dương,Provincial,Cultivation,Lúa,,Area_Planted,1128.0,ha,Actual,PL4
bc331dc6071c2966,2012,5,Bình Dương,Provincial,Cultivation,Lúa,,Area_Planted,369.0,ha,Actual,PL4
c7799dea9b29c57b,2012,5,Đồng Nai,Provincial,Cultivation,Lúa,,Area_Planted,14307.0,ha,Actual,PL4
c7799dea9b29c57b,2012,5,Đồng Nai,Provincial,Cultivation,Lúa,,Area_Planted,5741.0,ha,Actual,PL4
c7799dea9b29c57b,2012,5,Đồng Nai,Provincial,Cultivation,Lúa,,Area_Planted,1000.0,ha,Actual,PL4
c7799dea9b29c57b,2012,5,Đồng Nai,Provincial,Cultivation,Lúa,,Area_Planted,6430.0,ha,Actual,PL4
c7799dea9b29c57b,2012,5,Đồng Nai,Provincial,Cultivation,Lúa,,Area_Planted,11779.0,ha,Actual,PL4
c7799dea9b29c57b,2012,5,Đồng Nai,Provincial,Cultivation,Lúa,,Area_Planted,9726.0,ha,Actual,PL4
c7799dea9b29c57b,2012,5,Đồng Nai,Provincial,Cultivation,Lúa,,Area_Planted,176.0,ha,Actual,PL4
c7799dea9b29c57b,2012,5,Đồng Nai,Provincial,Cultivation,Lúa,,Area_Planted,1568.0,ha,Actual,PL4
c7799dea9b29c57b,2012,5,Đồng Nai,Provincial,Cultivation,Lúa,,Area_Planted,133.0,ha,Actual,PL4
e76f923e5e768a4d,2012,5,Bà Rịa-V.Tàu,Provincial,Cultivation,Lúa,,Area_Planted,5408.0,ha,Actual,PL4
e76f923e5e768a4d,2012,5,Bà Rịa-V.Tàu,Provincial,Cultivation,Lúa,,Area_Planted,5020.0,ha,Actual,PL4
e76f923e5e768a4d,2012,5,Bà Rịa-V.Tàu,Provincial,Cultivation,Lúa,,Area_Planted,1000.0,ha,Actual,PL4
e76f923e5e768a4d,2012,5,Bà Rịa-V.Tàu,Provincial,Cultivation,Lúa,,Area_Planted,4531.0,ha,Actual,PL4
e76f923e5e768a4d,2012,5,Bà Rịa-V.Tàu,Provincial,Cultivation,Lúa,,Area_Planted,13224.0,ha,Actual,PL4
e76f923e5e768a4d,2012,5,Bà Rịa-V.Tàu,Provincial,Cultivation,Lúa,,Area_Planted,8563.0,ha,Actual,PL4
e76f923e5e768a4d,2012,5,Bà Rịa-V.Tàu,Provincial,Cultivation,Lúa,,Area_Planted,85.0,ha,Actual,PL4
e76f923e5e768a4d,2012,5,Bà Rịa-V.Tàu,Provincial,Cultivation,Lúa,,Area_Planted,4397.0,ha,Actual,PL4
e76f923e5e768a4d,2012,5,Bà Rịa-V.Tàu,Provincial,Cultivation,Lúa,,Area_Planted,94.0,ha,Actual,PL4
c1ad538b1a0aafd2,2012,5,TP Hồ Chí Minh,Provincial,Cultivation,Lúa,,Area_Planted,5451.0,ha,Actual,PL4
c1ad538b1a0aafd2,2012,5,TP Hồ Chí Minh,Provincial,Cultivation,Lúa,,Area_Planted,5200.0,ha,Actual,PL4
c1ad538b1a0aafd2,2012,5,TP Hồ Chí Minh,Provincial,Cultivation,Lúa,,Area_Planted,886.0,ha,Actual,PL4
c1ad538b1a0aafd2,2012,5,TP Hồ Chí Minh,Provincial,Cultivation,Lúa,,Area_Planted,2367.0,ha,Actual,PL4
ce5bda1b642257f3,2012,5,ĐBS Cửu Long,Provincial,Cultivation,Lúa,,Area_Planted,1578506.0,ha,Actual,PL4
ce5bda1b642257f3,2012,5,ĐBS Cửu Long,Provincial,Cultivation,Lúa,,Area_Planted,6856.0,ha,Actual,PL4
ce5bda1b642257f3,2012,5,ĐBS Cửu Long,Provincial,Cultivation,Lúa,,Area_Planted,999.0,ha,Actual,PL4
ce5bda1b642257f3,2012,5,ĐBS Cửu Long,Provincial,Cultivation,Lúa,,Area_Planted,1305317.0,ha,Actual,PL4
ce5bda1b642257f3,2012,5,ĐBS Cửu Long,Provincial,Cultivation,Lúa,,Area_Planted,58143.0,ha,Actual,PL4
ce5bda1b642257f3,2012,5,ĐBS Cửu Long,Provincial,Cultivation,Lúa,,Area_Planted,22639.0,ha,Actual,PL4
ce5bda1b642257f3,2012,5,ĐBS Cửu Long,Provincial,Cultivation,Lúa,,Area_Planted,13665.0,ha,Actual,PL4
ce5bda1b642257f3,2012,5,ĐBS Cửu Long,Provincial,Cultivation,Lúa,,Area_Planted,2082.0,ha,Actual,PL4
ce5bda1b642257f3,2012,5,ĐBS Cửu Long,Provincial,Cultivation,Lúa,,Area_Planted,6092.0,ha,Actual,PL4
cfcd66617fde29af,2012,5,Long An,Provincial,Cultivation,Lúa,,Area_Planted,261066.0,ha,Actual,PL4
cfcd66617fde29af,2012,5,Long An,Provincial,Cultivation,Lúa,,Area_Planted,6115.0,ha,Actual,PL4
cfcd66617fde29af,2012,5,Long An,Provincial,Cultivation,Lúa,,Area_Planted,996.0,ha,Actual,PL4
cfcd66617fde29af,2012,5,Long An,Provincial,Cultivation,Lúa,,Area_Planted,176461.0,ha,Actual,PL4
cfcd66617fde29af,2012,5,Long An,Provincial,Cultivation,Lúa,,Area_Planted,7596.0,ha,Actual,PL4
cfcd66617fde29af,2012,5,Long An,Provincial,Cultivation,Lúa,,Area_Planted,3685.0,ha,Actual,PL4
cfcd66617fde29af,2012,5,Long An,Provincial,Cultivation,Lúa,,Area_Planted,61.0,ha,Actual,PL4
cfcd66617fde29af,2012,5,Long An,Provincial,Cultivation,Lúa,,Area_Planted,491.0,ha,Actual,PL4
cfcd66617fde29af,2012,5,Long An,Provincial,Cultivation,Lúa,,Area_Planted,3298.0,ha,Actual,PL4
51d62eb76efd5119,2012,5,Tiền Giang,Provincial,Cultivation,Lúa,,Area_Planted,80494.0,ha,Actual,PL4
51d62eb76efd5119,2012,5,Tiền Giang,Provincial,Cultivation,Lúa,,Area_Planted,6675.0,ha,Actual,PL4
51d62eb76efd5119,2012,5,Tiền Giang,Provincial,Cultivation,Lúa,,Area_Planted,1000.0,ha,Actual,PL4
51d62eb76efd5119,2012,5,Tiền Giang,Provincial,Cultivation,Lúa,,Area_Planted,74882.0,ha,Actual,PL4
51d62eb76efd5119,2012,5,Tiền Giang,Provincial,Cultivation,Lúa,,Area_Planted,4686.0,ha,Actual,PL4
51d62eb76efd5119,2012,5,Tiền Giang,Provincial,Cultivation,Lúa,,Area_Planted,2945.0,ha,Actual,PL4
51d62eb76efd5119,2012,5,Tiền Giang,Provincial,Cultivation,Lúa,,Area_Planted,261.0,ha,Actual,PL4
51d62eb76efd5119,2012,5,Tiền Giang,Provincial,Cultivation,Lúa,,Area_Planted,164.0,ha,Actual,PL4
51d62eb76efd5119,2012,5,Tiền Giang,Provincial,Cultivation,Lúa,,Area_Planted,1055.0,ha,Actual,PL4
6d061b47a7c6b577,2012,5,Bến Tre,Provincial,Cultivation,Lúa,,Area_Planted,20019.0,ha,Actual,PL4
6d061b47a7c6b577,2012,5,Bến Tre,Provincial,Cultivation,Lúa,,Area_Planted,5775.0,ha,Actual,PL4
6d061b47a7c6b577,2012,5,Bến Tre,Provincial,Cultivation,Lúa,,Area_Planted,1000.0,ha,Actual,PL4
6d061b47a7c6b577,2012,5,Bến Tre,Provincial,Cultivation,Lúa,,Area_Planted,5580.0,ha,Actual,PL4
6d061b47a7c6b577,2012,5,Bến Tre,Provincial,Cultivation,Lúa,,Area_Planted,593.0,ha,Actual,PL4
6d061b47a7c6b577,2012,5,Bến Tre,Provincial,Cultivation,Lúa,,Area_Planted,396.0,ha,Actual,PL4
6d061b47a7c6b577,2012,5,Bến Tre,Provincial,Cultivation,Lúa,,Area_Planted,59.0,ha,Actual,PL4
6d061b47a7c6b577,2012,5,Bến Tre,Provincial,Cultivation,Lúa,,Area_Planted,79.0,ha,Actual,PL4
77e3b642c394eecb,2012,5,Trà Vinh,Provincial,Cultivation,Lúa,,Area_Planted,58220.0,ha,Actual,PL4
77e3b642c394eecb,2012,5,Trà Vinh,Provincial,Cultivation,Lúa,,Area_Planted,6229.0,ha,Actual,PL4
77e3b642c394eecb,2012,5,Trà Vinh,Provincial,Cultivation,Lúa,,Area_Planted,1000.0,ha,Actual,PL4
77e3b642c394eecb,2012,5,Trà Vinh,Provincial,Cultivation,Lúa,,Area_Planted,42350.0,ha,Actual,PL4
77e3b642c394eecb,2012,5,Trà Vinh,Provincial,Cultivation,Lúa,,Area_Planted,5670.0,ha,Actual,PL4
77e3b642c394eecb,2012,5,Trà Vinh,Provincial,Cultivation,Lúa,,Area_Planted,3112.0,ha,Actual,PL4
77e3b642c394eecb,2012,5,Trà Vinh,Provincial,Cultivation,Lúa,,Area_Planted,878.0,ha,Actual,PL4
77e3b642c394eecb,2012,5,Trà Vinh,Provincial,Cultivation,Lúa,,Area_Planted,476.0,ha,Actual,PL4
77e3b642c394eecb,2012,5,Trà Vinh,Provincial,Cultivation,Lúa,,Area_Planted,326.0,ha,Actual,PL4
2e23ca630582924d,2012,5,Vĩnh Long,Provincial,Cultivation,Lúa,,Area_Planted,63751.0,ha,Actual,PL4
2e23ca630582924d,2012,5,Vĩnh Long,Provincial,Cultivation,Lúa,,Area_Planted,6820.0,ha,Actual,PL4
2e23ca630582924d,2012,5,Vĩnh Long,Provincial,Cultivation,Lúa,,Area_Planted,1000.0,ha,Actual,PL4
2e23ca630582924d,2012,5,Vĩnh Long,Provincial,Cultivation,Lúa,,Area_Planted,60093.0,ha,Actual,PL4
2e23ca630582924d,2012,5,Vĩnh Long,Provincial,Cultivation,Lúa,,Area_Planted,16552.0,ha,Actual,PL4
2e23ca630582924d,2012,5,Vĩnh Long,Provincial,Cultivation,Lúa,,Area_Planted,891.0,ha,Actual,PL4
2e23ca630582924d,2012,5,Vĩnh Long,Provincial,Cultivation,Lúa,,Area_Planted,7671.0,ha,Actual,PL4
2e23ca630582924d,2012,5,Vĩnh Long,Provincial,Cultivation,Lúa,,Area_Planted,98.0,ha,Actual,PL4
2e23ca630582924d,2012,5,Vĩnh Long,Provincial,Cultivation,Lúa,,Area_Planted,221.0,ha,Actual,PL4
0d72bd4ac7d0063a,2012,5,Đồng Tháp,Provincial,Cultivation,Lúa,,Area_Planted,208490.0,ha,Actual,PL4
0d72bd4ac7d0063a,2012,5,Đồng Tháp,Provincial,Cultivation,Lúa,,Area_Planted,7350.0,ha,Actual,PL4
0d72bd4ac7d0063a,2012,5,Đồng Tháp,Provincial,Cultivation,Lúa,,Area_Planted,1000.0,ha,Actual,PL4
0d72bd4ac7d0063a,2012,5,Đồng Tháp,Provincial,Cultivation,Lúa,,Area_Planted,196576.0,ha,Actual,PL4
0d72bd4ac7d0063a,2012,5,Đồng Tháp,Provincial,Cultivation,Lúa,,Area_Planted,8067.0,ha,Actual,PL4
0d72bd4ac7d0063a,2012,5,Đồng Tháp,Provincial,Cultivation,Lúa,,Area_Planted,3240.0,ha,Actual,PL4
0d72bd4ac7d0063a,2012,5,Đồng Tháp,Provincial,Cultivation,Lúa,,Area_Planted,2033.0,ha,Actual,PL4
0d72bd4ac7d0063a,2012,5,Đồng Tháp,Provincial,Cultivation,Lúa,,Area_Planted,761.0,ha,Actual,PL4
cdfcf540d34445a8,2012,5,An Giang,Provincial,Cultivation,Lúa,,Area_Planted,235818.0,ha,Actual,PL4
cdfcf540d34445a8,2012,5,An Giang,Provincial,Cultivation,Lúa,,Area_Planted,7432.0,ha,Actual,PL4
cdfcf540d34445a8,2012,5,An Giang,Provincial,Cultivation,Lúa,,Area_Planted,1000.0,ha,Actual,PL4
cdfcf540d34445a8,2012,5,An Giang,Provincial,Cultivation,Lúa,,Area_Planted,229162.0,ha,Actual,PL4
cdfcf540d34445a8,2012,5,An Giang,Provincial,Cultivation,Lúa,,Area_Planted,5805.0,ha,Actual,PL4
cdfcf540d34445a8,2012,5,An Giang,Provincial,Cultivation,Lúa,,Area_Planted,3684.0,ha,Actual,PL4
cdfcf540d34445a8,2012,5,An Giang,Provincial,Cultivation,Lúa,,Area_Planted,723.0,ha,Actual,PL4
cdfcf540d34445a8,2012,5,An Giang,Provincial,Cultivation,Lúa,,Area_Planted,380.0,ha,Actual,PL4
cdfcf540d34445a8,2012,5,An Giang,Provincial,Cultivation,Lúa,,Area_Planted,295.0,ha,Actual,PL4
62b4c95f8ddbe809,2012,5,Kiên Giang,Provincial,Cultivation,Lúa,,Area_Planted,291487.0,ha,Actual,PL4
62b4c95f8ddbe809,2012,5,Kiên Giang,Provincial,Cultivation,Lúa,,Area_Planted,7000.0,ha,Actual,PL4
62b4c95f8ddbe809,2012,5,Kiên Giang,Provincial,Cultivation,Lúa,,Area_Planted,1000.0,ha,Actual,PL4
62b4c95f8ddbe809,2012,5,Kiên Giang,Provincial,Cultivation,Lúa,,Area_Planted,188657.0,ha,Actual,PL4
62b4c95f8ddbe809,2012,5,Kiên Giang,Provincial,Cultivation,Lúa,,Area_Planted,390.0,ha,Actual,PL4
62b4c95f8ddbe809,2012,5,Kiên Giang,Provincial,Cultivation,Lúa,,Area_Planted,120.0,ha,Actual,PL4
62b4c95f8ddbe809,2012,5,Kiên Giang,Provincial,Cultivation,Lúa,,Area_Planted,150.0,ha,Actual,PL4
6e6bdabde01cfa68,2012,5,Cần Thơ,Provincial,Cultivation,Lúa,,Area_Planted,87770.0,ha,Actual,PL4
6e6bdabde01cfa68,2012,5,Cần Thơ,Provincial,Cultivation,Lúa,,Area_Planted,7292.0,ha,Actual,PL4
6e6bdabde01cfa68,2012,5,Cần Thơ,Provincial,Cultivation,Lúa,,Area_Planted,1000.0,ha,Actual,PL4
6e6bdabde01cfa68,2012,5,Cần Thơ,Provincial,Cultivation,Lúa,,Area_Planted,82192.0,ha,Actual,PL4
6e6bdabde01cfa68,2012,5,Cần Thơ,Provincial,Cultivation,Lúa,,Area_Planted,2044.0,ha,Actual,PL4
6e6bdabde01cfa68,2012,5,Cần Thơ,Provincial,Cultivation,Lúa,,Area_Planted,488.0,ha,Actual,PL4
6e6bdabde01cfa68,2012,5,Cần Thơ,Provincial,Cultivation,Lúa,,Area_Planted,778.0,ha,Actual,PL4
9f27944549b49596,2012,5,Hậu Giang,Provincial,Cultivation,Lúa,,Area_Planted,77944.0,ha,Actual,PL4
9f27944549b49596,2012,5,Hậu Giang,Provincial,Cultivation,Lúa,,Area_Planted,7110.0,ha,Actual,PL4
9f27944549b49596,2012,5,Hậu Giang,Provincial,Cultivation,Lúa,,Area_Planted,1000.0,ha,Actual,PL4
9f27944549b49596,2012,5,Hậu Giang,Provincial,Cultivation,Lúa,,Area_Planted,75414.0,ha,Actual,PL4
9f27944549b49596,2012,5,Hậu Giang,Provincial,Cultivation,Lúa,,Area_Planted,1737.0,ha,Actual,PL4
9f27944549b49596,2012,5,Hậu Giang,Provincial,Cultivation,Lúa,,Area_Planted,1737.0,ha,Actual,PL4
4e558e57d805a78c,2012,5,Sóc Trăng,Provincial,Cultivation,Lúa,,Area_Planted,138842.0,ha,Actual,PL4
4e558e57d805a78c,2012,5,Sóc Trăng,Provincial,Cultivation,Lúa,,Area_Planted,6552.0,ha,Actual,PL4
4e558e57d805a78c,2012,5,Sóc Trăng,Provincial,Cultivation,Lúa,,Area_Planted,1000.0,ha,Actual,PL4
4e558e57d805a78c,2012,5,Sóc Trăng,Provincial,Cultivation,Lúa,,Area_Planted,118160.0,ha,Actual,PL4
4e558e57d805a78c,2012,5,Sóc Trăng,Provincial,Cultivation,Lúa,,Area_Planted,4959.0,ha,Actual,PL4
4e558e57d805a78c,2012,5,Sóc Trăng,Provincial,Cultivation,Lúa,,Area_Planted,2417.0,ha,Actual,PL4
4e558e57d805a78c,2012,5,Sóc Trăng,Provincial,Cultivation,Lúa,,Area_Planted,1081.0,ha,Actual,PL4
4e558e57d805a78c,2012,5,Sóc Trăng,Provincial,Cultivation,Lúa,,Area_Planted,244.0,ha,Actual,PL4
4e558e57d805a78c,2012,5,Sóc Trăng,Provincial,Cultivation,Lúa,,Area_Planted,136.0,ha,Actual,PL4
7071ecb12eee4bb5,2012,5,Bạc Liêu,Provincial,Cultivation,Lúa,,Area_Planted,54605.0,ha,Actual,PL4
7071ecb12eee4bb5,2012,5,Bạc Liêu,Provincial,Cultivation,Lúa,,Area_Planted,6338.0,ha,Actual,PL4
7071ecb12eee4bb5,2012,5,Bạc Liêu,Provincial,Cultivation,Lúa,,Area_Planted,1000.0,ha,Actual,PL4
7071ecb12eee4bb5,2012,5,Bạc Liêu,Provincial,Cultivation,Lúa,,Area_Planted,55790.0,ha,Actual,PL4
7071ecb12eee4bb5,2012,5,Bạc Liêu,Provincial,Cultivation,Lúa,,Area_Planted,44.0,ha,Actual,PL4
7071ecb12eee4bb5,2012,5,Bạc Liêu,Provincial,Cultivation,Lúa,,Area_Planted,44.0,ha,Actual,PL4
72deff63b2b7fb1e,2012,5,Miền Nam,Provincial,Cultivation,Lúa,,Area_Planted,170166.0,ha,Actual,PL5
0bd4e7271543321e,2012,5,Miền Nam,Provincial,Cultivation,Đậu tương,,Area_Planted,6599.0,ha,Actual,PL5
48c08dddcbbe8811,2012,5,Miền Nam,Provincial,Cultivation,Lạc,,Area_Planted,45814.0,ha,Actual,PL5
72deff63b2b7fb1e,2012,5,Miền Nam,Provincial,Cultivation,Lúa,,Area_Planted,14785.0,ha,Actual,PL5
72deff63b2b7fb1e,2012,5,Miền Nam,Provincial,Cultivation,Lúa,,Area_Planted,5781.0,ha,Actual,PL5
98f3ae2f992c38aa,2012,5,Miền Nam,Provincial,Cultivation,Mía,,Area_Planted,100940.0,ha,Actual,PL5
72deff63b2b7fb1e,2012,5,Miền Nam,Provincial,Cultivation,Lúa,,Area_Planted,474.0,ha,Actual,PL5
72deff63b2b7fb1e,2012,5,Miền Nam,Provincial,Cultivation,Lúa,,Area_Planted,2372.0,ha,Actual,PL5
72deff63b2b7fb1e,2012,5,Miền Nam,Provincial,Cultivation,Lúa,,Area_Planted,234175.0,ha,Actual,PL5
72deff63b2b7fb1e,2012,5,Miền Nam,Provincial,Cultivation,Lúa,,Area_Planted,27369.0,ha,Actual,PL5
cc49ee2cce42b28d,2012,5,D.H Nam Trg Bộ,Provincial,Cultivation,Lúa,,Area_Planted,60264.0,ha,Actual,PL5
a1bcba295c2b8aed,2012,5,D.H Nam Trg Bộ,Provincial,Cultivation,Đậu tương,,Area_Planted,615.0,ha,Actual,PL5
c064784688431bca,2012,5,D.H Nam Trg Bộ,Provincial,Cultivation,Lạc,,Area_Planted,24957.0,ha,Actual,PL5
cc49ee2cce42b28d,2012,5,D.H Nam Trg Bộ,Provincial,Cultivation,Lúa,,Area_Planted,2933.0,ha,Actual,PL5
cc49ee2cce42b28d,2012,5,D.H Nam Trg Bộ,Provincial,Cultivation,Lúa,,Area_Planted,1182.0,ha,Actual,PL5
3c7a996f26a637f8,2012,5,D.H Nam Trg Bộ,Provincial,Cultivation,Mía,,Area_Planted,30689.0,ha,Actual,PL5
cc49ee2cce42b28d,2012,5,D.H Nam Trg Bộ,Provincial,Cultivation,Lúa,,Area_Planted,466.0,ha,Actual,PL5
cc49ee2cce42b28d,2012,5,D.H Nam Trg Bộ,Provincial,Cultivation,Lúa,,Area_Planted,37.0,ha,Actual,PL5
cc49ee2cce42b28d,2012,5,D.H Nam Trg Bộ,Provincial,Cultivation,Lúa,,Area_Planted,32510.0,ha,Actual,PL5
cc49ee2cce42b28d,2012,5,D.H Nam Trg Bộ,Provincial,Cultivation,Lúa,,Area_Planted,11238.0,ha,Actual,PL5
84aba4c6e9f58034,2012,5,TP Đà Nẵng,Provincial,Cultivation,Lúa,,Area_Planted,905.0,ha,Actual,PL5
79b7cc2a9b75d5cd,2012,5,TP Đà Nẵng,Provincial,Cultivation,Lạc,,Area_Planted,671.0,ha,Actual,PL5
255141f32472dba7,2012,5,TP Đà Nẵng,Provincial,Cultivation,Mía,,Area_Planted,234.0,ha,Actual,PL5
84aba4c6e9f58034,2012,5,TP Đà Nẵng,Provincial,Cultivation,Lúa,,Area_Planted,469.0,ha,Actual,PL5
84aba4c6e9f58034,2012,5,TP Đà Nẵng,Provincial,Cultivation,Lúa,,Area_Planted,3.0,ha,Actual,PL5
324e11494b77ee47,2012,5,Quảng Nam,Provincial,Cultivation,Lúa,,Area_Planted,11627.0,ha,Actual,PL5
e528c5bcd1e5b4ec,2012,5,Quảng Nam,Provincial,Cultivation,Đậu tương,,Area_Planted,50.0,ha,Actual,PL5
0ee2b520e1b75fb7,2012,5,Quảng Nam,Provincial,Cultivation,Lạc,,Area_Planted,9918.0,ha,Actual,PL5
324e11494b77ee47,2012,5,Quảng Nam,Provincial,Cultivation,Lúa,,Area_Planted,1500.0,ha,Actual,PL5
324e11494b77ee47,2012,5,Quảng Nam,Provincial,Cultivation,Lúa,,Area_Planted,90.0,ha,Actual,PL5
324e11494b77ee47,2012,5,Quảng Nam,Provincial,Cultivation,Lúa,,Area_Planted,119.0,ha,Actual,PL5
324e11494b77ee47,2012,5,Quảng Nam,Provincial,Cultivation,Lúa,,Area_Planted,7894.0,ha,Actual,PL5
324e11494b77ee47,2012,5,Quảng Nam,Provincial,Cultivation,Lúa,,Area_Planted,2950.0,ha,Actual,PL5
c9547de722001a3c,2012,5,Quảng Ngãi,Provincial,Cultivation,Lúa,,Area_Planted,8807.0,ha,Actual,PL5
f5fd5655b692b49a,2012,5,Quảng Ngãi,Provincial,Cultivation,Lạc,,Area_Planted,4057.0,ha,Actual,PL5
986132b259d9288e,2012,5,Quảng Ngãi,Provincial,Cultivation,Mía,,Area_Planted,4750.0,ha,Actual,PL5
c9547de722001a3c,2012,5,Quảng Ngãi,Provincial,Cultivation,Lúa,,Area_Planted,5836.0,ha,Actual,PL5
c9547de722001a3c,2012,5,Quảng Ngãi,Provincial,Cultivation,Lúa,,Area_Planted,1727.0,ha,Actual,PL5
5f3a53797780bfc3,2012,5,Bình Định,Provincial,Cultivation,Lúa,,Area_Planted,9046.0,ha,Actual,PL5
c14b5fdd75c175bd,2012,5,Bình Định,Provincial,Cultivation,Đậu tương,,Area_Planted,295.0,ha,Actual,PL5
ad699d47e7087a8b,2012,5,Bình Định,Provincial,Cultivation,Lạc,,Area_Planted,7998.0,ha,Actual,PL5
5f3a53797780bfc3,2012,5,Bình Định,Provincial,Cultivation,Lúa,,Area_Planted,1048.0,ha,Actual,PL5
5f3a53797780bfc3,2012,5,Bình Định,Provincial,Cultivation,Lúa,,Area_Planted,8854.0,ha,Actual,PL5
5f3a53797780bfc3,2012,5,Bình Định,Provincial,Cultivation,Lúa,,Area_Planted,1380.0,ha,Actual,PL5
08db383a95707ea6,2012,5,Phú Yên,Provincial,Cultivation,Lúa,,Area_Planted,17924.0,ha,Actual,PL5
aad7f954196a905f,2012,5,Phú Yên,Provincial,Cultivation,Đậu tương,,Area_Planted,270.0,ha,Actual,PL5
86a69898240cac32,2012,5,Phú Yên,Provincial,Cultivation,Lạc,,Area_Planted,555.0,ha,Actual,PL5
08db383a95707ea6,2012,5,Phú Yên,Provincial,Cultivation,Lúa,,Area_Planted,349.0,ha,Actual,PL5
08db383a95707ea6,2012,5,Phú Yên,Provincial,Cultivation,Lúa,,Area_Planted,332.0,ha,Actual,PL5
49dd6b84dd278e00,2012,5,Phú Yên,Provincial,Cultivation,Mía,,Area_Planted,16402.0,ha,Actual,PL5
08db383a95707ea6,2012,5,Phú Yên,Provincial,Cultivation,Lúa,,Area_Planted,249.0,ha,Actual,PL5
08db383a95707ea6,2012,5,Phú Yên,Provincial,Cultivation,Lúa,,Area_Planted,37.0,ha,Actual,PL5
08db383a95707ea6,2012,5,Phú Yên,Provincial,Cultivation,Lúa,,Area_Planted,2677.0,ha,Actual,PL5
08db383a95707ea6,2012,5,Phú Yên,Provincial,Cultivation,Lúa,,Area_Planted,2042.0,ha,Actual,PL5
96c8f47e6d5e7294,2012,5,Khánh Hoà,Provincial,Cultivation,Lúa,,Area_Planted,6491.0,ha,Actual,PL5
d6827683f38643c6,2012,5,Khánh Hoà,Provincial,Cultivation,Lạc,,Area_Planted,184.0,ha,Actual,PL5
96c8f47e6d5e7294,2012,5,Khánh Hoà,Provincial,Cultivation,Lúa,,Area_Planted,17.0,ha,Actual,PL5
96c8f47e6d5e7294,2012,5,Khánh Hoà,Provincial,Cultivation,Lúa,,Area_Planted,250.0,ha,Actual,PL5
7572b43f78c0c72e,2012,5,Khánh Hoà,Provincial,Cultivation,Mía,,Area_Planted,6040.0,ha,Actual,PL5
96c8f47e6d5e7294,2012,5,Khánh Hoà,Provincial,Cultivation,Lúa,,Area_Planted,2241.0,ha,Actual,PL5
96c8f47e6d5e7294,2012,5,Khánh Hoà,Provincial,Cultivation,Lúa,,Area_Planted,326.0,ha,Actual,PL5
60c5588ca1d390d3,2012,5,Ninh Thuận,Provincial,Cultivation,Lúa,,Area_Planted,3384.0,ha,Actual,PL5
89150fc9df159d3a,2012,5,Ninh Thuận,Provincial,Cultivation,Lạc,,Area_Planted,123.0,ha,Actual,PL5
60c5588ca1d390d3,2012,5,Ninh Thuận,Provincial,Cultivation,Lúa,,Area_Planted,6.0,ha,Actual,PL5
60c5588ca1d390d3,2012,5,Ninh Thuận,Provincial,Cultivation,Lúa,,Area_Planted,452.0,ha,Actual,PL5
3996d2e9e3eaa84b,2012,5,Ninh Thuận,Provincial,Cultivation,Mía,,Area_Planted,2762.0,ha,Actual,PL5
60c5588ca1d390d3,2012,5,Ninh Thuận,Provincial,Cultivation,Lúa,,Area_Planted,41.0,ha,Actual,PL5
60c5588ca1d390d3,2012,5,Ninh Thuận,Provincial,Cultivation,Lúa,,Area_Planted,2807.0,ha,Actual,PL5
60c5588ca1d390d3,2012,5,Ninh Thuận,Provincial,Cultivation,Lúa,,Area_Planted,903.0,ha,Actual,PL5
f69a5507ae2745a0,2012,5,Bình Thuận,Provincial,Cultivation,Lúa,,Area_Planted,2080.0,ha,Actual,PL5
2d7f83c2ff41a717,2012,5,Bình Thuận,Provincial,Cultivation,Lạc,,Area_Planted,1451.0,ha,Actual,PL5
f69a5507ae2745a0,2012,5,Bình Thuận,Provincial,Cultivation,Lúa,,Area_Planted,13.0,ha,Actual,PL5
f69a5507ae2745a0,2012,5,Bình Thuận,Provincial,Cultivation,Lúa,,Area_Planted,58.0,ha,Actual,PL5
70a9e29618cd9dbd,2012,5,Bình Thuận,Provincial,Cultivation,Mía,,Area_Planted,501.0,ha,Actual,PL5
f69a5507ae2745a0,2012,5,Bình Thuận,Provincial,Cultivation,Lúa,,Area_Planted,57.0,ha,Actual,PL5
f69a5507ae2745a0,2012,5,Bình Thuận,Provincial,Cultivation,Lúa,,Area_Planted,1732.0,ha,Actual,PL5
f69a5507ae2745a0,2012,5,Bình Thuận,Provincial,Cultivation,Lúa,,Area_Planted,1907.0,ha,Actual,PL5
3d33b37c1ddc0dab,2012,5,Tây Nguyên,Provincial,Cultivation,Lúa,,Area_Planted,6118.0,ha,Actual,PL5
c4c3ecb7a361b543,2012,5,Tây Nguyên,Provincial,Cultivation,Đậu tương,,Area_Planted,3004.0,ha,Actual,PL5
93915dc56806d605,2012,5,Tây Nguyên,Provincial,Cultivation,Lạc,,Area_Planted,1976.0,ha,Actual,PL5
3d33b37c1ddc0dab,2012,5,Tây Nguyên,Provincial,Cultivation,Lúa,,Area_Planted,643.0,ha,Actual,PL5
f257eb40c8b5f3be,2012,5,Tây Nguyên,Provincial,Cultivation,Mía,,Area_Planted,3499.0,ha,Actual,PL5
3d33b37c1ddc0dab,2012,5,Tây Nguyên,Provincial,Cultivation,Lúa,,Area_Planted,27366.0,ha,Actual,PL5
3d33b37c1ddc0dab,2012,5,Tây Nguyên,Provincial,Cultivation,Lúa,,Area_Planted,4925.0,ha,Actual,PL5
637231fc949e1c0b,2012,5,Kon Tum,Provincial,Cultivation,Lúa,,Area_Planted,1813.0,ha,Actual,PL5
2c66611a5ed7e988,2012,5,Kon Tum,Provincial,Cultivation,Lạc,,Area_Planted,12.0,ha,Actual,PL5
12498afb7ff6cce3,2012,5,Kon Tum,Provincial,Cultivation,Mía,,Area_Planted,1801.0,ha,Actual,PL5
637231fc949e1c0b,2012,5,Kon Tum,Provincial,Cultivation,Lúa,,Area_Planted,780.0,ha,Actual,PL5
637231fc949e1c0b,2012,5,Kon Tum,Provincial,Cultivation,Lúa,,Area_Planted,52.0,ha,Actual,PL5
b59ef0c5a6c5ae8c,2012,5,Gia Lai,Provincial,Cultivation,Lúa,,Area_Planted,649.0,ha,Actual,PL5
b4e97070f107e07c,2012,5,Gia Lai,Provincial,Cultivation,Lạc,,Area_Planted,149.0,ha,Actual,PL5
b78ae64365e13387,2012,5,Gia Lai,Provincial,Cultivation,Mía,,Area_Planted,500.0,ha,Actual,PL5
b59ef0c5a6c5ae8c,2012,5,Gia Lai,Provincial,Cultivation,Lúa,,Area_Planted,1414.0,ha,Actual,PL5
b59ef0c5a6c5ae8c,2012,5,Gia Lai,Provincial,Cultivation,Lúa,,Area_Planted,3804.0,ha,Actual,PL5
1daf033e60077b66,2012,5,Đắc Lắc,Provincial,Cultivation,Lúa,,Area_Planted,3136.0,ha,Actual,PL5
9eb36ac05c68a101,2012,5,Đắc Lắc,Provincial,Cultivation,Đậu tương,,Area_Planted,2839.0,ha,Actual,PL5
8ec19bcd4b46f954,2012,5,Đắc Lắc,Provincial,Cultivation,Lạc,,Area_Planted,1815.0,ha,Actual,PL5
1daf033e60077b66,2012,5,Đắc Lắc,Provincial,Cultivation,Lúa,,Area_Planted,643.0,ha,Actual,PL5
6f9b2d297d35e160,2012,5,Đắc Lắc,Provincial,Cultivation,Mía,,Area_Planted,678.0,ha,Actual,PL5
1daf033e60077b66,2012,5,Đắc Lắc,Provincial,Cultivation,Lúa,,Area_Planted,2472.0,ha,Actual,PL5
1daf033e60077b66,2012,5,Đắc Lắc,Provincial,Cultivation,Lúa,,Area_Planted,486.0,ha,Actual,PL5
1ed74c12beff5d6d,2012,5,Đắc Nông,Provincial,Cultivation,Lúa,,Area_Planted,520.0,ha,Actual,PL5
88c72f5f801ea98d,2012,5,Đắc Nông,Provincial,Cultivation,Đậu tương,,Area_Planted,165.0,ha,Actual,PL5
87634bceb2b8c44a,2012,5,Đắc Nông,Provincial,Cultivation,Mía,,Area_Planted,520.0,ha,Actual,PL5
1ed74c12beff5d6d,2012,5,Đắc Nông,Provincial,Cultivation,Lúa,,Area_Planted,933.0,ha,Actual,PL5
1ed74c12beff5d6d,2012,5,Đắc Nông,Provincial,Cultivation,Lúa,,Area_Planted,165.0,ha,Actual,PL5
87aa3ba7a5964cc5,2012,5,Lâm Đồng,Provincial,Cultivation,Lúa,,Area_Planted,21767.0,ha,Actual,PL5
87aa3ba7a5964cc5,2012,5,Lâm Đồng,Provincial,Cultivation,Lúa,,Area_Planted,418.0,ha,Actual,PL5
050fb011e781a345,2012,5,Đông Nam Bộ,Provincial,Cultivation,Lúa,,Area_Planted,20846.0,ha,Actual,PL5
ba0703e582322b19,2012,5,Đông Nam Bộ,Provincial,Cultivation,Đậu tương,,Area_Planted,175.0,ha,Actual,PL5
d33e28505a5b1be2,2012,5,Đông Nam Bộ,Provincial,Cultivation,Lạc,,Area_Planted,7254.0,ha,Actual,PL5
050fb011e781a345,2012,5,Đông Nam Bộ,Provincial,Cultivation,Lúa,,Area_Planted,761.0,ha,Actual,PL5
050fb011e781a345,2012,5,Đông Nam Bộ,Provincial,Cultivation,Lúa,,Area_Planted,3859.0,ha,Actual,PL5
417b02700899fd2a,2012,5,Đông Nam Bộ,Provincial,Cultivation,Mía,,Area_Planted,8964.0,ha,Actual,PL5
050fb011e781a345,2012,5,Đông Nam Bộ,Provincial,Cultivation,Lúa,,Area_Planted,8.0,ha,Actual,PL5
050fb011e781a345,2012,5,Đông Nam Bộ,Provincial,Cultivation,Lúa,,Area_Planted,27602.0,ha,Actual,PL5
050fb011e781a345,2012,5,Đông Nam Bộ,Provincial,Cultivation,Lúa,,Area_Planted,5380.0,ha,Actual,PL5
bc4402483b5d7158,2012,5,Bình Phước,Provincial,Cultivation,Lúa,,Area_Planted,115.0,ha,Actual,PL5
9c3ed7c7f09ebd83,2012,5,Bình Phước,Provincial,Cultivation,Đậu tương,,Area_Planted,8.0,ha,Actual,PL5
e7b4f107055b09c0,2012,5,Bình Phước,Provincial,Cultivation,Lạc,,Area_Planted,40.0,ha,Actual,PL5
bc4402483b5d7158,2012,5,Bình Phước,Provincial,Cultivation,Lúa,,Area_Planted,2.0,ha,Actual,PL5
8e4524858ffc8075,2012,5,Bình Phước,Provincial,Cultivation,Mía,,Area_Planted,73.0,ha,Actual,PL5
bc4402483b5d7158,2012,5,Bình Phước,Provincial,Cultivation,Lúa,,Area_Planted,947.0,ha,Actual,PL5
bc4402483b5d7158,2012,5,Bình Phước,Provincial,Cultivation,Lúa,,Area_Planted,167.0,ha,Actual,PL5
254a7058bd70a578,2012,5,Tây Ninh,Provincial,Cultivation,Lúa,,Area_Planted,14379.0,ha,Actual,PL5
a01a997ea77df328,2012,5,Tây Ninh,Provincial,Cultivation,Lạc,,Area_Planted,6884.0,ha,Actual,PL5
254a7058bd70a578,2012,5,Tây Ninh,Provincial,Cultivation,Lúa,,Area_Planted,746.0,ha,Actual,PL5
254a7058bd70a578,2012,5,Tây Ninh,Provincial,Cultivation,Lúa,,Area_Planted,3035.0,ha,Actual,PL5
03b6365ffe985dc5,2012,5,Tây Ninh,Provincial,Cultivation,Mía,,Area_Planted,3714.0,ha,Actual,PL5
254a7058bd70a578,2012,5,Tây Ninh,Provincial,Cultivation,Lúa,,Area_Planted,12163.0,ha,Actual,PL5
254a7058bd70a578,2012,5,Tây Ninh,Provincial,Cultivation,Lúa,,Area_Planted,4192.0,ha,Actual,PL5
bc331dc6071c2966,2012,5,Bình Dương,Provincial,Cultivation,Lúa,,Area_Planted,64.0,ha,Actual,PL5
0f44161bd254cbaa,2012,5,Bình Dương,Provincial,Cultivation,Lạc,,Area_Planted,64.0,ha,Actual,PL5
bc331dc6071c2966,2012,5,Bình Dương,Provincial,Cultivation,Lúa,,Area_Planted,897.0,ha,Actual,PL5
bc331dc6071c2966,2012,5,Bình Dương,Provincial,Cultivation,Lúa,,Area_Planted,32.0,ha,Actual,PL5
c7799dea9b29c57b,2012,5,Đồng Nai,Provincial,Cultivation,Lúa,,Area_Planted,3808.0,ha,Actual,PL5
441d5c0a3858f953,2012,5,Đồng Nai,Provincial,Cultivation,Đậu tương,,Area_Planted,167.0,ha,Actual,PL5
c611a86a9b3fa841,2012,5,Đồng Nai,Provincial,Cultivation,Lạc,,Area_Planted,266.0,ha,Actual,PL5
c7799dea9b29c57b,2012,5,Đồng Nai,Provincial,Cultivation,Lúa,,Area_Planted,13.0,ha,Actual,PL5
c7799dea9b29c57b,2012,5,Đồng Nai,Provincial,Cultivation,Lúa,,Area_Planted,824.0,ha,Actual,PL5
ca57705e4e2d4916,2012,5,Đồng Nai,Provincial,Cultivation,Mía,,Area_Planted,2697.0,ha,Actual,PL5
c7799dea9b29c57b,2012,5,Đồng Nai,Provincial,Cultivation,Lúa,,Area_Planted,8.0,ha,Actual,PL5
c7799dea9b29c57b,2012,5,Đồng Nai,Provincial,Cultivation,Lúa,,Area_Planted,1928.0,ha,Actual,PL5
c7799dea9b29c57b,2012,5,Đồng Nai,Provincial,Cultivation,Lúa,,Area_Planted,662.0,ha,Actual,PL5
e76f923e5e768a4d,2012,5,Bà Rịa-V.Tàu,Provincial,Cultivation,Lúa,,Area_Planted,338.0,ha,Actual,PL5
2b5064af01e21455,2012,5,Bà Rịa-V.Tàu,Provincial,Cultivation,Mía,,Area_Planted,338.0,ha,Actual,PL5
e76f923e5e768a4d,2012,5,Bà Rịa-V.Tàu,Provincial,Cultivation,Lúa,,Area_Planted,4292.0,ha,Actual,PL5
e76f923e5e768a4d,2012,5,Bà Rịa-V.Tàu,Provincial,Cultivation,Lúa,,Area_Planted,327.0,ha,Actual,PL5
c1ad538b1a0aafd2,2012,5,TP Hồ Chí Minh,Provincial,Cultivation,Lúa,,Area_Planted,2142.0,ha,Actual,PL5
d3ee9cdd2bc0d870,2012,5,TP Hồ Chí Minh,Provincial,Cultivation,Mía,,Area_Planted,2142.0,ha,Actual,PL5
c1ad538b1a0aafd2,2012,5,TP Hồ Chí Minh,Provincial,Cultivation,Lúa,,Area_Planted,7375.0,ha,Actual,PL5
ce5bda1b642257f3,2012,5,ĐBS Cửu Long,Provincial,Cultivation,Lúa,,Area_Planted,82938.0,ha,Actual,PL5
ad60a997bdd16d75,2012,5,ĐBS Cửu Long,Provincial,Cultivation,Đậu tương,,Area_Planted,2805.0,ha,Actual,PL5
d0bcfb6d85335d6d,2012,5,ĐBS Cửu Long,Provincial,Cultivation,Lạc,,Area_Planted,11627.0,ha,Actual,PL5
ce5bda1b642257f3,2012,5,ĐBS Cửu Long,Provincial,Cultivation,Lúa,,Area_Planted,11091.0,ha,Actual,PL5
ce5bda1b642257f3,2012,5,ĐBS Cửu Long,Provincial,Cultivation,Lúa,,Area_Planted,97.0,ha,Actual,PL5
111c6421e87a4c09,2012,5,ĐBS Cửu Long,Provincial,Cultivation,Mía,,Area_Planted,57788.0,ha,Actual,PL5
ce5bda1b642257f3,2012,5,ĐBS Cửu Long,Provincial,Cultivation,Lúa,,Area_Planted,2335.0,ha,Actual,PL5
ce5bda1b642257f3,2012,5,ĐBS Cửu Long,Provincial,Cultivation,Lúa,,Area_Planted,146697.0,ha,Actual,PL5
ce5bda1b642257f3,2012,5,ĐBS Cửu Long,Provincial,Cultivation,Lúa,,Area_Planted,5826.0,ha,Actual,PL5
cfcd66617fde29af,2012,5,Long An,Provincial,Cultivation,Lúa,,Area_Planted,21931.0,ha,Actual,PL5
8bc1af93ceb85aa5,2012,5,Long An,Provincial,Cultivation,Lạc,,Area_Planted,6686.0,ha,Actual,PL5
cfcd66617fde29af,2012,5,Long An,Provincial,Cultivation,Lúa,,Area_Planted,752.0,ha,Actual,PL5
cfcd66617fde29af,2012,5,Long An,Provincial,Cultivation,Lúa,,Area_Planted,63.0,ha,Actual,PL5
051a07c5e313cf79,2012,5,Long An,Provincial,Cultivation,Mía,,Area_Planted,13254.0,ha,Actual,PL5
cfcd66617fde29af,2012,5,Long An,Provincial,Cultivation,Lúa,,Area_Planted,1176.0,ha,Actual,PL5
cfcd66617fde29af,2012,5,Long An,Provincial,Cultivation,Lúa,,Area_Planted,8742.0,ha,Actual,PL5
cfcd66617fde29af,2012,5,Long An,Provincial,Cultivation,Lúa,,Area_Planted,19.0,ha,Actual,PL5
51d62eb76efd5119,2012,5,Tiền Giang,Provincial,Cultivation,Lúa,,Area_Planted,410.0,ha,Actual,PL5
ccb850694bd2f0aa,2012,5,Tiền Giang,Provincial,Cultivation,Đậu tương,,Area_Planted,208.0,ha,Actual,PL5
6ce12e9abb82e0a5,2012,5,Tiền Giang,Provincial,Cultivation,Lạc,,Area_Planted,176.0,ha,Actual,PL5
a07d459f6ad42864,2012,5,Tiền Giang,Provincial,Cultivation,Mía,,Area_Planted,234.0,ha,Actual,PL5
51d62eb76efd5119,2012,5,Tiền Giang,Provincial,Cultivation,Lúa,,Area_Planted,28449.0,ha,Actual,PL5
51d62eb76efd5119,2012,5,Tiền Giang,Provincial,Cultivation,Lúa,,Area_Planted,141.0,ha,Actual,PL5
6d061b47a7c6b577,2012,5,Bến Tre,Provincial,Cultivation,Lúa,,Area_Planted,5176.0,ha,Actual,PL5
17d23003cece23e2,2012,5,Bến Tre,Provincial,Cultivation,Lạc,,Area_Planted,143.0,ha,Actual,PL5
191e2e5ce2535448,2012,5,Bến Tre,Provincial,Cultivation,Mía,,Area_Planted,5033.0,ha,Actual,PL5
6d061b47a7c6b577,2012,5,Bến Tre,Provincial,Cultivation,Lúa,,Area_Planted,2490.0,ha,Actual,PL5
77e3b642c394eecb,2012,5,Trà Vinh,Provincial,Cultivation,Lúa,,Area_Planted,10705.0,ha,Actual,PL5
f2f6cd648dd25aad,2012,5,Trà Vinh,Provincial,Cultivation,Lạc,,Area_Planted,3812.0,ha,Actual,PL5
ee9381a0880a2b58,2012,5,Trà Vinh,Provincial,Cultivation,Mía,,Area_Planted,5901.0,ha,Actual,PL5
77e3b642c394eecb,2012,5,Trà Vinh,Provincial,Cultivation,Lúa,,Area_Planted,992.0,ha,Actual,PL5
77e3b642c394eecb,2012,5,Trà Vinh,Provincial,Cultivation,Lúa,,Area_Planted,16174.0,ha,Actual,PL5
77e3b642c394eecb,2012,5,Trà Vinh,Provincial,Cultivation,Lúa,,Area_Planted,513.0,ha,Actual,PL5
2e23ca630582924d,2012,5,Vĩnh Long,Provincial,Cultivation,Lúa,,Area_Planted,1071.0,ha,Actual,PL5
9c1e83c8b3dd544a,2012,5,Vĩnh Long,Provincial,Cultivation,Đậu tương,,Area_Planted,555.0,ha,Actual,PL5
185ee4812f0c7f91,2012,5,Vĩnh Long,Provincial,Cultivation,Lạc,,Area_Planted,23.0,ha,Actual,PL5
2e23ca630582924d,2012,5,Vĩnh Long,Provincial,Cultivation,Lúa,,Area_Planted,990.0,ha,Actual,PL5
ed0ece493c40dec9,2012,5,Vĩnh Long,Provincial,Cultivation,Mía,,Area_Planted,58.0,ha,Actual,PL5
2e23ca630582924d,2012,5,Vĩnh Long,Provincial,Cultivation,Lúa,,Area_Planted,13906.0,ha,Actual,PL5
2e23ca630582924d,2012,5,Vĩnh Long,Provincial,Cultivation,Lúa,,Area_Planted,388.0,ha,Actual,PL5
0d72bd4ac7d0063a,2012,5,Đồng Tháp,Provincial,Cultivation,Lúa,,Area_Planted,4506.0,ha,Actual,PL5
23639416b3b449ff,2012,5,Đồng Tháp,Provincial,Cultivation,Đậu tương,,Area_Planted,1658.0,ha,Actual,PL5
c03b72dc9c676ae8,2012,5,Đồng Tháp,Provincial,Cultivation,Lạc,,Area_Planted,159.0,ha,Actual,PL5
0d72bd4ac7d0063a,2012,5,Đồng Tháp,Provincial,Cultivation,Lúa,,Area_Planted,4088.0,ha,Actual,PL5
936eb030274caa01,2012,5,Đồng Tháp,Provincial,Cultivation,Mía,,Area_Planted,92.0,ha,Actual,PL5
0d72bd4ac7d0063a,2012,5,Đồng Tháp,Provincial,Cultivation,Lúa,,Area_Planted,167.0,ha,Actual,PL5
0d72bd4ac7d0063a,2012,5,Đồng Tháp,Provincial,Cultivation,Lúa,,Area_Planted,7909.0,ha,Actual,PL5
0d72bd4ac7d0063a,2012,5,Đồng Tháp,Provincial,Cultivation,Lúa,,Area_Planted,395.0,ha,Actual,PL5
cdfcf540d34445a8,2012,5,An Giang,Provincial,Cultivation,Lúa,,Area_Planted,1683.0,ha,Actual,PL5
cfb099d91ff6f1e4,2012,5,An Giang,Provincial,Cultivation,Đậu tương,,Area_Planted,226.0,ha,Actual,PL5
c75d833062f40d62,2012,5,An Giang,Provincial,Cultivation,Lạc,,Area_Planted,544.0,ha,Actual,PL5
cdfcf540d34445a8,2012,5,An Giang,Provincial,Cultivation,Lúa,,Area_Planted,1092.0,ha,Actual,PL5
cdfcf540d34445a8,2012,5,An Giang,Provincial,Cultivation,Lúa,,Area_Planted,34.0,ha,Actual,PL5
ee52631808f344a0,2012,5,An Giang,Provincial,Cultivation,Mía,,Area_Planted,13.0,ha,Actual,PL5
cdfcf540d34445a8,2012,5,An Giang,Provincial,Cultivation,Lúa,,Area_Planted,21540.0,ha,Actual,PL5
cdfcf540d34445a8,2012,5,An Giang,Provincial,Cultivation,Lúa,,Area_Planted,1428.0,ha,Actual,PL5
62b4c95f8ddbe809,2012,5,Kiên Giang,Provincial,Cultivation,Lúa,,Area_Planted,4063.0,ha,Actual,PL5
9765ac316ef04e1e,2012,5,Kiên Giang,Provincial,Cultivation,Mía,,Area_Planted,4063.0,ha,Actual,PL5
62b4c95f8ddbe809,2012,5,Kiên Giang,Provincial,Cultivation,Lúa,,Area_Planted,1924.0,ha,Actual,PL5
6e6bdabde01cfa68,2012,5,Cần Thơ,Provincial,Cultivation,Lúa,,Area_Planted,4189.0,ha,Actual,PL5
122a4c4d6b276c39,2012,5,Cần Thơ,Provincial,Cultivation,Đậu tương,,Area_Planted,35.0,ha,Actual,PL5
237a74545e1461bd,2012,5,Cần Thơ,Provincial,Cultivation,Lạc,,Area_Planted,20.0,ha,Actual,PL5
6e6bdabde01cfa68,2012,5,Cần Thơ,Provincial,Cultivation,Lúa,,Area_Planted,4169.0,ha,Actual,PL5
6e6bdabde01cfa68,2012,5,Cần Thơ,Provincial,Cultivation,Lúa,,Area_Planted,4407.0,ha,Actual,PL5
6e6bdabde01cfa68,2012,5,Cần Thơ,Provincial,Cultivation,Lúa,,Area_Planted,425.0,ha,Actual,PL5
9f27944549b49596,2012,5,Hậu Giang,Provincial,Cultivation,Lúa,,Area_Planted,14195.0,ha,Actual,PL5
c6192da80f74a50b,2012,5,Hậu Giang,Provincial,Cultivation,Mía,,Area_Planted,14195.0,ha,Actual,PL5
9f27944549b49596,2012,5,Hậu Giang,Provincial,Cultivation,Lúa,,Area_Planted,12330.0,ha,Actual,PL5
9f27944549b49596,2012,5,Hậu Giang,Provincial,Cultivation,Lúa,,Area_Planted,450.0,ha,Actual,PL5
4e558e57d805a78c,2012,5,Sóc Trăng,Provincial,Cultivation,Lúa,,Area_Planted,12995.0,ha,Actual,PL5
24f0ebc02e82e675,2012,5,Sóc Trăng,Provincial,Cultivation,Đậu tương,,Area_Planted,123.0,ha,Actual,PL5
7137f4697d0e1e94,2012,5,Sóc Trăng,Provincial,Cultivation,Lạc,,Area_Planted,64.0,ha,Actual,PL5
6ee671e6b5c64faf,2012,5,Sóc Trăng,Provincial,Cultivation,Mía,,Area_Planted,12931.0,ha,Actual,PL5
4e558e57d805a78c,2012,5,Sóc Trăng,Provincial,Cultivation,Lúa,,Area_Planted,21089.0,ha,Actual,PL5
4e558e57d805a78c,2012,5,Sóc Trăng,Provincial,Cultivation,Lúa,,Area_Planted,1276.0,ha,Actual,PL5
7071ecb12eee4bb5,2012,5,Bạc Liêu,Provincial,Cultivation,Lúa,,Area_Planted,5800.0,ha,Actual,PL5
9381b6aa564ffbcf,2012,5,Cà Mau,Provincial,Cultivation,Lúa,,Area_Planted,2014.0,ha,Actual,PL5
9aea0f7682cc37c1,2012,5,Cà Mau,Provincial,Cultivation,Mía,,Area_Planted,2014.0,ha,Actual,PL5
9381b6aa564ffbcf,2012,5,Cà Mau,Provincial,Cultivation,Lúa,,Area_Planted,1937.0,ha,Actual,PL5
9381b6aa564ffbcf,2012,5,Cà Mau,Provincial,Cultivation,Lúa,,Area_Planted,791.0,ha,Actual,PL5
4d52724093b165cd,2012,5,Cả nước,National,Forestry,Rừng,,Area,1127.0,1000_ha,Estimated,PL6
5787c3eef8dab432,2012,5,Cả nước,National,Forestry,Rừng,,Area,268.0,1000_ha,Plan,PL6
4d52724093b165cd,2012,5,Cả nước,National,Forestry,Rừng,,Area,1942.0,1000_ha,Estimated,PL6
5787c3eef8dab432,2012,5,Cả nước,National,Forestry,Rừng,,Area,13.0,1000_ha,Plan,PL6
4d52724093b165cd,2012,5,Cả nước,National,Forestry,Rừng,,Area,1089.0,1000_ha,Estimated,PL6
5787c3eef8dab432,2012,5,Cả nước,National,Forestry,Rừng,,Area,254.0,1000_ha,Plan,PL6
4d52724093b165cd,2012,5,Cả nước,National,Forestry,Rừng,,Area,921.0,1000_ha,Estimated,PL6
5787c3eef8dab432,2012,5,Cả nước,National,Forestry,Rừng,,Area,1997.0,1000_ha,Plan,PL6
4d52724093b165cd,2012,5,Cả nước,National,Forestry,Rừng,,Area,1020.0,1000_ha,Estimated,PL6
5787c3eef8dab432,2012,5,Cả nước,National,Forestry,Rừng,,Area,907.0,1000_ha,Plan,PL6
4d52724093b165cd,2012,5,Cả nước,National,Forestry,Rừng,,Area,1001.0,1000_ha,Estimated,PL6
5787c3eef8dab432,2012,5,Cả nước,National,Forestry,Rừng,,Area,6099.0,1000_ha,Plan,PL6
4d52724093b165cd,2012,5,Cả nước,National,Forestry,Rừng,,Area,1006.0,1000_ha,Estimated,PL6
5787c3eef8dab432,2012,5,Cả nước,National,Forestry,Rừng,,Area,17600.0,1000_ha,Plan,PL6
4d52724093b165cd,2012,5,Cả nước,National,Forestry,Rừng,,Area,1099.0,1000_ha,Estimated,PL6
5787c3eef8dab432,2012,5,Cả nước,National,Forestry,Rừng,,Area,16565.0,1000_ha,Plan,PL6
4c69d32728e34a42,2012,1,Cả nước,National,Trade,0,Xuất khẩu,Export_Volume,3.0,1000_ton,Actual,PL8
c8abe3d6400b2bf2,2012,1,Cả nước,National,Trade,0,Xuất khẩu,Export_Value,4.0,million_USD,Actual,PL8
b0c66c16aebcd741,2012,1,Cả nước,National,Trade,I,Xuất khẩu,Export_Volume,19890.0,1000_ton,Actual,PL8
6232964843d3ea55,2012,1,Cả nước,National,Trade,I,Xuất khẩu,Export_Value,15362.0,million_USD,Actual,PL8
c5c9b9984fb5b50c,2012,1,Cả nước,National,Trade,1,Xuất khẩu,Export_Volume,10210.0,1000_ton,Actual,PL8
22fbd2193b7a8eeb,2012,1,Cả nước,National,Trade,1,Xuất khẩu,Export_Value,8302.0,million_USD,Actual,PL8
4b1d511df68290b2,2012,1,Cả nước,National,Trade,1.1,Xuất khẩu,Export_Volume,9560.0,1000_ton,Actual,PL8
b2dd89277b4c3b04,2012,1,Cả nước,National,Trade,1.1,Xuất khẩu,Export_Value,7752.0,million_USD,Actual,PL8
3d4297a5a5fb6d26,2012,1,Cả nước,National,Trade,1.2,Xuất khẩu,Export_Volume,650.0,1000_ton,Actual,PL8
776e98f5ea9cef4c,2012,1,Cả nước,National,Trade,1.2,Xuất khẩu,Export_Value,55.0,million_USD,Actual,PL8
ab27cef591a69fcd,2012,1,Cả nước,National,Trade,2,Xuất khẩu,Export_Volume,9680.0,1000_ton,Actual,PL8
4e870957eb43ec2c,2012,1,Cả nước,National,Trade,2,Xuất khẩu,Export_Value,706.0,million_USD,Actual,PL8
06b6e44bc56c4bba,2011,6,1. Thu hoạch lúa đông xuân miền Bắc,Provincial,Cultivation,Lúa,Đông Xuân,Area_Harvested,4808.0,1000_ha,Actual,PL1
ccbab95d78d6a231,2012,6,1. Thu hoạch lúa đông xuân miền Bắc,Provincial,Cultivation,Lúa,Đông Xuân,Area_Harvested,8461.0,1000_ha,Actual,PL1
202d572013383808,2011,6,- Bắc Trung bộ,Provincial,Cultivation,Unknown,,Area_Planted,2157.0,1000_ha,Actual,PL1
59a63f9ad99dadff,2012,6,- Bắc Trung bộ,Provincial,Cultivation,Unknown,,Area_Planted,3468.0,1000_ha,Actual,PL1
2428299f0f324782,2011,6,2. Gieo cấy lúa hè thu cả nước,Provincial,Cultivation,Unknown,,Area_Planted,20178.0,1000_ha,Actual,PL1
10bfe859e1cc3433,2012,6,2. Gieo cấy lúa hè thu cả nước,Provincial,Cultivation,Unknown,,Area_Planted,20903.0,1000_ha,Actual,PL1
cc9832ba60f797f8,2011,6,- Miền Nam,Provincial,Cultivation,Unknown,,Area_Planted,19378.0,1000_ha,Actual,PL1
1c36c0289449c2d9,2012,6,- Miền Nam,Provincial,Cultivation,Unknown,,Area_Planted,19660.0,1000_ha,Actual,PL1
465ed260836ae74e,2011,6,3.1 Gieo trồng màu lương thực,Provincial,Cultivation,Màu lương thực,,Area_Planted,13202.0,1000_ha,Actual,PL1
cdf703c4e6f152d5,2012,6,3.1 Gieo trồng màu lương thực,Provincial,Cultivation,Màu lương thực,,Area_Planted,12051.0,1000_ha,Actual,PL1
55c0fc9a5ae908af,2011,6,- Khoai lang,Provincial,Cultivation,Khoai lang,,Area_Planted,1144.0,1000_ha,Actual,PL1
1be52c2bdb76532f,2012,6,- Khoai lang,Provincial,Cultivation,Khoai lang,,Area_Planted,1006.0,1000_ha,Actual,PL1
628c4ca3e397c339,2011,6,- Sắn,Provincial,Cultivation,Sắn,,Area_Planted,3800.0,1000_ha,Actual,PL1
64bfaadaa4a17c24,2012,6,- Sắn,Provincial,Cultivation,Sắn,,Area_Planted,3698.0,1000_ha,Actual,PL1
019202c3afa0938b,2011,6,3.2 Gieo trồng cây công nghiệp ngắn ngày,Provincial,Cultivation,Cây công nghiệp ngắn ngày,,Area_Planted,5450.0,1000_ha,Actual,PL1
30f2c0c68c026ed6,2012,6,3.2 Gieo trồng cây công nghiệp ngắn ngày,Provincial,Cultivation,Cây công nghiệp ngắn ngày,,Area_Planted,4662.0,1000_ha,Actual,PL1
b96552cb07f312de,2011,6,- Đậu tương,Provincial,Cultivation,Đậu tương,,Area_Planted,1227.0,1000_ha,Actual,PL1
30653d1240af7873,2012,6,- Đậu tương,Provincial,Cultivation,Đậu tương,,Area_Planted,827.0,1000_ha,Actual,PL1
6c1f46b5d2b1b373,2011,6,- Thuốc lá,Provincial,Cultivation,Unknown,,Area_Planted,194.0,1000_ha,Actual,PL1
d8951d6937cbda1e,2012,6,- Thuốc lá,Provincial,Cultivation,Unknown,,Area_Planted,210.0,1000_ha,Actual,PL1
8244bc4927d2de6f,2011,6,- Mía,Provincial,Cultivation,Unknown,,Area_Planted,1691.0,1000_ha,Actual,PL1
62b4a0761ad137df,2012,6,- Mía,Provincial,Cultivation,Unknown,,Area_Planted,1557.0,1000_ha,Actual,PL1
0a70e68267268fa7,2011,6,"3.3 Gieo trồng rau, đậu các loại",Provincial,Cultivation,Rau đậu,,Area_Planted,5964.0,1000_ha,Actual,PL1
115cf3e1f9ff9eb7,2012,6,"3.3 Gieo trồng rau, đậu các loại",Provincial,Cultivation,Rau đậu,,Area_Planted,5821.0,1000_ha,Actual,PL1
bd60a36d60b04a7b,2012,6,Miền BắcĐB sông Hồng  Hà Nội  Hải Phòng  Vĩnh Phúc  Bắc Ninh  Hải Dương  Hưng Yên  Hà Nam  Nam Định  Thái Bình  Ninh Bình  Quảng NinhTD và MN  Hà Giang  Cao Bằng  Lào Cai  Bắc Cạn  Lạng Sơn  Tuyên Quang  Yên Bái  Thái Nguyên  Phú Thọ  Bắc Giang  Lai Châu  Điện Biên  Sơn La  Hoà BìnhBắc Trung Bộ  Thanh Hoá  Nghệ An  Hà Tĩnh  Quảng Bình  Quảng Trị  Thừa Thiên Huế,Provincial,Cultivation,Lúa,,Area_Planted,1.1564005632051004e+175,ha,Actual,PL2
bd60a36d60b04a7b,2012,6,Miền BắcĐB sông Hồng  Hà Nội  Hải Phòng  Vĩnh Phúc  Bắc Ninh  Hải Dương  Hưng Yên  Hà Nam  Nam Định  Thái Bình  Ninh Bình  Quảng NinhTD và MN  Hà Giang  Cao Bằng  Lào Cai  Bắc Cạn  Lạng Sơn  Tuyên Quang  Yên Bái  Thái Nguyên  Phú Thọ  Bắc Giang  Lai Châu  Điện Biên  Sơn La  Hoà BìnhBắc Trung Bộ  Thanh Hoá  Nghệ An  Hà Tĩnh  Quảng Bình  Quảng Trị  Thừa Thiên Huế,Provincial,Cultivation,Lúa,,Area_Planted,8.460923909498932e+154,ha,Actual,PL2
60fe9da7dc301fb1,2012,6,Miền BắcĐB sông Hồng  Hà Nội  Hải Phòng  Vĩnh Phúc  Bắc Ninh  Hải Dương  Hưng Yên  Hà Nam  Nam Định  Thái Bình  Ninh Bình  Quảng NinhTD và MN  Hà Giang  Cao Bằng  Lào Cai  Bắc Cạn  Lạng Sơn  Tuyên Quang  Yên Bái  Thái Nguyên  Phú Thọ  Bắc Giang  Lai Châu  Điện Biên  Sơn La  Hoà BìnhBắc Trung Bộ  Thanh Hoá  Nghệ An  Hà Tĩnh  Quảng Bình  Quảng Trị  Thừa Thiên Huế,Provincial,Cultivation,Lúa,,Harvest_percent,7.326948907791001e+109,percent,Actual,PL2
bd60a36d60b04a7b,2012,6,Miền BắcĐB sông Hồng  Hà Nội  Hải Phòng  Vĩnh Phúc  Bắc Ninh  Hải Dương  Hưng Yên  Hà Nam  Nam Định  Thái Bình  Ninh Bình  Quảng NinhTD và MN  Hà Giang  Cao Bằng  Lào Cai  Bắc Cạn  Lạng Sơn  Tuyên Quang  Yên Bái  Thái Nguyên  Phú Thọ  Bắc Giang  Lai Châu  Điện Biên  Sơn La  Hoà BìnhBắc Trung Bộ  Thanh Hoá  Nghệ An  Hà Tĩnh  Quảng Bình  Quảng Trị  Thừa Thiên Huế,Provincial,Cultivation,Lúa,,Area_Planted,7.230871010682455e+169,ha,Actual,PL2
a749af72a2ea3cb7,2012,6,Miền BắcĐB sông Hồng  Hà Nội  Hải Phòng  Vĩnh Phúc  Bắc Ninh  Hải Dương  Hưng Yên  Hà Nam  Nam Định  Thái Bình  Ninh Bình  Quảng NinhTD và MN  Hà Giang  Cao Bằng  Lào Cai  Bắc Cạn  Lạng Sơn  Tuyên Quang  Yên Bái  Thái Nguyên  Phú Thọ  Bắc Giang  Lai Châu  Điện Biên  Sơn La  Hoà BìnhBắc Trung Bộ  Thanh Hoá  Nghệ An  Hà Tĩnh  Quảng Bình  Quảng Trị  Thừa Thiên Huế,Provincial,Cultivation,Ngô,,Area_Planted,4.835457196218581e+161,ha,Actual,PL2
889499e4ca7ea096,2012,6,Miền BắcĐB sông Hồng  Hà Nội  Hải Phòng  Vĩnh Phúc  Bắc Ninh  Hải Dương  Hưng Yên  Hà Nam  Nam Định  Thái Bình  Ninh Bình  Quảng NinhTD và MN  Hà Giang  Cao Bằng  Lào Cai  Bắc Cạn  Lạng Sơn  Tuyên Quang  Yên Bái  Thái Nguyên  Phú Thọ  Bắc Giang  Lai Châu  Điện Biên  Sơn La  Hoà BìnhBắc Trung Bộ  Thanh Hoá  Nghệ An  Hà Tĩnh  Quảng Bình  Quảng Trị  Thừa Thiên Huế,Provincial,Cultivation,Khoai lang,,Area_Planted,7.305819598357314e+131,ha,Actual,PL2
d0591b9e7ab7c095,2012,6,Miền BắcĐB sông Hồng  Hà Nội  Hải Phòng  Vĩnh Phúc  Bắc Ninh  Hải Dương  Hưng Yên  Hà Nam  Nam Định  Thái Bình  Ninh Bình  Quảng NinhTD và MN  Hà Giang  Cao Bằng  Lào Cai  Bắc Cạn  Lạng Sơn  Tuyên Quang  Yên Bái  Thái Nguyên  Phú Thọ  Bắc Giang  Lai Châu  Điện Biên  Sơn La  Hoà BìnhBắc Trung Bộ  Thanh Hoá  Nghệ An  Hà Tĩnh  Quảng Bình  Quảng Trị  Thừa Thiên Huế,Provincial,Cultivation,Sắn,,Area_Planted,1.5160451888181865e+116,ha,Actual,PL2
bd60a36d60b04a7b,2012,6,Miền BắcĐB sông Hồng  Hà Nội  Hải Phòng  Vĩnh Phúc  Bắc Ninh  Hải Dương  Hưng Yên  Hà Nam  Nam Định  Thái Bình  Ninh Bình  Quảng NinhTD và MN  Hà Giang  Cao Bằng  Lào Cai  Bắc Cạn  Lạng Sơn  Tuyên Quang  Yên Bái  Thái Nguyên  Phú Thọ  Bắc Giang  Lai Châu  Điện Biên  Sơn La  Hoà BìnhBắc Trung Bộ  Thanh Hoá  Nghệ An  Hà Tĩnh  Quảng Bình  Quảng Trị  Thừa Thiên Huế,Provincial,Cultivation,Lúa,,Area_Planted,1.48814320158216e+70,ha,Actual,PL2
bd60a36d60b04a7b,2012,6,Miền BắcĐB sông Hồng  Hà Nội  Hải Phòng  Vĩnh Phúc  Bắc Ninh  Hải Dương  Hưng Yên  Hà Nam  Nam Định  Thái Bình  Ninh Bình  Quảng NinhTD và MN  Hà Giang  Cao Bằng  Lào Cai  Bắc Cạn  Lạng Sơn  Tuyên Quang  Yên Bái  Thái Nguyên  Phú Thọ  Bắc Giang  Lai Châu  Điện Biên  Sơn La  Hoà BìnhBắc Trung Bộ  Thanh Hoá  Nghệ An  Hà Tĩnh  Quảng Bình  Quảng Trị  Thừa Thiên Huế,Provincial,Cultivation,Lúa,,Area_Planted,2.5481670182144962e+153,ha,Actual,PL3
bd60a36d60b04a7b,2012,6,Miền BắcĐB sông Hồng  Hà Nội  Hải Phòng  Vĩnh Phúc  Bắc Ninh  Hải Dương  Hưng Yên  Hà Nam  Nam Định  Thái Bình  Ninh Bình  Quảng NinhTD và MN  Hà Giang  Cao Bằng  Lào Cai  Bắc Cạn  Lạng Sơn  Tuyên Quang  Yên Bái  Thái Nguyên  Phú Thọ  Bắc Giang  Lai Châu  Điện Biên  Sơn La  Hoà BìnhBắc Trung Bộ  Thanh Hoá  Nghệ An  Hà Tĩnh  Quảng Bình  Quảng Trị  Thừa Thiên Huế,Provincial,Cultivation,Lúa,,Area_Planted,6.736936775996135e+112,ha,Actual,PL3
bd60a36d60b04a7b,2012,6,Miền BắcĐB sông Hồng  Hà Nội  Hải Phòng  Vĩnh Phúc  Bắc Ninh  Hải Dương  Hưng Yên  Hà Nam  Nam Định  Thái Bình  Ninh Bình  Quảng NinhTD và MN  Hà Giang  Cao Bằng  Lào Cai  Bắc Cạn  Lạng Sơn  Tuyên Quang  Yên Bái  Thái Nguyên  Phú Thọ  Bắc Giang  Lai Châu  Điện Biên  Sơn La  Hoà BìnhBắc Trung Bộ  Thanh Hoá  Nghệ An  Hà Tĩnh  Quảng Bình  Quảng Trị  Thừa Thiên Huế,Provincial,Cultivation,Lúa,,Area_Planted,1.2387524285453512e+139,ha,Actual,PL3
bd60a36d60b04a7b,2012,6,Miền BắcĐB sông Hồng  Hà Nội  Hải Phòng  Vĩnh Phúc  Bắc Ninh  Hải Dương  Hưng Yên  Hà Nam  Nam Định  Thái Bình  Ninh Bình  Quảng NinhTD và MN  Hà Giang  Cao Bằng  Lào Cai  Bắc Cạn  Lạng Sơn  Tuyên Quang  Yên Bái  Thái Nguyên  Phú Thọ  Bắc Giang  Lai Châu  Điện Biên  Sơn La  Hoà BìnhBắc Trung Bộ  Thanh Hoá  Nghệ An  Hà Tĩnh  Quảng Bình  Quảng Trị  Thừa Thiên Huế,Provincial,Cultivation,Lúa,,Area_Planted,1.595421552155128e+54,ha,Actual,PL3
bd60a36d60b04a7b,2012,6,Miền BắcĐB sông Hồng  Hà Nội  Hải Phòng  Vĩnh Phúc  Bắc Ninh  Hải Dương  Hưng Yên  Hà Nam  Nam Định  Thái Bình  Ninh Bình  Quảng NinhTD và MN  Hà Giang  Cao Bằng  Lào Cai  Bắc Cạn  Lạng Sơn  Tuyên Quang  Yên Bái  Thái Nguyên  Phú Thọ  Bắc Giang  Lai Châu  Điện Biên  Sơn La  Hoà BìnhBắc Trung Bộ  Thanh Hoá  Nghệ An  Hà Tĩnh  Quảng Bình  Quảng Trị  Thừa Thiên Huế,Provincial,Cultivation,Lúa,,Area_Planted,2.7612153753948584e+66,ha,Actual,PL3
bd60a36d60b04a7b,2012,6,Miền BắcĐB sông Hồng  Hà Nội  Hải Phòng  Vĩnh Phúc  Bắc Ninh  Hải Dương  Hưng Yên  Hà Nam  Nam Định  Thái Bình  Ninh Bình  Quảng NinhTD và MN  Hà Giang  Cao Bằng  Lào Cai  Bắc Cạn  Lạng Sơn  Tuyên Quang  Yên Bái  Thái Nguyên  Phú Thọ  Bắc Giang  Lai Châu  Điện Biên  Sơn La  Hoà BìnhBắc Trung Bộ  Thanh Hoá  Nghệ An  Hà Tĩnh  Quảng Bình  Quảng Trị  Thừa Thiên Huế,Provincial,Cultivation,Lúa,,Area_Planted,2.000754301592729e+79,ha,Actual,PL3
7d4a0b2fdf7b30f5,2012,6,Miền BắcĐB sông Hồng  Hà Nội  Hải Phòng  Vĩnh Phúc  Bắc Ninh  Hải Dương  Hưng Yên  Hà Nam  Nam Định  Thái Bình  Ninh Bình  Quảng NinhTD và MN  Hà Giang  Cao Bằng  Lào Cai  Bắc Cạn  Lạng Sơn  Tuyên Quang  Yên Bái  Thái Nguyên  Phú Thọ  Bắc Giang  Lai Châu  Điện Biên  Sơn La  Hoà BìnhBắc Trung Bộ  Thanh Hoá  Nghệ An  Hà Tĩnh  Quảng Bình  Quảng Trị  Thừa Thiên Huế,Provincial,Cultivation,Rau,,Area_Planted,2.502121320802063e+149,ha,Actual,PL3
a9f337ce11d9921e,2012,6,Cả nước,National,Forestry,Rừng,,Area,1045.0,1000_ha,Estimated,PL6
24d922779a48637f,2012,6,Cả nước,National,Forestry,Rừng,,Area,538.0,1000_ha,Plan,PL6
a9f337ce11d9921e,2012,6,Cả nước,National,Forestry,Rừng,,Area,1617.0,1000_ha,Estimated,PL6
24d922779a48637f,2012,6,Cả nước,National,Forestry,Rừng,,Area,29.0,1000_ha,Plan,PL6
a9f337ce11d9921e,2012,6,Cả nước,National,Forestry,Rừng,,Area,1013.0,1000_ha,Estimated,PL6
24d922779a48637f,2012,6,Cả nước,National,Forestry,Rừng,,Area,509.0,1000_ha,Plan,PL6
a9f337ce11d9921e,2012,6,Cả nước,National,Forestry,Rừng,,Area,869.0,1000_ha,Estimated,PL6
24d922779a48637f,2012,6,Cả nước,National,Forestry,Rừng,,Area,2617.0,1000_ha,Plan,PL6
a9f337ce11d9921e,2012,6,Cả nước,National,Forestry,Rừng,,Area,1006.0,1000_ha,Estimated,PL6
24d922779a48637f,2012,6,Cả nước,National,Forestry,Rừng,,Area,1080.0,1000_ha,Plan,PL6
a9f337ce11d9921e,2012,6,Cả nước,National,Forestry,Rừng,,Area,951.0,1000_ha,Estimated,PL6
24d922779a48637f,2012,6,Cả nước,National,Forestry,Rừng,,Area,6472.0,1000_ha,Plan,PL6
a9f337ce11d9921e,2012,6,Cả nước,National,Forestry,Rừng,,Area,900.0,1000_ha,Estimated,PL6
24d922779a48637f,2012,6,Cả nước,National,Forestry,Rừng,,Area,20883.0,1000_ha,Plan,PL6
a9f337ce11d9921e,2012,6,Cả nước,National,Forestry,Rừng,,Area,1120.0,1000_ha,Estimated,PL6
24d922779a48637f,2012,6,Cả nước,National,Forestry,Rừng,,Area,20070.0,1000_ha,Plan,PL6
4c69d32728e34a42,2012,1,Cả nước,National,Trade,0,Xuất khẩu,Export_Volume,3.0,1000_ton,Actual,PL8
c8abe3d6400b2bf2,2012,1,Cả nước,National,Trade,0,Xuất khẩu,Export_Value,4.0,million_USD,Actual,PL8
b0c66c16aebcd741,2012,1,Cả nước,National,Trade,I,Xuất khẩu,Export_Volume,2512.0,1000_ton,Actual,PL8
6232964843d3ea55,2012,1,Cả nước,National,Trade,I,Xuất khẩu,Export_Value,2067.0,million_USD,Actual,PL8
c5c9b9984fb5b50c,2012,1,Cả nước,National,Trade,1,Xuất khẩu,Export_Volume,1252.0,1000_ton,Actual,PL8
22fbd2193b7a8eeb,2012,1,Cả nước,National,Trade,1,Xuất khẩu,Export_Value,1051.0,million_USD,Actual,PL8
4b1d511df68290b2,2012,1,Cả nước,National,Trade,1.1,Xuất khẩu,Export_Volume,1170.0,1000_ton,Actual,PL8
b2dd89277b4c3b04,2012,1,Cả nước,National,Trade,1.1,Xuất khẩu,Export_Value,986.0,million_USD,Actual,PL8
3d4297a5a5fb6d26,2012,1,Cả nước,National,Trade,1.2,Xuất khẩu,Export_Volume,82.0,1000_ton,Actual,PL8
776e98f5ea9cef4c,2012,1,Cả nước,National,Trade,1.2,Xuất khẩu,Export_Value,65.0,million_USD,Actual,PL8
ab27cef591a69fcd,2012,1,Cả nước,National,Trade,2,Xuất khẩu,Export_Volume,1260.0,1000_ton,Actual,PL8
4e870957eb43ec2c,2012,1,Cả nước,National,Trade,2,Xuất khẩu,Export_Value,1016.0,million_USD,Actual,PL8
ba84e894ad094a33,2012,6,Cả nước,National,Investment,TỔNG CỘNG : ( = A + B ),,Investment_Amount,7999196.0,million_VND,Plan,PL9
d0ebb20b09c56f00,2012,6,Cả nước,National,Investment,TỔNG CỘNG : ( = A + B ),,Investment_Amount,2826138.0,million_VND,Cumulative,PL9
0cc1fdd8c93e9784,2012,6,Cả nước,National,Investment,Vốn thực hiện dự án,,Investment_Amount,4300300.0,million_VND,Plan,PL9
4fa423f0de984af4,2012,6,Cả nước,National,Investment,Vốn thực hiện dự án,,Investment_Amount,2066848.0,million_VND,Cumulative,PL9
944f0916e1617973,2012,6,Cả nước,National,Investment,Thủy lợi,,Investment_Amount,2466000.0,million_VND,Plan,PL9
6d1befbb3a008f4e,2012,6,Cả nước,National,Investment,Thủy lợi,,Investment_Amount,1300000.0,million_VND,Cumulative,PL9
92f8f5fb11aa742a,2012,6,Cả nước,National,Investment,Nông nghiệp,,Investment_Amount,930000.0,million_VND,Plan,PL9
2f61834d9d68cbe6,2012,6,Cả nước,National,Investment,Nông nghiệp,,Investment_Amount,430362.0,million_VND,Cumulative,PL9
04270f4b63d8ba94,2012,6,Cả nước,National,Investment,Lâm nghiệp,,Investment_Amount,334000.0,million_VND,Plan,PL9
24ca7285b346059f,2012,6,Cả nước,National,Investment,Lâm nghiệp,,Investment_Amount,149257.0,million_VND,Cumulative,PL9
8bedf83b332ec3ff,2012,6,Cả nước,National,Investment,Thủy sản,,Investment_Amount,85000.0,million_VND,Plan,PL9
a21c664bcb17b3c1,2012,6,Cả nước,National,Investment,Thủy sản,,Investment_Amount,36000.0,million_VND,Cumulative,PL9
dc620f3645239060,2012,6,Cả nước,National,Investment,Giáo dục - Đào tạo,,Investment_Amount,140000.0,million_VND,Plan,PL9
1d22f86cb7b05d06,2012,6,Cả nước,National,Investment,Giáo dục - Đào tạo,,Investment_Amount,51529.0,million_VND,Cumulative,PL9
ef97fe98e51d5939,2012,6,Cả nước,National,Investment,Khoa học - Công nghệ,,Investment_Amount,65800.0,million_VND,Plan,PL9
09753481020428da,2012,6,Cả nước,National,Investment,Khoa học - Công nghệ,,Investment_Amount,17000.0,million_VND,Cumulative,PL9
b0b758babc341b10,2012,6,Cả nước,National,Investment,Chương trình trọng điểm pháttriển và ứng dụng công nghệsinh học,,Investment_Amount,30000.0,million_VND,Plan,PL9
2e43100a4b52a7a8,2012,6,Cả nước,National,Investment,Chương trình trọng điểm pháttriển và ứng dụng công nghệsinh học,,Investment_Amount,5500.0,million_VND,Cumulative,PL9
20daa0fb0401c67d,2012,6,Cả nước,National,Investment,Dự án tăng cường năng lựcquản lý chất lượng nông lâmthủy sản và muối,,Investment_Amount,15000.0,million_VND,Plan,PL9
6e6a6d40b1890d88,2012,6,Cả nước,National,Investment,Đầu tư khác,,Investment_Amount,224500.0,million_VND,Plan,PL9
42f4bbe599eefacd,2012,6,Cả nước,National,Investment,Đầu tư khác,,Investment_Amount,77200.0,million_VND,Cumulative,PL9
340a59351fbb8060,2012,6,Cả nước,National,Investment,Tài nguyên môi trường,,Investment_Amount,10000.0,million_VND,Plan,PL9
75d43aafa137dc18,2012,6,Cả nước,National,Investment,Vốn đầu tư theo các mục tiêunhiệm vụ cụ thể,,Investment_Amount,416500.0,million_VND,Plan,PL9
161e148b03882864,2012,6,Cả nước,National,Investment,Vốn đầu tư theo các mục tiêunhiệm vụ cụ thể,,Investment_Amount,84790.0,million_VND,Cumulative,PL9
27f6265d826aeb06,2012,6,Cả nước,National,Investment,Chương trình nuôi trồng thủysản,,Investment_Amount,180000.0,million_VND,Plan,PL9
57f693b43625b8e9,2012,6,Cả nước,National,Investment,Chương trình nuôi trồng thủysản,,Investment_Amount,33090.0,million_VND,Cumulative,PL9
3b1b38a0a6f202e3,2012,6,Cả nước,National,Investment,Chương trình giống,,Investment_Amount,110000.0,million_VND,Plan,PL9
230cb9d0d30d99e5,2012,6,Cả nước,National,Investment,Chương trình giống,,Investment_Amount,28000.0,million_VND,Cumulative,PL9
40b512ab818a79d6,2011,7,1. Thu hoạch lúa hè thu miền Nam,Provincial,Cultivation,Unknown,,Area_Planted,6610.0,1000_ha,Actual,PL1
241bcb935ff993d8,2012,7,1. Thu hoạch lúa hè thu miền Nam,Provincial,Cultivation,Unknown,,Area_Planted,321.0,1000_ha,Actual,PL1
76cb184a605c477a,2011,7,2. Gieo cấy lúa mùa cả nước,Provincial,Cultivation,Unknown,,Area_Planted,12356.0,1000_ha,Actual,PL1
d06c413967a82a84,2011,7,- Miền Nam (*),Provincial,Cultivation,Unknown,,Area_Planted,3542.0,1000_ha,Actual,PL1
d5a07b598623959c,2011,7,3.1 Gieo trồng màu lương thực,Provincial,Cultivation,Màu lương thực,,Area_Planted,13619.0,1000_ha,Actual,PL1
269e9da960538beb,2011,7,- Khoai lang,Provincial,Cultivation,Khoai lang,,Area_Planted,1117.0,1000_ha,Actual,PL1
ccad9393258ee404,2011,7,3.2 Gieo trồng cây công nghiệp ngắn ngày,Provincial,Cultivation,Cây công nghiệp ngắn ngày,,Area_Planted,5061.0,1000_ha,Actual,PL1
8a8e1ae579b2dd81,2011,7,- Đậu tương,Provincial,Cultivation,Đậu tương,,Area_Planted,905.0,1000_ha,Actual,PL1
79ccb206e1182f65,2011,7,- Thuốc lá,Provincial,Cultivation,Unknown,,Area_Planted,205.0,1000_ha,Actual,PL1
fa28c9abfbc95938,2011,7,- Mía,Provincial,Cultivation,Unknown,,Area_Planted,1579.0,1000_ha,Actual,PL1
3d75b5ce393f7226,2011,7,"3.3 Gieo trồng rau, đậu các loại",Provincial,Cultivation,Rau đậu,,Area_Planted,6482.0,1000_ha,Actual,PL1
ffa0743e58ce4ea5,2012,12,Cả nước,National,Trade,I,Xuất khẩu,Export_Volume,1305600.0,1000_ton,Estimated,PL10
8f282dfb8b9a3419,2012,12,Cả nước,National,Trade,I,Xuất khẩu,Export_Value,1651000.0,million_USD,Estimated,PL10
0c861c42a26a4628,2012,12,Cả nước,National,Trade,1,Xuất khẩu,Export_Volume,850000.0,1000_ton,Estimated,PL10
5e22729a149821bf,2012,12,Cả nước,National,Trade,1,Xuất khẩu,Export_Value,900000.0,million_USD,Estimated,PL10
db07ab9522990223,2012,12,Cả nước,National,Trade,2,Xuất khẩu,Export_Volume,125500.0,1000_ton,Estimated,PL10
59d5ae14ac0f977c,2012,12,Cả nước,National,Trade,2,Xuất khẩu,Export_Value,532000.0,million_USD,Estimated,PL10
0f231978eaffaafd,2012,12,Cả nước,National,Trade,3,Xuất khẩu,Export_Volume,41000.0,1000_ton,Estimated,PL10
ce4c77abb8f85fbc,2012,12,Cả nước,National,Trade,3,Xuất khẩu,Export_Value,219000.0,million_USD,Estimated,PL10
e0c95fa29ad6799d,2012,12,Cả nước,National,Trade,4,Xuất khẩu,Export_Volume,57000.0,1000_ton,Estimated,PL10
354a5d82cb6776cf,2012,12,Cả nước,National,Trade,5,Xuất khẩu,Export_Volume,80500.0,1000_ton,Estimated,PL10
6a12b522bb122d23,2012,12,Cả nước,National,Trade,6,Xuất khẩu,Export_Volume,31600.0,1000_ton,Estimated,PL10
29cb93dd5ab18f83,2012,12,Cả nước,National,Trade,7,Xuất khẩu,Export_Volume,15000.0,1000_ton,Estimated,PL10
99cae53fb36e3d07,2012,12,Cả nước,National,Trade,9,Xuất khẩu,Export_Volume,105000.0,1000_ton,Estimated,PL10
496b2922ac9f7d9a,2012,12,Cả nước,National,Trade,II,Xuất khẩu,Export_Volume,191000.0,1000_ton,Estimated,PL10
0c861c42a26a4628,2012,12,Cả nước,National,Trade,1,Xuất khẩu,Export_Volume,55600.0,1000_ton,Estimated,PL10
db07ab9522990223,2012,12,Cả nước,National,Trade,2,Xuất khẩu,Export_Volume,79800.0,1000_ton,Estimated,PL10
0f231978eaffaafd,2012,12,Cả nước,National,Trade,3,Xuất khẩu,Export_Volume,38400.0,1000_ton,Estimated,PL10
e0c95fa29ad6799d,2012,12,Cả nước,National,Trade,4,Xuất khẩu,Export_Volume,16600.0,1000_ton,Estimated,PL10
354a5d82cb6776cf,2012,12,Cả nước,National,Trade,5,Xuất khẩu,Export_Volume,600.0,1000_ton,Estimated,PL10
d5e6d6691c113413,2012,12,Cả nước,National,Trade,III,Xuất khẩu,Export_Volume,32500.0,1000_ton,Estimated,PL10
71179122466fc254,2012,12,Cả nước,National,Trade,B,Xuất khẩu,Export_Volume,1577300.0,1000_ton,Estimated,PL10
0c861c42a26a4628,2012,12,Cả nước,National,Trade,1,Xuất khẩu,Export_Volume,1164200.0,1000_ton,Estimated,PL10
db07ab9522990223,2012,12,Cả nước,National,Trade,2,Xuất khẩu,Export_Volume,165000.0,1000_ton,Estimated,PL10
0f231978eaffaafd,2012,12,Cả nước,National,Trade,3,Xuất khẩu,Export_Volume,248100.0,1000_ton,Estimated,PL10
e6637d35b3771273,2012,11,ĐỨC,International,Trade,Cà phê,Xuất khẩu,Export_Volume,137040.0,ton,Actual,PL11b
14ec1c26ec0525f9,2012,11,ĐỨC,International,Trade,Cà phê,Xuất khẩu,Export_Value,283663.0,1000_USD,Actual,PL11b
03bf90b2f3b6db21,2012,11,HOA KỲ,International,Trade,Cà phê,Xuất khẩu,Export_Volume,118018.0,ton,Actual,PL11b
19fff288f2d58c10,2012,11,HOA KỲ,International,Trade,Cà phê,Xuất khẩu,Export_Value,272748.0,1000_USD,Actual,PL11b
c1c8d87c386c67a7,2012,11,ITALIA,International,Trade,Cà phê,Xuất khẩu,Export_Volume,64537.0,ton,Actual,PL11b
63057778f83cd3c0,2012,11,ITALIA,International,Trade,Cà phê,Xuất khẩu,Export_Value,133700.0,1000_USD,Actual,PL11b
8cdaf896bf021ff0,2012,11,TÂY BAN NHA,International,Trade,Cà phê,Xuất khẩu,Export_Volume,56429.0,ton,Actual,PL11b
3e2ef7e44694e3f3,2012,11,TÂY BAN NHA,International,Trade,Cà phê,Xuất khẩu,Export_Value,115430.0,1000_USD,Actual,PL11b
0dfb36465168500c,2012,11,NHẬT BẢN,International,Trade,Cà phê,Xuất khẩu,Export_Volume,45450.0,ton,Actual,PL11b
94ab2fdddbc50f87,2012,11,NHẬT BẢN,International,Trade,Cà phê,Xuất khẩu,Export_Value,102248.0,1000_USD,Actual,PL11b
df111b6fbb735903,2012,11,IN ĐÔ NÊ XI A,International,Trade,Cà phê,Xuất khẩu,Export_Volume,38710.0,ton,Actual,PL11b
cd0786bb2d7dc910,2012,11,IN ĐÔ NÊ XI A,International,Trade,Cà phê,Xuất khẩu,Export_Value,78196.0,1000_USD,Actual,PL11b
c26ac7e5b4422972,2012,11,BỈ,International,Trade,Cà phê,Xuất khẩu,Export_Volume,35969.0,ton,Actual,PL11b
7443da42ad0a31c8,2012,11,BỈ,International,Trade,Cà phê,Xuất khẩu,Export_Value,74374.0,1000_USD,Actual,PL11b
6a375a70ec4b92c3,2012,11,TRUNG QUỐC,International,Trade,Cà phê,Xuất khẩu,Export_Volume,24017.0,ton,Actual,PL11b
ef20236d56c3bc66,2012,11,TRUNG QUỐC,International,Trade,Cà phê,Xuất khẩu,Export_Value,61836.0,1000_USD,Actual,PL11b
9c5cbf703006f435,2012,11,MÊ HI CÔ,International,Trade,Cà phê,Xuất khẩu,Export_Volume,26537.0,ton,Actual,PL11b
5d2fec3369f3338a,2012,11,MÊ HI CÔ,International,Trade,Cà phê,Xuất khẩu,Export_Value,53503.0,1000_USD,Actual,PL11b
708df2dd01e713a9,2012,11,ANH,International,Trade,Cà phê,Xuất khẩu,Export_Volume,21334.0,ton,Actual,PL11b
b523d7ec400e0434,2012,11,ANH,International,Trade,Cà phê,Xuất khẩu,Export_Value,43557.0,1000_USD,Actual,PL11b
2bd120446c9ecca8,2012,11,TRUNG QUỐC,International,Trade,Cao su,Xuất khẩu,Export_Volume,210231.0,ton,Actual,PL11b
52861643b760d041,2012,11,TRUNG QUỐC,International,Trade,Cao su,Xuất khẩu,Export_Value,576204.0,1000_USD,Actual,PL11b
524041a78697ad08,2012,11,MALAIXIA,International,Trade,Cao su,Xuất khẩu,Export_Volume,64737.0,ton,Actual,PL11b
f650b4d2a227ba24,2012,11,MALAIXIA,International,Trade,Cao su,Xuất khẩu,Export_Value,209744.0,1000_USD,Actual,PL11b
54d5a7099a3be355,2012,11,ĐÀI LOAN,International,Trade,Cao su,Xuất khẩu,Export_Volume,17912.0,ton,Actual,PL11b
689d88c76b25b03c,2012,11,ĐÀI LOAN,International,Trade,Cao su,Xuất khẩu,Export_Value,62292.0,1000_USD,Actual,PL11b
20d12483f0e5a74c,2012,11,HÀN QUỐC,International,Trade,Cao su,Xuất khẩu,Export_Volume,19024.0,ton,Actual,PL11b
6783a657e4522b52,2012,11,HÀN QUỐC,International,Trade,Cao su,Xuất khẩu,Export_Value,59639.0,1000_USD,Actual,PL11b
6df1f15709d4c465,2012,11,ẤN ĐỘ,International,Trade,Cao su,Xuất khẩu,Export_Volume,17080.0,ton,Actual,PL11b
9db4b73ffd40b6c4,2012,11,ẤN ĐỘ,International,Trade,Cao su,Xuất khẩu,Export_Value,59165.0,1000_USD,Actual,PL11b
29566883ce6b7940,2012,11,ĐỨC,International,Trade,Cao su,Xuất khẩu,Export_Volume,11616.0,ton,Actual,PL11b
1288977887e4c4b4,2012,11,ĐỨC,International,Trade,Cao su,Xuất khẩu,Export_Value,40316.0,1000_USD,Actual,PL11b
b35cc3137a2134a2,2012,11,HOA KỲ,International,Trade,Cao su,Xuất khẩu,Export_Volume,9520.0,ton,Actual,PL11b
940627bd8cc8dfe9,2012,11,HOA KỲ,International,Trade,Cao su,Xuất khẩu,Export_Value,28731.0,1000_USD,Actual,PL11b
08b74c3c998f0184,2012,11,THỔ NHĨ KỲ,International,Trade,Cao su,Xuất khẩu,Export_Volume,6696.0,ton,Actual,PL11b
a45ad61c96a2ea50,2012,11,THỔ NHĨ KỲ,International,Trade,Cao su,Xuất khẩu,Export_Value,21989.0,1000_USD,Actual,PL11b
cabb0038233b6d47,2012,11,NHẬT BẢN,International,Trade,Cao su,Xuất khẩu,Export_Volume,4307.0,ton,Actual,PL11b
bbc1b650856fd518,2012,11,NHẬT BẢN,International,Trade,Cao su,Xuất khẩu,Export_Value,15805.0,1000_USD,Actual,PL11b
bce434546407dfea,2012,11,TÂY BAN NHA,International,Trade,Cao su,Xuất khẩu,Export_Volume,4019.0,ton,Actual,PL11b
8d53815ba16bad9e,2012,11,TÂY BAN NHA,International,Trade,Cao su,Xuất khẩu,Export_Value,13694.0,1000_USD,Actual,PL11b
f4afce1c3e1f9dc6,2012,11,PAKIXTAN,International,Trade,Chè,Xuất khẩu,Export_Volume,9281.0,ton,Actual,PL11b
825f7d8f5a674921,2012,11,PAKIXTAN,International,Trade,Chè,Xuất khẩu,Export_Value,17569.0,1000_USD,Actual,PL11b
d62a75265f84d8fd,2012,11,ĐÀI LOAN,International,Trade,Chè,Xuất khẩu,Export_Volume,9650.0,ton,Actual,PL11b
6d1450fea80ec93a,2012,11,ĐÀI LOAN,International,Trade,Chè,Xuất khẩu,Export_Value,12823.0,1000_USD,Actual,PL11b
5fb6f51d868d2de8,2012,11,TRUNG QUỐC,International,Trade,Chè,Xuất khẩu,Export_Volume,6965.0,ton,Actual,PL11b
d4be9078885b2b4e,2012,11,TRUNG QUỐC,International,Trade,Chè,Xuất khẩu,Export_Value,9291.0,1000_USD,Actual,PL11b
24775d3b4a4c04af,2012,11,NGA,International,Trade,Chè,Xuất khẩu,Export_Volume,6085.0,ton,Actual,PL11b
8c914585f14a2927,2012,11,NGA,International,Trade,Chè,Xuất khẩu,Export_Value,8960.0,1000_USD,Actual,PL11b
e2f87b6a0c1eee7f,2012,11,IN ĐÔ NÊ XI A,International,Trade,Chè,Xuất khẩu,Export_Volume,8122.0,ton,Actual,PL11b
bc67c4740dbcfdd1,2012,11,IN ĐÔ NÊ XI A,International,Trade,Chè,Xuất khẩu,Export_Value,7113.0,1000_USD,Actual,PL11b
495f70d5fa7d5604,2012,11,HOA KỲ,International,Trade,Chè,Xuất khẩu,Export_Volume,3187.0,ton,Actual,PL11b
ca3dfa2f5d64c99e,2012,11,HOA KỲ,International,Trade,Chè,Xuất khẩu,Export_Value,3599.0,1000_USD,Actual,PL11b
e0360f717d9e6fa0,2012,11,TVQ. ARẬP THỐNG NHẤT,International,Trade,Chè,Xuất khẩu,Export_Volume,1143.0,ton,Actual,PL11b
6be96a95f1e1e5ba,2012,11,TVQ. ARẬP THỐNG NHẤT,International,Trade,Chè,Xuất khẩu,Export_Value,2215.0,1000_USD,Actual,PL11b
e2a402147949f01e,2012,11,ARẬP XÊÚT,International,Trade,Chè,Xuất khẩu,Export_Volume,789.0,ton,Actual,PL11b
c7df66847332a087,2012,11,ARẬP XÊÚT,International,Trade,Chè,Xuất khẩu,Export_Value,1849.0,1000_USD,Actual,PL11b
67e501e212b5d863,2012,11,BA LAN,International,Trade,Chè,Xuất khẩu,Export_Volume,1652.0,ton,Actual,PL11b
31f14682a29c895a,2012,11,BA LAN,International,Trade,Chè,Xuất khẩu,Export_Value,1767.0,1000_USD,Actual,PL11b
a07efb73fd3ee13e,2012,11,ĐỨC,International,Trade,Chè,Xuất khẩu,Export_Volume,893.0,ton,Actual,PL11b
c5f5e889eb46e4c3,2012,11,ĐỨC,International,Trade,Chè,Xuất khẩu,Export_Value,1496.0,1000_USD,Actual,PL11b
b7d1b28c7a96d282,2012,11,TRUNG QUỐC,International,Trade,Gạo,Xuất khẩu,Export_Volume,1078093.0,ton,Actual,PL11b
580d3acff363dfd8,2012,11,TRUNG QUỐC,International,Trade,Gạo,Xuất khẩu,Export_Value,459493.0,1000_USD,Actual,PL11b
c3fb272d68e10593,2012,11,PHI LIP PIN,International,Trade,Gạo,Xuất khẩu,Export_Volume,529622.0,ton,Actual,PL11b
2ae548dc7d19e239,2012,11,PHI LIP PIN,International,Trade,Gạo,Xuất khẩu,Export_Value,227765.0,1000_USD,Actual,PL11b
97b6f7b2d59a984e,2012,11,MALAIXIA,International,Trade,Gạo,Xuất khẩu,Export_Volume,328127.0,ton,Actual,PL11b
cadbe68afe39cab0,2012,11,MALAIXIA,International,Trade,Gạo,Xuất khẩu,Export_Value,175803.0,1000_USD,Actual,PL11b
bc977f46664c3836,2012,11,IN ĐÔ NÊ XI A,International,Trade,Gạo,Xuất khẩu,Export_Volume,295662.0,ton,Actual,PL11b
c76a78f10918d7e2,2012,11,IN ĐÔ NÊ XI A,International,Trade,Gạo,Xuất khẩu,Export_Value,158412.0,1000_USD,Actual,PL11b
25cd1b9e61977cad,2012,11,BỜ BIỂN NGÀ,International,Trade,Gạo,Xuất khẩu,Export_Volume,212187.0,ton,Actual,PL11b
fa43a3f444174338,2012,11,BỜ BIỂN NGÀ,International,Trade,Gạo,Xuất khẩu,Export_Value,90969.0,1000_USD,Actual,PL11b
cfc71a39fe147091,2012,11,GANA,International,Trade,Gạo,Xuất khẩu,Export_Volume,143762.0,ton,Actual,PL11b
95e9bbf8859a2262,2012,11,GANA,International,Trade,Gạo,Xuất khẩu,Export_Value,68707.0,1000_USD,Actual,PL11b
67fb99e1ecc725b1,2012,11,XINH GA PO,International,Trade,Gạo,Xuất khẩu,Export_Volume,113453.0,ton,Actual,PL11b
f97436b37cb9fa4b,2012,11,XINH GA PO,International,Trade,Gạo,Xuất khẩu,Export_Value,56273.0,1000_USD,Actual,PL11b
3b6d8980a6164045,2012,11,XÊ NÊ GAN,International,Trade,Gạo,Xuất khẩu,Export_Volume,154425.0,ton,Actual,PL11b
5ebe5b2bf35b7db2,2012,11,XÊ NÊ GAN,International,Trade,Gạo,Xuất khẩu,Export_Value,56041.0,1000_USD,Actual,PL11b
92e14ee24665b70d,2012,11,HỒNG CÔNG,International,Trade,Gạo,Xuất khẩu,Export_Volume,79885.0,ton,Actual,PL11b
3d5dac545ea07e9d,2012,11,HỒNG CÔNG,International,Trade,Gạo,Xuất khẩu,Export_Value,47255.0,1000_USD,Actual,PL11b
067278fcc945ec32,2012,11,ĐÀI LOAN,International,Trade,Gạo,Xuất khẩu,Export_Volume,68193.0,ton,Actual,PL11b
065aed78731c8a06,2012,11,ĐÀI LOAN,International,Trade,Gạo,Xuất khẩu,Export_Value,31416.0,1000_USD,Actual,PL11b
bd35ff78e8b48c7a,2012,11,HOA KỲ,International,Trade,Gỗ & sản phẩm gỗ,Xuất khẩu,Export_Value,822894.0,1000_USD,Actual,PL11b
e42ee8051dca75ff,2012,11,TRUNG QUỐC,International,Trade,Gỗ & sản phẩm gỗ,Xuất khẩu,Export_Value,356060.0,1000_USD,Actual,PL11b
b5fe891c84673767,2012,11,NHẬT BẢN,International,Trade,Gỗ & sản phẩm gỗ,Xuất khẩu,Export_Value,309488.0,1000_USD,Actual,PL11b
b5b61a22ef5c0720,2012,11,HÀN QUỐC,International,Trade,Gỗ & sản phẩm gỗ,Xuất khẩu,Export_Value,115717.0,1000_USD,Actual,PL11b
d003479740a2496c,2012,11,ANH,International,Trade,Gỗ & sản phẩm gỗ,Xuất khẩu,Export_Value,92144.0,1000_USD,Actual,PL11b
7b618a2aed9e2d8b,2012,11,ĐỨC,International,Trade,Gỗ & sản phẩm gỗ,Xuất khẩu,Export_Value,57769.0,1000_USD,Actual,PL11b
c1ef7019d3a5bdb9,2012,11,CA NA ĐA,International,Trade,Gỗ & sản phẩm gỗ,Xuất khẩu,Export_Value,53820.0,1000_USD,Actual,PL11b
962f3853fd421ac7,2012,11,Ô X TRÂY LIA,International,Trade,Gỗ & sản phẩm gỗ,Xuất khẩu,Export_Value,47503.0,1000_USD,Actual,PL11b
64564180313d6cbc,2012,11,PHÁP,International,Trade,Gỗ & sản phẩm gỗ,Xuất khẩu,Export_Value,42615.0,1000_USD,Actual,PL11b
c9577213a72b6b69,2012,11,HOA KỲ,International,Trade,Bông các loại,Xuất khẩu,Export_Volume,53452.0,ton,Actual,PL11c
cd36c6f86a1b3798,2012,11,HOA KỲ,International,Trade,Bông các loại,Xuất khẩu,Export_Value,128790.0,1000_USD,Actual,PL11c
252a88965376d572,2012,11,PAKIXTAN,International,Trade,Bông các loại,Xuất khẩu,Export_Volume,40228.0,ton,Actual,PL11c
cebbc3fb0f1a6480,2012,11,PAKIXTAN,International,Trade,Bông các loại,Xuất khẩu,Export_Value,82100.0,1000_USD,Actual,PL11c
07aad20bab02de3f,2012,11,ẤN ĐỘ,International,Trade,Bông các loại,Xuất khẩu,Export_Volume,35246.0,ton,Actual,PL11c
83f2e70b05a88acd,2012,11,ẤN ĐỘ,International,Trade,Bông các loại,Xuất khẩu,Export_Value,72576.0,1000_USD,Actual,PL11c
99954ada64ca563c,2012,11,BRAXIN,International,Trade,Bông các loại,Xuất khẩu,Export_Volume,17180.0,ton,Actual,PL11c
0c76a7b581b80ab4,2012,11,BRAXIN,International,Trade,Bông các loại,Xuất khẩu,Export_Value,51158.0,1000_USD,Actual,PL11c
394887a0cd3f7be6,2012,11,BỜ BIỂN NGÀ,International,Trade,Bông các loại,Xuất khẩu,Export_Volume,6390.0,ton,Actual,PL11c
b4cfe816bb02e94f,2012,11,BỜ BIỂN NGÀ,International,Trade,Bông các loại,Xuất khẩu,Export_Value,14335.0,1000_USD,Actual,PL11c
d3b68a80a238d992,2012,11,Ô X TRÂY LIA,International,Trade,Bông các loại,Xuất khẩu,Export_Volume,4353.0,ton,Actual,PL11c
468b03312e4a70b0,2012,11,Ô X TRÂY LIA,International,Trade,Bông các loại,Xuất khẩu,Export_Value,11732.0,1000_USD,Actual,PL11c
7078301192848309,2012,11,ĐÀI LOAN,International,Trade,Bông các loại,Xuất khẩu,Export_Volume,1853.0,ton,Actual,PL11c
0f3b3efd9b23e023,2012,11,ĐÀI LOAN,International,Trade,Bông các loại,Xuất khẩu,Export_Value,3486.0,1000_USD,Actual,PL11c
548943a4c8de01ca,2012,11,ACHENTINA,International,Trade,Bông các loại,Xuất khẩu,Export_Volume,1690.0,ton,Actual,PL11c
6bc3ec9449e83ee5,2012,11,ACHENTINA,International,Trade,Bông các loại,Xuất khẩu,Export_Value,3307.0,1000_USD,Actual,PL11c
e7d952983ed242dc,2012,11,TRUNG QUỐC,International,Trade,Bông các loại,Xuất khẩu,Export_Volume,486402.0,ton,Actual,PL11c
dccdc49264f1d5e1,2012,11,TRUNG QUỐC,International,Trade,Bông các loại,Xuất khẩu,Export_Value,18071220.0,1000_USD,Actual,PL11c
d600c3c3dc29e3c7,2012,11,HÀN QUỐC,International,Trade,Bông các loại,Xuất khẩu,Export_Volume,1276.0,ton,Actual,PL11c
6a9f01219aa9c66f,2012,11,HÀN QUỐC,International,Trade,Bông các loại,Xuất khẩu,Export_Value,1276.0,1000_USD,Actual,PL11c
20d12483f0e5a74c,2012,11,HÀN QUỐC,International,Trade,Cao su,Xuất khẩu,Export_Volume,28069.0,ton,Actual,PL11c
6783a657e4522b52,2012,11,HÀN QUỐC,International,Trade,Cao su,Xuất khẩu,Export_Value,95390.0,1000_USD,Actual,PL11c
c064e0b086930ab7,2012,11,CAMPUCHIA,International,Trade,Cao su,Xuất khẩu,Export_Volume,24184.0,ton,Actual,PL11c
a9831691493d1110,2012,11,CAMPUCHIA,International,Trade,Cao su,Xuất khẩu,Export_Value,80623.0,1000_USD,Actual,PL11c
cabb0038233b6d47,2012,11,NHẬT BẢN,International,Trade,Cao su,Xuất khẩu,Export_Volume,12303.0,ton,Actual,PL11c
bbc1b650856fd518,2012,11,NHẬT BẢN,International,Trade,Cao su,Xuất khẩu,Export_Value,42618.0,1000_USD,Actual,PL11c
54d5a7099a3be355,2012,11,ĐÀI LOAN,International,Trade,Cao su,Xuất khẩu,Export_Volume,14043.0,ton,Actual,PL11c
689d88c76b25b03c,2012,11,ĐÀI LOAN,International,Trade,Cao su,Xuất khẩu,Export_Value,40892.0,1000_USD,Actual,PL11c
60cd412acfcd004f,2012,11,THÁI LAN,International,Trade,Cao su,Xuất khẩu,Export_Volume,13578.0,ton,Actual,PL11c
1bd8b263ebcaac2c,2012,11,THÁI LAN,International,Trade,Cao su,Xuất khẩu,Export_Value,39023.0,1000_USD,Actual,PL11c
b1afac028e3d82ca,2012,11,MI AN MA,International,Trade,Cao su,Xuất khẩu,Export_Volume,6952.0,ton,Actual,PL11c
b905d8d094be2bef,2012,11,MI AN MA,International,Trade,Cao su,Xuất khẩu,Export_Value,23753.0,1000_USD,Actual,PL11c
2bd120446c9ecca8,2012,11,TRUNG QUỐC,International,Trade,Cao su,Xuất khẩu,Export_Volume,7346.0,ton,Actual,PL11c
52861643b760d041,2012,11,TRUNG QUỐC,International,Trade,Cao su,Xuất khẩu,Export_Value,20476.0,1000_USD,Actual,PL11c
f1e03928ebfd6550,2012,11,NGA,International,Trade,Cao su,Xuất khẩu,Export_Volume,3807.0,ton,Actual,PL11c
9d6cec2ea7a77aef,2012,11,NGA,International,Trade,Cao su,Xuất khẩu,Export_Value,14170.0,1000_USD,Actual,PL11c
b35cc3137a2134a2,2012,11,HOA KỲ,International,Trade,Cao su,Xuất khẩu,Export_Volume,17698.0,ton,Actual,PL11c
940627bd8cc8dfe9,2012,11,HOA KỲ,International,Trade,Cao su,Xuất khẩu,Export_Value,11838.0,1000_USD,Actual,PL11c
6ddc887d8de3519b,2012,11,PHÁP,International,Trade,Cao su,Xuất khẩu,Export_Volume,2538.0,ton,Actual,PL11c
c5cba7efed5b6bc8,2012,11,PHÁP,International,Trade,Cao su,Xuất khẩu,Export_Value,6124.0,1000_USD,Actual,PL11c
16e6af00b2195b7f,2012,11,MALAIXIA,International,Trade,Dầu mỡ động thực vật,Xuất khẩu,Export_Value,213851.0,1000_USD,Actual,PL11c
fb6d7888f2e6e9c3,2012,11,IN ĐÔ NÊ XI A,International,Trade,Dầu mỡ động thực vật,Xuất khẩu,Export_Value,106348.0,1000_USD,Actual,PL11c
ddd07a85c8b08f3f,2012,11,ACHENTINA,International,Trade,Dầu mỡ động thực vật,Xuất khẩu,Export_Value,12709.0,1000_USD,Actual,PL11c
d7ff02df2e629773,2012,11,THÁI LAN,International,Trade,Dầu mỡ động thực vật,Xuất khẩu,Export_Value,6583.0,1000_USD,Actual,PL11c
f9dd951e9718d669,2012,11,HOA KỲ,International,Trade,Dầu mỡ động thực vật,Xuất khẩu,Export_Value,4292.0,1000_USD,Actual,PL11c
a47d50ceacbfea0d,2012,11,TRUNG QUỐC,International,Trade,Dầu mỡ động thực vật,Xuất khẩu,Export_Value,4112.0,1000_USD,Actual,PL11c
51f33f491e3086eb,2012,11,CHI LÊ,International,Trade,Dầu mỡ động thực vật,Xuất khẩu,Export_Value,2805.0,1000_USD,Actual,PL11c
8292db42c908a97c,2012,11,HÀN QUỐC,International,Trade,Dầu mỡ động thực vật,Xuất khẩu,Export_Value,2381.0,1000_USD,Actual,PL11c
ae412e624a6fe72b,2012,11,ẤN ĐỘ,International,Trade,Dầu mỡ động thực vật,Xuất khẩu,Export_Value,1840.0,1000_USD,Actual,PL11c
daa552db95361b48,2012,11,Ô X TRÂY LIA,International,Trade,Dầu mỡ động thực vật,Xuất khẩu,Export_Value,1065.0,1000_USD,Actual,PL11c
79466d56a4279702,2012,11,Ô X TRÂY LIA,International,Trade,Lúa mì,Xuất khẩu,Export_Volume,1478793.0,ton,Actual,PL11c
17a30b94db29c8b6,2012,11,Ô X TRÂY LIA,International,Trade,Lúa mì,Xuất khẩu,Export_Value,440510.0,1000_USD,Actual,PL11c
3461e058ab75f509,2012,11,HOA KỲ,International,Trade,Lúa mì,Xuất khẩu,Export_Volume,58585.0,ton,Actual,PL11c
d3188f853f05ab6e,2012,11,HOA KỲ,International,Trade,Lúa mì,Xuất khẩu,Export_Value,21797.0,1000_USD,Actual,PL11c
6383959d09da6e7c,2012,11,CA NA ĐA,International,Trade,Lúa mì,Xuất khẩu,Export_Volume,4200.0,ton,Actual,PL11c
3d8a816f3dc4c144,2012,11,CA NA ĐA,International,Trade,Lúa mì,Xuất khẩu,Export_Value,1665.0,1000_USD,Actual,PL11c
0d45a77fc1abc2de,2012,11,UCRAINA,International,Trade,Lúa mì,Xuất khẩu,Export_Volume,3771.0,ton,Actual,PL11c
4c4c78622726e058,2012,11,UCRAINA,International,Trade,Lúa mì,Xuất khẩu,Export_Value,1009.0,1000_USD,Actual,PL11c
4c436ec5c892474b,2012,11,THỔ NHĨ KỲ,International,Trade,Lúa mì,Xuất khẩu,Export_Volume,562.0,ton,Actual,PL11c
9bc2ed2d3c6fdf51,2012,11,THỔ NHĨ KỲ,International,Trade,Lúa mì,Xuất khẩu,Export_Value,200.0,1000_USD,Actual,PL11c
405e6991116d623c,2012,11,NGA,International,Trade,Lúa mì,Xuất khẩu,Export_Volume,475.0,ton,Actual,PL11c
c891704451e998db,2012,11,NGA,International,Trade,Lúa mì,Xuất khẩu,Export_Value,150.0,1000_USD,Actual,PL11c
8d67e9cb84cccb87,2012,11,LÀO,International,Trade,Gỗ & sản phẩm gỗ,Xuất khẩu,Export_Value,187902.0,1000_USD,Actual,PL11c
bd35ff78e8b48c7a,2012,11,HOA KỲ,International,Trade,Gỗ & sản phẩm gỗ,Xuất khẩu,Export_Value,99622.0,1000_USD,Actual,PL11c
e42ee8051dca75ff,2012,11,TRUNG QUỐC,International,Trade,Gỗ & sản phẩm gỗ,Xuất khẩu,Export_Value,97875.0,1000_USD,Actual,PL11c
4fedc7d01f35a6d1,2012,11,THÁI LAN,International,Trade,Gỗ & sản phẩm gỗ,Xuất khẩu,Export_Value,46961.0,1000_USD,Actual,PL11c
24a3e9ce8a5e1bde,2012,11,MALAIXIA,International,Trade,Gỗ & sản phẩm gỗ,Xuất khẩu,Export_Value,42158.0,1000_USD,Actual,PL11c
bc5d003676d67f02,2012,11,NIU ZI LÂN,International,Trade,Gỗ & sản phẩm gỗ,Xuất khẩu,Export_Value,29838.0,1000_USD,Actual,PL11c
974a6bc7d5b1c67c,2012,11,MI AN MA,International,Trade,Gỗ & sản phẩm gỗ,Xuất khẩu,Export_Value,21748.0,1000_USD,Actual,PL11c
46822676ba418515,2012,11,CAMPUCHIA,International,Trade,Gỗ & sản phẩm gỗ,Xuất khẩu,Export_Value,13901.0,1000_USD,Actual,PL11c
e4951480b7da6e22,2012,11,CHI LÊ,International,Trade,Gỗ & sản phẩm gỗ,Xuất khẩu,Export_Value,13852.0,1000_USD,Actual,PL11c
608ed31f0d81e817,2012,11,IN ĐÔ NÊ XI A,International,Trade,Gỗ & sản phẩm gỗ,Xuất khẩu,Export_Value,13574.0,1000_USD,Actual,PL11c
ee94e7716828af01,2012,11,TRUNG QUỐC,International,Trade,Phân bón các loại,Xuất khẩu,Export_Volume,729277.0,ton,Actual,PL11c
79d0fe46641b974d,2012,11,TRUNG QUỐC,International,Trade,Phân bón các loại,Xuất khẩu,Export_Value,316554.0,1000_USD,Actual,PL11c
0e73fc3981258b21,2012,11,PHI LIP PIN,International,Trade,Phân bón các loại,Xuất khẩu,Export_Volume,133068.0,ton,Actual,PL11c
cabb5f613cd30842,2012,11,PHI LIP PIN,International,Trade,Phân bón các loại,Xuất khẩu,Export_Value,64109.0,1000_USD,Actual,PL11c
d1d296ba1cbe0ea4,2012,7,Miền Bắc,Provincial,Cultivation,Lúa,,Area_Planted,1140676.0,ha,Actual,PL2
d30820ec88321b21,2012,7,Miền Bắc,Provincial,Cultivation,Lúa,,Harvest_percent,986.0,percent,Actual,PL2
d1d296ba1cbe0ea4,2012,7,Miền Bắc,Provincial,Cultivation,Lúa,,Area_Planted,881352.0,ha,Actual,PL2
d1d296ba1cbe0ea4,2012,7,Miền Bắc,Provincial,Cultivation,Lúa,,Area_Planted,160087.0,ha,Actual,PL2
d1d296ba1cbe0ea4,2012,7,Miền Bắc,Provincial,Cultivation,Lúa,,Area_Planted,775051.0,ha,Actual,PL2
e5a404ac56564f22,2012,7,Miền Bắc,Provincial,Cultivation,Ngô,,Area_Planted,527468.0,ha,Actual,PL2
7077e61a4e2b02d9,2012,7,Miền Bắc,Provincial,Cultivation,Khoai lang,,Area_Planted,78393.0,ha,Actual,PL2
1b0c78a122b2131d,2012,7,Miền Bắc,Provincial,Cultivation,Sắn,,Area_Planted,153694.0,ha,Actual,PL2
d1d296ba1cbe0ea4,2012,7,Miền Bắc,Provincial,Cultivation,Lúa,,Area_Planted,15497.0,ha,Actual,PL2
0ff27a879fc8af68,2012,7,ĐB sông Hồng,Provincial,Cultivation,Lúa,,Area_Planted,554851.0,ha,Actual,PL2
7a62cd934070939d,2012,7,ĐB sông Hồng,Provincial,Cultivation,Lúa,,Harvest_percent,985.0,percent,Actual,PL2
0ff27a879fc8af68,2012,7,ĐB sông Hồng,Provincial,Cultivation,Lúa,,Area_Planted,654.0,ha,Actual,PL2
0ff27a879fc8af68,2012,7,ĐB sông Hồng,Provincial,Cultivation,Lúa,,Area_Planted,482191.0,ha,Actual,PL2
0ff27a879fc8af68,2012,7,ĐB sông Hồng,Provincial,Cultivation,Lúa,,Area_Planted,107185.0,ha,Actual,PL2
4715faa8f0290beb,2012,7,ĐB sông Hồng,Provincial,Cultivation,Ngô,,Area_Planted,75709.0,ha,Actual,PL2
e6b498cc19b905af,2012,7,ĐB sông Hồng,Provincial,Cultivation,Khoai lang,,Area_Planted,21248.0,ha,Actual,PL2
07a64ed762a1adb5,2012,7,ĐB sông Hồng,Provincial,Cultivation,Sắn,,Area_Planted,5297.0,ha,Actual,PL2
0ff27a879fc8af68,2012,7,ĐB sông Hồng,Provincial,Cultivation,Lúa,,Area_Planted,4931.0,ha,Actual,PL2
460acc72662c9332,2012,7,Hà Nội,Provincial,Cultivation,Lúa,,Area_Planted,100315.0,ha,Actual,PL2
09458b603267129d,2012,7,Hà Nội,Provincial,Cultivation,Lúa,,Harvest_percent,1000.0,percent,Actual,PL2
460acc72662c9332,2012,7,Hà Nội,Provincial,Cultivation,Lúa,,Area_Planted,620.0,ha,Actual,PL2
460acc72662c9332,2012,7,Hà Nội,Provincial,Cultivation,Lúa,,Area_Planted,98455.0,ha,Actual,PL2
460acc72662c9332,2012,7,Hà Nội,Provincial,Cultivation,Lúa,,Area_Planted,27653.0,ha,Actual,PL2
89fad3e8608e8888,2012,7,Hà Nội,Provincial,Cultivation,Ngô,,Area_Planted,21251.0,ha,Actual,PL2
8b3d7b861a33d030,2012,7,Hà Nội,Provincial,Cultivation,Khoai lang,,Area_Planted,4002.0,ha,Actual,PL2
69e19808b7c70ce5,2012,7,Hà Nội,Provincial,Cultivation,Sắn,,Area_Planted,818.0,ha,Actual,PL2
460acc72662c9332,2012,7,Hà Nội,Provincial,Cultivation,Lúa,,Area_Planted,1582.0,ha,Actual,PL2
2c4cdaa79112f7f5,2012,7,Hải Phòng,Provincial,Cultivation,Lúa,,Area_Planted,38510.0,ha,Actual,PL2
64ce22131493fe72,2012,7,Hải Phòng,Provincial,Cultivation,Lúa,,Harvest_percent,1000.0,percent,Actual,PL2
2c4cdaa79112f7f5,2012,7,Hải Phòng,Provincial,Cultivation,Lúa,,Area_Planted,694.0,ha,Actual,PL2
2c4cdaa79112f7f5,2012,7,Hải Phòng,Provincial,Cultivation,Lúa,,Area_Planted,15690.0,ha,Actual,PL2
2c4cdaa79112f7f5,2012,7,Hải Phòng,Provincial,Cultivation,Lúa,,Area_Planted,3400.0,ha,Actual,PL2
b4653672602c25ef,2012,7,Hải Phòng,Provincial,Cultivation,Ngô,,Area_Planted,2000.0,ha,Actual,PL2
35cedad5066f2054,2012,7,Hải Phòng,Provincial,Cultivation,Khoai lang,,Area_Planted,1400.0,ha,Actual,PL2
ee6632d8847d2592,2012,7,Vĩnh Phúc,Provincial,Cultivation,Lúa,,Area_Planted,31058.0,ha,Actual,PL2
4329b4cd8b25c140,2012,7,Vĩnh Phúc,Provincial,Cultivation,Lúa,,Harvest_percent,1000.0,percent,Actual,PL2
ee6632d8847d2592,2012,7,Vĩnh Phúc,Provincial,Cultivation,Lúa,,Area_Planted,595.0,ha,Actual,PL2
ee6632d8847d2592,2012,7,Vĩnh Phúc,Provincial,Cultivation,Lúa,,Area_Planted,27742.0,ha,Actual,PL2
ee6632d8847d2592,2012,7,Vĩnh Phúc,Provincial,Cultivation,Lúa,,Area_Planted,16608.0,ha,Actual,PL2
71f6eebdae9676a5,2012,7,Vĩnh Phúc,Provincial,Cultivation,Ngô,,Area_Planted,12244.0,ha,Actual,PL2
28945ab7789b07ab,2012,7,Vĩnh Phúc,Provincial,Cultivation,Khoai lang,,Area_Planted,2341.0,ha,Actual,PL2
410b71b5723b8256,2012,7,Vĩnh Phúc,Provincial,Cultivation,Sắn,,Area_Planted,1864.0,ha,Actual,PL2
ee6632d8847d2592,2012,7,Vĩnh Phúc,Provincial,Cultivation,Lúa,,Area_Planted,159.0,ha,Actual,PL2
f6d647a49fa78987,2012,7,Bắc Ninh,Provincial,Cultivation,Lúa,,Area_Planted,36477.0,ha,Actual,PL2
5d79f0b5bca518f5,2012,7,Bắc Ninh,Provincial,Cultivation,Lúa,,Harvest_percent,1000.0,percent,Actual,PL2
f6d647a49fa78987,2012,7,Bắc Ninh,Provincial,Cultivation,Lúa,,Area_Planted,678.0,ha,Actual,PL2
f6d647a49fa78987,2012,7,Bắc Ninh,Provincial,Cultivation,Lúa,,Area_Planted,27465.0,ha,Actual,PL2
f6d647a49fa78987,2012,7,Bắc Ninh,Provincial,Cultivation,Lúa,,Area_Planted,4536.0,ha,Actual,PL2
4116422e953c7c40,2012,7,Bắc Ninh,Provincial,Cultivation,Ngô,,Area_Planted,3901.0,ha,Actual,PL2
c839019a138e027c,2012,7,Bắc Ninh,Provincial,Cultivation,Khoai lang,,Area_Planted,635.0,ha,Actual,PL2
3ee8e6e5f686360b,2012,7,Hải Dương,Provincial,Cultivation,Lúa,,Area_Planted,63610.0,ha,Actual,PL2
8e778e0f6ce81511,2012,7,Hải Dương,Provincial,Cultivation,Lúa,,Harvest_percent,1000.0,percent,Actual,PL2
3ee8e6e5f686360b,2012,7,Hải Dương,Provincial,Cultivation,Lúa,,Area_Planted,650.0,ha,Actual,PL2
3ee8e6e5f686360b,2012,7,Hải Dương,Provincial,Cultivation,Lúa,,Area_Planted,52755.0,ha,Actual,PL2
3ee8e6e5f686360b,2012,7,Hải Dương,Provincial,Cultivation,Lúa,,Area_Planted,1575.0,ha,Actual,PL2
89661bc9b50f4b4d,2012,7,Hải Dương,Provincial,Cultivation,Ngô,,Area_Planted,1120.0,ha,Actual,PL2
8a4f21d960a597ca,2012,7,Hải Dương,Provincial,Cultivation,Khoai lang,,Area_Planted,455.0,ha,Actual,PL2
faea1f4f8ef10819,2012,7,Hưng Yên,Provincial,Cultivation,Lúa,,Area_Planted,35525.0,ha,Actual,PL2
af2c42a3250a03f5,2012,7,Hưng Yên,Provincial,Cultivation,Lúa,,Harvest_percent,899.0,percent,Actual,PL2
faea1f4f8ef10819,2012,7,Hưng Yên,Provincial,Cultivation,Lúa,,Area_Planted,640.0,ha,Actual,PL2
faea1f4f8ef10819,2012,7,Hưng Yên,Provincial,Cultivation,Lúa,,Area_Planted,39973.0,ha,Actual,PL2
faea1f4f8ef10819,2012,7,Hưng Yên,Provincial,Cultivation,Lúa,,Area_Planted,8156.0,ha,Actual,PL2
920336b9628daf04,2012,7,Hưng Yên,Provincial,Cultivation,Ngô,,Area_Planted,7542.0,ha,Actual,PL2
e578ad9f5555e197,2012,7,Hưng Yên,Provincial,Cultivation,Khoai lang,,Area_Planted,614.0,ha,Actual,PL2
cb20b78c9a3029ce,2012,7,Hà Nam,Provincial,Cultivation,Lúa,,Area_Planted,34243.0,ha,Actual,PL2
257bad5109bfcae5,2012,7,Hà Nam,Provincial,Cultivation,Lúa,,Harvest_percent,1000.0,percent,Actual,PL2
cb20b78c9a3029ce,2012,7,Hà Nam,Provincial,Cultivation,Lúa,,Area_Planted,665.0,ha,Actual,PL2
cb20b78c9a3029ce,2012,7,Hà Nam,Provincial,Cultivation,Lúa,,Area_Planted,33539.0,ha,Actual,PL2
cb20b78c9a3029ce,2012,7,Hà Nam,Provincial,Cultivation,Lúa,,Area_Planted,5373.0,ha,Actual,PL2
7f76bd92137bc53d,2012,7,Hà Nam,Provincial,Cultivation,Ngô,,Area_Planted,4467.0,ha,Actual,PL2
4b833116000e3bae,2012,7,Hà Nam,Provincial,Cultivation,Khoai lang,,Area_Planted,581.0,ha,Actual,PL2
6cb870d45855cf03,2012,7,Hà Nam,Provincial,Cultivation,Sắn,,Area_Planted,325.0,ha,Actual,PL2
847d11340a1f3920,2012,7,Nam Định,Provincial,Cultivation,Lúa,,Area_Planted,77727.0,ha,Actual,PL2
8cfdc585f491baa1,2012,7,Nam Định,Provincial,Cultivation,Lúa,,Harvest_percent,1000.0,percent,Actual,PL2
847d11340a1f3920,2012,7,Nam Định,Provincial,Cultivation,Lúa,,Area_Planted,680.0,ha,Actual,PL2
847d11340a1f3920,2012,7,Nam Định,Provincial,Cultivation,Lúa,,Area_Planted,79270.0,ha,Actual,PL2
847d11340a1f3920,2012,7,Nam Định,Provincial,Cultivation,Lúa,,Area_Planted,7337.0,ha,Actual,PL2
17ec674807fa4bfa,2012,7,Nam Định,Provincial,Cultivation,Ngô,,Area_Planted,3645.0,ha,Actual,PL2
75a2ef29f402af51,2012,7,Nam Định,Provincial,Cultivation,Khoai lang,,Area_Planted,2072.0,ha,Actual,PL2
456f2a30fafc6e6f,2012,7,Nam Định,Provincial,Cultivation,Sắn,,Area_Planted,309.0,ha,Actual,PL2
847d11340a1f3920,2012,7,Nam Định,Provincial,Cultivation,Lúa,,Area_Planted,1311.0,ha,Actual,PL2
6e3aee3a18c70e2b,2012,7,Thái Bình,Provincial,Cultivation,Lúa,,Area_Planted,81144.0,ha,Actual,PL2
2391ad14d953cec4,2012,7,Thái Bình,Provincial,Cultivation,Lúa,,Harvest_percent,1000.0,percent,Actual,PL2
6e3aee3a18c70e2b,2012,7,Thái Bình,Provincial,Cultivation,Lúa,,Area_Planted,710.0,ha,Actual,PL2
6e3aee3a18c70e2b,2012,7,Thái Bình,Provincial,Cultivation,Lúa,,Area_Planted,61850.0,ha,Actual,PL2
6e3aee3a18c70e2b,2012,7,Thái Bình,Provincial,Cultivation,Lúa,,Area_Planted,15343.0,ha,Actual,PL2
6d29269572e9a822,2012,7,Thái Bình,Provincial,Cultivation,Ngô,,Area_Planted,10080.0,ha,Actual,PL2
6bf8c1405cf5e34b,2012,7,Thái Bình,Provincial,Cultivation,Khoai lang,,Area_Planted,4059.0,ha,Actual,PL2
cd49e1ed964ea8be,2012,7,Thái Bình,Provincial,Cultivation,Sắn,,Area_Planted,48.0,ha,Actual,PL2
6e3aee3a18c70e2b,2012,7,Thái Bình,Provincial,Cultivation,Lúa,,Area_Planted,1156.0,ha,Actual,PL2
384d4e4a7026800c,2012,7,Ninh Bình,Provincial,Cultivation,Lúa,,Area_Planted,37481.0,ha,Actual,PL2
4b94586a83cf808d,2012,7,Ninh Bình,Provincial,Cultivation,Lúa,,Harvest_percent,895.0,percent,Actual,PL2
384d4e4a7026800c,2012,7,Ninh Bình,Provincial,Cultivation,Lúa,,Area_Planted,650.0,ha,Actual,PL2
384d4e4a7026800c,2012,7,Ninh Bình,Provincial,Cultivation,Lúa,,Area_Planted,37594.0,ha,Actual,PL2
384d4e4a7026800c,2012,7,Ninh Bình,Provincial,Cultivation,Lúa,,Area_Planted,8438.0,ha,Actual,PL2
eba88839aef207dc,2012,7,Ninh Bình,Provincial,Cultivation,Ngô,,Area_Planted,4781.0,ha,Actual,PL2
ec119865eb0f85cb,2012,7,Ninh Bình,Provincial,Cultivation,Khoai lang,,Area_Planted,2229.0,ha,Actual,PL2
25208a3f6a5c0744,2012,7,Ninh Bình,Provincial,Cultivation,Sắn,,Area_Planted,907.0,ha,Actual,PL2
384d4e4a7026800c,2012,7,Ninh Bình,Provincial,Cultivation,Lúa,,Area_Planted,521.0,ha,Actual,PL2
512c888185668c8b,2012,7,Quảng Ninh,Provincial,Cultivation,Lúa,,Area_Planted,18761.0,ha,Actual,PL2
b285638e9e2ba0b2,2012,7,Quảng Ninh,Provincial,Cultivation,Lúa,,Harvest_percent,1000.0,percent,Actual,PL2
512c888185668c8b,2012,7,Quảng Ninh,Provincial,Cultivation,Lúa,,Area_Planted,540.0,ha,Actual,PL2
512c888185668c8b,2012,7,Quảng Ninh,Provincial,Cultivation,Lúa,,Area_Planted,7858.0,ha,Actual,PL2
512c888185668c8b,2012,7,Quảng Ninh,Provincial,Cultivation,Lúa,,Area_Planted,8766.0,ha,Actual,PL2
9064b7a4e37fa8ff,2012,7,Quảng Ninh,Provincial,Cultivation,Ngô,,Area_Planted,4678.0,ha,Actual,PL2
f4e684f2e64b8aef,2012,7,Quảng Ninh,Provincial,Cultivation,Khoai lang,,Area_Planted,2860.0,ha,Actual,PL2
3f293218819953fe,2012,7,Quảng Ninh,Provincial,Cultivation,Sắn,,Area_Planted,1026.0,ha,Actual,PL2
512c888185668c8b,2012,7,Quảng Ninh,Provincial,Cultivation,Lúa,,Area_Planted,202.0,ha,Actual,PL2
836bd63baffc7be2,2012,7,TD và MN,Provincial,Cultivation,Lúa,,Area_Planted,239069.0,ha,Actual,PL2
4b9885c6724ab284,2012,7,TD và MN,Provincial,Cultivation,Lúa,,Harvest_percent,971.0,percent,Actual,PL2
836bd63baffc7be2,2012,7,TD và MN,Provincial,Cultivation,Lúa,,Area_Planted,256178.0,ha,Actual,PL2
836bd63baffc7be2,2012,7,TD và MN,Provincial,Cultivation,Lúa,,Area_Planted,471612.0,ha,Actual,PL2
bbb0805c5d7ebc2e,2012,7,TD và MN,Provincial,Cultivation,Ngô,,Area_Planted,344444.0,ha,Actual,PL2
9508fd03763fddda,2012,7,TD và MN,Provincial,Cultivation,Khoai lang,,Area_Planted,26237.0,ha,Actual,PL2
7d8e650d1ca7c173,2012,7,TD và MN,Provincial,Cultivation,Sắn,,Area_Planted,93205.0,ha,Actual,PL2
836bd63baffc7be2,2012,7,TD và MN,Provincial,Cultivation,Lúa,,Area_Planted,7727.0,ha,Actual,PL2
882b53b0df63768e,2012,7,Hà Giang,Provincial,Cultivation,Lúa,,Area_Planted,9995.0,ha,Actual,PL2
9f98f15a94012930,2012,7,Hà Giang,Provincial,Cultivation,Lúa,,Harvest_percent,1000.0,percent,Actual,PL2
882b53b0df63768e,2012,7,Hà Giang,Provincial,Cultivation,Lúa,,Area_Planted,530.0,ha,Actual,PL2
882b53b0df63768e,2012,7,Hà Giang,Provincial,Cultivation,Lúa,,Area_Planted,21135.0,ha,Actual,PL2
882b53b0df63768e,2012,7,Hà Giang,Provincial,Cultivation,Lúa,,Area_Planted,52613.0,ha,Actual,PL2
54d3082afe25ae0a,2012,7,Hà Giang,Provincial,Cultivation,Ngô,,Area_Planted,44342.0,ha,Actual,PL2
b694f518763ed2b8,2012,7,Hà Giang,Provincial,Cultivation,Khoai lang,,Area_Planted,587.0,ha,Actual,PL2
9de34239803aaafa,2012,7,Hà Giang,Provincial,Cultivation,Sắn,,Area_Planted,4812.0,ha,Actual,PL2
882b53b0df63768e,2012,7,Hà Giang,Provincial,Cultivation,Lúa,,Area_Planted,2872.0,ha,Actual,PL2
b44f87a587b2c510,2012,7,Cao Bằng,Provincial,Cultivation,Lúa,,Area_Planted,3277.0,ha,Actual,PL2
5446977e3dcb9bbf,2012,7,Cao Bằng,Provincial,Cultivation,Lúa,,Harvest_percent,480.0,percent,Actual,PL2
b44f87a587b2c510,2012,7,Cao Bằng,Provincial,Cultivation,Lúa,,Area_Planted,510.0,ha,Actual,PL2
b44f87a587b2c510,2012,7,Cao Bằng,Provincial,Cultivation,Lúa,,Area_Planted,37545.0,ha,Actual,PL2
ef81b6240e416e0f,2012,7,Cao Bằng,Provincial,Cultivation,Ngô,,Area_Planted,34591.0,ha,Actual,PL2
9f03afaa21bd3b4c,2012,7,Cao Bằng,Provincial,Cultivation,Khoai lang,,Area_Planted,776.0,ha,Actual,PL2
2b537a117c48d515,2012,7,Cao Bằng,Provincial,Cultivation,Sắn,,Area_Planted,1958.0,ha,Actual,PL2
b44f87a587b2c510,2012,7,Cao Bằng,Provincial,Cultivation,Lúa,,Area_Planted,220.0,ha,Actual,PL2
4870fec7aff8d160,2012,7,Lào Cai,Provincial,Cultivation,Lúa,,Area_Planted,9721.0,ha,Actual,PL2
dc08cf9ae01c0be3,2012,7,Lào Cai,Provincial,Cultivation,Lúa,,Harvest_percent,1000.0,percent,Actual,PL2
4870fec7aff8d160,2012,7,Lào Cai,Provincial,Cultivation,Lúa,,Area_Planted,544.0,ha,Actual,PL2
4870fec7aff8d160,2012,7,Lào Cai,Provincial,Cultivation,Lúa,,Area_Planted,12848.0,ha,Actual,PL2
4870fec7aff8d160,2012,7,Lào Cai,Provincial,Cultivation,Lúa,,Area_Planted,24701.0,ha,Actual,PL2
bb62be996ca83a71,2012,7,Lào Cai,Provincial,Cultivation,Ngô,,Area_Planted,24085.0,ha,Actual,PL2
1df26e46de41ecad,2012,7,Lào Cai,Provincial,Cultivation,Khoai lang,,Area_Planted,566.0,ha,Actual,PL2
26b31e5e46578eae,2012,7,Lào Cai,Provincial,Cultivation,Sắn,,Area_Planted,50.0,ha,Actual,PL2
c7f90712e0385999,2012,7,Bắc Cạn,Provincial,Cultivation,Lúa,,Area_Planted,7733.0,ha,Actual,PL2
989389c76f553a53,2012,7,Bắc Cạn,Provincial,Cultivation,Lúa,,Harvest_percent,1000.0,percent,Actual,PL2
c7f90712e0385999,2012,7,Bắc Cạn,Provincial,Cultivation,Lúa,,Area_Planted,500.0,ha,Actual,PL2
c7f90712e0385999,2012,7,Bắc Cạn,Provincial,Cultivation,Lúa,,Area_Planted,7596.0,ha,Actual,PL2
c7f90712e0385999,2012,7,Bắc Cạn,Provincial,Cultivation,Lúa,,Area_Planted,16432.0,ha,Actual,PL2
5c55018f81f9b5d8,2012,7,Bắc Cạn,Provincial,Cultivation,Ngô,,Area_Planted,12992.0,ha,Actual,PL2
8dd92423c5523da0,2012,7,Bắc Cạn,Provincial,Cultivation,Khoai lang,,Area_Planted,253.0,ha,Actual,PL2
7571f498967b4f8d,2012,7,Bắc Cạn,Provincial,Cultivation,Sắn,,Area_Planted,1346.0,ha,Actual,PL2
c7f90712e0385999,2012,7,Bắc Cạn,Provincial,Cultivation,Lúa,,Area_Planted,1841.0,ha,Actual,PL2
22b9e13046b52436,2012,7,Lạng Sơn,Provincial,Cultivation,Lúa,,Area_Planted,10100.0,ha,Actual,PL2
5cb721bae63f1bec,2012,7,Lạng Sơn,Provincial,Cultivation,Lúa,,Harvest_percent,627.0,percent,Actual,PL2
22b9e13046b52436,2012,7,Lạng Sơn,Provincial,Cultivation,Lúa,,Area_Planted,13500.0,ha,Actual,PL2
22b9e13046b52436,2012,7,Lạng Sơn,Provincial,Cultivation,Lúa,,Area_Planted,22047.0,ha,Actual,PL2
477763007204b960,2012,7,Lạng Sơn,Provincial,Cultivation,Ngô,,Area_Planted,14807.0,ha,Actual,PL2
c64d168fc4321997,2012,7,Lạng Sơn,Provincial,Cultivation,Khoai lang,,Area_Planted,694.0,ha,Actual,PL2
f753302674305af8,2012,7,Lạng Sơn,Provincial,Cultivation,Sắn,,Area_Planted,5974.0,ha,Actual,PL2
22b9e13046b52436,2012,7,Lạng Sơn,Provincial,Cultivation,Lúa,,Area_Planted,572.0,ha,Actual,PL2
7107c51a664356ce,2012,7,Tuyên Quang,Provincial,Cultivation,Lúa,,Area_Planted,20077.0,ha,Actual,PL2
a33c492826cfe068,2012,7,Tuyên Quang,Provincial,Cultivation,Lúa,,Harvest_percent,1000.0,percent,Actual,PL2
7107c51a664356ce,2012,7,Tuyên Quang,Provincial,Cultivation,Lúa,,Area_Planted,570.0,ha,Actual,PL2
7107c51a664356ce,2012,7,Tuyên Quang,Provincial,Cultivation,Lúa,,Area_Planted,21375.0,ha,Actual,PL2
7107c51a664356ce,2012,7,Tuyên Quang,Provincial,Cultivation,Lúa,,Area_Planted,10379.0,ha,Actual,PL2
9328080574f889b4,2012,7,Tuyên Quang,Provincial,Cultivation,Ngô,,Area_Planted,8132.0,ha,Actual,PL2
a4a8e81aaf5ce02d,2012,7,Tuyên Quang,Provincial,Cultivation,Khoai lang,,Area_Planted,2247.0,ha,Actual,PL2
1ecd655d9a7a6a4a,2012,7,Yên Bái,Provincial,Cultivation,Lúa,,Area_Planted,18305.0,ha,Actual,PL2
f7277f7057143563,2012,7,Yên Bái,Provincial,Cultivation,Lúa,,Harvest_percent,1000.0,percent,Actual,PL2
1ecd655d9a7a6a4a,2012,7,Yên Bái,Provincial,Cultivation,Lúa,,Area_Planted,533.0,ha,Actual,PL2
1ecd655d9a7a6a4a,2012,7,Yên Bái,Provincial,Cultivation,Lúa,,Area_Planted,17500.0,ha,Actual,PL2
1ecd655d9a7a6a4a,2012,7,Yên Bái,Provincial,Cultivation,Lúa,,Area_Planted,35100.0,ha,Actual,PL2
c58d6ba0080f1bed,2012,7,Yên Bái,Provincial,Cultivation,Ngô,,Area_Planted,16801.0,ha,Actual,PL2
dad481ed7d50f354,2012,7,Yên Bái,Provincial,Cultivation,Khoai lang,,Area_Planted,2125.0,ha,Actual,PL2
b20e7d126b832c67,2012,7,Yên Bái,Provincial,Cultivation,Sắn,,Area_Planted,16174.0,ha,Actual,PL2
8b6b144e76c974b7,2012,7,Thái Nguyên,Provincial,Cultivation,Lúa,,Area_Planted,30225.0,ha,Actual,PL2
2c31025319f586ed,2012,7,Thái Nguyên,Provincial,Cultivation,Lúa,,Harvest_percent,1000.0,percent,Actual,PL2
8b6b144e76c974b7,2012,7,Thái Nguyên,Provincial,Cultivation,Lúa,,Area_Planted,520.0,ha,Actual,PL2
8b6b144e76c974b7,2012,7,Thái Nguyên,Provincial,Cultivation,Lúa,,Area_Planted,35471.0,ha,Actual,PL2
8b6b144e76c974b7,2012,7,Thái Nguyên,Provincial,Cultivation,Lúa,,Area_Planted,24739.0,ha,Actual,PL2
3284229dd8fd7b1c,2012,7,Thái Nguyên,Provincial,Cultivation,Ngô,,Area_Planted,14987.0,ha,Actual,PL2
2f1abd6c1e4d310b,2012,7,Thái Nguyên,Provincial,Cultivation,Khoai lang,,Area_Planted,5777.0,ha,Actual,PL2
3618dd95313f137b,2012,7,Thái Nguyên,Provincial,Cultivation,Sắn,,Area_Planted,3720.0,ha,Actual,PL2
8b6b144e76c974b7,2012,7,Thái Nguyên,Provincial,Cultivation,Lúa,,Area_Planted,255.0,ha,Actual,PL2
42a667c2a7316bd7,2012,7,Phú Thọ,Provincial,Cultivation,Lúa,,Area_Planted,36682.0,ha,Actual,PL2
585841be021a704b,2012,7,Phú Thọ,Provincial,Cultivation,Lúa,,Harvest_percent,1000.0,percent,Actual,PL2
42a667c2a7316bd7,2012,7,Phú Thọ,Provincial,Cultivation,Lúa,,Area_Planted,580.0,ha,Actual,PL2
42a667c2a7316bd7,2012,7,Phú Thọ,Provincial,Cultivation,Lúa,,Area_Planted,33100.0,ha,Actual,PL2
42a667c2a7316bd7,2012,7,Phú Thọ,Provincial,Cultivation,Lúa,,Area_Planted,28106.0,ha,Actual,PL2
9c8ad9a219c7110f,2012,7,Phú Thọ,Provincial,Cultivation,Ngô,,Area_Planted,16498.0,ha,Actual,PL2
ff46dc52f9b423dc,2012,7,Phú Thọ,Provincial,Cultivation,Khoai lang,,Area_Planted,2411.0,ha,Actual,PL2
24f393f7160c82d1,2012,7,Phú Thọ,Provincial,Cultivation,Sắn,,Area_Planted,9197.0,ha,Actual,PL2
912e8708eefe6455,2012,7,Bắc Giang,Provincial,Cultivation,Lúa,,Area_Planted,53064.0,ha,Actual,PL2
46e8a207e6735c26,2012,7,Bắc Giang,Provincial,Cultivation,Lúa,,Harvest_percent,997.0,percent,Actual,PL2
912e8708eefe6455,2012,7,Bắc Giang,Provincial,Cultivation,Lúa,,Area_Planted,590.0,ha,Actual,PL2
912e8708eefe6455,2012,7,Bắc Giang,Provincial,Cultivation,Lúa,,Area_Planted,40594.0,ha,Actual,PL2
912e8708eefe6455,2012,7,Bắc Giang,Provincial,Cultivation,Lúa,,Area_Planted,20170.0,ha,Actual,PL2
ea12fe6a2ad0647f,2012,7,Bắc Giang,Provincial,Cultivation,Ngô,,Area_Planted,7737.0,ha,Actual,PL2
134e4488bd8ccbc5,2012,7,Bắc Giang,Provincial,Cultivation,Khoai lang,,Area_Planted,5946.0,ha,Actual,PL2
4073a0d128effd01,2012,7,Bắc Giang,Provincial,Cultivation,Sắn,,Area_Planted,5753.0,ha,Actual,PL2
912e8708eefe6455,2012,7,Bắc Giang,Provincial,Cultivation,Lúa,,Area_Planted,734.0,ha,Actual,PL2
95ae7258bdb3b37c,2012,7,Lai Châu,Provincial,Cultivation,Lúa,,Area_Planted,5670.0,ha,Actual,PL2
c560837d3649750f,2012,7,Lai Châu,Provincial,Cultivation,Lúa,,Harvest_percent,1000.0,percent,Actual,PL2
95ae7258bdb3b37c,2012,7,Lai Châu,Provincial,Cultivation,Lúa,,Area_Planted,575.0,ha,Actual,PL2
95ae7258bdb3b37c,2012,7,Lai Châu,Provincial,Cultivation,Lúa,,Area_Planted,14000.0,ha,Actual,PL2
95ae7258bdb3b37c,2012,7,Lai Châu,Provincial,Cultivation,Lúa,,Area_Planted,22462.0,ha,Actual,PL2
06b12b18c71fb984,2012,7,Lai Châu,Provincial,Cultivation,Ngô,,Area_Planted,18661.0,ha,Actual,PL2
c9d4c2952d155b6d,2012,7,Lai Châu,Provincial,Cultivation,Khoai lang,,Area_Planted,850.0,ha,Actual,PL2
36574596cdce13dd,2012,7,Lai Châu,Provincial,Cultivation,Sắn,,Area_Planted,2951.0,ha,Actual,PL2
5a6532c3c1863449,2012,7,Điện Biên,Provincial,Cultivation,Lúa,,Area_Planted,8128.0,ha,Actual,PL2
f5c0b7e8c9657a64,2012,7,Điện Biên,Provincial,Cultivation,Lúa,,Harvest_percent,990.0,percent,Actual,PL2
5a6532c3c1863449,2012,7,Điện Biên,Provincial,Cultivation,Lúa,,Area_Planted,610.0,ha,Actual,PL2
5a6532c3c1863449,2012,7,Điện Biên,Provincial,Cultivation,Lúa,,Area_Planted,14025.0,ha,Actual,PL2
5a6532c3c1863449,2012,7,Điện Biên,Provincial,Cultivation,Lúa,,Area_Planted,34075.0,ha,Actual,PL2
f6f1f371d9d97753,2012,7,Điện Biên,Provincial,Cultivation,Ngô,,Area_Planted,26693.0,ha,Actual,PL2
654a9ff8f18b02d9,2012,7,Điện Biên,Provincial,Cultivation,Khoai lang,,Area_Planted,345.0,ha,Actual,PL2
f9a769125984bcd8,2012,7,Điện Biên,Provincial,Cultivation,Sắn,,Area_Planted,7037.0,ha,Actual,PL2
dfe34e7543dd6702,2012,7,Sơn La,Provincial,Cultivation,Lúa,,Area_Planted,9451.0,ha,Actual,PL2
78064be31c16b31a,2012,7,Sơn La,Provincial,Cultivation,Lúa,,Harvest_percent,908.0,percent,Actual,PL2
dfe34e7543dd6702,2012,7,Sơn La,Provincial,Cultivation,Lúa,,Area_Planted,560.0,ha,Actual,PL2
dfe34e7543dd6702,2012,7,Sơn La,Provincial,Cultivation,Lúa,,Area_Planted,10034.0,ha,Actual,PL2
dfe34e7543dd6702,2012,7,Sơn La,Provincial,Cultivation,Lúa,,Area_Planted,104857.0,ha,Actual,PL2
5997a01af6d630ce,2012,7,Sơn La,Provincial,Cultivation,Ngô,,Area_Planted,82402.0,ha,Actual,PL2
2db9580f31492e71,2012,7,Sơn La,Provincial,Cultivation,Khoai lang,,Area_Planted,194.0,ha,Actual,PL2
7f7bbf10586bffca,2012,7,Sơn La,Provincial,Cultivation,Sắn,,Area_Planted,22028.0,ha,Actual,PL2
dfe34e7543dd6702,2012,7,Sơn La,Provincial,Cultivation,Lúa,,Area_Planted,233.0,ha,Actual,PL2
89120f5dc1dfc72a,2012,7,Hoà Bình,Provincial,Cultivation,Lúa,,Area_Planted,16641.0,ha,Actual,PL2
4345dc937c4161ba,2012,7,Hoà Bình,Provincial,Cultivation,Lúa,,Harvest_percent,1000.0,percent,Actual,PL2
89120f5dc1dfc72a,2012,7,Hoà Bình,Provincial,Cultivation,Lúa,,Area_Planted,15000.0,ha,Actual,PL2
89120f5dc1dfc72a,2012,7,Hoà Bình,Provincial,Cultivation,Lúa,,Area_Planted,38387.0,ha,Actual,PL2
42c1ff0d0951a531,2012,7,Hoà Bình,Provincial,Cultivation,Ngô,,Area_Planted,21716.0,ha,Actual,PL2
53f6819d200f99e7,2012,7,Hoà Bình,Provincial,Cultivation,Khoai lang,,Area_Planted,3466.0,ha,Actual,PL2
0748d50d0d32d881,2012,7,Hoà Bình,Provincial,Cultivation,Sắn,,Area_Planted,12205.0,ha,Actual,PL2
89120f5dc1dfc72a,2012,7,Hoà Bình,Provincial,Cultivation,Lúa,,Area_Planted,1000.0,ha,Actual,PL2
800b394374505e5b,2012,7,Bắc Trung Bộ,Provincial,Cultivation,Lúa,,Area_Planted,346756.0,ha,Actual,PL2
76a35cb79f51f2d0,2012,7,Bắc Trung Bộ,Provincial,Cultivation,Lúa,,Harvest_percent,999.0,percent,Actual,PL2
800b394374505e5b,2012,7,Bắc Trung Bộ,Provincial,Cultivation,Lúa,,Area_Planted,607.0,ha,Actual,PL2
800b394374505e5b,2012,7,Bắc Trung Bộ,Provincial,Cultivation,Lúa,,Area_Planted,142983.0,ha,Actual,PL2
800b394374505e5b,2012,7,Bắc Trung Bộ,Provincial,Cultivation,Lúa,,Area_Planted,160087.0,ha,Actual,PL2
800b394374505e5b,2012,7,Bắc Trung Bộ,Provincial,Cultivation,Lúa,,Area_Planted,196254.0,ha,Actual,PL2
8e997d66c36450b3,2012,7,Bắc Trung Bộ,Provincial,Cultivation,Ngô,,Area_Planted,107315.0,ha,Actual,PL2
fe5c2136e75c55fb,2012,7,Bắc Trung Bộ,Provincial,Cultivation,Khoai lang,,Area_Planted,30908.0,ha,Actual,PL2
6e5c94df666fa87e,2012,7,Bắc Trung Bộ,Provincial,Cultivation,Sắn,,Area_Planted,55192.0,ha,Actual,PL2
800b394374505e5b,2012,7,Bắc Trung Bộ,Provincial,Cultivation,Lúa,,Area_Planted,2839.0,ha,Actual,PL2
6e2f934cdd114636,2012,7,Thanh Hoá,Provincial,Cultivation,Lúa,,Area_Planted,122350.0,ha,Actual,PL2
d75d9aceefd3a851,2012,7,Thanh Hoá,Provincial,Cultivation,Lúa,,Harvest_percent,998.0,percent,Actual,PL2
6e2f934cdd114636,2012,7,Thanh Hoá,Provincial,Cultivation,Lúa,,Area_Planted,640.0,ha,Actual,PL2
6e2f934cdd114636,2012,7,Thanh Hoá,Provincial,Cultivation,Lúa,,Area_Planted,120000.0,ha,Actual,PL2
6e2f934cdd114636,2012,7,Thanh Hoá,Provincial,Cultivation,Lúa,,Area_Planted,63927.0,ha,Actual,PL2
2459c601af8a0051,2012,7,Thanh Hoá,Provincial,Cultivation,Ngô,,Area_Planted,40000.0,ha,Actual,PL2
234f2db82d5da85f,2012,7,Thanh Hoá,Provincial,Cultivation,Khoai lang,,Area_Planted,7869.0,ha,Actual,PL2
3fcf8aecce2c262e,2012,7,Thanh Hoá,Provincial,Cultivation,Sắn,,Area_Planted,15110.0,ha,Actual,PL2
6e2f934cdd114636,2012,7,Thanh Hoá,Provincial,Cultivation,Lúa,,Area_Planted,948.0,ha,Actual,PL2
c95723b2fc532aa6,2012,7,Nghệ An,Provincial,Cultivation,Lúa,,Area_Planted,88702.0,ha,Actual,PL2
533ef2860f121957,2012,7,Nghệ An,Provincial,Cultivation,Lúa,,Harvest_percent,1000.0,percent,Actual,PL2
c95723b2fc532aa6,2012,7,Nghệ An,Provincial,Cultivation,Lúa,,Area_Planted,650.0,ha,Actual,PL2
c95723b2fc532aa6,2012,7,Nghệ An,Provincial,Cultivation,Lúa,,Area_Planted,21983.0,ha,Actual,PL2
c95723b2fc532aa6,2012,7,Nghệ An,Provincial,Cultivation,Lúa,,Area_Planted,58517.0,ha,Actual,PL2
c95723b2fc532aa6,2012,7,Nghệ An,Provincial,Cultivation,Lúa,,Area_Planted,79097.0,ha,Actual,PL2
c1c2667abeec8094,2012,7,Nghệ An,Provincial,Cultivation,Ngô,,Area_Planted,50001.0,ha,Actual,PL2
45fdea26b24468ff,2012,7,Nghệ An,Provincial,Cultivation,Khoai lang,,Area_Planted,9189.0,ha,Actual,PL2
1ede09c0cbb5c7eb,2012,7,Nghệ An,Provincial,Cultivation,Sắn,,Area_Planted,18016.0,ha,Actual,PL2
c95723b2fc532aa6,2012,7,Nghệ An,Provincial,Cultivation,Lúa,,Area_Planted,1891.0,ha,Actual,PL2
b35ac9b72064b932,2012,7,Hà Tĩnh,Provincial,Cultivation,Lúa,,Area_Planted,54772.0,ha,Actual,PL2
84052a535b18c40b,2012,7,Hà Tĩnh,Provincial,Cultivation,Lúa,,Harvest_percent,1000.0,percent,Actual,PL2
b35ac9b72064b932,2012,7,Hà Tĩnh,Provincial,Cultivation,Lúa,,Area_Planted,540.0,ha,Actual,PL2
b35ac9b72064b932,2012,7,Hà Tĩnh,Provincial,Cultivation,Lúa,,Area_Planted,1000.0,ha,Actual,PL2
b35ac9b72064b932,2012,7,Hà Tĩnh,Provincial,Cultivation,Lúa,,Area_Planted,40279.0,ha,Actual,PL2
b35ac9b72064b932,2012,7,Hà Tĩnh,Provincial,Cultivation,Lúa,,Area_Planted,14580.0,ha,Actual,PL2
9ef4778728a3b1d1,2012,7,Hà Tĩnh,Provincial,Cultivation,Ngô,,Area_Planted,7730.0,ha,Actual,PL2
40a0b24e5e4320c5,2012,7,Hà Tĩnh,Provincial,Cultivation,Khoai lang,,Area_Planted,5350.0,ha,Actual,PL2
3f069b99f6c7df98,2012,7,Hà Tĩnh,Provincial,Cultivation,Sắn,,Area_Planted,1500.0,ha,Actual,PL2
7b7412b62c5ce7a7,2012,7,Quảng Bình,Provincial,Cultivation,Lúa,,Area_Planted,28844.0,ha,Actual,PL2
eedcead8e5866cb1,2012,7,Quảng Bình,Provincial,Cultivation,Lúa,,Harvest_percent,1000.0,percent,Actual,PL2
7b7412b62c5ce7a7,2012,7,Quảng Bình,Provincial,Cultivation,Lúa,,Area_Planted,570.0,ha,Actual,PL2
7b7412b62c5ce7a7,2012,7,Quảng Bình,Provincial,Cultivation,Lúa,,Area_Planted,145000.0,ha,Actual,PL2
7b7412b62c5ce7a7,2012,7,Quảng Bình,Provincial,Cultivation,Lúa,,Area_Planted,14125.0,ha,Actual,PL2
64f2c2f0c1ad09b6,2012,7,Quảng Bình,Provincial,Cultivation,Ngô,,Area_Planted,4325.0,ha,Actual,PL2
e5a7ecea00077d72,2012,7,Quảng Bình,Provincial,Cultivation,Khoai lang,,Area_Planted,4000.0,ha,Actual,PL2
3ecc8cfe0d972746,2012,7,Quảng Bình,Provincial,Cultivation,Sắn,,Area_Planted,5800.0,ha,Actual,PL2
ae1199fdcd67feb7,2012,7,Quảng Trị,Provincial,Cultivation,Lúa,,Area_Planted,24688.0,ha,Actual,PL2
30d9cbee15dab15f,2012,7,Quảng Trị,Provincial,Cultivation,Lúa,,Harvest_percent,1000.0,percent,Actual,PL2
ae1199fdcd67feb7,2012,7,Quảng Trị,Provincial,Cultivation,Lúa,,Area_Planted,540.0,ha,Actual,PL2
ae1199fdcd67feb7,2012,7,Quảng Trị,Provincial,Cultivation,Lúa,,Area_Planted,210200.0,ha,Actual,PL2
ae1199fdcd67feb7,2012,7,Quảng Trị,Provincial,Cultivation,Lúa,,Area_Planted,14812.0,ha,Actual,PL2
17c0b926b2dafaea,2012,7,Quảng Trị,Provincial,Cultivation,Ngô,,Area_Planted,3946.0,ha,Actual,PL2
9aa76235e2b0f5fb,2012,7,Quảng Trị,Provincial,Cultivation,Khoai lang,,Area_Planted,2000.0,ha,Actual,PL2
fbb8e42cf1153109,2012,7,Quảng Trị,Provincial,Cultivation,Sắn,,Area_Planted,8866.0,ha,Actual,PL2
d4dd0195dc67e193,2012,7,Thừa Thiên Huế,Provincial,Cultivation,Lúa,,Area_Planted,27400.0,ha,Actual,PL2
f518f3811a689169,2012,7,Thừa Thiên Huế,Provincial,Cultivation,Lúa,,Harvest_percent,1000.0,percent,Actual,PL2
d4dd0195dc67e193,2012,7,Thừa Thiên Huế,Provincial,Cultivation,Lúa,,Area_Planted,550.0,ha,Actual,PL2
d4dd0195dc67e193,2012,7,Thừa Thiên Huế,Provincial,Cultivation,Lúa,,Area_Planted,257710.0,ha,Actual,PL2
d4dd0195dc67e193,2012,7,Thừa Thiên Huế,Provincial,Cultivation,Lúa,,Area_Planted,9713.0,ha,Actual,PL2
82d7e24dfd51081e,2012,7,Thừa Thiên Huế,Provincial,Cultivation,Ngô,,Area_Planted,1313.0,ha,Actual,PL2
d8f2d13e0b80b581,2012,7,Thừa Thiên Huế,Provincial,Cultivation,Khoai lang,,Area_Planted,2500.0,ha,Actual,PL2
c70e0237c7d66383,2012,7,Thừa Thiên Huế,Provincial,Cultivation,Sắn,,Area_Planted,5900.0,ha,Actual,PL2
d1d296ba1cbe0ea4,2012,7,Miền Bắc,Provincial,Cultivation,Lúa,,Area_Planted,276608.0,ha,Actual,PL3
d1d296ba1cbe0ea4,2012,7,Miền Bắc,Provincial,Cultivation,Lúa,,Area_Planted,77117.0,ha,Actual,PL3
d1d296ba1cbe0ea4,2012,7,Miền Bắc,Provincial,Cultivation,Lúa,,Area_Planted,130279.0,ha,Actual,PL3
d1d296ba1cbe0ea4,2012,7,Miền Bắc,Provincial,Cultivation,Lúa,,Area_Planted,16006.0,ha,Actual,PL3
d1d296ba1cbe0ea4,2012,7,Miền Bắc,Provincial,Cultivation,Lúa,,Area_Planted,27773.0,ha,Actual,PL3
d1d296ba1cbe0ea4,2012,7,Miền Bắc,Provincial,Cultivation,Lúa,,Area_Planted,25433.0,ha,Actual,PL3
c93870a0689eb137,2012,7,Miền Bắc,Provincial,Cultivation,Rau,,Area_Planted,275837.0,ha,Actual,PL3
0ff27a879fc8af68,2012,7,ĐB sông Hồng,Provincial,Cultivation,Lúa,,Area_Planted,78028.0,ha,Actual,PL3
0ff27a879fc8af68,2012,7,ĐB sông Hồng,Provincial,Cultivation,Lúa,,Area_Planted,41447.0,ha,Actual,PL3
0ff27a879fc8af68,2012,7,ĐB sông Hồng,Provincial,Cultivation,Lúa,,Area_Planted,26073.0,ha,Actual,PL3
0ff27a879fc8af68,2012,7,ĐB sông Hồng,Provincial,Cultivation,Lúa,,Area_Planted,2155.0,ha,Actual,PL3
0ff27a879fc8af68,2012,7,ĐB sông Hồng,Provincial,Cultivation,Lúa,,Area_Planted,1537.0,ha,Actual,PL3
0ff27a879fc8af68,2012,7,ĐB sông Hồng,Provincial,Cultivation,Lúa,,Area_Planted,6815.0,ha,Actual,PL3
74e4564609598433,2012,7,ĐB sông Hồng,Provincial,Cultivation,Rau,,Area_Planted,147463.0,ha,Actual,PL3
460acc72662c9332,2012,7,Hà Nội,Provincial,Cultivation,Lúa,,Area_Planted,16729.0,ha,Actual,PL3
460acc72662c9332,2012,7,Hà Nội,Provincial,Cultivation,Lúa,,Area_Planted,11742.0,ha,Actual,PL3
460acc72662c9332,2012,7,Hà Nội,Provincial,Cultivation,Lúa,,Area_Planted,4987.0,ha,Actual,PL3
53add3f5c2e8defc,2012,7,Hà Nội,Provincial,Cultivation,Rau,,Area_Planted,25959.0,ha,Actual,PL3
2c4cdaa79112f7f5,2012,7,Hải Phòng,Provincial,Cultivation,Lúa,,Area_Planted,3691.0,ha,Actual,PL3
2c4cdaa79112f7f5,2012,7,Hải Phòng,Provincial,Cultivation,Lúa,,Area_Planted,34.0,ha,Actual,PL3
2c4cdaa79112f7f5,2012,7,Hải Phòng,Provincial,Cultivation,Lúa,,Area_Planted,118.0,ha,Actual,PL3
2c4cdaa79112f7f5,2012,7,Hải Phòng,Provincial,Cultivation,Lúa,,Area_Planted,2155.0,ha,Actual,PL3
2c4cdaa79112f7f5,2012,7,Hải Phòng,Provincial,Cultivation,Lúa,,Area_Planted,1385.0,ha,Actual,PL3
062b4e7ab05006bb,2012,7,Hải Phòng,Provincial,Cultivation,Rau,,Area_Planted,12067.0,ha,Actual,PL3
ee6632d8847d2592,2012,7,Vĩnh Phúc,Provincial,Cultivation,Lúa,,Area_Planted,5744.0,ha,Actual,PL3
ee6632d8847d2592,2012,7,Vĩnh Phúc,Provincial,Cultivation,Lúa,,Area_Planted,2475.0,ha,Actual,PL3
ee6632d8847d2592,2012,7,Vĩnh Phúc,Provincial,Cultivation,Lúa,,Area_Planted,3057.0,ha,Actual,PL3
ee6632d8847d2592,2012,7,Vĩnh Phúc,Provincial,Cultivation,Lúa,,Area_Planted,53.0,ha,Actual,PL3
ee6632d8847d2592,2012,7,Vĩnh Phúc,Provincial,Cultivation,Lúa,,Area_Planted,159.0,ha,Actual,PL3
c23c65a717ddc6c3,2012,7,Vĩnh Phúc,Provincial,Cultivation,Rau,,Area_Planted,6513.0,ha,Actual,PL3
f6d647a49fa78987,2012,7,Bắc Ninh,Provincial,Cultivation,Lúa,,Area_Planted,2289.0,ha,Actual,PL3
f6d647a49fa78987,2012,7,Bắc Ninh,Provincial,Cultivation,Lúa,,Area_Planted,1524.0,ha,Actual,PL3
f6d647a49fa78987,2012,7,Bắc Ninh,Provincial,Cultivation,Lúa,,Area_Planted,765.0,ha,Actual,PL3
8d4731af8fc3b39f,2012,7,Bắc Ninh,Provincial,Cultivation,Rau,,Area_Planted,11172.0,ha,Actual,PL3
3ee8e6e5f686360b,2012,7,Hải Dương,Provincial,Cultivation,Lúa,,Area_Planted,1555.0,ha,Actual,PL3
3ee8e6e5f686360b,2012,7,Hải Dương,Provincial,Cultivation,Lúa,,Area_Planted,505.0,ha,Actual,PL3
3ee8e6e5f686360b,2012,7,Hải Dương,Provincial,Cultivation,Lúa,,Area_Planted,1050.0,ha,Actual,PL3
680fb2330d19cd56,2012,7,Hải Dương,Provincial,Cultivation,Rau,,Area_Planted,8023.0,ha,Actual,PL3
faea1f4f8ef10819,2012,7,Hưng Yên,Provincial,Cultivation,Lúa,,Area_Planted,2223.0,ha,Actual,PL3
faea1f4f8ef10819,2012,7,Hưng Yên,Provincial,Cultivation,Lúa,,Area_Planted,1473.0,ha,Actual,PL3
faea1f4f8ef10819,2012,7,Hưng Yên,Provincial,Cultivation,Lúa,,Area_Planted,750.0,ha,Actual,PL3
b7475a28d5855bf3,2012,7,Hưng Yên,Provincial,Cultivation,Rau,,Area_Planted,12929.0,ha,Actual,PL3
cb20b78c9a3029ce,2012,7,Hà Nam,Provincial,Cultivation,Lúa,,Area_Planted,8353.0,ha,Actual,PL3
cb20b78c9a3029ce,2012,7,Hà Nam,Provincial,Cultivation,Lúa,,Area_Planted,8001.0,ha,Actual,PL3
cb20b78c9a3029ce,2012,7,Hà Nam,Provincial,Cultivation,Lúa,,Area_Planted,352.0,ha,Actual,PL3
e7c01786171ffa66,2012,7,Hà Nam,Provincial,Cultivation,Rau,,Area_Planted,3950.0,ha,Actual,PL3
847d11340a1f3920,2012,7,Nam Định,Provincial,Cultivation,Lúa,,Area_Planted,10126.0,ha,Actual,PL3
847d11340a1f3920,2012,7,Nam Định,Provincial,Cultivation,Lúa,,Area_Planted,1109.0,ha,Actual,PL3
847d11340a1f3920,2012,7,Nam Định,Provincial,Cultivation,Lúa,,Area_Planted,6288.0,ha,Actual,PL3
847d11340a1f3920,2012,7,Nam Định,Provincial,Cultivation,Lúa,,Area_Planted,2729.0,ha,Actual,PL3
66c4ef422297cfac,2012,7,Nam Định,Provincial,Cultivation,Rau,,Area_Planted,23296.0,ha,Actual,PL3
6e3aee3a18c70e2b,2012,7,Thái Bình,Provincial,Cultivation,Lúa,,Area_Planted,14263.0,ha,Actual,PL3
6e3aee3a18c70e2b,2012,7,Thái Bình,Provincial,Cultivation,Lúa,,Area_Planted,10890.0,ha,Actual,PL3
6e3aee3a18c70e2b,2012,7,Thái Bình,Provincial,Cultivation,Lúa,,Area_Planted,2123.0,ha,Actual,PL3
6e3aee3a18c70e2b,2012,7,Thái Bình,Provincial,Cultivation,Lúa,,Area_Planted,94.0,ha,Actual,PL3
6e3aee3a18c70e2b,2012,7,Thái Bình,Provincial,Cultivation,Lúa,,Area_Planted,1156.0,ha,Actual,PL3
585db6d9b4716043,2012,7,Thái Bình,Provincial,Cultivation,Rau,,Area_Planted,28189.0,ha,Actual,PL3
384d4e4a7026800c,2012,7,Ninh Bình,Provincial,Cultivation,Lúa,,Area_Planted,8813.0,ha,Actual,PL3
384d4e4a7026800c,2012,7,Ninh Bình,Provincial,Cultivation,Lúa,,Area_Planted,3183.0,ha,Actual,PL3
384d4e4a7026800c,2012,7,Ninh Bình,Provincial,Cultivation,Lúa,,Area_Planted,4251.0,ha,Actual,PL3
384d4e4a7026800c,2012,7,Ninh Bình,Provincial,Cultivation,Lúa,,Area_Planted,858.0,ha,Actual,PL3
384d4e4a7026800c,2012,7,Ninh Bình,Provincial,Cultivation,Lúa,,Area_Planted,521.0,ha,Actual,PL3
cd099fb84ee6c4f4,2012,7,Ninh Bình,Provincial,Cultivation,Rau,,Area_Planted,8531.0,ha,Actual,PL3
512c888185668c8b,2012,7,Quảng Ninh,Provincial,Cultivation,Lúa,,Area_Planted,4241.0,ha,Actual,PL3
512c888185668c8b,2012,7,Quảng Ninh,Provincial,Cultivation,Lúa,,Area_Planted,512.0,ha,Actual,PL3
512c888185668c8b,2012,7,Quảng Ninh,Provincial,Cultivation,Lúa,,Area_Planted,2332.0,ha,Actual,PL3
512c888185668c8b,2012,7,Quảng Ninh,Provincial,Cultivation,Lúa,,Area_Planted,532.0,ha,Actual,PL3
512c888185668c8b,2012,7,Quảng Ninh,Provincial,Cultivation,Lúa,,Area_Planted,865.0,ha,Actual,PL3
f2e09e4ccc6a5b80,2012,7,Quảng Ninh,Provincial,Cultivation,Rau,,Area_Planted,6834.0,ha,Actual,PL3
836bd63baffc7be2,2012,7,TD và MN,Provincial,Cultivation,Lúa,,Area_Planted,102655.0,ha,Actual,PL3
836bd63baffc7be2,2012,7,TD và MN,Provincial,Cultivation,Lúa,,Area_Planted,29258.0,ha,Actual,PL3
836bd63baffc7be2,2012,7,TD và MN,Provincial,Cultivation,Lúa,,Area_Planted,39065.0,ha,Actual,PL3
836bd63baffc7be2,2012,7,TD và MN,Provincial,Cultivation,Lúa,,Area_Planted,12855.0,ha,Actual,PL3
836bd63baffc7be2,2012,7,TD và MN,Provincial,Cultivation,Lúa,,Area_Planted,10162.0,ha,Actual,PL3
836bd63baffc7be2,2012,7,TD và MN,Provincial,Cultivation,Lúa,,Area_Planted,11316.0,ha,Actual,PL3
12d5421fffdca5f9,2012,7,TD và MN,Provincial,Cultivation,Rau,,Area_Planted,76411.0,ha,Actual,PL3
882b53b0df63768e,2012,7,Hà Giang,Provincial,Cultivation,Lúa,,Area_Planted,17875.0,ha,Actual,PL3
882b53b0df63768e,2012,7,Hà Giang,Provincial,Cultivation,Lúa,,Area_Planted,10066.0,ha,Actual,PL3
882b53b0df63768e,2012,7,Hà Giang,Provincial,Cultivation,Lúa,,Area_Planted,4996.0,ha,Actual,PL3
882b53b0df63768e,2012,7,Hà Giang,Provincial,Cultivation,Lúa,,Area_Planted,2243.0,ha,Actual,PL3
882b53b0df63768e,2012,7,Hà Giang,Provincial,Cultivation,Lúa,,Area_Planted,495.0,ha,Actual,PL3
882b53b0df63768e,2012,7,Hà Giang,Provincial,Cultivation,Lúa,,Area_Planted,75.0,ha,Actual,PL3
44abea997ff49f8c,2012,7,Hà Giang,Provincial,Cultivation,Rau,,Area_Planted,8771.0,ha,Actual,PL3
3d44e02c47732c49,2012,7,ằ  Cao Bng,Provincial,Cultivation,Lúa,,Area_Planted,7382.0,ha,Actual,PL3
3d44e02c47732c49,2012,7,ằ  Cao Bng,Provincial,Cultivation,Lúa,,Area_Planted,2033.0,ha,Actual,PL3
3d44e02c47732c49,2012,7,ằ  Cao Bng,Provincial,Cultivation,Lúa,,Area_Planted,360.0,ha,Actual,PL3
3d44e02c47732c49,2012,7,ằ  Cao Bng,Provincial,Cultivation,Lúa,,Area_Planted,3059.0,ha,Actual,PL3
3d44e02c47732c49,2012,7,ằ  Cao Bng,Provincial,Cultivation,Lúa,,Area_Planted,1698.0,ha,Actual,PL3
3d44e02c47732c49,2012,7,ằ  Cao Bng,Provincial,Cultivation,Lúa,,Area_Planted,232.0,ha,Actual,PL3
e6e858e09009e3c2,2012,7,ằ  Cao Bng,Provincial,Cultivation,Rau,,Area_Planted,1058.0,ha,Actual,PL3
4870fec7aff8d160,2012,7,Lào Cai,Provincial,Cultivation,Lúa,,Area_Planted,3276.0,ha,Actual,PL3
4870fec7aff8d160,2012,7,Lào Cai,Provincial,Cultivation,Lúa,,Area_Planted,2271.0,ha,Actual,PL3
4870fec7aff8d160,2012,7,Lào Cai,Provincial,Cultivation,Lúa,,Area_Planted,772.0,ha,Actual,PL3
4870fec7aff8d160,2012,7,Lào Cai,Provincial,Cultivation,Lúa,,Area_Planted,215.0,ha,Actual,PL3
4870fec7aff8d160,2012,7,Lào Cai,Provincial,Cultivation,Lúa,,Area_Planted,18.0,ha,Actual,PL3
16e56ce5f5176c93,2012,7,Lào Cai,Provincial,Cultivation,Rau,,Area_Planted,3517.0,ha,Actual,PL3
c7f90712e0385999,2012,7,Bắc Cạn,Provincial,Cultivation,Lúa,,Area_Planted,2979.0,ha,Actual,PL3
c7f90712e0385999,2012,7,Bắc Cạn,Provincial,Cultivation,Lúa,,Area_Planted,734.0,ha,Actual,PL3
c7f90712e0385999,2012,7,Bắc Cạn,Provincial,Cultivation,Lúa,,Area_Planted,322.0,ha,Actual,PL3
c7f90712e0385999,2012,7,Bắc Cạn,Provincial,Cultivation,Lúa,,Area_Planted,1000.0,ha,Actual,PL3
c7f90712e0385999,2012,7,Bắc Cạn,Provincial,Cultivation,Lúa,,Area_Planted,155.0,ha,Actual,PL3
c7f90712e0385999,2012,7,Bắc Cạn,Provincial,Cultivation,Lúa,,Area_Planted,768.0,ha,Actual,PL3
1bae19b9a7b5d6d5,2012,7,Bắc Cạn,Provincial,Cultivation,Rau,,Area_Planted,1460.0,ha,Actual,PL3
22b9e13046b52436,2012,7,Lạng Sơn,Provincial,Cultivation,Lúa,,Area_Planted,8080.0,ha,Actual,PL3
22b9e13046b52436,2012,7,Lạng Sơn,Provincial,Cultivation,Lúa,,Area_Planted,690.0,ha,Actual,PL3
22b9e13046b52436,2012,7,Lạng Sơn,Provincial,Cultivation,Lúa,,Area_Planted,1330.0,ha,Actual,PL3
22b9e13046b52436,2012,7,Lạng Sơn,Provincial,Cultivation,Lúa,,Area_Planted,5093.0,ha,Actual,PL3
22b9e13046b52436,2012,7,Lạng Sơn,Provincial,Cultivation,Lúa,,Area_Planted,395.0,ha,Actual,PL3
22b9e13046b52436,2012,7,Lạng Sơn,Provincial,Cultivation,Lúa,,Area_Planted,572.0,ha,Actual,PL3
128c968b0d45b026,2012,7,Lạng Sơn,Provincial,Cultivation,Rau,,Area_Planted,7444.0,ha,Actual,PL3
7107c51a664356ce,2012,7,Tuyên Quang,Provincial,Cultivation,Lúa,,Area_Planted,4802.0,ha,Actual,PL3
7107c51a664356ce,2012,7,Tuyên Quang,Provincial,Cultivation,Lúa,,Area_Planted,1147.0,ha,Actual,PL3
7107c51a664356ce,2012,7,Tuyên Quang,Provincial,Cultivation,Lúa,,Area_Planted,3655.0,ha,Actual,PL3
379b38f5076b7531,2012,7,Tuyên Quang,Provincial,Cultivation,Rau,,Area_Planted,2939.0,ha,Actual,PL3
1ecd655d9a7a6a4a,2012,7,Yên Bái,Provincial,Cultivation,Lúa,,Area_Planted,3196.0,ha,Actual,PL3
1ecd655d9a7a6a4a,2012,7,Yên Bái,Provincial,Cultivation,Lúa,,Area_Planted,856.0,ha,Actual,PL3
1ecd655d9a7a6a4a,2012,7,Yên Bái,Provincial,Cultivation,Lúa,,Area_Planted,1570.0,ha,Actual,PL3
1ecd655d9a7a6a4a,2012,7,Yên Bái,Provincial,Cultivation,Lúa,,Area_Planted,750.0,ha,Actual,PL3
1ecd655d9a7a6a4a,2012,7,Yên Bái,Provincial,Cultivation,Lúa,,Area_Planted,20.0,ha,Actual,PL3
579b74643f723551,2012,7,Yên Bái,Provincial,Cultivation,Rau,,Area_Planted,6850.0,ha,Actual,PL3
8b6b144e76c974b7,2012,7,Thái Nguyên,Provincial,Cultivation,Lúa,,Area_Planted,5712.0,ha,Actual,PL3
8b6b144e76c974b7,2012,7,Thái Nguyên,Provincial,Cultivation,Lúa,,Area_Planted,1109.0,ha,Actual,PL3
8b6b144e76c974b7,2012,7,Thái Nguyên,Provincial,Cultivation,Lúa,,Area_Planted,3702.0,ha,Actual,PL3
8b6b144e76c974b7,2012,7,Thái Nguyên,Provincial,Cultivation,Lúa,,Area_Planted,623.0,ha,Actual,PL3
8b6b144e76c974b7,2012,7,Thái Nguyên,Provincial,Cultivation,Lúa,,Area_Planted,75.0,ha,Actual,PL3
8b6b144e76c974b7,2012,7,Thái Nguyên,Provincial,Cultivation,Lúa,,Area_Planted,203.0,ha,Actual,PL3
1d2875bab4b0d796,2012,7,Thái Nguyên,Provincial,Cultivation,Rau,,Area_Planted,9781.0,ha,Actual,PL3
42a667c2a7316bd7,2012,7,Phú Thọ,Provincial,Cultivation,Lúa,,Area_Planted,5400.0,ha,Actual,PL3
42a667c2a7316bd7,2012,7,Phú Thọ,Provincial,Cultivation,Lúa,,Area_Planted,945.0,ha,Actual,PL3
42a667c2a7316bd7,2012,7,Phú Thọ,Provincial,Cultivation,Lúa,,Area_Planted,4455.0,ha,Actual,PL3
454d16b0c5e7e18a,2012,7,Phú Thọ,Provincial,Cultivation,Rau,,Area_Planted,7039.0,ha,Actual,PL3
912e8708eefe6455,2012,7,Bắc Giang,Provincial,Cultivation,Lúa,,Area_Planted,12104.0,ha,Actual,PL3
912e8708eefe6455,2012,7,Bắc Giang,Provincial,Cultivation,Lúa,,Area_Planted,916.0,ha,Actual,PL3
912e8708eefe6455,2012,7,Bắc Giang,Provincial,Cultivation,Lúa,,Area_Planted,10394.0,ha,Actual,PL3
912e8708eefe6455,2012,7,Bắc Giang,Provincial,Cultivation,Lúa,,Area_Planted,309.0,ha,Actual,PL3
912e8708eefe6455,2012,7,Bắc Giang,Provincial,Cultivation,Lúa,,Area_Planted,294.0,ha,Actual,PL3
912e8708eefe6455,2012,7,Bắc Giang,Provincial,Cultivation,Lúa,,Area_Planted,191.0,ha,Actual,PL3
9b5a44b8aa06b2e8,2012,7,Bắc Giang,Provincial,Cultivation,Rau,,Area_Planted,20889.0,ha,Actual,PL3
95ae7258bdb3b37c,2012,7,Lai Châu,Provincial,Cultivation,Lúa,,Area_Planted,3340.0,ha,Actual,PL3
95ae7258bdb3b37c,2012,7,Lai Châu,Provincial,Cultivation,Lúa,,Area_Planted,1369.0,ha,Actual,PL3
95ae7258bdb3b37c,2012,7,Lai Châu,Provincial,Cultivation,Lúa,,Area_Planted,1272.0,ha,Actual,PL3
95ae7258bdb3b37c,2012,7,Lai Châu,Provincial,Cultivation,Lúa,,Area_Planted,9.0,ha,Actual,PL3
95ae7258bdb3b37c,2012,7,Lai Châu,Provincial,Cultivation,Lúa,,Area_Planted,690.0,ha,Actual,PL3
4d8cbfa375d61b98,2012,7,Lai Châu,Provincial,Cultivation,Rau,,Area_Planted,779.0,ha,Actual,PL3
5a6532c3c1863449,2012,7,Điện Biên,Provincial,Cultivation,Lúa,,Area_Planted,11998.0,ha,Actual,PL3
5a6532c3c1863449,2012,7,Điện Biên,Provincial,Cultivation,Lúa,,Area_Planted,3223.0,ha,Actual,PL3
5a6532c3c1863449,2012,7,Điện Biên,Provincial,Cultivation,Lúa,,Area_Planted,1661.0,ha,Actual,PL3
5a6532c3c1863449,2012,7,Điện Biên,Provincial,Cultivation,Lúa,,Area_Planted,7114.0,ha,Actual,PL3
704a6d27d827c0b8,2012,7,Điện Biên,Provincial,Cultivation,Rau,,Area_Planted,368.0,ha,Actual,PL3
dfe34e7543dd6702,2012,7,Sơn La,Provincial,Cultivation,Lúa,,Area_Planted,5886.0,ha,Actual,PL3
dfe34e7543dd6702,2012,7,Sơn La,Provincial,Cultivation,Lúa,,Area_Planted,3438.0,ha,Actual,PL3
dfe34e7543dd6702,2012,7,Sơn La,Provincial,Cultivation,Lúa,,Area_Planted,1424.0,ha,Actual,PL3
dfe34e7543dd6702,2012,7,Sơn La,Provincial,Cultivation,Lúa,,Area_Planted,304.0,ha,Actual,PL3
dfe34e7543dd6702,2012,7,Sơn La,Provincial,Cultivation,Lúa,,Area_Planted,487.0,ha,Actual,PL3
dfe34e7543dd6702,2012,7,Sơn La,Provincial,Cultivation,Lúa,,Area_Planted,233.0,ha,Actual,PL3
2e95f95dc9f7635b,2012,7,Sơn La,Provincial,Cultivation,Rau,,Area_Planted,2665.0,ha,Actual,PL3
89120f5dc1dfc72a,2012,7,Hoà Bình,Provincial,Cultivation,Lúa,,Area_Planted,10626.0,ha,Actual,PL3
89120f5dc1dfc72a,2012,7,Hoà Bình,Provincial,Cultivation,Lúa,,Area_Planted,461.0,ha,Actual,PL3
89120f5dc1dfc72a,2012,7,Hoà Bình,Provincial,Cultivation,Lúa,,Area_Planted,3152.0,ha,Actual,PL3
89120f5dc1dfc72a,2012,7,Hoà Bình,Provincial,Cultivation,Lúa,,Area_Planted,5813.0,ha,Actual,PL3
89120f5dc1dfc72a,2012,7,Hoà Bình,Provincial,Cultivation,Lúa,,Area_Planted,1200.0,ha,Actual,PL3
f3d8a13a337f371e,2012,7,Hoà Bình,Provincial,Cultivation,Rau,,Area_Planted,2851.0,ha,Actual,PL3
800b394374505e5b,2012,7,Bắc Trung Bộ,Provincial,Cultivation,Lúa,,Area_Planted,95925.0,ha,Actual,PL3
800b394374505e5b,2012,7,Bắc Trung Bộ,Provincial,Cultivation,Lúa,,Area_Planted,6412.0,ha,Actual,PL3
800b394374505e5b,2012,7,Bắc Trung Bộ,Provincial,Cultivation,Lúa,,Area_Planted,65141.0,ha,Actual,PL3
800b394374505e5b,2012,7,Bắc Trung Bộ,Provincial,Cultivation,Lúa,,Area_Planted,996.0,ha,Actual,PL3
800b394374505e5b,2012,7,Bắc Trung Bộ,Provincial,Cultivation,Lúa,,Area_Planted,16074.0,ha,Actual,PL3
800b394374505e5b,2012,7,Bắc Trung Bộ,Provincial,Cultivation,Lúa,,Area_Planted,7302.0,ha,Actual,PL3
042fdf7e27e6044c,2012,7,Bắc Trung Bộ,Provincial,Cultivation,Rau,,Area_Planted,51963.0,ha,Actual,PL3
6e2f934cdd114636,2012,7,Thanh Hoá,Provincial,Cultivation,Lúa,,Area_Planted,28528.0,ha,Actual,PL3
6e2f934cdd114636,2012,7,Thanh Hoá,Provincial,Cultivation,Lúa,,Area_Planted,6391.0,ha,Actual,PL3
6e2f934cdd114636,2012,7,Thanh Hoá,Provincial,Cultivation,Lúa,,Area_Planted,12624.0,ha,Actual,PL3
6e2f934cdd114636,2012,7,Thanh Hoá,Provincial,Cultivation,Lúa,,Area_Planted,946.0,ha,Actual,PL3
6e2f934cdd114636,2012,7,Thanh Hoá,Provincial,Cultivation,Lúa,,Area_Planted,7337.0,ha,Actual,PL3
6e2f934cdd114636,2012,7,Thanh Hoá,Provincial,Cultivation,Lúa,,Area_Planted,1230.0,ha,Actual,PL3
d13c5954e87dbb3c,2012,7,Thanh Hoá,Provincial,Cultivation,Rau,,Area_Planted,17721.0,ha,Actual,PL3
c95723b2fc532aa6,2012,7,Nghệ An,Provincial,Cultivation,Lúa,,Area_Planted,36259.0,ha,Actual,PL3
c95723b2fc532aa6,2012,7,Nghệ An,Provincial,Cultivation,Lúa,,Area_Planted,21.0,ha,Actual,PL3
c95723b2fc532aa6,2012,7,Nghệ An,Provincial,Cultivation,Lúa,,Area_Planted,22451.0,ha,Actual,PL3
c95723b2fc532aa6,2012,7,Nghệ An,Provincial,Cultivation,Lúa,,Area_Planted,8687.0,ha,Actual,PL3
c95723b2fc532aa6,2012,7,Nghệ An,Provincial,Cultivation,Lúa,,Area_Planted,5100.0,ha,Actual,PL3
2f602aff6d67c1a8,2012,7,Nghệ An,Provincial,Cultivation,Rau,,Area_Planted,20670.0,ha,Actual,PL3
b35ac9b72064b932,2012,7,Hà Tĩnh,Provincial,Cultivation,Lúa,,Area_Planted,18287.0,ha,Actual,PL3
b35ac9b72064b932,2012,7,Hà Tĩnh,Provincial,Cultivation,Lúa,,Area_Planted,17615.0,ha,Actual,PL3
b35ac9b72064b932,2012,7,Hà Tĩnh,Provincial,Cultivation,Lúa,,Area_Planted,672.0,ha,Actual,PL3
d5897d78a8e829a4,2012,7,Hà Tĩnh,Provincial,Cultivation,Rau,,Area_Planted,3202.0,ha,Actual,PL3
7b7412b62c5ce7a7,2012,7,Quảng Bình,Provincial,Cultivation,Lúa,,Area_Planted,4241.0,ha,Actual,PL3
7b7412b62c5ce7a7,2012,7,Quảng Bình,Provincial,Cultivation,Lúa,,Area_Planted,4241.0,ha,Actual,PL3
5dd43b3943f98739,2012,7,Quảng Bình,Provincial,Cultivation,Rau,,Area_Planted,270.0,ha,Actual,PL3
ae1199fdcd67feb7,2012,7,Quảng Trị,Provincial,Cultivation,Lúa,,Area_Planted,4640.0,ha,Actual,PL3
ae1199fdcd67feb7,2012,7,Quảng Trị,Provincial,Cultivation,Lúa,,Area_Planted,4640.0,ha,Actual,PL3
5215367bbeb1c490,2012,7,Quảng Trị,Provincial,Cultivation,Rau,,Area_Planted,5500.0,ha,Actual,PL3
d4dd0195dc67e193,2012,7,Thừa Thiên Huế,Provincial,Cultivation,Lúa,,Area_Planted,3970.0,ha,Actual,PL3
d4dd0195dc67e193,2012,7,Thừa Thiên Huế,Provincial,Cultivation,Lúa,,Area_Planted,3570.0,ha,Actual,PL3
d4dd0195dc67e193,2012,7,Thừa Thiên Huế,Provincial,Cultivation,Lúa,,Area_Planted,50.0,ha,Actual,PL3
d4dd0195dc67e193,2012,7,Thừa Thiên Huế,Provincial,Cultivation,Lúa,,Area_Planted,50.0,ha,Actual,PL3
d4dd0195dc67e193,2012,7,Thừa Thiên Huế,Provincial,Cultivation,Lúa,,Area_Planted,300.0,ha,Actual,PL3
11d65b770d52a542,2012,7,Thừa Thiên Huế,Provincial,Cultivation,Rau,,Area_Planted,4600.0,ha,Actual,PL3
79e8b15334ef8f0f,2012,7,Miền Nam,Provincial,Cultivation,Lúa,,Area_Planted,2057175.0,ha,Actual,PL4
207385eec390afe1,2012,7,Miền Nam,Provincial,Cultivation,Lúa,,Area_Harvested,661037.0,ha,Actual,PL4
79e8b15334ef8f0f,2012,7,Miền Nam,Provincial,Cultivation,Lúa,,Area_Planted,354241.0,ha,Actual,PL4
79e8b15334ef8f0f,2012,7,Miền Nam,Provincial,Cultivation,Lúa,,Area_Planted,586866.0,ha,Actual,PL4
5ddb0b93d4271661,2012,7,Miền Nam,Provincial,Cultivation,Ngô,,Area_Planted,265826.0,ha,Actual,PL4
5338410e4c30b170,2012,7,Miền Nam,Provincial,Cultivation,Khoai lang,,Area_Planted,33272.0,ha,Actual,PL4
c4da14781b0aef38,2012,7,Miền Nam,Provincial,Cultivation,Sắn,,Area_Planted,278705.0,ha,Actual,PL4
79e8b15334ef8f0f,2012,7,Miền Nam,Provincial,Cultivation,Lúa,,Area_Planted,9064.0,ha,Actual,PL4
1bd84f2455e16ebe,2012,7,D.H Nam Trung Bộ,Provincial,Cultivation,Lúa,,Area_Planted,222231.0,ha,Actual,PL4
deba8d7fdb205e84,2012,7,D.H Nam Trung Bộ,Provincial,Cultivation,Lúa,,Area_Harvested,22307.0,ha,Actual,PL4
1bd84f2455e16ebe,2012,7,D.H Nam Trung Bộ,Provincial,Cultivation,Lúa,,Area_Planted,13558.0,ha,Actual,PL4
1bd84f2455e16ebe,2012,7,D.H Nam Trung Bộ,Provincial,Cultivation,Lúa,,Area_Planted,151470.0,ha,Actual,PL4
35ca9acc54eaf7f7,2012,7,D.H Nam Trung Bộ,Provincial,Cultivation,Ngô,,Area_Planted,60507.0,ha,Actual,PL4
56798d07574a1b96,2012,7,D.H Nam Trung Bộ,Provincial,Cultivation,Khoai lang,,Area_Planted,6185.0,ha,Actual,PL4
c503aaa95f648d9c,2012,7,D.H Nam Trung Bộ,Provincial,Cultivation,Sắn,,Area_Planted,84402.0,ha,Actual,PL4
1bd84f2455e16ebe,2012,7,D.H Nam Trung Bộ,Provincial,Cultivation,Lúa,,Area_Planted,376.0,ha,Actual,PL4
960ebe2f4d379ed9,2012,7,TP Đà Nẵng,Provincial,Cultivation,Lúa,,Area_Planted,2884.0,ha,Actual,PL4
960ebe2f4d379ed9,2012,7,TP Đà Nẵng,Provincial,Cultivation,Lúa,,Area_Planted,403.0,ha,Actual,PL4
86157c7a52fc71f3,2012,7,TP Đà Nẵng,Provincial,Cultivation,Ngô,,Area_Planted,253.0,ha,Actual,PL4
ccd5548877ad258d,2012,7,TP Đà Nẵng,Provincial,Cultivation,Khoai lang,,Area_Planted,100.0,ha,Actual,PL4
43a525747dd381dd,2012,7,TP Đà Nẵng,Provincial,Cultivation,Sắn,,Area_Planted,50.0,ha,Actual,PL4
9aa0d584ab8b3f88,2012,7,Quảng Nam,Provincial,Cultivation,Lúa,,Area_Planted,44500.0,ha,Actual,PL4
9aa0d584ab8b3f88,2012,7,Quảng Nam,Provincial,Cultivation,Lúa,,Area_Planted,33005.0,ha,Actual,PL4
ec8943f5edde74b1,2012,7,Quảng Nam,Provincial,Cultivation,Ngô,,Area_Planted,13176.0,ha,Actual,PL4
5290a23a34c5f9e4,2012,7,Quảng Nam,Provincial,Cultivation,Khoai lang,,Area_Planted,5329.0,ha,Actual,PL4
4cae0b0fbf257af6,2012,7,Quảng Nam,Provincial,Cultivation,Sắn,,Area_Planted,14500.0,ha,Actual,PL4
f1d9d3cd86e40f97,2012,7,Quảng Ngãi,Provincial,Cultivation,Lúa,,Area_Planted,33591.0,ha,Actual,PL4
f1d9d3cd86e40f97,2012,7,Quảng Ngãi,Provincial,Cultivation,Lúa,,Area_Planted,25246.0,ha,Actual,PL4
dc2c9f338c400b45,2012,7,Quảng Ngãi,Provincial,Cultivation,Ngô,,Area_Planted,9496.0,ha,Actual,PL4
07bc0bd2039f3b25,2012,7,Quảng Ngãi,Provincial,Cultivation,Sắn,,Area_Planted,15750.0,ha,Actual,PL4
747a2a8f4ec06efb,2012,7,Bình Định,Provincial,Cultivation,Lúa,,Area_Planted,42760.0,ha,Actual,PL4
427924cbebec299b,2012,7,Bình Định,Provincial,Cultivation,Lúa,,Area_Harvested,19857.0,ha,Actual,PL4
747a2a8f4ec06efb,2012,7,Bình Định,Provincial,Cultivation,Lúa,,Area_Planted,12358.0,ha,Actual,PL4
747a2a8f4ec06efb,2012,7,Bình Định,Provincial,Cultivation,Lúa,,Area_Planted,5383.0,ha,Actual,PL4
496b590af0fad1f4,2012,7,Bình Định,Provincial,Cultivation,Ngô,,Area_Planted,5383.0,ha,Actual,PL4
33f84f16750a8c0e,2012,7,Phú Yên,Provincial,Cultivation,Lúa,,Area_Planted,24380.0,ha,Actual,PL4
f89882a43f58f2f0,2012,7,Phú Yên,Provincial,Cultivation,Lúa,,Area_Harvested,350.0,ha,Actual,PL4
33f84f16750a8c0e,2012,7,Phú Yên,Provincial,Cultivation,Lúa,,Area_Planted,680.0,ha,Actual,PL4
33f84f16750a8c0e,2012,7,Phú Yên,Provincial,Cultivation,Lúa,,Area_Planted,21579.0,ha,Actual,PL4
70cfc7eb9cfb46bb,2012,7,Phú Yên,Provincial,Cultivation,Ngô,,Area_Planted,4344.0,ha,Actual,PL4
14a0c0d4f6b3644f,2012,7,Phú Yên,Provincial,Cultivation,Khoai lang,,Area_Planted,208.0,ha,Actual,PL4
4ae8c382aaa9ae0d,2012,7,Phú Yên,Provincial,Cultivation,Sắn,,Area_Planted,16784.0,ha,Actual,PL4
33f84f16750a8c0e,2012,7,Phú Yên,Provincial,Cultivation,Lúa,,Area_Planted,243.0,ha,Actual,PL4
6b9772c569ef434a,2012,7,Khánh Hoà,Provincial,Cultivation,Lúa,,Area_Planted,18955.0,ha,Actual,PL4
e0789f52a5e597d7,2012,7,Khánh Hoà,Provincial,Cultivation,Lúa,,Area_Harvested,2100.0,ha,Actual,PL4
6b9772c569ef434a,2012,7,Khánh Hoà,Provincial,Cultivation,Lúa,,Area_Planted,120.0,ha,Actual,PL4
6b9772c569ef434a,2012,7,Khánh Hoà,Provincial,Cultivation,Lúa,,Area_Planted,10402.0,ha,Actual,PL4
7a74c5863fad67b4,2012,7,Khánh Hoà,Provincial,Cultivation,Ngô,,Area_Planted,4217.0,ha,Actual,PL4
af7ce6e70a01916b,2012,7,Khánh Hoà,Provincial,Cultivation,Khoai lang,,Area_Planted,159.0,ha,Actual,PL4
74277724e1ac4774,2012,7,Khánh Hoà,Provincial,Cultivation,Sắn,,Area_Planted,5893.0,ha,Actual,PL4
6b9772c569ef434a,2012,7,Khánh Hoà,Provincial,Cultivation,Lúa,,Area_Planted,133.0,ha,Actual,PL4
d0ab03297456801a,2012,7,Ninh Thuận,Provincial,Cultivation,Lúa,,Area_Planted,14544.0,ha,Actual,PL4
d0ab03297456801a,2012,7,Ninh Thuận,Provincial,Cultivation,Lúa,,Area_Planted,400.0,ha,Actual,PL4
d0ab03297456801a,2012,7,Ninh Thuận,Provincial,Cultivation,Lúa,,Area_Planted,11110.0,ha,Actual,PL4
e2c72abdf0bbe067,2012,7,Ninh Thuận,Provincial,Cultivation,Ngô,,Area_Planted,7994.0,ha,Actual,PL4
dca691c52465bf6a,2012,7,Ninh Thuận,Provincial,Cultivation,Khoai lang,,Area_Planted,101.0,ha,Actual,PL4
fe0bd360ead3c231,2012,7,Ninh Thuận,Provincial,Cultivation,Sắn,,Area_Planted,3015.0,ha,Actual,PL4
28290a8c8313d75d,2012,7,Bình Thuận,Provincial,Cultivation,Lúa,,Area_Planted,40618.0,ha,Actual,PL4
28290a8c8313d75d,2012,7,Bình Thuận,Provincial,Cultivation,Lúa,,Area_Planted,44342.0,ha,Actual,PL4
e107c5febfce0ef5,2012,7,Bình Thuận,Provincial,Cultivation,Ngô,,Area_Planted,15644.0,ha,Actual,PL4
3223ba77b8724b3a,2012,7,Bình Thuận,Provincial,Cultivation,Khoai lang,,Area_Planted,288.0,ha,Actual,PL4
866b8493e8181e8a,2012,7,Bình Thuận,Provincial,Cultivation,Sắn,,Area_Planted,28410.0,ha,Actual,PL4
c9350cf04a5396cf,2012,7,Tây Nguyên,Provincial,Cultivation,Lúa,,Area_Planted,61249.0,ha,Actual,PL4
c9350cf04a5396cf,2012,7,Tây Nguyên,Provincial,Cultivation,Lúa,,Area_Planted,63127.0,ha,Actual,PL4
c9350cf04a5396cf,2012,7,Tây Nguyên,Provincial,Cultivation,Lúa,,Area_Planted,272729.0,ha,Actual,PL4
fe5f05f9c86cd97b,2012,7,Tây Nguyên,Provincial,Cultivation,Ngô,,Area_Planted,137140.0,ha,Actual,PL4
2114c3867028b753,2012,7,Tây Nguyên,Provincial,Cultivation,Khoai lang,,Area_Planted,9462.0,ha,Actual,PL4
9441a05c30249f28,2012,7,Tây Nguyên,Provincial,Cultivation,Sắn,,Area_Planted,125929.0,ha,Actual,PL4
c9350cf04a5396cf,2012,7,Tây Nguyên,Provincial,Cultivation,Lúa,,Area_Planted,199.0,ha,Actual,PL4
2507804a6682f7ec,2012,7,Kon Tum,Provincial,Cultivation,Lúa,,Area_Planted,13661.0,ha,Actual,PL4
2507804a6682f7ec,2012,7,Kon Tum,Provincial,Cultivation,Lúa,,Area_Planted,39432.0,ha,Actual,PL4
c4ff276fd294b42d,2012,7,Kon Tum,Provincial,Cultivation,Ngô,,Area_Planted,5904.0,ha,Actual,PL4
6c403b6e62e90414,2012,7,Kon Tum,Provincial,Cultivation,Khoai lang,,Area_Planted,50.0,ha,Actual,PL4
4a04ad5a76c890b1,2012,7,Kon Tum,Provincial,Cultivation,Sắn,,Area_Planted,33478.0,ha,Actual,PL4
649b8efa3e869ed1,2012,7,Gia Lai,Provincial,Cultivation,Lúa,,Area_Planted,43769.0,ha,Actual,PL4
649b8efa3e869ed1,2012,7,Gia Lai,Provincial,Cultivation,Lúa,,Area_Planted,89698.0,ha,Actual,PL4
83e24965f2f62bd4,2012,7,Gia Lai,Provincial,Cultivation,Ngô,,Area_Planted,38370.0,ha,Actual,PL4
a302b617da4246e9,2012,7,Gia Lai,Provincial,Cultivation,Khoai lang,,Area_Planted,791.0,ha,Actual,PL4
6ba03852c9dcd845,2012,7,Gia Lai,Provincial,Cultivation,Sắn,,Area_Planted,50538.0,ha,Actual,PL4
38c974f6c7cda189,2012,7,Đắc Lắc,Provincial,Cultivation,Lúa,,Area_Planted,48920.0,ha,Actual,PL4
38c974f6c7cda189,2012,7,Đắc Lắc,Provincial,Cultivation,Lúa,,Area_Planted,101449.0,ha,Actual,PL4
fbd87dbe9087322f,2012,7,Đắc Lắc,Provincial,Cultivation,Ngô,,Area_Planted,75594.0,ha,Actual,PL4
ce4e2164db282278,2012,7,Đắc Lắc,Provincial,Cultivation,Khoai lang,,Area_Planted,1926.0,ha,Actual,PL4
554951972373127f,2012,7,Đắc Lắc,Provincial,Cultivation,Sắn,,Area_Planted,23730.0,ha,Actual,PL4
38c974f6c7cda189,2012,7,Đắc Lắc,Provincial,Cultivation,Lúa,,Area_Planted,199.0,ha,Actual,PL4
48501c5c5372e149,2012,7,Đắc Nông,Provincial,Cultivation,Lúa,,Area_Planted,4953.0,ha,Actual,PL4
48501c5c5372e149,2012,7,Đắc Nông,Provincial,Cultivation,Lúa,,Area_Planted,24393.0,ha,Actual,PL4
591f2903e97182d8,2012,7,Đắc Nông,Provincial,Cultivation,Ngô,,Area_Planted,2827.0,ha,Actual,PL4
a67bef14813c52c3,2012,7,Đắc Nông,Provincial,Cultivation,Khoai lang,,Area_Planted,5276.0,ha,Actual,PL4
e4ba3d58283bddb6,2012,7,Đắc Nông,Provincial,Cultivation,Sắn,,Area_Planted,16290.0,ha,Actual,PL4
c91e689997985a22,2012,7,Lâm Đồng,Provincial,Cultivation,Lúa,,Area_Planted,7376.0,ha,Actual,PL4
c91e689997985a22,2012,7,Lâm Đồng,Provincial,Cultivation,Lúa,,Area_Planted,5697.0,ha,Actual,PL4
c91e689997985a22,2012,7,Lâm Đồng,Provincial,Cultivation,Lúa,,Area_Planted,17757.0,ha,Actual,PL4
1b1eb588db0de3f1,2012,7,Lâm Đồng,Provincial,Cultivation,Ngô,,Area_Planted,14445.0,ha,Actual,PL4
b135932edcd5e0ee,2012,7,Lâm Đồng,Provincial,Cultivation,Khoai lang,,Area_Planted,1419.0,ha,Actual,PL4
734c0f29be99fc39,2012,7,Lâm Đồng,Provincial,Cultivation,Sắn,,Area_Planted,1893.0,ha,Actual,PL4
0739d6efdf564c2e,2012,7,Đông Nam Bộ,Provincial,Cultivation,Lúa,,Area_Planted,92487.0,ha,Actual,PL4
a86df6c0c6420b31,2012,7,Đông Nam Bộ,Provincial,Cultivation,Lúa,,Area_Harvested,5000.0,ha,Actual,PL4
0739d6efdf564c2e,2012,7,Đông Nam Bộ,Provincial,Cultivation,Lúa,,Area_Planted,4767.0,ha,Actual,PL4
0739d6efdf564c2e,2012,7,Đông Nam Bộ,Provincial,Cultivation,Lúa,,Area_Planted,102882.0,ha,Actual,PL4
d3647b9e741b4ade,2012,7,Đông Nam Bộ,Provincial,Cultivation,Ngô,,Area_Planted,37076.0,ha,Actual,PL4
c8a1131ba104ff5b,2012,7,Đông Nam Bộ,Provincial,Cultivation,Khoai lang,,Area_Planted,276.0,ha,Actual,PL4
728b086df9e0b7ce,2012,7,Đông Nam Bộ,Provincial,Cultivation,Sắn,,Area_Planted,64559.0,ha,Actual,PL4
0739d6efdf564c2e,2012,7,Đông Nam Bộ,Provincial,Cultivation,Lúa,,Area_Planted,972.0,ha,Actual,PL4
fa6fbb3ee10c7fe9,2012,7,Bình Phước,Provincial,Cultivation,Lúa,,Area_Planted,4767.0,ha,Actual,PL4
fa6fbb3ee10c7fe9,2012,7,Bình Phước,Provincial,Cultivation,Lúa,,Area_Planted,13082.0,ha,Actual,PL4
9edd4c4502da5cd8,2012,7,Bình Phước,Provincial,Cultivation,Ngô,,Area_Planted,3174.0,ha,Actual,PL4
65d8ab733fbc23fc,2012,7,Bình Phước,Provincial,Cultivation,Khoai lang,,Area_Planted,42.0,ha,Actual,PL4
ce2cfc35dc717e66,2012,7,Bình Phước,Provincial,Cultivation,Sắn,,Area_Planted,9866.0,ha,Actual,PL4
16587ce3321d2858,2012,7,Tây Ninh,Provincial,Cultivation,Lúa,,Area_Planted,52335.0,ha,Actual,PL4
d0daf5db537236e0,2012,7,Tây Ninh,Provincial,Cultivation,Lúa,,Area_Harvested,4475.0,ha,Actual,PL4
16587ce3321d2858,2012,7,Tây Ninh,Provincial,Cultivation,Lúa,,Area_Planted,34250.0,ha,Actual,PL4
2e1b1ff26b9cfbbd,2012,7,Tây Ninh,Provincial,Cultivation,Ngô,,Area_Planted,996.0,ha,Actual,PL4
fafd35ef6e764699,2012,7,Tây Ninh,Provincial,Cultivation,Khoai lang,,Area_Planted,98.0,ha,Actual,PL4
7843c1f59a7d338c,2012,7,Tây Ninh,Provincial,Cultivation,Sắn,,Area_Planted,32609.0,ha,Actual,PL4
16587ce3321d2858,2012,7,Tây Ninh,Provincial,Cultivation,Lúa,,Area_Planted,547.0,ha,Actual,PL4
d624e8baa844fce6,2012,7,Bình Dương,Provincial,Cultivation,Lúa,,Area_Planted,1612.0,ha,Actual,PL4
d624e8baa844fce6,2012,7,Bình Dương,Provincial,Cultivation,Lúa,,Area_Planted,2339.0,ha,Actual,PL4
a5db5d518b543b27,2012,7,Bình Dương,Provincial,Cultivation,Ngô,,Area_Planted,121.0,ha,Actual,PL4
949f1ffdb49c42c3,2012,7,Bình Dương,Provincial,Cultivation,Sắn,,Area_Planted,2218.0,ha,Actual,PL4
314899fbfb14883a,2012,7,Đồng Nai,Provincial,Cultivation,Lúa,,Area_Planted,25639.0,ha,Actual,PL4
314899fbfb14883a,2012,7,Đồng Nai,Provincial,Cultivation,Lúa,,Area_Planted,35244.0,ha,Actual,PL4
b41481e0396ed94d,2012,7,Đồng Nai,Provincial,Cultivation,Ngô,,Area_Planted,22658.0,ha,Actual,PL4
6ace38f69abe50c7,2012,7,Đồng Nai,Provincial,Cultivation,Khoai lang,,Area_Planted,44.0,ha,Actual,PL4
607c44e094038540,2012,7,Đồng Nai,Provincial,Cultivation,Sắn,,Area_Planted,12187.0,ha,Actual,PL4
314899fbfb14883a,2012,7,Đồng Nai,Provincial,Cultivation,Lúa,,Area_Planted,355.0,ha,Actual,PL4
483571b7df533eea,2012,7,Bà Rịa-V.Tàu,Provincial,Cultivation,Lúa,,Area_Planted,7802.0,ha,Actual,PL4
8d77bc5c23947131,2012,7,Bà Rịa-V.Tàu,Provincial,Cultivation,Lúa,,Area_Harvested,450.0,ha,Actual,PL4
483571b7df533eea,2012,7,Bà Rịa-V.Tàu,Provincial,Cultivation,Lúa,,Area_Planted,17968.0,ha,Actual,PL4
ded367334ee01617,2012,7,Bà Rịa-V.Tàu,Provincial,Cultivation,Ngô,,Area_Planted,10127.0,ha,Actual,PL4
10b296d4ed88ab7a,2012,7,Bà Rịa-V.Tàu,Provincial,Cultivation,Khoai lang,,Area_Planted,92.0,ha,Actual,PL4
5b8e54db9ce4aa6b,2012,7,Bà Rịa-V.Tàu,Provincial,Cultivation,Sắn,,Area_Planted,7679.0,ha,Actual,PL4
483571b7df533eea,2012,7,Bà Rịa-V.Tàu,Provincial,Cultivation,Lúa,,Area_Planted,70.0,ha,Actual,PL4
2cc1851cfbfd3293,2012,7,TP Hồ Chí Minh,Provincial,Cultivation,Lúa,,Area_Planted,5100.0,ha,Actual,PL4
69f2c388f313c8df,2012,7,TP Hồ Chí Minh,Provincial,Cultivation,Lúa,,Area_Harvested,75.0,ha,Actual,PL4
fa692a6637e4af9f,2012,7,ĐBS Cửu Long,Provincial,Cultivation,Lúa,,Area_Planted,1681208.0,ha,Actual,PL4
f92762201af63883,2012,7,ĐBS Cửu Long,Provincial,Cultivation,Lúa,,Area_Harvested,633730.0,ha,Actual,PL4
fa692a6637e4af9f,2012,7,ĐBS Cửu Long,Provincial,Cultivation,Lúa,,Area_Planted,272789.0,ha,Actual,PL4
fa692a6637e4af9f,2012,7,ĐBS Cửu Long,Provincial,Cultivation,Lúa,,Area_Planted,59784.0,ha,Actual,PL4
646d6d2f4358b462,2012,7,ĐBS Cửu Long,Provincial,Cultivation,Ngô,,Area_Planted,31103.0,ha,Actual,PL4
d5186a3749d17468,2012,7,ĐBS Cửu Long,Provincial,Cultivation,Khoai lang,,Area_Planted,17349.0,ha,Actual,PL4
907e0b84ff5b6eeb,2012,7,ĐBS Cửu Long,Provincial,Cultivation,Sắn,,Area_Planted,3816.0,ha,Actual,PL4
fa692a6637e4af9f,2012,7,ĐBS Cửu Long,Provincial,Cultivation,Lúa,,Area_Planted,7517.0,ha,Actual,PL4
f4d07922e2c47f49,2012,7,Long An,Provincial,Cultivation,Lúa,,Area_Planted,227274.0,ha,Actual,PL4
ffea4155a1fddbcb,2012,7,Long An,Provincial,Cultivation,Lúa,,Area_Harvested,44072.0,ha,Actual,PL4
f4d07922e2c47f49,2012,7,Long An,Provincial,Cultivation,Lúa,,Area_Planted,10068.0,ha,Actual,PL4
f4d07922e2c47f49,2012,7,Long An,Provincial,Cultivation,Lúa,,Area_Planted,7759.0,ha,Actual,PL4
c1fc4bd7a6e6dfb3,2012,7,Long An,Provincial,Cultivation,Ngô,,Area_Planted,3909.0,ha,Actual,PL4
f0a13a6e4107ca4f,2012,7,Long An,Provincial,Cultivation,Khoai lang,,Area_Planted,61.0,ha,Actual,PL4
87c58db090a4f6f4,2012,7,Long An,Provincial,Cultivation,Sắn,,Area_Planted,491.0,ha,Actual,PL4
f4d07922e2c47f49,2012,7,Long An,Provincial,Cultivation,Lúa,,Area_Planted,3298.0,ha,Actual,PL4
8b2cf70da882ee59,2012,7,Tiền Giang,Provincial,Cultivation,Lúa,,Area_Planted,119534.0,ha,Actual,PL4
01dd90f433ac9beb,2012,7,Tiền Giang,Provincial,Cultivation,Lúa,,Area_Harvested,41367.0,ha,Actual,PL4
8b2cf70da882ee59,2012,7,Tiền Giang,Provincial,Cultivation,Lúa,,Area_Planted,5257.0,ha,Actual,PL4
f70bde7f2bf880e7,2012,7,Tiền Giang,Provincial,Cultivation,Ngô,,Area_Planted,3750.0,ha,Actual,PL4
080525a7cd89cd70,2012,7,Tiền Giang,Provincial,Cultivation,Khoai lang,,Area_Planted,267.0,ha,Actual,PL4
dc4a3dc04f6ccf5b,2012,7,Tiền Giang,Provincial,Cultivation,Sắn,,Area_Planted,164.0,ha,Actual,PL4
8b2cf70da882ee59,2012,7,Tiền Giang,Provincial,Cultivation,Lúa,,Area_Planted,1076.0,ha,Actual,PL4
fdfce945431f40f9,2012,7,Bến Tre,Provincial,Cultivation,Lúa,,Area_Planted,22356.0,ha,Actual,PL4
fdfce945431f40f9,2012,7,Bến Tre,Provincial,Cultivation,Lúa,,Area_Planted,654.0,ha,Actual,PL4
bf6d1d7734fd7b72,2012,7,Bến Tre,Provincial,Cultivation,Ngô,,Area_Planted,476.0,ha,Actual,PL4
6521304bce071959,2012,7,Bến Tre,Provincial,Cultivation,Khoai lang,,Area_Planted,99.0,ha,Actual,PL4
d828e98d68e23347,2012,7,Bến Tre,Provincial,Cultivation,Sắn,,Area_Planted,79.0,ha,Actual,PL4
cd9167f6613de6a5,2012,7,Trà Vinh,Provincial,Cultivation,Lúa,,Area_Planted,80200.0,ha,Actual,PL4
c734463768e272b1,2012,7,Trà Vinh,Provincial,Cultivation,Lúa,,Area_Harvested,18069.0,ha,Actual,PL4
cd9167f6613de6a5,2012,7,Trà Vinh,Provincial,Cultivation,Lúa,,Area_Planted,12436.0,ha,Actual,PL4
cd9167f6613de6a5,2012,7,Trà Vinh,Provincial,Cultivation,Lúa,,Area_Planted,5824.0,ha,Actual,PL4
24e2a6e51ab65233,2012,7,Trà Vinh,Provincial,Cultivation,Ngô,,Area_Planted,3641.0,ha,Actual,PL4
287d990fff4d5801,2012,7,Trà Vinh,Provincial,Cultivation,Khoai lang,,Area_Planted,1128.0,ha,Actual,PL4
14f4b3c61c2f5c1b,2012,7,Trà Vinh,Provincial,Cultivation,Sắn,,Area_Planted,652.0,ha,Actual,PL4
cd9167f6613de6a5,2012,7,Trà Vinh,Provincial,Cultivation,Lúa,,Area_Planted,403.0,ha,Actual,PL4
8d9d955b53b1535f,2012,7,Vĩnh Long,Provincial,Cultivation,Lúa,,Area_Planted,60281.0,ha,Actual,PL4
d1bfebe793e1916f,2012,7,Vĩnh Long,Provincial,Cultivation,Lúa,,Area_Harvested,60281.0,ha,Actual,PL4
8d9d955b53b1535f,2012,7,Vĩnh Long,Provincial,Cultivation,Lúa,,Area_Planted,44593.0,ha,Actual,PL4
8d9d955b53b1535f,2012,7,Vĩnh Long,Provincial,Cultivation,Lúa,,Area_Planted,11471.0,ha,Actual,PL4
d986bb8648ede027,2012,7,Vĩnh Long,Provincial,Cultivation,Ngô,,Area_Planted,1483.0,ha,Actual,PL4
1cfe95bf99e7d5f6,2012,7,Vĩnh Long,Provincial,Cultivation,Khoai lang,,Area_Planted,9642.0,ha,Actual,PL4
1b64e4e9b94ac3fa,2012,7,Vĩnh Long,Provincial,Cultivation,Sắn,,Area_Planted,109.0,ha,Actual,PL4
8d9d955b53b1535f,2012,7,Vĩnh Long,Provincial,Cultivation,Lúa,,Area_Planted,237.0,ha,Actual,PL4
458c0d0caff086bb,2012,7,Đồng Tháp,Provincial,Cultivation,Lúa,,Area_Planted,198255.0,ha,Actual,PL4
a83982e066d2de00,2012,7,Đồng Tháp,Provincial,Cultivation,Lúa,,Area_Harvested,120585.0,ha,Actual,PL4
458c0d0caff086bb,2012,7,Đồng Tháp,Provincial,Cultivation,Lúa,,Area_Planted,66535.0,ha,Actual,PL4
458c0d0caff086bb,2012,7,Đồng Tháp,Provincial,Cultivation,Lúa,,Area_Planted,6334.0,ha,Actual,PL4
b6d453347967f764,2012,7,Đồng Tháp,Provincial,Cultivation,Ngô,,Area_Planted,3365.0,ha,Actual,PL4
c0c7d99b21d293e6,2012,7,Đồng Tháp,Provincial,Cultivation,Khoai lang,,Area_Planted,2160.0,ha,Actual,PL4
458c0d0caff086bb,2012,7,Đồng Tháp,Provincial,Cultivation,Lúa,,Area_Planted,809.0,ha,Actual,PL4
bb5cd0057f597f05,2012,7,An Giang,Provincial,Cultivation,Lúa,,Area_Planted,233801.0,ha,Actual,PL4
a42a4bd64b019aa4,2012,7,An Giang,Provincial,Cultivation,Lúa,,Area_Harvested,57315.0,ha,Actual,PL4
bb5cd0057f597f05,2012,7,An Giang,Provincial,Cultivation,Lúa,,Area_Planted,7850.0,ha,Actual,PL4
bb5cd0057f597f05,2012,7,An Giang,Provincial,Cultivation,Lúa,,Area_Planted,10599.0,ha,Actual,PL4
51dc004a65e8028d,2012,7,An Giang,Provincial,Cultivation,Ngô,,Area_Planted,7789.0,ha,Actual,PL4
1c9e013df15f4ff4,2012,7,An Giang,Provincial,Cultivation,Khoai lang,,Area_Planted,660.0,ha,Actual,PL4
fe42718abb35edb8,2012,7,An Giang,Provincial,Cultivation,Sắn,,Area_Planted,1047.0,ha,Actual,PL4
bb5cd0057f597f05,2012,7,An Giang,Provincial,Cultivation,Lúa,,Area_Planted,1103.0,ha,Actual,PL4
63f6c3b9c880d176,2012,7,Kiên Giang,Provincial,Cultivation,Lúa,,Area_Planted,288333.0,ha,Actual,PL4
dcf996318699bffb,2012,7,Kiên Giang,Provincial,Cultivation,Lúa,,Area_Harvested,84516.0,ha,Actual,PL4
63f6c3b9c880d176,2012,7,Kiên Giang,Provincial,Cultivation,Lúa,,Area_Planted,425.0,ha,Actual,PL4
cb1205cb50b9fdd5,2012,7,Kiên Giang,Provincial,Cultivation,Khoai lang,,Area_Planted,329.0,ha,Actual,PL4
b83d5cdb5dc8562e,2012,7,Kiên Giang,Provincial,Cultivation,Sắn,,Area_Planted,96.0,ha,Actual,PL4
7e38ed8ebc1a4ac3,2012,7,Cần Thơ,Provincial,Cultivation,Lúa,,Area_Planted,82192.0,ha,Actual,PL4
40bffc9802d9e931,2012,7,Cần Thơ,Provincial,Cultivation,Lúa,,Area_Harvested,75944.0,ha,Actual,PL4
7e38ed8ebc1a4ac3,2012,7,Cần Thơ,Provincial,Cultivation,Lúa,,Area_Planted,52974.0,ha,Actual,PL4
7e38ed8ebc1a4ac3,2012,7,Cần Thơ,Provincial,Cultivation,Lúa,,Area_Planted,1754.0,ha,Actual,PL4
2598ee6419a31733,2012,7,Cần Thơ,Provincial,Cultivation,Ngô,,Area_Planted,821.0,ha,Actual,PL4
5af804b2c08c447c,2012,7,Cần Thơ,Provincial,Cultivation,Khoai lang,,Area_Planted,933.0,ha,Actual,PL4
1246af89e8aecc96,2012,7,Hậu Giang,Provincial,Cultivation,Lúa,,Area_Planted,77381.0,ha,Actual,PL4
fd13665f40bef9c5,2012,7,Hậu Giang,Provincial,Cultivation,Lúa,,Area_Harvested,44781.0,ha,Actual,PL4
1246af89e8aecc96,2012,7,Hậu Giang,Provincial,Cultivation,Lúa,,Area_Planted,30397.0,ha,Actual,PL4
1246af89e8aecc96,2012,7,Hậu Giang,Provincial,Cultivation,Lúa,,Area_Planted,3202.0,ha,Actual,PL4
7f7f36ec6df046e8,2012,7,Hậu Giang,Provincial,Cultivation,Ngô,,Area_Planted,2456.0,ha,Actual,PL4
2bfdffe3d9372884,2012,7,Hậu Giang,Provincial,Cultivation,Khoai lang,,Area_Planted,746.0,ha,Actual,PL4
66fd3b4d97eb81f3,2012,7,Sóc Trăng,Provincial,Cultivation,Lúa,,Area_Planted,199789.0,ha,Actual,PL4
5126eb7b672aea6f,2012,7,Sóc Trăng,Provincial,Cultivation,Lúa,,Area_Harvested,75800.0,ha,Actual,PL4
66fd3b4d97eb81f3,2012,7,Sóc Trăng,Provincial,Cultivation,Lúa,,Area_Planted,26593.0,ha,Actual,PL4
66fd3b4d97eb81f3,2012,7,Sóc Trăng,Provincial,Cultivation,Lúa,,Area_Planted,5845.0,ha,Actual,PL4
5a9084e99da12950,2012,7,Sóc Trăng,Provincial,Cultivation,Ngô,,Area_Planted,3362.0,ha,Actual,PL4
c4988b0c7da40440,2012,7,Sóc Trăng,Provincial,Cultivation,Khoai lang,,Area_Planted,1325.0,ha,Actual,PL4
80d32e5e6a405e62,2012,7,Sóc Trăng,Provincial,Cultivation,Sắn,,Area_Planted,567.0,ha,Actual,PL4
66fd3b4d97eb81f3,2012,7,Sóc Trăng,Provincial,Cultivation,Lúa,,Area_Planted,591.0,ha,Actual,PL4
6c7e81c787a56b74,2012,7,Bạc Liêu,Provincial,Cultivation,Lúa,,Area_Planted,55786.0,ha,Actual,PL4
c602f5004d0aef62,2012,7,Bạc Liêu,Provincial,Cultivation,Lúa,,Area_Harvested,11000.0,ha,Actual,PL4
6c7e81c787a56b74,2012,7,Bạc Liêu,Provincial,Cultivation,Lúa,,Area_Planted,5159.0,ha,Actual,PL4
6c7e81c787a56b74,2012,7,Bạc Liêu,Provincial,Cultivation,Lúa,,Area_Planted,661.0,ha,Actual,PL4
29ab6b7ee569bd16,2012,7,Bạc Liêu,Provincial,Cultivation,Ngô,,Area_Planted,51.0,ha,Actual,PL4
4dc4b131ed39464c,2012,7,Bạc Liêu,Provincial,Cultivation,Sắn,,Area_Planted,610.0,ha,Actual,PL4
9b82898b3b58e4b4,2012,7,Cà Mau,Provincial,Cultivation,Lúa,,Area_Planted,36025.0,ha,Actual,PL4
9b82898b3b58e4b4,2012,7,Cà Mau,Provincial,Cultivation,Lúa,,Area_Planted,16184.0,ha,Actual,PL4
79e8b15334ef8f0f,2012,7,Miền Nam,Provincial,Cultivation,Lúa,,Area_Planted,229453.0,ha,Actual,PL5
4e1223c4bfa0cb6c,2012,7,Miền Nam,Provincial,Cultivation,Đậu,,Area_Planted,13377.0,ha,Actual,PL5
6b6dd730afa7d5d7,2012,7,Miền Nam,Provincial,Cultivation,Lạc,,Area_Planted,51274.0,ha,Actual,PL5
79e8b15334ef8f0f,2012,7,Miền Nam,Provincial,Cultivation,Lúa,,Area_Planted,26845.0,ha,Actual,PL5
8e83641794b6e87b,2012,7,Miền Nam,Provincial,Cultivation,Thuốc lá,,Area_Planted,4513.0,ha,Actual,PL5
8d4fb3d7d131fa8d,2012,7,Miền Nam,Provincial,Cultivation,Mía,,Area_Planted,130164.0,ha,Actual,PL5
79e8b15334ef8f0f,2012,7,Miền Nam,Provincial,Cultivation,Lúa,,Area_Planted,593.0,ha,Actual,PL5
79e8b15334ef8f0f,2012,7,Miền Nam,Provincial,Cultivation,Lúa,,Area_Planted,2687.0,ha,Actual,PL5
79e8b15334ef8f0f,2012,7,Miền Nam,Provincial,Cultivation,Lúa,,Area_Planted,295268.0,ha,Actual,PL5
79e8b15334ef8f0f,2012,7,Miền Nam,Provincial,Cultivation,Lúa,,Area_Planted,77094.0,ha,Actual,PL5
1bd84f2455e16ebe,2012,7,D.H Nam Trung Bộ,Provincial,Cultivation,Lúa,,Area_Planted,87429.0,ha,Actual,PL5
5c039a5a70f106c1,2012,7,D.H Nam Trung Bộ,Provincial,Cultivation,Đậu,,Area_Planted,741.0,ha,Actual,PL5
b4caf64122f0cb4b,2012,7,D.H Nam Trung Bộ,Provincial,Cultivation,Lạc,,Area_Planted,27575.0,ha,Actual,PL5
1bd84f2455e16ebe,2012,7,D.H Nam Trung Bộ,Provincial,Cultivation,Lúa,,Area_Planted,12123.0,ha,Actual,PL5
91376aa48e7bb696,2012,7,D.H Nam Trung Bộ,Provincial,Cultivation,Thuốc lá,,Area_Planted,1272.0,ha,Actual,PL5
6345a864203752c8,2012,7,D.H Nam Trung Bộ,Provincial,Cultivation,Mía,,Area_Planted,45143.0,ha,Actual,PL5
1bd84f2455e16ebe,2012,7,D.H Nam Trung Bộ,Provincial,Cultivation,Lúa,,Area_Planted,513.0,ha,Actual,PL5
1bd84f2455e16ebe,2012,7,D.H Nam Trung Bộ,Provincial,Cultivation,Lúa,,Area_Planted,62.0,ha,Actual,PL5
1bd84f2455e16ebe,2012,7,D.H Nam Trung Bộ,Provincial,Cultivation,Lúa,,Area_Planted,36247.0,ha,Actual,PL5
1bd84f2455e16ebe,2012,7,D.H Nam Trung Bộ,Provincial,Cultivation,Lúa,,Area_Planted,19565.0,ha,Actual,PL5
960ebe2f4d379ed9,2012,7,TP Đà Nẵng,Provincial,Cultivation,Lúa,,Area_Planted,905.0,ha,Actual,PL5
fc029a86ccfbb567,2012,7,TP Đà Nẵng,Provincial,Cultivation,Lạc,,Area_Planted,671.0,ha,Actual,PL5
95db7a55f04711cb,2012,7,TP Đà Nẵng,Provincial,Cultivation,Mía,,Area_Planted,234.0,ha,Actual,PL5
960ebe2f4d379ed9,2012,7,TP Đà Nẵng,Provincial,Cultivation,Lúa,,Area_Planted,150.0,ha,Actual,PL5
960ebe2f4d379ed9,2012,7,TP Đà Nẵng,Provincial,Cultivation,Lúa,,Area_Planted,30.0,ha,Actual,PL5
9aa0d584ab8b3f88,2012,7,Quảng Nam,Provincial,Cultivation,Lúa,,Area_Planted,14612.0,ha,Actual,PL5
0ce00e52a4d419bb,2012,7,Quảng Nam,Provincial,Cultivation,Đậu,,Area_Planted,50.0,ha,Actual,PL5
d7989202121745c9,2012,7,Quảng Nam,Provincial,Cultivation,Lạc,,Area_Planted,11546.0,ha,Actual,PL5
9aa0d584ab8b3f88,2012,7,Quảng Nam,Provincial,Cultivation,Lúa,,Area_Planted,2401.0,ha,Actual,PL5
29fb3bdefdb592cb,2012,7,Quảng Nam,Provincial,Cultivation,Thuốc lá,,Area_Planted,136.0,ha,Actual,PL5
2a7dd6af1038b14e,2012,7,Quảng Nam,Provincial,Cultivation,Mía,,Area_Planted,341.0,ha,Actual,PL5
9aa0d584ab8b3f88,2012,7,Quảng Nam,Provincial,Cultivation,Lúa,,Area_Planted,119.0,ha,Actual,PL5
9aa0d584ab8b3f88,2012,7,Quảng Nam,Provincial,Cultivation,Lúa,,Area_Planted,19.0,ha,Actual,PL5
9aa0d584ab8b3f88,2012,7,Quảng Nam,Provincial,Cultivation,Lúa,,Area_Planted,13690.0,ha,Actual,PL5
9aa0d584ab8b3f88,2012,7,Quảng Nam,Provincial,Cultivation,Lúa,,Area_Planted,6859.0,ha,Actual,PL5
f1d9d3cd86e40f97,2012,7,Quảng Ngãi,Provincial,Cultivation,Lúa,,Area_Planted,8900.0,ha,Actual,PL5
e733fc93523afc9c,2012,7,Quảng Ngãi,Provincial,Cultivation,Lạc,,Area_Planted,4150.0,ha,Actual,PL5
2e7c075dd9e3deb6,2012,7,Quảng Ngãi,Provincial,Cultivation,Mía,,Area_Planted,4750.0,ha,Actual,PL5
f1d9d3cd86e40f97,2012,7,Quảng Ngãi,Provincial,Cultivation,Lúa,,Area_Planted,4430.0,ha,Actual,PL5
f1d9d3cd86e40f97,2012,7,Quảng Ngãi,Provincial,Cultivation,Lúa,,Area_Planted,1456.0,ha,Actual,PL5
747a2a8f4ec06efb,2012,7,Bình Định,Provincial,Cultivation,Lúa,,Area_Planted,10550.0,ha,Actual,PL5
b12b515d00a3f4e8,2012,7,Bình Định,Provincial,Cultivation,Đậu,,Area_Planted,420.0,ha,Actual,PL5
7366b430530cfba3,2012,7,Bình Định,Provincial,Cultivation,Lạc,,Area_Planted,8355.0,ha,Actual,PL5
747a2a8f4ec06efb,2012,7,Bình Định,Provincial,Cultivation,Lúa,,Area_Planted,1775.0,ha,Actual,PL5
747a2a8f4ec06efb,2012,7,Bình Định,Provincial,Cultivation,Lúa,,Area_Planted,4423.0,ha,Actual,PL5
747a2a8f4ec06efb,2012,7,Bình Định,Provincial,Cultivation,Lúa,,Area_Planted,809.0,ha,Actual,PL5
33f84f16750a8c0e,2012,7,Phú Yên,Provincial,Cultivation,Lúa,,Area_Planted,25998.0,ha,Actual,PL5
95531ae6373acf6c,2012,7,Phú Yên,Provincial,Cultivation,Đậu,,Area_Planted,271.0,ha,Actual,PL5
99918642b858a29c,2012,7,Phú Yên,Provincial,Cultivation,Lạc,,Area_Planted,716.0,ha,Actual,PL5
33f84f16750a8c0e,2012,7,Phú Yên,Provincial,Cultivation,Lúa,,Area_Planted,2604.0,ha,Actual,PL5
b3ca18fb9bb536d7,2012,7,Phú Yên,Provincial,Cultivation,Thuốc lá,,Area_Planted,355.0,ha,Actual,PL5
6a28a92e0c9226ad,2012,7,Phú Yên,Provincial,Cultivation,Mía,,Area_Planted,21760.0,ha,Actual,PL5
33f84f16750a8c0e,2012,7,Phú Yên,Provincial,Cultivation,Lúa,,Area_Planted,249.0,ha,Actual,PL5
33f84f16750a8c0e,2012,7,Phú Yên,Provincial,Cultivation,Lúa,,Area_Planted,43.0,ha,Actual,PL5
33f84f16750a8c0e,2012,7,Phú Yên,Provincial,Cultivation,Lúa,,Area_Planted,3495.0,ha,Actual,PL5
33f84f16750a8c0e,2012,7,Phú Yên,Provincial,Cultivation,Lúa,,Area_Planted,2607.0,ha,Actual,PL5
6b9772c569ef434a,2012,7,Khánh Hoà,Provincial,Cultivation,Lúa,,Area_Planted,15996.0,ha,Actual,PL5
284d5759257136cb,2012,7,Khánh Hoà,Provincial,Cultivation,Lạc,,Area_Planted,400.0,ha,Actual,PL5
6b9772c569ef434a,2012,7,Khánh Hoà,Provincial,Cultivation,Lúa,,Area_Planted,17.0,ha,Actual,PL5
9687a4dfd114c3a1,2012,7,Khánh Hoà,Provincial,Cultivation,Thuốc lá,,Area_Planted,250.0,ha,Actual,PL5
d37ecfcafd9d5cdb,2012,7,Khánh Hoà,Provincial,Cultivation,Mía,,Area_Planted,15329.0,ha,Actual,PL5
6b9772c569ef434a,2012,7,Khánh Hoà,Provincial,Cultivation,Lúa,,Area_Planted,3333.0,ha,Actual,PL5
6b9772c569ef434a,2012,7,Khánh Hoà,Provincial,Cultivation,Lúa,,Area_Planted,780.0,ha,Actual,PL5
d0ab03297456801a,2012,7,Ninh Thuận,Provincial,Cultivation,Lúa,,Area_Planted,3919.0,ha,Actual,PL5
2c6a2dd6a4ea8d17,2012,7,Ninh Thuận,Provincial,Cultivation,Lạc,,Area_Planted,286.0,ha,Actual,PL5
d0ab03297456801a,2012,7,Ninh Thuận,Provincial,Cultivation,Lúa,,Area_Planted,411.0,ha,Actual,PL5
236e47543952d850,2012,7,Ninh Thuận,Provincial,Cultivation,Thuốc lá,,Area_Planted,452.0,ha,Actual,PL5
27db1d3716b630ca,2012,7,Ninh Thuận,Provincial,Cultivation,Mía,,Area_Planted,2729.0,ha,Actual,PL5
d0ab03297456801a,2012,7,Ninh Thuận,Provincial,Cultivation,Lúa,,Area_Planted,41.0,ha,Actual,PL5
d0ab03297456801a,2012,7,Ninh Thuận,Provincial,Cultivation,Lúa,,Area_Planted,2317.0,ha,Actual,PL5
d0ab03297456801a,2012,7,Ninh Thuận,Provincial,Cultivation,Lúa,,Area_Planted,2392.0,ha,Actual,PL5
28290a8c8313d75d,2012,7,Bình Thuận,Provincial,Cultivation,Lúa,,Area_Planted,6549.0,ha,Actual,PL5
21e1f23d04f63847,2012,7,Bình Thuận,Provincial,Cultivation,Lạc,,Area_Planted,1451.0,ha,Actual,PL5
28290a8c8313d75d,2012,7,Bình Thuận,Provincial,Cultivation,Lúa,,Area_Planted,4915.0,ha,Actual,PL5
d5cb708b21fa97f5,2012,7,Bình Thuận,Provincial,Cultivation,Thuốc lá,,Area_Planted,79.0,ha,Actual,PL5
28290a8c8313d75d,2012,7,Bình Thuận,Provincial,Cultivation,Lúa,,Area_Planted,104.0,ha,Actual,PL5
28290a8c8313d75d,2012,7,Bình Thuận,Provincial,Cultivation,Lúa,,Area_Planted,4409.0,ha,Actual,PL5
28290a8c8313d75d,2012,7,Bình Thuận,Provincial,Cultivation,Lúa,,Area_Planted,4632.0,ha,Actual,PL5
c9350cf04a5396cf,2012,7,Tây Nguyên,Provincial,Cultivation,Lúa,,Area_Planted,35560.0,ha,Actual,PL5
9e07ece470937dcf,2012,7,Tây Nguyên,Provincial,Cultivation,Đậu,,Area_Planted,9545.0,ha,Actual,PL5
d0b000e5301681f3,2012,7,Tây Nguyên,Provincial,Cultivation,Lạc,,Area_Planted,8788.0,ha,Actual,PL5
c9350cf04a5396cf,2012,7,Tây Nguyên,Provincial,Cultivation,Lúa,,Area_Planted,3270.0,ha,Actual,PL5
1fb7cd3a55bb92bb,2012,7,Tây Nguyên,Provincial,Cultivation,Thuốc lá,,Area_Planted,82.0,ha,Actual,PL5
2ce30a4358ac5c71,2012,7,Tây Nguyên,Provincial,Cultivation,Mía,,Area_Planted,13795.0,ha,Actual,PL5
c9350cf04a5396cf,2012,7,Tây Nguyên,Provincial,Cultivation,Lúa,,Area_Planted,80.0,ha,Actual,PL5
c9350cf04a5396cf,2012,7,Tây Nguyên,Provincial,Cultivation,Lúa,,Area_Planted,42905.0,ha,Actual,PL5
c9350cf04a5396cf,2012,7,Tây Nguyên,Provincial,Cultivation,Lúa,,Area_Planted,41588.0,ha,Actual,PL5
2507804a6682f7ec,2012,7,Kon Tum,Provincial,Cultivation,Lúa,,Area_Planted,77.0,ha,Actual,PL5
11ea186c1c1076ea,2012,7,Kon Tum,Provincial,Cultivation,Lạc,,Area_Planted,77.0,ha,Actual,PL5
2507804a6682f7ec,2012,7,Kon Tum,Provincial,Cultivation,Lúa,,Area_Planted,685.0,ha,Actual,PL5
2507804a6682f7ec,2012,7,Kon Tum,Provincial,Cultivation,Lúa,,Area_Planted,273.0,ha,Actual,PL5
649b8efa3e869ed1,2012,7,Gia Lai,Provincial,Cultivation,Lúa,,Area_Planted,4243.0,ha,Actual,PL5
2404c4a7e364244a,2012,7,Gia Lai,Provincial,Cultivation,Lạc,,Area_Planted,1331.0,ha,Actual,PL5
649b8efa3e869ed1,2012,7,Gia Lai,Provincial,Cultivation,Lúa,,Area_Planted,2800.0,ha,Actual,PL5
3a1e96f58b8712c0,2012,7,Gia Lai,Provincial,Cultivation,Thuốc lá,,Area_Planted,32.0,ha,Actual,PL5
649b8efa3e869ed1,2012,7,Gia Lai,Provincial,Cultivation,Lúa,,Area_Planted,80.0,ha,Actual,PL5
649b8efa3e869ed1,2012,7,Gia Lai,Provincial,Cultivation,Lúa,,Area_Planted,12011.0,ha,Actual,PL5
649b8efa3e869ed1,2012,7,Gia Lai,Provincial,Cultivation,Lúa,,Area_Planted,13901.0,ha,Actual,PL5
38c974f6c7cda189,2012,7,Đắc Lắc,Provincial,Cultivation,Lúa,,Area_Planted,20522.0,ha,Actual,PL5
de96e07cd7f72f32,2012,7,Đắc Lắc,Provincial,Cultivation,Đậu,,Area_Planted,3947.0,ha,Actual,PL5
da778afc2604b4e9,2012,7,Đắc Lắc,Provincial,Cultivation,Lạc,,Area_Planted,2835.0,ha,Actual,PL5
38c974f6c7cda189,2012,7,Đắc Lắc,Provincial,Cultivation,Lúa,,Area_Planted,470.0,ha,Actual,PL5
d058d114ab6b45b5,2012,7,Đắc Lắc,Provincial,Cultivation,Thuốc lá,,Area_Planted,50.0,ha,Actual,PL5
548c05813a05a403,2012,7,Đắc Lắc,Provincial,Cultivation,Mía,,Area_Planted,13220.0,ha,Actual,PL5
38c974f6c7cda189,2012,7,Đắc Lắc,Provincial,Cultivation,Lúa,,Area_Planted,3263.0,ha,Actual,PL5
38c974f6c7cda189,2012,7,Đắc Lắc,Provincial,Cultivation,Lúa,,Area_Planted,20726.0,ha,Actual,PL5
48501c5c5372e149,2012,7,Đắc Nông,Provincial,Cultivation,Lúa,,Area_Planted,10718.0,ha,Actual,PL5
36e633a0bac806fa,2012,7,Đắc Nông,Provincial,Cultivation,Đậu,,Area_Planted,5598.0,ha,Actual,PL5
8f596d9061982fe4,2012,7,Đắc Nông,Provincial,Cultivation,Lạc,,Area_Planted,4545.0,ha,Actual,PL5
7c3e3757e2d07e06,2012,7,Đắc Nông,Provincial,Cultivation,Mía,,Area_Planted,575.0,ha,Actual,PL5
48501c5c5372e149,2012,7,Đắc Nông,Provincial,Cultivation,Lúa,,Area_Planted,1760.0,ha,Actual,PL5
48501c5c5372e149,2012,7,Đắc Nông,Provincial,Cultivation,Lúa,,Area_Planted,5676.0,ha,Actual,PL5
c91e689997985a22,2012,7,Lâm Đồng,Provincial,Cultivation,Lúa,,Area_Planted,25186.0,ha,Actual,PL5
c91e689997985a22,2012,7,Lâm Đồng,Provincial,Cultivation,Lúa,,Area_Planted,1012.0,ha,Actual,PL5
0739d6efdf564c2e,2012,7,Đông Nam Bộ,Provincial,Cultivation,Lúa,,Area_Planted,18634.0,ha,Actual,PL5
322c03bd910b3118,2012,7,Đông Nam Bộ,Provincial,Cultivation,Đậu,,Area_Planted,177.0,ha,Actual,PL5
3d42d62e847b43a1,2012,7,Đông Nam Bộ,Provincial,Cultivation,Lạc,,Area_Planted,2328.0,ha,Actual,PL5
0739d6efdf564c2e,2012,7,Đông Nam Bộ,Provincial,Cultivation,Lúa,,Area_Planted,855.0,ha,Actual,PL5
fc5fb181000f4577,2012,7,Đông Nam Bộ,Provincial,Cultivation,Thuốc lá,,Area_Planted,3062.0,ha,Actual,PL5
d287f6cddc1cc9ec,2012,7,Đông Nam Bộ,Provincial,Cultivation,Mía,,Area_Planted,12212.0,ha,Actual,PL5
0739d6efdf564c2e,2012,7,Đông Nam Bộ,Provincial,Cultivation,Lúa,,Area_Planted,36031.0,ha,Actual,PL5
0739d6efdf564c2e,2012,7,Đông Nam Bộ,Provincial,Cultivation,Lúa,,Area_Planted,7718.0,ha,Actual,PL5
fa6fbb3ee10c7fe9,2012,7,Bình Phước,Provincial,Cultivation,Lúa,,Area_Planted,87.0,ha,Actual,PL5
5d0cdb171abb01bc,2012,7,Bình Phước,Provincial,Cultivation,Đậu,,Area_Planted,15.0,ha,Actual,PL5
5cfc415ba7907734,2012,7,Bình Phước,Provincial,Cultivation,Lạc,,Area_Planted,72.0,ha,Actual,PL5
fa6fbb3ee10c7fe9,2012,7,Bình Phước,Provincial,Cultivation,Lúa,,Area_Planted,799.0,ha,Actual,PL5
fa6fbb3ee10c7fe9,2012,7,Bình Phước,Provincial,Cultivation,Lúa,,Area_Planted,311.0,ha,Actual,PL5
16587ce3321d2858,2012,7,Tây Ninh,Provincial,Cultivation,Lúa,,Area_Planted,9423.0,ha,Actual,PL5
6f03a9af944c23a8,2012,7,Tây Ninh,Provincial,Cultivation,Lạc,,Area_Planted,1835.0,ha,Actual,PL5
16587ce3321d2858,2012,7,Tây Ninh,Provincial,Cultivation,Lúa,,Area_Planted,819.0,ha,Actual,PL5
ade60c05b2cf07f5,2012,7,Tây Ninh,Provincial,Cultivation,Thuốc lá,,Area_Planted,2933.0,ha,Actual,PL5
250ca80b228902fb,2012,7,Tây Ninh,Provincial,Cultivation,Mía,,Area_Planted,3836.0,ha,Actual,PL5
16587ce3321d2858,2012,7,Tây Ninh,Provincial,Cultivation,Lúa,,Area_Planted,14400.0,ha,Actual,PL5
16587ce3321d2858,2012,7,Tây Ninh,Provincial,Cultivation,Lúa,,Area_Planted,4908.0,ha,Actual,PL5
d624e8baa844fce6,2012,7,Bình Dương,Provincial,Cultivation,Lúa,,Area_Planted,50.0,ha,Actual,PL5
d49b05fedd25505c,2012,7,Bình Dương,Provincial,Cultivation,Lạc,,Area_Planted,50.0,ha,Actual,PL5
d624e8baa844fce6,2012,7,Bình Dương,Provincial,Cultivation,Lúa,,Area_Planted,1838.0,ha,Actual,PL5
d624e8baa844fce6,2012,7,Bình Dương,Provincial,Cultivation,Lúa,,Area_Planted,68.0,ha,Actual,PL5
314899fbfb14883a,2012,7,Đồng Nai,Provincial,Cultivation,Lúa,,Area_Planted,6402.0,ha,Actual,PL5
21580f12ede2d2d1,2012,7,Đồng Nai,Provincial,Cultivation,Đậu,,Area_Planted,162.0,ha,Actual,PL5
d22a8397cdc70af4,2012,7,Đồng Nai,Provincial,Cultivation,Lạc,,Area_Planted,337.0,ha,Actual,PL5
314899fbfb14883a,2012,7,Đồng Nai,Provincial,Cultivation,Lúa,,Area_Planted,36.0,ha,Actual,PL5
3ac39ffe4e7b21a4,2012,7,Đồng Nai,Provincial,Cultivation,Thuốc lá,,Area_Planted,2.0,ha,Actual,PL5
68524b673d6e9a50,2012,7,Đồng Nai,Provincial,Cultivation,Mía,,Area_Planted,5865.0,ha,Actual,PL5
314899fbfb14883a,2012,7,Đồng Nai,Provincial,Cultivation,Lúa,,Area_Planted,4029.0,ha,Actual,PL5
314899fbfb14883a,2012,7,Đồng Nai,Provincial,Cultivation,Lúa,,Area_Planted,1960.0,ha,Actual,PL5
483571b7df533eea,2012,7,Bà Rịa-V.Tàu,Provincial,Cultivation,Lúa,,Area_Planted,530.0,ha,Actual,PL5
13027740138e8ef1,2012,7,Bà Rịa-V.Tàu,Provincial,Cultivation,Lạc,,Area_Planted,34.0,ha,Actual,PL5
b9840c775e4e0e46,2012,7,Bà Rịa-V.Tàu,Provincial,Cultivation,Thuốc lá,,Area_Planted,127.0,ha,Actual,PL5
9c7e6708169a1765,2012,7,Bà Rịa-V.Tàu,Provincial,Cultivation,Mía,,Area_Planted,369.0,ha,Actual,PL5
483571b7df533eea,2012,7,Bà Rịa-V.Tàu,Provincial,Cultivation,Lúa,,Area_Planted,5320.0,ha,Actual,PL5
483571b7df533eea,2012,7,Bà Rịa-V.Tàu,Provincial,Cultivation,Lúa,,Area_Planted,471.0,ha,Actual,PL5
2cc1851cfbfd3293,2012,7,TP Hồ Chí Minh,Provincial,Cultivation,Lúa,,Area_Planted,2142.0,ha,Actual,PL5
eb584efaf79e89da,2012,7,TP Hồ Chí Minh,Provincial,Cultivation,Mía,,Area_Planted,2142.0,ha,Actual,PL5
2cc1851cfbfd3293,2012,7,TP Hồ Chí Minh,Provincial,Cultivation,Lúa,,Area_Planted,9645.0,ha,Actual,PL5
fa692a6637e4af9f,2012,7,ĐBS Cửu Long,Provincial,Cultivation,Lúa,,Area_Planted,87830.0,ha,Actual,PL5
bee2d50337d305de,2012,7,ĐBS Cửu Long,Provincial,Cultivation,Đậu,,Area_Planted,2914.0,ha,Actual,PL5
8c2a6322442dba00,2012,7,ĐBS Cửu Long,Provincial,Cultivation,Lạc,,Area_Planted,12583.0,ha,Actual,PL5
fa692a6637e4af9f,2012,7,ĐBS Cửu Long,Provincial,Cultivation,Lúa,,Area_Planted,10597.0,ha,Actual,PL5
65d981331c3988ef,2012,7,ĐBS Cửu Long,Provincial,Cultivation,Thuốc lá,,Area_Planted,97.0,ha,Actual,PL5
677f6fe463633209,2012,7,ĐBS Cửu Long,Provincial,Cultivation,Mía,,Area_Planted,59014.0,ha,Actual,PL5
fa692a6637e4af9f,2012,7,ĐBS Cửu Long,Provincial,Cultivation,Lúa,,Area_Planted,2625.0,ha,Actual,PL5
fa692a6637e4af9f,2012,7,ĐBS Cửu Long,Provincial,Cultivation,Lúa,,Area_Planted,180085.0,ha,Actual,PL5
fa692a6637e4af9f,2012,7,ĐBS Cửu Long,Provincial,Cultivation,Lúa,,Area_Planted,8222.0,ha,Actual,PL5
f4d07922e2c47f49,2012,7,Long An,Provincial,Cultivation,Lúa,,Area_Planted,22621.0,ha,Actual,PL5
7f4e6a55c172fba9,2012,7,Long An,Provincial,Cultivation,Lạc,,Area_Planted,6981.0,ha,Actual,PL5
f4d07922e2c47f49,2012,7,Long An,Provincial,Cultivation,Lúa,,Area_Planted,857.0,ha,Actual,PL5
2b73217ac22c702f,2012,7,Long An,Provincial,Cultivation,Thuốc lá,,Area_Planted,63.0,ha,Actual,PL5
f1f8426111a0a320,2012,7,Long An,Provincial,Cultivation,Mía,,Area_Planted,13546.0,ha,Actual,PL5
f4d07922e2c47f49,2012,7,Long An,Provincial,Cultivation,Lúa,,Area_Planted,1174.0,ha,Actual,PL5
f4d07922e2c47f49,2012,7,Long An,Provincial,Cultivation,Lúa,,Area_Planted,10695.0,ha,Actual,PL5
f4d07922e2c47f49,2012,7,Long An,Provincial,Cultivation,Lúa,,Area_Planted,19.0,ha,Actual,PL5
8b2cf70da882ee59,2012,7,Tiền Giang,Provincial,Cultivation,Lúa,,Area_Planted,642.0,ha,Actual,PL5
68bd71cb28253ec2,2012,7,Tiền Giang,Provincial,Cultivation,Đậu,,Area_Planted,208.0,ha,Actual,PL5
47ba08af310d008f,2012,7,Tiền Giang,Provincial,Cultivation,Lạc,,Area_Planted,200.0,ha,Actual,PL5
850e885d88114bbf,2012,7,Tiền Giang,Provincial,Cultivation,Mía,,Area_Planted,234.0,ha,Actual,PL5
8b2cf70da882ee59,2012,7,Tiền Giang,Provincial,Cultivation,Lúa,,Area_Planted,34270.0,ha,Actual,PL5
8b2cf70da882ee59,2012,7,Tiền Giang,Provincial,Cultivation,Lúa,,Area_Planted,167.0,ha,Actual,PL5
fdfce945431f40f9,2012,7,Bến Tre,Provincial,Cultivation,Lúa,,Area_Planted,5309.0,ha,Actual,PL5
83877e837d3abbf5,2012,7,Bến Tre,Provincial,Cultivation,Lạc,,Area_Planted,276.0,ha,Actual,PL5
28231dba7a22b1f8,2012,7,Bến Tre,Provincial,Cultivation,Mía,,Area_Planted,5033.0,ha,Actual,PL5
fdfce945431f40f9,2012,7,Bến Tre,Provincial,Cultivation,Lúa,,Area_Planted,2490.0,ha,Actual,PL5
cd9167f6613de6a5,2012,7,Trà Vinh,Provincial,Cultivation,Lúa,,Area_Planted,11381.0,ha,Actual,PL5
d61364921b02af1e,2012,7,Trà Vinh,Provincial,Cultivation,Lạc,,Area_Planted,3933.0,ha,Actual,PL5
b8dd9a8f366cf6b7,2012,7,Trà Vinh,Provincial,Cultivation,Mía,,Area_Planted,6165.0,ha,Actual,PL5
cd9167f6613de6a5,2012,7,Trà Vinh,Provincial,Cultivation,Lúa,,Area_Planted,1284.0,ha,Actual,PL5
cd9167f6613de6a5,2012,7,Trà Vinh,Provincial,Cultivation,Lúa,,Area_Planted,20094.0,ha,Actual,PL5
cd9167f6613de6a5,2012,7,Trà Vinh,Provincial,Cultivation,Lúa,,Area_Planted,591.0,ha,Actual,PL5
8d9d955b53b1535f,2012,7,Vĩnh Long,Provincial,Cultivation,Lúa,,Area_Planted,884.0,ha,Actual,PL5
3b36e3a31e66dae6,2012,7,Vĩnh Long,Provincial,Cultivation,Đậu,,Area_Planted,619.0,ha,Actual,PL5
6ed0c3446d615ff6,2012,7,Vĩnh Long,Provincial,Cultivation,Lạc,,Area_Planted,24.0,ha,Actual,PL5
8d9d955b53b1535f,2012,7,Vĩnh Long,Provincial,Cultivation,Lúa,,Area_Planted,158.0,ha,Actual,PL5
bd5bb2d33ee12cde,2012,7,Vĩnh Long,Provincial,Cultivation,Mía,,Area_Planted,84.0,ha,Actual,PL5
8d9d955b53b1535f,2012,7,Vĩnh Long,Provincial,Cultivation,Lúa,,Area_Planted,17890.0,ha,Actual,PL5
8d9d955b53b1535f,2012,7,Vĩnh Long,Provincial,Cultivation,Lúa,,Area_Planted,670.0,ha,Actual,PL5
458c0d0caff086bb,2012,7,Đồng Tháp,Provincial,Cultivation,Lúa,,Area_Planted,6166.0,ha,Actual,PL5
c57a1349853acf61,2012,7,Đồng Tháp,Provincial,Cultivation,Đậu,,Area_Planted,1659.0,ha,Actual,PL5
bb8f2f3946d5887e,2012,7,Đồng Tháp,Provincial,Cultivation,Lạc,,Area_Planted,160.0,ha,Actual,PL5
458c0d0caff086bb,2012,7,Đồng Tháp,Provincial,Cultivation,Lúa,,Area_Planted,4088.0,ha,Actual,PL5
07d1a844b7d59d68,2012,7,Đồng Tháp,Provincial,Cultivation,Mía,,Area_Planted,92.0,ha,Actual,PL5
458c0d0caff086bb,2012,7,Đồng Tháp,Provincial,Cultivation,Lúa,,Area_Planted,167.0,ha,Actual,PL5
458c0d0caff086bb,2012,7,Đồng Tháp,Provincial,Cultivation,Lúa,,Area_Planted,8071.0,ha,Actual,PL5
458c0d0caff086bb,2012,7,Đồng Tháp,Provincial,Cultivation,Lúa,,Area_Planted,395.0,ha,Actual,PL5
bb5cd0057f597f05,2012,7,An Giang,Provincial,Cultivation,Lúa,,Area_Planted,2452.0,ha,Actual,PL5
0f1eec20b8fc39a4,2012,7,An Giang,Provincial,Cultivation,Đậu,,Area_Planted,237.0,ha,Actual,PL5
0a4691b27b012ea8,2012,7,An Giang,Provincial,Cultivation,Lạc,,Area_Planted,846.0,ha,Actual,PL5
bb5cd0057f597f05,2012,7,An Giang,Provincial,Cultivation,Lúa,,Area_Planted,1293.0,ha,Actual,PL5
f0c094cb80604985,2012,7,An Giang,Provincial,Cultivation,Thuốc lá,,Area_Planted,34.0,ha,Actual,PL5
a50ce56f8edeca96,2012,7,An Giang,Provincial,Cultivation,Mía,,Area_Planted,42.0,ha,Actual,PL5
bb5cd0057f597f05,2012,7,An Giang,Provincial,Cultivation,Lúa,,Area_Planted,26576.0,ha,Actual,PL5
bb5cd0057f597f05,2012,7,An Giang,Provincial,Cultivation,Lúa,,Area_Planted,2580.0,ha,Actual,PL5
63f6c3b9c880d176,2012,7,Kiên Giang,Provincial,Cultivation,Lúa,,Area_Planted,4063.0,ha,Actual,PL5
01303d72900a2f46,2012,7,Kiên Giang,Provincial,Cultivation,Mía,,Area_Planted,4063.0,ha,Actual,PL5
63f6c3b9c880d176,2012,7,Kiên Giang,Provincial,Cultivation,Lúa,,Area_Planted,1924.0,ha,Actual,PL5
63f6c3b9c880d176,2012,7,Kiên Giang,Provincial,Cultivation,Lúa,,Area_Planted,725.0,ha,Actual,PL5
7e38ed8ebc1a4ac3,2012,7,Cần Thơ,Provincial,Cultivation,Lúa,,Area_Planted,4273.0,ha,Actual,PL5
af0b6d482a8b9670,2012,7,Cần Thơ,Provincial,Cultivation,Đậu,,Area_Planted,42.0,ha,Actual,PL5
9e1c17ee28647b9e,2012,7,Cần Thơ,Provincial,Cultivation,Lạc,,Area_Planted,30.0,ha,Actual,PL5
7e38ed8ebc1a4ac3,2012,7,Cần Thơ,Provincial,Cultivation,Lúa,,Area_Planted,4201.0,ha,Actual,PL5
7e38ed8ebc1a4ac3,2012,7,Cần Thơ,Provincial,Cultivation,Lúa,,Area_Planted,7211.0,ha,Actual,PL5
7e38ed8ebc1a4ac3,2012,7,Cần Thơ,Provincial,Cultivation,Lúa,,Area_Planted,620.0,ha,Actual,PL5
1246af89e8aecc96,2012,7,Hậu Giang,Provincial,Cultivation,Lúa,,Area_Planted,14282.0,ha,Actual,PL5
55d7338f3bc6c864,2012,7,Hậu Giang,Provincial,Cultivation,Mía,,Area_Planted,14282.0,ha,Actual,PL5
1246af89e8aecc96,2012,7,Hậu Giang,Provincial,Cultivation,Lúa,,Area_Planted,13952.0,ha,Actual,PL5
1246af89e8aecc96,2012,7,Hậu Giang,Provincial,Cultivation,Lúa,,Area_Planted,571.0,ha,Actual,PL5
66fd3b4d97eb81f3,2012,7,Sóc Trăng,Provincial,Cultivation,Lúa,,Area_Planted,13743.0,ha,Actual,PL5
0175a06bb69a35f3,2012,7,Sóc Trăng,Provincial,Cultivation,Đậu,,Area_Planted,149.0,ha,Actual,PL5
e93d4158f3ca5e54,2012,7,Sóc Trăng,Provincial,Cultivation,Lạc,,Area_Planted,134.0,ha,Actual,PL5
e04858062a9b0201,2012,7,Sóc Trăng,Provincial,Cultivation,Mía,,Area_Planted,13460.0,ha,Actual,PL5
66fd3b4d97eb81f3,2012,7,Sóc Trăng,Provincial,Cultivation,Lúa,,Area_Planted,25345.0,ha,Actual,PL5
66fd3b4d97eb81f3,2012,7,Sóc Trăng,Provincial,Cultivation,Lúa,,Area_Planted,1093.0,ha,Actual,PL5
6c7e81c787a56b74,2012,7,Bạc Liêu,Provincial,Cultivation,Lúa,,Area_Planted,8200.0,ha,Actual,PL5
9b82898b3b58e4b4,2012,7,Cà Mau,Provincial,Cultivation,Lúa,,Area_Planted,2014.0,ha,Actual,PL5
35e1541b7da67bce,2012,7,Cà Mau,Provincial,Cultivation,Mía,,Area_Planted,2014.0,ha,Actual,PL5
9b82898b3b58e4b4,2012,7,Cà Mau,Provincial,Cultivation,Lúa,,Area_Planted,3368.0,ha,Actual,PL5
9b82898b3b58e4b4,2012,7,Cà Mau,Provincial,Cultivation,Lúa,,Area_Planted,791.0,ha,Actual,PL5
609a71c9da94808c,2012,7,Cả nước,National,Forestry,Rừng,,Area,992.0,1000_ha,Estimated,PL6
754ed57911529035,2012,7,Cả nước,National,Forestry,Rừng,,Area,842.0,1000_ha,Plan,PL6
609a71c9da94808c,2012,7,Cả nước,National,Forestry,Rừng,,Area,599.0,1000_ha,Estimated,PL6
754ed57911529035,2012,7,Cả nước,National,Forestry,Rừng,,Area,91.0,1000_ha,Plan,PL6
609a71c9da94808c,2012,7,Cả nước,National,Forestry,Rừng,,Area,1040.0,1000_ha,Estimated,PL6
754ed57911529035,2012,7,Cả nước,National,Forestry,Rừng,,Area,751.0,1000_ha,Plan,PL6
609a71c9da94808c,2012,7,Cả nước,National,Forestry,Rừng,,Area,1017.0,1000_ha,Estimated,PL6
754ed57911529035,2012,7,Cả nước,National,Forestry,Rừng,,Area,2733.0,1000_ha,Plan,PL6
609a71c9da94808c,2012,7,Cả nước,National,Forestry,Rừng,,Area,1008.0,1000_ha,Estimated,PL6
754ed57911529035,2012,7,Cả nước,National,Forestry,Rừng,,Area,1241.0,1000_ha,Plan,PL6
609a71c9da94808c,2012,7,Cả nước,National,Forestry,Rừng,,Area,998.0,1000_ha,Estimated,PL6
754ed57911529035,2012,7,Cả nước,National,Forestry,Rừng,,Area,6952.0,1000_ha,Plan,PL6
609a71c9da94808c,2012,7,Cả nước,National,Forestry,Rừng,,Area,1026.0,1000_ha,Estimated,PL6
754ed57911529035,2012,7,Cả nước,National,Forestry,Rừng,,Area,21993.0,1000_ha,Plan,PL6
609a71c9da94808c,2012,7,Cả nước,National,Forestry,Rừng,,Area,1119.0,1000_ha,Estimated,PL6
754ed57911529035,2012,7,Cả nước,National,Forestry,Rừng,,Area,23490.0,1000_ha,Plan,PL6
4c69d32728e34a42,2012,1,Cả nước,National,Trade,0,Xuất khẩu,Export_Volume,3.0,1000_ton,Actual,PL8
c8abe3d6400b2bf2,2012,1,Cả nước,National,Trade,0,Xuất khẩu,Export_Value,4.0,million_USD,Actual,PL8
b0c66c16aebcd741,2012,1,Cả nước,National,Trade,I,Xuất khẩu,Export_Volume,2996.0,1000_ton,Actual,PL8
6232964843d3ea55,2012,1,Cả nước,National,Trade,I,Xuất khẩu,Export_Value,2627.0,million_USD,Actual,PL8
c5c9b9984fb5b50c,2012,1,Cả nước,National,Trade,1,Xuất khẩu,Export_Volume,1433.0,1000_ton,Actual,PL8
22fbd2193b7a8eeb,2012,1,Cả nước,National,Trade,1,Xuất khẩu,Export_Value,1289.0,million_USD,Actual,PL8
4b1d511df68290b2,2012,1,Cả nước,National,Trade,1.1,Xuất khẩu,Export_Volume,1334.0,1000_ton,Actual,PL8
b2dd89277b4c3b04,2012,1,Cả nước,National,Trade,1.1,Xuất khẩu,Export_Value,1216.0,million_USD,Actual,PL8
3d4297a5a5fb6d26,2012,1,Cả nước,National,Trade,1.2,Xuất khẩu,Export_Volume,99.0,1000_ton,Actual,PL8
776e98f5ea9cef4c,2012,1,Cả nước,National,Trade,1.2,Xuất khẩu,Export_Value,73.0,million_USD,Actual,PL8
ab27cef591a69fcd,2012,1,Cả nước,National,Trade,2,Xuất khẩu,Export_Volume,1563.0,1000_ton,Actual,PL8
4e870957eb43ec2c,2012,1,Cả nước,National,Trade,2,Xuất khẩu,Export_Value,1338.0,million_USD,Actual,PL8
f7ab1b9d38149140,2011,8,1. Thu hoạch lúa hè thu miền Nam,Provincial,Cultivation,Unknown,,Area_Planted,12210.0,1000_ha,Actual,PL1
60030f9785ef3da9,2012,8,1. Thu hoạch lúa hè thu miền Nam,Provincial,Cultivation,Unknown,,Area_Planted,13366.0,1000_ha,Actual,PL1
46393d0d04c4b868,2011,8,2. Gieo cấy lúa mùa cả nước,Provincial,Cultivation,Unknown,,Area_Planted,14327.0,1000_ha,Actual,PL1
5b126406a5ed85ab,2012,8,2. Gieo cấy lúa mùa cả nước,Provincial,Cultivation,Unknown,,Area_Planted,13293.0,1000_ha,Actual,PL1
483dbe300bdfb080,2011,8,- Miền Nam,Provincial,Cultivation,Unknown,,Area_Planted,2928.0,1000_ha,Actual,PL1
1961b70cd7eeff7b,2012,8,- Miền Nam,Provincial,Cultivation,Unknown,,Area_Planted,2015.0,1000_ha,Actual,PL1
cddb0fae5b00d9ea,2011,8,3.1 Gieo trồng màu lương thực,Provincial,Cultivation,Màu lương thực,,Area_Planted,16120.0,1000_ha,Actual,PL1
23423857dfa08ac5,2012,8,3.1 Gieo trồng màu lương thực,Provincial,Cultivation,Màu lương thực,,Area_Planted,14876.0,1000_ha,Actual,PL1
539eec1428e37b62,2011,8,- Khoai lang,Provincial,Cultivation,Khoai lang,,Area_Planted,1316.0,1000_ha,Actual,PL1
97b968410dbfbd22,2012,8,- Khoai lang,Provincial,Cultivation,Khoai lang,,Area_Planted,1222.0,1000_ha,Actual,PL1
ee6b620ecd97e265,2011,8,- Sắn,Provincial,Cultivation,Sắn,,Area_Planted,4842.0,1000_ha,Actual,PL1
763cb5fb673ed406,2012,8,- Sắn,Provincial,Cultivation,Sắn,,Area_Planted,4571.0,1000_ha,Actual,PL1
a3d97bcdc3657fd5,2011,8,3.2 Gieo trồng cây công nghiệp ngắn ngày,Provincial,Cultivation,Cây công nghiệp ngắn ngày,,Area_Planted,6482.0,1000_ha,Actual,PL1
bf8cb300b8e91dd8,2012,8,3.2 Gieo trồng cây công nghiệp ngắn ngày,Provincial,Cultivation,Cây công nghiệp ngắn ngày,,Area_Planted,5430.0,1000_ha,Actual,PL1
3907120664ff2276,2011,8,- Đậu tương,Provincial,Cultivation,Đậu tương,,Area_Planted,1682.0,1000_ha,Actual,PL1
a0aca5cf3afd3055,2012,8,- Đậu tương,Provincial,Cultivation,Đậu tương,,Area_Planted,1149.0,1000_ha,Actual,PL1
495121462c0247dc,2011,8,- Thuốc lá,Provincial,Cultivation,Unknown,,Area_Planted,198.0,1000_ha,Actual,PL1
55b7e50c0cb0c929,2012,8,- Thuốc lá,Provincial,Cultivation,Unknown,,Area_Planted,206.0,1000_ha,Actual,PL1
0a05c12c92046360,2011,8,"3.3 Gieo trồng rau, đậu các loại",Provincial,Cultivation,Rau đậu,,Area_Planted,6627.0,1000_ha,Actual,PL1
9f0e7ef92dc69041,2012,8,"3.3 Gieo trồng rau, đậu các loại",Provincial,Cultivation,Rau đậu,,Area_Planted,7060.0,1000_ha,Actual,PL1
bf82c1e915b3ff20,2012,8,Miền Bắc,Provincial,Cultivation,Lúa,,Area_Planted,1127776.0,ha,Actual,PL2
bf82c1e915b3ff20,2012,8,Miền Bắc,Provincial,Cultivation,Lúa,,Area_Planted,169038.0,ha,Actual,PL2
bf82c1e915b3ff20,2012,8,Miền Bắc,Provincial,Cultivation,Lúa,,Area_Planted,843926.0,ha,Actual,PL2
d65f399068b95b69,2012,8,Miền Bắc,Provincial,Cultivation,Ngô,,Area_Planted,588148.0,ha,Actual,PL2
00a0f8cb9747556e,2012,8,Miền Bắc,Provincial,Cultivation,Khoai lang,,Area_Planted,86579.0,ha,Actual,PL2
a1cb76e4ea66cd00,2012,8,Miền Bắc,Provincial,Cultivation,Sắn,,Area_Planted,153695.0,ha,Actual,PL2
bf82c1e915b3ff20,2012,8,Miền Bắc,Provincial,Cultivation,Lúa,,Area_Planted,15505.0,ha,Actual,PL2
19784efe697e0e45,2012,8,ĐB sông Hồng,Provincial,Cultivation,Lúa,,Area_Planted,570603.0,ha,Actual,PL2
19784efe697e0e45,2012,8,ĐB sông Hồng,Provincial,Cultivation,Lúa,,Area_Planted,111902.0,ha,Actual,PL2
fcd9fa2a2e2beb3d,2012,8,ĐB sông Hồng,Provincial,Cultivation,Ngô,,Area_Planted,78341.0,ha,Actual,PL2
968d41f1ff196ba5,2012,8,ĐB sông Hồng,Provincial,Cultivation,Khoai lang,,Area_Planted,23333.0,ha,Actual,PL2
80f96998f0d186f7,2012,8,ĐB sông Hồng,Provincial,Cultivation,Sắn,,Area_Planted,5297.0,ha,Actual,PL2
19784efe697e0e45,2012,8,ĐB sông Hồng,Provincial,Cultivation,Lúa,,Area_Planted,4931.0,ha,Actual,PL2
06016099fa07f7ce,2012,8,Hà Nội,Provincial,Cultivation,Lúa,,Area_Planted,100000.0,ha,Actual,PL2
06016099fa07f7ce,2012,8,Hà Nội,Provincial,Cultivation,Lúa,,Area_Planted,28156.0,ha,Actual,PL2
ffe20110d62af84f,2012,8,Hà Nội,Provincial,Cultivation,Ngô,,Area_Planted,21251.0,ha,Actual,PL2
a53886f5e9305a94,2012,8,Hà Nội,Provincial,Cultivation,Khoai lang,,Area_Planted,4505.0,ha,Actual,PL2
b95f69bc7c0e997f,2012,8,Hà Nội,Provincial,Cultivation,Sắn,,Area_Planted,818.0,ha,Actual,PL2
06016099fa07f7ce,2012,8,Hà Nội,Provincial,Cultivation,Lúa,,Area_Planted,1582.0,ha,Actual,PL2
18199fce26bf9af8,2012,8,Hải Phòng,Provincial,Cultivation,Lúa,,Area_Planted,40500.0,ha,Actual,PL2
18199fce26bf9af8,2012,8,Hải Phòng,Provincial,Cultivation,Lúa,,Area_Planted,3400.0,ha,Actual,PL2
481e5a35d53393c1,2012,8,Hải Phòng,Provincial,Cultivation,Ngô,,Area_Planted,2000.0,ha,Actual,PL2
4f985c61b321882b,2012,8,Hải Phòng,Provincial,Cultivation,Khoai lang,,Area_Planted,1400.0,ha,Actual,PL2
fb1891875ffb17d1,2012,8,Vĩnh Phúc,Provincial,Cultivation,Lúa,,Area_Planted,28032.0,ha,Actual,PL2
fb1891875ffb17d1,2012,8,Vĩnh Phúc,Provincial,Cultivation,Lúa,,Area_Planted,16690.0,ha,Actual,PL2
4f03ab5725df4d91,2012,8,Vĩnh Phúc,Provincial,Cultivation,Ngô,,Area_Planted,12262.0,ha,Actual,PL2
f14d4f97f61801f4,2012,8,Vĩnh Phúc,Provincial,Cultivation,Khoai lang,,Area_Planted,2405.0,ha,Actual,PL2
06412db4db9ca994,2012,8,Vĩnh Phúc,Provincial,Cultivation,Sắn,,Area_Planted,1864.0,ha,Actual,PL2
fb1891875ffb17d1,2012,8,Vĩnh Phúc,Provincial,Cultivation,Lúa,,Area_Planted,159.0,ha,Actual,PL2
8bd04b46d4fe861d,2012,8,Bắc Ninh,Provincial,Cultivation,Lúa,,Area_Planted,36663.0,ha,Actual,PL2
8bd04b46d4fe861d,2012,8,Bắc Ninh,Provincial,Cultivation,Lúa,,Area_Planted,4536.0,ha,Actual,PL2
610e457111540dbc,2012,8,Bắc Ninh,Provincial,Cultivation,Ngô,,Area_Planted,3901.0,ha,Actual,PL2
e47987c36d3a1b61,2012,8,Bắc Ninh,Provincial,Cultivation,Khoai lang,,Area_Planted,635.0,ha,Actual,PL2
000a27858d80596e,2012,8,Hải Dương,Provincial,Cultivation,Lúa,,Area_Planted,62500.0,ha,Actual,PL2
000a27858d80596e,2012,8,Hải Dương,Provincial,Cultivation,Lúa,,Area_Planted,1575.0,ha,Actual,PL2
27a87e72d25b9a52,2012,8,Hải Dương,Provincial,Cultivation,Ngô,,Area_Planted,1120.0,ha,Actual,PL2
55774a94769e58a9,2012,8,Hải Dương,Provincial,Cultivation,Khoai lang,,Area_Planted,455.0,ha,Actual,PL2
332c7c1d35b7ef60,2012,8,Hưng Yên,Provincial,Cultivation,Lúa,,Area_Planted,41003.0,ha,Actual,PL2
332c7c1d35b7ef60,2012,8,Hưng Yên,Provincial,Cultivation,Lúa,,Area_Planted,8156.0,ha,Actual,PL2
151a8617e75a804b,2012,8,Hưng Yên,Provincial,Cultivation,Ngô,,Area_Planted,7542.0,ha,Actual,PL2
2d89a657f4ae4a7f,2012,8,Hưng Yên,Provincial,Cultivation,Khoai lang,,Area_Planted,614.0,ha,Actual,PL2
b730d4a2ad809e39,2012,8,Hà Nam,Provincial,Cultivation,Lúa,,Area_Planted,35000.0,ha,Actual,PL2
b730d4a2ad809e39,2012,8,Hà Nam,Provincial,Cultivation,Lúa,,Area_Planted,5373.0,ha,Actual,PL2
14b60c843d6deb66,2012,8,Hà Nam,Provincial,Cultivation,Ngô,,Area_Planted,4467.0,ha,Actual,PL2
28062c9169747281,2012,8,Hà Nam,Provincial,Cultivation,Khoai lang,,Area_Planted,581.0,ha,Actual,PL2
333cd97675814e21,2012,8,Hà Nam,Provincial,Cultivation,Sắn,,Area_Planted,325.0,ha,Actual,PL2
e1f41eef22af5490,2012,8,Nam Định,Provincial,Cultivation,Lúa,,Area_Planted,79270.0,ha,Actual,PL2
e1f41eef22af5490,2012,8,Nam Định,Provincial,Cultivation,Lúa,,Area_Planted,7982.0,ha,Actual,PL2
5a2e8c821463af91,2012,8,Nam Định,Provincial,Cultivation,Ngô,,Area_Planted,4290.0,ha,Actual,PL2
af25292dd513b57d,2012,8,Nam Định,Provincial,Cultivation,Khoai lang,,Area_Planted,2072.0,ha,Actual,PL2
3f6d1aa6a024a1d4,2012,8,Nam Định,Provincial,Cultivation,Sắn,,Area_Planted,309.0,ha,Actual,PL2
e1f41eef22af5490,2012,8,Nam Định,Provincial,Cultivation,Lúa,,Area_Planted,1311.0,ha,Actual,PL2
9b3baf56f2196567,2012,8,Thái Bình,Provincial,Cultivation,Lúa,,Area_Planted,82239.0,ha,Actual,PL2
9b3baf56f2196567,2012,8,Thái Bình,Provincial,Cultivation,Lúa,,Area_Planted,15343.0,ha,Actual,PL2
81628ddfec9325fc,2012,8,Thái Bình,Provincial,Cultivation,Ngô,,Area_Planted,10080.0,ha,Actual,PL2
23a180d82bddfd64,2012,8,Thái Bình,Provincial,Cultivation,Khoai lang,,Area_Planted,4059.0,ha,Actual,PL2
4b5cdd1edc2f9dd9,2012,8,Thái Bình,Provincial,Cultivation,Sắn,,Area_Planted,48.0,ha,Actual,PL2
9b3baf56f2196567,2012,8,Thái Bình,Provincial,Cultivation,Lúa,,Area_Planted,1156.0,ha,Actual,PL2
b1ad36ddfba960cb,2012,8,Ninh Bình,Provincial,Cultivation,Lúa,,Area_Planted,39338.0,ha,Actual,PL2
b1ad36ddfba960cb,2012,8,Ninh Bình,Provincial,Cultivation,Lúa,,Area_Planted,9431.0,ha,Actual,PL2
fd3aef24b1aa8564,2012,8,Ninh Bình,Provincial,Cultivation,Ngô,,Area_Planted,5561.0,ha,Actual,PL2
d3bf6d32a1bf9b0c,2012,8,Ninh Bình,Provincial,Cultivation,Khoai lang,,Area_Planted,2442.0,ha,Actual,PL2
f8dd0b3c94da68a0,2012,8,Ninh Bình,Provincial,Cultivation,Sắn,,Area_Planted,907.0,ha,Actual,PL2
b1ad36ddfba960cb,2012,8,Ninh Bình,Provincial,Cultivation,Lúa,,Area_Planted,521.0,ha,Actual,PL2
48c9e97747b2377a,2012,8,Quảng Ninh,Provincial,Cultivation,Lúa,,Area_Planted,26058.0,ha,Actual,PL2
48c9e97747b2377a,2012,8,Quảng Ninh,Provincial,Cultivation,Lúa,,Area_Planted,11260.0,ha,Actual,PL2
c9e65a91f7f86184,2012,8,Quảng Ninh,Provincial,Cultivation,Ngô,,Area_Planted,5867.0,ha,Actual,PL2
17c53d0d460f9737,2012,8,Quảng Ninh,Provincial,Cultivation,Khoai lang,,Area_Planted,4165.0,ha,Actual,PL2
2f477b2a17fdc48b,2012,8,Quảng Ninh,Provincial,Cultivation,Sắn,,Area_Planted,1026.0,ha,Actual,PL2
48c9e97747b2377a,2012,8,Quảng Ninh,Provincial,Cultivation,Lúa,,Area_Planted,202.0,ha,Actual,PL2
7159a09c8ac983dc,2012,8,TD và MN,Provincial,Cultivation,Lúa,,Area_Planted,379557.0,ha,Actual,PL2
7159a09c8ac983dc,2012,8,TD và MN,Provincial,Cultivation,Lúa,,Area_Planted,520216.0,ha,Actual,PL2
b931a3970b2b24a2,2012,8,TD và MN,Provincial,Cultivation,Ngô,,Area_Planted,389220.0,ha,Actual,PL2
67b6c468e8d4c775,2012,8,TD và MN,Provincial,Cultivation,Khoai lang,,Area_Planted,30056.0,ha,Actual,PL2
c0f73e451b9338a5,2012,8,TD và MN,Provincial,Cultivation,Sắn,,Area_Planted,93206.0,ha,Actual,PL2
7159a09c8ac983dc,2012,8,TD và MN,Provincial,Cultivation,Lúa,,Area_Planted,7735.0,ha,Actual,PL2
b0a80235c7bffc7e,2012,8,Hà Giang,Provincial,Cultivation,Lúa,,Area_Planted,26000.0,ha,Actual,PL2
b0a80235c7bffc7e,2012,8,Hà Giang,Provincial,Cultivation,Lúa,,Area_Planted,58773.0,ha,Actual,PL2
0abe83f2f017b551,2012,8,Hà Giang,Provincial,Cultivation,Ngô,,Area_Planted,50503.0,ha,Actual,PL2
b2f2ff3ae340782a,2012,8,Hà Giang,Provincial,Cultivation,Khoai lang,,Area_Planted,587.0,ha,Actual,PL2
7ff9e9f6e4d102cb,2012,8,Hà Giang,Provincial,Cultivation,Sắn,,Area_Planted,4812.0,ha,Actual,PL2
b0a80235c7bffc7e,2012,8,Hà Giang,Provincial,Cultivation,Lúa,,Area_Planted,2872.0,ha,Actual,PL2
05a0a592ad2321f9,2012,8,Cao Bằng,Provincial,Cultivation,Lúa,,Area_Planted,26086.0,ha,Actual,PL2
05a0a592ad2321f9,2012,8,Cao Bằng,Provincial,Cultivation,Lúa,,Area_Planted,40319.0,ha,Actual,PL2
734315289d59cb32,2012,8,Cao Bằng,Provincial,Cultivation,Ngô,,Area_Planted,37357.0,ha,Actual,PL2
edc5bddded36f8e7,2012,8,Cao Bằng,Provincial,Cultivation,Khoai lang,,Area_Planted,776.0,ha,Actual,PL2
491eae3f618d33d9,2012,8,Cao Bằng,Provincial,Cultivation,Sắn,,Area_Planted,1958.0,ha,Actual,PL2
05a0a592ad2321f9,2012,8,Cao Bằng,Provincial,Cultivation,Lúa,,Area_Planted,228.0,ha,Actual,PL2
8869a426ce20a3b6,2012,8,Lào Cai,Provincial,Cultivation,Lúa,,Area_Planted,20022.0,ha,Actual,PL2
8869a426ce20a3b6,2012,8,Lào Cai,Provincial,Cultivation,Lúa,,Area_Planted,30379.0,ha,Actual,PL2
4afdff0edef36524,2012,8,Lào Cai,Provincial,Cultivation,Ngô,,Area_Planted,29763.0,ha,Actual,PL2
a0882cab268bab6a,2012,8,Lào Cai,Provincial,Cultivation,Khoai lang,,Area_Planted,566.0,ha,Actual,PL2
9b06b7ac2ac0b562,2012,8,Lào Cai,Provincial,Cultivation,Sắn,,Area_Planted,50.0,ha,Actual,PL2
51f773fc529cc6f2,2012,8,Bắc Cạn,Provincial,Cultivation,Lúa,,Area_Planted,13760.0,ha,Actual,PL2
51f773fc529cc6f2,2012,8,Bắc Cạn,Provincial,Cultivation,Lúa,,Area_Planted,17872.0,ha,Actual,PL2
a0c9e7d02a0738ee,2012,8,Bắc Cạn,Provincial,Cultivation,Ngô,,Area_Planted,14250.0,ha,Actual,PL2
c84ad3910c7ac797,2012,8,Bắc Cạn,Provincial,Cultivation,Khoai lang,,Area_Planted,435.0,ha,Actual,PL2
795dc43a221af459,2012,8,Bắc Cạn,Provincial,Cultivation,Sắn,,Area_Planted,1346.0,ha,Actual,PL2
51f773fc529cc6f2,2012,8,Bắc Cạn,Provincial,Cultivation,Lúa,,Area_Planted,1841.0,ha,Actual,PL2
6d83b94d89f56704,2012,8,Lạng Sơn,Provincial,Cultivation,Lúa,,Area_Planted,34150.0,ha,Actual,PL2
6d83b94d89f56704,2012,8,Lạng Sơn,Provincial,Cultivation,Lúa,,Area_Planted,23537.0,ha,Actual,PL2
004e917b145dd3e1,2012,8,Lạng Sơn,Provincial,Cultivation,Ngô,,Area_Planted,16297.0,ha,Actual,PL2
fdb5123be3a65a62,2012,8,Lạng Sơn,Provincial,Cultivation,Khoai lang,,Area_Planted,694.0,ha,Actual,PL2
cbf03c13d140a70b,2012,8,Lạng Sơn,Provincial,Cultivation,Sắn,,Area_Planted,5974.0,ha,Actual,PL2
6d83b94d89f56704,2012,8,Lạng Sơn,Provincial,Cultivation,Lúa,,Area_Planted,572.0,ha,Actual,PL2
0222302c8e6a1c46,2012,8,Tuyên Quang,Provincial,Cultivation,Lúa,,Area_Planted,25544.0,ha,Actual,PL2
0222302c8e6a1c46,2012,8,Tuyên Quang,Provincial,Cultivation,Lúa,,Area_Planted,12713.0,ha,Actual,PL2
626625a088160610,2012,8,Tuyên Quang,Provincial,Cultivation,Ngô,,Area_Planted,10466.0,ha,Actual,PL2
6ae4f9c997849294,2012,8,Tuyên Quang,Provincial,Cultivation,Khoai lang,,Area_Planted,2247.0,ha,Actual,PL2
eec211f088a4499f,2012,8,Yên Bái,Provincial,Cultivation,Lúa,,Area_Planted,20687.0,ha,Actual,PL2
eec211f088a4499f,2012,8,Yên Bái,Provincial,Cultivation,Lúa,,Area_Planted,39863.0,ha,Actual,PL2
2ee79a70a59edc81,2012,8,Yên Bái,Provincial,Cultivation,Ngô,,Area_Planted,21036.0,ha,Actual,PL2
8a593cae1637ca7d,2012,8,Yên Bái,Provincial,Cultivation,Khoai lang,,Area_Planted,2653.0,ha,Actual,PL2
610bcc9648e0ef9f,2012,8,Yên Bái,Provincial,Cultivation,Sắn,,Area_Planted,16174.0,ha,Actual,PL2
b941bc3cbef5c2ae,2012,8,Thái Nguyên,Provincial,Cultivation,Lúa,,Area_Planted,40791.0,ha,Actual,PL2
b941bc3cbef5c2ae,2012,8,Thái Nguyên,Provincial,Cultivation,Lúa,,Area_Planted,26710.0,ha,Actual,PL2
4a5d80522c5912b0,2012,8,Thái Nguyên,Provincial,Cultivation,Ngô,,Area_Planted,16413.0,ha,Actual,PL2
b98d49befdf21004,2012,8,Thái Nguyên,Provincial,Cultivation,Khoai lang,,Area_Planted,6322.0,ha,Actual,PL2
32421c8ea1316069,2012,8,Thái Nguyên,Provincial,Cultivation,Sắn,,Area_Planted,3720.0,ha,Actual,PL2
b941bc3cbef5c2ae,2012,8,Thái Nguyên,Provincial,Cultivation,Lúa,,Area_Planted,255.0,ha,Actual,PL2
9ba603c99e724eb1,2012,8,Phú Thọ,Provincial,Cultivation,Lúa,,Area_Planted,33593.0,ha,Actual,PL2
9ba603c99e724eb1,2012,8,Phú Thọ,Provincial,Cultivation,Lúa,,Area_Planted,29223.0,ha,Actual,PL2
87ef6645d2d26ef0,2012,8,Phú Thọ,Provincial,Cultivation,Ngô,,Area_Planted,17419.0,ha,Actual,PL2
4a81a7b4407fd330,2012,8,Phú Thọ,Provincial,Cultivation,Khoai lang,,Area_Planted,2606.0,ha,Actual,PL2
a6e64b2194a13288,2012,8,Phú Thọ,Provincial,Cultivation,Sắn,,Area_Planted,9198.0,ha,Actual,PL2
bae5fef8882c1d7e,2012,8,Bắc Giang,Provincial,Cultivation,Lúa,,Area_Planted,57741.0,ha,Actual,PL2
bae5fef8882c1d7e,2012,8,Bắc Giang,Provincial,Cultivation,Lúa,,Area_Planted,21564.0,ha,Actual,PL2
2c45c2507871ebf9,2012,8,Bắc Giang,Provincial,Cultivation,Ngô,,Area_Planted,8351.0,ha,Actual,PL2
036d25eb2e8350c0,2012,8,Bắc Giang,Provincial,Cultivation,Khoai lang,,Area_Planted,6726.0,ha,Actual,PL2
730131815f2e519b,2012,8,Bắc Giang,Provincial,Cultivation,Sắn,,Area_Planted,5753.0,ha,Actual,PL2
bae5fef8882c1d7e,2012,8,Bắc Giang,Provincial,Cultivation,Lúa,,Area_Planted,734.0,ha,Actual,PL2
2d86648616cc9bb4,2012,8,Lai Châu,Provincial,Cultivation,Lúa,,Area_Planted,23430.0,ha,Actual,PL2
2d86648616cc9bb4,2012,8,Lai Châu,Provincial,Cultivation,Lúa,,Area_Planted,23746.0,ha,Actual,PL2
0672a7e20c680996,2012,8,Lai Châu,Provincial,Cultivation,Ngô,,Area_Planted,19945.0,ha,Actual,PL2
6fe334af361465ee,2012,8,Lai Châu,Provincial,Cultivation,Khoai lang,,Area_Planted,850.0,ha,Actual,PL2
7d303bc6731ac88b,2012,8,Lai Châu,Provincial,Cultivation,Sắn,,Area_Planted,2951.0,ha,Actual,PL2
cd68c9fa68adb7bb,2012,8,Điện Biên,Provincial,Cultivation,Lúa,,Area_Planted,16283.0,ha,Actual,PL2
cd68c9fa68adb7bb,2012,8,Điện Biên,Provincial,Cultivation,Lúa,,Area_Planted,34355.0,ha,Actual,PL2
b5cb7139b7336752,2012,8,Điện Biên,Provincial,Cultivation,Ngô,,Area_Planted,26973.0,ha,Actual,PL2
ec585587715963e3,2012,8,Điện Biên,Provincial,Cultivation,Khoai lang,,Area_Planted,345.0,ha,Actual,PL2
83f87d2690c54029,2012,8,Điện Biên,Provincial,Cultivation,Sắn,,Area_Planted,7037.0,ha,Actual,PL2
a820f488fdc09f16,2012,8,Sơn La,Provincial,Cultivation,Lúa,,Area_Planted,17792.0,ha,Actual,PL2
a820f488fdc09f16,2012,8,Sơn La,Provincial,Cultivation,Lúa,,Area_Planted,110459.0,ha,Actual,PL2
2f6bc2a333b204c9,2012,8,Sơn La,Provincial,Cultivation,Ngô,,Area_Planted,87837.0,ha,Actual,PL2
0a217052b200ba1c,2012,8,Sơn La,Provincial,Cultivation,Khoai lang,,Area_Planted,361.0,ha,Actual,PL2
c07c7115ffedc9d6,2012,8,Sơn La,Provincial,Cultivation,Sắn,,Area_Planted,22028.0,ha,Actual,PL2
a820f488fdc09f16,2012,8,Sơn La,Provincial,Cultivation,Lúa,,Area_Planted,233.0,ha,Actual,PL2
7a72a28751808a81,2012,8,Hoà Bình,Provincial,Cultivation,Lúa,,Area_Planted,23678.0,ha,Actual,PL2
7a72a28751808a81,2012,8,Hoà Bình,Provincial,Cultivation,Lúa,,Area_Planted,50704.0,ha,Actual,PL2
46e7f5853af66ed6,2012,8,Hoà Bình,Provincial,Cultivation,Ngô,,Area_Planted,32610.0,ha,Actual,PL2
dd2ca9d7b1d32a5e,2012,8,Hoà Bình,Provincial,Cultivation,Khoai lang,,Area_Planted,4889.0,ha,Actual,PL2
b5888a0a7b9bbecf,2012,8,Hoà Bình,Provincial,Cultivation,Sắn,,Area_Planted,12205.0,ha,Actual,PL2
7a72a28751808a81,2012,8,Hoà Bình,Provincial,Cultivation,Lúa,,Area_Planted,1000.0,ha,Actual,PL2
a7d6a694e3140479,2012,8,Bắc Trung Bộ,Provincial,Cultivation,Lúa,,Area_Planted,177616.0,ha,Actual,PL2
a7d6a694e3140479,2012,8,Bắc Trung Bộ,Provincial,Cultivation,Lúa,,Area_Planted,169038.0,ha,Actual,PL2
a7d6a694e3140479,2012,8,Bắc Trung Bộ,Provincial,Cultivation,Lúa,,Area_Planted,211808.0,ha,Actual,PL2
421d841e75795ab3,2012,8,Bắc Trung Bộ,Provincial,Cultivation,Ngô,,Area_Planted,120588.0,ha,Actual,PL2
9500f8d2d895339c,2012,8,Bắc Trung Bộ,Provincial,Cultivation,Khoai lang,,Area_Planted,33190.0,ha,Actual,PL2
72908bb62e6242ed,2012,8,Bắc Trung Bộ,Provincial,Cultivation,Sắn,,Area_Planted,55192.0,ha,Actual,PL2
a7d6a694e3140479,2012,8,Bắc Trung Bộ,Provincial,Cultivation,Lúa,,Area_Planted,2839.0,ha,Actual,PL2
0af653d648881d44,2012,8,Thanh Hoá,Provincial,Cultivation,Lúa,,Area_Planted,134127.0,ha,Actual,PL2
0af653d648881d44,2012,8,Thanh Hoá,Provincial,Cultivation,Lúa,,Area_Planted,75285.0,ha,Actual,PL2
4346e4429b49da8f,2012,8,Thanh Hoá,Provincial,Cultivation,Ngô,,Area_Planted,49077.0,ha,Actual,PL2
fefc30981493e240,2012,8,Thanh Hoá,Provincial,Cultivation,Khoai lang,,Area_Planted,10151.0,ha,Actual,PL2
941c2b40183fe618,2012,8,Thanh Hoá,Provincial,Cultivation,Sắn,,Area_Planted,15110.0,ha,Actual,PL2
0af653d648881d44,2012,8,Thanh Hoá,Provincial,Cultivation,Lúa,,Area_Planted,948.0,ha,Actual,PL2
b89ba426c25bae62,2012,8,Nghệ An,Provincial,Cultivation,Lúa,,Area_Planted,38100.0,ha,Actual,PL2
b89ba426c25bae62,2012,8,Nghệ An,Provincial,Cultivation,Lúa,,Area_Planted,59439.0,ha,Actual,PL2
b89ba426c25bae62,2012,8,Nghệ An,Provincial,Cultivation,Lúa,,Area_Planted,83097.0,ha,Actual,PL2
a3bf5063dcf3baa1,2012,8,Nghệ An,Provincial,Cultivation,Ngô,,Area_Planted,54001.0,ha,Actual,PL2
d4733e7b9466067e,2012,8,Nghệ An,Provincial,Cultivation,Khoai lang,,Area_Planted,9189.0,ha,Actual,PL2
2c453a04b094c31c,2012,8,Nghệ An,Provincial,Cultivation,Sắn,,Area_Planted,18016.0,ha,Actual,PL2
b89ba426c25bae62,2012,8,Nghệ An,Provincial,Cultivation,Lúa,,Area_Planted,1891.0,ha,Actual,PL2
5e4023d440c5899b,2012,8,Hà Tĩnh,Provincial,Cultivation,Lúa,,Area_Planted,3189.0,ha,Actual,PL2
5e4023d440c5899b,2012,8,Hà Tĩnh,Provincial,Cultivation,Lúa,,Area_Planted,40378.0,ha,Actual,PL2
5e4023d440c5899b,2012,8,Hà Tĩnh,Provincial,Cultivation,Lúa,,Area_Planted,14776.0,ha,Actual,PL2
b803b39a80b9a164,2012,8,Hà Tĩnh,Provincial,Cultivation,Ngô,,Area_Planted,7926.0,ha,Actual,PL2
a16dc79c378db9e1,2012,8,Hà Tĩnh,Provincial,Cultivation,Khoai lang,,Area_Planted,5350.0,ha,Actual,PL2
9c14ca6ea50d5d8b,2012,8,Hà Tĩnh,Provincial,Cultivation,Sắn,,Area_Planted,1500.0,ha,Actual,PL2
c4e442fd8bc4ae6b,2012,8,Quảng Bình,Provincial,Cultivation,Lúa,,Area_Planted,22000.0,ha,Actual,PL2
c4e442fd8bc4ae6b,2012,8,Quảng Bình,Provincial,Cultivation,Lúa,,Area_Planted,14125.0,ha,Actual,PL2
1843fcf2417953d5,2012,8,Quảng Bình,Provincial,Cultivation,Ngô,,Area_Planted,4325.0,ha,Actual,PL2
98f6fc35dccbe26b,2012,8,Quảng Bình,Provincial,Cultivation,Khoai lang,,Area_Planted,4000.0,ha,Actual,PL2
1716a2a3013b7c81,2012,8,Quảng Bình,Provincial,Cultivation,Sắn,,Area_Planted,5800.0,ha,Actual,PL2
eedea468b22374dc,2012,8,Quảng Trị,Provincial,Cultivation,Lúa,,Area_Planted,2200.0,ha,Actual,PL2
eedea468b22374dc,2012,8,Quảng Trị,Provincial,Cultivation,Lúa,,Area_Planted,21450.0,ha,Actual,PL2
eedea468b22374dc,2012,8,Quảng Trị,Provincial,Cultivation,Lúa,,Area_Planted,14812.0,ha,Actual,PL2
f1d2c7651ed17de0,2012,8,Quảng Trị,Provincial,Cultivation,Ngô,,Area_Planted,3946.0,ha,Actual,PL2
0a05e394f3f7a87b,2012,8,Quảng Trị,Provincial,Cultivation,Khoai lang,,Area_Planted,2000.0,ha,Actual,PL2
d681fd2d477cff26,2012,8,Quảng Trị,Provincial,Cultivation,Sắn,,Area_Planted,8866.0,ha,Actual,PL2
250e23cd74a9316f,2012,8,Thừa Thiên Huế,Provincial,Cultivation,Lúa,,Area_Planted,25771.0,ha,Actual,PL2
250e23cd74a9316f,2012,8,Thừa Thiên Huế,Provincial,Cultivation,Lúa,,Area_Planted,9713.0,ha,Actual,PL2
a39e21f6466f07fd,2012,8,Thừa Thiên Huế,Provincial,Cultivation,Ngô,,Area_Planted,1313.0,ha,Actual,PL2
fb6b587e8230d2df,2012,8,Thừa Thiên Huế,Provincial,Cultivation,Khoai lang,,Area_Planted,2500.0,ha,Actual,PL2
7d3f914f47ede520,2012,8,Thừa Thiên Huế,Provincial,Cultivation,Sắn,,Area_Planted,5900.0,ha,Actual,PL2
bf82c1e915b3ff20,2012,8,Miền Bắc,Provincial,Cultivation,Lúa,,Area_Planted,307186.0,ha,Actual,PL3
bf82c1e915b3ff20,2012,8,Miền Bắc,Provincial,Cultivation,Lúa,,Area_Planted,102316.0,ha,Actual,PL3
bf82c1e915b3ff20,2012,8,Miền Bắc,Provincial,Cultivation,Lúa,,Area_Planted,140025.0,ha,Actual,PL3
bf82c1e915b3ff20,2012,8,Miền Bắc,Provincial,Cultivation,Lúa,,Area_Planted,16019.0,ha,Actual,PL3
bf82c1e915b3ff20,2012,8,Miền Bắc,Provincial,Cultivation,Lúa,,Area_Planted,21489.0,ha,Actual,PL3
bf82c1e915b3ff20,2012,8,Miền Bắc,Provincial,Cultivation,Lúa,,Area_Planted,27337.0,ha,Actual,PL3
90218d9832a52aab,2012,8,Miền Bắc,Provincial,Cultivation,Rau,,Area_Planted,286478.0,ha,Actual,PL3
19784efe697e0e45,2012,8,ĐB sông Hồng,Provincial,Cultivation,Lúa,,Area_Planted,80342.0,ha,Actual,PL3
19784efe697e0e45,2012,8,ĐB sông Hồng,Provincial,Cultivation,Lúa,,Area_Planted,42875.0,ha,Actual,PL3
19784efe697e0e45,2012,8,ĐB sông Hồng,Provincial,Cultivation,Lúa,,Area_Planted,26940.0,ha,Actual,PL3
19784efe697e0e45,2012,8,ĐB sông Hồng,Provincial,Cultivation,Lúa,,Area_Planted,2155.0,ha,Actual,PL3
19784efe697e0e45,2012,8,ĐB sông Hồng,Provincial,Cultivation,Lúa,,Area_Planted,1557.0,ha,Actual,PL3
19784efe697e0e45,2012,8,ĐB sông Hồng,Provincial,Cultivation,Lúa,,Area_Planted,6815.0,ha,Actual,PL3
4085259896039a4e,2012,8,ĐB sông Hồng,Provincial,Cultivation,Rau,,Area_Planted,153295.0,ha,Actual,PL3
06016099fa07f7ce,2012,8,Hà Nội,Provincial,Cultivation,Lúa,,Area_Planted,17102.0,ha,Actual,PL3
06016099fa07f7ce,2012,8,Hà Nội,Provincial,Cultivation,Lúa,,Area_Planted,11997.0,ha,Actual,PL3
06016099fa07f7ce,2012,8,Hà Nội,Provincial,Cultivation,Lúa,,Area_Planted,5105.0,ha,Actual,PL3
54f3365ef07644e3,2012,8,Hà Nội,Provincial,Cultivation,Rau,,Area_Planted,29038.0,ha,Actual,PL3
18199fce26bf9af8,2012,8,Hải Phòng,Provincial,Cultivation,Lúa,,Area_Planted,3691.0,ha,Actual,PL3
18199fce26bf9af8,2012,8,Hải Phòng,Provincial,Cultivation,Lúa,,Area_Planted,34.0,ha,Actual,PL3
18199fce26bf9af8,2012,8,Hải Phòng,Provincial,Cultivation,Lúa,,Area_Planted,118.0,ha,Actual,PL3
18199fce26bf9af8,2012,8,Hải Phòng,Provincial,Cultivation,Lúa,,Area_Planted,2155.0,ha,Actual,PL3
18199fce26bf9af8,2012,8,Hải Phòng,Provincial,Cultivation,Lúa,,Area_Planted,1385.0,ha,Actual,PL3
5e081781046f02ab,2012,8,Hải Phòng,Provincial,Cultivation,Rau,,Area_Planted,12067.0,ha,Actual,PL3
fb1891875ffb17d1,2012,8,Vĩnh Phúc,Provincial,Cultivation,Lúa,,Area_Planted,5791.0,ha,Actual,PL3
fb1891875ffb17d1,2012,8,Vĩnh Phúc,Provincial,Cultivation,Lúa,,Area_Planted,2476.0,ha,Actual,PL3
fb1891875ffb17d1,2012,8,Vĩnh Phúc,Provincial,Cultivation,Lúa,,Area_Planted,3103.0,ha,Actual,PL3
fb1891875ffb17d1,2012,8,Vĩnh Phúc,Provincial,Cultivation,Lúa,,Area_Planted,53.0,ha,Actual,PL3
fb1891875ffb17d1,2012,8,Vĩnh Phúc,Provincial,Cultivation,Lúa,,Area_Planted,159.0,ha,Actual,PL3
5d6838f92c1b5e5f,2012,8,Vĩnh Phúc,Provincial,Cultivation,Rau,,Area_Planted,6626.0,ha,Actual,PL3
8bd04b46d4fe861d,2012,8,Bắc Ninh,Provincial,Cultivation,Lúa,,Area_Planted,2412.0,ha,Actual,PL3
8bd04b46d4fe861d,2012,8,Bắc Ninh,Provincial,Cultivation,Lúa,,Area_Planted,1647.0,ha,Actual,PL3
8bd04b46d4fe861d,2012,8,Bắc Ninh,Provincial,Cultivation,Lúa,,Area_Planted,765.0,ha,Actual,PL3
f4f382b96bf4bb43,2012,8,Bắc Ninh,Provincial,Cultivation,Rau,,Area_Planted,11172.0,ha,Actual,PL3
000a27858d80596e,2012,8,Hải Dương,Provincial,Cultivation,Lúa,,Area_Planted,1631.0,ha,Actual,PL3
000a27858d80596e,2012,8,Hải Dương,Provincial,Cultivation,Lúa,,Area_Planted,581.0,ha,Actual,PL3
000a27858d80596e,2012,8,Hải Dương,Provincial,Cultivation,Lúa,,Area_Planted,1050.0,ha,Actual,PL3
30a10bd36eceec7d,2012,8,Hải Dương,Provincial,Cultivation,Rau,,Area_Planted,8803.0,ha,Actual,PL3
332c7c1d35b7ef60,2012,8,Hưng Yên,Provincial,Cultivation,Lúa,,Area_Planted,2902.0,ha,Actual,PL3
332c7c1d35b7ef60,2012,8,Hưng Yên,Provincial,Cultivation,Lúa,,Area_Planted,2086.0,ha,Actual,PL3
332c7c1d35b7ef60,2012,8,Hưng Yên,Provincial,Cultivation,Lúa,,Area_Planted,816.0,ha,Actual,PL3
cd76b55a7398bfcd,2012,8,Hưng Yên,Provincial,Cultivation,Rau,,Area_Planted,12929.0,ha,Actual,PL3
b730d4a2ad809e39,2012,8,Hà Nam,Provincial,Cultivation,Lúa,,Area_Planted,8353.0,ha,Actual,PL3
b730d4a2ad809e39,2012,8,Hà Nam,Provincial,Cultivation,Lúa,,Area_Planted,8001.0,ha,Actual,PL3
b730d4a2ad809e39,2012,8,Hà Nam,Provincial,Cultivation,Lúa,,Area_Planted,352.0,ha,Actual,PL3
7d911d91c55f9b60,2012,8,Hà Nam,Provincial,Cultivation,Rau,,Area_Planted,3950.0,ha,Actual,PL3
e1f41eef22af5490,2012,8,Nam Định,Provincial,Cultivation,Lúa,,Area_Planted,10126.0,ha,Actual,PL3
e1f41eef22af5490,2012,8,Nam Định,Provincial,Cultivation,Lúa,,Area_Planted,1109.0,ha,Actual,PL3
e1f41eef22af5490,2012,8,Nam Định,Provincial,Cultivation,Lúa,,Area_Planted,6288.0,ha,Actual,PL3
e1f41eef22af5490,2012,8,Nam Định,Provincial,Cultivation,Lúa,,Area_Planted,2729.0,ha,Actual,PL3
b859ad5634df060b,2012,8,Nam Định,Provincial,Cultivation,Rau,,Area_Planted,22883.0,ha,Actual,PL3
9b3baf56f2196567,2012,8,Thái Bình,Provincial,Cultivation,Lúa,,Area_Planted,14283.0,ha,Actual,PL3
9b3baf56f2196567,2012,8,Thái Bình,Provincial,Cultivation,Lúa,,Area_Planted,10890.0,ha,Actual,PL3
9b3baf56f2196567,2012,8,Thái Bình,Provincial,Cultivation,Lúa,,Area_Planted,2123.0,ha,Actual,PL3
9b3baf56f2196567,2012,8,Thái Bình,Provincial,Cultivation,Lúa,,Area_Planted,114.0,ha,Actual,PL3
9b3baf56f2196567,2012,8,Thái Bình,Provincial,Cultivation,Lúa,,Area_Planted,1156.0,ha,Actual,PL3
0c5c6bab6fafd297,2012,8,Thái Bình,Provincial,Cultivation,Rau,,Area_Planted,28189.0,ha,Actual,PL3
b1ad36ddfba960cb,2012,8,Ninh Bình,Provincial,Cultivation,Lúa,,Area_Planted,9013.0,ha,Actual,PL3
b1ad36ddfba960cb,2012,8,Ninh Bình,Provincial,Cultivation,Lúa,,Area_Planted,3193.0,ha,Actual,PL3
b1ad36ddfba960cb,2012,8,Ninh Bình,Provincial,Cultivation,Lúa,,Area_Planted,4441.0,ha,Actual,PL3
b1ad36ddfba960cb,2012,8,Ninh Bình,Provincial,Cultivation,Lúa,,Area_Planted,858.0,ha,Actual,PL3
b1ad36ddfba960cb,2012,8,Ninh Bình,Provincial,Cultivation,Lúa,,Area_Planted,521.0,ha,Actual,PL3
b40c3cbf60120efa,2012,8,Ninh Bình,Provincial,Cultivation,Rau,,Area_Planted,8969.0,ha,Actual,PL3
48c9e97747b2377a,2012,8,Quảng Ninh,Provincial,Cultivation,Lúa,,Area_Planted,5038.0,ha,Actual,PL3
48c9e97747b2377a,2012,8,Quảng Ninh,Provincial,Cultivation,Lúa,,Area_Planted,862.0,ha,Actual,PL3
48c9e97747b2377a,2012,8,Quảng Ninh,Provincial,Cultivation,Lúa,,Area_Planted,2779.0,ha,Actual,PL3
48c9e97747b2377a,2012,8,Quảng Ninh,Provincial,Cultivation,Lúa,,Area_Planted,532.0,ha,Actual,PL3
48c9e97747b2377a,2012,8,Quảng Ninh,Provincial,Cultivation,Lúa,,Area_Planted,865.0,ha,Actual,PL3
29b6fb85b649dd9b,2012,8,Quảng Ninh,Provincial,Cultivation,Rau,,Area_Planted,8669.0,ha,Actual,PL3
7159a09c8ac983dc,2012,8,TD và MN,Provincial,Cultivation,Lúa,,Area_Planted,132010.0,ha,Actual,PL3
7159a09c8ac983dc,2012,8,TD và MN,Provincial,Cultivation,Lúa,,Area_Planted,51499.0,ha,Actual,PL3
7159a09c8ac983dc,2012,8,TD và MN,Provincial,Cultivation,Lúa,,Area_Planted,46162.0,ha,Actual,PL3
7159a09c8ac983dc,2012,8,TD và MN,Provincial,Cultivation,Lúa,,Area_Planted,12868.0,ha,Actual,PL3
7159a09c8ac983dc,2012,8,TD và MN,Provincial,Cultivation,Lúa,,Area_Planted,10162.0,ha,Actual,PL3
7159a09c8ac983dc,2012,8,TD và MN,Provincial,Cultivation,Lúa,,Area_Planted,11319.0,ha,Actual,PL3
f5053a26c37ea112,2012,8,TD và MN,Provincial,Cultivation,Rau,,Area_Planted,81220.0,ha,Actual,PL3
b0a80235c7bffc7e,2012,8,Hà Giang,Provincial,Cultivation,Lúa,,Area_Planted,31732.0,ha,Actual,PL3
b0a80235c7bffc7e,2012,8,Hà Giang,Provincial,Cultivation,Lúa,,Area_Planted,22376.0,ha,Actual,PL3
b0a80235c7bffc7e,2012,8,Hà Giang,Provincial,Cultivation,Lúa,,Area_Planted,6543.0,ha,Actual,PL3
b0a80235c7bffc7e,2012,8,Hà Giang,Provincial,Cultivation,Lúa,,Area_Planted,2243.0,ha,Actual,PL3
b0a80235c7bffc7e,2012,8,Hà Giang,Provincial,Cultivation,Lúa,,Area_Planted,495.0,ha,Actual,PL3
b0a80235c7bffc7e,2012,8,Hà Giang,Provincial,Cultivation,Lúa,,Area_Planted,75.0,ha,Actual,PL3
33802b8b4866127c,2012,8,Hà Giang,Provincial,Cultivation,Rau,,Area_Planted,8771.0,ha,Actual,PL3
05a0a592ad2321f9,2012,8,Cao Bằng,Provincial,Cultivation,Lúa,,Area_Planted,11697.0,ha,Actual,PL3
05a0a592ad2321f9,2012,8,Cao Bằng,Provincial,Cultivation,Lúa,,Area_Planted,5119.0,ha,Actual,PL3
05a0a592ad2321f9,2012,8,Cao Bằng,Provincial,Cultivation,Lúa,,Area_Planted,1576.0,ha,Actual,PL3
05a0a592ad2321f9,2012,8,Cao Bằng,Provincial,Cultivation,Lúa,,Area_Planted,3072.0,ha,Actual,PL3
05a0a592ad2321f9,2012,8,Cao Bằng,Provincial,Cultivation,Lúa,,Area_Planted,1698.0,ha,Actual,PL3
05a0a592ad2321f9,2012,8,Cao Bằng,Provincial,Cultivation,Lúa,,Area_Planted,232.0,ha,Actual,PL3
0791957dcca1e851,2012,8,Cao Bằng,Provincial,Cultivation,Rau,,Area_Planted,1123.0,ha,Actual,PL3
8869a426ce20a3b6,2012,8,Lào Cai,Provincial,Cultivation,Lúa,,Area_Planted,5714.0,ha,Actual,PL3
8869a426ce20a3b6,2012,8,Lào Cai,Provincial,Cultivation,Lúa,,Area_Planted,4706.0,ha,Actual,PL3
8869a426ce20a3b6,2012,8,Lào Cai,Provincial,Cultivation,Lúa,,Area_Planted,772.0,ha,Actual,PL3
8869a426ce20a3b6,2012,8,Lào Cai,Provincial,Cultivation,Lúa,,Area_Planted,215.0,ha,Actual,PL3
8869a426ce20a3b6,2012,8,Lào Cai,Provincial,Cultivation,Lúa,,Area_Planted,21.0,ha,Actual,PL3
d571ffe9cc5d58b2,2012,8,Lào Cai,Provincial,Cultivation,Rau,,Area_Planted,3517.0,ha,Actual,PL3
51f773fc529cc6f2,2012,8,Bắc Cạn,Provincial,Cultivation,Lúa,,Area_Planted,3868.0,ha,Actual,PL3
51f773fc529cc6f2,2012,8,Bắc Cạn,Provincial,Cultivation,Lúa,,Area_Planted,1437.0,ha,Actual,PL3
51f773fc529cc6f2,2012,8,Bắc Cạn,Provincial,Cultivation,Lúa,,Area_Planted,508.0,ha,Actual,PL3
51f773fc529cc6f2,2012,8,Bắc Cạn,Provincial,Cultivation,Lúa,,Area_Planted,1000.0,ha,Actual,PL3
51f773fc529cc6f2,2012,8,Bắc Cạn,Provincial,Cultivation,Lúa,,Area_Planted,155.0,ha,Actual,PL3
51f773fc529cc6f2,2012,8,Bắc Cạn,Provincial,Cultivation,Lúa,,Area_Planted,768.0,ha,Actual,PL3
277e1f36113eab19,2012,8,Bắc Cạn,Provincial,Cultivation,Rau,,Area_Planted,1460.0,ha,Actual,PL3
6d83b94d89f56704,2012,8,Lạng Sơn,Provincial,Cultivation,Lúa,,Area_Planted,8180.0,ha,Actual,PL3
6d83b94d89f56704,2012,8,Lạng Sơn,Provincial,Cultivation,Lúa,,Area_Planted,790.0,ha,Actual,PL3
6d83b94d89f56704,2012,8,Lạng Sơn,Provincial,Cultivation,Lúa,,Area_Planted,1330.0,ha,Actual,PL3
6d83b94d89f56704,2012,8,Lạng Sơn,Provincial,Cultivation,Lúa,,Area_Planted,5093.0,ha,Actual,PL3
6d83b94d89f56704,2012,8,Lạng Sơn,Provincial,Cultivation,Lúa,,Area_Planted,395.0,ha,Actual,PL3
6d83b94d89f56704,2012,8,Lạng Sơn,Provincial,Cultivation,Lúa,,Area_Planted,572.0,ha,Actual,PL3
6778a44fdafe4991,2012,8,Lạng Sơn,Provincial,Cultivation,Rau,,Area_Planted,7444.0,ha,Actual,PL3
0222302c8e6a1c46,2012,8,Tuyên Quang,Provincial,Cultivation,Lúa,,Area_Planted,5972.0,ha,Actual,PL3
0222302c8e6a1c46,2012,8,Tuyên Quang,Provincial,Cultivation,Lúa,,Area_Planted,1452.0,ha,Actual,PL3
0222302c8e6a1c46,2012,8,Tuyên Quang,Provincial,Cultivation,Lúa,,Area_Planted,4520.0,ha,Actual,PL3
0a07c791d1a00f4c,2012,8,Tuyên Quang,Provincial,Cultivation,Rau,,Area_Planted,2939.0,ha,Actual,PL3
eec211f088a4499f,2012,8,Yên Bái,Provincial,Cultivation,Lúa,,Area_Planted,4648.0,ha,Actual,PL3
eec211f088a4499f,2012,8,Yên Bái,Provincial,Cultivation,Lúa,,Area_Planted,1753.0,ha,Actual,PL3
eec211f088a4499f,2012,8,Yên Bái,Provincial,Cultivation,Lúa,,Area_Planted,2125.0,ha,Actual,PL3
eec211f088a4499f,2012,8,Yên Bái,Provincial,Cultivation,Lúa,,Area_Planted,750.0,ha,Actual,PL3
eec211f088a4499f,2012,8,Yên Bái,Provincial,Cultivation,Lúa,,Area_Planted,20.0,ha,Actual,PL3
f4a4e67006a86644,2012,8,Yên Bái,Provincial,Cultivation,Rau,,Area_Planted,6850.0,ha,Actual,PL3
b941bc3cbef5c2ae,2012,8,Thái Nguyên,Provincial,Cultivation,Lúa,,Area_Planted,6001.0,ha,Actual,PL3
b941bc3cbef5c2ae,2012,8,Thái Nguyên,Provincial,Cultivation,Lúa,,Area_Planted,1398.0,ha,Actual,PL3
b941bc3cbef5c2ae,2012,8,Thái Nguyên,Provincial,Cultivation,Lúa,,Area_Planted,3702.0,ha,Actual,PL3
b941bc3cbef5c2ae,2012,8,Thái Nguyên,Provincial,Cultivation,Lúa,,Area_Planted,623.0,ha,Actual,PL3
b941bc3cbef5c2ae,2012,8,Thái Nguyên,Provincial,Cultivation,Lúa,,Area_Planted,75.0,ha,Actual,PL3
b941bc3cbef5c2ae,2012,8,Thái Nguyên,Provincial,Cultivation,Lúa,,Area_Planted,203.0,ha,Actual,PL3
0e5b29d6d55c16e2,2012,8,Thái Nguyên,Provincial,Cultivation,Rau,,Area_Planted,10943.0,ha,Actual,PL3
9ba603c99e724eb1,2012,8,Phú Thọ,Provincial,Cultivation,Lúa,,Area_Planted,5628.0,ha,Actual,PL3
9ba603c99e724eb1,2012,8,Phú Thọ,Provincial,Cultivation,Lúa,,Area_Planted,945.0,ha,Actual,PL3
9ba603c99e724eb1,2012,8,Phú Thọ,Provincial,Cultivation,Lúa,,Area_Planted,4683.0,ha,Actual,PL3
10083d76144b344a,2012,8,Phú Thọ,Provincial,Cultivation,Rau,,Area_Planted,7039.0,ha,Actual,PL3
bae5fef8882c1d7e,2012,8,Bắc Giang,Provincial,Cultivation,Lúa,,Area_Planted,13133.0,ha,Actual,PL3
bae5fef8882c1d7e,2012,8,Bắc Giang,Provincial,Cultivation,Lúa,,Area_Planted,1066.0,ha,Actual,PL3
bae5fef8882c1d7e,2012,8,Bắc Giang,Provincial,Cultivation,Lúa,,Area_Planted,11273.0,ha,Actual,PL3
bae5fef8882c1d7e,2012,8,Bắc Giang,Provincial,Cultivation,Lúa,,Area_Planted,309.0,ha,Actual,PL3
bae5fef8882c1d7e,2012,8,Bắc Giang,Provincial,Cultivation,Lúa,,Area_Planted,294.0,ha,Actual,PL3
bae5fef8882c1d7e,2012,8,Bắc Giang,Provincial,Cultivation,Lúa,,Area_Planted,191.0,ha,Actual,PL3
ff64b257acd59fab,2012,8,Bắc Giang,Provincial,Cultivation,Rau,,Area_Planted,22310.0,ha,Actual,PL3
2d86648616cc9bb4,2012,8,Lai Châu,Provincial,Cultivation,Lúa,,Area_Planted,4176.0,ha,Actual,PL3
2d86648616cc9bb4,2012,8,Lai Châu,Provincial,Cultivation,Lúa,,Area_Planted,1846.0,ha,Actual,PL3
2d86648616cc9bb4,2012,8,Lai Châu,Provincial,Cultivation,Lúa,,Area_Planted,1631.0,ha,Actual,PL3
2d86648616cc9bb4,2012,8,Lai Châu,Provincial,Cultivation,Lúa,,Area_Planted,9.0,ha,Actual,PL3
2d86648616cc9bb4,2012,8,Lai Châu,Provincial,Cultivation,Lúa,,Area_Planted,690.0,ha,Actual,PL3
924daa62005b7bb0,2012,8,Lai Châu,Provincial,Cultivation,Rau,,Area_Planted,779.0,ha,Actual,PL3
cd68c9fa68adb7bb,2012,8,Điện Biên,Provincial,Cultivation,Lúa,,Area_Planted,12566.0,ha,Actual,PL3
cd68c9fa68adb7bb,2012,8,Điện Biên,Provincial,Cultivation,Lúa,,Area_Planted,3676.0,ha,Actual,PL3
cd68c9fa68adb7bb,2012,8,Điện Biên,Provincial,Cultivation,Lúa,,Area_Planted,1776.0,ha,Actual,PL3
cd68c9fa68adb7bb,2012,8,Điện Biên,Provincial,Cultivation,Lúa,,Area_Planted,7114.0,ha,Actual,PL3
a75059ae4529e93c,2012,8,Điện Biên,Provincial,Cultivation,Rau,,Area_Planted,368.0,ha,Actual,PL3
a820f488fdc09f16,2012,8,Sơn La,Provincial,Cultivation,Lúa,,Area_Planted,6992.0,ha,Actual,PL3
a820f488fdc09f16,2012,8,Sơn La,Provincial,Cultivation,Lúa,,Area_Planted,4461.0,ha,Actual,PL3
a820f488fdc09f16,2012,8,Sơn La,Provincial,Cultivation,Lúa,,Area_Planted,1507.0,ha,Actual,PL3
a820f488fdc09f16,2012,8,Sơn La,Provincial,Cultivation,Lúa,,Area_Planted,304.0,ha,Actual,PL3
a820f488fdc09f16,2012,8,Sơn La,Provincial,Cultivation,Lúa,,Area_Planted,487.0,ha,Actual,PL3
a820f488fdc09f16,2012,8,Sơn La,Provincial,Cultivation,Lúa,,Area_Planted,233.0,ha,Actual,PL3
b5ef1247115707ea,2012,8,Sơn La,Provincial,Cultivation,Rau,,Area_Planted,4826.0,ha,Actual,PL3
7a72a28751808a81,2012,8,Hoà Bình,Provincial,Cultivation,Lúa,,Area_Planted,11704.0,ha,Actual,PL3
7a72a28751808a81,2012,8,Hoà Bình,Provincial,Cultivation,Lúa,,Area_Planted,475.0,ha,Actual,PL3
7a72a28751808a81,2012,8,Hoà Bình,Provincial,Cultivation,Lúa,,Area_Planted,4216.0,ha,Actual,PL3
7a72a28751808a81,2012,8,Hoà Bình,Provincial,Cultivation,Lúa,,Area_Planted,5813.0,ha,Actual,PL3
7a72a28751808a81,2012,8,Hoà Bình,Provincial,Cultivation,Lúa,,Area_Planted,1200.0,ha,Actual,PL3
325c33ca852adf09,2012,8,Hoà Bình,Provincial,Cultivation,Rau,,Area_Planted,2851.0,ha,Actual,PL3
a7d6a694e3140479,2012,8,Bắc Trung Bộ,Provincial,Cultivation,Lúa,,Area_Planted,94834.0,ha,Actual,PL3
a7d6a694e3140479,2012,8,Bắc Trung Bộ,Provincial,Cultivation,Lúa,,Area_Planted,7942.0,ha,Actual,PL3
a7d6a694e3140479,2012,8,Bắc Trung Bộ,Provincial,Cultivation,Lúa,,Area_Planted,66923.0,ha,Actual,PL3
a7d6a694e3140479,2012,8,Bắc Trung Bộ,Provincial,Cultivation,Lúa,,Area_Planted,996.0,ha,Actual,PL3
a7d6a694e3140479,2012,8,Bắc Trung Bộ,Provincial,Cultivation,Lúa,,Area_Planted,9770.0,ha,Actual,PL3
a7d6a694e3140479,2012,8,Bắc Trung Bộ,Provincial,Cultivation,Lúa,,Area_Planted,9203.0,ha,Actual,PL3
9e957bdf9e269a72,2012,8,Bắc Trung Bộ,Provincial,Cultivation,Rau,,Area_Planted,51963.0,ha,Actual,PL3
0af653d648881d44,2012,8,Thanh Hoá,Provincial,Cultivation,Lúa,,Area_Planted,26457.0,ha,Actual,PL3
0af653d648881d44,2012,8,Thanh Hoá,Provincial,Cultivation,Lúa,,Area_Planted,7792.0,ha,Actual,PL3
0af653d648881d44,2012,8,Thanh Hoá,Provincial,Cultivation,Lúa,,Area_Planted,14094.0,ha,Actual,PL3
0af653d648881d44,2012,8,Thanh Hoá,Provincial,Cultivation,Lúa,,Area_Planted,946.0,ha,Actual,PL3
0af653d648881d44,2012,8,Thanh Hoá,Provincial,Cultivation,Lúa,,Area_Planted,1033.0,ha,Actual,PL3
0af653d648881d44,2012,8,Thanh Hoá,Provincial,Cultivation,Lúa,,Area_Planted,2592.0,ha,Actual,PL3
0c09cecabf2cf423,2012,8,Thanh Hoá,Provincial,Cultivation,Rau,,Area_Planted,17721.0,ha,Actual,PL3
b89ba426c25bae62,2012,8,Nghệ An,Provincial,Cultivation,Lúa,,Area_Planted,36508.0,ha,Actual,PL3
b89ba426c25bae62,2012,8,Nghệ An,Provincial,Cultivation,Lúa,,Area_Planted,150.0,ha,Actual,PL3
b89ba426c25bae62,2012,8,Nghệ An,Provincial,Cultivation,Lúa,,Area_Planted,22451.0,ha,Actual,PL3
b89ba426c25bae62,2012,8,Nghệ An,Provincial,Cultivation,Lúa,,Area_Planted,8687.0,ha,Actual,PL3
b89ba426c25bae62,2012,8,Nghệ An,Provincial,Cultivation,Lúa,,Area_Planted,5220.0,ha,Actual,PL3
18e6499b0b12fb4a,2012,8,Nghệ An,Provincial,Cultivation,Rau,,Area_Planted,20670.0,ha,Actual,PL3
5e4023d440c5899b,2012,8,Hà Tĩnh,Provincial,Cultivation,Lúa,,Area_Planted,18308.0,ha,Actual,PL3
5e4023d440c5899b,2012,8,Hà Tĩnh,Provincial,Cultivation,Lúa,,Area_Planted,17217.0,ha,Actual,PL3
5e4023d440c5899b,2012,8,Hà Tĩnh,Provincial,Cultivation,Lúa,,Area_Planted,1091.0,ha,Actual,PL3
b4cbd647b0fc2c05,2012,8,Hà Tĩnh,Provincial,Cultivation,Rau,,Area_Planted,3202.0,ha,Actual,PL3
c4e442fd8bc4ae6b,2012,8,Quảng Bình,Provincial,Cultivation,Lúa,,Area_Planted,4951.0,ha,Actual,PL3
c4e442fd8bc4ae6b,2012,8,Quảng Bình,Provincial,Cultivation,Lúa,,Area_Planted,4951.0,ha,Actual,PL3
1a8062497827c63b,2012,8,Quảng Bình,Provincial,Cultivation,Rau,,Area_Planted,270.0,ha,Actual,PL3
eedea468b22374dc,2012,8,Quảng Trị,Provincial,Cultivation,Lúa,,Area_Planted,4640.0,ha,Actual,PL3
eedea468b22374dc,2012,8,Quảng Trị,Provincial,Cultivation,Lúa,,Area_Planted,4640.0,ha,Actual,PL3
b2cee2e42d31ae56,2012,8,Quảng Trị,Provincial,Cultivation,Rau,,Area_Planted,5500.0,ha,Actual,PL3
250e23cd74a9316f,2012,8,Thừa Thiên Huế,Provincial,Cultivation,Lúa,,Area_Planted,3970.0,ha,Actual,PL3
250e23cd74a9316f,2012,8,Thừa Thiên Huế,Provincial,Cultivation,Lúa,,Area_Planted,3570.0,ha,Actual,PL3
250e23cd74a9316f,2012,8,Thừa Thiên Huế,Provincial,Cultivation,Lúa,,Area_Planted,50.0,ha,Actual,PL3
250e23cd74a9316f,2012,8,Thừa Thiên Huế,Provincial,Cultivation,Lúa,,Area_Planted,50.0,ha,Actual,PL3
250e23cd74a9316f,2012,8,Thừa Thiên Huế,Provincial,Cultivation,Lúa,,Area_Planted,300.0,ha,Actual,PL3
bb530e73a8ca6afb,2012,8,Thừa Thiên Huế,Provincial,Cultivation,Rau,,Area_Planted,4600.0,ha,Actual,PL3
29ae1c93363f1c5d,2012,8,Miền Nam,Provincial,Cultivation,Lúa,,Area_Planted,1336572.0,ha,Actual,PL4
29ae1c93363f1c5d,2012,8,Miền Nam,Provincial,Cultivation,Lúa,,Area_Planted,666.0,ha,Actual,PL4
29ae1c93363f1c5d,2012,8,Miền Nam,Provincial,Cultivation,Lúa,,Area_Planted,542.0,ha,Actual,PL4
29ae1c93363f1c5d,2012,8,Miền Nam,Provincial,Cultivation,Lúa,,Area_Planted,201474.0,ha,Actual,PL4
29ae1c93363f1c5d,2012,8,Miền Nam,Provincial,Cultivation,Lúa,,Area_Planted,643714.0,ha,Actual,PL4
29ae1c93363f1c5d,2012,8,Miền Nam,Provincial,Cultivation,Lúa,,Area_Planted,293894.0,ha,Actual,PL4
29ae1c93363f1c5d,2012,8,Miền Nam,Provincial,Cultivation,Lúa,,Area_Planted,35669.0,ha,Actual,PL4
29ae1c93363f1c5d,2012,8,Miền Nam,Provincial,Cultivation,Lúa,,Area_Planted,303367.0,ha,Actual,PL4
29ae1c93363f1c5d,2012,8,Miền Nam,Provincial,Cultivation,Lúa,,Area_Planted,10785.0,ha,Actual,PL4
cbf5e858245b7d91,2012,8,D.H Nam TB,Provincial,Cultivation,Lúa,,Area_Planted,57752.0,ha,Actual,PL4
cbf5e858245b7d91,2012,8,D.H Nam TB,Provincial,Cultivation,Lúa,,Area_Planted,259.0,ha,Actual,PL4
cbf5e858245b7d91,2012,8,D.H Nam TB,Provincial,Cultivation,Lúa,,Area_Planted,503.0,ha,Actual,PL4
cbf5e858245b7d91,2012,8,D.H Nam TB,Provincial,Cultivation,Lúa,,Area_Planted,24835.0,ha,Actual,PL4
cbf5e858245b7d91,2012,8,D.H Nam TB,Provincial,Cultivation,Lúa,,Area_Planted,156477.0,ha,Actual,PL4
cbf5e858245b7d91,2012,8,D.H Nam TB,Provincial,Cultivation,Lúa,,Area_Planted,64378.0,ha,Actual,PL4
cbf5e858245b7d91,2012,8,D.H Nam TB,Provincial,Cultivation,Lúa,,Area_Planted,6222.0,ha,Actual,PL4
cbf5e858245b7d91,2012,8,D.H Nam TB,Provincial,Cultivation,Lúa,,Area_Planted,85417.0,ha,Actual,PL4
cbf5e858245b7d91,2012,8,D.H Nam TB,Provincial,Cultivation,Lúa,,Area_Planted,460.0,ha,Actual,PL4
e889940122a5b1f6,2012,8,TP Đà Nẵng,Provincial,Cultivation,Lúa,,Area_Planted,15.0,ha,Actual,PL4
e889940122a5b1f6,2012,8,TP Đà Nẵng,Provincial,Cultivation,Lúa,,Area_Planted,5.0,ha,Actual,PL4
e889940122a5b1f6,2012,8,TP Đà Nẵng,Provincial,Cultivation,Lúa,,Area_Planted,461.0,ha,Actual,PL4
e889940122a5b1f6,2012,8,TP Đà Nẵng,Provincial,Cultivation,Lúa,,Area_Planted,255.0,ha,Actual,PL4
e889940122a5b1f6,2012,8,TP Đà Nẵng,Provincial,Cultivation,Lúa,,Area_Planted,100.0,ha,Actual,PL4
e889940122a5b1f6,2012,8,TP Đà Nẵng,Provincial,Cultivation,Lúa,,Area_Planted,106.0,ha,Actual,PL4
be7257e489c786cc,2012,8,Quảng Nam,Provincial,Cultivation,Lúa,,Area_Planted,33177.0,ha,Actual,PL4
be7257e489c786cc,2012,8,Quảng Nam,Provincial,Cultivation,Lúa,,Area_Planted,13348.0,ha,Actual,PL4
be7257e489c786cc,2012,8,Quảng Nam,Provincial,Cultivation,Lúa,,Area_Planted,5329.0,ha,Actual,PL4
be7257e489c786cc,2012,8,Quảng Nam,Provincial,Cultivation,Lúa,,Area_Planted,14500.0,ha,Actual,PL4
7a60bcb369cce12f,2012,8,Quảng Ngãi,Provincial,Cultivation,Lúa,,Area_Planted,2805.0,ha,Actual,PL4
7a60bcb369cce12f,2012,8,Quảng Ngãi,Provincial,Cultivation,Lúa,,Area_Planted,84.0,ha,Actual,PL4
7a60bcb369cce12f,2012,8,Quảng Ngãi,Provincial,Cultivation,Lúa,,Area_Planted,25246.0,ha,Actual,PL4
7a60bcb369cce12f,2012,8,Quảng Ngãi,Provincial,Cultivation,Lúa,,Area_Planted,9496.0,ha,Actual,PL4
7a60bcb369cce12f,2012,8,Quảng Ngãi,Provincial,Cultivation,Lúa,,Area_Planted,15750.0,ha,Actual,PL4
ba28a7bc2be488a0,2012,8,Bình Định,Provincial,Cultivation,Lúa,,Area_Planted,25000.0,ha,Actual,PL4
ba28a7bc2be488a0,2012,8,Bình Định,Provincial,Cultivation,Lúa,,Area_Planted,582.0,ha,Actual,PL4
ba28a7bc2be488a0,2012,8,Bình Định,Provincial,Cultivation,Lúa,,Area_Planted,596.0,ha,Actual,PL4
ba28a7bc2be488a0,2012,8,Bình Định,Provincial,Cultivation,Lúa,,Area_Planted,20851.0,ha,Actual,PL4
ba28a7bc2be488a0,2012,8,Bình Định,Provincial,Cultivation,Lúa,,Area_Planted,5383.0,ha,Actual,PL4
ba28a7bc2be488a0,2012,8,Bình Định,Provincial,Cultivation,Lúa,,Area_Planted,5383.0,ha,Actual,PL4
d3252459d28b8bb3,2012,8,Phú Yên,Provincial,Cultivation,Lúa,,Area_Planted,1500.0,ha,Actual,PL4
d3252459d28b8bb3,2012,8,Phú Yên,Provincial,Cultivation,Lúa,,Area_Planted,61.0,ha,Actual,PL4
d3252459d28b8bb3,2012,8,Phú Yên,Provincial,Cultivation,Lúa,,Area_Planted,520.0,ha,Actual,PL4
d3252459d28b8bb3,2012,8,Phú Yên,Provincial,Cultivation,Lúa,,Area_Planted,2530.0,ha,Actual,PL4
d3252459d28b8bb3,2012,8,Phú Yên,Provincial,Cultivation,Lúa,,Area_Planted,24985.0,ha,Actual,PL4
d3252459d28b8bb3,2012,8,Phú Yên,Provincial,Cultivation,Lúa,,Area_Planted,7222.0,ha,Actual,PL4
d3252459d28b8bb3,2012,8,Phú Yên,Provincial,Cultivation,Lúa,,Area_Planted,223.0,ha,Actual,PL4
d3252459d28b8bb3,2012,8,Phú Yên,Provincial,Cultivation,Lúa,,Area_Planted,17241.0,ha,Actual,PL4
d3252459d28b8bb3,2012,8,Phú Yên,Provincial,Cultivation,Lúa,,Area_Planted,299.0,ha,Actual,PL4
2a47ce583549aec8,2012,8,Khánh Hoà,Provincial,Cultivation,Lúa,,Area_Planted,2400.0,ha,Actual,PL4
2a47ce583549aec8,2012,8,Khánh Hoà,Provincial,Cultivation,Lúa,,Area_Planted,126.0,ha,Actual,PL4
2a47ce583549aec8,2012,8,Khánh Hoà,Provincial,Cultivation,Lúa,,Area_Planted,934.0,ha,Actual,PL4
2a47ce583549aec8,2012,8,Khánh Hoà,Provincial,Cultivation,Lúa,,Area_Planted,11852.0,ha,Actual,PL4
2a47ce583549aec8,2012,8,Khánh Hoà,Provincial,Cultivation,Lúa,,Area_Planted,5387.0,ha,Actual,PL4
2a47ce583549aec8,2012,8,Khánh Hoà,Provincial,Cultivation,Lúa,,Area_Planted,171.0,ha,Actual,PL4
2a47ce583549aec8,2012,8,Khánh Hoà,Provincial,Cultivation,Lúa,,Area_Planted,6133.0,ha,Actual,PL4
2a47ce583549aec8,2012,8,Khánh Hoà,Provincial,Cultivation,Lúa,,Area_Planted,161.0,ha,Actual,PL4
654f5b5ba51c8fb1,2012,8,Ninh Thuận,Provincial,Cultivation,Lúa,,Area_Planted,2440.0,ha,Actual,PL4
654f5b5ba51c8fb1,2012,8,Ninh Thuận,Provincial,Cultivation,Lúa,,Area_Planted,168.0,ha,Actual,PL4
654f5b5ba51c8fb1,2012,8,Ninh Thuận,Provincial,Cultivation,Lúa,,Area_Planted,650.0,ha,Actual,PL4
654f5b5ba51c8fb1,2012,8,Ninh Thuận,Provincial,Cultivation,Lúa,,Area_Planted,520.0,ha,Actual,PL4
654f5b5ba51c8fb1,2012,8,Ninh Thuận,Provincial,Cultivation,Lúa,,Area_Planted,11110.0,ha,Actual,PL4
654f5b5ba51c8fb1,2012,8,Ninh Thuận,Provincial,Cultivation,Lúa,,Area_Planted,7994.0,ha,Actual,PL4
654f5b5ba51c8fb1,2012,8,Ninh Thuận,Provincial,Cultivation,Lúa,,Area_Planted,101.0,ha,Actual,PL4
654f5b5ba51c8fb1,2012,8,Ninh Thuận,Provincial,Cultivation,Lúa,,Area_Planted,3015.0,ha,Actual,PL4
0f8d5f5a56b41fe4,2012,8,Bình Thuận,Provincial,Cultivation,Lúa,,Area_Planted,23592.0,ha,Actual,PL4
0f8d5f5a56b41fe4,2012,8,Bình Thuận,Provincial,Cultivation,Lúa,,Area_Planted,587.0,ha,Actual,PL4
0f8d5f5a56b41fe4,2012,8,Bình Thuận,Provincial,Cultivation,Lúa,,Area_Planted,500.0,ha,Actual,PL4
0f8d5f5a56b41fe4,2012,8,Bình Thuận,Provincial,Cultivation,Lúa,,Area_Planted,44263.0,ha,Actual,PL4
0f8d5f5a56b41fe4,2012,8,Bình Thuận,Provincial,Cultivation,Lúa,,Area_Planted,15293.0,ha,Actual,PL4
0f8d5f5a56b41fe4,2012,8,Bình Thuận,Provincial,Cultivation,Lúa,,Area_Planted,298.0,ha,Actual,PL4
0f8d5f5a56b41fe4,2012,8,Bình Thuận,Provincial,Cultivation,Lúa,,Area_Planted,28672.0,ha,Actual,PL4
571bdd733c5309ae,2012,8,Tây Nguyên,Provincial,Cultivation,Lúa,,Area_Planted,132781.0,ha,Actual,PL4
571bdd733c5309ae,2012,8,Tây Nguyên,Provincial,Cultivation,Lúa,,Area_Planted,297010.0,ha,Actual,PL4
571bdd733c5309ae,2012,8,Tây Nguyên,Provincial,Cultivation,Lúa,,Area_Planted,153293.0,ha,Actual,PL4
571bdd733c5309ae,2012,8,Tây Nguyên,Provincial,Cultivation,Lúa,,Area_Planted,8838.0,ha,Actual,PL4
571bdd733c5309ae,2012,8,Tây Nguyên,Provincial,Cultivation,Lúa,,Area_Planted,134680.0,ha,Actual,PL4
571bdd733c5309ae,2012,8,Tây Nguyên,Provincial,Cultivation,Lúa,,Area_Planted,199.0,ha,Actual,PL4
f0ddb589c13268cd,2012,8,Kon Tum,Provincial,Cultivation,Lúa,,Area_Planted,16564.0,ha,Actual,PL4
f0ddb589c13268cd,2012,8,Kon Tum,Provincial,Cultivation,Lúa,,Area_Planted,41148.0,ha,Actual,PL4
f0ddb589c13268cd,2012,8,Kon Tum,Provincial,Cultivation,Lúa,,Area_Planted,6578.0,ha,Actual,PL4
f0ddb589c13268cd,2012,8,Kon Tum,Provincial,Cultivation,Lúa,,Area_Planted,59.0,ha,Actual,PL4
f0ddb589c13268cd,2012,8,Kon Tum,Provincial,Cultivation,Lúa,,Area_Planted,34511.0,ha,Actual,PL4
3853424aa5dd0dae,2012,8,Gia Lai,Provincial,Cultivation,Lúa,,Area_Planted,46060.0,ha,Actual,PL4
3853424aa5dd0dae,2012,8,Gia Lai,Provincial,Cultivation,Lúa,,Area_Planted,92149.0,ha,Actual,PL4
3853424aa5dd0dae,2012,8,Gia Lai,Provincial,Cultivation,Lúa,,Area_Planted,40028.0,ha,Actual,PL4
3853424aa5dd0dae,2012,8,Gia Lai,Provincial,Cultivation,Lúa,,Area_Planted,977.0,ha,Actual,PL4
3853424aa5dd0dae,2012,8,Gia Lai,Provincial,Cultivation,Lúa,,Area_Planted,51144.0,ha,Actual,PL4
35525edb786c5a47,2012,8,Đắc Lắc,Provincial,Cultivation,Lúa,,Area_Planted,50953.0,ha,Actual,PL4
35525edb786c5a47,2012,8,Đắc Lắc,Provincial,Cultivation,Lúa,,Area_Planted,115991.0,ha,Actual,PL4
35525edb786c5a47,2012,8,Đắc Lắc,Provincial,Cultivation,Lúa,,Area_Planted,89369.0,ha,Actual,PL4
35525edb786c5a47,2012,8,Đắc Lắc,Provincial,Cultivation,Lúa,,Area_Planted,1989.0,ha,Actual,PL4
35525edb786c5a47,2012,8,Đắc Lắc,Provincial,Cultivation,Lúa,,Area_Planted,24434.0,ha,Actual,PL4
35525edb786c5a47,2012,8,Đắc Lắc,Provincial,Cultivation,Lúa,,Area_Planted,199.0,ha,Actual,PL4
d537071d9586bb3d,2012,8,Đắc Nông,Provincial,Cultivation,Lúa,,Area_Planted,7490.0,ha,Actual,PL4
d537071d9586bb3d,2012,8,Đắc Nông,Provincial,Cultivation,Lúa,,Area_Planted,29919.0,ha,Actual,PL4
d537071d9586bb3d,2012,8,Đắc Nông,Provincial,Cultivation,Lúa,,Area_Planted,2827.0,ha,Actual,PL4
d537071d9586bb3d,2012,8,Đắc Nông,Provincial,Cultivation,Lúa,,Area_Planted,4394.0,ha,Actual,PL4
d537071d9586bb3d,2012,8,Đắc Nông,Provincial,Cultivation,Lúa,,Area_Planted,22698.0,ha,Actual,PL4
4658844acea50afe,2012,8,Lâm Đồng,Provincial,Cultivation,Lúa,,Area_Planted,11714.0,ha,Actual,PL4
4658844acea50afe,2012,8,Lâm Đồng,Provincial,Cultivation,Lúa,,Area_Planted,17803.0,ha,Actual,PL4
4658844acea50afe,2012,8,Lâm Đồng,Provincial,Cultivation,Lúa,,Area_Planted,14491.0,ha,Actual,PL4
4658844acea50afe,2012,8,Lâm Đồng,Provincial,Cultivation,Lúa,,Area_Planted,1419.0,ha,Actual,PL4
4658844acea50afe,2012,8,Lâm Đồng,Provincial,Cultivation,Lúa,,Area_Planted,1893.0,ha,Actual,PL4
bc49b492f8ccc94c,2012,8,Đông Nam Bộ,Provincial,Cultivation,Lúa,,Area_Planted,33418.0,ha,Actual,PL4
bc49b492f8ccc94c,2012,8,Đông Nam Bộ,Provincial,Cultivation,Lúa,,Area_Planted,360.0,ha,Actual,PL4
bc49b492f8ccc94c,2012,8,Đông Nam Bộ,Provincial,Cultivation,Lúa,,Area_Planted,444.0,ha,Actual,PL4
bc49b492f8ccc94c,2012,8,Đông Nam Bộ,Provincial,Cultivation,Lúa,,Area_Planted,23515.0,ha,Actual,PL4
bc49b492f8ccc94c,2012,8,Đông Nam Bộ,Provincial,Cultivation,Lúa,,Area_Planted,124835.0,ha,Actual,PL4
bc49b492f8ccc94c,2012,8,Đông Nam Bộ,Provincial,Cultivation,Lúa,,Area_Planted,42150.0,ha,Actual,PL4
bc49b492f8ccc94c,2012,8,Đông Nam Bộ,Provincial,Cultivation,Lúa,,Area_Planted,2480.0,ha,Actual,PL4
bc49b492f8ccc94c,2012,8,Đông Nam Bộ,Provincial,Cultivation,Lúa,,Area_Planted,78586.0,ha,Actual,PL4
bc49b492f8ccc94c,2012,8,Đông Nam Bộ,Provincial,Cultivation,Lúa,,Area_Planted,1619.0,ha,Actual,PL4
a59e47c64b9fd017,2012,8,Bình Phước,Provincial,Cultivation,Lúa,,Area_Planted,10967.0,ha,Actual,PL4
a59e47c64b9fd017,2012,8,Bình Phước,Provincial,Cultivation,Lúa,,Area_Planted,27483.0,ha,Actual,PL4
a59e47c64b9fd017,2012,8,Bình Phước,Provincial,Cultivation,Lúa,,Area_Planted,5773.0,ha,Actual,PL4
a59e47c64b9fd017,2012,8,Bình Phước,Provincial,Cultivation,Lúa,,Area_Planted,2182.0,ha,Actual,PL4
a59e47c64b9fd017,2012,8,Bình Phước,Provincial,Cultivation,Lúa,,Area_Planted,18703.0,ha,Actual,PL4
a59e47c64b9fd017,2012,8,Bình Phước,Provincial,Cultivation,Lúa,,Area_Planted,825.0,ha,Actual,PL4
aacc33c8d9b1a771,2012,8,Tây Ninh,Provincial,Cultivation,Lúa,,Area_Planted,27389.0,ha,Actual,PL4
aacc33c8d9b1a771,2012,8,Tây Ninh,Provincial,Cultivation,Lúa,,Area_Planted,523.0,ha,Actual,PL4
aacc33c8d9b1a771,2012,8,Tây Ninh,Provincial,Cultivation,Lúa,,Area_Planted,448.0,ha,Actual,PL4
aacc33c8d9b1a771,2012,8,Tây Ninh,Provincial,Cultivation,Lúa,,Area_Planted,8600.0,ha,Actual,PL4
aacc33c8d9b1a771,2012,8,Tây Ninh,Provincial,Cultivation,Lúa,,Area_Planted,38475.0,ha,Actual,PL4
aacc33c8d9b1a771,2012,8,Tây Ninh,Provincial,Cultivation,Lúa,,Area_Planted,1134.0,ha,Actual,PL4
aacc33c8d9b1a771,2012,8,Tây Ninh,Provincial,Cultivation,Lúa,,Area_Planted,110.0,ha,Actual,PL4
aacc33c8d9b1a771,2012,8,Tây Ninh,Provincial,Cultivation,Lúa,,Area_Planted,36724.0,ha,Actual,PL4
aacc33c8d9b1a771,2012,8,Tây Ninh,Provincial,Cultivation,Lúa,,Area_Planted,507.0,ha,Actual,PL4
7823d6c113f41f97,2012,8,Bình Dương,Provincial,Cultivation,Lúa,,Area_Planted,3867.0,ha,Actual,PL4
7823d6c113f41f97,2012,8,Bình Dương,Provincial,Cultivation,Lúa,,Area_Planted,230.0,ha,Actual,PL4
7823d6c113f41f97,2012,8,Bình Dương,Provincial,Cultivation,Lúa,,Area_Planted,3636.0,ha,Actual,PL4
6533bd1da66f09e8,2012,8,Đồng Nai,Provincial,Cultivation,Lúa,,Area_Planted,34957.0,ha,Actual,PL4
6533bd1da66f09e8,2012,8,Đồng Nai,Provincial,Cultivation,Lúa,,Area_Planted,22800.0,ha,Actual,PL4
6533bd1da66f09e8,2012,8,Đồng Nai,Provincial,Cultivation,Lúa,,Area_Planted,96.0,ha,Actual,PL4
6533bd1da66f09e8,2012,8,Đồng Nai,Provincial,Cultivation,Lúa,,Area_Planted,11844.0,ha,Actual,PL4
6533bd1da66f09e8,2012,8,Đồng Nai,Provincial,Cultivation,Lúa,,Area_Planted,217.0,ha,Actual,PL4
0bc840ac18d9dabb,2012,8,Bà Rịa-V.Tàu,Provincial,Cultivation,Lúa,,Area_Planted,4629.0,ha,Actual,PL4
0bc840ac18d9dabb,2012,8,Bà Rịa-V.Tàu,Provincial,Cultivation,Lúa,,Area_Planted,594.0,ha,Actual,PL4
0bc840ac18d9dabb,2012,8,Bà Rịa-V.Tàu,Provincial,Cultivation,Lúa,,Area_Planted,411.0,ha,Actual,PL4
0bc840ac18d9dabb,2012,8,Bà Rịa-V.Tàu,Provincial,Cultivation,Lúa,,Area_Planted,3085.0,ha,Actual,PL4
0bc840ac18d9dabb,2012,8,Bà Rịa-V.Tàu,Provincial,Cultivation,Lúa,,Area_Planted,20053.0,ha,Actual,PL4
0bc840ac18d9dabb,2012,8,Bà Rịa-V.Tàu,Provincial,Cultivation,Lúa,,Area_Planted,12212.0,ha,Actual,PL4
0bc840ac18d9dabb,2012,8,Bà Rịa-V.Tàu,Provincial,Cultivation,Lúa,,Area_Planted,92.0,ha,Actual,PL4
0bc840ac18d9dabb,2012,8,Bà Rịa-V.Tàu,Provincial,Cultivation,Lúa,,Area_Planted,7679.0,ha,Actual,PL4
0bc840ac18d9dabb,2012,8,Bà Rịa-V.Tàu,Provincial,Cultivation,Lúa,,Area_Planted,70.0,ha,Actual,PL4
16678f988406920a,2012,8,TP Hồ Chí Minh,Provincial,Cultivation,Lúa,,Area_Planted,1400.0,ha,Actual,PL4
16678f988406920a,2012,8,TP Hồ Chí Minh,Provincial,Cultivation,Lúa,,Area_Planted,258.0,ha,Actual,PL4
16678f988406920a,2012,8,TP Hồ Chí Minh,Provincial,Cultivation,Lúa,,Area_Planted,470.0,ha,Actual,PL4
16678f988406920a,2012,8,TP Hồ Chí Minh,Provincial,Cultivation,Lúa,,Area_Planted,863.0,ha,Actual,PL4
f5d2bb3f8a2006bd,2012,8,ĐBS Cửu Long,Provincial,Cultivation,Lúa,,Area_Planted,1245402.0,ha,Actual,PL4
f5d2bb3f8a2006bd,2012,8,ĐBS Cửu Long,Provincial,Cultivation,Lúa,,Area_Planted,740.0,ha,Actual,PL4
f5d2bb3f8a2006bd,2012,8,ĐBS Cửu Long,Provincial,Cultivation,Lúa,,Area_Planted,546.0,ha,Actual,PL4
f5d2bb3f8a2006bd,2012,8,ĐBS Cửu Long,Provincial,Cultivation,Lúa,,Area_Planted,20343.0,ha,Actual,PL4
f5d2bb3f8a2006bd,2012,8,ĐBS Cửu Long,Provincial,Cultivation,Lúa,,Area_Planted,65393.0,ha,Actual,PL4
f5d2bb3f8a2006bd,2012,8,ĐBS Cửu Long,Provincial,Cultivation,Lúa,,Area_Planted,34073.0,ha,Actual,PL4
f5d2bb3f8a2006bd,2012,8,ĐBS Cửu Long,Provincial,Cultivation,Lúa,,Area_Planted,18128.0,ha,Actual,PL4
f5d2bb3f8a2006bd,2012,8,ĐBS Cửu Long,Provincial,Cultivation,Lúa,,Area_Planted,4684.0,ha,Actual,PL4
f5d2bb3f8a2006bd,2012,8,ĐBS Cửu Long,Provincial,Cultivation,Lúa,,Area_Planted,8507.0,ha,Actual,PL4
780d3c8bebeaf381,2012,8,Long An,Provincial,Cultivation,Lúa,,Area_Planted,148359.0,ha,Actual,PL4
780d3c8bebeaf381,2012,8,Long An,Provincial,Cultivation,Lúa,,Area_Planted,655.0,ha,Actual,PL4
780d3c8bebeaf381,2012,8,Long An,Provincial,Cultivation,Lúa,,Area_Planted,441.0,ha,Actual,PL4
780d3c8bebeaf381,2012,8,Long An,Provincial,Cultivation,Lúa,,Area_Planted,8315.0,ha,Actual,PL4
780d3c8bebeaf381,2012,8,Long An,Provincial,Cultivation,Lúa,,Area_Planted,3954.0,ha,Actual,PL4
780d3c8bebeaf381,2012,8,Long An,Provincial,Cultivation,Lúa,,Area_Planted,138.0,ha,Actual,PL4
780d3c8bebeaf381,2012,8,Long An,Provincial,Cultivation,Lúa,,Area_Planted,769.0,ha,Actual,PL4
780d3c8bebeaf381,2012,8,Long An,Provincial,Cultivation,Lúa,,Area_Planted,3454.0,ha,Actual,PL4
c53fafff1eec3c24,2012,8,Tiền Giang,Provincial,Cultivation,Lúa,,Area_Planted,76248.0,ha,Actual,PL4
c53fafff1eec3c24,2012,8,Tiền Giang,Provincial,Cultivation,Lúa,,Area_Planted,629.0,ha,Actual,PL4
c53fafff1eec3c24,2012,8,Tiền Giang,Provincial,Cultivation,Lúa,,Area_Planted,516.0,ha,Actual,PL4
c53fafff1eec3c24,2012,8,Tiền Giang,Provincial,Cultivation,Lúa,,Area_Planted,516.0,ha,Actual,PL4
c53fafff1eec3c24,2012,8,Tiền Giang,Provincial,Cultivation,Lúa,,Area_Planted,5538.0,ha,Actual,PL4
c53fafff1eec3c24,2012,8,Tiền Giang,Provincial,Cultivation,Lúa,,Area_Planted,3986.0,ha,Actual,PL4
c53fafff1eec3c24,2012,8,Tiền Giang,Provincial,Cultivation,Lúa,,Area_Planted,279.0,ha,Actual,PL4
c53fafff1eec3c24,2012,8,Tiền Giang,Provincial,Cultivation,Lúa,,Area_Planted,197.0,ha,Actual,PL4
c53fafff1eec3c24,2012,8,Tiền Giang,Provincial,Cultivation,Lúa,,Area_Planted,1076.0,ha,Actual,PL4
3291cd4fc16be8ec,2012,8,Bến Tre,Provincial,Cultivation,Lúa,,Area_Planted,515.0,ha,Actual,PL4
3291cd4fc16be8ec,2012,8,Bến Tre,Provincial,Cultivation,Lúa,,Area_Planted,23.0,ha,Actual,PL4
3291cd4fc16be8ec,2012,8,Bến Tre,Provincial,Cultivation,Lúa,,Area_Planted,400.0,ha,Actual,PL4
3291cd4fc16be8ec,2012,8,Bến Tre,Provincial,Cultivation,Lúa,,Area_Planted,400.0,ha,Actual,PL4
3291cd4fc16be8ec,2012,8,Bến Tre,Provincial,Cultivation,Lúa,,Area_Planted,674.0,ha,Actual,PL4
3291cd4fc16be8ec,2012,8,Bến Tre,Provincial,Cultivation,Lúa,,Area_Planted,496.0,ha,Actual,PL4
3291cd4fc16be8ec,2012,8,Bến Tre,Provincial,Cultivation,Lúa,,Area_Planted,99.0,ha,Actual,PL4
3291cd4fc16be8ec,2012,8,Bến Tre,Provincial,Cultivation,Lúa,,Area_Planted,79.0,ha,Actual,PL4
99809fcd399afd1f,2012,8,Trà Vinh,Provincial,Cultivation,Lúa,,Area_Planted,42416.0,ha,Actual,PL4
99809fcd399afd1f,2012,8,Trà Vinh,Provincial,Cultivation,Lúa,,Area_Planted,529.0,ha,Actual,PL4
99809fcd399afd1f,2012,8,Trà Vinh,Provincial,Cultivation,Lúa,,Area_Planted,552.0,ha,Actual,PL4
99809fcd399afd1f,2012,8,Trà Vinh,Provincial,Cultivation,Lúa,,Area_Planted,552.0,ha,Actual,PL4
99809fcd399afd1f,2012,8,Trà Vinh,Provincial,Cultivation,Lúa,,Area_Planted,6540.0,ha,Actual,PL4
99809fcd399afd1f,2012,8,Trà Vinh,Provincial,Cultivation,Lúa,,Area_Planted,4072.0,ha,Actual,PL4
99809fcd399afd1f,2012,8,Trà Vinh,Provincial,Cultivation,Lúa,,Area_Planted,1224.0,ha,Actual,PL4
99809fcd399afd1f,2012,8,Trà Vinh,Provincial,Cultivation,Lúa,,Area_Planted,734.0,ha,Actual,PL4
99809fcd399afd1f,2012,8,Trà Vinh,Provincial,Cultivation,Lúa,,Area_Planted,510.0,ha,Actual,PL4
d939c5b54b5d1d89,2012,8,Vĩnh Long,Provincial,Cultivation,Lúa,,Area_Planted,60282.0,ha,Actual,PL4
d939c5b54b5d1d89,2012,8,Vĩnh Long,Provincial,Cultivation,Lúa,,Area_Planted,1000.0,ha,Actual,PL4
d939c5b54b5d1d89,2012,8,Vĩnh Long,Provincial,Cultivation,Lúa,,Area_Planted,595.0,ha,Actual,PL4
d939c5b54b5d1d89,2012,8,Vĩnh Long,Provincial,Cultivation,Lúa,,Area_Planted,595.0,ha,Actual,PL4
d939c5b54b5d1d89,2012,8,Vĩnh Long,Provincial,Cultivation,Lúa,,Area_Planted,11569.0,ha,Actual,PL4
d939c5b54b5d1d89,2012,8,Vĩnh Long,Provincial,Cultivation,Lúa,,Area_Planted,1577.0,ha,Actual,PL4
d939c5b54b5d1d89,2012,8,Vĩnh Long,Provincial,Cultivation,Lúa,,Area_Planted,9643.0,ha,Actual,PL4
d939c5b54b5d1d89,2012,8,Vĩnh Long,Provincial,Cultivation,Lúa,,Area_Planted,109.0,ha,Actual,PL4
d939c5b54b5d1d89,2012,8,Vĩnh Long,Provincial,Cultivation,Lúa,,Area_Planted,241.0,ha,Actual,PL4
8678314cd76ff97b,2012,8,Đồng Tháp,Provincial,Cultivation,Lúa,,Area_Planted,196326.0,ha,Actual,PL4
8678314cd76ff97b,2012,8,Đồng Tháp,Provincial,Cultivation,Lúa,,Area_Planted,987.0,ha,Actual,PL4
8678314cd76ff97b,2012,8,Đồng Tháp,Provincial,Cultivation,Lúa,,Area_Planted,557.0,ha,Actual,PL4
8678314cd76ff97b,2012,8,Đồng Tháp,Provincial,Cultivation,Lúa,,Area_Planted,557.0,ha,Actual,PL4
8678314cd76ff97b,2012,8,Đồng Tháp,Provincial,Cultivation,Lúa,,Area_Planted,8194.0,ha,Actual,PL4
8678314cd76ff97b,2012,8,Đồng Tháp,Provincial,Cultivation,Lúa,,Area_Planted,4724.0,ha,Actual,PL4
8678314cd76ff97b,2012,8,Đồng Tháp,Provincial,Cultivation,Lúa,,Area_Planted,2419.0,ha,Actual,PL4
8678314cd76ff97b,2012,8,Đồng Tháp,Provincial,Cultivation,Lúa,,Area_Planted,1051.0,ha,Actual,PL4
faa18f234f6569b6,2012,8,An Giang,Provincial,Cultivation,Lúa,,Area_Planted,215437.0,ha,Actual,PL4
faa18f234f6569b6,2012,8,An Giang,Provincial,Cultivation,Lúa,,Area_Planted,921.0,ha,Actual,PL4
faa18f234f6569b6,2012,8,An Giang,Provincial,Cultivation,Lúa,,Area_Planted,576.0,ha,Actual,PL4
faa18f234f6569b6,2012,8,An Giang,Provincial,Cultivation,Lúa,,Area_Planted,576.0,ha,Actual,PL4
faa18f234f6569b6,2012,8,An Giang,Provincial,Cultivation,Lúa,,Area_Planted,10845.0,ha,Actual,PL4
faa18f234f6569b6,2012,8,An Giang,Provincial,Cultivation,Lúa,,Area_Planted,7789.0,ha,Actual,PL4
faa18f234f6569b6,2012,8,An Giang,Provincial,Cultivation,Lúa,,Area_Planted,660.0,ha,Actual,PL4
faa18f234f6569b6,2012,8,An Giang,Provincial,Cultivation,Lúa,,Area_Planted,1047.0,ha,Actual,PL4
faa18f234f6569b6,2012,8,An Giang,Provincial,Cultivation,Lúa,,Area_Planted,1349.0,ha,Actual,PL4
2b91934066e2f0fc,2012,8,Kiên Giang,Provincial,Cultivation,Lúa,,Area_Planted,198168.0,ha,Actual,PL4
2b91934066e2f0fc,2012,8,Kiên Giang,Provincial,Cultivation,Lúa,,Area_Planted,687.0,ha,Actual,PL4
2b91934066e2f0fc,2012,8,Kiên Giang,Provincial,Cultivation,Lúa,,Area_Planted,521.0,ha,Actual,PL4
2b91934066e2f0fc,2012,8,Kiên Giang,Provincial,Cultivation,Lúa,,Area_Planted,521.0,ha,Actual,PL4
2b91934066e2f0fc,2012,8,Kiên Giang,Provincial,Cultivation,Lúa,,Area_Planted,1362.0,ha,Actual,PL4
2b91934066e2f0fc,2012,8,Kiên Giang,Provincial,Cultivation,Lúa,,Area_Planted,952.0,ha,Actual,PL4
2b91934066e2f0fc,2012,8,Kiên Giang,Provincial,Cultivation,Lúa,,Area_Planted,410.0,ha,Actual,PL4
2baaf458b71d1f79,2012,8,Cần Thơ,Provincial,Cultivation,Lúa,,Area_Planted,82135.0,ha,Actual,PL4
2baaf458b71d1f79,2012,8,Cần Thơ,Provincial,Cultivation,Lúa,,Area_Planted,1000.0,ha,Actual,PL4
2baaf458b71d1f79,2012,8,Cần Thơ,Provincial,Cultivation,Lúa,,Area_Planted,532.0,ha,Actual,PL4
2baaf458b71d1f79,2012,8,Cần Thơ,Provincial,Cultivation,Lúa,,Area_Planted,532.0,ha,Actual,PL4
2baaf458b71d1f79,2012,8,Cần Thơ,Provincial,Cultivation,Lúa,,Area_Planted,1867.0,ha,Actual,PL4
2baaf458b71d1f79,2012,8,Cần Thơ,Provincial,Cultivation,Lúa,,Area_Planted,932.0,ha,Actual,PL4
2baaf458b71d1f79,2012,8,Cần Thơ,Provincial,Cultivation,Lúa,,Area_Planted,935.0,ha,Actual,PL4
818439dabb1a7777,2012,8,Hậu Giang,Provincial,Cultivation,Lúa,,Area_Planted,73001.0,ha,Actual,PL4
818439dabb1a7777,2012,8,Hậu Giang,Provincial,Cultivation,Lúa,,Area_Planted,943.0,ha,Actual,PL4
818439dabb1a7777,2012,8,Hậu Giang,Provincial,Cultivation,Lúa,,Area_Planted,552.0,ha,Actual,PL4
818439dabb1a7777,2012,8,Hậu Giang,Provincial,Cultivation,Lúa,,Area_Planted,552.0,ha,Actual,PL4
818439dabb1a7777,2012,8,Hậu Giang,Provincial,Cultivation,Lúa,,Area_Planted,2876.0,ha,Actual,PL4
818439dabb1a7777,2012,8,Hậu Giang,Provincial,Cultivation,Lúa,,Area_Planted,2655.0,ha,Actual,PL4
818439dabb1a7777,2012,8,Hậu Giang,Provincial,Cultivation,Lúa,,Area_Planted,221.0,ha,Actual,PL4
1bc1f4a59a239666,2012,8,Sóc Trăng,Provincial,Cultivation,Lúa,,Area_Planted,100884.0,ha,Actual,PL4
1bc1f4a59a239666,2012,8,Sóc Trăng,Provincial,Cultivation,Lúa,,Area_Planted,503.0,ha,Actual,PL4
1bc1f4a59a239666,2012,8,Sóc Trăng,Provincial,Cultivation,Lúa,,Area_Planted,669.0,ha,Actual,PL4
1bc1f4a59a239666,2012,8,Sóc Trăng,Provincial,Cultivation,Lúa,,Area_Planted,669.0,ha,Actual,PL4
1bc1f4a59a239666,2012,8,Sóc Trăng,Provincial,Cultivation,Lúa,,Area_Planted,6894.0,ha,Actual,PL4
1bc1f4a59a239666,2012,8,Sóc Trăng,Provincial,Cultivation,Lúa,,Area_Planted,3780.0,ha,Actual,PL4
1bc1f4a59a239666,2012,8,Sóc Trăng,Provincial,Cultivation,Lúa,,Area_Planted,1559.0,ha,Actual,PL4
1bc1f4a59a239666,2012,8,Sóc Trăng,Provincial,Cultivation,Lúa,,Area_Planted,729.0,ha,Actual,PL4
1bc1f4a59a239666,2012,8,Sóc Trăng,Provincial,Cultivation,Lúa,,Area_Planted,826.0,ha,Actual,PL4
3494d2340cc750d2,2012,8,Bạc Liêu,Provincial,Cultivation,Lúa,,Area_Planted,50000.0,ha,Actual,PL4
3494d2340cc750d2,2012,8,Bạc Liêu,Provincial,Cultivation,Lúa,,Area_Planted,896.0,ha,Actual,PL4
3494d2340cc750d2,2012,8,Bạc Liêu,Provincial,Cultivation,Lúa,,Area_Planted,533.0,ha,Actual,PL4
3494d2340cc750d2,2012,8,Bạc Liêu,Provincial,Cultivation,Lúa,,Area_Planted,533.0,ha,Actual,PL4
3494d2340cc750d2,2012,8,Bạc Liêu,Provincial,Cultivation,Lúa,,Area_Planted,718.0,ha,Actual,PL4
3494d2340cc750d2,2012,8,Bạc Liêu,Provincial,Cultivation,Lúa,,Area_Planted,108.0,ha,Actual,PL4
3494d2340cc750d2,2012,8,Bạc Liêu,Provincial,Cultivation,Lúa,,Area_Planted,610.0,ha,Actual,PL4
c8b276c7c5daee13,2012,8,Cà Mau,Provincial,Cultivation,Lúa,,Area_Planted,1632.0,ha,Actual,PL4
c8b276c7c5daee13,2012,8,Cà Mau,Provincial,Cultivation,Lúa,,Area_Planted,45.0,ha,Actual,PL4
c8b276c7c5daee13,2012,8,Cà Mau,Provincial,Cultivation,Lúa,,Area_Planted,472.0,ha,Actual,PL4
c8b276c7c5daee13,2012,8,Cà Mau,Provincial,Cultivation,Lúa,,Area_Planted,16184.0,ha,Actual,PL4
29ae1c93363f1c5d,2012,8,Miền Nam,Provincial,Cultivation,Lúa,,Area_Planted,235834.0,ha,Actual,PL5
07dbfa755751cfee,2012,8,Miền Nam,Provincial,Cultivation,Đậu,,Area_Planted,12548.0,ha,Actual,PL5
e911a4a8ea294698,2012,8,Miền Nam,Provincial,Cultivation,Lạc,,Area_Planted,54829.0,ha,Actual,PL5
29ae1c93363f1c5d,2012,8,Miền Nam,Provincial,Cultivation,Lúa,,Area_Planted,27097.0,ha,Actual,PL5
82c5bda2800b19db,2012,8,Miền Nam,Provincial,Cultivation,Thuốc lá,,Area_Planted,4571.0,ha,Actual,PL5
d925d6990b5f3c8b,2012,8,Miền Nam,Provincial,Cultivation,Mía,,Area_Planted,133160.0,ha,Actual,PL5
29ae1c93363f1c5d,2012,8,Miền Nam,Provincial,Cultivation,Lúa,,Area_Planted,687.0,ha,Actual,PL5
29ae1c93363f1c5d,2012,8,Miền Nam,Provincial,Cultivation,Lúa,,Area_Planted,2942.0,ha,Actual,PL5
29ae1c93363f1c5d,2012,8,Miền Nam,Provincial,Cultivation,Lúa,,Area_Planted,338043.0,ha,Actual,PL5
29ae1c93363f1c5d,2012,8,Miền Nam,Provincial,Cultivation,Lúa,,Area_Planted,81477.0,ha,Actual,PL5
cbf5e858245b7d91,2012,8,D.H Nam TB,Provincial,Cultivation,Lúa,,Area_Planted,92010.0,ha,Actual,PL5
b23eea340db76661,2012,8,D.H Nam TB,Provincial,Cultivation,Đậu,,Area_Planted,759.0,ha,Actual,PL5
03b4628aa6916b0d,2012,8,D.H Nam TB,Provincial,Cultivation,Lạc,,Area_Planted,29511.0,ha,Actual,PL5
cbf5e858245b7d91,2012,8,D.H Nam TB,Provincial,Cultivation,Lúa,,Area_Planted,12276.0,ha,Actual,PL5
ee8174078c6e3335,2012,8,D.H Nam TB,Provincial,Cultivation,Thuốc lá,,Area_Planted,1288.0,ha,Actual,PL5
ff96db731cf85a79,2012,8,D.H Nam TB,Provincial,Cultivation,Mía,,Area_Planted,47705.0,ha,Actual,PL5
cbf5e858245b7d91,2012,8,D.H Nam TB,Provincial,Cultivation,Lúa,,Area_Planted,409.0,ha,Actual,PL5
cbf5e858245b7d91,2012,8,D.H Nam TB,Provincial,Cultivation,Lúa,,Area_Planted,62.0,ha,Actual,PL5
cbf5e858245b7d91,2012,8,D.H Nam TB,Provincial,Cultivation,Lúa,,Area_Planted,35078.0,ha,Actual,PL5
cbf5e858245b7d91,2012,8,D.H Nam TB,Provincial,Cultivation,Lúa,,Area_Planted,20286.0,ha,Actual,PL5
e889940122a5b1f6,2012,8,TP Đà Nẵng,Provincial,Cultivation,Lúa,,Area_Planted,905.0,ha,Actual,PL5
da1d05d0fda78f3b,2012,8,TP Đà Nẵng,Provincial,Cultivation,Lạc,,Area_Planted,671.0,ha,Actual,PL5
ce15ea3335b8150c,2012,8,TP Đà Nẵng,Provincial,Cultivation,Mía,,Area_Planted,234.0,ha,Actual,PL5
e889940122a5b1f6,2012,8,TP Đà Nẵng,Provincial,Cultivation,Lúa,,Area_Planted,157.0,ha,Actual,PL5
e889940122a5b1f6,2012,8,TP Đà Nẵng,Provincial,Cultivation,Lúa,,Area_Planted,33.0,ha,Actual,PL5
be7257e489c786cc,2012,8,Quảng Nam,Provincial,Cultivation,Lúa,,Area_Planted,14612.0,ha,Actual,PL5
2e124028d99d2d80,2012,8,Quảng Nam,Provincial,Cultivation,Đậu,,Area_Planted,50.0,ha,Actual,PL5
2cdaa67be6de8a35,2012,8,Quảng Nam,Provincial,Cultivation,Lạc,,Area_Planted,11546.0,ha,Actual,PL5
be7257e489c786cc,2012,8,Quảng Nam,Provincial,Cultivation,Lúa,,Area_Planted,2401.0,ha,Actual,PL5
3fbbdd79eb53f69c,2012,8,Quảng Nam,Provincial,Cultivation,Thuốc lá,,Area_Planted,136.0,ha,Actual,PL5
3efad5e2adcd4ef9,2012,8,Quảng Nam,Provincial,Cultivation,Mía,,Area_Planted,341.0,ha,Actual,PL5
be7257e489c786cc,2012,8,Quảng Nam,Provincial,Cultivation,Lúa,,Area_Planted,119.0,ha,Actual,PL5
be7257e489c786cc,2012,8,Quảng Nam,Provincial,Cultivation,Lúa,,Area_Planted,19.0,ha,Actual,PL5
be7257e489c786cc,2012,8,Quảng Nam,Provincial,Cultivation,Lúa,,Area_Planted,13690.0,ha,Actual,PL5
be7257e489c786cc,2012,8,Quảng Nam,Provincial,Cultivation,Lúa,,Area_Planted,6859.0,ha,Actual,PL5
7a60bcb369cce12f,2012,8,Quảng Ngãi,Provincial,Cultivation,Lúa,,Area_Planted,8900.0,ha,Actual,PL5
a326135cf167847d,2012,8,Quảng Ngãi,Provincial,Cultivation,Lạc,,Area_Planted,4150.0,ha,Actual,PL5
dda5139b2dd14ea0,2012,8,Quảng Ngãi,Provincial,Cultivation,Mía,,Area_Planted,4750.0,ha,Actual,PL5
7a60bcb369cce12f,2012,8,Quảng Ngãi,Provincial,Cultivation,Lúa,,Area_Planted,4430.0,ha,Actual,PL5
7a60bcb369cce12f,2012,8,Quảng Ngãi,Provincial,Cultivation,Lúa,,Area_Planted,1456.0,ha,Actual,PL5
ba28a7bc2be488a0,2012,8,Bình Định,Provincial,Cultivation,Lúa,,Area_Planted,10550.0,ha,Actual,PL5
f6a1479b6102eef7,2012,8,Bình Định,Provincial,Cultivation,Đậu,,Area_Planted,420.0,ha,Actual,PL5
21f835aaf0e9fa58,2012,8,Bình Định,Provincial,Cultivation,Lạc,,Area_Planted,8355.0,ha,Actual,PL5
ba28a7bc2be488a0,2012,8,Bình Định,Provincial,Cultivation,Lúa,,Area_Planted,1775.0,ha,Actual,PL5
ba28a7bc2be488a0,2012,8,Bình Định,Provincial,Cultivation,Lúa,,Area_Planted,4423.0,ha,Actual,PL5
ba28a7bc2be488a0,2012,8,Bình Định,Provincial,Cultivation,Lúa,,Area_Planted,809.0,ha,Actual,PL5
d3252459d28b8bb3,2012,8,Phú Yên,Provincial,Cultivation,Lúa,,Area_Planted,26799.0,ha,Actual,PL5
63fe34279eca23bd,2012,8,Phú Yên,Provincial,Cultivation,Đậu,,Area_Planted,271.0,ha,Actual,PL5
8d1665b13c4d1da0,2012,8,Phú Yên,Provincial,Cultivation,Lạc,,Area_Planted,847.0,ha,Actual,PL5
d3252459d28b8bb3,2012,8,Phú Yên,Provincial,Cultivation,Lúa,,Area_Planted,2604.0,ha,Actual,PL5
0e1004de52f4d483,2012,8,Phú Yên,Provincial,Cultivation,Thuốc lá,,Area_Planted,371.0,ha,Actual,PL5
37e9db3182f90eb4,2012,8,Phú Yên,Provincial,Cultivation,Mía,,Area_Planted,22414.0,ha,Actual,PL5
d3252459d28b8bb3,2012,8,Phú Yên,Provincial,Cultivation,Lúa,,Area_Planted,249.0,ha,Actual,PL5
d3252459d28b8bb3,2012,8,Phú Yên,Provincial,Cultivation,Lúa,,Area_Planted,43.0,ha,Actual,PL5
d3252459d28b8bb3,2012,8,Phú Yên,Provincial,Cultivation,Lúa,,Area_Planted,3766.0,ha,Actual,PL5
d3252459d28b8bb3,2012,8,Phú Yên,Provincial,Cultivation,Lúa,,Area_Planted,3325.0,ha,Actual,PL5
2a47ce583549aec8,2012,8,Khánh Hoà,Provincial,Cultivation,Lúa,,Area_Planted,17898.0,ha,Actual,PL5
1b48da5a8683158b,2012,8,Khánh Hoà,Provincial,Cultivation,Đậu,,Area_Planted,18.0,ha,Actual,PL5
66dc1364a14e15b8,2012,8,Khánh Hoà,Provincial,Cultivation,Lạc,,Area_Planted,257.0,ha,Actual,PL5
2a47ce583549aec8,2012,8,Khánh Hoà,Provincial,Cultivation,Lúa,,Area_Planted,136.0,ha,Actual,PL5
7266ed951c8bc3a3,2012,8,Khánh Hoà,Provincial,Cultivation,Thuốc lá,,Area_Planted,250.0,ha,Actual,PL5
2b06b09039ab13a6,2012,8,Khánh Hoà,Provincial,Cultivation,Mía,,Area_Planted,17237.0,ha,Actual,PL5
2a47ce583549aec8,2012,8,Khánh Hoà,Provincial,Cultivation,Lúa,,Area_Planted,3737.0,ha,Actual,PL5
2a47ce583549aec8,2012,8,Khánh Hoà,Provincial,Cultivation,Lúa,,Area_Planted,1063.0,ha,Actual,PL5
654f5b5ba51c8fb1,2012,8,Ninh Thuận,Provincial,Cultivation,Lúa,,Area_Planted,3919.0,ha,Actual,PL5
8fa860ecc9d84029,2012,8,Ninh Thuận,Provincial,Cultivation,Lạc,,Area_Planted,286.0,ha,Actual,PL5
654f5b5ba51c8fb1,2012,8,Ninh Thuận,Provincial,Cultivation,Lúa,,Area_Planted,411.0,ha,Actual,PL5
deddd064bde1eff9,2012,8,Ninh Thuận,Provincial,Cultivation,Thuốc lá,,Area_Planted,452.0,ha,Actual,PL5
469ab4f123eb2602,2012,8,Ninh Thuận,Provincial,Cultivation,Mía,,Area_Planted,2729.0,ha,Actual,PL5
654f5b5ba51c8fb1,2012,8,Ninh Thuận,Provincial,Cultivation,Lúa,,Area_Planted,41.0,ha,Actual,PL5
654f5b5ba51c8fb1,2012,8,Ninh Thuận,Provincial,Cultivation,Lúa,,Area_Planted,2317.0,ha,Actual,PL5
654f5b5ba51c8fb1,2012,8,Ninh Thuận,Provincial,Cultivation,Lúa,,Area_Planted,2392.0,ha,Actual,PL5
0f8d5f5a56b41fe4,2012,8,Bình Thuận,Provincial,Cultivation,Lúa,,Area_Planted,8427.0,ha,Actual,PL5
a71ec13924f072c6,2012,8,Bình Thuận,Provincial,Cultivation,Lạc,,Area_Planted,3399.0,ha,Actual,PL5
0f8d5f5a56b41fe4,2012,8,Bình Thuận,Provincial,Cultivation,Lúa,,Area_Planted,4949.0,ha,Actual,PL5
64dbda0a56f6c024,2012,8,Bình Thuận,Provincial,Cultivation,Thuốc lá,,Area_Planted,79.0,ha,Actual,PL5
0f8d5f5a56b41fe4,2012,8,Bình Thuận,Provincial,Cultivation,Lúa,,Area_Planted,2558.0,ha,Actual,PL5
0f8d5f5a56b41fe4,2012,8,Bình Thuận,Provincial,Cultivation,Lúa,,Area_Planted,4349.0,ha,Actual,PL5
571bdd733c5309ae,2012,8,Tây Nguyên,Provincial,Cultivation,Lúa,,Area_Planted,34723.0,ha,Actual,PL5
d8953c51e7592ef6,2012,8,Tây Nguyên,Provincial,Cultivation,Đậu,,Area_Planted,8609.0,ha,Actual,PL5
2b6df56e9de242ff,2012,8,Tây Nguyên,Provincial,Cultivation,Lạc,,Area_Planted,8685.0,ha,Actual,PL5
571bdd733c5309ae,2012,8,Tây Nguyên,Provincial,Cultivation,Lúa,,Area_Planted,3287.0,ha,Actual,PL5
91706db269988cc8,2012,8,Tây Nguyên,Provincial,Cultivation,Thuốc lá,,Area_Planted,83.0,ha,Actual,PL5
4f2f642a2a9b8e6d,2012,8,Tây Nguyên,Provincial,Cultivation,Mía,,Area_Planted,13781.0,ha,Actual,PL5
571bdd733c5309ae,2012,8,Tây Nguyên,Provincial,Cultivation,Lúa,,Area_Planted,278.0,ha,Actual,PL5
571bdd733c5309ae,2012,8,Tây Nguyên,Provincial,Cultivation,Lúa,,Area_Planted,43510.0,ha,Actual,PL5
571bdd733c5309ae,2012,8,Tây Nguyên,Provincial,Cultivation,Lúa,,Area_Planted,41348.0,ha,Actual,PL5
f0ddb589c13268cd,2012,8,Kon Tum,Provincial,Cultivation,Lúa,,Area_Planted,83.0,ha,Actual,PL5
c40ea0df877d0b2f,2012,8,Kon Tum,Provincial,Cultivation,Lạc,,Area_Planted,83.0,ha,Actual,PL5
f0ddb589c13268cd,2012,8,Kon Tum,Provincial,Cultivation,Lúa,,Area_Planted,901.0,ha,Actual,PL5
f0ddb589c13268cd,2012,8,Kon Tum,Provincial,Cultivation,Lúa,,Area_Planted,297.0,ha,Actual,PL5
3853424aa5dd0dae,2012,8,Gia Lai,Provincial,Cultivation,Lúa,,Area_Planted,4504.0,ha,Actual,PL5
d77fd01c50e2efdd,2012,8,Gia Lai,Provincial,Cultivation,Lạc,,Area_Planted,1376.0,ha,Actual,PL5
3853424aa5dd0dae,2012,8,Gia Lai,Provincial,Cultivation,Lúa,,Area_Planted,2817.0,ha,Actual,PL5
fde8712018ec66c0,2012,8,Gia Lai,Provincial,Cultivation,Thuốc lá,,Area_Planted,33.0,ha,Actual,PL5
3853424aa5dd0dae,2012,8,Gia Lai,Provincial,Cultivation,Lúa,,Area_Planted,278.0,ha,Actual,PL5
3853424aa5dd0dae,2012,8,Gia Lai,Provincial,Cultivation,Lúa,,Area_Planted,12224.0,ha,Actual,PL5
3853424aa5dd0dae,2012,8,Gia Lai,Provincial,Cultivation,Lúa,,Area_Planted,14709.0,ha,Actual,PL5
35525edb786c5a47,2012,8,Đắc Lắc,Provincial,Cultivation,Lúa,,Area_Planted,21881.0,ha,Actual,PL5
a82fb496405e55c5,2012,8,Đắc Lắc,Provincial,Cultivation,Đậu,,Area_Planted,4800.0,ha,Actual,PL5
2b10d216ebb686c0,2012,8,Đắc Lắc,Provincial,Cultivation,Lạc,,Area_Planted,3341.0,ha,Actual,PL5
35525edb786c5a47,2012,8,Đắc Lắc,Provincial,Cultivation,Lúa,,Area_Planted,470.0,ha,Actual,PL5
73ea95c27e99683b,2012,8,Đắc Lắc,Provincial,Cultivation,Thuốc lá,,Area_Planted,50.0,ha,Actual,PL5
9c0dafb738595c68,2012,8,Đắc Lắc,Provincial,Cultivation,Mía,,Area_Planted,13220.0,ha,Actual,PL5
35525edb786c5a47,2012,8,Đắc Lắc,Provincial,Cultivation,Lúa,,Area_Planted,3986.0,ha,Actual,PL5
35525edb786c5a47,2012,8,Đắc Lắc,Provincial,Cultivation,Lúa,,Area_Planted,20726.0,ha,Actual,PL5
d537071d9586bb3d,2012,8,Đắc Nông,Provincial,Cultivation,Lúa,,Area_Planted,8255.0,ha,Actual,PL5
7d9cbe7dc029e223,2012,8,Đắc Nông,Provincial,Cultivation,Đậu,,Area_Planted,3809.0,ha,Actual,PL5
28e4b43e35113db4,2012,8,Đắc Nông,Provincial,Cultivation,Lạc,,Area_Planted,3885.0,ha,Actual,PL5
8a9c246e6f5a471c,2012,8,Đắc Nông,Provincial,Cultivation,Mía,,Area_Planted,561.0,ha,Actual,PL5
d537071d9586bb3d,2012,8,Đắc Nông,Provincial,Cultivation,Lúa,,Area_Planted,1213.0,ha,Actual,PL5
d537071d9586bb3d,2012,8,Đắc Nông,Provincial,Cultivation,Lúa,,Area_Planted,4604.0,ha,Actual,PL5
4658844acea50afe,2012,8,Lâm Đồng,Provincial,Cultivation,Lúa,,Area_Planted,25186.0,ha,Actual,PL5
4658844acea50afe,2012,8,Lâm Đồng,Provincial,Cultivation,Lúa,,Area_Planted,1012.0,ha,Actual,PL5
bc49b492f8ccc94c,2012,8,Đông Nam Bộ,Provincial,Cultivation,Lúa,,Area_Planted,20493.0,ha,Actual,PL5
5d230d2591dbfa58,2012,8,Đông Nam Bộ,Provincial,Cultivation,Đậu,,Area_Planted,251.0,ha,Actual,PL5
91f5abec2e05de06,2012,8,Đông Nam Bộ,Provincial,Cultivation,Lạc,,Area_Planted,3846.0,ha,Actual,PL5
bc49b492f8ccc94c,2012,8,Đông Nam Bộ,Provincial,Cultivation,Lúa,,Area_Planted,914.0,ha,Actual,PL5
0f9eacceba2be26b,2012,8,Đông Nam Bộ,Provincial,Cultivation,Thuốc lá,,Area_Planted,3083.0,ha,Actual,PL5
70281b7804370708,2012,8,Đông Nam Bộ,Provincial,Cultivation,Mía,,Area_Planted,12399.0,ha,Actual,PL5
bc49b492f8ccc94c,2012,8,Đông Nam Bộ,Provincial,Cultivation,Lúa,,Area_Planted,43102.0,ha,Actual,PL5
bc49b492f8ccc94c,2012,8,Đông Nam Bộ,Provincial,Cultivation,Lúa,,Area_Planted,9821.0,ha,Actual,PL5
a59e47c64b9fd017,2012,8,Bình Phước,Provincial,Cultivation,Lúa,,Area_Planted,684.0,ha,Actual,PL5
9a4e07ca636fe2a1,2012,8,Bình Phước,Provincial,Cultivation,Đậu,,Area_Planted,125.0,ha,Actual,PL5
6ba521cb32766228,2012,8,Bình Phước,Provincial,Cultivation,Lạc,,Area_Planted,531.0,ha,Actual,PL5
a59e47c64b9fd017,2012,8,Bình Phước,Provincial,Cultivation,Lúa,,Area_Planted,28.0,ha,Actual,PL5
a59e47c64b9fd017,2012,8,Bình Phước,Provincial,Cultivation,Lúa,,Area_Planted,2808.0,ha,Actual,PL5
a59e47c64b9fd017,2012,8,Bình Phước,Provincial,Cultivation,Lúa,,Area_Planted,1370.0,ha,Actual,PL5
aacc33c8d9b1a771,2012,8,Tây Ninh,Provincial,Cultivation,Lúa,,Area_Planted,9837.0,ha,Actual,PL5
93a201749b280c42,2012,8,Tây Ninh,Provincial,Cultivation,Lạc,,Area_Planted,2218.0,ha,Actual,PL5
aacc33c8d9b1a771,2012,8,Tây Ninh,Provincial,Cultivation,Lúa,,Area_Planted,850.0,ha,Actual,PL5
88b965208229259d,2012,8,Tây Ninh,Provincial,Cultivation,Thuốc lá,,Area_Planted,2933.0,ha,Actual,PL5
f82f7c55b32bd8e7,2012,8,Tây Ninh,Provincial,Cultivation,Mía,,Area_Planted,3836.0,ha,Actual,PL5
aacc33c8d9b1a771,2012,8,Tây Ninh,Provincial,Cultivation,Lúa,,Area_Planted,15799.0,ha,Actual,PL5
aacc33c8d9b1a771,2012,8,Tây Ninh,Provincial,Cultivation,Lúa,,Area_Planted,5160.0,ha,Actual,PL5
7823d6c113f41f97,2012,8,Bình Dương,Provincial,Cultivation,Lúa,,Area_Planted,148.0,ha,Actual,PL5
c368ef97af0e93c7,2012,8,Bình Dương,Provincial,Cultivation,Lạc,,Area_Planted,148.0,ha,Actual,PL5
7823d6c113f41f97,2012,8,Bình Dương,Provincial,Cultivation,Lúa,,Area_Planted,3087.0,ha,Actual,PL5
7823d6c113f41f97,2012,8,Bình Dương,Provincial,Cultivation,Lúa,,Area_Planted,68.0,ha,Actual,PL5
6533bd1da66f09e8,2012,8,Đồng Nai,Provincial,Cultivation,Lúa,,Area_Planted,6578.0,ha,Actual,PL5
8a7e7454dcb7095d,2012,8,Đồng Nai,Provincial,Cultivation,Đậu,,Area_Planted,126.0,ha,Actual,PL5
803c4584491a3221,2012,8,Đồng Nai,Provincial,Cultivation,Lạc,,Area_Planted,341.0,ha,Actual,PL5
6533bd1da66f09e8,2012,8,Đồng Nai,Provincial,Cultivation,Lúa,,Area_Planted,36.0,ha,Actual,PL5
452270c46087ee5b,2012,8,Đồng Nai,Provincial,Cultivation,Thuốc lá,,Area_Planted,23.0,ha,Actual,PL5
8c92e690709da3b0,2012,8,Đồng Nai,Provincial,Cultivation,Mía,,Area_Planted,6052.0,ha,Actual,PL5
6533bd1da66f09e8,2012,8,Đồng Nai,Provincial,Cultivation,Lúa,,Area_Planted,4094.0,ha,Actual,PL5
6533bd1da66f09e8,2012,8,Đồng Nai,Provincial,Cultivation,Lúa,,Area_Planted,1943.0,ha,Actual,PL5
0bc840ac18d9dabb,2012,8,Bà Rịa-V.Tàu,Provincial,Cultivation,Lúa,,Area_Planted,1104.0,ha,Actual,PL5
82dae524c5df1930,2012,8,Bà Rịa-V.Tàu,Provincial,Cultivation,Lạc,,Area_Planted,608.0,ha,Actual,PL5
517909ff0d546c4b,2012,8,Bà Rịa-V.Tàu,Provincial,Cultivation,Thuốc lá,,Area_Planted,127.0,ha,Actual,PL5
e7cc7039d37f7496,2012,8,Bà Rịa-V.Tàu,Provincial,Cultivation,Mía,,Area_Planted,369.0,ha,Actual,PL5
0bc840ac18d9dabb,2012,8,Bà Rịa-V.Tàu,Provincial,Cultivation,Lúa,,Area_Planted,5817.0,ha,Actual,PL5
0bc840ac18d9dabb,2012,8,Bà Rịa-V.Tàu,Provincial,Cultivation,Lúa,,Area_Planted,1280.0,ha,Actual,PL5
16678f988406920a,2012,8,TP Hồ Chí Minh,Provincial,Cultivation,Lúa,,Area_Planted,2142.0,ha,Actual,PL5
08a21ee0cf542cd8,2012,8,TP Hồ Chí Minh,Provincial,Cultivation,Mía,,Area_Planted,2142.0,ha,Actual,PL5
16678f988406920a,2012,8,TP Hồ Chí Minh,Provincial,Cultivation,Lúa,,Area_Planted,11497.0,ha,Actual,PL5
f5d2bb3f8a2006bd,2012,8,ĐBS Cửu Long,Provincial,Cultivation,Lúa,,Area_Planted,88609.0,ha,Actual,PL5
95c0abb401ea9ec4,2012,8,ĐBS Cửu Long,Provincial,Cultivation,Đậu,,Area_Planted,2928.0,ha,Actual,PL5
41a9f2cb527c4a34,2012,8,ĐBS Cửu Long,Provincial,Cultivation,Lạc,,Area_Planted,12788.0,ha,Actual,PL5
f5d2bb3f8a2006bd,2012,8,ĐBS Cửu Long,Provincial,Cultivation,Lúa,,Area_Planted,10620.0,ha,Actual,PL5
330e9f3d60e1ff2a,2012,8,ĐBS Cửu Long,Provincial,Cultivation,Thuốc lá,,Area_Planted,117.0,ha,Actual,PL5
7550bb75635c4736,2012,8,ĐBS Cửu Long,Provincial,Cultivation,Mía,,Area_Planted,59275.0,ha,Actual,PL5
f5d2bb3f8a2006bd,2012,8,ĐBS Cửu Long,Provincial,Cultivation,Lúa,,Area_Planted,2880.0,ha,Actual,PL5
f5d2bb3f8a2006bd,2012,8,ĐBS Cửu Long,Provincial,Cultivation,Lúa,,Area_Planted,216354.0,ha,Actual,PL5
f5d2bb3f8a2006bd,2012,8,ĐBS Cửu Long,Provincial,Cultivation,Lúa,,Area_Planted,10021.0,ha,Actual,PL5
780d3c8bebeaf381,2012,8,Long An,Provincial,Cultivation,Lúa,,Area_Planted,22663.0,ha,Actual,PL5
99867274d0a28f93,2012,8,Long An,Provincial,Cultivation,Lạc,,Area_Planted,6982.0,ha,Actual,PL5
780d3c8bebeaf381,2012,8,Long An,Provincial,Cultivation,Lúa,,Area_Planted,874.0,ha,Actual,PL5
f371a9f78150e525,2012,8,Long An,Provincial,Cultivation,Thuốc lá,,Area_Planted,83.0,ha,Actual,PL5
55e86c212b5f78f1,2012,8,Long An,Provincial,Cultivation,Mía,,Area_Planted,13550.0,ha,Actual,PL5
780d3c8bebeaf381,2012,8,Long An,Provincial,Cultivation,Lúa,,Area_Planted,1174.0,ha,Actual,PL5
780d3c8bebeaf381,2012,8,Long An,Provincial,Cultivation,Lúa,,Area_Planted,11083.0,ha,Actual,PL5
780d3c8bebeaf381,2012,8,Long An,Provincial,Cultivation,Lúa,,Area_Planted,26.0,ha,Actual,PL5
c53fafff1eec3c24,2012,8,Tiền Giang,Provincial,Cultivation,Lúa,,Area_Planted,652.0,ha,Actual,PL5
7fc1f94fc61db66a,2012,8,Tiền Giang,Provincial,Cultivation,Đậu,,Area_Planted,208.0,ha,Actual,PL5
e2e7f0744f79fce4,2012,8,Tiền Giang,Provincial,Cultivation,Lạc,,Area_Planted,210.0,ha,Actual,PL5
a1b4cbf5ff93a3c8,2012,8,Tiền Giang,Provincial,Cultivation,Mía,,Area_Planted,234.0,ha,Actual,PL5
c53fafff1eec3c24,2012,8,Tiền Giang,Provincial,Cultivation,Lúa,,Area_Planted,36978.0,ha,Actual,PL5
c53fafff1eec3c24,2012,8,Tiền Giang,Provincial,Cultivation,Lúa,,Area_Planted,173.0,ha,Actual,PL5
3291cd4fc16be8ec,2012,8,Bến Tre,Provincial,Cultivation,Lúa,,Area_Planted,5309.0,ha,Actual,PL5
c9356d9fad0cb583,2012,8,Bến Tre,Provincial,Cultivation,Lạc,,Area_Planted,276.0,ha,Actual,PL5
ba49ac641dbe681f,2012,8,Bến Tre,Provincial,Cultivation,Mía,,Area_Planted,5033.0,ha,Actual,PL5
3291cd4fc16be8ec,2012,8,Bến Tre,Provincial,Cultivation,Lúa,,Area_Planted,2490.0,ha,Actual,PL5
99809fcd399afd1f,2012,8,Trà Vinh,Provincial,Cultivation,Lúa,,Area_Planted,11771.0,ha,Actual,PL5
5a4d3a7e13279ba3,2012,8,Trà Vinh,Provincial,Cultivation,Lạc,,Area_Planted,4072.0,ha,Actual,PL5
cd406a9327982ef1,2012,8,Trà Vinh,Provincial,Cultivation,Mía,,Area_Planted,6165.0,ha,Actual,PL5
99809fcd399afd1f,2012,8,Trà Vinh,Provincial,Cultivation,Lúa,,Area_Planted,1535.0,ha,Actual,PL5
99809fcd399afd1f,2012,8,Trà Vinh,Provincial,Cultivation,Lúa,,Area_Planted,21889.0,ha,Actual,PL5
99809fcd399afd1f,2012,8,Trà Vinh,Provincial,Cultivation,Lúa,,Area_Planted,640.0,ha,Actual,PL5
d939c5b54b5d1d89,2012,8,Vĩnh Long,Provincial,Cultivation,Lúa,,Area_Planted,881.0,ha,Actual,PL5
bd9a0f209c770a72,2012,8,Vĩnh Long,Provincial,Cultivation,Đậu,,Area_Planted,619.0,ha,Actual,PL5
5a12b03a33622b1f,2012,8,Vĩnh Long,Provincial,Cultivation,Lạc,,Area_Planted,20.0,ha,Actual,PL5
d939c5b54b5d1d89,2012,8,Vĩnh Long,Provincial,Cultivation,Lúa,,Area_Planted,158.0,ha,Actual,PL5
56d513b030f9a54e,2012,8,Vĩnh Long,Provincial,Cultivation,Mía,,Area_Planted,84.0,ha,Actual,PL5
d939c5b54b5d1d89,2012,8,Vĩnh Long,Provincial,Cultivation,Lúa,,Area_Planted,20058.0,ha,Actual,PL5
d939c5b54b5d1d89,2012,8,Vĩnh Long,Provincial,Cultivation,Lúa,,Area_Planted,618.0,ha,Actual,PL5
8678314cd76ff97b,2012,8,Đồng Tháp,Provincial,Cultivation,Lúa,,Area_Planted,6182.0,ha,Actual,PL5
e3f6dfbcd30c4541,2012,8,Đồng Tháp,Provincial,Cultivation,Đậu,,Area_Planted,1662.0,ha,Actual,PL5
15d41d0b8875a461,2012,8,Đồng Tháp,Provincial,Cultivation,Lạc,,Area_Planted,166.0,ha,Actual,PL5
8678314cd76ff97b,2012,8,Đồng Tháp,Provincial,Cultivation,Lúa,,Area_Planted,4090.0,ha,Actual,PL5
545191aa8d0e56ad,2012,8,Đồng Tháp,Provincial,Cultivation,Mía,,Area_Planted,92.0,ha,Actual,PL5
8678314cd76ff97b,2012,8,Đồng Tháp,Provincial,Cultivation,Lúa,,Area_Planted,171.0,ha,Actual,PL5
8678314cd76ff97b,2012,8,Đồng Tháp,Provincial,Cultivation,Lúa,,Area_Planted,10321.0,ha,Actual,PL5
8678314cd76ff97b,2012,8,Đồng Tháp,Provincial,Cultivation,Lúa,,Area_Planted,422.0,ha,Actual,PL5
faa18f234f6569b6,2012,8,An Giang,Provincial,Cultivation,Lúa,,Area_Planted,2517.0,ha,Actual,PL5
c3df98eb19617369,2012,8,An Giang,Provincial,Cultivation,Đậu,,Area_Planted,247.0,ha,Actual,PL5
dc74bbe5370455f0,2012,8,An Giang,Provincial,Cultivation,Lạc,,Area_Planted,897.0,ha,Actual,PL5
faa18f234f6569b6,2012,8,An Giang,Provincial,Cultivation,Lúa,,Area_Planted,1297.0,ha,Actual,PL5
eb19d10263c42fdc,2012,8,An Giang,Provincial,Cultivation,Thuốc lá,,Area_Planted,34.0,ha,Actual,PL5
b4a791f9d0066084,2012,8,An Giang,Provincial,Cultivation,Mía,,Area_Planted,42.0,ha,Actual,PL5
faa18f234f6569b6,2012,8,An Giang,Provincial,Cultivation,Lúa,,Area_Planted,33968.0,ha,Actual,PL5
faa18f234f6569b6,2012,8,An Giang,Provincial,Cultivation,Lúa,,Area_Planted,2637.0,ha,Actual,PL5
2b91934066e2f0fc,2012,8,Kiên Giang,Provincial,Cultivation,Lúa,,Area_Planted,4309.0,ha,Actual,PL5
8e73e49ed97db622,2012,8,Kiên Giang,Provincial,Cultivation,Mía,,Area_Planted,4309.0,ha,Actual,PL5
2b91934066e2f0fc,2012,8,Kiên Giang,Provincial,Cultivation,Lúa,,Area_Planted,1924.0,ha,Actual,PL5
2b91934066e2f0fc,2012,8,Kiên Giang,Provincial,Cultivation,Lúa,,Area_Planted,725.0,ha,Actual,PL5
2baaf458b71d1f79,2012,8,Cần Thơ,Provincial,Cultivation,Lúa,,Area_Planted,4276.0,ha,Actual,PL5
fe3fdb9b226de1f2,2012,8,Cần Thơ,Provincial,Cultivation,Đậu,,Area_Planted,43.0,ha,Actual,PL5
f8abe4c013043fdc,2012,8,Cần Thơ,Provincial,Cultivation,Lạc,,Area_Planted,31.0,ha,Actual,PL5
2baaf458b71d1f79,2012,8,Cần Thơ,Provincial,Cultivation,Lúa,,Area_Planted,4201.0,ha,Actual,PL5
2baaf458b71d1f79,2012,8,Cần Thơ,Provincial,Cultivation,Lúa,,Area_Planted,8101.0,ha,Actual,PL5
2baaf458b71d1f79,2012,8,Cần Thơ,Provincial,Cultivation,Lúa,,Area_Planted,744.0,ha,Actual,PL5
818439dabb1a7777,2012,8,Hậu Giang,Provincial,Cultivation,Lúa,,Area_Planted,14282.0,ha,Actual,PL5
37468824c16dc128,2012,8,Hậu Giang,Provincial,Cultivation,Mía,,Area_Planted,14282.0,ha,Actual,PL5
818439dabb1a7777,2012,8,Hậu Giang,Provincial,Cultivation,Lúa,,Area_Planted,16857.0,ha,Actual,PL5
818439dabb1a7777,2012,8,Hậu Giang,Provincial,Cultivation,Lúa,,Area_Planted,593.0,ha,Actual,PL5
1bc1f4a59a239666,2012,8,Sóc Trăng,Provincial,Cultivation,Lúa,,Area_Planted,13745.0,ha,Actual,PL5
20e79d12067f8155,2012,8,Sóc Trăng,Provincial,Cultivation,Đậu,,Area_Planted,149.0,ha,Actual,PL5
df93b7792e19f79f,2012,8,Sóc Trăng,Provincial,Cultivation,Lạc,,Area_Planted,134.0,ha,Actual,PL5
c6195928f4549fd4,2012,8,Sóc Trăng,Provincial,Cultivation,Mía,,Area_Planted,13462.0,ha,Actual,PL5
1bc1f4a59a239666,2012,8,Sóc Trăng,Provincial,Cultivation,Lúa,,Area_Planted,39649.0,ha,Actual,PL5
1bc1f4a59a239666,2012,8,Sóc Trăng,Provincial,Cultivation,Lúa,,Area_Planted,2652.0,ha,Actual,PL5
3494d2340cc750d2,2012,8,Bạc Liêu,Provincial,Cultivation,Lúa,,Area_Planted,9000.0,ha,Actual,PL5
c8b276c7c5daee13,2012,8,Cà Mau,Provincial,Cultivation,Lúa,,Area_Planted,2022.0,ha,Actual,PL5
99ae1afdd2fc2dd7,2012,8,Cà Mau,Provincial,Cultivation,Mía,,Area_Planted,2022.0,ha,Actual,PL5
c8b276c7c5daee13,2012,8,Cà Mau,Provincial,Cultivation,Lúa,,Area_Planted,4038.0,ha,Actual,PL5
c8b276c7c5daee13,2012,8,Cà Mau,Provincial,Cultivation,Lúa,,Area_Planted,791.0,ha,Actual,PL5
e4f24c626e0b3c8e,2012,8,Cả nước,National,Forestry,Rừng,,Area,900.0,1000_ha,Estimated,PL6
ae7b69c20beb5f2d,2012,8,Cả nước,National,Forestry,Rừng,,Area,1108.0,1000_ha,Plan,PL6
e4f24c626e0b3c8e,2012,8,Cả nước,National,Forestry,Rừng,,Area,817.0,1000_ha,Estimated,PL6
ae7b69c20beb5f2d,2012,8,Cả nước,National,Forestry,Rừng,,Area,120.0,1000_ha,Plan,PL6
e4f24c626e0b3c8e,2012,8,Cả nước,National,Forestry,Rừng,,Area,910.0,1000_ha,Estimated,PL6
ae7b69c20beb5f2d,2012,8,Cả nước,National,Forestry,Rừng,,Area,988.0,1000_ha,Plan,PL6
e4f24c626e0b3c8e,2012,8,Cả nước,National,Forestry,Rừng,,Area,940.0,1000_ha,Estimated,PL6
ae7b69c20beb5f2d,2012,8,Cả nước,National,Forestry,Rừng,,Area,3028.0,1000_ha,Plan,PL6
e4f24c626e0b3c8e,2012,8,Cả nước,National,Forestry,Rừng,,Area,1009.0,1000_ha,Estimated,PL6
ae7b69c20beb5f2d,2012,8,Cả nước,National,Forestry,Rừng,,Area,1376.0,1000_ha,Plan,PL6
e4f24c626e0b3c8e,2012,8,Cả nước,National,Forestry,Rừng,,Area,891.0,1000_ha,Estimated,PL6
ae7b69c20beb5f2d,2012,8,Cả nước,National,Forestry,Rừng,,Area,6960.0,1000_ha,Plan,PL6
e4f24c626e0b3c8e,2012,8,Cả nước,National,Forestry,Rừng,,Area,947.0,1000_ha,Estimated,PL6
ae7b69c20beb5f2d,2012,8,Cả nước,National,Forestry,Rừng,,Area,24205.0,1000_ha,Plan,PL6
e4f24c626e0b3c8e,2012,8,Cả nước,National,Forestry,Rừng,,Area,1322.0,1000_ha,Estimated,PL6
ae7b69c20beb5f2d,2012,8,Cả nước,National,Forestry,Rừng,,Area,23490.0,1000_ha,Plan,PL6
4c69d32728e34a42,2012,1,Cả nước,National,Trade,0,Xuất khẩu,Export_Volume,3.0,1000_ton,Actual,PL8
c8abe3d6400b2bf2,2012,1,Cả nước,National,Trade,0,Xuất khẩu,Export_Value,4.0,million_USD,Actual,PL8
b0c66c16aebcd741,2012,1,Cả nước,National,Trade,I,Xuất khẩu,Export_Volume,3486.0,1000_ton,Actual,PL8
6232964843d3ea55,2012,1,Cả nước,National,Trade,I,Xuất khẩu,Export_Value,3159.0,million_USD,Actual,PL8
c5c9b9984fb5b50c,2012,1,Cả nước,National,Trade,1,Xuất khẩu,Export_Volume,1591.0,1000_ton,Actual,PL8
22fbd2193b7a8eeb,2012,1,Cả nước,National,Trade,1,Xuất khẩu,Export_Value,1506.0,million_USD,Actual,PL8
4b1d511df68290b2,2012,1,Cả nước,National,Trade,1.1,Xuất khẩu,Export_Volume,1480.0,1000_ton,Actual,PL8
b2dd89277b4c3b04,2012,1,Cả nước,National,Trade,1.1,Xuất khẩu,Export_Value,1425.0,million_USD,Actual,PL8
3d4297a5a5fb6d26,2012,1,Cả nước,National,Trade,1.2,Xuất khẩu,Export_Volume,111.0,1000_ton,Actual,PL8
776e98f5ea9cef4c,2012,1,Cả nước,National,Trade,1.2,Xuất khẩu,Export_Value,81.0,million_USD,Actual,PL8
ab27cef591a69fcd,2012,1,Cả nước,National,Trade,2,Xuất khẩu,Export_Volume,1895.0,1000_ton,Actual,PL8
4e870957eb43ec2c,2012,1,Cả nước,National,Trade,2,Xuất khẩu,Export_Value,1653.0,million_USD,Actual,PL8
de2d2cbe7f5973d3,2012,8,Cả nước,National,Investment,Vốn thực hiện dự án,,Investment_Amount,6522300.0,million_VND,Plan,PL9
ba9677b248d60c4f,2012,8,Cả nước,National,Investment,Vốn thực hiện dự án,,Investment_Amount,3650000.0,million_VND,Cumulative,PL9
bb9c99ab5596b96d,2012,8,Cả nước,National,Investment,Thủy lợi,,Investment_Amount,3511000.0,million_VND,Plan,PL9
f2009afe09b5d111,2012,8,Cả nước,National,Investment,Thủy lợi,,Investment_Amount,2210000.0,million_VND,Cumulative,PL9
39326783cf8523b1,2012,8,Cả nước,National,Investment,Nông nghiệp,,Investment_Amount,1929000.0,million_VND,Plan,PL9
cf88543d19e08769,2012,8,Cả nước,National,Investment,Nông nghiệp,,Investment_Amount,880000.0,million_VND,Cumulative,PL9
ba53b941f41f6071,2012,8,Cả nước,National,Investment,Lâm nghiệp,,Investment_Amount,512000.0,million_VND,Plan,PL9
e6b14cb7f92443da,2012,8,Cả nước,National,Investment,Lâm nghiệp,,Investment_Amount,256000.0,million_VND,Cumulative,PL9
0ff4dc1d877c1396,2012,8,Cả nước,National,Investment,Thủy sản,,Investment_Amount,85000.0,million_VND,Plan,PL9
1b7958bc965cde3a,2012,8,Cả nước,National,Investment,Thủy sản,,Investment_Amount,53000.0,million_VND,Cumulative,PL9
054947f04fb6f203,2012,8,Cả nước,National,Investment,Giáo dục - Đào tạo,,Investment_Amount,140000.0,million_VND,Plan,PL9
1191f386a5ec7a79,2012,8,Cả nước,National,Investment,Giáo dục - Đào tạo,,Investment_Amount,78000.0,million_VND,Cumulative,PL9
82afc63f4b47a93f,2012,8,Cả nước,National,Investment,Khoa học - Công nghệ,,Investment_Amount,65800.0,million_VND,Plan,PL9
ed07a60aea13a828,2012,8,Cả nước,National,Investment,Khoa học - Công nghệ,,Investment_Amount,35000.0,million_VND,Cumulative,PL9
dc2d82852d3e77ff,2012,8,Cả nước,National,Investment,Chương trình trọng điểm phát triển vàứng dụng công nghệ sinh học,,Investment_Amount,30000.0,million_VND,Plan,PL9
1229dff010955b19,2012,8,Cả nước,National,Investment,Chương trình trọng điểm phát triển vàứng dụng công nghệ sinh học,,Investment_Amount,13000.0,million_VND,Cumulative,PL9
6ae28893d40a9fe3,2012,8,Cả nước,National,Investment,Đầu tư khác,,Investment_Amount,249500.0,million_VND,Plan,PL9
fe51ab72562da90b,2012,8,Cả nước,National,Investment,Đầu tư khác,,Investment_Amount,125000.0,million_VND,Cumulative,PL9
00ae3c61a174abd2,2012,8,Cả nước,National,Investment,Vốn đầu tư theo các mục tiêu nhiệmvụ cụ thể,,Investment_Amount,416500.0,million_VND,Plan,PL9
4a4fc4c0b556089e,2012,8,Cả nước,National,Investment,Vốn đầu tư theo các mục tiêu nhiệmvụ cụ thể,,Investment_Amount,191000.0,million_VND,Cumulative,PL9
b7c2147725b90161,2012,8,Cả nước,National,Investment,Chương trình nuôi trồng thủy sản,,Investment_Amount,180000.0,million_VND,Plan,PL9
1b62786ce014f67d,2012,8,Cả nước,National,Investment,Chương trình nuôi trồng thủy sản,,Investment_Amount,60000.0,million_VND,Cumulative,PL9
56cd7069afa6511f,2012,8,Cả nước,National,Investment,Chương trình giống,,Investment_Amount,110000.0,million_VND,Plan,PL9
c4a087f28a620776,2012,8,Cả nước,National,Investment,Chương trình giống,,Investment_Amount,70000.0,million_VND,Cumulative,PL9
81575d2549745d4a,2012,8,Cả nước,National,Investment,"Chương trình neo đậu, tránh trú bão",,Investment_Amount,90000.0,million_VND,Plan,PL9
843f4e9d2493a46b,2012,8,Cả nước,National,Investment,"Chương trình neo đậu, tránh trú bão",,Investment_Amount,45000.0,million_VND,Cumulative,PL9
3fb2ade886cdb528,2012,8,Cả nước,National,Investment,"Chương trình phát triển, bảo vệ rừng",,Investment_Amount,35000.0,million_VND,Plan,PL9
e787d46375eb100e,2012,8,Cả nước,National,Investment,"Chương trình phát triển, bảo vệ rừng",,Investment_Amount,15000.0,million_VND,Cumulative,PL9
544c2fd77dbbadf4,2012,8,Cả nước,National,Investment,"Chương trình Biển Đông, Hải đảo",,Investment_Amount,1500.0,million_VND,Plan,PL9
d0dcf057a7de2679,2012,8,Cả nước,National,Investment,"Chương trình Biển Đông, Hải đảo",,Investment_Amount,1000.0,million_VND,Cumulative,PL9
cbda03143700ee87,2012,8,Cả nước,National,Investment,Vốn chuẩn bị đầu tư,,Investment_Amount,38000.0,million_VND,Plan,PL9
e4d8627a82e9083b,2012,8,Cả nước,National,Investment,Vốn chuẩn bị đầu tư,,Investment_Amount,32000.0,million_VND,Cumulative,PL9
4d89b0d516c34eae,2012,8,Cả nước,National,Investment,Bổ sung dự trữ Quốc gia,,Investment_Amount,78500.0,million_VND,Plan,PL9
acbe6715ac7e0685,2012,8,Cả nước,National,Investment,VỐN TP CHÍNH PHỦ,,Investment_Amount,3165896.0,million_VND,Plan,PL9
e0b30ad50d5f808f,2012,8,Cả nước,National,Investment,VỐN TP CHÍNH PHỦ,,Investment_Amount,2100000.0,million_VND,Cumulative,PL9
741f14c07a9026eb,2012,8,Cả nước,National,Investment,Các dự án có trong quyết định171/2006/QĐ - TTg,,Investment_Amount,1688000.0,million_VND,Cumulative,PL9
72066d9a38388cba,2012,8,Cả nước,National,Investment,Các dự án cấp bách bổ sung,,Investment_Amount,167000.0,million_VND,Cumulative,PL9
d095aef16949bafa,2012,8,Cả nước,National,Investment,Các dự án thủy lợi đồng bằng sôngHồng,,Investment_Amount,245000.0,million_VND,Cumulative,PL9
c4720498573b6785,2011,9,1. Thu hoạch lúa hè thu ở miền Nam,Provincial,Cultivation,Unknown,,Area_Planted,18608.0,1000_ha,Actual,PL1
cff7a654498ad4ff,2012,9,1. Thu hoạch lúa hè thu ở miền Nam,Provincial,Cultivation,Unknown,,Area_Planted,19317.0,1000_ha,Actual,PL1
6c665bf9058f8b7c,2011,9,2. Gieo trồng lúa thu đông ở vùng ĐBSCL,Provincial,Cultivation,Unknown,,Area_Planted,5680.0,1000_ha,Actual,PL1
9834deee57024628,2012,9,2. Gieo trồng lúa thu đông ở vùng ĐBSCL,Provincial,Cultivation,Unknown,,Area_Planted,5733.0,1000_ha,Actual,PL1
7f5e3ba9bf9e03f3,2011,9,3. Gieo cấy lúa mùa cả nước,Provincial,Cultivation,Unknown,,Area_Planted,16623.0,1000_ha,Actual,PL1
0c6ed12fca564ce5,2012,9,3. Gieo cấy lúa mùa cả nước,Provincial,Cultivation,Unknown,,Area_Planted,15172.0,1000_ha,Actual,PL1
8aac9c7058699a80,2011,9,- Miền Nam,Provincial,Cultivation,Unknown,,Area_Planted,5252.0,1000_ha,Actual,PL1
b411d9c834ebe64e,2012,9,- Miền Nam,Provincial,Cultivation,Unknown,,Area_Planted,4503.0,1000_ha,Actual,PL1
17a079cc217d9e82,2011,9,"4.1 Gieo trồng cây lương thực, có củ",Provincial,Cultivation,Unknown,,Area_Planted,17241.0,1000_ha,Actual,PL1
7f4b140e79bd86f5,2012,9,"4.1 Gieo trồng cây lương thực, có củ",Provincial,Cultivation,Unknown,,Area_Planted,16593.0,1000_ha,Actual,PL1
429866e679192eb3,2011,9,- Khoai lang,Provincial,Cultivation,Khoai lang,,Area_Planted,1391.0,1000_ha,Actual,PL1
e96d3c39b8fab8c7,2012,9,- Khoai lang,Provincial,Cultivation,Khoai lang,,Area_Planted,1331.0,1000_ha,Actual,PL1
8da683034c914739,2011,9,- Sắn,Provincial,Cultivation,Sắn,,Area_Planted,5006.0,1000_ha,Actual,PL1
426f451c08b36850,2012,9,- Sắn,Provincial,Cultivation,Sắn,,Area_Planted,4996.0,1000_ha,Actual,PL1
77b75f512b16499e,2011,9,4.2 Gieo trồng cây công nghiệp ngắn ngày,Provincial,Cultivation,Cây công nghiệp ngắn ngày,,Area_Planted,6872.0,1000_ha,Actual,PL1
69919cafbd79b3cf,2012,9,4.2 Gieo trồng cây công nghiệp ngắn ngày,Provincial,Cultivation,Cây công nghiệp ngắn ngày,,Area_Planted,5812.0,1000_ha,Actual,PL1
cfe8e4a7c4921c7c,2011,9,- Đậu tương,Provincial,Cultivation,Đậu tương,,Area_Planted,1753.0,1000_ha,Actual,PL1
01304386f3c09294,2012,9,- Đậu tương,Provincial,Cultivation,Đậu tương,,Area_Planted,1223.0,1000_ha,Actual,PL1
4ef08f63125d022b,2011,9,- Mía,Provincial,Cultivation,Unknown,,Area_Planted,1913.0,1000_ha,Actual,PL1
afd79ab5aef30f16,2012,9,- Mía,Provincial,Cultivation,Unknown,,Area_Planted,1696.0,1000_ha,Actual,PL1
325ff78ccfbb77a4,2011,9,- Thuốc lá,Provincial,Cultivation,Unknown,,Area_Planted,203.0,1000_ha,Actual,PL1
cbbf1d9011c90acc,2012,9,- Thuốc lá,Provincial,Cultivation,Unknown,,Area_Planted,214.0,1000_ha,Actual,PL1
13ff8043b37d0db0,2011,9,"4.3 Gieo trồng rau, đậu các loại",Provincial,Cultivation,Rau đậu,,Area_Planted,7942.0,1000_ha,Actual,PL1
a6332200eb5e5946,2012,9,"4.3 Gieo trồng rau, đậu các loại",Provincial,Cultivation,Rau đậu,,Area_Planted,8237.0,1000_ha,Actual,PL1
8e21051a3236b63c,2012,9,Miền Bắc,Provincial,Cultivation,Lúa,,Area_Planted,1135270.0,ha,Actual,PL2
8e21051a3236b63c,2012,9,Miền Bắc,Provincial,Cultivation,Lúa,,Area_Planted,66792.0,ha,Actual,PL2
8e21051a3236b63c,2012,9,Miền Bắc,Provincial,Cultivation,Lúa,,Area_Planted,171466.0,ha,Actual,PL2
8e21051a3236b63c,2012,9,Miền Bắc,Provincial,Cultivation,Lúa,,Area_Planted,154646.0,ha,Actual,PL2
8e21051a3236b63c,2012,9,Miền Bắc,Provincial,Cultivation,Lúa,,Area_Planted,888258.0,ha,Actual,PL2
4ce51dab72aa6916,2012,9,Miền Bắc,Provincial,Cultivation,Ngô,,Area_Planted,615277.0,ha,Actual,PL2
8e21051a3236b63c,2012,9,Miền Bắc,Provincial,Cultivation,Lúa,,Area_Planted,89230.0,ha,Actual,PL2
930644f5a48ce2c2,2012,9,Miền Bắc,Provincial,Cultivation,Sắn,,Area_Planted,167909.0,ha,Actual,PL2
8e21051a3236b63c,2012,9,Miền Bắc,Provincial,Cultivation,Lúa,,Area_Planted,15842.0,ha,Actual,PL2
43bc390de872787c,2012,9,ĐB sông Hồng,Provincial,Cultivation,Lúa,,Area_Planted,573631.0,ha,Actual,PL2
43bc390de872787c,2012,9,ĐB sông Hồng,Provincial,Cultivation,Lúa,,Area_Planted,11151.0,ha,Actual,PL2
43bc390de872787c,2012,9,ĐB sông Hồng,Provincial,Cultivation,Lúa,,Area_Planted,117985.0,ha,Actual,PL2
deb5c99a1dc6e8cf,2012,9,ĐB sông Hồng,Provincial,Cultivation,Ngô,,Area_Planted,84256.0,ha,Actual,PL2
43bc390de872787c,2012,9,ĐB sông Hồng,Provincial,Cultivation,Lúa,,Area_Planted,23501.0,ha,Actual,PL2
69699917992fe5e1,2012,9,ĐB sông Hồng,Provincial,Cultivation,Sắn,,Area_Planted,5297.0,ha,Actual,PL2
43bc390de872787c,2012,9,ĐB sông Hồng,Provincial,Cultivation,Lúa,,Area_Planted,4931.0,ha,Actual,PL2
a377997843b51a60,2012,9,Hà Nội,Provincial,Cultivation,Lúa,,Area_Planted,100000.0,ha,Actual,PL2
a377997843b51a60,2012,9,Hà Nội,Provincial,Cultivation,Lúa,,Area_Planted,9290.0,ha,Actual,PL2
a377997843b51a60,2012,9,Hà Nội,Provincial,Cultivation,Lúa,,Area_Planted,28156.0,ha,Actual,PL2
6794379a214744b7,2012,9,Hà Nội,Provincial,Cultivation,Ngô,,Area_Planted,21251.0,ha,Actual,PL2
a377997843b51a60,2012,9,Hà Nội,Provincial,Cultivation,Lúa,,Area_Planted,4505.0,ha,Actual,PL2
173a8a9dae93f182,2012,9,Hà Nội,Provincial,Cultivation,Sắn,,Area_Planted,818.0,ha,Actual,PL2
a377997843b51a60,2012,9,Hà Nội,Provincial,Cultivation,Lúa,,Area_Planted,1582.0,ha,Actual,PL2
f168d7dfffcb9c77,2012,9,Hải Phòng,Provincial,Cultivation,Lúa,,Area_Planted,40679.0,ha,Actual,PL2
f168d7dfffcb9c77,2012,9,Hải Phòng,Provincial,Cultivation,Lúa,,Area_Planted,3400.0,ha,Actual,PL2
656a8c2ccb4129ed,2012,9,Hải Phòng,Provincial,Cultivation,Ngô,,Area_Planted,2000.0,ha,Actual,PL2
f168d7dfffcb9c77,2012,9,Hải Phòng,Provincial,Cultivation,Lúa,,Area_Planted,1400.0,ha,Actual,PL2
3f5b6a16c13a0728,2012,9,Vĩnh Phúc,Provincial,Cultivation,Lúa,,Area_Planted,28215.0,ha,Actual,PL2
3f5b6a16c13a0728,2012,9,Vĩnh Phúc,Provincial,Cultivation,Lúa,,Area_Planted,16768.0,ha,Actual,PL2
e05fb13712bb1eac,2012,9,Vĩnh Phúc,Provincial,Cultivation,Ngô,,Area_Planted,12305.0,ha,Actual,PL2
3f5b6a16c13a0728,2012,9,Vĩnh Phúc,Provincial,Cultivation,Lúa,,Area_Planted,2440.0,ha,Actual,PL2
6598998fdb1ed24c,2012,9,Vĩnh Phúc,Provincial,Cultivation,Sắn,,Area_Planted,1864.0,ha,Actual,PL2
3f5b6a16c13a0728,2012,9,Vĩnh Phúc,Provincial,Cultivation,Lúa,,Area_Planted,159.0,ha,Actual,PL2
f811da3cc3051d22,2012,9,Bắc Ninh,Provincial,Cultivation,Lúa,,Area_Planted,36663.0,ha,Actual,PL2
f811da3cc3051d22,2012,9,Bắc Ninh,Provincial,Cultivation,Lúa,,Area_Planted,4552.0,ha,Actual,PL2
7da2c3b2720849ee,2012,9,Bắc Ninh,Provincial,Cultivation,Ngô,,Area_Planted,3915.0,ha,Actual,PL2
f811da3cc3051d22,2012,9,Bắc Ninh,Provincial,Cultivation,Lúa,,Area_Planted,637.0,ha,Actual,PL2
1d4af87b84e2758f,2012,9,Hải Dương,Provincial,Cultivation,Lúa,,Area_Planted,62987.0,ha,Actual,PL2
1d4af87b84e2758f,2012,9,Hải Dương,Provincial,Cultivation,Lúa,,Area_Planted,1001.0,ha,Actual,PL2
1d4af87b84e2758f,2012,9,Hải Dương,Provincial,Cultivation,Lúa,,Area_Planted,4675.0,ha,Actual,PL2
e76ba94ac42a9cc2,2012,9,Hải Dương,Provincial,Cultivation,Ngô,,Area_Planted,4120.0,ha,Actual,PL2
1d4af87b84e2758f,2012,9,Hải Dương,Provincial,Cultivation,Lúa,,Area_Planted,555.0,ha,Actual,PL2
7631da296c0a8f28,2012,9,Hưng Yên,Provincial,Cultivation,Lúa,,Area_Planted,41003.0,ha,Actual,PL2
7631da296c0a8f28,2012,9,Hưng Yên,Provincial,Cultivation,Lúa,,Area_Planted,25.0,ha,Actual,PL2
7631da296c0a8f28,2012,9,Hưng Yên,Provincial,Cultivation,Lúa,,Area_Planted,10247.0,ha,Actual,PL2
05eb9a49358e5d56,2012,9,Hưng Yên,Provincial,Cultivation,Ngô,,Area_Planted,9633.0,ha,Actual,PL2
7631da296c0a8f28,2012,9,Hưng Yên,Provincial,Cultivation,Lúa,,Area_Planted,614.0,ha,Actual,PL2
cd8dbd079f2bf59a,2012,9,Hà Nam,Provincial,Cultivation,Lúa,,Area_Planted,35000.0,ha,Actual,PL2
cd8dbd079f2bf59a,2012,9,Hà Nam,Provincial,Cultivation,Lúa,,Area_Planted,5373.0,ha,Actual,PL2
57e8a5fa85b21a27,2012,9,Hà Nam,Provincial,Cultivation,Ngô,,Area_Planted,4467.0,ha,Actual,PL2
cd8dbd079f2bf59a,2012,9,Hà Nam,Provincial,Cultivation,Lúa,,Area_Planted,581.0,ha,Actual,PL2
dc1d42a896b4922d,2012,9,Hà Nam,Provincial,Cultivation,Sắn,,Area_Planted,325.0,ha,Actual,PL2
c856b358fa95015a,2012,9,Nam Định,Provincial,Cultivation,Lúa,,Area_Planted,79634.0,ha,Actual,PL2
c856b358fa95015a,2012,9,Nam Định,Provincial,Cultivation,Lúa,,Area_Planted,8373.0,ha,Actual,PL2
f9cf8e9d965c2e25,2012,9,Nam Định,Provincial,Cultivation,Ngô,,Area_Planted,4679.0,ha,Actual,PL2
c856b358fa95015a,2012,9,Nam Định,Provincial,Cultivation,Lúa,,Area_Planted,2074.0,ha,Actual,PL2
dbeb6b59700fb6aa,2012,9,Nam Định,Provincial,Cultivation,Sắn,,Area_Planted,309.0,ha,Actual,PL2
c856b358fa95015a,2012,9,Nam Định,Provincial,Cultivation,Lúa,,Area_Planted,1311.0,ha,Actual,PL2
5d88d80b8224dc88,2012,9,Thái Bình,Provincial,Cultivation,Lúa,,Area_Planted,82239.0,ha,Actual,PL2
5d88d80b8224dc88,2012,9,Thái Bình,Provincial,Cultivation,Lúa,,Area_Planted,225.0,ha,Actual,PL2
5d88d80b8224dc88,2012,9,Thái Bình,Provincial,Cultivation,Lúa,,Area_Planted,15606.0,ha,Actual,PL2
1d88f2db213511fb,2012,9,Thái Bình,Provincial,Cultivation,Ngô,,Area_Planted,10343.0,ha,Actual,PL2
5d88d80b8224dc88,2012,9,Thái Bình,Provincial,Cultivation,Lúa,,Area_Planted,4059.0,ha,Actual,PL2
c9315b13acc4cca5,2012,9,Thái Bình,Provincial,Cultivation,Sắn,,Area_Planted,48.0,ha,Actual,PL2
5d88d80b8224dc88,2012,9,Thái Bình,Provincial,Cultivation,Lúa,,Area_Planted,1156.0,ha,Actual,PL2
78fd35ca2f4116fb,2012,9,Ninh Bình,Provincial,Cultivation,Lúa,,Area_Planted,39330.0,ha,Actual,PL2
78fd35ca2f4116fb,2012,9,Ninh Bình,Provincial,Cultivation,Lúa,,Area_Planted,610.0,ha,Actual,PL2
78fd35ca2f4116fb,2012,9,Ninh Bình,Provincial,Cultivation,Lúa,,Area_Planted,9431.0,ha,Actual,PL2
55a6ce4ba693835e,2012,9,Ninh Bình,Provincial,Cultivation,Ngô,,Area_Planted,5561.0,ha,Actual,PL2
78fd35ca2f4116fb,2012,9,Ninh Bình,Provincial,Cultivation,Lúa,,Area_Planted,2442.0,ha,Actual,PL2
0f7be2fffb45a644,2012,9,Ninh Bình,Provincial,Cultivation,Sắn,,Area_Planted,907.0,ha,Actual,PL2
78fd35ca2f4116fb,2012,9,Ninh Bình,Provincial,Cultivation,Lúa,,Area_Planted,521.0,ha,Actual,PL2
f7407cce9401c7e7,2012,9,Quảng Ninh,Provincial,Cultivation,Lúa,,Area_Planted,27881.0,ha,Actual,PL2
f7407cce9401c7e7,2012,9,Quảng Ninh,Provincial,Cultivation,Lúa,,Area_Planted,11404.0,ha,Actual,PL2
79abfba9c0218862,2012,9,Quảng Ninh,Provincial,Cultivation,Ngô,,Area_Planted,5982.0,ha,Actual,PL2
f7407cce9401c7e7,2012,9,Quảng Ninh,Provincial,Cultivation,Lúa,,Area_Planted,4194.0,ha,Actual,PL2
b81f15bd965b21d2,2012,9,Quảng Ninh,Provincial,Cultivation,Sắn,,Area_Planted,1026.0,ha,Actual,PL2
f7407cce9401c7e7,2012,9,Quảng Ninh,Provincial,Cultivation,Lúa,,Area_Planted,202.0,ha,Actual,PL2
9b0234a0807d538b,2012,9,TD và MN,Provincial,Cultivation,Lúa,,Area_Planted,384023.0,ha,Actual,PL2
9b0234a0807d538b,2012,9,TD và MN,Provincial,Cultivation,Lúa,,Area_Planted,55641.0,ha,Actual,PL2
9b0234a0807d538b,2012,9,TD và MN,Provincial,Cultivation,Lúa,,Area_Planted,553895.0,ha,Actual,PL2
38ae3046d4493094,2012,9,TD và MN,Provincial,Cultivation,Ngô,,Area_Planted,409747.0,ha,Actual,PL2
9b0234a0807d538b,2012,9,TD và MN,Provincial,Cultivation,Lúa,,Area_Planted,32540.0,ha,Actual,PL2
9d16c3eb3b0fa28a,2012,9,TD và MN,Provincial,Cultivation,Sắn,,Area_Planted,103628.0,ha,Actual,PL2
9b0234a0807d538b,2012,9,TD và MN,Provincial,Cultivation,Lúa,,Area_Planted,7980.0,ha,Actual,PL2
a0dbbb83dd6bf008,2012,9,Hà Giang,Provincial,Cultivation,Lúa,,Area_Planted,26507.0,ha,Actual,PL2
a0dbbb83dd6bf008,2012,9,Hà Giang,Provincial,Cultivation,Lúa,,Area_Planted,26506.0,ha,Actual,PL2
a0dbbb83dd6bf008,2012,9,Hà Giang,Provincial,Cultivation,Lúa,,Area_Planted,61709.0,ha,Actual,PL2
4f8c0eac10e2ee29,2012,9,Hà Giang,Provincial,Cultivation,Ngô,,Area_Planted,52322.0,ha,Actual,PL2
a0dbbb83dd6bf008,2012,9,Hà Giang,Provincial,Cultivation,Lúa,,Area_Planted,1382.0,ha,Actual,PL2
e50f2cf162766483,2012,9,Hà Giang,Provincial,Cultivation,Sắn,,Area_Planted,5133.0,ha,Actual,PL2
a0dbbb83dd6bf008,2012,9,Hà Giang,Provincial,Cultivation,Lúa,,Area_Planted,2872.0,ha,Actual,PL2
620218837d43efc5,2012,9,ằ  Cao Bng,Provincial,Cultivation,Lúa,,Area_Planted,26544.0,ha,Actual,PL2
620218837d43efc5,2012,9,ằ  Cao Bng,Provincial,Cultivation,Lúa,,Area_Planted,41733.0,ha,Actual,PL2
dad81bd3e44ba82c,2012,9,ằ  Cao Bng,Provincial,Cultivation,Ngô,,Area_Planted,38769.0,ha,Actual,PL2
620218837d43efc5,2012,9,ằ  Cao Bng,Provincial,Cultivation,Lúa,,Area_Planted,776.0,ha,Actual,PL2
28ca6ec873431c8c,2012,9,ằ  Cao Bng,Provincial,Cultivation,Sắn,,Area_Planted,1958.0,ha,Actual,PL2
620218837d43efc5,2012,9,ằ  Cao Bng,Provincial,Cultivation,Lúa,,Area_Planted,230.0,ha,Actual,PL2
7a35bcfd94098a38,2012,9,Lào Cai,Provincial,Cultivation,Lúa,,Area_Planted,20022.0,ha,Actual,PL2
7a35bcfd94098a38,2012,9,Lào Cai,Provincial,Cultivation,Lúa,,Area_Planted,2820.0,ha,Actual,PL2
7a35bcfd94098a38,2012,9,Lào Cai,Provincial,Cultivation,Lúa,,Area_Planted,42175.0,ha,Actual,PL2
5c1e46cf4154fd8b,2012,9,Lào Cai,Provincial,Cultivation,Ngô,,Area_Planted,32000.0,ha,Actual,PL2
7a35bcfd94098a38,2012,9,Lào Cai,Provincial,Cultivation,Lúa,,Area_Planted,870.0,ha,Actual,PL2
2aecb4b9e7ad2a92,2012,9,Lào Cai,Provincial,Cultivation,Sắn,,Area_Planted,9305.0,ha,Actual,PL2
81199dbb687da298,2012,9,Bắc Cạn,Provincial,Cultivation,Lúa,,Area_Planted,13967.0,ha,Actual,PL2
81199dbb687da298,2012,9,Bắc Cạn,Provincial,Cultivation,Lúa,,Area_Planted,21128.0,ha,Actual,PL2
7deb59ebd93d52a6,2012,9,Bắc Cạn,Provincial,Cultivation,Ngô,,Area_Planted,16337.0,ha,Actual,PL2
81199dbb687da298,2012,9,Bắc Cạn,Provincial,Cultivation,Lúa,,Area_Planted,497.0,ha,Actual,PL2
781708f243d863c1,2012,9,Bắc Cạn,Provincial,Cultivation,Sắn,,Area_Planted,2210.0,ha,Actual,PL2
81199dbb687da298,2012,9,Bắc Cạn,Provincial,Cultivation,Lúa,,Area_Planted,2084.0,ha,Actual,PL2
d55c76914125b7f1,2012,9,Lạng Sơn,Provincial,Cultivation,Lúa,,Area_Planted,34150.0,ha,Actual,PL2
d55c76914125b7f1,2012,9,Lạng Sơn,Provincial,Cultivation,Lúa,,Area_Planted,25526.0,ha,Actual,PL2
a19437a37b126aca,2012,9,Lạng Sơn,Provincial,Cultivation,Ngô,,Area_Planted,17470.0,ha,Actual,PL2
d55c76914125b7f1,2012,9,Lạng Sơn,Provincial,Cultivation,Lúa,,Area_Planted,1510.0,ha,Actual,PL2
5319b0a9d76bb00a,2012,9,Lạng Sơn,Provincial,Cultivation,Sắn,,Area_Planted,5974.0,ha,Actual,PL2
d55c76914125b7f1,2012,9,Lạng Sơn,Provincial,Cultivation,Lúa,,Area_Planted,572.0,ha,Actual,PL2
babfdc12523d05e2,2012,9,Tuyên Quang,Provincial,Cultivation,Lúa,,Area_Planted,25521.0,ha,Actual,PL2
babfdc12523d05e2,2012,9,Tuyên Quang,Provincial,Cultivation,Lúa,,Area_Planted,13530.0,ha,Actual,PL2
8a5757d3ebea51d5,2012,9,Tuyên Quang,Provincial,Cultivation,Ngô,,Area_Planted,11283.0,ha,Actual,PL2
babfdc12523d05e2,2012,9,Tuyên Quang,Provincial,Cultivation,Lúa,,Area_Planted,2247.0,ha,Actual,PL2
60946a1f5d846a4d,2012,9,Yên Bái,Provincial,Cultivation,Lúa,,Area_Planted,20687.0,ha,Actual,PL2
60946a1f5d846a4d,2012,9,Yên Bái,Provincial,Cultivation,Lúa,,Area_Planted,41889.0,ha,Actual,PL2
8fdc801fb6d9b3e1,2012,9,Yên Bái,Provincial,Cultivation,Ngô,,Area_Planted,23062.0,ha,Actual,PL2
60946a1f5d846a4d,2012,9,Yên Bái,Provincial,Cultivation,Lúa,,Area_Planted,2653.0,ha,Actual,PL2
ddb788dd6ec8270f,2012,9,Yên Bái,Provincial,Cultivation,Sắn,,Area_Planted,16174.0,ha,Actual,PL2
68b89a7f5b587a0b,2012,9,Thái Nguyên,Provincial,Cultivation,Lúa,,Area_Planted,41617.0,ha,Actual,PL2
68b89a7f5b587a0b,2012,9,Thái Nguyên,Provincial,Cultivation,Lúa,,Area_Planted,20000.0,ha,Actual,PL2
68b89a7f5b587a0b,2012,9,Thái Nguyên,Provincial,Cultivation,Lúa,,Area_Planted,27589.0,ha,Actual,PL2
e462e21fde86dd64,2012,9,Thái Nguyên,Provincial,Cultivation,Ngô,,Area_Planted,17292.0,ha,Actual,PL2
68b89a7f5b587a0b,2012,9,Thái Nguyên,Provincial,Cultivation,Lúa,,Area_Planted,6322.0,ha,Actual,PL2
40ef2dcc1380f82c,2012,9,Thái Nguyên,Provincial,Cultivation,Sắn,,Area_Planted,3720.0,ha,Actual,PL2
68b89a7f5b587a0b,2012,9,Thái Nguyên,Provincial,Cultivation,Lúa,,Area_Planted,255.0,ha,Actual,PL2
a7556f73936f509c,2012,9,Phú Thọ,Provincial,Cultivation,Lúa,,Area_Planted,33671.0,ha,Actual,PL2
a7556f73936f509c,2012,9,Phú Thọ,Provincial,Cultivation,Lúa,,Area_Planted,2187.0,ha,Actual,PL2
a7556f73936f509c,2012,9,Phú Thọ,Provincial,Cultivation,Lúa,,Area_Planted,29435.0,ha,Actual,PL2
3738d145f66ad177,2012,9,Phú Thọ,Provincial,Cultivation,Ngô,,Area_Planted,17622.0,ha,Actual,PL2
a7556f73936f509c,2012,9,Phú Thọ,Provincial,Cultivation,Lúa,,Area_Planted,2615.0,ha,Actual,PL2
d701ece9bf4a0811,2012,9,Phú Thọ,Provincial,Cultivation,Sắn,,Area_Planted,9198.0,ha,Actual,PL2
f82c7e714bfa2ccb,2012,9,Bắc Giang,Provincial,Cultivation,Lúa,,Area_Planted,59237.0,ha,Actual,PL2
f82c7e714bfa2ccb,2012,9,Bắc Giang,Provincial,Cultivation,Lúa,,Area_Planted,2528.0,ha,Actual,PL2
f82c7e714bfa2ccb,2012,9,Bắc Giang,Provincial,Cultivation,Lúa,,Area_Planted,15027.0,ha,Actual,PL2
ae6fabcf4d3a9f6c,2012,9,Bắc Giang,Provincial,Cultivation,Ngô,,Area_Planted,8551.0,ha,Actual,PL2
f82c7e714bfa2ccb,2012,9,Bắc Giang,Provincial,Cultivation,Lúa,,Area_Planted,7.0,ha,Actual,PL2
836341c264a658b1,2012,9,Bắc Giang,Provincial,Cultivation,Sắn,,Area_Planted,5735.0,ha,Actual,PL2
f82c7e714bfa2ccb,2012,9,Bắc Giang,Provincial,Cultivation,Lúa,,Area_Planted,734.0,ha,Actual,PL2
f6c8d7cec9fe5ecd,2012,9,Lai Châu,Provincial,Cultivation,Lúa,,Area_Planted,23361.0,ha,Actual,PL2
f6c8d7cec9fe5ecd,2012,9,Lai Châu,Provincial,Cultivation,Lúa,,Area_Planted,1600.0,ha,Actual,PL2
f6c8d7cec9fe5ecd,2012,9,Lai Châu,Provincial,Cultivation,Lúa,,Area_Planted,30279.0,ha,Actual,PL2
50ce17e8e89d143a,2012,9,Lai Châu,Provincial,Cultivation,Ngô,,Area_Planted,19945.0,ha,Actual,PL2
f6c8d7cec9fe5ecd,2012,9,Lai Châu,Provincial,Cultivation,Lúa,,Area_Planted,7383.0,ha,Actual,PL2
976c531b0854ae62,2012,9,Lai Châu,Provincial,Cultivation,Sắn,,Area_Planted,2951.0,ha,Actual,PL2
91b792242d7d1093,2012,9,Điện Biên,Provincial,Cultivation,Lúa,,Area_Planted,16738.0,ha,Actual,PL2
91b792242d7d1093,2012,9,Điện Biên,Provincial,Cultivation,Lúa,,Area_Planted,36901.0,ha,Actual,PL2
56329d58f03026c5,2012,9,Điện Biên,Provincial,Cultivation,Ngô,,Area_Planted,29037.0,ha,Actual,PL2
91b792242d7d1093,2012,9,Điện Biên,Provincial,Cultivation,Lúa,,Area_Planted,827.0,ha,Actual,PL2
8b8519f6d795f061,2012,9,Điện Biên,Provincial,Cultivation,Sắn,,Area_Planted,7037.0,ha,Actual,PL2
864ba5cbf45d1a12,2012,9,Sơn La,Provincial,Cultivation,Lúa,,Area_Planted,17792.0,ha,Actual,PL2
864ba5cbf45d1a12,2012,9,Sơn La,Provincial,Cultivation,Lúa,,Area_Planted,112543.0,ha,Actual,PL2
5cd130b0f8d3dacf,2012,9,Sơn La,Provincial,Cultivation,Ngô,,Area_Planted,89859.0,ha,Actual,PL2
864ba5cbf45d1a12,2012,9,Sơn La,Provincial,Cultivation,Lúa,,Area_Planted,423.0,ha,Actual,PL2
ac1ff148f691ecc0,2012,9,Sơn La,Provincial,Cultivation,Sắn,,Area_Planted,22028.0,ha,Actual,PL2
864ba5cbf45d1a12,2012,9,Sơn La,Provincial,Cultivation,Lúa,,Area_Planted,233.0,ha,Actual,PL2
d47ba7294d81d943,2012,9,Hoà Bình,Provincial,Cultivation,Lúa,,Area_Planted,24209.0,ha,Actual,PL2
d47ba7294d81d943,2012,9,Hoà Bình,Provincial,Cultivation,Lúa,,Area_Planted,54431.0,ha,Actual,PL2
66ca2e390b4ba9e7,2012,9,Hoà Bình,Provincial,Cultivation,Ngô,,Area_Planted,36198.0,ha,Actual,PL2
d47ba7294d81d943,2012,9,Hoà Bình,Provincial,Cultivation,Lúa,,Area_Planted,5028.0,ha,Actual,PL2
cfc68318aa707029,2012,9,Hoà Bình,Provincial,Cultivation,Sắn,,Area_Planted,12205.0,ha,Actual,PL2
d47ba7294d81d943,2012,9,Hoà Bình,Provincial,Cultivation,Lúa,,Area_Planted,1000.0,ha,Actual,PL2
b0a3617f3126a49a,2012,9,Bắc Trung Bộ,Provincial,Cultivation,Lúa,,Area_Planted,177616.0,ha,Actual,PL2
b0a3617f3126a49a,2012,9,Bắc Trung Bộ,Provincial,Cultivation,Lúa,,Area_Planted,0.0,ha,Actual,PL2
b0a3617f3126a49a,2012,9,Bắc Trung Bộ,Provincial,Cultivation,Lúa,,Area_Planted,171466.0,ha,Actual,PL2
b0a3617f3126a49a,2012,9,Bắc Trung Bộ,Provincial,Cultivation,Lúa,,Area_Planted,154646.0,ha,Actual,PL2
b0a3617f3126a49a,2012,9,Bắc Trung Bộ,Provincial,Cultivation,Lúa,,Area_Planted,216378.0,ha,Actual,PL2
76395a7dd79fe7be,2012,9,Bắc Trung Bộ,Provincial,Cultivation,Ngô,,Area_Planted,121274.0,ha,Actual,PL2
b0a3617f3126a49a,2012,9,Bắc Trung Bộ,Provincial,Cultivation,Lúa,,Area_Planted,33190.0,ha,Actual,PL2
6b87a125d83ffcc6,2012,9,Bắc Trung Bộ,Provincial,Cultivation,Sắn,,Area_Planted,58984.0,ha,Actual,PL2
b0a3617f3126a49a,2012,9,Bắc Trung Bộ,Provincial,Cultivation,Lúa,,Area_Planted,2931.0,ha,Actual,PL2
ee0c698283a82e50,2012,9,Thanh Hoá,Provincial,Cultivation,Lúa,,Area_Planted,134127.0,ha,Actual,PL2
ee0c698283a82e50,2012,9,Thanh Hoá,Provincial,Cultivation,Lúa,,Area_Planted,77016.0,ha,Actual,PL2
b6b5fe32857df606,2012,9,Thanh Hoá,Provincial,Cultivation,Ngô,,Area_Planted,49077.0,ha,Actual,PL2
ee0c698283a82e50,2012,9,Thanh Hoá,Provincial,Cultivation,Lúa,,Area_Planted,10151.0,ha,Actual,PL2
75188e9dedcba74b,2012,9,Thanh Hoá,Provincial,Cultivation,Sắn,,Area_Planted,16841.0,ha,Actual,PL2
ee0c698283a82e50,2012,9,Thanh Hoá,Provincial,Cultivation,Lúa,,Area_Planted,948.0,ha,Actual,PL2
2b5b093b6862ce71,2012,9,Nghệ An,Provincial,Cultivation,Lúa,,Area_Planted,38100.0,ha,Actual,PL2
2b5b093b6862ce71,2012,9,Nghệ An,Provincial,Cultivation,Lúa,,Area_Planted,59439.0,ha,Actual,PL2
2b5b093b6862ce71,2012,9,Nghệ An,Provincial,Cultivation,Lúa,,Area_Planted,55023.0,ha,Actual,PL2
2b5b093b6862ce71,2012,9,Nghệ An,Provincial,Cultivation,Lúa,,Area_Planted,83783.0,ha,Actual,PL2
5d5b0ae29218fb73,2012,9,Nghệ An,Provincial,Cultivation,Ngô,,Area_Planted,54687.0,ha,Actual,PL2
2b5b093b6862ce71,2012,9,Nghệ An,Provincial,Cultivation,Lúa,,Area_Planted,9189.0,ha,Actual,PL2
e3eff5394ecd7d9a,2012,9,Nghệ An,Provincial,Cultivation,Sắn,,Area_Planted,18016.0,ha,Actual,PL2
2b5b093b6862ce71,2012,9,Nghệ An,Provincial,Cultivation,Lúa,,Area_Planted,1891.0,ha,Actual,PL2
a3c5b9890471c0cd,2012,9,Hà Tĩnh,Provincial,Cultivation,Lúa,,Area_Planted,3189.0,ha,Actual,PL2
a3c5b9890471c0cd,2012,9,Hà Tĩnh,Provincial,Cultivation,Lúa,,Area_Planted,40744.0,ha,Actual,PL2
a3c5b9890471c0cd,2012,9,Hà Tĩnh,Provincial,Cultivation,Lúa,,Area_Planted,32302.0,ha,Actual,PL2
a3c5b9890471c0cd,2012,9,Hà Tĩnh,Provincial,Cultivation,Lúa,,Area_Planted,14776.0,ha,Actual,PL2
ed037b747cc19ac9,2012,9,Hà Tĩnh,Provincial,Cultivation,Ngô,,Area_Planted,7926.0,ha,Actual,PL2
a3c5b9890471c0cd,2012,9,Hà Tĩnh,Provincial,Cultivation,Lúa,,Area_Planted,5350.0,ha,Actual,PL2
f4df93149a7076b2,2012,9,Hà Tĩnh,Provincial,Cultivation,Sắn,,Area_Planted,1500.0,ha,Actual,PL2
43cf3d33e689eccc,2012,9,Quảng Bình,Provincial,Cultivation,Lúa,,Area_Planted,23626.0,ha,Actual,PL2
43cf3d33e689eccc,2012,9,Quảng Bình,Provincial,Cultivation,Lúa,,Area_Planted,22186.0,ha,Actual,PL2
43cf3d33e689eccc,2012,9,Quảng Bình,Provincial,Cultivation,Lúa,,Area_Planted,14419.0,ha,Actual,PL2
22b0ed51930fcb82,2012,9,Quảng Bình,Provincial,Cultivation,Ngô,,Area_Planted,4325.0,ha,Actual,PL2
43cf3d33e689eccc,2012,9,Quảng Bình,Provincial,Cultivation,Lúa,,Area_Planted,4000.0,ha,Actual,PL2
f255892cc10fec72,2012,9,Quảng Bình,Provincial,Cultivation,Sắn,,Area_Planted,6002.0,ha,Actual,PL2
43cf3d33e689eccc,2012,9,Quảng Bình,Provincial,Cultivation,Lúa,,Area_Planted,92.0,ha,Actual,PL2
8c855ebf688bc7e2,2012,9,Quảng Trị,Provincial,Cultivation,Lúa,,Area_Planted,2200.0,ha,Actual,PL2
8c855ebf688bc7e2,2012,9,Quảng Trị,Provincial,Cultivation,Lúa,,Area_Planted,21886.0,ha,Actual,PL2
8c855ebf688bc7e2,2012,9,Quảng Trị,Provincial,Cultivation,Lúa,,Area_Planted,20135.0,ha,Actual,PL2
8c855ebf688bc7e2,2012,9,Quảng Trị,Provincial,Cultivation,Lúa,,Area_Planted,16671.0,ha,Actual,PL2
664f6cc28100f737,2012,9,Quảng Trị,Provincial,Cultivation,Ngô,,Area_Planted,3946.0,ha,Actual,PL2
8c855ebf688bc7e2,2012,9,Quảng Trị,Provincial,Cultivation,Lúa,,Area_Planted,2000.0,ha,Actual,PL2
8c27dc2b2d983583,2012,9,Quảng Trị,Provincial,Cultivation,Sắn,,Area_Planted,10725.0,ha,Actual,PL2
141c96bd7433cc1e,2012,9,Thừa Thiên Huế,Provincial,Cultivation,Lúa,,Area_Planted,25771.0,ha,Actual,PL2
141c96bd7433cc1e,2012,9,Thừa Thiên Huế,Provincial,Cultivation,Lúa,,Area_Planted,25000.0,ha,Actual,PL2
141c96bd7433cc1e,2012,9,Thừa Thiên Huế,Provincial,Cultivation,Lúa,,Area_Planted,9713.0,ha,Actual,PL2
c4ce648640eed5b6,2012,9,Thừa Thiên Huế,Provincial,Cultivation,Ngô,,Area_Planted,1313.0,ha,Actual,PL2
141c96bd7433cc1e,2012,9,Thừa Thiên Huế,Provincial,Cultivation,Lúa,,Area_Planted,2500.0,ha,Actual,PL2
4e3d2c91154e7761,2012,9,Thừa Thiên Huế,Provincial,Cultivation,Sắn,,Area_Planted,5900.0,ha,Actual,PL2
8e21051a3236b63c,2012,9,Miền Bắc,Provincial,Cultivation,Lúa,,Area_Planted,322274.0,ha,Actual,PL3
8e21051a3236b63c,2012,9,Miền Bắc,Provincial,Cultivation,Lúa,,Area_Planted,106680.0,ha,Actual,PL3
8e21051a3236b63c,2012,9,Miền Bắc,Provincial,Cultivation,Lúa,,Area_Planted,145116.0,ha,Actual,PL3
8e21051a3236b63c,2012,9,Miền Bắc,Provincial,Cultivation,Lúa,,Area_Planted,16286.0,ha,Actual,PL3
8e21051a3236b63c,2012,9,Miền Bắc,Provincial,Cultivation,Lúa,,Area_Planted,24151.0,ha,Actual,PL3
8e21051a3236b63c,2012,9,Miền Bắc,Provincial,Cultivation,Lúa,,Area_Planted,30042.0,ha,Actual,PL3
fffb46e1480113c5,2012,9,Miền Bắc,Provincial,Cultivation,Rau,,Area_Planted,357551.0,ha,Actual,PL3
43bc390de872787c,2012,9,ĐB sông Hồng,Provincial,Cultivation,Lúa,,Area_Planted,81314.0,ha,Actual,PL3
43bc390de872787c,2012,9,ĐB sông Hồng,Provincial,Cultivation,Lúa,,Area_Planted,43473.0,ha,Actual,PL3
43bc390de872787c,2012,9,ĐB sông Hồng,Provincial,Cultivation,Lúa,,Area_Planted,27155.0,ha,Actual,PL3
43bc390de872787c,2012,9,ĐB sông Hồng,Provincial,Cultivation,Lúa,,Area_Planted,2155.0,ha,Actual,PL3
43bc390de872787c,2012,9,ĐB sông Hồng,Provincial,Cultivation,Lúa,,Area_Planted,1557.0,ha,Actual,PL3
43bc390de872787c,2012,9,ĐB sông Hồng,Provincial,Cultivation,Lúa,,Area_Planted,6974.0,ha,Actual,PL3
0c666e98b66035f5,2012,9,ĐB sông Hồng,Provincial,Cultivation,Rau,,Area_Planted,159769.0,ha,Actual,PL3
a377997843b51a60,2012,9,Hà Nội,Provincial,Cultivation,Lúa,,Area_Planted,17102.0,ha,Actual,PL3
a377997843b51a60,2012,9,Hà Nội,Provincial,Cultivation,Lúa,,Area_Planted,11997.0,ha,Actual,PL3
a377997843b51a60,2012,9,Hà Nội,Provincial,Cultivation,Lúa,,Area_Planted,5105.0,ha,Actual,PL3
b23fb130cc3bec1c,2012,9,Hà Nội,Provincial,Cultivation,Rau,,Area_Planted,29038.0,ha,Actual,PL3
f168d7dfffcb9c77,2012,9,Hải Phòng,Provincial,Cultivation,Lúa,,Area_Planted,3691.0,ha,Actual,PL3
f168d7dfffcb9c77,2012,9,Hải Phòng,Provincial,Cultivation,Lúa,,Area_Planted,34.0,ha,Actual,PL3
f168d7dfffcb9c77,2012,9,Hải Phòng,Provincial,Cultivation,Lúa,,Area_Planted,118.0,ha,Actual,PL3
f168d7dfffcb9c77,2012,9,Hải Phòng,Provincial,Cultivation,Lúa,,Area_Planted,2155.0,ha,Actual,PL3
f168d7dfffcb9c77,2012,9,Hải Phòng,Provincial,Cultivation,Lúa,,Area_Planted,1385.0,ha,Actual,PL3
0aa17658894e1146,2012,9,Hải Phòng,Provincial,Cultivation,Rau,,Area_Planted,15254.0,ha,Actual,PL3
3f5b6a16c13a0728,2012,9,Vĩnh Phúc,Provincial,Cultivation,Lúa,,Area_Planted,5864.0,ha,Actual,PL3
3f5b6a16c13a0728,2012,9,Vĩnh Phúc,Provincial,Cultivation,Lúa,,Area_Planted,2488.0,ha,Actual,PL3
3f5b6a16c13a0728,2012,9,Vĩnh Phúc,Provincial,Cultivation,Lúa,,Area_Planted,3144.0,ha,Actual,PL3
3f5b6a16c13a0728,2012,9,Vĩnh Phúc,Provincial,Cultivation,Lúa,,Area_Planted,53.0,ha,Actual,PL3
3f5b6a16c13a0728,2012,9,Vĩnh Phúc,Provincial,Cultivation,Lúa,,Area_Planted,179.0,ha,Actual,PL3
68e22e75e1be1fdd,2012,9,Vĩnh Phúc,Provincial,Cultivation,Rau,,Area_Planted,6773.0,ha,Actual,PL3
f811da3cc3051d22,2012,9,Bắc Ninh,Provincial,Cultivation,Lúa,,Area_Planted,2434.0,ha,Actual,PL3
f811da3cc3051d22,2012,9,Bắc Ninh,Provincial,Cultivation,Lúa,,Area_Planted,1652.0,ha,Actual,PL3
f811da3cc3051d22,2012,9,Bắc Ninh,Provincial,Cultivation,Lúa,,Area_Planted,782.0,ha,Actual,PL3
2f4538bf135104a4,2012,9,Bắc Ninh,Provincial,Cultivation,Rau,,Area_Planted,11172.0,ha,Actual,PL3
1d4af87b84e2758f,2012,9,Hải Dương,Provincial,Cultivation,Lúa,,Area_Planted,1731.0,ha,Actual,PL3
1d4af87b84e2758f,2012,9,Hải Dương,Provincial,Cultivation,Lúa,,Area_Planted,681.0,ha,Actual,PL3
1d4af87b84e2758f,2012,9,Hải Dương,Provincial,Cultivation,Lúa,,Area_Planted,1050.0,ha,Actual,PL3
7d68b2143c2066c4,2012,9,Hải Dương,Provincial,Cultivation,Rau,,Area_Planted,8803.0,ha,Actual,PL3
7631da296c0a8f28,2012,9,Hưng Yên,Provincial,Cultivation,Lúa,,Area_Planted,2841.0,ha,Actual,PL3
7631da296c0a8f28,2012,9,Hưng Yên,Provincial,Cultivation,Lúa,,Area_Planted,2010.0,ha,Actual,PL3
7631da296c0a8f28,2012,9,Hưng Yên,Provincial,Cultivation,Lúa,,Area_Planted,831.0,ha,Actual,PL3
7b940755af7bec67,2012,9,Hưng Yên,Provincial,Cultivation,Rau,,Area_Planted,14562.0,ha,Actual,PL3
cd8dbd079f2bf59a,2012,9,Hà Nam,Provincial,Cultivation,Lúa,,Area_Planted,8353.0,ha,Actual,PL3
cd8dbd079f2bf59a,2012,9,Hà Nam,Provincial,Cultivation,Lúa,,Area_Planted,8001.0,ha,Actual,PL3
cd8dbd079f2bf59a,2012,9,Hà Nam,Provincial,Cultivation,Lúa,,Area_Planted,352.0,ha,Actual,PL3
7ed725a398497560,2012,9,Hà Nam,Provincial,Cultivation,Rau,,Area_Planted,3950.0,ha,Actual,PL3
c856b358fa95015a,2012,9,Nam Định,Provincial,Cultivation,Lúa,,Area_Planted,10732.0,ha,Actual,PL3
c856b358fa95015a,2012,9,Nam Định,Provincial,Cultivation,Lúa,,Area_Planted,1666.0,ha,Actual,PL3
c856b358fa95015a,2012,9,Nam Định,Provincial,Cultivation,Lúa,,Area_Planted,6337.0,ha,Actual,PL3
c856b358fa95015a,2012,9,Nam Định,Provincial,Cultivation,Lúa,,Area_Planted,2729.0,ha,Actual,PL3
8d33cc396bfb341a,2012,9,Nam Định,Provincial,Cultivation,Rau,,Area_Planted,22883.0,ha,Actual,PL3
5d88d80b8224dc88,2012,9,Thái Bình,Provincial,Cultivation,Lúa,,Area_Planted,14468.0,ha,Actual,PL3
5d88d80b8224dc88,2012,9,Thái Bình,Provincial,Cultivation,Lúa,,Area_Planted,10890.0,ha,Actual,PL3
5d88d80b8224dc88,2012,9,Thái Bình,Provincial,Cultivation,Lúa,,Area_Planted,2169.0,ha,Actual,PL3
5d88d80b8224dc88,2012,9,Thái Bình,Provincial,Cultivation,Lúa,,Area_Planted,114.0,ha,Actual,PL3
5d88d80b8224dc88,2012,9,Thái Bình,Provincial,Cultivation,Lúa,,Area_Planted,1295.0,ha,Actual,PL3
74aee598c71e3409,2012,9,Thái Bình,Provincial,Cultivation,Rau,,Area_Planted,28189.0,ha,Actual,PL3
78fd35ca2f4116fb,2012,9,Ninh Bình,Provincial,Cultivation,Lúa,,Area_Planted,9013.0,ha,Actual,PL3
78fd35ca2f4116fb,2012,9,Ninh Bình,Provincial,Cultivation,Lúa,,Area_Planted,3193.0,ha,Actual,PL3
78fd35ca2f4116fb,2012,9,Ninh Bình,Provincial,Cultivation,Lúa,,Area_Planted,4441.0,ha,Actual,PL3
78fd35ca2f4116fb,2012,9,Ninh Bình,Provincial,Cultivation,Lúa,,Area_Planted,858.0,ha,Actual,PL3
78fd35ca2f4116fb,2012,9,Ninh Bình,Provincial,Cultivation,Lúa,,Area_Planted,521.0,ha,Actual,PL3
45b8bc0ba3f2e6f8,2012,9,Ninh Bình,Provincial,Cultivation,Rau,,Area_Planted,9869.0,ha,Actual,PL3
f7407cce9401c7e7,2012,9,Quảng Ninh,Provincial,Cultivation,Lúa,,Area_Planted,5084.0,ha,Actual,PL3
f7407cce9401c7e7,2012,9,Quảng Ninh,Provincial,Cultivation,Lúa,,Area_Planted,862.0,ha,Actual,PL3
f7407cce9401c7e7,2012,9,Quảng Ninh,Provincial,Cultivation,Lúa,,Area_Planted,2826.0,ha,Actual,PL3
f7407cce9401c7e7,2012,9,Quảng Ninh,Provincial,Cultivation,Lúa,,Area_Planted,532.0,ha,Actual,PL3
f7407cce9401c7e7,2012,9,Quảng Ninh,Provincial,Cultivation,Lúa,,Area_Planted,865.0,ha,Actual,PL3
9897d70af7c10d89,2012,9,Quảng Ninh,Provincial,Cultivation,Rau,,Area_Planted,9276.0,ha,Actual,PL3
9b0234a0807d538b,2012,9,TD và MN,Provincial,Cultivation,Lúa,,Area_Planted,144789.0,ha,Actual,PL3
9b0234a0807d538b,2012,9,TD và MN,Provincial,Cultivation,Lúa,,Area_Planted,55265.0,ha,Actual,PL3
9b0234a0807d538b,2012,9,TD và MN,Provincial,Cultivation,Lúa,,Area_Planted,51002.0,ha,Actual,PL3
9b0234a0807d538b,2012,9,TD và MN,Provincial,Cultivation,Lúa,,Area_Planted,13117.0,ha,Actual,PL3
9b0234a0807d538b,2012,9,TD và MN,Provincial,Cultivation,Lúa,,Area_Planted,12824.0,ha,Actual,PL3
9b0234a0807d538b,2012,9,TD và MN,Provincial,Cultivation,Lúa,,Area_Planted,12582.0,ha,Actual,PL3
2eb9299e39605ea9,2012,9,TD và MN,Provincial,Cultivation,Rau,,Area_Planted,103328.0,ha,Actual,PL3
a0dbbb83dd6bf008,2012,9,Hà Giang,Provincial,Cultivation,Lúa,,Area_Planted,32574.0,ha,Actual,PL3
a0dbbb83dd6bf008,2012,9,Hà Giang,Provincial,Cultivation,Lúa,,Area_Planted,22376.0,ha,Actual,PL3
a0dbbb83dd6bf008,2012,9,Hà Giang,Provincial,Cultivation,Lúa,,Area_Planted,7282.0,ha,Actual,PL3
a0dbbb83dd6bf008,2012,9,Hà Giang,Provincial,Cultivation,Lúa,,Area_Planted,2243.0,ha,Actual,PL3
a0dbbb83dd6bf008,2012,9,Hà Giang,Provincial,Cultivation,Lúa,,Area_Planted,527.0,ha,Actual,PL3
a0dbbb83dd6bf008,2012,9,Hà Giang,Provincial,Cultivation,Lúa,,Area_Planted,145.0,ha,Actual,PL3
426e6d900ec7d382,2012,9,Hà Giang,Provincial,Cultivation,Rau,,Area_Planted,19407.0,ha,Actual,PL3
67acc2d4ddc9ead5,2012,9,CBằ  ao ng,Provincial,Cultivation,Lúa,,Area_Planted,232.0,ha,Actual,PL3
7a35bcfd94098a38,2012,9,Lào Cai,Provincial,Cultivation,Lúa,,Area_Planted,8021.0,ha,Actual,PL3
7a35bcfd94098a38,2012,9,Lào Cai,Provincial,Cultivation,Lúa,,Area_Planted,5004.0,ha,Actual,PL3
7a35bcfd94098a38,2012,9,Lào Cai,Provincial,Cultivation,Lúa,,Area_Planted,2273.0,ha,Actual,PL3
7a35bcfd94098a38,2012,9,Lào Cai,Provincial,Cultivation,Lúa,,Area_Planted,371.0,ha,Actual,PL3
7a35bcfd94098a38,2012,9,Lào Cai,Provincial,Cultivation,Lúa,,Area_Planted,282.0,ha,Actual,PL3
7a35bcfd94098a38,2012,9,Lào Cai,Provincial,Cultivation,Lúa,,Area_Planted,915.0,ha,Actual,PL3
337b05f027ec560f,2012,9,Lào Cai,Provincial,Cultivation,Rau,,Area_Planted,9678.0,ha,Actual,PL3
81199dbb687da298,2012,9,Bắc Cạn,Provincial,Cultivation,Lúa,,Area_Planted,5313.0,ha,Actual,PL3
81199dbb687da298,2012,9,Bắc Cạn,Provincial,Cultivation,Lúa,,Area_Planted,1656.0,ha,Actual,PL3
81199dbb687da298,2012,9,Bắc Cạn,Provincial,Cultivation,Lúa,,Area_Planted,646.0,ha,Actual,PL3
81199dbb687da298,2012,9,Bắc Cạn,Provincial,Cultivation,Lúa,,Area_Planted,1000.0,ha,Actual,PL3
81199dbb687da298,2012,9,Bắc Cạn,Provincial,Cultivation,Lúa,,Area_Planted,170.0,ha,Actual,PL3
81199dbb687da298,2012,9,Bắc Cạn,Provincial,Cultivation,Lúa,,Area_Planted,1841.0,ha,Actual,PL3
2b474b1aa332b8bb,2012,9,Bắc Cạn,Provincial,Cultivation,Rau,,Area_Planted,2587.0,ha,Actual,PL3
d55c76914125b7f1,2012,9,Lạng Sơn,Provincial,Cultivation,Lúa,,Area_Planted,8180.0,ha,Actual,PL3
d55c76914125b7f1,2012,9,Lạng Sơn,Provincial,Cultivation,Lúa,,Area_Planted,790.0,ha,Actual,PL3
d55c76914125b7f1,2012,9,Lạng Sơn,Provincial,Cultivation,Lúa,,Area_Planted,1330.0,ha,Actual,PL3
d55c76914125b7f1,2012,9,Lạng Sơn,Provincial,Cultivation,Lúa,,Area_Planted,5093.0,ha,Actual,PL3
d55c76914125b7f1,2012,9,Lạng Sơn,Provincial,Cultivation,Lúa,,Area_Planted,395.0,ha,Actual,PL3
d55c76914125b7f1,2012,9,Lạng Sơn,Provincial,Cultivation,Lúa,,Area_Planted,572.0,ha,Actual,PL3
affc3e62b829b726,2012,9,Lạng Sơn,Provincial,Cultivation,Rau,,Area_Planted,7444.0,ha,Actual,PL3
babfdc12523d05e2,2012,9,Tuyên Quang,Provincial,Cultivation,Lúa,,Area_Planted,8372.0,ha,Actual,PL3
babfdc12523d05e2,2012,9,Tuyên Quang,Provincial,Cultivation,Lúa,,Area_Planted,1525.0,ha,Actual,PL3
babfdc12523d05e2,2012,9,Tuyên Quang,Provincial,Cultivation,Lúa,,Area_Planted,4602.0,ha,Actual,PL3
babfdc12523d05e2,2012,9,Tuyên Quang,Provincial,Cultivation,Lúa,,Area_Planted,2245.0,ha,Actual,PL3
dc8a8f125282d931,2012,9,Tuyên Quang,Provincial,Cultivation,Rau,,Area_Planted,2939.0,ha,Actual,PL3
60946a1f5d846a4d,2012,9,Yên Bái,Provincial,Cultivation,Lúa,,Area_Planted,4648.0,ha,Actual,PL3
60946a1f5d846a4d,2012,9,Yên Bái,Provincial,Cultivation,Lúa,,Area_Planted,1753.0,ha,Actual,PL3
60946a1f5d846a4d,2012,9,Yên Bái,Provincial,Cultivation,Lúa,,Area_Planted,2125.0,ha,Actual,PL3
60946a1f5d846a4d,2012,9,Yên Bái,Provincial,Cultivation,Lúa,,Area_Planted,750.0,ha,Actual,PL3
60946a1f5d846a4d,2012,9,Yên Bái,Provincial,Cultivation,Lúa,,Area_Planted,20.0,ha,Actual,PL3
f58549a34f7c4cad,2012,9,Yên Bái,Provincial,Cultivation,Rau,,Area_Planted,6850.0,ha,Actual,PL3
68b89a7f5b587a0b,2012,9,Thái Nguyên,Provincial,Cultivation,Lúa,,Area_Planted,6824.0,ha,Actual,PL3
68b89a7f5b587a0b,2012,9,Thái Nguyên,Provincial,Cultivation,Lúa,,Area_Planted,1479.0,ha,Actual,PL3
68b89a7f5b587a0b,2012,9,Thái Nguyên,Provincial,Cultivation,Lúa,,Area_Planted,4216.0,ha,Actual,PL3
68b89a7f5b587a0b,2012,9,Thái Nguyên,Provincial,Cultivation,Lúa,,Area_Planted,716.0,ha,Actual,PL3
68b89a7f5b587a0b,2012,9,Thái Nguyên,Provincial,Cultivation,Lúa,,Area_Planted,161.0,ha,Actual,PL3
68b89a7f5b587a0b,2012,9,Thái Nguyên,Provincial,Cultivation,Lúa,,Area_Planted,252.0,ha,Actual,PL3
e2f0b2adcb1c9546,2012,9,Thái Nguyên,Provincial,Cultivation,Rau,,Area_Planted,10943.0,ha,Actual,PL3
a7556f73936f509c,2012,9,Phú Thọ,Provincial,Cultivation,Lúa,,Area_Planted,5672.0,ha,Actual,PL3
a7556f73936f509c,2012,9,Phú Thọ,Provincial,Cultivation,Lúa,,Area_Planted,945.0,ha,Actual,PL3
a7556f73936f509c,2012,9,Phú Thọ,Provincial,Cultivation,Lúa,,Area_Planted,4727.0,ha,Actual,PL3
67079bdeac8f66cd,2012,9,Phú Thọ,Provincial,Cultivation,Rau,,Area_Planted,7363.0,ha,Actual,PL3
f82c7e714bfa2ccb,2012,9,Bắc Giang,Provincial,Cultivation,Lúa,,Area_Planted,13720.0,ha,Actual,PL3
f82c7e714bfa2ccb,2012,9,Bắc Giang,Provincial,Cultivation,Lúa,,Area_Planted,1146.0,ha,Actual,PL3
f82c7e714bfa2ccb,2012,9,Bắc Giang,Provincial,Cultivation,Lúa,,Area_Planted,11780.0,ha,Actual,PL3
f82c7e714bfa2ccb,2012,9,Bắc Giang,Provincial,Cultivation,Lúa,,Area_Planted,309.0,ha,Actual,PL3
f82c7e714bfa2ccb,2012,9,Bắc Giang,Provincial,Cultivation,Lúa,,Area_Planted,294.0,ha,Actual,PL3
f82c7e714bfa2ccb,2012,9,Bắc Giang,Provincial,Cultivation,Lúa,,Area_Planted,191.0,ha,Actual,PL3
040ec3227319d566,2012,9,Bắc Giang,Provincial,Cultivation,Rau,,Area_Planted,25833.0,ha,Actual,PL3
f6c8d7cec9fe5ecd,2012,9,Lai Châu,Provincial,Cultivation,Lúa,,Area_Planted,4176.0,ha,Actual,PL3
f6c8d7cec9fe5ecd,2012,9,Lai Châu,Provincial,Cultivation,Lúa,,Area_Planted,1846.0,ha,Actual,PL3
f6c8d7cec9fe5ecd,2012,9,Lai Châu,Provincial,Cultivation,Lúa,,Area_Planted,1631.0,ha,Actual,PL3
f6c8d7cec9fe5ecd,2012,9,Lai Châu,Provincial,Cultivation,Lúa,,Area_Planted,9.0,ha,Actual,PL3
f6c8d7cec9fe5ecd,2012,9,Lai Châu,Provincial,Cultivation,Lúa,,Area_Planted,690.0,ha,Actual,PL3
37d794f41e2ea341,2012,9,Lai Châu,Provincial,Cultivation,Rau,,Area_Planted,779.0,ha,Actual,PL3
91b792242d7d1093,2012,9,Điện Biên,Provincial,Cultivation,Lúa,,Area_Planted,15822.0,ha,Actual,PL3
91b792242d7d1093,2012,9,Điện Biên,Provincial,Cultivation,Lúa,,Area_Planted,6364.0,ha,Actual,PL3
91b792242d7d1093,2012,9,Điện Biên,Provincial,Cultivation,Lúa,,Area_Planted,2344.0,ha,Actual,PL3
91b792242d7d1093,2012,9,Điện Biên,Provincial,Cultivation,Lúa,,Area_Planted,7114.0,ha,Actual,PL3
27985b6a324826c3,2012,9,Điện Biên,Provincial,Cultivation,Rau,,Area_Planted,368.0,ha,Actual,PL3
864ba5cbf45d1a12,2012,9,Sơn La,Provincial,Cultivation,Lúa,,Area_Planted,7217.0,ha,Actual,PL3
864ba5cbf45d1a12,2012,9,Sơn La,Provincial,Cultivation,Lúa,,Area_Planted,4642.0,ha,Actual,PL3
864ba5cbf45d1a12,2012,9,Sơn La,Provincial,Cultivation,Lúa,,Area_Planted,1551.0,ha,Actual,PL3
864ba5cbf45d1a12,2012,9,Sơn La,Provincial,Cultivation,Lúa,,Area_Planted,304.0,ha,Actual,PL3
864ba5cbf45d1a12,2012,9,Sơn La,Provincial,Cultivation,Lúa,,Area_Planted,487.0,ha,Actual,PL3
864ba5cbf45d1a12,2012,9,Sơn La,Provincial,Cultivation,Lúa,,Area_Planted,233.0,ha,Actual,PL3
44c623482180676a,2012,9,Sơn La,Provincial,Cultivation,Rau,,Area_Planted,5163.0,ha,Actual,PL3
d47ba7294d81d943,2012,9,Hoà Bình,Provincial,Cultivation,Lúa,,Area_Planted,11959.0,ha,Actual,PL3
d47ba7294d81d943,2012,9,Hoà Bình,Provincial,Cultivation,Lúa,,Area_Planted,475.0,ha,Actual,PL3
d47ba7294d81d943,2012,9,Hoà Bình,Provincial,Cultivation,Lúa,,Area_Planted,4469.0,ha,Actual,PL3
d47ba7294d81d943,2012,9,Hoà Bình,Provincial,Cultivation,Lúa,,Area_Planted,5815.0,ha,Actual,PL3
d47ba7294d81d943,2012,9,Hoà Bình,Provincial,Cultivation,Lúa,,Area_Planted,1200.0,ha,Actual,PL3
23cda76f3ba77984,2012,9,Hoà Bình,Provincial,Cultivation,Rau,,Area_Planted,2851.0,ha,Actual,PL3
b0a3617f3126a49a,2012,9,Bắc Trung Bộ,Provincial,Cultivation,Lúa,,Area_Planted,96172.0,ha,Actual,PL3
b0a3617f3126a49a,2012,9,Bắc Trung Bộ,Provincial,Cultivation,Lúa,,Area_Planted,7942.0,ha,Actual,PL3
b0a3617f3126a49a,2012,9,Bắc Trung Bộ,Provincial,Cultivation,Lúa,,Area_Planted,66959.0,ha,Actual,PL3
b0a3617f3126a49a,2012,9,Bắc Trung Bộ,Provincial,Cultivation,Lúa,,Area_Planted,1015.0,ha,Actual,PL3
b0a3617f3126a49a,2012,9,Bắc Trung Bộ,Provincial,Cultivation,Lúa,,Area_Planted,9770.0,ha,Actual,PL3
b0a3617f3126a49a,2012,9,Bắc Trung Bộ,Provincial,Cultivation,Lúa,,Area_Planted,10486.0,ha,Actual,PL3
56809ac3fa8da6cd,2012,9,Bắc Trung Bộ,Provincial,Cultivation,Rau,,Area_Planted,94454.0,ha,Actual,PL3
ee0c698283a82e50,2012,9,Thanh Hoá,Provincial,Cultivation,Lúa,,Area_Planted,26457.0,ha,Actual,PL3
ee0c698283a82e50,2012,9,Thanh Hoá,Provincial,Cultivation,Lúa,,Area_Planted,7792.0,ha,Actual,PL3
ee0c698283a82e50,2012,9,Thanh Hoá,Provincial,Cultivation,Lúa,,Area_Planted,14094.0,ha,Actual,PL3
ee0c698283a82e50,2012,9,Thanh Hoá,Provincial,Cultivation,Lúa,,Area_Planted,946.0,ha,Actual,PL3
ee0c698283a82e50,2012,9,Thanh Hoá,Provincial,Cultivation,Lúa,,Area_Planted,1033.0,ha,Actual,PL3
ee0c698283a82e50,2012,9,Thanh Hoá,Provincial,Cultivation,Lúa,,Area_Planted,2592.0,ha,Actual,PL3
65dd90ffc69c61f0,2012,9,Thanh Hoá,Provincial,Cultivation,Rau,,Area_Planted,39100.0,ha,Actual,PL3
2b5b093b6862ce71,2012,9,Nghệ An,Provincial,Cultivation,Lúa,,Area_Planted,36906.0,ha,Actual,PL3
2b5b093b6862ce71,2012,9,Nghệ An,Provincial,Cultivation,Lúa,,Area_Planted,150.0,ha,Actual,PL3
2b5b093b6862ce71,2012,9,Nghệ An,Provincial,Cultivation,Lúa,,Area_Planted,22451.0,ha,Actual,PL3
2b5b093b6862ce71,2012,9,Nghệ An,Provincial,Cultivation,Lúa,,Area_Planted,8687.0,ha,Actual,PL3
2b5b093b6862ce71,2012,9,Nghệ An,Provincial,Cultivation,Lúa,,Area_Planted,5618.0,ha,Actual,PL3
c135528fe8d33692,2012,9,Nghệ An,Provincial,Cultivation,Rau,,Area_Planted,34407.0,ha,Actual,PL3
a3c5b9890471c0cd,2012,9,Hà Tĩnh,Provincial,Cultivation,Lúa,,Area_Planted,18308.0,ha,Actual,PL3
a3c5b9890471c0cd,2012,9,Hà Tĩnh,Provincial,Cultivation,Lúa,,Area_Planted,17217.0,ha,Actual,PL3
a3c5b9890471c0cd,2012,9,Hà Tĩnh,Provincial,Cultivation,Lúa,,Area_Planted,1091.0,ha,Actual,PL3
eea3e02883c7e892,2012,9,Hà Tĩnh,Provincial,Cultivation,Rau,,Area_Planted,3202.0,ha,Actual,PL3
43cf3d33e689eccc,2012,9,Quảng Bình,Provincial,Cultivation,Lúa,,Area_Planted,5872.0,ha,Actual,PL3
43cf3d33e689eccc,2012,9,Quảng Bình,Provincial,Cultivation,Lúa,,Area_Planted,4987.0,ha,Actual,PL3
43cf3d33e689eccc,2012,9,Quảng Bình,Provincial,Cultivation,Lúa,,Area_Planted,885.0,ha,Actual,PL3
a8896ee9d82e8713,2012,9,Quảng Bình,Provincial,Cultivation,Rau,,Area_Planted,5000.0,ha,Actual,PL3
8c855ebf688bc7e2,2012,9,Quảng Trị,Provincial,Cultivation,Lúa,,Area_Planted,4640.0,ha,Actual,PL3
8c855ebf688bc7e2,2012,9,Quảng Trị,Provincial,Cultivation,Lúa,,Area_Planted,4640.0,ha,Actual,PL3
d2ea4fb411dfae77,2012,9,Quảng Trị,Provincial,Cultivation,Rau,,Area_Planted,5500.0,ha,Actual,PL3
141c96bd7433cc1e,2012,9,Thừa Thiên Huế,Provincial,Cultivation,Lúa,,Area_Planted,3989.0,ha,Actual,PL3
141c96bd7433cc1e,2012,9,Thừa Thiên Huế,Provincial,Cultivation,Lúa,,Area_Planted,3570.0,ha,Actual,PL3
141c96bd7433cc1e,2012,9,Thừa Thiên Huế,Provincial,Cultivation,Lúa,,Area_Planted,69.0,ha,Actual,PL3
141c96bd7433cc1e,2012,9,Thừa Thiên Huế,Provincial,Cultivation,Lúa,,Area_Planted,50.0,ha,Actual,PL3
141c96bd7433cc1e,2012,9,Thừa Thiên Huế,Provincial,Cultivation,Lúa,,Area_Planted,300.0,ha,Actual,PL3
60f23371c7b56e95,2012,9,Thừa Thiên Huế,Provincial,Cultivation,Rau,,Area_Planted,7245.0,ha,Actual,PL3
86a7841b5dea07d0,2012,9,Miền Nam,Provincial,Cultivation,Lúa,,Area_Planted,573323.0,ha,Actual,PL4
86a7841b5dea07d0,2012,9,Miền Nam,Provincial,Cultivation,Lúa,,Area_Planted,450283.0,ha,Actual,PL4
86a7841b5dea07d0,2012,9,Miền Nam,Provincial,Cultivation,Lúa,,Area_Planted,771327.0,ha,Actual,PL4
86a7841b5dea07d0,2012,9,Miền Nam,Provincial,Cultivation,Lúa,,Area_Planted,383343.0,ha,Actual,PL4
86a7841b5dea07d0,2012,9,Miền Nam,Provincial,Cultivation,Lúa,,Area_Planted,43858.0,ha,Actual,PL4
86a7841b5dea07d0,2012,9,Miền Nam,Provincial,Cultivation,Lúa,,Area_Planted,331733.0,ha,Actual,PL4
86a7841b5dea07d0,2012,9,Miền Nam,Provincial,Cultivation,Lúa,,Area_Planted,12392.0,ha,Actual,PL4
7d14e08845fbd0fe,2012,9,D.H Nam Trung Bộ,Provincial,Cultivation,Lúa,,Area_Planted,59455.0,ha,Actual,PL4
7d14e08845fbd0fe,2012,9,D.H Nam Trung Bộ,Provincial,Cultivation,Lúa,,Area_Planted,169710.0,ha,Actual,PL4
7d14e08845fbd0fe,2012,9,D.H Nam Trung Bộ,Provincial,Cultivation,Lúa,,Area_Planted,61915.0,ha,Actual,PL4
7d14e08845fbd0fe,2012,9,D.H Nam Trung Bộ,Provincial,Cultivation,Lúa,,Area_Planted,6264.0,ha,Actual,PL4
7d14e08845fbd0fe,2012,9,D.H Nam Trung Bộ,Provincial,Cultivation,Lúa,,Area_Planted,101031.0,ha,Actual,PL4
7d14e08845fbd0fe,2012,9,D.H Nam Trung Bộ,Provincial,Cultivation,Lúa,,Area_Planted,500.0,ha,Actual,PL4
64280066871ea7a0,2012,9,TP Đà Nẵng,Provincial,Cultivation,Lúa,,Area_Planted,461.0,ha,Actual,PL4
64280066871ea7a0,2012,9,TP Đà Nẵng,Provincial,Cultivation,Lúa,,Area_Planted,255.0,ha,Actual,PL4
64280066871ea7a0,2012,9,TP Đà Nẵng,Provincial,Cultivation,Lúa,,Area_Planted,100.0,ha,Actual,PL4
64280066871ea7a0,2012,9,TP Đà Nẵng,Provincial,Cultivation,Lúa,,Area_Planted,106.0,ha,Actual,PL4
cd768e0987b422ef,2012,9,Quảng Nam,Provincial,Cultivation,Lúa,,Area_Planted,33198.0,ha,Actual,PL4
cd768e0987b422ef,2012,9,Quảng Nam,Provincial,Cultivation,Lúa,,Area_Planted,13369.0,ha,Actual,PL4
cd768e0987b422ef,2012,9,Quảng Nam,Provincial,Cultivation,Lúa,,Area_Planted,5329.0,ha,Actual,PL4
cd768e0987b422ef,2012,9,Quảng Nam,Provincial,Cultivation,Lúa,,Area_Planted,14500.0,ha,Actual,PL4
a7a790d5555774b8,2012,9,Quảng Ngãi,Provincial,Cultivation,Lúa,,Area_Planted,29170.0,ha,Actual,PL4
a7a790d5555774b8,2012,9,Quảng Ngãi,Provincial,Cultivation,Lúa,,Area_Planted,9496.0,ha,Actual,PL4
a7a790d5555774b8,2012,9,Quảng Ngãi,Provincial,Cultivation,Lúa,,Area_Planted,19674.0,ha,Actual,PL4
32f747fe37ce1cb9,2012,9,Bình Định,Provincial,Cultivation,Lúa,,Area_Planted,21087.0,ha,Actual,PL4
32f747fe37ce1cb9,2012,9,Bình Định,Provincial,Cultivation,Lúa,,Area_Planted,15130.0,ha,Actual,PL4
32f747fe37ce1cb9,2012,9,Bình Định,Provincial,Cultivation,Lúa,,Area_Planted,4561.0,ha,Actual,PL4
32f747fe37ce1cb9,2012,9,Bình Định,Provincial,Cultivation,Lúa,,Area_Planted,10542.0,ha,Actual,PL4
32f747fe37ce1cb9,2012,9,Bình Định,Provincial,Cultivation,Lúa,,Area_Planted,27.0,ha,Actual,PL4
497e8f908d8b8484,2012,9,Phú Yên,Provincial,Cultivation,Lúa,,Area_Planted,5573.0,ha,Actual,PL4
497e8f908d8b8484,2012,9,Phú Yên,Provincial,Cultivation,Lúa,,Area_Planted,24363.0,ha,Actual,PL4
497e8f908d8b8484,2012,9,Phú Yên,Provincial,Cultivation,Lúa,,Area_Planted,5560.0,ha,Actual,PL4
497e8f908d8b8484,2012,9,Phú Yên,Provincial,Cultivation,Lúa,,Area_Planted,265.0,ha,Actual,PL4
497e8f908d8b8484,2012,9,Phú Yên,Provincial,Cultivation,Lúa,,Area_Planted,18226.0,ha,Actual,PL4
497e8f908d8b8484,2012,9,Phú Yên,Provincial,Cultivation,Lúa,,Area_Planted,312.0,ha,Actual,PL4
a68770379f1691b9,2012,9,Khánh Hoà,Provincial,Cultivation,Lúa,,Area_Planted,3500.0,ha,Actual,PL4
a68770379f1691b9,2012,9,Khánh Hoà,Provincial,Cultivation,Lúa,,Area_Planted,11969.0,ha,Actual,PL4
a68770379f1691b9,2012,9,Khánh Hoà,Provincial,Cultivation,Lúa,,Area_Planted,5387.0,ha,Actual,PL4
a68770379f1691b9,2012,9,Khánh Hoà,Provincial,Cultivation,Lúa,,Area_Planted,171.0,ha,Actual,PL4
a68770379f1691b9,2012,9,Khánh Hoà,Provincial,Cultivation,Lúa,,Area_Planted,6250.0,ha,Actual,PL4
a68770379f1691b9,2012,9,Khánh Hoà,Provincial,Cultivation,Lúa,,Area_Planted,161.0,ha,Actual,PL4
43db7b4b1c1f1074,2012,9,Ninh Thuận,Provincial,Cultivation,Lúa,,Area_Planted,5245.0,ha,Actual,PL4
43db7b4b1c1f1074,2012,9,Ninh Thuận,Provincial,Cultivation,Lúa,,Area_Planted,11156.0,ha,Actual,PL4
43db7b4b1c1f1074,2012,9,Ninh Thuận,Provincial,Cultivation,Lúa,,Area_Planted,7994.0,ha,Actual,PL4
43db7b4b1c1f1074,2012,9,Ninh Thuận,Provincial,Cultivation,Lúa,,Area_Planted,101.0,ha,Actual,PL4
43db7b4b1c1f1074,2012,9,Ninh Thuận,Provincial,Cultivation,Lúa,,Area_Planted,3061.0,ha,Actual,PL4
e04cb9881dda174a,2012,9,Bình Thuận,Provincial,Cultivation,Lúa,,Area_Planted,24050.0,ha,Actual,PL4
e04cb9881dda174a,2012,9,Bình Thuận,Provincial,Cultivation,Lúa,,Area_Planted,44263.0,ha,Actual,PL4
e04cb9881dda174a,2012,9,Bình Thuận,Provincial,Cultivation,Lúa,,Area_Planted,15293.0,ha,Actual,PL4
e04cb9881dda174a,2012,9,Bình Thuận,Provincial,Cultivation,Lúa,,Area_Planted,298.0,ha,Actual,PL4
e04cb9881dda174a,2012,9,Bình Thuận,Provincial,Cultivation,Lúa,,Area_Planted,28672.0,ha,Actual,PL4
a00791659d639c1f,2012,9,Tây Nguyên,Provincial,Cultivation,Lúa,,Area_Planted,137745.0,ha,Actual,PL4
a00791659d639c1f,2012,9,Tây Nguyên,Provincial,Cultivation,Lúa,,Area_Planted,358346.0,ha,Actual,PL4
a00791659d639c1f,2012,9,Tây Nguyên,Provincial,Cultivation,Lúa,,Area_Planted,206448.0,ha,Actual,PL4
a00791659d639c1f,2012,9,Tây Nguyên,Provincial,Cultivation,Lúa,,Area_Planted,11017.0,ha,Actual,PL4
a00791659d639c1f,2012,9,Tây Nguyên,Provincial,Cultivation,Lúa,,Area_Planted,140275.0,ha,Actual,PL4
a00791659d639c1f,2012,9,Tây Nguyên,Provincial,Cultivation,Lúa,,Area_Planted,606.0,ha,Actual,PL4
9acbfd34c4cadd52,2012,9,Kon Tum,Provincial,Cultivation,Lúa,,Area_Planted,16212.0,ha,Actual,PL4
9acbfd34c4cadd52,2012,9,Kon Tum,Provincial,Cultivation,Lúa,,Area_Planted,41148.0,ha,Actual,PL4
9acbfd34c4cadd52,2012,9,Kon Tum,Provincial,Cultivation,Lúa,,Area_Planted,6578.0,ha,Actual,PL4
9acbfd34c4cadd52,2012,9,Kon Tum,Provincial,Cultivation,Lúa,,Area_Planted,59.0,ha,Actual,PL4
9acbfd34c4cadd52,2012,9,Kon Tum,Provincial,Cultivation,Lúa,,Area_Planted,34511.0,ha,Actual,PL4
53506ae46b379fa7,2012,9,Gia Lai,Provincial,Cultivation,Lúa,,Area_Planted,47482.0,ha,Actual,PL4
53506ae46b379fa7,2012,9,Gia Lai,Provincial,Cultivation,Lúa,,Area_Planted,97404.0,ha,Actual,PL4
53506ae46b379fa7,2012,9,Gia Lai,Provincial,Cultivation,Lúa,,Area_Planted,44406.0,ha,Actual,PL4
53506ae46b379fa7,2012,9,Gia Lai,Provincial,Cultivation,Lúa,,Area_Planted,1024.0,ha,Actual,PL4
53506ae46b379fa7,2012,9,Gia Lai,Provincial,Cultivation,Lúa,,Area_Planted,51864.0,ha,Actual,PL4
53506ae46b379fa7,2012,9,Gia Lai,Provincial,Cultivation,Lúa,,Area_Planted,110.0,ha,Actual,PL4
e208352ddf9af0fc,2012,9,Đắk Lắk,Provincial,Cultivation,Lúa,,Area_Planted,53388.0,ha,Actual,PL4
e208352ddf9af0fc,2012,9,Đắk Lắk,Provincial,Cultivation,Lúa,,Area_Planted,143472.0,ha,Actual,PL4
e208352ddf9af0fc,2012,9,Đắk Lắk,Provincial,Cultivation,Lúa,,Area_Planted,112351.0,ha,Actual,PL4
e208352ddf9af0fc,2012,9,Đắk Lắk,Provincial,Cultivation,Lúa,,Area_Planted,3057.0,ha,Actual,PL4
e208352ddf9af0fc,2012,9,Đắk Lắk,Provincial,Cultivation,Lúa,,Area_Planted,27568.0,ha,Actual,PL4
e208352ddf9af0fc,2012,9,Đắk Lắk,Provincial,Cultivation,Lúa,,Area_Planted,496.0,ha,Actual,PL4
858af85b5de49804,2012,9,Đắk Nông,Provincial,Cultivation,Lúa,,Area_Planted,7490.0,ha,Actual,PL4
858af85b5de49804,2012,9,Đắk Nông,Provincial,Cultivation,Lúa,,Area_Planted,56013.0,ha,Actual,PL4
858af85b5de49804,2012,9,Đắk Nông,Provincial,Cultivation,Lúa,,Area_Planted,28921.0,ha,Actual,PL4
858af85b5de49804,2012,9,Đắk Nông,Provincial,Cultivation,Lúa,,Area_Planted,4394.0,ha,Actual,PL4
858af85b5de49804,2012,9,Đắk Nông,Provincial,Cultivation,Lúa,,Area_Planted,22698.0,ha,Actual,PL4
c86795e2cf42724b,2012,9,Lâm Đồng,Provincial,Cultivation,Lúa,,Area_Planted,13173.0,ha,Actual,PL4
c86795e2cf42724b,2012,9,Lâm Đồng,Provincial,Cultivation,Lúa,,Area_Planted,20309.0,ha,Actual,PL4
c86795e2cf42724b,2012,9,Lâm Đồng,Provincial,Cultivation,Lúa,,Area_Planted,14192.0,ha,Actual,PL4
c86795e2cf42724b,2012,9,Lâm Đồng,Provincial,Cultivation,Lúa,,Area_Planted,2483.0,ha,Actual,PL4
c86795e2cf42724b,2012,9,Lâm Đồng,Provincial,Cultivation,Lúa,,Area_Planted,3634.0,ha,Actual,PL4
723d637f7a86b758,2012,9,Đông Nam Bộ,Provincial,Cultivation,Lúa,,Area_Planted,86596.0,ha,Actual,PL4
723d637f7a86b758,2012,9,Đông Nam Bộ,Provincial,Cultivation,Lúa,,Area_Planted,156229.0,ha,Actual,PL4
723d637f7a86b758,2012,9,Đông Nam Bộ,Provincial,Cultivation,Lúa,,Area_Planted,66238.0,ha,Actual,PL4
723d637f7a86b758,2012,9,Đông Nam Bộ,Provincial,Cultivation,Lúa,,Area_Planted,2662.0,ha,Actual,PL4
723d637f7a86b758,2012,9,Đông Nam Bộ,Provincial,Cultivation,Lúa,,Area_Planted,85115.0,ha,Actual,PL4
723d637f7a86b758,2012,9,Đông Nam Bộ,Provincial,Cultivation,Lúa,,Area_Planted,2214.0,ha,Actual,PL4
f45f873e55b98e0c,2012,9,Bình Phước,Provincial,Cultivation,Lúa,,Area_Planted,14574.0,ha,Actual,PL4
f45f873e55b98e0c,2012,9,Bình Phước,Provincial,Cultivation,Lúa,,Area_Planted,29533.0,ha,Actual,PL4
f45f873e55b98e0c,2012,9,Bình Phước,Provincial,Cultivation,Lúa,,Area_Planted,6272.0,ha,Actual,PL4
f45f873e55b98e0c,2012,9,Bình Phước,Provincial,Cultivation,Lúa,,Area_Planted,2182.0,ha,Actual,PL4
f45f873e55b98e0c,2012,9,Bình Phước,Provincial,Cultivation,Lúa,,Area_Planted,20254.0,ha,Actual,PL4
f45f873e55b98e0c,2012,9,Bình Phước,Provincial,Cultivation,Lúa,,Area_Planted,825.0,ha,Actual,PL4
88a6faeb6f48cec5,2012,9,Tây Ninh,Provincial,Cultivation,Lúa,,Area_Planted,32230.0,ha,Actual,PL4
88a6faeb6f48cec5,2012,9,Tây Ninh,Provincial,Cultivation,Lúa,,Area_Planted,44608.0,ha,Actual,PL4
88a6faeb6f48cec5,2012,9,Tây Ninh,Provincial,Cultivation,Lúa,,Area_Planted,1742.0,ha,Actual,PL4
88a6faeb6f48cec5,2012,9,Tây Ninh,Provincial,Cultivation,Lúa,,Area_Planted,159.0,ha,Actual,PL4
88a6faeb6f48cec5,2012,9,Tây Ninh,Provincial,Cultivation,Lúa,,Area_Planted,42101.0,ha,Actual,PL4
88a6faeb6f48cec5,2012,9,Tây Ninh,Provincial,Cultivation,Lúa,,Area_Planted,606.0,ha,Actual,PL4
8b11880cc0bda080,2012,9,Bình Dương,Provincial,Cultivation,Lúa,,Area_Planted,2551.0,ha,Actual,PL4
8b11880cc0bda080,2012,9,Bình Dương,Provincial,Cultivation,Lúa,,Area_Planted,240.0,ha,Actual,PL4
8b11880cc0bda080,2012,9,Bình Dương,Provincial,Cultivation,Lúa,,Area_Planted,2311.0,ha,Actual,PL4
6fb6e2759f10af19,2012,9,Đồng Nai,Provincial,Cultivation,Lúa,,Area_Planted,27428.0,ha,Actual,PL4
6fb6e2759f10af19,2012,9,Đồng Nai,Provincial,Cultivation,Lúa,,Area_Planted,55062.0,ha,Actual,PL4
6fb6e2759f10af19,2012,9,Đồng Nai,Provincial,Cultivation,Lúa,,Area_Planted,41486.0,ha,Actual,PL4
6fb6e2759f10af19,2012,9,Đồng Nai,Provincial,Cultivation,Lúa,,Area_Planted,202.0,ha,Actual,PL4
6fb6e2759f10af19,2012,9,Đồng Nai,Provincial,Cultivation,Lúa,,Area_Planted,12672.0,ha,Actual,PL4
6fb6e2759f10af19,2012,9,Đồng Nai,Provincial,Cultivation,Lúa,,Area_Planted,702.0,ha,Actual,PL4
6b74f83e4e920309,2012,9,Bà Rịa-V.Tàu,Provincial,Cultivation,Lúa,,Area_Planted,9704.0,ha,Actual,PL4
6b74f83e4e920309,2012,9,Bà Rịa-V.Tàu,Provincial,Cultivation,Lúa,,Area_Planted,24475.0,ha,Actual,PL4
6b74f83e4e920309,2012,9,Bà Rịa-V.Tàu,Provincial,Cultivation,Lúa,,Area_Planted,16498.0,ha,Actual,PL4
6b74f83e4e920309,2012,9,Bà Rịa-V.Tàu,Provincial,Cultivation,Lúa,,Area_Planted,119.0,ha,Actual,PL4
6b74f83e4e920309,2012,9,Bà Rịa-V.Tàu,Provincial,Cultivation,Lúa,,Area_Planted,7777.0,ha,Actual,PL4
6b74f83e4e920309,2012,9,Bà Rịa-V.Tàu,Provincial,Cultivation,Lúa,,Area_Planted,81.0,ha,Actual,PL4
019b6676e6ff7456,2012,9,TP Hồ Chí Minh,Provincial,Cultivation,Lúa,,Area_Planted,2660.0,ha,Actual,PL4
019b6676e6ff7456,2012,9,TP Hồ Chí Minh,Provincial,Cultivation,Lúa,,Area_Planted,0.0,ha,Actual,PL4
d5e8223a182310ea,2012,9,ĐBS Cửu Long,Provincial,Cultivation,Lúa,,Area_Planted,573323.0,ha,Actual,PL4
d5e8223a182310ea,2012,9,ĐBS Cửu Long,Provincial,Cultivation,Lúa,,Area_Planted,166487.0,ha,Actual,PL4
d5e8223a182310ea,2012,9,ĐBS Cửu Long,Provincial,Cultivation,Lúa,,Area_Planted,87042.0,ha,Actual,PL4
d5e8223a182310ea,2012,9,ĐBS Cửu Long,Provincial,Cultivation,Lúa,,Area_Planted,48742.0,ha,Actual,PL4
d5e8223a182310ea,2012,9,ĐBS Cửu Long,Provincial,Cultivation,Lúa,,Area_Planted,23915.0,ha,Actual,PL4
d5e8223a182310ea,2012,9,ĐBS Cửu Long,Provincial,Cultivation,Lúa,,Area_Planted,5312.0,ha,Actual,PL4
d5e8223a182310ea,2012,9,ĐBS Cửu Long,Provincial,Cultivation,Lúa,,Area_Planted,9072.0,ha,Actual,PL4
3d207e2294b212b9,2012,9,Long An,Provincial,Cultivation,Lúa,,Area_Planted,24816.0,ha,Actual,PL4
3d207e2294b212b9,2012,9,Long An,Provincial,Cultivation,Lúa,,Area_Planted,7557.0,ha,Actual,PL4
3d207e2294b212b9,2012,9,Long An,Provincial,Cultivation,Lúa,,Area_Planted,8315.0,ha,Actual,PL4
3d207e2294b212b9,2012,9,Long An,Provincial,Cultivation,Lúa,,Area_Planted,3954.0,ha,Actual,PL4
3d207e2294b212b9,2012,9,Long An,Provincial,Cultivation,Lúa,,Area_Planted,138.0,ha,Actual,PL4
3d207e2294b212b9,2012,9,Long An,Provincial,Cultivation,Lúa,,Area_Planted,769.0,ha,Actual,PL4
3d207e2294b212b9,2012,9,Long An,Provincial,Cultivation,Lúa,,Area_Planted,3454.0,ha,Actual,PL4
588d35ea9a4120f5,2012,9,Tiền Giang,Provincial,Cultivation,Lúa,,Area_Planted,38776.0,ha,Actual,PL4
588d35ea9a4120f5,2012,9,Tiền Giang,Provincial,Cultivation,Lúa,,Area_Planted,7882.0,ha,Actual,PL4
588d35ea9a4120f5,2012,9,Tiền Giang,Provincial,Cultivation,Lúa,,Area_Planted,5941.0,ha,Actual,PL4
588d35ea9a4120f5,2012,9,Tiền Giang,Provincial,Cultivation,Lúa,,Area_Planted,580.0,ha,Actual,PL4
588d35ea9a4120f5,2012,9,Tiền Giang,Provincial,Cultivation,Lúa,,Area_Planted,271.0,ha,Actual,PL4
588d35ea9a4120f5,2012,9,Tiền Giang,Provincial,Cultivation,Lúa,,Area_Planted,1090.0,ha,Actual,PL4
160c4b1a2c5266ea,2012,9,Bến Tre,Provincial,Cultivation,Lúa,,Area_Planted,29270.0,ha,Actual,PL4
160c4b1a2c5266ea,2012,9,Bến Tre,Provincial,Cultivation,Lúa,,Area_Planted,1355.0,ha,Actual,PL4
160c4b1a2c5266ea,2012,9,Bến Tre,Provincial,Cultivation,Lúa,,Area_Planted,985.0,ha,Actual,PL4
160c4b1a2c5266ea,2012,9,Bến Tre,Provincial,Cultivation,Lúa,,Area_Planted,206.0,ha,Actual,PL4
160c4b1a2c5266ea,2012,9,Bến Tre,Provincial,Cultivation,Lúa,,Area_Planted,164.0,ha,Actual,PL4
18a332cf13ca59c8,2012,9,Trà Vinh,Provincial,Cultivation,Lúa,,Area_Planted,67275.0,ha,Actual,PL4
18a332cf13ca59c8,2012,9,Trà Vinh,Provincial,Cultivation,Lúa,,Area_Planted,12613.0,ha,Actual,PL4
18a332cf13ca59c8,2012,9,Trà Vinh,Provincial,Cultivation,Lúa,,Area_Planted,8493.0,ha,Actual,PL4
18a332cf13ca59c8,2012,9,Trà Vinh,Provincial,Cultivation,Lúa,,Area_Planted,2628.0,ha,Actual,PL4
18a332cf13ca59c8,2012,9,Trà Vinh,Provincial,Cultivation,Lúa,,Area_Planted,836.0,ha,Actual,PL4
18a332cf13ca59c8,2012,9,Trà Vinh,Provincial,Cultivation,Lúa,,Area_Planted,656.0,ha,Actual,PL4
6bbac383ace97ab0,2012,9,Vĩnh Long,Provincial,Cultivation,Lúa,,Area_Planted,61798.0,ha,Actual,PL4
6bbac383ace97ab0,2012,9,Vĩnh Long,Provincial,Cultivation,Lúa,,Area_Planted,14032.0,ha,Actual,PL4
6bbac383ace97ab0,2012,9,Vĩnh Long,Provincial,Cultivation,Lúa,,Area_Planted,1592.0,ha,Actual,PL4
6bbac383ace97ab0,2012,9,Vĩnh Long,Provincial,Cultivation,Lúa,,Area_Planted,11855.0,ha,Actual,PL4
6bbac383ace97ab0,2012,9,Vĩnh Long,Provincial,Cultivation,Lúa,,Area_Planted,209.0,ha,Actual,PL4
6bbac383ace97ab0,2012,9,Vĩnh Long,Provincial,Cultivation,Lúa,,Area_Planted,376.0,ha,Actual,PL4
ac55296a578bed91,2012,9,Đồng Tháp,Provincial,Cultivation,Lúa,,Area_Planted,76294.0,ha,Actual,PL4
ac55296a578bed91,2012,9,Đồng Tháp,Provincial,Cultivation,Lúa,,Area_Planted,8241.0,ha,Actual,PL4
ac55296a578bed91,2012,9,Đồng Tháp,Provincial,Cultivation,Lúa,,Area_Planted,4763.0,ha,Actual,PL4
ac55296a578bed91,2012,9,Đồng Tháp,Provincial,Cultivation,Lúa,,Area_Planted,2416.0,ha,Actual,PL4
ac55296a578bed91,2012,9,Đồng Tháp,Provincial,Cultivation,Lúa,,Area_Planted,1062.0,ha,Actual,PL4
8a5ac509b461516b,2012,9,An Giang,Provincial,Cultivation,Lúa,,Area_Planted,146786.0,ha,Actual,PL4
8a5ac509b461516b,2012,9,An Giang,Provincial,Cultivation,Lúa,,Area_Planted,14317.0,ha,Actual,PL4
8a5ac509b461516b,2012,9,An Giang,Provincial,Cultivation,Lúa,,Area_Planted,11262.0,ha,Actual,PL4
8a5ac509b461516b,2012,9,An Giang,Provincial,Cultivation,Lúa,,Area_Planted,660.0,ha,Actual,PL4
8a5ac509b461516b,2012,9,An Giang,Provincial,Cultivation,Lúa,,Area_Planted,1047.0,ha,Actual,PL4
8a5ac509b461516b,2012,9,An Giang,Provincial,Cultivation,Lúa,,Area_Planted,1349.0,ha,Actual,PL4
a8444eab0d6273e3,2012,9,Kiên Giang,Provincial,Cultivation,Lúa,,Area_Planted,72385.0,ha,Actual,PL4
a8444eab0d6273e3,2012,9,Kiên Giang,Provincial,Cultivation,Lúa,,Area_Planted,25301.0,ha,Actual,PL4
a8444eab0d6273e3,2012,9,Kiên Giang,Provincial,Cultivation,Lúa,,Area_Planted,2115.0,ha,Actual,PL4
a8444eab0d6273e3,2012,9,Kiên Giang,Provincial,Cultivation,Lúa,,Area_Planted,48.0,ha,Actual,PL4
a8444eab0d6273e3,2012,9,Kiên Giang,Provincial,Cultivation,Lúa,,Area_Planted,1510.0,ha,Actual,PL4
a8444eab0d6273e3,2012,9,Kiên Giang,Provincial,Cultivation,Lúa,,Area_Planted,557.0,ha,Actual,PL4
52dd573f0a962913,2012,9,Cần Thơ,Provincial,Cultivation,Lúa,,Area_Planted,58344.0,ha,Actual,PL4
52dd573f0a962913,2012,9,Cần Thơ,Provincial,Cultivation,Lúa,,Area_Planted,3747.0,ha,Actual,PL4
52dd573f0a962913,2012,9,Cần Thơ,Provincial,Cultivation,Lúa,,Area_Planted,1875.0,ha,Actual,PL4
52dd573f0a962913,2012,9,Cần Thơ,Provincial,Cultivation,Lúa,,Area_Planted,1872.0,ha,Actual,PL4
6016e9488f508ea0,2012,9,Hậu Giang,Provincial,Cultivation,Lúa,,Area_Planted,57672.0,ha,Actual,PL4
6016e9488f508ea0,2012,9,Hậu Giang,Provincial,Cultivation,Lúa,,Area_Planted,5752.0,ha,Actual,PL4
6016e9488f508ea0,2012,9,Hậu Giang,Provincial,Cultivation,Lúa,,Area_Planted,5310.0,ha,Actual,PL4
6016e9488f508ea0,2012,9,Hậu Giang,Provincial,Cultivation,Lúa,,Area_Planted,442.0,ha,Actual,PL4
d353b62f4dfb8af7,2012,9,Sóc Trăng,Provincial,Cultivation,Lúa,,Area_Planted,12192.0,ha,Actual,PL4
d353b62f4dfb8af7,2012,9,Sóc Trăng,Provincial,Cultivation,Lúa,,Area_Planted,8284.0,ha,Actual,PL4
d353b62f4dfb8af7,2012,9,Sóc Trăng,Provincial,Cultivation,Lúa,,Area_Planted,7955.0,ha,Actual,PL4
d353b62f4dfb8af7,2012,9,Sóc Trăng,Provincial,Cultivation,Lúa,,Area_Planted,4412.0,ha,Actual,PL4
d353b62f4dfb8af7,2012,9,Sóc Trăng,Provincial,Cultivation,Lúa,,Area_Planted,1609.0,ha,Actual,PL4
d353b62f4dfb8af7,2012,9,Sóc Trăng,Provincial,Cultivation,Lúa,,Area_Planted,849.0,ha,Actual,PL4
d353b62f4dfb8af7,2012,9,Sóc Trăng,Provincial,Cultivation,Lúa,,Area_Planted,1085.0,ha,Actual,PL4
e3580feca90ba7ee,2012,9,Bạc Liêu,Provincial,Cultivation,Lúa,,Area_Planted,24261.0,ha,Actual,PL4
e3580feca90ba7ee,2012,9,Bạc Liêu,Provincial,Cultivation,Lúa,,Area_Planted,7391.0,ha,Actual,PL4
e3580feca90ba7ee,2012,9,Bạc Liêu,Provincial,Cultivation,Lúa,,Area_Planted,718.0,ha,Actual,PL4
e3580feca90ba7ee,2012,9,Bạc Liêu,Provincial,Cultivation,Lúa,,Area_Planted,108.0,ha,Actual,PL4
e3580feca90ba7ee,2012,9,Bạc Liêu,Provincial,Cultivation,Lúa,,Area_Planted,610.0,ha,Actual,PL4
f32d5e1551510319,2012,9,Cà Mau,Provincial,Cultivation,Lúa,,Area_Planted,21409.0,ha,Actual,PL4
86a7841b5dea07d0,2012,9,Miền Nam,Provincial,Cultivation,Lúa,,Area_Planted,258967.0,ha,Actual,PL5
b0315c625cc9df87,2012,9,Miền Nam,Provincial,Cultivation,Đậu,,Area_Planted,15615.0,ha,Actual,PL5
8b76db94db97d765,2012,9,Miền Nam,Provincial,Cultivation,Lạc,,Area_Planted,61205.0,ha,Actual,PL5
86a7841b5dea07d0,2012,9,Miền Nam,Provincial,Cultivation,Lúa,,Area_Planted,27327.0,ha,Actual,PL5
d16d1cdfbbd131b4,2012,9,Miền Nam,Provincial,Cultivation,Thuốc lá,,Area_Planted,5154.0,ha,Actual,PL5
be423efdea330bd9,2012,9,Miền Nam,Provincial,Cultivation,Mía,,Area_Planted,145424.0,ha,Actual,PL5
86a7841b5dea07d0,2012,9,Miền Nam,Provincial,Cultivation,Lúa,,Area_Planted,1047.0,ha,Actual,PL5
86a7841b5dea07d0,2012,9,Miền Nam,Provincial,Cultivation,Lúa,,Area_Planted,3195.0,ha,Actual,PL5
86a7841b5dea07d0,2012,9,Miền Nam,Provincial,Cultivation,Lúa,,Area_Planted,373430.0,ha,Actual,PL5
86a7841b5dea07d0,2012,9,Miền Nam,Provincial,Cultivation,Lúa,,Area_Planted,92747.0,ha,Actual,PL5
7d14e08845fbd0fe,2012,9,D.H Nam Trung Bộ,Provincial,Cultivation,Lúa,,Area_Planted,98204.0,ha,Actual,PL5
3437ee057cf55e4d,2012,9,D.H Nam Trung Bộ,Provincial,Cultivation,Đậu,,Area_Planted,772.0,ha,Actual,PL5
ab67b192093d1539,2012,9,D.H Nam Trung Bộ,Provincial,Cultivation,Lạc,,Area_Planted,31484.0,ha,Actual,PL5
7d14e08845fbd0fe,2012,9,D.H Nam Trung Bộ,Provincial,Cultivation,Lúa,,Area_Planted,12312.0,ha,Actual,PL5
35cd491d6769a5a0,2012,9,D.H Nam Trung Bộ,Provincial,Cultivation,Thuốc lá,,Area_Planted,1288.0,ha,Actual,PL5
f926379b89a6d28a,2012,9,D.H Nam Trung Bộ,Provincial,Cultivation,Mía,,Area_Planted,51849.0,ha,Actual,PL5
7d14e08845fbd0fe,2012,9,D.H Nam Trung Bộ,Provincial,Cultivation,Lúa,,Area_Planted,409.0,ha,Actual,PL5
7d14e08845fbd0fe,2012,9,D.H Nam Trung Bộ,Provincial,Cultivation,Lúa,,Area_Planted,89.0,ha,Actual,PL5
7d14e08845fbd0fe,2012,9,D.H Nam Trung Bộ,Provincial,Cultivation,Lúa,,Area_Planted,39759.0,ha,Actual,PL5
7d14e08845fbd0fe,2012,9,D.H Nam Trung Bộ,Provincial,Cultivation,Lúa,,Area_Planted,25050.0,ha,Actual,PL5
64280066871ea7a0,2012,9,TP Đà Nẵng,Provincial,Cultivation,Lúa,,Area_Planted,905.0,ha,Actual,PL5
f9c01985807d6190,2012,9,TP Đà Nẵng,Provincial,Cultivation,Lạc,,Area_Planted,671.0,ha,Actual,PL5
b4bcea69a61fcc06,2012,9,TP Đà Nẵng,Provincial,Cultivation,Mía,,Area_Planted,234.0,ha,Actual,PL5
64280066871ea7a0,2012,9,TP Đà Nẵng,Provincial,Cultivation,Lúa,,Area_Planted,157.0,ha,Actual,PL5
64280066871ea7a0,2012,9,TP Đà Nẵng,Provincial,Cultivation,Lúa,,Area_Planted,37.0,ha,Actual,PL5
cd768e0987b422ef,2012,9,Quảng Nam,Provincial,Cultivation,Lúa,,Area_Planted,14612.0,ha,Actual,PL5
0bc8018e1c53c5e2,2012,9,Quảng Nam,Provincial,Cultivation,Đậu,,Area_Planted,50.0,ha,Actual,PL5
5c2c7f62f54ed0fb,2012,9,Quảng Nam,Provincial,Cultivation,Lạc,,Area_Planted,11546.0,ha,Actual,PL5
cd768e0987b422ef,2012,9,Quảng Nam,Provincial,Cultivation,Lúa,,Area_Planted,2401.0,ha,Actual,PL5
0c07b0b5a22825e9,2012,9,Quảng Nam,Provincial,Cultivation,Thuốc lá,,Area_Planted,136.0,ha,Actual,PL5
5f1451c542618d5c,2012,9,Quảng Nam,Provincial,Cultivation,Mía,,Area_Planted,341.0,ha,Actual,PL5
cd768e0987b422ef,2012,9,Quảng Nam,Provincial,Cultivation,Lúa,,Area_Planted,119.0,ha,Actual,PL5
cd768e0987b422ef,2012,9,Quảng Nam,Provincial,Cultivation,Lúa,,Area_Planted,19.0,ha,Actual,PL5
cd768e0987b422ef,2012,9,Quảng Nam,Provincial,Cultivation,Lúa,,Area_Planted,13690.0,ha,Actual,PL5
cd768e0987b422ef,2012,9,Quảng Nam,Provincial,Cultivation,Lúa,,Area_Planted,6859.0,ha,Actual,PL5
a7a790d5555774b8,2012,9,Quảng Ngãi,Provincial,Cultivation,Lúa,,Area_Planted,10679.0,ha,Actual,PL5
7fc3f74d42dcdee2,2012,9,Quảng Ngãi,Provincial,Cultivation,Lạc,,Area_Planted,5390.0,ha,Actual,PL5
a40d5ecd63c522b0,2012,9,Quảng Ngãi,Provincial,Cultivation,Mía,,Area_Planted,5289.0,ha,Actual,PL5
a7a790d5555774b8,2012,9,Quảng Ngãi,Provincial,Cultivation,Lúa,,Area_Planted,4430.0,ha,Actual,PL5
a7a790d5555774b8,2012,9,Quảng Ngãi,Provincial,Cultivation,Lúa,,Area_Planted,1456.0,ha,Actual,PL5
32f747fe37ce1cb9,2012,9,Bình Định,Provincial,Cultivation,Lúa,,Area_Planted,13995.0,ha,Actual,PL5
e349e5a73f9e9268,2012,9,Bình Định,Provincial,Cultivation,Đậu,,Area_Planted,420.0,ha,Actual,PL5
0bdbc4583eb410ca,2012,9,Bình Định,Provincial,Cultivation,Lạc,,Area_Planted,9003.0,ha,Actual,PL5
32f747fe37ce1cb9,2012,9,Bình Định,Provincial,Cultivation,Lúa,,Area_Planted,1811.0,ha,Actual,PL5
18b8da4c1401b485,2012,9,Bình Định,Provincial,Cultivation,Mía,,Area_Planted,2761.0,ha,Actual,PL5
32f747fe37ce1cb9,2012,9,Bình Định,Provincial,Cultivation,Lúa,,Area_Planted,3515.0,ha,Actual,PL5
32f747fe37ce1cb9,2012,9,Bình Định,Provincial,Cultivation,Lúa,,Area_Planted,1000.0,ha,Actual,PL5
497e8f908d8b8484,2012,9,Phú Yên,Provincial,Cultivation,Lúa,,Area_Planted,27413.0,ha,Actual,PL5
134a0a00c1d1e883,2012,9,Phú Yên,Provincial,Cultivation,Đậu,,Area_Planted,284.0,ha,Actual,PL5
aa9b1b5a68c545a7,2012,9,Phú Yên,Provincial,Cultivation,Lạc,,Area_Planted,933.0,ha,Actual,PL5
497e8f908d8b8484,2012,9,Phú Yên,Provincial,Cultivation,Lúa,,Area_Planted,2604.0,ha,Actual,PL5
5402a490e0c5ae6f,2012,9,Phú Yên,Provincial,Cultivation,Thuốc lá,,Area_Planted,371.0,ha,Actual,PL5
00e713072c4ac205,2012,9,Phú Yên,Provincial,Cultivation,Mía,,Area_Planted,22902.0,ha,Actual,PL5
497e8f908d8b8484,2012,9,Phú Yên,Provincial,Cultivation,Lúa,,Area_Planted,249.0,ha,Actual,PL5
497e8f908d8b8484,2012,9,Phú Yên,Provincial,Cultivation,Lúa,,Area_Planted,70.0,ha,Actual,PL5
497e8f908d8b8484,2012,9,Phú Yên,Provincial,Cultivation,Lúa,,Area_Planted,4377.0,ha,Actual,PL5
497e8f908d8b8484,2012,9,Phú Yên,Provincial,Cultivation,Lúa,,Area_Planted,3592.0,ha,Actual,PL5
a68770379f1691b9,2012,9,Khánh Hoà,Provincial,Cultivation,Lúa,,Area_Planted,17898.0,ha,Actual,PL5
2a7032f89e0d0207,2012,9,Khánh Hoà,Provincial,Cultivation,Đậu,,Area_Planted,18.0,ha,Actual,PL5
2b929354cd382c1d,2012,9,Khánh Hoà,Provincial,Cultivation,Lạc,,Area_Planted,257.0,ha,Actual,PL5
a68770379f1691b9,2012,9,Khánh Hoà,Provincial,Cultivation,Lúa,,Area_Planted,136.0,ha,Actual,PL5
90ff5eb8b1d7d4fa,2012,9,Khánh Hoà,Provincial,Cultivation,Thuốc lá,,Area_Planted,250.0,ha,Actual,PL5
caffd77f212be253,2012,9,Khánh Hoà,Provincial,Cultivation,Mía,,Area_Planted,17237.0,ha,Actual,PL5
a68770379f1691b9,2012,9,Khánh Hoà,Provincial,Cultivation,Lúa,,Area_Planted,4000.0,ha,Actual,PL5
a68770379f1691b9,2012,9,Khánh Hoà,Provincial,Cultivation,Lúa,,Area_Planted,1200.0,ha,Actual,PL5
43db7b4b1c1f1074,2012,9,Ninh Thuận,Provincial,Cultivation,Lúa,,Area_Planted,4275.0,ha,Actual,PL5
d23dfc3b62f6fd2e,2012,9,Ninh Thuận,Provincial,Cultivation,Lạc,,Area_Planted,286.0,ha,Actual,PL5
43db7b4b1c1f1074,2012,9,Ninh Thuận,Provincial,Cultivation,Lúa,,Area_Planted,411.0,ha,Actual,PL5
abc7f97d6b548252,2012,9,Ninh Thuận,Provincial,Cultivation,Thuốc lá,,Area_Planted,452.0,ha,Actual,PL5
676ca82eafc090c5,2012,9,Ninh Thuận,Provincial,Cultivation,Mía,,Area_Planted,3085.0,ha,Actual,PL5
43db7b4b1c1f1074,2012,9,Ninh Thuận,Provincial,Cultivation,Lúa,,Area_Planted,41.0,ha,Actual,PL5
43db7b4b1c1f1074,2012,9,Ninh Thuận,Provincial,Cultivation,Lúa,,Area_Planted,5124.0,ha,Actual,PL5
43db7b4b1c1f1074,2012,9,Ninh Thuận,Provincial,Cultivation,Lúa,,Area_Planted,3295.0,ha,Actual,PL5
e04cb9881dda174a,2012,9,Bình Thuận,Provincial,Cultivation,Lúa,,Area_Planted,8427.0,ha,Actual,PL5
dede3659be7455f6,2012,9,Bình Thuận,Provincial,Cultivation,Lạc,,Area_Planted,3399.0,ha,Actual,PL5
e04cb9881dda174a,2012,9,Bình Thuận,Provincial,Cultivation,Lúa,,Area_Planted,4949.0,ha,Actual,PL5
b0e7c5e9b060e0e7,2012,9,Bình Thuận,Provincial,Cultivation,Thuốc lá,,Area_Planted,79.0,ha,Actual,PL5
e04cb9881dda174a,2012,9,Bình Thuận,Provincial,Cultivation,Lúa,,Area_Planted,4466.0,ha,Actual,PL5
e04cb9881dda174a,2012,9,Bình Thuận,Provincial,Cultivation,Lúa,,Area_Planted,7611.0,ha,Actual,PL5
a00791659d639c1f,2012,9,Tây Nguyên,Provincial,Cultivation,Lúa,,Area_Planted,44904.0,ha,Actual,PL5
5c1e41f889c46a00,2012,9,Tây Nguyên,Provincial,Cultivation,Đậu,,Area_Planted,11232.0,ha,Actual,PL5
3b2a0e0fdc83dcff,2012,9,Tây Nguyên,Provincial,Cultivation,Lạc,,Area_Planted,11880.0,ha,Actual,PL5
a00791659d639c1f,2012,9,Tây Nguyên,Provincial,Cultivation,Lúa,,Area_Planted,3389.0,ha,Actual,PL5
4168a5a2a3bcfd9c,2012,9,Tây Nguyên,Provincial,Cultivation,Thuốc lá,,Area_Planted,114.0,ha,Actual,PL5
74525717a77c44ee,2012,9,Tây Nguyên,Provincial,Cultivation,Mía,,Area_Planted,17690.0,ha,Actual,PL5
a00791659d639c1f,2012,9,Tây Nguyên,Provincial,Cultivation,Lúa,,Area_Planted,599.0,ha,Actual,PL5
a00791659d639c1f,2012,9,Tây Nguyên,Provincial,Cultivation,Lúa,,Area_Planted,43904.0,ha,Actual,PL5
a00791659d639c1f,2012,9,Tây Nguyên,Provincial,Cultivation,Lúa,,Area_Planted,43457.0,ha,Actual,PL5
9acbfd34c4cadd52,2012,9,Kon Tum,Provincial,Cultivation,Lúa,,Area_Planted,1906.0,ha,Actual,PL5
59f0a2f90b01d3a2,2012,9,Kon Tum,Provincial,Cultivation,Lạc,,Area_Planted,83.0,ha,Actual,PL5
68968b9de00dd266,2012,9,Kon Tum,Provincial,Cultivation,Mía,,Area_Planted,1823.0,ha,Actual,PL5
9acbfd34c4cadd52,2012,9,Kon Tum,Provincial,Cultivation,Lúa,,Area_Planted,901.0,ha,Actual,PL5
9acbfd34c4cadd52,2012,9,Kon Tum,Provincial,Cultivation,Lúa,,Area_Planted,297.0,ha,Actual,PL5
53506ae46b379fa7,2012,9,Gia Lai,Provincial,Cultivation,Lúa,,Area_Planted,4948.0,ha,Actual,PL5
d4e7b3c352a026da,2012,9,Gia Lai,Provincial,Cultivation,Lạc,,Area_Planted,1391.0,ha,Actual,PL5
53506ae46b379fa7,2012,9,Gia Lai,Provincial,Cultivation,Lúa,,Area_Planted,2844.0,ha,Actual,PL5
88ab750252730cd8,2012,9,Gia Lai,Provincial,Cultivation,Thuốc lá,,Area_Planted,114.0,ha,Actual,PL5
53506ae46b379fa7,2012,9,Gia Lai,Provincial,Cultivation,Lúa,,Area_Planted,599.0,ha,Actual,PL5
53506ae46b379fa7,2012,9,Gia Lai,Provincial,Cultivation,Lúa,,Area_Planted,11428.0,ha,Actual,PL5
53506ae46b379fa7,2012,9,Gia Lai,Provincial,Cultivation,Lúa,,Area_Planted,14495.0,ha,Actual,PL5
e208352ddf9af0fc,2012,9,Đắk Lắk,Provincial,Cultivation,Lúa,,Area_Planted,29795.0,ha,Actual,PL5
3cc8108b5e98780a,2012,9,Đắk Lắk,Provincial,Cultivation,Đậu,,Area_Planted,7423.0,ha,Actual,PL5
0764b4c0e5e47387,2012,9,Đắk Lắk,Provincial,Cultivation,Lạc,,Area_Planted,6521.0,ha,Actual,PL5
e208352ddf9af0fc,2012,9,Đắk Lắk,Provincial,Cultivation,Lúa,,Area_Planted,545.0,ha,Actual,PL5
1ca124f4ddc80e79,2012,9,Đắk Lắk,Provincial,Cultivation,Mía,,Area_Planted,15306.0,ha,Actual,PL5
e208352ddf9af0fc,2012,9,Đắk Lắk,Provincial,Cultivation,Lúa,,Area_Planted,5176.0,ha,Actual,PL5
e208352ddf9af0fc,2012,9,Đắk Lắk,Provincial,Cultivation,Lúa,,Area_Planted,23049.0,ha,Actual,PL5
858af85b5de49804,2012,9,Đắk Nông,Provincial,Cultivation,Lúa,,Area_Planted,8255.0,ha,Actual,PL5
c613c02875d62c10,2012,9,Đắk Nông,Provincial,Cultivation,Đậu,,Area_Planted,3809.0,ha,Actual,PL5
33c7dcf1decf2c93,2012,9,Đắk Nông,Provincial,Cultivation,Lạc,,Area_Planted,3885.0,ha,Actual,PL5
a2f906bf2d4d8919,2012,9,Đắk Nông,Provincial,Cultivation,Mía,,Area_Planted,561.0,ha,Actual,PL5
858af85b5de49804,2012,9,Đắk Nông,Provincial,Cultivation,Lúa,,Area_Planted,1213.0,ha,Actual,PL5
858af85b5de49804,2012,9,Đắk Nông,Provincial,Cultivation,Lúa,,Area_Planted,4604.0,ha,Actual,PL5
c86795e2cf42724b,2012,9,Lâm Đồng,Provincial,Cultivation,Lúa,,Area_Planted,25186.0,ha,Actual,PL5
c86795e2cf42724b,2012,9,Lâm Đồng,Provincial,Cultivation,Lúa,,Area_Planted,1012.0,ha,Actual,PL5
723d637f7a86b758,2012,9,Đông Nam Bộ,Provincial,Cultivation,Lúa,,Area_Planted,26211.0,ha,Actual,PL5
19acc71cc66b4147,2012,9,Đông Nam Bộ,Provincial,Cultivation,Đậu,,Area_Planted,610.0,ha,Actual,PL5
0df97aaac18dfcae,2012,9,Đông Nam Bộ,Provincial,Cultivation,Lạc,,Area_Planted,4869.0,ha,Actual,PL5
723d637f7a86b758,2012,9,Đông Nam Bộ,Provincial,Cultivation,Lúa,,Area_Planted,1030.0,ha,Actual,PL5
ab1ac7dab56c6190,2012,9,Đông Nam Bộ,Provincial,Cultivation,Thuốc lá,,Area_Planted,3635.0,ha,Actual,PL5
d36f2a862c193207,2012,9,Đông Nam Bộ,Provincial,Cultivation,Mía,,Area_Planted,16028.0,ha,Actual,PL5
723d637f7a86b758,2012,9,Đông Nam Bộ,Provincial,Cultivation,Lúa,,Area_Planted,39.0,ha,Actual,PL5
723d637f7a86b758,2012,9,Đông Nam Bộ,Provincial,Cultivation,Lúa,,Area_Planted,53768.0,ha,Actual,PL5
723d637f7a86b758,2012,9,Đông Nam Bộ,Provincial,Cultivation,Lúa,,Area_Planted,14000.0,ha,Actual,PL5
f45f873e55b98e0c,2012,9,Bình Phước,Provincial,Cultivation,Lúa,,Area_Planted,763.0,ha,Actual,PL5
4a978cd8bf1a951f,2012,9,Bình Phước,Provincial,Cultivation,Đậu,,Area_Planted,133.0,ha,Actual,PL5
575a1dd79885030f,2012,9,Bình Phước,Provincial,Cultivation,Lạc,,Area_Planted,571.0,ha,Actual,PL5
f45f873e55b98e0c,2012,9,Bình Phước,Provincial,Cultivation,Lúa,,Area_Planted,30.0,ha,Actual,PL5
f45f873e55b98e0c,2012,9,Bình Phước,Provincial,Cultivation,Lúa,,Area_Planted,29.0,ha,Actual,PL5
f45f873e55b98e0c,2012,9,Bình Phước,Provincial,Cultivation,Lúa,,Area_Planted,3755.0,ha,Actual,PL5
f45f873e55b98e0c,2012,9,Bình Phước,Provincial,Cultivation,Lúa,,Area_Planted,1626.0,ha,Actual,PL5
88a6faeb6f48cec5,2012,9,Tây Ninh,Provincial,Cultivation,Lúa,,Area_Planted,10167.0,ha,Actual,PL5
9e32b04751538fba,2012,9,Tây Ninh,Provincial,Cultivation,Lạc,,Area_Planted,2273.0,ha,Actual,PL5
88a6faeb6f48cec5,2012,9,Tây Ninh,Provincial,Cultivation,Lúa,,Area_Planted,865.0,ha,Actual,PL5
714fd426d3d89bee,2012,9,Tây Ninh,Provincial,Cultivation,Thuốc lá,,Area_Planted,2933.0,ha,Actual,PL5
303011b35b37a3e4,2012,9,Tây Ninh,Provincial,Cultivation,Mía,,Area_Planted,4096.0,ha,Actual,PL5
88a6faeb6f48cec5,2012,9,Tây Ninh,Provincial,Cultivation,Lúa,,Area_Planted,18356.0,ha,Actual,PL5
88a6faeb6f48cec5,2012,9,Tây Ninh,Provincial,Cultivation,Lúa,,Area_Planted,5160.0,ha,Actual,PL5
8b11880cc0bda080,2012,9,Bình Dương,Provincial,Cultivation,Lúa,,Area_Planted,287.0,ha,Actual,PL5
d8e57082dd88d3d1,2012,9,Bình Dương,Provincial,Cultivation,Lạc,,Area_Planted,287.0,ha,Actual,PL5
8b11880cc0bda080,2012,9,Bình Dương,Provincial,Cultivation,Lúa,,Area_Planted,3087.0,ha,Actual,PL5
8b11880cc0bda080,2012,9,Bình Dương,Provincial,Cultivation,Lúa,,Area_Planted,80.0,ha,Actual,PL5
6fb6e2759f10af19,2012,9,Đồng Nai,Provincial,Cultivation,Lúa,,Area_Planted,11409.0,ha,Actual,PL5
b036d0d8060e4e76,2012,9,Đồng Nai,Provincial,Cultivation,Đậu,,Area_Planted,477.0,ha,Actual,PL5
6196ee0139ef4344,2012,9,Đồng Nai,Provincial,Cultivation,Lạc,,Area_Planted,850.0,ha,Actual,PL5
6fb6e2759f10af19,2012,9,Đồng Nai,Provincial,Cultivation,Lúa,,Area_Planted,135.0,ha,Actual,PL5
541e9e28e1332fba,2012,9,Đồng Nai,Provincial,Cultivation,Thuốc lá,,Area_Planted,575.0,ha,Actual,PL5
190c8774b522ffdf,2012,9,Đồng Nai,Provincial,Cultivation,Mía,,Area_Planted,9362.0,ha,Actual,PL5
6fb6e2759f10af19,2012,9,Đồng Nai,Provincial,Cultivation,Lúa,,Area_Planted,10.0,ha,Actual,PL5
6fb6e2759f10af19,2012,9,Đồng Nai,Provincial,Cultivation,Lúa,,Area_Planted,9360.0,ha,Actual,PL5
6fb6e2759f10af19,2012,9,Đồng Nai,Provincial,Cultivation,Lúa,,Area_Planted,5223.0,ha,Actual,PL5
6b74f83e4e920309,2012,9,Bà Rịa-V.Tàu,Provincial,Cultivation,Lúa,,Area_Planted,1443.0,ha,Actual,PL5
123674b7f894af9d,2012,9,Bà Rịa-V.Tàu,Provincial,Cultivation,Lạc,,Area_Planted,888.0,ha,Actual,PL5
67ba713c40ecd1bf,2012,9,Bà Rịa-V.Tàu,Provincial,Cultivation,Thuốc lá,,Area_Planted,127.0,ha,Actual,PL5
e4a7802b93e67116,2012,9,Bà Rịa-V.Tàu,Provincial,Cultivation,Mía,,Area_Planted,428.0,ha,Actual,PL5
6b74f83e4e920309,2012,9,Bà Rịa-V.Tàu,Provincial,Cultivation,Lúa,,Area_Planted,6786.0,ha,Actual,PL5
6b74f83e4e920309,2012,9,Bà Rịa-V.Tàu,Provincial,Cultivation,Lúa,,Area_Planted,1911.0,ha,Actual,PL5
019b6676e6ff7456,2012,9,TP Hồ Chí Minh,Provincial,Cultivation,Lúa,,Area_Planted,2142.0,ha,Actual,PL5
04d8035114f97e48,2012,9,TP Hồ Chí Minh,Provincial,Cultivation,Mía,,Area_Planted,2142.0,ha,Actual,PL5
019b6676e6ff7456,2012,9,TP Hồ Chí Minh,Provincial,Cultivation,Lúa,,Area_Planted,12424.0,ha,Actual,PL5
d5e8223a182310ea,2012,9,ĐBS Cửu Long,Provincial,Cultivation,Lúa,,Area_Planted,89649.0,ha,Actual,PL5
2b09927caa0f0e94,2012,9,ĐBS Cửu Long,Provincial,Cultivation,Đậu,,Area_Planted,3001.0,ha,Actual,PL5
64304f91269ba0a6,2012,9,ĐBS Cửu Long,Provincial,Cultivation,Lạc,,Area_Planted,12973.0,ha,Actual,PL5
d5e8223a182310ea,2012,9,ĐBS Cửu Long,Provincial,Cultivation,Lúa,,Area_Planted,10596.0,ha,Actual,PL5
10076aa6c207cb97,2012,9,ĐBS Cửu Long,Provincial,Cultivation,Thuốc lá,,Area_Planted,117.0,ha,Actual,PL5
01bdfe5d8da56985,2012,9,ĐBS Cửu Long,Provincial,Cultivation,Mía,,Area_Planted,59857.0,ha,Actual,PL5
d5e8223a182310ea,2012,9,ĐBS Cửu Long,Provincial,Cultivation,Lúa,,Area_Planted,3106.0,ha,Actual,PL5
d5e8223a182310ea,2012,9,ĐBS Cửu Long,Provincial,Cultivation,Lúa,,Area_Planted,236000.0,ha,Actual,PL5
d5e8223a182310ea,2012,9,ĐBS Cửu Long,Provincial,Cultivation,Lúa,,Area_Planted,10240.0,ha,Actual,PL5
3d207e2294b212b9,2012,9,Long An,Provincial,Cultivation,Lúa,,Area_Planted,22723.0,ha,Actual,PL5
759bd79d18a45d83,2012,9,Long An,Provincial,Cultivation,Lạc,,Area_Planted,6982.0,ha,Actual,PL5
3d207e2294b212b9,2012,9,Long An,Provincial,Cultivation,Lúa,,Area_Planted,874.0,ha,Actual,PL5
281bd1760b17bce1,2012,9,Long An,Provincial,Cultivation,Thuốc lá,,Area_Planted,83.0,ha,Actual,PL5
498ed14cade53d5f,2012,9,Long An,Provincial,Cultivation,Mía,,Area_Planted,13610.0,ha,Actual,PL5
3d207e2294b212b9,2012,9,Long An,Provincial,Cultivation,Lúa,,Area_Planted,1174.0,ha,Actual,PL5
3d207e2294b212b9,2012,9,Long An,Provincial,Cultivation,Lúa,,Area_Planted,11083.0,ha,Actual,PL5
3d207e2294b212b9,2012,9,Long An,Provincial,Cultivation,Lúa,,Area_Planted,26.0,ha,Actual,PL5
588d35ea9a4120f5,2012,9,Tiền Giang,Provincial,Cultivation,Lúa,,Area_Planted,707.0,ha,Actual,PL5
05e1ee887f359cd0,2012,9,Tiền Giang,Provincial,Cultivation,Đậu,,Area_Planted,208.0,ha,Actual,PL5
4ee7518506dc3585,2012,9,Tiền Giang,Provincial,Cultivation,Lạc,,Area_Planted,210.0,ha,Actual,PL5
0ae1f73fbe950274,2012,9,Tiền Giang,Provincial,Cultivation,Mía,,Area_Planted,289.0,ha,Actual,PL5
588d35ea9a4120f5,2012,9,Tiền Giang,Provincial,Cultivation,Lúa,,Area_Planted,39077.0,ha,Actual,PL5
588d35ea9a4120f5,2012,9,Tiền Giang,Provincial,Cultivation,Lúa,,Area_Planted,196.0,ha,Actual,PL5
160c4b1a2c5266ea,2012,9,Bến Tre,Provincial,Cultivation,Lúa,,Area_Planted,5437.0,ha,Actual,PL5
d3dddc579edbfd87,2012,9,Bến Tre,Provincial,Cultivation,Lạc,,Area_Planted,404.0,ha,Actual,PL5
155eb32b7b1a5835,2012,9,Bến Tre,Provincial,Cultivation,Mía,,Area_Planted,5033.0,ha,Actual,PL5
160c4b1a2c5266ea,2012,9,Bến Tre,Provincial,Cultivation,Lúa,,Area_Planted,6040.0,ha,Actual,PL5
18a332cf13ca59c8,2012,9,Trà Vinh,Provincial,Cultivation,Lúa,,Area_Planted,12397.0,ha,Actual,PL5
679af5da7b4a9a5f,2012,9,Trà Vinh,Provincial,Cultivation,Lạc,,Area_Planted,4072.0,ha,Actual,PL5
d988e65e04f8889c,2012,9,Trà Vinh,Provincial,Cultivation,Mía,,Area_Planted,6568.0,ha,Actual,PL5
18a332cf13ca59c8,2012,9,Trà Vinh,Provincial,Cultivation,Lúa,,Area_Planted,1757.0,ha,Actual,PL5
18a332cf13ca59c8,2012,9,Trà Vinh,Provincial,Cultivation,Lúa,,Area_Planted,24902.0,ha,Actual,PL5
18a332cf13ca59c8,2012,9,Trà Vinh,Provincial,Cultivation,Lúa,,Area_Planted,686.0,ha,Actual,PL5
6bbac383ace97ab0,2012,9,Vĩnh Long,Provincial,Cultivation,Lúa,,Area_Planted,919.0,ha,Actual,PL5
5e3c48ed9a9a8cb1,2012,9,Vĩnh Long,Provincial,Cultivation,Đậu,,Area_Planted,619.0,ha,Actual,PL5
167d941c0eae9a3e,2012,9,Vĩnh Long,Provincial,Cultivation,Lạc,,Area_Planted,24.0,ha,Actual,PL5
6bbac383ace97ab0,2012,9,Vĩnh Long,Provincial,Cultivation,Lúa,,Area_Planted,158.0,ha,Actual,PL5
1996848eb598c813,2012,9,Vĩnh Long,Provincial,Cultivation,Mía,,Area_Planted,118.0,ha,Actual,PL5
6bbac383ace97ab0,2012,9,Vĩnh Long,Provincial,Cultivation,Lúa,,Area_Planted,22908.0,ha,Actual,PL5
6bbac383ace97ab0,2012,9,Vĩnh Long,Provincial,Cultivation,Lúa,,Area_Planted,387.0,ha,Actual,PL5
ac55296a578bed91,2012,9,Đồng Tháp,Provincial,Cultivation,Lúa,,Area_Planted,6241.0,ha,Actual,PL5
e258b10921fcf8bf,2012,9,Đồng Tháp,Provincial,Cultivation,Đậu,,Area_Planted,1672.0,ha,Actual,PL5
9f091a001316c97b,2012,9,Đồng Tháp,Provincial,Cultivation,Lạc,,Area_Planted,219.0,ha,Actual,PL5
ac55296a578bed91,2012,9,Đồng Tháp,Provincial,Cultivation,Lúa,,Area_Planted,4066.0,ha,Actual,PL5
f2390387097b7850,2012,9,Đồng Tháp,Provincial,Cultivation,Mía,,Area_Planted,110.0,ha,Actual,PL5
ac55296a578bed91,2012,9,Đồng Tháp,Provincial,Cultivation,Lúa,,Area_Planted,175.0,ha,Actual,PL5
ac55296a578bed91,2012,9,Đồng Tháp,Provincial,Cultivation,Lúa,,Area_Planted,10519.0,ha,Actual,PL5
ac55296a578bed91,2012,9,Đồng Tháp,Provincial,Cultivation,Lúa,,Area_Planted,422.0,ha,Actual,PL5
8a5ac509b461516b,2012,9,An Giang,Provincial,Cultivation,Lúa,,Area_Planted,2530.0,ha,Actual,PL5
624f7a4157d9f297,2012,9,An Giang,Provincial,Cultivation,Đậu,,Area_Planted,260.0,ha,Actual,PL5
4cd8c199127e9ee7,2012,9,An Giang,Provincial,Cultivation,Lạc,,Area_Planted,897.0,ha,Actual,PL5
8a5ac509b461516b,2012,9,An Giang,Provincial,Cultivation,Lúa,,Area_Planted,1297.0,ha,Actual,PL5
466bf3a0820b2fab,2012,9,An Giang,Provincial,Cultivation,Thuốc lá,,Area_Planted,34.0,ha,Actual,PL5
577188a45975f037,2012,9,An Giang,Provincial,Cultivation,Mía,,Area_Planted,42.0,ha,Actual,PL5
8a5ac509b461516b,2012,9,An Giang,Provincial,Cultivation,Lúa,,Area_Planted,37141.0,ha,Actual,PL5
8a5ac509b461516b,2012,9,An Giang,Provincial,Cultivation,Lúa,,Area_Planted,2785.0,ha,Actual,PL5
a8444eab0d6273e3,2012,9,Kiên Giang,Provincial,Cultivation,Lúa,,Area_Planted,4309.0,ha,Actual,PL5
8a25edd6b2d73527,2012,9,Kiên Giang,Provincial,Cultivation,Mía,,Area_Planted,4309.0,ha,Actual,PL5
a8444eab0d6273e3,2012,9,Kiên Giang,Provincial,Cultivation,Lúa,,Area_Planted,4059.0,ha,Actual,PL5
a8444eab0d6273e3,2012,9,Kiên Giang,Provincial,Cultivation,Lúa,,Area_Planted,725.0,ha,Actual,PL5
52dd573f0a962913,2012,9,Cần Thơ,Provincial,Cultivation,Lúa,,Area_Planted,4325.0,ha,Actual,PL5
9c614a21facd00e2,2012,9,Cần Thơ,Provincial,Cultivation,Đậu,,Area_Planted,93.0,ha,Actual,PL5
275d359a83b68967,2012,9,Cần Thơ,Provincial,Cultivation,Lạc,,Area_Planted,31.0,ha,Actual,PL5
52dd573f0a962913,2012,9,Cần Thơ,Provincial,Cultivation,Lúa,,Area_Planted,4201.0,ha,Actual,PL5
52dd573f0a962913,2012,9,Cần Thơ,Provincial,Cultivation,Lúa,,Area_Planted,8598.0,ha,Actual,PL5
52dd573f0a962913,2012,9,Cần Thơ,Provincial,Cultivation,Lúa,,Area_Planted,754.0,ha,Actual,PL5
6016e9488f508ea0,2012,9,Hậu Giang,Provincial,Cultivation,Lúa,,Area_Planted,14282.0,ha,Actual,PL5
7f3844af7f8ae58e,2012,9,Hậu Giang,Provincial,Cultivation,Mía,,Area_Planted,14282.0,ha,Actual,PL5
6016e9488f508ea0,2012,9,Hậu Giang,Provincial,Cultivation,Lúa,,Area_Planted,18061.0,ha,Actual,PL5
6016e9488f508ea0,2012,9,Hậu Giang,Provincial,Cultivation,Lúa,,Area_Planted,593.0,ha,Actual,PL5
d353b62f4dfb8af7,2012,9,Sóc Trăng,Provincial,Cultivation,Lúa,,Area_Planted,13757.0,ha,Actual,PL5
6c33999d0bad9bc8,2012,9,Sóc Trăng,Provincial,Cultivation,Đậu,,Area_Planted,149.0,ha,Actual,PL5
e0c316e94d84c17f,2012,9,Sóc Trăng,Provincial,Cultivation,Lạc,,Area_Planted,134.0,ha,Actual,PL5
683c8b324ac63f1e,2012,9,Sóc Trăng,Provincial,Cultivation,Mía,,Area_Planted,13474.0,ha,Actual,PL5
d353b62f4dfb8af7,2012,9,Sóc Trăng,Provincial,Cultivation,Lúa,,Area_Planted,39649.0,ha,Actual,PL5
d353b62f4dfb8af7,2012,9,Sóc Trăng,Provincial,Cultivation,Lúa,,Area_Planted,2875.0,ha,Actual,PL5
e3580feca90ba7ee,2012,9,Bạc Liêu,Provincial,Cultivation,Lúa,,Area_Planted,9530.0,ha,Actual,PL5
f32d5e1551510319,2012,9,Cà Mau,Provincial,Cultivation,Lúa,,Area_Planted,2022.0,ha,Actual,PL5
6e927ed9d57d03dd,2012,9,Cà Mau,Provincial,Cultivation,Mía,,Area_Planted,2022.0,ha,Actual,PL5
f32d5e1551510319,2012,9,Cà Mau,Provincial,Cultivation,Lúa,,Area_Planted,4433.0,ha,Actual,PL5
f32d5e1551510319,2012,9,Cà Mau,Provincial,Cultivation,Lúa,,Area_Planted,791.0,ha,Actual,PL5
9632245bd30488d0,2012,9,Cả nước,National,Forestry,Rừng,,Area,939.0,1000_ha,Estimated,PL6
e94fce5b4ae9d20c,2012,9,Cả nước,National,Forestry,Rừng,,Area,1297.0,1000_ha,Plan,PL6
9632245bd30488d0,2012,9,Cả nước,National,Forestry,Rừng,,Area,788.0,1000_ha,Estimated,PL6
e94fce5b4ae9d20c,2012,9,Cả nước,National,Forestry,Rừng,,Area,142.0,1000_ha,Plan,PL6
9632245bd30488d0,2012,9,Cả nước,National,Forestry,Rừng,,Area,960.0,1000_ha,Estimated,PL6
e94fce5b4ae9d20c,2012,9,Cả nước,National,Forestry,Rừng,,Area,1152.0,1000_ha,Plan,PL6
9632245bd30488d0,2012,9,Cả nước,National,Forestry,Rừng,,Area,1273.0,1000_ha,Estimated,PL6
e94fce5b4ae9d20c,2012,9,Cả nước,National,Forestry,Rừng,,Area,3069.0,1000_ha,Plan,PL6
9632245bd30488d0,2012,9,Cả nước,National,Forestry,Rừng,,Area,1003.0,1000_ha,Estimated,PL6
e94fce5b4ae9d20c,2012,9,Cả nước,National,Forestry,Rừng,,Area,1636.0,1000_ha,Plan,PL6
9632245bd30488d0,2012,9,Cả nước,National,Forestry,Rừng,,Area,1001.0,1000_ha,Estimated,PL6
e94fce5b4ae9d20c,2012,9,Cả nước,National,Forestry,Rừng,,Area,6970.0,1000_ha,Plan,PL6
9632245bd30488d0,2012,9,Cả nước,National,Forestry,Rừng,,Area,1091.0,1000_ha,Estimated,PL6
e94fce5b4ae9d20c,2012,9,Cả nước,National,Forestry,Rừng,,Area,23490.0,1000_ha,Plan,PL6
9632245bd30488d0,2012,9,Cả nước,National,Forestry,Rừng,,Area,1115.0,1000_ha,Estimated,PL6
e94fce5b4ae9d20c,2012,9,Cả nước,National,Forestry,Rừng,,Area,30660.0,1000_ha,Plan,PL6
4c69d32728e34a42,2012,1,Cả nước,National,Trade,0,Xuất khẩu,Export_Volume,3.0,1000_ton,Actual,PL8
c8abe3d6400b2bf2,2012,1,Cả nước,National,Trade,0,Xuất khẩu,Export_Value,4.0,million_USD,Actual,PL8
b0c66c16aebcd741,2012,1,Cả nước,National,Trade,I,Xuất khẩu,Export_Volume,4082.0,1000_ton,Actual,PL8
6232964843d3ea55,2012,1,Cả nước,National,Trade,I,Xuất khẩu,Export_Value,3614.0,million_USD,Actual,PL8
c5c9b9984fb5b50c,2012,1,Cả nước,National,Trade,1,Xuất khẩu,Export_Volume,1919.0,1000_ton,Actual,PL8
22fbd2193b7a8eeb,2012,1,Cả nước,National,Trade,1,Xuất khẩu,Export_Value,1686.0,million_USD,Actual,PL8
4b1d511df68290b2,2012,1,Cả nước,National,Trade,1.1,Xuất khẩu,Export_Volume,1778.0,1000_ton,Actual,PL8
b2dd89277b4c3b04,2012,1,Cả nước,National,Trade,1.1,Xuất khẩu,Export_Value,1590.0,million_USD,Actual,PL8
3d4297a5a5fb6d26,2012,1,Cả nước,National,Trade,1.2,Xuất khẩu,Export_Volume,141.0,1000_ton,Actual,PL8
776e98f5ea9cef4c,2012,1,Cả nước,National,Trade,1.2,Xuất khẩu,Export_Value,96.0,million_USD,Actual,PL8
ab27cef591a69fcd,2012,1,Cả nước,National,Trade,2,Xuất khẩu,Export_Volume,2163.0,1000_ton,Actual,PL8
4e870957eb43ec2c,2012,1,Cả nước,National,Trade,2,Xuất khẩu,Export_Value,1928.0,million_USD,Actual,PL8
42dc0c051ca82338,2012,9,Cả nước,National,Investment,TỔNG CỘNG : ( = A + B ),,Investment_Amount,8181689.0,million_VND,Plan,PL9
694deb6265801408,2012,9,Cả nước,National,Investment,TỔNG CỘNG : ( = A + B ),,Investment_Amount,6967000.0,million_VND,Cumulative,PL9
fb366b5f22efb547,2012,9,Cả nước,National,Investment,Vốn thực hiện dự án,,Investment_Amount,4325300.0,million_VND,Plan,PL9
7bbcb0a553d07f9b,2012,9,Cả nước,National,Investment,Vốn thực hiện dự án,,Investment_Amount,4176000.0,million_VND,Cumulative,PL9
6eae4b69c1c018fe,2012,9,Cả nước,National,Investment,Thủy lợi,,Investment_Amount,2491000.0,million_VND,Plan,PL9
0f040a9aa84bff98,2012,9,Cả nước,National,Investment,Thủy lợi,,Investment_Amount,2630000.0,million_VND,Cumulative,PL9
918a0093817caab2,2012,9,Cả nước,National,Investment,Nông nghiệp,,Investment_Amount,930000.0,million_VND,Plan,PL9
d1371a214d9d93d8,2012,9,Cả nước,National,Investment,Nông nghiệp,,Investment_Amount,918000.0,million_VND,Cumulative,PL9
fbf929d5582c17be,2012,9,Cả nước,National,Investment,Lâm nghiệp,,Investment_Amount,334000.0,million_VND,Plan,PL9
1d3a6896c4e4b924,2012,9,Cả nước,National,Investment,Lâm nghiệp,,Investment_Amount,280000.0,million_VND,Cumulative,PL9
b166a7761a2c1488,2012,9,Cả nước,National,Investment,Thủy sản,,Investment_Amount,85000.0,million_VND,Plan,PL9
d295880ff00523df,2012,9,Cả nước,National,Investment,Thủy sản,,Investment_Amount,60000.0,million_VND,Cumulative,PL9
06e49f7be38fda6e,2012,9,Cả nước,National,Investment,Giáo dục - Đào tạo,,Investment_Amount,140000.0,million_VND,Plan,PL9
0bb8ee0578364b65,2012,9,Cả nước,National,Investment,Giáo dục - Đào tạo,,Investment_Amount,80000.0,million_VND,Cumulative,PL9
4f1bcde413b2083b,2012,9,Cả nước,National,Investment,Khoa học - Công nghệ,,Investment_Amount,65800.0,million_VND,Plan,PL9
2ce63b4fd2381a8c,2012,9,Cả nước,National,Investment,Khoa học - Công nghệ,,Investment_Amount,40000.0,million_VND,Cumulative,PL9
91095ce611284e14,2012,9,Cả nước,National,Investment,Chương trình trọng điểm phát triển vàứng dụng công nghệ sinh học,,Investment_Amount,30000.0,million_VND,Plan,PL9
0ebf1fc7330eb29a,2012,9,Cả nước,National,Investment,Chương trình trọng điểm phát triển vàứng dụng công nghệ sinh học,,Investment_Amount,13000.0,million_VND,Cumulative,PL9
cf82b08e21250992,2012,9,Cả nước,National,Investment,Đầu tư khác,,Investment_Amount,249500.0,million_VND,Plan,PL9
d5ff91ff06792884,2012,9,Cả nước,National,Investment,Đầu tư khác,,Investment_Amount,155000.0,million_VND,Cumulative,PL9
88b3702ce117f9f6,2012,9,Cả nước,National,Investment,Vốn đầu tư theo các mục tiêu nhiệmvụ cụ thể,,Investment_Amount,416500.0,million_VND,Plan,PL9
3a522f22c1576896,2012,9,Cả nước,National,Investment,Vốn đầu tư theo các mục tiêu nhiệmvụ cụ thể,,Investment_Amount,222000.0,million_VND,Cumulative,PL9
361dcb4b799649df,2012,9,Cả nước,National,Investment,Chương trình giống,,Investment_Amount,110000.0,million_VND,Plan,PL9
fbcf1ce3321e9a82,2012,9,Cả nước,National,Investment,Chương trình giống,,Investment_Amount,75000.0,million_VND,Cumulative,PL9
9eb7ec67ee8341c3,2012,9,Cả nước,National,Investment,"Chương trình neo đậu, tránh trú bão",,Investment_Amount,90000.0,million_VND,Plan,PL9
45225052677bedb7,2012,9,Cả nước,National,Investment,"Chương trình neo đậu, tránh trú bão",,Investment_Amount,50000.0,million_VND,Cumulative,PL9
3f7437797803d8ab,2012,9,Cả nước,National,Investment,"Chương trình phát triển, bảo vệ rừng",,Investment_Amount,35000.0,million_VND,Plan,PL9
af685d1850976fbf,2012,9,Cả nước,National,Investment,"Chương trình phát triển, bảo vệ rừng",,Investment_Amount,26000.0,million_VND,Cumulative,PL9
837813c118628339,2012,9,Cả nước,National,Investment,Chương trình nuôi trồng thủy sản,,Investment_Amount,180000.0,million_VND,Plan,PL9
00f0d1d7c88c288a,2012,9,Cả nước,National,Investment,Chương trình nuôi trồng thủy sản,,Investment_Amount,70000.0,million_VND,Cumulative,PL9
dd33d2500c88221b,2012,9,Cả nước,National,Investment,"Chương trình Biển Đông, Hải đảo",,Investment_Amount,1500.0,million_VND,Plan,PL9
fee22220c14ef0aa,2012,9,Cả nước,National,Investment,"Chương trình Biển Đông, Hải đảo",,Investment_Amount,1000.0,million_VND,Cumulative,PL9
4cc8a12b3f0b62a0,2012,9,Cả nước,National,Investment,Vốn chuẩn bị đầu tư,,Investment_Amount,38000.0,million_VND,Plan,PL9
82b1b4c2c3795b03,2012,9,Cả nước,National,Investment,Vốn chuẩn bị đầu tư,,Investment_Amount,34000.0,million_VND,Cumulative,PL9
5334db24a9ae02bf,2012,9,Cả nước,National,Investment,Bổ sung dự trữ Quốc gia,,Investment_Amount,78500.0,million_VND,Plan,PL9
5d8f307eee590ea4,2012,9,Cả nước,National,Investment,Bổ sung dự trữ Quốc gia,,Investment_Amount,35000.0,million_VND,Cumulative,PL9
4e16eeef1ec3983f,2012,9,Cả nước,National,Investment,VỐN TP CHÍNH PHỦ,,Investment_Amount,3323389.0,million_VND,Plan,PL9
efa046eb1bfa35bf,2012,9,Cả nước,National,Investment,VỐN TP CHÍNH PHỦ,,Investment_Amount,2500000.0,million_VND,Cumulative,PL9
b43821f4b64ab0ac,2012,9,Cả nước,National,Investment,Các dự án có trong quyết định171/2006/QĐ - TTg,,Investment_Amount,1994000.0,million_VND,Cumulative,PL9
b7700f5fb31aa197,2012,9,Cả nước,National,Investment,Các dự án cấp bách bổ sung,,Investment_Amount,199000.0,million_VND,Cumulative,PL9
73c3d1d41204b4c4,2012,9,Cả nước,National,Investment,Các dự án thủy lợi đồng bằng sôngHồng,,Investment_Amount,307000.0,million_VND,Cumulative,PL9
a197286d668e914b,2011,10,1. Thu hoạch lúa mùa ở miền Bắc,Provincial,Cultivation,Unknown,,Area_Planted,5557.0,1000_ha,Actual,PL1
432b76d1fba922b6,2012,10,1. Thu hoạch lúa mùa ở miền Bắc,Provincial,Cultivation,Unknown,,Area_Planted,7466.0,1000_ha,Actual,PL1
813b45aa0d53ab2b,2011,10,+ Vùng Bắc Trung bộ,Provincial,Cultivation,Unknown,,Area_Planted,1218.0,1000_ha,Actual,PL1
e9552eb2f76c1c58,2012,10,+ Vùng Bắc Trung bộ,Provincial,Cultivation,Unknown,,Area_Planted,1164.0,1000_ha,Actual,PL1
93bd8a07e4a144d9,2011,10,2. Gieo cấy lúa mùa ở miền Nam,Provincial,Cultivation,Unknown,,Area_Planted,6825.0,1000_ha,Actual,PL1
513a96846847ca62,2012,10,2. Gieo cấy lúa mùa ở miền Nam,Provincial,Cultivation,Unknown,,Area_Planted,7178.0,1000_ha,Actual,PL1
48f955202873eab0,2011,10,3. Gieo cấy lúa đông xuân ở miền Nam,Provincial,Cultivation,Lúa,Đông Xuân,Area_Planted,947.0,1000_ha,Actual,PL1
f87f4aeffca28fb3,2012,10,3. Gieo cấy lúa đông xuân ở miền Nam,Provincial,Cultivation,Lúa,Đông Xuân,Area_Planted,914.0,1000_ha,Actual,PL1
1cd906e7056afa0f,2011,10,4. Gieo trồng cây vụ đông ở miền Bắc,Provincial,Cultivation,Unknown,,Area_Planted,1912.0,1000_ha,Actual,PL1
e37b5e656f50f1d6,2012,10,4. Gieo trồng cây vụ đông ở miền Bắc,Provincial,Cultivation,Unknown,,Area_Planted,2454.0,1000_ha,Actual,PL1
41488f0f8285057d,2011,10,- Khoai lang,Provincial,Cultivation,Khoai lang,,Area_Planted,174.0,1000_ha,Actual,PL1
6040b709b925e87e,2012,10,- Khoai lang,Provincial,Cultivation,Khoai lang,,Area_Planted,226.0,1000_ha,Actual,PL1
b41696d38f5595a6,2011,10,- Đậu tương,Provincial,Cultivation,Đậu tương,,Area_Planted,233.0,1000_ha,Actual,PL1
de9f6a301ef170c1,2012,10,- Đậu tương,Provincial,Cultivation,Đậu tương,,Area_Planted,445.0,1000_ha,Actual,PL1
7be145f0b5d3d36f,2011,10,- Lạc,Provincial,Cultivation,Lạc,,Area_Planted,41.0,1000_ha,Actual,PL1
6b853d6de42086f7,2012,10,- Lạc,Provincial,Cultivation,Lạc,,Area_Planted,63.0,1000_ha,Actual,PL1
f270a2da8dacfaef,2011,10,"- Rau, đậu các loại",Provincial,Cultivation,Rau đậu,,Area_Planted,412.0,1000_ha,Actual,PL1
2ec6c425f161ad74,2012,10,"- Rau, đậu các loại",Provincial,Cultivation,Rau đậu,,Area_Planted,644.0,1000_ha,Actual,PL1
0fea2b73b53467e8,2012,10,Miền Bắc,Provincial,Cultivation,Lúa,,Area_Planted,1135800.0,ha,Actual,PL2
0fea2b73b53467e8,2012,10,Miền Bắc,Provincial,Cultivation,Lúa,,Area_Planted,746595.0,ha,Actual,PL2
0fea2b73b53467e8,2012,10,Miền Bắc,Provincial,Cultivation,Lúa,,Area_Planted,245369.0,ha,Actual,PL2
bd3acef7baddeec6,2012,10,Miền Bắc,Provincial,Cultivation,Ngô,,Area_Planted,103050.0,ha,Actual,PL2
0fea2b73b53467e8,2012,10,Miền Bắc,Provincial,Cultivation,Lúa,,Area_Planted,22586.0,ha,Actual,PL2
3e5f48a23f5d1b4f,2012,10,Miền Bắc,Provincial,Cultivation,Đậu,,Area_Planted,44483.0,ha,Actual,PL2
68a66cbb1ccdf40a,2012,10,Miền Bắc,Provincial,Cultivation,Lạc,,Area_Planted,6303.0,ha,Actual,PL2
0fea2b73b53467e8,2012,10,Miền Bắc,Provincial,Cultivation,Lúa,,Area_Planted,2410.0,ha,Actual,PL2
0fea2b73b53467e8,2012,10,Miền Bắc,Provincial,Cultivation,Lúa,,Area_Planted,2093.0,ha,Actual,PL2
7124b4ee01e20fea,2012,10,Miền Bắc,Provincial,Cultivation,Rau,,Area_Planted,64445.0,ha,Actual,PL2
7fe3848b93f4195e,2012,10,ĐB sông Hồng,Provincial,Cultivation,Lúa,,Area_Planted,573631.0,ha,Actual,PL2
7fe3848b93f4195e,2012,10,ĐB sông Hồng,Provincial,Cultivation,Lúa,,Area_Planted,422774.0,ha,Actual,PL2
7fe3848b93f4195e,2012,10,ĐB sông Hồng,Provincial,Cultivation,Lúa,,Area_Planted,135453.0,ha,Actual,PL2
a28e794b0e2f3a05,2012,10,ĐB sông Hồng,Provincial,Cultivation,Ngô,,Area_Planted,40568.0,ha,Actual,PL2
7fe3848b93f4195e,2012,10,ĐB sông Hồng,Provincial,Cultivation,Lúa,,Area_Planted,8232.0,ha,Actual,PL2
a098ecefc173a65b,2012,10,ĐB sông Hồng,Provincial,Cultivation,Đậu,,Area_Planted,35611.0,ha,Actual,PL2
6e39ea925c3461dc,2012,10,ĐB sông Hồng,Provincial,Cultivation,Lạc,,Area_Planted,2087.0,ha,Actual,PL2
7fe3848b93f4195e,2012,10,ĐB sông Hồng,Provincial,Cultivation,Lúa,,Area_Planted,2408.0,ha,Actual,PL2
7fe3848b93f4195e,2012,10,ĐB sông Hồng,Provincial,Cultivation,Lúa,,Area_Planted,2093.0,ha,Actual,PL2
5b961bd21f8c0ef8,2012,10,ĐB sông Hồng,Provincial,Cultivation,Rau,,Area_Planted,44453.0,ha,Actual,PL2
36fc9e504d8fbe19,2012,10,Hà Nội,Provincial,Cultivation,Lúa,,Area_Planted,100000.0,ha,Actual,PL2
36fc9e504d8fbe19,2012,10,Hà Nội,Provincial,Cultivation,Lúa,,Area_Planted,98287.0,ha,Actual,PL2
36fc9e504d8fbe19,2012,10,Hà Nội,Provincial,Cultivation,Lúa,,Area_Planted,40977.0,ha,Actual,PL2
e11fe2de102b6584,2012,10,Hà Nội,Provincial,Cultivation,Ngô,,Area_Planted,8781.0,ha,Actual,PL2
36fc9e504d8fbe19,2012,10,Hà Nội,Provincial,Cultivation,Lúa,,Area_Planted,2473.0,ha,Actual,PL2
7b9246512e84e480,2012,10,Hà Nội,Provincial,Cultivation,Đậu,,Area_Planted,18842.0,ha,Actual,PL2
8a49f391b7b63f93,2012,10,Hà Nội,Provincial,Cultivation,Lạc,,Area_Planted,515.0,ha,Actual,PL2
36fc9e504d8fbe19,2012,10,Hà Nội,Provincial,Cultivation,Lúa,,Area_Planted,282.0,ha,Actual,PL2
36fc9e504d8fbe19,2012,10,Hà Nội,Provincial,Cultivation,Lúa,,Area_Planted,617.0,ha,Actual,PL2
6b83ec9125c88bfd,2012,10,Hà Nội,Provincial,Cultivation,Rau,,Area_Planted,9467.0,ha,Actual,PL2
ad81b887d07375e6,2012,10,Hải Phòng,Provincial,Cultivation,Lúa,,Area_Planted,40679.0,ha,Actual,PL2
ad81b887d07375e6,2012,10,Hải Phòng,Provincial,Cultivation,Lúa,,Area_Planted,7520.0,ha,Actual,PL2
ad81b887d07375e6,2012,10,Hải Phòng,Provincial,Cultivation,Lúa,,Area_Planted,2887.0,ha,Actual,PL2
c97b4898f9f320a2,2012,10,Hải Phòng,Provincial,Cultivation,Ngô,,Area_Planted,1045.0,ha,Actual,PL2
ad81b887d07375e6,2012,10,Hải Phòng,Provincial,Cultivation,Lúa,,Area_Planted,520.0,ha,Actual,PL2
f9bcc20bb29814f4,2012,10,Hải Phòng,Provincial,Cultivation,Rau,,Area_Planted,1322.0,ha,Actual,PL2
8ec5d81dea42bc4f,2012,10,Vĩnh Phúc,Provincial,Cultivation,Lúa,,Area_Planted,28215.0,ha,Actual,PL2
8ec5d81dea42bc4f,2012,10,Vĩnh Phúc,Provincial,Cultivation,Lúa,,Area_Planted,22215.0,ha,Actual,PL2
8ec5d81dea42bc4f,2012,10,Vĩnh Phúc,Provincial,Cultivation,Lúa,,Area_Planted,16399.0,ha,Actual,PL2
072f6fadd8d50f56,2012,10,Vĩnh Phúc,Provincial,Cultivation,Ngô,,Area_Planted,9854.0,ha,Actual,PL2
8ec5d81dea42bc4f,2012,10,Vĩnh Phúc,Provincial,Cultivation,Lúa,,Area_Planted,1383.0,ha,Actual,PL2
f89a58eff14ddf65,2012,10,Vĩnh Phúc,Provincial,Cultivation,Đậu,,Area_Planted,2446.0,ha,Actual,PL2
ce6e2854e9dbc31c,2012,10,Vĩnh Phúc,Provincial,Cultivation,Lạc,,Area_Planted,182.0,ha,Actual,PL2
8ec5d81dea42bc4f,2012,10,Vĩnh Phúc,Provincial,Cultivation,Lúa,,Area_Planted,174.0,ha,Actual,PL2
7a3c4a57e45bae0d,2012,10,Vĩnh Phúc,Provincial,Cultivation,Rau,,Area_Planted,23594.0,ha,Actual,PL2
b00b0a22995a5203,2012,10,Bắc Ninh,Provincial,Cultivation,Lúa,,Area_Planted,36663.0,ha,Actual,PL2
b00b0a22995a5203,2012,10,Bắc Ninh,Provincial,Cultivation,Lúa,,Area_Planted,30276.0,ha,Actual,PL2
b00b0a22995a5203,2012,10,Bắc Ninh,Provincial,Cultivation,Lúa,,Area_Planted,7056.0,ha,Actual,PL2
11c5f08ca8bc6799,2012,10,Bắc Ninh,Provincial,Cultivation,Ngô,,Area_Planted,2127.0,ha,Actual,PL2
b00b0a22995a5203,2012,10,Bắc Ninh,Provincial,Cultivation,Lúa,,Area_Planted,429.0,ha,Actual,PL2
a401a2450b674e85,2012,10,Bắc Ninh,Provincial,Cultivation,Đậu,,Area_Planted,612.0,ha,Actual,PL2
5f43fea2e2de1b8f,2012,10,Bắc Ninh,Provincial,Cultivation,Lạc,,Area_Planted,34.0,ha,Actual,PL2
b00b0a22995a5203,2012,10,Bắc Ninh,Provincial,Cultivation,Lúa,,Area_Planted,1101.0,ha,Actual,PL2
ad49e27f734407d1,2012,10,Bắc Ninh,Provincial,Cultivation,Rau,,Area_Planted,27519.0,ha,Actual,PL2
d2dca00193acbf65,2012,10,Hải Dương,Provincial,Cultivation,Lúa,,Area_Planted,62987.0,ha,Actual,PL2
d2dca00193acbf65,2012,10,Hải Dương,Provincial,Cultivation,Lúa,,Area_Planted,40000.0,ha,Actual,PL2
d2dca00193acbf65,2012,10,Hải Dương,Provincial,Cultivation,Lúa,,Area_Planted,1355.0,ha,Actual,PL2
66a243b6d9203723,2012,10,Hải Dương,Provincial,Cultivation,Đậu,,Area_Planted,305.0,ha,Actual,PL2
5062fe34ed4a057b,2012,10,Hải Dương,Provincial,Cultivation,Lạc,,Area_Planted,1050.0,ha,Actual,PL2
05463bd2eb8b878c,2012,10,Hưng Yên,Provincial,Cultivation,Lúa,,Area_Planted,41003.0,ha,Actual,PL2
05463bd2eb8b878c,2012,10,Hưng Yên,Provincial,Cultivation,Lúa,,Area_Planted,39980.0,ha,Actual,PL2
05463bd2eb8b878c,2012,10,Hưng Yên,Provincial,Cultivation,Lúa,,Area_Planted,8587.0,ha,Actual,PL2
7328e026cd4bc1fa,2012,10,Hưng Yên,Provincial,Cultivation,Ngô,,Area_Planted,4281.0,ha,Actual,PL2
05463bd2eb8b878c,2012,10,Hưng Yên,Provincial,Cultivation,Lúa,,Area_Planted,318.0,ha,Actual,PL2
f942fb88963446e3,2012,10,Hưng Yên,Provincial,Cultivation,Đậu,,Area_Planted,1187.0,ha,Actual,PL2
66792baf666027bd,2012,10,Hưng Yên,Provincial,Cultivation,Lạc,,Area_Planted,105.0,ha,Actual,PL2
3cb166d687dc0502,2012,10,Hưng Yên,Provincial,Cultivation,Rau,,Area_Planted,2696.0,ha,Actual,PL2
d7ccf4440e81f271,2012,10,Hà Nam,Provincial,Cultivation,Lúa,,Area_Planted,35000.0,ha,Actual,PL2
d7ccf4440e81f271,2012,10,Hà Nam,Provincial,Cultivation,Lúa,,Area_Planted,34352.0,ha,Actual,PL2
d7ccf4440e81f271,2012,10,Hà Nam,Provincial,Cultivation,Lúa,,Area_Planted,14663.0,ha,Actual,PL2
d872250ac93dd4d2,2012,10,Hà Nam,Provincial,Cultivation,Ngô,,Area_Planted,3673.0,ha,Actual,PL2
d7ccf4440e81f271,2012,10,Hà Nam,Provincial,Cultivation,Lúa,,Area_Planted,399.0,ha,Actual,PL2
4048edcd413b17fd,2012,10,Hà Nam,Provincial,Cultivation,Đậu,,Area_Planted,5270.0,ha,Actual,PL2
d7ccf4440e81f271,2012,10,Hà Nam,Provincial,Cultivation,Lúa,,Area_Planted,53.0,ha,Actual,PL2
d7ccf4440e81f271,2012,10,Hà Nam,Provincial,Cultivation,Lúa,,Area_Planted,501.0,ha,Actual,PL2
04baf3823a9b1d34,2012,10,Hà Nam,Provincial,Cultivation,Rau,,Area_Planted,4767.0,ha,Actual,PL2
52a4578f96f3234e,2012,10,Nam Định,Provincial,Cultivation,Lúa,,Area_Planted,79634.0,ha,Actual,PL2
52a4578f96f3234e,2012,10,Nam Định,Provincial,Cultivation,Lúa,,Area_Planted,66260.0,ha,Actual,PL2
52a4578f96f3234e,2012,10,Nam Định,Provincial,Cultivation,Lúa,,Area_Planted,11055.0,ha,Actual,PL2
f2bd13f07f1ec5c3,2012,10,Nam Định,Provincial,Cultivation,Ngô,,Area_Planted,1981.0,ha,Actual,PL2
90908629c4fb9a61,2012,10,Nam Định,Provincial,Cultivation,Đậu,,Area_Planted,573.0,ha,Actual,PL2
52a4578f96f3234e,2012,10,Nam Định,Provincial,Cultivation,Lúa,,Area_Planted,920.0,ha,Actual,PL2
52a4578f96f3234e,2012,10,Nam Định,Provincial,Cultivation,Lúa,,Area_Planted,279.0,ha,Actual,PL2
1994992097bfd39f,2012,10,Nam Định,Provincial,Cultivation,Rau,,Area_Planted,7302.0,ha,Actual,PL2
5c94bd10a8beda69,2012,10,Thái Bình,Provincial,Cultivation,Lúa,,Area_Planted,82239.0,ha,Actual,PL2
5c94bd10a8beda69,2012,10,Thái Bình,Provincial,Cultivation,Lúa,,Area_Planted,42000.0,ha,Actual,PL2
5c94bd10a8beda69,2012,10,Thái Bình,Provincial,Cultivation,Lúa,,Area_Planted,21220.0,ha,Actual,PL2
c1a7b015a4880ed5,2012,10,Thái Bình,Provincial,Cultivation,Ngô,,Area_Planted,6170.0,ha,Actual,PL2
5c94bd10a8beda69,2012,10,Thái Bình,Provincial,Cultivation,Lúa,,Area_Planted,1685.0,ha,Actual,PL2
7081c4bf2c20471e,2012,10,Thái Bình,Provincial,Cultivation,Đậu,,Area_Planted,3600.0,ha,Actual,PL2
822e1549f6e428ef,2012,10,Thái Bình,Provincial,Cultivation,Rau,,Area_Planted,9765.0,ha,Actual,PL2
8b0a6549e07d8b32,2012,10,Ninh Bình,Provincial,Cultivation,Lúa,,Area_Planted,39330.0,ha,Actual,PL2
8b0a6549e07d8b32,2012,10,Ninh Bình,Provincial,Cultivation,Lúa,,Area_Planted,33839.0,ha,Actual,PL2
8b0a6549e07d8b32,2012,10,Ninh Bình,Provincial,Cultivation,Lúa,,Area_Planted,8644.0,ha,Actual,PL2
61683a150aa1cec2,2012,10,Ninh Bình,Provincial,Cultivation,Ngô,,Area_Planted,2078.0,ha,Actual,PL2
8b0a6549e07d8b32,2012,10,Ninh Bình,Provincial,Cultivation,Lúa,,Area_Planted,1010.0,ha,Actual,PL2
48536bca21f3f39f,2012,10,Ninh Bình,Provincial,Cultivation,Đậu,,Area_Planted,2769.0,ha,Actual,PL2
0b88136e217c2ee0,2012,10,Ninh Bình,Provincial,Cultivation,Lạc,,Area_Planted,191.0,ha,Actual,PL2
8b0a6549e07d8b32,2012,10,Ninh Bình,Provincial,Cultivation,Lúa,,Area_Planted,52.0,ha,Actual,PL2
8b0a6549e07d8b32,2012,10,Ninh Bình,Provincial,Cultivation,Lúa,,Area_Planted,500.0,ha,Actual,PL2
9f459b2af4b71087,2012,10,Ninh Bình,Provincial,Cultivation,Rau,,Area_Planted,2044.0,ha,Actual,PL2
42bdfb2e81277dab,2012,10,Quảng Ninh,Provincial,Cultivation,Lúa,,Area_Planted,27881.0,ha,Actual,PL2
42bdfb2e81277dab,2012,10,Quảng Ninh,Provincial,Cultivation,Lúa,,Area_Planted,8045.0,ha,Actual,PL2
42bdfb2e81277dab,2012,10,Quảng Ninh,Provincial,Cultivation,Lúa,,Area_Planted,2611.0,ha,Actual,PL2
8cd4fb56c50d7a2d,2012,10,Quảng Ninh,Provincial,Cultivation,Ngô,,Area_Planted,578.0,ha,Actual,PL2
42bdfb2e81277dab,2012,10,Quảng Ninh,Provincial,Cultivation,Lúa,,Area_Planted,15.0,ha,Actual,PL2
a876cb86fc6c4a59,2012,10,Quảng Ninh,Provincial,Cultivation,Đậu,,Area_Planted,7.0,ha,Actual,PL2
f4c70ab7b77abd63,2012,10,Quảng Ninh,Provincial,Cultivation,Lạc,,Area_Planted,10.0,ha,Actual,PL2
42bdfb2e81277dab,2012,10,Quảng Ninh,Provincial,Cultivation,Lúa,,Area_Planted,22.0,ha,Actual,PL2
90e5b39d1b30627b,2012,10,Quảng Ninh,Provincial,Cultivation,Rau,,Area_Planted,1979.0,ha,Actual,PL2
f6cab36ea6a5bcbc,2012,10,TD và MN,Provincial,Cultivation,Lúa,,Area_Planted,384023.0,ha,Actual,PL2
f6cab36ea6a5bcbc,2012,10,TD và MN,Provincial,Cultivation,Lúa,,Area_Planted,207443.0,ha,Actual,PL2
f6cab36ea6a5bcbc,2012,10,TD và MN,Provincial,Cultivation,Lúa,,Area_Planted,49528.0,ha,Actual,PL2
4ca1fb4afcd33843,2012,10,TD và MN,Provincial,Cultivation,Ngô,,Area_Planted,26883.0,ha,Actual,PL2
f6cab36ea6a5bcbc,2012,10,TD và MN,Provincial,Cultivation,Lúa,,Area_Planted,6946.0,ha,Actual,PL2
cf08639067c3bbd5,2012,10,TD và MN,Provincial,Cultivation,Đậu,,Area_Planted,674.0,ha,Actual,PL2
f2dd352c1928ea3f,2012,10,TD và MN,Provincial,Cultivation,Lạc,,Area_Planted,1532.0,ha,Actual,PL2
f6cab36ea6a5bcbc,2012,10,TD và MN,Provincial,Cultivation,Lúa,,Area_Planted,2.0,ha,Actual,PL2
f6cab36ea6a5bcbc,2012,10,TD và MN,Provincial,Cultivation,Lúa,,Area_Planted,0.0,ha,Actual,PL2
143cdda842060f5e,2012,10,TD và MN,Provincial,Cultivation,Rau,,Area_Planted,13492.0,ha,Actual,PL2
715a8af5e7d773b0,2012,10,Hà Giang,Provincial,Cultivation,Lúa,,Area_Planted,26507.0,ha,Actual,PL2
715a8af5e7d773b0,2012,10,Hà Giang,Provincial,Cultivation,Lúa,,Area_Planted,26506.0,ha,Actual,PL2
715a8af5e7d773b0,2012,10,Hà Giang,Provincial,Cultivation,Lúa,,Area_Planted,0.0,ha,Actual,PL2
ce6c919075e2731e,2012,10,Cao Bằng,Provincial,Cultivation,Lúa,,Area_Planted,26544.0,ha,Actual,PL2
ce6c919075e2731e,2012,10,Cao Bằng,Provincial,Cultivation,Lúa,,Area_Planted,0.0,ha,Actual,PL2
b83ff9191765ec76,2012,10,Lào Cai,Provincial,Cultivation,Lúa,,Area_Planted,20022.0,ha,Actual,PL2
b83ff9191765ec76,2012,10,Lào Cai,Provincial,Cultivation,Lúa,,Area_Planted,2820.0,ha,Actual,PL2
b83ff9191765ec76,2012,10,Lào Cai,Provincial,Cultivation,Lúa,,Area_Planted,0.0,ha,Actual,PL2
5a6b8e53845252f7,2012,10,Bắc Cạn,Provincial,Cultivation,Lúa,,Area_Planted,13967.0,ha,Actual,PL2
5a6b8e53845252f7,2012,10,Bắc Cạn,Provincial,Cultivation,Lúa,,Area_Planted,0.0,ha,Actual,PL2
b3b956e9350175ba,2012,10,Lạng Sơn,Provincial,Cultivation,Lúa,,Area_Planted,34150.0,ha,Actual,PL2
b3b956e9350175ba,2012,10,Lạng Sơn,Provincial,Cultivation,Lúa,,Area_Planted,0.0,ha,Actual,PL2
548d380b9b9b9efd,2012,10,Tuyên Quang,Provincial,Cultivation,Lúa,,Area_Planted,25521.0,ha,Actual,PL2
548d380b9b9b9efd,2012,10,Tuyên Quang,Provincial,Cultivation,Lúa,,Area_Planted,15820.0,ha,Actual,PL2
548d380b9b9b9efd,2012,10,Tuyên Quang,Provincial,Cultivation,Lúa,,Area_Planted,5738.0,ha,Actual,PL2
29b91dae51b3876b,2012,10,Tuyên Quang,Provincial,Cultivation,Ngô,,Area_Planted,4810.0,ha,Actual,PL2
548d380b9b9b9efd,2012,10,Tuyên Quang,Provincial,Cultivation,Lúa,,Area_Planted,582.0,ha,Actual,PL2
cc268b84e6650a76,2012,10,Tuyên Quang,Provincial,Cultivation,Đậu,,Area_Planted,346.0,ha,Actual,PL2
1f1ef5347520ccc1,2012,10,Yên Bái,Provincial,Cultivation,Lúa,,Area_Planted,20687.0,ha,Actual,PL2
1f1ef5347520ccc1,2012,10,Yên Bái,Provincial,Cultivation,Lúa,,Area_Planted,12269.0,ha,Actual,PL2
1f1ef5347520ccc1,2012,10,Yên Bái,Provincial,Cultivation,Lúa,,Area_Planted,6735.0,ha,Actual,PL2
baac5ff0875ba32d,2012,10,Yên Bái,Provincial,Cultivation,Ngô,,Area_Planted,5190.0,ha,Actual,PL2
1f1ef5347520ccc1,2012,10,Yên Bái,Provincial,Cultivation,Lúa,,Area_Planted,365.0,ha,Actual,PL2
1f1ef5347520ccc1,2012,10,Yên Bái,Provincial,Cultivation,Lúa,,Area_Planted,2.0,ha,Actual,PL2
0d943c82249241b6,2012,10,Yên Bái,Provincial,Cultivation,Rau,,Area_Planted,11786.0,ha,Actual,PL2
e01883cfda6c8276,2012,10,Thái Nguyên,Provincial,Cultivation,Lúa,,Area_Planted,41617.0,ha,Actual,PL2
e01883cfda6c8276,2012,10,Thái Nguyên,Provincial,Cultivation,Lúa,,Area_Planted,41617.0,ha,Actual,PL2
e01883cfda6c8276,2012,10,Thái Nguyên,Provincial,Cultivation,Lúa,,Area_Planted,6000.0,ha,Actual,PL2
3ea7d0b58b2fc297,2012,10,Thái Nguyên,Provincial,Cultivation,Ngô,,Area_Planted,3000.0,ha,Actual,PL2
e01883cfda6c8276,2012,10,Thái Nguyên,Provincial,Cultivation,Lúa,,Area_Planted,1500.0,ha,Actual,PL2
a5c87e6d120efb05,2012,10,Thái Nguyên,Provincial,Cultivation,Rau,,Area_Planted,1500.0,ha,Actual,PL2
8330fa80152a4cc2,2012,10,Phú Thọ,Provincial,Cultivation,Lúa,,Area_Planted,33671.0,ha,Actual,PL2
8330fa80152a4cc2,2012,10,Phú Thọ,Provincial,Cultivation,Lúa,,Area_Planted,30370.0,ha,Actual,PL2
8330fa80152a4cc2,2012,10,Phú Thọ,Provincial,Cultivation,Lúa,,Area_Planted,13965.0,ha,Actual,PL2
d06ba0a5d631aa12,2012,10,Phú Thọ,Provincial,Cultivation,Ngô,,Area_Planted,9294.0,ha,Actual,PL2
8330fa80152a4cc2,2012,10,Phú Thọ,Provincial,Cultivation,Lúa,,Area_Planted,816.0,ha,Actual,PL2
f443cf9628f57d1f,2012,10,Phú Thọ,Provincial,Cultivation,Đậu,,Area_Planted,215.0,ha,Actual,PL2
17c4bbb60e69b8e7,2012,10,Phú Thọ,Provincial,Cultivation,Lạc,,Area_Planted,68.0,ha,Actual,PL2
e1a99526c5c355cc,2012,10,Phú Thọ,Provincial,Cultivation,Rau,,Area_Planted,3572.0,ha,Actual,PL2
e65257f1ae04029a,2012,10,Bắc Giang,Provincial,Cultivation,Lúa,,Area_Planted,59237.0,ha,Actual,PL2
e65257f1ae04029a,2012,10,Bắc Giang,Provincial,Cultivation,Lúa,,Area_Planted,38300.0,ha,Actual,PL2
e65257f1ae04029a,2012,10,Bắc Giang,Provincial,Cultivation,Lúa,,Area_Planted,13276.0,ha,Actual,PL2
25e650aea6b8f538,2012,10,Bắc Giang,Provincial,Cultivation,Ngô,,Area_Planted,3027.0,ha,Actual,PL2
e65257f1ae04029a,2012,10,Bắc Giang,Provincial,Cultivation,Lúa,,Area_Planted,2885.0,ha,Actual,PL2
adf6076f1f45855b,2012,10,Bắc Giang,Provincial,Cultivation,Lạc,,Area_Planted,1464.0,ha,Actual,PL2
c7cd56505c9bc38c,2012,10,Bắc Giang,Provincial,Cultivation,Rau,,Area_Planted,5900.0,ha,Actual,PL2
4f073f377cd8cf8f,2012,10,Lai Châu,Provincial,Cultivation,Lúa,,Area_Planted,23361.0,ha,Actual,PL2
4f073f377cd8cf8f,2012,10,Lai Châu,Provincial,Cultivation,Lúa,,Area_Planted,11200.0,ha,Actual,PL2
4f073f377cd8cf8f,2012,10,Lai Châu,Provincial,Cultivation,Lúa,,Area_Planted,0.0,ha,Actual,PL2
60952eed8c2dfcb0,2012,10,Điện Biên,Provincial,Cultivation,Lúa,,Area_Planted,16738.0,ha,Actual,PL2
60952eed8c2dfcb0,2012,10,Điện Biên,Provincial,Cultivation,Lúa,,Area_Planted,0.0,ha,Actual,PL2
768820e12218c90a,2012,10,Sơn La,Provincial,Cultivation,Lúa,,Area_Planted,17792.0,ha,Actual,PL2
768820e12218c90a,2012,10,Sơn La,Provincial,Cultivation,Lúa,,Area_Planted,4512.0,ha,Actual,PL2
768820e12218c90a,2012,10,Sơn La,Provincial,Cultivation,Lúa,,Area_Planted,294.0,ha,Actual,PL2
e63a59f721dfc57d,2012,10,Sơn La,Provincial,Cultivation,Ngô,,Area_Planted,6.0,ha,Actual,PL2
d412bf98bc845530,2012,10,Sơn La,Provincial,Cultivation,Rau,,Area_Planted,288.0,ha,Actual,PL2
15567733d755d5f6,2012,10,Hoà Bình,Provincial,Cultivation,Lúa,,Area_Planted,24209.0,ha,Actual,PL2
15567733d755d5f6,2012,10,Hoà Bình,Provincial,Cultivation,Lúa,,Area_Planted,24029.0,ha,Actual,PL2
15567733d755d5f6,2012,10,Hoà Bình,Provincial,Cultivation,Lúa,,Area_Planted,3520.0,ha,Actual,PL2
74e87443bfd68186,2012,10,Hoà Bình,Provincial,Cultivation,Ngô,,Area_Planted,1556.0,ha,Actual,PL2
15567733d755d5f6,2012,10,Hoà Bình,Provincial,Cultivation,Lúa,,Area_Planted,798.0,ha,Actual,PL2
4640d43f4439d0d4,2012,10,Hoà Bình,Provincial,Cultivation,Đậu,,Area_Planted,113.0,ha,Actual,PL2
d60ed96c22c5cfb4,2012,10,Hoà Bình,Provincial,Cultivation,Rau,,Area_Planted,1053.0,ha,Actual,PL2
bff9e47f7a85f401,2012,10,Bắc Trung Bộ,Provincial,Cultivation,Lúa,,Area_Planted,178146.0,ha,Actual,PL2
bff9e47f7a85f401,2012,10,Bắc Trung Bộ,Provincial,Cultivation,Lúa,,Area_Planted,116378.0,ha,Actual,PL2
bff9e47f7a85f401,2012,10,Bắc Trung Bộ,Provincial,Cultivation,Lúa,,Area_Planted,60388.0,ha,Actual,PL2
cfd34eca4fc67da3,2012,10,Bắc Trung Bộ,Provincial,Cultivation,Ngô,,Area_Planted,35599.0,ha,Actual,PL2
bff9e47f7a85f401,2012,10,Bắc Trung Bộ,Provincial,Cultivation,Lúa,,Area_Planted,7408.0,ha,Actual,PL2
14b79ce106f7d5a4,2012,10,Bắc Trung Bộ,Provincial,Cultivation,Đậu,,Area_Planted,8198.0,ha,Actual,PL2
dc29e4893d222337,2012,10,Bắc Trung Bộ,Provincial,Cultivation,Lạc,,Area_Planted,2683.0,ha,Actual,PL2
bff9e47f7a85f401,2012,10,Bắc Trung Bộ,Provincial,Cultivation,Lúa,,Area_Planted,0.0,ha,Actual,PL2
bff9e47f7a85f401,2012,10,Bắc Trung Bộ,Provincial,Cultivation,Lúa,,Area_Planted,0.0,ha,Actual,PL2
2394b4052e5255d6,2012,10,Bắc Trung Bộ,Provincial,Cultivation,Rau,,Area_Planted,6500.0,ha,Actual,PL2
991d75916e2be9d4,2012,10,Thanh Hoá,Provincial,Cultivation,Lúa,,Area_Planted,134127.0,ha,Actual,PL2
991d75916e2be9d4,2012,10,Thanh Hoá,Provincial,Cultivation,Lúa,,Area_Planted,113000.0,ha,Actual,PL2
991d75916e2be9d4,2012,10,Thanh Hoá,Provincial,Cultivation,Lúa,,Area_Planted,30094.0,ha,Actual,PL2
60a14e4691d6d901,2012,10,Thanh Hoá,Provincial,Cultivation,Ngô,,Area_Planted,16722.0,ha,Actual,PL2
991d75916e2be9d4,2012,10,Thanh Hoá,Provincial,Cultivation,Lúa,,Area_Planted,3893.0,ha,Actual,PL2
ff4d1d4d2c9c142d,2012,10,Thanh Hoá,Provincial,Cultivation,Đậu,,Area_Planted,8198.0,ha,Actual,PL2
cecfd6db380b70e9,2012,10,Thanh Hoá,Provincial,Cultivation,Lạc,,Area_Planted,1281.0,ha,Actual,PL2
5b0c5f0ae0dfe984,2012,10,Nghệ An,Provincial,Cultivation,Lúa,,Area_Planted,38100.0,ha,Actual,PL2
5b0c5f0ae0dfe984,2012,10,Nghệ An,Provincial,Cultivation,Lúa,,Area_Planted,30294.0,ha,Actual,PL2
337c9e4334adf655,2012,10,Nghệ An,Provincial,Cultivation,Ngô,,Area_Planted,18877.0,ha,Actual,PL2
5b0c5f0ae0dfe984,2012,10,Nghệ An,Provincial,Cultivation,Lúa,,Area_Planted,3515.0,ha,Actual,PL2
3109b650a27a3d98,2012,10,Nghệ An,Provincial,Cultivation,Lạc,,Area_Planted,1402.0,ha,Actual,PL2
d4297fa13a62b653,2012,10,Nghệ An,Provincial,Cultivation,Rau,,Area_Planted,6500.0,ha,Actual,PL2
1286e41c7ee08596,2012,10,Hà Tĩnh,Provincial,Cultivation,Lúa,,Area_Planted,3189.0,ha,Actual,PL2
1286e41c7ee08596,2012,10,Hà Tĩnh,Provincial,Cultivation,Lúa,,Area_Planted,2848.0,ha,Actual,PL2
1286e41c7ee08596,2012,10,Hà Tĩnh,Provincial,Cultivation,Lúa,,Area_Planted,0.0,ha,Actual,PL2
d5b6aac1957fe348,2012,10,Quảng Bình,Provincial,Cultivation,Lúa,,Area_Planted,530.0,ha,Actual,PL2
d5b6aac1957fe348,2012,10,Quảng Bình,Provincial,Cultivation,Lúa,,Area_Planted,530.0,ha,Actual,PL2
d5b6aac1957fe348,2012,10,Quảng Bình,Provincial,Cultivation,Lúa,,Area_Planted,0.0,ha,Actual,PL2
1a19b97590006401,2012,10,Quảng Trị,Provincial,Cultivation,Lúa,,Area_Planted,2200.0,ha,Actual,PL2
1a19b97590006401,2012,10,Quảng Trị,Provincial,Cultivation,Lúa,,Area_Planted,0.0,ha,Actual,PL2
1e1ea6752bd9740f,2012,10,Thừa Thiên Huế,Provincial,Cultivation,Lúa,,Area_Planted,0.0,ha,Actual,PL2
44f1d501532e1a27,2012,10,Miền Nam,Provincial,Cultivation,Lúa,,Area_Planted,2546271.0,ha,Actual,PL3
9b6a1ff427baf7d2,2012,10,Miền Nam,Provincial,Cultivation,Lúa,,Area_Harvested,2234059.0,ha,Actual,PL3
44f1d501532e1a27,2012,10,Miền Nam,Provincial,Cultivation,Lúa,,Area_Planted,717750.0,ha,Actual,PL3
9b6a1ff427baf7d2,2012,10,Miền Nam,Provincial,Cultivation,Lúa,,Area_Harvested,120238.0,ha,Actual,PL3
9b6a1ff427baf7d2,2012,10,Miền Nam,Provincial,Cultivation,Lúa,,Area_Harvested,91428.0,ha,Actual,PL3
44f1d501532e1a27,2012,10,Miền Nam,Provincial,Cultivation,Lúa,,Area_Planted,817343.0,ha,Actual,PL3
0b77d4c83cf5014a,2012,10,Miền Nam,Provincial,Cultivation,Ngô,,Area_Planted,417853.0,ha,Actual,PL3
6b852847a41aedbb,2012,10,Miền Nam,Provincial,Cultivation,Khoai lang,,Area_Planted,44787.0,ha,Actual,PL3
6294e939f9180289,2012,10,Miền Nam,Provincial,Cultivation,Sắn,,Area_Planted,340792.0,ha,Actual,PL3
44f1d501532e1a27,2012,10,Miền Nam,Provincial,Cultivation,Lúa,,Area_Planted,13911.0,ha,Actual,PL3
a504791d5c97928e,2012,10,D.H Nam Trung Bộ,Provincial,Cultivation,Lúa,,Area_Planted,174967.0,ha,Actual,PL3
4d59331f24b57995,2012,10,D.H Nam Trung Bộ,Provincial,Cultivation,Lúa,,Area_Harvested,174967.0,ha,Actual,PL3
a504791d5c97928e,2012,10,D.H Nam Trung Bộ,Provincial,Cultivation,Lúa,,Area_Planted,135158.0,ha,Actual,PL3
4d59331f24b57995,2012,10,D.H Nam Trung Bộ,Provincial,Cultivation,Lúa,,Area_Harvested,16669.0,ha,Actual,PL3
a504791d5c97928e,2012,10,D.H Nam Trung Bộ,Provincial,Cultivation,Lúa,,Area_Planted,185439.0,ha,Actual,PL3
e1586efeee02b113,2012,10,D.H Nam Trung Bộ,Provincial,Cultivation,Ngô,,Area_Planted,72742.0,ha,Actual,PL3
35db3ddaa3899b16,2012,10,D.H Nam Trung Bộ,Provincial,Cultivation,Khoai lang,,Area_Planted,7186.0,ha,Actual,PL3
349200d3e341beb9,2012,10,D.H Nam Trung Bộ,Provincial,Cultivation,Sắn,,Area_Planted,104560.0,ha,Actual,PL3
a504791d5c97928e,2012,10,D.H Nam Trung Bộ,Provincial,Cultivation,Lúa,,Area_Planted,951.0,ha,Actual,PL3
019841e57d4919c6,2012,10,TP Đà Nẵng,Provincial,Cultivation,Lúa,,Area_Planted,2884.0,ha,Actual,PL3
c413c265fcc1f734,2012,10,TP Đà Nẵng,Provincial,Cultivation,Lúa,,Area_Harvested,2884.0,ha,Actual,PL3
019841e57d4919c6,2012,10,TP Đà Nẵng,Provincial,Cultivation,Lúa,,Area_Planted,955.0,ha,Actual,PL3
286ea61e997c5395,2012,10,TP Đà Nẵng,Provincial,Cultivation,Ngô,,Area_Planted,545.0,ha,Actual,PL3
9804f483410c926c,2012,10,TP Đà Nẵng,Provincial,Cultivation,Khoai lang,,Area_Planted,304.0,ha,Actual,PL3
0b0c28d4c7aa44c7,2012,10,TP Đà Nẵng,Provincial,Cultivation,Sắn,,Area_Planted,106.0,ha,Actual,PL3
8d98b04828c08d51,2012,10,Quảng Nam,Provincial,Cultivation,Lúa,,Area_Planted,45232.0,ha,Actual,PL3
8d98b04828c08d51,2012,10,Quảng Nam,Provincial,Cultivation,Lúa,,Area_Planted,33177.0,ha,Actual,PL3
b0414564058c6525,2012,10,Quảng Nam,Provincial,Cultivation,Ngô,,Area_Planted,13348.0,ha,Actual,PL3
2de1f0978aa96162,2012,10,Quảng Nam,Provincial,Cultivation,Khoai lang,,Area_Planted,5329.0,ha,Actual,PL3
65a8ef12c87448fe,2012,10,Quảng Nam,Provincial,Cultivation,Sắn,,Area_Planted,14500.0,ha,Actual,PL3
0472b81ebcc5e02a,2012,10,Quảng Ngãi,Provincial,Cultivation,Lúa,,Area_Planted,33591.0,ha,Actual,PL3
14031d8892e9b470,2012,10,Quảng Ngãi,Provincial,Cultivation,Lúa,,Area_Harvested,33591.0,ha,Actual,PL3
0472b81ebcc5e02a,2012,10,Quảng Ngãi,Provincial,Cultivation,Lúa,,Area_Planted,1058.0,ha,Actual,PL3
0472b81ebcc5e02a,2012,10,Quảng Ngãi,Provincial,Cultivation,Lúa,,Area_Planted,29915.0,ha,Actual,PL3
11e90b95055886a3,2012,10,Quảng Ngãi,Provincial,Cultivation,Ngô,,Area_Planted,9496.0,ha,Actual,PL3
ce48717ceefbff70,2012,10,Quảng Ngãi,Provincial,Cultivation,Sắn,,Area_Planted,20419.0,ha,Actual,PL3
d5144737052cbfee,2012,10,Bình Định,Provincial,Cultivation,Lúa,,Area_Planted,42941.0,ha,Actual,PL3
1b051cad3af7223a,2012,10,Bình Định,Provincial,Cultivation,Lúa,,Area_Harvested,42941.0,ha,Actual,PL3
d5144737052cbfee,2012,10,Bình Định,Provincial,Cultivation,Lúa,,Area_Planted,20693.0,ha,Actual,PL3
1b051cad3af7223a,2012,10,Bình Định,Provincial,Cultivation,Lúa,,Area_Harvested,13785.0,ha,Actual,PL3
d5144737052cbfee,2012,10,Bình Định,Provincial,Cultivation,Lúa,,Area_Planted,18303.0,ha,Actual,PL3
8743b5301ffcf4df,2012,10,Bình Định,Provincial,Cultivation,Ngô,,Area_Planted,7734.0,ha,Actual,PL3
1ac8f05f5c8c43aa,2012,10,Bình Định,Provincial,Cultivation,Sắn,,Area_Planted,10542.0,ha,Actual,PL3
d5144737052cbfee,2012,10,Bình Định,Provincial,Cultivation,Lúa,,Area_Planted,27.0,ha,Actual,PL3
6966046e11923e2d,2012,10,Phú Yên,Provincial,Cultivation,Lúa,,Area_Planted,24549.0,ha,Actual,PL3
458f154a23a4d748,2012,10,Phú Yên,Provincial,Cultivation,Lúa,,Area_Harvested,24549.0,ha,Actual,PL3
6966046e11923e2d,2012,10,Phú Yên,Provincial,Cultivation,Lúa,,Area_Planted,5573.0,ha,Actual,PL3
6966046e11923e2d,2012,10,Phú Yên,Provincial,Cultivation,Lúa,,Area_Planted,24475.0,ha,Actual,PL3
5b965fec0888d82e,2012,10,Phú Yên,Provincial,Cultivation,Ngô,,Area_Planted,5576.0,ha,Actual,PL3
562dab55473f6119,2012,10,Phú Yên,Provincial,Cultivation,Khoai lang,,Area_Planted,268.0,ha,Actual,PL3
77378e821de6d6b6,2012,10,Phú Yên,Provincial,Cultivation,Sắn,,Area_Planted,18305.0,ha,Actual,PL3
6966046e11923e2d,2012,10,Phú Yên,Provincial,Cultivation,Lúa,,Area_Planted,326.0,ha,Actual,PL3
ba6ab8e010b663e1,2012,10,Khánh Hoà,Provincial,Cultivation,Lúa,,Area_Planted,19123.0,ha,Actual,PL3
86c6c48b0fc11f3e,2012,10,Khánh Hoà,Provincial,Cultivation,Lúa,,Area_Harvested,19123.0,ha,Actual,PL3
ba6ab8e010b663e1,2012,10,Khánh Hoà,Provincial,Cultivation,Lúa,,Area_Planted,7435.0,ha,Actual,PL3
ba6ab8e010b663e1,2012,10,Khánh Hoà,Provincial,Cultivation,Lúa,,Area_Planted,12799.0,ha,Actual,PL3
04e23f2db66c490c,2012,10,Khánh Hoà,Provincial,Cultivation,Ngô,,Area_Planted,6047.0,ha,Actual,PL3
a60d8e034d65f459,2012,10,Khánh Hoà,Provincial,Cultivation,Khoai lang,,Area_Planted,221.0,ha,Actual,PL3
9595dd08295b0aa7,2012,10,Khánh Hoà,Provincial,Cultivation,Sắn,,Area_Planted,6318.0,ha,Actual,PL3
ba6ab8e010b663e1,2012,10,Khánh Hoà,Provincial,Cultivation,Lúa,,Area_Planted,213.0,ha,Actual,PL3
a8a681592543c44d,2012,10,Ninh Thuận,Provincial,Cultivation,Lúa,,Area_Planted,14544.0,ha,Actual,PL3
bcee648e09bf4f11,2012,10,Ninh Thuận,Provincial,Cultivation,Lúa,,Area_Harvested,14544.0,ha,Actual,PL3
a8a681592543c44d,2012,10,Ninh Thuận,Provincial,Cultivation,Lúa,,Area_Planted,12507.0,ha,Actual,PL3
a8a681592543c44d,2012,10,Ninh Thuận,Provincial,Cultivation,Lúa,,Area_Planted,14141.0,ha,Actual,PL3
0a8698dea1732234,2012,10,Ninh Thuận,Provincial,Cultivation,Ngô,,Area_Planted,10856.0,ha,Actual,PL3
7a1c45d17043bacb,2012,10,Ninh Thuận,Provincial,Cultivation,Khoai lang,,Area_Planted,121.0,ha,Actual,PL3
cab63e7d81602d8c,2012,10,Ninh Thuận,Provincial,Cultivation,Sắn,,Area_Planted,3164.0,ha,Actual,PL3
4ed58fdc5832245c,2012,10,Bình Thuận,Provincial,Cultivation,Lúa,,Area_Planted,40219.0,ha,Actual,PL3
d0aab60e6af42cf8,2012,10,Bình Thuận,Provincial,Cultivation,Lúa,,Area_Harvested,40219.0,ha,Actual,PL3
4ed58fdc5832245c,2012,10,Bình Thuận,Provincial,Cultivation,Lúa,,Area_Planted,39776.0,ha,Actual,PL3
4ed58fdc5832245c,2012,10,Bình Thuận,Provincial,Cultivation,Lúa,,Area_Planted,51674.0,ha,Actual,PL3
37fc60aa06256edd,2012,10,Bình Thuận,Provincial,Cultivation,Ngô,,Area_Planted,19140.0,ha,Actual,PL3
5dafa014fbe3d055,2012,10,Bình Thuận,Provincial,Cultivation,Khoai lang,,Area_Planted,943.0,ha,Actual,PL3
57d35baf6f2704f2,2012,10,Bình Thuận,Provincial,Cultivation,Sắn,,Area_Planted,31206.0,ha,Actual,PL3
4ed58fdc5832245c,2012,10,Bình Thuận,Provincial,Cultivation,Lúa,,Area_Planted,385.0,ha,Actual,PL3
41d03a5bec4d8193,2012,10,Tây Nguyên,Provincial,Cultivation,Lúa,,Area_Planted,6385.0,ha,Actual,PL3
f2616421ab771c2a,2012,10,Tây Nguyên,Provincial,Cultivation,Lúa,,Area_Harvested,6385.0,ha,Actual,PL3
41d03a5bec4d8193,2012,10,Tây Nguyên,Provincial,Cultivation,Lúa,,Area_Planted,138415.0,ha,Actual,PL3
f2616421ab771c2a,2012,10,Tây Nguyên,Provincial,Cultivation,Lúa,,Area_Harvested,50572.0,ha,Actual,PL3
41d03a5bec4d8193,2012,10,Tây Nguyên,Provincial,Cultivation,Lúa,,Area_Planted,379754.0,ha,Actual,PL3
faa0ab535db3f75a,2012,10,Tây Nguyên,Provincial,Cultivation,Ngô,,Area_Planted,222086.0,ha,Actual,PL3
d691c31dc46015a0,2012,10,Tây Nguyên,Provincial,Cultivation,Khoai lang,,Area_Planted,13015.0,ha,Actual,PL3
7ac5c7dd5e2012a8,2012,10,Tây Nguyên,Provincial,Cultivation,Sắn,,Area_Planted,144048.0,ha,Actual,PL3
41d03a5bec4d8193,2012,10,Tây Nguyên,Provincial,Cultivation,Lúa,,Area_Planted,606.0,ha,Actual,PL3
c4293d3c58500796,2012,10,Kon Tum,Provincial,Cultivation,Lúa,,Area_Planted,16212.0,ha,Actual,PL3
e5bbc560951e224b,2012,10,Kon Tum,Provincial,Cultivation,Lúa,,Area_Harvested,3796.0,ha,Actual,PL3
c4293d3c58500796,2012,10,Kon Tum,Provincial,Cultivation,Lúa,,Area_Planted,42486.0,ha,Actual,PL3
191fbe35adf9b3c6,2012,10,Kon Tum,Provincial,Cultivation,Ngô,,Area_Planted,7685.0,ha,Actual,PL3
5b023548dd5d432b,2012,10,Kon Tum,Provincial,Cultivation,Khoai lang,,Area_Planted,136.0,ha,Actual,PL3
ff5309eae1baf05f,2012,10,Kon Tum,Provincial,Cultivation,Sắn,,Area_Planted,34665.0,ha,Actual,PL3
299727e8ed76bb3d,2012,10,Gia Lai,Provincial,Cultivation,Lúa,,Area_Planted,110.0,ha,Actual,PL3
0ae3ed4e44b405f9,2012,10,Đắk Lắk,Provincial,Cultivation,Lúa,,Area_Planted,50987.0,ha,Actual,PL3
4851036b0d967d0c,2012,10,Đắk Lắk,Provincial,Cultivation,Lúa,,Area_Harvested,41046.0,ha,Actual,PL3
0ae3ed4e44b405f9,2012,10,Đắk Lắk,Provincial,Cultivation,Lúa,,Area_Planted,152472.0,ha,Actual,PL3
2812627a1eb50d03,2012,10,Đắk Lắk,Provincial,Cultivation,Ngô,,Area_Planted,117503.0,ha,Actual,PL3
83937028ec0a51c5,2012,10,Đắk Lắk,Provincial,Cultivation,Khoai lang,,Area_Planted,3469.0,ha,Actual,PL3
4560100b083bb487,2012,10,Đắk Lắk,Provincial,Cultivation,Sắn,,Area_Planted,31004.0,ha,Actual,PL3
0ae3ed4e44b405f9,2012,10,Đắk Lắk,Provincial,Cultivation,Lúa,,Area_Planted,496.0,ha,Actual,PL3
694f90d50c0365a0,2012,10,Đắk Nông,Provincial,Cultivation,Lúa,,Area_Planted,7125.0,ha,Actual,PL3
d7c2221a99894aa6,2012,10,Đắk Nông,Provincial,Cultivation,Lúa,,Area_Harvested,5730.0,ha,Actual,PL3
694f90d50c0365a0,2012,10,Đắk Nông,Provincial,Cultivation,Lúa,,Area_Planted,59343.0,ha,Actual,PL3
d217eae026b891bd,2012,10,Đắk Nông,Provincial,Cultivation,Ngô,,Area_Planted,30956.0,ha,Actual,PL3
4dd94a99eff80c0a,2012,10,Đắk Nông,Provincial,Cultivation,Khoai lang,,Area_Planted,5506.0,ha,Actual,PL3
ae65f406e20775df,2012,10,Đắk Nông,Provincial,Cultivation,Sắn,,Area_Planted,22881.0,ha,Actual,PL3
74f4b1462dd4e483,2012,10,Lâm Đồng,Provincial,Cultivation,Lúa,,Area_Planted,6385.0,ha,Actual,PL3
da7decf8cd16a621,2012,10,Lâm Đồng,Provincial,Cultivation,Lúa,,Area_Harvested,6385.0,ha,Actual,PL3
74f4b1462dd4e483,2012,10,Lâm Đồng,Provincial,Cultivation,Lúa,,Area_Planted,16365.0,ha,Actual,PL3
74f4b1462dd4e483,2012,10,Lâm Đồng,Provincial,Cultivation,Lúa,,Area_Planted,20562.0,ha,Actual,PL3
702056e6f437ea4b,2012,10,Lâm Đồng,Provincial,Cultivation,Ngô,,Area_Planted,14445.0,ha,Actual,PL3
69fcc4eb1bdd3733,2012,10,Lâm Đồng,Provincial,Cultivation,Khoai lang,,Area_Planted,2483.0,ha,Actual,PL3
45b5134edc47f1ef,2012,10,Lâm Đồng,Provincial,Cultivation,Sắn,,Area_Planted,3634.0,ha,Actual,PL3
a35b57aa2a884b1a,2012,10,Đông Nam Bộ,Provincial,Cultivation,Lúa,,Area_Planted,91943.0,ha,Actual,PL3
d2f4b855c921f91f,2012,10,Đông Nam Bộ,Provincial,Cultivation,Lúa,,Area_Harvested,91943.0,ha,Actual,PL3
a35b57aa2a884b1a,2012,10,Đông Nam Bộ,Provincial,Cultivation,Lúa,,Area_Planted,115039.0,ha,Actual,PL3
d2f4b855c921f91f,2012,10,Đông Nam Bộ,Provincial,Cultivation,Lúa,,Area_Harvested,27427.0,ha,Actual,PL3
a35b57aa2a884b1a,2012,10,Đông Nam Bộ,Provincial,Cultivation,Lúa,,Area_Planted,170188.0,ha,Actual,PL3
0ea2b6f759613167,2012,10,Đông Nam Bộ,Provincial,Cultivation,Ngô,,Area_Planted,79802.0,ha,Actual,PL3
9575f25109534f7c,2012,10,Đông Nam Bộ,Provincial,Cultivation,Khoai lang,,Area_Planted,1771.0,ha,Actual,PL3
6ce92407a1214162,2012,10,Đông Nam Bộ,Provincial,Cultivation,Sắn,,Area_Planted,85923.0,ha,Actual,PL3
a35b57aa2a884b1a,2012,10,Đông Nam Bộ,Provincial,Cultivation,Lúa,,Area_Planted,2693.0,ha,Actual,PL3
54046ed107789ae3,2012,10,Bình Phước,Provincial,Cultivation,Lúa,,Area_Planted,10988.0,ha,Actual,PL3
54046ed107789ae3,2012,10,Bình Phước,Provincial,Cultivation,Lúa,,Area_Planted,25967.0,ha,Actual,PL3
08a033d514eb0a1a,2012,10,Bình Phước,Provincial,Cultivation,Ngô,,Area_Planted,5773.0,ha,Actual,PL3
131d66bd1c92b006,2012,10,Bình Phước,Provincial,Cultivation,Khoai lang,,Area_Planted,666.0,ha,Actual,PL3
1009d64420eae216,2012,10,Bình Phước,Provincial,Cultivation,Sắn,,Area_Planted,18703.0,ha,Actual,PL3
54046ed107789ae3,2012,10,Bình Phước,Provincial,Cultivation,Lúa,,Area_Planted,825.0,ha,Actual,PL3
bfdec96dfd4f21a4,2012,10,Tây Ninh,Provincial,Cultivation,Lúa,,Area_Planted,51326.0,ha,Actual,PL3
aff455d93d06ec08,2012,10,Tây Ninh,Provincial,Cultivation,Lúa,,Area_Harvested,51326.0,ha,Actual,PL3
bfdec96dfd4f21a4,2012,10,Tây Ninh,Provincial,Cultivation,Lúa,,Area_Planted,57058.0,ha,Actual,PL3
bfdec96dfd4f21a4,2012,10,Tây Ninh,Provincial,Cultivation,Lúa,,Area_Planted,50357.0,ha,Actual,PL3
d772219d760b844d,2012,10,Tây Ninh,Provincial,Cultivation,Ngô,,Area_Planted,4909.0,ha,Actual,PL3
eca5af86e4467486,2012,10,Tây Ninh,Provincial,Cultivation,Khoai lang,,Area_Planted,518.0,ha,Actual,PL3
b7bb1bf94fc11d98,2012,10,Tây Ninh,Provincial,Cultivation,Sắn,,Area_Planted,44214.0,ha,Actual,PL3
bfdec96dfd4f21a4,2012,10,Tây Ninh,Provincial,Cultivation,Lúa,,Area_Planted,716.0,ha,Actual,PL3
ce07d39885a52049,2012,10,Bình Dương,Provincial,Cultivation,Lúa,,Area_Planted,1732.0,ha,Actual,PL3
07e46ef760728ff7,2012,10,Bình Dương,Provincial,Cultivation,Lúa,,Area_Harvested,1732.0,ha,Actual,PL3
ce07d39885a52049,2012,10,Bình Dương,Provincial,Cultivation,Lúa,,Area_Planted,3369.0,ha,Actual,PL3
9a0d46e36fea9314,2012,10,Bình Dương,Provincial,Cultivation,Ngô,,Area_Planted,339.0,ha,Actual,PL3
b65ef937a49771ad,2012,10,Bình Dương,Provincial,Cultivation,Khoai lang,,Area_Planted,104.0,ha,Actual,PL3
5ff0470f9a62b1a1,2012,10,Bình Dương,Provincial,Cultivation,Sắn,,Area_Planted,2557.0,ha,Actual,PL3
ce07d39885a52049,2012,10,Bình Dương,Provincial,Cultivation,Lúa,,Area_Planted,369.0,ha,Actual,PL3
1776dd2b44a36e06,2012,10,Đồng Nai,Provincial,Cultivation,Lúa,,Area_Planted,25678.0,ha,Actual,PL3
ffab5ded8a6c2e5a,2012,10,Đồng Nai,Provincial,Cultivation,Lúa,,Area_Harvested,25678.0,ha,Actual,PL3
1776dd2b44a36e06,2012,10,Đồng Nai,Provincial,Cultivation,Lúa,,Area_Planted,27427.0,ha,Actual,PL3
ffab5ded8a6c2e5a,2012,10,Đồng Nai,Provincial,Cultivation,Lúa,,Area_Harvested,27427.0,ha,Actual,PL3
1776dd2b44a36e06,2012,10,Đồng Nai,Provincial,Cultivation,Lúa,,Area_Planted,64861.0,ha,Actual,PL3
6eb6bb468123f23c,2012,10,Đồng Nai,Provincial,Cultivation,Ngô,,Area_Planted,51174.0,ha,Actual,PL3
ce7e0a4632c2fa5a,2012,10,Đồng Nai,Provincial,Cultivation,Khoai lang,,Area_Planted,313.0,ha,Actual,PL3
72d261fa49aef3af,2012,10,Đồng Nai,Provincial,Cultivation,Sắn,,Area_Planted,12672.0,ha,Actual,PL3
1776dd2b44a36e06,2012,10,Đồng Nai,Provincial,Cultivation,Lúa,,Area_Planted,702.0,ha,Actual,PL3
2a3f6d1231674e38,2012,10,Bà Rịa-V.Tàu,Provincial,Cultivation,Lúa,,Area_Planted,7783.0,ha,Actual,PL3
9d76745580e65e26,2012,10,Bà Rịa-V.Tàu,Provincial,Cultivation,Lúa,,Area_Harvested,7783.0,ha,Actual,PL3
2a3f6d1231674e38,2012,10,Bà Rịa-V.Tàu,Provincial,Cultivation,Lúa,,Area_Planted,10886.0,ha,Actual,PL3
2a3f6d1231674e38,2012,10,Bà Rịa-V.Tàu,Provincial,Cultivation,Lúa,,Area_Planted,24908.0,ha,Actual,PL3
63ecefdd0ec050bd,2012,10,Bà Rịa-V.Tàu,Provincial,Cultivation,Ngô,,Area_Planted,16880.0,ha,Actual,PL3
ebde2acdf5f0ba25,2012,10,Bà Rịa-V.Tàu,Provincial,Cultivation,Khoai lang,,Area_Planted,170.0,ha,Actual,PL3
cef615f7a7848f78,2012,10,Bà Rịa-V.Tàu,Provincial,Cultivation,Sắn,,Area_Planted,7777.0,ha,Actual,PL3
2a3f6d1231674e38,2012,10,Bà Rịa-V.Tàu,Provincial,Cultivation,Lúa,,Area_Planted,81.0,ha,Actual,PL3
0a23fc6961bd0199,2012,10,TP Hồ Chí Minh,Provincial,Cultivation,Lúa,,Area_Planted,5424.0,ha,Actual,PL3
b3e2628e06ec9048,2012,10,TP Hồ Chí Minh,Provincial,Cultivation,Lúa,,Area_Harvested,5424.0,ha,Actual,PL3
0a23fc6961bd0199,2012,10,TP Hồ Chí Minh,Provincial,Cultivation,Lúa,,Area_Planted,8680.0,ha,Actual,PL3
0a23fc6961bd0199,2012,10,TP Hồ Chí Minh,Provincial,Cultivation,Lúa,,Area_Planted,727.0,ha,Actual,PL3
71d9e9e0afd05810,2012,10,TP Hồ Chí Minh,Provincial,Cultivation,Ngô,,Area_Planted,727.0,ha,Actual,PL3
b235b302cffcbd0d,2012,10,ĐBS Cửu Long,Provincial,Cultivation,Lúa,,Area_Planted,2272976.0,ha,Actual,PL3
e5522cac5d83c09b,2012,10,ĐBS Cửu Long,Provincial,Cultivation,Lúa,,Area_Harvested,1960765.0,ha,Actual,PL3
b235b302cffcbd0d,2012,10,ĐBS Cửu Long,Provincial,Cultivation,Lúa,,Area_Planted,329138.0,ha,Actual,PL3
e5522cac5d83c09b,2012,10,ĐBS Cửu Long,Provincial,Cultivation,Lúa,,Area_Harvested,25571.0,ha,Actual,PL3
e5522cac5d83c09b,2012,10,ĐBS Cửu Long,Provincial,Cultivation,Lúa,,Area_Harvested,91428.0,ha,Actual,PL3
b235b302cffcbd0d,2012,10,ĐBS Cửu Long,Provincial,Cultivation,Lúa,,Area_Planted,81961.0,ha,Actual,PL3
c2f06d733bb6699d,2012,10,ĐBS Cửu Long,Provincial,Cultivation,Ngô,,Area_Planted,43224.0,ha,Actual,PL3
fe666f6f9ad3a41e,2012,10,ĐBS Cửu Long,Provincial,Cultivation,Khoai lang,,Area_Planted,22816.0,ha,Actual,PL3
d4f6d3102c333d2a,2012,10,ĐBS Cửu Long,Provincial,Cultivation,Sắn,,Area_Planted,6261.0,ha,Actual,PL3
b235b302cffcbd0d,2012,10,ĐBS Cửu Long,Provincial,Cultivation,Lúa,,Area_Planted,9661.0,ha,Actual,PL3
dae3d3ac48bc5fea,2012,10,Long An,Provincial,Cultivation,Lúa,,Area_Planted,271693.0,ha,Actual,PL3
30eadd505c034d19,2012,10,Long An,Provincial,Cultivation,Lúa,,Area_Harvested,227396.0,ha,Actual,PL3
dae3d3ac48bc5fea,2012,10,Long An,Provincial,Cultivation,Lúa,,Area_Planted,8068.0,ha,Actual,PL3
dae3d3ac48bc5fea,2012,10,Long An,Provincial,Cultivation,Lúa,,Area_Planted,8931.0,ha,Actual,PL3
df40835c9de61382,2012,10,Long An,Provincial,Cultivation,Ngô,,Area_Planted,3954.0,ha,Actual,PL3
7aaf4c8a42bbfe80,2012,10,Long An,Provincial,Cultivation,Khoai lang,,Area_Planted,138.0,ha,Actual,PL3
ef851c1cf55c58b0,2012,10,Long An,Provincial,Cultivation,Sắn,,Area_Planted,1259.0,ha,Actual,PL3
dae3d3ac48bc5fea,2012,10,Long An,Provincial,Cultivation,Lúa,,Area_Planted,3580.0,ha,Actual,PL3
ebe3a05959c29d67,2012,10,Tiền Giang,Provincial,Cultivation,Lúa,,Area_Planted,160600.0,ha,Actual,PL3
869e6cf0ae2b2d8b,2012,10,Tiền Giang,Provincial,Cultivation,Lúa,,Area_Harvested,121146.0,ha,Actual,PL3
ebe3a05959c29d67,2012,10,Tiền Giang,Provincial,Cultivation,Lúa,,Area_Planted,6048.0,ha,Actual,PL3
fe7ccaac8d59e372,2012,10,Tiền Giang,Provincial,Cultivation,Ngô,,Area_Planted,4386.0,ha,Actual,PL3
f1e086e7431d5ef0,2012,10,Tiền Giang,Provincial,Cultivation,Khoai lang,,Area_Planted,301.0,ha,Actual,PL3
907641a27d49e0c9,2012,10,Tiền Giang,Provincial,Cultivation,Sắn,,Area_Planted,271.0,ha,Actual,PL3
ebe3a05959c29d67,2012,10,Tiền Giang,Provincial,Cultivation,Lúa,,Area_Planted,1090.0,ha,Actual,PL3
1a3bff8b164aa26d,2012,10,Bến Tre,Provincial,Cultivation,Lúa,,Area_Planted,22234.0,ha,Actual,PL3
a54973711ee55c0a,2012,10,Bến Tre,Provincial,Cultivation,Lúa,,Area_Harvested,22234.0,ha,Actual,PL3
1a3bff8b164aa26d,2012,10,Bến Tre,Provincial,Cultivation,Lúa,,Area_Planted,33142.0,ha,Actual,PL3
1a3bff8b164aa26d,2012,10,Bến Tre,Provincial,Cultivation,Lúa,,Area_Planted,1355.0,ha,Actual,PL3
8709202a6ad3b23a,2012,10,Bến Tre,Provincial,Cultivation,Ngô,,Area_Planted,985.0,ha,Actual,PL3
46aaaabbc9245f0e,2012,10,Bến Tre,Provincial,Cultivation,Khoai lang,,Area_Planted,206.0,ha,Actual,PL3
ce0b59d5578375d9,2012,10,Bến Tre,Provincial,Cultivation,Sắn,,Area_Planted,164.0,ha,Actual,PL3
5eeca6ed74d55ea5,2012,10,T à Vi h  rn,Provincial,Cultivation,Sắn,,Area_Planted,933.0,ha,Actual,PL3
e1d6e394ae2292ee,2012,10,T à Vi h  rn,Provincial,Cultivation,Lúa,,Area_Planted,675.0,ha,Actual,PL3
03b66e5449b3e698,2012,10,Vĩnh Long,Provincial,Cultivation,Lúa,,Area_Planted,122079.0,ha,Actual,PL3
85d4858c5c8f93f8,2012,10,Vĩnh Long,Provincial,Cultivation,Lúa,,Area_Harvested,111538.0,ha,Actual,PL3
85d4858c5c8f93f8,2012,10,Vĩnh Long,Provincial,Cultivation,Lúa,,Area_Harvested,5245.0,ha,Actual,PL3
03b66e5449b3e698,2012,10,Vĩnh Long,Provincial,Cultivation,Lúa,,Area_Planted,14032.0,ha,Actual,PL3
99b82e0dcee94176,2012,10,Vĩnh Long,Provincial,Cultivation,Ngô,,Area_Planted,1592.0,ha,Actual,PL3
8e37b88950620d6b,2012,10,Vĩnh Long,Provincial,Cultivation,Khoai lang,,Area_Planted,11855.0,ha,Actual,PL3
0d3139d361e3ddfc,2012,10,Vĩnh Long,Provincial,Cultivation,Sắn,,Area_Planted,209.0,ha,Actual,PL3
03b66e5449b3e698,2012,10,Vĩnh Long,Provincial,Cultivation,Lúa,,Area_Planted,376.0,ha,Actual,PL3
0824ec4dc19f8c51,2012,10,Đồng Tháp,Provincial,Cultivation,Lúa,,Area_Planted,279944.0,ha,Actual,PL3
7fd0553c73ffdd81,2012,10,Đồng Tháp,Provincial,Cultivation,Lúa,,Area_Harvested,266289.0,ha,Actual,PL3
7fd0553c73ffdd81,2012,10,Đồng Tháp,Provincial,Cultivation,Lúa,,Area_Harvested,7187.0,ha,Actual,PL3
0824ec4dc19f8c51,2012,10,Đồng Tháp,Provincial,Cultivation,Lúa,,Area_Planted,8414.0,ha,Actual,PL3
9e1d40f765410933,2012,10,Đồng Tháp,Provincial,Cultivation,Ngô,,Area_Planted,4890.0,ha,Actual,PL3
b45df835de577e0b,2012,10,Đồng Tháp,Provincial,Cultivation,Khoai lang,,Area_Planted,2447.0,ha,Actual,PL3
0824ec4dc19f8c51,2012,10,Đồng Tháp,Provincial,Cultivation,Lúa,,Area_Planted,1078.0,ha,Actual,PL3
c2d8932d19149af8,2012,10,An Giang,Provincial,Cultivation,Lúa,,Area_Planted,389496.0,ha,Actual,PL3
c635542b2b6d60b7,2012,10,An Giang,Provincial,Cultivation,Lúa,,Area_Harvested,239784.0,ha,Actual,PL3
c2d8932d19149af8,2012,10,An Giang,Provincial,Cultivation,Lúa,,Area_Planted,14678.0,ha,Actual,PL3
b629a9b10e69d102,2012,10,An Giang,Provincial,Cultivation,Ngô,,Area_Planted,11262.0,ha,Actual,PL3
67fa91141e991622,2012,10,An Giang,Provincial,Cultivation,Khoai lang,,Area_Planted,660.0,ha,Actual,PL3
5eaf7ac6a4496a1e,2012,10,An Giang,Provincial,Cultivation,Sắn,,Area_Planted,1407.0,ha,Actual,PL3
c2d8932d19149af8,2012,10,An Giang,Provincial,Cultivation,Lúa,,Area_Planted,1349.0,ha,Actual,PL3
4573c6251c7e7ee7,2012,10,Kiên Giang,Provincial,Cultivation,Lúa,,Area_Planted,362456.0,ha,Actual,PL3
3ff466c83c62bc70,2012,10,Kiên Giang,Provincial,Cultivation,Lúa,,Area_Harvested,348631.0,ha,Actual,PL3
4573c6251c7e7ee7,2012,10,Kiên Giang,Provincial,Cultivation,Lúa,,Area_Planted,57435.0,ha,Actual,PL3
4573c6251c7e7ee7,2012,10,Kiên Giang,Provincial,Cultivation,Lúa,,Area_Planted,2115.0,ha,Actual,PL3
b8ec12988aba1790,2012,10,Kiên Giang,Provincial,Cultivation,Ngô,,Area_Planted,48.0,ha,Actual,PL3
b73bea9a6e1f8594,2012,10,Kiên Giang,Provincial,Cultivation,Khoai lang,,Area_Planted,1510.0,ha,Actual,PL3
6820f9ffdf50b8e7,2012,10,Kiên Giang,Provincial,Cultivation,Sắn,,Area_Planted,557.0,ha,Actual,PL3
5e5014970fe47084,2012,10,Cần Thơ,Provincial,Cultivation,Lúa,,Area_Planted,140413.0,ha,Actual,PL3
4aaca6c01917fc77,2012,10,Cần Thơ,Provincial,Cultivation,Lúa,,Area_Harvested,136728.0,ha,Actual,PL3
5e5014970fe47084,2012,10,Cần Thơ,Provincial,Cultivation,Lúa,,Area_Planted,1928.0,ha,Actual,PL3
252d686bec554aa6,2012,10,Cần Thơ,Provincial,Cultivation,Ngô,,Area_Planted,991.0,ha,Actual,PL3
ba154d3cf3391452,2012,10,Cần Thơ,Provincial,Cultivation,Khoai lang,,Area_Planted,937.0,ha,Actual,PL3
dc425da7775a7be8,2012,10,Hậu Giang,Provincial,Cultivation,Lúa,,Area_Planted,135053.0,ha,Actual,PL3
21df1f4d2054a835,2012,10,Hậu Giang,Provincial,Cultivation,Lúa,,Area_Harvested,114534.0,ha,Actual,PL3
dc425da7775a7be8,2012,10,Hậu Giang,Provincial,Cultivation,Lúa,,Area_Planted,4035.0,ha,Actual,PL3
b60c518a40362073,2012,10,Hậu Giang,Provincial,Cultivation,Ngô,,Area_Planted,3814.0,ha,Actual,PL3
37572999f1c82d50,2012,10,Hậu Giang,Provincial,Cultivation,Khoai lang,,Area_Planted,221.0,ha,Actual,PL3
ce7b97a29d2bff0f,2012,10,Sóc Trăng,Provincial,Cultivation,Lúa,,Area_Planted,216997.0,ha,Actual,PL3
85175ad4bb9926c4,2012,10,Sóc Trăng,Provincial,Cultivation,Lúa,,Area_Harvested,200474.0,ha,Actual,PL3
ce7b97a29d2bff0f,2012,10,Sóc Trăng,Provincial,Cultivation,Lúa,,Area_Planted,11692.0,ha,Actual,PL3
85175ad4bb9926c4,2012,10,Sóc Trăng,Provincial,Cultivation,Lúa,,Area_Harvested,3811.0,ha,Actual,PL3
85175ad4bb9926c4,2012,10,Sóc Trăng,Provincial,Cultivation,Lúa,,Area_Harvested,71496.0,ha,Actual,PL3
ce7b97a29d2bff0f,2012,10,Sóc Trăng,Provincial,Cultivation,Lúa,,Area_Planted,7889.0,ha,Actual,PL3
6ec6a6e1f88138e0,2012,10,Sóc Trăng,Provincial,Cultivation,Ngô,,Area_Planted,3775.0,ha,Actual,PL3
8949986cc0c8a932,2012,10,Sóc Trăng,Provincial,Cultivation,Khoai lang,,Area_Planted,2362.0,ha,Actual,PL3
5234c20e3cfcd8ef,2012,10,Sóc Trăng,Provincial,Cultivation,Sắn,,Area_Planted,851.0,ha,Actual,PL3
ce7b97a29d2bff0f,2012,10,Sóc Trăng,Provincial,Cultivation,Lúa,,Area_Planted,901.0,ha,Actual,PL3
19299752740b3699,2012,10,Bạc Liêu,Provincial,Cultivation,Lúa,,Area_Planted,55786.0,ha,Actual,PL3
17b86a49a217454e,2012,10,Bạc Liêu,Provincial,Cultivation,Lúa,,Area_Harvested,55786.0,ha,Actual,PL3
19299752740b3699,2012,10,Bạc Liêu,Provincial,Cultivation,Lúa,,Area_Planted,67607.0,ha,Actual,PL3
17b86a49a217454e,2012,10,Bạc Liêu,Provincial,Cultivation,Lúa,,Area_Harvested,2457.0,ha,Actual,PL3
17b86a49a217454e,2012,10,Bạc Liêu,Provincial,Cultivation,Lúa,,Area_Harvested,7500.0,ha,Actual,PL3
19299752740b3699,2012,10,Bạc Liêu,Provincial,Cultivation,Lúa,,Area_Planted,1316.0,ha,Actual,PL3
137a41c2513179d4,2012,10,Bạc Liêu,Provincial,Cultivation,Ngô,,Area_Planted,94.0,ha,Actual,PL3
4d5ad6abc5e0e3cb,2012,10,Bạc Liêu,Provincial,Cultivation,Sắn,,Area_Planted,610.0,ha,Actual,PL3
19299752740b3699,2012,10,Bạc Liêu,Provincial,Cultivation,Lúa,,Area_Planted,612.0,ha,Actual,PL3
3d93fd4483aae710,2012,10,Cà Mau,Provincial,Cultivation,Lúa,,Area_Planted,36025.0,ha,Actual,PL3
3d790fdf6659dc68,2012,10,Cà Mau,Provincial,Cultivation,Lúa,,Area_Harvested,36025.0,ha,Actual,PL3
3d93fd4483aae710,2012,10,Cà Mau,Provincial,Cultivation,Lúa,,Area_Planted,62848.0,ha,Actual,PL3
3d790fdf6659dc68,2012,10,Cà Mau,Provincial,Cultivation,Lúa,,Area_Harvested,16092.0,ha,Actual,PL3
44f1d501532e1a27,2012,10,Miền Nam,Provincial,Cultivation,Lúa,,Area_Planted,292653.0,ha,Actual,PL4
7e1790d36b45a941,2012,10,Miền Nam,Provincial,Cultivation,Đậu tương,,Area_Planted,16324.0,ha,Actual,PL4
0482528ddc1a4de9,2012,10,Miền Nam,Provincial,Cultivation,Lạc,,Area_Planted,71449.0,ha,Actual,PL4
44f1d501532e1a27,2012,10,Miền Nam,Provincial,Cultivation,Lúa,,Area_Planted,28795.0,ha,Actual,PL4
1af595ced582b981,2012,10,Miền Nam,Provincial,Cultivation,Thuốc lá,,Area_Planted,10314.0,ha,Actual,PL4
31d0981ef2ab27e5,2012,10,Miền Nam,Provincial,Cultivation,Mía,,Area_Planted,159845.0,ha,Actual,PL4
44f1d501532e1a27,2012,10,Miền Nam,Provincial,Cultivation,Lúa,,Area_Planted,2732.0,ha,Actual,PL4
44f1d501532e1a27,2012,10,Miền Nam,Provincial,Cultivation,Lúa,,Area_Planted,3195.0,ha,Actual,PL4
44f1d501532e1a27,2012,10,Miền Nam,Provincial,Cultivation,Lúa,,Area_Planted,393963.0,ha,Actual,PL4
44f1d501532e1a27,2012,10,Miền Nam,Provincial,Cultivation,Lúa,,Area_Planted,106191.0,ha,Actual,PL4
a504791d5c97928e,2012,10,D.H Nam Trung Bộ,Provincial,Cultivation,Lúa,,Area_Planted,108514.0,ha,Actual,PL4
a2550c0b3a672b59,2012,10,D.H Nam Trung Bộ,Provincial,Cultivation,Đậu tương,,Area_Planted,822.0,ha,Actual,PL4
22f3bd65f9fcb1ab,2012,10,D.H Nam Trung Bộ,Provincial,Cultivation,Lạc,,Area_Planted,34308.0,ha,Actual,PL4
a504791d5c97928e,2012,10,D.H Nam Trung Bộ,Provincial,Cultivation,Lúa,,Area_Planted,13379.0,ha,Actual,PL4
38950d39d225add0,2012,10,D.H Nam Trung Bộ,Provincial,Cultivation,Thuốc lá,,Area_Planted,1288.0,ha,Actual,PL4
227614da81360f14,2012,10,D.H Nam Trung Bộ,Provincial,Cultivation,Mía,,Area_Planted,57538.0,ha,Actual,PL4
a504791d5c97928e,2012,10,D.H Nam Trung Bộ,Provincial,Cultivation,Lúa,,Area_Planted,1089.0,ha,Actual,PL4
a504791d5c97928e,2012,10,D.H Nam Trung Bộ,Provincial,Cultivation,Lúa,,Area_Planted,89.0,ha,Actual,PL4
a504791d5c97928e,2012,10,D.H Nam Trung Bộ,Provincial,Cultivation,Lúa,,Area_Planted,45211.0,ha,Actual,PL4
a504791d5c97928e,2012,10,D.H Nam Trung Bộ,Provincial,Cultivation,Lúa,,Area_Planted,35063.0,ha,Actual,PL4
019841e57d4919c6,2012,10,TP Đà Nẵng,Provincial,Cultivation,Lúa,,Area_Planted,905.0,ha,Actual,PL4
13f4406e1488e868,2012,10,TP Đà Nẵng,Provincial,Cultivation,Lạc,,Area_Planted,671.0,ha,Actual,PL4
2c7e928254e238c7,2012,10,TP Đà Nẵng,Provincial,Cultivation,Mía,,Area_Planted,234.0,ha,Actual,PL4
019841e57d4919c6,2012,10,TP Đà Nẵng,Provincial,Cultivation,Lúa,,Area_Planted,702.0,ha,Actual,PL4
019841e57d4919c6,2012,10,TP Đà Nẵng,Provincial,Cultivation,Lúa,,Area_Planted,33.0,ha,Actual,PL4
8d98b04828c08d51,2012,10,Quảng Nam,Provincial,Cultivation,Lúa,,Area_Planted,13135.0,ha,Actual,PL4
e5073db77e355a44,2012,10,Quảng Nam,Provincial,Cultivation,Đậu tương,,Area_Planted,73.0,ha,Actual,PL4
8dc6d495fa2b4c9b,2012,10,Quảng Nam,Provincial,Cultivation,Lạc,,Area_Planted,10046.0,ha,Actual,PL4
8d98b04828c08d51,2012,10,Quảng Nam,Provincial,Cultivation,Lúa,,Area_Planted,2401.0,ha,Actual,PL4
ecb5c02da232e021,2012,10,Quảng Nam,Provincial,Cultivation,Thuốc lá,,Area_Planted,136.0,ha,Actual,PL4
cc40e063238bae90,2012,10,Quảng Nam,Provincial,Cultivation,Mía,,Area_Planted,341.0,ha,Actual,PL4
8d98b04828c08d51,2012,10,Quảng Nam,Provincial,Cultivation,Lúa,,Area_Planted,119.0,ha,Actual,PL4
8d98b04828c08d51,2012,10,Quảng Nam,Provincial,Cultivation,Lúa,,Area_Planted,19.0,ha,Actual,PL4
8d98b04828c08d51,2012,10,Quảng Nam,Provincial,Cultivation,Lúa,,Area_Planted,13690.0,ha,Actual,PL4
8d98b04828c08d51,2012,10,Quảng Nam,Provincial,Cultivation,Lúa,,Area_Planted,6859.0,ha,Actual,PL4
0472b81ebcc5e02a,2012,10,Quảng Ngãi,Provincial,Cultivation,Lúa,,Area_Planted,10997.0,ha,Actual,PL4
e8d3adff73d4f4bd,2012,10,Quảng Ngãi,Provincial,Cultivation,Lạc,,Area_Planted,5390.0,ha,Actual,PL4
5920ce0a6f0f4e4a,2012,10,Quảng Ngãi,Provincial,Cultivation,Mía,,Area_Planted,5607.0,ha,Actual,PL4
0472b81ebcc5e02a,2012,10,Quảng Ngãi,Provincial,Cultivation,Lúa,,Area_Planted,4430.0,ha,Actual,PL4
0472b81ebcc5e02a,2012,10,Quảng Ngãi,Provincial,Cultivation,Lúa,,Area_Planted,1456.0,ha,Actual,PL4
d5144737052cbfee,2012,10,Bình Định,Provincial,Cultivation,Lúa,,Area_Planted,13995.0,ha,Actual,PL4
f6d33540f9e137d3,2012,10,Bình Định,Provincial,Cultivation,Đậu tương,,Area_Planted,420.0,ha,Actual,PL4
b8d86a55526efe41,2012,10,Bình Định,Provincial,Cultivation,Lạc,,Area_Planted,9003.0,ha,Actual,PL4
d5144737052cbfee,2012,10,Bình Định,Provincial,Cultivation,Lúa,,Area_Planted,1811.0,ha,Actual,PL4
d2b360f007b8b498,2012,10,Bình Định,Provincial,Cultivation,Mía,,Area_Planted,2761.0,ha,Actual,PL4
d5144737052cbfee,2012,10,Bình Định,Provincial,Cultivation,Lúa,,Area_Planted,3515.0,ha,Actual,PL4
d5144737052cbfee,2012,10,Bình Định,Provincial,Cultivation,Lúa,,Area_Planted,2437.0,ha,Actual,PL4
6966046e11923e2d,2012,10,Phú Yên,Provincial,Cultivation,Lúa,,Area_Planted,28696.0,ha,Actual,PL4
53089370dcddad6e,2012,10,Phú Yên,Provincial,Cultivation,Đậu tương,,Area_Planted,284.0,ha,Actual,PL4
fc2eb0b04a94fdc8,2012,10,Phú Yên,Provincial,Cultivation,Lạc,,Area_Planted,1674.0,ha,Actual,PL4
6966046e11923e2d,2012,10,Phú Yên,Provincial,Cultivation,Lúa,,Area_Planted,2624.0,ha,Actual,PL4
71de2ddc5330efee,2012,10,Phú Yên,Provincial,Cultivation,Thuốc lá,,Area_Planted,371.0,ha,Actual,PL4
2111aec474d22e81,2012,10,Phú Yên,Provincial,Cultivation,Mía,,Area_Planted,23424.0,ha,Actual,PL4
6966046e11923e2d,2012,10,Phú Yên,Provincial,Cultivation,Lúa,,Area_Planted,249.0,ha,Actual,PL4
6966046e11923e2d,2012,10,Phú Yên,Provincial,Cultivation,Lúa,,Area_Planted,70.0,ha,Actual,PL4
6966046e11923e2d,2012,10,Phú Yên,Provincial,Cultivation,Lúa,,Area_Planted,4527.0,ha,Actual,PL4
6966046e11923e2d,2012,10,Phú Yên,Provincial,Cultivation,Lúa,,Area_Planted,4864.0,ha,Actual,PL4
ba6ab8e010b663e1,2012,10,Khánh Hoà,Provincial,Cultivation,Lúa,,Area_Planted,18609.0,ha,Actual,PL4
22200dd2b1bd4516,2012,10,Khánh Hoà,Provincial,Cultivation,Đậu tương,,Area_Planted,45.0,ha,Actual,PL4
83ad4c7a5fb30f62,2012,10,Khánh Hoà,Provincial,Cultivation,Lạc,,Area_Planted,306.0,ha,Actual,PL4
ba6ab8e010b663e1,2012,10,Khánh Hoà,Provincial,Cultivation,Lúa,,Area_Planted,136.0,ha,Actual,PL4
ad211cb8b93da70c,2012,10,Khánh Hoà,Provincial,Cultivation,Thuốc lá,,Area_Planted,250.0,ha,Actual,PL4
b65975bc5dc7e280,2012,10,Khánh Hoà,Provincial,Cultivation,Mía,,Area_Planted,17872.0,ha,Actual,PL4
ba6ab8e010b663e1,2012,10,Khánh Hoà,Provincial,Cultivation,Lúa,,Area_Planted,4668.0,ha,Actual,PL4
ba6ab8e010b663e1,2012,10,Khánh Hoà,Provincial,Cultivation,Lúa,,Area_Planted,1318.0,ha,Actual,PL4
a8a681592543c44d,2012,10,Ninh Thuận,Provincial,Cultivation,Lúa,,Area_Planted,4813.0,ha,Actual,PL4
a12fe0c186160f85,2012,10,Ninh Thuận,Provincial,Cultivation,Lạc,,Area_Planted,331.0,ha,Actual,PL4
a8a681592543c44d,2012,10,Ninh Thuận,Provincial,Cultivation,Lúa,,Area_Planted,586.0,ha,Actual,PL4
cd7c09c9f7241c5d,2012,10,Ninh Thuận,Provincial,Cultivation,Thuốc lá,,Area_Planted,452.0,ha,Actual,PL4
43681f9f5921f2e0,2012,10,Ninh Thuận,Provincial,Cultivation,Mía,,Area_Planted,3399.0,ha,Actual,PL4
a8a681592543c44d,2012,10,Ninh Thuận,Provincial,Cultivation,Lúa,,Area_Planted,45.0,ha,Actual,PL4
a8a681592543c44d,2012,10,Ninh Thuận,Provincial,Cultivation,Lúa,,Area_Planted,7616.0,ha,Actual,PL4
a8a681592543c44d,2012,10,Ninh Thuận,Provincial,Cultivation,Lúa,,Area_Planted,7180.0,ha,Actual,PL4
4ed58fdc5832245c,2012,10,Bình Thuận,Provincial,Cultivation,Lúa,,Area_Planted,17364.0,ha,Actual,PL4
f0d50107989a67f0,2012,10,Bình Thuận,Provincial,Cultivation,Lạc,,Area_Planted,6888.0,ha,Actual,PL4
4ed58fdc5832245c,2012,10,Bình Thuận,Provincial,Cultivation,Lúa,,Area_Planted,5821.0,ha,Actual,PL4
b73402d206ec88cb,2012,10,Bình Thuận,Provincial,Cultivation,Thuốc lá,,Area_Planted,79.0,ha,Actual,PL4
81dd34daf353d33b,2012,10,Bình Thuận,Provincial,Cultivation,Mía,,Area_Planted,3900.0,ha,Actual,PL4
4ed58fdc5832245c,2012,10,Bình Thuận,Provincial,Cultivation,Lúa,,Area_Planted,676.0,ha,Actual,PL4
4ed58fdc5832245c,2012,10,Bình Thuận,Provincial,Cultivation,Lúa,,Area_Planted,6063.0,ha,Actual,PL4
4ed58fdc5832245c,2012,10,Bình Thuận,Provincial,Cultivation,Lúa,,Area_Planted,10916.0,ha,Actual,PL4
41d03a5bec4d8193,2012,10,Tây Nguyên,Provincial,Cultivation,Lúa,,Area_Planted,59282.0,ha,Actual,PL4
9f9121ca847e29ab,2012,10,Tây Nguyên,Provincial,Cultivation,Đậu tương,,Area_Planted,11633.0,ha,Actual,PL4
20ad66a4f7846081,2012,10,Tây Nguyên,Provincial,Cultivation,Lạc,,Area_Planted,12392.0,ha,Actual,PL4
41d03a5bec4d8193,2012,10,Tây Nguyên,Provincial,Cultivation,Lúa,,Area_Planted,3573.0,ha,Actual,PL4
24259f40f85848b4,2012,10,Tây Nguyên,Provincial,Cultivation,Thuốc lá,,Area_Planted,4448.0,ha,Actual,PL4
7c67de17c93202f3,2012,10,Tây Nguyên,Provincial,Cultivation,Mía,,Area_Planted,25632.0,ha,Actual,PL4
41d03a5bec4d8193,2012,10,Tây Nguyên,Provincial,Cultivation,Lúa,,Area_Planted,1604.0,ha,Actual,PL4
41d03a5bec4d8193,2012,10,Tây Nguyên,Provincial,Cultivation,Lúa,,Area_Planted,48151.0,ha,Actual,PL4
41d03a5bec4d8193,2012,10,Tây Nguyên,Provincial,Cultivation,Lúa,,Area_Planted,45700.0,ha,Actual,PL4
c4293d3c58500796,2012,10,Kon Tum,Provincial,Cultivation,Lúa,,Area_Planted,1939.0,ha,Actual,PL4
de4d7d49180fb4ee,2012,10,Kon Tum,Provincial,Cultivation,Lạc,,Area_Planted,116.0,ha,Actual,PL4
e46282244ceefe59,2012,10,Kon Tum,Provincial,Cultivation,Mía,,Area_Planted,1823.0,ha,Actual,PL4
c4293d3c58500796,2012,10,Kon Tum,Provincial,Cultivation,Lúa,,Area_Planted,977.0,ha,Actual,PL4
c4293d3c58500796,2012,10,Kon Tum,Provincial,Cultivation,Lúa,,Area_Planted,405.0,ha,Actual,PL4
299727e8ed76bb3d,2012,10,Gia Lai,Provincial,Cultivation,Lúa,,Area_Planted,16519.0,ha,Actual,PL4
277f01a25e26c1a9,2012,10,Gia Lai,Provincial,Cultivation,Lạc,,Area_Planted,1512.0,ha,Actual,PL4
299727e8ed76bb3d,2012,10,Gia Lai,Provincial,Cultivation,Lúa,,Area_Planted,2844.0,ha,Actual,PL4
3ca5aa1413d97624,2012,10,Gia Lai,Provincial,Cultivation,Thuốc lá,,Area_Planted,3705.0,ha,Actual,PL4
1293007db37d4c89,2012,10,Gia Lai,Provincial,Cultivation,Mía,,Area_Planted,7859.0,ha,Actual,PL4
299727e8ed76bb3d,2012,10,Gia Lai,Provincial,Cultivation,Lúa,,Area_Planted,599.0,ha,Actual,PL4
299727e8ed76bb3d,2012,10,Gia Lai,Provincial,Cultivation,Lúa,,Area_Planted,14644.0,ha,Actual,PL4
299727e8ed76bb3d,2012,10,Gia Lai,Provincial,Cultivation,Lúa,,Area_Planted,15189.0,ha,Actual,PL4
0ae3ed4e44b405f9,2012,10,Đắk Lắk,Provincial,Cultivation,Lúa,,Area_Planted,32405.0,ha,Actual,PL4
5cc56f98dabeba2b,2012,10,Đắk Lắk,Provincial,Cultivation,Đậu tương,,Area_Planted,7654.0,ha,Actual,PL4
ca0ac8c874931f28,2012,10,Đắk Lắk,Provincial,Cultivation,Lạc,,Area_Planted,6968.0,ha,Actual,PL4
0ae3ed4e44b405f9,2012,10,Đắk Lắk,Provincial,Cultivation,Lúa,,Area_Planted,729.0,ha,Actual,PL4
f95ce621903c6d47,2012,10,Đắk Lắk,Provincial,Cultivation,Thuốc lá,,Area_Planted,743.0,ha,Actual,PL4
83179817f45ca53a,2012,10,Đắk Lắk,Provincial,Cultivation,Mía,,Area_Planted,15306.0,ha,Actual,PL4
0ae3ed4e44b405f9,2012,10,Đắk Lắk,Provincial,Cultivation,Lúa,,Area_Planted,1005.0,ha,Actual,PL4
0ae3ed4e44b405f9,2012,10,Đắk Lắk,Provincial,Cultivation,Lúa,,Area_Planted,6045.0,ha,Actual,PL4
0ae3ed4e44b405f9,2012,10,Đắk Lắk,Provincial,Cultivation,Lúa,,Area_Planted,24297.0,ha,Actual,PL4
694f90d50c0365a0,2012,10,Đắk Nông,Provincial,Cultivation,Lúa,,Area_Planted,8419.0,ha,Actual,PL4
43f2605cc111bc8a,2012,10,Đắk Nông,Provincial,Cultivation,Đậu tương,,Area_Planted,3979.0,ha,Actual,PL4
5ad3abed80362d89,2012,10,Đắk Nông,Provincial,Cultivation,Lạc,,Area_Planted,3796.0,ha,Actual,PL4
2dc939a29b6c8cba,2012,10,Đắk Nông,Provincial,Cultivation,Mía,,Area_Planted,644.0,ha,Actual,PL4
694f90d50c0365a0,2012,10,Đắk Nông,Provincial,Cultivation,Lúa,,Area_Planted,1299.0,ha,Actual,PL4
694f90d50c0365a0,2012,10,Đắk Nông,Provincial,Cultivation,Lúa,,Area_Planted,4797.0,ha,Actual,PL4
74f4b1462dd4e483,2012,10,Lâm Đồng,Provincial,Cultivation,Lúa,,Area_Planted,25186.0,ha,Actual,PL4
74f4b1462dd4e483,2012,10,Lâm Đồng,Provincial,Cultivation,Lúa,,Area_Planted,1012.0,ha,Actual,PL4
a35b57aa2a884b1a,2012,10,Đông Nam Bộ,Provincial,Cultivation,Lúa,,Area_Planted,34889.0,ha,Actual,PL4
f7be3e6425189783,2012,10,Đông Nam Bộ,Provincial,Cultivation,Đậu tương,,Area_Planted,745.0,ha,Actual,PL4
2b8a939c443c809d,2012,10,Đông Nam Bộ,Provincial,Cultivation,Lạc,,Area_Planted,11786.0,ha,Actual,PL4
a35b57aa2a884b1a,2012,10,Đông Nam Bộ,Provincial,Cultivation,Lúa,,Area_Planted,1263.0,ha,Actual,PL4
6b235ff542462440,2012,10,Đông Nam Bộ,Provincial,Cultivation,Thuốc lá,,Area_Planted,4461.0,ha,Actual,PL4
e826b95449bb6bb5,2012,10,Đông Nam Bộ,Provincial,Cultivation,Mía,,Area_Planted,16595.0,ha,Actual,PL4
a35b57aa2a884b1a,2012,10,Đông Nam Bộ,Provincial,Cultivation,Lúa,,Area_Planted,39.0,ha,Actual,PL4
a35b57aa2a884b1a,2012,10,Đông Nam Bộ,Provincial,Cultivation,Lúa,,Area_Planted,56688.0,ha,Actual,PL4
a35b57aa2a884b1a,2012,10,Đông Nam Bộ,Provincial,Cultivation,Lúa,,Area_Planted,14857.0,ha,Actual,PL4
54046ed107789ae3,2012,10,Bình Phước,Provincial,Cultivation,Lúa,,Area_Planted,1133.0,ha,Actual,PL4
1ef02fb43c06216a,2012,10,Bình Phước,Provincial,Cultivation,Đậu tương,,Area_Planted,125.0,ha,Actual,PL4
a4f5704f09196e6c,2012,10,Bình Phước,Provincial,Cultivation,Lạc,,Area_Planted,531.0,ha,Actual,PL4
54046ed107789ae3,2012,10,Bình Phước,Provincial,Cultivation,Lúa,,Area_Planted,28.0,ha,Actual,PL4
eed202fd5fbf9b32,2012,10,Bình Phước,Provincial,Cultivation,Mía,,Area_Planted,420.0,ha,Actual,PL4
54046ed107789ae3,2012,10,Bình Phước,Provincial,Cultivation,Lúa,,Area_Planted,29.0,ha,Actual,PL4
54046ed107789ae3,2012,10,Bình Phước,Provincial,Cultivation,Lúa,,Area_Planted,3079.0,ha,Actual,PL4
54046ed107789ae3,2012,10,Bình Phước,Provincial,Cultivation,Lúa,,Area_Planted,1459.0,ha,Actual,PL4
bfdec96dfd4f21a4,2012,10,Tây Ninh,Provincial,Cultivation,Lúa,,Area_Planted,17027.0,ha,Actual,PL4
152da333ac758ec9,2012,10,Tây Ninh,Provincial,Cultivation,Lạc,,Area_Planted,8960.0,ha,Actual,PL4
bfdec96dfd4f21a4,2012,10,Tây Ninh,Provincial,Cultivation,Lúa,,Area_Planted,891.0,ha,Actual,PL4
f0a0353c58081424,2012,10,Tây Ninh,Provincial,Cultivation,Thuốc lá,,Area_Planted,2933.0,ha,Actual,PL4
fb8af69edf7209ce,2012,10,Tây Ninh,Provincial,Cultivation,Mía,,Area_Planted,4243.0,ha,Actual,PL4
bfdec96dfd4f21a4,2012,10,Tây Ninh,Provincial,Cultivation,Lúa,,Area_Planted,20117.0,ha,Actual,PL4
bfdec96dfd4f21a4,2012,10,Tây Ninh,Provincial,Cultivation,Lúa,,Area_Planted,5975.0,ha,Actual,PL4
ce07d39885a52049,2012,10,Bình Dương,Provincial,Cultivation,Lúa,,Area_Planted,287.0,ha,Actual,PL4
11deeb013fbf73f3,2012,10,Bình Dương,Provincial,Cultivation,Lạc,,Area_Planted,287.0,ha,Actual,PL4
ce07d39885a52049,2012,10,Bình Dương,Provincial,Cultivation,Lúa,,Area_Planted,3087.0,ha,Actual,PL4
ce07d39885a52049,2012,10,Bình Dương,Provincial,Cultivation,Lúa,,Area_Planted,252.0,ha,Actual,PL4
1776dd2b44a36e06,2012,10,Đồng Nai,Provincial,Cultivation,Lúa,,Area_Planted,12569.0,ha,Actual,PL4
5f012823eaf58524,2012,10,Đồng Nai,Provincial,Cultivation,Đậu tương,,Area_Planted,620.0,ha,Actual,PL4
37b9eb11d353cc5d,2012,10,Đồng Nai,Provincial,Cultivation,Lạc,,Area_Planted,1041.0,ha,Actual,PL4
1776dd2b44a36e06,2012,10,Đồng Nai,Provincial,Cultivation,Lúa,,Area_Planted,135.0,ha,Actual,PL4
3fa0482a060821a1,2012,10,Đồng Nai,Provincial,Cultivation,Thuốc lá,,Area_Planted,1401.0,ha,Actual,PL4
95f8cfb29d6955af,2012,10,Đồng Nai,Provincial,Cultivation,Mía,,Area_Planted,9362.0,ha,Actual,PL4
1776dd2b44a36e06,2012,10,Đồng Nai,Provincial,Cultivation,Lúa,,Area_Planted,10.0,ha,Actual,PL4
1776dd2b44a36e06,2012,10,Đồng Nai,Provincial,Cultivation,Lúa,,Area_Planted,9360.0,ha,Actual,PL4
1776dd2b44a36e06,2012,10,Đồng Nai,Provincial,Cultivation,Lúa,,Area_Planted,5223.0,ha,Actual,PL4
2a3f6d1231674e38,2012,10,Bà Rịa-V.Tàu,Provincial,Cultivation,Lúa,,Area_Planted,1731.0,ha,Actual,PL4
8fc213c61d63ba44,2012,10,Bà Rịa-V.Tàu,Provincial,Cultivation,Lạc,,Area_Planted,967.0,ha,Actual,PL4
2a3f6d1231674e38,2012,10,Bà Rịa-V.Tàu,Provincial,Cultivation,Lúa,,Area_Planted,209.0,ha,Actual,PL4
f7354482d95220b0,2012,10,Bà Rịa-V.Tàu,Provincial,Cultivation,Thuốc lá,,Area_Planted,127.0,ha,Actual,PL4
6f2d60c1e702f1a1,2012,10,Bà Rịa-V.Tàu,Provincial,Cultivation,Mía,,Area_Planted,428.0,ha,Actual,PL4
2a3f6d1231674e38,2012,10,Bà Rịa-V.Tàu,Provincial,Cultivation,Lúa,,Area_Planted,7162.0,ha,Actual,PL4
2a3f6d1231674e38,2012,10,Bà Rịa-V.Tàu,Provincial,Cultivation,Lúa,,Area_Planted,1948.0,ha,Actual,PL4
0a23fc6961bd0199,2012,10,TP Hồ Chí Minh,Provincial,Cultivation,Lúa,,Area_Planted,2142.0,ha,Actual,PL4
bd67699000aaf62a,2012,10,TP Hồ Chí Minh,Provincial,Cultivation,Mía,,Area_Planted,2142.0,ha,Actual,PL4
0a23fc6961bd0199,2012,10,TP Hồ Chí Minh,Provincial,Cultivation,Lúa,,Area_Planted,13883.0,ha,Actual,PL4
b235b302cffcbd0d,2012,10,ĐBS Cửu Long,Provincial,Cultivation,Lúa,,Area_Planted,89969.0,ha,Actual,PL4
a0972c1f25958fef,2012,10,ĐBS Cửu Long,Provincial,Cultivation,Đậu tương,,Area_Planted,3123.0,ha,Actual,PL4
c1f5e4ac1d759e24,2012,10,ĐBS Cửu Long,Provincial,Cultivation,Lạc,,Area_Planted,12963.0,ha,Actual,PL4
b235b302cffcbd0d,2012,10,ĐBS Cửu Long,Provincial,Cultivation,Lúa,,Area_Planted,10580.0,ha,Actual,PL4
f656ebc8660a37bc,2012,10,ĐBS Cửu Long,Provincial,Cultivation,Thuốc lá,,Area_Planted,117.0,ha,Actual,PL4
5b01330236bcd6fb,2012,10,ĐBS Cửu Long,Provincial,Cultivation,Mía,,Area_Planted,60080.0,ha,Actual,PL4
b235b302cffcbd0d,2012,10,ĐBS Cửu Long,Provincial,Cultivation,Lúa,,Area_Planted,3106.0,ha,Actual,PL4
b235b302cffcbd0d,2012,10,ĐBS Cửu Long,Provincial,Cultivation,Lúa,,Area_Planted,243914.0,ha,Actual,PL4
b235b302cffcbd0d,2012,10,ĐBS Cửu Long,Provincial,Cultivation,Lúa,,Area_Planted,10572.0,ha,Actual,PL4
dae3d3ac48bc5fea,2012,10,Long An,Provincial,Cultivation,Lúa,,Area_Planted,22723.0,ha,Actual,PL4
8ba069d78880487d,2012,10,Long An,Provincial,Cultivation,Lạc,,Area_Planted,6982.0,ha,Actual,PL4
dae3d3ac48bc5fea,2012,10,Long An,Provincial,Cultivation,Lúa,,Area_Planted,874.0,ha,Actual,PL4
e947581a4c719997,2012,10,Long An,Provincial,Cultivation,Thuốc lá,,Area_Planted,83.0,ha,Actual,PL4
9d392647891f003c,2012,10,Long An,Provincial,Cultivation,Mía,,Area_Planted,13610.0,ha,Actual,PL4
dae3d3ac48bc5fea,2012,10,Long An,Provincial,Cultivation,Lúa,,Area_Planted,1174.0,ha,Actual,PL4
dae3d3ac48bc5fea,2012,10,Long An,Provincial,Cultivation,Lúa,,Area_Planted,11101.0,ha,Actual,PL4
dae3d3ac48bc5fea,2012,10,Long An,Provincial,Cultivation,Lúa,,Area_Planted,26.0,ha,Actual,PL4
ebe3a05959c29d67,2012,10,Tiền Giang,Provincial,Cultivation,Lúa,,Area_Planted,697.0,ha,Actual,PL4
4d5ef7a4abae2c79,2012,10,Tiền Giang,Provincial,Cultivation,Đậu tương,,Area_Planted,208.0,ha,Actual,PL4
1a04be788b7f4d84,2012,10,Tiền Giang,Provincial,Cultivation,Lạc,,Area_Planted,200.0,ha,Actual,PL4
13237cdaf965362e,2012,10,Tiền Giang,Provincial,Cultivation,Mía,,Area_Planted,289.0,ha,Actual,PL4
ebe3a05959c29d67,2012,10,Tiền Giang,Provincial,Cultivation,Lúa,,Area_Planted,40468.0,ha,Actual,PL4
ebe3a05959c29d67,2012,10,Tiền Giang,Provincial,Cultivation,Lúa,,Area_Planted,196.0,ha,Actual,PL4
1a3bff8b164aa26d,2012,10,Bến Tre,Provincial,Cultivation,Lúa,,Area_Planted,5437.0,ha,Actual,PL4
2f15a3516a859859,2012,10,Bến Tre,Provincial,Cultivation,Lạc,,Area_Planted,404.0,ha,Actual,PL4
89ff562509060e68,2012,10,Bến Tre,Provincial,Cultivation,Mía,,Area_Planted,5033.0,ha,Actual,PL4
1a3bff8b164aa26d,2012,10,Bến Tre,Provincial,Cultivation,Lúa,,Area_Planted,6040.0,ha,Actual,PL4
6ee0285d934ec0aa,2012,10,Trà Vinh,Provincial,Cultivation,Lúa,,Area_Planted,12646.0,ha,Actual,PL4
48e4b191312bb4e5,2012,10,Trà Vinh,Provincial,Cultivation,Lạc,,Area_Planted,4098.0,ha,Actual,PL4
2d17849c9b4b6efd,2012,10,Trà Vinh,Provincial,Cultivation,Mía,,Area_Planted,6791.0,ha,Actual,PL4
6ee0285d934ec0aa,2012,10,Trà Vinh,Provincial,Cultivation,Lúa,,Area_Planted,1757.0,ha,Actual,PL4
6ee0285d934ec0aa,2012,10,Trà Vinh,Provincial,Cultivation,Lúa,,Area_Planted,27130.0,ha,Actual,PL4
6ee0285d934ec0aa,2012,10,Trà Vinh,Provincial,Cultivation,Lúa,,Area_Planted,736.0,ha,Actual,PL4
03b66e5449b3e698,2012,10,Vĩnh Long,Provincial,Cultivation,Lúa,,Area_Planted,906.0,ha,Actual,PL4
a22ff6ef1e472c7c,2012,10,Vĩnh Long,Provincial,Cultivation,Đậu tương,,Area_Planted,620.0,ha,Actual,PL4
269892fdaa7488fa,2012,10,Vĩnh Long,Provincial,Cultivation,Lạc,,Area_Planted,29.0,ha,Actual,PL4
03b66e5449b3e698,2012,10,Vĩnh Long,Provincial,Cultivation,Lúa,,Area_Planted,140.0,ha,Actual,PL4
4ea29ff8f535b35f,2012,10,Vĩnh Long,Provincial,Cultivation,Mía,,Area_Planted,118.0,ha,Actual,PL4
03b66e5449b3e698,2012,10,Vĩnh Long,Provincial,Cultivation,Lúa,,Area_Planted,22908.0,ha,Actual,PL4
03b66e5449b3e698,2012,10,Vĩnh Long,Provincial,Cultivation,Lúa,,Area_Planted,387.0,ha,Actual,PL4
0824ec4dc19f8c51,2012,10,Đồng Tháp,Provincial,Cultivation,Lúa,,Area_Planted,6195.0,ha,Actual,PL4
74f33dfeab58cf0f,2012,10,Đồng Tháp,Provincial,Cultivation,Đậu tương,,Area_Planted,1672.0,ha,Actual,PL4
0c360cd3812af296,2012,10,Đồng Tháp,Provincial,Cultivation,Lạc,,Area_Planted,170.0,ha,Actual,PL4
0824ec4dc19f8c51,2012,10,Đồng Tháp,Provincial,Cultivation,Lúa,,Area_Planted,4068.0,ha,Actual,PL4
b91b89689d788651,2012,10,Đồng Tháp,Provincial,Cultivation,Mía,,Area_Planted,110.0,ha,Actual,PL4
0824ec4dc19f8c51,2012,10,Đồng Tháp,Provincial,Cultivation,Lúa,,Area_Planted,175.0,ha,Actual,PL4
0824ec4dc19f8c51,2012,10,Đồng Tháp,Provincial,Cultivation,Lúa,,Area_Planted,10760.0,ha,Actual,PL4
0824ec4dc19f8c51,2012,10,Đồng Tháp,Provincial,Cultivation,Lúa,,Area_Planted,422.0,ha,Actual,PL4
c2d8932d19149af8,2012,10,An Giang,Provincial,Cultivation,Lúa,,Area_Planted,2530.0,ha,Actual,PL4
dc8b82561d5af604,2012,10,An Giang,Provincial,Cultivation,Đậu tương,,Area_Planted,260.0,ha,Actual,PL4
091c01752e700fc3,2012,10,An Giang,Provincial,Cultivation,Lạc,,Area_Planted,897.0,ha,Actual,PL4
c2d8932d19149af8,2012,10,An Giang,Provincial,Cultivation,Lúa,,Area_Planted,1297.0,ha,Actual,PL4
b81fae4ae8e57779,2012,10,An Giang,Provincial,Cultivation,Thuốc lá,,Area_Planted,34.0,ha,Actual,PL4
a979e435f5d19fa7,2012,10,An Giang,Provincial,Cultivation,Mía,,Area_Planted,42.0,ha,Actual,PL4
c2d8932d19149af8,2012,10,An Giang,Provincial,Cultivation,Lúa,,Area_Planted,37141.0,ha,Actual,PL4
c2d8932d19149af8,2012,10,An Giang,Provincial,Cultivation,Lúa,,Area_Planted,2785.0,ha,Actual,PL4
4573c6251c7e7ee7,2012,10,Kiên Giang,Provincial,Cultivation,Lúa,,Area_Planted,4309.0,ha,Actual,PL4
c100843709069332,2012,10,Kiên Giang,Provincial,Cultivation,Mía,,Area_Planted,4309.0,ha,Actual,PL4
4573c6251c7e7ee7,2012,10,Kiên Giang,Provincial,Cultivation,Lúa,,Area_Planted,4059.0,ha,Actual,PL4
4573c6251c7e7ee7,2012,10,Kiên Giang,Provincial,Cultivation,Lúa,,Area_Planted,725.0,ha,Actual,PL4
5e5014970fe47084,2012,10,Cần Thơ,Provincial,Cultivation,Lúa,,Area_Planted,4322.0,ha,Actual,PL4
527844088bbbdb43,2012,10,Cần Thơ,Provincial,Cultivation,Đậu tương,,Area_Planted,73.0,ha,Actual,PL4
913c9d1fd1fa5c4a,2012,10,Cần Thơ,Provincial,Cultivation,Lạc,,Area_Planted,48.0,ha,Actual,PL4
5e5014970fe47084,2012,10,Cần Thơ,Provincial,Cultivation,Lúa,,Area_Planted,4201.0,ha,Actual,PL4
5e5014970fe47084,2012,10,Cần Thơ,Provincial,Cultivation,Lúa,,Area_Planted,9156.0,ha,Actual,PL4
5e5014970fe47084,2012,10,Cần Thơ,Provincial,Cultivation,Lúa,,Area_Planted,779.0,ha,Actual,PL4
dc425da7775a7be8,2012,10,Hậu Giang,Provincial,Cultivation,Lúa,,Area_Planted,14282.0,ha,Actual,PL4
e88e3e75cda9a264,2012,10,Hậu Giang,Provincial,Cultivation,Mía,,Area_Planted,14282.0,ha,Actual,PL4
dc425da7775a7be8,2012,10,Hậu Giang,Provincial,Cultivation,Lúa,,Area_Planted,19980.0,ha,Actual,PL4
dc425da7775a7be8,2012,10,Hậu Giang,Provincial,Cultivation,Lúa,,Area_Planted,593.0,ha,Actual,PL4
ce7b97a29d2bff0f,2012,10,Sóc Trăng,Provincial,Cultivation,Lúa,,Area_Planted,13899.0,ha,Actual,PL4
8b8af0b7cf20c35e,2012,10,Sóc Trăng,Provincial,Cultivation,Đậu tương,,Area_Planted,291.0,ha,Actual,PL4
5e33f9b913835e2c,2012,10,Sóc Trăng,Provincial,Cultivation,Lạc,,Area_Planted,134.0,ha,Actual,PL4
edfd64cc176e1565,2012,10,Sóc Trăng,Provincial,Cultivation,Mía,,Area_Planted,13474.0,ha,Actual,PL4
ce7b97a29d2bff0f,2012,10,Sóc Trăng,Provincial,Cultivation,Lúa,,Area_Planted,39649.0,ha,Actual,PL4
ce7b97a29d2bff0f,2012,10,Sóc Trăng,Provincial,Cultivation,Lúa,,Area_Planted,3132.0,ha,Actual,PL4
19299752740b3699,2012,10,Bạc Liêu,Provincial,Cultivation,Lúa,,Area_Planted,10600.0,ha,Actual,PL4
3d93fd4483aae710,2012,10,Cà Mau,Provincial,Cultivation,Lúa,,Area_Planted,2022.0,ha,Actual,PL4
cf1d11c32ba29d0e,2012,10,Cà Mau,Provincial,Cultivation,Mía,,Area_Planted,2022.0,ha,Actual,PL4
3d93fd4483aae710,2012,10,Cà Mau,Provincial,Cultivation,Lúa,,Area_Planted,4922.0,ha,Actual,PL4
3d93fd4483aae710,2012,10,Cà Mau,Provincial,Cultivation,Lúa,,Area_Planted,791.0,ha,Actual,PL4
b746739759272f2c,2012,10,Cả nước,National,Forestry,Rừng,,Area,969.0,1000_ha,Estimated,PL6
931f10a1f6839dde,2012,10,Cả nước,National,Forestry,Rừng,,Area,1497.0,1000_ha,Plan,PL6
b746739759272f2c,2012,10,Cả nước,National,Forestry,Rừng,,Area,717.0,1000_ha,Estimated,PL6
931f10a1f6839dde,2012,10,Cả nước,National,Forestry,Rừng,,Area,186.0,1000_ha,Plan,PL6
b746739759272f2c,2012,10,Cả nước,National,Forestry,Rừng,,Area,1005.0,1000_ha,Estimated,PL6
931f10a1f6839dde,2012,10,Cả nước,National,Forestry,Rừng,,Area,1311.0,1000_ha,Plan,PL6
b746739759272f2c,2012,10,Cả nước,National,Forestry,Rừng,,Area,1318.0,1000_ha,Estimated,PL6
931f10a1f6839dde,2012,10,Cả nước,National,Forestry,Rừng,,Area,3192.0,1000_ha,Plan,PL6
b746739759272f2c,2012,10,Cả nước,National,Forestry,Rừng,,Area,1003.0,1000_ha,Estimated,PL6
931f10a1f6839dde,2012,10,Cả nước,National,Forestry,Rừng,,Area,1705.0,1000_ha,Plan,PL6
b746739759272f2c,2012,10,Cả nước,National,Forestry,Rừng,,Area,1001.0,1000_ha,Estimated,PL6
931f10a1f6839dde,2012,10,Cả nước,National,Forestry,Rừng,,Area,6980.0,1000_ha,Plan,PL6
b746739759272f2c,2012,10,Cả nước,National,Forestry,Rừng,,Area,1160.0,1000_ha,Estimated,PL6
931f10a1f6839dde,2012,10,Cả nước,National,Forestry,Rừng,,Area,23337.0,1000_ha,Plan,PL6
b746739759272f2c,2012,10,Cả nước,National,Forestry,Rừng,,Area,1113.0,1000_ha,Estimated,PL6
931f10a1f6839dde,2012,10,Cả nước,National,Forestry,Rừng,,Area,35300.0,1000_ha,Plan,PL6
4c69d32728e34a42,2012,1,Cả nước,National,Trade,0,Xuất khẩu,Export_Volume,3.0,1000_ton,Actual,PL8
c8abe3d6400b2bf2,2012,1,Cả nước,National,Trade,0,Xuất khẩu,Export_Value,4.0,million_USD,Actual,PL8
b0c66c16aebcd741,2012,1,Cả nước,National,Trade,I,Xuất khẩu,Export_Volume,45929.0,1000_ton,Actual,PL8
6232964843d3ea55,2012,1,Cả nước,National,Trade,I,Xuất khẩu,Export_Value,4319.0,million_USD,Actual,PL8
c5c9b9984fb5b50c,2012,1,Cả nước,National,Trade,1,Xuất khẩu,Export_Volume,2134.0,1000_ton,Actual,PL8
22fbd2193b7a8eeb,2012,1,Cả nước,National,Trade,1,Xuất khẩu,Export_Value,1991.0,million_USD,Actual,PL8
4b1d511df68290b2,2012,1,Cả nước,National,Trade,1.1,Xuất khẩu,Export_Volume,1974.0,1000_ton,Actual,PL8
b2dd89277b4c3b04,2012,1,Cả nước,National,Trade,1.1,Xuất khẩu,Export_Value,1865.0,million_USD,Actual,PL8
3d4297a5a5fb6d26,2012,1,Cả nước,National,Trade,1.2,Xuất khẩu,Export_Volume,160.0,1000_ton,Actual,PL8
776e98f5ea9cef4c,2012,1,Cả nước,National,Trade,1.2,Xuất khẩu,Export_Value,126.0,million_USD,Actual,PL8
ab27cef591a69fcd,2012,1,Cả nước,National,Trade,2,Xuất khẩu,Export_Volume,2459.0,1000_ton,Actual,PL8
4e870957eb43ec2c,2012,1,Cả nước,National,Trade,2,Xuất khẩu,Export_Value,2328.0,million_USD,Actual,PL8
eaccd87bfb26414c,2012,10,Cả nước,National,Investment,268,,Investment_Amount,704.0,million_VND,Plan,PL9a
22873872e4d87bcf,2012,10,Cả nước,National,Investment,268,,Investment_Amount,227.0,million_VND,Cumulative,PL9a
975806225022d3cb,2012,10,Cả nước,National,Investment,237,,Investment_Amount,817.0,million_VND,Plan,PL9a
954aa7df509ca39e,2012,10,Cả nước,National,Investment,237,,Investment_Amount,297.0,million_VND,Cumulative,PL9a
e410e10e7706cb37,2012,10,Cả nước,National,Investment,744,,Investment_Amount,249.0,million_VND,Plan,PL9a
96e49e4d8f3807d8,2012,10,Cả nước,National,Investment,744,,Investment_Amount,1294.0,million_VND,Cumulative,PL9a
57d17ea03cb681bc,2012,10,Cả nước,National,Investment,382,,Investment_Amount,551.0,million_VND,Plan,PL9a
55bb7f001a8f4720,2012,10,Cả nước,National,Investment,382,,Investment_Amount,278.0,million_VND,Cumulative,PL9a
c89e2cdcf58d7001,2012,10,Cả nước,National,Investment,664,,Investment_Amount,382.0,million_VND,Plan,PL9a
0d0751c2b547d3e9,2012,10,Cả nước,National,Investment,664,,Investment_Amount,1037.0,million_VND,Cumulative,PL9a
152530e47c84f071,2012,10,Cả nước,National,Investment,NGA,,Investment_Amount,3684.0,million_VND,Plan,PL9b
8cdaef9fd22efe7f,2012,10,Cả nước,National,Investment,NGA,,Investment_Amount,17599.0,million_VND,Cumulative,PL9b
26405aefe5646f5e,2012,10,Cả nước,National,Investment,"Sản phẩm mây, tre, cói vàthảm",,Investment_Amount,154726.0,million_VND,Cumulative,PL9b
e81a34b18f73c233,2012,10,Cả nước,National,Investment,HOA KỲ,,Investment_Amount,28455.0,million_VND,Cumulative,PL9b
3f274ee8bd0a8cdb,2012,10,Cả nước,National,Investment,NHẬT BẢN,,Investment_Amount,25985.0,million_VND,Cumulative,PL9b
56467c08b25786bf,2012,10,Cả nước,National,Investment,ĐỨC,,Investment_Amount,20379.0,million_VND,Cumulative,PL9b
ac7461ae6b606b50,2012,10,Cả nước,National,Investment,Ô X TRÂY LIA,,Investment_Amount,7408.0,million_VND,Cumulative,PL9b
8cdaef9fd22efe7f,2012,10,Cả nước,National,Investment,NGA,,Investment_Amount,6376.0,million_VND,Cumulative,PL9b
6a6e19935543271e,2012,10,Cả nước,National,Investment,PHÁP,,Investment_Amount,5209.0,million_VND,Cumulative,PL9b
85bd9b1a8d547c9d,2012,10,Cả nước,National,Investment,ĐÀI LOAN,,Investment_Amount,5153.0,million_VND,Cumulative,PL9b
7e01c9df394e0b63,2012,10,Cả nước,National,Investment,ANH,,Investment_Amount,5151.0,million_VND,Cumulative,PL9b
a5e61194bc1f9bf0,2012,10,Cả nước,National,Investment,HÀN QUỐC,,Investment_Amount,4641.0,million_VND,Cumulative,PL9b
7b7d4ff2b487eb28,2012,10,Cả nước,National,Investment,TÂY BAN NHA,,Investment_Amount,3745.0,million_VND,Cumulative,PL9b
cd8c87344b5038a5,2012,10,Cả nước,National,Investment,Sắn và các sản phẩm từ sắn,,Investment_Amount,2107514.0,million_VND,Plan,PL9b
21617ef99bf94214,2012,10,Cả nước,National,Investment,Sắn và các sản phẩm từ sắn,,Investment_Amount,1058131.0,million_VND,Cumulative,PL9b
af3d19a4602ff097,2012,10,Cả nước,National,Investment,TRUNG QUỐC,,Investment_Amount,1970395.0,million_VND,Plan,PL9b
b28a6efbddf1100b,2012,10,Cả nước,National,Investment,TRUNG QUỐC,,Investment_Amount,925784.0,million_VND,Cumulative,PL9b
d92e6511f545f65e,2012,10,Cả nước,National,Investment,HÀN QUỐC,,Investment_Amount,29382.0,million_VND,Plan,PL9b
a5e61194bc1f9bf0,2012,10,Cả nước,National,Investment,HÀN QUỐC,,Investment_Amount,33739.0,million_VND,Cumulative,PL9b
689d411cf5ab6c0b,2012,10,Cả nước,National,Investment,ĐÀI LOAN,,Investment_Amount,31839.0,million_VND,Plan,PL9b
85bd9b1a8d547c9d,2012,10,Cả nước,National,Investment,ĐÀI LOAN,,Investment_Amount,25632.0,million_VND,Cumulative,PL9b
2d6a140688736a51,2012,10,Cả nước,National,Investment,PHI LIP PIN,,Investment_Amount,11610.0,million_VND,Plan,PL9b
e84b48fb54c6c7f0,2012,10,Cả nước,National,Investment,PHI LIP PIN,,Investment_Amount,15142.0,million_VND,Cumulative,PL9b
0ccef25514dc0f63,2012,10,Cả nước,National,Investment,MALAIXIA,,Investment_Amount,3048.0,million_VND,Plan,PL9b
8ff0c7e19e6b05ec,2012,10,Cả nước,National,Investment,MALAIXIA,,Investment_Amount,9099.0,million_VND,Cumulative,PL9b
6796efb4f0386616,2012,10,Cả nước,National,Investment,NHẬT BẢN,,Investment_Amount,8592.0,million_VND,Plan,PL9b
3f274ee8bd0a8cdb,2012,10,Cả nước,National,Investment,NHẬT BẢN,,Investment_Amount,3453.0,million_VND,Cumulative,PL9b
152530e47c84f071,2012,10,Cả nước,National,Investment,NGA,,Investment_Amount,1375.0,million_VND,Plan,PL9b
8cdaef9fd22efe7f,2012,10,Cả nước,National,Investment,NGA,,Investment_Amount,171.0,million_VND,Cumulative,PL9b
b8339829c807bc94,2012,10,Cả nước,National,Investment,Hàng rau quả,,Investment_Amount,242736.0,million_VND,Cumulative,PL9c
92994d18508e4919,2012,10,Cả nước,National,Investment,Hàng thuỷ sản,,Investment_Amount,493531.0,million_VND,Cumulative,PL9c
20427cf4908f49ad,2012,10,Cả nước,National,Investment,Muối,,Investment_Amount,12065.0,million_VND,Cumulative,PL9c
2805ac11f7f68905,2012,10,Cả nước,National,Investment,Ngô,,Investment_Amount,715470.0,million_VND,Plan,PL9c
e51f7494569faf02,2012,10,Cả nước,National,Investment,Ngô,,Investment_Amount,395744.0,million_VND,Cumulative,PL9c
1fb5bd6eba6475fd,2011,11,1. Thu hoạch lúa mùa cả nước,Provincial,Cultivation,Unknown,,Area_Planted,13613.0,1000_ha,Actual,PL1
9ccfddbf5215ad99,2012,11,1. Thu hoạch lúa mùa cả nước,Provincial,Cultivation,Unknown,,Area_Planted,14779.0,1000_ha,Actual,PL1
c23a26df33bd578d,2011,11,-  Miền Nam,Provincial,Cultivation,Unknown,,Area_Planted,2966.0,1000_ha,Actual,PL1
90ce9d52e67dce4e,2012,11,-  Miền Nam,Provincial,Cultivation,Unknown,,Area_Planted,3377.0,1000_ha,Actual,PL1
c875133488c80e8b,2011,11,2. Gieo cấy lúa đông xuân ở miền Nam,Provincial,Cultivation,Lúa,Đông Xuân,Area_Planted,3764.0,1000_ha,Actual,PL1
7b025f5739a87ecd,2012,11,2. Gieo cấy lúa đông xuân ở miền Nam,Provincial,Cultivation,Lúa,Đông Xuân,Area_Planted,4087.0,1000_ha,Actual,PL1
05183c911c7221f7,2011,11,3. Gieo trồng cây vụ đông ở miền Bắc,Provincial,Cultivation,Unknown,,Area_Planted,3214.0,1000_ha,Actual,PL1
d665c5be4136c2c2,2012,11,3. Gieo trồng cây vụ đông ở miền Bắc,Provincial,Cultivation,Unknown,,Area_Planted,3573.0,1000_ha,Actual,PL1
79d37f80b76283ba,2011,11,- Khoai lang,Provincial,Cultivation,Khoai lang,,Area_Planted,392.0,1000_ha,Actual,PL1
7fb7ee244a13e7ae,2012,11,- Khoai lang,Provincial,Cultivation,Khoai lang,,Area_Planted,435.0,1000_ha,Actual,PL1
0928876a00e5796d,2011,11,- Đậu tương,Provincial,Cultivation,Đậu tương,,Area_Planted,596.0,1000_ha,Actual,PL1
4fff81beeb8e7694,2012,11,- Đậu tương,Provincial,Cultivation,Đậu tương,,Area_Planted,453.0,1000_ha,Actual,PL1
0889b1d6b942fae1,2011,11,"- Rau, đậu các loại",Provincial,Cultivation,Rau đậu,,Area_Planted,1011.0,1000_ha,Actual,PL1
e7cd8845cffd45e9,2012,11,"- Rau, đậu các loại",Provincial,Cultivation,Rau đậu,,Area_Planted,1302.0,1000_ha,Actual,PL1
ea9ca002fee24bba,2011,11,- Khoai tây,Provincial,Cultivation,Unknown,,Area_Planted,104.0,1000_ha,Actual,PL1
6edc48fe5e832bfa,2012,11,- Khoai tây,Provincial,Cultivation,Unknown,,Area_Planted,32.0,1000_ha,Actual,PL1
c9577213a72b6b69,2012,11,HOA KỲ,International,Trade,Bông các loại,Xuất khẩu,Export_Volume,96746.0,ton,Actual,PL11
cd36c6f86a1b3798,2012,11,HOA KỲ,International,Trade,Bông các loại,Xuất khẩu,Export_Value,214931.0,1000_USD,Actual,PL11
99954ada64ca563c,2012,11,BRAXIN,International,Trade,Bông các loại,Xuất khẩu,Export_Volume,47042.0,ton,Actual,PL11
0c76a7b581b80ab4,2012,11,BRAXIN,International,Trade,Bông các loại,Xuất khẩu,Export_Value,115988.0,1000_USD,Actual,PL11
07aad20bab02de3f,2012,11,ẤN ĐỘ,International,Trade,Bông các loại,Xuất khẩu,Export_Volume,47120.0,ton,Actual,PL11
83f2e70b05a88acd,2012,11,ẤN ĐỘ,International,Trade,Bông các loại,Xuất khẩu,Export_Value,93303.0,1000_USD,Actual,PL11
252a88965376d572,2012,11,PAKIXTAN,International,Trade,Bông các loại,Xuất khẩu,Export_Volume,46182.0,ton,Actual,PL11
cebbc3fb0f1a6480,2012,11,PAKIXTAN,International,Trade,Bông các loại,Xuất khẩu,Export_Value,92057.0,1000_USD,Actual,PL11
d3b68a80a238d992,2012,11,Ô X TRÂY LIA,International,Trade,Bông các loại,Xuất khẩu,Export_Volume,21382.0,ton,Actual,PL11
468b03312e4a70b0,2012,11,Ô X TRÂY LIA,International,Trade,Bông các loại,Xuất khẩu,Export_Value,46629.0,1000_USD,Actual,PL11
394887a0cd3f7be6,2012,11,BỜ BIỂN NGÀ,International,Trade,Bông các loại,Xuất khẩu,Export_Volume,14428.0,ton,Actual,PL11
b4cfe816bb02e94f,2012,11,BỜ BIỂN NGÀ,International,Trade,Bông các loại,Xuất khẩu,Export_Value,30147.0,1000_USD,Actual,PL11
548943a4c8de01ca,2012,11,ACHENTINA,International,Trade,Bông các loại,Xuất khẩu,Export_Volume,2710.0,ton,Actual,PL11
6bc3ec9449e83ee5,2012,11,ACHENTINA,International,Trade,Bông các loại,Xuất khẩu,Export_Value,4889.0,1000_USD,Actual,PL11
7078301192848309,2012,11,ĐÀI LOAN,International,Trade,Bông các loại,Xuất khẩu,Export_Volume,2218.0,ton,Actual,PL11
0f3b3efd9b23e023,2012,11,ĐÀI LOAN,International,Trade,Bông các loại,Xuất khẩu,Export_Value,4057.0,1000_USD,Actual,PL11
e7d952983ed242dc,2012,11,TRUNG QUỐC,International,Trade,Bông các loại,Xuất khẩu,Export_Volume,611.0,ton,Actual,PL11
dccdc49264f1d5e1,2012,11,TRUNG QUỐC,International,Trade,Bông các loại,Xuất khẩu,Export_Value,2303.0,1000_USD,Actual,PL11
d600c3c3dc29e3c7,2012,11,HÀN QUỐC,International,Trade,Bông các loại,Xuất khẩu,Export_Volume,771.0,ton,Actual,PL11
6a9f01219aa9c66f,2012,11,HÀN QUỐC,International,Trade,Bông các loại,Xuất khẩu,Export_Value,1901.0,1000_USD,Actual,PL11
20d12483f0e5a74c,2012,11,HÀN QUỐC,International,Trade,Cao su,Xuất khẩu,Export_Volume,47609.0,ton,Actual,PL11
6783a657e4522b52,2012,11,HÀN QUỐC,International,Trade,Cao su,Xuất khẩu,Export_Value,155228.0,1000_USD,Actual,PL11
c064e0b086930ab7,2012,11,CAMPUCHIA,International,Trade,Cao su,Xuất khẩu,Export_Volume,43946.0,ton,Actual,PL11
a9831691493d1110,2012,11,CAMPUCHIA,International,Trade,Cao su,Xuất khẩu,Export_Value,132514.0,1000_USD,Actual,PL11
54d5a7099a3be355,2012,11,ĐÀI LOAN,International,Trade,Cao su,Xuất khẩu,Export_Volume,25336.0,ton,Actual,PL11
689d88c76b25b03c,2012,11,ĐÀI LOAN,International,Trade,Cao su,Xuất khẩu,Export_Value,71327.0,1000_USD,Actual,PL11
cabb0038233b6d47,2012,11,NHẬT BẢN,International,Trade,Cao su,Xuất khẩu,Export_Volume,20457.0,ton,Actual,PL11
bbc1b650856fd518,2012,11,NHẬT BẢN,International,Trade,Cao su,Xuất khẩu,Export_Value,71221.0,1000_USD,Actual,PL11
60cd412acfcd004f,2012,11,THÁI LAN,International,Trade,Cao su,Xuất khẩu,Export_Volume,18974.0,ton,Actual,PL11
1bd8b263ebcaac2c,2012,11,THÁI LAN,International,Trade,Cao su,Xuất khẩu,Export_Value,54153.0,1000_USD,Actual,PL11
2bd120446c9ecca8,2012,11,TRUNG QUỐC,International,Trade,Cao su,Xuất khẩu,Export_Volume,12041.0,ton,Actual,PL11
52861643b760d041,2012,11,TRUNG QUỐC,International,Trade,Cao su,Xuất khẩu,Export_Value,31726.0,1000_USD,Actual,PL11
f1e03928ebfd6550,2012,11,NGA,International,Trade,Cao su,Xuất khẩu,Export_Volume,6579.0,ton,Actual,PL11
9d6cec2ea7a77aef,2012,11,NGA,International,Trade,Cao su,Xuất khẩu,Export_Value,24438.0,1000_USD,Actual,PL11
b1afac028e3d82ca,2012,11,MI AN MA,International,Trade,Cao su,Xuất khẩu,Export_Volume,6952.0,ton,Actual,PL11
b905d8d094be2bef,2012,11,MI AN MA,International,Trade,Cao su,Xuất khẩu,Export_Value,23753.0,1000_USD,Actual,PL11
b35cc3137a2134a2,2012,11,HOA KỲ,International,Trade,Cao su,Xuất khẩu,Export_Volume,19332.0,ton,Actual,PL11
940627bd8cc8dfe9,2012,11,HOA KỲ,International,Trade,Cao su,Xuất khẩu,Export_Value,17592.0,1000_USD,Actual,PL11
6ddc887d8de3519b,2012,11,PHÁP,International,Trade,Cao su,Xuất khẩu,Export_Volume,3833.0,ton,Actual,PL11
c5cba7efed5b6bc8,2012,11,PHÁP,International,Trade,Cao su,Xuất khẩu,Export_Value,11149.0,1000_USD,Actual,PL11
16e6af00b2195b7f,2012,11,MALAIXIA,International,Trade,Dầu mỡ động thực vật,Xuất khẩu,Export_Value,427136.0,1000_USD,Actual,PL11
fb6d7888f2e6e9c3,2012,11,IN ĐÔ NÊ XI A,International,Trade,Dầu mỡ động thực vật,Xuất khẩu,Export_Value,131767.0,1000_USD,Actual,PL11
ddd07a85c8b08f3f,2012,11,ACHENTINA,International,Trade,Dầu mỡ động thực vật,Xuất khẩu,Export_Value,12640.0,1000_USD,Actual,PL11
51f33f491e3086eb,2012,11,CHI LÊ,International,Trade,Dầu mỡ động thực vật,Xuất khẩu,Export_Value,7532.0,1000_USD,Actual,PL11
d7ff02df2e629773,2012,11,THÁI LAN,International,Trade,Dầu mỡ động thực vật,Xuất khẩu,Export_Value,7311.0,1000_USD,Actual,PL11
f9dd951e9718d669,2012,11,HOA KỲ,International,Trade,Dầu mỡ động thực vật,Xuất khẩu,Export_Value,6826.0,1000_USD,Actual,PL11
a47d50ceacbfea0d,2012,11,TRUNG QUỐC,International,Trade,Dầu mỡ động thực vật,Xuất khẩu,Export_Value,5049.0,1000_USD,Actual,PL11
8292db42c908a97c,2012,11,HÀN QUỐC,International,Trade,Dầu mỡ động thực vật,Xuất khẩu,Export_Value,4201.0,1000_USD,Actual,PL11
ae412e624a6fe72b,2012,11,ẤN ĐỘ,International,Trade,Dầu mỡ động thực vật,Xuất khẩu,Export_Value,3507.0,1000_USD,Actual,PL11
daa552db95361b48,2012,11,Ô X TRÂY LIA,International,Trade,Dầu mỡ động thực vật,Xuất khẩu,Export_Value,2089.0,1000_USD,Actual,PL11
79466d56a4279702,2012,11,Ô X TRÂY LIA,International,Trade,Lúa mì,Xuất khẩu,Export_Volume,1958470.0,ton,Actual,PL11
17a30b94db29c8b6,2012,11,Ô X TRÂY LIA,International,Trade,Lúa mì,Xuất khẩu,Export_Value,595474.0,1000_USD,Actual,PL11
3461e058ab75f509,2012,11,HOA KỲ,International,Trade,Lúa mì,Xuất khẩu,Export_Volume,109056.0,ton,Actual,PL11
d3188f853f05ab6e,2012,11,HOA KỲ,International,Trade,Lúa mì,Xuất khẩu,Export_Value,41508.0,1000_USD,Actual,PL11
6383959d09da6e7c,2012,11,CA NA ĐA,International,Trade,Lúa mì,Xuất khẩu,Export_Volume,23145.0,ton,Actual,PL11
3d8a816f3dc4c144,2012,11,CA NA ĐA,International,Trade,Lúa mì,Xuất khẩu,Export_Value,10323.0,1000_USD,Actual,PL11
405e6991116d623c,2012,11,NGA,International,Trade,Lúa mì,Xuất khẩu,Export_Volume,12025.0,ton,Actual,PL11
c891704451e998db,2012,11,NGA,International,Trade,Lúa mì,Xuất khẩu,Export_Value,4729.0,1000_USD,Actual,PL11
0d45a77fc1abc2de,2012,11,UCRAINA,International,Trade,Lúa mì,Xuất khẩu,Export_Volume,3771.0,ton,Actual,PL11
4c4c78622726e058,2012,11,UCRAINA,International,Trade,Lúa mì,Xuất khẩu,Export_Value,1009.0,1000_USD,Actual,PL11
4c436ec5c892474b,2012,11,THỔ NHĨ KỲ,International,Trade,Lúa mì,Xuất khẩu,Export_Volume,562.0,ton,Actual,PL11
9bc2ed2d3c6fdf51,2012,11,THỔ NHĨ KỲ,International,Trade,Lúa mì,Xuất khẩu,Export_Value,200.0,1000_USD,Actual,PL11
8d67e9cb84cccb87,2012,11,LÀO,International,Trade,Gỗ & sản phẩm gỗ,Xuất khẩu,Export_Value,261354.0,1000_USD,Actual,PL11
bd35ff78e8b48c7a,2012,11,HOA KỲ,International,Trade,Gỗ & sản phẩm gỗ,Xuất khẩu,Export_Value,167285.0,1000_USD,Actual,PL11
e42ee8051dca75ff,2012,11,TRUNG QUỐC,International,Trade,Gỗ & sản phẩm gỗ,Xuất khẩu,Export_Value,165237.0,1000_USD,Actual,PL11
4fedc7d01f35a6d1,2012,11,THÁI LAN,International,Trade,Gỗ & sản phẩm gỗ,Xuất khẩu,Export_Value,73206.0,1000_USD,Actual,PL11
24a3e9ce8a5e1bde,2012,11,MALAIXIA,International,Trade,Gỗ & sản phẩm gỗ,Xuất khẩu,Export_Value,71149.0,1000_USD,Actual,PL11
bc5d003676d67f02,2012,11,NIU ZI LÂN,International,Trade,Gỗ & sản phẩm gỗ,Xuất khẩu,Export_Value,54313.0,1000_USD,Actual,PL11
974a6bc7d5b1c67c,2012,11,MI AN MA,International,Trade,Gỗ & sản phẩm gỗ,Xuất khẩu,Export_Value,43854.0,1000_USD,Actual,PL11
e4951480b7da6e22,2012,11,CHI LÊ,International,Trade,Gỗ & sản phẩm gỗ,Xuất khẩu,Export_Value,27312.0,1000_USD,Actual,PL11
46822676ba418515,2012,11,CAMPUCHIA,International,Trade,Gỗ & sản phẩm gỗ,Xuất khẩu,Export_Value,222810.0,1000_USD,Actual,PL11
608ed31f0d81e817,2012,11,IN ĐÔ NÊ XI A,International,Trade,Gỗ & sản phẩm gỗ,Xuất khẩu,Export_Value,22167.0,1000_USD,Actual,PL11
f95f07480a8daaf2,2012,11,VỐN NGÂN SÁCH NHÀ NƯỚC,International,Trade,TỔNG CỘNG : ( = A + B ),Nhập khẩu,Import_Volume,2350000.0,ton,Actual,PL12
6ed0c252badf7a78,2012,11,VỐN NGÂN SÁCH NHÀ NƯỚC,International,Trade,TỔNG CỘNG : ( = A + B ),Nhập khẩu,Import_Value,4300500.0,1000_USD,Actual,PL12
56bdb387589c9318,2012,11,Vốn thực hiện dự án,International,Trade,TỔNG CỘNG : ( = A + B ),Nhập khẩu,Import_Volume,2350000.0,ton,Actual,PL12
9ccec794e22e91f8,2012,11,Vốn thực hiện dự án,International,Trade,TỔNG CỘNG : ( = A + B ),Nhập khẩu,Import_Value,3959000.0,1000_USD,Actual,PL12
425a0674d8d5ca64,2012,11,Thủy lợi,International,Trade,TỔNG CỘNG : ( = A + B ),Nhập khẩu,Import_Volume,1350000.0,ton,Actual,PL12
916b589cf58b645a,2012,11,Thủy lợi,International,Trade,TỔNG CỘNG : ( = A + B ),Nhập khẩu,Import_Value,2100000.0,1000_USD,Actual,PL12
4588ff2ff1d27d5f,2012,11,Nông nghiệp,International,Trade,TỔNG CỘNG : ( = A + B ),Nhập khẩu,Import_Volume,750000.0,ton,Actual,PL12
ef9f785d32607738,2012,11,Nông nghiệp,International,Trade,TỔNG CỘNG : ( = A + B ),Nhập khẩu,Import_Value,1200000.0,1000_USD,Actual,PL12
92fc73d6eb8f4d71,2012,11,Lâm nghiệp,International,Trade,TỔNG CỘNG : ( = A + B ),Nhập khẩu,Import_Volume,250000.0,ton,Actual,PL12
4e09303f574dfe0b,2012,11,Lâm nghiệp,International,Trade,TỔNG CỘNG : ( = A + B ),Nhập khẩu,Import_Value,275000.0,1000_USD,Actual,PL12
380dd2f889f844f5,2012,11,Thủy sản,International,Trade,TỔNG CỘNG : ( = A + B ),Nhập khẩu,Import_Value,40000.0,1000_USD,Actual,PL12
01fa96c9cf1942de,2012,11,Giáo dục - Đào tạo,International,Trade,TỔNG CỘNG : ( = A + B ),Nhập khẩu,Import_Value,125000.0,1000_USD,Actual,PL12
e5a253ee8a82f3ae,2012,11,Khoa học - Công nghệ,International,Trade,TỔNG CỘNG : ( = A + B ),Nhập khẩu,Import_Value,65000.0,1000_USD,Actual,PL12
8a5aa5ec89eaf4e7,2012,11,Chương trình trọng điểm phát triểnvà ứng dụng công nghệ sinh học,International,Trade,TỔNG CỘNG : ( = A + B ),Nhập khẩu,Import_Value,11000.0,1000_USD,Actual,PL12
58037d03a1c82286,2012,11,Đầu tư khác,International,Trade,TỔNG CỘNG : ( = A + B ),Nhập khẩu,Import_Value,143000.0,1000_USD,Actual,PL12
abdb317245a07eb9,2012,11,Vốn đầu tư theo các mục tiêunhiệm vụ cụ thể,International,Trade,TỔNG CỘNG : ( = A + B ),Nhập khẩu,Import_Value,241000.0,1000_USD,Actual,PL12
c7fc6a49a2adbb45,2012,11,Chương trình nuôi trồng thủy sản,International,Trade,TỔNG CỘNG : ( = A + B ),Nhập khẩu,Import_Value,95000.0,1000_USD,Actual,PL12
4fe8d66f48273e0a,2012,11,Chương trình giống,International,Trade,TỔNG CỘNG : ( = A + B ),Nhập khẩu,Import_Value,60000.0,1000_USD,Actual,PL12
59369eab8dd48557,2012,11,"Chương trình neo đậu, tránh trúbão",International,Trade,TỔNG CỘNG : ( = A + B ),Nhập khẩu,Import_Value,70000.0,1000_USD,Actual,PL12
ce8a1e0365a46ccf,2012,11,"Chương trình phát triển, bảo vệrừng",International,Trade,TỔNG CỘNG : ( = A + B ),Nhập khẩu,Import_Value,15000.0,1000_USD,Actual,PL12
fccc807f403cb989,2012,11,"Chương trình Biển Đông, Hải đảo",International,Trade,TỔNG CỘNG : ( = A + B ),Nhập khẩu,Import_Value,1000.0,1000_USD,Actual,PL12
a49fa17b23e8dcd6,2012,11,Chương trình nông thôn mới,International,Trade,TỔNG CỘNG : ( = A + B ),Nhập khẩu,Import_Value,1000.0,1000_USD,Actual,PL12
c33f49730fd3b283,2012,11,Vốn chuẩn bị đầu tư,International,Trade,TỔNG CỘNG : ( = A + B ),Nhập khẩu,Import_Value,21000.0,1000_USD,Actual,PL12
25c07b4cdd8d0682,2012,11,Bổ sung dự trữ Quốc gia,International,Trade,TỔNG CỘNG : ( = A + B ),Nhập khẩu,Import_Value,78500.0,1000_USD,Actual,PL12
1234ce20b6a6eec2,2012,11,VỐN TP CHÍNH PHỦ,International,Trade,TỔNG CỘNG : ( = A + B ),Nhập khẩu,Import_Value,3000000.0,1000_USD,Actual,PL12
c805e84abc7f28c1,2012,11,Miền Bắc,Provincial,Cultivation,Lúa,,Area_Planted,1177476.0,ha,Actual,PL2
c805e84abc7f28c1,2012,11,Miền Bắc,Provincial,Cultivation,Lúa,,Area_Planted,1140165.0,ha,Actual,PL2
e4f1ae049efc5e73,2012,11,Miền Bắc,Provincial,Cultivation,Lúa,,Harvest_percent,968.0,percent,Actual,PL2
c805e84abc7f28c1,2012,11,Miền Bắc,Provincial,Cultivation,Lúa,,Area_Planted,357255.0,ha,Actual,PL2
76665ec6d9bf8f3b,2012,11,Miền Bắc,Provincial,Cultivation,Ngô,,Area_Planted,125544.0,ha,Actual,PL2
c805e84abc7f28c1,2012,11,Miền Bắc,Provincial,Cultivation,Lúa,,Area_Planted,43525.0,ha,Actual,PL2
c805e84abc7f28c1,2012,11,Miền Bắc,Provincial,Cultivation,Lúa,,Area_Planted,3243.0,ha,Actual,PL2
196381bfe5f6517a,2012,11,Miền Bắc,Provincial,Cultivation,Đậu,,Area_Planted,45281.0,ha,Actual,PL2
e5befdb727eb076d,2012,11,Miền Bắc,Provincial,Cultivation,Rau,,Area_Planted,130234.0,ha,Actual,PL2
8e91848b6afe807d,2012,11,ĐB sông Hồng,Provincial,Cultivation,Lúa,,Area_Planted,572211.0,ha,Actual,PL2
8e91848b6afe807d,2012,11,ĐB sông Hồng,Provincial,Cultivation,Lúa,,Area_Planted,563650.0,ha,Actual,PL2
a91ad0b00f78e2fd,2012,11,ĐB sông Hồng,Provincial,Cultivation,Lúa,,Harvest_percent,985.0,percent,Actual,PL2
8e91848b6afe807d,2012,11,ĐB sông Hồng,Provincial,Cultivation,Lúa,,Area_Planted,173743.0,ha,Actual,PL2
fb56262ebffaa535,2012,11,ĐB sông Hồng,Provincial,Cultivation,Ngô,,Area_Planted,44787.0,ha,Actual,PL2
8e91848b6afe807d,2012,11,ĐB sông Hồng,Provincial,Cultivation,Lúa,,Area_Planted,12543.0,ha,Actual,PL2
8e91848b6afe807d,2012,11,ĐB sông Hồng,Provincial,Cultivation,Lúa,,Area_Planted,2448.0,ha,Actual,PL2
a9cd90b7452660c0,2012,11,ĐB sông Hồng,Provincial,Cultivation,Đậu,,Area_Planted,35368.0,ha,Actual,PL2
4f364fba4b35a2b3,2012,11,ĐB sông Hồng,Provincial,Cultivation,Rau,,Area_Planted,73752.0,ha,Actual,PL2
644d13d33086e33b,2012,11,Hà Nội,Provincial,Cultivation,Lúa,,Area_Planted,98450.0,ha,Actual,PL2
644d13d33086e33b,2012,11,Hà Nội,Provincial,Cultivation,Lúa,,Area_Planted,98450.0,ha,Actual,PL2
985478d67e032a2f,2012,11,Hà Nội,Provincial,Cultivation,Lúa,,Harvest_percent,1000.0,percent,Actual,PL2
644d13d33086e33b,2012,11,Hà Nội,Provincial,Cultivation,Lúa,,Area_Planted,46828.0,ha,Actual,PL2
940573c35f77d49e,2012,11,Hà Nội,Provincial,Cultivation,Ngô,,Area_Planted,9940.0,ha,Actual,PL2
644d13d33086e33b,2012,11,Hà Nội,Provincial,Cultivation,Lúa,,Area_Planted,3300.0,ha,Actual,PL2
644d13d33086e33b,2012,11,Hà Nội,Provincial,Cultivation,Lúa,,Area_Planted,282.0,ha,Actual,PL2
969e93cadff17680,2012,11,Hà Nội,Provincial,Cultivation,Đậu,,Area_Planted,19130.0,ha,Actual,PL2
8eb2505ce9bfa7f9,2012,11,Hà Nội,Provincial,Cultivation,Rau,,Area_Planted,13000.0,ha,Actual,PL2
c621be578e4966cb,2012,11,Hải Phòng,Provincial,Cultivation,Lúa,,Area_Planted,40679.0,ha,Actual,PL2
c621be578e4966cb,2012,11,Hải Phòng,Provincial,Cultivation,Lúa,,Area_Planted,40679.0,ha,Actual,PL2
dbfb21638943fdd1,2012,11,Hải Phòng,Provincial,Cultivation,Lúa,,Harvest_percent,1000.0,percent,Actual,PL2
c621be578e4966cb,2012,11,Hải Phòng,Provincial,Cultivation,Lúa,,Area_Planted,3477.0,ha,Actual,PL2
392d1427c926f939,2012,11,Hải Phòng,Provincial,Cultivation,Ngô,,Area_Planted,1325.0,ha,Actual,PL2
c621be578e4966cb,2012,11,Hải Phòng,Provincial,Cultivation,Lúa,,Area_Planted,830.0,ha,Actual,PL2
545286ee5bd97bb8,2012,11,Hải Phòng,Provincial,Cultivation,Rau,,Area_Planted,1322.0,ha,Actual,PL2
d65f3a3350f10857,2012,11,Vĩnh Phúc,Provincial,Cultivation,Lúa,,Area_Planted,28215.0,ha,Actual,PL2
d65f3a3350f10857,2012,11,Vĩnh Phúc,Provincial,Cultivation,Lúa,,Area_Planted,28215.0,ha,Actual,PL2
7b7d1bb5b3ee3026,2012,11,Vĩnh Phúc,Provincial,Cultivation,Lúa,,Harvest_percent,1000.0,percent,Actual,PL2
d65f3a3350f10857,2012,11,Vĩnh Phúc,Provincial,Cultivation,Lúa,,Area_Planted,19121.0,ha,Actual,PL2
09ada1178312870d,2012,11,Vĩnh Phúc,Provincial,Cultivation,Ngô,,Area_Planted,11302.0,ha,Actual,PL2
d65f3a3350f10857,2012,11,Vĩnh Phúc,Provincial,Cultivation,Lúa,,Area_Planted,1676.0,ha,Actual,PL2
1700c4971d549a98,2012,11,Vĩnh Phúc,Provincial,Cultivation,Đậu,,Area_Planted,2446.0,ha,Actual,PL2
5c1f70823a477c64,2012,11,Vĩnh Phúc,Provincial,Cultivation,Rau,,Area_Planted,3336.0,ha,Actual,PL2
7db9f92b403017a5,2012,11,Bắc Ninh,Provincial,Cultivation,Lúa,,Area_Planted,36683.0,ha,Actual,PL2
7db9f92b403017a5,2012,11,Bắc Ninh,Provincial,Cultivation,Lúa,,Area_Planted,35430.0,ha,Actual,PL2
7a23bff5fdca8d56,2012,11,Bắc Ninh,Provincial,Cultivation,Lúa,,Harvest_percent,966.0,percent,Actual,PL2
7db9f92b403017a5,2012,11,Bắc Ninh,Provincial,Cultivation,Lúa,,Area_Planted,7789.0,ha,Actual,PL2
a488bb793a6f0b8f,2012,11,Bắc Ninh,Provincial,Cultivation,Ngô,,Area_Planted,2127.0,ha,Actual,PL2
7db9f92b403017a5,2012,11,Bắc Ninh,Provincial,Cultivation,Lúa,,Area_Planted,429.0,ha,Actual,PL2
7db9f92b403017a5,2012,11,Bắc Ninh,Provincial,Cultivation,Lúa,,Area_Planted,1101.0,ha,Actual,PL2
74d3252d34e9e554,2012,11,Bắc Ninh,Provincial,Cultivation,Đậu,,Area_Planted,612.0,ha,Actual,PL2
69f21c166ccba470,2012,11,Bắc Ninh,Provincial,Cultivation,Rau,,Area_Planted,3485.0,ha,Actual,PL2
dd553a4c037f775c,2012,11,Hải Dương,Provincial,Cultivation,Lúa,,Area_Planted,62987.0,ha,Actual,PL2
dd553a4c037f775c,2012,11,Hải Dương,Provincial,Cultivation,Lúa,,Area_Planted,62987.0,ha,Actual,PL2
695c65172c415cc1,2012,11,Hải Dương,Provincial,Cultivation,Lúa,,Harvest_percent,1000.0,percent,Actual,PL2
dd553a4c037f775c,2012,11,Hải Dương,Provincial,Cultivation,Lúa,,Area_Planted,24390.0,ha,Actual,PL2
a016d5ba2ae10261,2012,11,Hải Dương,Provincial,Cultivation,Ngô,,Area_Planted,2126.0,ha,Actual,PL2
dd553a4c037f775c,2012,11,Hải Dương,Provincial,Cultivation,Lúa,,Area_Planted,1000.0,ha,Actual,PL2
bce3d5343cb1f109,2012,11,Hải Dương,Provincial,Cultivation,Đậu,,Area_Planted,639.0,ha,Actual,PL2
2794acb4d2e9bb0b,2012,11,Hải Dương,Provincial,Cultivation,Rau,,Area_Planted,19325.0,ha,Actual,PL2
2b1d0bd03420e35d,2012,11,Hưng Yên,Provincial,Cultivation,Lúa,,Area_Planted,41114.0,ha,Actual,PL2
2b1d0bd03420e35d,2012,11,Hưng Yên,Provincial,Cultivation,Lúa,,Area_Planted,41114.0,ha,Actual,PL2
051c28eff93a016f,2012,11,Hưng Yên,Provincial,Cultivation,Lúa,,Harvest_percent,1000.0,percent,Actual,PL2
2b1d0bd03420e35d,2012,11,Hưng Yên,Provincial,Cultivation,Lúa,,Area_Planted,10512.0,ha,Actual,PL2
bcea77bb0fa9e41c,2012,11,Hưng Yên,Provincial,Cultivation,Ngô,,Area_Planted,4417.0,ha,Actual,PL2
2b1d0bd03420e35d,2012,11,Hưng Yên,Provincial,Cultivation,Lúa,,Area_Planted,572.0,ha,Actual,PL2
7a953706d5d87397,2012,11,Hưng Yên,Provincial,Cultivation,Đậu,,Area_Planted,1327.0,ha,Actual,PL2
df2a24f57b6bfecd,2012,11,Hưng Yên,Provincial,Cultivation,Rau,,Area_Planted,4091.0,ha,Actual,PL2
1981eaaa0b2b06ff,2012,11,Hà Nam,Provincial,Cultivation,Lúa,,Area_Planted,35000.0,ha,Actual,PL2
1981eaaa0b2b06ff,2012,11,Hà Nam,Provincial,Cultivation,Lúa,,Area_Planted,34352.0,ha,Actual,PL2
57e4af0dbb660d44,2012,11,Hà Nam,Provincial,Cultivation,Lúa,,Harvest_percent,981.0,percent,Actual,PL2
1981eaaa0b2b06ff,2012,11,Hà Nam,Provincial,Cultivation,Lúa,,Area_Planted,14818.0,ha,Actual,PL2
7c1ba77aa7783949,2012,11,Hà Nam,Provincial,Cultivation,Ngô,,Area_Planted,3677.0,ha,Actual,PL2
1981eaaa0b2b06ff,2012,11,Hà Nam,Provincial,Cultivation,Lúa,,Area_Planted,462.0,ha,Actual,PL2
1981eaaa0b2b06ff,2012,11,Hà Nam,Provincial,Cultivation,Lúa,,Area_Planted,53.0,ha,Actual,PL2
9f37f65e42f38211,2012,11,Hà Nam,Provincial,Cultivation,Đậu,,Area_Planted,5318.0,ha,Actual,PL2
362482227a878a2e,2012,11,Hà Nam,Provincial,Cultivation,Rau,,Area_Planted,4767.0,ha,Actual,PL2
2f67929ebbe064f7,2012,11,Nam Định,Provincial,Cultivation,Lúa,,Area_Planted,79634.0,ha,Actual,PL2
2f67929ebbe064f7,2012,11,Nam Định,Provincial,Cultivation,Lúa,,Area_Planted,79014.0,ha,Actual,PL2
ab13df5fa8125bae,2012,11,Nam Định,Provincial,Cultivation,Lúa,,Harvest_percent,992.0,percent,Actual,PL2
2f67929ebbe064f7,2012,11,Nam Định,Provincial,Cultivation,Lúa,,Area_Planted,10674.0,ha,Actual,PL2
7b61677fb3d9836b,2012,11,Nam Định,Provincial,Cultivation,Ngô,,Area_Planted,1981.0,ha,Actual,PL2
2f67929ebbe064f7,2012,11,Nam Định,Provincial,Cultivation,Lúa,,Area_Planted,920.0,ha,Actual,PL2
fc4d5345d1558c72,2012,11,Nam Định,Provincial,Cultivation,Đậu,,Area_Planted,192.0,ha,Actual,PL2
0072a2ca062e84ef,2012,11,Nam Định,Provincial,Cultivation,Rau,,Area_Planted,7302.0,ha,Actual,PL2
e89ef00ce4cf7dbb,2012,11,Thái Bình,Provincial,Cultivation,Lúa,,Area_Planted,82239.0,ha,Actual,PL2
e89ef00ce4cf7dbb,2012,11,Thái Bình,Provincial,Cultivation,Lúa,,Area_Planted,81689.0,ha,Actual,PL2
d2a1487700adc774,2012,11,Thái Bình,Provincial,Cultivation,Lúa,,Harvest_percent,993.0,percent,Actual,PL2
e89ef00ce4cf7dbb,2012,11,Thái Bình,Provincial,Cultivation,Lúa,,Area_Planted,18448.0,ha,Actual,PL2
bfc3b520da34aa70,2012,11,Thái Bình,Provincial,Cultivation,Ngô,,Area_Planted,3706.0,ha,Actual,PL2
e89ef00ce4cf7dbb,2012,11,Thái Bình,Provincial,Cultivation,Lúa,,Area_Planted,1685.0,ha,Actual,PL2
22b60f2daccb3127,2012,11,Thái Bình,Provincial,Cultivation,Đậu,,Area_Planted,2852.0,ha,Actual,PL2
88ea7596f64ac44c,2012,11,Thái Bình,Provincial,Cultivation,Rau,,Area_Planted,10205.0,ha,Actual,PL2
8898d1c1e8a14dca,2012,11,Ninh Bình,Provincial,Cultivation,Lúa,,Area_Planted,39330.0,ha,Actual,PL2
8898d1c1e8a14dca,2012,11,Ninh Bình,Provincial,Cultivation,Lúa,,Area_Planted,33839.0,ha,Actual,PL2
c166c5ed94aeaa7b,2012,11,Ninh Bình,Provincial,Cultivation,Lúa,,Harvest_percent,860.0,percent,Actual,PL2
8898d1c1e8a14dca,2012,11,Ninh Bình,Provincial,Cultivation,Lúa,,Area_Planted,12019.0,ha,Actual,PL2
f56a9cbd1a44df6a,2012,11,Ninh Bình,Provincial,Cultivation,Ngô,,Area_Planted,2706.0,ha,Actual,PL2
8898d1c1e8a14dca,2012,11,Ninh Bình,Provincial,Cultivation,Lúa,,Area_Planted,1576.0,ha,Actual,PL2
8898d1c1e8a14dca,2012,11,Ninh Bình,Provincial,Cultivation,Lúa,,Area_Planted,52.0,ha,Actual,PL2
dd799eeb4fe98dfc,2012,11,Ninh Bình,Provincial,Cultivation,Đậu,,Area_Planted,2845.0,ha,Actual,PL2
dca290bd25ab7baf,2012,11,Ninh Bình,Provincial,Cultivation,Rau,,Area_Planted,4122.0,ha,Actual,PL2
19f427e5faefc8d5,2012,11,Quảng Ninh,Provincial,Cultivation,Lúa,,Area_Planted,27881.0,ha,Actual,PL2
19f427e5faefc8d5,2012,11,Quảng Ninh,Provincial,Cultivation,Lúa,,Area_Planted,27881.0,ha,Actual,PL2
5ee668344aa72d2b,2012,11,Quảng Ninh,Provincial,Cultivation,Lúa,,Harvest_percent,1000.0,percent,Actual,PL2
19f427e5faefc8d5,2012,11,Quảng Ninh,Provincial,Cultivation,Lúa,,Area_Planted,5667.0,ha,Actual,PL2
ffb84a936db287bf,2012,11,Quảng Ninh,Provincial,Cultivation,Ngô,,Area_Planted,1480.0,ha,Actual,PL2
19f427e5faefc8d5,2012,11,Quảng Ninh,Provincial,Cultivation,Lúa,,Area_Planted,1013.0,ha,Actual,PL2
19f427e5faefc8d5,2012,11,Quảng Ninh,Provincial,Cultivation,Lúa,,Area_Planted,40.0,ha,Actual,PL2
a18877d511fa1640,2012,11,Quảng Ninh,Provincial,Cultivation,Đậu,,Area_Planted,7.0,ha,Actual,PL2
427dc8bcc4b4be68,2012,11,Quảng Ninh,Provincial,Cultivation,Rau,,Area_Planted,2797.0,ha,Actual,PL2
905550959ca6aa6d,2012,11,TD và MN,Provincial,Cultivation,Lúa,,Area_Planted,427119.0,ha,Actual,PL2
905550959ca6aa6d,2012,11,TD và MN,Provincial,Cultivation,Lúa,,Area_Planted,398369.0,ha,Actual,PL2
321e29aaed66ab15,2012,11,TD và MN,Provincial,Cultivation,Lúa,,Harvest_percent,933.0,percent,Actual,PL2
905550959ca6aa6d,2012,11,TD và MN,Provincial,Cultivation,Lúa,,Area_Planted,76349.0,ha,Actual,PL2
3cd9dde8143e9447,2012,11,TD và MN,Provincial,Cultivation,Ngô,,Area_Planted,32682.0,ha,Actual,PL2
905550959ca6aa6d,2012,11,TD và MN,Provincial,Cultivation,Lúa,,Area_Planted,16142.0,ha,Actual,PL2
905550959ca6aa6d,2012,11,TD và MN,Provincial,Cultivation,Lúa,,Area_Planted,795.0,ha,Actual,PL2
1aaa9171ed7d41cf,2012,11,TD và MN,Provincial,Cultivation,Đậu,,Area_Planted,1522.0,ha,Actual,PL2
21e91ff94ac0465b,2012,11,TD và MN,Provincial,Cultivation,Rau,,Area_Planted,23501.0,ha,Actual,PL2
228ad2143c325cf9,2012,11,Hà Giang,Provincial,Cultivation,Lúa,,Area_Planted,26507.0,ha,Actual,PL2
228ad2143c325cf9,2012,11,Hà Giang,Provincial,Cultivation,Lúa,,Area_Planted,26506.0,ha,Actual,PL2
edfe4f542bb2e28d,2012,11,Hà Giang,Provincial,Cultivation,Lúa,,Harvest_percent,1000.0,percent,Actual,PL2
228ad2143c325cf9,2012,11,Hà Giang,Provincial,Cultivation,Lúa,,Area_Planted,1277.0,ha,Actual,PL2
1b5439cc780959b4,2012,11,Hà Giang,Provincial,Cultivation,Ngô,,Area_Planted,763.0,ha,Actual,PL2
228ad2143c325cf9,2012,11,Hà Giang,Provincial,Cultivation,Lúa,,Area_Planted,514.0,ha,Actual,PL2
a5bf774416aca07d,2012,11,Cao Bằng,Provincial,Cultivation,Lúa,,Area_Planted,26544.0,ha,Actual,PL2
a5bf774416aca07d,2012,11,Cao Bằng,Provincial,Cultivation,Lúa,,Area_Planted,21486.0,ha,Actual,PL2
6baa1f877e7814aa,2012,11,Cao Bằng,Provincial,Cultivation,Lúa,,Harvest_percent,809.0,percent,Actual,PL2
a5bf774416aca07d,2012,11,Cao Bằng,Provincial,Cultivation,Lúa,,Area_Planted,941.0,ha,Actual,PL2
a5bf774416aca07d,2012,11,Cao Bằng,Provincial,Cultivation,Lúa,,Area_Planted,375.0,ha,Actual,PL2
a5bf774416aca07d,2012,11,Cao Bằng,Provincial,Cultivation,Lúa,,Area_Planted,27.0,ha,Actual,PL2
903b075586b68636,2012,11,Cao Bằng,Provincial,Cultivation,Rau,,Area_Planted,540.0,ha,Actual,PL2
e75430d10d1a927c,2012,11,Lào Cai,Provincial,Cultivation,Lúa,,Area_Planted,20024.0,ha,Actual,PL2
e75430d10d1a927c,2012,11,Lào Cai,Provincial,Cultivation,Lúa,,Area_Planted,20024.0,ha,Actual,PL2
ced986a20bd9c7cc,2012,11,Lào Cai,Provincial,Cultivation,Lúa,,Harvest_percent,1000.0,percent,Actual,PL2
e75430d10d1a927c,2012,11,Lào Cai,Provincial,Cultivation,Lúa,,Area_Planted,3297.0,ha,Actual,PL2
7a6adc959993cbba,2012,11,Lào Cai,Provincial,Cultivation,Ngô,,Area_Planted,488.0,ha,Actual,PL2
e75430d10d1a927c,2012,11,Lào Cai,Provincial,Cultivation,Lúa,,Area_Planted,349.0,ha,Actual,PL2
e75430d10d1a927c,2012,11,Lào Cai,Provincial,Cultivation,Lúa,,Area_Planted,738.0,ha,Actual,PL2
4f1af905b7a0bac5,2012,11,Lào Cai,Provincial,Cultivation,Rau,,Area_Planted,1713.0,ha,Actual,PL2
5d6bece9405719c7,2012,11,Bắc Cạn,Provincial,Cultivation,Lúa,,Area_Planted,14189.0,ha,Actual,PL2
5d6bece9405719c7,2012,11,Bắc Cạn,Provincial,Cultivation,Lúa,,Area_Planted,12344.0,ha,Actual,PL2
050668f929e86639,2012,11,Bắc Cạn,Provincial,Cultivation,Lúa,,Harvest_percent,870.0,percent,Actual,PL2
5d6bece9405719c7,2012,11,Bắc Cạn,Provincial,Cultivation,Lúa,,Area_Planted,2189.0,ha,Actual,PL2
177f3d965911935e,2012,11,Bắc Cạn,Provincial,Cultivation,Ngô,,Area_Planted,594.0,ha,Actual,PL2
2dbe5be494e1cdd5,2012,11,Bắc Cạn,Provincial,Cultivation,Rau,,Area_Planted,1595.0,ha,Actual,PL2
013bb314e9668da9,2012,11,Lạng Sơn,Provincial,Cultivation,Lúa,,Area_Planted,34150.0,ha,Actual,PL2
013bb314e9668da9,2012,11,Lạng Sơn,Provincial,Cultivation,Lúa,,Area_Planted,22720.0,ha,Actual,PL2
c71e1f6aa0909ac5,2012,11,Lạng Sơn,Provincial,Cultivation,Lúa,,Harvest_percent,665.0,percent,Actual,PL2
013bb314e9668da9,2012,11,Lạng Sơn,Provincial,Cultivation,Lúa,,Area_Planted,1341.0,ha,Actual,PL2
013bb314e9668da9,2012,11,Lạng Sơn,Provincial,Cultivation,Lúa,,Area_Planted,694.0,ha,Actual,PL2
2d64d38bc4f939f9,2012,11,Lạng Sơn,Provincial,Cultivation,Đậu,,Area_Planted,647.0,ha,Actual,PL2
4a3aac38e0760436,2012,11,Tuyên Quang,Provincial,Cultivation,Lúa,,Area_Planted,25521.0,ha,Actual,PL2
4a3aac38e0760436,2012,11,Tuyên Quang,Provincial,Cultivation,Lúa,,Area_Planted,25521.0,ha,Actual,PL2
10e6e5506825d7ca,2012,11,Tuyên Quang,Provincial,Cultivation,Lúa,,Harvest_percent,1000.0,percent,Actual,PL2
4a3aac38e0760436,2012,11,Tuyên Quang,Provincial,Cultivation,Lúa,,Area_Planted,9419.0,ha,Actual,PL2
4b26985836b7ca87,2012,11,Tuyên Quang,Provincial,Cultivation,Ngô,,Area_Planted,5962.0,ha,Actual,PL2
4a3aac38e0760436,2012,11,Tuyên Quang,Provincial,Cultivation,Lúa,,Area_Planted,3111.0,ha,Actual,PL2
9dd0327292860764,2012,11,Tuyên Quang,Provincial,Cultivation,Đậu,,Area_Planted,347.0,ha,Actual,PL2
e472676bcb211f8c,2012,11,Yên Bái,Provincial,Cultivation,Lúa,,Area_Planted,20687.0,ha,Actual,PL2
e472676bcb211f8c,2012,11,Yên Bái,Provincial,Cultivation,Lúa,,Area_Planted,20687.0,ha,Actual,PL2
b1d5d4cfc574286b,2012,11,Yên Bái,Provincial,Cultivation,Lúa,,Harvest_percent,1000.0,percent,Actual,PL2
e472676bcb211f8c,2012,11,Yên Bái,Provincial,Cultivation,Lúa,,Area_Planted,8635.0,ha,Actual,PL2
74ec364fe69a6b1d,2012,11,Yên Bái,Provincial,Cultivation,Ngô,,Area_Planted,5190.0,ha,Actual,PL2
e472676bcb211f8c,2012,11,Yên Bái,Provincial,Cultivation,Lúa,,Area_Planted,1215.0,ha,Actual,PL2
e472676bcb211f8c,2012,11,Yên Bái,Provincial,Cultivation,Lúa,,Area_Planted,30.0,ha,Actual,PL2
71f97aa336fd7273,2012,11,Yên Bái,Provincial,Cultivation,Rau,,Area_Planted,2200.0,ha,Actual,PL2
65b5793c6c6fa226,2012,11,Thái Nguyên,Provincial,Cultivation,Lúa,,Area_Planted,41617.0,ha,Actual,PL2
65b5793c6c6fa226,2012,11,Thái Nguyên,Provincial,Cultivation,Lúa,,Area_Planted,41617.0,ha,Actual,PL2
6e3fab9e5ccc5aa2,2012,11,Thái Nguyên,Provincial,Cultivation,Lúa,,Harvest_percent,1000.0,percent,Actual,PL2
65b5793c6c6fa226,2012,11,Thái Nguyên,Provincial,Cultivation,Lúa,,Area_Planted,12969.0,ha,Actual,PL2
4da30a91195e9f17,2012,11,Thái Nguyên,Provincial,Cultivation,Ngô,,Area_Planted,5011.0,ha,Actual,PL2
65b5793c6c6fa226,2012,11,Thái Nguyên,Provincial,Cultivation,Lúa,,Area_Planted,3684.0,ha,Actual,PL2
e91e46bbfc858227,2012,11,Thái Nguyên,Provincial,Cultivation,Đậu,,Area_Planted,102.0,ha,Actual,PL2
09a2c9c31bc6b169,2012,11,Thái Nguyên,Provincial,Cultivation,Rau,,Area_Planted,4079.0,ha,Actual,PL2
15395da1e9c2a55c,2012,11,Phú Thọ,Provincial,Cultivation,Lúa,,Area_Planted,33671.0,ha,Actual,PL2
15395da1e9c2a55c,2012,11,Phú Thọ,Provincial,Cultivation,Lúa,,Area_Planted,30370.0,ha,Actual,PL2
3bd0856d9a8a4f4d,2012,11,Phú Thọ,Provincial,Cultivation,Lúa,,Harvest_percent,902.0,percent,Actual,PL2
15395da1e9c2a55c,2012,11,Phú Thọ,Provincial,Cultivation,Lúa,,Area_Planted,14731.0,ha,Actual,PL2
c296391836dbb2cc,2012,11,Phú Thọ,Provincial,Cultivation,Ngô,,Area_Planted,9448.0,ha,Actual,PL2
15395da1e9c2a55c,2012,11,Phú Thọ,Provincial,Cultivation,Lúa,,Area_Planted,1325.0,ha,Actual,PL2
6675563945dba148,2012,11,Phú Thọ,Provincial,Cultivation,Đậu,,Area_Planted,312.0,ha,Actual,PL2
523e2fafeff76d13,2012,11,Phú Thọ,Provincial,Cultivation,Rau,,Area_Planted,3562.0,ha,Actual,PL2
9a3b8d26e99d7a43,2012,11,Bắc Giang,Provincial,Cultivation,Lúa,,Area_Planted,59399.0,ha,Actual,PL2
9a3b8d26e99d7a43,2012,11,Bắc Giang,Provincial,Cultivation,Lúa,,Area_Planted,57744.0,ha,Actual,PL2
b1791b952fba6b51,2012,11,Bắc Giang,Provincial,Cultivation,Lúa,,Harvest_percent,972.0,percent,Actual,PL2
9a3b8d26e99d7a43,2012,11,Bắc Giang,Provincial,Cultivation,Lúa,,Area_Planted,15565.0,ha,Actual,PL2
32c1541f13f0f446,2012,11,Bắc Giang,Provincial,Cultivation,Ngô,,Area_Planted,3555.0,ha,Actual,PL2
9a3b8d26e99d7a43,2012,11,Bắc Giang,Provincial,Cultivation,Lúa,,Area_Planted,4078.0,ha,Actual,PL2
ce86c21cd5106b38,2012,11,Bắc Giang,Provincial,Cultivation,Rau,,Area_Planted,6413.0,ha,Actual,PL2
fdcdadc73d449677,2012,11,Lai Châu,Provincial,Cultivation,Lúa,,Area_Planted,23361.0,ha,Actual,PL2
fdcdadc73d449677,2012,11,Lai Châu,Provincial,Cultivation,Lúa,,Area_Planted,18732.0,ha,Actual,PL2
901622641d72ff6b,2012,11,Lai Châu,Provincial,Cultivation,Lúa,,Harvest_percent,802.0,percent,Actual,PL2
fdcdadc73d449677,2012,11,Lai Châu,Provincial,Cultivation,Lúa,,Area_Planted,2058.0,ha,Actual,PL2
a49ad19b0d31581e,2012,11,Lai Châu,Provincial,Cultivation,Rau,,Area_Planted,2058.0,ha,Actual,PL2
bbaf0f587b5e3e36,2012,11,Điện Biên,Provincial,Cultivation,Lúa,,Area_Planted,39735.0,ha,Actual,PL2
bbaf0f587b5e3e36,2012,11,Điện Biên,Provincial,Cultivation,Lúa,,Area_Planted,39084.0,ha,Actual,PL2
6590683e3788e7e0,2012,11,Điện Biên,Provincial,Cultivation,Lúa,,Harvest_percent,984.0,percent,Actual,PL2
bbaf0f587b5e3e36,2012,11,Điện Biên,Provincial,Cultivation,Lúa,,Area_Planted,3.0,ha,Actual,PL2
272c9c3fc20c4714,2012,11,Điện Biên,Provincial,Cultivation,Đậu,,Area_Planted,1.0,ha,Actual,PL2
866e258632a0deba,2012,11,Sơn La,Provincial,Cultivation,Lúa,,Area_Planted,37505.0,ha,Actual,PL2
866e258632a0deba,2012,11,Sơn La,Provincial,Cultivation,Lúa,,Area_Planted,37505.0,ha,Actual,PL2
a2b85cc23ab8b96a,2012,11,Sơn La,Provincial,Cultivation,Lúa,,Harvest_percent,1000.0,percent,Actual,PL2
866e258632a0deba,2012,11,Sơn La,Provincial,Cultivation,Lúa,,Area_Planted,404.0,ha,Actual,PL2
946e645b4c6867c1,2012,11,Sơn La,Provincial,Cultivation,Ngô,,Area_Planted,116.0,ha,Actual,PL2
41cbaef6ee7afa4d,2012,11,Sơn La,Provincial,Cultivation,Rau,,Area_Planted,288.0,ha,Actual,PL2
c516a65563430e46,2012,11,Hoà Bình,Provincial,Cultivation,Lúa,,Area_Planted,24209.0,ha,Actual,PL2
c516a65563430e46,2012,11,Hoà Bình,Provincial,Cultivation,Lúa,,Area_Planted,24029.0,ha,Actual,PL2
f74225d27a2e4bf4,2012,11,Hoà Bình,Provincial,Cultivation,Lúa,,Harvest_percent,993.0,percent,Actual,PL2
c516a65563430e46,2012,11,Hoà Bình,Provincial,Cultivation,Lúa,,Area_Planted,3520.0,ha,Actual,PL2
5f59737fec972914,2012,11,Hoà Bình,Provincial,Cultivation,Ngô,,Area_Planted,1556.0,ha,Actual,PL2
c516a65563430e46,2012,11,Hoà Bình,Provincial,Cultivation,Lúa,,Area_Planted,798.0,ha,Actual,PL2
ac109c35a32480dc,2012,11,Hoà Bình,Provincial,Cultivation,Đậu,,Area_Planted,113.0,ha,Actual,PL2
85689452e7f560e1,2012,11,Hoà Bình,Provincial,Cultivation,Rau,,Area_Planted,1053.0,ha,Actual,PL2
0985ac457bf66089,2012,11,Bắc Trung Bộ,Provincial,Cultivation,Lúa,,Area_Planted,178146.0,ha,Actual,PL2
0985ac457bf66089,2012,11,Bắc Trung Bộ,Provincial,Cultivation,Lúa,,Area_Planted,178146.0,ha,Actual,PL2
3255b604bb08f430,2012,11,Bắc Trung Bộ,Provincial,Cultivation,Lúa,,Harvest_percent,1000.0,percent,Actual,PL2
0985ac457bf66089,2012,11,Bắc Trung Bộ,Provincial,Cultivation,Lúa,,Area_Planted,107163.0,ha,Actual,PL2
7b99f496a1878f7f,2012,11,Bắc Trung Bộ,Provincial,Cultivation,Ngô,,Area_Planted,48075.0,ha,Actual,PL2
0985ac457bf66089,2012,11,Bắc Trung Bộ,Provincial,Cultivation,Lúa,,Area_Planted,14839.0,ha,Actual,PL2
0985ac457bf66089,2012,11,Bắc Trung Bộ,Provincial,Cultivation,Lúa,,Area_Planted,0.0,ha,Actual,PL2
08f5455834ccbc78,2012,11,Bắc Trung Bộ,Provincial,Cultivation,Đậu,,Area_Planted,8391.0,ha,Actual,PL2
10c90e318e260f6b,2012,11,Bắc Trung Bộ,Provincial,Cultivation,Rau,,Area_Planted,32981.0,ha,Actual,PL2
6bd96b96b6d4f793,2012,11,Thanh Hoá,Provincial,Cultivation,Lúa,,Area_Planted,134127.0,ha,Actual,PL2
6bd96b96b6d4f793,2012,11,Thanh Hoá,Provincial,Cultivation,Lúa,,Area_Planted,134127.0,ha,Actual,PL2
501e179163c529db,2012,11,Thanh Hoá,Provincial,Cultivation,Lúa,,Harvest_percent,1000.0,percent,Actual,PL2
6bd96b96b6d4f793,2012,11,Thanh Hoá,Provincial,Cultivation,Lúa,,Area_Planted,50329.0,ha,Actual,PL2
62ee278e71486d13,2012,11,Thanh Hoá,Provincial,Cultivation,Ngô,,Area_Planted,18302.0,ha,Actual,PL2
6bd96b96b6d4f793,2012,11,Thanh Hoá,Provincial,Cultivation,Lúa,,Area_Planted,5520.0,ha,Actual,PL2
430c9d9e88ce85a5,2012,11,Thanh Hoá,Provincial,Cultivation,Đậu,,Area_Planted,8391.0,ha,Actual,PL2
55da0331964f94d2,2012,11,Thanh Hoá,Provincial,Cultivation,Rau,,Area_Planted,16689.0,ha,Actual,PL2
0b04d98e0b623ae5,2012,11,Nghệ An,Provincial,Cultivation,Lúa,,Area_Planted,38100.0,ha,Actual,PL2
0b04d98e0b623ae5,2012,11,Nghệ An,Provincial,Cultivation,Lúa,,Area_Planted,38100.0,ha,Actual,PL2
7c3403f7ee269498,2012,11,Nghệ An,Provincial,Cultivation,Lúa,,Harvest_percent,1000.0,percent,Actual,PL2
0b04d98e0b623ae5,2012,11,Nghệ An,Provincial,Cultivation,Lúa,,Area_Planted,42438.0,ha,Actual,PL2
92a6705113e9ba6b,2012,11,Nghệ An,Provincial,Cultivation,Ngô,,Area_Planted,25405.0,ha,Actual,PL2
0b04d98e0b623ae5,2012,11,Nghệ An,Provincial,Cultivation,Lúa,,Area_Planted,5500.0,ha,Actual,PL2
168a9cf303563ff0,2012,11,Nghệ An,Provincial,Cultivation,Rau,,Area_Planted,10083.0,ha,Actual,PL2
9e8fab67e858058e,2012,11,Hà Tĩnh,Provincial,Cultivation,Lúa,,Area_Planted,3189.0,ha,Actual,PL2
9e8fab67e858058e,2012,11,Hà Tĩnh,Provincial,Cultivation,Lúa,,Area_Planted,3189.0,ha,Actual,PL2
f1d6235fd6498ab0,2012,11,Hà Tĩnh,Provincial,Cultivation,Lúa,,Harvest_percent,1000.0,percent,Actual,PL2
9e8fab67e858058e,2012,11,Hà Tĩnh,Provincial,Cultivation,Lúa,,Area_Planted,11362.0,ha,Actual,PL2
dc39f8a58d2639bd,2012,11,Hà Tĩnh,Provincial,Cultivation,Ngô,,Area_Planted,4368.0,ha,Actual,PL2
9e8fab67e858058e,2012,11,Hà Tĩnh,Provincial,Cultivation,Lúa,,Area_Planted,3819.0,ha,Actual,PL2
24a0702744f72b96,2012,11,Hà Tĩnh,Provincial,Cultivation,Rau,,Area_Planted,3175.0,ha,Actual,PL2
b9cc5809d8fb35d3,2012,11,Quảng Bình,Provincial,Cultivation,Lúa,,Area_Planted,530.0,ha,Actual,PL2
b9cc5809d8fb35d3,2012,11,Quảng Bình,Provincial,Cultivation,Lúa,,Area_Planted,530.0,ha,Actual,PL2
debe752d6493ee32,2012,11,Quảng Bình,Provincial,Cultivation,Lúa,,Harvest_percent,1000.0,percent,Actual,PL2
4b22a24b6631090b,2012,11,Quảng Trị,Provincial,Cultivation,Lúa,,Area_Planted,2200.0,ha,Actual,PL2
4b22a24b6631090b,2012,11,Quảng Trị,Provincial,Cultivation,Lúa,,Area_Planted,2200.0,ha,Actual,PL2
f745d0d9bad984ab,2012,11,Quảng Trị,Provincial,Cultivation,Lúa,,Harvest_percent,1000.0,percent,Actual,PL2
4b22a24b6631090b,2012,11,Quảng Trị,Provincial,Cultivation,Lúa,,Area_Planted,3034.0,ha,Actual,PL2
237566b8e1f99990,2012,11,Quảng Trị,Provincial,Cultivation,Rau,,Area_Planted,3034.0,ha,Actual,PL2
a382140f5f3aba38,2012,11,Miền Nam,Provincial,Cultivation,Lúa,,Area_Planted,775710.0,ha,Actual,PL3
a382140f5f3aba38,2012,11,Miền Nam,Provincial,Cultivation,Lúa,,Area_Planted,337692.0,ha,Actual,PL3
a382140f5f3aba38,2012,11,Miền Nam,Provincial,Cultivation,Lúa,,Area_Planted,408673.0,ha,Actual,PL3
a382140f5f3aba38,2012,11,Miền Nam,Provincial,Cultivation,Lúa,,Area_Planted,840005.0,ha,Actual,PL3
a382140f5f3aba38,2012,11,Miền Nam,Provincial,Cultivation,Lúa,,Area_Planted,425335.0,ha,Actual,PL3
a382140f5f3aba38,2012,11,Miền Nam,Provincial,Cultivation,Lúa,,Area_Planted,45984.0,ha,Actual,PL3
a382140f5f3aba38,2012,11,Miền Nam,Provincial,Cultivation,Lúa,,Area_Planted,353233.0,ha,Actual,PL3
df3fc0750dc5a41f,2012,11,D.H Nam Trung Bộ,Provincial,Cultivation,Lúa,,Area_Planted,138229.0,ha,Actual,PL3
df3fc0750dc5a41f,2012,11,D.H Nam Trung Bộ,Provincial,Cultivation,Lúa,,Area_Planted,70279.0,ha,Actual,PL3
df3fc0750dc5a41f,2012,11,D.H Nam Trung Bộ,Provincial,Cultivation,Lúa,,Area_Planted,60.0,ha,Actual,PL3
df3fc0750dc5a41f,2012,11,D.H Nam Trung Bộ,Provincial,Cultivation,Lúa,,Area_Planted,194037.0,ha,Actual,PL3
df3fc0750dc5a41f,2012,11,D.H Nam Trung Bộ,Provincial,Cultivation,Lúa,,Area_Planted,74421.0,ha,Actual,PL3
df3fc0750dc5a41f,2012,11,D.H Nam Trung Bộ,Provincial,Cultivation,Lúa,,Area_Planted,7340.0,ha,Actual,PL3
df3fc0750dc5a41f,2012,11,D.H Nam Trung Bộ,Provincial,Cultivation,Lúa,,Area_Planted,111090.0,ha,Actual,PL3
e9bf9f2b0227e685,2012,11,TP Đà Nẵng,Provincial,Cultivation,Lúa,,Area_Planted,2884.0,ha,Actual,PL3
e9bf9f2b0227e685,2012,11,TP Đà Nẵng,Provincial,Cultivation,Lúa,,Area_Planted,2884.0,ha,Actual,PL3
e9bf9f2b0227e685,2012,11,TP Đà Nẵng,Provincial,Cultivation,Lúa,,Area_Planted,964.0,ha,Actual,PL3
e9bf9f2b0227e685,2012,11,TP Đà Nẵng,Provincial,Cultivation,Lúa,,Area_Planted,545.0,ha,Actual,PL3
e9bf9f2b0227e685,2012,11,TP Đà Nẵng,Provincial,Cultivation,Lúa,,Area_Planted,313.0,ha,Actual,PL3
e9bf9f2b0227e685,2012,11,TP Đà Nẵng,Provincial,Cultivation,Lúa,,Area_Planted,106.0,ha,Actual,PL3
40f4e248887d6cf1,2012,11,Quảng Nam,Provincial,Cultivation,Lúa,,Area_Planted,45271.0,ha,Actual,PL3
40f4e248887d6cf1,2012,11,Quảng Nam,Provincial,Cultivation,Lúa,,Area_Planted,44312.0,ha,Actual,PL3
40f4e248887d6cf1,2012,11,Quảng Nam,Provincial,Cultivation,Lúa,,Area_Planted,33178.0,ha,Actual,PL3
40f4e248887d6cf1,2012,11,Quảng Nam,Provincial,Cultivation,Lúa,,Area_Planted,13349.0,ha,Actual,PL3
40f4e248887d6cf1,2012,11,Quảng Nam,Provincial,Cultivation,Lúa,,Area_Planted,5329.0,ha,Actual,PL3
40f4e248887d6cf1,2012,11,Quảng Nam,Provincial,Cultivation,Lúa,,Area_Planted,14500.0,ha,Actual,PL3
63fcf7e562b27ccf,2012,11,Quảng Ngãi,Provincial,Cultivation,Lúa,,Area_Planted,2695.0,ha,Actual,PL3
63fcf7e562b27ccf,2012,11,Quảng Ngãi,Provincial,Cultivation,Lúa,,Area_Planted,31001.0,ha,Actual,PL3
63fcf7e562b27ccf,2012,11,Quảng Ngãi,Provincial,Cultivation,Lúa,,Area_Planted,9496.0,ha,Actual,PL3
63fcf7e562b27ccf,2012,11,Quảng Ngãi,Provincial,Cultivation,Lúa,,Area_Planted,21505.0,ha,Actual,PL3
73df61a8d84e7230,2012,11,Bình Định,Provincial,Cultivation,Lúa,,Area_Planted,20631.0,ha,Actual,PL3
73df61a8d84e7230,2012,11,Bình Định,Provincial,Cultivation,Lúa,,Area_Planted,20631.0,ha,Actual,PL3
73df61a8d84e7230,2012,11,Bình Định,Provincial,Cultivation,Lúa,,Area_Planted,60.0,ha,Actual,PL3
73df61a8d84e7230,2012,11,Bình Định,Provincial,Cultivation,Lúa,,Area_Planted,22032.0,ha,Actual,PL3
73df61a8d84e7230,2012,11,Bình Định,Provincial,Cultivation,Lúa,,Area_Planted,8269.0,ha,Actual,PL3
73df61a8d84e7230,2012,11,Bình Định,Provincial,Cultivation,Lúa,,Area_Planted,24.0,ha,Actual,PL3
73df61a8d84e7230,2012,11,Bình Định,Provincial,Cultivation,Lúa,,Area_Planted,13594.0,ha,Actual,PL3
3e8110969f7804b2,2012,11,Phú Yên,Provincial,Cultivation,Lúa,,Area_Planted,6256.0,ha,Actual,PL3
3e8110969f7804b2,2012,11,Phú Yên,Provincial,Cultivation,Lúa,,Area_Planted,25828.0,ha,Actual,PL3
3e8110969f7804b2,2012,11,Phú Yên,Provincial,Cultivation,Lúa,,Area_Planted,6017.0,ha,Actual,PL3
3e8110969f7804b2,2012,11,Phú Yên,Provincial,Cultivation,Lúa,,Area_Planted,268.0,ha,Actual,PL3
3e8110969f7804b2,2012,11,Phú Yên,Provincial,Cultivation,Lúa,,Area_Planted,19146.0,ha,Actual,PL3
c2d4691df2a31980,2012,11,Khánh Hoà,Provincial,Cultivation,Lúa,,Area_Planted,7849.0,ha,Actual,PL3
c2d4691df2a31980,2012,11,Khánh Hoà,Provincial,Cultivation,Lúa,,Area_Planted,13014.0,ha,Actual,PL3
c2d4691df2a31980,2012,11,Khánh Hoà,Provincial,Cultivation,Lúa,,Area_Planted,6240.0,ha,Actual,PL3
c2d4691df2a31980,2012,11,Khánh Hoà,Provincial,Cultivation,Lúa,,Area_Planted,231.0,ha,Actual,PL3
c2d4691df2a31980,2012,11,Khánh Hoà,Provincial,Cultivation,Lúa,,Area_Planted,6318.0,ha,Actual,PL3
c63a9592e94d629d,2012,11,Ninh Thuận,Provincial,Cultivation,Lúa,,Area_Planted,12716.0,ha,Actual,PL3
c63a9592e94d629d,2012,11,Ninh Thuận,Provincial,Cultivation,Lúa,,Area_Planted,500.0,ha,Actual,PL3
c63a9592e94d629d,2012,11,Ninh Thuận,Provincial,Cultivation,Lúa,,Area_Planted,14094.0,ha,Actual,PL3
c63a9592e94d629d,2012,11,Ninh Thuận,Provincial,Cultivation,Lúa,,Area_Planted,10856.0,ha,Actual,PL3
c63a9592e94d629d,2012,11,Ninh Thuận,Provincial,Cultivation,Lúa,,Area_Planted,177.0,ha,Actual,PL3
c63a9592e94d629d,2012,11,Ninh Thuận,Provincial,Cultivation,Lúa,,Area_Planted,3061.0,ha,Actual,PL3
2d48526150e76308,2012,11,Bình Thuận,Provincial,Cultivation,Lúa,,Area_Planted,39927.0,ha,Actual,PL3
2d48526150e76308,2012,11,Bình Thuận,Provincial,Cultivation,Lúa,,Area_Planted,1952.0,ha,Actual,PL3
2d48526150e76308,2012,11,Bình Thuận,Provincial,Cultivation,Lúa,,Area_Planted,53926.0,ha,Actual,PL3
2d48526150e76308,2012,11,Bình Thuận,Provincial,Cultivation,Lúa,,Area_Planted,19649.0,ha,Actual,PL3
2d48526150e76308,2012,11,Bình Thuận,Provincial,Cultivation,Lúa,,Area_Planted,998.0,ha,Actual,PL3
2d48526150e76308,2012,11,Bình Thuận,Provincial,Cultivation,Lúa,,Area_Planted,32860.0,ha,Actual,PL3
b22eeea781579c6a,2012,11,Tây Nguyên,Provincial,Cultivation,Lúa,,Area_Planted,141022.0,ha,Actual,PL3
b22eeea781579c6a,2012,11,Tây Nguyên,Provincial,Cultivation,Lúa,,Area_Planted,128928.0,ha,Actual,PL3
b22eeea781579c6a,2012,11,Tây Nguyên,Provincial,Cultivation,Lúa,,Area_Planted,391085.0,ha,Actual,PL3
b22eeea781579c6a,2012,11,Tây Nguyên,Provincial,Cultivation,Lúa,,Area_Planted,227134.0,ha,Actual,PL3
b22eeea781579c6a,2012,11,Tây Nguyên,Provincial,Cultivation,Lúa,,Area_Planted,14103.0,ha,Actual,PL3
b22eeea781579c6a,2012,11,Tây Nguyên,Provincial,Cultivation,Lúa,,Area_Planted,149090.0,ha,Actual,PL3
5e6501ef73fefcce,2012,11,Kon Tum,Provincial,Cultivation,Lúa,,Area_Planted,16373.0,ha,Actual,PL3
5e6501ef73fefcce,2012,11,Kon Tum,Provincial,Cultivation,Lúa,,Area_Planted,12564.0,ha,Actual,PL3
5e6501ef73fefcce,2012,11,Kon Tum,Provincial,Cultivation,Lúa,,Area_Planted,46987.0,ha,Actual,PL3
5e6501ef73fefcce,2012,11,Kon Tum,Provincial,Cultivation,Lúa,,Area_Planted,7144.0,ha,Actual,PL3
5e6501ef73fefcce,2012,11,Kon Tum,Provincial,Cultivation,Lúa,,Area_Planted,136.0,ha,Actual,PL3
5e6501ef73fefcce,2012,11,Kon Tum,Provincial,Cultivation,Lúa,,Area_Planted,39707.0,ha,Actual,PL3
9442c58c86458650,2012,11,Gia Lai,Provincial,Cultivation,Lúa,,Area_Planted,47949.0,ha,Actual,PL3
9442c58c86458650,2012,11,Gia Lai,Provincial,Cultivation,Lúa,,Area_Planted,40000.0,ha,Actual,PL3
9442c58c86458650,2012,11,Gia Lai,Provincial,Cultivation,Lúa,,Area_Planted,108254.0,ha,Actual,PL3
9442c58c86458650,2012,11,Gia Lai,Provincial,Cultivation,Lúa,,Area_Planted,53610.0,ha,Actual,PL3
9442c58c86458650,2012,11,Gia Lai,Provincial,Cultivation,Lúa,,Area_Planted,2670.0,ha,Actual,PL3
9442c58c86458650,2012,11,Gia Lai,Provincial,Cultivation,Lúa,,Area_Planted,51864.0,ha,Actual,PL3
d6163eb6d2e435ea,2012,11,Đắk Lắk,Provincial,Cultivation,Lúa,,Area_Planted,53083.0,ha,Actual,PL3
d6163eb6d2e435ea,2012,11,Đắk Lắk,Provincial,Cultivation,Lúa,,Area_Planted,52720.0,ha,Actual,PL3
d6163eb6d2e435ea,2012,11,Đắk Lắk,Provincial,Cultivation,Lúa,,Area_Planted,152724.0,ha,Actual,PL3
d6163eb6d2e435ea,2012,11,Đắk Lắk,Provincial,Cultivation,Lúa,,Area_Planted,117603.0,ha,Actual,PL3
d6163eb6d2e435ea,2012,11,Đắk Lắk,Provincial,Cultivation,Lúa,,Area_Planted,3469.0,ha,Actual,PL3
d6163eb6d2e435ea,2012,11,Đắk Lắk,Provincial,Cultivation,Lúa,,Area_Planted,31004.0,ha,Actual,PL3
cd472d1d18ae8405,2012,11,Đắk Nông,Provincial,Cultivation,Lúa,,Area_Planted,7125.0,ha,Actual,PL3
cd472d1d18ae8405,2012,11,Đắk Nông,Provincial,Cultivation,Lúa,,Area_Planted,7152.0,ha,Actual,PL3
cd472d1d18ae8405,2012,11,Đắk Nông,Provincial,Cultivation,Lúa,,Area_Planted,59343.0,ha,Actual,PL3
cd472d1d18ae8405,2012,11,Đắk Nông,Provincial,Cultivation,Lúa,,Area_Planted,30956.0,ha,Actual,PL3
cd472d1d18ae8405,2012,11,Đắk Nông,Provincial,Cultivation,Lúa,,Area_Planted,5506.0,ha,Actual,PL3
cd472d1d18ae8405,2012,11,Đắk Nông,Provincial,Cultivation,Lúa,,Area_Planted,22881.0,ha,Actual,PL3
37937b58c7952c62,2012,11,Lâm Đồng,Provincial,Cultivation,Lúa,,Area_Planted,16492.0,ha,Actual,PL3
37937b58c7952c62,2012,11,Lâm Đồng,Provincial,Cultivation,Lúa,,Area_Planted,16492.0,ha,Actual,PL3
37937b58c7952c62,2012,11,Lâm Đồng,Provincial,Cultivation,Lúa,,Area_Planted,23777.0,ha,Actual,PL3
37937b58c7952c62,2012,11,Lâm Đồng,Provincial,Cultivation,Lúa,,Area_Planted,17821.0,ha,Actual,PL3
37937b58c7952c62,2012,11,Lâm Đồng,Provincial,Cultivation,Lúa,,Area_Planted,2322.0,ha,Actual,PL3
37937b58c7952c62,2012,11,Lâm Đồng,Provincial,Cultivation,Lúa,,Area_Planted,3634.0,ha,Actual,PL3
a7ad47f5b203eb37,2012,11,Đông Nam Bộ,Provincial,Cultivation,Lúa,,Area_Planted,115153.0,ha,Actual,PL3
a7ad47f5b203eb37,2012,11,Đông Nam Bộ,Provincial,Cultivation,Lúa,,Area_Planted,52604.0,ha,Actual,PL3
a7ad47f5b203eb37,2012,11,Đông Nam Bộ,Provincial,Cultivation,Lúa,,Area_Planted,81.0,ha,Actual,PL3
a7ad47f5b203eb37,2012,11,Đông Nam Bộ,Provincial,Cultivation,Lúa,,Area_Planted,171196.0,ha,Actual,PL3
a7ad47f5b203eb37,2012,11,Đông Nam Bộ,Provincial,Cultivation,Lúa,,Area_Planted,79973.0,ha,Actual,PL3
a7ad47f5b203eb37,2012,11,Đông Nam Bộ,Provincial,Cultivation,Lúa,,Area_Planted,1566.0,ha,Actual,PL3
a7ad47f5b203eb37,2012,11,Đông Nam Bộ,Provincial,Cultivation,Lúa,,Area_Planted,86965.0,ha,Actual,PL3
89928ae2faffe7a1,2012,11,Bình Phước,Provincial,Cultivation,Lúa,,Area_Planted,10988.0,ha,Actual,PL3
89928ae2faffe7a1,2012,11,Bình Phước,Provincial,Cultivation,Lúa,,Area_Planted,10984.0,ha,Actual,PL3
89928ae2faffe7a1,2012,11,Bình Phước,Provincial,Cultivation,Lúa,,Area_Planted,26270.0,ha,Actual,PL3
89928ae2faffe7a1,2012,11,Bình Phước,Provincial,Cultivation,Lúa,,Area_Planted,5534.0,ha,Actual,PL3
89928ae2faffe7a1,2012,11,Bình Phước,Provincial,Cultivation,Lúa,,Area_Planted,501.0,ha,Actual,PL3
89928ae2faffe7a1,2012,11,Bình Phước,Provincial,Cultivation,Lúa,,Area_Planted,19410.0,ha,Actual,PL3
22e91edfd8f4fd95,2012,11,Tây Ninh,Provincial,Cultivation,Lúa,,Area_Planted,57058.0,ha,Actual,PL3
22e91edfd8f4fd95,2012,11,Tây Ninh,Provincial,Cultivation,Lúa,,Area_Planted,10793.0,ha,Actual,PL3
22e91edfd8f4fd95,2012,11,Tây Ninh,Provincial,Cultivation,Lúa,,Area_Planted,50357.0,ha,Actual,PL3
22e91edfd8f4fd95,2012,11,Tây Ninh,Provincial,Cultivation,Lúa,,Area_Planted,4909.0,ha,Actual,PL3
22e91edfd8f4fd95,2012,11,Tây Ninh,Provincial,Cultivation,Lúa,,Area_Planted,518.0,ha,Actual,PL3
22e91edfd8f4fd95,2012,11,Tây Ninh,Provincial,Cultivation,Lúa,,Area_Planted,44214.0,ha,Actual,PL3
e194a37d9366733a,2012,11,Bình Dương,Provincial,Cultivation,Lúa,,Area_Planted,8.0,ha,Actual,PL3
e194a37d9366733a,2012,11,Bình Dương,Provincial,Cultivation,Lúa,,Area_Planted,3761.0,ha,Actual,PL3
e194a37d9366733a,2012,11,Bình Dương,Provincial,Cultivation,Lúa,,Area_Planted,339.0,ha,Actual,PL3
e194a37d9366733a,2012,11,Bình Dương,Provincial,Cultivation,Lúa,,Area_Planted,104.0,ha,Actual,PL3
e194a37d9366733a,2012,11,Bình Dương,Provincial,Cultivation,Lúa,,Area_Planted,2949.0,ha,Actual,PL3
1f7c638f09bef7f7,2012,11,Đồng Nai,Provincial,Cultivation,Lúa,,Area_Planted,27427.0,ha,Actual,PL3
1f7c638f09bef7f7,2012,11,Đồng Nai,Provincial,Cultivation,Lúa,,Area_Planted,27427.0,ha,Actual,PL3
1f7c638f09bef7f7,2012,11,Đồng Nai,Provincial,Cultivation,Lúa,,Area_Planted,65221.0,ha,Actual,PL3
1f7c638f09bef7f7,2012,11,Đồng Nai,Provincial,Cultivation,Lúa,,Area_Planted,51534.0,ha,Actual,PL3
1f7c638f09bef7f7,2012,11,Đồng Nai,Provincial,Cultivation,Lúa,,Area_Planted,313.0,ha,Actual,PL3
1f7c638f09bef7f7,2012,11,Đồng Nai,Provincial,Cultivation,Lúa,,Area_Planted,12672.0,ha,Actual,PL3
66e7b7eeee6964ac,2012,11,Bà Rịa-V.Tàu,Provincial,Cultivation,Lúa,,Area_Planted,10795.0,ha,Actual,PL3
66e7b7eeee6964ac,2012,11,Bà Rịa-V.Tàu,Provincial,Cultivation,Lúa,,Area_Planted,2773.0,ha,Actual,PL3
66e7b7eeee6964ac,2012,11,Bà Rịa-V.Tàu,Provincial,Cultivation,Lúa,,Area_Planted,24861.0,ha,Actual,PL3
66e7b7eeee6964ac,2012,11,Bà Rịa-V.Tàu,Provincial,Cultivation,Lúa,,Area_Planted,16930.0,ha,Actual,PL3
66e7b7eeee6964ac,2012,11,Bà Rịa-V.Tàu,Provincial,Cultivation,Lúa,,Area_Planted,130.0,ha,Actual,PL3
66e7b7eeee6964ac,2012,11,Bà Rịa-V.Tàu,Provincial,Cultivation,Lúa,,Area_Planted,7720.0,ha,Actual,PL3
368c449c162642b8,2012,11,TP Hồ Chí Minh,Provincial,Cultivation,Lúa,,Area_Planted,8885.0,ha,Actual,PL3
368c449c162642b8,2012,11,TP Hồ Chí Minh,Provincial,Cultivation,Lúa,,Area_Planted,627.0,ha,Actual,PL3
368c449c162642b8,2012,11,TP Hồ Chí Minh,Provincial,Cultivation,Lúa,,Area_Planted,73.0,ha,Actual,PL3
368c449c162642b8,2012,11,TP Hồ Chí Minh,Provincial,Cultivation,Lúa,,Area_Planted,727.0,ha,Actual,PL3
368c449c162642b8,2012,11,TP Hồ Chí Minh,Provincial,Cultivation,Lúa,,Area_Planted,727.0,ha,Actual,PL3
13bacd7c7fd48923,2012,11,ĐBS Cửu Long,Provincial,Cultivation,Lúa,,Area_Planted,381306.0,ha,Actual,PL3
13bacd7c7fd48923,2012,11,ĐBS Cửu Long,Provincial,Cultivation,Lúa,,Area_Planted,85881.0,ha,Actual,PL3
13bacd7c7fd48923,2012,11,ĐBS Cửu Long,Provincial,Cultivation,Lúa,,Area_Planted,408532.0,ha,Actual,PL3
13bacd7c7fd48923,2012,11,ĐBS Cửu Long,Provincial,Cultivation,Lúa,,Area_Planted,83687.0,ha,Actual,PL3
13bacd7c7fd48923,2012,11,ĐBS Cửu Long,Provincial,Cultivation,Lúa,,Area_Planted,43808.0,ha,Actual,PL3
13bacd7c7fd48923,2012,11,ĐBS Cửu Long,Provincial,Cultivation,Lúa,,Area_Planted,22975.0,ha,Actual,PL3
13bacd7c7fd48923,2012,11,ĐBS Cửu Long,Provincial,Cultivation,Lúa,,Area_Planted,6089.0,ha,Actual,PL3
d5db4898216f48fc,2012,11,Long An,Provincial,Cultivation,Lúa,,Area_Planted,8520.0,ha,Actual,PL3
d5db4898216f48fc,2012,11,Long An,Provincial,Cultivation,Lúa,,Area_Planted,300.0,ha,Actual,PL3
d5db4898216f48fc,2012,11,Long An,Provincial,Cultivation,Lúa,,Area_Planted,28914.0,ha,Actual,PL3
d5db4898216f48fc,2012,11,Long An,Provincial,Cultivation,Lúa,,Area_Planted,8931.0,ha,Actual,PL3
d5db4898216f48fc,2012,11,Long An,Provincial,Cultivation,Lúa,,Area_Planted,3954.0,ha,Actual,PL3
d5db4898216f48fc,2012,11,Long An,Provincial,Cultivation,Lúa,,Area_Planted,138.0,ha,Actual,PL3
d5db4898216f48fc,2012,11,Long An,Provincial,Cultivation,Lúa,,Area_Planted,1259.0,ha,Actual,PL3
0490be9889bb356e,2012,11,Tiền Giang,Provincial,Cultivation,Lúa,,Area_Planted,35200.0,ha,Actual,PL3
0490be9889bb356e,2012,11,Tiền Giang,Provincial,Cultivation,Lúa,,Area_Planted,6048.0,ha,Actual,PL3
0490be9889bb356e,2012,11,Tiền Giang,Provincial,Cultivation,Lúa,,Area_Planted,4386.0,ha,Actual,PL3
0490be9889bb356e,2012,11,Tiền Giang,Provincial,Cultivation,Lúa,,Area_Planted,301.0,ha,Actual,PL3
0490be9889bb356e,2012,11,Tiền Giang,Provincial,Cultivation,Lúa,,Area_Planted,271.0,ha,Actual,PL3
52ca3d748b758053,2012,11,Bến Tre,Provincial,Cultivation,Lúa,,Area_Planted,33142.0,ha,Actual,PL3
52ca3d748b758053,2012,11,Bến Tre,Provincial,Cultivation,Lúa,,Area_Planted,31.0,ha,Actual,PL3
52ca3d748b758053,2012,11,Bến Tre,Provincial,Cultivation,Lúa,,Area_Planted,1355.0,ha,Actual,PL3
52ca3d748b758053,2012,11,Bến Tre,Provincial,Cultivation,Lúa,,Area_Planted,985.0,ha,Actual,PL3
52ca3d748b758053,2012,11,Bến Tre,Provincial,Cultivation,Lúa,,Area_Planted,206.0,ha,Actual,PL3
52ca3d748b758053,2012,11,Bến Tre,Provincial,Cultivation,Lúa,,Area_Planted,164.0,ha,Actual,PL3
baee18de03fb8cfe,2012,11,Trà Vinh,Provincial,Cultivation,Lúa,,Area_Planted,88902.0,ha,Actual,PL3
baee18de03fb8cfe,2012,11,Trà Vinh,Provincial,Cultivation,Lúa,,Area_Planted,21091.0,ha,Actual,PL3
baee18de03fb8cfe,2012,11,Trà Vinh,Provincial,Cultivation,Lúa,,Area_Planted,1486.0,ha,Actual,PL3
baee18de03fb8cfe,2012,11,Trà Vinh,Provincial,Cultivation,Lúa,,Area_Planted,12125.0,ha,Actual,PL3
baee18de03fb8cfe,2012,11,Trà Vinh,Provincial,Cultivation,Lúa,,Area_Planted,7979.0,ha,Actual,PL3
baee18de03fb8cfe,2012,11,Trà Vinh,Provincial,Cultivation,Lúa,,Area_Planted,2338.0,ha,Actual,PL3
baee18de03fb8cfe,2012,11,Trà Vinh,Provincial,Cultivation,Lúa,,Area_Planted,1100.0,ha,Actual,PL3
9d1757c544ad0af4,2012,11,Vĩnh Long,Provincial,Cultivation,Lúa,,Area_Planted,8821.0,ha,Actual,PL3
9d1757c544ad0af4,2012,11,Vĩnh Long,Provincial,Cultivation,Lúa,,Area_Planted,14053.0,ha,Actual,PL3
9d1757c544ad0af4,2012,11,Vĩnh Long,Provincial,Cultivation,Lúa,,Area_Planted,1592.0,ha,Actual,PL3
9d1757c544ad0af4,2012,11,Vĩnh Long,Provincial,Cultivation,Lúa,,Area_Planted,11855.0,ha,Actual,PL3
9d1757c544ad0af4,2012,11,Vĩnh Long,Provincial,Cultivation,Lúa,,Area_Planted,230.0,ha,Actual,PL3
777340fe35f23380,2012,11,Đồng Tháp,Provincial,Cultivation,Lúa,,Area_Planted,106579.0,ha,Actual,PL3
777340fe35f23380,2012,11,Đồng Tháp,Provincial,Cultivation,Lúa,,Area_Planted,8540.0,ha,Actual,PL3
777340fe35f23380,2012,11,Đồng Tháp,Provincial,Cultivation,Lúa,,Area_Planted,4891.0,ha,Actual,PL3
777340fe35f23380,2012,11,Đồng Tháp,Provincial,Cultivation,Lúa,,Area_Planted,2447.0,ha,Actual,PL3
5428969907847951,2012,11,An Giang,Provincial,Cultivation,Lúa,,Area_Planted,7009.0,ha,Actual,PL3
5428969907847951,2012,11,An Giang,Provincial,Cultivation,Lúa,,Area_Planted,759.0,ha,Actual,PL3
5428969907847951,2012,11,An Giang,Provincial,Cultivation,Lúa,,Area_Planted,18445.0,ha,Actual,PL3
5428969907847951,2012,11,An Giang,Provincial,Cultivation,Lúa,,Area_Planted,14318.0,ha,Actual,PL3
5428969907847951,2012,11,An Giang,Provincial,Cultivation,Lúa,,Area_Planted,11262.0,ha,Actual,PL3
5428969907847951,2012,11,An Giang,Provincial,Cultivation,Lúa,,Area_Planted,660.0,ha,Actual,PL3
5428969907847951,2012,11,An Giang,Provincial,Cultivation,Lúa,,Area_Planted,1047.0,ha,Actual,PL3
662d322cf3fdc894,2012,11,Kiên Giang,Provincial,Cultivation,Lúa,,Area_Planted,65731.0,ha,Actual,PL3
662d322cf3fdc894,2012,11,Kiên Giang,Provincial,Cultivation,Lúa,,Area_Planted,834.0,ha,Actual,PL3
662d322cf3fdc894,2012,11,Kiên Giang,Provincial,Cultivation,Lúa,,Area_Planted,94909.0,ha,Actual,PL3
662d322cf3fdc894,2012,11,Kiên Giang,Provincial,Cultivation,Lúa,,Area_Planted,2115.0,ha,Actual,PL3
662d322cf3fdc894,2012,11,Kiên Giang,Provincial,Cultivation,Lúa,,Area_Planted,48.0,ha,Actual,PL3
662d322cf3fdc894,2012,11,Kiên Giang,Provincial,Cultivation,Lúa,,Area_Planted,1510.0,ha,Actual,PL3
662d322cf3fdc894,2012,11,Kiên Giang,Provincial,Cultivation,Lúa,,Area_Planted,557.0,ha,Actual,PL3
38543f522d76405b,2012,11,Cần Thơ,Provincial,Cultivation,Lúa,,Area_Planted,5202.0,ha,Actual,PL3
38543f522d76405b,2012,11,Cần Thơ,Provincial,Cultivation,Lúa,,Area_Planted,1928.0,ha,Actual,PL3
38543f522d76405b,2012,11,Cần Thơ,Provincial,Cultivation,Lúa,,Area_Planted,991.0,ha,Actual,PL3
38543f522d76405b,2012,11,Cần Thơ,Provincial,Cultivation,Lúa,,Area_Planted,937.0,ha,Actual,PL3
6961a8aa0b5274bb,2012,11,Hậu Giang,Provincial,Cultivation,Lúa,,Area_Planted,4333.0,ha,Actual,PL3
6961a8aa0b5274bb,2012,11,Hậu Giang,Provincial,Cultivation,Lúa,,Area_Planted,5032.0,ha,Actual,PL3
6961a8aa0b5274bb,2012,11,Hậu Giang,Provincial,Cultivation,Lúa,,Area_Planted,3814.0,ha,Actual,PL3
6961a8aa0b5274bb,2012,11,Hậu Giang,Provincial,Cultivation,Lúa,,Area_Planted,221.0,ha,Actual,PL3
fe3edc2dd48f5009,2012,11,Sóc Trăng,Provincial,Cultivation,Lúa,,Area_Planted,14630.0,ha,Actual,PL3
fe3edc2dd48f5009,2012,11,Sóc Trăng,Provincial,Cultivation,Lúa,,Area_Planted,660.0,ha,Actual,PL3
fe3edc2dd48f5009,2012,11,Sóc Trăng,Provincial,Cultivation,Lúa,,Area_Planted,96297.0,ha,Actual,PL3
fe3edc2dd48f5009,2012,11,Sóc Trăng,Provincial,Cultivation,Lúa,,Area_Planted,7889.0,ha,Actual,PL3
fe3edc2dd48f5009,2012,11,Sóc Trăng,Provincial,Cultivation,Lúa,,Area_Planted,3775.0,ha,Actual,PL3
fe3edc2dd48f5009,2012,11,Sóc Trăng,Provincial,Cultivation,Lúa,,Area_Planted,2362.0,ha,Actual,PL3
fe3edc2dd48f5009,2012,11,Sóc Trăng,Provincial,Cultivation,Lúa,,Area_Planted,851.0,ha,Actual,PL3
07314accdc48fb34,2012,11,Bạc Liêu,Provincial,Cultivation,Lúa,,Area_Planted,68299.0,ha,Actual,PL3
07314accdc48fb34,2012,11,Bạc Liêu,Provincial,Cultivation,Lúa,,Area_Planted,14700.0,ha,Actual,PL3
07314accdc48fb34,2012,11,Bạc Liêu,Provincial,Cultivation,Lúa,,Area_Planted,8315.0,ha,Actual,PL3
07314accdc48fb34,2012,11,Bạc Liêu,Provincial,Cultivation,Lúa,,Area_Planted,1353.0,ha,Actual,PL3
07314accdc48fb34,2012,11,Bạc Liêu,Provincial,Cultivation,Lúa,,Area_Planted,131.0,ha,Actual,PL3
07314accdc48fb34,2012,11,Bạc Liêu,Provincial,Cultivation,Lúa,,Area_Planted,610.0,ha,Actual,PL3
d1c4cb25149d92cd,2012,11,Cà Mau,Provincial,Cultivation,Lúa,,Area_Planted,95073.0,ha,Actual,PL3
d1c4cb25149d92cd,2012,11,Cà Mau,Provincial,Cultivation,Lúa,,Area_Planted,47537.0,ha,Actual,PL3
5dda8a5c760fd6e4,2012,11,Cả nước,National,Forestry,Rừng,,Area,872.0,1000_ha,Estimated,PL6
6f50eb496222c159,2012,11,Cả nước,National,Forestry,Rừng,,Area,2018.0,1000_ha,Plan,PL6
5dda8a5c760fd6e4,2012,11,Cả nước,National,Forestry,Rừng,,Area,848.0,1000_ha,Estimated,PL6
6f50eb496222c159,2012,11,Cả nước,National,Forestry,Rừng,,Area,186.0,1000_ha,Plan,PL6
5dda8a5c760fd6e4,2012,11,Cả nước,National,Forestry,Rừng,,Area,874.0,1000_ha,Estimated,PL6
6f50eb496222c159,2012,11,Cả nước,National,Forestry,Rừng,,Area,1832.0,1000_ha,Plan,PL6
5dda8a5c760fd6e4,2012,11,Cả nước,National,Forestry,Rừng,,Area,1367.0,1000_ha,Estimated,PL6
6f50eb496222c159,2012,11,Cả nước,National,Forestry,Rừng,,Area,3227.0,1000_ha,Plan,PL6
5dda8a5c760fd6e4,2012,11,Cả nước,National,Forestry,Rừng,,Area,1004.0,1000_ha,Estimated,PL6
6f50eb496222c159,2012,11,Cả nước,National,Forestry,Rừng,,Area,1762.0,1000_ha,Plan,PL6
5dda8a5c760fd6e4,2012,11,Cả nước,National,Forestry,Rừng,,Area,1001.0,1000_ha,Estimated,PL6
6f50eb496222c159,2012,11,Cả nước,National,Forestry,Rừng,,Area,6985.0,1000_ha,Plan,PL6
5dda8a5c760fd6e4,2012,11,Cả nước,National,Forestry,Rừng,,Area,1126.0,1000_ha,Estimated,PL6
6f50eb496222c159,2012,11,Cả nước,National,Forestry,Rừng,,Area,24234.0,1000_ha,Plan,PL6
5dda8a5c760fd6e4,2012,11,Cả nước,National,Forestry,Rừng,,Area,1136.0,1000_ha,Estimated,PL6
6f50eb496222c159,2012,11,Cả nước,National,Forestry,Rừng,,Area,39680.0,1000_ha,Plan,PL6
4c69d32728e34a42,2012,1,Cả nước,National,Trade,0,Xuất khẩu,Export_Volume,3.0,1000_ton,Actual,PL8
c8abe3d6400b2bf2,2012,1,Cả nước,National,Trade,0,Xuất khẩu,Export_Value,4.0,million_USD,Actual,PL8
b0c66c16aebcd741,2012,1,Cả nước,National,Trade,I,Xuất khẩu,Export_Volume,5084.0,1000_ton,Actual,PL8
6232964843d3ea55,2012,1,Cả nước,National,Trade,I,Xuất khẩu,Export_Value,4822.0,million_USD,Actual,PL8
c5c9b9984fb5b50c,2012,1,Cả nước,National,Trade,1,Xuất khẩu,Export_Volume,2350.0,1000_ton,Actual,PL8
22fbd2193b7a8eeb,2012,1,Cả nước,National,Trade,1,Xuất khẩu,Export_Value,2223.0,million_USD,Actual,PL8
4b1d511df68290b2,2012,1,Cả nước,National,Trade,1.1,Xuất khẩu,Export_Volume,2173.0,1000_ton,Actual,PL8
b2dd89277b4c3b04,2012,1,Cả nước,National,Trade,1.1,Xuất khẩu,Export_Value,2076.0,million_USD,Actual,PL8
3d4297a5a5fb6d26,2012,1,Cả nước,National,Trade,1.2,Xuất khẩu,Export_Volume,177.0,1000_ton,Actual,PL8
776e98f5ea9cef4c,2012,1,Cả nước,National,Trade,1.2,Xuất khẩu,Export_Value,147.0,million_USD,Actual,PL8
ab27cef591a69fcd,2012,1,Cả nước,National,Trade,2,Xuất khẩu,Export_Volume,2734.0,1000_ton,Actual,PL8
4e870957eb43ec2c,2012,1,Cả nước,National,Trade,2,Xuất khẩu,Export_Value,2599.0,million_USD,Actual,PL8
5e641aad94b548c2,2012,11,Cả nước,National,Investment,325,,Investment_Amount,854.0,million_VND,Plan,PL9
37376171141addcd,2012,11,Cả nước,National,Investment,325,,Investment_Amount,251.0,million_VND,Cumulative,PL9
4a283d95e901218d,2012,11,Cả nước,National,Investment,303,,Investment_Amount,993.0,million_VND,Plan,PL9
20017cf0829e6435,2012,11,Cả nước,National,Investment,303,,Investment_Amount,341.0,million_VND,Cumulative,PL9
0a17c03917a4d7df,2012,11,Cả nước,National,Investment,849,,Investment_Amount,284.0,million_VND,Plan,PL9
76c2320f31046d8b,2012,11,Cả nước,National,Investment,849,,Investment_Amount,1480.0,million_VND,Cumulative,PL9
175306b371fff8ab,2012,11,Cả nước,National,Investment,389,,Investment_Amount,561.0,million_VND,Plan,PL9
42311a5b8671c77a,2012,11,Cả nước,National,Investment,389,,Investment_Amount,292.0,million_VND,Cumulative,PL9
a00c2cd1b0673ea7,2012,11,Cả nước,National,Investment,705,,Investment_Amount,406.0,million_VND,Plan,PL9
70b60804f6f50aa0,2012,11,Cả nước,National,Investment,705,,Investment_Amount,1092.0,million_VND,Cumulative,PL9
997dec7db17908b6,2011,12,1. Gieo cấy lúa đông xuân ở miền Nam,Provincial,Cultivation,Lúa,Đông Xuân,Area_Planted,10032.0,1000_ha,Actual,PL1
756536c6e40170f2,2012,12,1. Gieo cấy lúa đông xuân ở miền Nam,Provincial,Cultivation,Lúa,Đông Xuân,Area_Planted,13783.0,1000_ha,Actual,PL1
cdcb8e455fd4c9a2,2011,12,2. Thu hoạch lúa mùa ở miền Nam,Provincial,Cultivation,Unknown,,Area_Planted,4994.0,1000_ha,Actual,PL1
8dc88b9ddbf87816,2012,12,2. Thu hoạch lúa mùa ở miền Nam,Provincial,Cultivation,Unknown,,Area_Planted,6176.0,1000_ha,Actual,PL1
70150a90e7505711,2011,12,3. Gieo trồng cây vụ đông ở miền Bắc,Provincial,Cultivation,Unknown,,Area_Planted,3601.0,1000_ha,Actual,PL1
f0f587692043e399,2012,12,3. Gieo trồng cây vụ đông ở miền Bắc,Provincial,Cultivation,Unknown,,Area_Planted,3956.0,1000_ha,Actual,PL1
b675b2744af5eabc,2011,12,- Khoai lang,Provincial,Cultivation,Khoai lang,,Area_Planted,423.0,1000_ha,Actual,PL1
62f1813a9608c609,2012,12,- Khoai lang,Provincial,Cultivation,Khoai lang,,Area_Planted,448.0,1000_ha,Actual,PL1
81e660b56ff859f1,2011,12,- Đậu tương,Provincial,Cultivation,Đậu tương,,Area_Planted,638.0,1000_ha,Actual,PL1
903e175e96c29cc8,2012,12,- Đậu tương,Provincial,Cultivation,Đậu tương,,Area_Planted,454.0,1000_ha,Actual,PL1
7c096aa71d36d346,2011,12,"- Rau, đậu các loại",Provincial,Cultivation,Rau đậu,,Area_Planted,1250.0,1000_ha,Actual,PL1
95533e97614efd6d,2012,12,"- Rau, đậu các loại",Provincial,Cultivation,Rau đậu,,Area_Planted,1412.0,1000_ha,Actual,PL1
1f336015d34c1bf0,2012,12,Miền Bắc,Provincial,Cultivation,Lúa,,Area_Planted,395559.0,ha,Actual,PL2
d51755efdac4548f,2012,12,Miền Bắc,Provincial,Cultivation,Ngô,,Area_Planted,129789.0,ha,Actual,PL2
1f336015d34c1bf0,2012,12,Miền Bắc,Provincial,Cultivation,Lúa,,Area_Planted,44836.0,ha,Actual,PL2
1f336015d34c1bf0,2012,12,Miền Bắc,Provincial,Cultivation,Lúa,,Area_Planted,9351.0,ha,Actual,PL2
9ddcc8939cd4089e,2012,12,Miền Bắc,Provincial,Cultivation,Lạc,,Area_Planted,21321.0,ha,Actual,PL2
7398e6809ac40670,2012,12,Miền Bắc,Provincial,Cultivation,Đậu,,Area_Planted,45402.0,ha,Actual,PL2
55931e7358db0eae,2012,12,Miền Bắc,Provincial,Cultivation,Rau,,Area_Planted,141225.0,ha,Actual,PL2
1f336015d34c1bf0,2012,12,Miền Bắc,Provincial,Cultivation,Lúa,,Area_Planted,3916.0,ha,Actual,PL2
4d44628070e3c237,2012,12,ĐB sông Hồng,Provincial,Cultivation,Lúa,,Area_Planted,183978.0,ha,Actual,PL2
936d439203133194,2012,12,ĐB sông Hồng,Provincial,Cultivation,Ngô,,Area_Planted,45315.0,ha,Actual,PL2
4d44628070e3c237,2012,12,ĐB sông Hồng,Provincial,Cultivation,Lúa,,Area_Planted,13672.0,ha,Actual,PL2
4d44628070e3c237,2012,12,ĐB sông Hồng,Provincial,Cultivation,Lúa,,Area_Planted,7341.0,ha,Actual,PL2
a882e7892173dad9,2012,12,ĐB sông Hồng,Provincial,Cultivation,Lạc,,Area_Planted,527.0,ha,Actual,PL2
2b3e7fc4df3480b5,2012,12,ĐB sông Hồng,Provincial,Cultivation,Đậu,,Area_Planted,35479.0,ha,Actual,PL2
439745bc40dfa60b,2012,12,ĐB sông Hồng,Provincial,Cultivation,Rau,,Area_Planted,78103.0,ha,Actual,PL2
4d44628070e3c237,2012,12,ĐB sông Hồng,Provincial,Cultivation,Lúa,,Area_Planted,3542.0,ha,Actual,PL2
0fa29372ea75a51b,2012,12,Hà Nội,Provincial,Cultivation,Lúa,,Area_Planted,46470.0,ha,Actual,PL2
5b08e9db9e5c2cd7,2012,12,Hà Nội,Provincial,Cultivation,Ngô,,Area_Planted,9940.0,ha,Actual,PL2
0fa29372ea75a51b,2012,12,Hà Nội,Provincial,Cultivation,Lúa,,Area_Planted,3300.0,ha,Actual,PL2
0fa29372ea75a51b,2012,12,Hà Nội,Provincial,Cultivation,Lúa,,Area_Planted,1100.0,ha,Actual,PL2
d91a9866239a966f,2012,12,Hà Nội,Provincial,Cultivation,Đậu,,Area_Planted,19130.0,ha,Actual,PL2
3cf3ce8397ea26be,2012,12,Hà Nội,Provincial,Cultivation,Rau,,Area_Planted,13000.0,ha,Actual,PL2
c0b97323949df39b,2012,12,Hải Phòng,Provincial,Cultivation,Lúa,,Area_Planted,5700.0,ha,Actual,PL2
55ba16d6c611eb8a,2012,12,Hải Phòng,Provincial,Cultivation,Ngô,,Area_Planted,1700.0,ha,Actual,PL2
c0b97323949df39b,2012,12,Hải Phòng,Provincial,Cultivation,Lúa,,Area_Planted,1200.0,ha,Actual,PL2
c0b97323949df39b,2012,12,Hải Phòng,Provincial,Cultivation,Lúa,,Area_Planted,300.0,ha,Actual,PL2
508b41401e39123c,2012,12,Hải Phòng,Provincial,Cultivation,Rau,,Area_Planted,2500.0,ha,Actual,PL2
777951857021aa84,2012,12,Vĩnh Phúc,Provincial,Cultivation,Lúa,,Area_Planted,19984.0,ha,Actual,PL2
e49ab40c35ca41a4,2012,12,Vĩnh Phúc,Provincial,Cultivation,Ngô,,Area_Planted,11419.0,ha,Actual,PL2
777951857021aa84,2012,12,Vĩnh Phúc,Provincial,Cultivation,Lúa,,Area_Planted,1736.0,ha,Actual,PL2
8488d20b0c96c9f5,2012,12,Vĩnh Phúc,Provincial,Cultivation,Lạc,,Area_Planted,202.0,ha,Actual,PL2
d9260a74386e31b4,2012,12,Vĩnh Phúc,Provincial,Cultivation,Đậu,,Area_Planted,2446.0,ha,Actual,PL2
5924eff54c56dd30,2012,12,Vĩnh Phúc,Provincial,Cultivation,Rau,,Area_Planted,3676.0,ha,Actual,PL2
777951857021aa84,2012,12,Vĩnh Phúc,Provincial,Cultivation,Lúa,,Area_Planted,505.0,ha,Actual,PL2
f6b6e7cd7e5c0ce2,2012,12,Bắc Ninh,Provincial,Cultivation,Lúa,,Area_Planted,10413.0,ha,Actual,PL2
954cbe2972a36144,2012,12,Bắc Ninh,Provincial,Cultivation,Ngô,,Area_Planted,2161.0,ha,Actual,PL2
f6b6e7cd7e5c0ce2,2012,12,Bắc Ninh,Provincial,Cultivation,Lúa,,Area_Planted,519.0,ha,Actual,PL2
f6b6e7cd7e5c0ce2,2012,12,Bắc Ninh,Provincial,Cultivation,Lúa,,Area_Planted,1101.0,ha,Actual,PL2
8930279814f736a8,2012,12,Bắc Ninh,Provincial,Cultivation,Lạc,,Area_Planted,36.0,ha,Actual,PL2
0b50a3e75fa63e01,2012,12,Bắc Ninh,Provincial,Cultivation,Đậu,,Area_Planted,619.0,ha,Actual,PL2
79dee8b0d0b9018c,2012,12,Bắc Ninh,Provincial,Cultivation,Rau,,Area_Planted,3826.0,ha,Actual,PL2
f6b6e7cd7e5c0ce2,2012,12,Bắc Ninh,Provincial,Cultivation,Lúa,,Area_Planted,2151.0,ha,Actual,PL2
04b9513862660876,2012,12,Hải Dương,Provincial,Cultivation,Lúa,,Area_Planted,23390.0,ha,Actual,PL2
1e3de316af042169,2012,12,Hải Dương,Provincial,Cultivation,Ngô,,Area_Planted,2126.0,ha,Actual,PL2
04b9513862660876,2012,12,Hải Dương,Provincial,Cultivation,Lúa,,Area_Planted,1000.0,ha,Actual,PL2
04b9513862660876,2012,12,Hải Dương,Provincial,Cultivation,Lúa,,Area_Planted,300.0,ha,Actual,PL2
93d477182cbc011d,2012,12,Hải Dương,Provincial,Cultivation,Đậu,,Area_Planted,639.0,ha,Actual,PL2
f0a368f1a20d3386,2012,12,Hải Dương,Provincial,Cultivation,Rau,,Area_Planted,19325.0,ha,Actual,PL2
93dd6c8af4e805fc,2012,12,Hưng Yên,Provincial,Cultivation,Lúa,,Area_Planted,12216.0,ha,Actual,PL2
ddacece1c6f968a2,2012,12,Hưng Yên,Provincial,Cultivation,Ngô,,Area_Planted,4417.0,ha,Actual,PL2
93dd6c8af4e805fc,2012,12,Hưng Yên,Provincial,Cultivation,Lúa,,Area_Planted,572.0,ha,Actual,PL2
93dd6c8af4e805fc,2012,12,Hưng Yên,Provincial,Cultivation,Lúa,,Area_Planted,400.0,ha,Actual,PL2
ed7837a0f552e3b3,2012,12,Hưng Yên,Provincial,Cultivation,Đậu,,Area_Planted,1327.0,ha,Actual,PL2
f5be8773a7eca985,2012,12,Hưng Yên,Provincial,Cultivation,Rau,,Area_Planted,5500.0,ha,Actual,PL2
be445bdcac84b137,2012,12,Hà Nam,Provincial,Cultivation,Lúa,,Area_Planted,14277.0,ha,Actual,PL2
8b89b33c23563be2,2012,12,Hà Nam,Provincial,Cultivation,Ngô,,Area_Planted,3677.0,ha,Actual,PL2
be445bdcac84b137,2012,12,Hà Nam,Provincial,Cultivation,Lúa,,Area_Planted,462.0,ha,Actual,PL2
be445bdcac84b137,2012,12,Hà Nam,Provincial,Cultivation,Lúa,,Area_Planted,53.0,ha,Actual,PL2
66892300f1f33c24,2012,12,Hà Nam,Provincial,Cultivation,Đậu,,Area_Planted,5318.0,ha,Actual,PL2
78f1ac5e761760f3,2012,12,Hà Nam,Provincial,Cultivation,Rau,,Area_Planted,4767.0,ha,Actual,PL2
711029185fe1b551,2012,12,Nam Định,Provincial,Cultivation,Lúa,,Area_Planted,10395.0,ha,Actual,PL2
8c7690f39b97f0c4,2012,12,Nam Định,Provincial,Cultivation,Ngô,,Area_Planted,1981.0,ha,Actual,PL2
711029185fe1b551,2012,12,Nam Định,Provincial,Cultivation,Lúa,,Area_Planted,920.0,ha,Actual,PL2
10de14e83d78d7de,2012,12,Nam Định,Provincial,Cultivation,Đậu,,Area_Planted,192.0,ha,Actual,PL2
a1f64d83af0599b4,2012,12,Nam Định,Provincial,Cultivation,Rau,,Area_Planted,7302.0,ha,Actual,PL2
c23a70f24f28b91f,2012,12,Thái Bình,Provincial,Cultivation,Lúa,,Area_Planted,20448.0,ha,Actual,PL2
440e28fbecfbe075,2012,12,Thái Bình,Provincial,Cultivation,Ngô,,Area_Planted,3706.0,ha,Actual,PL2
c23a70f24f28b91f,2012,12,Thái Bình,Provincial,Cultivation,Lúa,,Area_Planted,1685.0,ha,Actual,PL2
c23a70f24f28b91f,2012,12,Thái Bình,Provincial,Cultivation,Lúa,,Area_Planted,2000.0,ha,Actual,PL2
a5566ecc70e9d933,2012,12,Thái Bình,Provincial,Cultivation,Đậu,,Area_Planted,2852.0,ha,Actual,PL2
a15fe023878a88b9,2012,12,Thái Bình,Provincial,Cultivation,Rau,,Area_Planted,10205.0,ha,Actual,PL2
9a367eb0c8890648,2012,12,Ninh Bình,Provincial,Cultivation,Lúa,,Area_Planted,13806.0,ha,Actual,PL2
8e1b5db0e8e6d120,2012,12,Ninh Bình,Provincial,Cultivation,Ngô,,Area_Planted,2708.0,ha,Actual,PL2
9a367eb0c8890648,2012,12,Ninh Bình,Provincial,Cultivation,Lúa,,Area_Planted,1599.0,ha,Actual,PL2
9a367eb0c8890648,2012,12,Ninh Bình,Provincial,Cultivation,Lúa,,Area_Planted,1006.0,ha,Actual,PL2
f37cb8a3cbfc8b35,2012,12,Ninh Bình,Provincial,Cultivation,Lạc,,Area_Planted,219.0,ha,Actual,PL2
9a86559b49888494,2012,12,Ninh Bình,Provincial,Cultivation,Đậu,,Area_Planted,2845.0,ha,Actual,PL2
52bb8dbabc73fed4,2012,12,Ninh Bình,Provincial,Cultivation,Rau,,Area_Planted,4878.0,ha,Actual,PL2
9a367eb0c8890648,2012,12,Ninh Bình,Provincial,Cultivation,Lúa,,Area_Planted,551.0,ha,Actual,PL2
0324544a2a32aba6,2012,12,Quảng Ninh,Provincial,Cultivation,Lúa,,Area_Planted,6880.0,ha,Actual,PL2
544db5fc421667aa,2012,12,Quảng Ninh,Provincial,Cultivation,Ngô,,Area_Planted,1480.0,ha,Actual,PL2
0324544a2a32aba6,2012,12,Quảng Ninh,Provincial,Cultivation,Lúa,,Area_Planted,1599.0,ha,Actual,PL2
0324544a2a32aba6,2012,12,Quảng Ninh,Provincial,Cultivation,Lúa,,Area_Planted,161.0,ha,Actual,PL2
c5a764deac8ab01b,2012,12,Quảng Ninh,Provincial,Cultivation,Lạc,,Area_Planted,70.0,ha,Actual,PL2
1b5dac452d130122,2012,12,Quảng Ninh,Provincial,Cultivation,Đậu,,Area_Planted,111.0,ha,Actual,PL2
a9d4ef10915f57a1,2012,12,Quảng Ninh,Provincial,Cultivation,Rau,,Area_Planted,3124.0,ha,Actual,PL2
0324544a2a32aba6,2012,12,Quảng Ninh,Provincial,Cultivation,Lúa,,Area_Planted,335.0,ha,Actual,PL2
f2667053f3efb4a2,2012,12,TD và MN,Provincial,Cultivation,Lúa,,Area_Planted,82300.0,ha,Actual,PL2
c3a87de03b465473,2012,12,TD và MN,Provincial,Cultivation,Ngô,,Area_Planted,33780.0,ha,Actual,PL2
f2667053f3efb4a2,2012,12,TD và MN,Provincial,Cultivation,Lúa,,Area_Planted,16325.0,ha,Actual,PL2
f2667053f3efb4a2,2012,12,TD và MN,Provincial,Cultivation,Lúa,,Area_Planted,2010.0,ha,Actual,PL2
3e3560b3080febfd,2012,12,TD và MN,Provincial,Cultivation,Lạc,,Area_Planted,177.0,ha,Actual,PL2
501e112455165146,2012,12,TD và MN,Provincial,Cultivation,Đậu,,Area_Planted,1532.0,ha,Actual,PL2
d5f927d56c74d101,2012,12,TD và MN,Provincial,Cultivation,Rau,,Area_Planted,28382.0,ha,Actual,PL2
f2667053f3efb4a2,2012,12,TD và MN,Provincial,Cultivation,Lúa,,Area_Planted,94.0,ha,Actual,PL2
6d848473c2d22ff1,2012,12,Hà Giang,Provincial,Cultivation,Lúa,,Area_Planted,1277.0,ha,Actual,PL2
a491b3d499486510,2012,12,Hà Giang,Provincial,Cultivation,Ngô,,Area_Planted,763.0,ha,Actual,PL2
6d848473c2d22ff1,2012,12,Hà Giang,Provincial,Cultivation,Lúa,,Area_Planted,514.0,ha,Actual,PL2
53767efef456fb76,2012,12,Cao Bằng,Provincial,Cultivation,Lúa,,Area_Planted,941.0,ha,Actual,PL2
53767efef456fb76,2012,12,Cao Bằng,Provincial,Cultivation,Lúa,,Area_Planted,375.0,ha,Actual,PL2
53767efef456fb76,2012,12,Cao Bằng,Provincial,Cultivation,Lúa,,Area_Planted,27.0,ha,Actual,PL2
150ee0f950cd0050,2012,12,Cao Bằng,Provincial,Cultivation,Rau,,Area_Planted,540.0,ha,Actual,PL2
c30f50f537d775e5,2012,12,Là C i  o a,Provincial,Cultivation,Ngô,,Area_Planted,488.0,ha,Actual,PL2
cab60f5190b9af60,2012,12,Là C i  o a,Provincial,Cultivation,Lúa,,Area_Planted,362.0,ha,Actual,PL2
cab60f5190b9af60,2012,12,Là C i  o a,Provincial,Cultivation,Lúa,,Area_Planted,953.0,ha,Actual,PL2
81e49a6e3bb67a9a,2012,12,Bắc Cạn,Provincial,Cultivation,Lúa,,Area_Planted,2259.0,ha,Actual,PL2
0a36c5d1d82bcd42,2012,12,Bắc Cạn,Provincial,Cultivation,Ngô,,Area_Planted,594.0,ha,Actual,PL2
6dba47ac35350c94,2012,12,Bắc Cạn,Provincial,Cultivation,Rau,,Area_Planted,1665.0,ha,Actual,PL2
89aa4c3512e79205,2012,12,Lạng Sơn,Provincial,Cultivation,Lúa,,Area_Planted,1591.0,ha,Actual,PL2
c11519baa375a7a2,2012,12,Lạng Sơn,Provincial,Cultivation,Ngô,,Area_Planted,250.0,ha,Actual,PL2
89aa4c3512e79205,2012,12,Lạng Sơn,Provincial,Cultivation,Lúa,,Area_Planted,694.0,ha,Actual,PL2
8ff474026a0f5019,2012,12,Lạng Sơn,Provincial,Cultivation,Đậu,,Area_Planted,647.0,ha,Actual,PL2
a640acf216fef0ca,2012,12,Tuyên Quang,Provincial,Cultivation,Lúa,,Area_Planted,9419.0,ha,Actual,PL2
8bcf4d3ff98d2760,2012,12,Tuyên Quang,Provincial,Cultivation,Ngô,,Area_Planted,5962.0,ha,Actual,PL2
a640acf216fef0ca,2012,12,Tuyên Quang,Provincial,Cultivation,Lúa,,Area_Planted,3111.0,ha,Actual,PL2
42b0efdc2d828bcb,2012,12,Tuyên Quang,Provincial,Cultivation,Đậu,,Area_Planted,347.0,ha,Actual,PL2
a9c06e3374daded0,2012,12,Yên Bái,Provincial,Cultivation,Lúa,,Area_Planted,9135.0,ha,Actual,PL2
df6c8972bf9a9285,2012,12,Yên Bái,Provincial,Cultivation,Ngô,,Area_Planted,5190.0,ha,Actual,PL2
a9c06e3374daded0,2012,12,Yên Bái,Provincial,Cultivation,Lúa,,Area_Planted,1215.0,ha,Actual,PL2
a9c06e3374daded0,2012,12,Yên Bái,Provincial,Cultivation,Lúa,,Area_Planted,30.0,ha,Actual,PL2
00b0c478bf2c1a00,2012,12,Yên Bái,Provincial,Cultivation,Rau,,Area_Planted,2700.0,ha,Actual,PL2
0ec1de6794d5f619,2012,12,Thái Nguyên,Provincial,Cultivation,Lúa,,Area_Planted,13804.0,ha,Actual,PL2
6af692ba67508e90,2012,12,Thái Nguyên,Provincial,Cultivation,Ngô,,Area_Planted,5191.0,ha,Actual,PL2
0ec1de6794d5f619,2012,12,Thái Nguyên,Provincial,Cultivation,Lúa,,Area_Planted,3734.0,ha,Actual,PL2
efbaf63a40910cec,2012,12,Thái Nguyên,Provincial,Cultivation,Lạc,,Area_Planted,93.0,ha,Actual,PL2
8ba84733efc44166,2012,12,Thái Nguyên,Provincial,Cultivation,Đậu,,Area_Planted,112.0,ha,Actual,PL2
6fb70e43eb89109b,2012,12,Thái Nguyên,Provincial,Cultivation,Rau,,Area_Planted,4580.0,ha,Actual,PL2
0ec1de6794d5f619,2012,12,Thái Nguyên,Provincial,Cultivation,Lúa,,Area_Planted,94.0,ha,Actual,PL2
3da08d493680243c,2012,12,Phú Thọ,Provincial,Cultivation,Lúa,,Area_Planted,15098.0,ha,Actual,PL2
e4d722ca3d04df87,2012,12,Phú Thọ,Provincial,Cultivation,Ngô,,Area_Planted,9448.0,ha,Actual,PL2
3da08d493680243c,2012,12,Phú Thọ,Provincial,Cultivation,Lúa,,Area_Planted,1411.0,ha,Actual,PL2
987d6fcf35668a6b,2012,12,Phú Thọ,Provincial,Cultivation,Lạc,,Area_Planted,84.0,ha,Actual,PL2
ffbcbfc86b9d1b94,2012,12,Phú Thọ,Provincial,Cultivation,Đậu,,Area_Planted,312.0,ha,Actual,PL2
2838a4278d7b83d4,2012,12,Phú Thọ,Provincial,Cultivation,Rau,,Area_Planted,3843.0,ha,Actual,PL2
fc4d1db583feaee9,2012,12,Bắc Giang,Provincial,Cultivation,Lúa,,Area_Planted,15046.0,ha,Actual,PL2
5f1acacaa8c31399,2012,12,Bắc Giang,Provincial,Cultivation,Ngô,,Area_Planted,3555.0,ha,Actual,PL2
fc4d1db583feaee9,2012,12,Bắc Giang,Provincial,Cultivation,Lúa,,Area_Planted,4078.0,ha,Actual,PL2
fc4d1db583feaee9,2012,12,Bắc Giang,Provincial,Cultivation,Lúa,,Area_Planted,1000.0,ha,Actual,PL2
066e47d3d95d053c,2012,12,Bắc Giang,Provincial,Cultivation,Rau,,Area_Planted,6413.0,ha,Actual,PL2
fde6fe68f6d75c7e,2012,12,Lai Châu,Provincial,Cultivation,Lúa,,Area_Planted,2058.0,ha,Actual,PL2
7188afb1afe6cc8c,2012,12,Lai Châu,Provincial,Cultivation,Rau,,Area_Planted,2058.0,ha,Actual,PL2
d91746a726f1630c,2012,12,Điện Biên,Provincial,Cultivation,Lúa,,Area_Planted,915.0,ha,Actual,PL2
fc4441d2d0fc5356,2012,12,Điện Biên,Provincial,Cultivation,Ngô,,Area_Planted,508.0,ha,Actual,PL2
d91746a726f1630c,2012,12,Điện Biên,Provincial,Cultivation,Lúa,,Area_Planted,34.0,ha,Actual,PL2
347813a6cf899f7f,2012,12,Điện Biên,Provincial,Cultivation,Đậu,,Area_Planted,1.0,ha,Actual,PL2
ab3e2de9c78eee7d,2012,12,Điện Biên,Provincial,Cultivation,Rau,,Area_Planted,372.0,ha,Actual,PL2
82adca4af7af26ea,2012,12,Sơn La,Provincial,Cultivation,Lúa,,Area_Planted,564.0,ha,Actual,PL2
4ff6ad123c3948d0,2012,12,Sơn La,Provincial,Cultivation,Ngô,,Area_Planted,276.0,ha,Actual,PL2
fc53e25736149167,2012,12,Sơn La,Provincial,Cultivation,Rau,,Area_Planted,288.0,ha,Actual,PL2
c342e6cf6d8a8c87,2012,12,Hoà Bình,Provincial,Cultivation,Lúa,,Area_Planted,5317.0,ha,Actual,PL2
e80cb55661c65394,2012,12,Hoà Bình,Provincial,Cultivation,Ngô,,Area_Planted,1556.0,ha,Actual,PL2
c342e6cf6d8a8c87,2012,12,Hoà Bình,Provincial,Cultivation,Lúa,,Area_Planted,798.0,ha,Actual,PL2
8cdf44a057e750ef,2012,12,Hoà Bình,Provincial,Cultivation,Đậu,,Area_Planted,113.0,ha,Actual,PL2
a120f168dc8cfa9e,2012,12,Hoà Bình,Provincial,Cultivation,Rau,,Area_Planted,2850.0,ha,Actual,PL2
10fae3b56f85c6be,2012,12,Bắc Trung Bộ,Provincial,Cultivation,Lúa,,Area_Planted,129282.0,ha,Actual,PL2
50e9d7b56a0bc374,2012,12,Bắc Trung Bộ,Provincial,Cultivation,Ngô,,Area_Planted,50694.0,ha,Actual,PL2
10fae3b56f85c6be,2012,12,Bắc Trung Bộ,Provincial,Cultivation,Lúa,,Area_Planted,14839.0,ha,Actual,PL2
10fae3b56f85c6be,2012,12,Bắc Trung Bộ,Provincial,Cultivation,Lúa,,Area_Planted,0.0,ha,Actual,PL2
a39a3051beee481e,2012,12,Bắc Trung Bộ,Provincial,Cultivation,Lạc,,Area_Planted,20617.0,ha,Actual,PL2
5f26153a4cf9e8bf,2012,12,Bắc Trung Bộ,Provincial,Cultivation,Đậu,,Area_Planted,8391.0,ha,Actual,PL2
ec5e3a5e87ecf465,2012,12,Bắc Trung Bộ,Provincial,Cultivation,Rau,,Area_Planted,34741.0,ha,Actual,PL2
10fae3b56f85c6be,2012,12,Bắc Trung Bộ,Provincial,Cultivation,Lúa,,Area_Planted,280.0,ha,Actual,PL2
50b082ec15851114,2012,12,Thanh Hoá,Provincial,Cultivation,Lúa,,Area_Planted,51200.0,ha,Actual,PL2
9aa6313b2d4424ef,2012,12,Thanh Hoá,Provincial,Cultivation,Ngô,,Area_Planted,18302.0,ha,Actual,PL2
50b082ec15851114,2012,12,Thanh Hoá,Provincial,Cultivation,Lúa,,Area_Planted,5520.0,ha,Actual,PL2
befce520e441752a,2012,12,Thanh Hoá,Provincial,Cultivation,Lạc,,Area_Planted,1455.0,ha,Actual,PL2
484a9c52d35ac3e7,2012,12,Thanh Hoá,Provincial,Cultivation,Đậu,,Area_Planted,8391.0,ha,Actual,PL2
d2df5b604db3e8e3,2012,12,Thanh Hoá,Provincial,Cultivation,Rau,,Area_Planted,17532.0,ha,Actual,PL2
50b082ec15851114,2012,12,Thanh Hoá,Provincial,Cultivation,Lúa,,Area_Planted,280.0,ha,Actual,PL2
b9a63f44334701e7,2012,12,Nghệ An,Provincial,Cultivation,Lúa,,Area_Planted,60567.0,ha,Actual,PL2
370d7ccda44b8950,2012,12,Nghệ An,Provincial,Cultivation,Ngô,,Area_Planted,25405.0,ha,Actual,PL2
b9a63f44334701e7,2012,12,Nghệ An,Provincial,Cultivation,Lúa,,Area_Planted,5500.0,ha,Actual,PL2
965be6eeb011b280,2012,12,Nghệ An,Provincial,Cultivation,Lạc,,Area_Planted,18662.0,ha,Actual,PL2
51f9df36d0249e8e,2012,12,Nghệ An,Provincial,Cultivation,Rau,,Area_Planted,11000.0,ha,Actual,PL2
9b56c644bf8fd276,2012,12,Hà Tĩnh,Provincial,Cultivation,Lúa,,Area_Planted,11362.0,ha,Actual,PL2
d3782e21f6c05000,2012,12,Hà Tĩnh,Provincial,Cultivation,Ngô,,Area_Planted,4368.0,ha,Actual,PL2
9b56c644bf8fd276,2012,12,Hà Tĩnh,Provincial,Cultivation,Lúa,,Area_Planted,3819.0,ha,Actual,PL2
7e4aaa443e85674d,2012,12,Hà Tĩnh,Provincial,Cultivation,Rau,,Area_Planted,3175.0,ha,Actual,PL2
283535374936a5c5,2012,12,Quảng Bình,Provincial,Cultivation,Lúa,,Area_Planted,700.0,ha,Actual,PL2
2780da280ce4ce26,2012,12,Quảng Bình,Provincial,Cultivation,Ngô,,Area_Planted,200.0,ha,Actual,PL2
b61de0235e6a92d9,2012,12,Quảng Bình,Provincial,Cultivation,Lạc,,Area_Planted,500.0,ha,Actual,PL2
42565d41e6aaf029,2012,12,Quảng Trị,Provincial,Cultivation,Lúa,,Area_Planted,5453.0,ha,Actual,PL2
27957b7b22c15314,2012,12,Quảng Trị,Provincial,Cultivation,Ngô,,Area_Planted,2419.0,ha,Actual,PL2
e79cb45fc0e522aa,2012,12,Quảng Trị,Provincial,Cultivation,Rau,,Area_Planted,3034.0,ha,Actual,PL2
f11db6079abd2493,2012,12,Miền Nam,Provincial,Cultivation,Lúa,,Area_Planted,617623.0,ha,Actual,PL3
f11db6079abd2493,2012,12,Miền Nam,Provincial,Cultivation,Lúa,,Area_Planted,780.0,ha,Actual,PL3
f11db6079abd2493,2012,12,Miền Nam,Provincial,Cultivation,Lúa,,Area_Planted,13782692013.0,ha,Actual,PL3
f11db6079abd2493,2012,12,Miền Nam,Provincial,Cultivation,Lúa,,Area_Planted,13855.0,ha,Actual,PL3
f11db6079abd2493,2012,12,Miền Nam,Provincial,Cultivation,Lúa,,Area_Planted,4142.0,ha,Actual,PL3
f11db6079abd2493,2012,12,Miền Nam,Provincial,Cultivation,Lúa,,Area_Planted,1567.0,ha,Actual,PL3
f11db6079abd2493,2012,12,Miền Nam,Provincial,Cultivation,Lúa,,Area_Planted,4200.0,ha,Actual,PL3
ca4ed9784342e455,2012,12,D.H Nam Trung Bộ,Provincial,Cultivation,Lúa,,Area_Planted,129628.0,ha,Actual,PL3
ca4ed9784342e455,2012,12,D.H Nam Trung Bộ,Provincial,Cultivation,Lúa,,Area_Planted,938.0,ha,Actual,PL3
ca4ed9784342e455,2012,12,D.H Nam Trung Bộ,Provincial,Cultivation,Lúa,,Area_Planted,56490.0,ha,Actual,PL3
ca4ed9784342e455,2012,12,D.H Nam Trung Bộ,Provincial,Cultivation,Lúa,,Area_Planted,2451.0,ha,Actual,PL3
ca4ed9784342e455,2012,12,D.H Nam Trung Bộ,Provincial,Cultivation,Lúa,,Area_Planted,494.0,ha,Actual,PL3
ca4ed9784342e455,2012,12,D.H Nam Trung Bộ,Provincial,Cultivation,Lúa,,Area_Planted,856.0,ha,Actual,PL3
9aa7750c25ddd5e3,2012,12,TP Đà Nẵng,Provincial,Cultivation,Lúa,,Area_Planted,2884.0,ha,Actual,PL3
9aa7750c25ddd5e3,2012,12,TP Đà Nẵng,Provincial,Cultivation,Lúa,,Area_Planted,1000.0,ha,Actual,PL3
2610dc5e1629edf7,2012,12,Quảng Nam,Provincial,Cultivation,Lúa,,Area_Planted,45271.0,ha,Actual,PL3
2610dc5e1629edf7,2012,12,Quảng Nam,Provincial,Cultivation,Lúa,,Area_Planted,1000.0,ha,Actual,PL3
2610dc5e1629edf7,2012,12,Quảng Nam,Provincial,Cultivation,Lúa,,Area_Planted,2000.0,ha,Actual,PL3
2610dc5e1629edf7,2012,12,Quảng Nam,Provincial,Cultivation,Lúa,,Area_Planted,50.0,ha,Actual,PL3
04546c6d178a1fc3,2012,12,Quảng Ngãi,Provincial,Cultivation,Lúa,,Area_Planted,2695.0,ha,Actual,PL3
04546c6d178a1fc3,2012,12,Quảng Ngãi,Provincial,Cultivation,Lúa,,Area_Planted,1000.0,ha,Actual,PL3
88a736feb9d7208d,2012,12,Bình Định,Provincial,Cultivation,Lúa,,Area_Planted,20631.0,ha,Actual,PL3
88a736feb9d7208d,2012,12,Bình Định,Provincial,Cultivation,Lúa,,Area_Planted,1000.0,ha,Actual,PL3
88a736feb9d7208d,2012,12,Bình Định,Provincial,Cultivation,Lúa,,Area_Planted,30930.0,ha,Actual,PL3
88a736feb9d7208d,2012,12,Bình Định,Provincial,Cultivation,Lúa,,Area_Planted,377.0,ha,Actual,PL3
88a736feb9d7208d,2012,12,Bình Định,Provincial,Cultivation,Lúa,,Area_Planted,174.0,ha,Actual,PL3
88a736feb9d7208d,2012,12,Bình Định,Provincial,Cultivation,Lúa,,Area_Planted,544.0,ha,Actual,PL3
561f88462a23736a,2012,12,Phú Yên,Provincial,Cultivation,Lúa,,Area_Planted,4220.0,ha,Actual,PL3
561f88462a23736a,2012,12,Phú Yên,Provincial,Cultivation,Lúa,,Area_Planted,675.0,ha,Actual,PL3
561f88462a23736a,2012,12,Phú Yên,Provincial,Cultivation,Lúa,,Area_Planted,2700.0,ha,Actual,PL3
561f88462a23736a,2012,12,Phú Yên,Provincial,Cultivation,Lúa,,Area_Planted,270.0,ha,Actual,PL3
742d01bf1a96fa35,2012,12,Khánh Hoà,Provincial,Cultivation,Lúa,,Area_Planted,5000.0,ha,Actual,PL3
742d01bf1a96fa35,2012,12,Khánh Hoà,Provincial,Cultivation,Lúa,,Area_Planted,637.0,ha,Actual,PL3
52c19621df3aa670,2012,12,Ninh Thuận,Provincial,Cultivation,Lúa,,Area_Planted,9000.0,ha,Actual,PL3
52c19621df3aa670,2012,12,Ninh Thuận,Provincial,Cultivation,Lúa,,Area_Planted,708.0,ha,Actual,PL3
52c19621df3aa670,2012,12,Ninh Thuận,Provincial,Cultivation,Lúa,,Area_Planted,1000.0,ha,Actual,PL3
43412342ca3de45c,2012,12,Bình Thuận,Provincial,Cultivation,Lúa,,Area_Planted,39927.0,ha,Actual,PL3
43412342ca3de45c,2012,12,Bình Thuận,Provincial,Cultivation,Lúa,,Area_Planted,1000.0,ha,Actual,PL3
43412342ca3de45c,2012,12,Bình Thuận,Provincial,Cultivation,Lúa,,Area_Planted,19860.0,ha,Actual,PL3
43412342ca3de45c,2012,12,Bình Thuận,Provincial,Cultivation,Lúa,,Area_Planted,2074.0,ha,Actual,PL3
43412342ca3de45c,2012,12,Bình Thuận,Provincial,Cultivation,Lúa,,Area_Planted,312.0,ha,Actual,PL3
6ae8d98a17c3c18c,2012,12,Tây Nguyên,Provincial,Cultivation,Lúa,,Area_Planted,140892.0,ha,Actual,PL3
6ae8d98a17c3c18c,2012,12,Tây Nguyên,Provincial,Cultivation,Lúa,,Area_Planted,1000.0,ha,Actual,PL3
6ae8d98a17c3c18c,2012,12,Tây Nguyên,Provincial,Cultivation,Lúa,,Area_Planted,15632.0,ha,Actual,PL3
6ae8d98a17c3c18c,2012,12,Tây Nguyên,Provincial,Cultivation,Lúa,,Area_Planted,3780.0,ha,Actual,PL3
6ae8d98a17c3c18c,2012,12,Tây Nguyên,Provincial,Cultivation,Lúa,,Area_Planted,792.0,ha,Actual,PL3
6ae8d98a17c3c18c,2012,12,Tây Nguyên,Provincial,Cultivation,Lúa,,Area_Planted,165.0,ha,Actual,PL3
6ae8d98a17c3c18c,2012,12,Tây Nguyên,Provincial,Cultivation,Lúa,,Area_Planted,15.0,ha,Actual,PL3
19d7661b20288923,2012,12,Kon Tum,Provincial,Cultivation,Lúa,,Area_Planted,16373.0,ha,Actual,PL3
19d7661b20288923,2012,12,Kon Tum,Provincial,Cultivation,Lúa,,Area_Planted,1000.0,ha,Actual,PL3
b4a84c8b4b1ae944,2012,12,Gia Lai,Provincial,Cultivation,Lúa,,Area_Planted,47949.0,ha,Actual,PL3
b4a84c8b4b1ae944,2012,12,Gia Lai,Provincial,Cultivation,Lúa,,Area_Planted,1000.0,ha,Actual,PL3
b4a84c8b4b1ae944,2012,12,Gia Lai,Provincial,Cultivation,Lúa,,Area_Planted,6550.0,ha,Actual,PL3
b4a84c8b4b1ae944,2012,12,Gia Lai,Provincial,Cultivation,Lúa,,Area_Planted,756.0,ha,Actual,PL3
b4a84c8b4b1ae944,2012,12,Gia Lai,Provincial,Cultivation,Lúa,,Area_Planted,257.0,ha,Actual,PL3
b4a84c8b4b1ae944,2012,12,Gia Lai,Provincial,Cultivation,Lúa,,Area_Planted,15.0,ha,Actual,PL3
1ca7e8f9300cbe58,2012,12,Đắk Lắk,Provincial,Cultivation,Lúa,,Area_Planted,53083.0,ha,Actual,PL3
1ca7e8f9300cbe58,2012,12,Đắk Lắk,Provincial,Cultivation,Lúa,,Area_Planted,1000.0,ha,Actual,PL3
1ca7e8f9300cbe58,2012,12,Đắk Lắk,Provincial,Cultivation,Lúa,,Area_Planted,5155.0,ha,Actual,PL3
1ca7e8f9300cbe58,2012,12,Đắk Lắk,Provincial,Cultivation,Lúa,,Area_Planted,646.0,ha,Actual,PL3
1ca7e8f9300cbe58,2012,12,Đắk Lắk,Provincial,Cultivation,Lúa,,Area_Planted,383.0,ha,Actual,PL3
a403782726a2bdd2,2012,12,Đắk Nông,Provincial,Cultivation,Lúa,,Area_Planted,7125.0,ha,Actual,PL3
a403782726a2bdd2,2012,12,Đắk Nông,Provincial,Cultivation,Lúa,,Area_Planted,1000.0,ha,Actual,PL3
a403782726a2bdd2,2012,12,Đắk Nông,Provincial,Cultivation,Lúa,,Area_Planted,977.0,ha,Actual,PL3
a403782726a2bdd2,2012,12,Đắk Nông,Provincial,Cultivation,Lúa,,Area_Planted,2017.0,ha,Actual,PL3
a403782726a2bdd2,2012,12,Đắk Nông,Provincial,Cultivation,Lúa,,Area_Planted,152.0,ha,Actual,PL3
a403782726a2bdd2,2012,12,Đắk Nông,Provincial,Cultivation,Lúa,,Area_Planted,165.0,ha,Actual,PL3
079f17fafdcc1e23,2012,12,Lâm Đồng,Provincial,Cultivation,Lúa,,Area_Planted,16362.0,ha,Actual,PL3
079f17fafdcc1e23,2012,12,Lâm Đồng,Provincial,Cultivation,Lúa,,Area_Planted,1000.0,ha,Actual,PL3
079f17fafdcc1e23,2012,12,Lâm Đồng,Provincial,Cultivation,Lúa,,Area_Planted,2950.0,ha,Actual,PL3
079f17fafdcc1e23,2012,12,Lâm Đồng,Provincial,Cultivation,Lúa,,Area_Planted,361.0,ha,Actual,PL3
a6a101b6a641d617,2012,12,Đông Nam Bộ,Provincial,Cultivation,Lúa,,Area_Planted,114594.0,ha,Actual,PL3
a6a101b6a641d617,2012,12,Đông Nam Bộ,Provincial,Cultivation,Lúa,,Area_Planted,1000.0,ha,Actual,PL3
a6a101b6a641d617,2012,12,Đông Nam Bộ,Provincial,Cultivation,Lúa,,Area_Planted,16047.0,ha,Actual,PL3
a6a101b6a641d617,2012,12,Đông Nam Bộ,Provincial,Cultivation,Lúa,,Area_Planted,2314.0,ha,Actual,PL3
a6a101b6a641d617,2012,12,Đông Nam Bộ,Provincial,Cultivation,Lúa,,Area_Planted,319.0,ha,Actual,PL3
a6a101b6a641d617,2012,12,Đông Nam Bộ,Provincial,Cultivation,Lúa,,Area_Planted,151.0,ha,Actual,PL3
a6a101b6a641d617,2012,12,Đông Nam Bộ,Provincial,Cultivation,Lúa,,Area_Planted,787.0,ha,Actual,PL3
8ea2ef8344ee23e7,2012,12,Bình Phước,Provincial,Cultivation,Lúa,,Area_Planted,19.0,ha,Actual,PL3
8ea2ef8344ee23e7,2012,12,Bình Phước,Provincial,Cultivation,Lúa,,Area_Planted,114.0,ha,Actual,PL3
8ea2ef8344ee23e7,2012,12,Bình Phước,Provincial,Cultivation,Lúa,,Area_Planted,8.0,ha,Actual,PL3
8ea2ef8344ee23e7,2012,12,Bình Phước,Provincial,Cultivation,Lúa,,Area_Planted,215.0,ha,Actual,PL3
382bc9ac7c68a24e,2012,12,Tây Ninh,Provincial,Cultivation,Lúa,,Area_Planted,56499.0,ha,Actual,PL3
382bc9ac7c68a24e,2012,12,Tây Ninh,Provincial,Cultivation,Lúa,,Area_Planted,1000.0,ha,Actual,PL3
382bc9ac7c68a24e,2012,12,Tây Ninh,Provincial,Cultivation,Lúa,,Area_Planted,5422.0,ha,Actual,PL3
382bc9ac7c68a24e,2012,12,Tây Ninh,Provincial,Cultivation,Lúa,,Area_Planted,185.0,ha,Actual,PL3
382bc9ac7c68a24e,2012,12,Tây Ninh,Provincial,Cultivation,Lúa,,Area_Planted,100.0,ha,Actual,PL3
382bc9ac7c68a24e,2012,12,Tây Ninh,Provincial,Cultivation,Lúa,,Area_Planted,550.0,ha,Actual,PL3
127b74a03cfa671c,2012,12,Bình Dương,Provincial,Cultivation,Lúa,,Area_Planted,630.0,ha,Actual,PL3
127b74a03cfa671c,2012,12,Bình Dương,Provincial,Cultivation,Lúa,,Area_Planted,46.0,ha,Actual,PL3
127b74a03cfa671c,2012,12,Bình Dương,Provincial,Cultivation,Lúa,,Area_Planted,50.0,ha,Actual,PL3
e5ef5baaa0523431,2012,12,Đồng Nai,Provincial,Cultivation,Lúa,,Area_Planted,27427.0,ha,Actual,PL3
e5ef5baaa0523431,2012,12,Đồng Nai,Provincial,Cultivation,Lúa,,Area_Planted,1000.0,ha,Actual,PL3
e5ef5baaa0523431,2012,12,Đồng Nai,Provincial,Cultivation,Lúa,,Area_Planted,5061.0,ha,Actual,PL3
e5ef5baaa0523431,2012,12,Đồng Nai,Provincial,Cultivation,Lúa,,Area_Planted,2064.0,ha,Actual,PL3
e5ef5baaa0523431,2012,12,Đồng Nai,Provincial,Cultivation,Lúa,,Area_Planted,55.0,ha,Actual,PL3
e5ef5baaa0523431,2012,12,Đồng Nai,Provincial,Cultivation,Lúa,,Area_Planted,143.0,ha,Actual,PL3
e5ef5baaa0523431,2012,12,Đồng Nai,Provincial,Cultivation,Lúa,,Area_Planted,22.0,ha,Actual,PL3
fd26434beba96b64,2012,12,Bà Rịa-V.Tàu,Provincial,Cultivation,Lúa,,Area_Planted,10795.0,ha,Actual,PL3
fd26434beba96b64,2012,12,Bà Rịa-V.Tàu,Provincial,Cultivation,Lúa,,Area_Planted,1000.0,ha,Actual,PL3
fd26434beba96b64,2012,12,Bà Rịa-V.Tàu,Provincial,Cultivation,Lúa,,Area_Planted,2000.0,ha,Actual,PL3
87236ebd95637401,2012,12,TP Hồ Chí Minh,Provincial,Cultivation,Lúa,,Area_Planted,8885.0,ha,Actual,PL3
87236ebd95637401,2012,12,TP Hồ Chí Minh,Provincial,Cultivation,Lúa,,Area_Planted,1000.0,ha,Actual,PL3
87236ebd95637401,2012,12,TP Hồ Chí Minh,Provincial,Cultivation,Lúa,,Area_Planted,1127.0,ha,Actual,PL3
a1702bb7ba5854a3,2012,12,ĐBS Cửu Long,Provincial,Cultivation,Lúa,,Area_Planted,232509.0,ha,Actual,PL3
a1702bb7ba5854a3,2012,12,ĐBS Cửu Long,Provincial,Cultivation,Lúa,,Area_Planted,583.0,ha,Actual,PL3
a1702bb7ba5854a3,2012,12,ĐBS Cửu Long,Provincial,Cultivation,Lúa,,Area_Planted,1290100.0,ha,Actual,PL3
a1702bb7ba5854a3,2012,12,ĐBS Cửu Long,Provincial,Cultivation,Lúa,,Area_Planted,5311.0,ha,Actual,PL3
a1702bb7ba5854a3,2012,12,ĐBS Cửu Long,Provincial,Cultivation,Lúa,,Area_Planted,3031.0,ha,Actual,PL3
a1702bb7ba5854a3,2012,12,ĐBS Cửu Long,Provincial,Cultivation,Lúa,,Area_Planted,757.0,ha,Actual,PL3
a1702bb7ba5854a3,2012,12,ĐBS Cửu Long,Provincial,Cultivation,Lúa,,Area_Planted,2542.0,ha,Actual,PL3
6ee9eb0829650c89,2012,12,Long An,Provincial,Cultivation,Lúa,,Area_Planted,6450.0,ha,Actual,PL3
6ee9eb0829650c89,2012,12,Long An,Provincial,Cultivation,Lúa,,Area_Planted,745.0,ha,Actual,PL3
6ee9eb0829650c89,2012,12,Long An,Provincial,Cultivation,Lúa,,Area_Planted,176241.0,ha,Actual,PL3
6ee9eb0829650c89,2012,12,Long An,Provincial,Cultivation,Lúa,,Area_Planted,55.0,ha,Actual,PL3
6ee9eb0829650c89,2012,12,Long An,Provincial,Cultivation,Lúa,,Area_Planted,1716.0,ha,Actual,PL3
7dffaf57dd26c7cb,2012,12,Tiền Giang (*),Provincial,Cultivation,Lúa,,Area_Planted,78900.0,ha,Actual,PL3
7dffaf57dd26c7cb,2012,12,Tiền Giang (*),Provincial,Cultivation,Lúa,,Area_Planted,987.0,ha,Actual,PL3
7dffaf57dd26c7cb,2012,12,Tiền Giang (*),Provincial,Cultivation,Lúa,,Area_Planted,45.0,ha,Actual,PL3
7dffaf57dd26c7cb,2012,12,Tiền Giang (*),Provincial,Cultivation,Lúa,,Area_Planted,22.0,ha,Actual,PL3
7dffaf57dd26c7cb,2012,12,Tiền Giang (*),Provincial,Cultivation,Lúa,,Area_Planted,35.0,ha,Actual,PL3
fd6e35a9320a33a2,2012,12,Bến Tre,Provincial,Cultivation,Lúa,,Area_Planted,11395.0,ha,Actual,PL3
fd6e35a9320a33a2,2012,12,Bến Tre,Provincial,Cultivation,Lúa,,Area_Planted,344.0,ha,Actual,PL3
fd6e35a9320a33a2,2012,12,Bến Tre,Provincial,Cultivation,Lúa,,Area_Planted,482.0,ha,Actual,PL3
45a23af7bbbcdfe2,2012,12,Trà Vinh,Provincial,Cultivation,Lúa,,Area_Planted,57548.0,ha,Actual,PL3
45a23af7bbbcdfe2,2012,12,Trà Vinh,Provincial,Cultivation,Lúa,,Area_Planted,637.0,ha,Actual,PL3
45a23af7bbbcdfe2,2012,12,Trà Vinh,Provincial,Cultivation,Lúa,,Area_Planted,33895.0,ha,Actual,PL3
45a23af7bbbcdfe2,2012,12,Trà Vinh,Provincial,Cultivation,Lúa,,Area_Planted,389.0,ha,Actual,PL3
45a23af7bbbcdfe2,2012,12,Trà Vinh,Provincial,Cultivation,Lúa,,Area_Planted,70.0,ha,Actual,PL3
45a23af7bbbcdfe2,2012,12,Trà Vinh,Provincial,Cultivation,Lúa,,Area_Planted,555.0,ha,Actual,PL3
e5fba83ad1d10c5a,2012,12,Vĩnh Long (*),Provincial,Cultivation,Lúa,,Area_Planted,63751.0,ha,Actual,PL3
e5fba83ad1d10c5a,2012,12,Vĩnh Long (*),Provincial,Cultivation,Lúa,,Area_Planted,149.0,ha,Actual,PL3
e5fba83ad1d10c5a,2012,12,Vĩnh Long (*),Provincial,Cultivation,Lúa,,Area_Planted,1566.0,ha,Actual,PL3
e5fba83ad1d10c5a,2012,12,Vĩnh Long (*),Provincial,Cultivation,Lúa,,Area_Planted,446.0,ha,Actual,PL3
601bd036586f10ae,2012,12,Đồng Tháp (*),Provincial,Cultivation,Lúa,,Area_Planted,199384.0,ha,Actual,PL3
601bd036586f10ae,2012,12,Đồng Tháp (*),Provincial,Cultivation,Lúa,,Area_Planted,1058.0,ha,Actual,PL3
601bd036586f10ae,2012,12,Đồng Tháp (*),Provincial,Cultivation,Lúa,,Area_Planted,335.0,ha,Actual,PL3
601bd036586f10ae,2012,12,Đồng Tháp (*),Provincial,Cultivation,Lúa,,Area_Planted,65.0,ha,Actual,PL3
601bd036586f10ae,2012,12,Đồng Tháp (*),Provincial,Cultivation,Lúa,,Area_Planted,60.0,ha,Actual,PL3
45c1f4b53e7260e3,2012,12,An Giang,Provincial,Cultivation,Lúa,,Area_Planted,5923.0,ha,Actual,PL3
45c1f4b53e7260e3,2012,12,An Giang,Provincial,Cultivation,Lúa,,Area_Planted,100.0,ha,Actual,PL3
45c1f4b53e7260e3,2012,12,An Giang,Provincial,Cultivation,Lúa,,Area_Planted,137624.0,ha,Actual,PL3
45c1f4b53e7260e3,2012,12,An Giang,Provincial,Cultivation,Lúa,,Area_Planted,2557.0,ha,Actual,PL3
45c1f4b53e7260e3,2012,12,An Giang,Provincial,Cultivation,Lúa,,Area_Planted,42.0,ha,Actual,PL3
45c1f4b53e7260e3,2012,12,An Giang,Provincial,Cultivation,Lúa,,Area_Planted,83.0,ha,Actual,PL3
45c1f4b53e7260e3,2012,12,An Giang,Provincial,Cultivation,Lúa,,Area_Planted,171.0,ha,Actual,PL3
82a686efe3ee03d1,2012,12,Kiên Giang,Provincial,Cultivation,Lúa,,Area_Planted,6306.0,ha,Actual,PL3
82a686efe3ee03d1,2012,12,Kiên Giang,Provincial,Cultivation,Lúa,,Area_Planted,96.0,ha,Actual,PL3
82a686efe3ee03d1,2012,12,Kiên Giang,Provincial,Cultivation,Lúa,,Area_Planted,291472.0,ha,Actual,PL3
82a686efe3ee03d1,2012,12,Kiên Giang,Provincial,Cultivation,Lúa,,Area_Planted,950.0,ha,Actual,PL3
1a049f0568bf566a,2012,12,Cần Thơ (*),Provincial,Cultivation,Lúa,,Area_Planted,87587.0,ha,Actual,PL3
1a049f0568bf566a,2012,12,Cần Thơ (*),Provincial,Cultivation,Lúa,,Area_Planted,116.0,ha,Actual,PL3
1a049f0568bf566a,2012,12,Cần Thơ (*),Provincial,Cultivation,Lúa,,Area_Planted,23.0,ha,Actual,PL3
1a049f0568bf566a,2012,12,Cần Thơ (*),Provincial,Cultivation,Lúa,,Area_Planted,18.0,ha,Actual,PL3
1a049f0568bf566a,2012,12,Cần Thơ (*),Provincial,Cultivation,Lúa,,Area_Planted,5.0,ha,Actual,PL3
0ce4a23553e4e97f,2012,12,Hậu Giang (*),Provincial,Cultivation,Lúa,,Area_Planted,62435.0,ha,Actual,PL3
46b92d0d7f55b762,2012,12,Sóc Trăng,Provincial,Cultivation,Lúa,,Area_Planted,19546.0,ha,Actual,PL3
46b92d0d7f55b762,2012,12,Sóc Trăng,Provincial,Cultivation,Lúa,,Area_Planted,622.0,ha,Actual,PL3
46b92d0d7f55b762,2012,12,Sóc Trăng,Provincial,Cultivation,Lúa,,Area_Planted,126329.0,ha,Actual,PL3
46b92d0d7f55b762,2012,12,Sóc Trăng,Provincial,Cultivation,Lúa,,Area_Planted,123.0,ha,Actual,PL3
6a362bf777e56e55,2012,12,Bạc Liêu,Provincial,Cultivation,Lúa,,Area_Planted,32208.0,ha,Actual,PL3
6a362bf777e56e55,2012,12,Bạc Liêu,Provincial,Cultivation,Lúa,,Area_Planted,472.0,ha,Actual,PL3
6a362bf777e56e55,2012,12,Bạc Liêu,Provincial,Cultivation,Lúa,,Area_Planted,32000.0,ha,Actual,PL3
05b4b1550f4cc333,2012,12,Cà Mau,Provincial,Cultivation,Lúa,,Area_Planted,93133.0,ha,Actual,PL3
05b4b1550f4cc333,2012,12,Cà Mau,Provincial,Cultivation,Lúa,,Area_Planted,980.0,ha,Actual,PL3
1ea1289f42237fad,2012,12,Diện  tích,Provincial,Cultivation,Lúa,,Area_Planted,258.0,ha,Actual,PL4
1ea1289f42237fad,2012,12,Diện  tích,Provincial,Cultivation,Lúa,,Area_Planted,248.0,ha,Actual,PL4
fb0fbccf7c4cb069,2012,12,Diện  tích,Provincial,Cultivation,Lúa,,Harvest_percent,963.0,percent,Actual,PL4
5f9edad5f0113ba6,2012,12,Năng suất,Provincial,Cultivation,Lúa,,Area_Planted,192.0,ha,Actual,PL4
5f9edad5f0113ba6,2012,12,Năng suất,Provincial,Cultivation,Lúa,,Area_Planted,191.0,ha,Actual,PL4
993472b785b18818,2012,12,Năng suất,Provincial,Cultivation,Lúa,,Harvest_percent,995.0,percent,Actual,PL4
a57897aa07c38ef5,2012,12,Sản lượng,Provincial,Cultivation,Lúa,,Area_Planted,495.0,ha,Actual,PL4
a57897aa07c38ef5,2012,12,Sản lượng,Provincial,Cultivation,Lúa,,Area_Planted,474.0,ha,Actual,PL4
ededd0d5cdc48bcd,2012,12,Sản lượng,Provincial,Cultivation,Lúa,,Harvest_percent,958.0,percent,Actual,PL4
1ea1289f42237fad,2012,12,Diện  tích,Provincial,Cultivation,Lúa,,Area_Planted,2238.0,ha,Actual,PL4
1ea1289f42237fad,2012,12,Diện  tích,Provincial,Cultivation,Lúa,,Area_Planted,2205.0,ha,Actual,PL4
fb0fbccf7c4cb069,2012,12,Diện  tích,Provincial,Cultivation,Lúa,,Harvest_percent,985.0,percent,Actual,PL4
5f9edad5f0113ba6,2012,12,Năng suất,Provincial,Cultivation,Lúa,,Area_Planted,209.0,ha,Actual,PL4
5f9edad5f0113ba6,2012,12,Năng suất,Provincial,Cultivation,Lúa,,Area_Planted,213.0,ha,Actual,PL4
993472b785b18818,2012,12,Năng suất,Provincial,Cultivation,Lúa,,Harvest_percent,1019.0,percent,Actual,PL4
a57897aa07c38ef5,2012,12,Sản lượng,Provincial,Cultivation,Lúa,,Area_Planted,4687.0,ha,Actual,PL4
a57897aa07c38ef5,2012,12,Sản lượng,Provincial,Cultivation,Lúa,,Area_Planted,4706.0,ha,Actual,PL4
ededd0d5cdc48bcd,2012,12,Sản lượng,Provincial,Cultivation,Lúa,,Harvest_percent,1004.0,percent,Actual,PL4
1ea1289f42237fad,2012,12,Diện  tích,Provincial,Cultivation,Lúa,,Area_Planted,1811.0,ha,Actual,PL4
1ea1289f42237fad,2012,12,Diện  tích,Provincial,Cultivation,Lúa,,Area_Planted,1208.0,ha,Actual,PL4
fb0fbccf7c4cb069,2012,12,Diện  tích,Provincial,Cultivation,Lúa,,Harvest_percent,667.0,percent,Actual,PL4
5f9edad5f0113ba6,2012,12,Năng suất,Provincial,Cultivation,Lúa,,Area_Planted,147.0,ha,Actual,PL4
5f9edad5f0113ba6,2012,12,Năng suất,Provincial,Cultivation,Lúa,,Area_Planted,145.0,ha,Actual,PL4
993472b785b18818,2012,12,Năng suất,Provincial,Cultivation,Lúa,,Harvest_percent,985.0,percent,Actual,PL4
a57897aa07c38ef5,2012,12,Sản lượng,Provincial,Cultivation,Lúa,,Area_Planted,2669.0,ha,Actual,PL4
a57897aa07c38ef5,2012,12,Sản lượng,Provincial,Cultivation,Lúa,,Area_Planted,1753.0,ha,Actual,PL4
ededd0d5cdc48bcd,2012,12,Sản lượng,Provincial,Cultivation,Lúa,,Harvest_percent,657.0,percent,Actual,PL4
1ea1289f42237fad,2012,12,Diện  tích,Provincial,Cultivation,Lúa,,Area_Planted,460.0,ha,Actual,PL4
1ea1289f42237fad,2012,12,Diện  tích,Provincial,Cultivation,Lúa,,Area_Planted,414.0,ha,Actual,PL4
fb0fbccf7c4cb069,2012,12,Diện  tích,Provincial,Cultivation,Lúa,,Harvest_percent,900.0,percent,Actual,PL4
5f9edad5f0113ba6,2012,12,Năng suất,Provincial,Cultivation,Lúa,,Area_Planted,69.0,ha,Actual,PL4
5f9edad5f0113ba6,2012,12,Năng suất,Provincial,Cultivation,Lúa,,Area_Planted,72.0,ha,Actual,PL4
993472b785b18818,2012,12,Năng suất,Provincial,Cultivation,Lúa,,Harvest_percent,1040.0,percent,Actual,PL4
a57897aa07c38ef5,2012,12,Sản lượng,Provincial,Cultivation,Lúa,,Area_Planted,317.0,ha,Actual,PL4
a57897aa07c38ef5,2012,12,Sản lượng,Provincial,Cultivation,Lúa,,Area_Planted,297.0,ha,Actual,PL4
ededd0d5cdc48bcd,2012,12,Sản lượng,Provincial,Cultivation,Lúa,,Harvest_percent,936.0,percent,Actual,PL4
1ea1289f42237fad,2012,12,Diện  tích,Provincial,Cultivation,Lúa,,Area_Planted,8055.0,ha,Actual,PL4
1ea1289f42237fad,2012,12,Diện  tích,Provincial,Cultivation,Lúa,,Area_Planted,8299.0,ha,Actual,PL4
fb0fbccf7c4cb069,2012,12,Diện  tích,Provincial,Cultivation,Lúa,,Harvest_percent,1030.0,percent,Actual,PL4
5f9edad5f0113ba6,2012,12,Năng suất,Provincial,Cultivation,Lúa,,Area_Planted,1666.0,ha,Actual,PL4
5f9edad5f0113ba6,2012,12,Năng suất,Provincial,Cultivation,Lúa,,Area_Planted,1686.0,ha,Actual,PL4
993472b785b18818,2012,12,Năng suất,Provincial,Cultivation,Lúa,,Harvest_percent,1012.0,percent,Actual,PL4
a57897aa07c38ef5,2012,12,Sản lượng,Provincial,Cultivation,Lúa,,Area_Planted,134165.0,ha,Actual,PL4
a57897aa07c38ef5,2012,12,Sản lượng,Provincial,Cultivation,Lúa,,Area_Planted,139924.0,ha,Actual,PL4
ededd0d5cdc48bcd,2012,12,Sản lượng,Provincial,Cultivation,Lúa,,Harvest_percent,1043.0,percent,Actual,PL4
1ea1289f42237fad,2012,12,Diện  tích,Provincial,Cultivation,Lúa,,Area_Planted,1895.0,ha,Actual,PL4
1ea1289f42237fad,2012,12,Diện  tích,Provincial,Cultivation,Lúa,,Area_Planted,1750.0,ha,Actual,PL4
fb0fbccf7c4cb069,2012,12,Diện  tích,Provincial,Cultivation,Lúa,,Harvest_percent,923.0,percent,Actual,PL4
5f9edad5f0113ba6,2012,12,Năng suất,Provincial,Cultivation,Lúa,,Area_Planted,99.0,ha,Actual,PL4
5f9edad5f0113ba6,2012,12,Năng suất,Provincial,Cultivation,Lúa,,Area_Planted,103.0,ha,Actual,PL4
993472b785b18818,2012,12,Năng suất,Provincial,Cultivation,Lúa,,Harvest_percent,1033.0,percent,Actual,PL4
a57897aa07c38ef5,2012,12,Sản lượng,Provincial,Cultivation,Lúa,,Area_Planted,1884.0,ha,Actual,PL4
a57897aa07c38ef5,2012,12,Sản lượng,Provincial,Cultivation,Lúa,,Area_Planted,1797.0,ha,Actual,PL4
ededd0d5cdc48bcd,2012,12,Sản lượng,Provincial,Cultivation,Lúa,,Harvest_percent,954.0,percent,Actual,PL4
65176fa750563dcc,2012,12,DT cho sản phẩm,Provincial,Cultivation,Lúa,,Area_Planted,336.0,ha,Actual,PL5
65176fa750563dcc,2012,12,DT cho sản phẩm,Provincial,Cultivation,Lúa,,Area_Planted,360.0,ha,Actual,PL5
08641a82645b6d84,2012,12,DT cho sản phẩm,Provincial,Cultivation,Lúa,,Harvest_percent,1071.0,percent,Actual,PL5
5f9edad5f0113ba6,2012,12,Năng suất,Provincial,Cultivation,Lúa,,Area_Planted,1580.0,ha,Actual,PL5
5f9edad5f0113ba6,2012,12,Năng suất,Provincial,Cultivation,Lúa,,Area_Planted,1588.0,ha,Actual,PL5
993472b785b18818,2012,12,Năng suất,Provincial,Cultivation,Lúa,,Harvest_percent,1005.0,percent,Actual,PL5
a57897aa07c38ef5,2012,12,Sản lượng,Provincial,Cultivation,Lúa,,Area_Planted,5309.0,ha,Actual,PL5
a57897aa07c38ef5,2012,12,Sản lượng,Provincial,Cultivation,Lúa,,Area_Planted,5716.0,ha,Actual,PL5
ededd0d5cdc48bcd,2012,12,Sản lượng,Provincial,Cultivation,Lúa,,Harvest_percent,1077.0,percent,Actual,PL5
8c81625ea4e2e333,2012,12,DT gieo trồng,Provincial,Cultivation,Lúa,,Area_Planted,1221.0,ha,Actual,PL5
8c81625ea4e2e333,2012,12,DT gieo trồng,Provincial,Cultivation,Lúa,,Area_Planted,1236.0,ha,Actual,PL5
2a71ebbb2533a793,2012,12,DT gieo trồng,Provincial,Cultivation,Lúa,,Harvest_percent,1012.0,percent,Actual,PL5
65176fa750563dcc,2012,12,DT cho sản phẩm,Provincial,Cultivation,Lúa,,Area_Planted,1063.0,ha,Actual,PL5
65176fa750563dcc,2012,12,DT cho sản phẩm,Provincial,Cultivation,Lúa,,Area_Planted,1090.0,ha,Actual,PL5
08641a82645b6d84,2012,12,DT cho sản phẩm,Provincial,Cultivation,Lúa,,Harvest_percent,1025.0,percent,Actual,PL5
5f9edad5f0113ba6,2012,12,Năng suất,Provincial,Cultivation,Lúa,,Area_Planted,1640.0,ha,Actual,PL5
5f9edad5f0113ba6,2012,12,Năng suất,Provincial,Cultivation,Lúa,,Area_Planted,1648.0,ha,Actual,PL5
993472b785b18818,2012,12,Năng suất,Provincial,Cultivation,Lúa,,Harvest_percent,1005.0,percent,Actual,PL5
ededd0d5cdc48bcd,2012,12,Sản lượng,Provincial,Cultivation,Lúa,,Harvest_percent,1030.0,percent,Actual,PL5
8c81625ea4e2e333,2012,12,DT gieo trồng,Provincial,Cultivation,Lúa,,Area_Planted,864.0,ha,Actual,PL5
8c81625ea4e2e333,2012,12,DT gieo trồng,Provincial,Cultivation,Lúa,,Area_Planted,861.0,ha,Actual,PL5
2a71ebbb2533a793,2012,12,DT gieo trồng,Provincial,Cultivation,Lúa,,Harvest_percent,997.0,percent,Actual,PL5
65176fa750563dcc,2012,12,DT cho sản phẩm,Provincial,Cultivation,Lúa,,Area_Planted,718.0,ha,Actual,PL5
65176fa750563dcc,2012,12,DT cho sản phẩm,Provincial,Cultivation,Lúa,,Area_Planted,737.0,ha,Actual,PL5
08641a82645b6d84,2012,12,DT cho sản phẩm,Provincial,Cultivation,Lúa,,Harvest_percent,1026.0,percent,Actual,PL5
5f9edad5f0113ba6,2012,12,Năng suất,Provincial,Cultivation,Lúa,,Area_Planted,957.0,ha,Actual,PL5
5f9edad5f0113ba6,2012,12,Năng suất,Provincial,Cultivation,Lúa,,Area_Planted,1053.0,ha,Actual,PL5
993472b785b18818,2012,12,Năng suất,Provincial,Cultivation,Lúa,,Harvest_percent,1101.0,percent,Actual,PL5
a57897aa07c38ef5,2012,12,Sản lượng,Provincial,Cultivation,Lúa,,Area_Planted,6870.0,ha,Actual,PL5
a57897aa07c38ef5,2012,12,Sản lượng,Provincial,Cultivation,Lúa,,Area_Planted,7763.0,ha,Actual,PL5
ededd0d5cdc48bcd,2012,12,Sản lượng,Provincial,Cultivation,Lúa,,Harvest_percent,1130.0,percent,Actual,PL5
8c81625ea4e2e333,2012,12,DT gieo trồng,Provincial,Cultivation,Lúa,,Area_Planted,862.0,ha,Actual,PL5
8c81625ea4e2e333,2012,12,DT gieo trồng,Provincial,Cultivation,Lúa,,Area_Planted,835.0,ha,Actual,PL5
2a71ebbb2533a793,2012,12,DT gieo trồng,Provincial,Cultivation,Lúa,,Harvest_percent,969.0,percent,Actual,PL5
65176fa750563dcc,2012,12,DT cho sản phẩm,Provincial,Cultivation,Lúa,,Area_Planted,797.0,ha,Actual,PL5
65176fa750563dcc,2012,12,DT cho sản phẩm,Provincial,Cultivation,Lúa,,Area_Planted,781.0,ha,Actual,PL5
08641a82645b6d84,2012,12,DT cho sản phẩm,Provincial,Cultivation,Lúa,,Harvest_percent,980.0,percent,Actual,PL5
5f9edad5f0113ba6,2012,12,Năng suất,Provincial,Cultivation,Lúa,,Area_Planted,747.0,ha,Actual,PL5
5f9edad5f0113ba6,2012,12,Năng suất,Provincial,Cultivation,Lúa,,Area_Planted,698.0,ha,Actual,PL5
993472b785b18818,2012,12,Năng suất,Provincial,Cultivation,Lúa,,Harvest_percent,934.0,percent,Actual,PL5
a57897aa07c38ef5,2012,12,Sản lượng,Provincial,Cultivation,Lúa,,Area_Planted,5957.0,ha,Actual,PL5
a57897aa07c38ef5,2012,12,Sản lượng,Provincial,Cultivation,Lúa,,Area_Planted,5453.0,ha,Actual,PL5
ededd0d5cdc48bcd,2012,12,Sản lượng,Provincial,Cultivation,Lúa,,Harvest_percent,915.0,percent,Actual,PL5
8c81625ea4e2e333,2012,12,DT gieo trồng,Provincial,Cultivation,Lúa,,Area_Planted,1009.0,ha,Actual,PL5
8c81625ea4e2e333,2012,12,DT gieo trồng,Provincial,Cultivation,Lúa,,Area_Planted,980.0,ha,Actual,PL5
2a71ebbb2533a793,2012,12,DT gieo trồng,Provincial,Cultivation,Lúa,,Harvest_percent,971.0,percent,Actual,PL5
65176fa750563dcc,2012,12,DT cho sản phẩm,Provincial,Cultivation,Lúa,,Area_Planted,955.0,ha,Actual,PL5
65176fa750563dcc,2012,12,DT cho sản phẩm,Provincial,Cultivation,Lúa,,Area_Planted,912.0,ha,Actual,PL5
08641a82645b6d84,2012,12,DT cho sản phẩm,Provincial,Cultivation,Lúa,,Harvest_percent,955.0,percent,Actual,PL5
5f9edad5f0113ba6,2012,12,Năng suất,Provincial,Cultivation,Lúa,,Area_Planted,760.0,ha,Actual,PL5
5f9edad5f0113ba6,2012,12,Năng suất,Provincial,Cultivation,Lúa,,Area_Planted,712.0,ha,Actual,PL5
993472b785b18818,2012,12,Năng suất,Provincial,Cultivation,Lúa,,Harvest_percent,937.0,percent,Actual,PL5
a57897aa07c38ef5,2012,12,Sản lượng,Provincial,Cultivation,Lúa,,Area_Planted,7254.0,ha,Actual,PL5
a57897aa07c38ef5,2012,12,Sản lượng,Provincial,Cultivation,Lúa,,Area_Planted,6493.0,ha,Actual,PL5
ededd0d5cdc48bcd,2012,12,Sản lượng,Provincial,Cultivation,Lúa,,Harvest_percent,895.0,percent,Actual,PL5
8c81625ea4e2e333,2012,12,DT gieo trồng,Provincial,Cultivation,Lúa,,Area_Planted,453.0,ha,Actual,PL5
8c81625ea4e2e333,2012,12,DT gieo trồng,Provincial,Cultivation,Lúa,,Area_Planted,456.0,ha,Actual,PL5
2a71ebbb2533a793,2012,12,DT gieo trồng,Provincial,Cultivation,Lúa,,Harvest_percent,1007.0,percent,Actual,PL5
65176fa750563dcc,2012,12,DT cho sản phẩm,Provincial,Cultivation,Lúa,,Area_Planted,365.0,ha,Actual,PL5
65176fa750563dcc,2012,12,DT cho sản phẩm,Provincial,Cultivation,Lúa,,Area_Planted,374.0,ha,Actual,PL5
08641a82645b6d84,2012,12,DT cho sản phẩm,Provincial,Cultivation,Lúa,,Harvest_percent,1025.0,percent,Actual,PL5
5f9edad5f0113ba6,2012,12,Năng suất,Provincial,Cultivation,Lúa,,Area_Planted,1162.0,ha,Actual,PL5
5f9edad5f0113ba6,2012,12,Năng suất,Provincial,Cultivation,Lúa,,Area_Planted,1165.0,ha,Actual,PL5
993472b785b18818,2012,12,Năng suất,Provincial,Cultivation,Lúa,,Harvest_percent,1002.0,percent,Actual,PL5
a57897aa07c38ef5,2012,12,Sản lượng,Provincial,Cultivation,Lúa,,Area_Planted,4241.0,ha,Actual,PL5
a57897aa07c38ef5,2012,12,Sản lượng,Provincial,Cultivation,Lúa,,Area_Planted,4356.0,ha,Actual,PL5
ededd0d5cdc48bcd,2012,12,Sản lượng,Provincial,Cultivation,Lúa,,Harvest_percent,1027.0,percent,Actual,PL5
8c81625ea4e2e333,2012,12,DT gieo trồng,Provincial,Cultivation,Lúa,,Area_Planted,8.0,ha,Actual,PL5
8c81625ea4e2e333,2012,12,DT gieo trồng,Provincial,Cultivation,Lúa,,Area_Planted,8.0,ha,Actual,PL5
2a71ebbb2533a793,2012,12,DT gieo trồng,Provincial,Cultivation,Lúa,,Harvest_percent,1000.0,percent,Actual,PL5
65176fa750563dcc,2012,12,DT cho sản phẩm,Provincial,Cultivation,Lúa,,Area_Planted,7.0,ha,Actual,PL5
65176fa750563dcc,2012,12,DT cho sản phẩm,Provincial,Cultivation,Lúa,,Area_Planted,8.0,ha,Actual,PL5
08641a82645b6d84,2012,12,DT cho sản phẩm,Provincial,Cultivation,Lúa,,Harvest_percent,1143.0,percent,Actual,PL5
5f9edad5f0113ba6,2012,12,Năng suất,Provincial,Cultivation,Lúa,,Area_Planted,2100.0,ha,Actual,PL5
5f9edad5f0113ba6,2012,12,Năng suất,Provincial,Cultivation,Lúa,,Area_Planted,1900.0,ha,Actual,PL5
993472b785b18818,2012,12,Năng suất,Provincial,Cultivation,Lúa,,Harvest_percent,905.0,percent,Actual,PL5
a57897aa07c38ef5,2012,12,Sản lượng,Provincial,Cultivation,Lúa,,Area_Planted,147.0,ha,Actual,PL5
a57897aa07c38ef5,2012,12,Sản lượng,Provincial,Cultivation,Lúa,,Area_Planted,152.0,ha,Actual,PL5
ededd0d5cdc48bcd,2012,12,Sản lượng,Provincial,Cultivation,Lúa,,Harvest_percent,1034.0,percent,Actual,PL5
7c841cdf82eb11f8,2012,12,Cả nước,National,Forestry,Rừng,,Area,867.0,1000_ha,Estimated,PL6
c2fdae3d95e93f66,2012,12,Cả nước,National,Forestry,Rừng,,Area,2147.0,1000_ha,Plan,PL6
7c841cdf82eb11f8,2012,12,Cả nước,National,Forestry,Rừng,,Area,744.0,1000_ha,Estimated,PL6
c2fdae3d95e93f66,2012,12,Cả nước,National,Forestry,Rừng,,Area,205.0,1000_ha,Plan,PL6
7c841cdf82eb11f8,2012,12,Cả nước,National,Forestry,Rừng,,Area,880.0,1000_ha,Estimated,PL6
c2fdae3d95e93f66,2012,12,Cả nước,National,Forestry,Rừng,,Area,1943.0,1000_ha,Plan,PL6
7c841cdf82eb11f8,2012,12,Cả nước,National,Forestry,Rừng,,Area,1301.0,1000_ha,Estimated,PL6
c2fdae3d95e93f66,2012,12,Cả nước,National,Forestry,Rừng,,Area,3420.0,1000_ha,Plan,PL6
7c841cdf82eb11f8,2012,12,Cả nước,National,Forestry,Rừng,,Area,1003.0,1000_ha,Estimated,PL6
c2fdae3d95e93f66,2012,12,Cả nước,National,Forestry,Rừng,,Area,1690.0,1000_ha,Plan,PL6
7c841cdf82eb11f8,2012,12,Cả nước,National,Forestry,Rừng,,Area,1000.0,1000_ha,Estimated,PL6
c2fdae3d95e93f66,2012,12,Cả nước,National,Forestry,Rừng,,Area,6996.0,1000_ha,Plan,PL6
7c841cdf82eb11f8,2012,12,Cả nước,National,Forestry,Rừng,,Area,1133.0,1000_ha,Estimated,PL6
c2fdae3d95e93f66,2012,12,Cả nước,National,Forestry,Rừng,,Area,24235.0,1000_ha,Plan,PL6
7c841cdf82eb11f8,2012,12,Cả nước,National,Forestry,Rừng,,Area,1119.0,1000_ha,Estimated,PL6
c2fdae3d95e93f66,2012,12,Cả nước,National,Forestry,Rừng,,Area,46920.0,1000_ha,Plan,PL6
7c841cdf82eb11f8,2012,12,Cả nước,National,Forestry,Rừng,,Area,1030.0,1000_ha,Estimated,PL6
c2fdae3d95e93f66,2012,12,Cả nước,National,Forestry,Rừng,,Area,266000.0,1000_ha,Plan,PL6
7c841cdf82eb11f8,2012,12,Cả nước,National,Forestry,Rừng,,Area,1064.0,1000_ha,Estimated,PL6
c2fdae3d95e93f66,2012,12,Cả nước,National,Forestry,Rừng,,Area,78091.0,1000_ha,Plan,PL6
7c841cdf82eb11f8,2012,12,Cả nước,National,Forestry,Rừng,,Area,1066.0,1000_ha,Estimated,PL6
c2fdae3d95e93f66,2012,12,Cả nước,National,Forestry,Rừng,,Area,198226.0,1000_ha,Plan,PL6
7c841cdf82eb11f8,2012,12,Cả nước,National,Forestry,Rừng,,Area,1198.0,1000_ha,Estimated,PL6
c2fdae3d95e93f66,2012,12,Cả nước,National,Forestry,Rừng,,Area,1745.0,1000_ha,Plan,PL6
7c841cdf82eb11f8,2012,12,Cả nước,National,Forestry,Rừng,,Area,519.0,1000_ha,Estimated,PL6
c2fdae3d95e93f66,2012,12,Cả nước,National,Forestry,Rừng,,Area,2187.0,1000_ha,Plan,PL6
4c69d32728e34a42,2012,1,Cả nước,National,Trade,0,Xuất khẩu,Export_Volume,3.0,1000_ton,Actual,PL8
c8abe3d6400b2bf2,2012,1,Cả nước,National,Trade,0,Xuất khẩu,Export_Value,4.0,million_USD,Actual,PL8
b0c66c16aebcd741,2012,1,Cả nước,National,Trade,I,Xuất khẩu,Export_Volume,5464.0,1000_ton,Actual,PL8
6232964843d3ea55,2012,1,Cả nước,National,Trade,I,Xuất khẩu,Export_Value,5335.0,million_USD,Actual,PL8
c5c9b9984fb5b50c,2012,1,Cả nước,National,Trade,1,Xuất khẩu,Export_Volume,2534.0,1000_ton,Actual,PL8
22fbd2193b7a8eeb,2012,1,Cả nước,National,Trade,1,Xuất khẩu,Export_Value,2453.0,million_USD,Actual,PL8
4b1d511df68290b2,2012,1,Cả nước,National,Trade,1.1,Xuất khẩu,Export_Volume,2340.0,1000_ton,Actual,PL8
b2dd89277b4c3b04,2012,1,Cả nước,National,Trade,1.1,Xuất khẩu,Export_Value,2276.0,million_USD,Actual,PL8
3d4297a5a5fb6d26,2012,1,Cả nước,National,Trade,1.2,Xuất khẩu,Export_Volume,194.0,1000_ton,Actual,PL8
776e98f5ea9cef4c,2012,1,Cả nước,National,Trade,1.2,Xuất khẩu,Export_Value,177.0,million_USD,Actual,PL8
ab27cef591a69fcd,2012,1,Cả nước,National,Trade,2,Xuất khẩu,Export_Volume,2930.0,1000_ton,Actual,PL8
4e870957eb43ec2c,2012,1,Cả nước,National,Trade,2,Xuất khẩu,Export_Value,2882.0,million_USD,Actual,PL8
712558b849b8b3ff,2012,12,Cả nước,National,Investment,Vốn thực hiện dự án,,Investment_Amount,5218300.0,million_VND,Plan,PL9
cbd77a197c67a2e7,2012,12,Cả nước,National,Investment,Vốn thực hiện dự án,,Investment_Amount,4795200.0,million_VND,Cumulative,PL9
1dcbdb382f78c672,2012,12,Cả nước,National,Investment,Thủy lợi,,Investment_Amount,3330300.0,million_VND,Plan,PL9
bee7c6efccc1e437,2012,12,Cả nước,National,Investment,Thủy lợi,,Investment_Amount,2667200.0,million_VND,Cumulative,PL9
54ccb48a99de18ab,2012,12,Cả nước,National,Investment,Nông nghiệp,,Investment_Amount,969500.0,million_VND,Plan,PL9
aca57b2596d42053,2012,12,Cả nước,National,Investment,Nông nghiệp,,Investment_Amount,1283300.0,million_VND,Cumulative,PL9
32d140f43335b9bc,2012,12,Cả nước,National,Investment,Lâm nghiệp,,Investment_Amount,348200.0,million_VND,Plan,PL9
0302b9a3294ce538,2012,12,Cả nước,National,Investment,Lâm nghiệp,,Investment_Amount,344900.0,million_VND,Cumulative,PL9
141bdd1d03898571,2012,12,Cả nước,National,Investment,Thủy sản,,Investment_Amount,85000.0,million_VND,Plan,PL9
705c0db26c5a2199,2012,12,Cả nước,National,Investment,Thủy sản,,Investment_Amount,60100.0,million_VND,Cumulative,PL9
1b673a2a36800e27,2012,12,Cả nước,National,Investment,Giáo dục - Đào tạo,,Investment_Amount,140000.0,million_VND,Plan,PL9
21e51954332798fc,2012,12,Cả nước,National,Investment,Giáo dục - Đào tạo,,Investment_Amount,137600.0,million_VND,Cumulative,PL9
fd8ffc35800bbc3c,2012,12,Cả nước,National,Investment,Khoa học - Công nghệ,,Investment_Amount,65800.0,million_VND,Plan,PL9
84282230a869de60,2012,12,Cả nước,National,Investment,Khoa học - Công nghệ,,Investment_Amount,67900.0,million_VND,Cumulative,PL9
6dfca23cfcf27b7f,2012,12,Cả nước,National,Investment,Chương trình trọng điểm pháttriển và ứng dụng công nghệsinh học,,Investment_Amount,30000.0,million_VND,Plan,PL9
9317850246ed1c5d,2012,12,Cả nước,National,Investment,Chương trình trọng điểm pháttriển và ứng dụng công nghệsinh học,,Investment_Amount,11000.0,million_VND,Cumulative,PL9
c913daea59ed2cd5,2012,12,Cả nước,National,Investment,Đầu tư khác,,Investment_Amount,249500.0,million_VND,Plan,PL9
0c1893852a91ab6d,2012,12,Cả nước,National,Investment,Đầu tư khác,,Investment_Amount,223200.0,million_VND,Cumulative,PL9
1862c15050ab7b20,2012,12,Cả nước,National,Investment,Vốn đầu tư theo các mục tiêunhiệm vụ cụ thể,,Investment_Amount,416500.0,million_VND,Plan,PL9
1be05a53674eab30,2012,12,Cả nước,National,Investment,Vốn đầu tư theo các mục tiêunhiệm vụ cụ thể,,Investment_Amount,385546.0,million_VND,Cumulative,PL9
b2ed00671e641e0d,2012,12,Cả nước,National,Investment,Chương trình nuôi trồng thủysản,,Investment_Amount,180000.0,million_VND,Plan,PL9
cfb4ba96835c1c4c,2012,12,Cả nước,National,Investment,Chương trình nuôi trồng thủysản,,Investment_Amount,152600.0,million_VND,Cumulative,PL9
bee3fc0af958ca5a,2012,12,Cả nước,National,Investment,Chương trình giống,,Investment_Amount,110000.0,million_VND,Plan,PL9
6b3d0ea0e82c6353,2012,12,Cả nước,National,Investment,Chương trình giống,,Investment_Amount,104600.0,million_VND,Cumulative,PL9
3b55149a6a722a78,2012,12,Cả nước,National,Investment,"Chương trình neo đậu, tránh trúbão",,Investment_Amount,90000.0,million_VND,Plan,PL9
a9da436673a21fab,2012,12,Cả nước,National,Investment,"Chương trình neo đậu, tránh trúbão",,Investment_Amount,102946.0,million_VND,Cumulative,PL9
b4b900ac972ee2fa,2012,12,Cả nước,National,Investment,"Chương trình phát triển, bảo vệrừng",,Investment_Amount,35000.0,million_VND,Plan,PL9
226f386eb6946ea0,2012,12,Cả nước,National,Investment,"Chương trình phát triển, bảo vệrừng",,Investment_Amount,24100.0,million_VND,Cumulative,PL9
ceea21006ee4b4cf,2012,12,Cả nước,National,Investment,"Chương trình Biển Đông, Hảiđảo",,Investment_Amount,1500.0,million_VND,Plan,PL9
71ee294dda965fee,2012,12,Cả nước,National,Investment,"Chương trình Biển Đông, Hảiđảo",,Investment_Amount,1300.0,million_VND,Cumulative,PL9
2ec7ea94d95e0a15,2012,12,Cả nước,National,Investment,Chương trình nông thôn mới,,Investment_Amount,8000.0,million_VND,Plan,PL9
f599f871a7268059,2012,12,Cả nước,National,Investment,Chương trình nông thôn mới,,Investment_Amount,1000.0,million_VND,Cumulative,PL9
a96ac4b662505757,2012,12,Cả nước,National,Investment,Vốn chuẩn bị đầu tư,,Investment_Amount,38000.0,million_VND,Plan,PL9
3b642a5cbe579c2e,2012,12,Cả nước,National,Investment,Vốn chuẩn bị đầu tư,,Investment_Amount,23459.0,million_VND,Cumulative,PL9
e7046cb33c412f26,2012,12,Cả nước,National,Investment,Bổ sung dự trữ Quốc gia,,Investment_Amount,78500.0,million_VND,Plan,PL9
f018ed1cbea9f967,2012,12,Cả nước,National,Investment,Bổ sung dự trữ Quốc gia,,Investment_Amount,78500.0,million_VND,Cumulative,PL9
5897b7950b4daca0,2012,12,Cả nước,National,Investment,VỐN TP CHÍNH PHỦ,,Investment_Amount,4373389.0,million_VND,Plan,PL9
faefdf8a7f0bdfd0,2012,12,Cả nước,National,Investment,VỐN TP CHÍNH PHỦ,,Investment_Amount,3495900.0,million_VND,Cumulative,PL9
