record_id,year,month,location_name,geo_level,sector,commodity,sub_item,attribute,value,unit,data_type,appendix_number
476df248a43f6e54,2008,6,1. Thu hoạch lúa đông xuân miền Bắc658.8,Provincial,Cultivation,Lúa,Đông Xuân,Area_Harvested,9694.0,1000_ha,Actual,PL1
0c2064b798223d2b,2009,6,1. Thu hoạch lúa đông xuân miền Bắc658.8,Provincial,Cultivation,Lúa,Đông Xuân,Area_Harvested,848.0,1000_ha,Actual,PL1
298591661525fd78,2008,6,- Bắc Trung bộ294.1,Provincial,Cultivation,Unknown,,Area_Planted,3361.0,1000_ha,Actual,PL1
2352829f29dfbdaf,2009,6,- Bắc Trung bộ294.1,Provincial,Cultivation,Unknown,,Area_Planted,1000.0,1000_ha,Actual,PL1
ac56df2fa695388b,2008,6,"2. Gieo cấy lúa hè thu cả nước2,044.9",Provincial,Cultivation,Unknown,,Area_Planted,20168.0,1000_ha,Actual,PL1
54a352b3480fb568,2008,6,"- Miền Nam1,926.2",Provincial,Cultivation,Unknown,,Area_Planted,18872.0,1000_ha,Actual,PL1
300cab5e58a1b8eb,2008,6,"3.1 Gieo trồng màu lương thực1,226.5",Provincial,Cultivation,Màu lương thực,,Area_Planted,12228.0,1000_ha,Actual,PL1
2302daa881ae9e0e,2008,6,- Khoai lang111.5,Provincial,Cultivation,Khoai lang,,Area_Planted,1129.0,1000_ha,Actual,PL1
10d87ae1301ecced,2008,6,- Sắn295.2,Provincial,Cultivation,Sắn,,Area_Planted,3062.0,1000_ha,Actual,PL1
796fb58a6053739b,2008,6,- Đậu tương,Provincial,Cultivation,Đậu tương,,Area_Planted,1379.0,1000_ha,Actual,PL1
ffcbe1c0f58219d6,2008,6,- Thuốc lá24.9,Provincial,Cultivation,Unknown,,Area_Planted,255.0,1000_ha,Actual,PL1
f780d9a18cf6b71d,2008,6,- Mía (trồng mới)143.8,Provincial,Cultivation,Unknown,,Area_Planted,1507.0,1000_ha,Actual,PL1
2d69676dc4fdaff3,2008,6,"3.3 Gieo trồng rau, đậu các loại",Provincial,Cultivation,Rau đậu,,Area_Planted,5336.0,1000_ha,Actual,PL1
b3874eda33c60ef3,2008,6,4.Tổng sản lượng lương thực sơ bộ ĐX 2009 ;1000_ton,Provincial,Cultivation,Unknown,,Area_Planted,206906.0,1000_ha,Actual,PL1
0987416a989363ac,2008,6,Miền Nam,Regional,Cultivation,Unknown,,Area_Planted,121561.0,1000_ha,Actual,PL1
cfa85433e360dcbf,2008,6,Ngô,Provincial,Cultivation,Ngô,,Area_Planted,20510.0,1000_ha,Actual,PL1
dd46024aabfacb83,2009,6,Miền Bắc,Provincial,Cultivation,Lúa,,Area_Planted,1143879.0,ha,Actual,PL2
dd46024aabfacb83,2009,6,Miền Bắc,Provincial,Cultivation,Lúa,,Area_Planted,848.0,ha,Actual,PL2
dd46024aabfacb83,2009,6,Miền Bắc,Provincial,Cultivation,Lúa,,Area_Planted,151693.0,ha,Actual,PL2
dd46024aabfacb83,2009,6,Miền Bắc,Provincial,Cultivation,Lúa,,Area_Planted,174046.0,ha,Actual,PL2
dd46024aabfacb83,2009,6,Miền Bắc,Provincial,Cultivation,Lúa,,Area_Planted,757967.0,ha,Actual,PL2
dd46024aabfacb83,2009,6,Miền Bắc,Provincial,Cultivation,Lúa,,Area_Planted,546337.0,ha,Actual,PL2
dd46024aabfacb83,2009,6,Miền Bắc,Provincial,Cultivation,Lúa,,Area_Planted,96210.0,ha,Actual,PL2
dd46024aabfacb83,2009,6,Miền Bắc,Provincial,Cultivation,Lúa,,Area_Planted,109711.0,ha,Actual,PL2
dd46024aabfacb83,2009,6,Miền Bắc,Provincial,Cultivation,Lúa,,Area_Planted,8394.0,ha,Actual,PL2
4e88548b959a36cf,2009,6,ĐB sông Hồng,Provincial,Cultivation,Lúa,,Area_Planted,549657.0,ha,Actual,PL2
4e88548b959a36cf,2009,6,ĐB sông Hồng,Provincial,Cultivation,Lúa,,Area_Planted,987.0,ha,Actual,PL2
4e88548b959a36cf,2009,6,ĐB sông Hồng,Provincial,Cultivation,Lúa,,Area_Planted,37263.0,ha,Actual,PL2
4e88548b959a36cf,2009,6,ĐB sông Hồng,Provincial,Cultivation,Lúa,,Area_Planted,5259.0,ha,Actual,PL2
4e88548b959a36cf,2009,6,ĐB sông Hồng,Provincial,Cultivation,Lúa,,Area_Planted,87136.0,ha,Actual,PL2
4e88548b959a36cf,2009,6,ĐB sông Hồng,Provincial,Cultivation,Lúa,,Area_Planted,62627.0,ha,Actual,PL2
4e88548b959a36cf,2009,6,ĐB sông Hồng,Provincial,Cultivation,Lúa,,Area_Planted,20331.0,ha,Actual,PL2
4e88548b959a36cf,2009,6,ĐB sông Hồng,Provincial,Cultivation,Lúa,,Area_Planted,4176.0,ha,Actual,PL2
4e88548b959a36cf,2009,6,ĐB sông Hồng,Provincial,Cultivation,Lúa,,Area_Planted,2.0,ha,Actual,PL2
00801d7f2b26e60f,2009,6,Hà Nội,Provincial,Cultivation,Lúa,,Area_Planted,99791.0,ha,Actual,PL2
00801d7f2b26e60f,2009,6,Hà Nội,Provincial,Cultivation,Lúa,,Area_Planted,987.0,ha,Actual,PL2
00801d7f2b26e60f,2009,6,Hà Nội,Provincial,Cultivation,Lúa,,Area_Planted,4682.0,ha,Actual,PL2
00801d7f2b26e60f,2009,6,Hà Nội,Provincial,Cultivation,Lúa,,Area_Planted,22661.0,ha,Actual,PL2
00801d7f2b26e60f,2009,6,Hà Nội,Provincial,Cultivation,Lúa,,Area_Planted,17221.0,ha,Actual,PL2
00801d7f2b26e60f,2009,6,Hà Nội,Provincial,Cultivation,Lúa,,Area_Planted,4540.0,ha,Actual,PL2
00801d7f2b26e60f,2009,6,Hà Nội,Provincial,Cultivation,Lúa,,Area_Planted,900.0,ha,Actual,PL2
2b573bca86ea3142,2009,6,Hải Phòng,Provincial,Cultivation,Lúa,,Area_Planted,40125.0,ha,Actual,PL2
2b573bca86ea3142,2009,6,Hải Phòng,Provincial,Cultivation,Lúa,,Area_Planted,996.0,ha,Actual,PL2
2b573bca86ea3142,2009,6,Hải Phòng,Provincial,Cultivation,Lúa,,Area_Planted,200.0,ha,Actual,PL2
2b573bca86ea3142,2009,6,Hải Phòng,Provincial,Cultivation,Lúa,,Area_Planted,7567.0,ha,Actual,PL2
2b573bca86ea3142,2009,6,Hải Phòng,Provincial,Cultivation,Lúa,,Area_Planted,4700.0,ha,Actual,PL2
2b573bca86ea3142,2009,6,Hải Phòng,Provincial,Cultivation,Lúa,,Area_Planted,2867.0,ha,Actual,PL2
09242a6ac2b74bf0,2009,6,Vĩnh Phúc,Provincial,Cultivation,Lúa,,Area_Planted,31020.0,ha,Actual,PL2
09242a6ac2b74bf0,2009,6,Vĩnh Phúc,Provincial,Cultivation,Lúa,,Area_Planted,1000.0,ha,Actual,PL2
09242a6ac2b74bf0,2009,6,Vĩnh Phúc,Provincial,Cultivation,Lúa,,Area_Planted,2709.0,ha,Actual,PL2
09242a6ac2b74bf0,2009,6,Vĩnh Phúc,Provincial,Cultivation,Lúa,,Area_Planted,6387.0,ha,Actual,PL2
09242a6ac2b74bf0,2009,6,Vĩnh Phúc,Provincial,Cultivation,Lúa,,Area_Planted,4785.0,ha,Actual,PL2
09242a6ac2b74bf0,2009,6,Vĩnh Phúc,Provincial,Cultivation,Lúa,,Area_Planted,324.0,ha,Actual,PL2
09242a6ac2b74bf0,2009,6,Vĩnh Phúc,Provincial,Cultivation,Lúa,,Area_Planted,1276.0,ha,Actual,PL2
09242a6ac2b74bf0,2009,6,Vĩnh Phúc,Provincial,Cultivation,Lúa,,Area_Planted,2.0,ha,Actual,PL2
fdcdf79beab60cd4,2009,6,Bắc Ninh,Provincial,Cultivation,Lúa,,Area_Planted,37234.0,ha,Actual,PL2
fdcdf79beab60cd4,2009,6,Bắc Ninh,Provincial,Cultivation,Lúa,,Area_Planted,931.0,ha,Actual,PL2
fdcdf79beab60cd4,2009,6,Bắc Ninh,Provincial,Cultivation,Lúa,,Area_Planted,157.0,ha,Actual,PL2
fdcdf79beab60cd4,2009,6,Bắc Ninh,Provincial,Cultivation,Lúa,,Area_Planted,4503.0,ha,Actual,PL2
fdcdf79beab60cd4,2009,6,Bắc Ninh,Provincial,Cultivation,Lúa,,Area_Planted,3503.0,ha,Actual,PL2
fdcdf79beab60cd4,2009,6,Bắc Ninh,Provincial,Cultivation,Lúa,,Area_Planted,1000.0,ha,Actual,PL2
18529e6cdd38e208,2009,6,Hải Dương,Provincial,Cultivation,Lúa,,Area_Planted,63827.0,ha,Actual,PL2
18529e6cdd38e208,2009,6,Hải Dương,Provincial,Cultivation,Lúa,,Area_Planted,971.0,ha,Actual,PL2
18529e6cdd38e208,2009,6,Hải Dương,Provincial,Cultivation,Lúa,,Area_Planted,1805.0,ha,Actual,PL2
18529e6cdd38e208,2009,6,Hải Dương,Provincial,Cultivation,Lúa,,Area_Planted,1900.0,ha,Actual,PL2
18529e6cdd38e208,2009,6,Hải Dương,Provincial,Cultivation,Lúa,,Area_Planted,5100.0,ha,Actual,PL2
18529e6cdd38e208,2009,6,Hải Dương,Provincial,Cultivation,Lúa,,Area_Planted,3700.0,ha,Actual,PL2
18529e6cdd38e208,2009,6,Hải Dương,Provincial,Cultivation,Lúa,,Area_Planted,1400.0,ha,Actual,PL2
7b532ad9f51afb6e,2009,6,Hưng Yên,Provincial,Cultivation,Lúa,,Area_Planted,40323.0,ha,Actual,PL2
7b532ad9f51afb6e,2009,6,Hưng Yên,Provincial,Cultivation,Lúa,,Area_Planted,984.0,ha,Actual,PL2
7b532ad9f51afb6e,2009,6,Hưng Yên,Provincial,Cultivation,Lúa,,Area_Planted,3000.0,ha,Actual,PL2
7b532ad9f51afb6e,2009,6,Hưng Yên,Provincial,Cultivation,Lúa,,Area_Planted,9534.0,ha,Actual,PL2
7b532ad9f51afb6e,2009,6,Hưng Yên,Provincial,Cultivation,Lúa,,Area_Planted,8034.0,ha,Actual,PL2
7b532ad9f51afb6e,2009,6,Hưng Yên,Provincial,Cultivation,Lúa,,Area_Planted,1500.0,ha,Actual,PL2
426a2ec3e5671471,2009,6,Hà Nam,Provincial,Cultivation,Lúa,,Area_Planted,34282.0,ha,Actual,PL2
426a2ec3e5671471,2009,6,Hà Nam,Provincial,Cultivation,Lúa,,Area_Planted,1000.0,ha,Actual,PL2
426a2ec3e5671471,2009,6,Hà Nam,Provincial,Cultivation,Lúa,,Area_Planted,3753.0,ha,Actual,PL2
426a2ec3e5671471,2009,6,Hà Nam,Provincial,Cultivation,Lúa,,Area_Planted,3053.0,ha,Actual,PL2
426a2ec3e5671471,2009,6,Hà Nam,Provincial,Cultivation,Lúa,,Area_Planted,700.0,ha,Actual,PL2
477f9c2a9324abd6,2009,6,Nam Định,Provincial,Cultivation,Lúa,,Area_Planted,78339.0,ha,Actual,PL2
477f9c2a9324abd6,2009,6,Nam Định,Provincial,Cultivation,Lúa,,Area_Planted,1000.0,ha,Actual,PL2
477f9c2a9324abd6,2009,6,Nam Định,Provincial,Cultivation,Lúa,,Area_Planted,919.0,ha,Actual,PL2
477f9c2a9324abd6,2009,6,Nam Định,Provincial,Cultivation,Lúa,,Area_Planted,5841.0,ha,Actual,PL2
477f9c2a9324abd6,2009,6,Nam Định,Provincial,Cultivation,Lúa,,Area_Planted,3841.0,ha,Actual,PL2
477f9c2a9324abd6,2009,6,Nam Định,Provincial,Cultivation,Lúa,,Area_Planted,2000.0,ha,Actual,PL2
2a78f4d87b8dccb6,2009,6,Thái Bình,Provincial,Cultivation,Lúa,,Area_Planted,83277.0,ha,Actual,PL2
2a78f4d87b8dccb6,2009,6,Thái Bình,Provincial,Cultivation,Lúa,,Area_Planted,1000.0,ha,Actual,PL2
2a78f4d87b8dccb6,2009,6,Thái Bình,Provincial,Cultivation,Lúa,,Area_Planted,1500.0,ha,Actual,PL2
2a78f4d87b8dccb6,2009,6,Thái Bình,Provincial,Cultivation,Lúa,,Area_Planted,500.0,ha,Actual,PL2
2a78f4d87b8dccb6,2009,6,Thái Bình,Provincial,Cultivation,Lúa,,Area_Planted,12100.0,ha,Actual,PL2
2a78f4d87b8dccb6,2009,6,Thái Bình,Provincial,Cultivation,Lúa,,Area_Planted,8600.0,ha,Actual,PL2
2a78f4d87b8dccb6,2009,6,Thái Bình,Provincial,Cultivation,Lúa,,Area_Planted,3500.0,ha,Actual,PL2
fb22c1d99d03a288,2009,6,Ninh Bình,Provincial,Cultivation,Lúa,,Area_Planted,41439.0,ha,Actual,PL2
fb22c1d99d03a288,2009,6,Ninh Bình,Provincial,Cultivation,Lúa,,Area_Planted,989.0,ha,Actual,PL2
fb22c1d99d03a288,2009,6,Ninh Bình,Provincial,Cultivation,Lúa,,Area_Planted,25000.0,ha,Actual,PL2
fb22c1d99d03a288,2009,6,Ninh Bình,Provincial,Cultivation,Lúa,,Area_Planted,150.0,ha,Actual,PL2
fb22c1d99d03a288,2009,6,Ninh Bình,Provincial,Cultivation,Lúa,,Area_Planted,9690.0,ha,Actual,PL2
fb22c1d99d03a288,2009,6,Ninh Bình,Provincial,Cultivation,Lúa,,Area_Planted,5190.0,ha,Actual,PL2
fb22c1d99d03a288,2009,6,Ninh Bình,Provincial,Cultivation,Lúa,,Area_Planted,2500.0,ha,Actual,PL2
fb22c1d99d03a288,2009,6,Ninh Bình,Provincial,Cultivation,Lúa,,Area_Planted,2000.0,ha,Actual,PL2
36d292fd9a8d5f61,2009,6,Đông Bắc,Provincial,Cultivation,Lúa,,Area_Planted,219310.0,ha,Actual,PL2
36d292fd9a8d5f61,2009,6,Đông Bắc,Provincial,Cultivation,Lúa,,Area_Planted,1953.0,ha,Actual,PL2
36d292fd9a8d5f61,2009,6,Đông Bắc,Provincial,Cultivation,Lúa,,Area_Planted,6736.0,ha,Actual,PL2
36d292fd9a8d5f61,2009,6,Đông Bắc,Provincial,Cultivation,Lúa,,Area_Planted,268255.0,ha,Actual,PL2
36d292fd9a8d5f61,2009,6,Đông Bắc,Provincial,Cultivation,Lúa,,Area_Planted,203988.0,ha,Actual,PL2
36d292fd9a8d5f61,2009,6,Đông Bắc,Provincial,Cultivation,Lúa,,Area_Planted,30722.0,ha,Actual,PL2
36d292fd9a8d5f61,2009,6,Đông Bắc,Provincial,Cultivation,Lúa,,Area_Planted,30832.0,ha,Actual,PL2
36d292fd9a8d5f61,2009,6,Đông Bắc,Provincial,Cultivation,Lúa,,Area_Planted,2713.0,ha,Actual,PL2
0467ebc2e6651933,2009,6,Hà Giang,Provincial,Cultivation,Lúa,,Area_Planted,9818.0,ha,Actual,PL2
0467ebc2e6651933,2009,6,Hà Giang,Provincial,Cultivation,Lúa,,Area_Planted,39481.0,ha,Actual,PL2
0467ebc2e6651933,2009,6,Hà Giang,Provincial,Cultivation,Lúa,,Area_Planted,38209.0,ha,Actual,PL2
0467ebc2e6651933,2009,6,Hà Giang,Provincial,Cultivation,Lúa,,Area_Planted,433.0,ha,Actual,PL2
0467ebc2e6651933,2009,6,Hà Giang,Provincial,Cultivation,Lúa,,Area_Planted,839.0,ha,Actual,PL2
b982f26fefb89076,2009,6,Cao Bằng,Provincial,Cultivation,Lúa,,Area_Planted,6575.0,ha,Actual,PL2
b982f26fefb89076,2009,6,Cao Bằng,Provincial,Cultivation,Lúa,,Area_Planted,24186.0,ha,Actual,PL2
b982f26fefb89076,2009,6,Cao Bằng,Provincial,Cultivation,Lúa,,Area_Planted,24026.0,ha,Actual,PL2
b982f26fefb89076,2009,6,Cao Bằng,Provincial,Cultivation,Lúa,,Area_Planted,80.0,ha,Actual,PL2
b982f26fefb89076,2009,6,Cao Bằng,Provincial,Cultivation,Lúa,,Area_Planted,80.0,ha,Actual,PL2
e5eabb42259b090a,2009,6,Lào Cai,Provincial,Cultivation,Lúa,,Area_Planted,9039.0,ha,Actual,PL2
e5eabb42259b090a,2009,6,Lào Cai,Provincial,Cultivation,Lúa,,Area_Planted,277.0,ha,Actual,PL2
e5eabb42259b090a,2009,6,Lào Cai,Provincial,Cultivation,Lúa,,Area_Planted,313.0,ha,Actual,PL2
e5eabb42259b090a,2009,6,Lào Cai,Provincial,Cultivation,Lúa,,Area_Planted,5500.0,ha,Actual,PL2
e5eabb42259b090a,2009,6,Lào Cai,Provincial,Cultivation,Lúa,,Area_Planted,30274.0,ha,Actual,PL2
e5eabb42259b090a,2009,6,Lào Cai,Provincial,Cultivation,Lúa,,Area_Planted,21262.0,ha,Actual,PL2
e5eabb42259b090a,2009,6,Lào Cai,Provincial,Cultivation,Lúa,,Area_Planted,341.0,ha,Actual,PL2
e5eabb42259b090a,2009,6,Lào Cai,Provincial,Cultivation,Lúa,,Area_Planted,8000.0,ha,Actual,PL2
e5eabb42259b090a,2009,6,Lào Cai,Provincial,Cultivation,Lúa,,Area_Planted,671.0,ha,Actual,PL2
8646795733c2a351,2009,6,Bắc Cạn,Provincial,Cultivation,Lúa,,Area_Planted,7518.0,ha,Actual,PL2
8646795733c2a351,2009,6,Bắc Cạn,Provincial,Cultivation,Lúa,,Area_Planted,140.0,ha,Actual,PL2
8646795733c2a351,2009,6,Bắc Cạn,Provincial,Cultivation,Lúa,,Area_Planted,1236.0,ha,Actual,PL2
8646795733c2a351,2009,6,Bắc Cạn,Provincial,Cultivation,Lúa,,Area_Planted,23797.0,ha,Actual,PL2
8646795733c2a351,2009,6,Bắc Cạn,Provincial,Cultivation,Lúa,,Area_Planted,21996.0,ha,Actual,PL2
8646795733c2a351,2009,6,Bắc Cạn,Provincial,Cultivation,Lúa,,Area_Planted,256.0,ha,Actual,PL2
8646795733c2a351,2009,6,Bắc Cạn,Provincial,Cultivation,Lúa,,Area_Planted,1345.0,ha,Actual,PL2
8646795733c2a351,2009,6,Bắc Cạn,Provincial,Cultivation,Lúa,,Area_Planted,200.0,ha,Actual,PL2
f81f5960adecb826,2009,6,Lạng Sơn,Provincial,Cultivation,Lúa,,Area_Planted,14225.0,ha,Actual,PL2
f81f5960adecb826,2009,6,Lạng Sơn,Provincial,Cultivation,Lúa,,Area_Planted,15300.0,ha,Actual,PL2
f81f5960adecb826,2009,6,Lạng Sơn,Provincial,Cultivation,Lúa,,Area_Planted,14000.0,ha,Actual,PL2
f81f5960adecb826,2009,6,Lạng Sơn,Provincial,Cultivation,Lúa,,Area_Planted,900.0,ha,Actual,PL2
f81f5960adecb826,2009,6,Lạng Sơn,Provincial,Cultivation,Lúa,,Area_Planted,400.0,ha,Actual,PL2
fda883f908810cbd,2009,6,Tuyên Quang,Provincial,Cultivation,Lúa,,Area_Planted,19778.0,ha,Actual,PL2
fda883f908810cbd,2009,6,Tuyên Quang,Provincial,Cultivation,Lúa,,Area_Planted,404.0,ha,Actual,PL2
fda883f908810cbd,2009,6,Tuyên Quang,Provincial,Cultivation,Lúa,,Area_Planted,1500.0,ha,Actual,PL2
fda883f908810cbd,2009,6,Tuyên Quang,Provincial,Cultivation,Lúa,,Area_Planted,20174.0,ha,Actual,PL2
fda883f908810cbd,2009,6,Tuyên Quang,Provincial,Cultivation,Lúa,,Area_Planted,16174.0,ha,Actual,PL2
fda883f908810cbd,2009,6,Tuyên Quang,Provincial,Cultivation,Lúa,,Area_Planted,4000.0,ha,Actual,PL2
3806b83d1b22fa1d,2009,6,Yên Bái,Provincial,Cultivation,Lúa,,Area_Planted,17238.0,ha,Actual,PL2
3806b83d1b22fa1d,2009,6,Yên Bái,Provincial,Cultivation,Lúa,,Area_Planted,27421.0,ha,Actual,PL2
3806b83d1b22fa1d,2009,6,Yên Bái,Provincial,Cultivation,Lúa,,Area_Planted,12530.0,ha,Actual,PL2
3806b83d1b22fa1d,2009,6,Yên Bái,Provincial,Cultivation,Lúa,,Area_Planted,1993.0,ha,Actual,PL2
3806b83d1b22fa1d,2009,6,Yên Bái,Provincial,Cultivation,Lúa,,Area_Planted,12898.0,ha,Actual,PL2
0840718c221948fe,2009,6,Thái Nguyên,Provincial,Cultivation,Lúa,,Area_Planted,28636.0,ha,Actual,PL2
0840718c221948fe,2009,6,Thái Nguyên,Provincial,Cultivation,Lúa,,Area_Planted,400.0,ha,Actual,PL2
0840718c221948fe,2009,6,Thái Nguyên,Provincial,Cultivation,Lúa,,Area_Planted,27251.0,ha,Actual,PL2
0840718c221948fe,2009,6,Thái Nguyên,Provincial,Cultivation,Lúa,,Area_Planted,16673.0,ha,Actual,PL2
0840718c221948fe,2009,6,Thái Nguyên,Provincial,Cultivation,Lúa,,Area_Planted,6832.0,ha,Actual,PL2
0840718c221948fe,2009,6,Thái Nguyên,Provincial,Cultivation,Lúa,,Area_Planted,3746.0,ha,Actual,PL2
21242539c3f81488,2009,6,Phú Thọ,Provincial,Cultivation,Lúa,,Area_Planted,36925.0,ha,Actual,PL2
21242539c3f81488,2009,6,Phú Thọ,Provincial,Cultivation,Lúa,,Area_Planted,677.0,ha,Actual,PL2
21242539c3f81488,2009,6,Phú Thọ,Provincial,Cultivation,Lúa,,Area_Planted,27674.0,ha,Actual,PL2
21242539c3f81488,2009,6,Phú Thọ,Provincial,Cultivation,Lúa,,Area_Planted,24509.0,ha,Actual,PL2
21242539c3f81488,2009,6,Phú Thọ,Provincial,Cultivation,Lúa,,Area_Planted,3165.0,ha,Actual,PL2
0b1400a2d4e8cf9f,2009,6,Bắc Giang,Provincial,Cultivation,Lúa,,Area_Planted,52240.0,ha,Actual,PL2
0b1400a2d4e8cf9f,2009,6,Bắc Giang,Provincial,Cultivation,Lúa,,Area_Planted,22774.0,ha,Actual,PL2
0b1400a2d4e8cf9f,2009,6,Bắc Giang,Provincial,Cultivation,Lúa,,Area_Planted,9901.0,ha,Actual,PL2
0b1400a2d4e8cf9f,2009,6,Bắc Giang,Provincial,Cultivation,Lúa,,Area_Planted,7507.0,ha,Actual,PL2
0b1400a2d4e8cf9f,2009,6,Bắc Giang,Provincial,Cultivation,Lúa,,Area_Planted,4763.0,ha,Actual,PL2
0b1400a2d4e8cf9f,2009,6,Bắc Giang,Provincial,Cultivation,Lúa,,Area_Planted,603.0,ha,Actual,PL2
2f3cd57b5783e009,2009,6,Quảng Ninh,Provincial,Cultivation,Lúa,,Area_Planted,17318.0,ha,Actual,PL2
2f3cd57b5783e009,2009,6,Quảng Ninh,Provincial,Cultivation,Lúa,,Area_Planted,748.0,ha,Actual,PL2
2f3cd57b5783e009,2009,6,Quảng Ninh,Provincial,Cultivation,Lúa,,Area_Planted,9923.0,ha,Actual,PL2
2f3cd57b5783e009,2009,6,Quảng Ninh,Provincial,Cultivation,Lúa,,Area_Planted,4708.0,ha,Actual,PL2
2f3cd57b5783e009,2009,6,Quảng Ninh,Provincial,Cultivation,Lúa,,Area_Planted,5215.0,ha,Actual,PL2
ad66dc174ee59840,2009,6,Tây Bắc,Provincial,Cultivation,Lúa,,Area_Planted,38854.0,ha,Actual,PL2
ad66dc174ee59840,2009,6,Tây Bắc,Provincial,Cultivation,Lúa,,Area_Planted,689.0,ha,Actual,PL2
ad66dc174ee59840,2009,6,Tây Bắc,Provincial,Cultivation,Lúa,,Area_Planted,177.0,ha,Actual,PL2
ad66dc174ee59840,2009,6,Tây Bắc,Provincial,Cultivation,Lúa,,Area_Planted,32426.0,ha,Actual,PL2
ad66dc174ee59840,2009,6,Tây Bắc,Provincial,Cultivation,Lúa,,Area_Planted,207010.0,ha,Actual,PL2
ad66dc174ee59840,2009,6,Tây Bắc,Provincial,Cultivation,Lúa,,Area_Planted,169425.0,ha,Actual,PL2
ad66dc174ee59840,2009,6,Tây Bắc,Provincial,Cultivation,Lúa,,Area_Planted,5150.0,ha,Actual,PL2
ad66dc174ee59840,2009,6,Tây Bắc,Provincial,Cultivation,Lúa,,Area_Planted,28262.0,ha,Actual,PL2
ad66dc174ee59840,2009,6,Tây Bắc,Provincial,Cultivation,Lúa,,Area_Planted,4173.0,ha,Actual,PL2
a4b04cc076af0a60,2009,6,Lai Châu,Provincial,Cultivation,Lúa,,Area_Planted,5256.0,ha,Actual,PL2
a4b04cc076af0a60,2009,6,Lai Châu,Provincial,Cultivation,Lúa,,Area_Planted,411.0,ha,Actual,PL2
a4b04cc076af0a60,2009,6,Lai Châu,Provincial,Cultivation,Lúa,,Area_Planted,5000.0,ha,Actual,PL2
a4b04cc076af0a60,2009,6,Lai Châu,Provincial,Cultivation,Lúa,,Area_Planted,20774.0,ha,Actual,PL2
a4b04cc076af0a60,2009,6,Lai Châu,Provincial,Cultivation,Lúa,,Area_Planted,15524.0,ha,Actual,PL2
a4b04cc076af0a60,2009,6,Lai Châu,Provincial,Cultivation,Lúa,,Area_Planted,0.0,ha,Actual,PL2
a4b04cc076af0a60,2009,6,Lai Châu,Provincial,Cultivation,Lúa,,Area_Planted,5100.0,ha,Actual,PL2
a4b04cc076af0a60,2009,6,Lai Châu,Provincial,Cultivation,Lúa,,Area_Planted,150.0,ha,Actual,PL2
a0edcb7656bb51ff,2009,6,Điện Biên,Provincial,Cultivation,Lúa,,Area_Planted,7872.0,ha,Actual,PL2
a0edcb7656bb51ff,2009,6,Điện Biên,Provincial,Cultivation,Lúa,,Area_Planted,700.0,ha,Actual,PL2
a0edcb7656bb51ff,2009,6,Điện Biên,Provincial,Cultivation,Lúa,,Area_Planted,150.0,ha,Actual,PL2
a0edcb7656bb51ff,2009,6,Điện Biên,Provincial,Cultivation,Lúa,,Area_Planted,22391.0,ha,Actual,PL2
a0edcb7656bb51ff,2009,6,Điện Biên,Provincial,Cultivation,Lúa,,Area_Planted,41076.0,ha,Actual,PL2
a0edcb7656bb51ff,2009,6,Điện Biên,Provincial,Cultivation,Lúa,,Area_Planted,30576.0,ha,Actual,PL2
a0edcb7656bb51ff,2009,6,Điện Biên,Provincial,Cultivation,Lúa,,Area_Planted,0.0,ha,Actual,PL2
a0edcb7656bb51ff,2009,6,Điện Biên,Provincial,Cultivation,Lúa,,Area_Planted,10500.0,ha,Actual,PL2
d5047336798aa2c8,2009,6,Sơn La,Provincial,Cultivation,Lúa,,Area_Planted,9416.0,ha,Actual,PL2
d5047336798aa2c8,2009,6,Sơn La,Provincial,Cultivation,Lúa,,Area_Planted,341.0,ha,Actual,PL2
d5047336798aa2c8,2009,6,Sơn La,Provincial,Cultivation,Lúa,,Area_Planted,27.0,ha,Actual,PL2
d5047336798aa2c8,2009,6,Sơn La,Provincial,Cultivation,Lúa,,Area_Planted,5035.0,ha,Actual,PL2
d5047336798aa2c8,2009,6,Sơn La,Provincial,Cultivation,Lúa,,Area_Planted,102260.0,ha,Actual,PL2
d5047336798aa2c8,2009,6,Sơn La,Provincial,Cultivation,Lúa,,Area_Planted,99325.0,ha,Actual,PL2
d5047336798aa2c8,2009,6,Sơn La,Provincial,Cultivation,Lúa,,Area_Planted,150.0,ha,Actual,PL2
d5047336798aa2c8,2009,6,Sơn La,Provincial,Cultivation,Lúa,,Area_Planted,2785.0,ha,Actual,PL2
7d780e7277d9be41,2009,6,Hoà Bình,Provincial,Cultivation,Lúa,,Area_Planted,16310.0,ha,Actual,PL2
7d780e7277d9be41,2009,6,Hoà Bình,Provincial,Cultivation,Lúa,,Area_Planted,975.0,ha,Actual,PL2
7d780e7277d9be41,2009,6,Hoà Bình,Provincial,Cultivation,Lúa,,Area_Planted,42900.0,ha,Actual,PL2
7d780e7277d9be41,2009,6,Hoà Bình,Provincial,Cultivation,Lúa,,Area_Planted,24000.0,ha,Actual,PL2
7d780e7277d9be41,2009,6,Hoà Bình,Provincial,Cultivation,Lúa,,Area_Planted,5000.0,ha,Actual,PL2
7d780e7277d9be41,2009,6,Hoà Bình,Provincial,Cultivation,Lúa,,Area_Planted,12662.0,ha,Actual,PL2
7d780e7277d9be41,2009,6,Hoà Bình,Provincial,Cultivation,Lúa,,Area_Planted,1238.0,ha,Actual,PL2
5e0beb69fb1538ca,2009,6,Bắc Trung Bộ,Provincial,Cultivation,Lúa,,Area_Planted,336058.0,ha,Actual,PL2
5e0beb69fb1538ca,2009,6,Bắc Trung Bộ,Provincial,Cultivation,Lúa,,Area_Planted,1000.0,ha,Actual,PL2
5e0beb69fb1538ca,2009,6,Bắc Trung Bộ,Provincial,Cultivation,Lúa,,Area_Planted,112300.0,ha,Actual,PL2
5e0beb69fb1538ca,2009,6,Bắc Trung Bộ,Provincial,Cultivation,Lúa,,Area_Planted,129625.0,ha,Actual,PL2
5e0beb69fb1538ca,2009,6,Bắc Trung Bộ,Provincial,Cultivation,Lúa,,Area_Planted,195566.0,ha,Actual,PL2
5e0beb69fb1538ca,2009,6,Bắc Trung Bộ,Provincial,Cultivation,Lúa,,Area_Planted,110297.0,ha,Actual,PL2
5e0beb69fb1538ca,2009,6,Bắc Trung Bộ,Provincial,Cultivation,Lúa,,Area_Planted,37322.0,ha,Actual,PL2
5e0beb69fb1538ca,2009,6,Bắc Trung Bộ,Provincial,Cultivation,Lúa,,Area_Planted,46441.0,ha,Actual,PL2
5e0beb69fb1538ca,2009,6,Bắc Trung Bộ,Provincial,Cultivation,Lúa,,Area_Planted,1506.0,ha,Actual,PL2
d5f95397c9dc2533,2009,6,Thanh Hoá,Provincial,Cultivation,Lúa,,Area_Planted,120000.0,ha,Actual,PL2
d5f95397c9dc2533,2009,6,Thanh Hoá,Provincial,Cultivation,Lúa,,Area_Planted,1000.0,ha,Actual,PL2
d5f95397c9dc2533,2009,6,Thanh Hoá,Provincial,Cultivation,Lúa,,Area_Planted,112000.0,ha,Actual,PL2
d5f95397c9dc2533,2009,6,Thanh Hoá,Provincial,Cultivation,Lúa,,Area_Planted,10545.0,ha,Actual,PL2
d5f95397c9dc2533,2009,6,Thanh Hoá,Provincial,Cultivation,Lúa,,Area_Planted,58555.0,ha,Actual,PL2
d5f95397c9dc2533,2009,6,Thanh Hoá,Provincial,Cultivation,Lúa,,Area_Planted,41000.0,ha,Actual,PL2
d5f95397c9dc2533,2009,6,Thanh Hoá,Provincial,Cultivation,Lúa,,Area_Planted,10555.0,ha,Actual,PL2
d5f95397c9dc2533,2009,6,Thanh Hoá,Provincial,Cultivation,Lúa,,Area_Planted,7000.0,ha,Actual,PL2
e6b7bd7d4554eb49,2009,6,Nghệ An,Provincial,Cultivation,Lúa,,Area_Planted,85720.0,ha,Actual,PL2
e6b7bd7d4554eb49,2009,6,Nghệ An,Provincial,Cultivation,Lúa,,Area_Planted,1000.0,ha,Actual,PL2
e6b7bd7d4554eb49,2009,6,Nghệ An,Provincial,Cultivation,Lúa,,Area_Planted,30000.0,ha,Actual,PL2
e6b7bd7d4554eb49,2009,6,Nghệ An,Provincial,Cultivation,Lúa,,Area_Planted,77058.0,ha,Actual,PL2
e6b7bd7d4554eb49,2009,6,Nghệ An,Provincial,Cultivation,Lúa,,Area_Planted,50713.0,ha,Actual,PL2
e6b7bd7d4554eb49,2009,6,Nghệ An,Provincial,Cultivation,Lúa,,Area_Planted,10141.0,ha,Actual,PL2
e6b7bd7d4554eb49,2009,6,Nghệ An,Provincial,Cultivation,Lúa,,Area_Planted,16204.0,ha,Actual,PL2
a038d0a9ed2ff546,2009,6,Hà Tĩnh,Provincial,Cultivation,Lúa,,Area_Planted,53537.0,ha,Actual,PL2
a038d0a9ed2ff546,2009,6,Hà Tĩnh,Provincial,Cultivation,Lúa,,Area_Planted,1000.0,ha,Actual,PL2
a038d0a9ed2ff546,2009,6,Hà Tĩnh,Provincial,Cultivation,Lúa,,Area_Planted,39000.0,ha,Actual,PL2
a038d0a9ed2ff546,2009,6,Hà Tĩnh,Provincial,Cultivation,Lúa,,Area_Planted,21157.0,ha,Actual,PL2
a038d0a9ed2ff546,2009,6,Hà Tĩnh,Provincial,Cultivation,Lúa,,Area_Planted,8831.0,ha,Actual,PL2
a038d0a9ed2ff546,2009,6,Hà Tĩnh,Provincial,Cultivation,Lúa,,Area_Planted,10326.0,ha,Actual,PL2
a038d0a9ed2ff546,2009,6,Hà Tĩnh,Provincial,Cultivation,Lúa,,Area_Planted,2000.0,ha,Actual,PL2
73847fd62a58c9a0,2009,6,Quảng Bình,Provincial,Cultivation,Lúa,,Area_Planted,27500.0,ha,Actual,PL2
73847fd62a58c9a0,2009,6,Quảng Bình,Provincial,Cultivation,Lúa,,Area_Planted,1000.0,ha,Actual,PL2
73847fd62a58c9a0,2009,6,Quảng Bình,Provincial,Cultivation,Lúa,,Area_Planted,15000.0,ha,Actual,PL2
73847fd62a58c9a0,2009,6,Quảng Bình,Provincial,Cultivation,Lúa,,Area_Planted,12600.0,ha,Actual,PL2
73847fd62a58c9a0,2009,6,Quảng Bình,Provincial,Cultivation,Lúa,,Area_Planted,5000.0,ha,Actual,PL2
73847fd62a58c9a0,2009,6,Quảng Bình,Provincial,Cultivation,Lúa,,Area_Planted,600.0,ha,Actual,PL2
73847fd62a58c9a0,2009,6,Quảng Bình,Provincial,Cultivation,Lúa,,Area_Planted,7000.0,ha,Actual,PL2
e7808c238302f772,2009,6,Quảng Trị,Provincial,Cultivation,Lúa,,Area_Planted,23504.0,ha,Actual,PL2
e7808c238302f772,2009,6,Quảng Trị,Provincial,Cultivation,Lúa,,Area_Planted,1000.0,ha,Actual,PL2
e7808c238302f772,2009,6,Quảng Trị,Provincial,Cultivation,Lúa,,Area_Planted,13500.0,ha,Actual,PL2
e7808c238302f772,2009,6,Quảng Trị,Provincial,Cultivation,Lúa,,Area_Planted,14743.0,ha,Actual,PL2
e7808c238302f772,2009,6,Quảng Trị,Provincial,Cultivation,Lúa,,Area_Planted,3000.0,ha,Actual,PL2
e7808c238302f772,2009,6,Quảng Trị,Provincial,Cultivation,Lúa,,Area_Planted,2500.0,ha,Actual,PL2
e7808c238302f772,2009,6,Quảng Trị,Provincial,Cultivation,Lúa,,Area_Planted,8237.0,ha,Actual,PL2
e7808c238302f772,2009,6,Quảng Trị,Provincial,Cultivation,Lúa,,Area_Planted,1006.0,ha,Actual,PL2
031f5728cad19e34,2009,6,T.Thiên Huế,Provincial,Cultivation,Lúa,,Area_Planted,25797.0,ha,Actual,PL2
031f5728cad19e34,2009,6,T.Thiên Huế,Provincial,Cultivation,Lúa,,Area_Planted,1000.0,ha,Actual,PL2
031f5728cad19e34,2009,6,T.Thiên Huế,Provincial,Cultivation,Lúa,,Area_Planted,300.0,ha,Actual,PL2
031f5728cad19e34,2009,6,T.Thiên Huế,Provincial,Cultivation,Lúa,,Area_Planted,21580.0,ha,Actual,PL2
031f5728cad19e34,2009,6,T.Thiên Huế,Provincial,Cultivation,Lúa,,Area_Planted,11453.0,ha,Actual,PL2
031f5728cad19e34,2009,6,T.Thiên Huế,Provincial,Cultivation,Lúa,,Area_Planted,1753.0,ha,Actual,PL2
031f5728cad19e34,2009,6,T.Thiên Huế,Provincial,Cultivation,Lúa,,Area_Planted,3200.0,ha,Actual,PL2
031f5728cad19e34,2009,6,T.Thiên Huế,Provincial,Cultivation,Lúa,,Area_Planted,6000.0,ha,Actual,PL2
031f5728cad19e34,2009,6,T.Thiên Huế,Provincial,Cultivation,Lúa,,Area_Planted,500.0,ha,Actual,PL2
dd46024aabfacb83,2009,6,Miền Bắc,Provincial,Cultivation,Lúa,,Area_Planted,448251.0,ha,Actual,PL3
ff47acb72bf1d074,2009,6,Miền Bắc,Provincial,Cultivation,Đậu tương,,Area_Planted,114657.0,ha,Actual,PL3
4180cb23028b9390,2009,6,Miền Bắc,Provincial,Cultivation,Lạc,,Area_Planted,139745.0,ha,Actual,PL3
5c2a585ed1b1a11e,2009,6,Miền Bắc,Provincial,Cultivation,Mía,,Area_Planted,34863.0,ha,Actual,PL3
b0b185a1cef9409c,2009,6,Miền Bắc,Provincial,Cultivation,Thuốc lá,,Area_Planted,9703.0,ha,Actual,PL3
b0b185a1cef9409c,2009,6,Miền Bắc,Provincial,Cultivation,Thuốc lá,,Area_Planted,263525.0,ha,Actual,PL3
4e88548b959a36cf,2009,6,ĐB sông Hồng,Provincial,Cultivation,Lúa,,Area_Planted,105684.0,ha,Actual,PL3
8782be7b539697e7,2009,6,ĐB sông Hồng,Provincial,Cultivation,Đậu tương,,Area_Planted,73189.0,ha,Actual,PL3
0ce353c07e71a83c,2009,6,ĐB sông Hồng,Provincial,Cultivation,Lạc,,Area_Planted,29500.0,ha,Actual,PL3
4f11442bd7fffae2,2009,6,ĐB sông Hồng,Provincial,Cultivation,Mía,,Area_Planted,758.0,ha,Actual,PL3
57f750525038a2f1,2009,6,ĐB sông Hồng,Provincial,Cultivation,Thuốc lá,,Area_Planted,2237.0,ha,Actual,PL3
57f750525038a2f1,2009,6,ĐB sông Hồng,Provincial,Cultivation,Thuốc lá,,Area_Planted,114242.0,ha,Actual,PL3
00801d7f2b26e60f,2009,6,Hà Nội,Provincial,Cultivation,Lúa,,Area_Planted,42000.0,ha,Actual,PL3
b25857a2022c2bc4,2009,6,Hà Nội,Provincial,Cultivation,Đậu tương,,Area_Planted,35000.0,ha,Actual,PL3
8b60ccd8504798f5,2009,6,Hà Nội,Provincial,Cultivation,Lạc,,Area_Planted,7000.0,ha,Actual,PL3
d5c058c38a26c855,2009,6,Hà Nội,Provincial,Cultivation,Thuốc lá,,Area_Planted,20154.0,ha,Actual,PL3
2b573bca86ea3142,2009,6,Hải Phòng,Provincial,Cultivation,Lúa,,Area_Planted,2537.0,ha,Actual,PL3
a77b3a8c9f777118,2009,6,Hải Phòng,Provincial,Cultivation,Đậu tương,,Area_Planted,200.0,ha,Actual,PL3
53016cd1c1edbb24,2009,6,Hải Phòng,Provincial,Cultivation,Lạc,,Area_Planted,100.0,ha,Actual,PL3
f55748e8f4ee76a3,2009,6,Hải Phòng,Provincial,Cultivation,Thuốc lá,,Area_Planted,2237.0,ha,Actual,PL3
f55748e8f4ee76a3,2009,6,Hải Phòng,Provincial,Cultivation,Thuốc lá,,Area_Planted,12353.0,ha,Actual,PL3
09242a6ac2b74bf0,2009,6,Vĩnh Phúc,Provincial,Cultivation,Lúa,,Area_Planted,15068.0,ha,Actual,PL3
9ded0084990ff756,2009,6,Vĩnh Phúc,Provincial,Cultivation,Đậu tương,,Area_Planted,8637.0,ha,Actual,PL3
166a3a1218d367b2,2009,6,Vĩnh Phúc,Provincial,Cultivation,Lạc,,Area_Planted,6381.0,ha,Actual,PL3
77def5222e70bd1b,2009,6,Vĩnh Phúc,Provincial,Cultivation,Mía,,Area_Planted,50.0,ha,Actual,PL3
26b4500d152e888e,2009,6,Vĩnh Phúc,Provincial,Cultivation,Thuốc lá,,Area_Planted,4319.0,ha,Actual,PL3
fdcdf79beab60cd4,2009,6,Bắc Ninh,Provincial,Cultivation,Lúa,,Area_Planted,3519.0,ha,Actual,PL3
281f6ed209301edd,2009,6,Bắc Ninh,Provincial,Cultivation,Đậu tương,,Area_Planted,2466.0,ha,Actual,PL3
1e9f47b9b1496c2a,2009,6,Bắc Ninh,Provincial,Cultivation,Lạc,,Area_Planted,1053.0,ha,Actual,PL3
6aca4e3cd4f4e11e,2009,6,Bắc Ninh,Provincial,Cultivation,Thuốc lá,,Area_Planted,1730.0,ha,Actual,PL3
18529e6cdd38e208,2009,6,Hải Dương,Provincial,Cultivation,Lúa,,Area_Planted,200.0,ha,Actual,PL3
73c6538c0dca930c,2009,6,Hải Dương,Provincial,Cultivation,Đậu tương,,Area_Planted,200.0,ha,Actual,PL3
24acb1747116ad9c,2009,6,Hải Dương,Provincial,Cultivation,Lạc,,Area_Planted,0.0,ha,Actual,PL3
a4cd8d7d9b89fffb,2009,6,Hải Dương,Provincial,Cultivation,Thuốc lá,,Area_Planted,23968.0,ha,Actual,PL3
7b532ad9f51afb6e,2009,6,Hưng Yên,Provincial,Cultivation,Lúa,,Area_Planted,5188.0,ha,Actual,PL3
039804b5efdbcb69,2009,6,Hưng Yên,Provincial,Cultivation,Đậu tương,,Area_Planted,3561.0,ha,Actual,PL3
2cb854fbef6cfd2a,2009,6,Hưng Yên,Provincial,Cultivation,Lạc,,Area_Planted,1627.0,ha,Actual,PL3
5ed10145b3db61fc,2009,6,Hưng Yên,Provincial,Cultivation,Thuốc lá,,Area_Planted,12000.0,ha,Actual,PL3
426a2ec3e5671471,2009,6,Hà Nam,Provincial,Cultivation,Lúa,,Area_Planted,9000.0,ha,Actual,PL3
2a836e5b328ecb45,2009,6,Hà Nam,Provincial,Cultivation,Đậu tương,,Area_Planted,8500.0,ha,Actual,PL3
5a49f440ec09a37c,2009,6,Hà Nam,Provincial,Cultivation,Lạc,,Area_Planted,500.0,ha,Actual,PL3
835b0ce271bae12d,2009,6,Hà Nam,Provincial,Cultivation,Thuốc lá,,Area_Planted,5599.0,ha,Actual,PL3
477f9c2a9324abd6,2009,6,Nam Định,Provincial,Cultivation,Lúa,,Area_Planted,7789.0,ha,Actual,PL3
0b641001280196cb,2009,6,Nam Định,Provincial,Cultivation,Đậu tương,,Area_Planted,1550.0,ha,Actual,PL3
57e19da478ee4285,2009,6,Nam Định,Provincial,Cultivation,Lạc,,Area_Planted,6239.0,ha,Actual,PL3
567f56d416ff34cd,2009,6,Nam Định,Provincial,Cultivation,Thuốc lá,,Area_Planted,13000.0,ha,Actual,PL3
2a78f4d87b8dccb6,2009,6,Thái Bình,Provincial,Cultivation,Lúa,,Area_Planted,8100.0,ha,Actual,PL3
615fa0e9d995b343,2009,6,Thái Bình,Provincial,Cultivation,Đậu tương,,Area_Planted,6000.0,ha,Actual,PL3
639fc4477de2d3bd,2009,6,Thái Bình,Provincial,Cultivation,Lạc,,Area_Planted,2100.0,ha,Actual,PL3
1016871510a36e2b,2009,6,Thái Bình,Provincial,Cultivation,Thuốc lá,,Area_Planted,15438.0,ha,Actual,PL3
fb22c1d99d03a288,2009,6,Ninh Bình,Provincial,Cultivation,Lúa,,Area_Planted,12283.0,ha,Actual,PL3
533e057fb22439cc,2009,6,Ninh Bình,Provincial,Cultivation,Đậu tương,,Area_Planted,7075.0,ha,Actual,PL3
85f1168863d057fc,2009,6,Ninh Bình,Provincial,Cultivation,Lạc,,Area_Planted,4500.0,ha,Actual,PL3
7d71c9b28e3dbf43,2009,6,Ninh Bình,Provincial,Cultivation,Mía,,Area_Planted,708.0,ha,Actual,PL3
43e715eeff28d40c,2009,6,Ninh Bình,Provincial,Cultivation,Thuốc lá,,Area_Planted,5681.0,ha,Actual,PL3
36d292fd9a8d5f61,2009,6,Đông Bắc,Provincial,Cultivation,Lúa,,Area_Planted,135007.0,ha,Actual,PL3
0f7947dddfe3a44f,2009,6,Đông Bắc,Provincial,Cultivation,Đậu tương,,Area_Planted,20864.0,ha,Actual,PL3
c439222e21df30f0,2009,6,Đông Bắc,Provincial,Cultivation,Lạc,,Area_Planted,32279.0,ha,Actual,PL3
af390c8cd04de824,2009,6,Đông Bắc,Provincial,Cultivation,Mía,,Area_Planted,2538.0,ha,Actual,PL3
f2494fc073d7715b,2009,6,Đông Bắc,Provincial,Cultivation,Thuốc lá,,Area_Planted,7286.0,ha,Actual,PL3
f2494fc073d7715b,2009,6,Đông Bắc,Provincial,Cultivation,Thuốc lá,,Area_Planted,72040.0,ha,Actual,PL3
0467ebc2e6651933,2009,6,Hà Giang,Provincial,Cultivation,Lúa,,Area_Planted,20586.0,ha,Actual,PL3
1d7c93a174ef691b,2009,6,Hà Giang,Provincial,Cultivation,Đậu tương,,Area_Planted,7543.0,ha,Actual,PL3
4042961c28ca22be,2009,6,Hà Giang,Provincial,Cultivation,Lạc,,Area_Planted,4553.0,ha,Actual,PL3
46c90eb414198529,2009,6,Hà Giang,Provincial,Cultivation,Thuốc lá,,Area_Planted,8490.0,ha,Actual,PL3
b982f26fefb89076,2009,6,Cao Bằng,Provincial,Cultivation,Lúa,,Area_Planted,5881.0,ha,Actual,PL3
513cf460eed9b292,2009,6,Cao Bằng,Provincial,Cultivation,Đậu tương,,Area_Planted,994.0,ha,Actual,PL3
2a975d30e13e450c,2009,6,Cao Bằng,Provincial,Cultivation,Lạc,,Area_Planted,234.0,ha,Actual,PL3
aa8b2ac34aaef825,2009,6,Cao Bằng,Provincial,Cultivation,Mía,,Area_Planted,1975.0,ha,Actual,PL3
bffb9bbea55731d5,2009,6,Cao Bằng,Provincial,Cultivation,Thuốc lá,,Area_Planted,1179.0,ha,Actual,PL3
bffb9bbea55731d5,2009,6,Cao Bằng,Provincial,Cultivation,Thuốc lá,,Area_Planted,1499.0,ha,Actual,PL3
e5eabb42259b090a,2009,6,Lào Cai,Provincial,Cultivation,Lúa,,Area_Planted,6677.0,ha,Actual,PL3
fd81d1303616a90e,2009,6,Lào Cai,Provincial,Cultivation,Đậu tương,,Area_Planted,2353.0,ha,Actual,PL3
fabf71b0515119d9,2009,6,Lào Cai,Provincial,Cultivation,Lạc,,Area_Planted,648.0,ha,Actual,PL3
c818d253b893ab06,2009,6,Lào Cai,Provincial,Cultivation,Thuốc lá,,Area_Planted,82.0,ha,Actual,PL3
c818d253b893ab06,2009,6,Lào Cai,Provincial,Cultivation,Thuốc lá,,Area_Planted,3594.0,ha,Actual,PL3
8646795733c2a351,2009,6,Bắc Cạn,Provincial,Cultivation,Lúa,,Area_Planted,3442.0,ha,Actual,PL3
d7f9c35d6ae0bdcc,2009,6,Bắc Cạn,Provincial,Cultivation,Đậu tương,,Area_Planted,1165.0,ha,Actual,PL3
de54dce66461f06f,2009,6,Bắc Cạn,Provincial,Cultivation,Lạc,,Area_Planted,362.0,ha,Actual,PL3
066ef5aa2b482889,2009,6,Bắc Cạn,Provincial,Cultivation,Mía,,Area_Planted,137.0,ha,Actual,PL3
c364a47ca1d11cba,2009,6,Bắc Cạn,Provincial,Cultivation,Thuốc lá,,Area_Planted,763.0,ha,Actual,PL3
c364a47ca1d11cba,2009,6,Bắc Cạn,Provincial,Cultivation,Thuốc lá,,Area_Planted,1015.0,ha,Actual,PL3
f81f5960adecb826,2009,6,Lạng Sơn,Provincial,Cultivation,Lúa,,Area_Planted,12115.0,ha,Actual,PL3
6cdb86c2751e1bd6,2009,6,Lạng Sơn,Provincial,Cultivation,Đậu tương,,Area_Planted,800.0,ha,Actual,PL3
a37837ec3ae6747d,2009,6,Lạng Sơn,Provincial,Cultivation,Lạc,,Area_Planted,1082.0,ha,Actual,PL3
c67c21bdc46614ed,2009,6,Lạng Sơn,Provincial,Cultivation,Thuốc lá,,Area_Planted,4501.0,ha,Actual,PL3
c67c21bdc46614ed,2009,6,Lạng Sơn,Provincial,Cultivation,Thuốc lá,,Area_Planted,5732.0,ha,Actual,PL3
fda883f908810cbd,2009,6,Tuyên Quang,Provincial,Cultivation,Lúa,,Area_Planted,10534.0,ha,Actual,PL3
fd1233a14324abc5,2009,6,Tuyên Quang,Provincial,Cultivation,Đậu tương,,Area_Planted,3000.0,ha,Actual,PL3
ca5f8815bf3092ae,2009,6,Tuyên Quang,Provincial,Cultivation,Lạc,,Area_Planted,3000.0,ha,Actual,PL3
e6a6febf218211a0,2009,6,Tuyên Quang,Provincial,Cultivation,Thuốc lá,,Area_Planted,4534.0,ha,Actual,PL3
3806b83d1b22fa1d,2009,6,Yên Bái,Provincial,Cultivation,Lúa,,Area_Planted,7230.0,ha,Actual,PL3
929fa9e02ea07db4,2009,6,Yên Bái,Provincial,Cultivation,Đậu tương,,Area_Planted,1238.0,ha,Actual,PL3
0758cc6c7d9a9f9b,2009,6,Yên Bái,Provincial,Cultivation,Lạc,,Area_Planted,1563.0,ha,Actual,PL3
97e36b708cb12025,2009,6,Yên Bái,Provincial,Cultivation,Thuốc lá,,Area_Planted,4429.0,ha,Actual,PL3
0840718c221948fe,2009,6,Thái Nguyên,Provincial,Cultivation,Lúa,,Area_Planted,15168.0,ha,Actual,PL3
21ca24a4b99650a7,2009,6,Thái Nguyên,Provincial,Cultivation,Đậu tương,,Area_Planted,1157.0,ha,Actual,PL3
e338e19797ccf2ca,2009,6,Thái Nguyên,Provincial,Cultivation,Lạc,,Area_Planted,3588.0,ha,Actual,PL3
3e4ca5731bf2ea6b,2009,6,Thái Nguyên,Provincial,Cultivation,Mía,,Area_Planted,150.0,ha,Actual,PL3
2d0b01914a9ca4ea,2009,6,Thái Nguyên,Provincial,Cultivation,Thuốc lá,,Area_Planted,264.0,ha,Actual,PL3
2d0b01914a9ca4ea,2009,6,Thái Nguyên,Provincial,Cultivation,Thuốc lá,,Area_Planted,10009.0,ha,Actual,PL3
21242539c3f81488,2009,6,Phú Thọ,Provincial,Cultivation,Lúa,,Area_Planted,14345.0,ha,Actual,PL3
0c1f359335d81263,2009,6,Phú Thọ,Provincial,Cultivation,Đậu tương,,Area_Planted,1056.0,ha,Actual,PL3
e130c9fc919f6b26,2009,6,Phú Thọ,Provincial,Cultivation,Lạc,,Area_Planted,5000.0,ha,Actual,PL3
02d2701972187db3,2009,6,Phú Thọ,Provincial,Cultivation,Thuốc lá,,Area_Planted,8289.0,ha,Actual,PL3
0b1400a2d4e8cf9f,2009,6,Bắc Giang,Provincial,Cultivation,Lúa,,Area_Planted,29291.0,ha,Actual,PL3
64eb6bebb3bb49db,2009,6,Bắc Giang,Provincial,Cultivation,Đậu tương,,Area_Planted,900.0,ha,Actual,PL3
2f3c66fab76b2f20,2009,6,Bắc Giang,Provincial,Cultivation,Lạc,,Area_Planted,9669.0,ha,Actual,PL3
a864549f6aa1d705,2009,6,Bắc Giang,Provincial,Cultivation,Mía,,Area_Planted,276.0,ha,Actual,PL3
17f4d3474bef02ae,2009,6,Bắc Giang,Provincial,Cultivation,Thuốc lá,,Area_Planted,497.0,ha,Actual,PL3
17f4d3474bef02ae,2009,6,Bắc Giang,Provincial,Cultivation,Thuốc lá,,Area_Planted,17949.0,ha,Actual,PL3
2f3cd57b5783e009,2009,6,Quảng Ninh,Provincial,Cultivation,Lúa,,Area_Planted,9738.0,ha,Actual,PL3
7accc1b19350e2c8,2009,6,Quảng Ninh,Provincial,Cultivation,Đậu tương,,Area_Planted,658.0,ha,Actual,PL3
6c490b050864f84e,2009,6,Quảng Ninh,Provincial,Cultivation,Lạc,,Area_Planted,2580.0,ha,Actual,PL3
e8644731ed2b8fa4,2009,6,Quảng Ninh,Provincial,Cultivation,Thuốc lá,,Area_Planted,6500.0,ha,Actual,PL3
ad66dc174ee59840,2009,6,Tây Bắc,Provincial,Cultivation,Lúa,,Area_Planted,40697.0,ha,Actual,PL3
536c020adf99da4a,2009,6,Tây Bắc,Provincial,Cultivation,Đậu tương,,Area_Planted,16530.0,ha,Actual,PL3
bd9db33e1a9809c1,2009,6,Tây Bắc,Provincial,Cultivation,Lạc,,Area_Planted,6729.0,ha,Actual,PL3
58938cd575058493,2009,6,Tây Bắc,Provincial,Cultivation,Mía,,Area_Planted,8345.0,ha,Actual,PL3
8c04136ef29c435e,2009,6,Tây Bắc,Provincial,Cultivation,Thuốc lá,,Area_Planted,0.0,ha,Actual,PL3
8c04136ef29c435e,2009,6,Tây Bắc,Provincial,Cultivation,Thuốc lá,,Area_Planted,9093.0,ha,Actual,PL3
a4b04cc076af0a60,2009,6,Lai Châu,Provincial,Cultivation,Lúa,,Area_Planted,2989.0,ha,Actual,PL3
4236df35f4ca918f,2009,6,Lai Châu,Provincial,Cultivation,Đậu tương,,Area_Planted,1032.0,ha,Actual,PL3
f79c5abde7701d0f,2009,6,Lai Châu,Provincial,Cultivation,Lạc,,Area_Planted,700.0,ha,Actual,PL3
ef3496861de93b06,2009,6,Lai Châu,Provincial,Cultivation,Thuốc lá,,Area_Planted,1257.0,ha,Actual,PL3
a0edcb7656bb51ff,2009,6,Điện Biên,Provincial,Cultivation,Lúa,,Area_Planted,11250.0,ha,Actual,PL3
ab02edcac9e5b8bb,2009,6,Điện Biên,Provincial,Cultivation,Đậu tương,,Area_Planted,9650.0,ha,Actual,PL3
3a70c82a225f145c,2009,6,Điện Biên,Provincial,Cultivation,Lạc,,Area_Planted,1600.0,ha,Actual,PL3
eed0587c08a28b67,2009,6,Điện Biên,Provincial,Cultivation,Thuốc lá,,Area_Planted,0.0,ha,Actual,PL3
d5047336798aa2c8,2009,6,Sơn La,Provincial,Cultivation,Lúa,,Area_Planted,5811.0,ha,Actual,PL3
53f08022b73056eb,2009,6,Sơn La,Provincial,Cultivation,Đậu tương,,Area_Planted,3062.0,ha,Actual,PL3
ec0000afd8fa7ad6,2009,6,Sơn La,Provincial,Cultivation,Lạc,,Area_Planted,514.0,ha,Actual,PL3
119690f3d1ea02d2,2009,6,Sơn La,Provincial,Cultivation,Thuốc lá,,Area_Planted,2235.0,ha,Actual,PL3
7d780e7277d9be41,2009,6,Hoà Bình,Provincial,Cultivation,Lúa,,Area_Planted,20647.0,ha,Actual,PL3
33d6ee01d8e5b72c,2009,6,Hoà Bình,Provincial,Cultivation,Đậu tương,,Area_Planted,2786.0,ha,Actual,PL3
953fd67a41591f25,2009,6,Hoà Bình,Provincial,Cultivation,Lạc,,Area_Planted,3915.0,ha,Actual,PL3
775081c4c0c74b39,2009,6,Hoà Bình,Provincial,Cultivation,Mía,,Area_Planted,8345.0,ha,Actual,PL3
c8de24777fa05e6b,2009,6,Hoà Bình,Provincial,Cultivation,Thuốc lá,,Area_Planted,5601.0,ha,Actual,PL3
5e0beb69fb1538ca,2009,6,Bắc Trung Bộ,Provincial,Cultivation,Lúa,,Area_Planted,166863.0,ha,Actual,PL3
32a73cff906be1b9,2009,6,Bắc Trung Bộ,Provincial,Cultivation,Đậu tương,,Area_Planted,4074.0,ha,Actual,PL3
cdda8810354d4bc2,2009,6,Bắc Trung Bộ,Provincial,Cultivation,Lạc,,Area_Planted,71237.0,ha,Actual,PL3
eb342afa88751e4c,2009,6,Bắc Trung Bộ,Provincial,Cultivation,Mía,,Area_Planted,23222.0,ha,Actual,PL3
2f03105df4b16acf,2009,6,Bắc Trung Bộ,Provincial,Cultivation,Thuốc lá,,Area_Planted,180.0,ha,Actual,PL3
2f03105df4b16acf,2009,6,Bắc Trung Bộ,Provincial,Cultivation,Thuốc lá,,Area_Planted,68150.0,ha,Actual,PL3
d5f95397c9dc2533,2009,6,Thanh Hoá,Provincial,Cultivation,Lúa,,Area_Planted,70223.0,ha,Actual,PL3
feeb86cb27d33230,2009,6,Thanh Hoá,Provincial,Cultivation,Đậu tương,,Area_Planted,4074.0,ha,Actual,PL3
e09bd34ce17e59c3,2009,6,Thanh Hoá,Provincial,Cultivation,Lạc,,Area_Planted,16837.0,ha,Actual,PL3
cca7b37d0a992da8,2009,6,Thanh Hoá,Provincial,Cultivation,Mía,,Area_Planted,13712.0,ha,Actual,PL3
f824ab7a5cc7b50a,2009,6,Thanh Hoá,Provincial,Cultivation,Thuốc lá,,Area_Planted,35600.0,ha,Actual,PL3
e6b7bd7d4554eb49,2009,6,Nghệ An,Provincial,Cultivation,Lúa,,Area_Planted,45050.0,ha,Actual,PL3
3d11edfaaf31ea14,2009,6,Nghệ An,Provincial,Cultivation,Lạc,,Area_Planted,20000.0,ha,Actual,PL3
04b4aade4e07963b,2009,6,Nghệ An,Provincial,Cultivation,Mía,,Area_Planted,9500.0,ha,Actual,PL3
20b558aaf2da6777,2009,6,Nghệ An,Provincial,Cultivation,Thuốc lá,,Area_Planted,15550.0,ha,Actual,PL3
a038d0a9ed2ff546,2009,6,Hà Tĩnh,Provincial,Cultivation,Lúa,,Area_Planted,23400.0,ha,Actual,PL3
474740fc8132860c,2009,6,Hà Tĩnh,Provincial,Cultivation,Lạc,,Area_Planted,20400.0,ha,Actual,PL3
bdcf901ea706d463,2009,6,Hà Tĩnh,Provincial,Cultivation,Thuốc lá,,Area_Planted,3000.0,ha,Actual,PL3
73847fd62a58c9a0,2009,6,Quảng Bình,Provincial,Cultivation,Lúa,,Area_Planted,12000.0,ha,Actual,PL3
38cb85ac4108cf46,2009,6,Quảng Bình,Provincial,Cultivation,Lạc,,Area_Planted,5000.0,ha,Actual,PL3
f3b17b6711ae1aec,2009,6,Quảng Bình,Provincial,Cultivation,Thuốc lá,,Area_Planted,7000.0,ha,Actual,PL3
e7808c238302f772,2009,6,Quảng Trị,Provincial,Cultivation,Lúa,,Area_Planted,7110.0,ha,Actual,PL3
b62054a17b15ab02,2009,6,Quảng Trị,Provincial,Cultivation,Lạc,,Area_Planted,5000.0,ha,Actual,PL3
5676c22b94f60be4,2009,6,Quảng Trị,Provincial,Cultivation,Mía,,Area_Planted,10.0,ha,Actual,PL3
5d3d6ceee7b0ba84,2009,6,Quảng Trị,Provincial,Cultivation,Thuốc lá,,Area_Planted,100.0,ha,Actual,PL3
5d3d6ceee7b0ba84,2009,6,Quảng Trị,Provincial,Cultivation,Thuốc lá,,Area_Planted,2000.0,ha,Actual,PL3
42a23fe6a8fd1b03,2009,6,Thừa Thiên Huế,Provincial,Cultivation,Lúa,,Area_Planted,9080.0,ha,Actual,PL3
869915183cf6620f,2009,6,Thừa Thiên Huế,Provincial,Cultivation,Lạc,,Area_Planted,4000.0,ha,Actual,PL3
a71032b8ce02aa17,2009,6,Thừa Thiên Huế,Provincial,Cultivation,Thuốc lá,,Area_Planted,80.0,ha,Actual,PL3
a71032b8ce02aa17,2009,6,Thừa Thiên Huế,Provincial,Cultivation,Thuốc lá,,Area_Planted,5000.0,ha,Actual,PL3
6eb2af48046d504d,2009,6,Miền Nam,Provincial,Cultivation,Lúa,,Area_Planted,1902663.0,ha,Actual,PL4
6eb2af48046d504d,2009,6,Miền Nam,Provincial,Cultivation,Lúa,,Area_Planted,1880348.0,ha,Actual,PL4
6eb2af48046d504d,2009,6,Miền Nam,Provincial,Cultivation,Lúa,,Area_Planted,988.0,ha,Actual,PL4
6eb2af48046d504d,2009,6,Miền Nam,Provincial,Cultivation,Lúa,,Area_Planted,460331.0,ha,Actual,PL4
6eb2af48046d504d,2009,6,Miền Nam,Provincial,Cultivation,Lúa,,Area_Planted,233540.0,ha,Actual,PL4
6eb2af48046d504d,2009,6,Miền Nam,Provincial,Cultivation,Lúa,,Area_Planted,16664.0,ha,Actual,PL4
6eb2af48046d504d,2009,6,Miền Nam,Provincial,Cultivation,Lúa,,Area_Planted,196525.0,ha,Actual,PL4
6eb2af48046d504d,2009,6,Miền Nam,Provincial,Cultivation,Lúa,,Area_Planted,13602.0,ha,Actual,PL4
28cd2a0c5a2253ec,2009,6,D.H Nam Trg B,Provincial,Cultivation,Lúa,,Area_Planted,169079.0,ha,Actual,PL4
28cd2a0c5a2253ec,2009,6,D.H Nam Trg B,Provincial,Cultivation,Lúa,,Area_Planted,975.0,ha,Actual,PL4
28cd2a0c5a2253ec,2009,6,D.H Nam Trg B,Provincial,Cultivation,Lúa,,Area_Planted,142113.0,ha,Actual,PL4
28cd2a0c5a2253ec,2009,6,D.H Nam Trg B,Provincial,Cultivation,Lúa,,Area_Planted,88288.0,ha,Actual,PL4
28cd2a0c5a2253ec,2009,6,D.H Nam Trg B,Provincial,Cultivation,Lúa,,Area_Planted,28276.0,ha,Actual,PL4
28cd2a0c5a2253ec,2009,6,D.H Nam Trg B,Provincial,Cultivation,Lúa,,Area_Planted,4723.0,ha,Actual,PL4
28cd2a0c5a2253ec,2009,6,D.H Nam Trg B,Provincial,Cultivation,Lúa,,Area_Planted,54648.0,ha,Actual,PL4
28cd2a0c5a2253ec,2009,6,D.H Nam Trg B,Provincial,Cultivation,Lúa,,Area_Planted,641.0,ha,Actual,PL4
f51fa9ffda070b82,2009,6,TP Đà Nẵng,Provincial,Cultivation,Lúa,,Area_Planted,4004.0,ha,Actual,PL4
f51fa9ffda070b82,2009,6,TP Đà Nẵng,Provincial,Cultivation,Lúa,,Area_Planted,4004.0,ha,Actual,PL4
f51fa9ffda070b82,2009,6,TP Đà Nẵng,Provincial,Cultivation,Lúa,,Area_Planted,1000.0,ha,Actual,PL4
f51fa9ffda070b82,2009,6,TP Đà Nẵng,Provincial,Cultivation,Lúa,,Area_Planted,3751.0,ha,Actual,PL4
f51fa9ffda070b82,2009,6,TP Đà Nẵng,Provincial,Cultivation,Lúa,,Area_Planted,1187.0,ha,Actual,PL4
f51fa9ffda070b82,2009,6,TP Đà Nẵng,Provincial,Cultivation,Lúa,,Area_Planted,664.0,ha,Actual,PL4
f51fa9ffda070b82,2009,6,TP Đà Nẵng,Provincial,Cultivation,Lúa,,Area_Planted,437.0,ha,Actual,PL4
f51fa9ffda070b82,2009,6,TP Đà Nẵng,Provincial,Cultivation,Lúa,,Area_Planted,86.0,ha,Actual,PL4
c68e716c215e3b16,2009,6,Quảng Nam,Provincial,Cultivation,Lúa,,Area_Planted,40800.0,ha,Actual,PL4
c68e716c215e3b16,2009,6,Quảng Nam,Provincial,Cultivation,Lúa,,Area_Planted,40800.0,ha,Actual,PL4
c68e716c215e3b16,2009,6,Quảng Nam,Provincial,Cultivation,Lúa,,Area_Planted,1000.0,ha,Actual,PL4
c68e716c215e3b16,2009,6,Quảng Nam,Provincial,Cultivation,Lúa,,Area_Planted,34500.0,ha,Actual,PL4
c68e716c215e3b16,2009,6,Quảng Nam,Provincial,Cultivation,Lúa,,Area_Planted,27700.0,ha,Actual,PL4
c68e716c215e3b16,2009,6,Quảng Nam,Provincial,Cultivation,Lúa,,Area_Planted,13000.0,ha,Actual,PL4
c68e716c215e3b16,2009,6,Quảng Nam,Provincial,Cultivation,Lúa,,Area_Planted,3700.0,ha,Actual,PL4
c68e716c215e3b16,2009,6,Quảng Nam,Provincial,Cultivation,Lúa,,Area_Planted,11000.0,ha,Actual,PL4
dab4328d6855966b,2009,6,Quảng Ngãi,Provincial,Cultivation,Lúa,,Area_Planted,36564.0,ha,Actual,PL4
dab4328d6855966b,2009,6,Quảng Ngãi,Provincial,Cultivation,Lúa,,Area_Planted,35000.0,ha,Actual,PL4
dab4328d6855966b,2009,6,Quảng Ngãi,Provincial,Cultivation,Lúa,,Area_Planted,957.0,ha,Actual,PL4
dab4328d6855966b,2009,6,Quảng Ngãi,Provincial,Cultivation,Lúa,,Area_Planted,29364.0,ha,Actual,PL4
dab4328d6855966b,2009,6,Quảng Ngãi,Provincial,Cultivation,Lúa,,Area_Planted,20469.0,ha,Actual,PL4
dab4328d6855966b,2009,6,Quảng Ngãi,Provincial,Cultivation,Lúa,,Area_Planted,4760.0,ha,Actual,PL4
dab4328d6855966b,2009,6,Quảng Ngãi,Provincial,Cultivation,Lúa,,Area_Planted,200.0,ha,Actual,PL4
dab4328d6855966b,2009,6,Quảng Ngãi,Provincial,Cultivation,Lúa,,Area_Planted,15509.0,ha,Actual,PL4
46fe502aa08c984f,2009,6,Bình Định,Provincial,Cultivation,Lúa,,Area_Planted,47475.0,ha,Actual,PL4
46fe502aa08c984f,2009,6,Bình Định,Provincial,Cultivation,Lúa,,Area_Planted,47475.0,ha,Actual,PL4
46fe502aa08c984f,2009,6,Bình Định,Provincial,Cultivation,Lúa,,Area_Planted,1000.0,ha,Actual,PL4
46fe502aa08c984f,2009,6,Bình Định,Provincial,Cultivation,Lúa,,Area_Planted,41098.0,ha,Actual,PL4
46fe502aa08c984f,2009,6,Bình Định,Provincial,Cultivation,Lúa,,Area_Planted,15507.0,ha,Actual,PL4
46fe502aa08c984f,2009,6,Bình Định,Provincial,Cultivation,Lúa,,Area_Planted,4954.0,ha,Actual,PL4
46fe502aa08c984f,2009,6,Bình Định,Provincial,Cultivation,Lúa,,Area_Planted,10553.0,ha,Actual,PL4
5c1e59ba5a67ca3f,2009,6,Phú Yên,Provincial,Cultivation,Lúa,,Area_Planted,25743.0,ha,Actual,PL4
5c1e59ba5a67ca3f,2009,6,Phú Yên,Provincial,Cultivation,Lúa,,Area_Planted,23000.0,ha,Actual,PL4
5c1e59ba5a67ca3f,2009,6,Phú Yên,Provincial,Cultivation,Lúa,,Area_Planted,893.0,ha,Actual,PL4
5c1e59ba5a67ca3f,2009,6,Phú Yên,Provincial,Cultivation,Lúa,,Area_Planted,23500.0,ha,Actual,PL4
5c1e59ba5a67ca3f,2009,6,Phú Yên,Provincial,Cultivation,Lúa,,Area_Planted,16407.0,ha,Actual,PL4
5c1e59ba5a67ca3f,2009,6,Phú Yên,Provincial,Cultivation,Lúa,,Area_Planted,3398.0,ha,Actual,PL4
5c1e59ba5a67ca3f,2009,6,Phú Yên,Provincial,Cultivation,Lúa,,Area_Planted,226.0,ha,Actual,PL4
5c1e59ba5a67ca3f,2009,6,Phú Yên,Provincial,Cultivation,Lúa,,Area_Planted,12500.0,ha,Actual,PL4
5c1e59ba5a67ca3f,2009,6,Phú Yên,Provincial,Cultivation,Lúa,,Area_Planted,283.0,ha,Actual,PL4
2d8f8545eb02ab64,2009,6,Khánh Hoà,Provincial,Cultivation,Lúa,,Area_Planted,18870.0,ha,Actual,PL4
2d8f8545eb02ab64,2009,6,Khánh Hoà,Provincial,Cultivation,Lúa,,Area_Planted,18800.0,ha,Actual,PL4
2d8f8545eb02ab64,2009,6,Khánh Hoà,Provincial,Cultivation,Lúa,,Area_Planted,996.0,ha,Actual,PL4
2d8f8545eb02ab64,2009,6,Khánh Hoà,Provincial,Cultivation,Lúa,,Area_Planted,9900.0,ha,Actual,PL4
2d8f8545eb02ab64,2009,6,Khánh Hoà,Provincial,Cultivation,Lúa,,Area_Planted,7018.0,ha,Actual,PL4
2d8f8545eb02ab64,2009,6,Khánh Hoà,Provincial,Cultivation,Lúa,,Area_Planted,1500.0,ha,Actual,PL4
2d8f8545eb02ab64,2009,6,Khánh Hoà,Provincial,Cultivation,Lúa,,Area_Planted,160.0,ha,Actual,PL4
2d8f8545eb02ab64,2009,6,Khánh Hoà,Provincial,Cultivation,Lúa,,Area_Planted,5000.0,ha,Actual,PL4
2d8f8545eb02ab64,2009,6,Khánh Hoà,Provincial,Cultivation,Lúa,,Area_Planted,358.0,ha,Actual,PL4
d07180fdd4547e8b,2009,6,Tây Nguyên,Provincial,Cultivation,Lúa,,Area_Planted,72254.0,ha,Actual,PL4
d07180fdd4547e8b,2009,6,Tây Nguyên,Provincial,Cultivation,Lúa,,Area_Planted,63721.0,ha,Actual,PL4
d07180fdd4547e8b,2009,6,Tây Nguyên,Provincial,Cultivation,Lúa,,Area_Planted,882.0,ha,Actual,PL4
d07180fdd4547e8b,2009,6,Tây Nguyên,Provincial,Cultivation,Lúa,,Area_Planted,40593.0,ha,Actual,PL4
d07180fdd4547e8b,2009,6,Tây Nguyên,Provincial,Cultivation,Lúa,,Area_Planted,193852.0,ha,Actual,PL4
d07180fdd4547e8b,2009,6,Tây Nguyên,Provincial,Cultivation,Lúa,,Area_Planted,128112.0,ha,Actual,PL4
d07180fdd4547e8b,2009,6,Tây Nguyên,Provincial,Cultivation,Lúa,,Area_Planted,4545.0,ha,Actual,PL4
d07180fdd4547e8b,2009,6,Tây Nguyên,Provincial,Cultivation,Lúa,,Area_Planted,61195.0,ha,Actual,PL4
2c39f615885de925,2009,6,Kon Tum,Provincial,Cultivation,Lúa,,Area_Planted,6924.0,ha,Actual,PL4
2c39f615885de925,2009,6,Kon Tum,Provincial,Cultivation,Lúa,,Area_Planted,6924.0,ha,Actual,PL4
2c39f615885de925,2009,6,Kon Tum,Provincial,Cultivation,Lúa,,Area_Planted,1000.0,ha,Actual,PL4
2c39f615885de925,2009,6,Kon Tum,Provincial,Cultivation,Lúa,,Area_Planted,635.0,ha,Actual,PL4
2c39f615885de925,2009,6,Kon Tum,Provincial,Cultivation,Lúa,,Area_Planted,635.0,ha,Actual,PL4
5ddf493cf53b078f,2009,6,Gia Lai,Provincial,Cultivation,Lúa,,Area_Planted,23395.0,ha,Actual,PL4
5ddf493cf53b078f,2009,6,Gia Lai,Provincial,Cultivation,Lúa,,Area_Planted,16000.0,ha,Actual,PL4
5ddf493cf53b078f,2009,6,Gia Lai,Provincial,Cultivation,Lúa,,Area_Planted,684.0,ha,Actual,PL4
5ddf493cf53b078f,2009,6,Gia Lai,Provincial,Cultivation,Lúa,,Area_Planted,10870.0,ha,Actual,PL4
5ddf493cf53b078f,2009,6,Gia Lai,Provincial,Cultivation,Lúa,,Area_Planted,57482.0,ha,Actual,PL4
5ddf493cf53b078f,2009,6,Gia Lai,Provincial,Cultivation,Lúa,,Area_Planted,23109.0,ha,Actual,PL4
5ddf493cf53b078f,2009,6,Gia Lai,Provincial,Cultivation,Lúa,,Area_Planted,350.0,ha,Actual,PL4
5ddf493cf53b078f,2009,6,Gia Lai,Provincial,Cultivation,Lúa,,Area_Planted,34023.0,ha,Actual,PL4
9f09bfe9c9461ca8,2009,6,Đắc Lắc,Provincial,Cultivation,Lúa,,Area_Planted,28242.0,ha,Actual,PL4
9f09bfe9c9461ca8,2009,6,Đắc Lắc,Provincial,Cultivation,Lúa,,Area_Planted,28242.0,ha,Actual,PL4
9f09bfe9c9461ca8,2009,6,Đắc Lắc,Provincial,Cultivation,Lúa,,Area_Planted,1000.0,ha,Actual,PL4
9f09bfe9c9461ca8,2009,6,Đắc Lắc,Provincial,Cultivation,Lúa,,Area_Planted,17988.0,ha,Actual,PL4
9f09bfe9c9461ca8,2009,6,Đắc Lắc,Provincial,Cultivation,Lúa,,Area_Planted,87080.0,ha,Actual,PL4
9f09bfe9c9461ca8,2009,6,Đắc Lắc,Provincial,Cultivation,Lúa,,Area_Planted,71408.0,ha,Actual,PL4
9f09bfe9c9461ca8,2009,6,Đắc Lắc,Provincial,Cultivation,Lúa,,Area_Planted,925.0,ha,Actual,PL4
9f09bfe9c9461ca8,2009,6,Đắc Lắc,Provincial,Cultivation,Lúa,,Area_Planted,14747.0,ha,Actual,PL4
c44b8dd736e8b073,2009,6,Đắc Nông,Provincial,Cultivation,Lúa,,Area_Planted,3836.0,ha,Actual,PL4
c44b8dd736e8b073,2009,6,Đắc Nông,Provincial,Cultivation,Lúa,,Area_Planted,2698.0,ha,Actual,PL4
c44b8dd736e8b073,2009,6,Đắc Nông,Provincial,Cultivation,Lúa,,Area_Planted,703.0,ha,Actual,PL4
c44b8dd736e8b073,2009,6,Đắc Nông,Provincial,Cultivation,Lúa,,Area_Planted,6500.0,ha,Actual,PL4
c44b8dd736e8b073,2009,6,Đắc Nông,Provincial,Cultivation,Lúa,,Area_Planted,33975.0,ha,Actual,PL4
c44b8dd736e8b073,2009,6,Đắc Nông,Provincial,Cultivation,Lúa,,Area_Planted,20575.0,ha,Actual,PL4
c44b8dd736e8b073,2009,6,Đắc Nông,Provincial,Cultivation,Lúa,,Area_Planted,2100.0,ha,Actual,PL4
c44b8dd736e8b073,2009,6,Đắc Nông,Provincial,Cultivation,Lúa,,Area_Planted,11300.0,ha,Actual,PL4
d1434bb693c27959,2009,6,Lâm Đồng,Provincial,Cultivation,Lúa,,Area_Planted,9857.0,ha,Actual,PL4
d1434bb693c27959,2009,6,Lâm Đồng,Provincial,Cultivation,Lúa,,Area_Planted,9857.0,ha,Actual,PL4
d1434bb693c27959,2009,6,Lâm Đồng,Provincial,Cultivation,Lúa,,Area_Planted,1000.0,ha,Actual,PL4
d1434bb693c27959,2009,6,Lâm Đồng,Provincial,Cultivation,Lúa,,Area_Planted,5235.0,ha,Actual,PL4
d1434bb693c27959,2009,6,Lâm Đồng,Provincial,Cultivation,Lúa,,Area_Planted,14680.0,ha,Actual,PL4
d1434bb693c27959,2009,6,Lâm Đồng,Provincial,Cultivation,Lúa,,Area_Planted,12385.0,ha,Actual,PL4
d1434bb693c27959,2009,6,Lâm Đồng,Provincial,Cultivation,Lúa,,Area_Planted,1170.0,ha,Actual,PL4
d1434bb693c27959,2009,6,Lâm Đồng,Provincial,Cultivation,Lúa,,Area_Planted,1125.0,ha,Actual,PL4
ab2ab6e3aff34364,2009,6,Đông Nam Bộ,Provincial,Cultivation,Lúa,,Area_Planted,109977.0,ha,Actual,PL4
ab2ab6e3aff34364,2009,6,Đông Nam Bộ,Provincial,Cultivation,Lúa,,Area_Planted,103753.0,ha,Actual,PL4
ab2ab6e3aff34364,2009,6,Đông Nam Bộ,Provincial,Cultivation,Lúa,,Area_Planted,943.0,ha,Actual,PL4
ab2ab6e3aff34364,2009,6,Đông Nam Bộ,Provincial,Cultivation,Lúa,,Area_Planted,123267.0,ha,Actual,PL4
ab2ab6e3aff34364,2009,6,Đông Nam Bộ,Provincial,Cultivation,Lúa,,Area_Planted,136981.0,ha,Actual,PL4
ab2ab6e3aff34364,2009,6,Đông Nam Bộ,Provincial,Cultivation,Lúa,,Area_Planted,52024.0,ha,Actual,PL4
ab2ab6e3aff34364,2009,6,Đông Nam Bộ,Provincial,Cultivation,Lúa,,Area_Planted,948.0,ha,Actual,PL4
ab2ab6e3aff34364,2009,6,Đông Nam Bộ,Provincial,Cultivation,Lúa,,Area_Planted,79141.0,ha,Actual,PL4
ab2ab6e3aff34364,2009,6,Đông Nam Bộ,Provincial,Cultivation,Lúa,,Area_Planted,4868.0,ha,Actual,PL4
40654493bd986ebf,2009,6,TP Hồ Chí Minh,Provincial,Cultivation,Lúa,,Area_Planted,6452.0,ha,Actual,PL4
40654493bd986ebf,2009,6,TP Hồ Chí Minh,Provincial,Cultivation,Lúa,,Area_Planted,6452.0,ha,Actual,PL4
40654493bd986ebf,2009,6,TP Hồ Chí Minh,Provincial,Cultivation,Lúa,,Area_Planted,1000.0,ha,Actual,PL4
40654493bd986ebf,2009,6,TP Hồ Chí Minh,Provincial,Cultivation,Lúa,,Area_Planted,6500.0,ha,Actual,PL4
40654493bd986ebf,2009,6,TP Hồ Chí Minh,Provincial,Cultivation,Lúa,,Area_Planted,1400.0,ha,Actual,PL4
40654493bd986ebf,2009,6,TP Hồ Chí Minh,Provincial,Cultivation,Lúa,,Area_Planted,1400.0,ha,Actual,PL4
5256732915b1dc69,2009,6,Ninh Thuận,Provincial,Cultivation,Lúa,,Area_Planted,11000.0,ha,Actual,PL4
5256732915b1dc69,2009,6,Ninh Thuận,Provincial,Cultivation,Lúa,,Area_Planted,11000.0,ha,Actual,PL4
5256732915b1dc69,2009,6,Ninh Thuận,Provincial,Cultivation,Lúa,,Area_Planted,1000.0,ha,Actual,PL4
5256732915b1dc69,2009,6,Ninh Thuận,Provincial,Cultivation,Lúa,,Area_Planted,12400.0,ha,Actual,PL4
5256732915b1dc69,2009,6,Ninh Thuận,Provincial,Cultivation,Lúa,,Area_Planted,6407.0,ha,Actual,PL4
5256732915b1dc69,2009,6,Ninh Thuận,Provincial,Cultivation,Lúa,,Area_Planted,6407.0,ha,Actual,PL4
4d3d8c569e506c3c,2009,6,Bình Phước,Provincial,Cultivation,Lúa,,Area_Planted,3000.0,ha,Actual,PL4
4d3d8c569e506c3c,2009,6,Bình Phước,Provincial,Cultivation,Lúa,,Area_Planted,3000.0,ha,Actual,PL4
4d3d8c569e506c3c,2009,6,Bình Phước,Provincial,Cultivation,Lúa,,Area_Planted,1000.0,ha,Actual,PL4
4d3d8c569e506c3c,2009,6,Bình Phước,Provincial,Cultivation,Lúa,,Area_Planted,11959.0,ha,Actual,PL4
4d3d8c569e506c3c,2009,6,Bình Phước,Provincial,Cultivation,Lúa,,Area_Planted,397.0,ha,Actual,PL4
4d3d8c569e506c3c,2009,6,Bình Phước,Provincial,Cultivation,Lúa,,Area_Planted,164.0,ha,Actual,PL4
4d3d8c569e506c3c,2009,6,Bình Phước,Provincial,Cultivation,Lúa,,Area_Planted,11300.0,ha,Actual,PL4
4d3d8c569e506c3c,2009,6,Bình Phước,Provincial,Cultivation,Lúa,,Area_Planted,98.0,ha,Actual,PL4
21c10f3dd1778dcd,2009,6,Tây Ninh,Provincial,Cultivation,Lúa,,Area_Planted,42124.0,ha,Actual,PL4
21c10f3dd1778dcd,2009,6,Tây Ninh,Provincial,Cultivation,Lúa,,Area_Planted,35900.0,ha,Actual,PL4
21c10f3dd1778dcd,2009,6,Tây Ninh,Provincial,Cultivation,Lúa,,Area_Planted,852.0,ha,Actual,PL4
21c10f3dd1778dcd,2009,6,Tây Ninh,Provincial,Cultivation,Lúa,,Area_Planted,47094.0,ha,Actual,PL4
21c10f3dd1778dcd,2009,6,Tây Ninh,Provincial,Cultivation,Lúa,,Area_Planted,34104.0,ha,Actual,PL4
21c10f3dd1778dcd,2009,6,Tây Ninh,Provincial,Cultivation,Lúa,,Area_Planted,5896.0,ha,Actual,PL4
21c10f3dd1778dcd,2009,6,Tây Ninh,Provincial,Cultivation,Lúa,,Area_Planted,28208.0,ha,Actual,PL4
f4f22b02fb121672,2009,6,Bình Dương,Provincial,Cultivation,Lúa,,Area_Planted,2612.0,ha,Actual,PL4
f4f22b02fb121672,2009,6,Bình Dương,Provincial,Cultivation,Lúa,,Area_Planted,2612.0,ha,Actual,PL4
f4f22b02fb121672,2009,6,Bình Dương,Provincial,Cultivation,Lúa,,Area_Planted,1000.0,ha,Actual,PL4
f4f22b02fb121672,2009,6,Bình Dương,Provincial,Cultivation,Lúa,,Area_Planted,2193.0,ha,Actual,PL4
f4f22b02fb121672,2009,6,Bình Dương,Provincial,Cultivation,Lúa,,Area_Planted,5950.0,ha,Actual,PL4
f4f22b02fb121672,2009,6,Bình Dương,Provincial,Cultivation,Lúa,,Area_Planted,116.0,ha,Actual,PL4
f4f22b02fb121672,2009,6,Bình Dương,Provincial,Cultivation,Lúa,,Area_Planted,97.0,ha,Actual,PL4
f4f22b02fb121672,2009,6,Bình Dương,Provincial,Cultivation,Lúa,,Area_Planted,1460.0,ha,Actual,PL4
f4f22b02fb121672,2009,6,Bình Dương,Provincial,Cultivation,Lúa,,Area_Planted,4277.0,ha,Actual,PL4
3fca46bfd42dcd5c,2009,6,Đồng Nai,Provincial,Cultivation,Lúa,,Area_Planted,15874.0,ha,Actual,PL4
3fca46bfd42dcd5c,2009,6,Đồng Nai,Provincial,Cultivation,Lúa,,Area_Planted,15874.0,ha,Actual,PL4
3fca46bfd42dcd5c,2009,6,Đồng Nai,Provincial,Cultivation,Lúa,,Area_Planted,1000.0,ha,Actual,PL4
3fca46bfd42dcd5c,2009,6,Đồng Nai,Provincial,Cultivation,Lúa,,Area_Planted,24574.0,ha,Actual,PL4
3fca46bfd42dcd5c,2009,6,Đồng Nai,Provincial,Cultivation,Lúa,,Area_Planted,35590.0,ha,Actual,PL4
3fca46bfd42dcd5c,2009,6,Đồng Nai,Provincial,Cultivation,Lúa,,Area_Planted,20337.0,ha,Actual,PL4
3fca46bfd42dcd5c,2009,6,Đồng Nai,Provincial,Cultivation,Lúa,,Area_Planted,135.0,ha,Actual,PL4
3fca46bfd42dcd5c,2009,6,Đồng Nai,Provincial,Cultivation,Lúa,,Area_Planted,15000.0,ha,Actual,PL4
3fca46bfd42dcd5c,2009,6,Đồng Nai,Provincial,Cultivation,Lúa,,Area_Planted,118.0,ha,Actual,PL4
ccc2abf9eed9c675,2009,6,Bình Thuận,Provincial,Cultivation,Lúa,,Area_Planted,23787.0,ha,Actual,PL4
ccc2abf9eed9c675,2009,6,Bình Thuận,Provincial,Cultivation,Lúa,,Area_Planted,23787.0,ha,Actual,PL4
ccc2abf9eed9c675,2009,6,Bình Thuận,Provincial,Cultivation,Lúa,,Area_Planted,1000.0,ha,Actual,PL4
ccc2abf9eed9c675,2009,6,Bình Thuận,Provincial,Cultivation,Lúa,,Area_Planted,23000.0,ha,Actual,PL4
ccc2abf9eed9c675,2009,6,Bình Thuận,Provincial,Cultivation,Lúa,,Area_Planted,22976.0,ha,Actual,PL4
ccc2abf9eed9c675,2009,6,Bình Thuận,Provincial,Cultivation,Lúa,,Area_Planted,6939.0,ha,Actual,PL4
ccc2abf9eed9c675,2009,6,Bình Thuận,Provincial,Cultivation,Lúa,,Area_Planted,372.0,ha,Actual,PL4
ccc2abf9eed9c675,2009,6,Bình Thuận,Provincial,Cultivation,Lúa,,Area_Planted,15290.0,ha,Actual,PL4
ccc2abf9eed9c675,2009,6,Bình Thuận,Provincial,Cultivation,Lúa,,Area_Planted,375.0,ha,Actual,PL4
81281971b8990823,2009,6,Bà Rịa-V.Tàu,Provincial,Cultivation,Lúa,,Area_Planted,5128.0,ha,Actual,PL4
81281971b8990823,2009,6,Bà Rịa-V.Tàu,Provincial,Cultivation,Lúa,,Area_Planted,5128.0,ha,Actual,PL4
81281971b8990823,2009,6,Bà Rịa-V.Tàu,Provincial,Cultivation,Lúa,,Area_Planted,1000.0,ha,Actual,PL4
81281971b8990823,2009,6,Bà Rịa-V.Tàu,Provincial,Cultivation,Lúa,,Area_Planted,7506.0,ha,Actual,PL4
81281971b8990823,2009,6,Bà Rịa-V.Tàu,Provincial,Cultivation,Lúa,,Area_Planted,18595.0,ha,Actual,PL4
81281971b8990823,2009,6,Bà Rịa-V.Tàu,Provincial,Cultivation,Lúa,,Area_Planted,10532.0,ha,Actual,PL4
81281971b8990823,2009,6,Bà Rịa-V.Tàu,Provincial,Cultivation,Lúa,,Area_Planted,180.0,ha,Actual,PL4
81281971b8990823,2009,6,Bà Rịa-V.Tàu,Provincial,Cultivation,Lúa,,Area_Planted,7883.0,ha,Actual,PL4
670a6083695eb494,2009,6,ĐBS Cửu Long,Provincial,Cultivation,Lúa,,Area_Planted,1546976.0,ha,Actual,PL4
670a6083695eb494,2009,6,ĐBS Cửu Long,Provincial,Cultivation,Lúa,,Area_Planted,1543795.0,ha,Actual,PL4
670a6083695eb494,2009,6,ĐBS Cửu Long,Provincial,Cultivation,Lúa,,Area_Planted,998.0,ha,Actual,PL4
670a6083695eb494,2009,6,ĐBS Cửu Long,Provincial,Cultivation,Lúa,,Area_Planted,1581197.0,ha,Actual,PL4
670a6083695eb494,2009,6,ĐBS Cửu Long,Provincial,Cultivation,Lúa,,Area_Planted,41210.0,ha,Actual,PL4
670a6083695eb494,2009,6,ĐBS Cửu Long,Provincial,Cultivation,Lúa,,Area_Planted,25128.0,ha,Actual,PL4
670a6083695eb494,2009,6,ĐBS Cửu Long,Provincial,Cultivation,Lúa,,Area_Planted,6448.0,ha,Actual,PL4
670a6083695eb494,2009,6,ĐBS Cửu Long,Provincial,Cultivation,Lúa,,Area_Planted,1541.0,ha,Actual,PL4
670a6083695eb494,2009,6,ĐBS Cửu Long,Provincial,Cultivation,Lúa,,Area_Planted,8093.0,ha,Actual,PL4
eedcc8c0c9ac8134,2009,6,Long An,Provincial,Cultivation,Lúa,,Area_Planted,248968.0,ha,Actual,PL4
eedcc8c0c9ac8134,2009,6,Long An,Provincial,Cultivation,Lúa,,Area_Planted,248485.0,ha,Actual,PL4
eedcc8c0c9ac8134,2009,6,Long An,Provincial,Cultivation,Lúa,,Area_Planted,998.0,ha,Actual,PL4
eedcc8c0c9ac8134,2009,6,Long An,Provincial,Cultivation,Lúa,,Area_Planted,194579.0,ha,Actual,PL4
eedcc8c0c9ac8134,2009,6,Long An,Provincial,Cultivation,Lúa,,Area_Planted,3762.0,ha,Actual,PL4
eedcc8c0c9ac8134,2009,6,Long An,Provincial,Cultivation,Lúa,,Area_Planted,3762.0,ha,Actual,PL4
163cbf38c8618906,2009,6,Đồng Tháp,Provincial,Cultivation,Lúa,,Area_Planted,207203.0,ha,Actual,PL4
163cbf38c8618906,2009,6,Đồng Tháp,Provincial,Cultivation,Lúa,,Area_Planted,207203.0,ha,Actual,PL4
163cbf38c8618906,2009,6,Đồng Tháp,Provincial,Cultivation,Lúa,,Area_Planted,1000.0,ha,Actual,PL4
163cbf38c8618906,2009,6,Đồng Tháp,Provincial,Cultivation,Lúa,,Area_Planted,212093.0,ha,Actual,PL4
163cbf38c8618906,2009,6,Đồng Tháp,Provincial,Cultivation,Lúa,,Area_Planted,3902.0,ha,Actual,PL4
163cbf38c8618906,2009,6,Đồng Tháp,Provincial,Cultivation,Lúa,,Area_Planted,3154.0,ha,Actual,PL4
163cbf38c8618906,2009,6,Đồng Tháp,Provincial,Cultivation,Lúa,,Area_Planted,748.0,ha,Actual,PL4
87fb2fc859b10890,2009,6,An Giang,Provincial,Cultivation,Lúa,,Area_Planted,234098.0,ha,Actual,PL4
87fb2fc859b10890,2009,6,An Giang,Provincial,Cultivation,Lúa,,Area_Planted,233545.0,ha,Actual,PL4
87fb2fc859b10890,2009,6,An Giang,Provincial,Cultivation,Lúa,,Area_Planted,998.0,ha,Actual,PL4
87fb2fc859b10890,2009,6,An Giang,Provincial,Cultivation,Lúa,,Area_Planted,232803.0,ha,Actual,PL4
87fb2fc859b10890,2009,6,An Giang,Provincial,Cultivation,Lúa,,Area_Planted,6299.0,ha,Actual,PL4
87fb2fc859b10890,2009,6,An Giang,Provincial,Cultivation,Lúa,,Area_Planted,6179.0,ha,Actual,PL4
87fb2fc859b10890,2009,6,An Giang,Provincial,Cultivation,Lúa,,Area_Planted,120.0,ha,Actual,PL4
3c3ab2368d7495ed,2009,6,Tiền Giang,Provincial,Cultivation,Lúa,,Area_Planted,82747.0,ha,Actual,PL4
3c3ab2368d7495ed,2009,6,Tiền Giang,Provincial,Cultivation,Lúa,,Area_Planted,82747.0,ha,Actual,PL4
3c3ab2368d7495ed,2009,6,Tiền Giang,Provincial,Cultivation,Lúa,,Area_Planted,1000.0,ha,Actual,PL4
3c3ab2368d7495ed,2009,6,Tiền Giang,Provincial,Cultivation,Lúa,,Area_Planted,115792.0,ha,Actual,PL4
3c3ab2368d7495ed,2009,6,Tiền Giang,Provincial,Cultivation,Lúa,,Area_Planted,5381.0,ha,Actual,PL4
3c3ab2368d7495ed,2009,6,Tiền Giang,Provincial,Cultivation,Lúa,,Area_Planted,3371.0,ha,Actual,PL4
3c3ab2368d7495ed,2009,6,Tiền Giang,Provincial,Cultivation,Lúa,,Area_Planted,238.0,ha,Actual,PL4
3c3ab2368d7495ed,2009,6,Tiền Giang,Provincial,Cultivation,Lúa,,Area_Planted,153.0,ha,Actual,PL4
3c3ab2368d7495ed,2009,6,Tiền Giang,Provincial,Cultivation,Lúa,,Area_Planted,1619.0,ha,Actual,PL4
160f4e1f8a709ef7,2009,6,Vĩnh Long,Provincial,Cultivation,Lúa,,Area_Planted,67560.0,ha,Actual,PL4
160f4e1f8a709ef7,2009,6,Vĩnh Long,Provincial,Cultivation,Lúa,,Area_Planted,67559.0,ha,Actual,PL4
160f4e1f8a709ef7,2009,6,Vĩnh Long,Provincial,Cultivation,Lúa,,Area_Planted,1000.0,ha,Actual,PL4
160f4e1f8a709ef7,2009,6,Vĩnh Long,Provincial,Cultivation,Lúa,,Area_Planted,63753.0,ha,Actual,PL4
160f4e1f8a709ef7,2009,6,Vĩnh Long,Provincial,Cultivation,Lúa,,Area_Planted,9062.0,ha,Actual,PL4
160f4e1f8a709ef7,2009,6,Vĩnh Long,Provincial,Cultivation,Lúa,,Area_Planted,857.0,ha,Actual,PL4
160f4e1f8a709ef7,2009,6,Vĩnh Long,Provincial,Cultivation,Lúa,,Area_Planted,2307.0,ha,Actual,PL4
160f4e1f8a709ef7,2009,6,Vĩnh Long,Provincial,Cultivation,Lúa,,Area_Planted,156.0,ha,Actual,PL4
160f4e1f8a709ef7,2009,6,Vĩnh Long,Provincial,Cultivation,Lúa,,Area_Planted,5742.0,ha,Actual,PL4
dd532ae62a837eb5,2009,6,Bến Tre,Provincial,Cultivation,Lúa,,Area_Planted,21130.0,ha,Actual,PL4
dd532ae62a837eb5,2009,6,Bến Tre,Provincial,Cultivation,Lúa,,Area_Planted,21130.0,ha,Actual,PL4
dd532ae62a837eb5,2009,6,Bến Tre,Provincial,Cultivation,Lúa,,Area_Planted,1000.0,ha,Actual,PL4
dd532ae62a837eb5,2009,6,Bến Tre,Provincial,Cultivation,Lúa,,Area_Planted,24157.0,ha,Actual,PL4
dd532ae62a837eb5,2009,6,Bến Tre,Provincial,Cultivation,Lúa,,Area_Planted,898.0,ha,Actual,PL4
dd532ae62a837eb5,2009,6,Bến Tre,Provincial,Cultivation,Lúa,,Area_Planted,394.0,ha,Actual,PL4
dd532ae62a837eb5,2009,6,Bến Tre,Provincial,Cultivation,Lúa,,Area_Planted,175.0,ha,Actual,PL4
dd532ae62a837eb5,2009,6,Bến Tre,Provincial,Cultivation,Lúa,,Area_Planted,117.0,ha,Actual,PL4
dd532ae62a837eb5,2009,6,Bến Tre,Provincial,Cultivation,Lúa,,Area_Planted,212.0,ha,Actual,PL4
a2a2363488b5f710,2009,6,Kiên Giang,Provincial,Cultivation,Lúa,,Area_Planted,277144.0,ha,Actual,PL4
a2a2363488b5f710,2009,6,Kiên Giang,Provincial,Cultivation,Lúa,,Area_Planted,275000.0,ha,Actual,PL4
a2a2363488b5f710,2009,6,Kiên Giang,Provincial,Cultivation,Lúa,,Area_Planted,992.0,ha,Actual,PL4
a2a2363488b5f710,2009,6,Kiên Giang,Provincial,Cultivation,Lúa,,Area_Planted,243382.0,ha,Actual,PL4
a2a2363488b5f710,2009,6,Kiên Giang,Provincial,Cultivation,Lúa,,Area_Planted,700.0,ha,Actual,PL4
a2a2363488b5f710,2009,6,Kiên Giang,Provincial,Cultivation,Lúa,,Area_Planted,700.0,ha,Actual,PL4
7c12b9105dd10767,2009,6,Cần Thơ,Provincial,Cultivation,Lúa,,Area_Planted,90110.0,ha,Actual,PL4
7c12b9105dd10767,2009,6,Cần Thơ,Provincial,Cultivation,Lúa,,Area_Planted,90110.0,ha,Actual,PL4
7c12b9105dd10767,2009,6,Cần Thơ,Provincial,Cultivation,Lúa,,Area_Planted,1000.0,ha,Actual,PL4
7c12b9105dd10767,2009,6,Cần Thơ,Provincial,Cultivation,Lúa,,Area_Planted,84129.0,ha,Actual,PL4
7c12b9105dd10767,2009,6,Cần Thơ,Provincial,Cultivation,Lúa,,Area_Planted,571.0,ha,Actual,PL4
7c12b9105dd10767,2009,6,Cần Thơ,Provincial,Cultivation,Lúa,,Area_Planted,571.0,ha,Actual,PL4
84f2bef2478838fc,2009,6,Hậu Giang,Provincial,Cultivation,Lúa,,Area_Planted,81171.0,ha,Actual,PL4
84f2bef2478838fc,2009,6,Hậu Giang,Provincial,Cultivation,Lúa,,Area_Planted,81171.0,ha,Actual,PL4
84f2bef2478838fc,2009,6,Hậu Giang,Provincial,Cultivation,Lúa,,Area_Planted,1000.0,ha,Actual,PL4
84f2bef2478838fc,2009,6,Hậu Giang,Provincial,Cultivation,Lúa,,Area_Planted,72856.0,ha,Actual,PL4
84f2bef2478838fc,2009,6,Hậu Giang,Provincial,Cultivation,Lúa,,Area_Planted,1548.0,ha,Actual,PL4
84f2bef2478838fc,2009,6,Hậu Giang,Provincial,Cultivation,Lúa,,Area_Planted,1028.0,ha,Actual,PL4
84f2bef2478838fc,2009,6,Hậu Giang,Provincial,Cultivation,Lúa,,Area_Planted,520.0,ha,Actual,PL4
91a26d37d2ad8779,2009,6,Trà Vinh,Provincial,Cultivation,Lúa,,Area_Planted,56053.0,ha,Actual,PL4
91a26d37d2ad8779,2009,6,Trà Vinh,Provincial,Cultivation,Lúa,,Area_Planted,56053.0,ha,Actual,PL4
91a26d37d2ad8779,2009,6,Trà Vinh,Provincial,Cultivation,Lúa,,Area_Planted,1000.0,ha,Actual,PL4
91a26d37d2ad8779,2009,6,Trà Vinh,Provincial,Cultivation,Lúa,,Area_Planted,80642.0,ha,Actual,PL4
91a26d37d2ad8779,2009,6,Trà Vinh,Provincial,Cultivation,Lúa,,Area_Planted,5444.0,ha,Actual,PL4
91a26d37d2ad8779,2009,6,Trà Vinh,Provincial,Cultivation,Lúa,,Area_Planted,3588.0,ha,Actual,PL4
91a26d37d2ad8779,2009,6,Trà Vinh,Provincial,Cultivation,Lúa,,Area_Planted,1157.0,ha,Actual,PL4
91a26d37d2ad8779,2009,6,Trà Vinh,Provincial,Cultivation,Lúa,,Area_Planted,699.0,ha,Actual,PL4
e4e8864be57707e1,2009,6,Sóc Trăng,Provincial,Cultivation,Lúa,,Area_Planted,138622.0,ha,Actual,PL4
e4e8864be57707e1,2009,6,Sóc Trăng,Provincial,Cultivation,Lúa,,Area_Planted,138622.0,ha,Actual,PL4
e4e8864be57707e1,2009,6,Sóc Trăng,Provincial,Cultivation,Lúa,,Area_Planted,1000.0,ha,Actual,PL4
e4e8864be57707e1,2009,6,Sóc Trăng,Provincial,Cultivation,Lúa,,Area_Planted,167000.0,ha,Actual,PL4
e4e8864be57707e1,2009,6,Sóc Trăng,Provincial,Cultivation,Lúa,,Area_Planted,3643.0,ha,Actual,PL4
e4e8864be57707e1,2009,6,Sóc Trăng,Provincial,Cultivation,Lúa,,Area_Planted,2224.0,ha,Actual,PL4
e4e8864be57707e1,2009,6,Sóc Trăng,Provincial,Cultivation,Lúa,,Area_Planted,1003.0,ha,Actual,PL4
e4e8864be57707e1,2009,6,Sóc Trăng,Provincial,Cultivation,Lúa,,Area_Planted,416.0,ha,Actual,PL4
cf2455a078117fc6,2009,6,Bạc Liêu,Provincial,Cultivation,Lúa,,Area_Planted,42170.0,ha,Actual,PL4
cf2455a078117fc6,2009,6,Bạc Liêu,Provincial,Cultivation,Lúa,,Area_Planted,42170.0,ha,Actual,PL4
cf2455a078117fc6,2009,6,Bạc Liêu,Provincial,Cultivation,Lúa,,Area_Planted,1000.0,ha,Actual,PL4
cf2455a078117fc6,2009,6,Bạc Liêu,Provincial,Cultivation,Lúa,,Area_Planted,55024.0,ha,Actual,PL4
55d68a9bd0fb4c62,2009,6,Cà Mau,Provincial,Cultivation,Lúa,,Area_Planted,34987.0,ha,Actual,PL4
6eb2af48046d504d,2009,6,Miền Nam,Provincial,Cultivation,Lúa,,Area_Planted,240257.0,ha,Actual,PL5
6eb2af48046d504d,2009,6,Miền Nam,Provincial,Cultivation,Lúa,,Area_Planted,23222.0,ha,Actual,PL5
6eb2af48046d504d,2009,6,Miền Nam,Provincial,Cultivation,Lúa,,Area_Planted,64720.0,ha,Actual,PL5
6eb2af48046d504d,2009,6,Miền Nam,Provincial,Cultivation,Lúa,,Area_Planted,19813.0,ha,Actual,PL5
6eb2af48046d504d,2009,6,Miền Nam,Provincial,Cultivation,Lúa,,Area_Planted,15818.0,ha,Actual,PL5
6eb2af48046d504d,2009,6,Miền Nam,Provincial,Cultivation,Lúa,,Area_Planted,115871.0,ha,Actual,PL5
6eb2af48046d504d,2009,6,Miền Nam,Provincial,Cultivation,Lúa,,Area_Planted,321.0,ha,Actual,PL5
6eb2af48046d504d,2009,6,Miền Nam,Provincial,Cultivation,Lúa,,Area_Planted,492.0,ha,Actual,PL5
6eb2af48046d504d,2009,6,Miền Nam,Provincial,Cultivation,Lúa,,Area_Planted,212995.0,ha,Actual,PL5
6eb2af48046d504d,2009,6,Miền Nam,Provincial,Cultivation,Lúa,,Area_Planted,370749211.0,ha,Actual,PL5
529855a1a4bf29bb,2009,6,D.H Nam Trg Bộ,Provincial,Cultivation,Lúa,,Area_Planted,66280.0,ha,Actual,PL5
529855a1a4bf29bb,2009,6,D.H Nam Trg Bộ,Provincial,Cultivation,Lúa,,Area_Planted,1067.0,ha,Actual,PL5
529855a1a4bf29bb,2009,6,D.H Nam Trg Bộ,Provincial,Cultivation,Lúa,,Area_Planted,22163.0,ha,Actual,PL5
529855a1a4bf29bb,2009,6,D.H Nam Trg Bộ,Provincial,Cultivation,Lúa,,Area_Planted,3904.0,ha,Actual,PL5
529855a1a4bf29bb,2009,6,D.H Nam Trg Bộ,Provincial,Cultivation,Lúa,,Area_Planted,713.0,ha,Actual,PL5
529855a1a4bf29bb,2009,6,D.H Nam Trg Bộ,Provincial,Cultivation,Lúa,,Area_Planted,38114.0,ha,Actual,PL5
529855a1a4bf29bb,2009,6,D.H Nam Trg Bộ,Provincial,Cultivation,Lúa,,Area_Planted,277.0,ha,Actual,PL5
529855a1a4bf29bb,2009,6,D.H Nam Trg Bộ,Provincial,Cultivation,Lúa,,Area_Planted,42.0,ha,Actual,PL5
529855a1a4bf29bb,2009,6,D.H Nam Trg Bộ,Provincial,Cultivation,Lúa,,Area_Planted,25214.0,ha,Actual,PL5
529855a1a4bf29bb,2009,6,D.H Nam Trg Bộ,Provincial,Cultivation,Lúa,,Area_Planted,25214.0,ha,Actual,PL5
f51fa9ffda070b82,2009,6,TP Đà Nẵng,Provincial,Cultivation,Lúa,,Area_Planted,1235.0,ha,Actual,PL5
f51fa9ffda070b82,2009,6,TP Đà Nẵng,Provincial,Cultivation,Lúa,,Area_Planted,722.0,ha,Actual,PL5
f51fa9ffda070b82,2009,6,TP Đà Nẵng,Provincial,Cultivation,Lúa,,Area_Planted,238.0,ha,Actual,PL5
f51fa9ffda070b82,2009,6,TP Đà Nẵng,Provincial,Cultivation,Lúa,,Area_Planted,275.0,ha,Actual,PL5
f51fa9ffda070b82,2009,6,TP Đà Nẵng,Provincial,Cultivation,Lúa,,Area_Planted,837.0,ha,Actual,PL5
f51fa9ffda070b82,2009,6,TP Đà Nẵng,Provincial,Cultivation,Lúa,,Area_Planted,80.0,ha,Actual,PL5
c68e716c215e3b16,2009,6,Quảng Nam,Provincial,Cultivation,Lúa,,Area_Planted,9210.0,ha,Actual,PL5
c68e716c215e3b16,2009,6,Quảng Nam,Provincial,Cultivation,Lúa,,Area_Planted,8100.0,ha,Actual,PL5
c68e716c215e3b16,2009,6,Quảng Nam,Provincial,Cultivation,Lúa,,Area_Planted,330.0,ha,Actual,PL5
c68e716c215e3b16,2009,6,Quảng Nam,Provincial,Cultivation,Lúa,,Area_Planted,780.0,ha,Actual,PL5
c68e716c215e3b16,2009,6,Quảng Nam,Provincial,Cultivation,Lúa,,Area_Planted,6900.0,ha,Actual,PL5
c68e716c215e3b16,2009,6,Quảng Nam,Provincial,Cultivation,Lúa,,Area_Planted,3500.0,ha,Actual,PL5
dab4328d6855966b,2009,6,Quảng Ngãi,Provincial,Cultivation,Lúa,,Area_Planted,5988.0,ha,Actual,PL5
dab4328d6855966b,2009,6,Quảng Ngãi,Provincial,Cultivation,Lúa,,Area_Planted,3787.0,ha,Actual,PL5
dab4328d6855966b,2009,6,Quảng Ngãi,Provincial,Cultivation,Lúa,,Area_Planted,2201.0,ha,Actual,PL5
dab4328d6855966b,2009,6,Quảng Ngãi,Provincial,Cultivation,Lúa,,Area_Planted,5433.0,ha,Actual,PL5
dab4328d6855966b,2009,6,Quảng Ngãi,Provincial,Cultivation,Lúa,,Area_Planted,1521.0,ha,Actual,PL5
46fe502aa08c984f,2009,6,Bình Định,Provincial,Cultivation,Lúa,,Area_Planted,13109.0,ha,Actual,PL5
46fe502aa08c984f,2009,6,Bình Định,Provincial,Cultivation,Lúa,,Area_Planted,751.0,ha,Actual,PL5
46fe502aa08c984f,2009,6,Bình Định,Provincial,Cultivation,Lúa,,Area_Planted,8792.0,ha,Actual,PL5
46fe502aa08c984f,2009,6,Bình Định,Provincial,Cultivation,Lúa,,Area_Planted,1259.0,ha,Actual,PL5
46fe502aa08c984f,2009,6,Bình Định,Provincial,Cultivation,Lúa,,Area_Planted,2307.0,ha,Actual,PL5
46fe502aa08c984f,2009,6,Bình Định,Provincial,Cultivation,Lúa,,Area_Planted,9254.0,ha,Actual,PL5
46fe502aa08c984f,2009,6,Bình Định,Provincial,Cultivation,Lúa,,Area_Planted,1630.0,ha,Actual,PL5
5c1e59ba5a67ca3f,2009,6,Phú Yên,Provincial,Cultivation,Lúa,,Area_Planted,19512.0,ha,Actual,PL5
5c1e59ba5a67ca3f,2009,6,Phú Yên,Provincial,Cultivation,Lúa,,Area_Planted,316.0,ha,Actual,PL5
5c1e59ba5a67ca3f,2009,6,Phú Yên,Provincial,Cultivation,Lúa,,Area_Planted,562.0,ha,Actual,PL5
5c1e59ba5a67ca3f,2009,6,Phú Yên,Provincial,Cultivation,Lúa,,Area_Planted,2407.0,ha,Actual,PL5
5c1e59ba5a67ca3f,2009,6,Phú Yên,Provincial,Cultivation,Lúa,,Area_Planted,383.0,ha,Actual,PL5
5c1e59ba5a67ca3f,2009,6,Phú Yên,Provincial,Cultivation,Lúa,,Area_Planted,15525.0,ha,Actual,PL5
5c1e59ba5a67ca3f,2009,6,Phú Yên,Provincial,Cultivation,Lúa,,Area_Planted,277.0,ha,Actual,PL5
5c1e59ba5a67ca3f,2009,6,Phú Yên,Provincial,Cultivation,Lúa,,Area_Planted,42.0,ha,Actual,PL5
5c1e59ba5a67ca3f,2009,6,Phú Yên,Provincial,Cultivation,Lúa,,Area_Planted,2690.0,ha,Actual,PL5
5c1e59ba5a67ca3f,2009,6,Phú Yên,Provincial,Cultivation,Lúa,,Area_Planted,1980.0,ha,Actual,PL5
2d8f8545eb02ab64,2009,6,Khánh Hoà,Provincial,Cultivation,Lúa,,Area_Planted,17226.0,ha,Actual,PL5
2d8f8545eb02ab64,2009,6,Khánh Hoà,Provincial,Cultivation,Lúa,,Area_Planted,200.0,ha,Actual,PL5
2d8f8545eb02ab64,2009,6,Khánh Hoà,Provincial,Cultivation,Lúa,,Area_Planted,17026.0,ha,Actual,PL5
2d8f8545eb02ab64,2009,6,Khánh Hoà,Provincial,Cultivation,Lúa,,Area_Planted,100.0,ha,Actual,PL5
2d8f8545eb02ab64,2009,6,Khánh Hoà,Provincial,Cultivation,Lúa,,Area_Planted,500.0,ha,Actual,PL5
d07180fdd4547e8b,2009,6,Tây Nguyên,Provincial,Cultivation,Lúa,,Area_Planted,38790.0,ha,Actual,PL5
d07180fdd4547e8b,2009,6,Tây Nguyên,Provincial,Cultivation,Lúa,,Area_Planted,13952.0,ha,Actual,PL5
d07180fdd4547e8b,2009,6,Tây Nguyên,Provincial,Cultivation,Lúa,,Area_Planted,2837.0,ha,Actual,PL5
d07180fdd4547e8b,2009,6,Tây Nguyên,Provincial,Cultivation,Lúa,,Area_Planted,2982.0,ha,Actual,PL5
d07180fdd4547e8b,2009,6,Tây Nguyên,Provincial,Cultivation,Lúa,,Area_Planted,5966.0,ha,Actual,PL5
d07180fdd4547e8b,2009,6,Tây Nguyên,Provincial,Cultivation,Lúa,,Area_Planted,13053.0,ha,Actual,PL5
d07180fdd4547e8b,2009,6,Tây Nguyên,Provincial,Cultivation,Lúa,,Area_Planted,37363.0,ha,Actual,PL5
d07180fdd4547e8b,2009,6,Tây Nguyên,Provincial,Cultivation,Lúa,,Area_Planted,10889.0,ha,Actual,PL5
2c39f615885de925,2009,6,Kon Tum,Provincial,Cultivation,Lúa,,Area_Planted,2404.0,ha,Actual,PL5
2c39f615885de925,2009,6,Kon Tum,Provincial,Cultivation,Lúa,,Area_Planted,14.0,ha,Actual,PL5
2c39f615885de925,2009,6,Kon Tum,Provincial,Cultivation,Lúa,,Area_Planted,2158.0,ha,Actual,PL5
2c39f615885de925,2009,6,Kon Tum,Provincial,Cultivation,Lúa,,Area_Planted,232.0,ha,Actual,PL5
2c39f615885de925,2009,6,Kon Tum,Provincial,Cultivation,Lúa,,Area_Planted,630.0,ha,Actual,PL5
2c39f615885de925,2009,6,Kon Tum,Provincial,Cultivation,Lúa,,Area_Planted,57.0,ha,Actual,PL5
5ddf493cf53b078f,2009,6,Gia Lai,Provincial,Cultivation,Lúa,,Area_Planted,12548.0,ha,Actual,PL5
5ddf493cf53b078f,2009,6,Gia Lai,Provincial,Cultivation,Lúa,,Area_Planted,248.0,ha,Actual,PL5
5ddf493cf53b078f,2009,6,Gia Lai,Provincial,Cultivation,Lúa,,Area_Planted,2000.0,ha,Actual,PL5
5ddf493cf53b078f,2009,6,Gia Lai,Provincial,Cultivation,Lúa,,Area_Planted,3457.0,ha,Actual,PL5
5ddf493cf53b078f,2009,6,Gia Lai,Provincial,Cultivation,Lúa,,Area_Planted,6843.0,ha,Actual,PL5
5ddf493cf53b078f,2009,6,Gia Lai,Provincial,Cultivation,Lúa,,Area_Planted,7805.0,ha,Actual,PL5
5ddf493cf53b078f,2009,6,Gia Lai,Provincial,Cultivation,Lúa,,Area_Planted,2706.0,ha,Actual,PL5
9f09bfe9c9461ca8,2009,6,Đắc Lắc,Provincial,Cultivation,Lúa,,Area_Planted,12714.0,ha,Actual,PL5
9f09bfe9c9461ca8,2009,6,Đắc Lắc,Provincial,Cultivation,Lúa,,Area_Planted,4254.0,ha,Actual,PL5
9f09bfe9c9461ca8,2009,6,Đắc Lắc,Provincial,Cultivation,Lúa,,Area_Planted,2575.0,ha,Actual,PL5
9f09bfe9c9461ca8,2009,6,Đắc Lắc,Provincial,Cultivation,Lúa,,Area_Planted,982.0,ha,Actual,PL5
9f09bfe9c9461ca8,2009,6,Đắc Lắc,Provincial,Cultivation,Lúa,,Area_Planted,351.0,ha,Actual,PL5
9f09bfe9c9461ca8,2009,6,Đắc Lắc,Provincial,Cultivation,Lúa,,Area_Planted,4552.0,ha,Actual,PL5
9f09bfe9c9461ca8,2009,6,Đắc Lắc,Provincial,Cultivation,Lúa,,Area_Planted,4378.0,ha,Actual,PL5
9f09bfe9c9461ca8,2009,6,Đắc Lắc,Provincial,Cultivation,Lúa,,Area_Planted,7529.0,ha,Actual,PL5
c44b8dd736e8b073,2009,6,Đắc Nông,Provincial,Cultivation,Lúa,,Area_Planted,9776.0,ha,Actual,PL5
c44b8dd736e8b073,2009,6,Đắc Nông,Provincial,Cultivation,Lúa,,Area_Planted,9698.0,ha,Actual,PL5
c44b8dd736e8b073,2009,6,Đắc Nông,Provincial,Cultivation,Lúa,,Area_Planted,78.0,ha,Actual,PL5
c44b8dd736e8b073,2009,6,Đắc Nông,Provincial,Cultivation,Lúa,,Area_Planted,1550.0,ha,Actual,PL5
c44b8dd736e8b073,2009,6,Đắc Nông,Provincial,Cultivation,Lúa,,Area_Planted,201.0,ha,Actual,PL5
d1434bb693c27959,2009,6,Lâm Đồng,Provincial,Cultivation,Lúa,,Area_Planted,1348.0,ha,Actual,PL5
d1434bb693c27959,2009,6,Lâm Đồng,Provincial,Cultivation,Lúa,,Area_Planted,1348.0,ha,Actual,PL5
d1434bb693c27959,2009,6,Lâm Đồng,Provincial,Cultivation,Lúa,,Area_Planted,23000.0,ha,Actual,PL5
d1434bb693c27959,2009,6,Lâm Đồng,Provincial,Cultivation,Lúa,,Area_Planted,396.0,ha,Actual,PL5
ab2ab6e3aff34364,2009,6,Đông Nam Bộ,Provincial,Cultivation,Lúa,,Area_Planted,55335.0,ha,Actual,PL5
ab2ab6e3aff34364,2009,6,Đông Nam Bộ,Provincial,Cultivation,Lúa,,Area_Planted,563.0,ha,Actual,PL5
ab2ab6e3aff34364,2009,6,Đông Nam Bộ,Provincial,Cultivation,Lúa,,Area_Planted,26097.0,ha,Actual,PL5
ab2ab6e3aff34364,2009,6,Đông Nam Bộ,Provincial,Cultivation,Lúa,,Area_Planted,4401.0,ha,Actual,PL5
ab2ab6e3aff34364,2009,6,Đông Nam Bộ,Provincial,Cultivation,Lúa,,Area_Planted,8946.0,ha,Actual,PL5
ab2ab6e3aff34364,2009,6,Đông Nam Bộ,Provincial,Cultivation,Lúa,,Area_Planted,15284.0,ha,Actual,PL5
ab2ab6e3aff34364,2009,6,Đông Nam Bộ,Provincial,Cultivation,Lúa,,Area_Planted,44.0,ha,Actual,PL5
ab2ab6e3aff34364,2009,6,Đông Nam Bộ,Provincial,Cultivation,Lúa,,Area_Planted,41297.0,ha,Actual,PL5
ab2ab6e3aff34364,2009,6,Đông Nam Bộ,Provincial,Cultivation,Lúa,,Area_Planted,13133.0,ha,Actual,PL5
40654493bd986ebf,2009,6,TP Hồ Chí Minh,Provincial,Cultivation,Lúa,,Area_Planted,3300.0,ha,Actual,PL5
40654493bd986ebf,2009,6,TP Hồ Chí Minh,Provincial,Cultivation,Lúa,,Area_Planted,1100.0,ha,Actual,PL5
40654493bd986ebf,2009,6,TP Hồ Chí Minh,Provincial,Cultivation,Lúa,,Area_Planted,2200.0,ha,Actual,PL5
40654493bd986ebf,2009,6,TP Hồ Chí Minh,Provincial,Cultivation,Lúa,,Area_Planted,7426.0,ha,Actual,PL5
5256732915b1dc69,2009,6,Ninh Thuận,Provincial,Cultivation,Lúa,,Area_Planted,1362.0,ha,Actual,PL5
5256732915b1dc69,2009,6,Ninh Thuận,Provincial,Cultivation,Lúa,,Area_Planted,200.0,ha,Actual,PL5
5256732915b1dc69,2009,6,Ninh Thuận,Provincial,Cultivation,Lúa,,Area_Planted,30.0,ha,Actual,PL5
5256732915b1dc69,2009,6,Ninh Thuận,Provincial,Cultivation,Lúa,,Area_Planted,480.0,ha,Actual,PL5
5256732915b1dc69,2009,6,Ninh Thuận,Provincial,Cultivation,Lúa,,Area_Planted,620.0,ha,Actual,PL5
5256732915b1dc69,2009,6,Ninh Thuận,Provincial,Cultivation,Lúa,,Area_Planted,32.0,ha,Actual,PL5
5256732915b1dc69,2009,6,Ninh Thuận,Provincial,Cultivation,Lúa,,Area_Planted,6900.0,ha,Actual,PL5
5256732915b1dc69,2009,6,Ninh Thuận,Provincial,Cultivation,Lúa,,Area_Planted,500.0,ha,Actual,PL5
4d3d8c569e506c3c,2009,6,Bình Phước,Provincial,Cultivation,Lúa,,Area_Planted,144.0,ha,Actual,PL5
4d3d8c569e506c3c,2009,6,Bình Phước,Provincial,Cultivation,Lúa,,Area_Planted,132.0,ha,Actual,PL5
4d3d8c569e506c3c,2009,6,Bình Phước,Provincial,Cultivation,Lúa,,Area_Planted,12.0,ha,Actual,PL5
4d3d8c569e506c3c,2009,6,Bình Phước,Provincial,Cultivation,Lúa,,Area_Planted,701.0,ha,Actual,PL5
4d3d8c569e506c3c,2009,6,Bình Phước,Provincial,Cultivation,Lúa,,Area_Planted,145.0,ha,Actual,PL5
21c10f3dd1778dcd,2009,6,Tây Ninh,Provincial,Cultivation,Lúa,,Area_Planted,32615.0,ha,Actual,PL5
21c10f3dd1778dcd,2009,6,Tây Ninh,Provincial,Cultivation,Lúa,,Area_Planted,16167.0,ha,Actual,PL5
21c10f3dd1778dcd,2009,6,Tây Ninh,Provincial,Cultivation,Lúa,,Area_Planted,952.0,ha,Actual,PL5
21c10f3dd1778dcd,2009,6,Tây Ninh,Provincial,Cultivation,Lúa,,Area_Planted,7748.0,ha,Actual,PL5
21c10f3dd1778dcd,2009,6,Tây Ninh,Provincial,Cultivation,Lúa,,Area_Planted,7748.0,ha,Actual,PL5
21c10f3dd1778dcd,2009,6,Tây Ninh,Provincial,Cultivation,Lúa,,Area_Planted,10692.0,ha,Actual,PL5
21c10f3dd1778dcd,2009,6,Tây Ninh,Provincial,Cultivation,Lúa,,Area_Planted,4990.0,ha,Actual,PL5
f4f22b02fb121672,2009,6,Bình Dương,Provincial,Cultivation,Lúa,,Area_Planted,700.0,ha,Actual,PL5
f4f22b02fb121672,2009,6,Bình Dương,Provincial,Cultivation,Lúa,,Area_Planted,429.0,ha,Actual,PL5
f4f22b02fb121672,2009,6,Bình Dương,Provincial,Cultivation,Lúa,,Area_Planted,271.0,ha,Actual,PL5
f4f22b02fb121672,2009,6,Bình Dương,Provincial,Cultivation,Lúa,,Area_Planted,2024.0,ha,Actual,PL5
f4f22b02fb121672,2009,6,Bình Dương,Provincial,Cultivation,Lúa,,Area_Planted,64.0,ha,Actual,PL5
3fca46bfd42dcd5c,2009,6,Đồng Nai,Provincial,Cultivation,Lúa,,Area_Planted,8872.0,ha,Actual,PL5
3fca46bfd42dcd5c,2009,6,Đồng Nai,Provincial,Cultivation,Lúa,,Area_Planted,321.0,ha,Actual,PL5
3fca46bfd42dcd5c,2009,6,Đồng Nai,Provincial,Cultivation,Lúa,,Area_Planted,4156.0,ha,Actual,PL5
3fca46bfd42dcd5c,2009,6,Đồng Nai,Provincial,Cultivation,Lúa,,Area_Planted,580.0,ha,Actual,PL5
3fca46bfd42dcd5c,2009,6,Đồng Nai,Provincial,Cultivation,Lúa,,Area_Planted,3815.0,ha,Actual,PL5
3fca46bfd42dcd5c,2009,6,Đồng Nai,Provincial,Cultivation,Lúa,,Area_Planted,9110.0,ha,Actual,PL5
3fca46bfd42dcd5c,2009,6,Đồng Nai,Provincial,Cultivation,Lúa,,Area_Planted,3759.0,ha,Actual,PL5
ccc2abf9eed9c675,2009,6,Bình Thuận,Provincial,Cultivation,Lúa,,Area_Planted,7668.0,ha,Actual,PL5
ccc2abf9eed9c675,2009,6,Bình Thuận,Provincial,Cultivation,Lúa,,Area_Planted,242.0,ha,Actual,PL5
ccc2abf9eed9c675,2009,6,Bình Thuận,Provincial,Cultivation,Lúa,,Area_Planted,3487.0,ha,Actual,PL5
ccc2abf9eed9c675,2009,6,Bình Thuận,Provincial,Cultivation,Lúa,,Area_Planted,3407.0,ha,Actual,PL5
ccc2abf9eed9c675,2009,6,Bình Thuận,Provincial,Cultivation,Lúa,,Area_Planted,35.0,ha,Actual,PL5
ccc2abf9eed9c675,2009,6,Bình Thuận,Provincial,Cultivation,Lúa,,Area_Planted,485.0,ha,Actual,PL5
ccc2abf9eed9c675,2009,6,Bình Thuận,Provincial,Cultivation,Lúa,,Area_Planted,12.0,ha,Actual,PL5
ccc2abf9eed9c675,2009,6,Bình Thuận,Provincial,Cultivation,Lúa,,Area_Planted,2216.0,ha,Actual,PL5
ccc2abf9eed9c675,2009,6,Bình Thuận,Provincial,Cultivation,Lúa,,Area_Planted,3178.0,ha,Actual,PL5
81281971b8990823,2009,6,Bà Rịa-V.Tàu,Provincial,Cultivation,Lúa,,Area_Planted,674.0,ha,Actual,PL5
81281971b8990823,2009,6,Bà Rịa-V.Tàu,Provincial,Cultivation,Lúa,,Area_Planted,426.0,ha,Actual,PL5
81281971b8990823,2009,6,Bà Rịa-V.Tàu,Provincial,Cultivation,Lúa,,Area_Planted,103.0,ha,Actual,PL5
81281971b8990823,2009,6,Bà Rịa-V.Tàu,Provincial,Cultivation,Lúa,,Area_Planted,145.0,ha,Actual,PL5
81281971b8990823,2009,6,Bà Rịa-V.Tàu,Provincial,Cultivation,Lúa,,Area_Planted,2228.0,ha,Actual,PL5
81281971b8990823,2009,6,Bà Rịa-V.Tàu,Provincial,Cultivation,Lúa,,Area_Planted,497.0,ha,Actual,PL5
670a6083695eb494,2009,6,ĐBS Cửu Long,Provincial,Cultivation,Lúa,,Area_Planted,79733.0,ha,Actual,PL5
670a6083695eb494,2009,6,ĐBS Cửu Long,Provincial,Cultivation,Lúa,,Area_Planted,7640.0,ha,Actual,PL5
670a6083695eb494,2009,6,ĐBS Cửu Long,Provincial,Cultivation,Lúa,,Area_Planted,13623.0,ha,Actual,PL5
670a6083695eb494,2009,6,ĐBS Cửu Long,Provincial,Cultivation,Lúa,,Area_Planted,8526.0,ha,Actual,PL5
670a6083695eb494,2009,6,ĐBS Cửu Long,Provincial,Cultivation,Lúa,,Area_Planted,193.0,ha,Actual,PL5
670a6083695eb494,2009,6,ĐBS Cửu Long,Provincial,Cultivation,Lúa,,Area_Planted,49420.0,ha,Actual,PL5
670a6083695eb494,2009,6,ĐBS Cửu Long,Provincial,Cultivation,Lúa,,Area_Planted,450.0,ha,Actual,PL5
670a6083695eb494,2009,6,ĐBS Cửu Long,Provincial,Cultivation,Lúa,,Area_Planted,109121.0,ha,Actual,PL5
670a6083695eb494,2009,6,ĐBS Cửu Long,Provincial,Cultivation,Lúa,,Area_Planted,3841.0,ha,Actual,PL5
eedcc8c0c9ac8134,2009,6,Long An,Provincial,Cultivation,Lúa,,Area_Planted,22806.0,ha,Actual,PL5
eedcc8c0c9ac8134,2009,6,Long An,Provincial,Cultivation,Lúa,,Area_Planted,6966.0,ha,Actual,PL5
eedcc8c0c9ac8134,2009,6,Long An,Provincial,Cultivation,Lúa,,Area_Planted,1459.0,ha,Actual,PL5
eedcc8c0c9ac8134,2009,6,Long An,Provincial,Cultivation,Lúa,,Area_Planted,14381.0,ha,Actual,PL5
eedcc8c0c9ac8134,2009,6,Long An,Provincial,Cultivation,Lúa,,Area_Planted,6510.0,ha,Actual,PL5
163cbf38c8618906,2009,6,Đồng Tháp,Provincial,Cultivation,Lúa,,Area_Planted,8743.0,ha,Actual,PL5
163cbf38c8618906,2009,6,Đồng Tháp,Provincial,Cultivation,Lúa,,Area_Planted,5415.0,ha,Actual,PL5
163cbf38c8618906,2009,6,Đồng Tháp,Provincial,Cultivation,Lúa,,Area_Planted,250.0,ha,Actual,PL5
163cbf38c8618906,2009,6,Đồng Tháp,Provincial,Cultivation,Lúa,,Area_Planted,2931.0,ha,Actual,PL5
163cbf38c8618906,2009,6,Đồng Tháp,Provincial,Cultivation,Lúa,,Area_Planted,16.0,ha,Actual,PL5
163cbf38c8618906,2009,6,Đồng Tháp,Provincial,Cultivation,Lúa,,Area_Planted,131.0,ha,Actual,PL5
163cbf38c8618906,2009,6,Đồng Tháp,Provincial,Cultivation,Lúa,,Area_Planted,7824.0,ha,Actual,PL5
163cbf38c8618906,2009,6,Đồng Tháp,Provincial,Cultivation,Lúa,,Area_Planted,438.0,ha,Actual,PL5
87fb2fc859b10890,2009,6,An Giang,Provincial,Cultivation,Lúa,,Area_Planted,422.0,ha,Actual,PL5
87fb2fc859b10890,2009,6,An Giang,Provincial,Cultivation,Lúa,,Area_Planted,183.0,ha,Actual,PL5
87fb2fc859b10890,2009,6,An Giang,Provincial,Cultivation,Lúa,,Area_Planted,215.0,ha,Actual,PL5
87fb2fc859b10890,2009,6,An Giang,Provincial,Cultivation,Lúa,,Area_Planted,6.0,ha,Actual,PL5
87fb2fc859b10890,2009,6,An Giang,Provincial,Cultivation,Lúa,,Area_Planted,18.0,ha,Actual,PL5
87fb2fc859b10890,2009,6,An Giang,Provincial,Cultivation,Lúa,,Area_Planted,8433.0,ha,Actual,PL5
87fb2fc859b10890,2009,6,An Giang,Provincial,Cultivation,Lúa,,Area_Planted,1090.0,ha,Actual,PL5
3c3ab2368d7495ed,2009,6,Tiền Giang,Provincial,Cultivation,Lúa,,Area_Planted,119.0,ha,Actual,PL5
3c3ab2368d7495ed,2009,6,Tiền Giang,Provincial,Cultivation,Lúa,,Area_Planted,25200.0,ha,Actual,PL5
160f4e1f8a709ef7,2009,6,Vĩnh Long,Provincial,Cultivation,Lúa,,Area_Planted,1541.0,ha,Actual,PL5
160f4e1f8a709ef7,2009,6,Vĩnh Long,Provincial,Cultivation,Lúa,,Area_Planted,1115.0,ha,Actual,PL5
160f4e1f8a709ef7,2009,6,Vĩnh Long,Provincial,Cultivation,Lúa,,Area_Planted,28.0,ha,Actual,PL5
160f4e1f8a709ef7,2009,6,Vĩnh Long,Provincial,Cultivation,Lúa,,Area_Planted,331.0,ha,Actual,PL5
160f4e1f8a709ef7,2009,6,Vĩnh Long,Provincial,Cultivation,Lúa,,Area_Planted,67.0,ha,Actual,PL5
160f4e1f8a709ef7,2009,6,Vĩnh Long,Provincial,Cultivation,Lúa,,Area_Planted,12759.0,ha,Actual,PL5
160f4e1f8a709ef7,2009,6,Vĩnh Long,Provincial,Cultivation,Lúa,,Area_Planted,365.0,ha,Actual,PL5
dd532ae62a837eb5,2009,6,Bến Tre,Provincial,Cultivation,Lúa,,Area_Planted,7360.0,ha,Actual,PL5
dd532ae62a837eb5,2009,6,Bến Tre,Provincial,Cultivation,Lúa,,Area_Planted,391.0,ha,Actual,PL5
dd532ae62a837eb5,2009,6,Bến Tre,Provincial,Cultivation,Lúa,,Area_Planted,6969.0,ha,Actual,PL5
dd532ae62a837eb5,2009,6,Bến Tre,Provincial,Cultivation,Lúa,,Area_Planted,2082.0,ha,Actual,PL5
dd532ae62a837eb5,2009,6,Bến Tre,Provincial,Cultivation,Lúa,,Area_Planted,128.0,ha,Actual,PL5
a2a2363488b5f710,2009,6,Kiên Giang,Provincial,Cultivation,Lúa,,Area_Planted,0.0,ha,Actual,PL5
7c12b9105dd10767,2009,6,Cần Thơ,Provincial,Cultivation,Lúa,,Area_Planted,8124.0,ha,Actual,PL5
7c12b9105dd10767,2009,6,Cần Thơ,Provincial,Cultivation,Lúa,,Area_Planted,721.0,ha,Actual,PL5
7c12b9105dd10767,2009,6,Cần Thơ,Provincial,Cultivation,Lúa,,Area_Planted,3587.0,ha,Actual,PL5
7c12b9105dd10767,2009,6,Cần Thơ,Provincial,Cultivation,Lúa,,Area_Planted,3805.0,ha,Actual,PL5
7c12b9105dd10767,2009,6,Cần Thơ,Provincial,Cultivation,Lúa,,Area_Planted,11.0,ha,Actual,PL5
7c12b9105dd10767,2009,6,Cần Thơ,Provincial,Cultivation,Lúa,,Area_Planted,5480.0,ha,Actual,PL5
7c12b9105dd10767,2009,6,Cần Thơ,Provincial,Cultivation,Lúa,,Area_Planted,201.0,ha,Actual,PL5
84f2bef2478838fc,2009,6,Hậu Giang,Provincial,Cultivation,Lúa,,Area_Planted,13453.0,ha,Actual,PL5
84f2bef2478838fc,2009,6,Hậu Giang,Provincial,Cultivation,Lúa,,Area_Planted,13453.0,ha,Actual,PL5
84f2bef2478838fc,2009,6,Hậu Giang,Provincial,Cultivation,Lúa,,Area_Planted,6068.0,ha,Actual,PL5
91a26d37d2ad8779,2009,6,Trà Vinh,Provincial,Cultivation,Lúa,,Area_Planted,4230.0,ha,Actual,PL5
91a26d37d2ad8779,2009,6,Trà Vinh,Provincial,Cultivation,Lúa,,Area_Planted,2088.0,ha,Actual,PL5
91a26d37d2ad8779,2009,6,Trà Vinh,Provincial,Cultivation,Lúa,,Area_Planted,1692.0,ha,Actual,PL5
91a26d37d2ad8779,2009,6,Trà Vinh,Provincial,Cultivation,Lúa,,Area_Planted,450.0,ha,Actual,PL5
91a26d37d2ad8779,2009,6,Trà Vinh,Provincial,Cultivation,Lúa,,Area_Planted,6325.0,ha,Actual,PL5
91a26d37d2ad8779,2009,6,Trà Vinh,Provincial,Cultivation,Lúa,,Area_Planted,426.0,ha,Actual,PL5
e4e8864be57707e1,2009,6,Sóc Trăng,Provincial,Cultivation,Lúa,,Area_Planted,13054.0,ha,Actual,PL5
e4e8864be57707e1,2009,6,Sóc Trăng,Provincial,Cultivation,Lúa,,Area_Planted,206.0,ha,Actual,PL5
e4e8864be57707e1,2009,6,Sóc Trăng,Provincial,Cultivation,Lúa,,Area_Planted,98.0,ha,Actual,PL5
e4e8864be57707e1,2009,6,Sóc Trăng,Provincial,Cultivation,Lúa,,Area_Planted,160.0,ha,Actual,PL5
e4e8864be57707e1,2009,6,Sóc Trăng,Provincial,Cultivation,Lúa,,Area_Planted,12590.0,ha,Actual,PL5
e4e8864be57707e1,2009,6,Sóc Trăng,Provincial,Cultivation,Lúa,,Area_Planted,22940.0,ha,Actual,PL5
e4e8864be57707e1,2009,6,Sóc Trăng,Provincial,Cultivation,Lúa,,Area_Planted,1193.0,ha,Actual,PL5
cf2455a078117fc6,2009,6,Bạc Liêu,Provincial,Cultivation,Lúa,,Area_Planted,5500.0,ha,Actual,PL5
a46a48e6762a510c,2009,6,Cả nước,National,Forestry,Rừng,,Area_Planted,740.0,1000_ha,Estimated,PL6b1
53aac720fdb9ccca,2009,6,Cả nước,National,Forestry,Rừng,,Area_Planted,2273.0,1000_ha,Plan,PL6b1
8089230fdf6d1c38,2009,6,Cả nước,National,Forestry,Rừng,,Area,176.0,1000_ha,Estimated,PL6b1
0a8005d4082c53dd,2009,6,Cả nước,National,Forestry,Rừng,,Area,600.0,1000_ha,Plan,PL6b1
8089230fdf6d1c38,2009,6,Cả nước,National,Forestry,Rừng,,Area,564.0,1000_ha,Estimated,PL6b1
0a8005d4082c53dd,2009,6,Cả nước,National,Forestry,Rừng,,Area,1673.0,1000_ha,Plan,PL6b1
e84952a7d56e7133,2009,6,Cả nước,National,Forestry,Rừng trồng,,Area,1431.0,1000_ha,Estimated,PL6b1
e1f47b9fb3803de5,2009,6,Cả nước,National,Forestry,Rừng trồng,,Area,1497.0,1000_ha,Plan,PL6b1
89c3450a2133acf1,2009,6,Cả nước,National,Forestry,Cây nhân dân,,Area_Planted,1075.0,million_trees,Estimated,PL6b1
21ac1657e8586228,2009,6,Cả nước,National,Forestry,Cây nhân dân,,Area_Planted,200.0,million_trees,Plan,PL6b1
0442ef0fc3c20dbf,2009,6,Cả nước,National,Forestry,Rừng tái sinh,,Area,6206.0,1000_ha,Estimated,PL6b1
abefbd6ec2ba0214,2009,6,Cả nước,National,Forestry,Rừng tái sinh,,Area,506.0,1000_ha,Plan,PL6b1
0a8005d4082c53dd,2009,6,Cả nước,National,Forestry,Rừng,,Area,604.0,1000_ha,Plan,PL6b1
0a8005d4082c53dd,2009,6,Cả nước,National,Forestry,Rừng,,Area,49.0,1000_ha,Plan,PL6b1
9909921a97bac180,2009,6,Cả nước,National,Forestry,Rừng bảo vệ,,Area,20388.0,1000_ha,Estimated,PL6b1
066f4e0d543d6a80,2009,6,Cả nước,National,Forestry,Rừng bảo vệ,,Area,1524.0,1000_ha,Plan,PL6b1
157c3ec187a0b936,2009,6,Cả nước,National,Forestry,Gỗ,,Production,16741.0,1000_m3,Estimated,PL6b1
43498c200b232022,2009,6,Cả nước,National,Forestry,Gỗ,,Production,4380.0,1000_m3,Plan,PL6b1
8c399f87f1cb4f06,2009,1,Cả nước,National,Trade,"1. Nông sản chính,trong đó:",Xuất khẩu,Export_Value,718.0,million_USD,Actual,PL8
31bbb876183cacb0,2009,1,Cả nước,National,Trade,Cà phê,Xuất khẩu,Export_Volume,95.0,1000_ton,Actual,PL8
c6f04eff3e7c58a4,2009,1,Cả nước,National,Trade,Cà phê,Xuất khẩu,Export_Value,137.0,million_USD,Actual,PL8
d74872253f2d7f4a,2009,1,Cả nước,National,Trade,Cao su,Xuất khẩu,Export_Volume,44.0,1000_ton,Actual,PL8
ec1298c3eda6a539,2009,1,Cả nước,National,Trade,Cao su,Xuất khẩu,Export_Value,65.0,million_USD,Actual,PL8
34f15c3b7c8fc811,2009,1,Cả nước,National,Trade,Gạo,Xuất khẩu,Export_Volume,665.0,1000_ton,Actual,PL8
1f153bf4bc6f9ff0,2009,1,Cả nước,National,Trade,Gạo,Xuất khẩu,Export_Value,333.0,million_USD,Actual,PL8
9c890a4daf94a1a8,2009,1,Cả nước,National,Trade,Chè,Xuất khẩu,Export_Volume,9.0,1000_ton,Actual,PL8
b57b4808b36af64e,2009,1,Cả nước,National,Trade,Chè,Xuất khẩu,Export_Value,11.0,million_USD,Actual,PL8
82677053c86b5766,2009,1,Cả nước,National,Trade,Hạt điều,Xuất khẩu,Export_Volume,14.0,1000_ton,Actual,PL8
970583d53fc308c7,2009,1,Cả nước,National,Trade,Hạt điều,Xuất khẩu,Export_Value,62.0,million_USD,Actual,PL8
ba17953f5f8e073a,2009,1,Cả nước,National,Trade,Hạt tiêu,Xuất khẩu,Export_Volume,13.0,1000_ton,Actual,PL8
7b75a9a185d6deff,2009,1,Cả nước,National,Trade,Hạt tiêu,Xuất khẩu,Export_Value,30.0,million_USD,Actual,PL8
882e2be4e9c410ed,2009,1,Cả nước,National,Trade,Hàng rau quả,Xuất khẩu,Export_Volume,0.0,1000_ton,Actual,PL8
25cbafbddd1977d8,2009,1,Cả nước,National,Trade,Hàng rau quả,Xuất khẩu,Export_Value,34.0,million_USD,Actual,PL8
e33025251e09c651,2009,1,Cả nước,National,Trade,Sắn và sản phẩm từ sắn,Xuất khẩu,Export_Volume,287.0,1000_ton,Actual,PL8
8476d4f45017b301,2009,1,Cả nước,National,Trade,Sắn và sản phẩm từ sắn,Xuất khẩu,Export_Value,47.0,million_USD,Actual,PL8
4587782a8253156e,2009,1,Cả nước,National,Trade,2. Thuỷ sản,Xuất khẩu,Export_Value,317.0,million_USD,Actual,PL8
3b7040a2d8f1ff39,2009,1,Cả nước,National,Trade,"3. Lâm sản chính,trong đó:",Xuất khẩu,Export_Value,191.0,million_USD,Actual,PL8
885a93734ad69f43,2009,1,Cả nước,National,Trade,Quế,Xuất khẩu,Export_Value,24.0,million_USD,Actual,PL8
396cd7b0ef23a567,2009,1,Cả nước,National,Trade,Gỗ & sản phẩm gỗ,Xuất khẩu,Export_Value,1755.0,million_USD,Actual,PL8
460ba863e795dfa7,2009,1,Cả nước,National,Trade,"SP mây, tre, cói, thảm",Xuất khẩu,Export_Value,13.0,million_USD,Actual,PL8
80ac238a28379015,2009,1,Cả nước,National,Trade,rong đó các mặt hàng chính:,Xuất khẩu,Export_Value,783.0,million_USD,Actual,PL8
ee56fc14430c8bba,2009,1,Cả nước,National,Trade,Phân bón các loại,Xuất khẩu,Export_Volume,273.0,1000_ton,Actual,PL8
22449e1dff376adc,2009,1,Cả nước,National,Trade,Phân bón các loại,Xuất khẩu,Export_Value,91.0,million_USD,Actual,PL8
0d99e027a77b70c7,2009,1,Cả nước,National,Trade,- U RE,Xuất khẩu,Export_Volume,107.0,1000_ton,Actual,PL8
77980f25cd152d40,2009,1,Cả nước,National,Trade,- U RE,Xuất khẩu,Export_Value,33.0,million_USD,Actual,PL8
909b9c03043465fe,2009,1,Cả nước,National,Trade,- S A,Xuất khẩu,Export_Volume,85.0,1000_ton,Actual,PL8
093d49f0524b1a54,2009,1,Cả nước,National,Trade,- S A,Xuất khẩu,Export_Value,13.0,million_USD,Actual,PL8
b41effd55cb9d6ae,2009,1,Cả nước,National,Trade,- D A P,Xuất khẩu,Export_Volume,12.0,1000_ton,Actual,PL8
0d84192f4ea01a3e,2009,1,Cả nước,National,Trade,- D A P,Xuất khẩu,Export_Value,5.0,million_USD,Actual,PL8
067ad68770e94047,2009,1,Cả nước,National,Trade,- N P K,Xuất khẩu,Export_Volume,27.0,1000_ton,Actual,PL8
5cd4bb5f0df2e45f,2009,1,Cả nước,National,Trade,- N P K,Xuất khẩu,Export_Value,11.0,million_USD,Actual,PL8
2ec12f0a9d69d92b,2009,1,Cả nước,National,Trade,- Phân bón các loại khác,Xuất khẩu,Export_Volume,42.0,1000_ton,Actual,PL8
c679ed4990b2d965,2009,1,Cả nước,National,Trade,- Phân bón các loại khác,Xuất khẩu,Export_Value,28.0,million_USD,Actual,PL8
c737ec0b728083d0,2009,1,Cả nước,National,Trade,Thuốc trừ sâu & nguyên liệu,Xuất khẩu,Export_Value,52.0,million_USD,Actual,PL8
87320e4e9c4c2a93,2009,1,Cả nước,National,Trade,Lúa mỳ,Xuất khẩu,Export_Volume,103.0,1000_ton,Actual,PL8
9c61b094d73bab47,2009,1,Cả nước,National,Trade,Lúa mỳ,Xuất khẩu,Export_Value,25.0,million_USD,Actual,PL8
a3a6434897603ef9,2009,1,Cả nước,National,Trade,Thức ăn gia súc và nguyên liệu,Xuất khẩu,Export_Value,159.0,million_USD,Actual,PL8
df9166757e6bbe20,2009,1,Cả nước,National,Trade,"Dầu mỡ động, thực vật",Xuất khẩu,Export_Value,53.0,million_USD,Actual,PL8
d74872253f2d7f4a,2009,1,Cả nước,National,Trade,Cao su,Xuất khẩu,Export_Volume,31.0,1000_ton,Actual,PL8
ec1298c3eda6a539,2009,1,Cả nước,National,Trade,Cao su,Xuất khẩu,Export_Value,40.0,million_USD,Actual,PL8
40f65ae579c2d615,2009,1,Cả nước,National,Trade,Bông các loại,Xuất khẩu,Export_Volume,25.0,1000_ton,Actual,PL8
98b0a6be898b7078,2009,1,Cả nước,National,Trade,Bông các loại,Xuất khẩu,Export_Value,30.0,million_USD,Actual,PL8
22b19a900234e0e0,2009,1,Cả nước,National,Trade,Sữa & sản phẩm sữa,Xuất khẩu,Export_Value,46.0,million_USD,Actual,PL8
396cd7b0ef23a567,2009,1,Cả nước,National,Trade,Gỗ & sản phẩm gỗ,Xuất khẩu,Export_Value,78.0,million_USD,Actual,PL8
ff3cb55e8103b45d,2009,1,Cả nước,National,Trade,Hàng thuỷ sản,Xuất khẩu,Export_Value,21.0,million_USD,Actual,PL8
25cbafbddd1977d8,2009,1,Cả nước,National,Trade,Hàng rau quả,Xuất khẩu,Export_Value,24.0,million_USD,Actual,PL8
dadeefd14a65245d,2009,1,Cả nước,National,Trade,Muối,Xuất khẩu,Export_Value,4.0,million_USD,Actual,PL8
87329e279f05d048,2009,1,Cả nước,National,Trade,1,Xuất khẩu,Export_Volume,60354.0,1000_ton,Actual,PL8a
d4b0cf5d249414f0,2009,1,Cả nước,National,Trade,1,Xuất khẩu,Export_Value,105105.0,million_USD,Actual,PL8a
1d8f8b8741ef70e3,2009,1,Cả nước,National,Trade,2,Xuất khẩu,Export_Volume,140706.0,1000_ton,Actual,PL8a
f456e9233be4f2fc,2009,1,Cả nước,National,Trade,2,Xuất khẩu,Export_Value,70418.0,million_USD,Actual,PL8a
72dde2ac325dca5c,2009,1,Cả nước,National,Trade,3,Xuất khẩu,Export_Volume,108994.0,1000_ton,Actual,PL8a
2416a090fcba0d7a,2009,1,Cả nước,National,Trade,3,Xuất khẩu,Export_Value,68293.0,million_USD,Actual,PL8a
504aaf6cbdaa2686,2009,1,Cả nước,National,Trade,4,Xuất khẩu,Export_Volume,81301.0,1000_ton,Actual,PL8a
519e22695f563713,2009,1,Cả nước,National,Trade,4,Xuất khẩu,Export_Value,62144.0,million_USD,Actual,PL8a
64d955788e09eb4c,2009,1,Cả nước,National,Trade,5,Xuất khẩu,Export_Volume,83281.0,1000_ton,Actual,PL8a
2d4b49d3fc725af5,2009,1,Cả nước,National,Trade,5,Xuất khẩu,Export_Value,39458.0,million_USD,Actual,PL8a
92c7545829a636de,2009,1,Cả nước,National,Trade,6,Xuất khẩu,Export_Volume,61066.0,1000_ton,Actual,PL8a
8057f10ac845b6df,2009,1,Cả nước,National,Trade,6,Xuất khẩu,Export_Value,30455.0,million_USD,Actual,PL8a
400efd198836f70f,2009,1,Cả nước,National,Trade,7,Xuất khẩu,Export_Volume,16654.0,1000_ton,Actual,PL8a
23345e20aaf27540,2009,1,Cả nước,National,Trade,7,Xuất khẩu,Export_Value,25961.0,million_USD,Actual,PL8a
000d2344ef8b6c50,2009,1,Cả nước,National,Trade,8,Xuất khẩu,Export_Volume,26479.0,1000_ton,Actual,PL8a
a7a9ea09c3e3f602,2009,1,Cả nước,National,Trade,8,Xuất khẩu,Export_Value,17305.0,million_USD,Actual,PL8a
691c05b53234f440,2009,1,Cả nước,National,Trade,9,Xuất khẩu,Export_Volume,41283.0,1000_ton,Actual,PL8a
a2bcee0237af9010,2009,1,Cả nước,National,Trade,9,Xuất khẩu,Export_Value,16538.0,million_USD,Actual,PL8a
57144d701348703e,2009,1,Cả nước,National,Trade,10,Xuất khẩu,Export_Volume,45077.0,1000_ton,Actual,PL8a
11e09b38ce5b3603,2009,1,Cả nước,National,Trade,10,Xuất khẩu,Export_Value,15105.0,million_USD,Actual,PL8a
87329e279f05d048,2009,1,Cả nước,National,Trade,1,Xuất khẩu,Export_Volume,300979.0,1000_ton,Actual,PL8a
d4b0cf5d249414f0,2009,1,Cả nước,National,Trade,1,Xuất khẩu,Export_Value,129639.0,million_USD,Actual,PL8a
1d8f8b8741ef70e3,2009,1,Cả nước,National,Trade,2,Xuất khẩu,Export_Volume,24581.0,1000_ton,Actual,PL8a
f456e9233be4f2fc,2009,1,Cả nước,National,Trade,2,Xuất khẩu,Export_Value,8985.0,million_USD,Actual,PL8a
72dde2ac325dca5c,2009,1,Cả nước,National,Trade,3,Xuất khẩu,Export_Volume,7524.0,1000_ton,Actual,PL8a
2416a090fcba0d7a,2009,1,Cả nước,National,Trade,3,Xuất khẩu,Export_Value,6247.0,million_USD,Actual,PL8a
504aaf6cbdaa2686,2009,1,Cả nước,National,Trade,4,Xuất khẩu,Export_Volume,17906.0,1000_ton,Actual,PL8a
519e22695f563713,2009,1,Cả nước,National,Trade,4,Xuất khẩu,Export_Value,4747.0,million_USD,Actual,PL8a
64d955788e09eb4c,2009,1,Cả nước,National,Trade,5,Xuất khẩu,Export_Volume,17252.0,1000_ton,Actual,PL8a
2d4b49d3fc725af5,2009,1,Cả nước,National,Trade,5,Xuất khẩu,Export_Value,5366.0,million_USD,Actual,PL8a
92c7545829a636de,2009,1,Cả nước,National,Trade,6,Xuất khẩu,Export_Volume,7923.0,1000_ton,Actual,PL8a
8057f10ac845b6df,2009,1,Cả nước,National,Trade,6,Xuất khẩu,Export_Value,4104.0,million_USD,Actual,PL8a
400efd198836f70f,2009,1,Cả nước,National,Trade,7,Xuất khẩu,Export_Volume,13923.0,1000_ton,Actual,PL8a
23345e20aaf27540,2009,1,Cả nước,National,Trade,7,Xuất khẩu,Export_Value,3019.0,million_USD,Actual,PL8a
000d2344ef8b6c50,2009,1,Cả nước,National,Trade,8,Xuất khẩu,Export_Volume,6668.0,1000_ton,Actual,PL8a
a7a9ea09c3e3f602,2009,1,Cả nước,National,Trade,8,Xuất khẩu,Export_Value,2550.0,million_USD,Actual,PL8a
691c05b53234f440,2009,1,Cả nước,National,Trade,9,Xuất khẩu,Export_Volume,12049.0,1000_ton,Actual,PL8a
a2bcee0237af9010,2009,1,Cả nước,National,Trade,9,Xuất khẩu,Export_Value,2303.0,million_USD,Actual,PL8a
87329e279f05d048,2009,1,Cả nước,National,Trade,1,Xuất khẩu,Export_Volume,8188.0,1000_ton,Actual,PL8a
d4b0cf5d249414f0,2009,1,Cả nước,National,Trade,1,Xuất khẩu,Export_Value,10299.0,million_USD,Actual,PL8a
1d8f8b8741ef70e3,2009,1,Cả nước,National,Trade,2,Xuất khẩu,Export_Volume,5237.0,1000_ton,Actual,PL8a
f456e9233be4f2fc,2009,1,Cả nước,National,Trade,2,Xuất khẩu,Export_Value,7100.0,million_USD,Actual,PL8a
72dde2ac325dca5c,2009,1,Cả nước,National,Trade,3,Xuất khẩu,Export_Volume,7577.0,1000_ton,Actual,PL8a
2416a090fcba0d7a,2009,1,Cả nước,National,Trade,3,Xuất khẩu,Export_Value,5915.0,million_USD,Actual,PL8a
504aaf6cbdaa2686,2009,1,Cả nước,National,Trade,4,Xuất khẩu,Export_Volume,2107.0,1000_ton,Actual,PL8a
519e22695f563713,2009,1,Cả nước,National,Trade,4,Xuất khẩu,Export_Value,2423.0,million_USD,Actual,PL8a
64d955788e09eb4c,2009,1,Cả nước,National,Trade,5,Xuất khẩu,Export_Volume,736.0,1000_ton,Actual,PL8a
2d4b49d3fc725af5,2009,1,Cả nước,National,Trade,5,Xuất khẩu,Export_Value,1629.0,million_USD,Actual,PL8a
92c7545829a636de,2009,1,Cả nước,National,Trade,6,Xuất khẩu,Export_Volume,1089.0,1000_ton,Actual,PL8a
8057f10ac845b6df,2009,1,Cả nước,National,Trade,6,Xuất khẩu,Export_Value,1471.0,million_USD,Actual,PL8a
400efd198836f70f,2009,1,Cả nước,National,Trade,7,Xuất khẩu,Export_Volume,707.0,1000_ton,Actual,PL8a
23345e20aaf27540,2009,1,Cả nước,National,Trade,7,Xuất khẩu,Export_Value,1693.0,million_USD,Actual,PL8a
000d2344ef8b6c50,2009,1,Cả nước,National,Trade,8,Xuất khẩu,Export_Volume,1221.0,1000_ton,Actual,PL8a
a7a9ea09c3e3f602,2009,1,Cả nước,National,Trade,8,Xuất khẩu,Export_Value,807.0,million_USD,Actual,PL8a
691c05b53234f440,2009,1,Cả nước,National,Trade,9,Xuất khẩu,Export_Volume,1005.0,1000_ton,Actual,PL8a
a2bcee0237af9010,2009,1,Cả nước,National,Trade,9,Xuất khẩu,Export_Value,546.0,million_USD,Actual,PL8a
57144d701348703e,2009,1,Cả nước,National,Trade,10,Xuất khẩu,Export_Volume,1163.0,1000_ton,Actual,PL8a
11e09b38ce5b3603,2009,1,Cả nước,National,Trade,10,Xuất khẩu,Export_Value,132.0,million_USD,Actual,PL8a
87329e279f05d048,2009,1,Cả nước,National,Trade,1,Xuất khẩu,Export_Volume,580240.0,1000_ton,Actual,PL8a
d4b0cf5d249414f0,2009,1,Cả nước,National,Trade,1,Xuất khẩu,Export_Value,1383609.0,million_USD,Actual,PL8a
1d8f8b8741ef70e3,2009,1,Cả nước,National,Trade,2,Xuất khẩu,Export_Volume,128164.0,1000_ton,Actual,PL8a
f456e9233be4f2fc,2009,1,Cả nước,National,Trade,2,Xuất khẩu,Export_Value,295560.0,million_USD,Actual,PL8a
72dde2ac325dca5c,2009,1,Cả nước,National,Trade,3,Xuất khẩu,Export_Volume,70623.0,1000_ton,Actual,PL8a
2416a090fcba0d7a,2009,1,Cả nước,National,Trade,3,Xuất khẩu,Export_Value,211650.0,million_USD,Actual,PL8a
504aaf6cbdaa2686,2009,1,Cả nước,National,Trade,4,Xuất khẩu,Export_Volume,48130.0,1000_ton,Actual,PL8a
519e22695f563713,2009,1,Cả nước,National,Trade,4,Xuất khẩu,Export_Value,168000.0,million_USD,Actual,PL8a
64d955788e09eb4c,2009,1,Cả nước,National,Trade,5,Xuất khẩu,Export_Volume,10871.0,1000_ton,Actual,PL8a
2d4b49d3fc725af5,2009,1,Cả nước,National,Trade,5,Xuất khẩu,Export_Value,119285.0,million_USD,Actual,PL8a
92c7545829a636de,2009,1,Cả nước,National,Trade,6,Xuất khẩu,Export_Volume,8346.0,1000_ton,Actual,PL8a
8057f10ac845b6df,2009,1,Cả nước,National,Trade,6,Xuất khẩu,Export_Value,58217.0,million_USD,Actual,PL8a
87329e279f05d048,2009,1,Cả nước,National,Trade,1,Xuất khẩu,Export_Volume,54810.0,1000_ton,Actual,PL8b
d4b0cf5d249414f0,2009,1,Cả nước,National,Trade,1,Xuất khẩu,Export_Value,51606.0,million_USD,Actual,PL8b
1d8f8b8741ef70e3,2009,1,Cả nước,National,Trade,2,Xuất khẩu,Export_Volume,5063.0,1000_ton,Actual,PL8b
f456e9233be4f2fc,2009,1,Cả nước,National,Trade,2,Xuất khẩu,Export_Value,4434.0,million_USD,Actual,PL8b
72dde2ac325dca5c,2009,1,Cả nước,National,Trade,3,Xuất khẩu,Export_Volume,3164.0,1000_ton,Actual,PL8b
2416a090fcba0d7a,2009,1,Cả nước,National,Trade,3,Xuất khẩu,Export_Value,2409.0,million_USD,Actual,PL8b
504aaf6cbdaa2686,2009,1,Cả nước,National,Trade,4,Xuất khẩu,Export_Volume,69883.0,1000_ton,Actual,PL8b
519e22695f563713,2009,1,Cả nước,National,Trade,4,Xuất khẩu,Export_Value,1804.0,million_USD,Actual,PL8b
64d955788e09eb4c,2009,1,Cả nước,National,Trade,5,Xuất khẩu,Export_Volume,388.0,1000_ton,Actual,PL8b
2d4b49d3fc725af5,2009,1,Cả nước,National,Trade,5,Xuất khẩu,Export_Value,1174.0,million_USD,Actual,PL8b
92c7545829a636de,2009,1,Cả nước,National,Trade,6,Xuất khẩu,Export_Volume,5637.0,1000_ton,Actual,PL8b
8057f10ac845b6df,2009,1,Cả nước,National,Trade,6,Xuất khẩu,Export_Value,564.0,million_USD,Actual,PL8b
400efd198836f70f,2009,1,Cả nước,National,Trade,7,Xuất khẩu,Export_Volume,3469.0,1000_ton,Actual,PL8b
23345e20aaf27540,2009,1,Cả nước,National,Trade,7,Xuất khẩu,Export_Value,470.0,million_USD,Actual,PL8b
000d2344ef8b6c50,2009,1,Cả nước,National,Trade,8,Xuất khẩu,Export_Volume,1194.0,1000_ton,Actual,PL8b
a7a9ea09c3e3f602,2009,1,Cả nước,National,Trade,8,Xuất khẩu,Export_Value,663.0,million_USD,Actual,PL8b
691c05b53234f440,2009,1,Cả nước,National,Trade,9,Xuất khẩu,Export_Volume,1057.0,1000_ton,Actual,PL8b
a2bcee0237af9010,2009,1,Cả nước,National,Trade,9,Xuất khẩu,Export_Value,236.0,million_USD,Actual,PL8b
87329e279f05d048,2009,1,Cả nước,National,Trade,1,Xuất khẩu,Export_Volume,3740486.0,1000_ton,Actual,PL8b
d4b0cf5d249414f0,2009,1,Cả nước,National,Trade,1,Xuất khẩu,Export_Value,28594.0,million_USD,Actual,PL8b
1d8f8b8741ef70e3,2009,1,Cả nước,National,Trade,2,Xuất khẩu,Export_Volume,3067455.0,1000_ton,Actual,PL8b
f456e9233be4f2fc,2009,1,Cả nước,National,Trade,2,Xuất khẩu,Export_Value,16856.0,million_USD,Actual,PL8b
72dde2ac325dca5c,2009,1,Cả nước,National,Trade,3,Xuất khẩu,Export_Volume,2681356.0,1000_ton,Actual,PL8b
2416a090fcba0d7a,2009,1,Cả nước,National,Trade,3,Xuất khẩu,Export_Value,14631.0,million_USD,Actual,PL8b
504aaf6cbdaa2686,2009,1,Cả nước,National,Trade,4,Xuất khẩu,Export_Volume,3308611.0,1000_ton,Actual,PL8b
519e22695f563713,2009,1,Cả nước,National,Trade,4,Xuất khẩu,Export_Value,7170.0,million_USD,Actual,PL8b
64d955788e09eb4c,2009,1,Cả nước,National,Trade,5,Xuất khẩu,Export_Volume,6596244.0,1000_ton,Actual,PL8b
2d4b49d3fc725af5,2009,1,Cả nước,National,Trade,5,Xuất khẩu,Export_Value,8703.0,million_USD,Actual,PL8b
92c7545829a636de,2009,1,Cả nước,National,Trade,6,Xuất khẩu,Export_Volume,1984931.0,1000_ton,Actual,PL8b
8057f10ac845b6df,2009,1,Cả nước,National,Trade,6,Xuất khẩu,Export_Value,4656.0,million_USD,Actual,PL8b
400efd198836f70f,2009,1,Cả nước,National,Trade,7,Xuất khẩu,Export_Volume,5976033.0,1000_ton,Actual,PL8b
23345e20aaf27540,2009,1,Cả nước,National,Trade,7,Xuất khẩu,Export_Value,2835.0,million_USD,Actual,PL8b
000d2344ef8b6c50,2009,1,Cả nước,National,Trade,8,Xuất khẩu,Export_Volume,4700152.0,1000_ton,Actual,PL8b
a7a9ea09c3e3f602,2009,1,Cả nước,National,Trade,8,Xuất khẩu,Export_Value,3948.0,million_USD,Actual,PL8b
691c05b53234f440,2009,1,Cả nước,National,Trade,9,Xuất khẩu,Export_Volume,1561968.0,1000_ton,Actual,PL8b
a2bcee0237af9010,2009,1,Cả nước,National,Trade,9,Xuất khẩu,Export_Value,1554.0,million_USD,Actual,PL8b
57144d701348703e,2009,1,Cả nước,National,Trade,10,Xuất khẩu,Export_Volume,1486886.0,1000_ton,Actual,PL8b
11e09b38ce5b3603,2009,1,Cả nước,National,Trade,10,Xuất khẩu,Export_Value,861.0,million_USD,Actual,PL8b
87329e279f05d048,2009,1,Cả nước,National,Trade,1,Xuất khẩu,Export_Volume,1096252.0,1000_ton,Actual,PL8b
1d8f8b8741ef70e3,2009,1,Cả nước,National,Trade,2,Xuất khẩu,Export_Volume,137897.0,1000_ton,Actual,PL8b
72dde2ac325dca5c,2009,1,Cả nước,National,Trade,3,Xuất khẩu,Export_Volume,3000225.0,1000_ton,Actual,PL8b
504aaf6cbdaa2686,2009,1,Cả nước,National,Trade,4,Xuất khẩu,Export_Volume,1062552.0,1000_ton,Actual,PL8b
64d955788e09eb4c,2009,1,Cả nước,National,Trade,5,Xuất khẩu,Export_Volume,9849255.0,1000_ton,Actual,PL8b
92c7545829a636de,2009,1,Cả nước,National,Trade,6,Xuất khẩu,Export_Volume,183888.0,1000_ton,Actual,PL8b
400efd198836f70f,2009,1,Cả nước,National,Trade,7,Xuất khẩu,Export_Volume,221287.0,1000_ton,Actual,PL8b
000d2344ef8b6c50,2009,1,Cả nước,National,Trade,8,Xuất khẩu,Export_Volume,1349167.0,1000_ton,Actual,PL8b
691c05b53234f440,2009,1,Cả nước,National,Trade,9,Xuất khẩu,Export_Volume,3111289.0,1000_ton,Actual,PL8b
57144d701348703e,2009,1,Cả nước,National,Trade,10,Xuất khẩu,Export_Volume,2400422.0,1000_ton,Actual,PL8b
87329e279f05d048,2009,1,Cả nước,National,Trade,1,Xuất khẩu,Export_Volume,7551824.0,1000_ton,Actual,PL8b
1d8f8b8741ef70e3,2009,1,Cả nước,National,Trade,2,Xuất khẩu,Export_Volume,5233022.0,1000_ton,Actual,PL8b
72dde2ac325dca5c,2009,1,Cả nước,National,Trade,3,Xuất khẩu,Export_Volume,6291959.0,1000_ton,Actual,PL8b
504aaf6cbdaa2686,2009,1,Cả nước,National,Trade,4,Xuất khẩu,Export_Volume,4888237.0,1000_ton,Actual,PL8b
64d955788e09eb4c,2009,1,Cả nước,National,Trade,5,Xuất khẩu,Export_Volume,1848446.0,1000_ton,Actual,PL8b
92c7545829a636de,2009,1,Cả nước,National,Trade,6,Xuất khẩu,Export_Volume,2562765.0,1000_ton,Actual,PL8b
400efd198836f70f,2009,1,Cả nước,National,Trade,7,Xuất khẩu,Export_Volume,2451562.0,1000_ton,Actual,PL8b
000d2344ef8b6c50,2009,1,Cả nước,National,Trade,8,Xuất khẩu,Export_Volume,2081303.0,1000_ton,Actual,PL8b
691c05b53234f440,2009,1,Cả nước,National,Trade,9,Xuất khẩu,Export_Volume,1346734.0,1000_ton,Actual,PL8b
57144d701348703e,2009,1,Cả nước,National,Trade,10,Xuất khẩu,Export_Volume,5815398.0,1000_ton,Actual,PL8b
87329e279f05d048,2009,1,Cả nước,National,Trade,1,Xuất khẩu,Export_Volume,8537227.0,1000_ton,Actual,PL8b
d4b0cf5d249414f0,2009,1,Cả nước,National,Trade,1,Xuất khẩu,Export_Value,396794.0,million_USD,Actual,PL8b
1d8f8b8741ef70e3,2009,1,Cả nước,National,Trade,2,Xuất khẩu,Export_Volume,2532841.0,1000_ton,Actual,PL8b
f456e9233be4f2fc,2009,1,Cả nước,National,Trade,2,Xuất khẩu,Export_Value,70093.0,million_USD,Actual,PL8b
72dde2ac325dca5c,2009,1,Cả nước,National,Trade,3,Xuất khẩu,Export_Volume,1358597.0,1000_ton,Actual,PL8b
2416a090fcba0d7a,2009,1,Cả nước,National,Trade,3,Xuất khẩu,Export_Value,6653.0,million_USD,Actual,PL8b
504aaf6cbdaa2686,2009,1,Cả nước,National,Trade,4,Xuất khẩu,Export_Volume,5486208.0,1000_ton,Actual,PL8b
519e22695f563713,2009,1,Cả nước,National,Trade,4,Xuất khẩu,Export_Value,198.0,million_USD,Actual,PL8b
3884a58c56053b4b,2009,6,Cả nước,National,Investment,Vốn thực hiện đầu tư,,Investment_Amount,2611500.0,million_VND,Plan,PL9
d36e4fe7da767f74,2009,6,Cả nước,National,Investment,Vốn thực hiện đầu tư,,Investment_Amount,1267510.0,million_VND,Cumulative,PL9
78f57edfb8607032,2009,6,Cả nước,National,Investment,Đầu tư Thuỷ lợi,,Investment_Amount,1483500.0,million_VND,Plan,PL9
96a1fa92ad319db5,2009,6,Cả nước,National,Investment,Đầu tư Thuỷ lợi,,Investment_Amount,875020.0,million_VND,Cumulative,PL9
8fd6207491d9878a,2009,6,Cả nước,National,Investment,Đầu tư Nông nghiệp,,Investment_Amount,493000.0,million_VND,Plan,PL9
63b85b23fbb877d6,2009,6,Cả nước,National,Investment,Đầu tư Nông nghiệp,,Investment_Amount,240605.0,million_VND,Cumulative,PL9
544f9421377f8605,2009,6,Cả nước,National,Investment,Đầu tư Lâm nghiệp,,Investment_Amount,230000.0,million_VND,Plan,PL9
26ce07072cd4cfe7,2009,6,Cả nước,National,Investment,Đầu tư Lâm nghiệp,,Investment_Amount,48888.0,million_VND,Cumulative,PL9
982e4096d749e15a,2009,6,Cả nước,National,Investment,Đầu tư Thuỷ sản,,Investment_Amount,24000.0,million_VND,Plan,PL9
8261cee826da49e1,2009,6,Cả nước,National,Investment,Đầu tư Thuỷ sản,,Investment_Amount,11400.0,million_VND,Cumulative,PL9
644889ee9b252038,2009,6,Cả nước,National,Investment,Khoa học ‐ Công nghệ,,Investment_Amount,230000.0,million_VND,Plan,PL9
20c7e357fcac474a,2009,6,Cả nước,National,Investment,Khoa học ‐ Công nghệ,,Investment_Amount,38170.0,million_VND,Cumulative,PL9
6ca9b44ed3a144c9,2009,6,Cả nước,National,Investment,Giáo dục ‐ Đào tạo,,Investment_Amount,90000.0,million_VND,Plan,PL9
a341dc4e222bcffd,2009,6,Cả nước,National,Investment,Giáo dục ‐ Đào tạo,,Investment_Amount,37177.0,million_VND,Cumulative,PL9
d44b3a5cde7088c0,2009,6,Cả nước,National,Investment,Các ngành khác,,Investment_Amount,61000.0,million_VND,Plan,PL9
b90b4a55dc31663d,2009,6,Cả nước,National,Investment,Các ngành khác,,Investment_Amount,16250.0,million_VND,Cumulative,PL9
f031f0383eb924b6,2009,6,Cả nước,National,Investment,Chương trình mục tiêu,,Investment_Amount,40263.0,million_VND,Plan,PL9
ddd0887a50fd34d7,2009,6,Cả nước,National,Investment,Chương trình mục tiêu,,Investment_Amount,8050.0,million_VND,Cumulative,PL9
37767ebc4fccf33a,2009,6,Cả nước,National,Investment,Vốn đầu tư theo các mục tiêunhiệm vụ cụ thể,,Investment_Amount,208000.0,million_VND,Plan,PL9
966089610ae65a11,2009,6,Cả nước,National,Investment,Vốn đầu tư theo các mục tiêunhiệm vụ cụ thể,,Investment_Amount,47650.0,million_VND,Cumulative,PL9
629f78ade53c7039,2009,6,Cả nước,National,Investment,Bổ sung dự trữ Quốc gia,,Investment_Amount,65000.0,million_VND,Plan,PL9
a1aeb9888d7f8d90,2009,6,Cả nước,National,Investment,Vốn chuẩn bị đầu tư,,Investment_Amount,30000.0,million_VND,Plan,PL9
73c89cb063246351,2009,6,Cả nước,National,Investment,Vốn chuẩn bị đầu tư,,Investment_Amount,11000.0,million_VND,Cumulative,PL9
99287a5e4a54ee87,2009,6,Cả nước,National,Investment,Vốn ứng trước cho các dựáncấp bách,,Investment_Amount,1000000.0,million_VND,Plan,PL9
ada4f13494fc58d0,2009,6,Cả nước,National,Investment,Vốn ứng trước cho các dựáncấp bách,,Investment_Amount,263608.0,million_VND,Cumulative,PL9
52031b5195e08e0c,2009,6,Cả nước,National,Investment,Tổng vốn NS (A+B),,Investment_Amount,3954763.0,million_VND,Plan,PL9
17caa65901707a32,2009,6,Cả nước,National,Investment,Tổng vốn NS (A+B),,Investment_Amount,1597818.0,million_VND,Cumulative,PL9
89b1dd34fc64690e,2009,6,Cả nước,National,Investment,Vốn TPCP theo quyết định171/2006/QĐ­TTg,,Investment_Amount,3250000.0,million_VND,Plan,PL9
7c6778970e42179c,2009,6,Cả nước,National,Investment,Vốn TPCP theo quyết định171/2006/QĐ­TTg,,Investment_Amount,1298102.0,million_VND,Cumulative,PL9
08977f5bc4cf69f9,2009,6,Cả nước,National,Investment,Các dựán cấp bách bổsung,,Investment_Amount,200000.0,million_VND,Plan,PL9
a72369560a4d4680,2009,6,Cả nước,National,Investment,Các dựán cấp bách bổsung,,Investment_Amount,19653.0,million_VND,Cumulative,PL9
f2d01f58bafd37b9,2009,6,Cả nước,National,Investment,Các dựán thuỷlợi ĐBSôngHồng,,Investment_Amount,400000.0,million_VND,Plan,PL9
dbbcdde925831d05,2009,6,Cả nước,National,Investment,Các dựán thuỷlợi ĐBSôngHồng,,Investment_Amount,22708.0,million_VND,Cumulative,PL9
f53f23d97acbf93f,2009,6,Cả nước,National,Investment,Tổng vốn TPCP (C+D+E),,Investment_Amount,3850000.0,million_VND,Plan,PL9
8b1b656373b3025b,2009,6,Cả nước,National,Investment,Tổng vốn TPCP (C+D+E),,Investment_Amount,1340463.0,million_VND,Cumulative,PL9
