record_id,year,month,location_name,geo_level,sector,commodity,sub_item,attribute,value,unit,data_type,appendix_number
084a891f-ba31-4754-a879-7a707e991d10,2009,7,Miền Nam,Regional,Cultivation,Lúa,Hè Thu,Area_Harvested,724.7,1000_ha,Actual,PL1
016fd5e8-18ca-44d2-aa09-213cf8b52ee7,2010,7,Miền Nam,Regional,Cultivation,Lúa,Hè Thu,Area_Harvested,37.6,1000_ha,Actual,PL1
63bcd226-e591-46bd-ad0c-f08acd74cce0,2009,7,Cả Nước,Provincial,Cultivation,Lúa,Mùa,Area_Planted,1149.9,1000_ha,Actual,PL1
2b43e1fa-3e2f-4039-9517-76c1a1c72562,2009,7,Cả nước,National,Cultivation,Màu lương thực,,Area_Planted,1365.7,1000_ha,Actual,PL1
5d8b07bc-b7bb-4602-8799-7915f8c6f626,2009,7,Cả nước,National,Cultivation,Khoai lang,,Area_Planted,111.5,1000_ha,Actual,PL1
906ae8f6-6347-4f67-be6e-19991f3eca10,2009,7,Cả nước,National,Cultivation,Sắn,,Area_Planted,349.4,1000_ha,Actual,PL1
a7ddd7e5-4400-4db4-bc38-f6ffd61b3944,2009,7,Cả nước,National,Cultivation,Cây công nghiệp ngắn ngày,,Area_Planted,592.8,1000_ha,Actual,PL1
aad743db-44d6-4276-b27b-7a2c2f222652,2009,7,Cả nước,National,Cultivation,Đậu tương,,Area_Planted,155.6,1000_ha,Actual,PL1
35c3dbc9-974b-4521-a448-bec7bfa10b11,2009,7,Cả nước,National,Cultivation,Mía,,Area_Planted,141.2,1000_ha,Actual,PL1
941eac68-3dee-4833-b147-7dd0b8e6ee87,2009,7,Cả nước,National,Cultivation,Rau đậu,,Area_Planted,603.3,1000_ha,Actual,PL1
1b86505a-da3b-4874-9478-1069a22c2a1f,2010,7,Miền Bắc,Regional,Cultivation,Lúa,Mùa,Area_Planted,884805.0,ha,Actual,PL2a
9c5b476f-53ac-45cd-995c-23fa15c3508a,2010,7,Miền Bắc,Regional,Cultivation,Lúa,,Area_Planted,866402.0,ha,Actual,PL2a
72802ebe-9645-4bbb-b5a1-1191ee1bef9b,2010,7,Miền Bắc,Regional,Cultivation,Ngô,,Area_Planted,605978.0,ha,Actual,PL2a
2f86e58b-517b-40bd-9432-2910d7b244cb,2010,7,Miền Bắc,Regional,Cultivation,Khoai lang,,Area_Planted,91558.0,ha,Actual,PL2a
5398ebc8-5de6-4184-9b94-1672e27a723f,2010,7,Miền Bắc,Regional,Cultivation,Sắn,,Area_Planted,130848.0,ha,Actual,PL2a
88de4143-fa26-4e29-a7e0-8694b09d6270,2010,7,Miền Bắc,Regional,Cultivation,Lúa,,Area_Planted,38017.0,ha,Actual,PL2a
f466c207-2ad1-4373-9732-16966caa071d,2010,7,ĐB sông Hồng,Provincial,Cultivation,Lúa,Mùa,Area_Planted,487592.0,ha,Actual,PL2a
6c2a3ace-774b-4f5f-a8bd-34af54914635,2010,7,ĐB sông Hồng,Provincial,Cultivation,Lúa,,Area_Planted,126317.0,ha,Actual,PL2a
32e87457-097c-4d95-9ca6-55b802d06ff5,2010,7,ĐB sông Hồng,Provincial,Cultivation,Ngô,,Area_Planted,81958.0,ha,Actual,PL2a
c74155a9-d110-4bd0-bec0-917d632adce1,2010,7,ĐB sông Hồng,Provincial,Cultivation,Khoai lang,,Area_Planted,22309.0,ha,Actual,PL2a
8b688a1f-5f5c-49b1-b44e-984817ca7ff2,2010,7,ĐB sông Hồng,Provincial,Cultivation,Sắn,,Area_Planted,4398.0,ha,Actual,PL2a
aabb4e0b-757e-4d94-9704-9643639f3cad,2010,7,ĐB sông Hồng,Provincial,Cultivation,Lúa,,Area_Planted,17651.0,ha,Actual,PL2a
d3fb57f0-f035-4a2e-8d82-c1c1ae00bb89,2010,7,Hà Nội,Provincial,Cultivation,Lúa,Mùa,Area_Planted,100548.0,ha,Actual,PL2a
06f9829d-1ed4-435e-b96b-10202a10f83f,2010,7,Hà Nội,Provincial,Cultivation,Lúa,,Area_Planted,25132.0,ha,Actual,PL2a
493d8d7c-81f5-4fa0-a261-12a1d46ff72f,2010,7,Hà Nội,Provincial,Cultivation,Ngô,,Area_Planted,16461.0,ha,Actual,PL2a
42cd196d-7d4e-4313-af3e-585ee609b8eb,2010,7,Hà Nội,Provincial,Cultivation,Khoai lang,,Area_Planted,7171.0,ha,Actual,PL2a
1572a196-0dd5-49cc-bda6-73b1150c6908,2010,7,Hà Nội,Provincial,Cultivation,Sắn,,Area_Planted,1300.0,ha,Actual,PL2a
b330b684-badf-4613-90b4-d74a35543d51,2010,7,Hà Nội,Provincial,Cultivation,Lúa,,Area_Planted,200.0,ha,Actual,PL2a
19d197d3-7517-4b7f-842c-8158aa7ddd73,2010,7,Hải Phòng,Provincial,Cultivation,Lúa,Mùa,Area_Planted,22710.0,ha,Actual,PL2a
647b3914-3391-4f0b-b682-367cb59c596f,2010,7,Hải Phòng,Provincial,Cultivation,Lúa,,Area_Planted,4910.0,ha,Actual,PL2a
5cc33b03-7491-4a31-b8a2-22cbd6e6625d,2010,7,Hải Phòng,Provincial,Cultivation,Ngô,,Area_Planted,2110.0,ha,Actual,PL2a
a01efbb2-980b-4275-af3b-6d08fb2525a1,2010,7,Hải Phòng,Provincial,Cultivation,Khoai lang,,Area_Planted,300.0,ha,Actual,PL2a
f35e4093-ee96-4c71-8995-45021bbb701a,2010,7,Hải Phòng,Provincial,Cultivation,Lúa,,Area_Planted,2500.0,ha,Actual,PL2a
c8761515-9c85-4a90-9f6b-caa4a69669de,2010,7,Vĩnh Phúc,Provincial,Cultivation,Lúa,Mùa,Area_Planted,28687.0,ha,Actual,PL2a
c9681300-6d6d-4d28-a556-5aa6df4ac429,2010,7,Vĩnh Phúc,Provincial,Cultivation,Lúa,,Area_Planted,24151.0,ha,Actual,PL2a
1e4cdcaa-3efb-4893-8a7d-4cb55be6b8db,2010,7,Vĩnh Phúc,Provincial,Cultivation,Ngô,,Area_Planted,17539.0,ha,Actual,PL2a
120ef232-82e3-4b43-9d37-d27385a6d12e,2010,7,Vĩnh Phúc,Provincial,Cultivation,Khoai lang,,Area_Planted,2755.0,ha,Actual,PL2a
603f6efc-b632-4468-8770-4a994ae877a5,2010,7,Vĩnh Phúc,Provincial,Cultivation,Sắn,,Area_Planted,1722.0,ha,Actual,PL2a
2eba46ad-cf29-401c-8700-f4d1bbcc3309,2010,7,Vĩnh Phúc,Provincial,Cultivation,Lúa,,Area_Planted,2135.0,ha,Actual,PL2a
33e7bdc2-4883-41c8-8489-4a517422e122,2010,7,Bắc Ninh,Provincial,Cultivation,Lúa,Mùa,Area_Planted,22274.0,ha,Actual,PL2a
4233bfed-a739-4674-9240-286e0e1965a4,2010,7,Bắc Ninh,Provincial,Cultivation,Lúa,,Area_Planted,3861.0,ha,Actual,PL2a
ed75c5a3-cacf-46b0-b5c3-522c0d4ce0f2,2010,7,Bắc Ninh,Provincial,Cultivation,Ngô,,Area_Planted,2567.0,ha,Actual,PL2a
a9f4a2b9-9785-4972-b773-a0235f0d44fe,2010,7,Bắc Ninh,Provincial,Cultivation,Khoai lang,,Area_Planted,710.0,ha,Actual,PL2a
d8df915a-3b0b-442f-aab6-92e93c8dc721,2010,7,Bắc Ninh,Provincial,Cultivation,Lúa,,Area_Planted,584.0,ha,Actual,PL2a
404b9e08-5aa0-4df3-871e-3b74726644aa,2010,7,Hải Dương,Provincial,Cultivation,Lúa,Mùa,Area_Planted,49953.0,ha,Actual,PL2a
b689a65a-ec7b-4258-a786-a55960ca08b9,2010,7,Hải Dương,Provincial,Cultivation,Lúa,,Area_Planted,11083.0,ha,Actual,PL2a
d8c29891-e5ca-469c-b16c-7a884f46f390,2010,7,Hải Dương,Provincial,Cultivation,Ngô,,Area_Planted,4351.0,ha,Actual,PL2a
87a267c9-69e9-4a1c-8c94-f3c5049147d3,2010,7,Hải Dương,Provincial,Cultivation,Khoai lang,,Area_Planted,1441.0,ha,Actual,PL2a
72444b28-aa47-4ae8-92bc-8de75422b3ff,2010,7,Hải Dương,Provincial,Cultivation,Lúa,,Area_Planted,5291.0,ha,Actual,PL2a
f3c57fbf-5e74-4737-8d94-f6a8cc7bd62a,2010,7,Hưng Yên,Provincial,Cultivation,Lúa,Mùa,Area_Planted,40458.0,ha,Actual,PL2a
aca96426-ec5b-4f71-94d6-fdb9ec9ceba6,2010,7,Hưng Yên,Provincial,Cultivation,Lúa,,Area_Planted,9088.0,ha,Actual,PL2a
1946c78f-c38f-4394-8d87-e2a85507e7d2,2010,7,Hưng Yên,Provincial,Cultivation,Ngô,,Area_Planted,8433.0,ha,Actual,PL2a
1c1a43d5-316f-441f-bffa-a2765c7374af,2010,7,Hưng Yên,Provincial,Cultivation,Khoai lang,,Area_Planted,655.0,ha,Actual,PL2a
75a98245-c191-44b3-abc5-79f37f18fac1,2010,7,Hà Nam,Provincial,Cultivation,Lúa,Mùa,Area_Planted,34836.0,ha,Actual,PL2a
54917031-60bd-4ec3-99f8-123e72eafda6,2010,7,Hà Nam,Provincial,Cultivation,Lúa,,Area_Planted,9150.0,ha,Actual,PL2a
a759e206-b0c4-4769-a653-ef9facf6992f,2010,7,Hà Nam,Provincial,Cultivation,Ngô,,Area_Planted,8751.0,ha,Actual,PL2a
6f045acf-bb7b-433e-ab4b-55d97e8ad827,2010,7,Hà Nam,Provincial,Cultivation,Khoai lang,,Area_Planted,399.0,ha,Actual,PL2a
a5142c0c-a3cd-44bd-b996-f701db35e1f0,2010,7,Nam Định,Provincial,Cultivation,Lúa,Mùa,Area_Planted,68400.0,ha,Actual,PL2a
c9730175-624c-4ee2-8f6d-a2233ed4d9b3,2010,7,Nam Định,Provincial,Cultivation,Lúa,,Area_Planted,9079.0,ha,Actual,PL2a
20722141-7181-43ae-88bf-f4b28293e377,2010,7,Nam Định,Provincial,Cultivation,Ngô,,Area_Planted,3409.0,ha,Actual,PL2a
07474b43-3491-4a92-8f46-bb3ac60b0676,2010,7,Nam Định,Provincial,Cultivation,Khoai lang,,Area_Planted,870.0,ha,Actual,PL2a
b70c06fa-aff2-41c8-b891-077970ed6551,2010,7,Nam Định,Provincial,Cultivation,Sắn,,Area_Planted,300.0,ha,Actual,PL2a
a7157ef3-79e4-40bb-a74a-2298209b653a,2010,7,Nam Định,Provincial,Cultivation,Lúa,,Area_Planted,4500.0,ha,Actual,PL2a
bfd38cd4-15d4-47c4-99d9-f6c8c7804da7,2010,7,Thái Bình,Provincial,Cultivation,Lúa,Mùa,Area_Planted,70605.0,ha,Actual,PL2a
ac09b768-26a0-4210-9d95-6b7c5df246f4,2010,7,Thái Bình,Provincial,Cultivation,Lúa,,Area_Planted,13368.0,ha,Actual,PL2a
65dedaab-a311-4398-895c-7640801d3a59,2010,7,Thái Bình,Provincial,Cultivation,Ngô,,Area_Planted,8530.0,ha,Actual,PL2a
2faee070-3aeb-4162-84ec-69a1c06aa68f,2010,7,Thái Bình,Provincial,Cultivation,Khoai lang,,Area_Planted,2893.0,ha,Actual,PL2a
dbe17505-6b01-4489-a2ee-2a3d6bbf0799,2010,7,Thái Bình,Provincial,Cultivation,Lúa,,Area_Planted,1945.0,ha,Actual,PL2a
627fbd2d-8ad5-454d-bab0-eae0300d267f,2010,7,Ninh Bình,Provincial,Cultivation,Lúa,Mùa,Area_Planted,37431.0,ha,Actual,PL2a
619d04e1-210a-4643-b31f-a14def32e1b4,2010,7,Ninh Bình,Provincial,Cultivation,Lúa,,Area_Planted,6875.0,ha,Actual,PL2a
f6938224-7134-4e1a-a319-5293875e297d,2010,7,Ninh Bình,Provincial,Cultivation,Ngô,,Area_Planted,4710.0,ha,Actual,PL2a
220b07c1-2b00-4df7-9d51-8fa07c936d2d,2010,7,Ninh Bình,Provincial,Cultivation,Khoai lang,,Area_Planted,2165.0,ha,Actual,PL2a
31afae44-7bd1-40ef-bbda-023546f058c0,2010,7,Quảng Ninh,Provincial,Cultivation,Lúa,Mùa,Area_Planted,11690.0,ha,Actual,PL2a
97fe874d-cb0a-4163-bb1b-1b1c924e625c,2010,7,Quảng Ninh,Provincial,Cultivation,Lúa,,Area_Planted,9619.0,ha,Actual,PL2a
97cd4510-ef44-4fc5-91e2-1436f96ed76f,2010,7,Quảng Ninh,Provincial,Cultivation,Ngô,,Area_Planted,5097.0,ha,Actual,PL2a
c6ecb50c-dd05-41b0-9f59-dba72e16d668,2010,7,Quảng Ninh,Provincial,Cultivation,Khoai lang,,Area_Planted,2950.0,ha,Actual,PL2a
f0538643-ee0d-445e-9822-61b862de79e6,2010,7,Quảng Ninh,Provincial,Cultivation,Sắn,,Area_Planted,1076.0,ha,Actual,PL2a
7ab5585e-0830-4357-af47-780da535dcb0,2010,7,Quảng Ninh,Provincial,Cultivation,Lúa,,Area_Planted,496.0,ha,Actual,PL2a
dca0af48-5b4c-4346-b7a1-a70517e11e95,2010,7,TD và MN phía Bắc,Provincial,Cultivation,Lúa,Mùa,Area_Planted,263247.0,ha,Actual,PL2a
088bf983-77d2-4b7b-8d7b-3314d6f17d65,2010,7,TD và MN phía Bắc,Provincial,Cultivation,Lúa,,Area_Planted,517352.0,ha,Actual,PL2a
81457ac3-f47e-4ba5-8f24-23a511a6bc87,2010,7,TD và MN phía Bắc,Provincial,Cultivation,Ngô,,Area_Planted,392320.0,ha,Actual,PL2a
df855ecc-7138-464a-b173-5b10f41052db,2010,7,TD và MN phía Bắc,Provincial,Cultivation,Khoai lang,,Area_Planted,31370.0,ha,Actual,PL2a
efe2dfff-056d-4920-8b79-97d79228df18,2010,7,TD và MN phía Bắc,Provincial,Cultivation,Sắn,,Area_Planted,81655.0,ha,Actual,PL2a
1cb44acd-c9fe-4049-aaeb-d6f08800eeae,2010,7,TD và MN phía Bắc,Provincial,Cultivation,Lúa,,Area_Planted,12007.0,ha,Actual,PL2a
3bedbd0a-ea08-42ec-9f35-5ea15251a259,2010,7,Hà Giang,Provincial,Cultivation,Lúa,Mùa,Area_Planted,19478.0,ha,Actual,PL2a
7cd6099f-bcf5-4ab1-8a45-d9bd65034940,2010,7,Hà Giang,Provincial,Cultivation,Lúa,,Area_Planted,50669.0,ha,Actual,PL2a
6f2e334f-70c9-41c0-9928-11c43a2ed842,2010,7,Hà Giang,Provincial,Cultivation,Ngô,,Area_Planted,42182.0,ha,Actual,PL2a
4b8f34f0-e75d-4ebf-9ba0-0ad8ae42c590,2010,7,Hà Giang,Provincial,Cultivation,Khoai lang,,Area_Planted,649.0,ha,Actual,PL2a
72f5586f-e102-4e03-9ff8-a8cd92a92d13,2010,7,Hà Giang,Provincial,Cultivation,Sắn,,Area_Planted,3761.0,ha,Actual,PL2a
219e5ae2-1ae2-43c1-959a-362a2ca5e1b3,2010,7,Hà Giang,Provincial,Cultivation,Lúa,,Area_Planted,4077.0,ha,Actual,PL2a
e10026ae-5d3f-4c7d-ac6f-cd7d717c4ce5,2010,7,Cao Bằng,Provincial,Cultivation,Lúa,Mùa,Area_Planted,12986.0,ha,Actual,PL2a
a1c1eafc-4127-4a39-85ad-5693fd7f99b6,2010,7,Cao Bằng,Provincial,Cultivation,Lúa,,Area_Planted,35253.0,ha,Actual,PL2a
cf533705-75a5-423c-9b60-3014d524c0de,2010,7,Cao Bằng,Provincial,Cultivation,Ngô,,Area_Planted,34387.0,ha,Actual,PL2a
da2c00d3-eb91-4cd3-8be1-7786266cdae3,2010,7,Cao Bằng,Provincial,Cultivation,Khoai lang,,Area_Planted,671.0,ha,Actual,PL2a
ee07e8dd-2dfc-4cbe-ba34-3bc75efa2f7b,2010,7,Cao Bằng,Provincial,Cultivation,Lúa,,Area_Planted,195.0,ha,Actual,PL2a
ad9ab7ee-914a-4531-9a42-a32f28305e30,2010,7,Lào Cai,Provincial,Cultivation,Lúa,Mùa,Area_Planted,10748.0,ha,Actual,PL2a
11eac888-9d15-44c8-8c65-3c8f1c5edd43,2010,7,Lào Cai,Provincial,Cultivation,Lúa,,Area_Planted,27443.0,ha,Actual,PL2a
2f18a9cd-2a8a-4678-ba6d-341687d26bb6,2010,7,Lào Cai,Provincial,Cultivation,Ngô,,Area_Planted,21610.0,ha,Actual,PL2a
cf24ecc2-4eb5-40a7-bb91-72999488d2ac,2010,7,Lào Cai,Provincial,Cultivation,Khoai lang,,Area_Planted,558.0,ha,Actual,PL2a
d2e170c7-9fbb-4662-b6ae-b4823d986a30,2010,7,Lào Cai,Provincial,Cultivation,Sắn,,Area_Planted,4889.0,ha,Actual,PL2a
4e37eb7f-dedb-4106-830c-1f4f88a9a978,2010,7,Lào Cai,Provincial,Cultivation,Lúa,,Area_Planted,386.0,ha,Actual,PL2a
70d7aa06-e248-46ca-967f-7088d36ba499,2010,7,Bắc Cạn,Provincial,Cultivation,Lúa,Mùa,Area_Planted,4500.0,ha,Actual,PL2a
66c20c06-2147-42c8-ba6c-9ab42ef37d95,2010,7,Bắc Cạn,Provincial,Cultivation,Lúa,,Area_Planted,12416.0,ha,Actual,PL2a
19e09267-a0e2-4201-b20a-d8015160cbd5,2010,7,Bắc Cạn,Provincial,Cultivation,Ngô,,Area_Planted,10711.0,ha,Actual,PL2a
b8bcd0bb-6af3-40cc-8788-28d6fb3e86f2,2010,7,Bắc Cạn,Provincial,Cultivation,Khoai lang,,Area_Planted,314.0,ha,Actual,PL2a
d1f41db0-a108-42b1-a36a-64664ce1f6d5,2010,7,Bắc Cạn,Provincial,Cultivation,Sắn,,Area_Planted,1144.0,ha,Actual,PL2a
deac9615-ea42-4f3f-8a3b-45b1b361a338,2010,7,Bắc Cạn,Provincial,Cultivation,Lúa,,Area_Planted,247.0,ha,Actual,PL2a
9bf133dd-7ab9-4d13-9783-f1ff0cc38b36,2010,7,Lạng Sơn,Provincial,Cultivation,Lúa,Mùa,Area_Planted,10527.0,ha,Actual,PL2a
90658f2a-5a80-4684-a17b-959fcc89ad31,2010,7,Lạng Sơn,Provincial,Cultivation,Lúa,,Area_Planted,18940.0,ha,Actual,PL2a
61776d39-6027-4508-9285-9335d3927365,2010,7,Lạng Sơn,Provincial,Cultivation,Ngô,,Area_Planted,16967.0,ha,Actual,PL2a
5e805eaf-9b0b-44bb-843e-435cc14d8307,2010,7,Lạng Sơn,Provincial,Cultivation,Lúa,,Area_Planted,1973.0,ha,Actual,PL2a
104cc18e-1a4e-47b1-921b-89e98bb85952,2010,7,Tuyên Quang,Provincial,Cultivation,Lúa,Mùa,Area_Planted,23889.0,ha,Actual,PL2a
2d526999-7218-4d52-b616-b72caed3373d,2010,7,Tuyên Quang,Provincial,Cultivation,Lúa,,Area_Planted,17720.0,ha,Actual,PL2a
109c5eb2-4b0d-46d2-930f-7f4979e5473b,2010,7,Tuyên Quang,Provincial,Cultivation,Ngô,,Area_Planted,13669.0,ha,Actual,PL2a
27c4f36b-8adc-4c3d-b01d-965aa799a325,2010,7,Tuyên Quang,Provincial,Cultivation,Khoai lang,,Area_Planted,4051.0,ha,Actual,PL2a
011d0146-b53c-4595-b5e1-80eb629cf10d,2010,7,Yên Bái,Provincial,Cultivation,Lúa,Mùa,Area_Planted,19000.0,ha,Actual,PL2a
bf0edfed-0819-4eac-b7c5-19bc9e2185de,2010,7,Yên Bái,Provincial,Cultivation,Lúa,,Area_Planted,28708.0,ha,Actual,PL2a
d0f46680-d154-4126-bfe0-61396ec4891d,2010,7,Yên Bái,Provincial,Cultivation,Ngô,,Area_Planted,14415.0,ha,Actual,PL2a
8a32d5aa-f1b9-435a-b4c1-d31960f6dda3,2010,7,Yên Bái,Provincial,Cultivation,Khoai lang,,Area_Planted,1753.0,ha,Actual,PL2a
53c4a2ed-1706-4cd8-b569-838ee7edc399,2010,7,Yên Bái,Provincial,Cultivation,Sắn,,Area_Planted,12023.0,ha,Actual,PL2a
e9ad36d5-2adf-461b-8f71-cd5ddbf66b34,2010,7,Yên Bái,Provincial,Cultivation,Lúa,,Area_Planted,517.0,ha,Actual,PL2a
77d1e2ae-1c6f-4a96-baac-454a46f7207f,2010,7,Thái Nguyên,Provincial,Cultivation,Lúa,Mùa,Area_Planted,32083.0,ha,Actual,PL2a
a6b62c00-115c-4801-9757-f5b5bd053514,2010,7,Thái Nguyên,Provincial,Cultivation,Lúa,,Area_Planted,24663.0,ha,Actual,PL2a
2fe19f5f-e127-4c39-a10f-8ec2a387d219,2010,7,Thái Nguyên,Provincial,Cultivation,Ngô,,Area_Planted,14677.0,ha,Actual,PL2a
75abca03-3de3-4519-8b3e-a1a318884a12,2010,7,Thái Nguyên,Provincial,Cultivation,Khoai lang,,Area_Planted,6277.0,ha,Actual,PL2a
66ff17a4-d9a5-4e31-af32-e69d7a9eeaa5,2010,7,Thái Nguyên,Provincial,Cultivation,Sắn,,Area_Planted,3709.0,ha,Actual,PL2a
0aa9ed79-fdc5-4e4c-8989-30bc00b2cd98,2010,7,Phú Thọ,Provincial,Cultivation,Lúa,Mùa,Area_Planted,31293.0,ha,Actual,PL2a
ece31a2b-58d0-4f27-b73a-f73ca4cc9122,2010,7,Phú Thọ,Provincial,Cultivation,Lúa,,Area_Planted,29269.0,ha,Actual,PL2a
b9beb382-b7fd-461c-b8fa-c87158fbd94e,2010,7,Phú Thọ,Provincial,Cultivation,Ngô,,Area_Planted,19302.0,ha,Actual,PL2a
a1175eff-2e22-4bc8-be09-9b7af9f8ce71,2010,7,Phú Thọ,Provincial,Cultivation,Khoai lang,,Area_Planted,2571.0,ha,Actual,PL2a
605911a8-4366-4350-adb5-c9508b831d90,2010,7,Phú Thọ,Provincial,Cultivation,Sắn,,Area_Planted,7194.0,ha,Actual,PL2a
6adb220b-c0e8-4474-a187-0358bc86826f,2010,7,Phú Thọ,Provincial,Cultivation,Lúa,,Area_Planted,202.0,ha,Actual,PL2a
4a0bc172-1b21-43c5-af31-056ce7307daa,2010,7,Bắc Giang,Provincial,Cultivation,Lúa,Mùa,Area_Planted,38415.0,ha,Actual,PL2a
4089cbaa-4ae4-4f5c-bd5e-a190627cbbbd,2010,7,Bắc Giang,Provincial,Cultivation,Lúa,,Area_Planted,20334.0,ha,Actual,PL2a
1980f0e2-5aa7-4b70-ac2f-ffddfe97d3a2,2010,7,Bắc Giang,Provincial,Cultivation,Ngô,,Area_Planted,10730.0,ha,Actual,PL2a
ec2d5168-dd7f-4f95-a6d0-4a19f43925e6,2010,7,Bắc Giang,Provincial,Cultivation,Khoai lang,,Area_Planted,7404.0,ha,Actual,PL2a
02da00e1-2fbd-46aa-b7d7-3bb5a9142e01,2010,7,Bắc Giang,Provincial,Cultivation,Sắn,,Area_Planted,2200.0,ha,Actual,PL2a
d51136e1-e7ac-446c-8214-b719cbbf79c6,2010,7,Lai Châu,Provincial,Cultivation,Lúa,Mùa,Area_Planted,18505.0,ha,Actual,PL2a
1352e2bf-92f1-4009-a1e0-5f40d0918eb5,2010,7,Lai Châu,Provincial,Cultivation,Lúa,,Area_Planted,22573.0,ha,Actual,PL2a
441d12e9-a3b3-4eb8-88d8-372c1054a3b9,2010,7,Lai Châu,Provincial,Cultivation,Ngô,,Area_Planted,17268.0,ha,Actual,PL2a
007e1911-424c-4058-af86-1ea320390899,2010,7,Lai Châu,Provincial,Cultivation,Sắn,,Area_Planted,5305.0,ha,Actual,PL2a
3290f910-6a4f-40d9-ad4f-267c934e1ebd,2010,7,Điện Biên,Provincial,Cultivation,Lúa,Mùa,Area_Planted,13887.0,ha,Actual,PL2a
def8f131-c141-4039-995a-034adefecb8f,2010,7,Điện Biên,Provincial,Cultivation,Lúa,,Area_Planted,35286.0,ha,Actual,PL2a
05bbc1ae-1db7-4503-b4f2-cd43710a4319,2010,7,Điện Biên,Provincial,Cultivation,Ngô,,Area_Planted,28130.0,ha,Actual,PL2a
98c11124-4f08-4006-8a02-53b0b4baae6c,2010,7,Điện Biên,Provincial,Cultivation,Khoai lang,,Area_Planted,20.0,ha,Actual,PL2a
34eeae6f-ad9d-4996-9939-1296c891193b,2010,7,Điện Biên,Provincial,Cultivation,Sắn,,Area_Planted,7136.0,ha,Actual,PL2a
bf04ffeb-c869-423f-850a-dee07d64739c,2010,7,Sơn La,Provincial,Cultivation,Lúa,Mùa,Area_Planted,3636.0,ha,Actual,PL2a
5f724a57-2ba8-45b6-b33e-4ea2d95387db,2010,7,Sơn La,Provincial,Cultivation,Lúa,,Area_Planted,142724.0,ha,Actual,PL2a
20b27450-befa-4fa0-96fa-82e443d29f19,2010,7,Sơn La,Provincial,Cultivation,Ngô,,Area_Planted,116449.0,ha,Actual,PL2a
7c6d638d-19fe-42f9-a228-a84ba31fec17,2010,7,Sơn La,Provincial,Cultivation,Khoai lang,,Area_Planted,95.0,ha,Actual,PL2a
86657ee2-5c15-492c-8865-15f95fca1012,2010,7,Sơn La,Provincial,Cultivation,Sắn,,Area_Planted,23285.0,ha,Actual,PL2a
ef32df79-1c7c-47eb-b0ab-3a60892f47f3,2010,7,Sơn La,Provincial,Cultivation,Lúa,,Area_Planted,2895.0,ha,Actual,PL2a
36066cae-7543-47b8-b465-dcf699d3a552,2010,7,Hoà Bình,Provincial,Cultivation,Lúa,Mùa,Area_Planted,24300.0,ha,Actual,PL2a
6244a16f-b40e-46a3-a363-5269a4605b9e,2010,7,Hoà Bình,Provincial,Cultivation,Lúa,,Area_Planted,51355.0,ha,Actual,PL2a
cf291940-b6b3-4735-a95a-e6f245bccabc,2010,7,Hoà Bình,Provincial,Cultivation,Ngô,,Area_Planted,31823.0,ha,Actual,PL2a
f4f2ca47-327c-486d-9b91-3e1ab8c4af5d,2010,7,Hoà Bình,Provincial,Cultivation,Khoai lang,,Area_Planted,7008.0,ha,Actual,PL2a
d2f82a00-3349-4193-b2a6-68cc09a6d3ae,2010,7,Hoà Bình,Provincial,Cultivation,Sắn,,Area_Planted,11009.0,ha,Actual,PL2a
0601944b-4097-49e3-b514-bf92a09bb29b,2010,7,Hoà Bình,Provincial,Cultivation,Lúa,,Area_Planted,1515.0,ha,Actual,PL2a
27e3be55-4400-4c8a-8eeb-462a5e83ee8d,2010,7,Bắc Trung Bộ,Provincial,Cultivation,Lúa,Mùa,Area_Planted,133966.0,ha,Actual,PL2a
4d2f431b-bf3f-47ba-86b5-f0fef8da94bf,2010,7,Bắc Trung Bộ,Provincial,Cultivation,Lúa,,Area_Planted,222733.0,ha,Actual,PL2a
f996d378-e3db-45d6-a8b6-a1c4d26846c2,2010,7,Bắc Trung Bộ,Provincial,Cultivation,Ngô,,Area_Planted,131700.0,ha,Actual,PL2a
1d1637da-f72b-4f12-9e4c-372538336402,2010,7,Bắc Trung Bộ,Provincial,Cultivation,Khoai lang,,Area_Planted,37879.0,ha,Actual,PL2a
f9c3ab95-174f-4d0c-8b93-3cf607382b45,2010,7,Bắc Trung Bộ,Provincial,Cultivation,Sắn,,Area_Planted,44795.0,ha,Actual,PL2a
c2512f5d-7ce1-42f8-9735-41db9a0fa01f,2010,7,Bắc Trung Bộ,Provincial,Cultivation,Lúa,,Area_Planted,8359.0,ha,Actual,PL2a
650a358e-058c-4d71-acda-9a1a60803950,2010,7,Thanh Hoá,Provincial,Cultivation,Lúa,Mùa,Area_Planted,113713.0,ha,Actual,PL2a
cccd349d-f411-4f10-95a1-8a87784aefeb,2010,7,Thanh Hoá,Provincial,Cultivation,Lúa,,Area_Planted,80768.0,ha,Actual,PL2a
7c5d751e-9b2d-413f-81b5-ca5551b5b97d,2010,7,Thanh Hoá,Provincial,Cultivation,Ngô,,Area_Planted,56309.0,ha,Actual,PL2a
b5d7d8ce-c4de-435a-a4ad-b15429b87b25,2010,7,Thanh Hoá,Provincial,Cultivation,Khoai lang,,Area_Planted,14550.0,ha,Actual,PL2a
cdce765f-e524-4324-bb82-e93e43fce5a8,2010,7,Thanh Hoá,Provincial,Cultivation,Sắn,,Area_Planted,9200.0,ha,Actual,PL2a
1f94fb07-db48-4f66-8b2b-17828d7fd4fd,2010,7,Thanh Hoá,Provincial,Cultivation,Lúa,,Area_Planted,709.0,ha,Actual,PL2a
efdfebe6-c0b4-4e97-a3e0-0978bb5a076d,2010,7,Nghệ An,Provincial,Cultivation,Lúa,Mùa,Area_Planted,157004553.0,ha,Actual,PL2a
02098684-8902-481e-8921-e185b7412172,2010,7,Nghệ An,Provincial,Cultivation,Lúa,,Area_Planted,84236.0,ha,Actual,PL2a
022a7c58-46c4-4a7e-9a0e-1797911cb9e3,2010,7,Nghệ An,Provincial,Cultivation,Ngô,,Area_Planted,56286.0,ha,Actual,PL2a
02823a52-1bd7-4184-b8bb-e585e571012b,2010,7,Nghệ An,Provincial,Cultivation,Khoai lang,,Area_Planted,10987.0,ha,Actual,PL2a
6e0348a5-7802-4a6b-8927-0288a2ed834f,2010,7,Nghệ An,Provincial,Cultivation,Sắn,,Area_Planted,16463.0,ha,Actual,PL2a
e9448d92-0a52-4e6b-a357-8ea46af488d1,2010,7,Nghệ An,Provincial,Cultivation,Lúa,,Area_Planted,500.0,ha,Actual,PL2a
7cc05fc9-56c4-45ce-a792-01ffdebfa66b,2010,7,Hà Tĩnh,Provincial,Cultivation,Lúa,,Area_Planted,18176.0,ha,Actual,PL2a
9b55f82d-7b60-4d75-ac9b-189f7fc4819c,2010,7,Hà Tĩnh,Provincial,Cultivation,Ngô,,Area_Planted,8300.0,ha,Actual,PL2a
1cab94c8-6976-4542-b2a8-aa95fe0c15d8,2010,7,Hà Tĩnh,Provincial,Cultivation,Khoai lang,,Area_Planted,7126.0,ha,Actual,PL2a
71b0f9d8-017c-41a1-ad27-c859eee8666d,2010,7,Hà Tĩnh,Provincial,Cultivation,Lúa,,Area_Planted,2750.0,ha,Actual,PL2a
1048392f-5fdf-4b89-b818-56993a944df7,2010,7,Quảng Bình,Provincial,Cultivation,Lúa,,Area_Planted,14818.0,ha,Actual,PL2a
d5895f3b-5015-4b38-b9eb-728f8283e8f0,2010,7,Quảng Bình,Provincial,Cultivation,Ngô,,Area_Planted,5500.0,ha,Actual,PL2a
308acc6d-4543-4039-a657-dade78c93195,2010,7,Quảng Bình,Provincial,Cultivation,Khoai lang,,Area_Planted,1586.0,ha,Actual,PL2a
32ba07e3-6133-4008-8474-1062f839f7fb,2010,7,Quảng Bình,Provincial,Cultivation,Sắn,,Area_Planted,5782.0,ha,Actual,PL2a
c279c7e0-3ae1-4184-8cfa-d5f2b2b88be2,2010,7,Quảng Bình,Provincial,Cultivation,Lúa,,Area_Planted,1950.0,ha,Actual,PL2a
8193ac9b-e4ad-416f-be5f-6c6e46e0d72c,2010,7,Quảng Trị,Provincial,Cultivation,Lúa,,Area_Planted,14435.0,ha,Actual,PL2a
51ec8807-7584-4d2d-b933-2197014f5d80,2010,7,Quảng Trị,Provincial,Cultivation,Ngô,,Area_Planted,3505.0,ha,Actual,PL2a
9bb14be4-6d34-4232-8cc9-cacadc9a8d4a,2010,7,Quảng Trị,Provincial,Cultivation,Khoai lang,,Area_Planted,630.0,ha,Actual,PL2a
4b780ae2-a1a6-46f6-9854-bf5f49f38aab,2010,7,Quảng Trị,Provincial,Cultivation,Sắn,,Area_Planted,8300.0,ha,Actual,PL2a
0edd9600-22c0-4585-83e4-365b65ac262a,2010,7,Quảng Trị,Provincial,Cultivation,Lúa,,Area_Planted,2000.0,ha,Actual,PL2a
bff10f7d-768f-410a-8e30-a9a757e4416c,2010,7,Thừa Thiên Huế,Provincial,Cultivation,Lúa,,Area_Planted,10300.0,ha,Actual,PL2a
536cb817-0fe1-4482-976a-9d305edd65a6,2010,7,Thừa Thiên Huế,Provincial,Cultivation,Ngô,,Area_Planted,1800.0,ha,Actual,PL2a
7f2f945f-cba5-470e-9fa4-3b1471189cec,2010,7,Thừa Thiên Huế,Provincial,Cultivation,Khoai lang,,Area_Planted,3000.0,ha,Actual,PL2a
ba46f8fe-daef-4dcc-8643-4fd9406ef617,2010,7,Thừa Thiên Huế,Provincial,Cultivation,Sắn,,Area_Planted,5050.0,ha,Actual,PL2a
e949144d-d4e3-4bdb-ae06-004894971e61,2010,7,Thừa Thiên Huế,Provincial,Cultivation,Lúa,,Area_Planted,450.0,ha,Actual,PL2a
ff161eff-483f-4549-a6ce-73e5eabedaeb,2010,7,Miền Bắc,Regional,Cultivation,Lúa,,Area_Planted,348553.0,ha,Actual,PL2b
30c5d52f-91e6-4d2d-825c-3ed1b96f588a,2010,7,Miền Bắc,Regional,Cultivation,Đậu tương,,Area_Planted,132034.0,ha,Actual,PL2b
c671e458-f5cb-4cbf-8c2a-0045e7cc5bd1,2010,7,Miền Bắc,Regional,Cultivation,Lạc,,Area_Planted,132272.0,ha,Actual,PL2b
7618981a-673c-4ea2-9078-e884b8e91139,2010,7,Miền Bắc,Regional,Cultivation,Mía,,Area_Planted,27075.0,ha,Actual,PL2b
1550c305-1896-478a-8c42-f271687c7644,2010,7,Miền Bắc,Regional,Cultivation,Thuốc lá,,Area_Planted,13193.0,ha,Actual,PL2b
c9616c42-94d1-46c5-9c0c-7ade474026ef,2010,7,Miền Bắc,Regional,Cultivation,Lúa,,Area_Planted,21600.0,ha,Actual,PL2b
3d4a0459-8614-4642-b9a8-c90c2764a78b,2010,7,Miền Bắc,Regional,Cultivation,Lúa,,Area_Planted,338462.0,ha,Actual,PL2b
9ef7efe7-2e10-4d7f-aa60-ac1f177c42b0,2010,7,ĐB sông Hồng,Provincial,Cultivation,Lúa,,Area_Planted,146675.0,ha,Actual,PL2b
99cf0aec-3645-4003-8084-78f558f2a821,2010,7,ĐB sông Hồng,Provincial,Cultivation,Đậu tương,,Area_Planted,86601.0,ha,Actual,PL2b
5c418897-1f0b-4886-be66-d0deaf390a68,2010,7,ĐB sông Hồng,Provincial,Cultivation,Lạc,,Area_Planted,22705.0,ha,Actual,PL2b
709ba56b-298f-4078-a62e-e9fd133770db,2010,7,ĐB sông Hồng,Provincial,Cultivation,Mía,,Area_Planted,630.0,ha,Actual,PL2b
d5165f7a-fffa-4dbf-a4c2-cfdc2ddc1889,2010,7,ĐB sông Hồng,Provincial,Cultivation,Thuốc lá,,Area_Planted,2747.0,ha,Actual,PL2b
19ee2100-17d6-4cdc-986d-4794a54693fe,2010,7,ĐB sông Hồng,Provincial,Cultivation,Lúa,,Area_Planted,11613.0,ha,Actual,PL2b
3e8003d6-38a6-4e64-8647-5572f039d8af,2010,7,ĐB sông Hồng,Provincial,Cultivation,Lúa,,Area_Planted,158244.0,ha,Actual,PL2b
405c4f2f-1f44-49bd-928f-a02e1fc1a1df,2010,7,Hà Nội,Provincial,Cultivation,Lúa,,Area_Planted,38630.0,ha,Actual,PL2b
5f8cb507-56da-4f56-9ad9-2b89caf0943c,2010,7,Hà Nội,Provincial,Cultivation,Đậu tương,,Area_Planted,33430.0,ha,Actual,PL2b
dd15114f-f931-4bbe-a4e6-890a0208d656,2010,7,Hà Nội,Provincial,Cultivation,Lạc,,Area_Planted,5000.0,ha,Actual,PL2b
50fdecdf-b06f-4e97-9196-f73d8dc5bf7a,2010,7,Hà Nội,Provincial,Cultivation,Mía,,Area_Planted,200.0,ha,Actual,PL2b
35ab51eb-fca1-4d88-9486-d76d68f63a5c,2010,7,Hà Nội,Provincial,Cultivation,Lúa,,Area_Planted,22758.0,ha,Actual,PL2b
bb170b18-c4fc-4d39-9e60-60edbf63eea9,2010,7,Hải Phòng,Provincial,Cultivation,Lúa,,Area_Planted,2849.0,ha,Actual,PL2b
2db3cede-7ab1-4c92-9e37-80c434c8a06b,2010,7,Hải Phòng,Provincial,Cultivation,Đậu tương,,Area_Planted,375.0,ha,Actual,PL2b
45b47316-d998-4d0c-afb2-d4a151d7f8d7,2010,7,Hải Phòng,Provincial,Cultivation,Thuốc lá,,Area_Planted,2347.0,ha,Actual,PL2b
02b992d3-c9eb-4963-8b3c-63157d726964,2010,7,Hải Phòng,Provincial,Cultivation,Lúa,,Area_Planted,127.0,ha,Actual,PL2b
fab8d4dc-a232-4eae-b426-2c739a36af4e,2010,7,Hải Phòng,Provincial,Cultivation,Lúa,,Area_Planted,24498.0,ha,Actual,PL2b
be872f5a-79bb-4f00-8977-7f7bbc733653,2010,7,Vĩnh Phúc,Provincial,Cultivation,Lúa,,Area_Planted,10642.0,ha,Actual,PL2b
987e7201-7fa5-405f-91a0-464de9b0db37,2010,7,Vĩnh Phúc,Provincial,Cultivation,Đậu tương,,Area_Planted,6526.0,ha,Actual,PL2b
9c953dab-7a86-4951-8140-bd2151911e30,2010,7,Vĩnh Phúc,Provincial,Cultivation,Lạc,,Area_Planted,3430.0,ha,Actual,PL2b
270432cc-2f5c-4f64-abce-5418592c5b3f,2010,7,Vĩnh Phúc,Provincial,Cultivation,Mía,,Area_Planted,24.0,ha,Actual,PL2b
b8d9e897-c61e-4e0c-9acb-49c67add84d2,2010,7,Vĩnh Phúc,Provincial,Cultivation,Lúa,,Area_Planted,662.0,ha,Actual,PL2b
ab2eda3a-83d5-42b9-9aa7-15a116d923aa,2010,7,Vĩnh Phúc,Provincial,Cultivation,Lúa,,Area_Planted,9528.0,ha,Actual,PL2b
6addf8cf-f75b-43a6-b683-1de6ecacaedb,2010,7,Bắc Ninh,Provincial,Cultivation,Lúa,,Area_Planted,4941.0,ha,Actual,PL2b
66ae6091-f40b-48b2-b188-cf99a59581c8,2010,7,Bắc Ninh,Provincial,Cultivation,Đậu tương,,Area_Planted,3590.0,ha,Actual,PL2b
197f49e7-66d9-4fb4-a34a-b327c28ab2b8,2010,7,Bắc Ninh,Provincial,Cultivation,Lạc,,Area_Planted,1060.0,ha,Actual,PL2b
e953c42e-8528-4099-a521-1cb3bf811cff,2010,7,Bắc Ninh,Provincial,Cultivation,Lúa,,Area_Planted,292.0,ha,Actual,PL2b
6d518d29-d49a-433d-b84e-d0e5dc8b9044,2010,7,Bắc Ninh,Provincial,Cultivation,Lúa,,Area_Planted,6774.0,ha,Actual,PL2b
6fa10e1b-1740-42b8-9fcd-3fe532d73ad9,2010,7,Hải Dương,Provincial,Cultivation,Lúa,,Area_Planted,3050.0,ha,Actual,PL2b
0c9729fa-73bf-4888-8b05-b1c91ce51069,2010,7,Hải Dương,Provincial,Cultivation,Đậu tương,,Area_Planted,1450.0,ha,Actual,PL2b
d6c106fa-e6bd-4083-9105-e27885eb8f69,2010,7,Hải Dương,Provincial,Cultivation,Lạc,,Area_Planted,1300.0,ha,Actual,PL2b
947b5eeb-e04f-403a-931a-89f1d9f2a12d,2010,7,Hải Dương,Provincial,Cultivation,Lúa,,Area_Planted,300.0,ha,Actual,PL2b
2aca2ce3-1063-40b8-8227-3c89730c947e,2010,7,Hải Dương,Provincial,Cultivation,Lúa,,Area_Planted,26415.0,ha,Actual,PL2b
e1734dc7-ccd7-4d3d-8aba-67345e9effd9,2010,7,Hưng Yên,Provincial,Cultivation,Lúa,,Area_Planted,3853.0,ha,Actual,PL2b
ca740457-aca8-44cf-94d1-898bc10a05ba,2010,7,Hưng Yên,Provincial,Cultivation,Đậu tương,,Area_Planted,2758.0,ha,Actual,PL2b
b3dbbb6c-96bf-44a2-a5f5-fca3b13e0218,2010,7,Hưng Yên,Provincial,Cultivation,Lạc,,Area_Planted,873.0,ha,Actual,PL2b
2f5f52be-0ba9-4e81-8532-bd77b0d997fa,2010,7,Hưng Yên,Provincial,Cultivation,Lúa,,Area_Planted,222.0,ha,Actual,PL2b
fb3360ae-a964-46a4-85fa-31f7c9862d1c,2010,7,Hưng Yên,Provincial,Cultivation,Lúa,,Area_Planted,19055.0,ha,Actual,PL2b
76fe7282-f09c-429d-8733-7f4c11916300,2010,7,Hà Nam,Provincial,Cultivation,Lúa,,Area_Planted,34836.0,ha,Actual,PL2b
6169dfa1-594d-42d4-85c3-5bf52d4a4d54,2010,7,Hà Nam,Provincial,Cultivation,Đậu tương,,Area_Planted,12059.0,ha,Actual,PL2b
aa6f5a40-df8d-41c4-b424-23a593a72629,2010,7,Hà Nam,Provincial,Cultivation,Lạc,,Area_Planted,398.0,ha,Actual,PL2b
65974ace-c957-4aea-bb61-e0a4c9939443,2010,7,Hà Nam,Provincial,Cultivation,Lúa,,Area_Planted,0.0,ha,Actual,PL2b
2b1b4d84-f693-4be8-844f-13d078b808d7,2010,7,Hà Nam,Provincial,Cultivation,Lúa,,Area_Planted,5359.0,ha,Actual,PL2b
4c85448e-ef1e-4726-81d5-54fdce8e9d4b,2010,7,Nam Định,Provincial,Cultivation,Lúa,,Area_Planted,10907.0,ha,Actual,PL2b
d474a04e-4380-4899-bde5-901421667c44,2010,7,Nam Định,Provincial,Cultivation,Đậu tương,,Area_Planted,2226.0,ha,Actual,PL2b
43178ea0-825f-4619-9ad9-dd1e858466ca,2010,7,Nam Định,Provincial,Cultivation,Lạc,,Area_Planted,3988.0,ha,Actual,PL2b
568bdee0-7239-45df-ab7d-7bc6c2466a6f,2010,7,Nam Định,Provincial,Cultivation,Lúa,,Area_Planted,4693.0,ha,Actual,PL2b
a83a6ae6-b892-4c77-8547-71fda0a4779b,2010,7,Nam Định,Provincial,Cultivation,Lúa,,Area_Planted,10198.0,ha,Actual,PL2b
fd71bd2c-94c9-4390-a379-d78c42fe1608,2010,7,Thái Bình,Provincial,Cultivation,Lúa,,Area_Planted,20414.0,ha,Actual,PL2b
779b6b23-3b3f-4ddb-8db3-5c357244e203,2010,7,Thái Bình,Provincial,Cultivation,Đậu tương,,Area_Planted,13779.0,ha,Actual,PL2b
3320fce6-9371-48e1-b96a-3b651bb56e9b,2010,7,Thái Bình,Provincial,Cultivation,Lạc,,Area_Planted,1500.0,ha,Actual,PL2b
761a9fe3-116f-440a-8651-eb4870484599,2010,7,Thái Bình,Provincial,Cultivation,Thuốc lá,,Area_Planted,400.0,ha,Actual,PL2b
d83c7651-266a-4627-85e9-9d0871f12592,2010,7,Thái Bình,Provincial,Cultivation,Lúa,,Area_Planted,4735.0,ha,Actual,PL2b
e152fa49-65a9-4c2c-95a4-b7ca873e5086,2010,7,Thái Bình,Provincial,Cultivation,Lúa,,Area_Planted,16473.0,ha,Actual,PL2b
cba4f52f-09b7-4ffa-99d9-17146109ad94,2010,7,Ninh Bình,Provincial,Cultivation,Lúa,,Area_Planted,12679.0,ha,Actual,PL2b
62a8c3c7-d984-4741-a9c0-49ee03adcbc4,2010,7,Ninh Bình,Provincial,Cultivation,Đậu tương,,Area_Planted,9910.0,ha,Actual,PL2b
36f1879b-1094-46da-90e5-1accbb7772ec,2010,7,Ninh Bình,Provincial,Cultivation,Lạc,,Area_Planted,2769.0,ha,Actual,PL2b
87137fbf-8c8d-4191-9b19-ce3a6253415a,2010,7,Ninh Bình,Provincial,Cultivation,Lúa,,Area_Planted,8323.0,ha,Actual,PL2b
04dd7ebb-f45e-4749-9797-669ac71bc5be,2010,7,Quảng Ninh,Provincial,Cultivation,Lúa,,Area_Planted,3873.0,ha,Actual,PL2b
f173bb4f-2ceb-4db2-96f3-3aee95600022,2010,7,Quảng Ninh,Provincial,Cultivation,Đậu tương,,Area_Planted,498.0,ha,Actual,PL2b
4f9fccec-771a-4dde-8c47-77c0c9cbea2b,2010,7,Quảng Ninh,Provincial,Cultivation,Lạc,,Area_Planted,2387.0,ha,Actual,PL2b
a5505ff5-a243-448c-b2b0-3416f96c82cb,2010,7,Quảng Ninh,Provincial,Cultivation,Mía,,Area_Planted,406.0,ha,Actual,PL2b
171bcd4e-451c-412d-8d5b-bcf709b7814c,2010,7,Quảng Ninh,Provincial,Cultivation,Lúa,,Area_Planted,582.0,ha,Actual,PL2b
1e47f050-7f12-41ee-b4a2-38483dafca16,2010,7,Quảng Ninh,Provincial,Cultivation,Lúa,,Area_Planted,8863.0,ha,Actual,PL2b
261a9a08-1a6d-4a9a-b6c4-36f0b4667679,2010,7,Trung du và MN phía Bắc,Provincial,Cultivation,Lúa,,Area_Planted,103457.0,ha,Actual,PL2b
4afbc880-e33e-4364-aac1-448d800a7809,2010,7,Trung du và MN phía Bắc,Provincial,Cultivation,Đậu tương,,Area_Planted,37376.0,ha,Actual,PL2b
142f23fa-7ba0-49b7-b450-133eade3b520,2010,7,Trung du và MN phía Bắc,Provincial,Cultivation,Lạc,,Area_Planted,39619.0,ha,Actual,PL2b
360eefff-f863-43be-972d-cdb8201569ca,2010,7,Trung du và MN phía Bắc,Provincial,Cultivation,Mía,,Area_Planted,10490.0,ha,Actual,PL2b
51f2da7d-bb53-464f-8a35-d79440bebda7,2010,7,Trung du và MN phía Bắc,Provincial,Cultivation,Thuốc lá,,Area_Planted,10296.0,ha,Actual,PL2b
ae70a8f9-93b2-4c5f-8bb4-f3543ca00e89,2010,7,Trung du và MN phía Bắc,Provincial,Cultivation,Lúa,,Area_Planted,5676.0,ha,Actual,PL2b
8ed2cf45-1a08-4d5f-88a1-c5263fd5b937,2010,7,Trung du và MN phía Bắc,Provincial,Cultivation,Lúa,,Area_Planted,89729.0,ha,Actual,PL2b
f818590a-5799-4596-b9bb-a4c550b9dd5b,2010,7,Hà Giang,Provincial,Cultivation,Lúa,,Area_Planted,11714.0,ha,Actual,PL2b
e1ce042f-5f28-4704-b1bc-c9ec4bef5507,2010,7,Hà Giang,Provincial,Cultivation,Đậu tương,,Area_Planted,6617.0,ha,Actual,PL2b
b00cb18d-e2c2-45ca-8d6f-7bb0566be1c1,2010,7,Hà Giang,Provincial,Cultivation,Lạc,,Area_Planted,4887.0,ha,Actual,PL2b
abb0c69e-b9a4-4597-beef-8c5a1d0f3626,2010,7,Hà Giang,Provincial,Cultivation,Lúa,,Area_Planted,210.0,ha,Actual,PL2b
94548fe9-1908-4955-a9f7-9a7e8caea36b,2010,7,Hà Giang,Provincial,Cultivation,Lúa,,Area_Planted,10943.0,ha,Actual,PL2b
af97ee13-0f80-4a78-ad50-80de76b9ae1d,2010,7,Cao Bằng,Provincial,Cultivation,Lúa,,Area_Planted,10732.0,ha,Actual,PL2b
8334a7c0-1eca-48dc-ad28-c1570d930206,2010,7,Cao Bằng,Provincial,Cultivation,Đậu tương,,Area_Planted,5246.0,ha,Actual,PL2b
dcf0459e-3d3a-4641-8e32-d7b6191a869b,2010,7,Cao Bằng,Provincial,Cultivation,Lạc,,Area_Planted,711.0,ha,Actual,PL2b
a031eb10-af99-4b95-b2b6-7c6d95a58164,2010,7,Cao Bằng,Provincial,Cultivation,Mía,,Area_Planted,1238.0,ha,Actual,PL2b
73df4fe2-d9e4-4183-9a6c-305ae7a6f79b,2010,7,Cao Bằng,Provincial,Cultivation,Thuốc lá,,Area_Planted,3303.0,ha,Actual,PL2b
4123157a-8c9e-47ae-b91d-9978502148a1,2010,7,Cao Bằng,Provincial,Cultivation,Lúa,,Area_Planted,234.0,ha,Actual,PL2b
86c1382c-9e93-4c0e-8322-88f8dfa1b669,2010,7,Cao Bằng,Provincial,Cultivation,Lúa,,Area_Planted,1738.0,ha,Actual,PL2b
783c5999-b8e6-43cd-8096-a17c24db48fc,2010,7,Lào Cai,Provincial,Cultivation,Lúa,,Area_Planted,2994.0,ha,Actual,PL2b
debe9d8b-63bd-4c6c-9028-911241aed0e3,2010,7,Lào Cai,Provincial,Cultivation,Đậu tương,,Area_Planted,1962.0,ha,Actual,PL2b
568008cb-ec86-4bcb-8865-178f14f24218,2010,7,Lào Cai,Provincial,Cultivation,Lạc,,Area_Planted,448.0,ha,Actual,PL2b
88435122-4134-47bb-8881-4b12c3fcd85b,2010,7,Lào Cai,Provincial,Cultivation,Thuốc lá,,Area_Planted,448.0,ha,Actual,PL2b
b12dd4ea-ef94-4f0b-9007-41a02e392553,2010,7,Lào Cai,Provincial,Cultivation,Lúa,,Area_Planted,136.0,ha,Actual,PL2b
e7871a5e-7e02-466a-9b5f-abb769b64469,2010,7,Lào Cai,Provincial,Cultivation,Lúa,,Area_Planted,4124.0,ha,Actual,PL2b
844ff081-e1ca-4fb9-9aec-4a7f5ecfe37f,2010,7,Bắc Cạn,Provincial,Cultivation,Lúa,,Area_Planted,2130.0,ha,Actual,PL2b
e065d763-9286-4c1b-8582-05aa7e06879f,2010,7,Bắc Cạn,Provincial,Cultivation,Đậu tương,,Area_Planted,461.0,ha,Actual,PL2b
edaffb01-1cec-42ea-9178-ddaf2011ad90,2010,7,Bắc Cạn,Provincial,Cultivation,Lạc,,Area_Planted,310.0,ha,Actual,PL2b
c7f0dfde-4389-4b22-b44c-b00dfd90c7a6,2010,7,Bắc Cạn,Provincial,Cultivation,Mía,,Area_Planted,70.0,ha,Actual,PL2b
f2c3a02e-3d6d-4071-9d3b-456045505e52,2010,7,Bắc Cạn,Provincial,Cultivation,Thuốc lá,,Area_Planted,1444.0,ha,Actual,PL2b
8cb03a4a-5a4c-478c-ba43-bb60f17b3fc0,2010,7,Bắc Cạn,Provincial,Cultivation,Lúa,,Area_Planted,-155.0,ha,Actual,PL2b
4505083b-0bcd-45ce-abef-5a0965da2027,2010,7,Bắc Cạn,Provincial,Cultivation,Lúa,,Area_Planted,1599.0,ha,Actual,PL2b
7e4b84e8-1d74-4785-b1bd-2ceb2ea09b2a,2010,7,Lạng Sơn,Provincial,Cultivation,Lúa,,Area_Planted,10561.0,ha,Actual,PL2b
94814131-fb07-4ff8-8ad1-b57754b212ad,2010,7,Lạng Sơn,Provincial,Cultivation,Đậu tương,,Area_Planted,1600.0,ha,Actual,PL2b
004c88e9-ea05-49d8-928a-c5289aa6f2f5,2010,7,Lạng Sơn,Provincial,Cultivation,Lạc,,Area_Planted,1500.0,ha,Actual,PL2b
1202a5d9-506c-4db0-9e73-59b4f9fa72e3,2010,7,Lạng Sơn,Provincial,Cultivation,Mía,,Area_Planted,200.0,ha,Actual,PL2b
eae207ec-f679-4fff-8186-8697e02fb7e7,2010,7,Lạng Sơn,Provincial,Cultivation,Thuốc lá,,Area_Planted,5016.0,ha,Actual,PL2b
2bcec078-441a-495d-b2d7-3330cc671392,2010,7,Lạng Sơn,Provincial,Cultivation,Lúa,,Area_Planted,2245.0,ha,Actual,PL2b
f55065a6-cdf3-4bb6-92dd-6780bfa08bc2,2010,7,Lạng Sơn,Provincial,Cultivation,Lúa,,Area_Planted,1290.0,ha,Actual,PL2b
038476aa-32de-4724-a920-d129c1c920d1,2010,7,Tuyên Quang,Provincial,Cultivation,Lúa,,Area_Planted,6985.0,ha,Actual,PL2b
3257d78f-1d72-4579-8051-fec3d991e061,2010,7,Tuyên Quang,Provincial,Cultivation,Đậu tương,,Area_Planted,2310.0,ha,Actual,PL2b
5013a376-5231-4ef1-affb-1d77f88cda01,2010,7,Tuyên Quang,Provincial,Cultivation,Lạc,,Area_Planted,4675.0,ha,Actual,PL2b
439f6dd8-e2c8-4e0d-b7c9-fae2f5fbc059,2010,7,Tuyên Quang,Provincial,Cultivation,Lúa,,Area_Planted,0.0,ha,Actual,PL2b
b370c7ac-605e-4f7b-9c07-d8bdd9e21aec,2010,7,Tuyên Quang,Provincial,Cultivation,Lúa,,Area_Planted,6320.0,ha,Actual,PL2b
d098b037-fbd0-458c-9694-bdae80e40602,2010,7,Yên Bái,Provincial,Cultivation,Lúa,,Area_Planted,4071.0,ha,Actual,PL2b
6b3b145f-d5a1-4d07-9e2d-878b1b0ccf7e,2010,7,Yên Bái,Provincial,Cultivation,Đậu tương,,Area_Planted,1622.0,ha,Actual,PL2b
af65d2f8-8cf7-4e4d-8fae-15a790f85796,2010,7,Yên Bái,Provincial,Cultivation,Lạc,,Area_Planted,1434.0,ha,Actual,PL2b
d7d97c1a-af79-46b6-a629-d2affe1e8a2e,2010,7,Yên Bái,Provincial,Cultivation,Mía,,Area_Planted,630.0,ha,Actual,PL2b
371c88b9-3c2a-4ab1-a2f5-8e8361be76db,2010,7,Yên Bái,Provincial,Cultivation,Lúa,,Area_Planted,385.0,ha,Actual,PL2b
4dca5993-80f9-4b74-a912-34f2d2cb00df,2010,7,Yên Bái,Provincial,Cultivation,Lúa,,Area_Planted,5657.0,ha,Actual,PL2b
c25b0b61-dba9-4ba2-acd6-14bf99717741,2010,7,Thái Nguyên,Provincial,Cultivation,Lúa,,Area_Planted,5384.0,ha,Actual,PL2b
0ca2c983-c1fe-4988-b898-0d13fd8cf8a7,2010,7,Thái Nguyên,Provincial,Cultivation,Đậu tương,,Area_Planted,1417.0,ha,Actual,PL2b
d8e89038-31e2-4301-896f-d5b3ab3d88d3,2010,7,Thái Nguyên,Provincial,Cultivation,Lạc,,Area_Planted,3967.0,ha,Actual,PL2b
a843d78c-2b9b-45d8-8543-db56747cde2f,2010,7,Thái Nguyên,Provincial,Cultivation,Lúa,,Area_Planted,0.0,ha,Actual,PL2b
16edf0c3-fa09-402d-b903-66428d849c9d,2010,7,Thái Nguyên,Provincial,Cultivation,Lúa,,Area_Planted,8929.0,ha,Actual,PL2b
8b1ee6b5-1788-47e6-9944-04ee66c89bb9,2010,7,Phú Thọ,Provincial,Cultivation,Lúa,,Area_Planted,7586.0,ha,Actual,PL2b
470cf942-e036-4e48-9653-de850c6d1dc4,2010,7,Phú Thọ,Provincial,Cultivation,Đậu tương,,Area_Planted,3045.0,ha,Actual,PL2b
8609c8e5-c53c-4eec-ba1b-2d2c01ff4aab,2010,7,Phú Thọ,Provincial,Cultivation,Lạc,,Area_Planted,4541.0,ha,Actual,PL2b
36f62d21-7938-4457-98ab-862c4ca6fd9e,2010,7,Phú Thọ,Provincial,Cultivation,Lúa,,Area_Planted,0.0,ha,Actual,PL2b
fdb813ef-5399-4319-9e78-4301dc401e4d,2010,7,Phú Thọ,Provincial,Cultivation,Lúa,,Area_Planted,5917.0,ha,Actual,PL2b
205ed830-80ae-47f7-9d28-e4e2f27f1707,2010,7,Bắc Giang,Provincial,Cultivation,Lúa,,Area_Planted,11900.0,ha,Actual,PL2b
1993beab-7045-4095-a93f-9793dd29c6cc,2010,7,Bắc Giang,Provincial,Cultivation,Đậu tương,,Area_Planted,1208.0,ha,Actual,PL2b
4f6a8dbd-bfbb-4182-bef0-110eef1a384d,2010,7,Bắc Giang,Provincial,Cultivation,Lạc,,Area_Planted,10198.0,ha,Actual,PL2b
4b556fa8-9355-487c-8729-29cee3e7ab84,2010,7,Bắc Giang,Provincial,Cultivation,Thuốc lá,,Area_Planted,85.0,ha,Actual,PL2b
5b04ec90-f6a1-4f35-b84c-0624bab830a9,2010,7,Bắc Giang,Provincial,Cultivation,Lúa,,Area_Planted,409.0,ha,Actual,PL2b
7a6ce7c3-ab10-4da4-84b2-092dc0c946de,2010,7,Bắc Giang,Provincial,Cultivation,Lúa,,Area_Planted,25955.0,ha,Actual,PL2b
3d7b82e2-0f81-404f-bfe5-131f56a62b07,2010,7,Lai Châu,Provincial,Cultivation,Lúa,,Area_Planted,2400.0,ha,Actual,PL2b
629d2ad8-d738-4c78-b5d4-c7ea66aa11ce,2010,7,Lai Châu,Provincial,Cultivation,Đậu tương,,Area_Planted,1105.0,ha,Actual,PL2b
56c1f277-632f-41d4-97ee-2a4b9dbf8bb2,2010,7,Lai Châu,Provincial,Cultivation,Lạc,,Area_Planted,1026.0,ha,Actual,PL2b
b2b78096-4d4d-4347-be56-e8719c89edbd,2010,7,Lai Châu,Provincial,Cultivation,Lúa,,Area_Planted,269.0,ha,Actual,PL2b
84494c8b-d446-4543-98c0-7b5643dc530f,2010,7,Lai Châu,Provincial,Cultivation,Lúa,,Area_Planted,735.0,ha,Actual,PL2b
2eb4e38e-0a06-4fac-a2f7-26f5f8ff5b24,2010,7,Điện Biên,Provincial,Cultivation,Lúa,,Area_Planted,4609.0,ha,Actual,PL2b
1d688f9b-c10b-4f60-9567-78fa0ae3b1bd,2010,7,Điện Biên,Provincial,Cultivation,Đậu tương,,Area_Planted,3147.0,ha,Actual,PL2b
5c151cf3-0c32-4d3b-a9f7-091832a3d4c8,2010,7,Điện Biên,Provincial,Cultivation,Lạc,,Area_Planted,912.0,ha,Actual,PL2b
5c0dd85b-c2fe-40fb-8203-0b32e7bf5955,2010,7,Điện Biên,Provincial,Cultivation,Lúa,,Area_Planted,550.0,ha,Actual,PL2b
479f7b68-390a-48ce-874a-a58c598be362,2010,7,Điện Biên,Provincial,Cultivation,Lúa,,Area_Planted,950.0,ha,Actual,PL2b
73564b85-f056-4d0b-9fe8-5cf60da9fce9,2010,7,Sơn La,Provincial,Cultivation,Lúa,,Area_Planted,7369.0,ha,Actual,PL2b
a33e6093-207c-4875-b7aa-e40a8ac3fee5,2010,7,Sơn La,Provincial,Cultivation,Đậu tương,,Area_Planted,5215.0,ha,Actual,PL2b
bad62d12-a648-4d26-85c8-351d52fae77c,2010,7,Sơn La,Provincial,Cultivation,Lạc,,Area_Planted,471.0,ha,Actual,PL2b
4b26b27a-69ec-45dc-a706-aec4f057c809,2010,7,Sơn La,Provincial,Cultivation,Mía,,Area_Planted,291.0,ha,Actual,PL2b
f00efb12-a10b-4da6-b4b1-51117338c612,2010,7,Sơn La,Provincial,Cultivation,Lúa,,Area_Planted,1392.0,ha,Actual,PL2b
899ea1e5-d0c3-43a7-905f-8d167bc89139,2010,7,Sơn La,Provincial,Cultivation,Lúa,,Area_Planted,4574.0,ha,Actual,PL2b
eb4b4153-b016-4b5a-8351-4febdc6a712b,2010,7,Hoà Bình,Provincial,Cultivation,Lúa,,Area_Planted,15021.0,ha,Actual,PL2b
ce47a755-5772-4900-8570-ac2c3600aa39,2010,7,Hoà Bình,Provincial,Cultivation,Đậu tương,,Area_Planted,2421.0,ha,Actual,PL2b
e5cf05a9-20bc-427f-899d-bc0067696b0e,2010,7,Hoà Bình,Provincial,Cultivation,Lạc,,Area_Planted,4539.0,ha,Actual,PL2b
c9d41353-9ac5-45f9-9454-94d881383153,2010,7,Hoà Bình,Provincial,Cultivation,Mía,,Area_Planted,8061.0,ha,Actual,PL2b
dbbf58f0-d32a-4986-80c1-8980c341cd9a,2010,7,Hoà Bình,Provincial,Cultivation,Lúa,,Area_Planted,0.0,ha,Actual,PL2b
53f061b3-6a42-4857-a8cc-4e0d469cce01,2010,7,Hoà Bình,Provincial,Cultivation,Lúa,,Area_Planted,10998.0,ha,Actual,PL2b
4bdd94c1-08a5-4bb2-a56b-d775d41f4663,2010,7,Bắc Trung Bộ,Provincial,Cultivation,Lúa,,Area_Planted,98421.0,ha,Actual,PL2b
23a51bee-7a14-47cb-82db-0be59b8f5b0e,2010,7,Bắc Trung Bộ,Provincial,Cultivation,Đậu tương,,Area_Planted,8057.0,ha,Actual,PL2b
e18cb041-6265-42a3-b6fa-07f0de76b0d6,2010,7,Bắc Trung Bộ,Provincial,Cultivation,Lạc,,Area_Planted,69948.0,ha,Actual,PL2b
886f6af4-8482-4666-833f-62b5158d0645,2010,7,Bắc Trung Bộ,Provincial,Cultivation,Mía,,Area_Planted,15955.0,ha,Actual,PL2b
8f4ff8e4-3ac2-434c-9738-3e7e27af5207,2010,7,Bắc Trung Bộ,Provincial,Cultivation,Thuốc lá,,Area_Planted,150.0,ha,Actual,PL2b
5eba4e41-6bb7-402e-9826-9d33a1d29e02,2010,7,Bắc Trung Bộ,Provincial,Cultivation,Lúa,,Area_Planted,4311.0,ha,Actual,PL2b
91026f0e-681c-4e71-987f-38b1a7eda3d0,2010,7,Bắc Trung Bộ,Provincial,Cultivation,Lúa,,Area_Planted,90490.0,ha,Actual,PL2b
c4715764-fac6-4beb-8e5b-b083708611c5,2010,7,Thanh Hoá,Provincial,Cultivation,Lúa,,Area_Planted,34836.0,ha,Actual,PL2b
4635a44d-5a9c-45c2-bdf7-e4779faeda5c,2010,7,Thanh Hoá,Provincial,Cultivation,Đậu tương,,Area_Planted,7480.0,ha,Actual,PL2b
26ff9493-c449-4d91-b0fe-04d24646e8c4,2010,7,Thanh Hoá,Provincial,Cultivation,Lạc,,Area_Planted,14402.0,ha,Actual,PL2b
f6b4e02c-a878-4e42-a20f-4f1a818e5a8b,2010,7,Thanh Hoá,Provincial,Cultivation,Mía,,Area_Planted,10569.0,ha,Actual,PL2b
f592b50a-4ff2-4836-8ba3-207edae8d754,2010,7,Thanh Hoá,Provincial,Cultivation,Lúa,,Area_Planted,2385.0,ha,Actual,PL2b
68ef7298-cbaf-49f4-a334-78b454ac2a78,2010,7,Thanh Hoá,Provincial,Cultivation,Lúa,,Area_Planted,46213.0,ha,Actual,PL2b
813023bf-488c-44a2-9d21-a2afb7bf1183,2010,7,Nghệ An,Provincial,Cultivation,Lúa,,Area_Planted,27327.0,ha,Actual,PL2b
94d2e941-2554-467b-bfea-d9d3d2e3c28d,2010,7,Nghệ An,Provincial,Cultivation,Đậu tương,,Area_Planted,577.0,ha,Actual,PL2b
6ed27cef-3425-4e78-9d46-42fa3cbd1e5c,2010,7,Nghệ An,Provincial,Cultivation,Lạc,,Area_Planted,21434.0,ha,Actual,PL2b
17d6d196-74fb-4ab2-aa73-012f8771e8ba,2010,7,Nghệ An,Provincial,Cultivation,Mía,,Area_Planted,5236.0,ha,Actual,PL2b
95fac62b-0ec5-423e-a491-43aa132958f8,2010,7,Nghệ An,Provincial,Cultivation,Thuốc lá,,Area_Planted,80.0,ha,Actual,PL2b
4fe8970c-5e30-4307-a7ac-69112b0e136f,2010,7,Nghệ An,Provincial,Cultivation,Lúa,,Area_Planted,20492.0,ha,Actual,PL2b
557f36df-949a-412f-bd75-b1f3adb44eb2,2010,7,Hà Tĩnh,Provincial,Cultivation,Lúa,,Area_Planted,22064.0,ha,Actual,PL2b
ccc6e499-c4c6-401b-aaac-ac1329f3887f,2010,7,Hà Tĩnh,Provincial,Cultivation,Lạc,,Area_Planted,20552.0,ha,Actual,PL2b
3f78728c-135f-45d4-b13b-d7f3ae3e536a,2010,7,Hà Tĩnh,Provincial,Cultivation,Lúa,,Area_Planted,1512.0,ha,Actual,PL2b
9e933edd-2d20-4f81-be04-04d965a0e10c,2010,7,Hà Tĩnh,Provincial,Cultivation,Lúa,,Area_Planted,12279.0,ha,Actual,PL2b
ee099427-9f84-466c-ac76-bca815d4b708,2010,7,Quảng Bình,Provincial,Cultivation,Lúa,,Area_Planted,4863.0,ha,Actual,PL2b
3f1d051c-c4bb-4bb0-a00c-1c4ce13c912a,2010,7,Quảng Bình,Provincial,Cultivation,Lạc,,Area_Planted,4863.0,ha,Actual,PL2b
70fa5f6d-ce14-4356-af58-fdaf83d761bc,2010,7,Quảng Bình,Provincial,Cultivation,Lúa,,Area_Planted,586.0,ha,Actual,PL2b
63c44c2c-540c-4916-940e-115bd9c5adfe,2010,7,Quảng Trị,Provincial,Cultivation,Lúa,,Area_Planted,5357.0,ha,Actual,PL2b
f3e07f5a-b58a-4388-86c9-e5e8f771ad72,2010,7,Quảng Trị,Provincial,Cultivation,Lạc,,Area_Planted,5100.0,ha,Actual,PL2b
1f18aba0-dc0a-40ef-94ff-da490c7b107a,2010,7,Quảng Trị,Provincial,Cultivation,Lúa,,Area_Planted,257.0,ha,Actual,PL2b
bb60164e-2e0d-448f-92ef-300f84d3ea01,2010,7,Quảng Trị,Provincial,Cultivation,Lúa,,Area_Planted,5682.0,ha,Actual,PL2b
843bc3ea-13a0-4bd4-94cc-3ee1bd2a1b96,2010,7,Thừa Thiên Huế,Provincial,Cultivation,Lúa,,Area_Planted,3974.0,ha,Actual,PL2b
a4c65685-7798-4d8c-9043-eb2ef4f0a3cf,2010,7,Thừa Thiên Huế,Provincial,Cultivation,Lạc,,Area_Planted,3597.0,ha,Actual,PL2b
d83fdcfc-9e20-4717-a64c-cca429a58880,2010,7,Thừa Thiên Huế,Provincial,Cultivation,Mía,,Area_Planted,150.0,ha,Actual,PL2b
763d6d45-6996-4ba5-a474-9d91bf18d728,2010,7,Thừa Thiên Huế,Provincial,Cultivation,Thuốc lá,,Area_Planted,70.0,ha,Actual,PL2b
050e8206-f4f3-4e17-87db-ae4562ca70b5,2010,7,Thừa Thiên Huế,Provincial,Cultivation,Lúa,,Area_Planted,157.0,ha,Actual,PL2b
c0d677b2-3b06-474e-b617-1e2b08e035cf,2010,7,Thừa Thiên Huế,Provincial,Cultivation,Lúa,,Area_Planted,5238.0,ha,Actual,PL2b
2a92eecf-aaf9-455a-b1dd-86a10bcef92c,2010,7,Miền Nam,Regional,Cultivation,Lúa,,Area_Planted,1925179.0,ha,Actual,PL3a
6497db5d-0870-4bbe-a05e-0282159f02ed,2010,7,Miền Nam,Regional,Cultivation,Lúa,,Area_Planted,724652.0,ha,Actual,PL3a
1242626c-787f-4728-9ffc-b53c5669f8ca,2010,7,Miền Nam,Regional,Cultivation,Lúa,,Area_Planted,37.6,ha,Actual,PL3a
cf68a0d0-9405-4526-9db8-82961a582351,2010,7,Miền Nam,Regional,Cultivation,Lúa,,Area_Planted,265128.0,ha,Actual,PL3a
4580fb64-bc1d-4cb5-a82d-dbe9062f590a,2010,7,Miền Nam,Regional,Cultivation,Lúa,,Area_Planted,499379.0,ha,Actual,PL3a
fca8c8ee-2f62-4484-92db-f87b57582ed4,2010,7,Miền Nam,Regional,Cultivation,Lúa,,Area_Planted,260873.0,ha,Actual,PL3a
0181dd18-0e4f-4b63-a24d-fbde101b60ee,2010,7,Miền Nam,Regional,Cultivation,Lúa,,Area_Planted,19928.0,ha,Actual,PL3a
3b52dc2c-6d50-4f37-bfab-9156c8a4d829,2010,7,Miền Nam,Regional,Cultivation,Lúa,,Area_Planted,218578.0,ha,Actual,PL3a
a4f190d1-8afa-43c6-b28a-d403785042b3,2010,7,D.H Nam Trung Bộ,Provincial,Cultivation,Lúa,,Area_Planted,150621.0,ha,Actual,PL3a
52ba2609-d087-402b-bf35-af5b31a013da,2010,7,D.H Nam Trung Bộ,Provincial,Cultivation,Lúa,,Area_Planted,8200.0,ha,Actual,PL3a
b110bb9b-3cfc-42ed-b92f-9b101e4ef47e,2010,7,D.H Nam Trung Bộ,Provincial,Cultivation,Lúa,,Area_Planted,84014.0,ha,Actual,PL3a
eca8ab95-5ca2-4be2-84ea-4d935cb4e337,2010,7,D.H Nam Trung Bộ,Provincial,Cultivation,Lúa,,Area_Planted,25784.0,ha,Actual,PL3a
78c2773c-39fd-49ef-a9f1-10cecbfd7670,2010,7,D.H Nam Trung Bộ,Provincial,Cultivation,Lúa,,Area_Planted,6952.0,ha,Actual,PL3a
824bf944-feb0-4c4d-8232-f6fd606043dd,2010,7,D.H Nam Trung Bộ,Provincial,Cultivation,Lúa,,Area_Planted,51278.0,ha,Actual,PL3a
cfab612f-4950-4baf-8b75-ab31714306c1,2010,7,TP Đà Nẵng,Provincial,Cultivation,Lúa,,Area_Planted,3300.0,ha,Actual,PL3a
a0618ba2-5063-47a4-8412-a104cec26b76,2010,7,TP Đà Nẵng,Provincial,Cultivation,Lúa,,Area_Planted,846.0,ha,Actual,PL3a
18faee8f-a271-45f7-a1c8-7a16ab2d2ee8,2010,7,TP Đà Nẵng,Provincial,Cultivation,Lúa,,Area_Planted,578.0,ha,Actual,PL3a
23875655-47d8-400b-8883-17316bde657d,2010,7,TP Đà Nẵng,Provincial,Cultivation,Lúa,,Area_Planted,268.0,ha,Actual,PL3a
9872e094-2f27-4f0b-8653-d11924568ea4,2010,7,Quảng Nam,Provincial,Cultivation,Lúa,,Area_Planted,37100.0,ha,Actual,PL3a
8a5f818e-ebb8-44bc-ad9d-c07c9ecc3036,2010,7,Quảng Nam,Provincial,Cultivation,Lúa,,Area_Planted,20920.0,ha,Actual,PL3a
23349d96-4211-4c06-81df-971989840ba6,2010,7,Quảng Nam,Provincial,Cultivation,Lúa,,Area_Planted,6500.0,ha,Actual,PL3a
52c52eb6-6c14-403c-9edc-18e84065db59,2010,7,Quảng Nam,Provincial,Cultivation,Lúa,,Area_Planted,4500.0,ha,Actual,PL3a
07cec87d-040f-442a-ab03-39ac9fe5b60f,2010,7,Quảng Nam,Provincial,Cultivation,Lúa,,Area_Planted,9920.0,ha,Actual,PL3a
ac7e2d0c-f842-4ef8-a294-f45101808b20,2010,7,Quảng Ngãi,Provincial,Cultivation,Lúa,,Area_Planted,32256.0,ha,Actual,PL3a
08ed5b2a-5310-411a-957b-a1cf49c16565,2010,7,Quảng Ngãi,Provincial,Cultivation,Lúa,,Area_Planted,17160.0,ha,Actual,PL3a
e62a46cd-1c03-4c9a-9d90-83135861f4fe,2010,7,Quảng Ngãi,Provincial,Cultivation,Lúa,,Area_Planted,4160.0,ha,Actual,PL3a
736cdeff-d96d-4a1d-9e74-e4e94437b5c6,2010,7,Quảng Ngãi,Provincial,Cultivation,Lúa,,Area_Planted,1900.0,ha,Actual,PL3a
d56ac729-41cf-4c0b-a24d-0eee64ec46c6,2010,7,Quảng Ngãi,Provincial,Cultivation,Lúa,,Area_Planted,11100.0,ha,Actual,PL3a
eaa126f9-8db0-409e-ad80-3f41526572fe,2010,7,Bình Định,Provincial,Cultivation,Lúa,,Area_Planted,41485.0,ha,Actual,PL3a
db07be31-3cae-47e1-9d96-8a85d0a02da9,2010,7,Bình Định,Provincial,Cultivation,Lúa,,Area_Planted,8200.0,ha,Actual,PL3a
6246e772-eb91-4f48-94c6-c122be16a8e9,2010,7,Bình Định,Provincial,Cultivation,Lúa,,Area_Planted,19600.0,ha,Actual,PL3a
76ee3cc9-f901-4665-b7aa-32db1361fe9f,2010,7,Bình Định,Provincial,Cultivation,Lúa,,Area_Planted,6711.0,ha,Actual,PL3a
5fd4a235-7bec-49f0-b894-6284021de3d4,2010,7,Bình Định,Provincial,Cultivation,Lúa,,Area_Planted,12889.0,ha,Actual,PL3a
d04e0485-0cb7-4c51-819e-5c6747ea1a23,2010,7,Phú Yên,Provincial,Cultivation,Lúa,,Area_Planted,23600.0,ha,Actual,PL3a
7776c00a-0507-4362-ba22-dc7a1132f4f8,2010,7,Phú Yên,Provincial,Cultivation,Lúa,,Area_Planted,17423.0,ha,Actual,PL3a
eef2364f-a4a1-4564-a058-4ad5a73d9094,2010,7,Phú Yên,Provincial,Cultivation,Lúa,,Area_Planted,4879.0,ha,Actual,PL3a
f55f1e6a-fd57-4e31-99ea-9fd185de3c53,2010,7,Phú Yên,Provincial,Cultivation,Lúa,,Area_Planted,175.0,ha,Actual,PL3a
a2a2d131-dafa-4fae-a0d7-3c55edb3a7da,2010,7,Phú Yên,Provincial,Cultivation,Lúa,,Area_Planted,12369.0,ha,Actual,PL3a
859b5f3c-5027-49d1-ae03-c01ef8ba6a33,2010,7,Khánh Hoà,Provincial,Cultivation,Lúa,,Area_Planted,8065.0,ha,Actual,PL3a
9fb9d109-9f1d-4ef0-8ca8-8b9dc450e050,2010,7,Khánh Hoà,Provincial,Cultivation,Lúa,,Area_Planted,2956.0,ha,Actual,PL3a
651ca550-2aee-41c1-9c98-9ee48046b4c6,2010,7,Khánh Hoà,Provincial,Cultivation,Lúa,,Area_Planted,109.0,ha,Actual,PL3a
5cacfd93-3a6d-4193-829b-cd8c31a7cca0,2010,7,Khánh Hoà,Provincial,Cultivation,Lúa,,Area_Planted,5000.0,ha,Actual,PL3a
57169680-ebfe-4b17-b952-3e364a09639c,2010,7,Tây Nguyên,Provincial,Cultivation,Lúa,,Area_Planted,6489.0,ha,Actual,PL3a
1187cd3a-af6b-423b-8c50-3fb1568bda71,2010,7,Tây Nguyên,Provincial,Cultivation,Lúa,,Area_Planted,105580.0,ha,Actual,PL3a
4fc9583e-30c7-405e-a842-031e89b9e941,2010,7,Tây Nguyên,Provincial,Cultivation,Lúa,,Area_Planted,209163.0,ha,Actual,PL3a
4ef847ec-038c-4f7e-92d6-b01d762a0723,2010,7,Tây Nguyên,Provincial,Cultivation,Lúa,,Area_Planted,145948.0,ha,Actual,PL3a
9cf07e45-d567-4a2e-985f-047522cfc721,2010,7,Tây Nguyên,Provincial,Cultivation,Lúa,,Area_Planted,6256.0,ha,Actual,PL3a
64e5f899-3abe-4fb8-a251-105c3e7c6db0,2010,7,Tây Nguyên,Provincial,Cultivation,Lúa,,Area_Planted,56959.0,ha,Actual,PL3a
10f2c8c1-e59d-47e1-86e5-7ba8122ca9a7,2010,7,Kon Tum,Provincial,Cultivation,Lúa,,Area_Planted,11294.0,ha,Actual,PL3a
dbff91d2-8d25-4fd8-ac8c-cfb602d1c998,2010,7,Kon Tum,Provincial,Cultivation,Lúa,,Area_Planted,7388.0,ha,Actual,PL3a
eeff8e90-88d2-4900-a0b0-ab5c4b1a4410,2010,7,Kon Tum,Provincial,Cultivation,Lúa,,Area_Planted,7388.0,ha,Actual,PL3a
be118662-4a88-471b-aa96-f34f817c944e,2010,7,Gia Lai,Provincial,Cultivation,Lúa,,Area_Planted,26074.0,ha,Actual,PL3a
cd2bfd9a-1347-43b6-8b69-2a490ee7ba90,2010,7,Gia Lai,Provincial,Cultivation,Lúa,,Area_Planted,53629.0,ha,Actual,PL3a
586f2772-12f8-4353-8277-8833a871dad5,2010,7,Gia Lai,Provincial,Cultivation,Lúa,,Area_Planted,30177.0,ha,Actual,PL3a
60a11d29-c692-449a-9f6d-be7f0b41e618,2010,7,Gia Lai,Provincial,Cultivation,Lúa,,Area_Planted,418.0,ha,Actual,PL3a
ca91c720-37c3-494e-a135-756ac64448c1,2010,7,Gia Lai,Provincial,Cultivation,Lúa,,Area_Planted,23034.0,ha,Actual,PL3a
55341427-a97f-4971-b55c-eefad77f3b4a,2010,7,Đắc Lắc,Provincial,Cultivation,Lúa,,Area_Planted,63642.0,ha,Actual,PL3a
f73a13dd-3184-417e-81b7-1869f58d2e92,2010,7,Đắc Lắc,Provincial,Cultivation,Lúa,,Area_Planted,92098.0,ha,Actual,PL3a
94b24f01-b38c-4169-88a1-a488e75bab20,2010,7,Đắc Lắc,Provincial,Cultivation,Lúa,,Area_Planted,72315.0,ha,Actual,PL3a
b010d387-1b62-490f-b14e-0139eab19004,2010,7,Đắc Lắc,Provincial,Cultivation,Lúa,,Area_Planted,1274.0,ha,Actual,PL3a
99670e27-7ea0-4dd5-830d-8001b4bde89b,2010,7,Đắc Lắc,Provincial,Cultivation,Lúa,,Area_Planted,18509.0,ha,Actual,PL3a
e902ae52-e4ff-45ff-9e3a-96c22ac42419,2010,7,Đắc Nông,Provincial,Cultivation,Lúa,,Area_Planted,42966.0,ha,Actual,PL3a
3525174c-4e24-4a6f-994a-94881548beed,2010,7,Đắc Nông,Provincial,Cultivation,Lúa,,Area_Planted,23970.0,ha,Actual,PL3a
617cc4cd-c45f-4f45-b7b8-5cc460f3f381,2010,7,Đắc Nông,Provincial,Cultivation,Lúa,,Area_Planted,3580.0,ha,Actual,PL3a
0a20b1e5-5b4c-4493-9e27-636d13d2eb29,2010,7,Đắc Nông,Provincial,Cultivation,Lúa,,Area_Planted,15416.0,ha,Actual,PL3a
2c8f6acd-7ac4-4617-b094-ab3c2e9dca44,2010,7,Lâm Đồng,Provincial,Cultivation,Lúa,,Area_Planted,6489.0,ha,Actual,PL3a
df4128b2-c1c2-4180-b73e-43b803da7026,2010,7,Lâm Đồng,Provincial,Cultivation,Lúa,,Area_Planted,4570.0,ha,Actual,PL3a
0dab4b04-5246-4561-9ad8-28e9154f4efd,2010,7,Lâm Đồng,Provincial,Cultivation,Lúa,,Area_Planted,13082.0,ha,Actual,PL3a
b3e6148e-6c3d-428a-8062-568ea1f7d703,2010,7,Lâm Đồng,Provincial,Cultivation,Lúa,,Area_Planted,12098.0,ha,Actual,PL3a
21e6072a-4ce3-4da9-8294-5bf8bd81a7d7,2010,7,Lâm Đồng,Provincial,Cultivation,Lúa,,Area_Planted,984.0,ha,Actual,PL3a
bc74738b-ea0d-48e0-b000-6925a79db0b7,2010,7,Đông Nam Bộ,Provincial,Cultivation,Lúa,,Area_Planted,139287.0,ha,Actual,PL3a
91ec9b9d-d47f-4c97-824c-0df627932674,2010,7,Đông Nam Bộ,Provincial,Cultivation,Lúa,,Area_Planted,2162.0,ha,Actual,PL3a
cadf3d8c-3df3-4314-9720-3d59c1e1a0a5,2010,7,Đông Nam Bộ,Provincial,Cultivation,Lúa,,Area_Planted,168722.0,ha,Actual,PL3a
f23f8e0e-ff38-4896-ac7a-267e78e0d8e5,2010,7,Đông Nam Bộ,Provincial,Cultivation,Lúa,,Area_Planted,59541.0,ha,Actual,PL3a
3a896efd-02e2-4b3b-8e00-8079f03b412b,2010,7,Đông Nam Bộ,Provincial,Cultivation,Lúa,,Area_Planted,808.0,ha,Actual,PL3a
6acc5e72-43fe-4a09-a009-0c8dd33f384c,2010,7,Đông Nam Bộ,Provincial,Cultivation,Lúa,,Area_Planted,108373.0,ha,Actual,PL3a
6c6af4a1-a669-4a84-8f02-bcc8db4eccbd,2010,7,TP Hồ Chí Minh,Provincial,Cultivation,Lúa,,Area_Planted,5214.0,ha,Actual,PL3a
9af55ed4-70f7-442b-b083-cbbff7e546f2,2010,7,TP Hồ Chí Minh,Provincial,Cultivation,Lúa,,Area_Planted,297.0,ha,Actual,PL3a
6ddedb6a-774f-4328-9601-2d724fb48216,2010,7,TP Hồ Chí Minh,Provincial,Cultivation,Lúa,,Area_Planted,862.0,ha,Actual,PL3a
82fb1b4c-18a1-4881-afe2-3d03d09c8846,2010,7,TP Hồ Chí Minh,Provincial,Cultivation,Lúa,,Area_Planted,862.0,ha,Actual,PL3a
990f8fe4-42e9-4fe6-9957-b91357cd98b8,2010,7,Ninh Thuận,Provincial,Cultivation,Lúa,,Area_Planted,10640.0,ha,Actual,PL3a
0062987f-f188-46b8-b164-a2d60eb01626,2010,7,Ninh Thuận,Provincial,Cultivation,Lúa,,Area_Planted,4698.0,ha,Actual,PL3a
a3820851-33e6-4ba6-947e-83d3631d9dfc,2010,7,Ninh Thuận,Provincial,Cultivation,Lúa,,Area_Planted,4594.0,ha,Actual,PL3a
d45d7829-cfd0-46f0-ac90-61e51f635a8a,2010,7,Ninh Thuận,Provincial,Cultivation,Lúa,,Area_Planted,104.0,ha,Actual,PL3a
824c9ca5-421a-42a0-8801-a6d511b95c88,2010,7,Bình Phước,Provincial,Cultivation,Lúa,,Area_Planted,24175.0,ha,Actual,PL3a
3dc8571d-bbe2-41ef-903d-eb9813fb76df,2010,7,Bình Phước,Provincial,Cultivation,Lúa,,Area_Planted,526.0,ha,Actual,PL3a
03a7ac51-5613-4db8-8481-d220c6137b25,2010,7,Bình Phước,Provincial,Cultivation,Lúa,,Area_Planted,149.0,ha,Actual,PL3a
766b2ee0-b364-429f-8c17-28e0207cf7e5,2010,7,Bình Phước,Provincial,Cultivation,Lúa,,Area_Planted,23500.0,ha,Actual,PL3a
28a7e7f1-d1ae-485d-9e66-29df30a5808c,2010,7,Tây Ninh,Provincial,Cultivation,Lúa,,Area_Planted,63642.0,ha,Actual,PL3a
877d87b0-0ff3-43cb-aaf4-c9404da5fd67,2010,7,Tây Ninh,Provincial,Cultivation,Lúa,,Area_Planted,1865.0,ha,Actual,PL3a
e300343a-9518-47e2-b9ed-1384a9cb13a8,2010,7,Tây Ninh,Provincial,Cultivation,Lúa,,Area_Planted,36553.0,ha,Actual,PL3a
6ffd9dfc-7262-497e-99d4-302333ea618b,2010,7,Tây Ninh,Provincial,Cultivation,Lúa,,Area_Planted,5596.0,ha,Actual,PL3a
e7870877-4007-4084-840b-cfcc537dcca3,2010,7,Tây Ninh,Provincial,Cultivation,Lúa,,Area_Planted,30957.0,ha,Actual,PL3a
eb4420d8-3a67-4f82-a52c-bade1abc0e1a,2010,7,Bình Dương,Provincial,Cultivation,Lúa,,Area_Planted,2069.0,ha,Actual,PL3a
18955f29-8f59-4db9-98b7-4f201a894559,2010,7,Bình Dương,Provincial,Cultivation,Lúa,,Area_Planted,2664.0,ha,Actual,PL3a
1a2d0237-d1f7-4ec3-88ad-0721011f3212,2010,7,Bình Dương,Provincial,Cultivation,Lúa,,Area_Planted,177.0,ha,Actual,PL3a
5666f707-300c-431d-beca-92011f449c2e,2010,7,Bình Dương,Provincial,Cultivation,Lúa,,Area_Planted,171.0,ha,Actual,PL3a
d37fc4bd-682d-4ed1-a419-d0767b2b8700,2010,7,Bình Dương,Provincial,Cultivation,Lúa,,Area_Planted,2316.0,ha,Actual,PL3a
1157d2d5-225e-4596-a11c-2a8b06187a9e,2010,7,Đồng Nai,Provincial,Cultivation,Lúa,,Area_Planted,25452.0,ha,Actual,PL3a
3e635bdc-633b-427d-ae65-096d47c90a59,2010,7,Đồng Nai,Provincial,Cultivation,Lúa,,Area_Planted,40598.0,ha,Actual,PL3a
013130a8-697c-4077-a3f8-a717236a9e8c,2010,7,Đồng Nai,Provincial,Cultivation,Lúa,,Area_Planted,25098.0,ha,Actual,PL3a
0312cfef-d7fa-4617-b5a7-4a8354132f82,2010,7,Đồng Nai,Provincial,Cultivation,Lúa,,Area_Planted,15500.0,ha,Actual,PL3a
0d0ff2fd-77ce-47c2-b2fa-410d6edae9f7,2010,7,Bình Thuận,Provincial,Cultivation,Lúa,,Area_Planted,28518.0,ha,Actual,PL3a
a9225429-af81-468a-bfa3-5dc6c6684f47,2010,7,Bình Thuận,Provincial,Cultivation,Lúa,,Area_Planted,39560.0,ha,Actual,PL3a
15aba669-6782-4e24-9e17-cdffe0fdefa4,2010,7,Bình Thuận,Provincial,Cultivation,Lúa,,Area_Planted,11121.0,ha,Actual,PL3a
116303ae-4d3e-462e-8d2d-2ca1d4df9a9e,2010,7,Bình Thuận,Provincial,Cultivation,Lúa,,Area_Planted,339.0,ha,Actual,PL3a
e1661b62-4928-47fd-966c-6607248b6b77,2010,7,Bình Thuận,Provincial,Cultivation,Lúa,,Area_Planted,28100.0,ha,Actual,PL3a
aec53d9a-9baa-464c-8d88-b3896fa037d5,2010,7,Bà Rịa-V.Tàu,Provincial,Cultivation,Lúa,,Area_Planted,3752.0,ha,Actual,PL3a
c4d60e4f-2b6a-477e-af43-a0dfeb9492c1,2010,7,Bà Rịa-V.Tàu,Provincial,Cultivation,Lúa,,Area_Planted,19612.0,ha,Actual,PL3a
0e7b1486-e7fd-444f-bdda-b9443d9492e3,2010,7,Bà Rịa-V.Tàu,Provincial,Cultivation,Lúa,,Area_Planted,11567.0,ha,Actual,PL3a
cc98929e-fb08-418b-8b8e-b08215cae25a,2010,7,Bà Rịa-V.Tàu,Provincial,Cultivation,Lúa,,Area_Planted,45.0,ha,Actual,PL3a
4b31441d-d9fb-48fa-adf1-947204e6bf81,2010,7,Bà Rịa-V.Tàu,Provincial,Cultivation,Lúa,,Area_Planted,8000.0,ha,Actual,PL3a
73122b2a-7a9b-43ea-ab4d-8a00e112600f,2010,7,ĐBS Cửu Long,Provincial,Cultivation,Lúa,,Area_Planted,1628782.0,ha,Actual,PL3a
b78374d3-3717-4eea-8749-98c1452efd3e,2010,7,ĐBS Cửu Long,Provincial,Cultivation,Lúa,,Area_Planted,724652.0,ha,Actual,PL3a
935d8ad3-2915-4e41-b8ce-322fa420c425,2010,7,ĐBS Cửu Long,Provincial,Cultivation,Lúa,,Area_Planted,44.5,ha,Actual,PL3a
8fd02d36-6875-465f-b628-9a1fbce0c33b,2010,7,ĐBS Cửu Long,Provincial,Cultivation,Lúa,,Area_Planted,149186.0,ha,Actual,PL3a
a0373cca-d336-4fe1-952a-ea24619ff1c5,2010,7,ĐBS Cửu Long,Provincial,Cultivation,Lúa,,Area_Planted,37480.0,ha,Actual,PL3a
d4baa5f8-7058-492f-99b3-c98d7399743e,2010,7,ĐBS Cửu Long,Provincial,Cultivation,Lúa,,Area_Planted,29600.0,ha,Actual,PL3a
d0e00e3a-7bb2-4fa6-bad5-7ec95e2bb891,2010,7,ĐBS Cửu Long,Provincial,Cultivation,Lúa,,Area_Planted,5912.0,ha,Actual,PL3a
53e63f42-b97c-4f46-8cff-c7f6491ecd69,2010,7,ĐBS Cửu Long,Provincial,Cultivation,Lúa,,Area_Planted,1968.0,ha,Actual,PL3a
5ee87bc0-8643-4f5d-b476-36f82ae90f95,2010,7,Long An,Provincial,Cultivation,Lúa,,Area_Planted,206144.0,ha,Actual,PL3a
f9f4a3bf-6b11-47f8-8501-28b82e1c79b7,2010,7,Long An,Provincial,Cultivation,Lúa,,Area_Planted,65784.0,ha,Actual,PL3a
76a76458-a899-4834-b222-eb770196d919,2010,7,Long An,Provincial,Cultivation,Lúa,,Area_Planted,31.9,ha,Actual,PL3a
7b442903-3288-40b5-b768-31efd81ca678,2010,7,Long An,Provincial,Cultivation,Lúa,,Area_Planted,4995.0,ha,Actual,PL3a
d410fee6-3d3e-4761-b8b4-7e65255e2cbc,2010,7,Long An,Provincial,Cultivation,Lúa,,Area_Planted,4995.0,ha,Actual,PL3a
a30a80ed-c3e0-4937-8297-ea6f18ebf0e3,2010,7,Đồng Tháp,Provincial,Cultivation,Lúa,,Area_Planted,197078.0,ha,Actual,PL3a
55df6843-1cd9-49e7-94d8-172da34512dc,2010,7,Đồng Tháp,Provincial,Cultivation,Lúa,,Area_Planted,162505.0,ha,Actual,PL3a
28d8a9c2-9933-4664-b0e7-ebbe13cbce6a,2010,7,Đồng Tháp,Provincial,Cultivation,Lúa,,Area_Planted,82.5,ha,Actual,PL3a
cc97cbc7-0886-43c4-896e-b46f458728e1,2010,7,Đồng Tháp,Provincial,Cultivation,Lúa,,Area_Planted,52624.0,ha,Actual,PL3a
990ab07f-2521-4d08-9516-b1c0b337322e,2010,7,Đồng Tháp,Provincial,Cultivation,Lúa,,Area_Planted,3463.0,ha,Actual,PL3a
83a2449b-fc05-41d9-ba90-8c568ffe58ba,2010,7,Đồng Tháp,Provincial,Cultivation,Lúa,,Area_Planted,2710.0,ha,Actual,PL3a
08989392-9a66-4653-9bf3-57d7ee8cfd72,2010,7,Đồng Tháp,Provincial,Cultivation,Lúa,,Area_Planted,753.0,ha,Actual,PL3a
e98ff8d0-17f3-4f37-8245-c845694eb3d5,2010,7,An Giang,Provincial,Cultivation,Lúa,,Area_Planted,232488.0,ha,Actual,PL3a
65591b5a-e2a4-42e3-9514-da0aad776417,2010,7,An Giang,Provincial,Cultivation,Lúa,,Area_Planted,120028.0,ha,Actual,PL3a
600754d9-b7c8-47cd-bee0-b3480453f838,2010,7,An Giang,Provincial,Cultivation,Lúa,,Area_Planted,51.6,ha,Actual,PL3a
a438c2dc-c087-493c-97c5-4679d7d31593,2010,7,An Giang,Provincial,Cultivation,Lúa,,Area_Planted,2400.0,ha,Actual,PL3a
69b18447-3690-4420-b897-67d95dfa8787,2010,7,An Giang,Provincial,Cultivation,Lúa,,Area_Planted,6307.0,ha,Actual,PL3a
d5274d4f-d01b-4496-86b6-acab82d481a1,2010,7,An Giang,Provincial,Cultivation,Lúa,,Area_Planted,6187.0,ha,Actual,PL3a
1795aea9-4490-4931-b352-01a60d211c20,2010,7,An Giang,Provincial,Cultivation,Lúa,,Area_Planted,30.0,ha,Actual,PL3a
63f2e517-82c8-4bb1-ac7c-f5b2e40559a5,2010,7,An Giang,Provincial,Cultivation,Lúa,,Area_Planted,90.0,ha,Actual,PL3a
e0119cde-c07d-4ca8-8ec2-63273d5afa74,2010,7,Tiền Giang,Provincial,Cultivation,Lúa,,Area_Planted,120230.0,ha,Actual,PL3a
256a527d-665f-4050-81bc-f3a23b180e5d,2010,7,Tiền Giang,Provincial,Cultivation,Lúa,,Area_Planted,39742.0,ha,Actual,PL3a
2b2b7761-de2d-4807-a8c6-f014fa851ad6,2010,7,Tiền Giang,Provincial,Cultivation,Lúa,,Area_Planted,33.1,ha,Actual,PL3a
3ac7514f-379f-44fe-88ad-2a36f29dfd4e,2010,7,Tiền Giang,Provincial,Cultivation,Lúa,,Area_Planted,3885.0,ha,Actual,PL3a
4dfb2498-152c-4748-b548-48734f0e085a,2010,7,Tiền Giang,Provincial,Cultivation,Lúa,,Area_Planted,3376.0,ha,Actual,PL3a
c6fcf90a-fdb9-475e-ba5e-ef6a8d4c450f,2010,7,Tiền Giang,Provincial,Cultivation,Lúa,,Area_Planted,250.0,ha,Actual,PL3a
f8763170-e08a-4ee1-9c8a-46d1c7086319,2010,7,Tiền Giang,Provincial,Cultivation,Lúa,,Area_Planted,259.0,ha,Actual,PL3a
53012059-dfa8-4617-8c8f-aff21a3b320e,2010,7,Vĩnh Long,Provincial,Cultivation,Lúa,,Area_Planted,62751.0,ha,Actual,PL3a
0d1ecc3b-8d87-4622-9c7a-037866fdac20,2010,7,Vĩnh Long,Provincial,Cultivation,Lúa,,Area_Planted,46670.0,ha,Actual,PL3a
7d623772-2899-4964-ba70-f8bb900f8206,2010,7,Vĩnh Long,Provincial,Cultivation,Lúa,,Area_Planted,74.4,ha,Actual,PL3a
0e969dc9-6667-4f3b-a6f4-0ef19d9a4e70,2010,7,Vĩnh Long,Provincial,Cultivation,Lúa,,Area_Planted,22225.0,ha,Actual,PL3a
3c3ebaf1-89c1-4c08-8c9f-c3558757d563,2010,7,Vĩnh Long,Provincial,Cultivation,Lúa,,Area_Planted,6730.0,ha,Actual,PL3a
07f864a7-b1d8-48bb-bf97-012d04a41b3a,2010,7,Vĩnh Long,Provincial,Cultivation,Lúa,,Area_Planted,3947.0,ha,Actual,PL3a
c0e04b62-cec3-4353-9574-7a5a4631824c,2010,7,Vĩnh Long,Provincial,Cultivation,Lúa,,Area_Planted,2671.0,ha,Actual,PL3a
d2ea156f-d679-4c0f-8ded-166659949c6e,2010,7,Vĩnh Long,Provincial,Cultivation,Lúa,,Area_Planted,112.0,ha,Actual,PL3a
c60b72c0-c2ea-4f90-9bde-8a65e80bbb6b,2010,7,Bến Tre,Provincial,Cultivation,Lúa,,Area_Planted,21341.0,ha,Actual,PL3a
5fca2dba-fa54-4f7b-8203-f8c5652ba8a4,2010,7,Bến Tre,Provincial,Cultivation,Lúa,,Area_Planted,563.0,ha,Actual,PL3a
c5384163-9dfa-4374-a013-1b38dec1771e,2010,7,Bến Tre,Provincial,Cultivation,Lúa,,Area_Planted,406.0,ha,Actual,PL3a
4f79c895-7186-4476-8483-fbe1130619c9,2010,7,Bến Tre,Provincial,Cultivation,Lúa,,Area_Planted,50.0,ha,Actual,PL3a
4c6de524-e695-42ab-a190-3e1389004879,2010,7,Bến Tre,Provincial,Cultivation,Lúa,,Area_Planted,107.0,ha,Actual,PL3a
badfd4a9-425f-4936-8b9f-a0993cef3cf2,2010,7,Kiên Giang,Provincial,Cultivation,Lúa,,Area_Planted,274559.0,ha,Actual,PL3a
75e4d829-5a30-497a-8887-29dede4c321f,2010,7,Kiên Giang,Provincial,Cultivation,Lúa,,Area_Planted,74645.0,ha,Actual,PL3a
2480d156-8693-462e-b4ae-5dc206f0eb3d,2010,7,Kiên Giang,Provincial,Cultivation,Lúa,,Area_Planted,27.2,ha,Actual,PL3a
89f229c0-73d4-4689-a3a8-cf1fd1b067a1,2010,7,Kiên Giang,Provincial,Cultivation,Lúa,,Area_Planted,9737.0,ha,Actual,PL3a
87dd837f-5cea-4e1b-923c-9e58898e994f,2010,7,Cần Thơ,Provincial,Cultivation,Lúa,,Area_Planted,84767.0,ha,Actual,PL3a
bad22457-9939-49c9-8f5b-78d8a337af71,2010,7,Cần Thơ,Provincial,Cultivation,Lúa,,Area_Planted,71895.0,ha,Actual,PL3a
bc125ac3-c93a-43e9-a6b4-74140a53dd95,2010,7,Cần Thơ,Provincial,Cultivation,Lúa,,Area_Planted,84.8,ha,Actual,PL3a
3ad7c65c-d592-47bc-baaf-6829a0bfc301,2010,7,Cần Thơ,Provincial,Cultivation,Lúa,,Area_Planted,32294.0,ha,Actual,PL3a
38102fd0-1cdc-4162-b8d4-eca863afe1f7,2010,7,Cần Thơ,Provincial,Cultivation,Lúa,,Area_Planted,563.0,ha,Actual,PL3a
aa5c7202-ee1c-4ee1-8bf8-dc43e5f496d5,2010,7,Cần Thơ,Provincial,Cultivation,Lúa,,Area_Planted,563.0,ha,Actual,PL3a
e1245799-9145-43e0-bee2-2fd7e12d3c2f,2010,7,Hậu Giang,Provincial,Cultivation,Lúa,,Area_Planted,79744.0,ha,Actual,PL3a
d512219b-60e6-4526-84c9-118d03119d85,2010,7,Hậu Giang,Provincial,Cultivation,Lúa,,Area_Planted,52357.0,ha,Actual,PL3a
5f8fcbd6-1e17-43a3-8e71-a0514d9d3163,2010,7,Hậu Giang,Provincial,Cultivation,Lúa,,Area_Planted,65.7,ha,Actual,PL3a
904ed9f7-27ae-461f-8251-1a57365ca18c,2010,7,Hậu Giang,Provincial,Cultivation,Lúa,,Area_Planted,27206.0,ha,Actual,PL3a
71e1026a-68b0-4f84-b0b2-c5fc98a6f97a,2010,7,Hậu Giang,Provincial,Cultivation,Lúa,,Area_Planted,1655.0,ha,Actual,PL3a
c0dafb3e-ef4d-4475-b293-04a695ff5a3c,2010,7,Hậu Giang,Provincial,Cultivation,Lúa,,Area_Planted,1655.0,ha,Actual,PL3a
f1739081-1199-4454-baff-429b76e099ea,2010,7,Trà Vinh,Provincial,Cultivation,Lúa,,Area_Planted,81356.0,ha,Actual,PL3a
fdb36eff-406b-40e3-8a38-6c317ec225d9,2010,7,Trà Vinh,Provincial,Cultivation,Lúa,,Area_Planted,15345.0,ha,Actual,PL3a
d998a931-f7d0-4ccd-9fa2-5a7e03d4e978,2010,7,Trà Vinh,Provincial,Cultivation,Lúa,,Area_Planted,18.9,ha,Actual,PL3a
0d329c75-6a97-4789-8e62-8d76f1dcbaaf,2010,7,Trà Vinh,Provincial,Cultivation,Lúa,,Area_Planted,5913.0,ha,Actual,PL3a
ad480fb9-8072-44a8-b0ad-6630ef843914,2010,7,Trà Vinh,Provincial,Cultivation,Lúa,,Area_Planted,3881.0,ha,Actual,PL3a
5fd392ad-c2e5-41f5-9c22-028950ea1493,2010,7,Trà Vinh,Provincial,Cultivation,Lúa,,Area_Planted,880.0,ha,Actual,PL3a
7c4c8b83-99d3-4381-8ba0-247903a78549,2010,7,Trà Vinh,Provincial,Cultivation,Lúa,,Area_Planted,1152.0,ha,Actual,PL3a
a346c32d-ab32-4c05-8374-59acebe9d6ae,2010,7,Sóc Trăng,Provincial,Cultivation,Lúa,,Area_Planted,183303.0,ha,Actual,PL3a
32f9ecdf-db88-47e5-b05c-92018867349a,2010,7,Sóc Trăng,Provincial,Cultivation,Lúa,,Area_Planted,69901.0,ha,Actual,PL3a
b0849b91-d46a-4023-ab63-8312b531806f,2010,7,Sóc Trăng,Provincial,Cultivation,Lúa,,Area_Planted,38.1,ha,Actual,PL3a
7fd5fca2-6cc6-4cbe-a7c0-51789096826f,2010,7,Sóc Trăng,Provincial,Cultivation,Lúa,,Area_Planted,3406.0,ha,Actual,PL3a
5bef773f-9a41-4fba-ad94-6edbf30ddc10,2010,7,Sóc Trăng,Provincial,Cultivation,Lúa,,Area_Planted,1880.0,ha,Actual,PL3a
80eb1efc-0980-4a82-8643-32ee2280e57f,2010,7,Sóc Trăng,Provincial,Cultivation,Lúa,,Area_Planted,1278.0,ha,Actual,PL3a
51b5ba15-5d48-4378-8f20-94c048d935c4,2010,7,Sóc Trăng,Provincial,Cultivation,Lúa,,Area_Planted,248.0,ha,Actual,PL3a
aed38c9c-a865-4cbe-84d9-dd0afd0a0f67,2010,7,Bạc Liêu,Provincial,Cultivation,Lúa,,Area_Planted,55851.0,ha,Actual,PL3a
de8a1403-8dea-4055-8128-3b186e73c0e1,2010,7,Bạc Liêu,Provincial,Cultivation,Lúa,,Area_Planted,5780.0,ha,Actual,PL3a
bc4ce921-601a-477c-8fb3-f04711c1ecee,2010,7,Bạc Liêu,Provincial,Cultivation,Lúa,,Area_Planted,10.3,ha,Actual,PL3a
2fc248aa-14b7-4281-894f-2cbaa6b7b38e,2010,7,Bạc Liêu,Provincial,Cultivation,Lúa,,Area_Planted,2700.0,ha,Actual,PL3a
02a682e4-ec47-4cc9-88e8-6e3c807b91e7,2010,7,Cà Mau,Provincial,Cultivation,Lúa,,Area_Planted,29170.0,ha,Actual,PL3a
6ed9cb6a-76ad-4c7e-830c-4a3581fafbc0,2010,7,Miền Nam,Regional,Cultivation,Lúa,,Area_Planted,244197.0,ha,Actual,PL3b
0841b554-f352-4a6d-9ba1-3e3ac3c0bcfd,2010,7,Miền Nam,Regional,Cultivation,Đậu,,Area_Planted,23555.0,ha,Actual,PL3b
7b9ecf54-881d-44db-a0b8-e255f308a1a4,2010,7,Miền Nam,Regional,Cultivation,Lạc,,Area_Planted,63968.0,ha,Actual,PL3b
02ca4579-36fc-4d87-9b52-2abde49e1111,2010,7,Miền Nam,Regional,Cultivation,Lúa,,Area_Planted,24518.0,ha,Actual,PL3b
08f8f5f2-2dd8-49f1-9158-9eee253aa967,2010,7,Miền Nam,Regional,Cultivation,Lúa,,Area_Planted,13199.0,ha,Actual,PL3b
a0ed496a-968f-4713-a6bf-a8b21861ad48,2010,7,Miền Nam,Regional,Cultivation,Mía,,Area_Planted,114089.0,ha,Actual,PL3b
3ee6a6c9-0f3a-402e-bc51-8eb3b37a9cdd,2010,7,Miền Nam,Regional,Cultivation,Lúa,,Area_Planted,1006.0,ha,Actual,PL3b
ff569aae-f9d9-4382-bf76-a38e9f447e73,2010,7,Miền Nam,Regional,Cultivation,Lúa,,Area_Planted,3862.0,ha,Actual,PL3b
eb9e019d-1159-4b20-aaa4-ec8ee65652d1,2010,7,Miền Nam,Regional,Cultivation,Lúa,,Area_Planted,221862.0,ha,Actual,PL3b
a940c845-41e9-4a11-af6a-8a93dcc40ccd,2010,7,Miền Nam,Regional,Cultivation,Lúa,,Area_Planted,429518412.0,ha,Actual,PL3b
c6ac9e57-3908-4f27-9d71-f736a72f6d22,2010,7,D.H Nam Trg Bộ,Provincial,Cultivation,Lúa,,Area_Planted,69145.0,ha,Actual,PL3b
aa9a809f-4b68-4fd3-9d1f-caa12b475d8a,2010,7,D.H Nam Trg Bộ,Provincial,Cultivation,Đậu,,Area_Planted,1574.0,ha,Actual,PL3b
34bcb020-ac28-44c6-97f1-b674284b9965,2010,7,D.H Nam Trg Bộ,Provincial,Cultivation,Lạc,,Area_Planted,22388.0,ha,Actual,PL3b
1beeb0c8-4a58-4245-bc9f-f8cbf41bab56,2010,7,D.H Nam Trg Bộ,Provincial,Cultivation,Lúa,,Area_Planted,6000.0,ha,Actual,PL3b
c1d0e84d-ca62-4e0d-a541-067326b93ec5,2010,7,D.H Nam Trg Bộ,Provincial,Cultivation,Lúa,,Area_Planted,902.0,ha,Actual,PL3b
258f2a26-1508-402b-82f1-e84df419ad2c,2010,7,D.H Nam Trg Bộ,Provincial,Cultivation,Mía,,Area_Planted,37806.0,ha,Actual,PL3b
631b45f0-5a62-4350-bfcd-50873763d836,2010,7,D.H Nam Trg Bộ,Provincial,Cultivation,Lúa,,Area_Planted,434.0,ha,Actual,PL3b
b0812aef-bfbf-4043-a70c-36661cd8a66e,2010,7,D.H Nam Trg Bộ,Provincial,Cultivation,Lúa,,Area_Planted,41.0,ha,Actual,PL3b
e000a958-4ffd-439d-81e1-325f88d7ccf2,2010,7,D.H Nam Trg Bộ,Provincial,Cultivation,Lúa,,Area_Planted,27863.0,ha,Actual,PL3b
7155fd80-282a-424e-ae20-7fd7fdb283aa,2010,7,D.H Nam Trg Bộ,Provincial,Cultivation,Lúa,,Area_Planted,27863.0,ha,Actual,PL3b
c0925c88-2332-44b1-aef5-f2d55855e5af,2010,7,TP Đà Nẵng,Provincial,Cultivation,Lúa,,Area_Planted,1195.0,ha,Actual,PL3b
8fdd5790-f84a-48fd-9aa7-07f14f46fe48,2010,7,TP Đà Nẵng,Provincial,Cultivation,Lạc,,Area_Planted,618.0,ha,Actual,PL3b
f22cc2a3-bc5c-49b5-ab85-67644b9a2558,2010,7,TP Đà Nẵng,Provincial,Cultivation,Lúa,,Area_Planted,211.0,ha,Actual,PL3b
fe50e1a7-5f2b-4a9d-9977-e601bcdc4f83,2010,7,TP Đà Nẵng,Provincial,Cultivation,Mía,,Area_Planted,366.0,ha,Actual,PL3b
a6bfe93e-229d-4883-89db-bc9da3a0cdd4,2010,7,TP Đà Nẵng,Provincial,Cultivation,Lúa,,Area_Planted,659.0,ha,Actual,PL3b
67863184-2eba-417c-8c95-8dcce0fadb4a,2010,7,TP Đà Nẵng,Provincial,Cultivation,Lúa,,Area_Planted,78.0,ha,Actual,PL3b
6b040fbc-58db-48c2-a53f-a5c7c5d98994,2010,7,Quảng Nam,Provincial,Cultivation,Lúa,,Area_Planted,11032.0,ha,Actual,PL3b
569603d6-8f6b-424e-b2a8-22f0549072de,2010,7,Quảng Nam,Provincial,Cultivation,Lạc,,Area_Planted,8264.0,ha,Actual,PL3b
7dab7460-807a-4e72-9210-55d022a13434,2010,7,Quảng Nam,Provincial,Cultivation,Lúa,,Area_Planted,1800.0,ha,Actual,PL3b
f36a3c73-9c81-4f33-b4c5-0940fe7eb09a,2010,7,Quảng Nam,Provincial,Cultivation,Lúa,,Area_Planted,502.0,ha,Actual,PL3b
7eac6cb5-4d3a-4476-a02d-dcc4288934b6,2010,7,Quảng Nam,Provincial,Cultivation,Mía,,Area_Planted,289.0,ha,Actual,PL3b
a71941f1-1321-4f5b-bc9a-6fa29578a73c,2010,7,Quảng Nam,Provincial,Cultivation,Lúa,,Area_Planted,177.0,ha,Actual,PL3b
dcc33bde-7bd5-4ced-a74e-3f5d19d2898d,2010,7,Quảng Nam,Provincial,Cultivation,Lúa,,Area_Planted,8500.0,ha,Actual,PL3b
0b2714de-6330-4f84-824e-994b0ff87b84,2010,7,Quảng Nam,Provincial,Cultivation,Lúa,,Area_Planted,3400.0,ha,Actual,PL3b
dabf64e7-216c-46cc-a07b-7332b720c887,2010,7,Quảng Ngãi,Provincial,Cultivation,Lúa,,Area_Planted,10365.0,ha,Actual,PL3b
12a2b95a-be84-4c8a-ac0b-f4373b534f7c,2010,7,Quảng Ngãi,Provincial,Cultivation,Đậu,,Area_Planted,375.0,ha,Actual,PL3b
7eebf214-552b-4e99-9cae-34ab36ad8548,2010,7,Quảng Ngãi,Provincial,Cultivation,Lạc,,Area_Planted,3796.0,ha,Actual,PL3b
6fa4b8c1-7ce2-4565-938a-34d780cf7e83,2010,7,Quảng Ngãi,Provincial,Cultivation,Mía,,Area_Planted,6194.0,ha,Actual,PL3b
244b5b44-79b6-4b55-8c76-ea10233c8270,2010,7,Quảng Ngãi,Provincial,Cultivation,Lúa,,Area_Planted,5849.0,ha,Actual,PL3b
4126c50b-f887-4066-839b-548cc6fb62bb,2010,7,Quảng Ngãi,Provincial,Cultivation,Lúa,,Area_Planted,1475.0,ha,Actual,PL3b
04deee07-53a9-45ff-a99e-264481890a37,2010,7,Bình Định,Provincial,Cultivation,Lúa,,Area_Planted,13551.0,ha,Actual,PL3b
17d48ece-84dc-48aa-aa36-f42c00eb28d0,2010,7,Bình Định,Provincial,Cultivation,Đậu,,Area_Planted,881.0,ha,Actual,PL3b
e1e5af4b-7105-4e04-aa00-861196de5ad7,2010,7,Bình Định,Provincial,Cultivation,Lạc,,Area_Planted,8893.0,ha,Actual,PL3b
35fcff64-f810-46d6-a625-a73851fca9a7,2010,7,Bình Định,Provincial,Cultivation,Lúa,,Area_Planted,1576.0,ha,Actual,PL3b
8aa67f59-b604-4f26-8ef7-261beb9bb928,2010,7,Bình Định,Provincial,Cultivation,Mía,,Area_Planted,2201.0,ha,Actual,PL3b
f9a7228a-dec0-40f0-90a4-3b0c37331155,2010,7,Bình Định,Provincial,Cultivation,Lúa,,Area_Planted,8159.0,ha,Actual,PL3b
a2af261b-9f98-4a2a-80b5-efb2d985efb3,2010,7,Bình Định,Provincial,Cultivation,Lúa,,Area_Planted,1039.0,ha,Actual,PL3b
6a8a0f1e-38b4-43ba-b1e0-da4507021dac,2010,7,Phú Yên,Provincial,Cultivation,Lúa,,Area_Planted,16823.0,ha,Actual,PL3b
1d0b0e13-933b-455b-b151-340cad80464c,2010,7,Phú Yên,Provincial,Cultivation,Đậu,,Area_Planted,318.0,ha,Actual,PL3b
67aa1fb3-3931-4c52-ba77-ceb7814c5316,2010,7,Phú Yên,Provincial,Cultivation,Lạc,,Area_Planted,672.0,ha,Actual,PL3b
cf80d59b-e2cb-4d2c-a07e-5fce3a8f3c8f,2010,7,Phú Yên,Provincial,Cultivation,Lúa,,Area_Planted,2413.0,ha,Actual,PL3b
a1107e5b-2299-415c-8e50-1505fd660008,2010,7,Phú Yên,Provincial,Cultivation,Lúa,,Area_Planted,400.0,ha,Actual,PL3b
73177dfc-10c0-435e-9f06-9d189fdbd347,2010,7,Phú Yên,Provincial,Cultivation,Mía,,Area_Planted,12722.0,ha,Actual,PL3b
7d2cd3a8-11cf-4671-82a4-f92418d3378a,2010,7,Phú Yên,Provincial,Cultivation,Lúa,,Area_Planted,257.0,ha,Actual,PL3b
fc058d0f-2a76-4189-b1a2-46c5c9a9257d,2010,7,Phú Yên,Provincial,Cultivation,Lúa,,Area_Planted,41.0,ha,Actual,PL3b
5085d1b0-632f-46a1-9c9a-f0ddb6731261,2010,7,Phú Yên,Provincial,Cultivation,Lúa,,Area_Planted,2456.0,ha,Actual,PL3b
f68a93c4-90e2-4a27-9762-6fa87f27ae9f,2010,7,Phú Yên,Provincial,Cultivation,Lúa,,Area_Planted,1687.0,ha,Actual,PL3b
d1a0552e-e8a9-49ac-a3cc-b0b165ab72d3,2010,7,Khánh Hoà,Provincial,Cultivation,Lúa,,Area_Planted,16179.0,ha,Actual,PL3b
c9f7c642-8f22-4f97-bc65-ef6b2e8bd095,2010,7,Khánh Hoà,Provincial,Cultivation,Lạc,,Area_Planted,145.0,ha,Actual,PL3b
07322ed7-8b99-4cec-b595-f1fb7db23b57,2010,7,Khánh Hoà,Provincial,Cultivation,Mía,,Area_Planted,16034.0,ha,Actual,PL3b
8f0588ea-2a3b-4f16-8b76-2cc86c06099b,2010,7,Khánh Hoà,Provincial,Cultivation,Lúa,,Area_Planted,2240.0,ha,Actual,PL3b
ba7c009b-326c-45bd-ad50-a0269f998016,2010,7,Khánh Hoà,Provincial,Cultivation,Lúa,,Area_Planted,733.0,ha,Actual,PL3b
25dcd0f8-96ff-4202-90f9-9ff7265f12d8,2010,7,Tây Nguyên,Provincial,Cultivation,Lúa,,Area_Planted,43145.0,ha,Actual,PL3b
0ef1ffbe-060b-4603-aa6a-732660f4c267,2010,7,Tây Nguyên,Provincial,Cultivation,Đậu,,Area_Planted,13728.0,ha,Actual,PL3b
280b567a-92c6-406c-a7e4-e8ef4540fc1e,2010,7,Tây Nguyên,Provincial,Cultivation,Lạc,,Area_Planted,7378.0,ha,Actual,PL3b
67cad3d9-08f2-49cb-83b2-8333ff2a15c0,2010,7,Tây Nguyên,Provincial,Cultivation,Lúa,,Area_Planted,3093.0,ha,Actual,PL3b
716f71f5-1695-49a7-9684-c9a8090fb23f,2010,7,Tây Nguyên,Provincial,Cultivation,Lúa,,Area_Planted,6539.0,ha,Actual,PL3b
6be0d0a4-7586-4726-9a11-12f541f1c3bb,2010,7,Tây Nguyên,Provincial,Cultivation,Mía,,Area_Planted,12407.0,ha,Actual,PL3b
0154ab32-059f-4175-af1b-bafa2717ef65,2010,7,Tây Nguyên,Provincial,Cultivation,Lúa,,Area_Planted,0.0,ha,Actual,PL3b
4de4e035-12d7-4b61-8a7b-d1476345699a,2010,7,Tây Nguyên,Provincial,Cultivation,Lúa,,Area_Planted,0.0,ha,Actual,PL3b
9adc683e-f6fe-43ea-a305-85dfe6ee5405,2010,7,Tây Nguyên,Provincial,Cultivation,Lúa,,Area_Planted,34630.0,ha,Actual,PL3b
897a3421-2935-4a76-8a93-2a54e85747af,2010,7,Tây Nguyên,Provincial,Cultivation,Lúa,,Area_Planted,16475.0,ha,Actual,PL3b
e510b1d8-c5bf-4686-93f9-4516dcd5b35d,2010,7,Kon Tum,Provincial,Cultivation,Lúa,,Area_Planted,4022.0,ha,Actual,PL3b
6cc26438-fcbd-44d9-ac1b-134d69286089,2010,7,Kon Tum,Provincial,Cultivation,Lạc,,Area_Planted,58.0,ha,Actual,PL3b
5f4e3a33-34cc-4ed1-9249-cc5fe4f5636d,2010,7,Kon Tum,Provincial,Cultivation,Lúa,,Area_Planted,1867.0,ha,Actual,PL3b
d8a15c7a-8ebd-4214-821f-1c091525af83,2010,7,Kon Tum,Provincial,Cultivation,Mía,,Area_Planted,2097.0,ha,Actual,PL3b
44505471-6170-47fc-bbf0-262dada96340,2010,7,Kon Tum,Provincial,Cultivation,Lúa,,Area_Planted,8700.0,ha,Actual,PL3b
774c2879-dff7-485e-a0a4-c91a3294bec6,2010,7,Kon Tum,Provincial,Cultivation,Lúa,,Area_Planted,92.0,ha,Actual,PL3b
3da132a0-58a2-4d5b-b0d8-4dce38930ee1,2010,7,Gia Lai,Provincial,Cultivation,Lúa,,Area_Planted,14706.0,ha,Actual,PL3b
5ec01c0e-28e3-4286-b8f8-559c07f6ea06,2010,7,Gia Lai,Provincial,Cultivation,Lạc,,Area_Planted,211.0,ha,Actual,PL3b
feed6342-be9b-4471-ba9d-4b0def662248,2010,7,Gia Lai,Provincial,Cultivation,Lúa,,Area_Planted,2566.0,ha,Actual,PL3b
2c8a9edb-6af7-4344-baa5-ac28ea96bd16,2010,7,Gia Lai,Provincial,Cultivation,Lúa,,Area_Planted,4622.0,ha,Actual,PL3b
a6c62780-a22f-4978-8c95-ee7a6d1bcad7,2010,7,Gia Lai,Provincial,Cultivation,Mía,,Area_Planted,7307.0,ha,Actual,PL3b
a2aeb706-fbbe-489f-a4fc-a8d8c8418019,2010,7,Gia Lai,Provincial,Cultivation,Lúa,,Area_Planted,8108.0,ha,Actual,PL3b
c67bd286-9978-46f5-8c3c-6127331e9ec1,2010,7,Gia Lai,Provincial,Cultivation,Lúa,,Area_Planted,3488.0,ha,Actual,PL3b
496cfba2-907a-4cf6-8bd3-86f8f3c13373,2010,7,Đắc Lắc,Provincial,Cultivation,Lúa,,Area_Planted,9257.0,ha,Actual,PL3b
8dfe5032-1abd-488d-8d10-0cb717189f5f,2010,7,Đắc Lắc,Provincial,Cultivation,Đậu,,Area_Planted,4578.0,ha,Actual,PL3b
2ccb590f-fe4a-41b0-a979-0ad3113a3000,2010,7,Đắc Lắc,Provincial,Cultivation,Lạc,,Area_Planted,2374.0,ha,Actual,PL3b
f42fd665-d1b5-4c44-a3d2-dfa18448d33c,2010,7,Đắc Lắc,Provincial,Cultivation,Lúa,,Area_Planted,527.0,ha,Actual,PL3b
d1666987-2377-4ac9-9e51-47ba087359d5,2010,7,Đắc Lắc,Provincial,Cultivation,Lúa,,Area_Planted,50.0,ha,Actual,PL3b
6fb5e454-8e41-4654-8af8-0b5d39fddc18,2010,7,Đắc Lắc,Provincial,Cultivation,Mía,,Area_Planted,1728.0,ha,Actual,PL3b
f2cb49e0-72bc-46ad-9520-ce3f08441ac7,2010,7,Đắc Lắc,Provincial,Cultivation,Lúa,,Area_Planted,2705.0,ha,Actual,PL3b
e2159138-cd00-4ac4-92c8-ff429694df9c,2010,7,Đắc Lắc,Provincial,Cultivation,Lúa,,Area_Planted,7209.0,ha,Actual,PL3b
a89474e6-f1e9-4f63-8862-c66c00e6112d,2010,7,Đắc Nông,Provincial,Cultivation,Lúa,,Area_Planted,13960.0,ha,Actual,PL3b
fdf6996f-f31a-4521-816d-10d2fcb59a8c,2010,7,Đắc Nông,Provincial,Cultivation,Đậu,,Area_Planted,9150.0,ha,Actual,PL3b
b83e037f-4efd-4d70-982a-a130a237ac4b,2010,7,Đắc Nông,Provincial,Cultivation,Lạc,,Area_Planted,4735.0,ha,Actual,PL3b
56537cfc-703e-43a8-9b1a-90443c50e3ca,2010,7,Đắc Nông,Provincial,Cultivation,Mía,,Area_Planted,75.0,ha,Actual,PL3b
1101f654-68a3-4e6b-b3ea-60df2a67fdd5,2010,7,Đắc Nông,Provincial,Cultivation,Lúa,,Area_Planted,1398.0,ha,Actual,PL3b
e2c1b87b-da5b-4776-9c25-27ee241c5299,2010,7,Đắc Nông,Provincial,Cultivation,Lúa,,Area_Planted,5271.0,ha,Actual,PL3b
83b5a93a-ec17-4c58-87bb-c8fb9c158bb0,2010,7,Lâm Đồng,Provincial,Cultivation,Lúa,,Area_Planted,1200.0,ha,Actual,PL3b
cffbb040-3738-44fc-9b33-f084699f4828,2010,7,Lâm Đồng,Provincial,Cultivation,Mía,,Area_Planted,1200.0,ha,Actual,PL3b
3d30996c-9346-45c0-9caf-d4ae4b4dc573,2010,7,Lâm Đồng,Provincial,Cultivation,Lúa,,Area_Planted,13719.0,ha,Actual,PL3b
71bad069-6a1b-4c1d-a372-8071907cc69d,2010,7,Lâm Đồng,Provincial,Cultivation,Lúa,,Area_Planted,415.0,ha,Actual,PL3b
9a903b4b-66d1-4610-b5ed-0c9bd90e6e20,2010,7,Đông Nam Bộ,Provincial,Cultivation,Lúa,,Area_Planted,50200.0,ha,Actual,PL3b
847465e3-24b6-4b71-b1fd-b89a879eccd3,2010,7,Đông Nam Bộ,Provincial,Cultivation,Đậu,,Area_Planted,671.0,ha,Actual,PL3b
a525f4bc-e004-4de7-973e-183a0ae5031f,2010,7,Đông Nam Bộ,Provincial,Cultivation,Lạc,,Area_Planted,21845.0,ha,Actual,PL3b
6338d985-f36d-49c6-a59a-a2548057f734,2010,7,Đông Nam Bộ,Provincial,Cultivation,Lúa,,Area_Planted,5280.0,ha,Actual,PL3b
ff2dbb59-c936-4d9d-9db2-1955e6ab97b0,2010,7,Đông Nam Bộ,Provincial,Cultivation,Lúa,,Area_Planted,5596.0,ha,Actual,PL3b
977be371-7a06-4a7c-9a6d-bf3506751eda,2010,7,Đông Nam Bộ,Provincial,Cultivation,Mía,,Area_Planted,16236.0,ha,Actual,PL3b
842a7d32-5d4d-4313-b7b9-cae4cc523b75,2010,7,Đông Nam Bộ,Provincial,Cultivation,Lúa,,Area_Planted,572.0,ha,Actual,PL3b
71ba8f6d-6850-4346-8dab-2c9aeccc7d35,2010,7,Đông Nam Bộ,Provincial,Cultivation,Lúa,,Area_Planted,0.0,ha,Actual,PL3b
cb20bd9a-c2e5-4d6e-b511-215650e90341,2010,7,Đông Nam Bộ,Provincial,Cultivation,Lúa,,Area_Planted,50112.0,ha,Actual,PL3b
9c7722f7-6cf5-441d-bcdc-e6e2ecad7c47,2010,7,Đông Nam Bộ,Provincial,Cultivation,Lúa,,Area_Planted,13449.0,ha,Actual,PL3b
0391ffae-edc8-4089-8de7-c9bd6b70c419,2010,7,TP Hồ Chí Minh,Provincial,Cultivation,Lúa,,Area_Planted,2690.0,ha,Actual,PL3b
58cd3e63-dd47-4d12-80f1-3937e75d5a37,2010,7,TP Hồ Chí Minh,Provincial,Cultivation,Lạc,,Area_Planted,900.0,ha,Actual,PL3b
18a1480a-24d0-44c6-9de6-fdfdf64f83f0,2010,7,TP Hồ Chí Minh,Provincial,Cultivation,Mía,,Area_Planted,1790.0,ha,Actual,PL3b
c0133ddc-94f8-485a-b1a5-a2a4c96f5628,2010,7,TP Hồ Chí Minh,Provincial,Cultivation,Lúa,,Area_Planted,8092.0,ha,Actual,PL3b
7eea2f0e-4f26-4c89-b101-c37bb042230b,2010,7,Ninh Thuận,Provincial,Cultivation,Lúa,,Area_Planted,1613.0,ha,Actual,PL3b
705d90fc-ecc2-452b-b685-0a23dcc633fb,2010,7,Ninh Thuận,Provincial,Cultivation,Lạc,,Area_Planted,135.0,ha,Actual,PL3b
6d63ae1b-8625-4752-873a-4147098a4d6d,2010,7,Ninh Thuận,Provincial,Cultivation,Lúa,,Area_Planted,461.0,ha,Actual,PL3b
bedbd1f3-e3fe-473a-be88-8b66b2d7c6d6,2010,7,Ninh Thuận,Provincial,Cultivation,Lúa,,Area_Planted,32.0,ha,Actual,PL3b
ddb2f3ff-0efd-48c6-92dc-4af8b245b884,2010,7,Ninh Thuận,Provincial,Cultivation,Mía,,Area_Planted,413.0,ha,Actual,PL3b
336dcb57-05de-4efd-b001-b9ea005f8a67,2010,7,Ninh Thuận,Provincial,Cultivation,Lúa,,Area_Planted,572.0,ha,Actual,PL3b
55cb2323-4f5b-42fd-9129-b0452e1f6872,2010,7,Ninh Thuận,Provincial,Cultivation,Lúa,,Area_Planted,8820.0,ha,Actual,PL3b
37c78429-de18-46bd-aed7-2c3b922c3f5e,2010,7,Ninh Thuận,Provincial,Cultivation,Lúa,,Area_Planted,2097.0,ha,Actual,PL3b
127f7e36-ebd4-475a-8347-cbc71944ae1e,2010,7,Bình Phước,Provincial,Cultivation,Lúa,,Area_Planted,140.0,ha,Actual,PL3b
d3b86d23-deb5-4272-87d1-15b4a6f9d983,2010,7,Bình Phước,Provincial,Cultivation,Lạc,,Area_Planted,130.0,ha,Actual,PL3b
7184e82e-b799-46f0-bcf3-d2a4da533fed,2010,7,Bình Phước,Provincial,Cultivation,Lúa,,Area_Planted,10.0,ha,Actual,PL3b
8be2a0f0-d1da-4851-926b-12a667a098f8,2010,7,Bình Phước,Provincial,Cultivation,Lúa,,Area_Planted,816.0,ha,Actual,PL3b
8a1c1f8c-64dd-4fe5-a49e-fd7627d4de61,2010,7,Tây Ninh,Provincial,Cultivation,Lúa,,Area_Planted,26212.0,ha,Actual,PL3b
5cc95a8b-e9d3-4351-a49e-a7bf7ae15163,2010,7,Tây Ninh,Provincial,Cultivation,Lạc,,Area_Planted,12017.0,ha,Actual,PL3b
51701a57-bb20-4a6e-88b3-0954c3bd7f2c,2010,7,Tây Ninh,Provincial,Cultivation,Lúa,,Area_Planted,1473.0,ha,Actual,PL3b
6d664a8e-fa5b-4cd4-bf39-5c822b7caecd,2010,7,Tây Ninh,Provincial,Cultivation,Lúa,,Area_Planted,4632.0,ha,Actual,PL3b
783a3302-a0c9-4df9-be84-bec54acf20a3,2010,7,Tây Ninh,Provincial,Cultivation,Mía,,Area_Planted,8090.0,ha,Actual,PL3b
b5b1de08-0e7e-413a-83af-44cd6a49493e,2010,7,Tây Ninh,Provincial,Cultivation,Lúa,,Area_Planted,13242.0,ha,Actual,PL3b
5a180656-9bec-4d82-a797-be05f545ac49,2010,7,Tây Ninh,Provincial,Cultivation,Lúa,,Area_Planted,4967.0,ha,Actual,PL3b
3e67f31d-d22e-43e2-a9d3-deaa80226a2a,2010,7,Bình Dương,Provincial,Cultivation,Lúa,,Area_Planted,934.0,ha,Actual,PL3b
f86256be-c0f8-442d-a69d-26835cdf94a1,2010,7,Bình Dương,Provincial,Cultivation,Lạc,,Area_Planted,635.0,ha,Actual,PL3b
a6dfd2bc-33e4-4866-a9b7-0914cc32fae8,2010,7,Bình Dương,Provincial,Cultivation,Mía,,Area_Planted,299.0,ha,Actual,PL3b
9a54c02c-9915-4fcb-abd2-582127ce15c3,2010,7,Bình Dương,Provincial,Cultivation,Lúa,,Area_Planted,2871.0,ha,Actual,PL3b
bfd5f286-08d3-4dbe-9103-b2914cc13224,2010,7,Bình Dương,Provincial,Cultivation,Lúa,,Area_Planted,199.0,ha,Actual,PL3b
50ed5e77-aad2-46e6-ac8d-4c020144f0ce,2010,7,Đồng Nai,Provincial,Cultivation,Lúa,,Area_Planted,10297.0,ha,Actual,PL3b
56e44a80-420a-4f9c-bdaa-a85a08e62892,2010,7,Đồng Nai,Provincial,Cultivation,Đậu,,Area_Planted,419.0,ha,Actual,PL3b
d6c325d4-f76d-42d0-82bc-c3dda03e0a1a,2010,7,Đồng Nai,Provincial,Cultivation,Lạc,,Area_Planted,4100.0,ha,Actual,PL3b
e221494a-a74b-4d4a-9b4b-177be84e801f,2010,7,Đồng Nai,Provincial,Cultivation,Lúa,,Area_Planted,20.0,ha,Actual,PL3b
6bda3046-1a81-49c2-9c85-fc9828b6ff67,2010,7,Đồng Nai,Provincial,Cultivation,Lúa,,Area_Planted,800.0,ha,Actual,PL3b
acc46a9f-e1e0-4f7a-9ef9-247c00bc9d55,2010,7,Đồng Nai,Provincial,Cultivation,Mía,,Area_Planted,4958.0,ha,Actual,PL3b
19631952-260b-4eed-b5eb-0b0efea07822,2010,7,Đồng Nai,Provincial,Cultivation,Lúa,,Area_Planted,9728.0,ha,Actual,PL3b
c1985c31-2f99-4d2a-ad23-29a3ae425776,2010,7,Đồng Nai,Provincial,Cultivation,Lúa,,Area_Planted,3942.0,ha,Actual,PL3b
39c490fa-7dca-4537-9c8a-856c87b3fa81,2010,7,Bình Thuận,Provincial,Cultivation,Lúa,,Area_Planted,7617.0,ha,Actual,PL3b
640520b2-1df7-468a-a07d-2097445ae691,2010,7,Bình Thuận,Provincial,Cultivation,Đậu,,Area_Planted,241.0,ha,Actual,PL3b
1d79a6ad-361a-406b-b429-68da55378312,2010,7,Bình Thuận,Provincial,Cultivation,Lạc,,Area_Planted,3487.0,ha,Actual,PL3b
0852bcc2-ae3f-4b79-9cf4-dae87605085d,2010,7,Bình Thuận,Provincial,Cultivation,Lúa,,Area_Planted,3316.0,ha,Actual,PL3b
80e46818-87c8-4a8a-aa76-3696b001977c,2010,7,Bình Thuận,Provincial,Cultivation,Lúa,,Area_Planted,31.0,ha,Actual,PL3b
c0037db7-fa79-4acb-90b4-be74c589db07,2010,7,Bình Thuận,Provincial,Cultivation,Mía,,Area_Planted,542.0,ha,Actual,PL3b
2b2c643d-cf69-4731-b0c5-4373fe78d3fe,2010,7,Bình Thuận,Provincial,Cultivation,Lúa,,Area_Planted,2118.0,ha,Actual,PL3b
4417ef1c-760f-4e4a-a348-f6292695d5c9,2010,7,Bình Thuận,Provincial,Cultivation,Lúa,,Area_Planted,1763.0,ha,Actual,PL3b
9c5524c0-d11b-4cd8-9b96-be00ed0f6dfc,2010,7,Bà Rịa-V.Tàu,Provincial,Cultivation,Lúa,,Area_Planted,697.0,ha,Actual,PL3b
941e8bc4-8467-4e60-83ad-18cdc66950ee,2010,7,Bà Rịa-V.Tàu,Provincial,Cultivation,Đậu,,Area_Planted,11.0,ha,Actual,PL3b
ee6acb13-ae65-4e13-abdd-5ea742081546,2010,7,Bà Rịa-V.Tàu,Provincial,Cultivation,Lạc,,Area_Planted,441.0,ha,Actual,PL3b
dd25e20e-2a51-4f8d-a304-bc9d309b30aa,2010,7,Bà Rịa-V.Tàu,Provincial,Cultivation,Lúa,,Area_Planted,101.0,ha,Actual,PL3b
d9b159e3-9dc8-4ac1-8602-080acebbae3f,2010,7,Bà Rịa-V.Tàu,Provincial,Cultivation,Mía,,Area_Planted,144.0,ha,Actual,PL3b
bf523afe-c8f3-4c30-9d7f-97d0bfb3a908,2010,7,Bà Rịa-V.Tàu,Provincial,Cultivation,Lúa,,Area_Planted,4425.0,ha,Actual,PL3b
4f476bc1-d306-4bec-8ecb-cc3a60e38cd0,2010,7,Bà Rịa-V.Tàu,Provincial,Cultivation,Lúa,,Area_Planted,481.0,ha,Actual,PL3b
86b79089-3fa7-4c72-9677-dd7e40291b14,2010,7,ĐBS Cửu Long,Provincial,Cultivation,Lúa,,Area_Planted,81707.0,ha,Actual,PL3b
8ad39a4c-a882-48e7-b254-8b044038cc46,2010,7,ĐBS Cửu Long,Provincial,Cultivation,Đậu,,Area_Planted,7582.0,ha,Actual,PL3b
87363a67-cf1a-4196-b194-43d3cb38eab5,2010,7,ĐBS Cửu Long,Provincial,Cultivation,Lạc,,Area_Planted,12357.0,ha,Actual,PL3b
0330e72e-5ba6-4ee1-93c0-02d53f13a04a,2010,7,ĐBS Cửu Long,Provincial,Cultivation,Lúa,,Area_Planted,10145.0,ha,Actual,PL3b
d0152c28-a8c0-4142-b2c5-8956876d626d,2010,7,ĐBS Cửu Long,Provincial,Cultivation,Lúa,,Area_Planted,162.0,ha,Actual,PL3b
93f55664-9dbf-4091-a6d4-c2c7b79c0345,2010,7,ĐBS Cửu Long,Provincial,Cultivation,Mía,,Area_Planted,47640.0,ha,Actual,PL3b
61186e11-ea0c-497a-9931-e882d7cb4fb3,2010,7,ĐBS Cửu Long,Provincial,Cultivation,Lúa,,Area_Planted,0.0,ha,Actual,PL3b
88e61ea1-4ff5-48f0-8ed4-7b4920144d96,2010,7,ĐBS Cửu Long,Provincial,Cultivation,Lúa,,Area_Planted,3821.0,ha,Actual,PL3b
02ea7b40-c4eb-4352-a886-de6c39f47bb4,2010,7,ĐBS Cửu Long,Provincial,Cultivation,Lúa,,Area_Planted,109257.0,ha,Actual,PL3b
c4ae3b1f-7090-4622-ab1f-075cf9e5e972,2010,7,ĐBS Cửu Long,Provincial,Cultivation,Lúa,,Area_Planted,4615.0,ha,Actual,PL3b
9440f01d-5435-42fa-9d3d-d6cac9bfee5c,2010,7,Long An,Provincial,Cultivation,Lúa,,Area_Planted,21859.0,ha,Actual,PL3b
c8bf22b0-f5f8-4f8c-a613-c3a0b2d43e89,2010,7,Long An,Provincial,Cultivation,Lạc,,Area_Planted,4937.0,ha,Actual,PL3b
07fe45eb-b574-44d8-a689-942032a8eee4,2010,7,Long An,Provincial,Cultivation,Lúa,,Area_Planted,1275.0,ha,Actual,PL3b
4eb9eac1-61c6-4947-8ce2-f3211c795660,2010,7,Long An,Provincial,Cultivation,Lúa,,Area_Planted,122.0,ha,Actual,PL3b
50131f23-8223-4dcd-9b4b-9c291f519caf,2010,7,Long An,Provincial,Cultivation,Mía,,Area_Planted,12881.0,ha,Actual,PL3b
03f75011-fb8f-4bf6-baa5-de458d09c9a1,2010,7,Long An,Provincial,Cultivation,Lúa,,Area_Planted,2644.0,ha,Actual,PL3b
90b3ec71-53c2-4f11-8a70-ca04b302dff6,2010,7,Long An,Provincial,Cultivation,Lúa,,Area_Planted,13036.0,ha,Actual,PL3b
baea6446-873c-4545-95da-5e79c7dff1ab,2010,7,Đồng Tháp,Provincial,Cultivation,Lúa,,Area_Planted,8994.0,ha,Actual,PL3b
f2e6fe9a-9b67-4b80-a74c-bdfe2b7e22d4,2010,7,Đồng Tháp,Provincial,Cultivation,Đậu,,Area_Planted,4928.0,ha,Actual,PL3b
e87ac094-afef-4da2-8c30-798673a6f6d0,2010,7,Đồng Tháp,Provincial,Cultivation,Lạc,,Area_Planted,81.0,ha,Actual,PL3b
f971c2c1-1af8-4930-9398-d1fc3cb70b6e,2010,7,Đồng Tháp,Provincial,Cultivation,Lúa,,Area_Planted,3761.0,ha,Actual,PL3b
05042b44-a79a-4c15-9698-64f467e768e8,2010,7,Đồng Tháp,Provincial,Cultivation,Lúa,,Area_Planted,15.0,ha,Actual,PL3b
26963350-b425-45b9-b7f9-daa9ba3577ce,2010,7,Đồng Tháp,Provincial,Cultivation,Mía,,Area_Planted,124.0,ha,Actual,PL3b
0fa04b63-db4f-4412-bb87-a9d19015d292,2010,7,Đồng Tháp,Provincial,Cultivation,Lúa,,Area_Planted,85.0,ha,Actual,PL3b
bec20095-1946-473d-8540-6519ce0b52d0,2010,7,Đồng Tháp,Provincial,Cultivation,Lúa,,Area_Planted,8550.0,ha,Actual,PL3b
2bc1378e-658c-41ee-af47-0513ce99d77c,2010,7,An Giang,Provincial,Cultivation,Lúa,,Area_Planted,1352.0,ha,Actual,PL3b
a1dd5493-f647-4eed-8bbf-b65b45080aff,2010,7,An Giang,Provincial,Cultivation,Đậu,,Area_Planted,322.0,ha,Actual,PL3b
f7f24644-9fee-40a7-9519-a1615c014edd,2010,7,An Giang,Provincial,Cultivation,Lạc,,Area_Planted,175.0,ha,Actual,PL3b
1348ca8d-6790-4ff2-9eb3-3e3ed23283ed,2010,7,An Giang,Provincial,Cultivation,Lúa,,Area_Planted,836.0,ha,Actual,PL3b
4dab13f5-b68f-4d15-aa9d-ad23637dad5c,2010,7,An Giang,Provincial,Cultivation,Lúa,,Area_Planted,1.0,ha,Actual,PL3b
dffc9a4a-1d59-4fb0-bf10-c138e5d9717d,2010,7,An Giang,Provincial,Cultivation,Mía,,Area_Planted,18.0,ha,Actual,PL3b
419d5bda-7bc4-45f5-ac61-9aba0bf6eee2,2010,7,An Giang,Provincial,Cultivation,Lúa,,Area_Planted,7396.0,ha,Actual,PL3b
65b4d59d-9853-4dd4-9ae3-717a5b305952,2010,7,An Giang,Provincial,Cultivation,Lúa,,Area_Planted,1181.0,ha,Actual,PL3b
42c8b6de-d56f-48fc-b816-e71512aa34f2,2010,7,Tiền Giang,Provincial,Cultivation,Lúa,,Area_Planted,218.0,ha,Actual,PL3b
4fcbb3a2-3d55-405d-b23e-509b5797a8bb,2010,7,Tiền Giang,Provincial,Cultivation,Mía,,Area_Planted,218.0,ha,Actual,PL3b
33b50788-f644-4b63-9680-d09e4081a08e,2010,7,Tiền Giang,Provincial,Cultivation,Lúa,,Area_Planted,26785.0,ha,Actual,PL3b
9057836f-fc62-432d-a14f-acddb4078971,2010,7,Vĩnh Long,Provincial,Cultivation,Lúa,,Area_Planted,1941.0,ha,Actual,PL3b
ad797dd3-d348-4064-8e71-3cfa36af2059,2010,7,Vĩnh Long,Provincial,Cultivation,Đậu,,Area_Planted,1101.0,ha,Actual,PL3b
aaa68d7e-0e03-4a61-9ed0-4d694bcfcae4,2010,7,Vĩnh Long,Provincial,Cultivation,Lạc,,Area_Planted,29.0,ha,Actual,PL3b
e137db60-e658-4103-82fe-42f43082ae3c,2010,7,Vĩnh Long,Provincial,Cultivation,Lúa,,Area_Planted,205.0,ha,Actual,PL3b
ddab92ca-fe8a-4815-bef0-554bc3252b86,2010,7,Vĩnh Long,Provincial,Cultivation,Mía,,Area_Planted,62.0,ha,Actual,PL3b
ff3519ee-4bac-4cbd-bdbc-7e6116f46820,2010,7,Vĩnh Long,Provincial,Cultivation,Lúa,,Area_Planted,544.0,ha,Actual,PL3b
6d8821b5-e74f-45eb-aa95-4958ffce75d9,2010,7,Vĩnh Long,Provincial,Cultivation,Lúa,,Area_Planted,9595.0,ha,Actual,PL3b
de187a91-82dd-49ad-a0e8-51e3c33c2fff,2010,7,Vĩnh Long,Provincial,Cultivation,Lúa,,Area_Planted,240.0,ha,Actual,PL3b
67801638-5403-4d62-b88d-481e49c65d51,2010,7,Bến Tre,Provincial,Cultivation,Lúa,,Area_Planted,6190.0,ha,Actual,PL3b
b3abf42b-8af2-4365-b2c3-e03176293297,2010,7,Bến Tre,Provincial,Cultivation,Lạc,,Area_Planted,132.0,ha,Actual,PL3b
49ee7672-8869-4ff0-a91b-ac2a60cfb0e0,2010,7,Bến Tre,Provincial,Cultivation,Mía,,Area_Planted,5865.0,ha,Actual,PL3b
1a91b783-85ae-46a6-a703-391a3aa32a26,2010,7,Bến Tre,Provincial,Cultivation,Lúa,,Area_Planted,193.0,ha,Actual,PL3b
6c5e84dd-f493-4822-ac77-a9add93357f9,2010,7,Bến Tre,Provincial,Cultivation,Lúa,,Area_Planted,2544.0,ha,Actual,PL3b
92b7eae0-1824-4cf5-ace6-a89cbdf8db9c,2010,7,Bến Tre,Provincial,Cultivation,Lúa,,Area_Planted,3.0,ha,Actual,PL3b
3a93179e-3885-4301-a2e8-ec7bf8534513,2010,7,Kiên Giang,Provincial,Cultivation,Lúa,,Area_Planted,0.0,ha,Actual,PL3b
e8090acd-6a73-4737-a32d-c95adf7fbe84,2010,7,Cần Thơ,Provincial,Cultivation,Lúa,,Area_Planted,8395.0,ha,Actual,PL3b
549290cf-9198-4f20-9423-b172b5b9aa5a,2010,7,Cần Thơ,Provincial,Cultivation,Đậu,,Area_Planted,745.0,ha,Actual,PL3b
23a34146-7595-4949-aaf5-b790c23d8b1e,2010,7,Cần Thơ,Provincial,Cultivation,Lạc,,Area_Planted,3558.0,ha,Actual,PL3b
0375e065-0317-4daa-8076-b98cb89b57f7,2010,7,Cần Thơ,Provincial,Cultivation,Lúa,,Area_Planted,4068.0,ha,Actual,PL3b
f05ba776-ac85-4086-912c-daf55fa25525,2010,7,Cần Thơ,Provincial,Cultivation,Lúa,,Area_Planted,24.0,ha,Actual,PL3b
a0eb0c01-7980-4e7a-9226-1f5dcc57155a,2010,7,Cần Thơ,Provincial,Cultivation,Lúa,,Area_Planted,4103.0,ha,Actual,PL3b
59abfeb4-83ee-4314-b394-fd5080143aa0,2010,7,Cần Thơ,Provincial,Cultivation,Lúa,,Area_Planted,583.0,ha,Actual,PL3b
6eb0e0e0-ea6e-4546-b67a-0cbcaecc27ea,2010,7,Hậu Giang,Provincial,Cultivation,Lúa,,Area_Planted,13118.0,ha,Actual,PL3b
d40ffd3e-11ec-480a-bf5c-31b1fc6bf9d6,2010,7,Hậu Giang,Provincial,Cultivation,Mía,,Area_Planted,13118.0,ha,Actual,PL3b
ff1eb3f9-df38-4cfb-b00e-2c5fe61eb03a,2010,7,Hậu Giang,Provincial,Cultivation,Lúa,,Area_Planted,7756.0,ha,Actual,PL3b
82178552-8dd0-4f71-8f20-57a9a1729ab1,2010,7,Hậu Giang,Provincial,Cultivation,Lúa,,Area_Planted,77.0,ha,Actual,PL3b
c2682275-08e9-4fc9-994f-1d7ecbd6c9b8,2010,7,Trà Vinh,Provincial,Cultivation,Lúa,,Area_Planted,8782.0,ha,Actual,PL3b
9295e98c-050b-4fb0-9206-a5672ded52a9,2010,7,Trà Vinh,Provincial,Cultivation,Đậu,,Area_Planted,224.0,ha,Actual,PL3b
5712e7e2-ae9b-4404-99b2-71288497e01c,2010,7,Trà Vinh,Provincial,Cultivation,Lạc,,Area_Planted,3445.0,ha,Actual,PL3b
c9682545-b210-4fa4-babc-e10ff00da313,2010,7,Trà Vinh,Provincial,Cultivation,Mía,,Area_Planted,4758.0,ha,Actual,PL3b
01a51dc3-6953-4edd-bb14-eca5e5179e11,2010,7,Trà Vinh,Provincial,Cultivation,Lúa,,Area_Planted,355.0,ha,Actual,PL3b
b5329869-2bce-4323-8b1e-34e8b6164938,2010,7,Trà Vinh,Provincial,Cultivation,Lúa,,Area_Planted,14649.0,ha,Actual,PL3b
09a22789-25fd-408c-ac11-919095e79bfa,2010,7,Trà Vinh,Provincial,Cultivation,Lúa,,Area_Planted,765.0,ha,Actual,PL3b
04ad38a3-d208-4695-b8a8-263b01404ffc,2010,7,Sóc Trăng,Provincial,Cultivation,Lúa,,Area_Planted,10727.0,ha,Actual,PL3b
74c6b93b-3b58-4c6f-818d-62f50f454bb9,2010,7,Sóc Trăng,Provincial,Cultivation,Đậu,,Area_Planted,131.0,ha,Actual,PL3b
e3797b1b-0ca9-4d5a-b3ec-19dc3fb6df91,2010,7,Sóc Trăng,Provincial,Cultivation,Mía,,Area_Planted,10596.0,ha,Actual,PL3b
635a5a85-5cad-47e1-a2e4-80fb94b87eac,2010,7,Sóc Trăng,Provincial,Cultivation,Lúa,,Area_Planted,14843.0,ha,Actual,PL3b
f85df0f2-81a8-4731-9696-d870c0437b62,2010,7,Sóc Trăng,Provincial,Cultivation,Lúa,,Area_Planted,1766.0,ha,Actual,PL3b
6264381f-29f8-4cd7-8539-79b1549e3b3f,2010,7,Bạc Liêu,Provincial,Cultivation,Lúa,,Area_Planted,131.0,ha,Actual,PL3b
5d7600ab-190e-43b1-9f64-ce05ded33b9d,2010,7,Bạc Liêu,Provincial,Cultivation,Đậu,,Area_Planted,131.0,ha,Actual,PL3b
729d3e8f-3821-4747-ac8e-0f2773d7a5b5,2010,1,Cả nước,National,Trade,8,Xuất khẩu,Export_Volume,8608.0,1000_ton,Actual,PL8a
1b8b1d3e-3ecf-4bf2-bd36-4808656249ac,2010,1,Cả nước,National,Trade,8,Xuất khẩu,Export_Value,2586.0,million_USD,Actual,PL8a
4edb2e8c-fe5e-4af1-bfe7-47963691e52d,2010,1,Cả nước,National,Trade,9,Xuất khẩu,Export_Volume,3298.0,1000_ton,Actual,PL8a
36e5d07e-a2e9-47b0-bbd1-e2ee8d3da750,2010,1,Cả nước,National,Trade,9,Xuất khẩu,Export_Value,1837.0,million_USD,Actual,PL8a
5e54d4f2-71a4-4358-ae65-9e3a7f0bfc7a,2010,1,Cả nước,National,Trade,10,Xuất khẩu,Export_Volume,6528.0,1000_ton,Actual,PL8a
f237d2f6-6dc0-4cbd-9575-eacb7e4ce979,2010,1,Cả nước,National,Trade,10,Xuất khẩu,Export_Value,1445.0,million_USD,Actual,PL8a
4b33334d-a387-4f40-994a-2db1ad4ef05c,2010,1,Cả nước,National,Trade,1,Xuất khẩu,Export_Volume,12111.0,1000_ton,Actual,PL8a
52409c04-7487-4f01-bd23-9d14889d81cf,2010,1,Cả nước,National,Trade,2,Xuất khẩu,Export_Volume,12093.0,1000_ton,Actual,PL8a
2b000a14-6499-49b9-b1bd-d503a6c2803a,2010,1,Cả nước,National,Trade,3,Xuất khẩu,Export_Volume,13418.0,1000_ton,Actual,PL8a
6b206d1e-e3bb-4443-a68c-b28073170df8,2010,1,Cả nước,National,Trade,4,Xuất khẩu,Export_Volume,3408.0,1000_ton,Actual,PL8a
e8d32043-9883-4b5f-ae23-9496604d3287,2010,1,Cả nước,National,Trade,5,Xuất khẩu,Export_Volume,2453.0,1000_ton,Actual,PL8a
b70c9ea3-4584-4e17-9b16-e27012430682,2010,1,Cả nước,National,Trade,6,Xuất khẩu,Export_Volume,2481.0,1000_ton,Actual,PL8a
a6356447-9761-4911-bdc9-0b849832b0e7,2010,1,Cả nước,National,Trade,7,Xuất khẩu,Export_Volume,4079.0,1000_ton,Actual,PL8a
49a444f9-f407-4568-941f-d6e791efa276,2010,1,Cả nước,National,Trade,8,Xuất khẩu,Export_Volume,4309.0,1000_ton,Actual,PL8a
6ed34320-0536-40a7-aa09-f7fb5aa1c0ec,2010,1,Cả nước,National,Trade,9,Xuất khẩu,Export_Volume,3616.0,1000_ton,Actual,PL8a
02ff6c52-ed90-4bd8-ba8a-71d207e3bfd7,2010,1,Cả nước,National,Trade,10,Xuất khẩu,Export_Volume,2446.0,1000_ton,Actual,PL8a
b601939c-45b0-4294-a012-686f46ec1112,2010,1,Cả nước,National,Trade,1,Xuất khẩu,Export_Volume,322375.0,1000_ton,Actual,PL8a
872b6f78-a1e8-44b6-8e96-d83bb715eee9,2010,1,Cả nước,National,Trade,1,Xuất khẩu,Export_Value,1081029.0,million_USD,Actual,PL8a
2241668a-7bcb-4a73-9b99-ea7334944bf1,2010,1,Cả nước,National,Trade,2,Xuất khẩu,Export_Volume,18415.0,1000_ton,Actual,PL8a
effd274f-fee2-4bf4-8c5f-85d03b82327b,2010,1,Cả nước,National,Trade,2,Xuất khẩu,Export_Value,27985.0,million_USD,Actual,PL8a
7d8dcab7-2473-4e34-bd92-02f8899928f0,2010,1,Cả nước,National,Trade,3,Xuất khẩu,Export_Volume,9944.0,1000_ton,Actual,PL8a
868efb70-d568-49e3-8291-4f3bd82dea35,2010,1,Cả nước,National,Trade,3,Xuất khẩu,Export_Value,9825.0,million_USD,Actual,PL8a
c4819f3a-28d8-441d-9fbf-32d809fc78ff,2010,1,Cả nước,National,Trade,4,Xuất khẩu,Export_Volume,5202.0,1000_ton,Actual,PL8a
0a7b81f6-df8e-49ea-a4f3-35ea81e150f4,2010,1,Cả nước,National,Trade,4,Xuất khẩu,Export_Value,8222.0,million_USD,Actual,PL8a
d8fe18da-1156-4861-a624-f7e49aa0c5db,2010,1,Cả nước,National,Trade,5,Xuất khẩu,Export_Volume,1115.0,1000_ton,Actual,PL8a
dc7a2fd0-4fcc-4150-841c-57586765d94f,2010,1,Cả nước,National,Trade,5,Xuất khẩu,Export_Value,3759.0,million_USD,Actual,PL8a
265111a9-d28f-4086-a748-e31f7d640715,2010,1,Cả nước,National,Trade,6,Xuất khẩu,Export_Volume,1586.0,1000_ton,Actual,PL8a
5307b06b-7b82-4803-8ef5-4454808a35b8,2010,1,Cả nước,National,Trade,6,Xuất khẩu,Export_Value,3571.0,million_USD,Actual,PL8a
fefd33ca-4c34-4e9d-93e6-21c9682bdb2a,2010,1,Cả nước,National,Trade,7,Xuất khẩu,Export_Volume,709.0,1000_ton,Actual,PL8a
f4426665-abc8-4673-b997-8eb77207492d,2010,1,Cả nước,National,Trade,7,Xuất khẩu,Export_Value,236.0,million_USD,Actual,PL8a
8c5ecdcb-03a9-4291-9adc-e501bbfac497,2010,1,Cả nước,National,Trade,1,Xuất khẩu,Export_Volume,84245.0,1000_ton,Actual,PL8b
86804c9a-8ec8-4e5c-900e-824de7950d08,2010,1,Cả nước,National,Trade,1,Xuất khẩu,Export_Value,61995.0,million_USD,Actual,PL8b
90358db7-3453-418d-bd73-3d5d782c4a99,2010,1,Cả nước,National,Trade,2,Xuất khẩu,Export_Volume,4148.0,1000_ton,Actual,PL8b
9f84a42d-23b8-49f8-8e4f-b22cbe332cfb,2010,1,Cả nước,National,Trade,2,Xuất khẩu,Export_Value,46705.0,million_USD,Actual,PL8b
929dcaf9-e655-485f-b53a-5aa49a7b9f7f,2010,1,Cả nước,National,Trade,3,Xuất khẩu,Export_Volume,6507.0,1000_ton,Actual,PL8b
4de575f2-4858-4eeb-b3d9-b81324e7fbc7,2010,1,Cả nước,National,Trade,3,Xuất khẩu,Export_Value,5535.0,million_USD,Actual,PL8b
e8204161-0737-4443-8aa4-c26755682ed9,2010,1,Cả nước,National,Trade,4,Xuất khẩu,Export_Volume,1229.0,1000_ton,Actual,PL8b
3beaf585-b1e5-4eea-8ff0-3884fcbc647e,2010,1,Cả nước,National,Trade,4,Xuất khẩu,Export_Value,882.0,million_USD,Actual,PL8b
ee875b9e-8d0e-4182-8945-c27cf114f03c,2010,1,Cả nước,National,Trade,5,Xuất khẩu,Export_Volume,4807.0,1000_ton,Actual,PL8b
592363e9-e98f-4503-8a3c-7a4899d3ac8e,2010,1,Cả nước,National,Trade,5,Xuất khẩu,Export_Value,711.0,million_USD,Actual,PL8b
74ad8d11-429f-4d96-9b9f-83b56e210bae,2010,1,Cả nước,National,Trade,6,Xuất khẩu,Export_Volume,1685.0,1000_ton,Actual,PL8b
d9c94e62-aeb5-4d02-b768-c0b69b6a1d33,2010,1,Cả nước,National,Trade,6,Xuất khẩu,Export_Value,151.0,million_USD,Actual,PL8b
d15ce5a8-4e23-4653-8e31-5fff78dbb9ec,2010,1,Cả nước,National,Trade,7,Xuất khẩu,Export_Volume,2457.0,1000_ton,Actual,PL8b
44aacff0-a7de-47ba-9214-4165dcb44266,2010,1,Cả nước,National,Trade,7,Xuất khẩu,Export_Value,471.0,million_USD,Actual,PL8b
0ca600a8-98c8-494c-9f96-f5a5ab0d157d,2010,1,Cả nước,National,Trade,8,Xuất khẩu,Export_Volume,474.0,1000_ton,Actual,PL8b
e51c5d75-7389-45a9-a2c7-7f2f89097eba,2010,1,Cả nước,National,Trade,8,Xuất khẩu,Export_Value,233.0,million_USD,Actual,PL8b
c3fdd35c-a49d-40bd-91a7-8a58221ac97d,2010,1,Cả nước,National,Trade,9,Xuất khẩu,Export_Volume,543.0,1000_ton,Actual,PL8b
1f02449c-8689-4cb4-bbc6-4ed28c8fe618,2010,1,Cả nước,National,Trade,9,Xuất khẩu,Export_Value,331.0,million_USD,Actual,PL8b
b9eed53b-e3f3-4b3e-a7fd-62bb0fa59af8,2010,1,Cả nước,National,Trade,10,Xuất khẩu,Export_Volume,669.0,1000_ton,Actual,PL8b
66d60040-cb84-4a95-ace1-4b0c73d6ffc3,2010,1,Cả nước,National,Trade,10,Xuất khẩu,Export_Value,128.0,million_USD,Actual,PL8b
07614898-086c-4b82-b34c-626917a01e65,2010,1,Cả nước,National,Trade,1,Xuất khẩu,Export_Volume,27942.0,1000_ton,Actual,PL8b
e0063866-4894-4e27-9e79-ef7621c74759,2010,1,Cả nước,National,Trade,1,Xuất khẩu,Export_Value,22475.0,million_USD,Actual,PL8b
30820e15-cd17-49af-9fba-df5f678d2891,2010,1,Cả nước,National,Trade,2,Xuất khẩu,Export_Volume,41654.0,1000_ton,Actual,PL8b
1638b0c5-b67d-4561-9956-c482f63d1d1c,2010,1,Cả nước,National,Trade,2,Xuất khẩu,Export_Value,21753.0,million_USD,Actual,PL8b
938384a8-3ef9-4a88-9330-01e0215b1d3a,2010,1,Cả nước,National,Trade,3,Xuất khẩu,Export_Volume,24944.0,1000_ton,Actual,PL8b
ed59ec15-8ac1-47cd-bb79-c975c6eeb616,2010,1,Cả nước,National,Trade,3,Xuất khẩu,Export_Value,13949.0,million_USD,Actual,PL8b
7e4ccbef-c66f-4521-871a-43a5c0854a36,2010,1,Cả nước,National,Trade,4,Xuất khẩu,Export_Volume,12829.0,1000_ton,Actual,PL8b
810af62a-3d7c-4aec-94c8-fde06794e8de,2010,1,Cả nước,National,Trade,4,Xuất khẩu,Export_Value,11917.0,million_USD,Actual,PL8b
86309e9a-5f03-4d1d-bf9c-0b193c44ce40,2010,1,Cả nước,National,Trade,5,Xuất khẩu,Export_Volume,13476.0,1000_ton,Actual,PL8b
2f4cff20-a49f-4c11-90c0-684d8c25d56b,2010,1,Cả nước,National,Trade,5,Xuất khẩu,Export_Value,11675.0,million_USD,Actual,PL8b
312b086f-895e-4b5a-ac4d-2dd48d24796b,2010,1,Cả nước,National,Trade,6,Xuất khẩu,Export_Volume,6198.0,1000_ton,Actual,PL8b
ed29d612-717c-4dd4-8290-6f5f664b13a0,2010,1,Cả nước,National,Trade,6,Xuất khẩu,Export_Value,9383.0,million_USD,Actual,PL8b
12e0b3ab-c304-4800-a18d-4a59ad124f1c,2010,1,Cả nước,National,Trade,7,Xuất khẩu,Export_Volume,5889.0,1000_ton,Actual,PL8b
a801ce75-a412-40cf-851c-149fa346b282,2010,1,Cả nước,National,Trade,7,Xuất khẩu,Export_Value,4212.0,million_USD,Actual,PL8b
b52416f7-ea82-4e92-b1fc-e7faaa2cd53c,2010,1,Cả nước,National,Trade,8,Xuất khẩu,Export_Volume,2892.0,1000_ton,Actual,PL8b
486a0cb9-61a1-4966-ae9d-8213a76338e9,2010,1,Cả nước,National,Trade,8,Xuất khẩu,Export_Value,10685.0,million_USD,Actual,PL8b
21b5ef44-6f54-493d-a12a-0b8a4f967502,2010,1,Cả nước,National,Trade,9,Xuất khẩu,Export_Volume,12299.0,1000_ton,Actual,PL8b
0264ecbc-a021-4c48-b6a2-7926fb3b0edc,2010,1,Cả nước,National,Trade,9,Xuất khẩu,Export_Value,3876.0,million_USD,Actual,PL8b
e4268a11-900f-42d7-b083-e130e5e653cc,2010,1,Cả nước,National,Trade,10,Xuất khẩu,Export_Volume,4755.0,1000_ton,Actual,PL8b
916bbd00-1603-49ef-8ce0-e51f86a42e3f,2010,1,Cả nước,National,Trade,10,Xuất khẩu,Export_Value,4691.0,million_USD,Actual,PL8b
fe016338-e49d-4adb-a7dc-11ce775d6aaf,2010,1,Cả nước,National,Trade,1,Xuất khẩu,Export_Volume,104345.0,1000_ton,Actual,PL8b
f4072f32-e7d7-480c-a2f5-75eeec467668,2010,1,Cả nước,National,Trade,2,Xuất khẩu,Export_Volume,74799.0,1000_ton,Actual,PL8b
ae4eb00b-e3bc-4bb1-bec0-f94b1f9fd2bf,2010,1,Cả nước,National,Trade,3,Xuất khẩu,Export_Volume,1462.0,1000_ton,Actual,PL8b
927bd1b1-2d7d-471c-b345-edf6b50dab10,2010,1,Cả nước,National,Trade,4,Xuất khẩu,Export_Volume,19829.0,1000_ton,Actual,PL8b
81cff817-a6c0-4eb5-9059-99baafbb4c13,2010,1,Cả nước,National,Trade,5,Xuất khẩu,Export_Volume,19478.0,1000_ton,Actual,PL8b
6a261a98-6645-4d1f-8fec-1be1d34f7bd8,2010,1,Cả nước,National,Trade,6,Xuất khẩu,Export_Volume,511.0,1000_ton,Actual,PL8b
b0647280-d486-47c7-822b-112a46827a0f,2010,1,Cả nước,National,Trade,7,Xuất khẩu,Export_Volume,311.0,1000_ton,Actual,PL8b
4da34893-c399-471a-98f0-00c2bc040fc2,2010,1,Cả nước,National,Trade,8,Xuất khẩu,Export_Volume,1330.0,1000_ton,Actual,PL8b
499e2f70-425f-44ec-a9fc-a38769932a9a,2010,1,Cả nước,National,Trade,9,Xuất khẩu,Export_Volume,2771.0,1000_ton,Actual,PL8b
9c9272e1-b683-41ba-90c5-57de14c38592,2010,1,Cả nước,National,Trade,10,Xuất khẩu,Export_Volume,778.0,1000_ton,Actual,PL8b
6210a9f6-f68b-4a53-ab85-3f32238b0f29,2010,1,Cả nước,National,Trade,1,Xuất khẩu,Export_Volume,144807.0,1000_ton,Actual,PL8b
145e97a0-862e-4dff-be9e-98bdb67312b2,2010,1,Cả nước,National,Trade,1,Xuất khẩu,Export_Value,688553.0,million_USD,Actual,PL8b
9e3fc395-c769-4623-a6ac-47f974f65bbb,2010,1,Cả nước,National,Trade,2,Xuất khẩu,Export_Value,236836.0,million_USD,Actual,PL8b
0c43b77c-6c9b-478d-bc5d-4527a40c3dc0,2010,1,Cả nước,National,Trade,3,Xuất khẩu,Export_Volume,11839.0,1000_ton,Actual,PL8b
58184c45-85d6-40d4-ab4f-bdd93e24eeb2,2010,1,Cả nước,National,Trade,3,Xuất khẩu,Export_Value,129554.0,million_USD,Actual,PL8b
e9fdb872-e0c7-4092-894c-a6012bdabbb6,2010,1,Cả nước,National,Trade,4,Xuất khẩu,Export_Volume,393.0,1000_ton,Actual,PL8b
a2ad2f17-d031-471e-bb75-2b784d8eecac,2010,1,Cả nước,National,Trade,4,Xuất khẩu,Export_Value,48785.0,million_USD,Actual,PL8b
3c35e6f8-285e-497c-9fd1-16ca9fd64f92,2010,1,Cả nước,National,Trade,5,Xuất khẩu,Export_Volume,2526.0,1000_ton,Actual,PL8b
72c5d47e-18bb-4dff-96c0-ba66c97dd66b,2010,1,Cả nước,National,Trade,5,Xuất khẩu,Export_Value,17489.0,million_USD,Actual,PL8b
d93b2a6e-af48-49c1-be4d-341fff7f6dba,2010,1,Cả nước,National,Trade,6,Xuất khẩu,Export_Volume,2035.0,1000_ton,Actual,PL8b
ebba46eb-994a-4a55-ac7f-b9255121a2e9,2010,1,Cả nước,National,Trade,6,Xuất khẩu,Export_Value,2500.0,million_USD,Actual,PL8b
656fd9fb-d145-4e10-bb60-2b65b3a6e221,2010,1,Cả nước,National,Trade,1,Xuất khẩu,Export_Volume,45435.0,1000_ton,Actual,PL8b
8850c25a-e7a8-47be-9953-388b6ba112bd,2010,1,Cả nước,National,Trade,2,Xuất khẩu,Export_Volume,39507.0,1000_ton,Actual,PL8b
c6b48180-4776-4544-8d7a-cad4c073762e,2010,1,Cả nước,National,Trade,3,Xuất khẩu,Export_Volume,44853.0,1000_ton,Actual,PL8b
e06e2b01-8a7c-40a2-b225-99809e753d7e,2010,1,Cả nước,National,Trade,4,Xuất khẩu,Export_Volume,56171.0,1000_ton,Actual,PL8b
25d62906-54a2-4a18-a7ea-3e1fbdf7ce21,2010,1,Cả nước,National,Trade,5,Xuất khẩu,Export_Volume,20144.0,1000_ton,Actual,PL8b
b4e2bd45-77af-459e-8727-e280365740ae,2010,1,Cả nước,National,Trade,6,Xuất khẩu,Export_Volume,22675.0,1000_ton,Actual,PL8b
8d29dee3-81da-4d5b-a0ac-40a1c3e79ca3,2010,1,Cả nước,National,Trade,7,Xuất khẩu,Export_Volume,19202.0,1000_ton,Actual,PL8b
409a04d5-eee5-4483-8712-1b22784c29e0,2010,1,Cả nước,National,Trade,8,Xuất khẩu,Export_Volume,11748.0,1000_ton,Actual,PL8b
9398535c-6ba1-4a47-bd13-5cab475f3dae,2010,1,Cả nước,National,Trade,9,Xuất khẩu,Export_Volume,5914.0,1000_ton,Actual,PL8b
fdea167a-b3b9-4c6c-8cef-3b974a5a80fa,2010,1,Cả nước,National,Trade,10,Xuất khẩu,Export_Volume,3503.0,1000_ton,Actual,PL8b
f39a8a6d-6496-42bf-a669-a60bcd804bbd,2010,1,Cả nước,National,Trade,1,Xuất khẩu,Export_Volume,238216.0,1000_ton,Actual,PL8b
58bdc54c-99b7-45d9-8d52-561e5f2040b9,2010,1,Cả nước,National,Trade,1,Xuất khẩu,Export_Value,532464.0,million_USD,Actual,PL8b
40289145-c231-4d1e-8750-530d07c81ff2,2010,1,Cả nước,National,Trade,2,Xuất khẩu,Export_Volume,77041.0,1000_ton,Actual,PL8b
a8f2060f-7317-4f01-9f54-231e4d291c36,2010,1,Cả nước,National,Trade,2,Xuất khẩu,Export_Value,197347.0,million_USD,Actual,PL8b
3224fe26-4a92-49eb-8a0c-3471fc3782a2,2010,1,Cả nước,National,Trade,3,Xuất khẩu,Export_Volume,30429.0,1000_ton,Actual,PL8b
6873bb60-c01d-45d9-9c8c-87644645bc21,2010,1,Cả nước,National,Trade,3,Xuất khẩu,Export_Value,68898.0,million_USD,Actual,PL8b
027f2178-d915-4af1-9217-973862228914,2010,7,Cả nước,National,Investment,30,,Investment_Amount,19.0,million_VND,Plan,PL9a
173e6f27-d9d3-4f0d-8a67-2ce83c82c6dd,2010,7,Cả nước,National,Investment,30,,Investment_Amount,10.0,million_VND,Cumulative,PL9a
68262b89-8c76-4ed1-b157-385fe30b02a2,2010,7,Cả nước,National,Investment,11,,Investment_Amount,7.0,million_VND,Plan,PL9a
ddc29f4d-fa47-4978-a9ec-51c65a2193a9,2010,7,Cả nước,National,Investment,11,,Investment_Amount,5.0,million_VND,Cumulative,PL9a
a83f19ee-197f-4b9a-971e-212037115315,2010,7,Cả nước,National,Investment,14,,Investment_Amount,7.0,million_VND,Plan,PL9a
f63a5ab3-e183-4877-9c9c-9b38f2031e9a,2010,7,Cả nước,National,Investment,14,,Investment_Amount,3.0,million_VND,Cumulative,PL9a
faeaea44-9ab0-400d-9f90-0a529a146034,2010,7,Cả nước,National,Investment,5,,Investment_Amount,5.0,million_VND,Plan,PL9a
b9cd3e85-3e06-47b0-ad3d-d2b1f2b542f2,2010,7,Cả nước,National,Investment,5,,Investment_Amount,2.0,million_VND,Cumulative,PL9a
92a1eac8-a23d-4c07-8e3c-1ec9bd6eadcb,2010,7,Cả nước,National,Investment,28,,Investment_Amount,25.0,million_VND,Plan,PL9b
db04371c-9a42-4c5b-8883-e21185ea8108,2010,7,Cả nước,National,Investment,4,,Investment_Amount,3.0,million_VND,Plan,PL9b
a1549daa-0c51-4f63-8872-300d3cb3505e,2010,7,Cả nước,National,Investment,5,,Investment_Amount,5.0,million_VND,Plan,PL9b
38edfd7e-44b8-4002-91a4-6ccefdaa8e1b,2010,7,Cả nước,National,Investment,6,,Investment_Amount,6.0,million_VND,Plan,PL9b
1aa40bf1-792a-4bf7-a234-3211c6a7739d,2010,7,Cả nước,National,Investment,13,,Investment_Amount,11.0,million_VND,Plan,PL9b
2aa60f4b-ced8-4a62-9a28-3ebc4a3c9ef1,2010,7,Cả nước,National,Investment,13,,Investment_Amount,0.0,million_VND,Cumulative,PL9b
