record_id,year,month,location_name,geo_level,sector,commodity,sub_item,attribute,value,unit,data_type,appendix_number
40b512ab818a79d6,2011,7,1. Thu hoạch lúa hè thu miền Nam,Provincial,Cultivation,Unknown,,Area_Planted,6610.0,1000_ha,Actual,PL1
241bcb935ff993d8,2012,7,1. Thu hoạch lúa hè thu miền Nam,Provincial,Cultivation,Unknown,,Area_Planted,321.0,1000_ha,Actual,PL1
76cb184a605c477a,2011,7,2. Gieo cấy lúa mùa cả nước,Provincial,Cultivation,Unknown,,Area_Planted,12356.0,1000_ha,Actual,PL1
d06c413967a82a84,2011,7,- Miền Nam (*),Provincial,Cultivation,Unknown,,Area_Planted,3542.0,1000_ha,Actual,PL1
d5a07b598623959c,2011,7,3.1 Gieo trồng màu lương thực,Provincial,Cultivation,Màu lương thực,,Area_Planted,13619.0,1000_ha,Actual,PL1
269e9da960538beb,2011,7,- Khoai lang,Provincial,Cultivation,Khoai lang,,Area_Planted,1117.0,1000_ha,Actual,PL1
ccad9393258ee404,2011,7,3.2 Gieo trồng cây công nghiệp ngắn ngày,Provincial,Cultivation,Cây công nghiệp ngắn ngày,,Area_Planted,5061.0,1000_ha,Actual,PL1
8a8e1ae579b2dd81,2011,7,- Đậu tương,Provincial,Cultivation,Đậu tương,,Area_Planted,905.0,1000_ha,Actual,PL1
79ccb206e1182f65,2011,7,- Thuốc lá,Provincial,Cultivation,Unknown,,Area_Planted,205.0,1000_ha,Actual,PL1
fa28c9abfbc95938,2011,7,- Mía,Provincial,Cultivation,Unknown,,Area_Planted,1579.0,1000_ha,Actual,PL1
3d75b5ce393f7226,2011,7,"3.3 Gieo trồng rau, đậu các loại",Provincial,Cultivation,Rau đậu,,Area_Planted,6482.0,1000_ha,Actual,PL1
ffa0743e58ce4ea5,2012,12,Cả nước,National,Trade,I,Xuất khẩu,Export_Volume,1305600.0,1000_ton,Estimated,PL10
8f282dfb8b9a3419,2012,12,Cả nước,National,Trade,I,Xuất khẩu,Export_Value,1651000.0,million_USD,Estimated,PL10
0c861c42a26a4628,2012,12,Cả nước,National,Trade,1,Xuất khẩu,Export_Volume,850000.0,1000_ton,Estimated,PL10
5e22729a149821bf,2012,12,Cả nước,National,Trade,1,Xuất khẩu,Export_Value,900000.0,million_USD,Estimated,PL10
db07ab9522990223,2012,12,Cả nước,National,Trade,2,Xuất khẩu,Export_Volume,125500.0,1000_ton,Estimated,PL10
59d5ae14ac0f977c,2012,12,Cả nước,National,Trade,2,Xuất khẩu,Export_Value,532000.0,million_USD,Estimated,PL10
0f231978eaffaafd,2012,12,Cả nước,National,Trade,3,Xuất khẩu,Export_Volume,41000.0,1000_ton,Estimated,PL10
ce4c77abb8f85fbc,2012,12,Cả nước,National,Trade,3,Xuất khẩu,Export_Value,219000.0,million_USD,Estimated,PL10
e0c95fa29ad6799d,2012,12,Cả nước,National,Trade,4,Xuất khẩu,Export_Volume,57000.0,1000_ton,Estimated,PL10
354a5d82cb6776cf,2012,12,Cả nước,National,Trade,5,Xuất khẩu,Export_Volume,80500.0,1000_ton,Estimated,PL10
6a12b522bb122d23,2012,12,Cả nước,National,Trade,6,Xuất khẩu,Export_Volume,31600.0,1000_ton,Estimated,PL10
29cb93dd5ab18f83,2012,12,Cả nước,National,Trade,7,Xuất khẩu,Export_Volume,15000.0,1000_ton,Estimated,PL10
99cae53fb36e3d07,2012,12,Cả nước,National,Trade,9,Xuất khẩu,Export_Volume,105000.0,1000_ton,Estimated,PL10
496b2922ac9f7d9a,2012,12,Cả nước,National,Trade,II,Xuất khẩu,Export_Volume,191000.0,1000_ton,Estimated,PL10
0c861c42a26a4628,2012,12,Cả nước,National,Trade,1,Xuất khẩu,Export_Volume,55600.0,1000_ton,Estimated,PL10
db07ab9522990223,2012,12,Cả nước,National,Trade,2,Xuất khẩu,Export_Volume,79800.0,1000_ton,Estimated,PL10
0f231978eaffaafd,2012,12,Cả nước,National,Trade,3,Xuất khẩu,Export_Volume,38400.0,1000_ton,Estimated,PL10
e0c95fa29ad6799d,2012,12,Cả nước,National,Trade,4,Xuất khẩu,Export_Volume,16600.0,1000_ton,Estimated,PL10
354a5d82cb6776cf,2012,12,Cả nước,National,Trade,5,Xuất khẩu,Export_Volume,600.0,1000_ton,Estimated,PL10
d5e6d6691c113413,2012,12,Cả nước,National,Trade,III,Xuất khẩu,Export_Volume,32500.0,1000_ton,Estimated,PL10
71179122466fc254,2012,12,Cả nước,National,Trade,B,Xuất khẩu,Export_Volume,1577300.0,1000_ton,Estimated,PL10
0c861c42a26a4628,2012,12,Cả nước,National,Trade,1,Xuất khẩu,Export_Volume,1164200.0,1000_ton,Estimated,PL10
db07ab9522990223,2012,12,Cả nước,National,Trade,2,Xuất khẩu,Export_Volume,165000.0,1000_ton,Estimated,PL10
0f231978eaffaafd,2012,12,Cả nước,National,Trade,3,Xuất khẩu,Export_Volume,248100.0,1000_ton,Estimated,PL10
e6637d35b3771273,2012,11,ĐỨC,International,Trade,Cà phê,Xuất khẩu,Export_Volume,137040.0,ton,Actual,PL11b
14ec1c26ec0525f9,2012,11,ĐỨC,International,Trade,Cà phê,Xuất khẩu,Export_Value,283663.0,1000_USD,Actual,PL11b
03bf90b2f3b6db21,2012,11,HOA KỲ,International,Trade,Cà phê,Xuất khẩu,Export_Volume,118018.0,ton,Actual,PL11b
19fff288f2d58c10,2012,11,HOA KỲ,International,Trade,Cà phê,Xuất khẩu,Export_Value,272748.0,1000_USD,Actual,PL11b
c1c8d87c386c67a7,2012,11,ITALIA,International,Trade,Cà phê,Xuất khẩu,Export_Volume,64537.0,ton,Actual,PL11b
63057778f83cd3c0,2012,11,ITALIA,International,Trade,Cà phê,Xuất khẩu,Export_Value,133700.0,1000_USD,Actual,PL11b
8cdaf896bf021ff0,2012,11,TÂY BAN NHA,International,Trade,Cà phê,Xuất khẩu,Export_Volume,56429.0,ton,Actual,PL11b
3e2ef7e44694e3f3,2012,11,TÂY BAN NHA,International,Trade,Cà phê,Xuất khẩu,Export_Value,115430.0,1000_USD,Actual,PL11b
0dfb36465168500c,2012,11,NHẬT BẢN,International,Trade,Cà phê,Xuất khẩu,Export_Volume,45450.0,ton,Actual,PL11b
94ab2fdddbc50f87,2012,11,NHẬT BẢN,International,Trade,Cà phê,Xuất khẩu,Export_Value,102248.0,1000_USD,Actual,PL11b
df111b6fbb735903,2012,11,IN ĐÔ NÊ XI A,International,Trade,Cà phê,Xuất khẩu,Export_Volume,38710.0,ton,Actual,PL11b
cd0786bb2d7dc910,2012,11,IN ĐÔ NÊ XI A,International,Trade,Cà phê,Xuất khẩu,Export_Value,78196.0,1000_USD,Actual,PL11b
c26ac7e5b4422972,2012,11,BỈ,International,Trade,Cà phê,Xuất khẩu,Export_Volume,35969.0,ton,Actual,PL11b
7443da42ad0a31c8,2012,11,BỈ,International,Trade,Cà phê,Xuất khẩu,Export_Value,74374.0,1000_USD,Actual,PL11b
6a375a70ec4b92c3,2012,11,TRUNG QUỐC,International,Trade,Cà phê,Xuất khẩu,Export_Volume,24017.0,ton,Actual,PL11b
ef20236d56c3bc66,2012,11,TRUNG QUỐC,International,Trade,Cà phê,Xuất khẩu,Export_Value,61836.0,1000_USD,Actual,PL11b
9c5cbf703006f435,2012,11,MÊ HI CÔ,International,Trade,Cà phê,Xuất khẩu,Export_Volume,26537.0,ton,Actual,PL11b
5d2fec3369f3338a,2012,11,MÊ HI CÔ,International,Trade,Cà phê,Xuất khẩu,Export_Value,53503.0,1000_USD,Actual,PL11b
708df2dd01e713a9,2012,11,ANH,International,Trade,Cà phê,Xuất khẩu,Export_Volume,21334.0,ton,Actual,PL11b
b523d7ec400e0434,2012,11,ANH,International,Trade,Cà phê,Xuất khẩu,Export_Value,43557.0,1000_USD,Actual,PL11b
2bd120446c9ecca8,2012,11,TRUNG QUỐC,International,Trade,Cao su,Xuất khẩu,Export_Volume,210231.0,ton,Actual,PL11b
52861643b760d041,2012,11,TRUNG QUỐC,International,Trade,Cao su,Xuất khẩu,Export_Value,576204.0,1000_USD,Actual,PL11b
524041a78697ad08,2012,11,MALAIXIA,International,Trade,Cao su,Xuất khẩu,Export_Volume,64737.0,ton,Actual,PL11b
f650b4d2a227ba24,2012,11,MALAIXIA,International,Trade,Cao su,Xuất khẩu,Export_Value,209744.0,1000_USD,Actual,PL11b
54d5a7099a3be355,2012,11,ĐÀI LOAN,International,Trade,Cao su,Xuất khẩu,Export_Volume,17912.0,ton,Actual,PL11b
689d88c76b25b03c,2012,11,ĐÀI LOAN,International,Trade,Cao su,Xuất khẩu,Export_Value,62292.0,1000_USD,Actual,PL11b
20d12483f0e5a74c,2012,11,HÀN QUỐC,International,Trade,Cao su,Xuất khẩu,Export_Volume,19024.0,ton,Actual,PL11b
6783a657e4522b52,2012,11,HÀN QUỐC,International,Trade,Cao su,Xuất khẩu,Export_Value,59639.0,1000_USD,Actual,PL11b
6df1f15709d4c465,2012,11,ẤN ĐỘ,International,Trade,Cao su,Xuất khẩu,Export_Volume,17080.0,ton,Actual,PL11b
9db4b73ffd40b6c4,2012,11,ẤN ĐỘ,International,Trade,Cao su,Xuất khẩu,Export_Value,59165.0,1000_USD,Actual,PL11b
29566883ce6b7940,2012,11,ĐỨC,International,Trade,Cao su,Xuất khẩu,Export_Volume,11616.0,ton,Actual,PL11b
1288977887e4c4b4,2012,11,ĐỨC,International,Trade,Cao su,Xuất khẩu,Export_Value,40316.0,1000_USD,Actual,PL11b
b35cc3137a2134a2,2012,11,HOA KỲ,International,Trade,Cao su,Xuất khẩu,Export_Volume,9520.0,ton,Actual,PL11b
940627bd8cc8dfe9,2012,11,HOA KỲ,International,Trade,Cao su,Xuất khẩu,Export_Value,28731.0,1000_USD,Actual,PL11b
08b74c3c998f0184,2012,11,THỔ NHĨ KỲ,International,Trade,Cao su,Xuất khẩu,Export_Volume,6696.0,ton,Actual,PL11b
a45ad61c96a2ea50,2012,11,THỔ NHĨ KỲ,International,Trade,Cao su,Xuất khẩu,Export_Value,21989.0,1000_USD,Actual,PL11b
cabb0038233b6d47,2012,11,NHẬT BẢN,International,Trade,Cao su,Xuất khẩu,Export_Volume,4307.0,ton,Actual,PL11b
bbc1b650856fd518,2012,11,NHẬT BẢN,International,Trade,Cao su,Xuất khẩu,Export_Value,15805.0,1000_USD,Actual,PL11b
bce434546407dfea,2012,11,TÂY BAN NHA,International,Trade,Cao su,Xuất khẩu,Export_Volume,4019.0,ton,Actual,PL11b
8d53815ba16bad9e,2012,11,TÂY BAN NHA,International,Trade,Cao su,Xuất khẩu,Export_Value,13694.0,1000_USD,Actual,PL11b
f4afce1c3e1f9dc6,2012,11,PAKIXTAN,International,Trade,Chè,Xuất khẩu,Export_Volume,9281.0,ton,Actual,PL11b
825f7d8f5a674921,2012,11,PAKIXTAN,International,Trade,Chè,Xuất khẩu,Export_Value,17569.0,1000_USD,Actual,PL11b
d62a75265f84d8fd,2012,11,ĐÀI LOAN,International,Trade,Chè,Xuất khẩu,Export_Volume,9650.0,ton,Actual,PL11b
6d1450fea80ec93a,2012,11,ĐÀI LOAN,International,Trade,Chè,Xuất khẩu,Export_Value,12823.0,1000_USD,Actual,PL11b
5fb6f51d868d2de8,2012,11,TRUNG QUỐC,International,Trade,Chè,Xuất khẩu,Export_Volume,6965.0,ton,Actual,PL11b
d4be9078885b2b4e,2012,11,TRUNG QUỐC,International,Trade,Chè,Xuất khẩu,Export_Value,9291.0,1000_USD,Actual,PL11b
24775d3b4a4c04af,2012,11,NGA,International,Trade,Chè,Xuất khẩu,Export_Volume,6085.0,ton,Actual,PL11b
8c914585f14a2927,2012,11,NGA,International,Trade,Chè,Xuất khẩu,Export_Value,8960.0,1000_USD,Actual,PL11b
e2f87b6a0c1eee7f,2012,11,IN ĐÔ NÊ XI A,International,Trade,Chè,Xuất khẩu,Export_Volume,8122.0,ton,Actual,PL11b
bc67c4740dbcfdd1,2012,11,IN ĐÔ NÊ XI A,International,Trade,Chè,Xuất khẩu,Export_Value,7113.0,1000_USD,Actual,PL11b
495f70d5fa7d5604,2012,11,HOA KỲ,International,Trade,Chè,Xuất khẩu,Export_Volume,3187.0,ton,Actual,PL11b
ca3dfa2f5d64c99e,2012,11,HOA KỲ,International,Trade,Chè,Xuất khẩu,Export_Value,3599.0,1000_USD,Actual,PL11b
e0360f717d9e6fa0,2012,11,TVQ. ARẬP THỐNG NHẤT,International,Trade,Chè,Xuất khẩu,Export_Volume,1143.0,ton,Actual,PL11b
6be96a95f1e1e5ba,2012,11,TVQ. ARẬP THỐNG NHẤT,International,Trade,Chè,Xuất khẩu,Export_Value,2215.0,1000_USD,Actual,PL11b
e2a402147949f01e,2012,11,ARẬP XÊÚT,International,Trade,Chè,Xuất khẩu,Export_Volume,789.0,ton,Actual,PL11b
c7df66847332a087,2012,11,ARẬP XÊÚT,International,Trade,Chè,Xuất khẩu,Export_Value,1849.0,1000_USD,Actual,PL11b
67e501e212b5d863,2012,11,BA LAN,International,Trade,Chè,Xuất khẩu,Export_Volume,1652.0,ton,Actual,PL11b
31f14682a29c895a,2012,11,BA LAN,International,Trade,Chè,Xuất khẩu,Export_Value,1767.0,1000_USD,Actual,PL11b
a07efb73fd3ee13e,2012,11,ĐỨC,International,Trade,Chè,Xuất khẩu,Export_Volume,893.0,ton,Actual,PL11b
c5f5e889eb46e4c3,2012,11,ĐỨC,International,Trade,Chè,Xuất khẩu,Export_Value,1496.0,1000_USD,Actual,PL11b
b7d1b28c7a96d282,2012,11,TRUNG QUỐC,International,Trade,Gạo,Xuất khẩu,Export_Volume,1078093.0,ton,Actual,PL11b
580d3acff363dfd8,2012,11,TRUNG QUỐC,International,Trade,Gạo,Xuất khẩu,Export_Value,459493.0,1000_USD,Actual,PL11b
c3fb272d68e10593,2012,11,PHI LIP PIN,International,Trade,Gạo,Xuất khẩu,Export_Volume,529622.0,ton,Actual,PL11b
2ae548dc7d19e239,2012,11,PHI LIP PIN,International,Trade,Gạo,Xuất khẩu,Export_Value,227765.0,1000_USD,Actual,PL11b
97b6f7b2d59a984e,2012,11,MALAIXIA,International,Trade,Gạo,Xuất khẩu,Export_Volume,328127.0,ton,Actual,PL11b
cadbe68afe39cab0,2012,11,MALAIXIA,International,Trade,Gạo,Xuất khẩu,Export_Value,175803.0,1000_USD,Actual,PL11b
bc977f46664c3836,2012,11,IN ĐÔ NÊ XI A,International,Trade,Gạo,Xuất khẩu,Export_Volume,295662.0,ton,Actual,PL11b
c76a78f10918d7e2,2012,11,IN ĐÔ NÊ XI A,International,Trade,Gạo,Xuất khẩu,Export_Value,158412.0,1000_USD,Actual,PL11b
25cd1b9e61977cad,2012,11,BỜ BIỂN NGÀ,International,Trade,Gạo,Xuất khẩu,Export_Volume,212187.0,ton,Actual,PL11b
fa43a3f444174338,2012,11,BỜ BIỂN NGÀ,International,Trade,Gạo,Xuất khẩu,Export_Value,90969.0,1000_USD,Actual,PL11b
cfc71a39fe147091,2012,11,GANA,International,Trade,Gạo,Xuất khẩu,Export_Volume,143762.0,ton,Actual,PL11b
95e9bbf8859a2262,2012,11,GANA,International,Trade,Gạo,Xuất khẩu,Export_Value,68707.0,1000_USD,Actual,PL11b
67fb99e1ecc725b1,2012,11,XINH GA PO,International,Trade,Gạo,Xuất khẩu,Export_Volume,113453.0,ton,Actual,PL11b
f97436b37cb9fa4b,2012,11,XINH GA PO,International,Trade,Gạo,Xuất khẩu,Export_Value,56273.0,1000_USD,Actual,PL11b
3b6d8980a6164045,2012,11,XÊ NÊ GAN,International,Trade,Gạo,Xuất khẩu,Export_Volume,154425.0,ton,Actual,PL11b
5ebe5b2bf35b7db2,2012,11,XÊ NÊ GAN,International,Trade,Gạo,Xuất khẩu,Export_Value,56041.0,1000_USD,Actual,PL11b
92e14ee24665b70d,2012,11,HỒNG CÔNG,International,Trade,Gạo,Xuất khẩu,Export_Volume,79885.0,ton,Actual,PL11b
3d5dac545ea07e9d,2012,11,HỒNG CÔNG,International,Trade,Gạo,Xuất khẩu,Export_Value,47255.0,1000_USD,Actual,PL11b
067278fcc945ec32,2012,11,ĐÀI LOAN,International,Trade,Gạo,Xuất khẩu,Export_Volume,68193.0,ton,Actual,PL11b
065aed78731c8a06,2012,11,ĐÀI LOAN,International,Trade,Gạo,Xuất khẩu,Export_Value,31416.0,1000_USD,Actual,PL11b
bd35ff78e8b48c7a,2012,11,HOA KỲ,International,Trade,Gỗ & sản phẩm gỗ,Xuất khẩu,Export_Value,822894.0,1000_USD,Actual,PL11b
e42ee8051dca75ff,2012,11,TRUNG QUỐC,International,Trade,Gỗ & sản phẩm gỗ,Xuất khẩu,Export_Value,356060.0,1000_USD,Actual,PL11b
b5fe891c84673767,2012,11,NHẬT BẢN,International,Trade,Gỗ & sản phẩm gỗ,Xuất khẩu,Export_Value,309488.0,1000_USD,Actual,PL11b
b5b61a22ef5c0720,2012,11,HÀN QUỐC,International,Trade,Gỗ & sản phẩm gỗ,Xuất khẩu,Export_Value,115717.0,1000_USD,Actual,PL11b
d003479740a2496c,2012,11,ANH,International,Trade,Gỗ & sản phẩm gỗ,Xuất khẩu,Export_Value,92144.0,1000_USD,Actual,PL11b
7b618a2aed9e2d8b,2012,11,ĐỨC,International,Trade,Gỗ & sản phẩm gỗ,Xuất khẩu,Export_Value,57769.0,1000_USD,Actual,PL11b
c1ef7019d3a5bdb9,2012,11,CA NA ĐA,International,Trade,Gỗ & sản phẩm gỗ,Xuất khẩu,Export_Value,53820.0,1000_USD,Actual,PL11b
962f3853fd421ac7,2012,11,Ô X TRÂY LIA,International,Trade,Gỗ & sản phẩm gỗ,Xuất khẩu,Export_Value,47503.0,1000_USD,Actual,PL11b
64564180313d6cbc,2012,11,PHÁP,International,Trade,Gỗ & sản phẩm gỗ,Xuất khẩu,Export_Value,42615.0,1000_USD,Actual,PL11b
c9577213a72b6b69,2012,11,HOA KỲ,International,Trade,Bông các loại,Xuất khẩu,Export_Volume,53452.0,ton,Actual,PL11c
cd36c6f86a1b3798,2012,11,HOA KỲ,International,Trade,Bông các loại,Xuất khẩu,Export_Value,128790.0,1000_USD,Actual,PL11c
252a88965376d572,2012,11,PAKIXTAN,International,Trade,Bông các loại,Xuất khẩu,Export_Volume,40228.0,ton,Actual,PL11c
cebbc3fb0f1a6480,2012,11,PAKIXTAN,International,Trade,Bông các loại,Xuất khẩu,Export_Value,82100.0,1000_USD,Actual,PL11c
07aad20bab02de3f,2012,11,ẤN ĐỘ,International,Trade,Bông các loại,Xuất khẩu,Export_Volume,35246.0,ton,Actual,PL11c
83f2e70b05a88acd,2012,11,ẤN ĐỘ,International,Trade,Bông các loại,Xuất khẩu,Export_Value,72576.0,1000_USD,Actual,PL11c
99954ada64ca563c,2012,11,BRAXIN,International,Trade,Bông các loại,Xuất khẩu,Export_Volume,17180.0,ton,Actual,PL11c
0c76a7b581b80ab4,2012,11,BRAXIN,International,Trade,Bông các loại,Xuất khẩu,Export_Value,51158.0,1000_USD,Actual,PL11c
394887a0cd3f7be6,2012,11,BỜ BIỂN NGÀ,International,Trade,Bông các loại,Xuất khẩu,Export_Volume,6390.0,ton,Actual,PL11c
b4cfe816bb02e94f,2012,11,BỜ BIỂN NGÀ,International,Trade,Bông các loại,Xuất khẩu,Export_Value,14335.0,1000_USD,Actual,PL11c
d3b68a80a238d992,2012,11,Ô X TRÂY LIA,International,Trade,Bông các loại,Xuất khẩu,Export_Volume,4353.0,ton,Actual,PL11c
468b03312e4a70b0,2012,11,Ô X TRÂY LIA,International,Trade,Bông các loại,Xuất khẩu,Export_Value,11732.0,1000_USD,Actual,PL11c
7078301192848309,2012,11,ĐÀI LOAN,International,Trade,Bông các loại,Xuất khẩu,Export_Volume,1853.0,ton,Actual,PL11c
0f3b3efd9b23e023,2012,11,ĐÀI LOAN,International,Trade,Bông các loại,Xuất khẩu,Export_Value,3486.0,1000_USD,Actual,PL11c
548943a4c8de01ca,2012,11,ACHENTINA,International,Trade,Bông các loại,Xuất khẩu,Export_Volume,1690.0,ton,Actual,PL11c
6bc3ec9449e83ee5,2012,11,ACHENTINA,International,Trade,Bông các loại,Xuất khẩu,Export_Value,3307.0,1000_USD,Actual,PL11c
e7d952983ed242dc,2012,11,TRUNG QUỐC,International,Trade,Bông các loại,Xuất khẩu,Export_Volume,486402.0,ton,Actual,PL11c
dccdc49264f1d5e1,2012,11,TRUNG QUỐC,International,Trade,Bông các loại,Xuất khẩu,Export_Value,18071220.0,1000_USD,Actual,PL11c
d600c3c3dc29e3c7,2012,11,HÀN QUỐC,International,Trade,Bông các loại,Xuất khẩu,Export_Volume,1276.0,ton,Actual,PL11c
6a9f01219aa9c66f,2012,11,HÀN QUỐC,International,Trade,Bông các loại,Xuất khẩu,Export_Value,1276.0,1000_USD,Actual,PL11c
20d12483f0e5a74c,2012,11,HÀN QUỐC,International,Trade,Cao su,Xuất khẩu,Export_Volume,28069.0,ton,Actual,PL11c
6783a657e4522b52,2012,11,HÀN QUỐC,International,Trade,Cao su,Xuất khẩu,Export_Value,95390.0,1000_USD,Actual,PL11c
c064e0b086930ab7,2012,11,CAMPUCHIA,International,Trade,Cao su,Xuất khẩu,Export_Volume,24184.0,ton,Actual,PL11c
a9831691493d1110,2012,11,CAMPUCHIA,International,Trade,Cao su,Xuất khẩu,Export_Value,80623.0,1000_USD,Actual,PL11c
cabb0038233b6d47,2012,11,NHẬT BẢN,International,Trade,Cao su,Xuất khẩu,Export_Volume,12303.0,ton,Actual,PL11c
bbc1b650856fd518,2012,11,NHẬT BẢN,International,Trade,Cao su,Xuất khẩu,Export_Value,42618.0,1000_USD,Actual,PL11c
54d5a7099a3be355,2012,11,ĐÀI LOAN,International,Trade,Cao su,Xuất khẩu,Export_Volume,14043.0,ton,Actual,PL11c
689d88c76b25b03c,2012,11,ĐÀI LOAN,International,Trade,Cao su,Xuất khẩu,Export_Value,40892.0,1000_USD,Actual,PL11c
60cd412acfcd004f,2012,11,THÁI LAN,International,Trade,Cao su,Xuất khẩu,Export_Volume,13578.0,ton,Actual,PL11c
1bd8b263ebcaac2c,2012,11,THÁI LAN,International,Trade,Cao su,Xuất khẩu,Export_Value,39023.0,1000_USD,Actual,PL11c
b1afac028e3d82ca,2012,11,MI AN MA,International,Trade,Cao su,Xuất khẩu,Export_Volume,6952.0,ton,Actual,PL11c
b905d8d094be2bef,2012,11,MI AN MA,International,Trade,Cao su,Xuất khẩu,Export_Value,23753.0,1000_USD,Actual,PL11c
2bd120446c9ecca8,2012,11,TRUNG QUỐC,International,Trade,Cao su,Xuất khẩu,Export_Volume,7346.0,ton,Actual,PL11c
52861643b760d041,2012,11,TRUNG QUỐC,International,Trade,Cao su,Xuất khẩu,Export_Value,20476.0,1000_USD,Actual,PL11c
f1e03928ebfd6550,2012,11,NGA,International,Trade,Cao su,Xuất khẩu,Export_Volume,3807.0,ton,Actual,PL11c
9d6cec2ea7a77aef,2012,11,NGA,International,Trade,Cao su,Xuất khẩu,Export_Value,14170.0,1000_USD,Actual,PL11c
b35cc3137a2134a2,2012,11,HOA KỲ,International,Trade,Cao su,Xuất khẩu,Export_Volume,17698.0,ton,Actual,PL11c
940627bd8cc8dfe9,2012,11,HOA KỲ,International,Trade,Cao su,Xuất khẩu,Export_Value,11838.0,1000_USD,Actual,PL11c
6ddc887d8de3519b,2012,11,PHÁP,International,Trade,Cao su,Xuất khẩu,Export_Volume,2538.0,ton,Actual,PL11c
c5cba7efed5b6bc8,2012,11,PHÁP,International,Trade,Cao su,Xuất khẩu,Export_Value,6124.0,1000_USD,Actual,PL11c
16e6af00b2195b7f,2012,11,MALAIXIA,International,Trade,Dầu mỡ động thực vật,Xuất khẩu,Export_Value,213851.0,1000_USD,Actual,PL11c
fb6d7888f2e6e9c3,2012,11,IN ĐÔ NÊ XI A,International,Trade,Dầu mỡ động thực vật,Xuất khẩu,Export_Value,106348.0,1000_USD,Actual,PL11c
ddd07a85c8b08f3f,2012,11,ACHENTINA,International,Trade,Dầu mỡ động thực vật,Xuất khẩu,Export_Value,12709.0,1000_USD,Actual,PL11c
d7ff02df2e629773,2012,11,THÁI LAN,International,Trade,Dầu mỡ động thực vật,Xuất khẩu,Export_Value,6583.0,1000_USD,Actual,PL11c
f9dd951e9718d669,2012,11,HOA KỲ,International,Trade,Dầu mỡ động thực vật,Xuất khẩu,Export_Value,4292.0,1000_USD,Actual,PL11c
a47d50ceacbfea0d,2012,11,TRUNG QUỐC,International,Trade,Dầu mỡ động thực vật,Xuất khẩu,Export_Value,4112.0,1000_USD,Actual,PL11c
51f33f491e3086eb,2012,11,CHI LÊ,International,Trade,Dầu mỡ động thực vật,Xuất khẩu,Export_Value,2805.0,1000_USD,Actual,PL11c
8292db42c908a97c,2012,11,HÀN QUỐC,International,Trade,Dầu mỡ động thực vật,Xuất khẩu,Export_Value,2381.0,1000_USD,Actual,PL11c
ae412e624a6fe72b,2012,11,ẤN ĐỘ,International,Trade,Dầu mỡ động thực vật,Xuất khẩu,Export_Value,1840.0,1000_USD,Actual,PL11c
daa552db95361b48,2012,11,Ô X TRÂY LIA,International,Trade,Dầu mỡ động thực vật,Xuất khẩu,Export_Value,1065.0,1000_USD,Actual,PL11c
79466d56a4279702,2012,11,Ô X TRÂY LIA,International,Trade,Lúa mì,Xuất khẩu,Export_Volume,1478793.0,ton,Actual,PL11c
17a30b94db29c8b6,2012,11,Ô X TRÂY LIA,International,Trade,Lúa mì,Xuất khẩu,Export_Value,440510.0,1000_USD,Actual,PL11c
3461e058ab75f509,2012,11,HOA KỲ,International,Trade,Lúa mì,Xuất khẩu,Export_Volume,58585.0,ton,Actual,PL11c
d3188f853f05ab6e,2012,11,HOA KỲ,International,Trade,Lúa mì,Xuất khẩu,Export_Value,21797.0,1000_USD,Actual,PL11c
6383959d09da6e7c,2012,11,CA NA ĐA,International,Trade,Lúa mì,Xuất khẩu,Export_Volume,4200.0,ton,Actual,PL11c
3d8a816f3dc4c144,2012,11,CA NA ĐA,International,Trade,Lúa mì,Xuất khẩu,Export_Value,1665.0,1000_USD,Actual,PL11c
0d45a77fc1abc2de,2012,11,UCRAINA,International,Trade,Lúa mì,Xuất khẩu,Export_Volume,3771.0,ton,Actual,PL11c
4c4c78622726e058,2012,11,UCRAINA,International,Trade,Lúa mì,Xuất khẩu,Export_Value,1009.0,1000_USD,Actual,PL11c
4c436ec5c892474b,2012,11,THỔ NHĨ KỲ,International,Trade,Lúa mì,Xuất khẩu,Export_Volume,562.0,ton,Actual,PL11c
9bc2ed2d3c6fdf51,2012,11,THỔ NHĨ KỲ,International,Trade,Lúa mì,Xuất khẩu,Export_Value,200.0,1000_USD,Actual,PL11c
405e6991116d623c,2012,11,NGA,International,Trade,Lúa mì,Xuất khẩu,Export_Volume,475.0,ton,Actual,PL11c
c891704451e998db,2012,11,NGA,International,Trade,Lúa mì,Xuất khẩu,Export_Value,150.0,1000_USD,Actual,PL11c
8d67e9cb84cccb87,2012,11,LÀO,International,Trade,Gỗ & sản phẩm gỗ,Xuất khẩu,Export_Value,187902.0,1000_USD,Actual,PL11c
bd35ff78e8b48c7a,2012,11,HOA KỲ,International,Trade,Gỗ & sản phẩm gỗ,Xuất khẩu,Export_Value,99622.0,1000_USD,Actual,PL11c
e42ee8051dca75ff,2012,11,TRUNG QUỐC,International,Trade,Gỗ & sản phẩm gỗ,Xuất khẩu,Export_Value,97875.0,1000_USD,Actual,PL11c
4fedc7d01f35a6d1,2012,11,THÁI LAN,International,Trade,Gỗ & sản phẩm gỗ,Xuất khẩu,Export_Value,46961.0,1000_USD,Actual,PL11c
24a3e9ce8a5e1bde,2012,11,MALAIXIA,International,Trade,Gỗ & sản phẩm gỗ,Xuất khẩu,Export_Value,42158.0,1000_USD,Actual,PL11c
bc5d003676d67f02,2012,11,NIU ZI LÂN,International,Trade,Gỗ & sản phẩm gỗ,Xuất khẩu,Export_Value,29838.0,1000_USD,Actual,PL11c
974a6bc7d5b1c67c,2012,11,MI AN MA,International,Trade,Gỗ & sản phẩm gỗ,Xuất khẩu,Export_Value,21748.0,1000_USD,Actual,PL11c
46822676ba418515,2012,11,CAMPUCHIA,International,Trade,Gỗ & sản phẩm gỗ,Xuất khẩu,Export_Value,13901.0,1000_USD,Actual,PL11c
e4951480b7da6e22,2012,11,CHI LÊ,International,Trade,Gỗ & sản phẩm gỗ,Xuất khẩu,Export_Value,13852.0,1000_USD,Actual,PL11c
608ed31f0d81e817,2012,11,IN ĐÔ NÊ XI A,International,Trade,Gỗ & sản phẩm gỗ,Xuất khẩu,Export_Value,13574.0,1000_USD,Actual,PL11c
ee94e7716828af01,2012,11,TRUNG QUỐC,International,Trade,Phân bón các loại,Xuất khẩu,Export_Volume,729277.0,ton,Actual,PL11c
79d0fe46641b974d,2012,11,TRUNG QUỐC,International,Trade,Phân bón các loại,Xuất khẩu,Export_Value,316554.0,1000_USD,Actual,PL11c
0e73fc3981258b21,2012,11,PHI LIP PIN,International,Trade,Phân bón các loại,Xuất khẩu,Export_Volume,133068.0,ton,Actual,PL11c
cabb5f613cd30842,2012,11,PHI LIP PIN,International,Trade,Phân bón các loại,Xuất khẩu,Export_Value,64109.0,1000_USD,Actual,PL11c
d1d296ba1cbe0ea4,2012,7,Miền Bắc,Provincial,Cultivation,Lúa,,Area_Planted,1140676.0,ha,Actual,PL2
d30820ec88321b21,2012,7,Miền Bắc,Provincial,Cultivation,Lúa,,Harvest_percent,986.0,percent,Actual,PL2
d1d296ba1cbe0ea4,2012,7,Miền Bắc,Provincial,Cultivation,Lúa,,Area_Planted,881352.0,ha,Actual,PL2
d1d296ba1cbe0ea4,2012,7,Miền Bắc,Provincial,Cultivation,Lúa,,Area_Planted,160087.0,ha,Actual,PL2
d1d296ba1cbe0ea4,2012,7,Miền Bắc,Provincial,Cultivation,Lúa,,Area_Planted,775051.0,ha,Actual,PL2
e5a404ac56564f22,2012,7,Miền Bắc,Provincial,Cultivation,Ngô,,Area_Planted,527468.0,ha,Actual,PL2
7077e61a4e2b02d9,2012,7,Miền Bắc,Provincial,Cultivation,Khoai lang,,Area_Planted,78393.0,ha,Actual,PL2
1b0c78a122b2131d,2012,7,Miền Bắc,Provincial,Cultivation,Sắn,,Area_Planted,153694.0,ha,Actual,PL2
d1d296ba1cbe0ea4,2012,7,Miền Bắc,Provincial,Cultivation,Lúa,,Area_Planted,15497.0,ha,Actual,PL2
0ff27a879fc8af68,2012,7,ĐB sông Hồng,Provincial,Cultivation,Lúa,,Area_Planted,554851.0,ha,Actual,PL2
7a62cd934070939d,2012,7,ĐB sông Hồng,Provincial,Cultivation,Lúa,,Harvest_percent,985.0,percent,Actual,PL2
0ff27a879fc8af68,2012,7,ĐB sông Hồng,Provincial,Cultivation,Lúa,,Area_Planted,654.0,ha,Actual,PL2
0ff27a879fc8af68,2012,7,ĐB sông Hồng,Provincial,Cultivation,Lúa,,Area_Planted,482191.0,ha,Actual,PL2
0ff27a879fc8af68,2012,7,ĐB sông Hồng,Provincial,Cultivation,Lúa,,Area_Planted,107185.0,ha,Actual,PL2
4715faa8f0290beb,2012,7,ĐB sông Hồng,Provincial,Cultivation,Ngô,,Area_Planted,75709.0,ha,Actual,PL2
e6b498cc19b905af,2012,7,ĐB sông Hồng,Provincial,Cultivation,Khoai lang,,Area_Planted,21248.0,ha,Actual,PL2
07a64ed762a1adb5,2012,7,ĐB sông Hồng,Provincial,Cultivation,Sắn,,Area_Planted,5297.0,ha,Actual,PL2
0ff27a879fc8af68,2012,7,ĐB sông Hồng,Provincial,Cultivation,Lúa,,Area_Planted,4931.0,ha,Actual,PL2
460acc72662c9332,2012,7,Hà Nội,Provincial,Cultivation,Lúa,,Area_Planted,100315.0,ha,Actual,PL2
09458b603267129d,2012,7,Hà Nội,Provincial,Cultivation,Lúa,,Harvest_percent,1000.0,percent,Actual,PL2
460acc72662c9332,2012,7,Hà Nội,Provincial,Cultivation,Lúa,,Area_Planted,620.0,ha,Actual,PL2
460acc72662c9332,2012,7,Hà Nội,Provincial,Cultivation,Lúa,,Area_Planted,98455.0,ha,Actual,PL2
460acc72662c9332,2012,7,Hà Nội,Provincial,Cultivation,Lúa,,Area_Planted,27653.0,ha,Actual,PL2
89fad3e8608e8888,2012,7,Hà Nội,Provincial,Cultivation,Ngô,,Area_Planted,21251.0,ha,Actual,PL2
8b3d7b861a33d030,2012,7,Hà Nội,Provincial,Cultivation,Khoai lang,,Area_Planted,4002.0,ha,Actual,PL2
69e19808b7c70ce5,2012,7,Hà Nội,Provincial,Cultivation,Sắn,,Area_Planted,818.0,ha,Actual,PL2
460acc72662c9332,2012,7,Hà Nội,Provincial,Cultivation,Lúa,,Area_Planted,1582.0,ha,Actual,PL2
2c4cdaa79112f7f5,2012,7,Hải Phòng,Provincial,Cultivation,Lúa,,Area_Planted,38510.0,ha,Actual,PL2
64ce22131493fe72,2012,7,Hải Phòng,Provincial,Cultivation,Lúa,,Harvest_percent,1000.0,percent,Actual,PL2
2c4cdaa79112f7f5,2012,7,Hải Phòng,Provincial,Cultivation,Lúa,,Area_Planted,694.0,ha,Actual,PL2
2c4cdaa79112f7f5,2012,7,Hải Phòng,Provincial,Cultivation,Lúa,,Area_Planted,15690.0,ha,Actual,PL2
2c4cdaa79112f7f5,2012,7,Hải Phòng,Provincial,Cultivation,Lúa,,Area_Planted,3400.0,ha,Actual,PL2
b4653672602c25ef,2012,7,Hải Phòng,Provincial,Cultivation,Ngô,,Area_Planted,2000.0,ha,Actual,PL2
35cedad5066f2054,2012,7,Hải Phòng,Provincial,Cultivation,Khoai lang,,Area_Planted,1400.0,ha,Actual,PL2
ee6632d8847d2592,2012,7,Vĩnh Phúc,Provincial,Cultivation,Lúa,,Area_Planted,31058.0,ha,Actual,PL2
4329b4cd8b25c140,2012,7,Vĩnh Phúc,Provincial,Cultivation,Lúa,,Harvest_percent,1000.0,percent,Actual,PL2
ee6632d8847d2592,2012,7,Vĩnh Phúc,Provincial,Cultivation,Lúa,,Area_Planted,595.0,ha,Actual,PL2
ee6632d8847d2592,2012,7,Vĩnh Phúc,Provincial,Cultivation,Lúa,,Area_Planted,27742.0,ha,Actual,PL2
ee6632d8847d2592,2012,7,Vĩnh Phúc,Provincial,Cultivation,Lúa,,Area_Planted,16608.0,ha,Actual,PL2
71f6eebdae9676a5,2012,7,Vĩnh Phúc,Provincial,Cultivation,Ngô,,Area_Planted,12244.0,ha,Actual,PL2
28945ab7789b07ab,2012,7,Vĩnh Phúc,Provincial,Cultivation,Khoai lang,,Area_Planted,2341.0,ha,Actual,PL2
410b71b5723b8256,2012,7,Vĩnh Phúc,Provincial,Cultivation,Sắn,,Area_Planted,1864.0,ha,Actual,PL2
ee6632d8847d2592,2012,7,Vĩnh Phúc,Provincial,Cultivation,Lúa,,Area_Planted,159.0,ha,Actual,PL2
f6d647a49fa78987,2012,7,Bắc Ninh,Provincial,Cultivation,Lúa,,Area_Planted,36477.0,ha,Actual,PL2
5d79f0b5bca518f5,2012,7,Bắc Ninh,Provincial,Cultivation,Lúa,,Harvest_percent,1000.0,percent,Actual,PL2
f6d647a49fa78987,2012,7,Bắc Ninh,Provincial,Cultivation,Lúa,,Area_Planted,678.0,ha,Actual,PL2
f6d647a49fa78987,2012,7,Bắc Ninh,Provincial,Cultivation,Lúa,,Area_Planted,27465.0,ha,Actual,PL2
f6d647a49fa78987,2012,7,Bắc Ninh,Provincial,Cultivation,Lúa,,Area_Planted,4536.0,ha,Actual,PL2
4116422e953c7c40,2012,7,Bắc Ninh,Provincial,Cultivation,Ngô,,Area_Planted,3901.0,ha,Actual,PL2
c839019a138e027c,2012,7,Bắc Ninh,Provincial,Cultivation,Khoai lang,,Area_Planted,635.0,ha,Actual,PL2
3ee8e6e5f686360b,2012,7,Hải Dương,Provincial,Cultivation,Lúa,,Area_Planted,63610.0,ha,Actual,PL2
8e778e0f6ce81511,2012,7,Hải Dương,Provincial,Cultivation,Lúa,,Harvest_percent,1000.0,percent,Actual,PL2
3ee8e6e5f686360b,2012,7,Hải Dương,Provincial,Cultivation,Lúa,,Area_Planted,650.0,ha,Actual,PL2
3ee8e6e5f686360b,2012,7,Hải Dương,Provincial,Cultivation,Lúa,,Area_Planted,52755.0,ha,Actual,PL2
3ee8e6e5f686360b,2012,7,Hải Dương,Provincial,Cultivation,Lúa,,Area_Planted,1575.0,ha,Actual,PL2
89661bc9b50f4b4d,2012,7,Hải Dương,Provincial,Cultivation,Ngô,,Area_Planted,1120.0,ha,Actual,PL2
8a4f21d960a597ca,2012,7,Hải Dương,Provincial,Cultivation,Khoai lang,,Area_Planted,455.0,ha,Actual,PL2
faea1f4f8ef10819,2012,7,Hưng Yên,Provincial,Cultivation,Lúa,,Area_Planted,35525.0,ha,Actual,PL2
af2c42a3250a03f5,2012,7,Hưng Yên,Provincial,Cultivation,Lúa,,Harvest_percent,899.0,percent,Actual,PL2
faea1f4f8ef10819,2012,7,Hưng Yên,Provincial,Cultivation,Lúa,,Area_Planted,640.0,ha,Actual,PL2
faea1f4f8ef10819,2012,7,Hưng Yên,Provincial,Cultivation,Lúa,,Area_Planted,39973.0,ha,Actual,PL2
faea1f4f8ef10819,2012,7,Hưng Yên,Provincial,Cultivation,Lúa,,Area_Planted,8156.0,ha,Actual,PL2
920336b9628daf04,2012,7,Hưng Yên,Provincial,Cultivation,Ngô,,Area_Planted,7542.0,ha,Actual,PL2
e578ad9f5555e197,2012,7,Hưng Yên,Provincial,Cultivation,Khoai lang,,Area_Planted,614.0,ha,Actual,PL2
cb20b78c9a3029ce,2012,7,Hà Nam,Provincial,Cultivation,Lúa,,Area_Planted,34243.0,ha,Actual,PL2
257bad5109bfcae5,2012,7,Hà Nam,Provincial,Cultivation,Lúa,,Harvest_percent,1000.0,percent,Actual,PL2
cb20b78c9a3029ce,2012,7,Hà Nam,Provincial,Cultivation,Lúa,,Area_Planted,665.0,ha,Actual,PL2
cb20b78c9a3029ce,2012,7,Hà Nam,Provincial,Cultivation,Lúa,,Area_Planted,33539.0,ha,Actual,PL2
cb20b78c9a3029ce,2012,7,Hà Nam,Provincial,Cultivation,Lúa,,Area_Planted,5373.0,ha,Actual,PL2
7f76bd92137bc53d,2012,7,Hà Nam,Provincial,Cultivation,Ngô,,Area_Planted,4467.0,ha,Actual,PL2
4b833116000e3bae,2012,7,Hà Nam,Provincial,Cultivation,Khoai lang,,Area_Planted,581.0,ha,Actual,PL2
6cb870d45855cf03,2012,7,Hà Nam,Provincial,Cultivation,Sắn,,Area_Planted,325.0,ha,Actual,PL2
847d11340a1f3920,2012,7,Nam Định,Provincial,Cultivation,Lúa,,Area_Planted,77727.0,ha,Actual,PL2
8cfdc585f491baa1,2012,7,Nam Định,Provincial,Cultivation,Lúa,,Harvest_percent,1000.0,percent,Actual,PL2
847d11340a1f3920,2012,7,Nam Định,Provincial,Cultivation,Lúa,,Area_Planted,680.0,ha,Actual,PL2
847d11340a1f3920,2012,7,Nam Định,Provincial,Cultivation,Lúa,,Area_Planted,79270.0,ha,Actual,PL2
847d11340a1f3920,2012,7,Nam Định,Provincial,Cultivation,Lúa,,Area_Planted,7337.0,ha,Actual,PL2
17ec674807fa4bfa,2012,7,Nam Định,Provincial,Cultivation,Ngô,,Area_Planted,3645.0,ha,Actual,PL2
75a2ef29f402af51,2012,7,Nam Định,Provincial,Cultivation,Khoai lang,,Area_Planted,2072.0,ha,Actual,PL2
456f2a30fafc6e6f,2012,7,Nam Định,Provincial,Cultivation,Sắn,,Area_Planted,309.0,ha,Actual,PL2
847d11340a1f3920,2012,7,Nam Định,Provincial,Cultivation,Lúa,,Area_Planted,1311.0,ha,Actual,PL2
6e3aee3a18c70e2b,2012,7,Thái Bình,Provincial,Cultivation,Lúa,,Area_Planted,81144.0,ha,Actual,PL2
2391ad14d953cec4,2012,7,Thái Bình,Provincial,Cultivation,Lúa,,Harvest_percent,1000.0,percent,Actual,PL2
6e3aee3a18c70e2b,2012,7,Thái Bình,Provincial,Cultivation,Lúa,,Area_Planted,710.0,ha,Actual,PL2
6e3aee3a18c70e2b,2012,7,Thái Bình,Provincial,Cultivation,Lúa,,Area_Planted,61850.0,ha,Actual,PL2
6e3aee3a18c70e2b,2012,7,Thái Bình,Provincial,Cultivation,Lúa,,Area_Planted,15343.0,ha,Actual,PL2
6d29269572e9a822,2012,7,Thái Bình,Provincial,Cultivation,Ngô,,Area_Planted,10080.0,ha,Actual,PL2
6bf8c1405cf5e34b,2012,7,Thái Bình,Provincial,Cultivation,Khoai lang,,Area_Planted,4059.0,ha,Actual,PL2
cd49e1ed964ea8be,2012,7,Thái Bình,Provincial,Cultivation,Sắn,,Area_Planted,48.0,ha,Actual,PL2
6e3aee3a18c70e2b,2012,7,Thái Bình,Provincial,Cultivation,Lúa,,Area_Planted,1156.0,ha,Actual,PL2
384d4e4a7026800c,2012,7,Ninh Bình,Provincial,Cultivation,Lúa,,Area_Planted,37481.0,ha,Actual,PL2
4b94586a83cf808d,2012,7,Ninh Bình,Provincial,Cultivation,Lúa,,Harvest_percent,895.0,percent,Actual,PL2
384d4e4a7026800c,2012,7,Ninh Bình,Provincial,Cultivation,Lúa,,Area_Planted,650.0,ha,Actual,PL2
384d4e4a7026800c,2012,7,Ninh Bình,Provincial,Cultivation,Lúa,,Area_Planted,37594.0,ha,Actual,PL2
384d4e4a7026800c,2012,7,Ninh Bình,Provincial,Cultivation,Lúa,,Area_Planted,8438.0,ha,Actual,PL2
eba88839aef207dc,2012,7,Ninh Bình,Provincial,Cultivation,Ngô,,Area_Planted,4781.0,ha,Actual,PL2
ec119865eb0f85cb,2012,7,Ninh Bình,Provincial,Cultivation,Khoai lang,,Area_Planted,2229.0,ha,Actual,PL2
25208a3f6a5c0744,2012,7,Ninh Bình,Provincial,Cultivation,Sắn,,Area_Planted,907.0,ha,Actual,PL2
384d4e4a7026800c,2012,7,Ninh Bình,Provincial,Cultivation,Lúa,,Area_Planted,521.0,ha,Actual,PL2
512c888185668c8b,2012,7,Quảng Ninh,Provincial,Cultivation,Lúa,,Area_Planted,18761.0,ha,Actual,PL2
b285638e9e2ba0b2,2012,7,Quảng Ninh,Provincial,Cultivation,Lúa,,Harvest_percent,1000.0,percent,Actual,PL2
512c888185668c8b,2012,7,Quảng Ninh,Provincial,Cultivation,Lúa,,Area_Planted,540.0,ha,Actual,PL2
512c888185668c8b,2012,7,Quảng Ninh,Provincial,Cultivation,Lúa,,Area_Planted,7858.0,ha,Actual,PL2
512c888185668c8b,2012,7,Quảng Ninh,Provincial,Cultivation,Lúa,,Area_Planted,8766.0,ha,Actual,PL2
9064b7a4e37fa8ff,2012,7,Quảng Ninh,Provincial,Cultivation,Ngô,,Area_Planted,4678.0,ha,Actual,PL2
f4e684f2e64b8aef,2012,7,Quảng Ninh,Provincial,Cultivation,Khoai lang,,Area_Planted,2860.0,ha,Actual,PL2
3f293218819953fe,2012,7,Quảng Ninh,Provincial,Cultivation,Sắn,,Area_Planted,1026.0,ha,Actual,PL2
512c888185668c8b,2012,7,Quảng Ninh,Provincial,Cultivation,Lúa,,Area_Planted,202.0,ha,Actual,PL2
836bd63baffc7be2,2012,7,TD và MN,Provincial,Cultivation,Lúa,,Area_Planted,239069.0,ha,Actual,PL2
4b9885c6724ab284,2012,7,TD và MN,Provincial,Cultivation,Lúa,,Harvest_percent,971.0,percent,Actual,PL2
836bd63baffc7be2,2012,7,TD và MN,Provincial,Cultivation,Lúa,,Area_Planted,256178.0,ha,Actual,PL2
836bd63baffc7be2,2012,7,TD và MN,Provincial,Cultivation,Lúa,,Area_Planted,471612.0,ha,Actual,PL2
bbb0805c5d7ebc2e,2012,7,TD và MN,Provincial,Cultivation,Ngô,,Area_Planted,344444.0,ha,Actual,PL2
9508fd03763fddda,2012,7,TD và MN,Provincial,Cultivation,Khoai lang,,Area_Planted,26237.0,ha,Actual,PL2
7d8e650d1ca7c173,2012,7,TD và MN,Provincial,Cultivation,Sắn,,Area_Planted,93205.0,ha,Actual,PL2
836bd63baffc7be2,2012,7,TD và MN,Provincial,Cultivation,Lúa,,Area_Planted,7727.0,ha,Actual,PL2
882b53b0df63768e,2012,7,Hà Giang,Provincial,Cultivation,Lúa,,Area_Planted,9995.0,ha,Actual,PL2
9f98f15a94012930,2012,7,Hà Giang,Provincial,Cultivation,Lúa,,Harvest_percent,1000.0,percent,Actual,PL2
882b53b0df63768e,2012,7,Hà Giang,Provincial,Cultivation,Lúa,,Area_Planted,530.0,ha,Actual,PL2
882b53b0df63768e,2012,7,Hà Giang,Provincial,Cultivation,Lúa,,Area_Planted,21135.0,ha,Actual,PL2
882b53b0df63768e,2012,7,Hà Giang,Provincial,Cultivation,Lúa,,Area_Planted,52613.0,ha,Actual,PL2
54d3082afe25ae0a,2012,7,Hà Giang,Provincial,Cultivation,Ngô,,Area_Planted,44342.0,ha,Actual,PL2
b694f518763ed2b8,2012,7,Hà Giang,Provincial,Cultivation,Khoai lang,,Area_Planted,587.0,ha,Actual,PL2
9de34239803aaafa,2012,7,Hà Giang,Provincial,Cultivation,Sắn,,Area_Planted,4812.0,ha,Actual,PL2
882b53b0df63768e,2012,7,Hà Giang,Provincial,Cultivation,Lúa,,Area_Planted,2872.0,ha,Actual,PL2
b44f87a587b2c510,2012,7,Cao Bằng,Provincial,Cultivation,Lúa,,Area_Planted,3277.0,ha,Actual,PL2
5446977e3dcb9bbf,2012,7,Cao Bằng,Provincial,Cultivation,Lúa,,Harvest_percent,480.0,percent,Actual,PL2
b44f87a587b2c510,2012,7,Cao Bằng,Provincial,Cultivation,Lúa,,Area_Planted,510.0,ha,Actual,PL2
b44f87a587b2c510,2012,7,Cao Bằng,Provincial,Cultivation,Lúa,,Area_Planted,37545.0,ha,Actual,PL2
ef81b6240e416e0f,2012,7,Cao Bằng,Provincial,Cultivation,Ngô,,Area_Planted,34591.0,ha,Actual,PL2
9f03afaa21bd3b4c,2012,7,Cao Bằng,Provincial,Cultivation,Khoai lang,,Area_Planted,776.0,ha,Actual,PL2
2b537a117c48d515,2012,7,Cao Bằng,Provincial,Cultivation,Sắn,,Area_Planted,1958.0,ha,Actual,PL2
b44f87a587b2c510,2012,7,Cao Bằng,Provincial,Cultivation,Lúa,,Area_Planted,220.0,ha,Actual,PL2
4870fec7aff8d160,2012,7,Lào Cai,Provincial,Cultivation,Lúa,,Area_Planted,9721.0,ha,Actual,PL2
dc08cf9ae01c0be3,2012,7,Lào Cai,Provincial,Cultivation,Lúa,,Harvest_percent,1000.0,percent,Actual,PL2
4870fec7aff8d160,2012,7,Lào Cai,Provincial,Cultivation,Lúa,,Area_Planted,544.0,ha,Actual,PL2
4870fec7aff8d160,2012,7,Lào Cai,Provincial,Cultivation,Lúa,,Area_Planted,12848.0,ha,Actual,PL2
4870fec7aff8d160,2012,7,Lào Cai,Provincial,Cultivation,Lúa,,Area_Planted,24701.0,ha,Actual,PL2
bb62be996ca83a71,2012,7,Lào Cai,Provincial,Cultivation,Ngô,,Area_Planted,24085.0,ha,Actual,PL2
1df26e46de41ecad,2012,7,Lào Cai,Provincial,Cultivation,Khoai lang,,Area_Planted,566.0,ha,Actual,PL2
26b31e5e46578eae,2012,7,Lào Cai,Provincial,Cultivation,Sắn,,Area_Planted,50.0,ha,Actual,PL2
c7f90712e0385999,2012,7,Bắc Cạn,Provincial,Cultivation,Lúa,,Area_Planted,7733.0,ha,Actual,PL2
989389c76f553a53,2012,7,Bắc Cạn,Provincial,Cultivation,Lúa,,Harvest_percent,1000.0,percent,Actual,PL2
c7f90712e0385999,2012,7,Bắc Cạn,Provincial,Cultivation,Lúa,,Area_Planted,500.0,ha,Actual,PL2
c7f90712e0385999,2012,7,Bắc Cạn,Provincial,Cultivation,Lúa,,Area_Planted,7596.0,ha,Actual,PL2
c7f90712e0385999,2012,7,Bắc Cạn,Provincial,Cultivation,Lúa,,Area_Planted,16432.0,ha,Actual,PL2
5c55018f81f9b5d8,2012,7,Bắc Cạn,Provincial,Cultivation,Ngô,,Area_Planted,12992.0,ha,Actual,PL2
8dd92423c5523da0,2012,7,Bắc Cạn,Provincial,Cultivation,Khoai lang,,Area_Planted,253.0,ha,Actual,PL2
7571f498967b4f8d,2012,7,Bắc Cạn,Provincial,Cultivation,Sắn,,Area_Planted,1346.0,ha,Actual,PL2
c7f90712e0385999,2012,7,Bắc Cạn,Provincial,Cultivation,Lúa,,Area_Planted,1841.0,ha,Actual,PL2
22b9e13046b52436,2012,7,Lạng Sơn,Provincial,Cultivation,Lúa,,Area_Planted,10100.0,ha,Actual,PL2
5cb721bae63f1bec,2012,7,Lạng Sơn,Provincial,Cultivation,Lúa,,Harvest_percent,627.0,percent,Actual,PL2
22b9e13046b52436,2012,7,Lạng Sơn,Provincial,Cultivation,Lúa,,Area_Planted,13500.0,ha,Actual,PL2
22b9e13046b52436,2012,7,Lạng Sơn,Provincial,Cultivation,Lúa,,Area_Planted,22047.0,ha,Actual,PL2
477763007204b960,2012,7,Lạng Sơn,Provincial,Cultivation,Ngô,,Area_Planted,14807.0,ha,Actual,PL2
c64d168fc4321997,2012,7,Lạng Sơn,Provincial,Cultivation,Khoai lang,,Area_Planted,694.0,ha,Actual,PL2
f753302674305af8,2012,7,Lạng Sơn,Provincial,Cultivation,Sắn,,Area_Planted,5974.0,ha,Actual,PL2
22b9e13046b52436,2012,7,Lạng Sơn,Provincial,Cultivation,Lúa,,Area_Planted,572.0,ha,Actual,PL2
7107c51a664356ce,2012,7,Tuyên Quang,Provincial,Cultivation,Lúa,,Area_Planted,20077.0,ha,Actual,PL2
a33c492826cfe068,2012,7,Tuyên Quang,Provincial,Cultivation,Lúa,,Harvest_percent,1000.0,percent,Actual,PL2
7107c51a664356ce,2012,7,Tuyên Quang,Provincial,Cultivation,Lúa,,Area_Planted,570.0,ha,Actual,PL2
7107c51a664356ce,2012,7,Tuyên Quang,Provincial,Cultivation,Lúa,,Area_Planted,21375.0,ha,Actual,PL2
7107c51a664356ce,2012,7,Tuyên Quang,Provincial,Cultivation,Lúa,,Area_Planted,10379.0,ha,Actual,PL2
9328080574f889b4,2012,7,Tuyên Quang,Provincial,Cultivation,Ngô,,Area_Planted,8132.0,ha,Actual,PL2
a4a8e81aaf5ce02d,2012,7,Tuyên Quang,Provincial,Cultivation,Khoai lang,,Area_Planted,2247.0,ha,Actual,PL2
1ecd655d9a7a6a4a,2012,7,Yên Bái,Provincial,Cultivation,Lúa,,Area_Planted,18305.0,ha,Actual,PL2
f7277f7057143563,2012,7,Yên Bái,Provincial,Cultivation,Lúa,,Harvest_percent,1000.0,percent,Actual,PL2
1ecd655d9a7a6a4a,2012,7,Yên Bái,Provincial,Cultivation,Lúa,,Area_Planted,533.0,ha,Actual,PL2
1ecd655d9a7a6a4a,2012,7,Yên Bái,Provincial,Cultivation,Lúa,,Area_Planted,17500.0,ha,Actual,PL2
1ecd655d9a7a6a4a,2012,7,Yên Bái,Provincial,Cultivation,Lúa,,Area_Planted,35100.0,ha,Actual,PL2
c58d6ba0080f1bed,2012,7,Yên Bái,Provincial,Cultivation,Ngô,,Area_Planted,16801.0,ha,Actual,PL2
dad481ed7d50f354,2012,7,Yên Bái,Provincial,Cultivation,Khoai lang,,Area_Planted,2125.0,ha,Actual,PL2
b20e7d126b832c67,2012,7,Yên Bái,Provincial,Cultivation,Sắn,,Area_Planted,16174.0,ha,Actual,PL2
8b6b144e76c974b7,2012,7,Thái Nguyên,Provincial,Cultivation,Lúa,,Area_Planted,30225.0,ha,Actual,PL2
2c31025319f586ed,2012,7,Thái Nguyên,Provincial,Cultivation,Lúa,,Harvest_percent,1000.0,percent,Actual,PL2
8b6b144e76c974b7,2012,7,Thái Nguyên,Provincial,Cultivation,Lúa,,Area_Planted,520.0,ha,Actual,PL2
8b6b144e76c974b7,2012,7,Thái Nguyên,Provincial,Cultivation,Lúa,,Area_Planted,35471.0,ha,Actual,PL2
8b6b144e76c974b7,2012,7,Thái Nguyên,Provincial,Cultivation,Lúa,,Area_Planted,24739.0,ha,Actual,PL2
3284229dd8fd7b1c,2012,7,Thái Nguyên,Provincial,Cultivation,Ngô,,Area_Planted,14987.0,ha,Actual,PL2
2f1abd6c1e4d310b,2012,7,Thái Nguyên,Provincial,Cultivation,Khoai lang,,Area_Planted,5777.0,ha,Actual,PL2
3618dd95313f137b,2012,7,Thái Nguyên,Provincial,Cultivation,Sắn,,Area_Planted,3720.0,ha,Actual,PL2
8b6b144e76c974b7,2012,7,Thái Nguyên,Provincial,Cultivation,Lúa,,Area_Planted,255.0,ha,Actual,PL2
42a667c2a7316bd7,2012,7,Phú Thọ,Provincial,Cultivation,Lúa,,Area_Planted,36682.0,ha,Actual,PL2
585841be021a704b,2012,7,Phú Thọ,Provincial,Cultivation,Lúa,,Harvest_percent,1000.0,percent,Actual,PL2
42a667c2a7316bd7,2012,7,Phú Thọ,Provincial,Cultivation,Lúa,,Area_Planted,580.0,ha,Actual,PL2
42a667c2a7316bd7,2012,7,Phú Thọ,Provincial,Cultivation,Lúa,,Area_Planted,33100.0,ha,Actual,PL2
42a667c2a7316bd7,2012,7,Phú Thọ,Provincial,Cultivation,Lúa,,Area_Planted,28106.0,ha,Actual,PL2
9c8ad9a219c7110f,2012,7,Phú Thọ,Provincial,Cultivation,Ngô,,Area_Planted,16498.0,ha,Actual,PL2
ff46dc52f9b423dc,2012,7,Phú Thọ,Provincial,Cultivation,Khoai lang,,Area_Planted,2411.0,ha,Actual,PL2
24f393f7160c82d1,2012,7,Phú Thọ,Provincial,Cultivation,Sắn,,Area_Planted,9197.0,ha,Actual,PL2
912e8708eefe6455,2012,7,Bắc Giang,Provincial,Cultivation,Lúa,,Area_Planted,53064.0,ha,Actual,PL2
46e8a207e6735c26,2012,7,Bắc Giang,Provincial,Cultivation,Lúa,,Harvest_percent,997.0,percent,Actual,PL2
912e8708eefe6455,2012,7,Bắc Giang,Provincial,Cultivation,Lúa,,Area_Planted,590.0,ha,Actual,PL2
912e8708eefe6455,2012,7,Bắc Giang,Provincial,Cultivation,Lúa,,Area_Planted,40594.0,ha,Actual,PL2
912e8708eefe6455,2012,7,Bắc Giang,Provincial,Cultivation,Lúa,,Area_Planted,20170.0,ha,Actual,PL2
ea12fe6a2ad0647f,2012,7,Bắc Giang,Provincial,Cultivation,Ngô,,Area_Planted,7737.0,ha,Actual,PL2
134e4488bd8ccbc5,2012,7,Bắc Giang,Provincial,Cultivation,Khoai lang,,Area_Planted,5946.0,ha,Actual,PL2
4073a0d128effd01,2012,7,Bắc Giang,Provincial,Cultivation,Sắn,,Area_Planted,5753.0,ha,Actual,PL2
912e8708eefe6455,2012,7,Bắc Giang,Provincial,Cultivation,Lúa,,Area_Planted,734.0,ha,Actual,PL2
95ae7258bdb3b37c,2012,7,Lai Châu,Provincial,Cultivation,Lúa,,Area_Planted,5670.0,ha,Actual,PL2
c560837d3649750f,2012,7,Lai Châu,Provincial,Cultivation,Lúa,,Harvest_percent,1000.0,percent,Actual,PL2
95ae7258bdb3b37c,2012,7,Lai Châu,Provincial,Cultivation,Lúa,,Area_Planted,575.0,ha,Actual,PL2
95ae7258bdb3b37c,2012,7,Lai Châu,Provincial,Cultivation,Lúa,,Area_Planted,14000.0,ha,Actual,PL2
95ae7258bdb3b37c,2012,7,Lai Châu,Provincial,Cultivation,Lúa,,Area_Planted,22462.0,ha,Actual,PL2
06b12b18c71fb984,2012,7,Lai Châu,Provincial,Cultivation,Ngô,,Area_Planted,18661.0,ha,Actual,PL2
c9d4c2952d155b6d,2012,7,Lai Châu,Provincial,Cultivation,Khoai lang,,Area_Planted,850.0,ha,Actual,PL2
36574596cdce13dd,2012,7,Lai Châu,Provincial,Cultivation,Sắn,,Area_Planted,2951.0,ha,Actual,PL2
5a6532c3c1863449,2012,7,Điện Biên,Provincial,Cultivation,Lúa,,Area_Planted,8128.0,ha,Actual,PL2
f5c0b7e8c9657a64,2012,7,Điện Biên,Provincial,Cultivation,Lúa,,Harvest_percent,990.0,percent,Actual,PL2
5a6532c3c1863449,2012,7,Điện Biên,Provincial,Cultivation,Lúa,,Area_Planted,610.0,ha,Actual,PL2
5a6532c3c1863449,2012,7,Điện Biên,Provincial,Cultivation,Lúa,,Area_Planted,14025.0,ha,Actual,PL2
5a6532c3c1863449,2012,7,Điện Biên,Provincial,Cultivation,Lúa,,Area_Planted,34075.0,ha,Actual,PL2
f6f1f371d9d97753,2012,7,Điện Biên,Provincial,Cultivation,Ngô,,Area_Planted,26693.0,ha,Actual,PL2
654a9ff8f18b02d9,2012,7,Điện Biên,Provincial,Cultivation,Khoai lang,,Area_Planted,345.0,ha,Actual,PL2
f9a769125984bcd8,2012,7,Điện Biên,Provincial,Cultivation,Sắn,,Area_Planted,7037.0,ha,Actual,PL2
dfe34e7543dd6702,2012,7,Sơn La,Provincial,Cultivation,Lúa,,Area_Planted,9451.0,ha,Actual,PL2
78064be31c16b31a,2012,7,Sơn La,Provincial,Cultivation,Lúa,,Harvest_percent,908.0,percent,Actual,PL2
dfe34e7543dd6702,2012,7,Sơn La,Provincial,Cultivation,Lúa,,Area_Planted,560.0,ha,Actual,PL2
dfe34e7543dd6702,2012,7,Sơn La,Provincial,Cultivation,Lúa,,Area_Planted,10034.0,ha,Actual,PL2
dfe34e7543dd6702,2012,7,Sơn La,Provincial,Cultivation,Lúa,,Area_Planted,104857.0,ha,Actual,PL2
5997a01af6d630ce,2012,7,Sơn La,Provincial,Cultivation,Ngô,,Area_Planted,82402.0,ha,Actual,PL2
2db9580f31492e71,2012,7,Sơn La,Provincial,Cultivation,Khoai lang,,Area_Planted,194.0,ha,Actual,PL2
7f7bbf10586bffca,2012,7,Sơn La,Provincial,Cultivation,Sắn,,Area_Planted,22028.0,ha,Actual,PL2
dfe34e7543dd6702,2012,7,Sơn La,Provincial,Cultivation,Lúa,,Area_Planted,233.0,ha,Actual,PL2
89120f5dc1dfc72a,2012,7,Hoà Bình,Provincial,Cultivation,Lúa,,Area_Planted,16641.0,ha,Actual,PL2
4345dc937c4161ba,2012,7,Hoà Bình,Provincial,Cultivation,Lúa,,Harvest_percent,1000.0,percent,Actual,PL2
89120f5dc1dfc72a,2012,7,Hoà Bình,Provincial,Cultivation,Lúa,,Area_Planted,15000.0,ha,Actual,PL2
89120f5dc1dfc72a,2012,7,Hoà Bình,Provincial,Cultivation,Lúa,,Area_Planted,38387.0,ha,Actual,PL2
42c1ff0d0951a531,2012,7,Hoà Bình,Provincial,Cultivation,Ngô,,Area_Planted,21716.0,ha,Actual,PL2
53f6819d200f99e7,2012,7,Hoà Bình,Provincial,Cultivation,Khoai lang,,Area_Planted,3466.0,ha,Actual,PL2
0748d50d0d32d881,2012,7,Hoà Bình,Provincial,Cultivation,Sắn,,Area_Planted,12205.0,ha,Actual,PL2
89120f5dc1dfc72a,2012,7,Hoà Bình,Provincial,Cultivation,Lúa,,Area_Planted,1000.0,ha,Actual,PL2
800b394374505e5b,2012,7,Bắc Trung Bộ,Provincial,Cultivation,Lúa,,Area_Planted,346756.0,ha,Actual,PL2
76a35cb79f51f2d0,2012,7,Bắc Trung Bộ,Provincial,Cultivation,Lúa,,Harvest_percent,999.0,percent,Actual,PL2
800b394374505e5b,2012,7,Bắc Trung Bộ,Provincial,Cultivation,Lúa,,Area_Planted,607.0,ha,Actual,PL2
800b394374505e5b,2012,7,Bắc Trung Bộ,Provincial,Cultivation,Lúa,,Area_Planted,142983.0,ha,Actual,PL2
800b394374505e5b,2012,7,Bắc Trung Bộ,Provincial,Cultivation,Lúa,,Area_Planted,160087.0,ha,Actual,PL2
800b394374505e5b,2012,7,Bắc Trung Bộ,Provincial,Cultivation,Lúa,,Area_Planted,196254.0,ha,Actual,PL2
8e997d66c36450b3,2012,7,Bắc Trung Bộ,Provincial,Cultivation,Ngô,,Area_Planted,107315.0,ha,Actual,PL2
fe5c2136e75c55fb,2012,7,Bắc Trung Bộ,Provincial,Cultivation,Khoai lang,,Area_Planted,30908.0,ha,Actual,PL2
6e5c94df666fa87e,2012,7,Bắc Trung Bộ,Provincial,Cultivation,Sắn,,Area_Planted,55192.0,ha,Actual,PL2
800b394374505e5b,2012,7,Bắc Trung Bộ,Provincial,Cultivation,Lúa,,Area_Planted,2839.0,ha,Actual,PL2
6e2f934cdd114636,2012,7,Thanh Hoá,Provincial,Cultivation,Lúa,,Area_Planted,122350.0,ha,Actual,PL2
d75d9aceefd3a851,2012,7,Thanh Hoá,Provincial,Cultivation,Lúa,,Harvest_percent,998.0,percent,Actual,PL2
6e2f934cdd114636,2012,7,Thanh Hoá,Provincial,Cultivation,Lúa,,Area_Planted,640.0,ha,Actual,PL2
6e2f934cdd114636,2012,7,Thanh Hoá,Provincial,Cultivation,Lúa,,Area_Planted,120000.0,ha,Actual,PL2
6e2f934cdd114636,2012,7,Thanh Hoá,Provincial,Cultivation,Lúa,,Area_Planted,63927.0,ha,Actual,PL2
2459c601af8a0051,2012,7,Thanh Hoá,Provincial,Cultivation,Ngô,,Area_Planted,40000.0,ha,Actual,PL2
234f2db82d5da85f,2012,7,Thanh Hoá,Provincial,Cultivation,Khoai lang,,Area_Planted,7869.0,ha,Actual,PL2
3fcf8aecce2c262e,2012,7,Thanh Hoá,Provincial,Cultivation,Sắn,,Area_Planted,15110.0,ha,Actual,PL2
6e2f934cdd114636,2012,7,Thanh Hoá,Provincial,Cultivation,Lúa,,Area_Planted,948.0,ha,Actual,PL2
c95723b2fc532aa6,2012,7,Nghệ An,Provincial,Cultivation,Lúa,,Area_Planted,88702.0,ha,Actual,PL2
533ef2860f121957,2012,7,Nghệ An,Provincial,Cultivation,Lúa,,Harvest_percent,1000.0,percent,Actual,PL2
c95723b2fc532aa6,2012,7,Nghệ An,Provincial,Cultivation,Lúa,,Area_Planted,650.0,ha,Actual,PL2
c95723b2fc532aa6,2012,7,Nghệ An,Provincial,Cultivation,Lúa,,Area_Planted,21983.0,ha,Actual,PL2
c95723b2fc532aa6,2012,7,Nghệ An,Provincial,Cultivation,Lúa,,Area_Planted,58517.0,ha,Actual,PL2
c95723b2fc532aa6,2012,7,Nghệ An,Provincial,Cultivation,Lúa,,Area_Planted,79097.0,ha,Actual,PL2
c1c2667abeec8094,2012,7,Nghệ An,Provincial,Cultivation,Ngô,,Area_Planted,50001.0,ha,Actual,PL2
45fdea26b24468ff,2012,7,Nghệ An,Provincial,Cultivation,Khoai lang,,Area_Planted,9189.0,ha,Actual,PL2
1ede09c0cbb5c7eb,2012,7,Nghệ An,Provincial,Cultivation,Sắn,,Area_Planted,18016.0,ha,Actual,PL2
c95723b2fc532aa6,2012,7,Nghệ An,Provincial,Cultivation,Lúa,,Area_Planted,1891.0,ha,Actual,PL2
b35ac9b72064b932,2012,7,Hà Tĩnh,Provincial,Cultivation,Lúa,,Area_Planted,54772.0,ha,Actual,PL2
84052a535b18c40b,2012,7,Hà Tĩnh,Provincial,Cultivation,Lúa,,Harvest_percent,1000.0,percent,Actual,PL2
b35ac9b72064b932,2012,7,Hà Tĩnh,Provincial,Cultivation,Lúa,,Area_Planted,540.0,ha,Actual,PL2
b35ac9b72064b932,2012,7,Hà Tĩnh,Provincial,Cultivation,Lúa,,Area_Planted,1000.0,ha,Actual,PL2
b35ac9b72064b932,2012,7,Hà Tĩnh,Provincial,Cultivation,Lúa,,Area_Planted,40279.0,ha,Actual,PL2
b35ac9b72064b932,2012,7,Hà Tĩnh,Provincial,Cultivation,Lúa,,Area_Planted,14580.0,ha,Actual,PL2
9ef4778728a3b1d1,2012,7,Hà Tĩnh,Provincial,Cultivation,Ngô,,Area_Planted,7730.0,ha,Actual,PL2
40a0b24e5e4320c5,2012,7,Hà Tĩnh,Provincial,Cultivation,Khoai lang,,Area_Planted,5350.0,ha,Actual,PL2
3f069b99f6c7df98,2012,7,Hà Tĩnh,Provincial,Cultivation,Sắn,,Area_Planted,1500.0,ha,Actual,PL2
7b7412b62c5ce7a7,2012,7,Quảng Bình,Provincial,Cultivation,Lúa,,Area_Planted,28844.0,ha,Actual,PL2
eedcead8e5866cb1,2012,7,Quảng Bình,Provincial,Cultivation,Lúa,,Harvest_percent,1000.0,percent,Actual,PL2
7b7412b62c5ce7a7,2012,7,Quảng Bình,Provincial,Cultivation,Lúa,,Area_Planted,570.0,ha,Actual,PL2
7b7412b62c5ce7a7,2012,7,Quảng Bình,Provincial,Cultivation,Lúa,,Area_Planted,145000.0,ha,Actual,PL2
7b7412b62c5ce7a7,2012,7,Quảng Bình,Provincial,Cultivation,Lúa,,Area_Planted,14125.0,ha,Actual,PL2
64f2c2f0c1ad09b6,2012,7,Quảng Bình,Provincial,Cultivation,Ngô,,Area_Planted,4325.0,ha,Actual,PL2
e5a7ecea00077d72,2012,7,Quảng Bình,Provincial,Cultivation,Khoai lang,,Area_Planted,4000.0,ha,Actual,PL2
3ecc8cfe0d972746,2012,7,Quảng Bình,Provincial,Cultivation,Sắn,,Area_Planted,5800.0,ha,Actual,PL2
ae1199fdcd67feb7,2012,7,Quảng Trị,Provincial,Cultivation,Lúa,,Area_Planted,24688.0,ha,Actual,PL2
30d9cbee15dab15f,2012,7,Quảng Trị,Provincial,Cultivation,Lúa,,Harvest_percent,1000.0,percent,Actual,PL2
ae1199fdcd67feb7,2012,7,Quảng Trị,Provincial,Cultivation,Lúa,,Area_Planted,540.0,ha,Actual,PL2
ae1199fdcd67feb7,2012,7,Quảng Trị,Provincial,Cultivation,Lúa,,Area_Planted,210200.0,ha,Actual,PL2
ae1199fdcd67feb7,2012,7,Quảng Trị,Provincial,Cultivation,Lúa,,Area_Planted,14812.0,ha,Actual,PL2
17c0b926b2dafaea,2012,7,Quảng Trị,Provincial,Cultivation,Ngô,,Area_Planted,3946.0,ha,Actual,PL2
9aa76235e2b0f5fb,2012,7,Quảng Trị,Provincial,Cultivation,Khoai lang,,Area_Planted,2000.0,ha,Actual,PL2
fbb8e42cf1153109,2012,7,Quảng Trị,Provincial,Cultivation,Sắn,,Area_Planted,8866.0,ha,Actual,PL2
d4dd0195dc67e193,2012,7,Thừa Thiên Huế,Provincial,Cultivation,Lúa,,Area_Planted,27400.0,ha,Actual,PL2
f518f3811a689169,2012,7,Thừa Thiên Huế,Provincial,Cultivation,Lúa,,Harvest_percent,1000.0,percent,Actual,PL2
d4dd0195dc67e193,2012,7,Thừa Thiên Huế,Provincial,Cultivation,Lúa,,Area_Planted,550.0,ha,Actual,PL2
d4dd0195dc67e193,2012,7,Thừa Thiên Huế,Provincial,Cultivation,Lúa,,Area_Planted,257710.0,ha,Actual,PL2
d4dd0195dc67e193,2012,7,Thừa Thiên Huế,Provincial,Cultivation,Lúa,,Area_Planted,9713.0,ha,Actual,PL2
82d7e24dfd51081e,2012,7,Thừa Thiên Huế,Provincial,Cultivation,Ngô,,Area_Planted,1313.0,ha,Actual,PL2
d8f2d13e0b80b581,2012,7,Thừa Thiên Huế,Provincial,Cultivation,Khoai lang,,Area_Planted,2500.0,ha,Actual,PL2
c70e0237c7d66383,2012,7,Thừa Thiên Huế,Provincial,Cultivation,Sắn,,Area_Planted,5900.0,ha,Actual,PL2
d1d296ba1cbe0ea4,2012,7,Miền Bắc,Provincial,Cultivation,Lúa,,Area_Planted,276608.0,ha,Actual,PL3
d1d296ba1cbe0ea4,2012,7,Miền Bắc,Provincial,Cultivation,Lúa,,Area_Planted,77117.0,ha,Actual,PL3
d1d296ba1cbe0ea4,2012,7,Miền Bắc,Provincial,Cultivation,Lúa,,Area_Planted,130279.0,ha,Actual,PL3
d1d296ba1cbe0ea4,2012,7,Miền Bắc,Provincial,Cultivation,Lúa,,Area_Planted,16006.0,ha,Actual,PL3
d1d296ba1cbe0ea4,2012,7,Miền Bắc,Provincial,Cultivation,Lúa,,Area_Planted,27773.0,ha,Actual,PL3
d1d296ba1cbe0ea4,2012,7,Miền Bắc,Provincial,Cultivation,Lúa,,Area_Planted,25433.0,ha,Actual,PL3
c93870a0689eb137,2012,7,Miền Bắc,Provincial,Cultivation,Rau,,Area_Planted,275837.0,ha,Actual,PL3
0ff27a879fc8af68,2012,7,ĐB sông Hồng,Provincial,Cultivation,Lúa,,Area_Planted,78028.0,ha,Actual,PL3
0ff27a879fc8af68,2012,7,ĐB sông Hồng,Provincial,Cultivation,Lúa,,Area_Planted,41447.0,ha,Actual,PL3
0ff27a879fc8af68,2012,7,ĐB sông Hồng,Provincial,Cultivation,Lúa,,Area_Planted,26073.0,ha,Actual,PL3
0ff27a879fc8af68,2012,7,ĐB sông Hồng,Provincial,Cultivation,Lúa,,Area_Planted,2155.0,ha,Actual,PL3
0ff27a879fc8af68,2012,7,ĐB sông Hồng,Provincial,Cultivation,Lúa,,Area_Planted,1537.0,ha,Actual,PL3
0ff27a879fc8af68,2012,7,ĐB sông Hồng,Provincial,Cultivation,Lúa,,Area_Planted,6815.0,ha,Actual,PL3
74e4564609598433,2012,7,ĐB sông Hồng,Provincial,Cultivation,Rau,,Area_Planted,147463.0,ha,Actual,PL3
460acc72662c9332,2012,7,Hà Nội,Provincial,Cultivation,Lúa,,Area_Planted,16729.0,ha,Actual,PL3
460acc72662c9332,2012,7,Hà Nội,Provincial,Cultivation,Lúa,,Area_Planted,11742.0,ha,Actual,PL3
460acc72662c9332,2012,7,Hà Nội,Provincial,Cultivation,Lúa,,Area_Planted,4987.0,ha,Actual,PL3
53add3f5c2e8defc,2012,7,Hà Nội,Provincial,Cultivation,Rau,,Area_Planted,25959.0,ha,Actual,PL3
2c4cdaa79112f7f5,2012,7,Hải Phòng,Provincial,Cultivation,Lúa,,Area_Planted,3691.0,ha,Actual,PL3
2c4cdaa79112f7f5,2012,7,Hải Phòng,Provincial,Cultivation,Lúa,,Area_Planted,34.0,ha,Actual,PL3
2c4cdaa79112f7f5,2012,7,Hải Phòng,Provincial,Cultivation,Lúa,,Area_Planted,118.0,ha,Actual,PL3
2c4cdaa79112f7f5,2012,7,Hải Phòng,Provincial,Cultivation,Lúa,,Area_Planted,2155.0,ha,Actual,PL3
2c4cdaa79112f7f5,2012,7,Hải Phòng,Provincial,Cultivation,Lúa,,Area_Planted,1385.0,ha,Actual,PL3
062b4e7ab05006bb,2012,7,Hải Phòng,Provincial,Cultivation,Rau,,Area_Planted,12067.0,ha,Actual,PL3
ee6632d8847d2592,2012,7,Vĩnh Phúc,Provincial,Cultivation,Lúa,,Area_Planted,5744.0,ha,Actual,PL3
ee6632d8847d2592,2012,7,Vĩnh Phúc,Provincial,Cultivation,Lúa,,Area_Planted,2475.0,ha,Actual,PL3
ee6632d8847d2592,2012,7,Vĩnh Phúc,Provincial,Cultivation,Lúa,,Area_Planted,3057.0,ha,Actual,PL3
ee6632d8847d2592,2012,7,Vĩnh Phúc,Provincial,Cultivation,Lúa,,Area_Planted,53.0,ha,Actual,PL3
ee6632d8847d2592,2012,7,Vĩnh Phúc,Provincial,Cultivation,Lúa,,Area_Planted,159.0,ha,Actual,PL3
c23c65a717ddc6c3,2012,7,Vĩnh Phúc,Provincial,Cultivation,Rau,,Area_Planted,6513.0,ha,Actual,PL3
f6d647a49fa78987,2012,7,Bắc Ninh,Provincial,Cultivation,Lúa,,Area_Planted,2289.0,ha,Actual,PL3
f6d647a49fa78987,2012,7,Bắc Ninh,Provincial,Cultivation,Lúa,,Area_Planted,1524.0,ha,Actual,PL3
f6d647a49fa78987,2012,7,Bắc Ninh,Provincial,Cultivation,Lúa,,Area_Planted,765.0,ha,Actual,PL3
8d4731af8fc3b39f,2012,7,Bắc Ninh,Provincial,Cultivation,Rau,,Area_Planted,11172.0,ha,Actual,PL3
3ee8e6e5f686360b,2012,7,Hải Dương,Provincial,Cultivation,Lúa,,Area_Planted,1555.0,ha,Actual,PL3
3ee8e6e5f686360b,2012,7,Hải Dương,Provincial,Cultivation,Lúa,,Area_Planted,505.0,ha,Actual,PL3
3ee8e6e5f686360b,2012,7,Hải Dương,Provincial,Cultivation,Lúa,,Area_Planted,1050.0,ha,Actual,PL3
680fb2330d19cd56,2012,7,Hải Dương,Provincial,Cultivation,Rau,,Area_Planted,8023.0,ha,Actual,PL3
faea1f4f8ef10819,2012,7,Hưng Yên,Provincial,Cultivation,Lúa,,Area_Planted,2223.0,ha,Actual,PL3
faea1f4f8ef10819,2012,7,Hưng Yên,Provincial,Cultivation,Lúa,,Area_Planted,1473.0,ha,Actual,PL3
faea1f4f8ef10819,2012,7,Hưng Yên,Provincial,Cultivation,Lúa,,Area_Planted,750.0,ha,Actual,PL3
b7475a28d5855bf3,2012,7,Hưng Yên,Provincial,Cultivation,Rau,,Area_Planted,12929.0,ha,Actual,PL3
cb20b78c9a3029ce,2012,7,Hà Nam,Provincial,Cultivation,Lúa,,Area_Planted,8353.0,ha,Actual,PL3
cb20b78c9a3029ce,2012,7,Hà Nam,Provincial,Cultivation,Lúa,,Area_Planted,8001.0,ha,Actual,PL3
cb20b78c9a3029ce,2012,7,Hà Nam,Provincial,Cultivation,Lúa,,Area_Planted,352.0,ha,Actual,PL3
e7c01786171ffa66,2012,7,Hà Nam,Provincial,Cultivation,Rau,,Area_Planted,3950.0,ha,Actual,PL3
847d11340a1f3920,2012,7,Nam Định,Provincial,Cultivation,Lúa,,Area_Planted,10126.0,ha,Actual,PL3
847d11340a1f3920,2012,7,Nam Định,Provincial,Cultivation,Lúa,,Area_Planted,1109.0,ha,Actual,PL3
847d11340a1f3920,2012,7,Nam Định,Provincial,Cultivation,Lúa,,Area_Planted,6288.0,ha,Actual,PL3
847d11340a1f3920,2012,7,Nam Định,Provincial,Cultivation,Lúa,,Area_Planted,2729.0,ha,Actual,PL3
66c4ef422297cfac,2012,7,Nam Định,Provincial,Cultivation,Rau,,Area_Planted,23296.0,ha,Actual,PL3
6e3aee3a18c70e2b,2012,7,Thái Bình,Provincial,Cultivation,Lúa,,Area_Planted,14263.0,ha,Actual,PL3
6e3aee3a18c70e2b,2012,7,Thái Bình,Provincial,Cultivation,Lúa,,Area_Planted,10890.0,ha,Actual,PL3
6e3aee3a18c70e2b,2012,7,Thái Bình,Provincial,Cultivation,Lúa,,Area_Planted,2123.0,ha,Actual,PL3
6e3aee3a18c70e2b,2012,7,Thái Bình,Provincial,Cultivation,Lúa,,Area_Planted,94.0,ha,Actual,PL3
6e3aee3a18c70e2b,2012,7,Thái Bình,Provincial,Cultivation,Lúa,,Area_Planted,1156.0,ha,Actual,PL3
585db6d9b4716043,2012,7,Thái Bình,Provincial,Cultivation,Rau,,Area_Planted,28189.0,ha,Actual,PL3
384d4e4a7026800c,2012,7,Ninh Bình,Provincial,Cultivation,Lúa,,Area_Planted,8813.0,ha,Actual,PL3
384d4e4a7026800c,2012,7,Ninh Bình,Provincial,Cultivation,Lúa,,Area_Planted,3183.0,ha,Actual,PL3
384d4e4a7026800c,2012,7,Ninh Bình,Provincial,Cultivation,Lúa,,Area_Planted,4251.0,ha,Actual,PL3
384d4e4a7026800c,2012,7,Ninh Bình,Provincial,Cultivation,Lúa,,Area_Planted,858.0,ha,Actual,PL3
384d4e4a7026800c,2012,7,Ninh Bình,Provincial,Cultivation,Lúa,,Area_Planted,521.0,ha,Actual,PL3
cd099fb84ee6c4f4,2012,7,Ninh Bình,Provincial,Cultivation,Rau,,Area_Planted,8531.0,ha,Actual,PL3
512c888185668c8b,2012,7,Quảng Ninh,Provincial,Cultivation,Lúa,,Area_Planted,4241.0,ha,Actual,PL3
512c888185668c8b,2012,7,Quảng Ninh,Provincial,Cultivation,Lúa,,Area_Planted,512.0,ha,Actual,PL3
512c888185668c8b,2012,7,Quảng Ninh,Provincial,Cultivation,Lúa,,Area_Planted,2332.0,ha,Actual,PL3
512c888185668c8b,2012,7,Quảng Ninh,Provincial,Cultivation,Lúa,,Area_Planted,532.0,ha,Actual,PL3
512c888185668c8b,2012,7,Quảng Ninh,Provincial,Cultivation,Lúa,,Area_Planted,865.0,ha,Actual,PL3
f2e09e4ccc6a5b80,2012,7,Quảng Ninh,Provincial,Cultivation,Rau,,Area_Planted,6834.0,ha,Actual,PL3
836bd63baffc7be2,2012,7,TD và MN,Provincial,Cultivation,Lúa,,Area_Planted,102655.0,ha,Actual,PL3
836bd63baffc7be2,2012,7,TD và MN,Provincial,Cultivation,Lúa,,Area_Planted,29258.0,ha,Actual,PL3
836bd63baffc7be2,2012,7,TD và MN,Provincial,Cultivation,Lúa,,Area_Planted,39065.0,ha,Actual,PL3
836bd63baffc7be2,2012,7,TD và MN,Provincial,Cultivation,Lúa,,Area_Planted,12855.0,ha,Actual,PL3
836bd63baffc7be2,2012,7,TD và MN,Provincial,Cultivation,Lúa,,Area_Planted,10162.0,ha,Actual,PL3
836bd63baffc7be2,2012,7,TD và MN,Provincial,Cultivation,Lúa,,Area_Planted,11316.0,ha,Actual,PL3
12d5421fffdca5f9,2012,7,TD và MN,Provincial,Cultivation,Rau,,Area_Planted,76411.0,ha,Actual,PL3
882b53b0df63768e,2012,7,Hà Giang,Provincial,Cultivation,Lúa,,Area_Planted,17875.0,ha,Actual,PL3
882b53b0df63768e,2012,7,Hà Giang,Provincial,Cultivation,Lúa,,Area_Planted,10066.0,ha,Actual,PL3
882b53b0df63768e,2012,7,Hà Giang,Provincial,Cultivation,Lúa,,Area_Planted,4996.0,ha,Actual,PL3
882b53b0df63768e,2012,7,Hà Giang,Provincial,Cultivation,Lúa,,Area_Planted,2243.0,ha,Actual,PL3
882b53b0df63768e,2012,7,Hà Giang,Provincial,Cultivation,Lúa,,Area_Planted,495.0,ha,Actual,PL3
882b53b0df63768e,2012,7,Hà Giang,Provincial,Cultivation,Lúa,,Area_Planted,75.0,ha,Actual,PL3
44abea997ff49f8c,2012,7,Hà Giang,Provincial,Cultivation,Rau,,Area_Planted,8771.0,ha,Actual,PL3
3d44e02c47732c49,2012,7,ằ  Cao Bng,Provincial,Cultivation,Lúa,,Area_Planted,7382.0,ha,Actual,PL3
3d44e02c47732c49,2012,7,ằ  Cao Bng,Provincial,Cultivation,Lúa,,Area_Planted,2033.0,ha,Actual,PL3
3d44e02c47732c49,2012,7,ằ  Cao Bng,Provincial,Cultivation,Lúa,,Area_Planted,360.0,ha,Actual,PL3
3d44e02c47732c49,2012,7,ằ  Cao Bng,Provincial,Cultivation,Lúa,,Area_Planted,3059.0,ha,Actual,PL3
3d44e02c47732c49,2012,7,ằ  Cao Bng,Provincial,Cultivation,Lúa,,Area_Planted,1698.0,ha,Actual,PL3
3d44e02c47732c49,2012,7,ằ  Cao Bng,Provincial,Cultivation,Lúa,,Area_Planted,232.0,ha,Actual,PL3
e6e858e09009e3c2,2012,7,ằ  Cao Bng,Provincial,Cultivation,Rau,,Area_Planted,1058.0,ha,Actual,PL3
4870fec7aff8d160,2012,7,Lào Cai,Provincial,Cultivation,Lúa,,Area_Planted,3276.0,ha,Actual,PL3
4870fec7aff8d160,2012,7,Lào Cai,Provincial,Cultivation,Lúa,,Area_Planted,2271.0,ha,Actual,PL3
4870fec7aff8d160,2012,7,Lào Cai,Provincial,Cultivation,Lúa,,Area_Planted,772.0,ha,Actual,PL3
4870fec7aff8d160,2012,7,Lào Cai,Provincial,Cultivation,Lúa,,Area_Planted,215.0,ha,Actual,PL3
4870fec7aff8d160,2012,7,Lào Cai,Provincial,Cultivation,Lúa,,Area_Planted,18.0,ha,Actual,PL3
16e56ce5f5176c93,2012,7,Lào Cai,Provincial,Cultivation,Rau,,Area_Planted,3517.0,ha,Actual,PL3
c7f90712e0385999,2012,7,Bắc Cạn,Provincial,Cultivation,Lúa,,Area_Planted,2979.0,ha,Actual,PL3
c7f90712e0385999,2012,7,Bắc Cạn,Provincial,Cultivation,Lúa,,Area_Planted,734.0,ha,Actual,PL3
c7f90712e0385999,2012,7,Bắc Cạn,Provincial,Cultivation,Lúa,,Area_Planted,322.0,ha,Actual,PL3
c7f90712e0385999,2012,7,Bắc Cạn,Provincial,Cultivation,Lúa,,Area_Planted,1000.0,ha,Actual,PL3
c7f90712e0385999,2012,7,Bắc Cạn,Provincial,Cultivation,Lúa,,Area_Planted,155.0,ha,Actual,PL3
c7f90712e0385999,2012,7,Bắc Cạn,Provincial,Cultivation,Lúa,,Area_Planted,768.0,ha,Actual,PL3
1bae19b9a7b5d6d5,2012,7,Bắc Cạn,Provincial,Cultivation,Rau,,Area_Planted,1460.0,ha,Actual,PL3
22b9e13046b52436,2012,7,Lạng Sơn,Provincial,Cultivation,Lúa,,Area_Planted,8080.0,ha,Actual,PL3
22b9e13046b52436,2012,7,Lạng Sơn,Provincial,Cultivation,Lúa,,Area_Planted,690.0,ha,Actual,PL3
22b9e13046b52436,2012,7,Lạng Sơn,Provincial,Cultivation,Lúa,,Area_Planted,1330.0,ha,Actual,PL3
22b9e13046b52436,2012,7,Lạng Sơn,Provincial,Cultivation,Lúa,,Area_Planted,5093.0,ha,Actual,PL3
22b9e13046b52436,2012,7,Lạng Sơn,Provincial,Cultivation,Lúa,,Area_Planted,395.0,ha,Actual,PL3
22b9e13046b52436,2012,7,Lạng Sơn,Provincial,Cultivation,Lúa,,Area_Planted,572.0,ha,Actual,PL3
128c968b0d45b026,2012,7,Lạng Sơn,Provincial,Cultivation,Rau,,Area_Planted,7444.0,ha,Actual,PL3
7107c51a664356ce,2012,7,Tuyên Quang,Provincial,Cultivation,Lúa,,Area_Planted,4802.0,ha,Actual,PL3
7107c51a664356ce,2012,7,Tuyên Quang,Provincial,Cultivation,Lúa,,Area_Planted,1147.0,ha,Actual,PL3
7107c51a664356ce,2012,7,Tuyên Quang,Provincial,Cultivation,Lúa,,Area_Planted,3655.0,ha,Actual,PL3
379b38f5076b7531,2012,7,Tuyên Quang,Provincial,Cultivation,Rau,,Area_Planted,2939.0,ha,Actual,PL3
1ecd655d9a7a6a4a,2012,7,Yên Bái,Provincial,Cultivation,Lúa,,Area_Planted,3196.0,ha,Actual,PL3
1ecd655d9a7a6a4a,2012,7,Yên Bái,Provincial,Cultivation,Lúa,,Area_Planted,856.0,ha,Actual,PL3
1ecd655d9a7a6a4a,2012,7,Yên Bái,Provincial,Cultivation,Lúa,,Area_Planted,1570.0,ha,Actual,PL3
1ecd655d9a7a6a4a,2012,7,Yên Bái,Provincial,Cultivation,Lúa,,Area_Planted,750.0,ha,Actual,PL3
1ecd655d9a7a6a4a,2012,7,Yên Bái,Provincial,Cultivation,Lúa,,Area_Planted,20.0,ha,Actual,PL3
579b74643f723551,2012,7,Yên Bái,Provincial,Cultivation,Rau,,Area_Planted,6850.0,ha,Actual,PL3
8b6b144e76c974b7,2012,7,Thái Nguyên,Provincial,Cultivation,Lúa,,Area_Planted,5712.0,ha,Actual,PL3
8b6b144e76c974b7,2012,7,Thái Nguyên,Provincial,Cultivation,Lúa,,Area_Planted,1109.0,ha,Actual,PL3
8b6b144e76c974b7,2012,7,Thái Nguyên,Provincial,Cultivation,Lúa,,Area_Planted,3702.0,ha,Actual,PL3
8b6b144e76c974b7,2012,7,Thái Nguyên,Provincial,Cultivation,Lúa,,Area_Planted,623.0,ha,Actual,PL3
8b6b144e76c974b7,2012,7,Thái Nguyên,Provincial,Cultivation,Lúa,,Area_Planted,75.0,ha,Actual,PL3
8b6b144e76c974b7,2012,7,Thái Nguyên,Provincial,Cultivation,Lúa,,Area_Planted,203.0,ha,Actual,PL3
1d2875bab4b0d796,2012,7,Thái Nguyên,Provincial,Cultivation,Rau,,Area_Planted,9781.0,ha,Actual,PL3
42a667c2a7316bd7,2012,7,Phú Thọ,Provincial,Cultivation,Lúa,,Area_Planted,5400.0,ha,Actual,PL3
42a667c2a7316bd7,2012,7,Phú Thọ,Provincial,Cultivation,Lúa,,Area_Planted,945.0,ha,Actual,PL3
42a667c2a7316bd7,2012,7,Phú Thọ,Provincial,Cultivation,Lúa,,Area_Planted,4455.0,ha,Actual,PL3
454d16b0c5e7e18a,2012,7,Phú Thọ,Provincial,Cultivation,Rau,,Area_Planted,7039.0,ha,Actual,PL3
912e8708eefe6455,2012,7,Bắc Giang,Provincial,Cultivation,Lúa,,Area_Planted,12104.0,ha,Actual,PL3
912e8708eefe6455,2012,7,Bắc Giang,Provincial,Cultivation,Lúa,,Area_Planted,916.0,ha,Actual,PL3
912e8708eefe6455,2012,7,Bắc Giang,Provincial,Cultivation,Lúa,,Area_Planted,10394.0,ha,Actual,PL3
912e8708eefe6455,2012,7,Bắc Giang,Provincial,Cultivation,Lúa,,Area_Planted,309.0,ha,Actual,PL3
912e8708eefe6455,2012,7,Bắc Giang,Provincial,Cultivation,Lúa,,Area_Planted,294.0,ha,Actual,PL3
912e8708eefe6455,2012,7,Bắc Giang,Provincial,Cultivation,Lúa,,Area_Planted,191.0,ha,Actual,PL3
9b5a44b8aa06b2e8,2012,7,Bắc Giang,Provincial,Cultivation,Rau,,Area_Planted,20889.0,ha,Actual,PL3
95ae7258bdb3b37c,2012,7,Lai Châu,Provincial,Cultivation,Lúa,,Area_Planted,3340.0,ha,Actual,PL3
95ae7258bdb3b37c,2012,7,Lai Châu,Provincial,Cultivation,Lúa,,Area_Planted,1369.0,ha,Actual,PL3
95ae7258bdb3b37c,2012,7,Lai Châu,Provincial,Cultivation,Lúa,,Area_Planted,1272.0,ha,Actual,PL3
95ae7258bdb3b37c,2012,7,Lai Châu,Provincial,Cultivation,Lúa,,Area_Planted,9.0,ha,Actual,PL3
95ae7258bdb3b37c,2012,7,Lai Châu,Provincial,Cultivation,Lúa,,Area_Planted,690.0,ha,Actual,PL3
4d8cbfa375d61b98,2012,7,Lai Châu,Provincial,Cultivation,Rau,,Area_Planted,779.0,ha,Actual,PL3
5a6532c3c1863449,2012,7,Điện Biên,Provincial,Cultivation,Lúa,,Area_Planted,11998.0,ha,Actual,PL3
5a6532c3c1863449,2012,7,Điện Biên,Provincial,Cultivation,Lúa,,Area_Planted,3223.0,ha,Actual,PL3
5a6532c3c1863449,2012,7,Điện Biên,Provincial,Cultivation,Lúa,,Area_Planted,1661.0,ha,Actual,PL3
5a6532c3c1863449,2012,7,Điện Biên,Provincial,Cultivation,Lúa,,Area_Planted,7114.0,ha,Actual,PL3
704a6d27d827c0b8,2012,7,Điện Biên,Provincial,Cultivation,Rau,,Area_Planted,368.0,ha,Actual,PL3
dfe34e7543dd6702,2012,7,Sơn La,Provincial,Cultivation,Lúa,,Area_Planted,5886.0,ha,Actual,PL3
dfe34e7543dd6702,2012,7,Sơn La,Provincial,Cultivation,Lúa,,Area_Planted,3438.0,ha,Actual,PL3
dfe34e7543dd6702,2012,7,Sơn La,Provincial,Cultivation,Lúa,,Area_Planted,1424.0,ha,Actual,PL3
dfe34e7543dd6702,2012,7,Sơn La,Provincial,Cultivation,Lúa,,Area_Planted,304.0,ha,Actual,PL3
dfe34e7543dd6702,2012,7,Sơn La,Provincial,Cultivation,Lúa,,Area_Planted,487.0,ha,Actual,PL3
dfe34e7543dd6702,2012,7,Sơn La,Provincial,Cultivation,Lúa,,Area_Planted,233.0,ha,Actual,PL3
2e95f95dc9f7635b,2012,7,Sơn La,Provincial,Cultivation,Rau,,Area_Planted,2665.0,ha,Actual,PL3
89120f5dc1dfc72a,2012,7,Hoà Bình,Provincial,Cultivation,Lúa,,Area_Planted,10626.0,ha,Actual,PL3
89120f5dc1dfc72a,2012,7,Hoà Bình,Provincial,Cultivation,Lúa,,Area_Planted,461.0,ha,Actual,PL3
89120f5dc1dfc72a,2012,7,Hoà Bình,Provincial,Cultivation,Lúa,,Area_Planted,3152.0,ha,Actual,PL3
89120f5dc1dfc72a,2012,7,Hoà Bình,Provincial,Cultivation,Lúa,,Area_Planted,5813.0,ha,Actual,PL3
89120f5dc1dfc72a,2012,7,Hoà Bình,Provincial,Cultivation,Lúa,,Area_Planted,1200.0,ha,Actual,PL3
f3d8a13a337f371e,2012,7,Hoà Bình,Provincial,Cultivation,Rau,,Area_Planted,2851.0,ha,Actual,PL3
800b394374505e5b,2012,7,Bắc Trung Bộ,Provincial,Cultivation,Lúa,,Area_Planted,95925.0,ha,Actual,PL3
800b394374505e5b,2012,7,Bắc Trung Bộ,Provincial,Cultivation,Lúa,,Area_Planted,6412.0,ha,Actual,PL3
800b394374505e5b,2012,7,Bắc Trung Bộ,Provincial,Cultivation,Lúa,,Area_Planted,65141.0,ha,Actual,PL3
800b394374505e5b,2012,7,Bắc Trung Bộ,Provincial,Cultivation,Lúa,,Area_Planted,996.0,ha,Actual,PL3
800b394374505e5b,2012,7,Bắc Trung Bộ,Provincial,Cultivation,Lúa,,Area_Planted,16074.0,ha,Actual,PL3
800b394374505e5b,2012,7,Bắc Trung Bộ,Provincial,Cultivation,Lúa,,Area_Planted,7302.0,ha,Actual,PL3
042fdf7e27e6044c,2012,7,Bắc Trung Bộ,Provincial,Cultivation,Rau,,Area_Planted,51963.0,ha,Actual,PL3
6e2f934cdd114636,2012,7,Thanh Hoá,Provincial,Cultivation,Lúa,,Area_Planted,28528.0,ha,Actual,PL3
6e2f934cdd114636,2012,7,Thanh Hoá,Provincial,Cultivation,Lúa,,Area_Planted,6391.0,ha,Actual,PL3
6e2f934cdd114636,2012,7,Thanh Hoá,Provincial,Cultivation,Lúa,,Area_Planted,12624.0,ha,Actual,PL3
6e2f934cdd114636,2012,7,Thanh Hoá,Provincial,Cultivation,Lúa,,Area_Planted,946.0,ha,Actual,PL3
6e2f934cdd114636,2012,7,Thanh Hoá,Provincial,Cultivation,Lúa,,Area_Planted,7337.0,ha,Actual,PL3
6e2f934cdd114636,2012,7,Thanh Hoá,Provincial,Cultivation,Lúa,,Area_Planted,1230.0,ha,Actual,PL3
d13c5954e87dbb3c,2012,7,Thanh Hoá,Provincial,Cultivation,Rau,,Area_Planted,17721.0,ha,Actual,PL3
c95723b2fc532aa6,2012,7,Nghệ An,Provincial,Cultivation,Lúa,,Area_Planted,36259.0,ha,Actual,PL3
c95723b2fc532aa6,2012,7,Nghệ An,Provincial,Cultivation,Lúa,,Area_Planted,21.0,ha,Actual,PL3
c95723b2fc532aa6,2012,7,Nghệ An,Provincial,Cultivation,Lúa,,Area_Planted,22451.0,ha,Actual,PL3
c95723b2fc532aa6,2012,7,Nghệ An,Provincial,Cultivation,Lúa,,Area_Planted,8687.0,ha,Actual,PL3
c95723b2fc532aa6,2012,7,Nghệ An,Provincial,Cultivation,Lúa,,Area_Planted,5100.0,ha,Actual,PL3
2f602aff6d67c1a8,2012,7,Nghệ An,Provincial,Cultivation,Rau,,Area_Planted,20670.0,ha,Actual,PL3
b35ac9b72064b932,2012,7,Hà Tĩnh,Provincial,Cultivation,Lúa,,Area_Planted,18287.0,ha,Actual,PL3
b35ac9b72064b932,2012,7,Hà Tĩnh,Provincial,Cultivation,Lúa,,Area_Planted,17615.0,ha,Actual,PL3
b35ac9b72064b932,2012,7,Hà Tĩnh,Provincial,Cultivation,Lúa,,Area_Planted,672.0,ha,Actual,PL3
d5897d78a8e829a4,2012,7,Hà Tĩnh,Provincial,Cultivation,Rau,,Area_Planted,3202.0,ha,Actual,PL3
7b7412b62c5ce7a7,2012,7,Quảng Bình,Provincial,Cultivation,Lúa,,Area_Planted,4241.0,ha,Actual,PL3
7b7412b62c5ce7a7,2012,7,Quảng Bình,Provincial,Cultivation,Lúa,,Area_Planted,4241.0,ha,Actual,PL3
5dd43b3943f98739,2012,7,Quảng Bình,Provincial,Cultivation,Rau,,Area_Planted,270.0,ha,Actual,PL3
ae1199fdcd67feb7,2012,7,Quảng Trị,Provincial,Cultivation,Lúa,,Area_Planted,4640.0,ha,Actual,PL3
ae1199fdcd67feb7,2012,7,Quảng Trị,Provincial,Cultivation,Lúa,,Area_Planted,4640.0,ha,Actual,PL3
5215367bbeb1c490,2012,7,Quảng Trị,Provincial,Cultivation,Rau,,Area_Planted,5500.0,ha,Actual,PL3
d4dd0195dc67e193,2012,7,Thừa Thiên Huế,Provincial,Cultivation,Lúa,,Area_Planted,3970.0,ha,Actual,PL3
d4dd0195dc67e193,2012,7,Thừa Thiên Huế,Provincial,Cultivation,Lúa,,Area_Planted,3570.0,ha,Actual,PL3
d4dd0195dc67e193,2012,7,Thừa Thiên Huế,Provincial,Cultivation,Lúa,,Area_Planted,50.0,ha,Actual,PL3
d4dd0195dc67e193,2012,7,Thừa Thiên Huế,Provincial,Cultivation,Lúa,,Area_Planted,50.0,ha,Actual,PL3
d4dd0195dc67e193,2012,7,Thừa Thiên Huế,Provincial,Cultivation,Lúa,,Area_Planted,300.0,ha,Actual,PL3
11d65b770d52a542,2012,7,Thừa Thiên Huế,Provincial,Cultivation,Rau,,Area_Planted,4600.0,ha,Actual,PL3
79e8b15334ef8f0f,2012,7,Miền Nam,Provincial,Cultivation,Lúa,,Area_Planted,2057175.0,ha,Actual,PL4
207385eec390afe1,2012,7,Miền Nam,Provincial,Cultivation,Lúa,,Area_Harvested,661037.0,ha,Actual,PL4
79e8b15334ef8f0f,2012,7,Miền Nam,Provincial,Cultivation,Lúa,,Area_Planted,354241.0,ha,Actual,PL4
79e8b15334ef8f0f,2012,7,Miền Nam,Provincial,Cultivation,Lúa,,Area_Planted,586866.0,ha,Actual,PL4
5ddb0b93d4271661,2012,7,Miền Nam,Provincial,Cultivation,Ngô,,Area_Planted,265826.0,ha,Actual,PL4
5338410e4c30b170,2012,7,Miền Nam,Provincial,Cultivation,Khoai lang,,Area_Planted,33272.0,ha,Actual,PL4
c4da14781b0aef38,2012,7,Miền Nam,Provincial,Cultivation,Sắn,,Area_Planted,278705.0,ha,Actual,PL4
79e8b15334ef8f0f,2012,7,Miền Nam,Provincial,Cultivation,Lúa,,Area_Planted,9064.0,ha,Actual,PL4
1bd84f2455e16ebe,2012,7,D.H Nam Trung Bộ,Provincial,Cultivation,Lúa,,Area_Planted,222231.0,ha,Actual,PL4
deba8d7fdb205e84,2012,7,D.H Nam Trung Bộ,Provincial,Cultivation,Lúa,,Area_Harvested,22307.0,ha,Actual,PL4
1bd84f2455e16ebe,2012,7,D.H Nam Trung Bộ,Provincial,Cultivation,Lúa,,Area_Planted,13558.0,ha,Actual,PL4
1bd84f2455e16ebe,2012,7,D.H Nam Trung Bộ,Provincial,Cultivation,Lúa,,Area_Planted,151470.0,ha,Actual,PL4
35ca9acc54eaf7f7,2012,7,D.H Nam Trung Bộ,Provincial,Cultivation,Ngô,,Area_Planted,60507.0,ha,Actual,PL4
56798d07574a1b96,2012,7,D.H Nam Trung Bộ,Provincial,Cultivation,Khoai lang,,Area_Planted,6185.0,ha,Actual,PL4
c503aaa95f648d9c,2012,7,D.H Nam Trung Bộ,Provincial,Cultivation,Sắn,,Area_Planted,84402.0,ha,Actual,PL4
1bd84f2455e16ebe,2012,7,D.H Nam Trung Bộ,Provincial,Cultivation,Lúa,,Area_Planted,376.0,ha,Actual,PL4
960ebe2f4d379ed9,2012,7,TP Đà Nẵng,Provincial,Cultivation,Lúa,,Area_Planted,2884.0,ha,Actual,PL4
960ebe2f4d379ed9,2012,7,TP Đà Nẵng,Provincial,Cultivation,Lúa,,Area_Planted,403.0,ha,Actual,PL4
86157c7a52fc71f3,2012,7,TP Đà Nẵng,Provincial,Cultivation,Ngô,,Area_Planted,253.0,ha,Actual,PL4
ccd5548877ad258d,2012,7,TP Đà Nẵng,Provincial,Cultivation,Khoai lang,,Area_Planted,100.0,ha,Actual,PL4
43a525747dd381dd,2012,7,TP Đà Nẵng,Provincial,Cultivation,Sắn,,Area_Planted,50.0,ha,Actual,PL4
9aa0d584ab8b3f88,2012,7,Quảng Nam,Provincial,Cultivation,Lúa,,Area_Planted,44500.0,ha,Actual,PL4
9aa0d584ab8b3f88,2012,7,Quảng Nam,Provincial,Cultivation,Lúa,,Area_Planted,33005.0,ha,Actual,PL4
ec8943f5edde74b1,2012,7,Quảng Nam,Provincial,Cultivation,Ngô,,Area_Planted,13176.0,ha,Actual,PL4
5290a23a34c5f9e4,2012,7,Quảng Nam,Provincial,Cultivation,Khoai lang,,Area_Planted,5329.0,ha,Actual,PL4
4cae0b0fbf257af6,2012,7,Quảng Nam,Provincial,Cultivation,Sắn,,Area_Planted,14500.0,ha,Actual,PL4
f1d9d3cd86e40f97,2012,7,Quảng Ngãi,Provincial,Cultivation,Lúa,,Area_Planted,33591.0,ha,Actual,PL4
f1d9d3cd86e40f97,2012,7,Quảng Ngãi,Provincial,Cultivation,Lúa,,Area_Planted,25246.0,ha,Actual,PL4
dc2c9f338c400b45,2012,7,Quảng Ngãi,Provincial,Cultivation,Ngô,,Area_Planted,9496.0,ha,Actual,PL4
07bc0bd2039f3b25,2012,7,Quảng Ngãi,Provincial,Cultivation,Sắn,,Area_Planted,15750.0,ha,Actual,PL4
747a2a8f4ec06efb,2012,7,Bình Định,Provincial,Cultivation,Lúa,,Area_Planted,42760.0,ha,Actual,PL4
427924cbebec299b,2012,7,Bình Định,Provincial,Cultivation,Lúa,,Area_Harvested,19857.0,ha,Actual,PL4
747a2a8f4ec06efb,2012,7,Bình Định,Provincial,Cultivation,Lúa,,Area_Planted,12358.0,ha,Actual,PL4
747a2a8f4ec06efb,2012,7,Bình Định,Provincial,Cultivation,Lúa,,Area_Planted,5383.0,ha,Actual,PL4
496b590af0fad1f4,2012,7,Bình Định,Provincial,Cultivation,Ngô,,Area_Planted,5383.0,ha,Actual,PL4
33f84f16750a8c0e,2012,7,Phú Yên,Provincial,Cultivation,Lúa,,Area_Planted,24380.0,ha,Actual,PL4
f89882a43f58f2f0,2012,7,Phú Yên,Provincial,Cultivation,Lúa,,Area_Harvested,350.0,ha,Actual,PL4
33f84f16750a8c0e,2012,7,Phú Yên,Provincial,Cultivation,Lúa,,Area_Planted,680.0,ha,Actual,PL4
33f84f16750a8c0e,2012,7,Phú Yên,Provincial,Cultivation,Lúa,,Area_Planted,21579.0,ha,Actual,PL4
70cfc7eb9cfb46bb,2012,7,Phú Yên,Provincial,Cultivation,Ngô,,Area_Planted,4344.0,ha,Actual,PL4
14a0c0d4f6b3644f,2012,7,Phú Yên,Provincial,Cultivation,Khoai lang,,Area_Planted,208.0,ha,Actual,PL4
4ae8c382aaa9ae0d,2012,7,Phú Yên,Provincial,Cultivation,Sắn,,Area_Planted,16784.0,ha,Actual,PL4
33f84f16750a8c0e,2012,7,Phú Yên,Provincial,Cultivation,Lúa,,Area_Planted,243.0,ha,Actual,PL4
6b9772c569ef434a,2012,7,Khánh Hoà,Provincial,Cultivation,Lúa,,Area_Planted,18955.0,ha,Actual,PL4
e0789f52a5e597d7,2012,7,Khánh Hoà,Provincial,Cultivation,Lúa,,Area_Harvested,2100.0,ha,Actual,PL4
6b9772c569ef434a,2012,7,Khánh Hoà,Provincial,Cultivation,Lúa,,Area_Planted,120.0,ha,Actual,PL4
6b9772c569ef434a,2012,7,Khánh Hoà,Provincial,Cultivation,Lúa,,Area_Planted,10402.0,ha,Actual,PL4
7a74c5863fad67b4,2012,7,Khánh Hoà,Provincial,Cultivation,Ngô,,Area_Planted,4217.0,ha,Actual,PL4
af7ce6e70a01916b,2012,7,Khánh Hoà,Provincial,Cultivation,Khoai lang,,Area_Planted,159.0,ha,Actual,PL4
74277724e1ac4774,2012,7,Khánh Hoà,Provincial,Cultivation,Sắn,,Area_Planted,5893.0,ha,Actual,PL4
6b9772c569ef434a,2012,7,Khánh Hoà,Provincial,Cultivation,Lúa,,Area_Planted,133.0,ha,Actual,PL4
d0ab03297456801a,2012,7,Ninh Thuận,Provincial,Cultivation,Lúa,,Area_Planted,14544.0,ha,Actual,PL4
d0ab03297456801a,2012,7,Ninh Thuận,Provincial,Cultivation,Lúa,,Area_Planted,400.0,ha,Actual,PL4
d0ab03297456801a,2012,7,Ninh Thuận,Provincial,Cultivation,Lúa,,Area_Planted,11110.0,ha,Actual,PL4
e2c72abdf0bbe067,2012,7,Ninh Thuận,Provincial,Cultivation,Ngô,,Area_Planted,7994.0,ha,Actual,PL4
dca691c52465bf6a,2012,7,Ninh Thuận,Provincial,Cultivation,Khoai lang,,Area_Planted,101.0,ha,Actual,PL4
fe0bd360ead3c231,2012,7,Ninh Thuận,Provincial,Cultivation,Sắn,,Area_Planted,3015.0,ha,Actual,PL4
28290a8c8313d75d,2012,7,Bình Thuận,Provincial,Cultivation,Lúa,,Area_Planted,40618.0,ha,Actual,PL4
28290a8c8313d75d,2012,7,Bình Thuận,Provincial,Cultivation,Lúa,,Area_Planted,44342.0,ha,Actual,PL4
e107c5febfce0ef5,2012,7,Bình Thuận,Provincial,Cultivation,Ngô,,Area_Planted,15644.0,ha,Actual,PL4
3223ba77b8724b3a,2012,7,Bình Thuận,Provincial,Cultivation,Khoai lang,,Area_Planted,288.0,ha,Actual,PL4
866b8493e8181e8a,2012,7,Bình Thuận,Provincial,Cultivation,Sắn,,Area_Planted,28410.0,ha,Actual,PL4
c9350cf04a5396cf,2012,7,Tây Nguyên,Provincial,Cultivation,Lúa,,Area_Planted,61249.0,ha,Actual,PL4
c9350cf04a5396cf,2012,7,Tây Nguyên,Provincial,Cultivation,Lúa,,Area_Planted,63127.0,ha,Actual,PL4
c9350cf04a5396cf,2012,7,Tây Nguyên,Provincial,Cultivation,Lúa,,Area_Planted,272729.0,ha,Actual,PL4
fe5f05f9c86cd97b,2012,7,Tây Nguyên,Provincial,Cultivation,Ngô,,Area_Planted,137140.0,ha,Actual,PL4
2114c3867028b753,2012,7,Tây Nguyên,Provincial,Cultivation,Khoai lang,,Area_Planted,9462.0,ha,Actual,PL4
9441a05c30249f28,2012,7,Tây Nguyên,Provincial,Cultivation,Sắn,,Area_Planted,125929.0,ha,Actual,PL4
c9350cf04a5396cf,2012,7,Tây Nguyên,Provincial,Cultivation,Lúa,,Area_Planted,199.0,ha,Actual,PL4
2507804a6682f7ec,2012,7,Kon Tum,Provincial,Cultivation,Lúa,,Area_Planted,13661.0,ha,Actual,PL4
2507804a6682f7ec,2012,7,Kon Tum,Provincial,Cultivation,Lúa,,Area_Planted,39432.0,ha,Actual,PL4
c4ff276fd294b42d,2012,7,Kon Tum,Provincial,Cultivation,Ngô,,Area_Planted,5904.0,ha,Actual,PL4
6c403b6e62e90414,2012,7,Kon Tum,Provincial,Cultivation,Khoai lang,,Area_Planted,50.0,ha,Actual,PL4
4a04ad5a76c890b1,2012,7,Kon Tum,Provincial,Cultivation,Sắn,,Area_Planted,33478.0,ha,Actual,PL4
649b8efa3e869ed1,2012,7,Gia Lai,Provincial,Cultivation,Lúa,,Area_Planted,43769.0,ha,Actual,PL4
649b8efa3e869ed1,2012,7,Gia Lai,Provincial,Cultivation,Lúa,,Area_Planted,89698.0,ha,Actual,PL4
83e24965f2f62bd4,2012,7,Gia Lai,Provincial,Cultivation,Ngô,,Area_Planted,38370.0,ha,Actual,PL4
a302b617da4246e9,2012,7,Gia Lai,Provincial,Cultivation,Khoai lang,,Area_Planted,791.0,ha,Actual,PL4
6ba03852c9dcd845,2012,7,Gia Lai,Provincial,Cultivation,Sắn,,Area_Planted,50538.0,ha,Actual,PL4
38c974f6c7cda189,2012,7,Đắc Lắc,Provincial,Cultivation,Lúa,,Area_Planted,48920.0,ha,Actual,PL4
38c974f6c7cda189,2012,7,Đắc Lắc,Provincial,Cultivation,Lúa,,Area_Planted,101449.0,ha,Actual,PL4
fbd87dbe9087322f,2012,7,Đắc Lắc,Provincial,Cultivation,Ngô,,Area_Planted,75594.0,ha,Actual,PL4
ce4e2164db282278,2012,7,Đắc Lắc,Provincial,Cultivation,Khoai lang,,Area_Planted,1926.0,ha,Actual,PL4
554951972373127f,2012,7,Đắc Lắc,Provincial,Cultivation,Sắn,,Area_Planted,23730.0,ha,Actual,PL4
38c974f6c7cda189,2012,7,Đắc Lắc,Provincial,Cultivation,Lúa,,Area_Planted,199.0,ha,Actual,PL4
48501c5c5372e149,2012,7,Đắc Nông,Provincial,Cultivation,Lúa,,Area_Planted,4953.0,ha,Actual,PL4
48501c5c5372e149,2012,7,Đắc Nông,Provincial,Cultivation,Lúa,,Area_Planted,24393.0,ha,Actual,PL4
591f2903e97182d8,2012,7,Đắc Nông,Provincial,Cultivation,Ngô,,Area_Planted,2827.0,ha,Actual,PL4
a67bef14813c52c3,2012,7,Đắc Nông,Provincial,Cultivation,Khoai lang,,Area_Planted,5276.0,ha,Actual,PL4
e4ba3d58283bddb6,2012,7,Đắc Nông,Provincial,Cultivation,Sắn,,Area_Planted,16290.0,ha,Actual,PL4
c91e689997985a22,2012,7,Lâm Đồng,Provincial,Cultivation,Lúa,,Area_Planted,7376.0,ha,Actual,PL4
c91e689997985a22,2012,7,Lâm Đồng,Provincial,Cultivation,Lúa,,Area_Planted,5697.0,ha,Actual,PL4
c91e689997985a22,2012,7,Lâm Đồng,Provincial,Cultivation,Lúa,,Area_Planted,17757.0,ha,Actual,PL4
1b1eb588db0de3f1,2012,7,Lâm Đồng,Provincial,Cultivation,Ngô,,Area_Planted,14445.0,ha,Actual,PL4
b135932edcd5e0ee,2012,7,Lâm Đồng,Provincial,Cultivation,Khoai lang,,Area_Planted,1419.0,ha,Actual,PL4
734c0f29be99fc39,2012,7,Lâm Đồng,Provincial,Cultivation,Sắn,,Area_Planted,1893.0,ha,Actual,PL4
0739d6efdf564c2e,2012,7,Đông Nam Bộ,Provincial,Cultivation,Lúa,,Area_Planted,92487.0,ha,Actual,PL4
a86df6c0c6420b31,2012,7,Đông Nam Bộ,Provincial,Cultivation,Lúa,,Area_Harvested,5000.0,ha,Actual,PL4
0739d6efdf564c2e,2012,7,Đông Nam Bộ,Provincial,Cultivation,Lúa,,Area_Planted,4767.0,ha,Actual,PL4
0739d6efdf564c2e,2012,7,Đông Nam Bộ,Provincial,Cultivation,Lúa,,Area_Planted,102882.0,ha,Actual,PL4
d3647b9e741b4ade,2012,7,Đông Nam Bộ,Provincial,Cultivation,Ngô,,Area_Planted,37076.0,ha,Actual,PL4
c8a1131ba104ff5b,2012,7,Đông Nam Bộ,Provincial,Cultivation,Khoai lang,,Area_Planted,276.0,ha,Actual,PL4
728b086df9e0b7ce,2012,7,Đông Nam Bộ,Provincial,Cultivation,Sắn,,Area_Planted,64559.0,ha,Actual,PL4
0739d6efdf564c2e,2012,7,Đông Nam Bộ,Provincial,Cultivation,Lúa,,Area_Planted,972.0,ha,Actual,PL4
fa6fbb3ee10c7fe9,2012,7,Bình Phước,Provincial,Cultivation,Lúa,,Area_Planted,4767.0,ha,Actual,PL4
fa6fbb3ee10c7fe9,2012,7,Bình Phước,Provincial,Cultivation,Lúa,,Area_Planted,13082.0,ha,Actual,PL4
9edd4c4502da5cd8,2012,7,Bình Phước,Provincial,Cultivation,Ngô,,Area_Planted,3174.0,ha,Actual,PL4
65d8ab733fbc23fc,2012,7,Bình Phước,Provincial,Cultivation,Khoai lang,,Area_Planted,42.0,ha,Actual,PL4
ce2cfc35dc717e66,2012,7,Bình Phước,Provincial,Cultivation,Sắn,,Area_Planted,9866.0,ha,Actual,PL4
16587ce3321d2858,2012,7,Tây Ninh,Provincial,Cultivation,Lúa,,Area_Planted,52335.0,ha,Actual,PL4
d0daf5db537236e0,2012,7,Tây Ninh,Provincial,Cultivation,Lúa,,Area_Harvested,4475.0,ha,Actual,PL4
16587ce3321d2858,2012,7,Tây Ninh,Provincial,Cultivation,Lúa,,Area_Planted,34250.0,ha,Actual,PL4
2e1b1ff26b9cfbbd,2012,7,Tây Ninh,Provincial,Cultivation,Ngô,,Area_Planted,996.0,ha,Actual,PL4
fafd35ef6e764699,2012,7,Tây Ninh,Provincial,Cultivation,Khoai lang,,Area_Planted,98.0,ha,Actual,PL4
7843c1f59a7d338c,2012,7,Tây Ninh,Provincial,Cultivation,Sắn,,Area_Planted,32609.0,ha,Actual,PL4
16587ce3321d2858,2012,7,Tây Ninh,Provincial,Cultivation,Lúa,,Area_Planted,547.0,ha,Actual,PL4
d624e8baa844fce6,2012,7,Bình Dương,Provincial,Cultivation,Lúa,,Area_Planted,1612.0,ha,Actual,PL4
d624e8baa844fce6,2012,7,Bình Dương,Provincial,Cultivation,Lúa,,Area_Planted,2339.0,ha,Actual,PL4
a5db5d518b543b27,2012,7,Bình Dương,Provincial,Cultivation,Ngô,,Area_Planted,121.0,ha,Actual,PL4
949f1ffdb49c42c3,2012,7,Bình Dương,Provincial,Cultivation,Sắn,,Area_Planted,2218.0,ha,Actual,PL4
314899fbfb14883a,2012,7,Đồng Nai,Provincial,Cultivation,Lúa,,Area_Planted,25639.0,ha,Actual,PL4
314899fbfb14883a,2012,7,Đồng Nai,Provincial,Cultivation,Lúa,,Area_Planted,35244.0,ha,Actual,PL4
b41481e0396ed94d,2012,7,Đồng Nai,Provincial,Cultivation,Ngô,,Area_Planted,22658.0,ha,Actual,PL4
6ace38f69abe50c7,2012,7,Đồng Nai,Provincial,Cultivation,Khoai lang,,Area_Planted,44.0,ha,Actual,PL4
607c44e094038540,2012,7,Đồng Nai,Provincial,Cultivation,Sắn,,Area_Planted,12187.0,ha,Actual,PL4
314899fbfb14883a,2012,7,Đồng Nai,Provincial,Cultivation,Lúa,,Area_Planted,355.0,ha,Actual,PL4
483571b7df533eea,2012,7,Bà Rịa-V.Tàu,Provincial,Cultivation,Lúa,,Area_Planted,7802.0,ha,Actual,PL4
8d77bc5c23947131,2012,7,Bà Rịa-V.Tàu,Provincial,Cultivation,Lúa,,Area_Harvested,450.0,ha,Actual,PL4
483571b7df533eea,2012,7,Bà Rịa-V.Tàu,Provincial,Cultivation,Lúa,,Area_Planted,17968.0,ha,Actual,PL4
ded367334ee01617,2012,7,Bà Rịa-V.Tàu,Provincial,Cultivation,Ngô,,Area_Planted,10127.0,ha,Actual,PL4
10b296d4ed88ab7a,2012,7,Bà Rịa-V.Tàu,Provincial,Cultivation,Khoai lang,,Area_Planted,92.0,ha,Actual,PL4
5b8e54db9ce4aa6b,2012,7,Bà Rịa-V.Tàu,Provincial,Cultivation,Sắn,,Area_Planted,7679.0,ha,Actual,PL4
483571b7df533eea,2012,7,Bà Rịa-V.Tàu,Provincial,Cultivation,Lúa,,Area_Planted,70.0,ha,Actual,PL4
2cc1851cfbfd3293,2012,7,TP Hồ Chí Minh,Provincial,Cultivation,Lúa,,Area_Planted,5100.0,ha,Actual,PL4
69f2c388f313c8df,2012,7,TP Hồ Chí Minh,Provincial,Cultivation,Lúa,,Area_Harvested,75.0,ha,Actual,PL4
fa692a6637e4af9f,2012,7,ĐBS Cửu Long,Provincial,Cultivation,Lúa,,Area_Planted,1681208.0,ha,Actual,PL4
f92762201af63883,2012,7,ĐBS Cửu Long,Provincial,Cultivation,Lúa,,Area_Harvested,633730.0,ha,Actual,PL4
fa692a6637e4af9f,2012,7,ĐBS Cửu Long,Provincial,Cultivation,Lúa,,Area_Planted,272789.0,ha,Actual,PL4
fa692a6637e4af9f,2012,7,ĐBS Cửu Long,Provincial,Cultivation,Lúa,,Area_Planted,59784.0,ha,Actual,PL4
646d6d2f4358b462,2012,7,ĐBS Cửu Long,Provincial,Cultivation,Ngô,,Area_Planted,31103.0,ha,Actual,PL4
d5186a3749d17468,2012,7,ĐBS Cửu Long,Provincial,Cultivation,Khoai lang,,Area_Planted,17349.0,ha,Actual,PL4
907e0b84ff5b6eeb,2012,7,ĐBS Cửu Long,Provincial,Cultivation,Sắn,,Area_Planted,3816.0,ha,Actual,PL4
fa692a6637e4af9f,2012,7,ĐBS Cửu Long,Provincial,Cultivation,Lúa,,Area_Planted,7517.0,ha,Actual,PL4
f4d07922e2c47f49,2012,7,Long An,Provincial,Cultivation,Lúa,,Area_Planted,227274.0,ha,Actual,PL4
ffea4155a1fddbcb,2012,7,Long An,Provincial,Cultivation,Lúa,,Area_Harvested,44072.0,ha,Actual,PL4
f4d07922e2c47f49,2012,7,Long An,Provincial,Cultivation,Lúa,,Area_Planted,10068.0,ha,Actual,PL4
f4d07922e2c47f49,2012,7,Long An,Provincial,Cultivation,Lúa,,Area_Planted,7759.0,ha,Actual,PL4
c1fc4bd7a6e6dfb3,2012,7,Long An,Provincial,Cultivation,Ngô,,Area_Planted,3909.0,ha,Actual,PL4
f0a13a6e4107ca4f,2012,7,Long An,Provincial,Cultivation,Khoai lang,,Area_Planted,61.0,ha,Actual,PL4
87c58db090a4f6f4,2012,7,Long An,Provincial,Cultivation,Sắn,,Area_Planted,491.0,ha,Actual,PL4
f4d07922e2c47f49,2012,7,Long An,Provincial,Cultivation,Lúa,,Area_Planted,3298.0,ha,Actual,PL4
8b2cf70da882ee59,2012,7,Tiền Giang,Provincial,Cultivation,Lúa,,Area_Planted,119534.0,ha,Actual,PL4
01dd90f433ac9beb,2012,7,Tiền Giang,Provincial,Cultivation,Lúa,,Area_Harvested,41367.0,ha,Actual,PL4
8b2cf70da882ee59,2012,7,Tiền Giang,Provincial,Cultivation,Lúa,,Area_Planted,5257.0,ha,Actual,PL4
f70bde7f2bf880e7,2012,7,Tiền Giang,Provincial,Cultivation,Ngô,,Area_Planted,3750.0,ha,Actual,PL4
080525a7cd89cd70,2012,7,Tiền Giang,Provincial,Cultivation,Khoai lang,,Area_Planted,267.0,ha,Actual,PL4
dc4a3dc04f6ccf5b,2012,7,Tiền Giang,Provincial,Cultivation,Sắn,,Area_Planted,164.0,ha,Actual,PL4
8b2cf70da882ee59,2012,7,Tiền Giang,Provincial,Cultivation,Lúa,,Area_Planted,1076.0,ha,Actual,PL4
fdfce945431f40f9,2012,7,Bến Tre,Provincial,Cultivation,Lúa,,Area_Planted,22356.0,ha,Actual,PL4
fdfce945431f40f9,2012,7,Bến Tre,Provincial,Cultivation,Lúa,,Area_Planted,654.0,ha,Actual,PL4
bf6d1d7734fd7b72,2012,7,Bến Tre,Provincial,Cultivation,Ngô,,Area_Planted,476.0,ha,Actual,PL4
6521304bce071959,2012,7,Bến Tre,Provincial,Cultivation,Khoai lang,,Area_Planted,99.0,ha,Actual,PL4
d828e98d68e23347,2012,7,Bến Tre,Provincial,Cultivation,Sắn,,Area_Planted,79.0,ha,Actual,PL4
cd9167f6613de6a5,2012,7,Trà Vinh,Provincial,Cultivation,Lúa,,Area_Planted,80200.0,ha,Actual,PL4
c734463768e272b1,2012,7,Trà Vinh,Provincial,Cultivation,Lúa,,Area_Harvested,18069.0,ha,Actual,PL4
cd9167f6613de6a5,2012,7,Trà Vinh,Provincial,Cultivation,Lúa,,Area_Planted,12436.0,ha,Actual,PL4
cd9167f6613de6a5,2012,7,Trà Vinh,Provincial,Cultivation,Lúa,,Area_Planted,5824.0,ha,Actual,PL4
24e2a6e51ab65233,2012,7,Trà Vinh,Provincial,Cultivation,Ngô,,Area_Planted,3641.0,ha,Actual,PL4
287d990fff4d5801,2012,7,Trà Vinh,Provincial,Cultivation,Khoai lang,,Area_Planted,1128.0,ha,Actual,PL4
14f4b3c61c2f5c1b,2012,7,Trà Vinh,Provincial,Cultivation,Sắn,,Area_Planted,652.0,ha,Actual,PL4
cd9167f6613de6a5,2012,7,Trà Vinh,Provincial,Cultivation,Lúa,,Area_Planted,403.0,ha,Actual,PL4
8d9d955b53b1535f,2012,7,Vĩnh Long,Provincial,Cultivation,Lúa,,Area_Planted,60281.0,ha,Actual,PL4
d1bfebe793e1916f,2012,7,Vĩnh Long,Provincial,Cultivation,Lúa,,Area_Harvested,60281.0,ha,Actual,PL4
8d9d955b53b1535f,2012,7,Vĩnh Long,Provincial,Cultivation,Lúa,,Area_Planted,44593.0,ha,Actual,PL4
8d9d955b53b1535f,2012,7,Vĩnh Long,Provincial,Cultivation,Lúa,,Area_Planted,11471.0,ha,Actual,PL4
d986bb8648ede027,2012,7,Vĩnh Long,Provincial,Cultivation,Ngô,,Area_Planted,1483.0,ha,Actual,PL4
1cfe95bf99e7d5f6,2012,7,Vĩnh Long,Provincial,Cultivation,Khoai lang,,Area_Planted,9642.0,ha,Actual,PL4
1b64e4e9b94ac3fa,2012,7,Vĩnh Long,Provincial,Cultivation,Sắn,,Area_Planted,109.0,ha,Actual,PL4
8d9d955b53b1535f,2012,7,Vĩnh Long,Provincial,Cultivation,Lúa,,Area_Planted,237.0,ha,Actual,PL4
458c0d0caff086bb,2012,7,Đồng Tháp,Provincial,Cultivation,Lúa,,Area_Planted,198255.0,ha,Actual,PL4
a83982e066d2de00,2012,7,Đồng Tháp,Provincial,Cultivation,Lúa,,Area_Harvested,120585.0,ha,Actual,PL4
458c0d0caff086bb,2012,7,Đồng Tháp,Provincial,Cultivation,Lúa,,Area_Planted,66535.0,ha,Actual,PL4
458c0d0caff086bb,2012,7,Đồng Tháp,Provincial,Cultivation,Lúa,,Area_Planted,6334.0,ha,Actual,PL4
b6d453347967f764,2012,7,Đồng Tháp,Provincial,Cultivation,Ngô,,Area_Planted,3365.0,ha,Actual,PL4
c0c7d99b21d293e6,2012,7,Đồng Tháp,Provincial,Cultivation,Khoai lang,,Area_Planted,2160.0,ha,Actual,PL4
458c0d0caff086bb,2012,7,Đồng Tháp,Provincial,Cultivation,Lúa,,Area_Planted,809.0,ha,Actual,PL4
bb5cd0057f597f05,2012,7,An Giang,Provincial,Cultivation,Lúa,,Area_Planted,233801.0,ha,Actual,PL4
a42a4bd64b019aa4,2012,7,An Giang,Provincial,Cultivation,Lúa,,Area_Harvested,57315.0,ha,Actual,PL4
bb5cd0057f597f05,2012,7,An Giang,Provincial,Cultivation,Lúa,,Area_Planted,7850.0,ha,Actual,PL4
bb5cd0057f597f05,2012,7,An Giang,Provincial,Cultivation,Lúa,,Area_Planted,10599.0,ha,Actual,PL4
51dc004a65e8028d,2012,7,An Giang,Provincial,Cultivation,Ngô,,Area_Planted,7789.0,ha,Actual,PL4
1c9e013df15f4ff4,2012,7,An Giang,Provincial,Cultivation,Khoai lang,,Area_Planted,660.0,ha,Actual,PL4
fe42718abb35edb8,2012,7,An Giang,Provincial,Cultivation,Sắn,,Area_Planted,1047.0,ha,Actual,PL4
bb5cd0057f597f05,2012,7,An Giang,Provincial,Cultivation,Lúa,,Area_Planted,1103.0,ha,Actual,PL4
63f6c3b9c880d176,2012,7,Kiên Giang,Provincial,Cultivation,Lúa,,Area_Planted,288333.0,ha,Actual,PL4
dcf996318699bffb,2012,7,Kiên Giang,Provincial,Cultivation,Lúa,,Area_Harvested,84516.0,ha,Actual,PL4
63f6c3b9c880d176,2012,7,Kiên Giang,Provincial,Cultivation,Lúa,,Area_Planted,425.0,ha,Actual,PL4
cb1205cb50b9fdd5,2012,7,Kiên Giang,Provincial,Cultivation,Khoai lang,,Area_Planted,329.0,ha,Actual,PL4
b83d5cdb5dc8562e,2012,7,Kiên Giang,Provincial,Cultivation,Sắn,,Area_Planted,96.0,ha,Actual,PL4
7e38ed8ebc1a4ac3,2012,7,Cần Thơ,Provincial,Cultivation,Lúa,,Area_Planted,82192.0,ha,Actual,PL4
40bffc9802d9e931,2012,7,Cần Thơ,Provincial,Cultivation,Lúa,,Area_Harvested,75944.0,ha,Actual,PL4
7e38ed8ebc1a4ac3,2012,7,Cần Thơ,Provincial,Cultivation,Lúa,,Area_Planted,52974.0,ha,Actual,PL4
7e38ed8ebc1a4ac3,2012,7,Cần Thơ,Provincial,Cultivation,Lúa,,Area_Planted,1754.0,ha,Actual,PL4
2598ee6419a31733,2012,7,Cần Thơ,Provincial,Cultivation,Ngô,,Area_Planted,821.0,ha,Actual,PL4
5af804b2c08c447c,2012,7,Cần Thơ,Provincial,Cultivation,Khoai lang,,Area_Planted,933.0,ha,Actual,PL4
1246af89e8aecc96,2012,7,Hậu Giang,Provincial,Cultivation,Lúa,,Area_Planted,77381.0,ha,Actual,PL4
fd13665f40bef9c5,2012,7,Hậu Giang,Provincial,Cultivation,Lúa,,Area_Harvested,44781.0,ha,Actual,PL4
1246af89e8aecc96,2012,7,Hậu Giang,Provincial,Cultivation,Lúa,,Area_Planted,30397.0,ha,Actual,PL4
1246af89e8aecc96,2012,7,Hậu Giang,Provincial,Cultivation,Lúa,,Area_Planted,3202.0,ha,Actual,PL4
7f7f36ec6df046e8,2012,7,Hậu Giang,Provincial,Cultivation,Ngô,,Area_Planted,2456.0,ha,Actual,PL4
2bfdffe3d9372884,2012,7,Hậu Giang,Provincial,Cultivation,Khoai lang,,Area_Planted,746.0,ha,Actual,PL4
66fd3b4d97eb81f3,2012,7,Sóc Trăng,Provincial,Cultivation,Lúa,,Area_Planted,199789.0,ha,Actual,PL4
5126eb7b672aea6f,2012,7,Sóc Trăng,Provincial,Cultivation,Lúa,,Area_Harvested,75800.0,ha,Actual,PL4
66fd3b4d97eb81f3,2012,7,Sóc Trăng,Provincial,Cultivation,Lúa,,Area_Planted,26593.0,ha,Actual,PL4
66fd3b4d97eb81f3,2012,7,Sóc Trăng,Provincial,Cultivation,Lúa,,Area_Planted,5845.0,ha,Actual,PL4
5a9084e99da12950,2012,7,Sóc Trăng,Provincial,Cultivation,Ngô,,Area_Planted,3362.0,ha,Actual,PL4
c4988b0c7da40440,2012,7,Sóc Trăng,Provincial,Cultivation,Khoai lang,,Area_Planted,1325.0,ha,Actual,PL4
80d32e5e6a405e62,2012,7,Sóc Trăng,Provincial,Cultivation,Sắn,,Area_Planted,567.0,ha,Actual,PL4
66fd3b4d97eb81f3,2012,7,Sóc Trăng,Provincial,Cultivation,Lúa,,Area_Planted,591.0,ha,Actual,PL4
6c7e81c787a56b74,2012,7,Bạc Liêu,Provincial,Cultivation,Lúa,,Area_Planted,55786.0,ha,Actual,PL4
c602f5004d0aef62,2012,7,Bạc Liêu,Provincial,Cultivation,Lúa,,Area_Harvested,11000.0,ha,Actual,PL4
6c7e81c787a56b74,2012,7,Bạc Liêu,Provincial,Cultivation,Lúa,,Area_Planted,5159.0,ha,Actual,PL4
6c7e81c787a56b74,2012,7,Bạc Liêu,Provincial,Cultivation,Lúa,,Area_Planted,661.0,ha,Actual,PL4
29ab6b7ee569bd16,2012,7,Bạc Liêu,Provincial,Cultivation,Ngô,,Area_Planted,51.0,ha,Actual,PL4
4dc4b131ed39464c,2012,7,Bạc Liêu,Provincial,Cultivation,Sắn,,Area_Planted,610.0,ha,Actual,PL4
9b82898b3b58e4b4,2012,7,Cà Mau,Provincial,Cultivation,Lúa,,Area_Planted,36025.0,ha,Actual,PL4
9b82898b3b58e4b4,2012,7,Cà Mau,Provincial,Cultivation,Lúa,,Area_Planted,16184.0,ha,Actual,PL4
79e8b15334ef8f0f,2012,7,Miền Nam,Provincial,Cultivation,Lúa,,Area_Planted,229453.0,ha,Actual,PL5
4e1223c4bfa0cb6c,2012,7,Miền Nam,Provincial,Cultivation,Đậu,,Area_Planted,13377.0,ha,Actual,PL5
6b6dd730afa7d5d7,2012,7,Miền Nam,Provincial,Cultivation,Lạc,,Area_Planted,51274.0,ha,Actual,PL5
79e8b15334ef8f0f,2012,7,Miền Nam,Provincial,Cultivation,Lúa,,Area_Planted,26845.0,ha,Actual,PL5
8e83641794b6e87b,2012,7,Miền Nam,Provincial,Cultivation,Thuốc lá,,Area_Planted,4513.0,ha,Actual,PL5
8d4fb3d7d131fa8d,2012,7,Miền Nam,Provincial,Cultivation,Mía,,Area_Planted,130164.0,ha,Actual,PL5
79e8b15334ef8f0f,2012,7,Miền Nam,Provincial,Cultivation,Lúa,,Area_Planted,593.0,ha,Actual,PL5
79e8b15334ef8f0f,2012,7,Miền Nam,Provincial,Cultivation,Lúa,,Area_Planted,2687.0,ha,Actual,PL5
79e8b15334ef8f0f,2012,7,Miền Nam,Provincial,Cultivation,Lúa,,Area_Planted,295268.0,ha,Actual,PL5
79e8b15334ef8f0f,2012,7,Miền Nam,Provincial,Cultivation,Lúa,,Area_Planted,77094.0,ha,Actual,PL5
1bd84f2455e16ebe,2012,7,D.H Nam Trung Bộ,Provincial,Cultivation,Lúa,,Area_Planted,87429.0,ha,Actual,PL5
5c039a5a70f106c1,2012,7,D.H Nam Trung Bộ,Provincial,Cultivation,Đậu,,Area_Planted,741.0,ha,Actual,PL5
b4caf64122f0cb4b,2012,7,D.H Nam Trung Bộ,Provincial,Cultivation,Lạc,,Area_Planted,27575.0,ha,Actual,PL5
1bd84f2455e16ebe,2012,7,D.H Nam Trung Bộ,Provincial,Cultivation,Lúa,,Area_Planted,12123.0,ha,Actual,PL5
91376aa48e7bb696,2012,7,D.H Nam Trung Bộ,Provincial,Cultivation,Thuốc lá,,Area_Planted,1272.0,ha,Actual,PL5
6345a864203752c8,2012,7,D.H Nam Trung Bộ,Provincial,Cultivation,Mía,,Area_Planted,45143.0,ha,Actual,PL5
1bd84f2455e16ebe,2012,7,D.H Nam Trung Bộ,Provincial,Cultivation,Lúa,,Area_Planted,513.0,ha,Actual,PL5
1bd84f2455e16ebe,2012,7,D.H Nam Trung Bộ,Provincial,Cultivation,Lúa,,Area_Planted,62.0,ha,Actual,PL5
1bd84f2455e16ebe,2012,7,D.H Nam Trung Bộ,Provincial,Cultivation,Lúa,,Area_Planted,36247.0,ha,Actual,PL5
1bd84f2455e16ebe,2012,7,D.H Nam Trung Bộ,Provincial,Cultivation,Lúa,,Area_Planted,19565.0,ha,Actual,PL5
960ebe2f4d379ed9,2012,7,TP Đà Nẵng,Provincial,Cultivation,Lúa,,Area_Planted,905.0,ha,Actual,PL5
fc029a86ccfbb567,2012,7,TP Đà Nẵng,Provincial,Cultivation,Lạc,,Area_Planted,671.0,ha,Actual,PL5
95db7a55f04711cb,2012,7,TP Đà Nẵng,Provincial,Cultivation,Mía,,Area_Planted,234.0,ha,Actual,PL5
960ebe2f4d379ed9,2012,7,TP Đà Nẵng,Provincial,Cultivation,Lúa,,Area_Planted,150.0,ha,Actual,PL5
960ebe2f4d379ed9,2012,7,TP Đà Nẵng,Provincial,Cultivation,Lúa,,Area_Planted,30.0,ha,Actual,PL5
9aa0d584ab8b3f88,2012,7,Quảng Nam,Provincial,Cultivation,Lúa,,Area_Planted,14612.0,ha,Actual,PL5
0ce00e52a4d419bb,2012,7,Quảng Nam,Provincial,Cultivation,Đậu,,Area_Planted,50.0,ha,Actual,PL5
d7989202121745c9,2012,7,Quảng Nam,Provincial,Cultivation,Lạc,,Area_Planted,11546.0,ha,Actual,PL5
9aa0d584ab8b3f88,2012,7,Quảng Nam,Provincial,Cultivation,Lúa,,Area_Planted,2401.0,ha,Actual,PL5
29fb3bdefdb592cb,2012,7,Quảng Nam,Provincial,Cultivation,Thuốc lá,,Area_Planted,136.0,ha,Actual,PL5
2a7dd6af1038b14e,2012,7,Quảng Nam,Provincial,Cultivation,Mía,,Area_Planted,341.0,ha,Actual,PL5
9aa0d584ab8b3f88,2012,7,Quảng Nam,Provincial,Cultivation,Lúa,,Area_Planted,119.0,ha,Actual,PL5
9aa0d584ab8b3f88,2012,7,Quảng Nam,Provincial,Cultivation,Lúa,,Area_Planted,19.0,ha,Actual,PL5
9aa0d584ab8b3f88,2012,7,Quảng Nam,Provincial,Cultivation,Lúa,,Area_Planted,13690.0,ha,Actual,PL5
9aa0d584ab8b3f88,2012,7,Quảng Nam,Provincial,Cultivation,Lúa,,Area_Planted,6859.0,ha,Actual,PL5
f1d9d3cd86e40f97,2012,7,Quảng Ngãi,Provincial,Cultivation,Lúa,,Area_Planted,8900.0,ha,Actual,PL5
e733fc93523afc9c,2012,7,Quảng Ngãi,Provincial,Cultivation,Lạc,,Area_Planted,4150.0,ha,Actual,PL5
2e7c075dd9e3deb6,2012,7,Quảng Ngãi,Provincial,Cultivation,Mía,,Area_Planted,4750.0,ha,Actual,PL5
f1d9d3cd86e40f97,2012,7,Quảng Ngãi,Provincial,Cultivation,Lúa,,Area_Planted,4430.0,ha,Actual,PL5
f1d9d3cd86e40f97,2012,7,Quảng Ngãi,Provincial,Cultivation,Lúa,,Area_Planted,1456.0,ha,Actual,PL5
747a2a8f4ec06efb,2012,7,Bình Định,Provincial,Cultivation,Lúa,,Area_Planted,10550.0,ha,Actual,PL5
b12b515d00a3f4e8,2012,7,Bình Định,Provincial,Cultivation,Đậu,,Area_Planted,420.0,ha,Actual,PL5
7366b430530cfba3,2012,7,Bình Định,Provincial,Cultivation,Lạc,,Area_Planted,8355.0,ha,Actual,PL5
747a2a8f4ec06efb,2012,7,Bình Định,Provincial,Cultivation,Lúa,,Area_Planted,1775.0,ha,Actual,PL5
747a2a8f4ec06efb,2012,7,Bình Định,Provincial,Cultivation,Lúa,,Area_Planted,4423.0,ha,Actual,PL5
747a2a8f4ec06efb,2012,7,Bình Định,Provincial,Cultivation,Lúa,,Area_Planted,809.0,ha,Actual,PL5
33f84f16750a8c0e,2012,7,Phú Yên,Provincial,Cultivation,Lúa,,Area_Planted,25998.0,ha,Actual,PL5
95531ae6373acf6c,2012,7,Phú Yên,Provincial,Cultivation,Đậu,,Area_Planted,271.0,ha,Actual,PL5
99918642b858a29c,2012,7,Phú Yên,Provincial,Cultivation,Lạc,,Area_Planted,716.0,ha,Actual,PL5
33f84f16750a8c0e,2012,7,Phú Yên,Provincial,Cultivation,Lúa,,Area_Planted,2604.0,ha,Actual,PL5
b3ca18fb9bb536d7,2012,7,Phú Yên,Provincial,Cultivation,Thuốc lá,,Area_Planted,355.0,ha,Actual,PL5
6a28a92e0c9226ad,2012,7,Phú Yên,Provincial,Cultivation,Mía,,Area_Planted,21760.0,ha,Actual,PL5
33f84f16750a8c0e,2012,7,Phú Yên,Provincial,Cultivation,Lúa,,Area_Planted,249.0,ha,Actual,PL5
33f84f16750a8c0e,2012,7,Phú Yên,Provincial,Cultivation,Lúa,,Area_Planted,43.0,ha,Actual,PL5
33f84f16750a8c0e,2012,7,Phú Yên,Provincial,Cultivation,Lúa,,Area_Planted,3495.0,ha,Actual,PL5
33f84f16750a8c0e,2012,7,Phú Yên,Provincial,Cultivation,Lúa,,Area_Planted,2607.0,ha,Actual,PL5
6b9772c569ef434a,2012,7,Khánh Hoà,Provincial,Cultivation,Lúa,,Area_Planted,15996.0,ha,Actual,PL5
284d5759257136cb,2012,7,Khánh Hoà,Provincial,Cultivation,Lạc,,Area_Planted,400.0,ha,Actual,PL5
6b9772c569ef434a,2012,7,Khánh Hoà,Provincial,Cultivation,Lúa,,Area_Planted,17.0,ha,Actual,PL5
9687a4dfd114c3a1,2012,7,Khánh Hoà,Provincial,Cultivation,Thuốc lá,,Area_Planted,250.0,ha,Actual,PL5
d37ecfcafd9d5cdb,2012,7,Khánh Hoà,Provincial,Cultivation,Mía,,Area_Planted,15329.0,ha,Actual,PL5
6b9772c569ef434a,2012,7,Khánh Hoà,Provincial,Cultivation,Lúa,,Area_Planted,3333.0,ha,Actual,PL5
6b9772c569ef434a,2012,7,Khánh Hoà,Provincial,Cultivation,Lúa,,Area_Planted,780.0,ha,Actual,PL5
d0ab03297456801a,2012,7,Ninh Thuận,Provincial,Cultivation,Lúa,,Area_Planted,3919.0,ha,Actual,PL5
2c6a2dd6a4ea8d17,2012,7,Ninh Thuận,Provincial,Cultivation,Lạc,,Area_Planted,286.0,ha,Actual,PL5
d0ab03297456801a,2012,7,Ninh Thuận,Provincial,Cultivation,Lúa,,Area_Planted,411.0,ha,Actual,PL5
236e47543952d850,2012,7,Ninh Thuận,Provincial,Cultivation,Thuốc lá,,Area_Planted,452.0,ha,Actual,PL5
27db1d3716b630ca,2012,7,Ninh Thuận,Provincial,Cultivation,Mía,,Area_Planted,2729.0,ha,Actual,PL5
d0ab03297456801a,2012,7,Ninh Thuận,Provincial,Cultivation,Lúa,,Area_Planted,41.0,ha,Actual,PL5
d0ab03297456801a,2012,7,Ninh Thuận,Provincial,Cultivation,Lúa,,Area_Planted,2317.0,ha,Actual,PL5
d0ab03297456801a,2012,7,Ninh Thuận,Provincial,Cultivation,Lúa,,Area_Planted,2392.0,ha,Actual,PL5
28290a8c8313d75d,2012,7,Bình Thuận,Provincial,Cultivation,Lúa,,Area_Planted,6549.0,ha,Actual,PL5
21e1f23d04f63847,2012,7,Bình Thuận,Provincial,Cultivation,Lạc,,Area_Planted,1451.0,ha,Actual,PL5
28290a8c8313d75d,2012,7,Bình Thuận,Provincial,Cultivation,Lúa,,Area_Planted,4915.0,ha,Actual,PL5
d5cb708b21fa97f5,2012,7,Bình Thuận,Provincial,Cultivation,Thuốc lá,,Area_Planted,79.0,ha,Actual,PL5
28290a8c8313d75d,2012,7,Bình Thuận,Provincial,Cultivation,Lúa,,Area_Planted,104.0,ha,Actual,PL5
28290a8c8313d75d,2012,7,Bình Thuận,Provincial,Cultivation,Lúa,,Area_Planted,4409.0,ha,Actual,PL5
28290a8c8313d75d,2012,7,Bình Thuận,Provincial,Cultivation,Lúa,,Area_Planted,4632.0,ha,Actual,PL5
c9350cf04a5396cf,2012,7,Tây Nguyên,Provincial,Cultivation,Lúa,,Area_Planted,35560.0,ha,Actual,PL5
9e07ece470937dcf,2012,7,Tây Nguyên,Provincial,Cultivation,Đậu,,Area_Planted,9545.0,ha,Actual,PL5
d0b000e5301681f3,2012,7,Tây Nguyên,Provincial,Cultivation,Lạc,,Area_Planted,8788.0,ha,Actual,PL5
c9350cf04a5396cf,2012,7,Tây Nguyên,Provincial,Cultivation,Lúa,,Area_Planted,3270.0,ha,Actual,PL5
1fb7cd3a55bb92bb,2012,7,Tây Nguyên,Provincial,Cultivation,Thuốc lá,,Area_Planted,82.0,ha,Actual,PL5
2ce30a4358ac5c71,2012,7,Tây Nguyên,Provincial,Cultivation,Mía,,Area_Planted,13795.0,ha,Actual,PL5
c9350cf04a5396cf,2012,7,Tây Nguyên,Provincial,Cultivation,Lúa,,Area_Planted,80.0,ha,Actual,PL5
c9350cf04a5396cf,2012,7,Tây Nguyên,Provincial,Cultivation,Lúa,,Area_Planted,42905.0,ha,Actual,PL5
c9350cf04a5396cf,2012,7,Tây Nguyên,Provincial,Cultivation,Lúa,,Area_Planted,41588.0,ha,Actual,PL5
2507804a6682f7ec,2012,7,Kon Tum,Provincial,Cultivation,Lúa,,Area_Planted,77.0,ha,Actual,PL5
11ea186c1c1076ea,2012,7,Kon Tum,Provincial,Cultivation,Lạc,,Area_Planted,77.0,ha,Actual,PL5
2507804a6682f7ec,2012,7,Kon Tum,Provincial,Cultivation,Lúa,,Area_Planted,685.0,ha,Actual,PL5
2507804a6682f7ec,2012,7,Kon Tum,Provincial,Cultivation,Lúa,,Area_Planted,273.0,ha,Actual,PL5
649b8efa3e869ed1,2012,7,Gia Lai,Provincial,Cultivation,Lúa,,Area_Planted,4243.0,ha,Actual,PL5
2404c4a7e364244a,2012,7,Gia Lai,Provincial,Cultivation,Lạc,,Area_Planted,1331.0,ha,Actual,PL5
649b8efa3e869ed1,2012,7,Gia Lai,Provincial,Cultivation,Lúa,,Area_Planted,2800.0,ha,Actual,PL5
3a1e96f58b8712c0,2012,7,Gia Lai,Provincial,Cultivation,Thuốc lá,,Area_Planted,32.0,ha,Actual,PL5
649b8efa3e869ed1,2012,7,Gia Lai,Provincial,Cultivation,Lúa,,Area_Planted,80.0,ha,Actual,PL5
649b8efa3e869ed1,2012,7,Gia Lai,Provincial,Cultivation,Lúa,,Area_Planted,12011.0,ha,Actual,PL5
649b8efa3e869ed1,2012,7,Gia Lai,Provincial,Cultivation,Lúa,,Area_Planted,13901.0,ha,Actual,PL5
38c974f6c7cda189,2012,7,Đắc Lắc,Provincial,Cultivation,Lúa,,Area_Planted,20522.0,ha,Actual,PL5
de96e07cd7f72f32,2012,7,Đắc Lắc,Provincial,Cultivation,Đậu,,Area_Planted,3947.0,ha,Actual,PL5
da778afc2604b4e9,2012,7,Đắc Lắc,Provincial,Cultivation,Lạc,,Area_Planted,2835.0,ha,Actual,PL5
38c974f6c7cda189,2012,7,Đắc Lắc,Provincial,Cultivation,Lúa,,Area_Planted,470.0,ha,Actual,PL5
d058d114ab6b45b5,2012,7,Đắc Lắc,Provincial,Cultivation,Thuốc lá,,Area_Planted,50.0,ha,Actual,PL5
548c05813a05a403,2012,7,Đắc Lắc,Provincial,Cultivation,Mía,,Area_Planted,13220.0,ha,Actual,PL5
38c974f6c7cda189,2012,7,Đắc Lắc,Provincial,Cultivation,Lúa,,Area_Planted,3263.0,ha,Actual,PL5
38c974f6c7cda189,2012,7,Đắc Lắc,Provincial,Cultivation,Lúa,,Area_Planted,20726.0,ha,Actual,PL5
48501c5c5372e149,2012,7,Đắc Nông,Provincial,Cultivation,Lúa,,Area_Planted,10718.0,ha,Actual,PL5
36e633a0bac806fa,2012,7,Đắc Nông,Provincial,Cultivation,Đậu,,Area_Planted,5598.0,ha,Actual,PL5
8f596d9061982fe4,2012,7,Đắc Nông,Provincial,Cultivation,Lạc,,Area_Planted,4545.0,ha,Actual,PL5
7c3e3757e2d07e06,2012,7,Đắc Nông,Provincial,Cultivation,Mía,,Area_Planted,575.0,ha,Actual,PL5
48501c5c5372e149,2012,7,Đắc Nông,Provincial,Cultivation,Lúa,,Area_Planted,1760.0,ha,Actual,PL5
48501c5c5372e149,2012,7,Đắc Nông,Provincial,Cultivation,Lúa,,Area_Planted,5676.0,ha,Actual,PL5
c91e689997985a22,2012,7,Lâm Đồng,Provincial,Cultivation,Lúa,,Area_Planted,25186.0,ha,Actual,PL5
c91e689997985a22,2012,7,Lâm Đồng,Provincial,Cultivation,Lúa,,Area_Planted,1012.0,ha,Actual,PL5
0739d6efdf564c2e,2012,7,Đông Nam Bộ,Provincial,Cultivation,Lúa,,Area_Planted,18634.0,ha,Actual,PL5
322c03bd910b3118,2012,7,Đông Nam Bộ,Provincial,Cultivation,Đậu,,Area_Planted,177.0,ha,Actual,PL5
3d42d62e847b43a1,2012,7,Đông Nam Bộ,Provincial,Cultivation,Lạc,,Area_Planted,2328.0,ha,Actual,PL5
0739d6efdf564c2e,2012,7,Đông Nam Bộ,Provincial,Cultivation,Lúa,,Area_Planted,855.0,ha,Actual,PL5
fc5fb181000f4577,2012,7,Đông Nam Bộ,Provincial,Cultivation,Thuốc lá,,Area_Planted,3062.0,ha,Actual,PL5
d287f6cddc1cc9ec,2012,7,Đông Nam Bộ,Provincial,Cultivation,Mía,,Area_Planted,12212.0,ha,Actual,PL5
0739d6efdf564c2e,2012,7,Đông Nam Bộ,Provincial,Cultivation,Lúa,,Area_Planted,36031.0,ha,Actual,PL5
0739d6efdf564c2e,2012,7,Đông Nam Bộ,Provincial,Cultivation,Lúa,,Area_Planted,7718.0,ha,Actual,PL5
fa6fbb3ee10c7fe9,2012,7,Bình Phước,Provincial,Cultivation,Lúa,,Area_Planted,87.0,ha,Actual,PL5
5d0cdb171abb01bc,2012,7,Bình Phước,Provincial,Cultivation,Đậu,,Area_Planted,15.0,ha,Actual,PL5
5cfc415ba7907734,2012,7,Bình Phước,Provincial,Cultivation,Lạc,,Area_Planted,72.0,ha,Actual,PL5
fa6fbb3ee10c7fe9,2012,7,Bình Phước,Provincial,Cultivation,Lúa,,Area_Planted,799.0,ha,Actual,PL5
fa6fbb3ee10c7fe9,2012,7,Bình Phước,Provincial,Cultivation,Lúa,,Area_Planted,311.0,ha,Actual,PL5
16587ce3321d2858,2012,7,Tây Ninh,Provincial,Cultivation,Lúa,,Area_Planted,9423.0,ha,Actual,PL5
6f03a9af944c23a8,2012,7,Tây Ninh,Provincial,Cultivation,Lạc,,Area_Planted,1835.0,ha,Actual,PL5
16587ce3321d2858,2012,7,Tây Ninh,Provincial,Cultivation,Lúa,,Area_Planted,819.0,ha,Actual,PL5
ade60c05b2cf07f5,2012,7,Tây Ninh,Provincial,Cultivation,Thuốc lá,,Area_Planted,2933.0,ha,Actual,PL5
250ca80b228902fb,2012,7,Tây Ninh,Provincial,Cultivation,Mía,,Area_Planted,3836.0,ha,Actual,PL5
16587ce3321d2858,2012,7,Tây Ninh,Provincial,Cultivation,Lúa,,Area_Planted,14400.0,ha,Actual,PL5
16587ce3321d2858,2012,7,Tây Ninh,Provincial,Cultivation,Lúa,,Area_Planted,4908.0,ha,Actual,PL5
d624e8baa844fce6,2012,7,Bình Dương,Provincial,Cultivation,Lúa,,Area_Planted,50.0,ha,Actual,PL5
d49b05fedd25505c,2012,7,Bình Dương,Provincial,Cultivation,Lạc,,Area_Planted,50.0,ha,Actual,PL5
d624e8baa844fce6,2012,7,Bình Dương,Provincial,Cultivation,Lúa,,Area_Planted,1838.0,ha,Actual,PL5
d624e8baa844fce6,2012,7,Bình Dương,Provincial,Cultivation,Lúa,,Area_Planted,68.0,ha,Actual,PL5
314899fbfb14883a,2012,7,Đồng Nai,Provincial,Cultivation,Lúa,,Area_Planted,6402.0,ha,Actual,PL5
21580f12ede2d2d1,2012,7,Đồng Nai,Provincial,Cultivation,Đậu,,Area_Planted,162.0,ha,Actual,PL5
d22a8397cdc70af4,2012,7,Đồng Nai,Provincial,Cultivation,Lạc,,Area_Planted,337.0,ha,Actual,PL5
314899fbfb14883a,2012,7,Đồng Nai,Provincial,Cultivation,Lúa,,Area_Planted,36.0,ha,Actual,PL5
3ac39ffe4e7b21a4,2012,7,Đồng Nai,Provincial,Cultivation,Thuốc lá,,Area_Planted,2.0,ha,Actual,PL5
68524b673d6e9a50,2012,7,Đồng Nai,Provincial,Cultivation,Mía,,Area_Planted,5865.0,ha,Actual,PL5
314899fbfb14883a,2012,7,Đồng Nai,Provincial,Cultivation,Lúa,,Area_Planted,4029.0,ha,Actual,PL5
314899fbfb14883a,2012,7,Đồng Nai,Provincial,Cultivation,Lúa,,Area_Planted,1960.0,ha,Actual,PL5
483571b7df533eea,2012,7,Bà Rịa-V.Tàu,Provincial,Cultivation,Lúa,,Area_Planted,530.0,ha,Actual,PL5
13027740138e8ef1,2012,7,Bà Rịa-V.Tàu,Provincial,Cultivation,Lạc,,Area_Planted,34.0,ha,Actual,PL5
b9840c775e4e0e46,2012,7,Bà Rịa-V.Tàu,Provincial,Cultivation,Thuốc lá,,Area_Planted,127.0,ha,Actual,PL5
9c7e6708169a1765,2012,7,Bà Rịa-V.Tàu,Provincial,Cultivation,Mía,,Area_Planted,369.0,ha,Actual,PL5
483571b7df533eea,2012,7,Bà Rịa-V.Tàu,Provincial,Cultivation,Lúa,,Area_Planted,5320.0,ha,Actual,PL5
483571b7df533eea,2012,7,Bà Rịa-V.Tàu,Provincial,Cultivation,Lúa,,Area_Planted,471.0,ha,Actual,PL5
2cc1851cfbfd3293,2012,7,TP Hồ Chí Minh,Provincial,Cultivation,Lúa,,Area_Planted,2142.0,ha,Actual,PL5
eb584efaf79e89da,2012,7,TP Hồ Chí Minh,Provincial,Cultivation,Mía,,Area_Planted,2142.0,ha,Actual,PL5
2cc1851cfbfd3293,2012,7,TP Hồ Chí Minh,Provincial,Cultivation,Lúa,,Area_Planted,9645.0,ha,Actual,PL5
fa692a6637e4af9f,2012,7,ĐBS Cửu Long,Provincial,Cultivation,Lúa,,Area_Planted,87830.0,ha,Actual,PL5
bee2d50337d305de,2012,7,ĐBS Cửu Long,Provincial,Cultivation,Đậu,,Area_Planted,2914.0,ha,Actual,PL5
8c2a6322442dba00,2012,7,ĐBS Cửu Long,Provincial,Cultivation,Lạc,,Area_Planted,12583.0,ha,Actual,PL5
fa692a6637e4af9f,2012,7,ĐBS Cửu Long,Provincial,Cultivation,Lúa,,Area_Planted,10597.0,ha,Actual,PL5
65d981331c3988ef,2012,7,ĐBS Cửu Long,Provincial,Cultivation,Thuốc lá,,Area_Planted,97.0,ha,Actual,PL5
677f6fe463633209,2012,7,ĐBS Cửu Long,Provincial,Cultivation,Mía,,Area_Planted,59014.0,ha,Actual,PL5
fa692a6637e4af9f,2012,7,ĐBS Cửu Long,Provincial,Cultivation,Lúa,,Area_Planted,2625.0,ha,Actual,PL5
fa692a6637e4af9f,2012,7,ĐBS Cửu Long,Provincial,Cultivation,Lúa,,Area_Planted,180085.0,ha,Actual,PL5
fa692a6637e4af9f,2012,7,ĐBS Cửu Long,Provincial,Cultivation,Lúa,,Area_Planted,8222.0,ha,Actual,PL5
f4d07922e2c47f49,2012,7,Long An,Provincial,Cultivation,Lúa,,Area_Planted,22621.0,ha,Actual,PL5
7f4e6a55c172fba9,2012,7,Long An,Provincial,Cultivation,Lạc,,Area_Planted,6981.0,ha,Actual,PL5
f4d07922e2c47f49,2012,7,Long An,Provincial,Cultivation,Lúa,,Area_Planted,857.0,ha,Actual,PL5
2b73217ac22c702f,2012,7,Long An,Provincial,Cultivation,Thuốc lá,,Area_Planted,63.0,ha,Actual,PL5
f1f8426111a0a320,2012,7,Long An,Provincial,Cultivation,Mía,,Area_Planted,13546.0,ha,Actual,PL5
f4d07922e2c47f49,2012,7,Long An,Provincial,Cultivation,Lúa,,Area_Planted,1174.0,ha,Actual,PL5
f4d07922e2c47f49,2012,7,Long An,Provincial,Cultivation,Lúa,,Area_Planted,10695.0,ha,Actual,PL5
f4d07922e2c47f49,2012,7,Long An,Provincial,Cultivation,Lúa,,Area_Planted,19.0,ha,Actual,PL5
8b2cf70da882ee59,2012,7,Tiền Giang,Provincial,Cultivation,Lúa,,Area_Planted,642.0,ha,Actual,PL5
68bd71cb28253ec2,2012,7,Tiền Giang,Provincial,Cultivation,Đậu,,Area_Planted,208.0,ha,Actual,PL5
47ba08af310d008f,2012,7,Tiền Giang,Provincial,Cultivation,Lạc,,Area_Planted,200.0,ha,Actual,PL5
850e885d88114bbf,2012,7,Tiền Giang,Provincial,Cultivation,Mía,,Area_Planted,234.0,ha,Actual,PL5
8b2cf70da882ee59,2012,7,Tiền Giang,Provincial,Cultivation,Lúa,,Area_Planted,34270.0,ha,Actual,PL5
8b2cf70da882ee59,2012,7,Tiền Giang,Provincial,Cultivation,Lúa,,Area_Planted,167.0,ha,Actual,PL5
fdfce945431f40f9,2012,7,Bến Tre,Provincial,Cultivation,Lúa,,Area_Planted,5309.0,ha,Actual,PL5
83877e837d3abbf5,2012,7,Bến Tre,Provincial,Cultivation,Lạc,,Area_Planted,276.0,ha,Actual,PL5
28231dba7a22b1f8,2012,7,Bến Tre,Provincial,Cultivation,Mía,,Area_Planted,5033.0,ha,Actual,PL5
fdfce945431f40f9,2012,7,Bến Tre,Provincial,Cultivation,Lúa,,Area_Planted,2490.0,ha,Actual,PL5
cd9167f6613de6a5,2012,7,Trà Vinh,Provincial,Cultivation,Lúa,,Area_Planted,11381.0,ha,Actual,PL5
d61364921b02af1e,2012,7,Trà Vinh,Provincial,Cultivation,Lạc,,Area_Planted,3933.0,ha,Actual,PL5
b8dd9a8f366cf6b7,2012,7,Trà Vinh,Provincial,Cultivation,Mía,,Area_Planted,6165.0,ha,Actual,PL5
cd9167f6613de6a5,2012,7,Trà Vinh,Provincial,Cultivation,Lúa,,Area_Planted,1284.0,ha,Actual,PL5
cd9167f6613de6a5,2012,7,Trà Vinh,Provincial,Cultivation,Lúa,,Area_Planted,20094.0,ha,Actual,PL5
cd9167f6613de6a5,2012,7,Trà Vinh,Provincial,Cultivation,Lúa,,Area_Planted,591.0,ha,Actual,PL5
8d9d955b53b1535f,2012,7,Vĩnh Long,Provincial,Cultivation,Lúa,,Area_Planted,884.0,ha,Actual,PL5
3b36e3a31e66dae6,2012,7,Vĩnh Long,Provincial,Cultivation,Đậu,,Area_Planted,619.0,ha,Actual,PL5
6ed0c3446d615ff6,2012,7,Vĩnh Long,Provincial,Cultivation,Lạc,,Area_Planted,24.0,ha,Actual,PL5
8d9d955b53b1535f,2012,7,Vĩnh Long,Provincial,Cultivation,Lúa,,Area_Planted,158.0,ha,Actual,PL5
bd5bb2d33ee12cde,2012,7,Vĩnh Long,Provincial,Cultivation,Mía,,Area_Planted,84.0,ha,Actual,PL5
8d9d955b53b1535f,2012,7,Vĩnh Long,Provincial,Cultivation,Lúa,,Area_Planted,17890.0,ha,Actual,PL5
8d9d955b53b1535f,2012,7,Vĩnh Long,Provincial,Cultivation,Lúa,,Area_Planted,670.0,ha,Actual,PL5
458c0d0caff086bb,2012,7,Đồng Tháp,Provincial,Cultivation,Lúa,,Area_Planted,6166.0,ha,Actual,PL5
c57a1349853acf61,2012,7,Đồng Tháp,Provincial,Cultivation,Đậu,,Area_Planted,1659.0,ha,Actual,PL5
bb8f2f3946d5887e,2012,7,Đồng Tháp,Provincial,Cultivation,Lạc,,Area_Planted,160.0,ha,Actual,PL5
458c0d0caff086bb,2012,7,Đồng Tháp,Provincial,Cultivation,Lúa,,Area_Planted,4088.0,ha,Actual,PL5
07d1a844b7d59d68,2012,7,Đồng Tháp,Provincial,Cultivation,Mía,,Area_Planted,92.0,ha,Actual,PL5
458c0d0caff086bb,2012,7,Đồng Tháp,Provincial,Cultivation,Lúa,,Area_Planted,167.0,ha,Actual,PL5
458c0d0caff086bb,2012,7,Đồng Tháp,Provincial,Cultivation,Lúa,,Area_Planted,8071.0,ha,Actual,PL5
458c0d0caff086bb,2012,7,Đồng Tháp,Provincial,Cultivation,Lúa,,Area_Planted,395.0,ha,Actual,PL5
bb5cd0057f597f05,2012,7,An Giang,Provincial,Cultivation,Lúa,,Area_Planted,2452.0,ha,Actual,PL5
0f1eec20b8fc39a4,2012,7,An Giang,Provincial,Cultivation,Đậu,,Area_Planted,237.0,ha,Actual,PL5
0a4691b27b012ea8,2012,7,An Giang,Provincial,Cultivation,Lạc,,Area_Planted,846.0,ha,Actual,PL5
bb5cd0057f597f05,2012,7,An Giang,Provincial,Cultivation,Lúa,,Area_Planted,1293.0,ha,Actual,PL5
f0c094cb80604985,2012,7,An Giang,Provincial,Cultivation,Thuốc lá,,Area_Planted,34.0,ha,Actual,PL5
a50ce56f8edeca96,2012,7,An Giang,Provincial,Cultivation,Mía,,Area_Planted,42.0,ha,Actual,PL5
bb5cd0057f597f05,2012,7,An Giang,Provincial,Cultivation,Lúa,,Area_Planted,26576.0,ha,Actual,PL5
bb5cd0057f597f05,2012,7,An Giang,Provincial,Cultivation,Lúa,,Area_Planted,2580.0,ha,Actual,PL5
63f6c3b9c880d176,2012,7,Kiên Giang,Provincial,Cultivation,Lúa,,Area_Planted,4063.0,ha,Actual,PL5
01303d72900a2f46,2012,7,Kiên Giang,Provincial,Cultivation,Mía,,Area_Planted,4063.0,ha,Actual,PL5
63f6c3b9c880d176,2012,7,Kiên Giang,Provincial,Cultivation,Lúa,,Area_Planted,1924.0,ha,Actual,PL5
63f6c3b9c880d176,2012,7,Kiên Giang,Provincial,Cultivation,Lúa,,Area_Planted,725.0,ha,Actual,PL5
7e38ed8ebc1a4ac3,2012,7,Cần Thơ,Provincial,Cultivation,Lúa,,Area_Planted,4273.0,ha,Actual,PL5
af0b6d482a8b9670,2012,7,Cần Thơ,Provincial,Cultivation,Đậu,,Area_Planted,42.0,ha,Actual,PL5
9e1c17ee28647b9e,2012,7,Cần Thơ,Provincial,Cultivation,Lạc,,Area_Planted,30.0,ha,Actual,PL5
7e38ed8ebc1a4ac3,2012,7,Cần Thơ,Provincial,Cultivation,Lúa,,Area_Planted,4201.0,ha,Actual,PL5
7e38ed8ebc1a4ac3,2012,7,Cần Thơ,Provincial,Cultivation,Lúa,,Area_Planted,7211.0,ha,Actual,PL5
7e38ed8ebc1a4ac3,2012,7,Cần Thơ,Provincial,Cultivation,Lúa,,Area_Planted,620.0,ha,Actual,PL5
1246af89e8aecc96,2012,7,Hậu Giang,Provincial,Cultivation,Lúa,,Area_Planted,14282.0,ha,Actual,PL5
55d7338f3bc6c864,2012,7,Hậu Giang,Provincial,Cultivation,Mía,,Area_Planted,14282.0,ha,Actual,PL5
1246af89e8aecc96,2012,7,Hậu Giang,Provincial,Cultivation,Lúa,,Area_Planted,13952.0,ha,Actual,PL5
1246af89e8aecc96,2012,7,Hậu Giang,Provincial,Cultivation,Lúa,,Area_Planted,571.0,ha,Actual,PL5
66fd3b4d97eb81f3,2012,7,Sóc Trăng,Provincial,Cultivation,Lúa,,Area_Planted,13743.0,ha,Actual,PL5
0175a06bb69a35f3,2012,7,Sóc Trăng,Provincial,Cultivation,Đậu,,Area_Planted,149.0,ha,Actual,PL5
e93d4158f3ca5e54,2012,7,Sóc Trăng,Provincial,Cultivation,Lạc,,Area_Planted,134.0,ha,Actual,PL5
e04858062a9b0201,2012,7,Sóc Trăng,Provincial,Cultivation,Mía,,Area_Planted,13460.0,ha,Actual,PL5
66fd3b4d97eb81f3,2012,7,Sóc Trăng,Provincial,Cultivation,Lúa,,Area_Planted,25345.0,ha,Actual,PL5
66fd3b4d97eb81f3,2012,7,Sóc Trăng,Provincial,Cultivation,Lúa,,Area_Planted,1093.0,ha,Actual,PL5
6c7e81c787a56b74,2012,7,Bạc Liêu,Provincial,Cultivation,Lúa,,Area_Planted,8200.0,ha,Actual,PL5
9b82898b3b58e4b4,2012,7,Cà Mau,Provincial,Cultivation,Lúa,,Area_Planted,2014.0,ha,Actual,PL5
35e1541b7da67bce,2012,7,Cà Mau,Provincial,Cultivation,Mía,,Area_Planted,2014.0,ha,Actual,PL5
9b82898b3b58e4b4,2012,7,Cà Mau,Provincial,Cultivation,Lúa,,Area_Planted,3368.0,ha,Actual,PL5
9b82898b3b58e4b4,2012,7,Cà Mau,Provincial,Cultivation,Lúa,,Area_Planted,791.0,ha,Actual,PL5
609a71c9da94808c,2012,7,Cả nước,National,Forestry,Rừng,,Area,992.0,1000_ha,Estimated,PL6
754ed57911529035,2012,7,Cả nước,National,Forestry,Rừng,,Area,842.0,1000_ha,Plan,PL6
609a71c9da94808c,2012,7,Cả nước,National,Forestry,Rừng,,Area,599.0,1000_ha,Estimated,PL6
754ed57911529035,2012,7,Cả nước,National,Forestry,Rừng,,Area,91.0,1000_ha,Plan,PL6
609a71c9da94808c,2012,7,Cả nước,National,Forestry,Rừng,,Area,1040.0,1000_ha,Estimated,PL6
754ed57911529035,2012,7,Cả nước,National,Forestry,Rừng,,Area,751.0,1000_ha,Plan,PL6
609a71c9da94808c,2012,7,Cả nước,National,Forestry,Rừng,,Area,1017.0,1000_ha,Estimated,PL6
754ed57911529035,2012,7,Cả nước,National,Forestry,Rừng,,Area,2733.0,1000_ha,Plan,PL6
609a71c9da94808c,2012,7,Cả nước,National,Forestry,Rừng,,Area,1008.0,1000_ha,Estimated,PL6
754ed57911529035,2012,7,Cả nước,National,Forestry,Rừng,,Area,1241.0,1000_ha,Plan,PL6
609a71c9da94808c,2012,7,Cả nước,National,Forestry,Rừng,,Area,998.0,1000_ha,Estimated,PL6
754ed57911529035,2012,7,Cả nước,National,Forestry,Rừng,,Area,6952.0,1000_ha,Plan,PL6
609a71c9da94808c,2012,7,Cả nước,National,Forestry,Rừng,,Area,1026.0,1000_ha,Estimated,PL6
754ed57911529035,2012,7,Cả nước,National,Forestry,Rừng,,Area,21993.0,1000_ha,Plan,PL6
609a71c9da94808c,2012,7,Cả nước,National,Forestry,Rừng,,Area,1119.0,1000_ha,Estimated,PL6
754ed57911529035,2012,7,Cả nước,National,Forestry,Rừng,,Area,23490.0,1000_ha,Plan,PL6
4c69d32728e34a42,2012,1,Cả nước,National,Trade,0,Xuất khẩu,Export_Volume,3.0,1000_ton,Actual,PL8
c8abe3d6400b2bf2,2012,1,Cả nước,National,Trade,0,Xuất khẩu,Export_Value,4.0,million_USD,Actual,PL8
b0c66c16aebcd741,2012,1,Cả nước,National,Trade,I,Xuất khẩu,Export_Volume,2996.0,1000_ton,Actual,PL8
6232964843d3ea55,2012,1,Cả nước,National,Trade,I,Xuất khẩu,Export_Value,2627.0,million_USD,Actual,PL8
c5c9b9984fb5b50c,2012,1,Cả nước,National,Trade,1,Xuất khẩu,Export_Volume,1433.0,1000_ton,Actual,PL8
22fbd2193b7a8eeb,2012,1,Cả nước,National,Trade,1,Xuất khẩu,Export_Value,1289.0,million_USD,Actual,PL8
4b1d511df68290b2,2012,1,Cả nước,National,Trade,1.1,Xuất khẩu,Export_Volume,1334.0,1000_ton,Actual,PL8
b2dd89277b4c3b04,2012,1,Cả nước,National,Trade,1.1,Xuất khẩu,Export_Value,1216.0,million_USD,Actual,PL8
3d4297a5a5fb6d26,2012,1,Cả nước,National,Trade,1.2,Xuất khẩu,Export_Volume,99.0,1000_ton,Actual,PL8
776e98f5ea9cef4c,2012,1,Cả nước,National,Trade,1.2,Xuất khẩu,Export_Value,73.0,million_USD,Actual,PL8
ab27cef591a69fcd,2012,1,Cả nước,National,Trade,2,Xuất khẩu,Export_Volume,1563.0,1000_ton,Actual,PL8
4e870957eb43ec2c,2012,1,Cả nước,National,Trade,2,Xuất khẩu,Export_Value,1338.0,million_USD,Actual,PL8
