record_id,year,month,location_name,geo_level,sector,commodity,sub_item,attribute,value,unit,data_type,appendix_number
999a4402-a7ba-42cf-8df4-00b631bdb72d,2008,8,Miền Nam,Regional,Cultivation,Lúa,,Area_Planted,1223.8,1000_ha,Actual,PL1
2ae1ed38-69dc-4e83-85e0-6b8f59ae5530,2009,8,Miền Nam,Regional,Cultivation,Lúa,,Area_Planted,60.2,1000_ha,Actual,PL1
9d0bfea1-9e1b-4d66-a7ce-b10d38898d48,2008,8,Cả Nước,Provincial,Cultivation,Lúa,Mùa,Area_Planted,1464.2,1000_ha,Actual,PL1
2103cb10-bf9b-4c9c-9903-c0b5cba27811,2008,8,Cả nước,National,Cultivation,Ngô,,Area_Planted,831.9,1000_ha,Actual,PL1
1c0a786d-7ef7-4a69-b35a-e839762c7a83,2008,8,Cả nước,National,Cultivation,Sắn,,Area_Planted,411.9,1000_ha,Actual,PL1
5aad488b-dbc5-459b-98a9-0aa4ffe1f67c,2008,8,Cả nước,National,Cultivation,Lạc,,Area_Planted,235.6,1000_ha,Actual,PL1
214bcf67-6263-4e70-bde7-9db49cb317ce,2008,8,Cả nước,National,Cultivation,Rau đậu,,Area_Planted,614.4,1000_ha,Actual,PL1
5a281d34-34aa-4eb3-bc97-66985dc2bdd8,2009,8,Miền Bắc,Regional,Cultivation,Lúa,,Area_Planted,1170558.0,ha,Actual,PL2
459fdc2a-2d6f-4a56-8236-c70fc0c756bc,2009,8,Miền Bắc,Regional,Cultivation,Lúa,,Area_Planted,45904.0,ha,Actual,PL2
1ac4eb97-4160-45a5-b023-a1d01a86f0fa,2009,8,Miền Bắc,Regional,Cultivation,Lúa,,Area_Planted,160267.0,ha,Actual,PL2
7183e3cb-e9ed-46a1-9670-3aa928af1199,2009,8,Miền Bắc,Regional,Cultivation,Lúa,,Area_Planted,776555.0,ha,Actual,PL2
85e18547-eeee-413e-bdb7-7b193e6a6300,2009,8,Miền Bắc,Regional,Cultivation,Ngô,,Area_Planted,555276.0,ha,Actual,PL2
8a99bbfe-f8e4-4b35-9625-d1a1742088ee,2009,8,Miền Bắc,Regional,Cultivation,Khoai lang,,Area_Planted,95079.0,ha,Actual,PL2
25dc8097-da18-4f4c-acd0-7ab6d4ab5e49,2009,8,Miền Bắc,Regional,Cultivation,Sắn,,Area_Planted,115984.0,ha,Actual,PL2
c574b3c7-d790-4406-84ad-b60c177ca4ee,2009,8,Miền Bắc,Regional,Cultivation,Lúa,,Area_Planted,10216.0,ha,Actual,PL2
6e3868ce-1b20-412a-a6d7-ff32d02296a4,2009,8,ĐB sông Hồng,Provincial,Cultivation,Lúa,,Area_Planted,546493.0,ha,Actual,PL2
89ab345b-d279-489f-a955-6a25e8b2e599,2009,8,ĐB sông Hồng,Provincial,Cultivation,Lúa,,Area_Planted,0.0,ha,Actual,PL2
04cf1b1c-86e3-4080-8276-95756d8300aa,2009,8,ĐB sông Hồng,Provincial,Cultivation,Lúa,,Area_Planted,0.0,ha,Actual,PL2
34185088-af1a-4600-a07c-81416513e838,2009,8,ĐB sông Hồng,Provincial,Cultivation,Lúa,,Area_Planted,94762.0,ha,Actual,PL2
fbab9bfc-64c0-4f24-bc7c-0f26cf321bf2,2009,8,ĐB sông Hồng,Provincial,Cultivation,Ngô,,Area_Planted,69432.0,ha,Actual,PL2
005c8449-3d92-415c-bb06-c3edc80e802d,2009,8,ĐB sông Hồng,Provincial,Cultivation,Khoai lang,,Area_Planted,20830.0,ha,Actual,PL2
5595653c-4f22-4278-a52d-d83897556b8c,2009,8,ĐB sông Hồng,Provincial,Cultivation,Sắn,,Area_Planted,4500.0,ha,Actual,PL2
9d52c2cf-15e0-4830-b68a-381d43decf2d,2009,8,ĐB sông Hồng,Provincial,Cultivation,Lúa,,Area_Planted,0.0,ha,Actual,PL2
4d2111db-db1c-4888-bbdc-a7b62ca59615,2009,8,Hà Nội,Provincial,Cultivation,Lúa,,Area_Planted,98454.0,ha,Actual,PL2
a7b30a79-c6b9-444d-99ca-0b61f6c9ddff,2009,8,Hà Nội,Provincial,Cultivation,Lúa,,Area_Planted,25835.0,ha,Actual,PL2
0f077fc0-b736-492c-a9e7-b7d63edbcff4,2009,8,Hà Nội,Provincial,Cultivation,Ngô,,Area_Planted,21100.0,ha,Actual,PL2
62482d98-5830-4fc9-97ee-361c591bc8f6,2009,8,Hà Nội,Provincial,Cultivation,Khoai lang,,Area_Planted,4235.0,ha,Actual,PL2
a4d4cf28-ddec-4a10-a099-48480f7f4630,2009,8,Hà Nội,Provincial,Cultivation,Sắn,,Area_Planted,500.0,ha,Actual,PL2
606a97f7-8cef-45fc-8b31-5737c341622b,2009,8,Hải Phòng,Provincial,Cultivation,Lúa,,Area_Planted,43000.0,ha,Actual,PL2
52d33bb5-3055-4c57-a8ea-f92d820a08ce,2009,8,Hải Phòng,Provincial,Cultivation,Lúa,,Area_Planted,8000.0,ha,Actual,PL2
281455d3-d580-41dd-9c96-200ebb1c522e,2009,8,Hải Phòng,Provincial,Cultivation,Ngô,,Area_Planted,5000.0,ha,Actual,PL2
270ec683-d16f-4d04-a7f2-1f75a7306887,2009,8,Hải Phòng,Provincial,Cultivation,Khoai lang,,Area_Planted,3000.0,ha,Actual,PL2
c049de2e-e904-468c-806d-a4d304decde7,2009,8,Vĩnh Phúc,Provincial,Cultivation,Lúa,,Area_Planted,28986.0,ha,Actual,PL2
8c1ef856-1c19-4ffd-a3b5-b862a24ce186,2009,8,Vĩnh Phúc,Provincial,Cultivation,Lúa,,Area_Planted,9414.0,ha,Actual,PL2
7db555d2-0b76-40b7-a7c7-26dc75e7e8fd,2009,8,Vĩnh Phúc,Provincial,Cultivation,Ngô,,Area_Planted,6549.0,ha,Actual,PL2
594f0acc-d18d-4f34-88be-0dfad23a9838,2009,8,Vĩnh Phúc,Provincial,Cultivation,Khoai lang,,Area_Planted,865.0,ha,Actual,PL2
bcd5d10e-6711-452f-a637-1f85266515ee,2009,8,Vĩnh Phúc,Provincial,Cultivation,Sắn,,Area_Planted,2000.0,ha,Actual,PL2
5dea28e3-53e6-418a-8b52-18483b56e125,2009,8,Bắc Ninh,Provincial,Cultivation,Lúa,,Area_Planted,37338.0,ha,Actual,PL2
8f792602-8663-460e-b1b3-29c63e875a71,2009,8,Bắc Ninh,Provincial,Cultivation,Lúa,,Area_Planted,5000.0,ha,Actual,PL2
0d94fabd-2bfa-4c77-a2aa-2596eb4b58d1,2009,8,Bắc Ninh,Provincial,Cultivation,Ngô,,Area_Planted,4000.0,ha,Actual,PL2
61632a38-9274-49ad-99bf-73d1101d6335,2009,8,Bắc Ninh,Provincial,Cultivation,Khoai lang,,Area_Planted,1000.0,ha,Actual,PL2
8331449b-37a6-4af8-bc50-f1e3c86e851d,2009,8,Hải Dương,Provincial,Cultivation,Lúa,,Area_Planted,62774.0,ha,Actual,PL2
5175d4b2-2fd0-48fe-b64c-a76c935eeef2,2009,8,Hải Dương,Provincial,Cultivation,Lúa,,Area_Planted,4500.0,ha,Actual,PL2
3c2f3439-63c4-485f-a512-4b91a27d09fd,2009,8,Hải Dương,Provincial,Cultivation,Ngô,,Area_Planted,3000.0,ha,Actual,PL2
8ab40e95-36a0-4388-8f63-dedc95a28210,2009,8,Hải Dương,Provincial,Cultivation,Khoai lang,,Area_Planted,1500.0,ha,Actual,PL2
23d9f6f9-e16b-4bf3-8b32-8d05f4c0da8a,2009,8,Hưng Yên,Provincial,Cultivation,Lúa,,Area_Planted,40671.0,ha,Actual,PL2
ab1eebb6-295c-4c20-b70b-ba4c24c5df01,2009,8,Hưng Yên,Provincial,Cultivation,Lúa,,Area_Planted,7550.0,ha,Actual,PL2
1cf8b6df-90c8-4b60-ba24-b381ff5d4335,2009,8,Hưng Yên,Provincial,Cultivation,Ngô,,Area_Planted,6000.0,ha,Actual,PL2
e819830f-8110-4ee8-9867-5f4742b9e053,2009,8,Hưng Yên,Provincial,Cultivation,Khoai lang,,Area_Planted,1550.0,ha,Actual,PL2
9838ac38-592f-49d2-b137-604490ff781c,2009,8,Hà Nam,Provincial,Cultivation,Lúa,,Area_Planted,35403.0,ha,Actual,PL2
f84d597b-de59-4a3d-ba26-b81c4a7099b2,2009,8,Hà Nam,Provincial,Cultivation,Lúa,,Area_Planted,5555.0,ha,Actual,PL2
c55841b3-354f-4aee-9835-b958e4772bb7,2009,8,Hà Nam,Provincial,Cultivation,Ngô,,Area_Planted,4655.0,ha,Actual,PL2
3a162ced-1f79-41df-8ec7-031dbdbdabb7,2009,8,Hà Nam,Provincial,Cultivation,Khoai lang,,Area_Planted,900.0,ha,Actual,PL2
007d39f5-3059-4583-b333-5c95a8041b2e,2009,8,Nam Định,Provincial,Cultivation,Lúa,,Area_Planted,78602.0,ha,Actual,PL2
20783207-d824-47b8-bdf4-4f0740b072aa,2009,8,Nam Định,Provincial,Cultivation,Lúa,,Area_Planted,6216.0,ha,Actual,PL2
8191697c-5de4-45c0-8147-8178eeef7906,2009,8,Nam Định,Provincial,Cultivation,Ngô,,Area_Planted,4116.0,ha,Actual,PL2
99fa9b16-4b0a-47b3-9ee0-8cf1c1daac0b,2009,8,Nam Định,Provincial,Cultivation,Khoai lang,,Area_Planted,2100.0,ha,Actual,PL2
d15812c4-c7ac-4da7-86ce-71937c0f5139,2009,8,Thái Bình,Provincial,Cultivation,Lúa,,Area_Planted,83164.0,ha,Actual,PL2
cb2f8a10-1f38-4965-8939-691296c1fa11,2009,8,Thái Bình,Provincial,Cultivation,Lúa,,Area_Planted,13362.0,ha,Actual,PL2
927f20f4-4582-41ac-8fb4-e9118786778d,2009,8,Thái Bình,Provincial,Cultivation,Ngô,,Area_Planted,9812.0,ha,Actual,PL2
e696d9a2-cbe0-4f44-90d9-ebcf51467ff8,2009,8,Thái Bình,Provincial,Cultivation,Khoai lang,,Area_Planted,3550.0,ha,Actual,PL2
6863f2bc-86e3-4e11-872a-50f8115fcf1a,2009,8,Ninh Bình,Provincial,Cultivation,Lúa,,Area_Planted,38101.0,ha,Actual,PL2
2debc328-55bd-440d-b794-c031d13bfd58,2009,8,Ninh Bình,Provincial,Cultivation,Lúa,,Area_Planted,9330.0,ha,Actual,PL2
71db567c-59eb-420d-9489-01f31db99989,2009,8,Ninh Bình,Provincial,Cultivation,Ngô,,Area_Planted,5200.0,ha,Actual,PL2
1a760c13-cc96-4192-83db-25937a33433b,2009,8,Ninh Bình,Provincial,Cultivation,Khoai lang,,Area_Planted,2130.0,ha,Actual,PL2
36598190-c555-4634-ab6e-24298cee80ed,2009,8,Ninh Bình,Provincial,Cultivation,Sắn,,Area_Planted,2000.0,ha,Actual,PL2
68eb8716-ec16-4667-87f0-7c75574bf041,2009,8,Đông Bắc,Provincial,Cultivation,Lúa,,Area_Planted,319224.0,ha,Actual,PL2
b771e3b6-baa3-45ab-955e-a3443badd4ca,2009,8,Đông Bắc,Provincial,Cultivation,Lúa,,Area_Planted,5083.0,ha,Actual,PL2
176d469a-8c5a-4758-8976-73315c66b255,2009,8,Đông Bắc,Provincial,Cultivation,Lúa,,Area_Planted,0.0,ha,Actual,PL2
932b1042-5249-4c83-a48f-f4dbe6b47c7b,2009,8,Đông Bắc,Provincial,Cultivation,Lúa,,Area_Planted,282276.0,ha,Actual,PL2
3e7017dc-f0b3-4788-8e16-8a956e6fd29e,2009,8,Đông Bắc,Provincial,Cultivation,Ngô,,Area_Planted,204458.0,ha,Actual,PL2
908a287b-f330-410f-9474-bd6abab0d582,2009,8,Đông Bắc,Provincial,Cultivation,Khoai lang,,Area_Planted,34918.0,ha,Actual,PL2
2289d473-4fb5-48a5-a8b9-f23e4d63cf8e,2009,8,Đông Bắc,Provincial,Cultivation,Sắn,,Area_Planted,39484.0,ha,Actual,PL2
cddf7752-595a-40d5-ae3b-3f93c4517ab8,2009,8,Đông Bắc,Provincial,Cultivation,Lúa,,Area_Planted,3416.0,ha,Actual,PL2
1c60499d-2d0c-4a62-b4a2-ee61e0252a6b,2009,8,Hà Giang,Provincial,Cultivation,Lúa,,Area_Planted,25600.0,ha,Actual,PL2
2c1ac9db-b5ae-45cd-8f5e-306362dc9b6d,2009,8,Hà Giang,Provincial,Cultivation,Lúa,,Area_Planted,41273.0,ha,Actual,PL2
65322f09-9a9e-48d3-af0c-eda3764e65b7,2009,8,Hà Giang,Provincial,Cultivation,Ngô,,Area_Planted,40000.0,ha,Actual,PL2
082a34a6-51b8-43c7-8faa-b0fab7a571d5,2009,8,Hà Giang,Provincial,Cultivation,Khoai lang,,Area_Planted,433.0,ha,Actual,PL2
f72f7cde-594e-4839-8836-af967b92fd34,2009,8,Hà Giang,Provincial,Cultivation,Lúa,,Area_Planted,840.0,ha,Actual,PL2
adb9574c-733b-4164-b737-c0ca69e397ba,2009,8,Cao Bằng,Provincial,Cultivation,Lúa,,Area_Planted,25239.0,ha,Actual,PL2
79203238-67f5-4765-8875-5c5a2173b848,2009,8,Cao Bằng,Provincial,Cultivation,Lúa,,Area_Planted,669.0,ha,Actual,PL2
8f49d7a8-ba3c-4947-9413-00b0eb09325c,2009,8,Cao Bằng,Provincial,Cultivation,Lúa,,Area_Planted,12551.0,ha,Actual,PL2
01fcea53-c49a-46f5-81b5-8ad59b598de9,2009,8,Cao Bằng,Provincial,Cultivation,Ngô,,Area_Planted,12351.0,ha,Actual,PL2
01d0d75a-2c10-46bf-b842-42f7c967ab4e,2009,8,Cao Bằng,Provincial,Cultivation,Khoai lang,,Area_Planted,100.0,ha,Actual,PL2
06d07f5c-589d-444b-9e6b-7f383ca00de5,2009,8,Cao Bằng,Provincial,Cultivation,Sắn,,Area_Planted,100.0,ha,Actual,PL2
c2542457-648e-4d3f-b362-7c03225b18f1,2009,8,Lào Cai,Provincial,Cultivation,Lúa,,Area_Planted,16025.0,ha,Actual,PL2
82a547e8-dcbd-4356-abe5-fde289163184,2009,8,Lào Cai,Provincial,Cultivation,Lúa,,Area_Planted,498.0,ha,Actual,PL2
71454116-2e4d-4613-895f-f7d1953c4e53,2009,8,Lào Cai,Provincial,Cultivation,Lúa,,Area_Planted,28645.0,ha,Actual,PL2
07ea2007-cd82-4cc4-ad05-9d4a0e5dbfb5,2009,8,Lào Cai,Provincial,Cultivation,Ngô,,Area_Planted,25014.0,ha,Actual,PL2
15d03d73-ff52-4f2e-a102-a3a85f0ee4b7,2009,8,Lào Cai,Provincial,Cultivation,Khoai lang,,Area_Planted,296.0,ha,Actual,PL2
48821ccc-98a4-4cef-a695-6aa3b96c627f,2009,8,Lào Cai,Provincial,Cultivation,Sắn,,Area_Planted,2800.0,ha,Actual,PL2
6f72f721-f806-4522-b4f1-94817c2c2c10,2009,8,Lào Cai,Provincial,Cultivation,Lúa,,Area_Planted,535.0,ha,Actual,PL2
d5164e33-95eb-4458-9faa-7704fbda0c79,2009,8,Bắc Cạn,Provincial,Cultivation,Lúa,,Area_Planted,13234.0,ha,Actual,PL2
8a85fba4-9c34-43eb-8cfa-263eaf7b3c90,2009,8,Bắc Cạn,Provincial,Cultivation,Lúa,,Area_Planted,136.0,ha,Actual,PL2
a313ba78-b31a-42a3-905b-2d17192106df,2009,8,Bắc Cạn,Provincial,Cultivation,Lúa,,Area_Planted,17531.0,ha,Actual,PL2
ddb0b655-769d-4976-8535-88029c9a1a15,2009,8,Bắc Cạn,Provincial,Cultivation,Ngô,,Area_Planted,15482.0,ha,Actual,PL2
791b0d4c-ddbf-48d2-92f5-84695d0e9a31,2009,8,Bắc Cạn,Provincial,Cultivation,Khoai lang,,Area_Planted,356.0,ha,Actual,PL2
760814de-0a94-4ef3-8f8f-a4227d3ff999,2009,8,Bắc Cạn,Provincial,Cultivation,Sắn,,Area_Planted,1555.0,ha,Actual,PL2
77273dce-6c72-42dc-97e3-4efe2bc44cc2,2009,8,Bắc Cạn,Provincial,Cultivation,Lúa,,Area_Planted,138.0,ha,Actual,PL2
0b106b08-4306-4839-85ae-0ab76ffe173a,2009,8,Lạng Sơn,Provincial,Cultivation,Lúa,,Area_Planted,31200.0,ha,Actual,PL2
82d4e8d3-3bd5-48e3-be50-cf8898637972,2009,8,Lạng Sơn,Provincial,Cultivation,Lúa,,Area_Planted,22700.0,ha,Actual,PL2
b79c9b91-10a6-4f0d-9aa0-97dcac571a26,2009,8,Lạng Sơn,Provincial,Cultivation,Ngô,,Area_Planted,17000.0,ha,Actual,PL2
089b96cf-cae1-49da-8d37-5b57d7220db1,2009,8,Lạng Sơn,Provincial,Cultivation,Khoai lang,,Area_Planted,1200.0,ha,Actual,PL2
85a5519c-7a63-4baa-a4f7-f9cc15a5a6e0,2009,8,Lạng Sơn,Provincial,Cultivation,Sắn,,Area_Planted,4000.0,ha,Actual,PL2
5dde07cb-e87f-41cb-9e8e-10631d0ecf3d,2009,8,Lạng Sơn,Provincial,Cultivation,Lúa,,Area_Planted,500.0,ha,Actual,PL2
9e030b81-796d-41e7-a206-0cc974a498a8,2009,8,Tuyên Quang,Provincial,Cultivation,Lúa,,Area_Planted,25225.0,ha,Actual,PL2
294c5718-d6a8-4998-9244-77bc0c4703b0,2009,8,Tuyên Quang,Provincial,Cultivation,Lúa,,Area_Planted,14000.0,ha,Actual,PL2
f145a05f-0294-45b0-97ae-5014169dfacf,2009,8,Tuyên Quang,Provincial,Cultivation,Ngô,,Area_Planted,10000.0,ha,Actual,PL2
f468685d-50d6-4f28-a6b9-f5af555ed195,2009,8,Tuyên Quang,Provincial,Cultivation,Khoai lang,,Area_Planted,4000.0,ha,Actual,PL2
5403c029-d766-4c16-b78c-24a54f939a95,2009,8,Yên Bái,Provincial,Cultivation,Lúa,,Area_Planted,23257.0,ha,Actual,PL2
0e005012-ad8d-4592-8731-008296e4ca82,2009,8,Yên Bái,Provincial,Cultivation,Lúa,,Area_Planted,3780.0,ha,Actual,PL2
a037bfed-9b16-425d-95a2-4ed3a8f28492,2009,8,Yên Bái,Provincial,Cultivation,Lúa,,Area_Planted,34944.0,ha,Actual,PL2
8b793d9b-ec18-4c25-ab0d-8da757c29963,2009,8,Yên Bái,Provincial,Cultivation,Ngô,,Area_Planted,17330.0,ha,Actual,PL2
e1e331e9-10ad-4d21-951f-1a9f85a7ac91,2009,8,Yên Bái,Provincial,Cultivation,Khoai lang,,Area_Planted,2614.0,ha,Actual,PL2
16f5ed6f-5ad4-41f3-9b7c-2492d4499cf1,2009,8,Yên Bái,Provincial,Cultivation,Sắn,,Area_Planted,15000.0,ha,Actual,PL2
43d19d7a-067f-470b-92b1-dd14f01d7259,2009,8,Thái Nguyên,Provincial,Cultivation,Lúa,,Area_Planted,41053.0,ha,Actual,PL2
21306786-8341-443b-be6a-00083130a87b,2009,8,Thái Nguyên,Provincial,Cultivation,Lúa,,Area_Planted,32948.0,ha,Actual,PL2
a5558d35-e0eb-4e03-a1d6-1967c157efbd,2009,8,Thái Nguyên,Provincial,Cultivation,Ngô,,Area_Planted,20961.0,ha,Actual,PL2
3c6334fa-ee5c-430d-88ca-5e508b2513d3,2009,8,Thái Nguyên,Provincial,Cultivation,Khoai lang,,Area_Planted,7941.0,ha,Actual,PL2
9488c170-4235-41ab-9476-aeae23b3bcc5,2009,8,Thái Nguyên,Provincial,Cultivation,Sắn,,Area_Planted,4046.0,ha,Actual,PL2
7183ecd6-08f3-4f8f-906a-8681e1810dbb,2009,8,Phú Thọ,Provincial,Cultivation,Lúa,,Area_Planted,34000.0,ha,Actual,PL2
eb3b6ff2-00bd-4b35-80b2-f51aef5247ce,2009,8,Phú Thọ,Provincial,Cultivation,Lúa,,Area_Planted,33320.0,ha,Actual,PL2
ce80d7e6-73a6-4ea8-809c-471c4f0eaf31,2009,8,Phú Thọ,Provincial,Cultivation,Ngô,,Area_Planted,25000.0,ha,Actual,PL2
af7ddd89-a771-47da-875d-0e850261f98f,2009,8,Phú Thọ,Provincial,Cultivation,Khoai lang,,Area_Planted,3200.0,ha,Actual,PL2
4d37f7be-a869-4e5f-a085-8020f29c6d9b,2009,8,Phú Thọ,Provincial,Cultivation,Sắn,,Area_Planted,5120.0,ha,Actual,PL2
6e8078c9-ae1e-4486-9ef3-dfb362601e9c,2009,8,Bắc Giang,Provincial,Cultivation,Lúa,,Area_Planted,56116.0,ha,Actual,PL2
e211a1b6-67b4-451d-a679-f1d479235561,2009,8,Bắc Giang,Provincial,Cultivation,Lúa,,Area_Planted,27144.0,ha,Actual,PL2
6f264711-6c82-48c9-9ae6-9ea1fbe72d6c,2009,8,Bắc Giang,Provincial,Cultivation,Ngô,,Area_Planted,12000.0,ha,Actual,PL2
85e9e93d-316b-4462-82d2-28ac633eb32b,2009,8,Bắc Giang,Provincial,Cultivation,Khoai lang,,Area_Planted,8778.0,ha,Actual,PL2
bc8dba2b-100f-4fbf-ac14-02521dcff08e,2009,8,Bắc Giang,Provincial,Cultivation,Sắn,,Area_Planted,5763.0,ha,Actual,PL2
f920e4f5-6299-430d-893e-dbd379873d92,2009,8,Bắc Giang,Provincial,Cultivation,Lúa,,Area_Planted,603.0,ha,Actual,PL2
10f54541-9243-4127-9833-3cd63517621e,2009,8,Quảng Ninh,Provincial,Cultivation,Lúa,,Area_Planted,28275.0,ha,Actual,PL2
86862d55-aa3d-4645-a9fc-c7e9092ddb4f,2009,8,Quảng Ninh,Provincial,Cultivation,Lúa,,Area_Planted,17220.0,ha,Actual,PL2
e6d609fd-e235-45f4-a4c1-87af3702c71c,2009,8,Quảng Ninh,Provincial,Cultivation,Ngô,,Area_Planted,9320.0,ha,Actual,PL2
35895fc3-c01c-4d6b-ae6b-39e03abd0e4a,2009,8,Quảng Ninh,Provincial,Cultivation,Khoai lang,,Area_Planted,6000.0,ha,Actual,PL2
821d6db5-78f5-4005-b774-2a7828b0a8c0,2009,8,Quảng Ninh,Provincial,Cultivation,Sắn,,Area_Planted,1100.0,ha,Actual,PL2
490795de-e617-4d0e-9fbc-c8009370a62f,2009,8,Quảng Ninh,Provincial,Cultivation,Lúa,,Area_Planted,800.0,ha,Actual,PL2
bb3e4138-824d-40d7-92b9-20ac879cde21,2009,8,Tây Bắc,Provincial,Cultivation,Lúa,,Area_Planted,112241.0,ha,Actual,PL2
bf999fb4-1687-46a2-bcaf-80cc8ff6de9f,2009,8,Tây Bắc,Provincial,Cultivation,Lúa,,Area_Planted,40821.0,ha,Actual,PL2
2fa980eb-d65a-4483-b63f-a6c6a07671e8,2009,8,Tây Bắc,Provincial,Cultivation,Lúa,,Area_Planted,0.0,ha,Actual,PL2
f5cb8021-5b86-4db7-bc8a-ba1943a16d20,2009,8,Tây Bắc,Provincial,Cultivation,Lúa,,Area_Planted,218237.0,ha,Actual,PL2
73d2359d-2412-4a80-a926-7a7b286c9ea2,2009,8,Tây Bắc,Provincial,Cultivation,Ngô,,Area_Planted,179405.0,ha,Actual,PL2
c684c0a7-819f-4b72-ad44-276f1ef386fc,2009,8,Tây Bắc,Provincial,Cultivation,Khoai lang,,Area_Planted,5532.0,ha,Actual,PL2
5af73003-7514-4746-a9f5-c6a277425332,2009,8,Tây Bắc,Provincial,Cultivation,Sắn,,Area_Planted,29000.0,ha,Actual,PL2
224c4cfc-c885-4032-9256-3b671ee0b32e,2009,8,Tây Bắc,Provincial,Cultivation,Lúa,,Area_Planted,4300.0,ha,Actual,PL2
6b4ac6d3-baeb-4f7c-a6ee-985688ef5c8b,2009,8,Lai Châu,Provincial,Cultivation,Lúa,,Area_Planted,26117.0,ha,Actual,PL2
e2111b3b-72cf-42c2-95e2-de6c42f7d5c9,2009,8,Lai Châu,Provincial,Cultivation,Lúa,,Area_Planted,8965.0,ha,Actual,PL2
c9c6e2c2-ca55-45aa-9f82-3b23e6ec883c,2009,8,Lai Châu,Provincial,Cultivation,Lúa,,Area_Planted,15000.0,ha,Actual,PL2
8fdb3e0a-6b85-4353-bb51-ca5c91a4639f,2009,8,Lai Châu,Provincial,Cultivation,Ngô,,Area_Planted,15000.0,ha,Actual,PL2
6f365ceb-38b8-4ae8-96c5-752aeef03084,2009,8,Điện Biên,Provincial,Cultivation,Lúa,,Area_Planted,35184.0,ha,Actual,PL2
4950e8eb-578d-4f71-b02f-9d8cdeb207b2,2009,8,Điện Biên,Provincial,Cultivation,Lúa,,Area_Planted,19836.0,ha,Actual,PL2
2a0238e1-385c-49fb-b3de-933310b58567,2009,8,Điện Biên,Provincial,Cultivation,Lúa,,Area_Planted,30000.0,ha,Actual,PL2
7683cde7-aab9-4e18-87e6-06065d206fd7,2009,8,Điện Biên,Provincial,Cultivation,Ngô,,Area_Planted,30000.0,ha,Actual,PL2
257696fe-e170-46b4-92f2-903d0739c546,2009,8,Sơn La,Provincial,Cultivation,Lúa,,Area_Planted,26730.0,ha,Actual,PL2
e87f9fa8-23b7-4d33-bda4-ab52dcb83b71,2009,8,Sơn La,Provincial,Cultivation,Lúa,,Area_Planted,12020.0,ha,Actual,PL2
42087af7-9ec2-41a1-9e89-5f8dfe85ca63,2009,8,Sơn La,Provincial,Cultivation,Lúa,,Area_Planted,123672.0,ha,Actual,PL2
04c326db-5c3b-44d7-81ae-88208ef8ebf1,2009,8,Sơn La,Provincial,Cultivation,Ngô,,Area_Planted,104405.0,ha,Actual,PL2
3e14d335-a615-4e37-94be-7f660c309e2a,2009,8,Sơn La,Provincial,Cultivation,Khoai lang,,Area_Planted,267.0,ha,Actual,PL2
bbc98207-c027-45f2-93b6-2bb52398a74c,2009,8,Sơn La,Provincial,Cultivation,Sắn,,Area_Planted,16000.0,ha,Actual,PL2
6b7e271e-b735-4b2c-a527-0e9da48b655d,2009,8,Sơn La,Provincial,Cultivation,Lúa,,Area_Planted,3000.0,ha,Actual,PL2
5ec23759-0624-423b-8694-5f1958d13c59,2009,8,Hoà Bình,Provincial,Cultivation,Lúa,,Area_Planted,24210.0,ha,Actual,PL2
4443bfbf-e040-4399-ad98-1c1c9a31de4d,2009,8,Hoà Bình,Provincial,Cultivation,Lúa,,Area_Planted,49565.0,ha,Actual,PL2
766dd1d3-5f06-4ff3-a8b9-74688eda27f2,2009,8,Hoà Bình,Provincial,Cultivation,Ngô,,Area_Planted,30000.0,ha,Actual,PL2
36110186-81ed-4f74-a88e-7fd0a3fa3a89,2009,8,Hoà Bình,Provincial,Cultivation,Khoai lang,,Area_Planted,5265.0,ha,Actual,PL2
ba70620b-4793-4c79-bd75-c15dc97e4397,2009,8,Hoà Bình,Provincial,Cultivation,Sắn,,Area_Planted,13000.0,ha,Actual,PL2
e8f70b60-7c73-4b59-9da5-d2ea2a6547aa,2009,8,Hoà Bình,Provincial,Cultivation,Lúa,,Area_Planted,1300.0,ha,Actual,PL2
871edc5a-6585-494d-bebe-01277e473c74,2009,8,Bắc Trung Bộ,Provincial,Cultivation,Lúa,,Area_Planted,192600.0,ha,Actual,PL2
3843750e-381e-4077-abfc-72e681680b42,2009,8,Bắc Trung Bộ,Provincial,Cultivation,Lúa,,Area_Planted,160267.0,ha,Actual,PL2
6c314aad-ecec-4901-9ef6-35545be8a751,2009,8,Bắc Trung Bộ,Provincial,Cultivation,Lúa,,Area_Planted,181280.0,ha,Actual,PL2
4ebf11d4-2cf3-4258-800c-837030a1efc0,2009,8,Bắc Trung Bộ,Provincial,Cultivation,Ngô,,Area_Planted,101981.0,ha,Actual,PL2
2ffc3abd-ac23-4f08-929a-0636077dbbd3,2009,8,Bắc Trung Bộ,Provincial,Cultivation,Khoai lang,,Area_Planted,33799.0,ha,Actual,PL2
5745a469-7a9d-4a1a-a469-5c1c52b1030d,2009,8,Bắc Trung Bộ,Provincial,Cultivation,Sắn,,Area_Planted,43000.0,ha,Actual,PL2
84baf35f-2ca3-4a5b-999b-a1dd7469d408,2009,8,Bắc Trung Bộ,Provincial,Cultivation,Lúa,,Area_Planted,2500.0,ha,Actual,PL2
dfaae92a-ce3b-4fa5-a75e-7640ff660537,2009,8,Thanh Hoá,Provincial,Cultivation,Lúa,,Area_Planted,135000.0,ha,Actual,PL2
6ca6888e-6740-4d89-8948-2232a0ce3207,2009,8,Thanh Hoá,Provincial,Cultivation,Lúa,,Area_Planted,59535.0,ha,Actual,PL2
5f36c246-4a75-43b1-a0d3-32379925cf3d,2009,8,Thanh Hoá,Provincial,Cultivation,Ngô,,Area_Planted,40736.0,ha,Actual,PL2
914c295a-507b-4069-aa39-d3b7475d6ce4,2009,8,Thanh Hoá,Provincial,Cultivation,Khoai lang,,Area_Planted,11799.0,ha,Actual,PL2
943ab2bc-2121-45aa-b704-02c19de0611e,2009,8,Thanh Hoá,Provincial,Cultivation,Sắn,,Area_Planted,7000.0,ha,Actual,PL2
8c3d6517-b9a0-4a6c-89ea-ac2d6906383c,2009,8,Nghệ An,Provincial,Cultivation,Lúa,,Area_Planted,45000.0,ha,Actual,PL2
19383623-4b38-43d3-aebc-5269b41f97d9,2009,8,Nghệ An,Provincial,Cultivation,Lúa,,Area_Planted,59000.0,ha,Actual,PL2
aa5cc7ac-f53d-4166-9878-5cc2257a2a05,2009,8,Nghệ An,Provincial,Cultivation,Lúa,,Area_Planted,57600.0,ha,Actual,PL2
720d41f3-7a2b-42ac-a039-d033c4f564b6,2009,8,Nghệ An,Provincial,Cultivation,Ngô,,Area_Planted,41100.0,ha,Actual,PL2
71e1c376-ee59-4e9b-bc1d-81231eeb9c6c,2009,8,Nghệ An,Provincial,Cultivation,Khoai lang,,Area_Planted,4500.0,ha,Actual,PL2
9e2c9078-9a04-49e0-996c-75abcab14976,2009,8,Nghệ An,Provincial,Cultivation,Sắn,,Area_Planted,12000.0,ha,Actual,PL2
b7579c65-e1db-451d-859a-9f61a7065d8c,2009,8,Hà Tĩnh,Provincial,Cultivation,Lúa,,Area_Planted,6500.0,ha,Actual,PL2
2a12f7e3-7659-49a4-a0ec-dac8e1cb1799,2009,8,Hà Tĩnh,Provincial,Cultivation,Lúa,,Area_Planted,41910.0,ha,Actual,PL2
239ec509-3e2e-4078-a468-ac3d6defab23,2009,8,Hà Tĩnh,Provincial,Cultivation,Lúa,,Area_Planted,22145.0,ha,Actual,PL2
a6ddc8ab-2075-4a88-ada6-192e1abe0ab5,2009,8,Hà Tĩnh,Provincial,Cultivation,Ngô,,Area_Planted,10145.0,ha,Actual,PL2
3b872eb7-ecf7-4d2b-b101-5c8b8640a904,2009,8,Hà Tĩnh,Provincial,Cultivation,Khoai lang,,Area_Planted,10000.0,ha,Actual,PL2
5b6ebe79-8732-41cd-882c-1dea8aa6d119,2009,8,Hà Tĩnh,Provincial,Cultivation,Sắn,,Area_Planted,2000.0,ha,Actual,PL2
4ae5735e-4d87-46a5-bffb-6d84cf5c810b,2009,8,Quảng Bình,Provincial,Cultivation,Lúa,,Area_Planted,1000.0,ha,Actual,PL2
da3cf8f7-5ad4-4315-94b6-9018336f1595,2009,8,Quảng Bình,Provincial,Cultivation,Lúa,,Area_Planted,16435.0,ha,Actual,PL2
d4fb3741-c226-4b08-ba9c-8e464c824d52,2009,8,Quảng Bình,Provincial,Cultivation,Lúa,,Area_Planted,13000.0,ha,Actual,PL2
fe437399-4130-4a8c-be0a-840c3ffabd16,2009,8,Quảng Bình,Provincial,Cultivation,Ngô,,Area_Planted,5000.0,ha,Actual,PL2
773e566c-bcff-4a82-8494-ef389acff0e4,2009,8,Quảng Bình,Provincial,Cultivation,Khoai lang,,Area_Planted,1000.0,ha,Actual,PL2
c8079e61-f2b2-4d0b-ad00-d673995d39fe,2009,8,Quảng Bình,Provincial,Cultivation,Sắn,,Area_Planted,7000.0,ha,Actual,PL2
05d55610-53eb-4060-9841-1c248bc6b772,2009,8,Quảng Trị,Provincial,Cultivation,Lúa,,Area_Planted,4500.0,ha,Actual,PL2
57e6dcba-32ff-4459-afab-e472b2fa2f7a,2009,8,Quảng Trị,Provincial,Cultivation,Lúa,,Area_Planted,19000.0,ha,Actual,PL2
bd624783-78e7-4a5c-b002-cb39a939897e,2009,8,Quảng Trị,Provincial,Cultivation,Lúa,,Area_Planted,16500.0,ha,Actual,PL2
86b83516-8ebb-46b6-860a-4f0ae708c7a5,2009,8,Quảng Trị,Provincial,Cultivation,Ngô,,Area_Planted,3000.0,ha,Actual,PL2
5454798f-e6f9-48b1-98d7-a5036bc02305,2009,8,Quảng Trị,Provincial,Cultivation,Khoai lang,,Area_Planted,2500.0,ha,Actual,PL2
55aab6b3-ceec-4528-9bea-b498134fb4e5,2009,8,Quảng Trị,Provincial,Cultivation,Sắn,,Area_Planted,9000.0,ha,Actual,PL2
41a56c6e-7819-4719-b0c8-2573dd94c082,2009,8,Quảng Trị,Provincial,Cultivation,Lúa,,Area_Planted,2000.0,ha,Actual,PL2
7cb16dfd-454f-44c3-8325-75522eefa7f8,2009,8,Thừa Thiên Huế,Provincial,Cultivation,Lúa,,Area_Planted,600.0,ha,Actual,PL2
c0a52610-030b-4359-90e6-d6b9154cfc66,2009,8,Thừa Thiên Huế,Provincial,Cultivation,Lúa,,Area_Planted,23922.0,ha,Actual,PL2
2c12e28d-f3d5-44e5-8e2d-ccd2d50d5ee4,2009,8,Thừa Thiên Huế,Provincial,Cultivation,Lúa,,Area_Planted,12500.0,ha,Actual,PL2
8194aee1-3848-44e1-b9e6-583275e2b6d6,2009,8,Thừa Thiên Huế,Provincial,Cultivation,Ngô,,Area_Planted,2000.0,ha,Actual,PL2
2b8454d6-a9a3-46e9-b352-4f25705fe545,2009,8,Thừa Thiên Huế,Provincial,Cultivation,Khoai lang,,Area_Planted,4000.0,ha,Actual,PL2
3a52a302-454c-48d2-bde4-40160ebafa18,2009,8,Thừa Thiên Huế,Provincial,Cultivation,Sắn,,Area_Planted,6000.0,ha,Actual,PL2
0f6d5ac8-fc31-4ffa-8c0b-99354dadbc37,2009,8,Thừa Thiên Huế,Provincial,Cultivation,Lúa,,Area_Planted,500.0,ha,Actual,PL2
3a41b6c5-f0cd-42ed-87db-40bf58b09692,2009,8,Miền Bắc,Regional,Cultivation,Lúa,,Area_Planted,346359.0,ha,Actual,PL3
288b73a4-5fea-4249-95ed-db07a1a316ef,2009,8,Miền Bắc,Regional,Cultivation,Lúa,,Area_Planted,159491.0,ha,Actual,PL3
456e9796-ffc0-4110-a989-8aa312ed3f52,2009,8,Miền Bắc,Regional,Cultivation,Lúa,,Area_Planted,34923.0,ha,Actual,PL3
c470f80d-61ef-4a4f-ba27-9af5624d3b3a,2009,8,Miền Bắc,Regional,Cultivation,Lúa,,Area_Planted,9594.0,ha,Actual,PL3
da7061b4-14d6-4990-9047-eaa8d58a77ac,2009,8,Miền Bắc,Regional,Cultivation,Rau,,Area_Planted,336718.0,ha,Actual,PL3
edf12fb6-3f0a-4274-94f7-ad53b87d7483,2009,8,ĐB sông Hồng,Provincial,Cultivation,Lúa,,Area_Planted,109271.0,ha,Actual,PL3
52377d02-d0f3-4a97-af99-fd323cea4ac0,2009,8,ĐB sông Hồng,Provincial,Cultivation,Lúa,,Area_Planted,32530.0,ha,Actual,PL3
77039907-1605-4a1a-8dc2-a00c061dbc77,2009,8,ĐB sông Hồng,Provincial,Cultivation,Lúa,,Area_Planted,871.0,ha,Actual,PL3
96f2b0a8-8853-4e7b-be9e-8ef50bb2ff01,2009,8,ĐB sông Hồng,Provincial,Cultivation,Lúa,,Area_Planted,2250.0,ha,Actual,PL3
559c2f17-f2b1-4211-8363-6a867708bb83,2009,8,ĐB sông Hồng,Provincial,Cultivation,Rau,,Area_Planted,136806.0,ha,Actual,PL3
4561badd-5354-43e4-81fe-a1519d05455b,2009,8,Hà Nội,Provincial,Cultivation,Lúa,,Area_Planted,43073.0,ha,Actual,PL3
5e4b0bd8-f886-4022-831f-5d1b06d314d5,2009,8,Hà Nội,Provincial,Cultivation,Lúa,,Area_Planted,7573.0,ha,Actual,PL3
60178d8d-1191-4316-bb54-12e30d683c96,2009,8,Hà Nội,Provincial,Cultivation,Rau,,Area_Planted,25136.0,ha,Actual,PL3
9bca7aec-dc03-4f46-b331-57272be4c2f6,2009,8,Hải Phòng,Provincial,Cultivation,Lúa,,Area_Planted,2600.0,ha,Actual,PL3
f9f21ba6-93f7-480b-8d33-b83db53042be,2009,8,Hải Phòng,Provincial,Cultivation,Lúa,,Area_Planted,150.0,ha,Actual,PL3
4eca2985-dd43-4d92-b38f-b2564df3218e,2009,8,Hải Phòng,Provincial,Cultivation,Lúa,,Area_Planted,2250.0,ha,Actual,PL3
4bed02af-2c55-4139-ab3a-b5148b2de178,2009,8,Hải Phòng,Provincial,Cultivation,Rau,,Area_Planted,15400.0,ha,Actual,PL3
6cb32928-3b11-43c3-bcd9-2314c25767bb,2009,8,Vĩnh Phúc,Provincial,Cultivation,Lúa,,Area_Planted,8157.0,ha,Actual,PL3
a1bba76b-4312-4680-b4a6-f59be3cfe664,2009,8,Vĩnh Phúc,Provincial,Cultivation,Lúa,,Area_Planted,6826.0,ha,Actual,PL3
fe7558c2-8d82-4977-9b4e-ba5ea421ac29,2009,8,Vĩnh Phúc,Provincial,Cultivation,Lúa,,Area_Planted,63.0,ha,Actual,PL3
babb4f7e-4377-4004-9e4e-970f6fb09f0b,2009,8,Vĩnh Phúc,Provincial,Cultivation,Rau,,Area_Planted,6684.0,ha,Actual,PL3
a1dd3110-5ee0-4f04-bdb9-f58893dfa895,2009,8,Bắc Ninh,Provincial,Cultivation,Lúa,,Area_Planted,4507.0,ha,Actual,PL3
35a52bdf-0e54-4930-93fb-437fcb3bc703,2009,8,Bắc Ninh,Provincial,Cultivation,Lúa,,Area_Planted,1212.0,ha,Actual,PL3
dfa1899b-c002-4243-93ae-5dfad5f313d8,2009,8,Bắc Ninh,Provincial,Cultivation,Rau,,Area_Planted,10730.0,ha,Actual,PL3
4b535afe-9c1d-4815-9224-bc96ffa51a3b,2009,8,Hải Dương,Provincial,Cultivation,Lúa,,Area_Planted,1205.0,ha,Actual,PL3
3b0e4cb4-729a-47e6-94cd-8cf24ccb6952,2009,8,Hải Dương,Provincial,Cultivation,Lúa,,Area_Planted,1000.0,ha,Actual,PL3
73aa1b55-9800-4a6c-a9c4-052af551b772,2009,8,Hải Dương,Provincial,Cultivation,Rau,,Area_Planted,25000.0,ha,Actual,PL3
c37d42e8-6b02-4cd0-a4bf-2879fc878f7d,2009,8,Hưng Yên,Provincial,Cultivation,Lúa,,Area_Planted,5230.0,ha,Actual,PL3
31395d9c-6fe2-4b61-9ce7-741f82fe06bc,2009,8,Hưng Yên,Provincial,Cultivation,Lúa,,Area_Planted,1630.0,ha,Actual,PL3
fe43ed56-2fb3-46d5-9f4e-b025671963bc,2009,8,Hưng Yên,Provincial,Cultivation,Rau,,Area_Planted,12000.0,ha,Actual,PL3
158b91fa-69e6-469b-b578-590f94ad7de8,2009,8,Hà Nam,Provincial,Cultivation,Lúa,,Area_Planted,10877.0,ha,Actual,PL3
c9dd5b2c-89c0-4989-a297-420b2885b0dd,2009,8,Hà Nam,Provincial,Cultivation,Lúa,,Area_Planted,1000.0,ha,Actual,PL3
9a1a91cd-4b50-46fc-bd7d-7d768759f687,2009,8,Hà Nam,Provincial,Cultivation,Rau,,Area_Planted,6175.0,ha,Actual,PL3
dd70344f-db13-4305-bf1c-12b0efe9ef33,2009,8,Nam Định,Provincial,Cultivation,Lúa,,Area_Planted,10039.0,ha,Actual,PL3
250b989a-1c0c-4e6e-bb70-69efd3c74985,2009,8,Nam Định,Provincial,Cultivation,Lúa,,Area_Planted,6539.0,ha,Actual,PL3
68b6daea-21da-49c7-ac16-6a44363a2052,2009,8,Nam Định,Provincial,Cultivation,Rau,,Area_Planted,13000.0,ha,Actual,PL3
264c090b-d933-4837-b723-f5efaa35e987,2009,8,Thái Bình,Provincial,Cultivation,Lúa,,Area_Planted,10200.0,ha,Actual,PL3
62513ffd-a1c4-483a-a4c5-8f8a2aac3d3f,2009,8,Thái Bình,Provincial,Cultivation,Lúa,,Area_Planted,2100.0,ha,Actual,PL3
208e4981-7ef9-4681-9cd4-b09f77ee721b,2009,8,Thái Bình,Provincial,Cultivation,Rau,,Area_Planted,16000.0,ha,Actual,PL3
e03c325c-bf1d-4513-9332-6ca377fe8bb6,2009,8,Ninh Bình,Provincial,Cultivation,Lúa,,Area_Planted,13383.0,ha,Actual,PL3
6b146b19-a4d8-4f8b-9c22-d8c96c75a2c9,2009,8,Ninh Bình,Provincial,Cultivation,Lúa,,Area_Planted,4500.0,ha,Actual,PL3
3937d6ae-afb3-4477-a37c-4df7c126e4f9,2009,8,Ninh Bình,Provincial,Cultivation,Lúa,,Area_Planted,808.0,ha,Actual,PL3
3c59b21d-af13-4bd0-8df0-8c87784fe6c3,2009,8,Ninh Bình,Provincial,Cultivation,Rau,,Area_Planted,6681.0,ha,Actual,PL3
91f22d85-82e3-4794-97b9-bc733e1e24cc,2009,8,Đông Bắc,Provincial,Cultivation,Lúa,,Area_Planted,83310.0,ha,Actual,PL3
19c9af00-23f2-486c-b344-cebff5ea3168,2009,8,Đông Bắc,Provincial,Cultivation,Lúa,,Area_Planted,41813.0,ha,Actual,PL3
ab2e09a1-0174-45e4-b8a8-3016ce6001c6,2009,8,Đông Bắc,Provincial,Cultivation,Lúa,,Area_Planted,2475.0,ha,Actual,PL3
53a0562a-a127-416c-bfaf-54b1e62ceec8,2009,8,Đông Bắc,Provincial,Cultivation,Lúa,,Area_Planted,7160.0,ha,Actual,PL3
2feb6feb-dc81-4a9f-af8d-8ab7a8909bd5,2009,8,Đông Bắc,Provincial,Cultivation,Rau,,Area_Planted,80091.0,ha,Actual,PL3
f0897640-af7b-4fa4-93e5-764e78fe1523,2009,8,Hà Giang,Provincial,Cultivation,Lúa,,Area_Planted,13093.0,ha,Actual,PL3
5e16ce9a-27e1-469a-8c41-128c52062257,2009,8,Hà Giang,Provincial,Cultivation,Lúa,,Area_Planted,4553.0,ha,Actual,PL3
0f4fc0c2-0e8e-4e6e-abe8-21c6ac8806d5,2009,8,Hà Giang,Provincial,Cultivation,Rau,,Area_Planted,9490.0,ha,Actual,PL3
ba668593-39f5-4e86-baa6-9d535ff7b159,2009,8,CBằ ao ng,Provincial,Cultivation,Lúa,,Area_Planted,922.0,ha,Actual,PL3
08c50909-3e21-44f0-9052-79537f8ef765,2009,8,Lào Cai,Provincial,Cultivation,Lúa,,Area_Planted,7295.0,ha,Actual,PL3
b43f2094-6298-40be-b73d-73e310049c63,2009,8,Lào Cai,Provincial,Cultivation,Lúa,,Area_Planted,648.0,ha,Actual,PL3
2add216f-7ffd-413a-97ef-84d7b93d2fd7,2009,8,Lào Cai,Provincial,Cultivation,Lúa,,Area_Planted,82.0,ha,Actual,PL3
38af6149-b8fd-4cbd-a772-dca388b1e24d,2009,8,Lào Cai,Provincial,Cultivation,Rau,,Area_Planted,3594.0,ha,Actual,PL3
57f2ad85-2612-4284-b58f-319a57e65b31,2009,8,Bắc Cạn,Provincial,Cultivation,Lúa,,Area_Planted,3373.0,ha,Actual,PL3
89b1de93-30f4-4ff4-bf58-a3229d7a6638,2009,8,Bắc Cạn,Provincial,Cultivation,Lúa,,Area_Planted,462.0,ha,Actual,PL3
f239311f-c4be-4201-b19a-6fde5f1fe4bb,2009,8,Bắc Cạn,Provincial,Cultivation,Lúa,,Area_Planted,165.0,ha,Actual,PL3
a430732c-861f-467f-bc86-6a359d10108e,2009,8,Bắc Cạn,Provincial,Cultivation,Lúa,,Area_Planted,736.0,ha,Actual,PL3
fac37f85-d3c7-46be-969d-05e87163f751,2009,8,Bắc Cạn,Provincial,Cultivation,Rau,,Area_Planted,2476.0,ha,Actual,PL3
59f6e5e6-55d0-485c-a29d-7c7ce71d7f7c,2009,8,Lạng Sơn,Provincial,Cultivation,Lúa,,Area_Planted,7133.0,ha,Actual,PL3
73af008a-c2db-40b6-8279-fd1ce8e6be60,2009,8,Lạng Sơn,Provincial,Cultivation,Lúa,,Area_Planted,1582.0,ha,Actual,PL3
11d2bfd9-169b-49d8-8073-aadfbe9b6f42,2009,8,Lạng Sơn,Provincial,Cultivation,Lúa,,Area_Planted,200.0,ha,Actual,PL3
8685693c-633b-437f-b943-318d66428053,2009,8,Lạng Sơn,Provincial,Cultivation,Lúa,,Area_Planted,4501.0,ha,Actual,PL3
818ee74d-58fa-49b3-849f-6df2c79bb76a,2009,8,Lạng Sơn,Provincial,Cultivation,Rau,,Area_Planted,6732.0,ha,Actual,PL3
1f1dd573-eb99-454e-a566-89fb106d55b6,2009,8,Tuyên Quang,Provincial,Cultivation,Lúa,,Area_Planted,6457.0,ha,Actual,PL3
3c4bbf1c-69cd-4a73-8b7b-d086faead4f8,2009,8,Tuyên Quang,Provincial,Cultivation,Lúa,,Area_Planted,3457.0,ha,Actual,PL3
edbef72e-5399-4371-8ad3-1744dcb6ba83,2009,8,Tuyên Quang,Provincial,Cultivation,Rau,,Area_Planted,4534.0,ha,Actual,PL3
31c4713b-098f-499f-96b2-8b0211beae8d,2009,8,Yên Bái,Provincial,Cultivation,Lúa,,Area_Planted,3280.0,ha,Actual,PL3
3c6ffbe2-4800-4cc6-9054-6bb0d201ce70,2009,8,Yên Bái,Provincial,Cultivation,Lúa,,Area_Planted,2563.0,ha,Actual,PL3
533bb2d9-25c3-4ca1-af33-49150b814e2e,2009,8,Yên Bái,Provincial,Cultivation,Rau,,Area_Planted,6429.0,ha,Actual,PL3
708bc438-be52-4f7c-86f5-d9792b6afe6e,2009,8,Thái Nguyên,Provincial,Cultivation,Lúa,,Area_Planted,5313.0,ha,Actual,PL3
8342397b-0f0c-488d-8f30-aea1c992120b,2009,8,Thái Nguyên,Provincial,Cultivation,Lúa,,Area_Planted,4596.0,ha,Actual,PL3
ad372cab-6931-46d4-9b02-f90cd1916a38,2009,8,Thái Nguyên,Provincial,Cultivation,Rau,,Area_Planted,12685.0,ha,Actual,PL3
e9312965-afce-4f2b-bb4b-eab22c2b56bf,2009,8,Phú Thọ,Provincial,Cultivation,Lúa,,Area_Planted,11338.0,ha,Actual,PL3
f5192932-6a14-47af-b371-1e783561c9d3,2009,8,Phú Thọ,Provincial,Cultivation,Lúa,,Area_Planted,10000.0,ha,Actual,PL3
4bed233d-620b-4ee3-8a64-770013460ddf,2009,8,Phú Thọ,Provincial,Cultivation,Lúa,,Area_Planted,100.0,ha,Actual,PL3
2b67b86c-c5b2-4b4e-8de7-4a1bd6872eb1,2009,8,Phú Thọ,Provincial,Cultivation,Rau,,Area_Planted,8289.0,ha,Actual,PL3
637488ff-502a-46fe-aef2-27cde5f2116d,2009,8,Bắc Giang,Provincial,Cultivation,Lúa,,Area_Planted,13020.0,ha,Actual,PL3
82efbd3c-72b2-4d92-8609-986415bc0ba4,2009,8,Bắc Giang,Provincial,Cultivation,Lúa,,Area_Planted,10430.0,ha,Actual,PL3
449b982b-d239-43c0-b5ed-4870343fa219,2009,8,Bắc Giang,Provincial,Cultivation,Lúa,,Area_Planted,250.0,ha,Actual,PL3
345e0992-0253-4a9a-875f-23c556d9405f,2009,8,Bắc Giang,Provincial,Cultivation,Lúa,,Area_Planted,262.0,ha,Actual,PL3
babc3216-c9aa-4515-8cab-b178dfdb254b,2009,8,Bắc Giang,Provincial,Cultivation,Rau,,Area_Planted,12508.0,ha,Actual,PL3
383efc45-4a83-4dee-81d9-1ce8f7c4e54b,2009,8,Quảng Ninh,Provincial,Cultivation,Lúa,,Area_Planted,3900.0,ha,Actual,PL3
fcfb8d21-d47b-4049-86cb-770254227326,2009,8,Quảng Ninh,Provincial,Cultivation,Lúa,,Area_Planted,2600.0,ha,Actual,PL3
b1ea0c82-6a89-4941-b36d-dc5429a61760,2009,8,Quảng Ninh,Provincial,Cultivation,Lúa,,Area_Planted,300.0,ha,Actual,PL3
bf974ffe-bfba-4b1c-8f94-87562072d983,2009,8,Quảng Ninh,Provincial,Cultivation,Rau,,Area_Planted,10500.0,ha,Actual,PL3
35523cbd-dd98-48c6-8ed4-83432e6c9210,2009,8,Tây Bắc,Provincial,Cultivation,Lúa,,Area_Planted,38765.0,ha,Actual,PL3
5d7a3471-d51f-40cf-8e58-5e2cfeff7879,2009,8,Tây Bắc,Provincial,Cultivation,Lúa,,Area_Planted,8395.0,ha,Actual,PL3
91b542de-53d9-47c4-8bde-bd5e862844ca,2009,8,Tây Bắc,Provincial,Cultivation,Lúa,,Area_Planted,8345.0,ha,Actual,PL3
82535eda-9def-434e-9e57-dbd2457e9794,2009,8,Tây Bắc,Provincial,Cultivation,Lúa,,Area_Planted,0.0,ha,Actual,PL3
28f2d434-e910-4bbe-b328-4cc19b3843a9,2009,8,Tây Bắc,Provincial,Cultivation,Rau,,Area_Planted,15681.0,ha,Actual,PL3
1e707b0d-cc1a-4914-8119-1a204c03d03c,2009,8,Lai Châu,Provincial,Cultivation,Lúa,,Area_Planted,2532.0,ha,Actual,PL3
7d9f2628-7b76-4da4-b6da-5b6a1d4f3467,2009,8,Lai Châu,Provincial,Cultivation,Lúa,,Area_Planted,1000.0,ha,Actual,PL3
dc79a2e1-3915-43cb-90c7-b59243566ab5,2009,8,Lai Châu,Provincial,Cultivation,Rau,,Area_Planted,1500.0,ha,Actual,PL3
ab6f3f8e-ed35-4736-977f-cdb2ec7a1431,2009,8,Điện Biên,Provincial,Cultivation,Lúa,,Area_Planted,13435.0,ha,Actual,PL3
ffe2cc70-5b68-46cb-ab2c-64fbc0315d92,2009,8,Điện Biên,Provincial,Cultivation,Lúa,,Area_Planted,1600.0,ha,Actual,PL3
e8ec0bfe-aecf-4221-88a9-ec4d61019c5b,2009,8,Điện Biên,Provincial,Cultivation,Rau,,Area_Planted,0.0,ha,Actual,PL3
8db4d54d-0d7e-440e-8269-c1df224f42a0,2009,8,Sơn La,Provincial,Cultivation,Lúa,,Area_Planted,5867.0,ha,Actual,PL3
15df65c5-eb3b-444f-8c50-7a1bc420e8e7,2009,8,Sơn La,Provincial,Cultivation,Lúa,,Area_Planted,795.0,ha,Actual,PL3
8ee92398-090c-4de1-844e-81c94f222984,2009,8,Sơn La,Provincial,Cultivation,Rau,,Area_Planted,3580.0,ha,Actual,PL3
0d67d875-7aa5-46c9-828b-fda16c668e35,2009,8,Hoà Bình,Provincial,Cultivation,Lúa,,Area_Planted,16931.0,ha,Actual,PL3
6a25b3de-6eb0-438c-bdd3-88a987a997c9,2009,8,Hoà Bình,Provincial,Cultivation,Lúa,,Area_Planted,5000.0,ha,Actual,PL3
99d69e4b-4c26-4abd-a12c-bb5744ad5094,2009,8,Hoà Bình,Provincial,Cultivation,Lúa,,Area_Planted,8345.0,ha,Actual,PL3
fbd5c2d9-7bdc-449a-bd6d-294c9d46981f,2009,8,Hoà Bình,Provincial,Cultivation,Rau,,Area_Planted,10601.0,ha,Actual,PL3
68ebb7c2-00dd-4630-89d4-b4ec5b24bcbd,2009,8,Bắc Trung Bộ,Provincial,Cultivation,Lúa,,Area_Planted,115013.0,ha,Actual,PL3
56020a7e-320f-483a-8bfe-6a0bde457800,2009,8,Bắc Trung Bộ,Provincial,Cultivation,Lúa,,Area_Planted,76753.0,ha,Actual,PL3
8b7f9989-ee4e-4349-8fec-ce495efb7092,2009,8,Bắc Trung Bộ,Provincial,Cultivation,Lúa,,Area_Planted,23232.0,ha,Actual,PL3
b12b27b0-1e1c-44aa-b68e-ef7bfe8c2ef6,2009,8,Bắc Trung Bộ,Provincial,Cultivation,Lúa,,Area_Planted,184.0,ha,Actual,PL3
9d84ab7e-a7c7-4e80-bdd4-0f4618aa2acc,2009,8,Bắc Trung Bộ,Provincial,Cultivation,Rau,,Area_Planted,104140.0,ha,Actual,PL3
bf3b7b02-41f7-4996-9efe-dbcb2bd262e5,2009,8,Thanh Hoá,Provincial,Cultivation,Lúa,,Area_Planted,34596.0,ha,Actual,PL3
ca260085-ab1f-40d3-a2ba-e74eb15d93e6,2009,8,Thanh Hoá,Provincial,Cultivation,Lúa,,Area_Planted,16837.0,ha,Actual,PL3
4f769ab3-0281-4489-aa8f-c4eed48c1217,2009,8,Thanh Hoá,Provincial,Cultivation,Lúa,,Area_Planted,13712.0,ha,Actual,PL3
c0d21b2a-e523-4634-9339-a9faaec2d19d,2009,8,Thanh Hoá,Provincial,Cultivation,Rau,,Area_Planted,45600.0,ha,Actual,PL3
5c13d05a-0a95-4703-b136-ded386069363,2009,8,Nghệ An,Provincial,Cultivation,Lúa,,Area_Planted,34100.0,ha,Actual,PL3
9da5bfe0-9d7a-480a-9c98-f6b065a026ff,2009,8,Nghệ An,Provincial,Cultivation,Lúa,,Area_Planted,24000.0,ha,Actual,PL3
27d82ceb-35d4-4f2e-aae5-4ed025470d4b,2009,8,Nghệ An,Provincial,Cultivation,Lúa,,Area_Planted,9500.0,ha,Actual,PL3
159927c6-bafd-4082-acdb-950b5244801d,2009,8,Nghệ An,Provincial,Cultivation,Rau,,Area_Planted,29550.0,ha,Actual,PL3
054c838e-9f1d-44d8-acb9-5eefd0b6ee61,2009,8,Hà Tĩnh,Provincial,Cultivation,Lúa,,Area_Planted,32113.0,ha,Actual,PL3
07fe8038-686a-40df-b265-8f5db72d26e6,2009,8,Hà Tĩnh,Provincial,Cultivation,Lúa,,Area_Planted,21916.0,ha,Actual,PL3
9e6bca70-90a6-4ff2-afed-ef45d5ba5c6b,2009,8,Hà Tĩnh,Provincial,Cultivation,Rau,,Area_Planted,14990.0,ha,Actual,PL3
8a04c539-a04b-4bb6-8eac-466e3ffd3868,2009,8,Quảng Bình,Provincial,Cultivation,Lúa,,Area_Planted,5000.0,ha,Actual,PL3
59991b08-b75e-4f3e-b441-785d2c6a3ace,2009,8,Quảng Bình,Provincial,Cultivation,Lúa,,Area_Planted,5000.0,ha,Actual,PL3
37e3958d-efc8-43cc-a45d-c7b08364cf60,2009,8,Quảng Bình,Provincial,Cultivation,Rau,,Area_Planted,7000.0,ha,Actual,PL3
2032818e-a136-4973-852a-83f9c6bf06f3,2009,8,Quảng Trị,Provincial,Cultivation,Lúa,,Area_Planted,5123.0,ha,Actual,PL3
fc842767-c5cf-4d08-8947-231af672b119,2009,8,Quảng Trị,Provincial,Cultivation,Lúa,,Area_Planted,5000.0,ha,Actual,PL3
6f445253-4714-4433-8ade-456466496c78,2009,8,Quảng Trị,Provincial,Cultivation,Lúa,,Area_Planted,20.0,ha,Actual,PL3
04f8f113-8155-40cd-a1f5-622b0bf18cbc,2009,8,Quảng Trị,Provincial,Cultivation,Lúa,,Area_Planted,103.0,ha,Actual,PL3
86e49042-9afc-4c3e-9acb-45b2467d0ffe,2009,8,Quảng Trị,Provincial,Cultivation,Rau,,Area_Planted,2000.0,ha,Actual,PL3
91139d4d-672f-4637-a1e7-f23ef1747645,2009,8,Thừa Thiên Huế,Provincial,Cultivation,Lúa,,Area_Planted,4081.0,ha,Actual,PL3
2b69b9fb-d7af-44aa-9f46-85737f6a7370,2009,8,Thừa Thiên Huế,Provincial,Cultivation,Lúa,,Area_Planted,4000.0,ha,Actual,PL3
538a804b-bad6-4ee4-a0e4-d4434d507704,2009,8,Thừa Thiên Huế,Provincial,Cultivation,Lúa,,Area_Planted,81.0,ha,Actual,PL3
9eb2d08c-8b53-4494-b2d3-5a739792ddf7,2009,8,Thừa Thiên Huế,Provincial,Cultivation,Rau,,Area_Planted,5000.0,ha,Actual,PL3
2a963fbb-b7f2-4695-ac6f-9976d8530afb,2009,8,Miền Nam,Regional,Cultivation,Lúa,,Area_Planted,2034242.0,ha,Actual,PL4
fe78ba88-5915-4153-9cc2-0c9aea80ce04,2009,8,Miền Nam,Regional,Cultivation,Lúa,,Area_Harvested,1223786.0,ha,Actual,PL4
144ddb82-e76f-4e14-a0de-bac2a0c2f2d9,2009,8,Miền Nam,Regional,Cultivation,Lúa,,Area_Harvested,293654.0,ha,Actual,PL4
43f00da3-55df-4c7e-9dda-2a69623eb3be,2009,8,Miền Nam,Regional,Cultivation,Lúa,,Area_Planted,609263.0,ha,Actual,PL4
276846f1-920e-49ae-ac7e-a994f7a6ece0,2009,8,Miền Nam,Regional,Cultivation,Ngô,,Area_Planted,276672.0,ha,Actual,PL4
b0da0cf7-1d6e-429b-a4d7-a090eb9c39fe,2009,8,Miền Nam,Regional,Cultivation,Khoai lang,,Area_Planted,22270.0,ha,Actual,PL4
ab01cf46-2f81-4f2d-b91f-b964389d6537,2009,8,Miền Nam,Regional,Cultivation,Sắn,,Area_Planted,295946.0,ha,Actual,PL4
f65af0d0-7043-4198-9d4c-6eeebbc9ab81,2009,8,Miền Nam,Regional,Cultivation,Lúa,,Area_Planted,14375.0,ha,Actual,PL4
37ce3d8e-30e6-4651-85ae-11a85fb66e01,2009,8,D.H Nam Trg Bộ,Provincial,Cultivation,Lúa,,Area_Planted,118636.0,ha,Actual,PL4
854ecfd9-891c-459a-b2ca-d682e83e3a43,2009,8,D.H Nam Trg Bộ,Provincial,Cultivation,Lúa,,Area_Harvested,29708.0,ha,Actual,PL4
7f60291a-045e-4e36-bf5b-a7247009f878,2009,8,D.H Nam Trg Bộ,Provincial,Cultivation,Lúa,,Area_Harvested,70869.0,ha,Actual,PL4
05b6a88d-7e01-4785-9c88-4b7392a0d632,2009,8,D.H Nam Trg Bộ,Provincial,Cultivation,Lúa,,Area_Planted,85360.0,ha,Actual,PL4
39472308-d620-4e60-93c0-ad3068c19a67,2009,8,D.H Nam Trg Bộ,Provincial,Cultivation,Ngô,,Area_Planted,23173.0,ha,Actual,PL4
6307f71e-a046-4374-936b-25f28ea0dbc5,2009,8,D.H Nam Trg Bộ,Provincial,Cultivation,Khoai lang,,Area_Planted,4723.0,ha,Actual,PL4
438defdf-47f0-46a6-bc38-96835ea943c9,2009,8,D.H Nam Trg Bộ,Provincial,Cultivation,Sắn,,Area_Planted,56823.0,ha,Actual,PL4
61794dc4-a9ea-45c6-a1dc-24ab1dd92bf0,2009,8,D.H Nam Trg Bộ,Provincial,Cultivation,Lúa,,Area_Planted,641.0,ha,Actual,PL4
9494bd4d-384d-411a-a12a-e4e19b92a027,2009,8,TP Đà Nẵng,Provincial,Cultivation,Lúa,,Area_Planted,3755.0,ha,Actual,PL4
e1c93889-8d76-4ed1-8eb4-ad21b3073403,2009,8,TP Đà Nẵng,Provincial,Cultivation,Lúa,,Area_Harvested,4003.0,ha,Actual,PL4
c768a92e-2440-4af9-9347-08247abe9a47,2009,8,TP Đà Nẵng,Provincial,Cultivation,Lúa,,Area_Planted,1187.0,ha,Actual,PL4
110d3387-d970-420b-befb-ea184f5ea38f,2009,8,TP Đà Nẵng,Provincial,Cultivation,Ngô,,Area_Planted,664.0,ha,Actual,PL4
c826db58-e479-4d78-a32e-44bb02c11243,2009,8,TP Đà Nẵng,Provincial,Cultivation,Khoai lang,,Area_Planted,437.0,ha,Actual,PL4
c3be069a-57ab-48ab-8424-c8e3bac6979e,2009,8,TP Đà Nẵng,Provincial,Cultivation,Sắn,,Area_Planted,86.0,ha,Actual,PL4
13813919-6e04-414e-a8c5-5b90382e9f07,2009,8,Quảng Nam,Provincial,Cultivation,Lúa,,Area_Harvested,41940.0,ha,Actual,PL4
9a9435de-0f29-462d-bebe-9ccb9dfe7736,2009,8,Quảng Nam,Provincial,Cultivation,Lúa,,Area_Planted,22200.0,ha,Actual,PL4
2b6cf453-12fe-441a-9699-844f7b8b4313,2009,8,Quảng Nam,Provincial,Cultivation,Ngô,,Area_Planted,6500.0,ha,Actual,PL4
a504d432-8d95-4141-90b5-80073597d876,2009,8,Quảng Nam,Provincial,Cultivation,Khoai lang,,Area_Planted,3700.0,ha,Actual,PL4
e22df608-9bbc-460c-86ac-9806c9d409b4,2009,8,Quảng Nam,Provincial,Cultivation,Sắn,,Area_Planted,12000.0,ha,Actual,PL4
e1cb59d9-5a7a-4c1f-b7a0-c85177563a52,2009,8,Quảng Ngãi,Provincial,Cultivation,Lúa,,Area_Planted,31641.0,ha,Actual,PL4
1648df6d-d0e7-4303-8ef6-9949cbf42045,2009,8,Quảng Ngãi,Provincial,Cultivation,Lúa,,Area_Harvested,4500.0,ha,Actual,PL4
29d43533-72dd-4373-a319-3c89cd40baa9,2009,8,Quảng Ngãi,Provincial,Cultivation,Lúa,,Area_Planted,18915.0,ha,Actual,PL4
24e474e7-d511-4f62-955e-ec7ee1908554,2009,8,Quảng Ngãi,Provincial,Cultivation,Ngô,,Area_Planted,3206.0,ha,Actual,PL4
e5774edf-cce5-4bdf-b218-38854e9bd615,2009,8,Quảng Ngãi,Provincial,Cultivation,Khoai lang,,Area_Planted,200.0,ha,Actual,PL4
48e70210-bcc9-4dd2-a6d0-c3488b56297e,2009,8,Quảng Ngãi,Provincial,Cultivation,Sắn,,Area_Planted,15509.0,ha,Actual,PL4
ef63f057-cd3a-4636-93cd-354e266d4bab,2009,8,Bình Định,Provincial,Cultivation,Lúa,,Area_Planted,41550.0,ha,Actual,PL4
965b51f1-efec-4e34-adac-f68b4551e240,2009,8,Bình Định,Provincial,Cultivation,Lúa,,Area_Harvested,24208.0,ha,Actual,PL4
f52c7451-e4ef-4fa3-9b12-4fbe4a907de6,2009,8,Bình Định,Provincial,Cultivation,Lúa,,Area_Harvested,23131.0,ha,Actual,PL4
b08482b7-fcb2-4362-a1dc-d7c26f930322,2009,8,Bình Định,Provincial,Cultivation,Lúa,,Area_Planted,15507.0,ha,Actual,PL4
2ed2c4bd-e9f8-494c-a2aa-e8084789a70e,2009,8,Bình Định,Provincial,Cultivation,Ngô,,Area_Planted,4954.0,ha,Actual,PL4
f689dc80-b589-4823-b840-0647ed1bc64f,2009,8,Bình Định,Provincial,Cultivation,Sắn,,Area_Planted,10553.0,ha,Actual,PL4
71ea4814-bcc7-4fb1-8d35-e9d3a3a47f86,2009,8,Phú Yên,Provincial,Cultivation,Lúa,,Area_Planted,23920.0,ha,Actual,PL4
85118138-fc86-485c-b526-9654c6fde4b0,2009,8,Phú Yên,Provincial,Cultivation,Lúa,,Area_Harvested,1000.0,ha,Actual,PL4
053eb13b-a5f8-47b5-aad6-88cf063306fc,2009,8,Phú Yên,Provincial,Cultivation,Lúa,,Area_Harvested,1795.0,ha,Actual,PL4
c365abe7-9e27-47c3-8469-801c900e588f,2009,8,Phú Yên,Provincial,Cultivation,Lúa,,Area_Planted,18913.0,ha,Actual,PL4
7ecf3c36-d2cb-4ab7-9efa-e361babd81ea,2009,8,Phú Yên,Provincial,Cultivation,Ngô,,Area_Planted,4729.0,ha,Actual,PL4
f0369a3f-6861-4a5c-8a72-1583527e1be1,2009,8,Phú Yên,Provincial,Cultivation,Khoai lang,,Area_Planted,226.0,ha,Actual,PL4
d5021b6f-b95e-4b47-9555-513bad933fd0,2009,8,Phú Yên,Provincial,Cultivation,Sắn,,Area_Planted,13675.0,ha,Actual,PL4
19373d93-5f95-48e9-acbb-1302af2cfb86,2009,8,Phú Yên,Provincial,Cultivation,Lúa,,Area_Planted,283.0,ha,Actual,PL4
61e36ee0-165b-4382-95a9-d1dd031a6972,2009,8,Khánh Hoà,Provincial,Cultivation,Lúa,,Area_Planted,17770.0,ha,Actual,PL4
dbb755c3-cf4b-4ced-9ea5-872036b64b2f,2009,8,Khánh Hoà,Provincial,Cultivation,Lúa,,Area_Planted,8638.0,ha,Actual,PL4
bbd91bdb-2d72-43ec-8edd-e9842d6f7aa6,2009,8,Khánh Hoà,Provincial,Cultivation,Ngô,,Area_Planted,3120.0,ha,Actual,PL4
0f8d9777-2cac-4056-af9f-d2508e18ccc9,2009,8,Khánh Hoà,Provincial,Cultivation,Khoai lang,,Area_Planted,160.0,ha,Actual,PL4
b804ff93-8eff-43ee-a1bb-aa25d49ff3e4,2009,8,Khánh Hoà,Provincial,Cultivation,Sắn,,Area_Planted,5000.0,ha,Actual,PL4
33ec5f9a-2849-4c60-913f-419085cf28a1,2009,8,Khánh Hoà,Provincial,Cultivation,Lúa,,Area_Planted,358.0,ha,Actual,PL4
63113169-e631-4666-b3fa-e996b283fd4e,2009,8,Tây Nguyên,Provincial,Cultivation,Lúa,,Area_Planted,6175.0,ha,Actual,PL4
fe474ffa-1ebf-4062-975a-b44f5c753d29,2009,8,Tây Nguyên,Provincial,Cultivation,Lúa,,Area_Harvested,6175.0,ha,Actual,PL4
de622f8a-395e-4f82-b987-9a53697e49a2,2009,8,Tây Nguyên,Provincial,Cultivation,Lúa,,Area_Harvested,143653.0,ha,Actual,PL4
089e958b-e193-4b99-b20b-9db9b4916c85,2009,8,Tây Nguyên,Provincial,Cultivation,Lúa,,Area_Planted,285436.0,ha,Actual,PL4
09597b11-037e-4f4f-bfaa-cdc103a455d8,2009,8,Tây Nguyên,Provincial,Cultivation,Ngô,,Area_Planted,156992.0,ha,Actual,PL4
1ae6d6f2-9bd8-4ff5-ac70-1acba6ebc4a0,2009,8,Tây Nguyên,Provincial,Cultivation,Khoai lang,,Area_Planted,9179.0,ha,Actual,PL4
255df692-423a-4069-92e5-61a66c89b7d0,2009,8,Tây Nguyên,Provincial,Cultivation,Sắn,,Area_Planted,119265.0,ha,Actual,PL4
d9a57da8-0f1c-474e-821e-0843634fcd22,2009,8,Tây Nguyên,Provincial,Cultivation,Lúa,,Area_Planted,0.0,ha,Actual,PL4
6e9fe335-b491-48a8-80db-cacc676d94c2,2009,8,Kon Tum,Provincial,Cultivation,Lúa,,Area_Harvested,15414.0,ha,Actual,PL4
76bc40d2-7b6b-40e6-9056-7d3953f20f78,2009,8,Kon Tum,Provincial,Cultivation,Lúa,,Area_Planted,42612.0,ha,Actual,PL4
6aa7cd38-ac97-4ede-a103-9f06508f6ed2,2009,8,Kon Tum,Provincial,Cultivation,Ngô,,Area_Planted,7388.0,ha,Actual,PL4
ad8a06e9-b826-4105-baf0-952d43238781,2009,8,Kon Tum,Provincial,Cultivation,Khoai lang,,Area_Planted,152.0,ha,Actual,PL4
34de2a53-58e5-4c9c-897b-9cb6aa48818c,2009,8,Kon Tum,Provincial,Cultivation,Sắn,,Area_Planted,35072.0,ha,Actual,PL4
21d97fcb-ab15-48c5-896d-8a9744794ad9,2009,8,Gia Lai,Provincial,Cultivation,Lúa,,Area_Harvested,32930.0,ha,Actual,PL4
349f6ace-4c31-4487-a217-c506131091de,2009,8,Gia Lai,Provincial,Cultivation,Lúa,,Area_Planted,91684.0,ha,Actual,PL4
6d3dfd08-09cc-4598-aa72-766f08e63301,2009,8,Gia Lai,Provincial,Cultivation,Ngô,,Area_Planted,40820.0,ha,Actual,PL4
3cc6a8d2-8b60-499e-ba08-22a0f72d8c66,2009,8,Gia Lai,Provincial,Cultivation,Khoai lang,,Area_Planted,857.0,ha,Actual,PL4
e0d0ab33-1c1d-47ef-a529-f64480197598,2009,8,Gia Lai,Provincial,Cultivation,Sắn,,Area_Planted,50007.0,ha,Actual,PL4
4442eb74-e031-44f0-b7a2-6a2dfcc27b46,2009,8,Đắc Lắc,Provincial,Cultivation,Lúa,,Area_Harvested,43148.0,ha,Actual,PL4
c8ee9478-fee6-42f9-ad77-197f6e2f4879,2009,8,Đắc Lắc,Provincial,Cultivation,Lúa,,Area_Planted,99601.0,ha,Actual,PL4
c318d186-9baf-497f-abb2-37d25616d0ee,2009,8,Đắc Lắc,Provincial,Cultivation,Ngô,,Area_Planted,74315.0,ha,Actual,PL4
c0d02e96-ac24-4658-9ed4-3ceb496b19d6,2009,8,Đắc Lắc,Provincial,Cultivation,Khoai lang,,Area_Planted,4900.0,ha,Actual,PL4
5708c618-c83c-4045-bb7b-a16ab95d9a0b,2009,8,Đắc Lắc,Provincial,Cultivation,Sắn,,Area_Planted,20386.0,ha,Actual,PL4
b9f016e3-cf6a-44d9-aac2-70dea01c5099,2009,8,Đắc Nông,Provincial,Cultivation,Lúa,,Area_Harvested,35120.0,ha,Actual,PL4
a2efc33a-e36b-49bf-a868-9fc0b7e04f7f,2009,8,Đắc Nông,Provincial,Cultivation,Lúa,,Area_Planted,33975.0,ha,Actual,PL4
4698a6ca-b8d8-4968-988f-4e68461ee566,2009,8,Đắc Nông,Provincial,Cultivation,Ngô,,Area_Planted,20575.0,ha,Actual,PL4
7c1754d5-4f76-4941-9445-268d05a4ac16,2009,8,Đắc Nông,Provincial,Cultivation,Khoai lang,,Area_Planted,2100.0,ha,Actual,PL4
2b213b95-4b96-4160-8f93-894bd908243a,2009,8,Đắc Nông,Provincial,Cultivation,Sắn,,Area_Planted,11300.0,ha,Actual,PL4
3641f96f-d920-464f-a400-5bf5fc580ee0,2009,8,Lâm Đồng,Provincial,Cultivation,Lúa,,Area_Planted,6175.0,ha,Actual,PL4
1f224204-9d40-418d-8b18-44e5b1ead5bc,2009,8,Lâm Đồng,Provincial,Cultivation,Lúa,,Area_Harvested,6175.0,ha,Actual,PL4
40c81871-2352-487c-9619-c8a83f3f7a13,2009,8,Lâm Đồng,Provincial,Cultivation,Lúa,,Area_Harvested,17041.0,ha,Actual,PL4
c9d6f133-022e-4d4a-8d17-42be5838ebea,2009,8,Lâm Đồng,Provincial,Cultivation,Lúa,,Area_Planted,17564.0,ha,Actual,PL4
19af3485-81bd-4857-895d-b32c493d4e5c,2009,8,Lâm Đồng,Provincial,Cultivation,Ngô,,Area_Planted,13894.0,ha,Actual,PL4
23b48c17-0f1d-40e5-9bf5-cfd0ed28d2df,2009,8,Lâm Đồng,Provincial,Cultivation,Khoai lang,,Area_Planted,1170.0,ha,Actual,PL4
aee05175-c8c9-4114-89f4-e1ab83a4ed24,2009,8,Lâm Đồng,Provincial,Cultivation,Sắn,,Area_Planted,2500.0,ha,Actual,PL4
b7273b19-c269-4e05-9df1-fc2ba1096f3e,2009,8,Đông Nam Bộ,Provincial,Cultivation,Lúa,,Area_Planted,153171.0,ha,Actual,PL4
0dccd4bf-a486-42fe-bc8c-e6becf5f2077,2009,8,Đông Nam Bộ,Provincial,Cultivation,Lúa,,Area_Harvested,70904.0,ha,Actual,PL4
f0e29265-1f2a-480b-a765-e57f285f9ef4,2009,8,Đông Nam Bộ,Provincial,Cultivation,Lúa,,Area_Harvested,19305.0,ha,Actual,PL4
34b8ef5f-da5f-45c2-b10e-b6f20f9894b4,2009,8,Đông Nam Bộ,Provincial,Cultivation,Lúa,,Area_Planted,193476.0,ha,Actual,PL4
e125e965-80e7-4fad-ab03-09c1cfb11d42,2009,8,Đông Nam Bộ,Provincial,Cultivation,Ngô,,Area_Planted,68794.0,ha,Actual,PL4
ea9e39f6-a411-4987-9d79-b051bab2a446,2009,8,Đông Nam Bộ,Provincial,Cultivation,Khoai lang,,Area_Planted,1555.0,ha,Actual,PL4
49b83f41-4072-4832-9fb1-b7ec8e3ab9fc,2009,8,Đông Nam Bộ,Provincial,Cultivation,Sắn,,Area_Planted,118259.0,ha,Actual,PL4
de6866b8-3850-4945-a7a6-35df48a47214,2009,8,Đông Nam Bộ,Provincial,Cultivation,Lúa,,Area_Planted,4868.0,ha,Actual,PL4
a0694a94-9fb4-4f1d-97ba-b0aa480ab514,2009,8,TP Hồ Chí Minh,Provincial,Cultivation,Lúa,,Area_Planted,6967.0,ha,Actual,PL4
f51aebb0-618f-4ad2-9bc5-8a2ae6cc7184,2009,8,TP Hồ Chí Minh,Provincial,Cultivation,Lúa,,Area_Harvested,6000.0,ha,Actual,PL4
09a7880c-5e56-4477-bdfa-27c55bf2134f,2009,8,TP Hồ Chí Minh,Provincial,Cultivation,Lúa,,Area_Harvested,500.0,ha,Actual,PL4
f4ada34a-325f-42ed-ba06-13695dd106f8,2009,8,TP Hồ Chí Minh,Provincial,Cultivation,Lúa,,Area_Planted,1067.0,ha,Actual,PL4
84ca8101-2fb6-4358-b6ea-45793304fee9,2009,8,TP Hồ Chí Minh,Provincial,Cultivation,Ngô,,Area_Planted,1067.0,ha,Actual,PL4
7fdf03e1-b10e-4c60-b261-60a34e01717b,2009,8,Ninh Thuận,Provincial,Cultivation,Lúa,,Area_Planted,12400.0,ha,Actual,PL4
7228b31f-74c5-4a19-a52a-6d5d38a77783,2009,8,Ninh Thuận,Provincial,Cultivation,Lúa,,Area_Harvested,900.0,ha,Actual,PL4
86174704-5961-4e86-a25f-0fc47a7a01c9,2009,8,Ninh Thuận,Provincial,Cultivation,Lúa,,Area_Planted,6407.0,ha,Actual,PL4
1a72f20e-c587-41d8-8e09-2b2d942b890b,2009,8,Ninh Thuận,Provincial,Cultivation,Ngô,,Area_Planted,6407.0,ha,Actual,PL4
d80f00a2-a1e8-4ff4-a77e-157f3e102b40,2009,8,Bình Phước,Provincial,Cultivation,Lúa,,Area_Planted,13700.0,ha,Actual,PL4
40fb5763-7766-4960-8a3b-0786f3daf445,2009,8,Bình Phước,Provincial,Cultivation,Lúa,,Area_Planted,30715.0,ha,Actual,PL4
7a26b5a9-aa33-4f40-8bd5-e3778d9ef0fd,2009,8,Bình Phước,Provincial,Cultivation,Ngô,,Area_Planted,6150.0,ha,Actual,PL4
d8865cd7-c027-4f35-a712-4b6f7ca30358,2009,8,Bình Phước,Provincial,Cultivation,Khoai lang,,Area_Planted,867.0,ha,Actual,PL4
2042ebf9-a657-442d-a3ec-d6507231bd83,2009,8,Bình Phước,Provincial,Cultivation,Sắn,,Area_Planted,23600.0,ha,Actual,PL4
b7110a2d-3229-47e7-a6b8-8d7e87bd8909,2009,8,Bình Phước,Provincial,Cultivation,Lúa,,Area_Planted,98.0,ha,Actual,PL4
0b7939fe-cd9e-4faf-b10c-d7feee13c333,2009,8,Tây Ninh,Provincial,Cultivation,Lúa,,Area_Planted,49094.0,ha,Actual,PL4
a60d1d79-1136-4731-893c-a63d8d41b007,2009,8,Tây Ninh,Provincial,Cultivation,Lúa,,Area_Harvested,33174.0,ha,Actual,PL4
7361084d-a783-4454-8d41-737e8f72cead,2009,8,Tây Ninh,Provincial,Cultivation,Lúa,,Area_Harvested,17100.0,ha,Actual,PL4
fa2309e5-1fc5-43e6-9f0b-1b3269306f22,2009,8,Tây Ninh,Provincial,Cultivation,Lúa,,Area_Planted,48119.0,ha,Actual,PL4
a08bd48a-6c49-4006-be7d-9b6a9f709303,2009,8,Tây Ninh,Provincial,Cultivation,Ngô,,Area_Planted,8000.0,ha,Actual,PL4
6a94de34-cde9-43a7-9005-565faacbc6c3,2009,8,Tây Ninh,Provincial,Cultivation,Sắn,,Area_Planted,40119.0,ha,Actual,PL4
23eba18e-c9cc-45f1-891c-1fb0d2a358bf,2009,8,Bình Dương,Provincial,Cultivation,Lúa,,Area_Planted,1530.0,ha,Actual,PL4
16e20950-4ba6-4e63-a231-be9afde3ac63,2009,8,Bình Dương,Provincial,Cultivation,Lúa,,Area_Harvested,1530.0,ha,Actual,PL4
f9c4b8ed-2668-4319-a315-58bb0e6444dd,2009,8,Bình Dương,Provincial,Cultivation,Lúa,,Area_Planted,6724.0,ha,Actual,PL4
3fed45ef-47d4-4e11-85e2-49a127557da4,2009,8,Bình Dương,Provincial,Cultivation,Ngô,,Area_Planted,130.0,ha,Actual,PL4
5e797bf0-ca1c-4fc3-be0e-89b80cbd5c60,2009,8,Bình Dương,Provincial,Cultivation,Khoai lang,,Area_Planted,1.0,ha,Actual,PL4
393bad83-3838-4bd6-af24-93b90044f6bb,2009,8,Bình Dương,Provincial,Cultivation,Sắn,,Area_Planted,2316.0,ha,Actual,PL4
0dfcab27-f6bf-4ef2-ab77-26035cc43dcc,2009,8,Bình Dương,Provincial,Cultivation,Lúa,,Area_Planted,4277.0,ha,Actual,PL4
eee82593-eb9a-4fb3-bf40-731fcb5b709c,2009,8,Đồng Nai,Provincial,Cultivation,Lúa,,Area_Planted,24574.0,ha,Actual,PL4
c599c07b-c745-49ca-b810-2d3633a17711,2009,8,Đồng Nai,Provincial,Cultivation,Lúa,,Area_Harvested,1705.0,ha,Actual,PL4
ce477547-d64d-4b7f-ba20-842f4377d122,2009,8,Đồng Nai,Provincial,Cultivation,Lúa,,Area_Planted,40590.0,ha,Actual,PL4
d617722a-90c8-40b2-9056-11f32b60dffc,2009,8,Đồng Nai,Provincial,Cultivation,Ngô,,Area_Planted,25337.0,ha,Actual,PL4
3b8c8c0f-8044-428d-8f42-6f67b6a9ab42,2009,8,Đồng Nai,Provincial,Cultivation,Khoai lang,,Area_Planted,135.0,ha,Actual,PL4
5a960a59-5e50-4bf1-b06c-5a4ef53c6725,2009,8,Đồng Nai,Provincial,Cultivation,Sắn,,Area_Planted,15000.0,ha,Actual,PL4
25189b83-1732-402e-aad6-15f6b05b337c,2009,8,Đồng Nai,Provincial,Cultivation,Lúa,,Area_Planted,118.0,ha,Actual,PL4
8df64a90-f318-4cfa-9298-85b34e81e799,2009,8,Bình Thuận,Provincial,Cultivation,Lúa,,Area_Planted,37400.0,ha,Actual,PL4
55a86c7e-0bdb-4628-a2c8-5905b4a5bfb8,2009,8,Bình Thuận,Provincial,Cultivation,Lúa,,Area_Harvested,26000.0,ha,Actual,PL4
99d3e463-be08-49e7-ad0b-36080c66d97b,2009,8,Bình Thuận,Provincial,Cultivation,Lúa,,Area_Planted,41259.0,ha,Actual,PL4
21b9d403-e4ba-4d41-b127-64d8322d748f,2009,8,Bình Thuận,Provincial,Cultivation,Ngô,,Area_Planted,11171.0,ha,Actual,PL4
396d4e3b-383b-4006-b6da-c034f5d0601e,2009,8,Bình Thuận,Provincial,Cultivation,Khoai lang,,Area_Planted,372.0,ha,Actual,PL4
cb26fcb1-512b-45d1-a629-9b38e04e8cb6,2009,8,Bình Thuận,Provincial,Cultivation,Sắn,,Area_Planted,29341.0,ha,Actual,PL4
f0da5ae9-7b4f-41d2-a754-66cb8b823ccd,2009,8,Bình Thuận,Provincial,Cultivation,Lúa,,Area_Planted,375.0,ha,Actual,PL4
1489ad03-3c22-429e-9f12-8665f4e38d7a,2009,8,Bà Rịa-V.Tàu,Provincial,Cultivation,Lúa,,Area_Planted,7506.0,ha,Actual,PL4
043d518e-9945-4fb7-ad7d-c8be0fd0b765,2009,8,Bà Rịa-V.Tàu,Provincial,Cultivation,Lúa,,Area_Harvested,3300.0,ha,Actual,PL4
9fb9998a-adf6-4c55-a8f7-b6e1c164d96e,2009,8,Bà Rịa-V.Tàu,Provincial,Cultivation,Lúa,,Area_Planted,18595.0,ha,Actual,PL4
8b1714d5-c455-46c5-8829-ed5700ce598b,2009,8,Bà Rịa-V.Tàu,Provincial,Cultivation,Ngô,,Area_Planted,10532.0,ha,Actual,PL4
07bc64b5-17da-4e48-b305-fd89f86a4a69,2009,8,Bà Rịa-V.Tàu,Provincial,Cultivation,Khoai lang,,Area_Planted,180.0,ha,Actual,PL4
16bc15eb-6c56-4b23-ba6f-19ebfc9ea96b,2009,8,Bà Rịa-V.Tàu,Provincial,Cultivation,Sắn,,Area_Planted,7883.0,ha,Actual,PL4
5070df16-922f-4b36-96f1-707265c7dbb1,2009,8,ĐBS Cửu Long,Provincial,Cultivation,Lúa,,Area_Planted,1756260.0,ha,Actual,PL4
3d7d370f-1fe2-48fc-850b-e5028c9f4ce3,2009,8,ĐBS Cửu Long,Provincial,Cultivation,Lúa,,Area_Harvested,1116999.0,ha,Actual,PL4
1b98eb36-e544-472e-a3c1-6fd146c25d14,2009,8,ĐBS Cửu Long,Provincial,Cultivation,Lúa,,Area_Harvested,59827.0,ha,Actual,PL4
b54c5abc-df9d-4400-b0c8-cdb46b1f4f6a,2009,8,ĐBS Cửu Long,Provincial,Cultivation,Lúa,,Area_Planted,44991.0,ha,Actual,PL4
ab8de5bb-85d8-4bb9-adf3-41cb07788348,2009,8,ĐBS Cửu Long,Provincial,Cultivation,Ngô,,Area_Planted,27713.0,ha,Actual,PL4
1790f40d-ac12-4f24-a3d1-1b72a98562ac,2009,8,ĐBS Cửu Long,Provincial,Cultivation,Khoai lang,,Area_Planted,6813.0,ha,Actual,PL4
0446ac5e-c5a8-4d2e-993f-400215c18845,2009,8,ĐBS Cửu Long,Provincial,Cultivation,Sắn,,Area_Planted,1599.0,ha,Actual,PL4
0244eae9-efc3-46af-b727-6869824adf97,2009,8,ĐBS Cửu Long,Provincial,Cultivation,Lúa,,Area_Planted,8866.0,ha,Actual,PL4
b6434161-39d8-481d-91ca-9b42ccfe86e4,2009,8,Long An,Provincial,Cultivation,Lúa,,Area_Planted,201733.0,ha,Actual,PL4
b7a6119a-9190-47f5-ae2e-342547fdf363,2009,8,Long An,Provincial,Cultivation,Lúa,,Area_Harvested,149424.0,ha,Actual,PL4
f64937a2-f5e7-4acf-a6d6-a01b06f87fc8,2009,8,Long An,Provincial,Cultivation,Lúa,,Area_Harvested,1610.0,ha,Actual,PL4
70c8542e-0ce9-4fc4-8994-d3bc71d8542c,2009,8,Long An,Provincial,Cultivation,Lúa,,Area_Planted,3762.0,ha,Actual,PL4
7bbf38f6-58e8-4377-b051-1bda15a411c3,2009,8,Long An,Provincial,Cultivation,Ngô,,Area_Planted,3762.0,ha,Actual,PL4
004cd608-6020-449d-8eb0-3096439f5dc4,2009,8,Đồng Tháp,Provincial,Cultivation,Lúa,,Area_Planted,195730.0,ha,Actual,PL4
d5d652d8-9b0a-4c0d-b856-5a69442d175a,2009,8,Đồng Tháp,Provincial,Cultivation,Lúa,,Area_Harvested,193638.0,ha,Actual,PL4
a29029ee-5f62-4322-b92a-61be8f2d6857,2009,8,Đồng Tháp,Provincial,Cultivation,Lúa,,Area_Planted,6226.0,ha,Actual,PL4
05ff5379-b1c9-4407-b48c-83d35a778979,2009,8,Đồng Tháp,Provincial,Cultivation,Ngô,,Area_Planted,4175.0,ha,Actual,PL4
20e77192-b3c0-4cfe-b02a-5ce904787626,2009,8,Đồng Tháp,Provincial,Cultivation,Khoai lang,,Area_Planted,1194.0,ha,Actual,PL4
dc3ae5ec-da27-4cd0-b0df-24f443f40a14,2009,8,Đồng Tháp,Provincial,Cultivation,Lúa,,Area_Planted,857.0,ha,Actual,PL4
eb291192-7b72-4ed9-b420-79a424250e91,2009,8,An Giang,Provincial,Cultivation,Lúa,,Area_Planted,230884.0,ha,Actual,PL4
97a4b33c-e701-4a7f-9ef4-5564b3374b3b,2009,8,An Giang,Provincial,Cultivation,Lúa,,Area_Harvested,222240.0,ha,Actual,PL4
d6ec78c1-49ef-41de-ad24-81a9c8fd3df4,2009,8,An Giang,Provincial,Cultivation,Lúa,,Area_Planted,6299.0,ha,Actual,PL4
628b6595-190c-4051-af2c-ef2bd417eeaa,2009,8,An Giang,Provincial,Cultivation,Ngô,,Area_Planted,6179.0,ha,Actual,PL4
3eafbd8d-9fc7-4cb5-bc38-559011915850,2009,8,An Giang,Provincial,Cultivation,Khoai lang,,Area_Planted,120.0,ha,Actual,PL4
f3c7dd28-d253-4eca-8027-6ba33ce3cdc6,2009,8,Tiền Giang,Provincial,Cultivation,Lúa,,Area_Planted,117084.0,ha,Actual,PL4
05adc628-1458-419d-8501-0f3fafb256a0,2009,8,Tiền Giang,Provincial,Cultivation,Lúa,,Area_Harvested,45500.0,ha,Actual,PL4
c3c1d379-d02f-4c92-a82f-5e579e8f9bb8,2009,8,Tiền Giang,Provincial,Cultivation,Lúa,,Area_Planted,6156.0,ha,Actual,PL4
a00236d7-f6e8-4e1b-8796-ed195d615712,2009,8,Tiền Giang,Provincial,Cultivation,Ngô,,Area_Planted,4146.0,ha,Actual,PL4
ca987892-bc7f-46b4-8af3-699a1fdaf2f1,2009,8,Tiền Giang,Provincial,Cultivation,Khoai lang,,Area_Planted,238.0,ha,Actual,PL4
95f9c4c0-50ba-4837-83df-8bcffdd2c010,2009,8,Tiền Giang,Provincial,Cultivation,Sắn,,Area_Planted,153.0,ha,Actual,PL4
cd5ede85-3816-4a9b-b735-5a9b7e01b331,2009,8,Tiền Giang,Provincial,Cultivation,Lúa,,Area_Planted,1619.0,ha,Actual,PL4
a2f03896-22eb-4209-97e6-8b21658d2017,2009,8,Vĩnh Long,Provincial,Cultivation,Lúa,,Area_Planted,63003.0,ha,Actual,PL4
4a1c7c93-5ef0-4634-8fe9-99ff8c868d78,2009,8,Vĩnh Long,Provincial,Cultivation,Lúa,,Area_Harvested,63003.0,ha,Actual,PL4
19934d71-af4c-4821-b36a-f4891a962144,2009,8,Vĩnh Long,Provincial,Cultivation,Lúa,,Area_Planted,8886.0,ha,Actual,PL4
0570ab83-2d68-4708-a9bf-d9b4bf84847e,2009,8,Vĩnh Long,Provincial,Cultivation,Ngô,,Area_Planted,911.0,ha,Actual,PL4
5ce643d4-8241-4381-af85-eb02358b2e3c,2009,8,Vĩnh Long,Provincial,Cultivation,Khoai lang,,Area_Planted,2077.0,ha,Actual,PL4
ddaddb64-c33a-411d-9043-d8e65434ddb1,2009,8,Vĩnh Long,Provincial,Cultivation,Sắn,,Area_Planted,156.0,ha,Actual,PL4
d0fe5755-01c5-403c-b76d-39c42dcb358b,2009,8,Vĩnh Long,Provincial,Cultivation,Lúa,,Area_Planted,5742.0,ha,Actual,PL4
4a011219-3448-4f38-9083-5d0a854d7998,2009,8,Bến Tre,Provincial,Cultivation,Lúa,,Area_Planted,24225.0,ha,Actual,PL4
144ed0ef-cc12-45ae-9657-d858bb022dfa,2009,8,Bến Tre,Provincial,Cultivation,Lúa,,Area_Harvested,1626.0,ha,Actual,PL4
5d7185f6-39b0-4624-bd6d-2822073592e8,2009,8,Bến Tre,Provincial,Cultivation,Lúa,,Area_Harvested,1010.0,ha,Actual,PL4
25170b8c-0fee-4fa9-9802-e89c831b2baf,2009,8,Bến Tre,Provincial,Cultivation,Lúa,,Area_Planted,826.0,ha,Actual,PL4
20be305c-ebde-4e19-911c-f7cdfd3ea918,2009,8,Bến Tre,Provincial,Cultivation,Ngô,,Area_Planted,435.0,ha,Actual,PL4
3acb0bc2-7a59-4aab-a269-e5fbce26f625,2009,8,Bến Tre,Provincial,Cultivation,Khoai lang,,Area_Planted,175.0,ha,Actual,PL4
a5aa4310-914f-4aba-b109-426b76fc2911,2009,8,Bến Tre,Provincial,Cultivation,Sắn,,Area_Planted,88.0,ha,Actual,PL4
18952362-d716-4c26-83d9-b2ee864bfeae,2009,8,Bến Tre,Provincial,Cultivation,Lúa,,Area_Planted,128.0,ha,Actual,PL4
6041ae89-1ff9-4c4c-848f-9774c85b8314,2009,8,Kiên Giang,Provincial,Cultivation,Lúa,,Area_Planted,274836.0,ha,Actual,PL4
5570fac6-0c67-435a-9024-504de11c542e,2009,8,Kiên Giang,Provincial,Cultivation,Lúa,,Area_Harvested,141582.0,ha,Actual,PL4
67f53667-2492-4d66-b55a-9ffeb94d97f1,2009,8,Kiên Giang,Provincial,Cultivation,Lúa,,Area_Planted,700.0,ha,Actual,PL4
1d1ad500-2941-4d13-9ca8-f87f5a374ca7,2009,8,Kiên Giang,Provincial,Cultivation,Khoai lang,,Area_Planted,700.0,ha,Actual,PL4
1c51ec0d-f775-4b4a-8e6d-af48b204a632,2009,8,Cần Thơ,Provincial,Cultivation,Lúa,,Area_Planted,120976.0,ha,Actual,PL4
4b05b924-5dc7-4589-b013-db3fc01d6ec2,2009,8,Cần Thơ,Provincial,Cultivation,Lúa,,Area_Harvested,83840.0,ha,Actual,PL4
b453c0e1-4b32-478e-96e1-73b3c286a167,2009,8,Cần Thơ,Provincial,Cultivation,Lúa,,Area_Planted,629.0,ha,Actual,PL4
e9191777-c58a-40bf-8008-f535f7d0497f,2009,8,Cần Thơ,Provincial,Cultivation,Ngô,,Area_Planted,629.0,ha,Actual,PL4
b77e9425-93e6-46e7-82a4-cc95b551c85f,2009,8,Hậu Giang,Provincial,Cultivation,Lúa,,Area_Planted,186453.0,ha,Actual,PL4
9ce760a5-3749-4709-8264-ac69269f646b,2009,8,Hậu Giang,Provincial,Cultivation,Lúa,,Area_Harvested,76862.0,ha,Actual,PL4
8f8bdc68-04db-4d75-b7f0-d73d480e8921,2009,8,Hậu Giang,Provincial,Cultivation,Lúa,,Area_Planted,1548.0,ha,Actual,PL4
7d9b9987-32d4-4ea4-9e33-37dc8c1afbe9,2009,8,Hậu Giang,Provincial,Cultivation,Ngô,,Area_Planted,1028.0,ha,Actual,PL4
4de9bb4e-d520-4c09-95b3-410097d8410b,2009,8,Hậu Giang,Provincial,Cultivation,Lúa,,Area_Planted,520.0,ha,Actual,PL4
f140627b-6624-4347-9b79-0801aff7f174,2009,8,Trà Vinh,Provincial,Cultivation,Lúa,,Area_Planted,82431.0,ha,Actual,PL4
9eb49d68-fe3c-4dbf-a5e4-6e7babe57368,2009,8,Trà Vinh,Provincial,Cultivation,Lúa,,Area_Harvested,37487.0,ha,Actual,PL4
63c6a049-205c-40c0-afbc-a1155784ddfd,2009,8,Trà Vinh,Provincial,Cultivation,Lúa,,Area_Harvested,22480.0,ha,Actual,PL4
b44713cd-fe00-45ba-b153-0e32253ff31b,2009,8,Trà Vinh,Provincial,Cultivation,Lúa,,Area_Planted,6467.0,ha,Actual,PL4
dfd0fa4a-8694-4b2d-a70a-aedce932ac1a,2009,8,Trà Vinh,Provincial,Cultivation,Ngô,,Area_Planted,4277.0,ha,Actual,PL4
f3624cb6-2b70-4cb0-ad82-ac58a062d882,2009,8,Trà Vinh,Provincial,Cultivation,Khoai lang,,Area_Planted,1388.0,ha,Actual,PL4
1eefe668-257c-41f7-af85-28965df98e1d,2009,8,Trà Vinh,Provincial,Cultivation,Sắn,,Area_Planted,802.0,ha,Actual,PL4
63d80a11-e1d4-4c96-8218-cb9a90f99518,2009,8,Sóc Trăng,Provincial,Cultivation,Lúa,,Area_Planted,167000.0,ha,Actual,PL4
201f1303-b77a-462c-a380-32ea29e71d71,2009,8,Sóc Trăng,Provincial,Cultivation,Lúa,,Area_Harvested,81292.0,ha,Actual,PL4
db47e217-7f5c-4e63-acf8-e82dd6194e28,2009,8,Sóc Trăng,Provincial,Cultivation,Lúa,,Area_Harvested,26941.0,ha,Actual,PL4
9c97a9e8-e55e-4ecd-8f8c-ff9a8df57f27,2009,8,Sóc Trăng,Provincial,Cultivation,Lúa,,Area_Planted,3492.0,ha,Actual,PL4
40c9a860-7205-434e-a96c-7ec4eee5da38,2009,8,Sóc Trăng,Provincial,Cultivation,Ngô,,Area_Planted,2171.0,ha,Actual,PL4
0fdf221c-a9db-4388-bbdc-4ed84bb0f45f,2009,8,Sóc Trăng,Provincial,Cultivation,Khoai lang,,Area_Planted,921.0,ha,Actual,PL4
b5293967-3712-46ec-80b3-e99ac4a08ed1,2009,8,Sóc Trăng,Provincial,Cultivation,Sắn,,Area_Planted,400.0,ha,Actual,PL4
d12dde32-d9c4-42fa-9ecf-f0bd7a41ecda,2009,8,Bạc Liêu,Provincial,Cultivation,Lúa,,Area_Planted,55777.0,ha,Actual,PL4
5b3ada87-c72b-4bae-93ac-8c2b8b4e80eb,2009,8,Bạc Liêu,Provincial,Cultivation,Lúa,,Area_Harvested,16041.0,ha,Actual,PL4
73e4ded6-da8e-4007-9b3c-e5cc1d5fec25,2009,8,Bạc Liêu,Provincial,Cultivation,Lúa,,Area_Harvested,4369.0,ha,Actual,PL4
2dc14603-6406-45e9-bd15-6e93dad6dc6f,2009,8,Bạc Liêu,Provincial,Cultivation,Lúa,,Area_Planted,0.0,ha,Actual,PL4
d6c5b7d5-70df-4b06-8239-0683cd2f40e8,2009,8,Cà Mau,Provincial,Cultivation,Lúa,,Area_Planted,36128.0,ha,Actual,PL4
d54ae62e-7dd6-4120-aa23-b3821bfe4327,2009,8,Cà Mau,Provincial,Cultivation,Lúa,,Area_Harvested,4464.0,ha,Actual,PL4
457f47df-b692-42d3-8d1d-6cb86e1e1273,2009,8,Cà Mau,Provincial,Cultivation,Lúa,,Area_Harvested,3417.0,ha,Actual,PL4
4b120183-530a-4a9a-8f48-42eeea387535,2009,8,Cà Mau,Provincial,Cultivation,Lúa,,Area_Planted,0.0,ha,Actual,PL4
b81b5f10-e8a6-49bd-a326-52a910cd1e6e,2009,8,Miền Nam,Regional,Cultivation,Lúa,,Area_Planted,253391.0,ha,Actual,PL5
09e30bd8-ab4a-4a11-9f07-c6aedd832d7d,2009,8,Miền Nam,Regional,Cultivation,Đậu,,Area_Planted,26418.0,ha,Actual,PL5
9392153b-47f7-4620-ae08-829a9a00c484,2009,8,Miền Nam,Regional,Cultivation,Lạc,,Area_Planted,76110.0,ha,Actual,PL5
16336e2e-51f6-4624-a3cb-ed83bd39a411,2009,8,Miền Nam,Regional,Cultivation,Lúa,,Area_Planted,24986.0,ha,Actual,PL5
6a7281a0-f8e3-42d6-b273-1ca4c2125485,2009,8,Miền Nam,Regional,Cultivation,Thuốc lá,,Area_Planted,10908.0,ha,Actual,PL5
1779f4dc-c33a-436a-afe4-92c974df2691,2009,8,Miền Nam,Regional,Cultivation,Mía,,Area_Planted,113273.0,ha,Actual,PL5
92badcea-4b6c-4de4-a9ce-d632af33a338,2009,8,Miền Nam,Regional,Cultivation,Lúa,,Area_Planted,1204.0,ha,Actual,PL5
defe4748-9360-4a56-8da5-b044f2347712,2009,8,Miền Nam,Regional,Cultivation,Lúa,,Area_Planted,492.0,ha,Actual,PL5
bd53f6f3-e6da-4265-9acb-4530f1e45aa1,2009,8,Miền Nam,Regional,Cultivation,Lúa,,Area_Planted,234258.0,ha,Actual,PL5
27859660-dd57-459b-8402-b87106fc1353,2009,8,Miền Nam,Regional,Cultivation,Lúa,,Area_Planted,434409211.0,ha,Actual,PL5
5fa8284b-f276-41db-af49-17d2c6c7405e,2009,8,D.H Nam Trg Bộ,Provincial,Cultivation,Lúa,,Area_Planted,71884.0,ha,Actual,PL5
6bbd9405-b9b6-4c01-af09-4ad7e1c568bb,2009,8,D.H Nam Trg Bộ,Provincial,Cultivation,Đậu,,Area_Planted,1267.0,ha,Actual,PL5
b99ecf4b-b70b-4aad-9fe1-3d1b365da673,2009,8,D.H Nam Trg Bộ,Provincial,Cultivation,Lạc,,Area_Planted,24252.0,ha,Actual,PL5
183ba932-c3b8-4e37-8856-9daa665bd829,2009,8,D.H Nam Trg Bộ,Provincial,Cultivation,Lúa,,Area_Planted,6622.0,ha,Actual,PL5
41ce37aa-08db-4b91-bda8-eeec6317a992,2009,8,D.H Nam Trg Bộ,Provincial,Cultivation,Thuốc lá,,Area_Planted,713.0,ha,Actual,PL5
4a08a913-abf3-409d-8341-bf633ae6b36f,2009,8,D.H Nam Trg Bộ,Provincial,Cultivation,Mía,,Area_Planted,38114.0,ha,Actual,PL5
9a4d285f-f616-42b8-a5db-0956c3461b22,2009,8,D.H Nam Trg Bộ,Provincial,Cultivation,Lúa,,Area_Planted,874.0,ha,Actual,PL5
3a8b069c-3a58-4010-a4b3-c7d909560d9e,2009,8,D.H Nam Trg Bộ,Provincial,Cultivation,Lúa,,Area_Planted,42.0,ha,Actual,PL5
4c97a52c-0471-4fc5-94a9-2972e9ec7305,2009,8,D.H Nam Trg Bộ,Provincial,Cultivation,Lúa,,Area_Planted,25214.0,ha,Actual,PL5
b1148ed2-5c13-4620-9e4a-7e9581a15895,2009,8,D.H Nam Trg Bộ,Provincial,Cultivation,Lúa,,Area_Planted,25214.0,ha,Actual,PL5
916446a6-69b0-4beb-be79-691ca5baa6bb,2009,8,TP Đà Nẵng,Provincial,Cultivation,Lúa,,Area_Planted,1235.0,ha,Actual,PL5
a0ba8ab5-f7a5-4b03-bb7d-33501592c93a,2009,8,TP Đà Nẵng,Provincial,Cultivation,Lạc,,Area_Planted,722.0,ha,Actual,PL5
6e6c06d0-98c3-436b-a482-c2ddfc4244e8,2009,8,TP Đà Nẵng,Provincial,Cultivation,Lúa,,Area_Planted,238.0,ha,Actual,PL5
444bb504-86c7-40c8-9cb7-0b0fefe0e962,2009,8,TP Đà Nẵng,Provincial,Cultivation,Mía,,Area_Planted,275.0,ha,Actual,PL5
a2e42a66-8019-4abe-bbd6-6c365037b41e,2009,8,TP Đà Nẵng,Provincial,Cultivation,Lúa,,Area_Planted,837.0,ha,Actual,PL5
8f7f92c4-6ff3-4416-a09c-148825aae051,2009,8,TP Đà Nẵng,Provincial,Cultivation,Lúa,,Area_Planted,80.0,ha,Actual,PL5
ae2c946b-776c-4273-98d0-c96057cb01df,2009,8,Quảng Nam,Provincial,Cultivation,Lúa,,Area_Planted,13423.0,ha,Actual,PL5
43f3051e-8692-40eb-bbc8-c51649867978,2009,8,Quảng Nam,Provincial,Cultivation,Lạc,,Area_Planted,9860.0,ha,Actual,PL5
66721f3b-1595-497c-9755-01b360af8888,2009,8,Quảng Nam,Provincial,Cultivation,Lúa,,Area_Planted,2203.0,ha,Actual,PL5
dc3982a8-ef80-4029-bde3-b603ea1ed728,2009,8,Quảng Nam,Provincial,Cultivation,Thuốc lá,,Area_Planted,330.0,ha,Actual,PL5
0f1b4f4b-c276-4e68-b7ab-1c0a1be8420d,2009,8,Quảng Nam,Provincial,Cultivation,Mía,,Area_Planted,780.0,ha,Actual,PL5
79341269-e5b4-4e93-b07e-388ba49961c9,2009,8,Quảng Nam,Provincial,Cultivation,Lúa,,Area_Planted,250.0,ha,Actual,PL5
69d037ca-68ba-4376-8ea1-6c67bfff57d3,2009,8,Quảng Nam,Provincial,Cultivation,Lúa,,Area_Planted,6900.0,ha,Actual,PL5
5a68deeb-510c-4d51-91e8-ced493c6a15b,2009,8,Quảng Nam,Provincial,Cultivation,Lúa,,Area_Planted,3500.0,ha,Actual,PL5
09846440-5582-4e29-ad4a-5a2b8a1b1bc9,2009,8,Quảng Ngãi,Provincial,Cultivation,Lúa,,Area_Planted,5988.0,ha,Actual,PL5
50f9ebb6-27b6-4eb7-bcb6-9fe837af54da,2009,8,Quảng Ngãi,Provincial,Cultivation,Lạc,,Area_Planted,3787.0,ha,Actual,PL5
40206023-aa5d-47e7-9f9d-df0802560d8e,2009,8,Quảng Ngãi,Provincial,Cultivation,Mía,,Area_Planted,2201.0,ha,Actual,PL5
c1cb7f61-73f2-48cb-b9e1-7a96fe297a62,2009,8,Quảng Ngãi,Provincial,Cultivation,Lúa,,Area_Planted,5433.0,ha,Actual,PL5
1f2351b0-14b7-4389-a748-cd2ecb63231d,2009,8,Quảng Ngãi,Provincial,Cultivation,Lúa,,Area_Planted,1521.0,ha,Actual,PL5
a36bd435-a6a6-45e8-b17d-f479cbd16bbc,2009,8,Bình Định,Provincial,Cultivation,Lúa,,Area_Planted,13824.0,ha,Actual,PL5
a0d5dad9-3e5f-4bb4-8616-351ca88b5fc7,2009,8,Bình Định,Provincial,Cultivation,Đậu,,Area_Planted,951.0,ha,Actual,PL5
89fe38a0-880a-43bc-a96a-307cbc9edc2e,2009,8,Bình Định,Provincial,Cultivation,Lạc,,Area_Planted,8792.0,ha,Actual,PL5
de66d842-c0d7-4cf4-9341-93961d85b162,2009,8,Bình Định,Provincial,Cultivation,Lúa,,Area_Planted,1774.0,ha,Actual,PL5
25183105-721e-4f82-b226-ce88f721452a,2009,8,Bình Định,Provincial,Cultivation,Mía,,Area_Planted,2307.0,ha,Actual,PL5
6b456adc-7feb-4319-8644-315e9f3cdbf0,2009,8,Bình Định,Provincial,Cultivation,Lúa,,Area_Planted,9254.0,ha,Actual,PL5
9744e7a5-1379-44ee-925e-f29808358117,2009,8,Bình Định,Provincial,Cultivation,Lúa,,Area_Planted,1630.0,ha,Actual,PL5
5c8310ae-d497-47f7-99ed-36d24c9f9556,2009,8,Phú Yên,Provincial,Cultivation,Lúa,,Area_Planted,19929.0,ha,Actual,PL5
9ebcfd7f-e1a4-4c59-90eb-d58a8f1c22c5,2009,8,Phú Yên,Provincial,Cultivation,Đậu,,Area_Planted,316.0,ha,Actual,PL5
3b290f3c-04e6-4356-8407-12bb869be4d0,2009,8,Phú Yên,Provincial,Cultivation,Lạc,,Area_Planted,891.0,ha,Actual,PL5
f0de939e-308e-4021-9933-25abf58a8d61,2009,8,Phú Yên,Provincial,Cultivation,Lúa,,Area_Planted,2407.0,ha,Actual,PL5
4eecaa70-2102-4bc6-9e0b-e7ef17d4d28d,2009,8,Phú Yên,Provincial,Cultivation,Thuốc lá,,Area_Planted,383.0,ha,Actual,PL5
7fb3393f-93dd-4a3d-b1ac-4a787fdd2956,2009,8,Phú Yên,Provincial,Cultivation,Mía,,Area_Planted,15525.0,ha,Actual,PL5
87b33073-c877-4ea9-a263-b9b686a8c22a,2009,8,Phú Yên,Provincial,Cultivation,Lúa,,Area_Planted,365.0,ha,Actual,PL5
38ea2abc-9c37-4fc0-b3c1-db7e4e1da24f,2009,8,Phú Yên,Provincial,Cultivation,Lúa,,Area_Planted,42.0,ha,Actual,PL5
1dcf101b-a6d3-4545-afa0-5dc35489ca5f,2009,8,Phú Yên,Provincial,Cultivation,Lúa,,Area_Planted,2690.0,ha,Actual,PL5
ed8c9486-8b89-4e7a-b753-3f86af0cc7e1,2009,8,Phú Yên,Provincial,Cultivation,Lúa,,Area_Planted,1980.0,ha,Actual,PL5
c9b24fea-8d15-48db-94ba-2b03413672a3,2009,8,Khánh Hoà,Provincial,Cultivation,Lúa,,Area_Planted,17485.0,ha,Actual,PL5
c4143553-05bc-45f5-b344-3ae631c125e8,2009,8,Khánh Hoà,Provincial,Cultivation,Lạc,,Area_Planted,200.0,ha,Actual,PL5
7d98d05f-bee7-44c2-aff4-b8c95c1cb28b,2009,8,Khánh Hoà,Provincial,Cultivation,Mía,,Area_Planted,17026.0,ha,Actual,PL5
9ca4898a-3280-4fd3-acab-ecc2ee46c653,2009,8,Khánh Hoà,Provincial,Cultivation,Lúa,,Area_Planted,259.0,ha,Actual,PL5
6bbf824c-eddb-4a62-8b8e-f75a630b87fb,2009,8,Khánh Hoà,Provincial,Cultivation,Lúa,,Area_Planted,100.0,ha,Actual,PL5
85b27616-72d5-4946-a8b2-8d9a430f9814,2009,8,Khánh Hoà,Provincial,Cultivation,Lúa,,Area_Planted,500.0,ha,Actual,PL5
434a3576-4161-4d79-9e7e-ea8e881fc9b4,2009,8,Tây Nguyên,Provincial,Cultivation,Lúa,,Area_Planted,38512.0,ha,Actual,PL5
8312e796-f758-42b6-8109-52eb4e639d05,2009,8,Tây Nguyên,Provincial,Cultivation,Đậu,,Area_Planted,15858.0,ha,Actual,PL5
b62b3ffc-6738-4c4e-8405-5b093efa52d1,2009,8,Tây Nguyên,Provincial,Cultivation,Lạc,,Area_Planted,7722.0,ha,Actual,PL5
b0afd7cd-2ba0-45d3-a9bb-b53d525fa042,2009,8,Tây Nguyên,Provincial,Cultivation,Lúa,,Area_Planted,1965.0,ha,Actual,PL5
de5713ba-0294-4609-8b87-966370299f3f,2009,8,Tây Nguyên,Provincial,Cultivation,Thuốc lá,,Area_Planted,5695.0,ha,Actual,PL5
9f3cac8d-cf55-492c-8e73-ce973474df48,2009,8,Tây Nguyên,Provincial,Cultivation,Mía,,Area_Planted,6729.0,ha,Actual,PL5
ff965172-49d2-4ba9-816e-d95a5c0127de,2009,8,Tây Nguyên,Provincial,Cultivation,Lúa,,Area_Planted,41635.0,ha,Actual,PL5
fa1ef6fe-0683-442d-a44d-2b67ce187818,2009,8,Tây Nguyên,Provincial,Cultivation,Lúa,,Area_Planted,17273.0,ha,Actual,PL5
31da0701-fc1f-46a8-a897-11e0359c1f37,2009,8,Kon Tum,Provincial,Cultivation,Lúa,,Area_Planted,2555.0,ha,Actual,PL5
0cf2e27b-6542-43b4-bed3-8c15f8154e08,2009,8,Kon Tum,Provincial,Cultivation,Lạc,,Area_Planted,165.0,ha,Actual,PL5
53eda50f-b179-4c23-8457-71489ac0a9eb,2009,8,Kon Tum,Provincial,Cultivation,Thuốc lá,,Area_Planted,2158.0,ha,Actual,PL5
a6a0a586-5db0-49bc-9699-e090693ec5c6,2009,8,Kon Tum,Provincial,Cultivation,Mía,,Area_Planted,232.0,ha,Actual,PL5
a96742b2-0009-49a9-9c8f-cddd439ef734,2009,8,Kon Tum,Provincial,Cultivation,Lúa,,Area_Planted,630.0,ha,Actual,PL5
bfcf8e86-e38d-488c-9610-bf53fd467ace,2009,8,Kon Tum,Provincial,Cultivation,Lúa,,Area_Planted,57.0,ha,Actual,PL5
b2aeb234-2208-482e-861b-524d8bd46368,2009,8,Gia Lai,Provincial,Cultivation,Lúa,,Area_Planted,5722.0,ha,Actual,PL5
1909780d-4d7a-4d2e-8f99-071fa9f90ab3,2009,8,Gia Lai,Provincial,Cultivation,Lạc,,Area_Planted,815.0,ha,Actual,PL5
f505b542-7ebc-4f62-9b22-aec13ee4c062,2009,8,Gia Lai,Provincial,Cultivation,Lúa,,Area_Planted,982.0,ha,Actual,PL5
b6043e38-3463-4f7f-a7d6-b409f77d8d86,2009,8,Gia Lai,Provincial,Cultivation,Thuốc lá,,Area_Planted,3457.0,ha,Actual,PL5
0defef0f-65a5-40f6-b68d-2a61a2aaffbd,2009,8,Gia Lai,Provincial,Cultivation,Mía,,Area_Planted,468.0,ha,Actual,PL5
a8cec48c-36a3-4792-8335-1f08852e880e,2009,8,Gia Lai,Provincial,Cultivation,Lúa,,Area_Planted,7605.0,ha,Actual,PL5
7b2d9535-9571-4fe0-bd96-71e24ed81a1c,2009,8,Gia Lai,Provincial,Cultivation,Lúa,,Area_Planted,8138.0,ha,Actual,PL5
c426b1b3-fc46-4377-8600-2233e5f71a94,2009,8,Đắc Lắc,Provincial,Cultivation,Lúa,,Area_Planted,15190.0,ha,Actual,PL5
f28786b1-38b4-4170-8f05-42f66b9fd9a6,2009,8,Đắc Lắc,Provincial,Cultivation,Đậu,,Area_Planted,5960.0,ha,Actual,PL5
69843b4a-3bb1-435e-a7d9-343580855b67,2009,8,Đắc Lắc,Provincial,Cultivation,Lạc,,Area_Planted,3564.0,ha,Actual,PL5
65b16361-c96d-4de2-88fa-ee2e61180672,2009,8,Đắc Lắc,Provincial,Cultivation,Lúa,,Area_Planted,983.0,ha,Actual,PL5
30408413-3d9b-4b85-8b68-0dfad05c533a,2009,8,Đắc Lắc,Provincial,Cultivation,Thuốc lá,,Area_Planted,80.0,ha,Actual,PL5
b382a37b-9105-4400-a3cc-5c5974b95211,2009,8,Đắc Lắc,Provincial,Cultivation,Mía,,Area_Planted,4603.0,ha,Actual,PL5
74b7b6d2-ce93-4f62-bcee-75f0c867c1c8,2009,8,Đắc Lắc,Provincial,Cultivation,Lúa,,Area_Planted,2350.0,ha,Actual,PL5
f25c7636-75c4-4775-bf98-be13855b122e,2009,8,Đắc Lắc,Provincial,Cultivation,Lúa,,Area_Planted,8579.0,ha,Actual,PL5
23144095-8843-4407-9868-615fa40da889,2009,8,Đắc Nông,Provincial,Cultivation,Lúa,,Area_Planted,13497.0,ha,Actual,PL5
04d80c47-8b88-442d-9c9e-655cacf4de5e,2009,8,Đắc Nông,Provincial,Cultivation,Đậu,,Area_Planted,9698.0,ha,Actual,PL5
8d7b20f0-8bea-43ef-af51-946e1e9a3422,2009,8,Đắc Nông,Provincial,Cultivation,Lạc,,Area_Planted,3178.0,ha,Actual,PL5
90db06d3-1942-4643-8be7-d2c4fe76630e,2009,8,Đắc Nông,Provincial,Cultivation,Mía,,Area_Planted,78.0,ha,Actual,PL5
56c03308-3e79-4763-8816-52093d04275a,2009,8,Đắc Nông,Provincial,Cultivation,Lúa,,Area_Planted,543.0,ha,Actual,PL5
e432d1a2-1bd9-4d22-a6e8-12224f1c3234,2009,8,Đắc Nông,Provincial,Cultivation,Lúa,,Area_Planted,1550.0,ha,Actual,PL5
dc8cd1d1-8961-43fc-adb9-4aaadf892b5d,2009,8,Đắc Nông,Provincial,Cultivation,Lúa,,Area_Planted,201.0,ha,Actual,PL5
1d54386a-090f-4cf2-aafa-1b6c6e335c15,2009,8,Lâm Đồng,Provincial,Cultivation,Lúa,,Area_Planted,1548.0,ha,Actual,PL5
3c6f3047-b717-4a4e-92cd-1f706dcf1495,2009,8,Lâm Đồng,Provincial,Cultivation,Đậu,,Area_Planted,200.0,ha,Actual,PL5
79c30549-dbeb-4a1a-9153-164ec15bdde7,2009,8,Lâm Đồng,Provincial,Cultivation,Mía,,Area_Planted,1348.0,ha,Actual,PL5
d30324eb-2aba-4ba3-8473-9131d84458a5,2009,8,Lâm Đồng,Provincial,Cultivation,Lúa,,Area_Planted,29500.0,ha,Actual,PL5
a151c705-6e31-46c9-9b4d-fcd1904294be,2009,8,Lâm Đồng,Provincial,Cultivation,Lúa,,Area_Planted,298.0,ha,Actual,PL5
4beba168-54ab-4845-b59f-e32d381e5c68,2009,8,Đông Nam Bộ,Provincial,Cultivation,Lúa,,Area_Planted,57099.0,ha,Actual,PL5
edf75e33-3ec6-427f-be2f-52c3fb7c448b,2009,8,Đông Nam Bộ,Provincial,Cultivation,Đậu,,Area_Planted,1120.0,ha,Actual,PL5
f21abbc5-d631-4b8a-807a-79d8c6543cba,2009,8,Đông Nam Bộ,Provincial,Cultivation,Lạc,,Area_Planted,29002.0,ha,Actual,PL5
a9771c79-212d-425b-806a-9d05174b6a39,2009,8,Đông Nam Bộ,Provincial,Cultivation,Lúa,,Area_Planted,7327.0,ha,Actual,PL5
8eb9dd30-2338-4393-be47-841570469c0d,2009,8,Đông Nam Bộ,Provincial,Cultivation,Thuốc lá,,Area_Planted,4307.0,ha,Actual,PL5
6c0d2eb8-40d2-476f-8f05-363a95b45545,2009,8,Đông Nam Bộ,Provincial,Cultivation,Mía,,Area_Planted,15013.0,ha,Actual,PL5
3b5ce46d-c78c-48d4-ba71-d360a885e3c7,2009,8,Đông Nam Bộ,Provincial,Cultivation,Lúa,,Area_Planted,330.0,ha,Actual,PL5
34ca73be-4aab-451a-a8c0-236031efad45,2009,8,Đông Nam Bộ,Provincial,Cultivation,Lúa,,Area_Planted,42255.0,ha,Actual,PL5
546adbe0-aeff-4d99-9b7d-45d1b2dd1124,2009,8,Đông Nam Bộ,Provincial,Cultivation,Lúa,,Area_Planted,13133.0,ha,Actual,PL5
3bc8b1b6-3090-472b-9774-6397627e2218,2009,8,TP Hồ Chí Minh,Provincial,Cultivation,Lúa,,Area_Planted,2978.0,ha,Actual,PL5
f5f054e6-137c-4b92-8b3b-5a0feeb5bfb2,2009,8,TP Hồ Chí Minh,Provincial,Cultivation,Lạc,,Area_Planted,778.0,ha,Actual,PL5
d70b1e93-1d36-45d1-8ba6-6d4cd18a5e86,2009,8,TP Hồ Chí Minh,Provincial,Cultivation,Mía,,Area_Planted,2200.0,ha,Actual,PL5
9e9ce451-6a28-4a11-bfee-3d0b25c6f25d,2009,8,TP Hồ Chí Minh,Provincial,Cultivation,Lúa,,Area_Planted,8384.0,ha,Actual,PL5
28dfd95e-32d4-48dd-8f26-75d1931d2e46,2009,8,Ninh Thuận,Provincial,Cultivation,Lúa,,Area_Planted,1367.0,ha,Actual,PL5
3230c746-9016-40aa-852e-6e2fae079256,2009,8,Ninh Thuận,Provincial,Cultivation,Lạc,,Area_Planted,200.0,ha,Actual,PL5
693ddbc6-f665-458b-b444-a044f121b0a2,2009,8,Ninh Thuận,Provincial,Cultivation,Lúa,,Area_Planted,35.0,ha,Actual,PL5
a1f65c4f-c484-48ac-9c3a-f30ba85783e5,2009,8,Ninh Thuận,Provincial,Cultivation,Thuốc lá,,Area_Planted,480.0,ha,Actual,PL5
3115fe98-009e-4658-b554-2fd864f5130b,2009,8,Ninh Thuận,Provincial,Cultivation,Mía,,Area_Planted,620.0,ha,Actual,PL5
20f83540-be3e-4ee4-a7fd-e7a5be70bbb9,2009,8,Ninh Thuận,Provincial,Cultivation,Lúa,,Area_Planted,32.0,ha,Actual,PL5
9bdb81e2-519b-4f63-953e-67134ba7bfdd,2009,8,Ninh Thuận,Provincial,Cultivation,Lúa,,Area_Planted,6900.0,ha,Actual,PL5
14c2d454-167c-4b41-9fe1-2ad90016f91c,2009,8,Ninh Thuận,Provincial,Cultivation,Lúa,,Area_Planted,500.0,ha,Actual,PL5
409d9b29-c2ea-4033-9a48-88c9bc8c88bf,2009,8,Bình Phước,Provincial,Cultivation,Lúa,,Area_Planted,593.0,ha,Actual,PL5
02e5a285-9f8b-4f5f-8278-960501c6ab71,2009,8,Bình Phước,Provincial,Cultivation,Đậu,,Area_Planted,287.0,ha,Actual,PL5
4c606ae4-415a-41ae-a009-f76edc881656,2009,8,Bình Phước,Provincial,Cultivation,Lạc,,Area_Planted,132.0,ha,Actual,PL5
ac314b29-9f7a-42a8-9688-a00ab5729203,2009,8,Bình Phước,Provincial,Cultivation,Lúa,,Area_Planted,11.0,ha,Actual,PL5
df18fc34-1d95-47ff-a261-2fd56be4e755,2009,8,Bình Phước,Provincial,Cultivation,Lúa,,Area_Planted,163.0,ha,Actual,PL5
7ab05605-d578-47c3-9498-9420669b9860,2009,8,Bình Phước,Provincial,Cultivation,Lúa,,Area_Planted,701.0,ha,Actual,PL5
0769b6bc-0306-4cfd-bc8b-912eff67d165,2009,8,Bình Phước,Provincial,Cultivation,Lúa,,Area_Planted,145.0,ha,Actual,PL5
a6f4a270-2777-4006-8c5b-ad418f4fa102,2009,8,Tây Ninh,Provincial,Cultivation,Lúa,,Area_Planted,31031.0,ha,Actual,PL5
a687f88c-3ca5-48c8-8c26-e28a65491180,2009,8,Tây Ninh,Provincial,Cultivation,Lạc,,Area_Planted,19167.0,ha,Actual,PL5
a55d66f7-6bda-4c1b-88e7-b64d216bb186,2009,8,Tây Ninh,Provincial,Cultivation,Lúa,,Area_Planted,1007.0,ha,Actual,PL5
fb86261b-be83-45f2-bc7c-7b4df2436397,2009,8,Tây Ninh,Provincial,Cultivation,Thuốc lá,,Area_Planted,3109.0,ha,Actual,PL5
e9f4a995-7eb2-4d49-9ce4-5afb7a6d2424,2009,8,Tây Ninh,Provincial,Cultivation,Mía,,Area_Planted,7748.0,ha,Actual,PL5
49e67964-b571-459e-adc0-433b2f9a0416,2009,8,Tây Ninh,Provincial,Cultivation,Lúa,,Area_Planted,10692.0,ha,Actual,PL5
c739ae9c-98e4-413b-bc0e-6e3db84f530a,2009,8,Tây Ninh,Provincial,Cultivation,Lúa,,Area_Planted,4990.0,ha,Actual,PL5
571d0be2-75c6-4a45-af93-e78ed10d344a,2009,8,Bình Dương,Provincial,Cultivation,Lúa,,Area_Planted,81.0,ha,Actual,PL5
9eada6eb-350c-4c38-9a07-ae0e9680dc4c,2009,8,Bình Dương,Provincial,Cultivation,Lạc,,Area_Planted,81.0,ha,Actual,PL5
75511e5f-3e23-48e7-ad11-d141efe1bd44,2009,8,Bình Dương,Provincial,Cultivation,Lúa,,Area_Planted,2024.0,ha,Actual,PL5
42383ed0-11ac-4ada-b976-429c4ebe2e9b,2009,8,Bình Dương,Provincial,Cultivation,Lúa,,Area_Planted,64.0,ha,Actual,PL5
1a966fc5-2db3-48a5-847c-dc1e9942b9a7,2009,8,Đồng Nai,Provincial,Cultivation,Lúa,,Area_Planted,9325.0,ha,Actual,PL5
9a461a19-8dbc-4988-b8d8-4b1087385d95,2009,8,Đồng Nai,Provincial,Cultivation,Đậu,,Area_Planted,582.0,ha,Actual,PL5
d66d4aa6-c91c-409a-9f1a-8d12080b309b,2009,8,Đồng Nai,Provincial,Cultivation,Lạc,,Area_Planted,4156.0,ha,Actual,PL5
84908b5b-a9ed-4a8f-8c18-67e7155b110c,2009,8,Đồng Nai,Provincial,Cultivation,Lúa,,Area_Planted,69.0,ha,Actual,PL5
d26826a2-9a00-47a6-892e-58505d12c702,2009,8,Đồng Nai,Provincial,Cultivation,Thuốc lá,,Area_Planted,580.0,ha,Actual,PL5
6b6768ad-a5e3-49de-b757-66accbe01920,2009,8,Đồng Nai,Provincial,Cultivation,Mía,,Area_Planted,3815.0,ha,Actual,PL5
d819d6c2-13dd-484f-b262-baa23fae125b,2009,8,Đồng Nai,Provincial,Cultivation,Lúa,,Area_Planted,123.0,ha,Actual,PL5
7e56b04a-6122-43b0-bf1b-d5d516c19fa7,2009,8,Đồng Nai,Provincial,Cultivation,Lúa,,Area_Planted,9110.0,ha,Actual,PL5
a0cce02e-92ee-49ab-8907-5cb2e5e21f1d,2009,8,Đồng Nai,Provincial,Cultivation,Lúa,,Area_Planted,3759.0,ha,Actual,PL5
eafabecf-2a17-450f-8e10-d3ef710ff4eb,2009,8,Bình Thuận,Provincial,Cultivation,Lúa,,Area_Planted,10375.0,ha,Actual,PL5
023853af-3c5c-489f-b594-1ec17a360035,2009,8,Bình Thuận,Provincial,Cultivation,Đậu,,Area_Planted,242.0,ha,Actual,PL5
7802e8d8-f63c-46a0-885b-d61afc0a3b1c,2009,8,Bình Thuận,Provincial,Cultivation,Lạc,,Area_Planted,3487.0,ha,Actual,PL5
29fb3b29-4f33-44a2-921b-44bec135b499,2009,8,Bình Thuận,Provincial,Cultivation,Lúa,,Area_Planted,6114.0,ha,Actual,PL5
e4e8288a-491a-459d-8ce8-db558dadbf33,2009,8,Bình Thuận,Provincial,Cultivation,Thuốc lá,,Area_Planted,35.0,ha,Actual,PL5
d26e524b-1b8a-4a09-a8a1-31af77b87270,2009,8,Bình Thuận,Provincial,Cultivation,Mía,,Area_Planted,485.0,ha,Actual,PL5
c04e7352-c4ba-48d0-8762-fb45d5d749c4,2009,8,Bình Thuận,Provincial,Cultivation,Lúa,,Area_Planted,12.0,ha,Actual,PL5
e59cc2e1-806d-4bbd-8d36-9e27b5e2d14a,2009,8,Bình Thuận,Provincial,Cultivation,Lúa,,Area_Planted,2216.0,ha,Actual,PL5
94baf49a-419e-4360-aef3-cdcbe040a4c7,2009,8,Bình Thuận,Provincial,Cultivation,Lúa,,Area_Planted,3178.0,ha,Actual,PL5
f48e2039-d5d2-4c4f-9d0f-869191c53bee,2009,8,Bà Rịa-V.Tàu,Provincial,Cultivation,Lúa,,Area_Planted,1349.0,ha,Actual,PL5
c085c896-91ad-41e0-bda9-8bbfcce8405a,2009,8,Bà Rịa-V.Tàu,Provincial,Cultivation,Đậu,,Area_Planted,9.0,ha,Actual,PL5
0e26f468-626a-4661-b2a4-12a88d23d929,2009,8,Bà Rịa-V.Tàu,Provincial,Cultivation,Lạc,,Area_Planted,1001.0,ha,Actual,PL5
f2861d4c-6421-47b4-b3b9-76228bd2a832,2009,8,Bà Rịa-V.Tàu,Provincial,Cultivation,Lúa,,Area_Planted,91.0,ha,Actual,PL5
e553e293-8df5-4523-a71d-e3b389e543fa,2009,8,Bà Rịa-V.Tàu,Provincial,Cultivation,Thuốc lá,,Area_Planted,103.0,ha,Actual,PL5
3ce10c0a-855f-4bc9-8df9-299f77beb3af,2009,8,Bà Rịa-V.Tàu,Provincial,Cultivation,Mía,,Area_Planted,145.0,ha,Actual,PL5
971cba2b-1908-4660-bf07-4d6b5d4789d9,2009,8,Bà Rịa-V.Tàu,Provincial,Cultivation,Lúa,,Area_Planted,2228.0,ha,Actual,PL5
41be97b7-85eb-4267-b7f0-2fe21db60fec,2009,8,Bà Rịa-V.Tàu,Provincial,Cultivation,Lúa,,Area_Planted,497.0,ha,Actual,PL5
49bbfd21-a38f-46b3-a52b-2c37da24f2f8,2009,8,ĐBS Cửu Long,Provincial,Cultivation,Lúa,,Area_Planted,87453.0,ha,Actual,PL5
58650a35-78f9-4117-a065-c1e61757ba43,2009,8,ĐBS Cửu Long,Provincial,Cultivation,Đậu,,Area_Planted,8173.0,ha,Actual,PL5
93d4646a-f4f8-4a36-a85c-ca36a1d8f322,2009,8,ĐBS Cửu Long,Provincial,Cultivation,Lạc,,Area_Planted,15134.0,ha,Actual,PL5
b43bbb6e-f33b-4fbe-a235-23308c96458a,2009,8,ĐBS Cửu Long,Provincial,Cultivation,Lúa,,Area_Planted,9072.0,ha,Actual,PL5
f8faea93-2b49-45a8-a78f-4409edfc85c0,2009,8,ĐBS Cửu Long,Provincial,Cultivation,Thuốc lá,,Area_Planted,193.0,ha,Actual,PL5
53123732-7b95-4bb6-b6af-75dc07a01218,2009,8,ĐBS Cửu Long,Provincial,Cultivation,Mía,,Area_Planted,53417.0,ha,Actual,PL5
812a0b72-b611-48ac-80f6-c75755a62c7a,2009,8,ĐBS Cửu Long,Provincial,Cultivation,Lúa,,Area_Planted,450.0,ha,Actual,PL5
4c06ed08-7478-409c-9cbc-f784fd2db3c9,2009,8,ĐBS Cửu Long,Provincial,Cultivation,Lúa,,Area_Planted,125154.0,ha,Actual,PL5
230de280-d70c-4c08-a4e1-fc84f567b7f0,2009,8,ĐBS Cửu Long,Provincial,Cultivation,Lúa,,Area_Planted,3823.0,ha,Actual,PL5
524cfa6f-d7bc-4e62-aa20-02d0a680712f,2009,8,Long An,Provincial,Cultivation,Lúa,,Area_Planted,23099.0,ha,Actual,PL5
d4722a75-3424-49cf-8598-cd77661670a4,2009,8,Long An,Provincial,Cultivation,Lạc,,Area_Planted,6966.0,ha,Actual,PL5
edb07a97-9cd3-4f73-ae87-edb9f0309328,2009,8,Long An,Provincial,Cultivation,Lúa,,Area_Planted,1752.0,ha,Actual,PL5
2697c255-8663-410e-b256-0eb40caff4fe,2009,8,Long An,Provincial,Cultivation,Mía,,Area_Planted,14381.0,ha,Actual,PL5
1ce0198b-0321-43e5-9d16-549d70e94a98,2009,8,Long An,Provincial,Cultivation,Lúa,,Area_Planted,6510.0,ha,Actual,PL5
0895907a-cb75-4578-a785-7aaf87727c45,2009,8,Đồng Tháp,Provincial,Cultivation,Lúa,,Area_Planted,8484.0,ha,Actual,PL5
a2ef4d97-366c-4f56-8fdc-6584afd7d5a1,2009,8,Đồng Tháp,Provincial,Cultivation,Đậu,,Area_Planted,5434.0,ha,Actual,PL5
8765dd3c-2e4e-4bde-8672-7732bbc60caa,2009,8,Đồng Tháp,Provincial,Cultivation,Lạc,,Area_Planted,166.0,ha,Actual,PL5
46f08480-3b80-4936-b7b3-8be5be4dcf20,2009,8,Đồng Tháp,Provincial,Cultivation,Lúa,,Area_Planted,2737.0,ha,Actual,PL5
bb082420-131b-474f-957c-2500c7975362,2009,8,Đồng Tháp,Provincial,Cultivation,Thuốc lá,,Area_Planted,16.0,ha,Actual,PL5
5568a4b4-e7f0-49ca-98aa-f4eaa0a096d6,2009,8,Đồng Tháp,Provincial,Cultivation,Mía,,Area_Planted,131.0,ha,Actual,PL5
7a842207-e6db-4636-a668-2d7bd2143413,2009,8,Đồng Tháp,Provincial,Cultivation,Lúa,,Area_Planted,8602.0,ha,Actual,PL5
c2efd6b5-78db-469c-9bf0-370352a7f85a,2009,8,An Giang,Provincial,Cultivation,Lúa,,Area_Planted,1205.0,ha,Actual,PL5
d78dfd8c-2a13-41df-950e-bba7b4da718c,2009,8,An Giang,Provincial,Cultivation,Đậu,,Area_Planted,546.0,ha,Actual,PL5
40fa773f-2c22-46b1-87a8-ac4cd43751d6,2009,8,An Giang,Provincial,Cultivation,Lạc,,Area_Planted,215.0,ha,Actual,PL5
a2a51032-4705-4b69-9407-c7506fdbcf3d,2009,8,An Giang,Provincial,Cultivation,Lúa,,Area_Planted,420.0,ha,Actual,PL5
c7680fa8-1adc-4579-85f4-98938ca0bff0,2009,8,An Giang,Provincial,Cultivation,Thuốc lá,,Area_Planted,6.0,ha,Actual,PL5
b4c567f5-c363-40e9-ab12-3123d35bbc64,2009,8,An Giang,Provincial,Cultivation,Mía,,Area_Planted,18.0,ha,Actual,PL5
9e26b65a-a779-4fb4-9bef-e8f7790f2c83,2009,8,An Giang,Provincial,Cultivation,Lúa,,Area_Planted,8433.0,ha,Actual,PL5
eab7d53d-15f8-462b-9af7-65bb5790bbb2,2009,8,An Giang,Provincial,Cultivation,Lúa,,Area_Planted,1090.0,ha,Actual,PL5
d510c3f3-9f79-46ca-be16-489bb4c8188a,2009,8,Tiền Giang,Provincial,Cultivation,Mía,,Area_Planted,119.0,ha,Actual,PL5
12f6d1e3-9b7e-4852-83b6-bb5842dcaa13,2009,8,Tiền Giang,Provincial,Cultivation,Lúa,,Area_Planted,25200.0,ha,Actual,PL5
b0f5ac4d-5719-401c-bf22-addca9381f67,2009,8,Vĩnh Long,Provincial,Cultivation,Lúa,,Area_Planted,1615.0,ha,Actual,PL5
c2f8e08d-0258-4d8a-9f68-cfe895b2b070,2009,8,Vĩnh Long,Provincial,Cultivation,Đậu,,Area_Planted,1189.0,ha,Actual,PL5
cd2dfbd6-8b55-4111-88f7-4ac838e598ab,2009,8,Vĩnh Long,Provincial,Cultivation,Lạc,,Area_Planted,28.0,ha,Actual,PL5
65a252a9-eebb-4902-aabe-d8067d7575b2,2009,8,Vĩnh Long,Provincial,Cultivation,Lúa,,Area_Planted,331.0,ha,Actual,PL5
849a2ad6-8458-45db-b658-33a284604295,2009,8,Vĩnh Long,Provincial,Cultivation,Mía,,Area_Planted,67.0,ha,Actual,PL5
478151c3-ea68-4a52-9d4d-9987295f65ad,2009,8,Vĩnh Long,Provincial,Cultivation,Lúa,,Area_Planted,15942.0,ha,Actual,PL5
78c387ea-5e1c-40fa-b4b4-c699cf4b445f,2009,8,Vĩnh Long,Provincial,Cultivation,Lúa,,Area_Planted,370.0,ha,Actual,PL5
e8e5af11-3ae2-431b-b81d-c6e81d12443d,2009,8,Bến Tre,Provincial,Cultivation,Lúa,,Area_Planted,7360.0,ha,Actual,PL5
b0298cb7-e8cd-43b5-b1fb-c6301c8079e5,2009,8,Bến Tre,Provincial,Cultivation,Lạc,,Area_Planted,391.0,ha,Actual,PL5
875b04c9-a192-42d2-85f0-ff9b8ed5104e,2009,8,Bến Tre,Provincial,Cultivation,Mía,,Area_Planted,6969.0,ha,Actual,PL5
c84829da-303d-486a-8e49-8e5981cc0050,2009,8,Bến Tre,Provincial,Cultivation,Lúa,,Area_Planted,2082.0,ha,Actual,PL5
3f5aaf83-61c1-44ad-96a5-0f950ef01af0,2009,8,Bến Tre,Provincial,Cultivation,Lúa,,Area_Planted,128.0,ha,Actual,PL5
943884cb-8d6e-4818-a373-ead6476fdf3d,2009,8,Kiên Giang,Provincial,Cultivation,Lúa,,Area_Planted,0.0,ha,Actual,PL5
061cfb0f-3e74-4006-99e5-d9835d8dd2d6,2009,8,Cần Thơ,Provincial,Cultivation,Lúa,,Area_Planted,8177.0,ha,Actual,PL5
17460e0a-1ff5-4689-b940-a7a4c1e9e539,2009,8,Cần Thơ,Provincial,Cultivation,Đậu,,Area_Planted,747.0,ha,Actual,PL5
dbe1ca79-c438-43fa-9fc5-0ad28618a04d,2009,8,Cần Thơ,Provincial,Cultivation,Lạc,,Area_Planted,3587.0,ha,Actual,PL5
e57fe5ee-be84-4d7d-8015-0cb21d679703,2009,8,Cần Thơ,Provincial,Cultivation,Lúa,,Area_Planted,3832.0,ha,Actual,PL5
ac8b003d-0c05-43d6-8ba0-160f693f60f6,2009,8,Cần Thơ,Provincial,Cultivation,Thuốc lá,,Area_Planted,11.0,ha,Actual,PL5
957a3203-7a5a-4bb7-bdc1-126f3f5eace7,2009,8,Cần Thơ,Provincial,Cultivation,Lúa,,Area_Planted,5898.0,ha,Actual,PL5
9ad6a00e-d8a1-4d98-afc1-67eae57d5bb6,2009,8,Cần Thơ,Provincial,Cultivation,Lúa,,Area_Planted,201.0,ha,Actual,PL5
31f55c43-40a3-4e51-b3f6-ed9de38a9492,2009,8,Hậu Giang,Provincial,Cultivation,Lúa,,Area_Planted,13453.0,ha,Actual,PL5
a5bdba02-9a8a-4b09-9f19-1dc156519054,2009,8,Hậu Giang,Provincial,Cultivation,Mía,,Area_Planted,13453.0,ha,Actual,PL5
b7125a81-f40e-405f-b81d-405d8891f603,2009,8,Hậu Giang,Provincial,Cultivation,Lúa,,Area_Planted,6068.0,ha,Actual,PL5
cac6de87-e817-47af-a52f-9b179a6216ee,2009,8,Trà Vinh,Provincial,Cultivation,Lúa,,Area_Planted,10752.0,ha,Actual,PL5
02e57abc-aa8a-482e-b84d-4d50aa3987dc,2009,8,Trà Vinh,Provincial,Cultivation,Lạc,,Area_Planted,3627.0,ha,Actual,PL5
1b586da1-94ee-4d17-8783-0cc6efb49738,2009,8,Trà Vinh,Provincial,Cultivation,Mía,,Area_Planted,5542.0,ha,Actual,PL5
bdd96564-ce52-4c18-a4ba-ccd49634ff5a,2009,8,Trà Vinh,Provincial,Cultivation,Lúa,,Area_Planted,1133.0,ha,Actual,PL5
da3b5bfc-bf94-4c8b-a2b0-402912250a6f,2009,8,Trà Vinh,Provincial,Cultivation,Lúa,,Area_Planted,450.0,ha,Actual,PL5
71d86df8-95f4-45c4-b8f1-29f3ef2cb9ad,2009,8,Trà Vinh,Provincial,Cultivation,Lúa,,Area_Planted,17979.0,ha,Actual,PL5
a7f521fc-df00-4b33-9db5-f3ce2e0b2847,2009,8,Trà Vinh,Provincial,Cultivation,Lúa,,Area_Planted,841.0,ha,Actual,PL5
c2dedf9d-81a8-45a8-9ef1-167cd9804c84,2009,8,Sóc Trăng,Provincial,Cultivation,Lúa,,Area_Planted,13308.0,ha,Actual,PL5
16fa876d-4fb3-40de-9917-7c02a30503a1,2009,8,Sóc Trăng,Provincial,Cultivation,Đậu,,Area_Planted,257.0,ha,Actual,PL5
3e4105e0-3fba-4ebd-95d2-52fb739d298c,2009,8,Sóc Trăng,Provincial,Cultivation,Lạc,,Area_Planted,154.0,ha,Actual,PL5
f634be77-e727-48c6-bed3-48de77329380,2009,8,Sóc Trăng,Provincial,Cultivation,Thuốc lá,,Area_Planted,160.0,ha,Actual,PL5
a8071d8e-5000-4ea5-916e-47e35693d535,2009,8,Sóc Trăng,Provincial,Cultivation,Mía,,Area_Planted,12737.0,ha,Actual,PL5
98a3d427-7af5-4ff9-aef6-f98e8afa2ed6,2009,8,Sóc Trăng,Provincial,Cultivation,Lúa,,Area_Planted,22940.0,ha,Actual,PL5
a2044fd2-494a-424b-9f77-9e7b662a393e,2009,8,Sóc Trăng,Provincial,Cultivation,Lúa,,Area_Planted,1193.0,ha,Actual,PL5
c335e775-1f5d-43a7-8f94-ebf61d6e7716,2009,8,Bạc Liêu,Provincial,Cultivation,Lúa,,Area_Planted,5500.0,ha,Actual,PL5
fac5a263-3e74-4c31-8125-3ec4686a8ef0,2009,8,Cả nước,National,Forestry,Rừng,,Area_Planted,117.52009,1000_ha,Estimated,PL6a
8d192a63-f108-41f5-8326-a4d45588509b,2009,8,Cả nước,National,Forestry,Rừng,,Area_Planted,227.3,1000_ha,Plan,PL6a
71f7e3be-6691-4f66-bce3-221001d13197,2009,8,Cả nước,National,Forestry,Rừng,,Area,27.6,1000_ha,Estimated,PL6a
203f680d-774f-47e6-bb72-ca972be731ee,2009,8,Cả nước,National,Forestry,Rừng,,Area,60.0,1000_ha,Plan,PL6a
b03ea0c1-90ad-42c3-8c0a-8f667cdffacb,2009,8,Cả nước,National,Forestry,Rừng,,Area,89.9,1000_ha,Estimated,PL6a
e8933d46-34bb-4634-b6ab-0692c03b78bb,2009,8,Cả nước,National,Forestry,Rừng,,Area,167.3,1000_ha,Plan,PL6a
87d1733f-4ccd-4a41-9d19-836c20451ead,2009,8,Cả nước,National,Forestry,Rừng trồng,,Area,174.6,1000_ha,Estimated,PL6a
10dcd575-b708-4e9f-b2fb-cc98d14d785a,2009,8,Cả nước,National,Forestry,Rừng trồng,,Area,149.7,1000_ha,Plan,PL6a
43301f61-142c-4d41-8e16-bbff80604df2,2009,8,Cả nước,National,Forestry,Cây nhân dân,,Area_Planted,137.0,million_trees,Estimated,PL6a
96b4488b-3861-4ba3-85c0-77b6ff8f3f1d,2009,8,Cả nước,National,Forestry,Cây nhân dân,,Area_Planted,200.0,million_trees,Plan,PL6a
14db2274-0359-46f6-9a24-79209d874cc9,2009,8,Cả nước,National,Forestry,Rừng tái sinh,,Area,677.0,1000_ha,Estimated,PL6a
dbbbd124-6af6-427e-bbac-cc118eb96c51,2009,8,Cả nước,National,Forestry,Rừng tái sinh,,Area,506.0,1000_ha,Plan,PL6a
048b1604-66d1-4672-9d2e-b5b00ee0f3c2,2009,8,Cả nước,National,Forestry,Rừng bảo vệ,,Area,2125.2,1000_ha,Estimated,PL6a
79b15af2-546c-41b1-a9c0-de33d0886254,2009,8,Cả nước,National,Forestry,Rừng bảo vệ,,Area,1524.0,1000_ha,Plan,PL6a
1b6d246a-fc1e-4b6b-bb9c-ff9bdfa62c79,2009,8,Cả nước,National,Forestry,Gỗ,,Production,2352.0,1000_m3,Estimated,PL6a
7380b3a5-7afb-4ba2-ac3e-1185cbab9a76,2009,8,Cả nước,National,Forestry,Gỗ,,Production,4380.0,1000_m3,Plan,PL6a
5f326194-2151-4939-aa45-fcd117df5b3e,2009,8,Cả nước,National,Forestry,Rừng,,Area,174628.0,1000_ha,Estimated,PL6b
3cd59e25-fea9-44c4-8af8-0f40c30732bc,2009,8,Cả nước,National,Forestry,Rừng,,Area,27650.0,1000_ha,Plan,PL6b
ba79fcbb-e431-41a5-aa9f-382dfa11593f,2009,8,Cả nước,National,Forestry,Rừng,,Area,125815.0,1000_ha,Estimated,PL6b
bee41fc1-1d49-4b1a-9c38-58c0340cdfbf,2009,8,Cả nước,National,Forestry,Rừng,,Area,22146.0,1000_ha,Plan,PL6b
f358d887-f3cd-4065-b277-7db57e496a35,2009,8,Cả nước,National,Forestry,Rừng,,Area,2578.0,1000_ha,Estimated,PL6b
ae775ae3-2ee2-4197-8fe6-37778af35f4d,2009,8,Cả nước,National,Forestry,Rừng,,Area,1224.0,1000_ha,Plan,PL6b
a9ec37fe-a1ce-4349-9e78-5fba833ef75d,2009,8,Cả nước,National,Forestry,Rừng,,Area,500.0,1000_ha,Estimated,PL6b
806d4588-1c06-4d6f-bd5b-ce0083dcba1f,2009,8,Cả nước,National,Forestry,Rừng,,Area,300.0,1000_ha,Plan,PL6b
adc504a6-3dc3-4798-b6a2-f5af2f230a83,2009,8,Cả nước,National,Forestry,Rừng,,Area,50.0,1000_ha,Estimated,PL6b
509c7ca1-be89-482d-bad6-608f38091f2a,2009,8,Cả nước,National,Forestry,Rừng,,Area,140.0,1000_ha,Plan,PL6b
9b1f4c18-831b-449c-9d9c-5b1e510212dd,2009,8,Cả nước,National,Forestry,Rừng,,Area,30.0,1000_ha,Estimated,PL6b
872faa71-6fc6-4185-b40a-2f34f16d8e23,2009,8,Cả nước,National,Forestry,Rừng,,Area,15.0,1000_ha,Plan,PL6b
f64d14b2-47ed-4ca8-a489-a4b7fb85edd4,2009,8,Cả nước,National,Forestry,Rừng,,Area,1090.0,1000_ha,Estimated,PL6b
b43e60bb-7227-4228-abcf-0b470973c48d,2009,8,Cả nước,National,Forestry,Rừng,,Area,88.0,1000_ha,Estimated,PL6b
7f5c0b97-154c-4a70-8373-bd992c38593a,2009,8,Cả nước,National,Forestry,Rừng,,Area,26.0,1000_ha,Plan,PL6b
68ecf164-0ee8-442b-be74-12b7d0a9f794,2009,8,Cả nước,National,Forestry,Rừng,,Area,520.0,1000_ha,Estimated,PL6b
9bffd048-3048-4723-a8f1-694bd355f717,2009,8,Cả nước,National,Forestry,Rừng,,Area,100.0,1000_ha,Plan,PL6b
5d4b1959-ddd0-40b2-8c79-e860a1109100,2009,8,Cả nước,National,Forestry,Rừng,,Area,200.0,1000_ha,Estimated,PL6b
b26b4a02-4fc5-4547-a006-b54c0cd91a3a,2009,8,Cả nước,National,Forestry,Rừng,,Area,501.0,1000_ha,Plan,PL6b
411d7774-e6fd-4e34-9477-75ab1e801e3d,2009,8,Cả nước,National,Forestry,Rừng,,Area,100.0,1000_ha,Estimated,PL6b
8521be72-51e9-4513-96ff-3ee1b6d2bca5,2009,8,Cả nước,National,Forestry,Rừng,,Area,143.0,1000_ha,Plan,PL6b
b1856fc4-0a55-42b0-8a6c-dbbd9c47f67d,2009,8,Cả nước,National,Forestry,Rừng,,Area,86167.0,1000_ha,Estimated,PL6b
ab12cc7d-438b-4ae4-9075-bffb3c7ee17a,2009,8,Cả nước,National,Forestry,Rừng,,Area,13100.0,1000_ha,Plan,PL6b
765b7c15-7e50-44e9-9fab-3024cce01507,2009,8,Cả nước,National,Forestry,Rừng,,Area,20582.0,1000_ha,Estimated,PL6b
d1772397-830b-4ed7-9e63-ccf9f11407d2,2009,8,Cả nước,National,Forestry,Rừng,,Area,2000.0,1000_ha,Plan,PL6b
e5d4cb54-d035-4e79-b1e7-3506623008c9,2009,8,Cả nước,National,Forestry,Rừng,,Area,2230.0,1000_ha,Estimated,PL6b
b74da9a6-8edd-436a-9332-fe0af3c1b69f,2009,8,Cả nước,National,Forestry,Rừng,,Area,150.0,1000_ha,Plan,PL6b
14115ec2-f3c9-4211-ad08-1e3c665e255c,2009,8,Cả nước,National,Forestry,Rừng,,Area,1640.0,1000_ha,Estimated,PL6b
22040fdb-4d2c-4859-972d-9414074fa5ef,2009,8,Cả nước,National,Forestry,Rừng,,Area,184.0,1000_ha,Plan,PL6b
da3c3c62-2070-4d27-9528-878d7fcaa5a5,2009,8,Cả nước,National,Forestry,Rừng,,Area,4756.0,1000_ha,Estimated,PL6b
e68f1563-7780-4383-9117-38b327691d4c,2009,8,Cả nước,National,Forestry,Rừng,,Area,703.0,1000_ha,Plan,PL6b
7561ab06-0e02-49d0-b50b-c7f3c2aff8ef,2009,8,Cả nước,National,Forestry,Rừng,,Area,7608.0,1000_ha,Estimated,PL6b
32c95ded-f324-4263-82f4-869b2fc4e357,2009,8,Cả nước,National,Forestry,Rừng,,Area,2100.0,1000_ha,Plan,PL6b
493ef8bd-3691-40de-ae04-119018f47518,2009,8,Cả nước,National,Forestry,Rừng,,Area,1884.0,1000_ha,Estimated,PL6b
e1e5bdc7-f7ac-472b-afbf-812cbe2a4ac6,2009,8,Cả nước,National,Forestry,Rừng,,Area,1338.0,1000_ha,Plan,PL6b
96c7cdfb-fa94-472e-8ba8-fe47380a5c7a,2009,8,Cả nước,National,Forestry,Rừng,,Area,5820.0,1000_ha,Estimated,PL6b
aa1bbe4d-5308-4461-a1b1-2c38a433ffa3,2009,8,Cả nước,National,Forestry,Rừng,,Area,2240.0,1000_ha,Plan,PL6b
8d399367-777c-4799-b220-8013a041a1ce,2009,8,Cả nước,National,Forestry,Rừng,,Area,2116.0,1000_ha,Estimated,PL6b
cff31804-3d44-4c24-b981-46d5d3cf74e2,2009,8,Cả nước,National,Forestry,Rừng,,Area,1017.0,1000_ha,Plan,PL6b
00626380-5ebb-4061-8507-9263fc79aa21,2009,8,Cả nước,National,Forestry,Rừng,,Area,722.0,1000_ha,Estimated,PL6b
cc3e3509-50ca-425d-a04c-d2bdf9e82b49,2009,8,Cả nước,National,Forestry,Rừng,,Area,167.0,1000_ha,Plan,PL6b
f0fa48f8-1678-4761-951f-35290d8c1008,2009,8,Cả nước,National,Forestry,Rừng,,Area,2838.0,1000_ha,Estimated,PL6b
b36fd845-9970-4720-93c1-64309253a09d,2009,8,Cả nước,National,Forestry,Rừng,,Area,510.0,1000_ha,Plan,PL6b
33d59081-e5bc-405a-aeeb-3b5daabb6d7d,2009,8,Cả nước,National,Forestry,Rừng,,Area,35971.0,1000_ha,Estimated,PL6b
c4696ed1-86ad-479b-8b0c-2a49131b97b3,2009,8,Cả nước,National,Forestry,Rừng,,Area,2691.0,1000_ha,Plan,PL6b
2e00d107-9562-4bfc-8084-00adfe4c6c05,2009,8,Cả nước,National,Forestry,Rừng,,Area,19170.0,1000_ha,Estimated,PL6b
76e19958-c3cb-47a0-842a-245f9a51497e,2009,8,Cả nước,National,Forestry,Rừng,,Area,6203.0,1000_ha,Plan,PL6b
dc298846-2fba-4428-bcb5-04167eab6a0e,2009,8,Cả nước,National,Forestry,Rừng,,Area,942.0,1000_ha,Estimated,PL6b
eb910c95-4554-43d7-ba14-b0e654ea59d7,2009,8,Cả nước,National,Forestry,Rừng,,Area,2091.0,1000_ha,Plan,PL6b
a197f392-1711-4018-bf28-70af1749244d,2009,8,Cả nước,National,Forestry,Rừng,,Area,69265106.0,1000_ha,Estimated,PL6b
120101ca-1e88-4357-88d3-713a73832abd,2009,8,Cả nước,National,Forestry,Rừng,,Area,329.0,1000_ha,Plan,PL6b
cf4b6420-7665-44b9-93fe-dfca2ec4efbf,2009,8,Cả nước,National,Forestry,Rừng,,Area,8336.0,1000_ha,Estimated,PL6b
7e911199-cd13-4083-863d-451989f60c60,2009,8,Cả nước,National,Forestry,Rừng,,Area,2764.0,1000_ha,Plan,PL6b
8448f718-360e-44bb-ac71-a871781a4a59,2009,8,Cả nước,National,Forestry,Rừng,,Area,9200.0,1000_ha,Estimated,PL6b
dcea4c1a-7e81-43f6-b237-d1f2882f5859,2009,8,Cả nước,National,Forestry,Rừng,,Area,1019.0,1000_ha,Plan,PL6b
658521f0-72a8-4fdd-b333-ba16c49ab0b7,2009,8,Cả nước,National,Forestry,Rừng,,Area,17900.0,1000_ha,Estimated,PL6b
7f86c74b-aa08-4186-a158-f617ee0ebb21,2009,8,Cả nước,National,Forestry,Rừng,,Area,1619.0,1000_ha,Plan,PL6b
c6acd7dc-06e2-4ea3-94d5-399b822241aa,2009,8,Cả nước,National,Forestry,Rừng,,Area,250.0,1000_ha,Estimated,PL6b
517291fe-dd6f-4027-9c1b-d4906a8451e9,2009,8,Cả nước,National,Forestry,Rừng,,Area,1214.0,1000_ha,Plan,PL6b
d9cc65c6-bbd2-4981-86ee-45294f8310f7,2009,8,Cả nước,National,Forestry,Rừng,,Area,17600.0,1000_ha,Estimated,PL6b
087fc699-93a4-4a1e-8272-0bbc96fee09a,2009,8,Cả nước,National,Forestry,Rừng,,Area,355.0,1000_ha,Plan,PL6b
500bf0e7-ba31-49f4-9f75-fe14b952e1d4,2009,8,Cả nước,National,Forestry,Rừng,,Area,50.0,1000_ha,Estimated,PL6b
d9feab37-d6b4-4f01-a2d1-869193bc6864,2009,8,Cả nước,National,Forestry,Rừng,,Area,50.0,1000_ha,Plan,PL6b
4a7545d4-fb05-40eb-8a9d-e71ee435dd86,2009,8,Cả nước,National,Forestry,Rừng,,Area,37433.0,1000_ha,Estimated,PL6b
e31a4705-37a4-4969-8c7e-5d1080d169b5,2009,8,Cả nước,National,Forestry,Rừng,,Area,3054.0,1000_ha,Plan,PL6b
2acaeae0-ee7c-48c4-9444-7afcf9879fc9,2009,8,Cả nước,National,Forestry,Rừng,,Area,27546.0,1000_ha,Estimated,PL6b
74c0c709-9713-4d07-ac51-1ebfd96de483,2009,8,Cả nước,National,Forestry,Rừng,,Area,0.0,1000_ha,Plan,PL6b
5f8573d3-dd7b-4bc6-9929-6035a3d36e50,2009,8,Cả nước,National,Forestry,Rừng,,Area,169.0,1000_ha,Estimated,PL6b
795d716d-6357-4531-97d6-c0a8367c2361,2009,8,Cả nước,National,Forestry,Rừng,,Area,1632.0,1000_ha,Estimated,PL6b
8179810d-22e9-46e9-86ce-ac115f2af9cf,2009,8,Cả nước,National,Forestry,Rừng,,Area,5110.0,1000_ha,Estimated,PL6b
267a8b48-6271-4931-8958-6d95f7443170,2009,8,Cả nước,National,Forestry,Rừng,,Area,10405.0,1000_ha,Estimated,PL6b
59b31013-ad5a-4bdc-a4d6-b04dc87f894d,2009,8,Cả nước,National,Forestry,Rừng,,Area,9435.0,1000_ha,Estimated,PL6b
cd93a7ab-64b6-4431-bdf4-2d655aeb06c1,2009,1,Cả nước,National,Trade,"1. Nông sản chính,trong đó:",Xuất khẩu,Export_Value,621.0,million_USD,Actual,PL8
2adec1c4-e7d2-4a77-9215-3da608b3890c,2009,1,Cả nước,National,Trade,Cà phê,Xuất khẩu,Export_Volume,53.0,1000_ton,Actual,PL8
eddee244-6fde-483a-bca2-37c7d7574b56,2009,1,Cả nước,National,Trade,Cà phê,Xuất khẩu,Export_Value,76.0,million_USD,Actual,PL8
f60cb691-2ae5-4002-a104-38ae78c0ba59,2009,1,Cả nước,National,Trade,Cao su,Xuất khẩu,Export_Volume,82.0,1000_ton,Actual,PL8
2c69165b-f505-4d9d-bead-c5abc2e9c087,2009,1,Cả nước,National,Trade,Cao su,Xuất khẩu,Export_Value,122.0,million_USD,Actual,PL8
59bd67b7-2b0e-4b3b-9ca2-e8e49b358c96,2009,1,Cả nước,National,Trade,Gạo,Xuất khẩu,Export_Volume,489.0,1000_ton,Actual,PL8
84c7c9dc-b501-4a3f-9006-c8ea2ffc556d,2009,1,Cả nước,National,Trade,Gạo,Xuất khẩu,Export_Value,201.0,million_USD,Actual,PL8
27f9bd15-19ec-439a-886f-0a6491598c64,2009,1,Cả nước,National,Trade,Chè,Xuất khẩu,Export_Volume,16.0,1000_ton,Actual,PL8
d1235eeb-9d64-434a-a50f-049e6246b6d4,2009,1,Cả nước,National,Trade,Chè,Xuất khẩu,Export_Value,22.0,million_USD,Actual,PL8
1f4a817c-fa97-4dc1-a4a5-c397a7bb2482,2009,1,Cả nước,National,Trade,Hạt điều,Xuất khẩu,Export_Volume,20.0,1000_ton,Actual,PL8
688672ad-b5a5-4102-9333-a8d26d099ad7,2009,1,Cả nước,National,Trade,Hạt điều,Xuất khẩu,Export_Value,96.0,million_USD,Actual,PL8
606719be-dd19-41fe-bbc1-65a15eb364d2,2009,1,Cả nước,National,Trade,Hạt tiêu,Xuất khẩu,Export_Volume,14.0,1000_ton,Actual,PL8
fd3d173d-80ea-48b2-afaa-2847fb9e20c5,2009,1,Cả nước,National,Trade,Hạt tiêu,Xuất khẩu,Export_Value,35.0,million_USD,Actual,PL8
4605b0d0-37b4-4546-87ea-0d98c918af05,2009,1,Cả nước,National,Trade,Hàng rau quả,Xuất khẩu,Export_Value,35.0,million_USD,Actual,PL8
296f4f76-12a3-49d0-9ae5-479f42d24592,2009,1,Cả nước,National,Trade,Sắn và sản phẩm từ sắn,Xuất khẩu,Export_Volume,182.0,1000_ton,Actual,PL8
e119ae33-9abb-4a9e-b06e-a31e05827524,2009,1,Cả nước,National,Trade,Sắn và sản phẩm từ sắn,Xuất khẩu,Export_Value,35.0,million_USD,Actual,PL8
8101844d-57f7-435c-a9c3-2a14f1db0232,2009,1,Cả nước,National,Trade,2. Thuỷ sản,Xuất khẩu,Export_Value,433.0,million_USD,Actual,PL8
a32d58e9-1f44-4fc9-bae7-2d61e0def4af,2009,1,Cả nước,National,Trade,"3. Lâm sản chính,trong đó:Quế9.9",Xuất khẩu,Export_Value,225.0,million_USD,Actual,PL8
53b67f17-37d6-4138-b6a1-b7e1eefca889,2009,1,Cả nước,National,Trade,Quế,Xuất khẩu,Export_Value,1.0,million_USD,Actual,PL8
84e13a19-8d6d-469e-ac36-904a1e005577,2009,1,Cả nước,National,Trade,Gỗ & sản phẩm gỗ,Xuất khẩu,Export_Value,209.0,million_USD,Actual,PL8
7e7162ff-4db5-4dc9-8540-7ef3d6e1c2ec,2009,1,Cả nước,National,Trade,"SP mây, tre, cói, thảm",Xuất khẩu,Export_Value,15.0,million_USD,Actual,PL8
3944f0fe-ff84-4861-b7f5-215b6e9879de,2009,1,Cả nước,National,Trade,Các mặt hàng nông lâm sản khác,Xuất khẩu,Export_Value,15.0,million_USD,Actual,PL8
dfc252c6-160d-4d47-b26e-912bbd427aff,2009,1,Cả nước,National,Trade,Các mặt hàng nhập khẩu chính,Xuất khẩu,Export_Value,676.0,million_USD,Actual,PL8
203ebed8-4f51-4c3a-92d3-8cd95c16ab3a,2009,1,Cả nước,National,Trade,Phân bón các loại,Xuất khẩu,Export_Volume,246.0,1000_ton,Actual,PL8
017ec44a-345e-487d-b41e-640e5892e4b2,2009,1,Cả nước,National,Trade,Phân bón các loại,Xuất khẩu,Export_Value,85.0,million_USD,Actual,PL8
71d414bf-9980-484a-9f6b-db03ee3e7290,2009,1,Cả nước,National,Trade,- U RE,Xuất khẩu,Export_Volume,72.0,1000_ton,Actual,PL8
52c30d5d-074f-4681-b6d1-30e28696e3b8,2009,1,Cả nước,National,Trade,- U RE,Xuất khẩu,Export_Value,20.0,million_USD,Actual,PL8
45eb94e4-d78a-4476-8f9a-a6d1b1bfd4c0,2009,1,Cả nước,National,Trade,- S A,Xuất khẩu,Export_Volume,46.0,1000_ton,Actual,PL8
c1a9e694-5ffe-456d-8dca-d492324e3569,2009,1,Cả nước,National,Trade,- S A,Xuất khẩu,Export_Value,6.0,million_USD,Actual,PL8
bdec155b-b690-40d9-a302-1e90de9f93bd,2009,1,Cả nước,National,Trade,- D A P,Xuất khẩu,Export_Volume,67.0,1000_ton,Actual,PL8
4f2264e3-d3ef-47b6-a8ea-c452bda9f699,2009,1,Cả nước,National,Trade,- D A P,Xuất khẩu,Export_Value,24.0,million_USD,Actual,PL8
993f1228-7cd5-4e40-85d1-e302b9ce3c38,2009,1,Cả nước,National,Trade,- N P K,Xuất khẩu,Export_Volume,10.0,1000_ton,Actual,PL8
d5029acd-091f-4c73-a08f-ef834841fe58,2009,1,Cả nước,National,Trade,- N P K,Xuất khẩu,Export_Value,4.0,million_USD,Actual,PL8
211d3951-ef2d-49b9-9ad9-00fe832f9056,2009,1,Cả nước,National,Trade,- Các loại phân bón khác,Xuất khẩu,Export_Volume,52.0,1000_ton,Actual,PL8
46b14fc9-8c89-4fe6-bf80-d8205b665334,2009,1,Cả nước,National,Trade,- Các loại phân bón khác,Xuất khẩu,Export_Value,32.0,million_USD,Actual,PL8
fcec0078-f189-4aa4-ae9a-d9ccf7e05a57,2009,1,Cả nước,National,Trade,Thuốc trừ sâu & nguyên liệu,Xuất khẩu,Export_Value,43.0,million_USD,Actual,PL8
832e76c0-be82-4a71-a113-d23518dbcc9e,2009,1,Cả nước,National,Trade,Lúa mỳ,Xuất khẩu,Export_Volume,104.0,1000_ton,Actual,PL8
54892bc6-c4f4-4667-bc8c-18d72964e497,2009,1,Cả nước,National,Trade,Lúa mỳ,Xuất khẩu,Export_Value,27.0,million_USD,Actual,PL8
4a5be67d-62f3-4096-aa7e-f30f29dde88a,2009,1,Cả nước,National,Trade,Thức ăn gia súc và nguyên liệu,Xuất khẩu,Export_Value,244.0,million_USD,Actual,PL8
733c3649-84d1-4e0d-9590-5d6ee15a67e6,2009,1,Cả nước,National,Trade,"Dầu mỡ động, thực vật",Xuất khẩu,Export_Value,57.0,million_USD,Actual,PL8
b724d0be-9793-4e61-bda6-e6f1e303a3c3,2009,1,Cả nước,National,Trade,Cao su,Xuất khẩu,Export_Volume,28.0,1000_ton,Actual,PL8
73693952-0140-4c7d-9e0c-b6e49fb2779c,2009,1,Cả nước,National,Trade,Cao su,Xuất khẩu,Export_Value,35.0,million_USD,Actual,PL8
994966a9-b43e-4931-9c43-7633a84d94e4,2009,1,Cả nước,National,Trade,Bông các loại,Xuất khẩu,Export_Volume,39.0,1000_ton,Actual,PL8
e36d48a2-cec1-44e3-82c0-20b88e799149,2009,1,Cả nước,National,Trade,Bông các loại,Xuất khẩu,Export_Value,46.0,million_USD,Actual,PL8
83713584-9b11-42e5-bfa9-9032780426cb,2009,1,Cả nước,National,Trade,Sữa &sản phẩm sữa,Xuất khẩu,Export_Value,40.0,million_USD,Actual,PL8
3953c51f-e5cd-467b-ac42-e6598e6bbd33,2009,1,Cả nước,National,Trade,Gỗ & sản phẩm gỗ,Xuất khẩu,Export_Value,94.0,million_USD,Actual,PL8
12b8b97d-6375-4f9c-80a3-a9ddbeb799a6,2009,1,Cả nước,National,Trade,Muối,Xuất khẩu,Export_Value,4.3,million_USD,Actual,PL8
b6a772b0-3ef1-41e9-949a-6d5724953965,2009,1,Cả nước,National,Trade,1,Xuất khẩu,Export_Volume,80784.0,1000_ton,Actual,PL8a
6601fdc6-ddeb-4206-9a32-b29a24931ef9,2009,1,Cả nước,National,Trade,1,Xuất khẩu,Export_Value,114595.0,million_USD,Actual,PL8a
3bc9e6ca-ddc1-4561-9ea6-51bd76efe0f2,2009,1,Cả nước,National,Trade,2,Xuất khẩu,Export_Volume,182471.0,1000_ton,Actual,PL8a
4137324f-0610-4673-8460-c247d343461a,2009,1,Cả nước,National,Trade,2,Xuất khẩu,Export_Value,85284.0,million_USD,Actual,PL8a
b14f02a3-077d-4d7b-aab1-1b37240d52dd,2009,1,Cả nước,National,Trade,3,Xuất khẩu,Export_Volume,139761.0,1000_ton,Actual,PL8a
d9e5e824-0494-4715-8880-294426bad848,2009,1,Cả nước,National,Trade,3,Xuất khẩu,Export_Value,84056.0,million_USD,Actual,PL8a
a14acc72-ff91-4301-8ac4-21daa85b7a45,2009,1,Cả nước,National,Trade,4,Xuất khẩu,Export_Volume,108549.0,1000_ton,Actual,PL8a
87ab18fc-bc6c-4ab1-8b99-a381f7105383,2009,1,Cả nước,National,Trade,4,Xuất khẩu,Export_Value,73584.0,million_USD,Actual,PL8a
6959ec95-787d-4055-9dc9-7c9a59c90c42,2009,1,Cả nước,National,Trade,5,Xuất khẩu,Export_Volume,106825.0,1000_ton,Actual,PL8a
1af6fa3b-ca39-46e1-a3a8-b7b42fc4e7c2,2009,1,Cả nước,National,Trade,5,Xuất khẩu,Export_Value,49575.0,million_USD,Actual,PL8a
8c086d0b-2e17-485d-99c4-0c334489b223,2009,1,Cả nước,National,Trade,6,Xuất khẩu,Export_Volume,86778.0,1000_ton,Actual,PL8a
1e539bca-cc29-4963-8d37-01379658110a,2009,1,Cả nước,National,Trade,6,Xuất khẩu,Export_Value,42143.0,million_USD,Actual,PL8a
62df34e2-b926-4534-ba8d-24e4fabef31a,2009,1,Cả nước,National,Trade,7,Xuất khẩu,Export_Volume,20458.0,1000_ton,Actual,PL8a
cf3658c0-0232-43ec-9212-583966fe803c,2009,1,Cả nước,National,Trade,7,Xuất khẩu,Export_Value,29215.0,million_USD,Actual,PL8a
00e853ff-4692-45fa-8951-d908c3fdfdb9,2009,1,Cả nước,National,Trade,8,Xuất khẩu,Export_Volume,33006.0,1000_ton,Actual,PL8a
790871df-9d3b-4b0e-9bf4-3c9fed5a8f00,2009,1,Cả nước,National,Trade,8,Xuất khẩu,Export_Value,20342.0,million_USD,Actual,PL8a
e75159d0-2e74-402f-a622-21fa0b82fd52,2009,1,Cả nước,National,Trade,9,Xuất khẩu,Export_Volume,54728.0,1000_ton,Actual,PL8a
a8e69855-4dbe-42ca-8f69-4780ff0a6518,2009,1,Cả nước,National,Trade,9,Xuất khẩu,Export_Value,19482.0,million_USD,Actual,PL8a
2ee22fb7-dea4-441a-9223-e1fe5aa209f9,2009,1,Cả nước,National,Trade,10,Xuất khẩu,Export_Volume,49861.0,1000_ton,Actual,PL8a
00935315-21ae-46e4-88bc-c8c60a889378,2009,1,Cả nước,National,Trade,10,Xuất khẩu,Export_Value,17495.0,million_USD,Actual,PL8a
8cd97516-a285-4e90-9e9c-a6365695cb18,2009,1,Cả nước,National,Trade,1,Xuất khẩu,Export_Volume,542460.0,1000_ton,Actual,PL8a
fe0adf73-6b11-4bc5-a23e-c188354a406d,2009,1,Cả nước,National,Trade,1,Xuất khẩu,Export_Value,229125.0,million_USD,Actual,PL8a
00851bf7-0bfa-4b6b-9f99-e02968db347c,2009,1,Cả nước,National,Trade,2,Xuất khẩu,Export_Volume,18102.0,1000_ton,Actual,PL8a
85781ed1-99e0-407e-ac97-d0ab246a313d,2009,1,Cả nước,National,Trade,2,Xuất khẩu,Export_Value,14839.0,million_USD,Actual,PL8a
04e185a2-06ff-4fb5-a3dc-5817a7b60f3d,2009,1,Cả nước,National,Trade,3,Xuất khẩu,Export_Volume,36962.0,1000_ton,Actual,PL8a
63d33e65-afef-4ec6-8e19-fb21d6c61c32,2009,1,Cả nước,National,Trade,3,Xuất khẩu,Export_Value,15657.0,million_USD,Actual,PL8a
89682fa6-f709-479b-a108-86f7a101f57c,2009,1,Cả nước,National,Trade,4,Xuất khẩu,Export_Volume,27614.0,1000_ton,Actual,PL8a
396925cb-d095-491a-8a13-2b466716eebd,2009,1,Cả nước,National,Trade,4,Xuất khẩu,Export_Value,11110.0,million_USD,Actual,PL8a
9c30450e-d00b-4a44-8b40-4f624e2e9186,2009,1,Cả nước,National,Trade,5,Xuất khẩu,Export_Volume,33778.0,1000_ton,Actual,PL8a
9336e313-c545-40c6-bcf2-347251e61b6b,2009,1,Cả nước,National,Trade,5,Xuất khẩu,Export_Value,8499.0,million_USD,Actual,PL8a
c2d886b9-05e2-4481-ab50-f83ace7d4109,2009,1,Cả nước,National,Trade,6,Xuất khẩu,Export_Volume,23108.0,1000_ton,Actual,PL8a
c7dde3b9-ceb2-472c-ad73-88429acdd1b4,2009,1,Cả nước,National,Trade,6,Xuất khẩu,Export_Value,5820.0,million_USD,Actual,PL8a
55a20d04-87d5-4724-96fe-a194a8ccca08,2009,1,Cả nước,National,Trade,7,Xuất khẩu,Export_Volume,13422.0,1000_ton,Actual,PL8a
78248599-e2b3-49e7-a124-383f2de9dfdc,2009,1,Cả nước,National,Trade,7,Xuất khẩu,Export_Value,6842.0,million_USD,Actual,PL8a
736ef47f-ec22-4156-bf7e-12f0a179972e,2009,1,Cả nước,National,Trade,8,Xuất khẩu,Export_Volume,20517.0,1000_ton,Actual,PL8a
af162fde-db33-43ae-8178-9d43adbb08ce,2009,1,Cả nước,National,Trade,8,Xuất khẩu,Export_Value,4562.0,million_USD,Actual,PL8a
dce0481a-216c-4083-9768-7bc35ed8aa81,2009,1,Cả nước,National,Trade,9,Xuất khẩu,Export_Volume,12480.0,1000_ton,Actual,PL8a
46da0f15-e9c5-49e8-9850-98f9fcdc9595,2009,1,Cả nước,National,Trade,9,Xuất khẩu,Export_Value,4709.0,million_USD,Actual,PL8a
7eb7a6c9-1239-4707-8aef-3e7d20a679f1,2009,1,Cả nước,National,Trade,10,Xuất khẩu,Export_Volume,3877.0,1000_ton,Actual,PL8a
eecb9e3b-c9b5-4273-a2f3-889bdab1a747,2009,1,Cả nước,National,Trade,10,Xuất khẩu,Export_Value,3759.0,million_USD,Actual,PL8a
66b062c9-f8db-4cfa-a74b-32801ba0c0ab,2009,1,Cả nước,National,Trade,1,Xuất khẩu,Export_Volume,19153.0,1000_ton,Actual,PL8a
9d68374a-2398-4557-808f-e7c92860c5cd,2009,1,Cả nước,National,Trade,1,Xuất khẩu,Export_Value,16713.0,million_USD,Actual,PL8a
24111d6d-e604-4e64-8cc2-c826a8f0ff55,2009,1,Cả nước,National,Trade,2,Xuất khẩu,Export_Volume,8683.0,1000_ton,Actual,PL8a
9ec9c3df-7a9f-41d3-bea0-316f70b486ad,2009,1,Cả nước,National,Trade,2,Xuất khẩu,Export_Value,10845.0,million_USD,Actual,PL8a
92288125-bff3-4545-997f-1ee8581a5556,2009,1,Cả nước,National,Trade,3,Xuất khẩu,Export_Volume,12684.0,1000_ton,Actual,PL8a
a352083c-d596-4180-9687-c416d7b402b1,2009,1,Cả nước,National,Trade,3,Xuất khẩu,Export_Value,10718.0,million_USD,Actual,PL8a
c37536b2-2643-498b-abe6-87e219e40180,2009,1,Cả nước,National,Trade,4,Xuất khẩu,Export_Volume,3854.0,1000_ton,Actual,PL8a
82b8df1e-a8da-40cb-9b09-01b61f72db5a,2009,1,Cả nước,National,Trade,4,Xuất khẩu,Export_Value,4222.0,million_USD,Actual,PL8a
f30919a2-3a55-4a0d-b61a-7931ea0cc2b8,2009,1,Cả nước,National,Trade,5,Xuất khẩu,Export_Volume,1682.0,1000_ton,Actual,PL8a
3c6b4630-e2ef-45ac-96a6-e49103757ac8,2009,1,Cả nước,National,Trade,5,Xuất khẩu,Export_Value,3820.0,million_USD,Actual,PL8a
83fb29b7-a6ea-4f3f-83d7-9c8d66031805,2009,1,Cả nước,National,Trade,6,Xuất khẩu,Export_Volume,1506.0,1000_ton,Actual,PL8a
117f7175-4842-452f-bf5a-f8fa7d73f729,2009,1,Cả nước,National,Trade,6,Xuất khẩu,Export_Value,2744.0,million_USD,Actual,PL8a
164d43fd-deff-456f-aab0-6694548c9411,2009,1,Cả nước,National,Trade,7,Xuất khẩu,Export_Volume,1632.0,1000_ton,Actual,PL8a
627442d8-00e1-4051-9242-79da37f79899,2009,1,Cả nước,National,Trade,7,Xuất khẩu,Export_Value,2565.0,million_USD,Actual,PL8a
f0361f05-fbfa-42b9-9660-9d2ad48653ef,2009,1,Cả nước,National,Trade,8,Xuất khẩu,Export_Volume,1910.0,1000_ton,Actual,PL8a
bd81713e-3a71-420e-9635-7252daa5e854,2009,1,Cả nước,National,Trade,8,Xuất khẩu,Export_Value,1168.0,million_USD,Actual,PL8a
63ea92a8-1bd5-4576-bbda-4021f00e7c5c,2009,1,Cả nước,National,Trade,9,Xuất khẩu,Export_Volume,1468.0,1000_ton,Actual,PL8a
6932ad31-21e1-486f-bf7b-0e4db56d8d9a,2009,1,Cả nước,National,Trade,9,Xuất khẩu,Export_Value,806.0,million_USD,Actual,PL8a
32a4980f-006b-4f81-80be-7bb46895585d,2009,1,Cả nước,National,Trade,10,Xuất khẩu,Export_Volume,1449.0,1000_ton,Actual,PL8a
cd70abe0-0b78-4cc2-8ab2-831844c9fbfc,2009,1,Cả nước,National,Trade,10,Xuất khẩu,Export_Value,197.0,million_USD,Actual,PL8a
2b800b18-8b8d-4229-a284-6029e3545c7d,2009,1,Cả nước,National,Trade,1,Xuất khẩu,Export_Volume,882902.0,1000_ton,Actual,PL8a
af3b58dc-d45a-42f4-88f7-1fca08073ee4,2009,1,Cả nước,National,Trade,1,Xuất khẩu,Export_Value,1573076.0,million_USD,Actual,PL8a
13d05b91-29a9-4d70-b144-2c7ee216239b,2009,1,Cả nước,National,Trade,2,Xuất khẩu,Export_Volume,166814.0,1000_ton,Actual,PL8a
d27768f0-8a53-4eb2-b132-3428d622cd5c,2009,1,Cả nước,National,Trade,2,Xuất khẩu,Export_Value,410146.0,million_USD,Actual,PL8a
898e6177-1cf0-4b0d-be5d-6523993c1665,2009,1,Cả nước,National,Trade,3,Xuất khẩu,Export_Volume,388583.0,1000_ton,Actual,PL8a
6d8092f2-c1c9-4aae-9a96-6d48d8700e04,2009,1,Cả nước,National,Trade,3,Xuất khẩu,Export_Value,352325.0,million_USD,Actual,PL8a
6bfdf4f0-7550-4d9f-9711-4d13313bedd8,2009,1,Cả nước,National,Trade,4,Xuất khẩu,Export_Volume,13271.0,1000_ton,Actual,PL8a
b81d7f72-f054-45c0-a283-ca71bd8294ad,2009,1,Cả nước,National,Trade,4,Xuất khẩu,Export_Value,190368.0,million_USD,Actual,PL8a
4d709c45-fec3-4596-a99a-d8136405b991,2009,1,Cả nước,National,Trade,5,Xuất khẩu,Export_Volume,69345.0,1000_ton,Actual,PL8a
aae2491c-9d59-4f5f-b444-a8f4f02b89cc,2009,1,Cả nước,National,Trade,5,Xuất khẩu,Export_Value,168000.0,million_USD,Actual,PL8a
cf665602-9035-4a33-a161-7cbd0a830c16,2009,1,Cả nước,National,Trade,1,Xuất khẩu,Export_Volume,86777.0,1000_ton,Actual,PL8b
acbb5e74-3da2-4b9c-b642-98aaab4c045b,2009,1,Cả nước,National,Trade,1,Xuất khẩu,Export_Value,87079.0,million_USD,Actual,PL8b
98a92d63-f8f6-4a1a-a3ad-f832e9316059,2009,1,Cả nước,National,Trade,2,Xuất khẩu,Export_Volume,76117.0,1000_ton,Actual,PL8b
48601895-2876-4286-bac9-e20822c5f61c,2009,1,Cả nước,National,Trade,2,Xuất khẩu,Export_Value,9338.0,million_USD,Actual,PL8b
526804c8-d11e-4846-ba55-4479fc6c7c53,2009,1,Cả nước,National,Trade,3,Xuất khẩu,Export_Volume,5063.0,1000_ton,Actual,PL8b
5c11b917-02b0-4abf-bdd5-6f80bbe01583,2009,1,Cả nước,National,Trade,3,Xuất khẩu,Export_Value,5938.0,million_USD,Actual,PL8b
62da0675-e61e-4f2c-9e92-adf0e7b8fc5a,2009,1,Cả nước,National,Trade,4,Xuất khẩu,Export_Volume,3507.0,1000_ton,Actual,PL8b
0a85fa70-04cb-4e01-88bc-5c3cf18241d7,2009,1,Cả nước,National,Trade,4,Xuất khẩu,Export_Value,2506.0,million_USD,Actual,PL8b
5051028a-632e-4ed7-8a8c-5328c9cc8718,2009,1,Cả nước,National,Trade,5,Xuất khẩu,Export_Volume,1010.0,1000_ton,Actual,PL8b
be1febc8-d1b4-4fb6-bb47-ebae67f03988,2009,1,Cả nước,National,Trade,5,Xuất khẩu,Export_Value,1229.0,million_USD,Actual,PL8b
57f9527f-b836-44ed-95d8-b8e617a05e55,2009,1,Cả nước,National,Trade,6,Xuất khẩu,Export_Volume,8878.0,1000_ton,Actual,PL8b
669422e6-9c2d-46a3-881c-091f50105981,2009,1,Cả nước,National,Trade,6,Xuất khẩu,Export_Value,1219.0,million_USD,Actual,PL8b
ba60be07-1159-4a8b-97b1-66461b0002c3,2009,1,Cả nước,National,Trade,7,Xuất khẩu,Export_Volume,6199.0,1000_ton,Actual,PL8b
9de57688-50db-4d3f-8096-0cd9f51c4c2f,2009,1,Cả nước,National,Trade,7,Xuất khẩu,Export_Value,624.0,million_USD,Actual,PL8b
3f30e938-949f-40fc-acce-f4a1798a161d,2009,1,Cả nước,National,Trade,8,Xuất khẩu,Export_Volume,1483.0,1000_ton,Actual,PL8b
82623c89-5647-4ab3-a462-6ea68d5999ab,2009,1,Cả nước,National,Trade,8,Xuất khẩu,Export_Value,947.0,million_USD,Actual,PL8b
f1ba9a7c-d886-471b-822e-571dc321db92,2009,1,Cả nước,National,Trade,9,Xuất khẩu,Export_Volume,1848.0,1000_ton,Actual,PL8b
44b05de8-967a-476d-aba7-171a5bb72af0,2009,1,Cả nước,National,Trade,9,Xuất khẩu,Export_Value,373.0,million_USD,Actual,PL8b
8983172b-0011-4b43-87c1-c2839a7e19dd,2009,1,Cả nước,National,Trade,10,Xuất khẩu,Export_Volume,6248.0,1000_ton,Actual,PL8b
3a1e1556-b2ab-434a-b2f6-7c7e09e4ef43,2009,1,Cả nước,National,Trade,10,Xuất khẩu,Export_Value,97.0,million_USD,Actual,PL8b
e451636a-e722-4d59-bf0d-48c4e433b2e0,2009,1,Cả nước,National,Trade,1,Xuất khẩu,Export_Volume,62311.0,1000_ton,Actual,PL8b
3ca2af73-7014-4357-a628-fd559eb716f1,2009,1,Cả nước,National,Trade,1,Xuất khẩu,Export_Value,35937.0,million_USD,Actual,PL8b
b0ab1a18-5fcf-44df-bc8f-0ceca8e8dcac,2009,1,Cả nước,National,Trade,2,Xuất khẩu,Export_Volume,50912.0,1000_ton,Actual,PL8b
fbc5f468-8430-4465-9b10-b9a73a8971f8,2009,1,Cả nước,National,Trade,2,Xuất khẩu,Export_Value,25570.0,million_USD,Actual,PL8b
819e3a94-3e11-4ae0-bb5a-a24cbcfb35ce,2009,1,Cả nước,National,Trade,3,Xuất khẩu,Export_Volume,44827.0,1000_ton,Actual,PL8b
4f5dccda-2690-4fb7-9ae6-6fe217314639,2009,1,Cả nước,National,Trade,3,Xuất khẩu,Export_Value,23068.0,million_USD,Actual,PL8b
6455221b-b5cd-4667-ba63-439822635cab,2009,1,Cả nước,National,Trade,4,Xuất khẩu,Export_Volume,44786.0,1000_ton,Actual,PL8b
05103595-c1f7-4dfa-82a0-e61816040b20,2009,1,Cả nước,National,Trade,4,Xuất khẩu,Export_Value,10939.0,million_USD,Actual,PL8b
eae596cd-a33d-4a07-93e3-d99222e54105,2009,1,Cả nước,National,Trade,5,Xuất khẩu,Export_Volume,9558.0,1000_ton,Actual,PL8b
94532dd8-bdac-4cce-97cc-efada37df711,2009,1,Cả nước,National,Trade,5,Xuất khẩu,Export_Value,12227.0,million_USD,Actual,PL8b
19b63da3-ce63-4ac3-b3e3-d46045c12ad5,2009,1,Cả nước,National,Trade,6,Xuất khẩu,Export_Volume,27059.0,1000_ton,Actual,PL8b
5196c03e-589c-4799-be87-8958e9512d22,2009,1,Cả nước,National,Trade,6,Xuất khẩu,Export_Value,7535.0,million_USD,Actual,PL8b
b817a9ca-c7ce-4cbb-8088-0e976c2eba6c,2009,1,Cả nước,National,Trade,7,Xuất khẩu,Export_Volume,8926.0,1000_ton,Actual,PL8b
a7322695-f0f0-4b94-b759-ffb42989ab36,2009,1,Cả nước,National,Trade,7,Xuất khẩu,Export_Value,4416.0,million_USD,Actual,PL8b
534a1c48-b045-47da-8070-62ca639b9165,2009,1,Cả nước,National,Trade,8,Xuất khẩu,Export_Volume,23270.0,1000_ton,Actual,PL8b
b6f25512-f099-43e3-ac20-7a1cc953f901,2009,1,Cả nước,National,Trade,8,Xuất khẩu,Export_Value,3592.0,million_USD,Actual,PL8b
55d445ed-726d-4345-b63e-27e771aef17c,2009,1,Cả nước,National,Trade,9,Xuất khẩu,Export_Volume,7987.0,1000_ton,Actual,PL8b
1ed57082-1891-47db-b16e-7ae0d2eb2f62,2009,1,Cả nước,National,Trade,9,Xuất khẩu,Export_Value,4867.0,million_USD,Actual,PL8b
7fae3e91-28ff-483c-81ab-48b014babd3b,2009,1,Cả nước,National,Trade,10,Xuất khẩu,Export_Volume,9532.0,1000_ton,Actual,PL8b
583cec67-243f-4ee8-8158-c1b862fb1bef,2009,1,Cả nước,National,Trade,10,Xuất khẩu,Export_Value,4734.0,million_USD,Actual,PL8b
56ea9086-08c8-4134-842c-c839e615650f,2009,1,Cả nước,National,Trade,1,Xuất khẩu,Export_Volume,166065.0,1000_ton,Actual,PL8b
6f5c8879-fcdc-4399-84fe-a651c1837618,2009,1,Cả nước,National,Trade,2,Xuất khẩu,Export_Volume,163433.0,1000_ton,Actual,PL8b
9daac3f5-7cb6-4ddc-acfe-7c1b467c3976,2009,1,Cả nước,National,Trade,3,Xuất khẩu,Export_Volume,23595.0,1000_ton,Actual,PL8b
6e5c74be-e27d-4c5e-9a1e-5b90f6adacd0,2009,1,Cả nước,National,Trade,4,Xuất khẩu,Export_Volume,30002.0,1000_ton,Actual,PL8b
bc5dbc86-bb3c-4d12-a8da-dd96a231c2f0,2009,1,Cả nước,National,Trade,5,Xuất khẩu,Export_Volume,1161.0,1000_ton,Actual,PL8b
692217c9-8b7a-494f-b673-2373c3b472c0,2009,1,Cả nước,National,Trade,6,Xuất khẩu,Export_Volume,3895.0,1000_ton,Actual,PL8b
6a0a84ad-ed60-44cb-a5e0-42f4bdb13ed8,2009,1,Cả nước,National,Trade,7,Xuất khẩu,Export_Volume,2378.0,1000_ton,Actual,PL8b
60e4912c-7661-4d30-8a71-85884c227ace,2009,1,Cả nước,National,Trade,8,Xuất khẩu,Export_Volume,2726.0,1000_ton,Actual,PL8b
1e6f6683-9a27-4cc4-9ae1-1966bc500690,2009,1,Cả nước,National,Trade,9,Xuất khẩu,Export_Volume,1507.0,1000_ton,Actual,PL8b
46895b6e-248a-4fde-a34f-62dc6ea3f2d9,2009,1,Cả nước,National,Trade,10,Xuất khẩu,Export_Volume,34280.0,1000_ton,Actual,PL8b
d8d2fbc9-3c2c-4063-adbf-0c21c90b492d,2009,1,Cả nước,National,Trade,1,Xuất khẩu,Export_Volume,110156.0,1000_ton,Actual,PL8b
435c96d1-f5ea-4daf-adc3-5202ec79b1da,2009,1,Cả nước,National,Trade,2,Xuất khẩu,Export_Volume,89472.0,1000_ton,Actual,PL8b
ebd679e5-de1b-4e34-83b5-35e6ddb420b3,2009,1,Cả nước,National,Trade,3,Xuất khẩu,Export_Volume,75342.0,1000_ton,Actual,PL8b
201e815e-968c-4276-90ac-83b9d0566f6b,2009,1,Cả nước,National,Trade,4,Xuất khẩu,Export_Volume,70974.0,1000_ton,Actual,PL8b
17fc9b9a-83e5-4d7d-8e73-45ef87a4f90a,2009,1,Cả nước,National,Trade,5,Xuất khẩu,Export_Volume,25180.0,1000_ton,Actual,PL8b
9bada854-4c59-4024-9417-196d5787c2e3,2009,1,Cả nước,National,Trade,6,Xuất khẩu,Export_Volume,36457.0,1000_ton,Actual,PL8b
759a9b2f-dd07-4162-931d-6d771ffb7501,2009,1,Cả nước,National,Trade,7,Xuất khẩu,Export_Volume,33937.0,1000_ton,Actual,PL8b
060a0a1b-af1e-45a0-90d1-baac093519de,2009,1,Cả nước,National,Trade,8,Xuất khẩu,Export_Volume,26854.0,1000_ton,Actual,PL8b
e1fa5d42-3e2f-4d63-ba3e-841329693741,2009,1,Cả nước,National,Trade,9,Xuất khẩu,Export_Volume,7607.0,1000_ton,Actual,PL8b
fa4bc654-cbe2-4098-a547-4c56272e2b98,2009,1,Cả nước,National,Trade,10,Xuất khẩu,Export_Volume,17820.0,1000_ton,Actual,PL8b
f66fccdd-e4c0-4eea-9253-e7dc3deb6b15,2009,1,Cả nước,National,Trade,1,Xuất khẩu,Export_Volume,133069.0,1000_ton,Actual,PL8b
b0577979-f4e6-4cd8-809a-52dfe28d0da3,2009,1,Cả nước,National,Trade,1,Xuất khẩu,Export_Value,646180.0,million_USD,Actual,PL8b
e246f89d-d3e9-40fa-83ca-2cfd96fe68d2,2009,1,Cả nước,National,Trade,2,Xuất khẩu,Export_Volume,2804.0,1000_ton,Actual,PL8b
13d1298c-8907-4ebd-9772-214e8fd2e77d,2009,1,Cả nước,National,Trade,2,Xuất khẩu,Export_Value,77758.0,million_USD,Actual,PL8b
480b7f02-4b25-457e-828a-62817b839cd3,2009,1,Cả nước,National,Trade,3,Xuất khẩu,Export_Volume,17255.0,1000_ton,Actual,PL8b
9408b3ba-c12b-4292-aed3-33730675f50a,2009,1,Cả nước,National,Trade,3,Xuất khẩu,Export_Value,10084.0,million_USD,Actual,PL8b
afc3777f-80c4-4c04-81b2-67cfe4b178e4,2009,8,Cả nước,National,Investment,Vốn thực hiện đầu tư,,Investment_Amount,2611500.0,million_VND,Plan,PL9
a797fb3d-32a5-45ab-b78f-42ca44aab8c7,2009,8,Cả nước,National,Investment,Vốn thực hiện đầu tư,,Investment_Amount,1929111.0,million_VND,Cumulative,PL9
52a0d491-24d9-4c2c-84f6-efef71f832f7,2009,8,Cả nước,National,Investment,Đầu tư Thuỷ lợi,,Investment_Amount,1483500.0,million_VND,Plan,PL9
e35fb1b2-aa56-418e-931b-5dda32c9b81a,2009,8,Cả nước,National,Investment,Đầu tư Thuỷ lợi,,Investment_Amount,1402409.0,million_VND,Cumulative,PL9
39ba2cf2-b1f2-485e-a3dd-760b0b03786d,2009,8,Cả nước,National,Investment,Đầu tư Nông nghiệp,,Investment_Amount,493000.0,million_VND,Plan,PL9
3cbd8366-d073-4cd4-a1db-acd9e4a18723,2009,8,Cả nước,National,Investment,Đầu tư Nông nghiệp,,Investment_Amount,274031.0,million_VND,Cumulative,PL9
7c86acf0-cc5e-4a8b-90b8-d1dce71571f6,2009,8,Cả nước,National,Investment,Đầu tư Lâm nghiệp,,Investment_Amount,230000.0,million_VND,Plan,PL9
b1d94f2e-b279-4aff-9ea2-e4586c9cfc13,2009,8,Cả nước,National,Investment,Đầu tư Lâm nghiệp,,Investment_Amount,77786.0,million_VND,Cumulative,PL9
78e2f3ed-36ee-4aee-a594-8c2a2429da52,2009,8,Cả nước,National,Investment,Đầu tư Thuỷ sản,,Investment_Amount,24000.0,million_VND,Plan,PL9
60d85d61-690b-4307-8895-908c21af95b7,2009,8,Cả nước,National,Investment,Đầu tư Thuỷ sản,,Investment_Amount,18000.0,million_VND,Cumulative,PL9
8273ec00-27b3-4655-9f9f-85e638511646,2009,8,Cả nước,National,Investment,Khoa học - Công nghệ,,Investment_Amount,230000.0,million_VND,Plan,PL9
ac5378c7-7b8b-4971-b22d-d517cdf3c4c1,2009,8,Cả nước,National,Investment,Khoa học - Công nghệ,,Investment_Amount,74643.0,million_VND,Cumulative,PL9
f49c4a8b-08c8-47cd-b73e-0a7576bf053f,2009,8,Cả nước,National,Investment,Giáo dục - Đào tạo,,Investment_Amount,90000.0,million_VND,Plan,PL9
46eb73d4-896d-4821-a468-4ec63f0b0ea1,2009,8,Cả nước,National,Investment,Giáo dục - Đào tạo,,Investment_Amount,49392.0,million_VND,Cumulative,PL9
0e566421-e2f9-491a-afbf-1ca5f13197a6,2009,8,Cả nước,National,Investment,Các ngành khác,,Investment_Amount,61000.0,million_VND,Plan,PL9
17408e20-467f-4dc7-95d0-1d1e45d18463,2009,8,Cả nước,National,Investment,Các ngành khác,,Investment_Amount,32850.0,million_VND,Cumulative,PL9
10151452-633d-470d-a48d-f6a44206195d,2009,8,Cả nước,National,Investment,Chương trình mục tiêu,,Investment_Amount,40263.0,million_VND,Plan,PL9
c33ba41c-8fc5-4985-a0df-048aa8ea268d,2009,8,Cả nước,National,Investment,Chương trình mục tiêu,,Investment_Amount,10500.0,million_VND,Cumulative,PL9
1cdf2505-bb66-4915-b072-8c39ee70b8be,2009,8,Cả nước,National,Investment,Vốn đầu tư theo các mụctiêu nhiệm vụ cụ thể,,Investment_Amount,208000.0,million_VND,Plan,PL9
cd8938ac-d13a-4fb9-ba5d-556d80c9b591,2009,8,Cả nước,National,Investment,Vốn đầu tư theo các mụctiêu nhiệm vụ cụ thể,,Investment_Amount,88444.0,million_VND,Cumulative,PL9
498efe91-dd87-4e78-ad8e-ff30429f42c8,2009,8,Cả nước,National,Investment,Bổ sung dự trữ Quốc gia,,Investment_Amount,65000.0,million_VND,Plan,PL9
8ffbf619-249e-489f-9533-4aeae319a3d4,2009,8,Cả nước,National,Investment,Bổ sung dự trữ Quốc gia,,Investment_Amount,65000.0,million_VND,Cumulative,PL9
62b95137-de37-4174-8a34-cdcb5c54c8a1,2009,8,Cả nước,National,Investment,Vốn chuẩn bị đầu tư,,Investment_Amount,30000.0,million_VND,Plan,PL9
4cf73fcb-ce92-413e-8a98-fe968903e8fc,2009,8,Cả nước,National,Investment,Vốn chuẩn bị đầu tư,,Investment_Amount,16350.0,million_VND,Cumulative,PL9
e7b6d858-5fcd-4571-b38b-3b918a0a40ad,2009,8,Cả nước,National,Investment,Vốn ứng trước cho cácdự án cấp bách,,Investment_Amount,1000000.0,million_VND,Plan,PL9
162039c1-325b-4b7f-a352-4f9a457aa142,2009,8,Cả nước,National,Investment,Vốn ứng trước cho cácdự án cấp bách,,Investment_Amount,395749.0,million_VND,Cumulative,PL9
c2d8eb65-f9dc-45a1-9dfb-2379436576ca,2009,8,Cả nước,National,Investment,Tổng vốn NS (A+B),,Investment_Amount,3954763.0,million_VND,Plan,PL9
f1d94ff3-e6a1-4538-93c4-d35a5c72d10f,2009,8,Cả nước,National,Investment,Tổng vốn NS (A+B),,Investment_Amount,2505154.0,million_VND,Cumulative,PL9
c79e91de-0e20-406d-b5f9-fbdfc045e2aa,2009,8,Cả nước,National,Investment,Vốn TPCP theo quyếtđịnh 171/2006/QĐ-TTg,,Investment_Amount,3250000.0,million_VND,Plan,PL9
ba653140-9f24-41a2-a3c9-39912232a20e,2009,8,Cả nước,National,Investment,Vốn TPCP theo quyếtđịnh 171/2006/QĐ-TTg,,Investment_Amount,1786245.0,million_VND,Cumulative,PL9
a17b7f72-a997-4a84-ac37-71b56c2ade4b,2009,8,Cả nước,National,Investment,Các dự án cấp bách bổ su,,Investment_Amount,200000.0,million_VND,Plan,PL9
1eefcd62-7995-4800-b219-6b0df5888742,2009,8,Cả nước,National,Investment,Các dự án cấp bách bổ su,,Investment_Amount,82305.0,million_VND,Cumulative,PL9
6935fd07-5205-4fa2-9885-22b4edb4d4ee,2009,8,Cả nước,National,Investment,Các dự án thuỷ lợiĐBSông Hồng,,Investment_Amount,400000.0,million_VND,Plan,PL9
91502c04-9a34-4296-bb18-c4d918192ddd,2009,8,Cả nước,National,Investment,Các dự án thuỷ lợiĐBSông Hồng,,Investment_Amount,65755.0,million_VND,Cumulative,PL9
7f8fa12f-a63b-4bc4-9054-4b2be886021c,2009,8,Cả nước,National,Investment,Tổng vốn TPCP (C+D+E,,Investment_Amount,1934305.0,million_VND,Cumulative,PL9
