record_id,year,month,location_name,geo_level,sector,commodity,sub_item,attribute,value,unit,data_type,appendix_number
44b04b0c-0204-433f-a2df-195baa37f4a2,2012,3,Cả Nước,Provincial,Cultivation,Lúa,Đông Xuân,Area_Planted,3067.5,1000_ha,Actual,PL1
f52f0993-0344-457c-8ea6-3b93ed481d73,2013,3,Cả Nước,Provincial,Cultivation,Lúa,Đông Xuân,Area_Planted,3103.4,1000_ha,Actual,PL1
1b19ab1b-03fe-462a-a187-ab94b901451d,2012,3,Miền Nam,Regional,Cultivation,Lúa,Đông Xuân,Area_Harvested,835.4,1000_ha,Actual,PL1
75d64a19-00b8-42b5-9965-6b03d699cc95,2013,3,Miền Nam,Regional,Cultivation,Lúa,Đông Xuân,Area_Harvested,1382.7,1000_ha,Actual,PL1
05bd3fd4-88ea-4eba-ab0b-5b3509df86c7,2012,3,Đbscl,Provincial,Cultivation,Lúa,Hè Thu,Area_Planted,214.2,1000_ha,Actual,PL1
2994d0fd-c533-43ab-aacb-0b10ae91142b,2013,3,Đbscl,Provincial,Cultivation,Lúa,Hè Thu,Area_Planted,357.0,1000_ha,Actual,PL1
266b1725-a605-440d-be93-87e0d8b39876,2012,3,Cả nước,National,Cultivation,Màu lương thực,,Area_Planted,535.7,1000_ha,Actual,PL1
67cec2e7-8c54-4626-b224-32057070b0f4,2013,3,Cả nước,National,Cultivation,Màu lương thực,,Area_Planted,549.0,1000_ha,Actual,PL1
9a402ec7-3ea1-4e3b-a471-5b69fb5bb69b,2012,3,Cả nước,National,Cultivation,Khoai lang,,Area_Planted,75.3,1000_ha,Actual,PL1
6ddb6b73-b45b-48d3-b344-b72007598c37,2013,3,Cả nước,National,Cultivation,Khoai lang,,Area_Planted,78.4,1000_ha,Actual,PL1
b140efc8-a135-48d8-a791-6580dec08208,2012,3,Cả nước,National,Cultivation,Sắn,,Area_Planted,120.2,1000_ha,Actual,PL1
0cde0cd8-f1b6-4510-bc56-b450522d787f,2013,3,Cả nước,National,Cultivation,Sắn,,Area_Planted,101.4,1000_ha,Actual,PL1
7cd627b8-da33-47c2-80c9-5368fbcfbfbf,2012,3,Cả nước,National,Cultivation,Cây công nghiệp ngắn ngày,,Area_Planted,388.1,1000_ha,Actual,PL1
93702652-b202-4709-adbc-d1e3b5e2b4f8,2013,3,Cả nước,National,Cultivation,Cây công nghiệp ngắn ngày,,Area_Planted,348.9,1000_ha,Actual,PL1
f5976323-6b2f-4d42-80f5-c1a86e3ff81c,2012,3,Cả nước,National,Cultivation,Lạc,,Area_Planted,151.7,1000_ha,Actual,PL1
601986ce-1cdf-4091-8501-70cbdd907290,2013,3,Cả nước,National,Cultivation,Lạc,,Area_Planted,151.5,1000_ha,Actual,PL1
82db7a17-5208-438f-b025-f79e38f9107a,2012,3,Cả nước,National,Cultivation,Mía,,Area_Planted,126.3,1000_ha,Actual,PL1
a6617afc-56f6-4124-af99-b5abd9aea9d8,2013,3,Cả nước,National,Cultivation,Mía,,Area_Planted,99.3,1000_ha,Actual,PL1
fae42df4-3d0a-418a-8a04-338aff37184a,2012,3,Cả nước,National,Cultivation,Rau đậu,,Area_Planted,427.6,1000_ha,Actual,PL1
ef90c042-7585-4d0c-b228-c0eb8c5f3d32,2013,3,Cả nước,National,Cultivation,Rau đậu,,Area_Planted,446.3,1000_ha,Actual,PL1
a35f60d1-0960-46bd-abe5-8d5bc93c3fa7,2013,3,Miền Bắc,Regional,Cultivation,Lúa,,Area_Planted,1119912.0,ha,Actual,PL2
9cc23fc1-cd75-4f06-9d31-d537feac80da,2013,3,Miền Bắc,Regional,Cultivation,Lúa,,Percentage,100.1,percent,Actual,PL2
7421554f-6515-4aad-a0f2-c76ba30003ed,2013,3,Miền Bắc,Regional,Cultivation,Lúa,,Area_Planted,401640.0,ha,Actual,PL2
fedb1245-ca37-4b46-af35-895a07976d65,2013,3,Miền Bắc,Regional,Cultivation,Ngô,,Area_Planted,287580.0,ha,Actual,PL2
1ff041ac-fa2a-4f45-86b8-0d7346086589,2013,3,Miền Bắc,Regional,Cultivation,Khoai lang,,Area_Planted,62337.0,ha,Actual,PL2
cf9934e5-4b3c-4a46-886e-433c5d5449de,2013,3,Miền Bắc,Regional,Cultivation,Sắn,,Area_Planted,44020.0,ha,Actual,PL2
91f85de3-53ce-4900-9c29-d11cfc28a200,2013,3,Miền Bắc,Regional,Cultivation,Lúa,,Area_Planted,7703.0,ha,Actual,PL2
2824ce93-40bb-4bb2-84d5-3c441f8db95e,2013,3,ĐB sông Hồng,Provincial,Cultivation,Lúa,,Area_Planted,555117.0,ha,Actual,PL2
68b36be2-32fa-40dd-ab58-d0c54aac2575,2013,3,ĐB sông Hồng,Provincial,Cultivation,Lúa,,Percentage,98.9,percent,Actual,PL2
6eab9ea4-8f6e-4577-ab21-c1c6b371bca6,2013,3,ĐB sông Hồng,Provincial,Cultivation,Lúa,,Area_Planted,96479.0,ha,Actual,PL2
13d348fb-e3fe-46b6-aa12-db6277f3463d,2013,3,ĐB sông Hồng,Provincial,Cultivation,Ngô,,Area_Planted,71720.0,ha,Actual,PL2
1736d10f-1c60-4471-98cb-efd27ef37767,2013,3,ĐB sông Hồng,Provincial,Cultivation,Khoai lang,,Area_Planted,19711.0,ha,Actual,PL2
17742272-bff3-4683-bf7a-13c13eb70d40,2013,3,ĐB sông Hồng,Provincial,Cultivation,Sắn,,Area_Planted,1867.0,ha,Actual,PL2
ea888cd7-7f0c-41d0-b928-6ca7471ca525,2013,3,ĐB sông Hồng,Provincial,Cultivation,Lúa,,Area_Planted,3181.0,ha,Actual,PL2
c658312c-9bef-4590-85c5-c6f5e522e41f,2013,3,Hà Nội,Provincial,Cultivation,Lúa,,Area_Planted,101110.0,ha,Actual,PL2
3878ef62-0e98-4c1d-8174-4839518bb658,2013,3,Hà Nội,Provincial,Cultivation,Lúa,,Percentage,100.8,percent,Actual,PL2
f3f9cfc8-2aa5-486c-9411-8439ef5d97d2,2013,3,Hà Nội,Provincial,Cultivation,Lúa,,Area_Planted,20573.0,ha,Actual,PL2
549b0023-7924-42d5-ab6d-72015b79b1c5,2013,3,Hà Nội,Provincial,Cultivation,Ngô,,Area_Planted,15890.0,ha,Actual,PL2
98086135-b550-4a9a-a902-e7d7197de59b,2013,3,Hà Nội,Provincial,Cultivation,Khoai lang,,Area_Planted,3990.0,ha,Actual,PL2
4b0f2a92-5ca6-48ee-b37e-b6004faf8794,2013,3,Hà Nội,Provincial,Cultivation,Sắn,,Area_Planted,356.0,ha,Actual,PL2
b2348d4f-948e-45eb-a2b9-b7552e89f02e,2013,3,Hà Nội,Provincial,Cultivation,Lúa,,Area_Planted,337.0,ha,Actual,PL2
7ef29cf6-6536-4438-b4f4-e226ecfd8d50,2013,3,Hải Phòng,Provincial,Cultivation,Lúa,,Area_Planted,38150.0,ha,Actual,PL2
a4eb1a55-0e98-4faf-9ee5-701c50b0c6e5,2013,3,Hải Phòng,Provincial,Cultivation,Lúa,,Percentage,100.0,percent,Actual,PL2
5d83dd11-317a-4321-a315-4080898438a8,2013,3,Hải Phòng,Provincial,Cultivation,Lúa,,Area_Planted,3100.0,ha,Actual,PL2
ed8ff0bb-e3e6-44b9-889e-5fff1e4a0738,2013,3,Hải Phòng,Provincial,Cultivation,Ngô,,Area_Planted,1800.0,ha,Actual,PL2
e84265e4-cae2-44aa-bf7c-1f4cbbb85b1f,2013,3,Hải Phòng,Provincial,Cultivation,Khoai lang,,Area_Planted,1300.0,ha,Actual,PL2
cfa2644f-d0fc-4176-9f19-6a2a503d7fed,2013,3,Vĩnh Phúc,Provincial,Cultivation,Lúa,,Area_Planted,31164.0,ha,Actual,PL2
19a853d2-e029-4bcf-8628-6f81f780d2c2,2013,3,Vĩnh Phúc,Provincial,Cultivation,Lúa,,Percentage,100.8,percent,Actual,PL2
9686c7fd-1521-4bf9-bf52-dbe9560e3e29,2013,3,Vĩnh Phúc,Provincial,Cultivation,Lúa,,Area_Planted,16921.0,ha,Actual,PL2
5d0b63d6-fa7d-429e-ba9b-e0cce41884d5,2013,3,Vĩnh Phúc,Provincial,Cultivation,Ngô,,Area_Planted,13619.0,ha,Actual,PL2
2b33778a-583e-4cb8-ba0b-1fc22a0ca746,2013,3,Vĩnh Phúc,Provincial,Cultivation,Khoai lang,,Area_Planted,1888.0,ha,Actual,PL2
b7135dcf-e9e6-4d10-9927-5637e7fb4be8,2013,3,Vĩnh Phúc,Provincial,Cultivation,Sắn,,Area_Planted,1414.0,ha,Actual,PL2
640ff550-728e-45e5-9294-48ff981eb08f,2013,3,Bắc Ninh,Provincial,Cultivation,Lúa,,Area_Planted,36363.0,ha,Actual,PL2
68e45b42-3a0b-4dd4-b5f9-e7e3c5687618,2013,3,Bắc Ninh,Provincial,Cultivation,Lúa,,Percentage,100.2,percent,Actual,PL2
0577992c-62f5-4113-9025-84d9b09b5d7f,2013,3,Bắc Ninh,Provincial,Cultivation,Lúa,,Area_Planted,6553.0,ha,Actual,PL2
e1544a37-1935-4e75-a9d9-e277b8313d66,2013,3,Bắc Ninh,Provincial,Cultivation,Ngô,,Area_Planted,3883.0,ha,Actual,PL2
472a378e-c865-4492-bf90-23b54bf9b6ad,2013,3,Bắc Ninh,Provincial,Cultivation,Khoai lang,,Area_Planted,519.0,ha,Actual,PL2
d2804b8e-898b-458f-8958-1e2dc92fded0,2013,3,Bắc Ninh,Provincial,Cultivation,Lúa,,Area_Planted,2151.0,ha,Actual,PL2
785413f6-ab24-4512-99ac-ff5f67062aef,2013,3,Hải Dương,Provincial,Cultivation,Lúa,,Area_Planted,63377.0,ha,Actual,PL2
f3976998-d109-4c2e-a1e6-618ff34b2d02,2013,3,Hải Dương,Provincial,Cultivation,Lúa,,Percentage,99.8,percent,Actual,PL2
77ee4fbb-5c03-417a-a96a-69052bb63f33,2013,3,Hải Dương,Provincial,Cultivation,Lúa,,Area_Planted,8000.0,ha,Actual,PL2
faecfb3c-2f56-40da-8215-6411c55d72ae,2013,3,Hải Dương,Provincial,Cultivation,Ngô,,Area_Planted,5300.0,ha,Actual,PL2
a6755e55-523d-4cc6-b55e-7105ac94f1fe,2013,3,Hải Dương,Provincial,Cultivation,Khoai lang,,Area_Planted,2700.0,ha,Actual,PL2
d9365f39-6537-44de-826f-bc3f7f80fc47,2013,3,Hưng Yên,Provincial,Cultivation,Lúa,,Area_Planted,40245.0,ha,Actual,PL2
4543a97b-0aac-44cd-97fe-9df9e21c476f,2013,3,Hưng Yên,Provincial,Cultivation,Lúa,,Percentage,101.9,percent,Actual,PL2
31443073-abd9-4adc-bd77-941d3b4efb2f,2013,3,Hưng Yên,Provincial,Cultivation,Lúa,,Area_Planted,8023.0,ha,Actual,PL2
67976635-a238-4617-96e6-b5c9d9701c4f,2013,3,Hưng Yên,Provincial,Cultivation,Ngô,,Area_Planted,7438.0,ha,Actual,PL2
04a094b6-8212-4e62-bccb-58e7ce2a4522,2013,3,Hưng Yên,Provincial,Cultivation,Khoai lang,,Area_Planted,585.0,ha,Actual,PL2
55c9e002-2014-421d-83dc-e0ba4542d5b4,2013,3,Hà Nam,Provincial,Cultivation,Lúa,,Area_Planted,33706.0,ha,Actual,PL2
774eee47-ccb4-4da1-83c4-7432f5f39d97,2013,3,Hà Nam,Provincial,Cultivation,Lúa,,Percentage,102.1,percent,Actual,PL2
8c2c33ed-1b54-4916-a0e3-1d1ccaeb0a0f,2013,3,Hà Nam,Provincial,Cultivation,Lúa,,Area_Planted,6762.0,ha,Actual,PL2
b7a1098b-34a0-4cd8-97d2-c5046af58844,2013,3,Hà Nam,Provincial,Cultivation,Ngô,,Area_Planted,6300.0,ha,Actual,PL2
77da0443-1632-477d-9eb3-9aa920e563ec,2013,3,Hà Nam,Provincial,Cultivation,Khoai lang,,Area_Planted,462.0,ha,Actual,PL2
bb22a7e1-9caf-434d-97a2-a39d72a4bed9,2013,3,Nam Định,Provincial,Cultivation,Lúa,,Area_Planted,77500.0,ha,Actual,PL2
50bca499-5a04-465d-b9b4-d1f70937205a,2013,3,Nam Định,Provincial,Cultivation,Lúa,,Percentage,99.6,percent,Actual,PL2
e79530cb-82d5-48ee-bde0-f2974ab02bdd,2013,3,Nam Định,Provincial,Cultivation,Lúa,,Area_Planted,4518.0,ha,Actual,PL2
89c95a01-172f-4d2d-8371-5e79bea5f4b4,2013,3,Nam Định,Provincial,Cultivation,Ngô,,Area_Planted,3035.0,ha,Actual,PL2
63cb4352-c279-48d9-bbda-9d924a04df13,2013,3,Nam Định,Provincial,Cultivation,Khoai lang,,Area_Planted,1375.0,ha,Actual,PL2
ca53e508-870d-4c2f-a699-238ef0522b42,2013,3,Nam Định,Provincial,Cultivation,Lúa,,Area_Planted,108.0,ha,Actual,PL2
98700b10-88ad-472a-a557-86f58e8d16b3,2013,3,Thái Bình,Provincial,Cultivation,Lúa,,Area_Planted,80902.0,ha,Actual,PL2
af5343aa-775a-401c-9533-63c55b440c74,2013,3,Thái Bình,Provincial,Cultivation,Lúa,,Percentage,99.4,percent,Actual,PL2
7e0f6678-a6c1-46ed-86f2-fd48b68cba28,2013,3,Thái Bình,Provincial,Cultivation,Lúa,,Area_Planted,9383.0,ha,Actual,PL2
4db4dd1a-9a0f-4107-8b60-cd88b71a18d2,2013,3,Thái Bình,Provincial,Cultivation,Ngô,,Area_Planted,6976.0,ha,Actual,PL2
4264cbe3-a9fa-436f-87e0-a00b8062aa01,2013,3,Thái Bình,Provincial,Cultivation,Khoai lang,,Area_Planted,2407.0,ha,Actual,PL2
27947943-aa4c-41c4-bbe5-343f2cf65757,2013,3,Ninh Bình,Provincial,Cultivation,Lúa,,Area_Planted,41378.0,ha,Actual,PL2
64e61834-d8e2-41d1-8ce7-241e3874d338,2013,3,Ninh Bình,Provincial,Cultivation,Lúa,,Percentage,99.0,percent,Actual,PL2
33b6a979-69b2-484d-9e85-a39da37db6a4,2013,3,Ninh Bình,Provincial,Cultivation,Lúa,,Area_Planted,7844.0,ha,Actual,PL2
f799e89a-507d-4f12-a370-628ce30ea751,2013,3,Ninh Bình,Provincial,Cultivation,Ngô,,Area_Planted,4795.0,ha,Actual,PL2
4a7dcd01-7505-4d81-8c5d-d8dd2914eeef,2013,3,Ninh Bình,Provincial,Cultivation,Khoai lang,,Area_Planted,2886.0,ha,Actual,PL2
a91583e4-91da-41c7-b47d-e8eb36b86a9f,2013,3,Ninh Bình,Provincial,Cultivation,Sắn,,Area_Planted,97.0,ha,Actual,PL2
5f1adf92-0e4a-44eb-b82a-a7234a76301e,2013,3,Ninh Bình,Provincial,Cultivation,Lúa,,Area_Planted,66.0,ha,Actual,PL2
23263a33-ff5f-40da-8a5a-543d1a100ec2,2013,3,Quảng Ninh,Provincial,Cultivation,Lúa,,Area_Planted,11222.0,ha,Actual,PL2
00c444e4-f2e4-410d-b5d4-3353dd271211,2013,3,Quảng Ninh,Provincial,Cultivation,Lúa,,Percentage,59.8,percent,Actual,PL2
48931f6e-7443-4315-80a1-b5de8984f8fd,2013,3,Quảng Ninh,Provincial,Cultivation,Lúa,,Area_Planted,4802.0,ha,Actual,PL2
a847faa4-b25f-4fd1-bed0-f83d2be6f207,2013,3,Quảng Ninh,Provincial,Cultivation,Ngô,,Area_Planted,2684.0,ha,Actual,PL2
a54d4dda-95d2-47af-85a6-290edd630d63,2013,3,Quảng Ninh,Provincial,Cultivation,Khoai lang,,Area_Planted,1599.0,ha,Actual,PL2
c2b0cc36-b35b-4d3d-95ba-6efccb8d4aa1,2013,3,Quảng Ninh,Provincial,Cultivation,Lúa,,Area_Planted,519.0,ha,Actual,PL2
c7684163-b287-4db0-a6de-afa207889186,2013,3,TD và MN,Provincial,Cultivation,Lúa,,Area_Planted,219573.0,ha,Actual,PL2
fc50dd5f-3034-4c7d-9aee-f1be9fe3675c,2013,3,TD và MN,Provincial,Cultivation,Lúa,,Percentage,102.46,percent,Actual,PL2
ffc9f285-a217-4c7b-854d-1afc60c7e4c0,2013,3,TD và MN,Provincial,Cultivation,Lúa,,Area_Planted,168186.0,ha,Actual,PL2
ae88d6b9-4d19-45ca-806e-ac951483e293,2013,3,TD và MN,Provincial,Cultivation,Ngô,,Area_Planted,125966.0,ha,Actual,PL2
b6a260b6-2e9a-41d3-9885-93da0c5b7930,2013,3,TD và MN,Provincial,Cultivation,Khoai lang,,Area_Planted,20764.0,ha,Actual,PL2
91e507bb-1fcc-43d1-a56b-4c4e025b640d,2013,3,TD và MN,Provincial,Cultivation,Sắn,,Area_Planted,16934.0,ha,Actual,PL2
d1c1c766-00ff-47f3-9664-ca0e6493326e,2013,3,TD và MN,Provincial,Cultivation,Lúa,,Area_Planted,4522.0,ha,Actual,PL2
41ffc3a7-3e67-4637-85d3-cd628b89e664,2013,3,Hà Giang,Provincial,Cultivation,Lúa,,Area_Planted,8853.0,ha,Actual,PL2
44e1eaab-de32-4fa6-88f2-b51e20eed3fe,2013,3,Hà Giang,Provincial,Cultivation,Lúa,,Percentage,115.1,percent,Actual,PL2
924b1386-d6b0-4b81-aa22-950c199f64f0,2013,3,Hà Giang,Provincial,Cultivation,Lúa,,Area_Planted,25487.0,ha,Actual,PL2
3c8d87c7-9b96-4463-aa0d-e9a7ef43f376,2013,3,Hà Giang,Provincial,Cultivation,Ngô,,Area_Planted,24973.0,ha,Actual,PL2
f323c1bd-639e-4cb8-9c15-7310c51c0376,2013,3,Hà Giang,Provincial,Cultivation,Khoai lang,,Area_Planted,514.0,ha,Actual,PL2
adf1b7ba-4157-4590-be49-4c5364676bf5,2013,3,Cao Bằng,Provincial,Cultivation,Lúa,,Area_Planted,732.0,ha,Actual,PL2
c5daf848-e1a1-487e-801f-ee46b4b2306d,2013,3,Cao Bằng,Provincial,Cultivation,Lúa,,Percentage,168.3,percent,Actual,PL2
39703336-db73-4fa6-8949-66dec782575a,2013,3,Cao Bằng,Provincial,Cultivation,Lúa,,Area_Planted,14643.0,ha,Actual,PL2
44b29868-9b8d-4379-9d79-b16f0f563878,2013,3,Cao Bằng,Provincial,Cultivation,Ngô,,Area_Planted,13735.0,ha,Actual,PL2
21b30381-b16c-4799-b942-17e599560615,2013,3,Cao Bằng,Provincial,Cultivation,Khoai lang,,Area_Planted,375.0,ha,Actual,PL2
4c64f033-51e9-4961-8f94-3124e2f4acab,2013,3,Cao Bằng,Provincial,Cultivation,Sắn,,Area_Planted,361.0,ha,Actual,PL2
4bf2debd-6073-4a12-adeb-17e0fffbaded,2013,3,Cao Bằng,Provincial,Cultivation,Lúa,,Area_Planted,172.0,ha,Actual,PL2
471384df-fb72-49aa-b0b3-b01acf44f9be,2013,3,Lào Cai,Provincial,Cultivation,Lúa,,Area_Planted,7450.0,ha,Actual,PL2
006183f0-5096-458b-97df-206bd4f6559e,2013,3,Lào Cai,Provincial,Cultivation,Lúa,,Percentage,108.7,percent,Actual,PL2
e1e5209d-286c-4cfc-8123-46acb0e60cf2,2013,3,Lào Cai,Provincial,Cultivation,Lúa,,Area_Planted,7022.0,ha,Actual,PL2
e1409d10-329e-4626-bcaf-4d85f137ac86,2013,3,Lào Cai,Provincial,Cultivation,Ngô,,Area_Planted,6631.0,ha,Actual,PL2
acd6992c-dc3e-4ffe-91aa-20159ce87cd9,2013,3,Lào Cai,Provincial,Cultivation,Khoai lang,,Area_Planted,391.0,ha,Actual,PL2
f514622e-29ec-4d13-a6a8-93c56f914323,2013,3,Bắc Cạn,Provincial,Cultivation,Lúa,,Area_Planted,6265.0,ha,Actual,PL2
12e097ea-b775-4e3f-a353-79408078b90c,2013,3,Bắc Cạn,Provincial,Cultivation,Lúa,,Percentage,143.2,percent,Actual,PL2
edb3572b-f54e-4b28-a0b8-59b1412b3ebd,2013,3,Bắc Cạn,Provincial,Cultivation,Lúa,,Area_Planted,6707.0,ha,Actual,PL2
2319090a-e11e-4ab0-a6c2-ffa5c772e935,2013,3,Bắc Cạn,Provincial,Cultivation,Ngô,,Area_Planted,5171.0,ha,Actual,PL2
c845b84b-96d5-41e8-aa3e-58098a5a7090,2013,3,Bắc Cạn,Provincial,Cultivation,Khoai lang,,Area_Planted,69.0,ha,Actual,PL2
112e35ab-14a9-4c9f-a5ec-23d681798d8d,2013,3,Bắc Cạn,Provincial,Cultivation,Lúa,,Area_Planted,1467.0,ha,Actual,PL2
ded30513-1a6c-46b9-b378-699a0ecaabd8,2013,3,Lạng Sơn,Provincial,Cultivation,Lúa,,Area_Planted,3880.0,ha,Actual,PL2
88b715d0-f38f-4f5a-a3ed-f42646ceae0d,2013,3,Lạng Sơn,Provincial,Cultivation,Lúa,,Percentage,110.9,percent,Actual,PL2
4bbfa22d-cadc-4c44-bd32-20feeaa59a66,2013,3,Lạng Sơn,Provincial,Cultivation,Lúa,,Area_Planted,8314.0,ha,Actual,PL2
ac1f4f75-e159-4655-a984-f3cb119d269c,2013,3,Lạng Sơn,Provincial,Cultivation,Ngô,,Area_Planted,6400.0,ha,Actual,PL2
4d31df16-e853-4ea8-9a05-2f42c1786487,2013,3,Lạng Sơn,Provincial,Cultivation,Khoai lang,,Area_Planted,694.0,ha,Actual,PL2
caa76e8e-2feb-41d6-a8a2-c8e687686a3f,2013,3,Lạng Sơn,Provincial,Cultivation,Lúa,,Area_Planted,1220.0,ha,Actual,PL2
eee65385-d36c-4da6-a1e2-8f927932c6f6,2013,3,Tuyên Quang,Provincial,Cultivation,Lúa,,Area_Planted,20618.0,ha,Actual,PL2
8f0b21c7-ad21-4d2d-8ed7-19548aeacd34,2013,3,Tuyên Quang,Provincial,Cultivation,Lúa,,Percentage,102.9,percent,Actual,PL2
990bbc7c-465d-49cd-bead-fa6be4d6c0d4,2013,3,Tuyên Quang,Provincial,Cultivation,Lúa,,Area_Planted,10794.0,ha,Actual,PL2
744b8719-eb3a-456e-83bd-20a21b6533cb,2013,3,Tuyên Quang,Provincial,Cultivation,Ngô,,Area_Planted,7410.0,ha,Actual,PL2
fba976f9-50d6-4f56-8f4f-8f8932d34d41,2013,3,Tuyên Quang,Provincial,Cultivation,Khoai lang,,Area_Planted,3384.0,ha,Actual,PL2
9a95cf80-33e1-4ff4-9ff1-1ee8fef7ff93,2013,3,Yên Bái,Provincial,Cultivation,Lúa,,Area_Planted,18517.0,ha,Actual,PL2
91d25b52-24e7-498f-b396-f1220f3bc0b1,2013,3,Yên Bái,Provincial,Cultivation,Lúa,,Percentage,103.4,percent,Actual,PL2
578a4fed-67db-4e56-bfba-82c807b6ddfa,2013,3,Yên Bái,Provincial,Cultivation,Lúa,,Area_Planted,21669.0,ha,Actual,PL2
cb722f17-b74b-4aaa-85bb-4c8b28923f6b,2013,3,Yên Bái,Provincial,Cultivation,Ngô,,Area_Planted,11539.0,ha,Actual,PL2
555abe04-19d9-40f8-b9e7-182902a11daa,2013,3,Yên Bái,Provincial,Cultivation,Khoai lang,,Area_Planted,1855.0,ha,Actual,PL2
1d44c2b6-0297-4a0e-8c72-962e95386a7b,2013,3,Yên Bái,Provincial,Cultivation,Sắn,,Area_Planted,8275.0,ha,Actual,PL2
1baf9090-d25c-4b31-8fa6-d8c4b07f8515,2013,3,Thái Nguyên,Provincial,Cultivation,Lúa,,Area_Planted,29576.0,ha,Actual,PL2
24778590-3a22-4f6e-843c-0e2f8502f504,2013,3,Thái Nguyên,Provincial,Cultivation,Lúa,,Percentage,102.6,percent,Actual,PL2
1e88cbb9-c2e9-48ab-a81d-8cb1caa473d4,2013,3,Thái Nguyên,Provincial,Cultivation,Lúa,,Area_Planted,20235.0,ha,Actual,PL2
1f3c52c6-73ed-4a99-bb32-32af90c7a8d9,2013,3,Thái Nguyên,Provincial,Cultivation,Ngô,,Area_Planted,12182.0,ha,Actual,PL2
500815e6-8899-4d8d-bfce-41f32c145784,2013,3,Thái Nguyên,Provincial,Cultivation,Khoai lang,,Area_Planted,5025.0,ha,Actual,PL2
7a71c759-e760-43fb-9096-ebfcd39135f9,2013,3,Thái Nguyên,Provincial,Cultivation,Sắn,,Area_Planted,3028.0,ha,Actual,PL2
06b6bb28-78f4-49c7-a895-06a018b2ad2f,2013,3,Phú Thọ,Provincial,Cultivation,Lúa,,Area_Planted,36463.0,ha,Actual,PL2
d4c1743f-2bf7-4400-8a16-2760178af806,2013,3,Phú Thọ,Provincial,Cultivation,Lúa,,Percentage,99.6,percent,Actual,PL2
9c9c03a8-b223-4cd0-bc2b-c0416fad5e6b,2013,3,Phú Thọ,Provincial,Cultivation,Lúa,,Area_Planted,18333.0,ha,Actual,PL2
351b1705-b425-4ce7-b4b2-2a54d92d2054,2013,3,Phú Thọ,Provincial,Cultivation,Ngô,,Area_Planted,14799.0,ha,Actual,PL2
c70cd2ac-3800-4125-bcb0-dc7a17850a5b,2013,3,Phú Thọ,Provincial,Cultivation,Khoai lang,,Area_Planted,1732.0,ha,Actual,PL2
d12478e3-7e2a-4f99-9295-058d49e43df6,2013,3,Phú Thọ,Provincial,Cultivation,Sắn,,Area_Planted,1802.0,ha,Actual,PL2
bf716072-a474-4275-86a0-5d7cb8e5c4ad,2013,3,Bắc Giang,Provincial,Cultivation,Lúa,,Area_Planted,50595.0,ha,Actual,PL2
a8a59041-2fa2-4c28-9f9c-f7e70be00e91,2013,3,Bắc Giang,Provincial,Cultivation,Lúa,,Percentage,101.8,percent,Actual,PL2
9943fd00-ea19-4df9-89b0-32ac10eb45d9,2013,3,Bắc Giang,Provincial,Cultivation,Lúa,,Area_Planted,12130.0,ha,Actual,PL2
182b123a-c48b-404b-b065-036adf05d366,2013,3,Bắc Giang,Provincial,Cultivation,Ngô,,Area_Planted,6399.0,ha,Actual,PL2
4db73d9c-7426-4381-b595-2873491a711e,2013,3,Bắc Giang,Provincial,Cultivation,Khoai lang,,Area_Planted,5721.0,ha,Actual,PL2
45514d35-b187-4da7-9d2e-87f05a9d1590,2013,3,Bắc Giang,Provincial,Cultivation,Sắn,,Area_Planted,10.0,ha,Actual,PL2
d667e058-ffb7-40d0-87ff-293d30dfd958,2013,3,Lai Châu,Provincial,Cultivation,Lúa,,Area_Planted,5783.0,ha,Actual,PL2
1e4a6c31-b59b-4ff2-9607-df90552a6216,2013,3,Lai Châu,Provincial,Cultivation,Lúa,,Percentage,107.2,percent,Actual,PL2
9f682914-2fac-42fb-bcc6-e6c4a51621f3,2013,3,Lai Châu,Provincial,Cultivation,Lúa,,Area_Planted,1395.0,ha,Actual,PL2
68195461-adf7-4aac-ab8b-ae0b53bcbe32,2013,3,Lai Châu,Provincial,Cultivation,Ngô,,Area_Planted,1350.0,ha,Actual,PL2
91f029d9-93d4-498f-9366-b7e69329ed18,2013,3,Lai Châu,Provincial,Cultivation,Sắn,,Area_Planted,45.0,ha,Actual,PL2
ee08b934-7de1-484c-bacd-53ae8edcbda5,2013,3,Điện Biên,Provincial,Cultivation,Lúa,,Area_Planted,8196.0,ha,Actual,PL2
fec331bd-4faa-4209-ac77-2687a4d5dfd7,2013,3,Điện Biên,Provincial,Cultivation,Lúa,,Percentage,100.3,percent,Actual,PL2
4d9ae06e-a629-4059-99f8-8314bef1a0ef,2013,3,Điện Biên,Provincial,Cultivation,Lúa,,Area_Planted,872.0,ha,Actual,PL2
f4a2357a-ecde-48f6-bbcd-994c78460a81,2013,3,Điện Biên,Provincial,Cultivation,Ngô,,Area_Planted,588.0,ha,Actual,PL2
c9f12386-8066-4655-b8f2-6af8335c07c5,2013,3,Điện Biên,Provincial,Cultivation,Khoai lang,,Area_Planted,34.0,ha,Actual,PL2
46560244-a0fc-4cb6-bcac-2fbe3e37436d,2013,3,Điện Biên,Provincial,Cultivation,Sắn,,Area_Planted,215.0,ha,Actual,PL2
b33f4b67-a6be-475d-812a-6d0362269b34,2013,3,Điện Biên,Provincial,Cultivation,Lúa,,Area_Planted,35.0,ha,Actual,PL2
8195e0bf-204f-4740-ace0-94d5ab73bb24,2013,3,Sơn La,Provincial,Cultivation,Lúa,,Area_Planted,6482.0,ha,Actual,PL2
43edea23-2b17-4435-ab1e-5cd60e580b16,2013,3,Sơn La,Provincial,Cultivation,Lúa,,Percentage,72.2,percent,Actual,PL2
684aaf7d-1db2-43a7-9216-0deafdb4ea1b,2013,3,Sơn La,Provincial,Cultivation,Lúa,,Area_Planted,4450.0,ha,Actual,PL2
48785f70-df42-4932-b92d-6672b421c8b9,2013,3,Sơn La,Provincial,Cultivation,Ngô,,Area_Planted,789.0,ha,Actual,PL2
e17652de-ea07-4e30-8f4c-a5a2e28a8215,2013,3,Sơn La,Provincial,Cultivation,Sắn,,Area_Planted,2033.0,ha,Actual,PL2
b7860c34-13fc-4939-98d0-3dc89455a8b7,2013,3,Sơn La,Provincial,Cultivation,Lúa,,Area_Planted,1628.0,ha,Actual,PL2
fbc0c8b7-95de-4555-b7b0-c50fb548ea33,2013,3,Hoà Bình,Provincial,Cultivation,Lúa,,Area_Planted,16163.0,ha,Actual,PL2
2318777f-553a-4bce-8cb2-f64082c2f5de,2013,3,Hoà Bình,Provincial,Cultivation,Lúa,,Percentage,102.3,percent,Actual,PL2
1f991bf0-5cbf-4cd7-a652-d818bb9fc05f,2013,3,Hoà Bình,Provincial,Cultivation,Lúa,,Area_Planted,16135.0,ha,Actual,PL2
ed04d65c-23d2-46e8-a181-e75ce8a28222,2013,3,Hoà Bình,Provincial,Cultivation,Ngô,,Area_Planted,14000.0,ha,Actual,PL2
436bfb3e-8e47-440a-915f-2105987e1d26,2013,3,Hoà Bình,Provincial,Cultivation,Khoai lang,,Area_Planted,970.0,ha,Actual,PL2
9d63061d-167e-40bc-a2f5-cbbc9a423367,2013,3,Hoà Bình,Provincial,Cultivation,Sắn,,Area_Planted,1165.0,ha,Actual,PL2
d49a7d0c-18cf-4685-9ed2-414bb064b4e2,2013,3,Bắc Trung Bộ,Provincial,Cultivation,Lúa,,Area_Planted,345222.0,ha,Actual,PL2
c7c791f3-ee0e-4079-bfcd-c17ad06921f9,2013,3,Bắc Trung Bộ,Provincial,Cultivation,Lúa,,Percentage,100.6,percent,Actual,PL2
e17791a5-c7dc-4d12-bb84-54b514caccc1,2013,3,Bắc Trung Bộ,Provincial,Cultivation,Lúa,,Area_Planted,136975.0,ha,Actual,PL2
d5755e2a-9e09-4d52-a6dd-3e1077e83adb,2013,3,Bắc Trung Bộ,Provincial,Cultivation,Ngô,,Area_Planted,89894.0,ha,Actual,PL2
1036cb48-97d1-4861-9921-6387efb8449c,2013,3,Bắc Trung Bộ,Provincial,Cultivation,Khoai lang,,Area_Planted,21862.0,ha,Actual,PL2
8deff869-cb7d-4a61-ab5e-3d88534b9d40,2013,3,Bắc Trung Bộ,Provincial,Cultivation,Sắn,,Area_Planted,25219.0,ha,Actual,PL2
fb1876fc-b589-46f7-9c4c-399bd1afd78f,2013,3,Bắc Trung Bộ,Provincial,Cultivation,Lúa,,Area_Planted,0.0,ha,Actual,PL2
d834c0f6-3fdb-4fe2-bf84-a993d3d5919c,2013,3,Thanh Hoá,Provincial,Cultivation,Lúa,,Area_Planted,120879.0,ha,Actual,PL2
89c5d207-f2b1-439f-a2d4-5ea3ef067249,2013,3,Thanh Hoá,Provincial,Cultivation,Lúa,,Percentage,99.9,percent,Actual,PL2
acd96422-e29e-42a2-a0c9-346693887014,2013,3,Thanh Hoá,Provincial,Cultivation,Lúa,,Area_Planted,45774.0,ha,Actual,PL2
8f79cfc8-88bf-4899-87f7-b770889b01d3,2013,3,Thanh Hoá,Provincial,Cultivation,Ngô,,Area_Planted,34554.0,ha,Actual,PL2
7ec5ff72-0085-4667-a251-3cff65c81f55,2013,3,Thanh Hoá,Provincial,Cultivation,Khoai lang,,Area_Planted,5520.0,ha,Actual,PL2
2acdb1b1-8224-4752-b4c6-565d0a61ea15,2013,3,Thanh Hoá,Provincial,Cultivation,Sắn,,Area_Planted,5700.0,ha,Actual,PL2
ab48384e-e437-433a-84cc-4f99643b11a6,2013,3,Nghệ An,Provincial,Cultivation,Lúa,,Area_Planted,88930.0,ha,Actual,PL2
d80a1704-2c5f-4c0b-8d91-c69d782aefde,2013,3,Nghệ An,Provincial,Cultivation,Lúa,,Percentage,101.1,percent,Actual,PL2
4e198bed-8db4-4159-930d-9fcb560ce127,2013,3,Nghệ An,Provincial,Cultivation,Lúa,,Area_Planted,52111.0,ha,Actual,PL2
e35d3368-a332-4fea-a890-879bbedd9d6e,2013,3,Nghệ An,Provincial,Cultivation,Ngô,,Area_Planted,43538.0,ha,Actual,PL2
7ea628f6-4bc3-4002-8451-1955f9ca4be5,2013,3,Nghệ An,Provincial,Cultivation,Khoai lang,,Area_Planted,6773.0,ha,Actual,PL2
3fd514c0-95e6-4e9e-af0f-04d065963aa4,2013,3,Nghệ An,Provincial,Cultivation,Sắn,,Area_Planted,1800.0,ha,Actual,PL2
671e0169-aab8-4fb4-8f2b-d649b82eaff4,2013,3,Hà Tĩnh,Provincial,Cultivation,Lúa,,Area_Planted,54842.0,ha,Actual,PL2
6c011b7a-e700-4eab-bf5a-5fbe5d34d88a,2013,3,Hà Tĩnh,Provincial,Cultivation,Lúa,,Percentage,100.9,percent,Actual,PL2
be60eb4f-0b58-44e8-8ff0-dca69a086dd6,2013,3,Hà Tĩnh,Provincial,Cultivation,Lúa,,Area_Planted,8187.0,ha,Actual,PL2
46a88b01-d491-48df-9482-2b99a8d8debd,2013,3,Hà Tĩnh,Provincial,Cultivation,Ngô,,Area_Planted,4368.0,ha,Actual,PL2
3a859c4d-cbc7-400e-a56b-abaec18735ba,2013,3,Hà Tĩnh,Provincial,Cultivation,Khoai lang,,Area_Planted,3819.0,ha,Actual,PL2
b5132587-6a7f-474c-b04e-06e0ef19f657,2013,3,Quảng Bình,Provincial,Cultivation,Lúa,,Area_Planted,28500.0,ha,Actual,PL2
0b78a4f2-125c-4f11-ae26-521c44d5b3ea,2013,3,Quảng Bình,Provincial,Cultivation,Lúa,,Percentage,101.1,percent,Actual,PL2
59b7856f-f5f3-46b5-ae7c-e72a2ffd5db0,2013,3,Quảng Bình,Provincial,Cultivation,Lúa,,Area_Planted,11100.0,ha,Actual,PL2
ef8225a2-201b-4c73-a2d9-16936655ef31,2013,3,Quảng Bình,Provincial,Cultivation,Ngô,,Area_Planted,4100.0,ha,Actual,PL2
f46cdac5-31f3-4ad2-8af0-33f8c95485c1,2013,3,Quảng Bình,Provincial,Cultivation,Khoai lang,,Area_Planted,4000.0,ha,Actual,PL2
3256b126-f855-4ec9-9b3f-18af80a06613,2013,3,Quảng Bình,Provincial,Cultivation,Sắn,,Area_Planted,3000.0,ha,Actual,PL2
f02379c0-b39e-480c-9f2a-99a75d98fb8c,2013,3,Quảng Trị,Provincial,Cultivation,Lúa,,Area_Planted,24812.0,ha,Actual,PL2
0fa76209-dabe-4c94-8e35-169f326f08a5,2013,3,Quảng Trị,Provincial,Cultivation,Lúa,,Percentage,101.9,percent,Actual,PL2
16330e67-5918-45d4-9678-81739dcd4a66,2013,3,Quảng Trị,Provincial,Cultivation,Lúa,,Area_Planted,11577.0,ha,Actual,PL2
2717b44b-16cc-41c7-86dc-e152e1425c1f,2013,3,Quảng Trị,Provincial,Cultivation,Ngô,,Area_Planted,2434.0,ha,Actual,PL2
712f672b-2d74-4bf4-a9df-93fb37c00b3d,2013,3,Quảng Trị,Provincial,Cultivation,Sắn,,Area_Planted,9143.0,ha,Actual,PL2
549f23fe-d0ec-46a9-b6e8-8addd1ac7f35,2013,3,Thừa Thiên Huế,Provincial,Cultivation,Lúa,,Area_Planted,27259.0,ha,Actual,PL2
72f0d2f5-2648-449e-b1dc-a8fe82588d70,2013,3,Thừa Thiên Huế,Provincial,Cultivation,Lúa,,Percentage,99.5,percent,Actual,PL2
6c30ab82-f4d7-4c19-b756-f585c76cf1b9,2013,3,Thừa Thiên Huế,Provincial,Cultivation,Lúa,,Area_Planted,8226.0,ha,Actual,PL2
4491dc71-5476-4b68-b187-8e7106acded5,2013,3,Thừa Thiên Huế,Provincial,Cultivation,Ngô,,Area_Planted,900.0,ha,Actual,PL2
be2e6711-76dc-4901-ac07-ab405a9db590,2013,3,Thừa Thiên Huế,Provincial,Cultivation,Khoai lang,,Area_Planted,1750.0,ha,Actual,PL2
1462fd47-effa-4e7e-96eb-c0dc095c0d75,2013,3,Thừa Thiên Huế,Provincial,Cultivation,Sắn,,Area_Planted,5576.0,ha,Actual,PL2
81547298-c8ac-4ac8-9a45-f259f11c069e,2013,3,Miền Nam,Regional,Cultivation,Lúa,,Area_Planted,1382714.0,ha,Actual,PL3
8cd3c1cd-7298-40c8-bd61-50afb79fd337,2013,3,Miền Nam,Regional,Cultivation,Lúa,,Area_Planted,69.7,ha,Actual,PL3
3a906f48-b98b-46ce-b4de-7e1103c9a5e7,2013,3,Miền Nam,Regional,Cultivation,Lúa,,Area_Planted,68.0,ha,Actual,PL3
c18cdbba-d0a3-4061-8219-c5e20eda271c,2013,3,Miền Nam,Regional,Cultivation,Lúa,,Area_Planted,356950.0,ha,Actual,PL3
4f85cc88-bed6-4c69-a8a8-1f3593e53726,2013,3,Miền Nam,Regional,Cultivation,Lúa,,Area_Planted,67294.0,ha,Actual,PL3
5c51fdc6-7bd4-4ff4-88e1-6840596b06af,2013,3,Miền Nam,Regional,Cultivation,Lúa,,Area_Planted,16080.0,ha,Actual,PL3
c021575c-5c6e-41c1-afc0-03712219d383,2013,3,Miền Nam,Regional,Cultivation,Lúa,,Area_Planted,57377.0,ha,Actual,PL3
3f9ace31-50ae-4c9c-9817-18a0de9abef4,2013,3,Miền Nam,Regional,Cultivation,Lúa,,Area_Planted,6656.0,ha,Actual,PL3
67fd31d5-cda0-4987-91cb-60dbb2162597,2013,3,D.H Nam Trung Bộ,Provincial,Cultivation,Lúa,,Area_Planted,39974.0,ha,Actual,PL3
955c8c58-2893-4596-a994-c2bc87f311bf,2013,3,D.H Nam Trung Bộ,Provincial,Cultivation,Lúa,,Area_Planted,17.8,ha,Actual,PL3
586e6892-04fe-49ee-8c16-68fdcd962c53,2013,3,D.H Nam Trung Bộ,Provincial,Cultivation,Lúa,,Area_Planted,60.6,ha,Actual,PL3
d9c821e8-bed4-4285-b213-3d25f5fbfe68,2013,3,D.H Nam Trung Bộ,Provincial,Cultivation,Lúa,,Area_Planted,22271.0,ha,Actual,PL3
168093c9-4328-4286-b568-524479f5ad04,2013,3,D.H Nam Trung Bộ,Provincial,Cultivation,Lúa,,Area_Planted,3597.0,ha,Actual,PL3
82d7e954-81fa-4b7b-87a2-7adc344dffd2,2013,3,D.H Nam Trung Bộ,Provincial,Cultivation,Lúa,,Area_Planted,24391.0,ha,Actual,PL3
fafc9797-481f-4fc4-b0ea-a4e686c2cd3c,2013,3,D.H Nam Trung Bộ,Provincial,Cultivation,Lúa,,Area_Planted,117.0,ha,Actual,PL3
455c5d26-29fd-4953-ae32-81903025ff1b,2013,3,TP Đà Nẵng,Provincial,Cultivation,Lúa,,Area_Planted,256.0,ha,Actual,PL3
2e6fa897-68c2-424f-bbfe-7f29790e939e,2013,3,TP Đà Nẵng,Provincial,Cultivation,Lúa,,Area_Planted,272.0,ha,Actual,PL3
8c997509-48db-47ff-b002-78c4207c2b04,2013,3,TP Đà Nẵng,Provincial,Cultivation,Lúa,,Area_Planted,134.0,ha,Actual,PL3
73b13dd0-1f07-4399-a301-a2cb073d63e2,2013,3,Quảng Nam,Provincial,Cultivation,Lúa,,Area_Planted,5260.0,ha,Actual,PL3
d23a36d7-eaed-47df-bbb4-f5e92f0a3e87,2013,3,Quảng Nam,Provincial,Cultivation,Lúa,,Area_Planted,2700.0,ha,Actual,PL3
e1a07c6f-8708-4749-86a6-35f684a0abc6,2013,3,Quảng Nam,Provincial,Cultivation,Lúa,,Area_Planted,10350.0,ha,Actual,PL3
721becc5-bd00-4ffd-8f6d-dfa3a3ba5c60,2013,3,Quảng Ngãi,Provincial,Cultivation,Lúa,,Area_Planted,4515.0,ha,Actual,PL3
a8a82f7f-5076-4f97-9569-f737a3c42b06,2013,3,Bình Định,Provincial,Cultivation,Lúa,,Area_Planted,18981.0,ha,Actual,PL3
a55b5eeb-0763-4a15-8e2f-36a27d40e127,2013,3,Bình Định,Provincial,Cultivation,Lúa,,Area_Planted,41.5,ha,Actual,PL3
8396460a-814a-4f1e-b19b-13b6ea406451,2013,3,Bình Định,Provincial,Cultivation,Lúa,,Area_Planted,62.5,ha,Actual,PL3
d9648796-64b6-4bc9-aab2-d66889ab4b26,2013,3,Bình Định,Provincial,Cultivation,Lúa,,Area_Planted,2101.0,ha,Actual,PL3
5ef92cb0-b1c7-40f2-92ac-99e0de040250,2013,3,Phú Yên,Provincial,Cultivation,Lúa,,Area_Planted,2092.0,ha,Actual,PL3
643f2c77-e6b2-4098-8b0c-636d031ab8c0,2013,3,Phú Yên,Provincial,Cultivation,Lúa,,Area_Planted,154.0,ha,Actual,PL3
f254a0b0-42c8-484b-a42d-c28c7d6e52b8,2013,3,Phú Yên,Provincial,Cultivation,Lúa,,Area_Planted,10216.0,ha,Actual,PL3
94d36809-f142-465f-9bb4-9c0babc3c006,2013,3,Phú Yên,Provincial,Cultivation,Lúa,,Area_Planted,117.0,ha,Actual,PL3
55e81cab-ce18-45ca-b6d3-de3c287034bd,2013,3,Khánh Hoà,Provincial,Cultivation,Lúa,,Area_Planted,3400.0,ha,Actual,PL3
274d158a-0f81-47f1-8525-723a94e5e789,2013,3,Khánh Hoà,Provincial,Cultivation,Lúa,,Area_Planted,17.1,ha,Actual,PL3
af761dad-b856-4bed-9b96-73ec8f434689,2013,3,Khánh Hoà,Provincial,Cultivation,Lúa,,Area_Planted,60.0,ha,Actual,PL3
513cdec3-8eec-4bf5-a1f2-9ae735101f56,2013,3,Khánh Hoà,Provincial,Cultivation,Lúa,,Area_Planted,1450.0,ha,Actual,PL3
46bd89db-aba0-4daa-937a-315e0e655bdc,2013,3,Khánh Hoà,Provincial,Cultivation,Lúa,,Area_Planted,173.0,ha,Actual,PL3
4fd2b887-b89f-40b6-9a09-5e91078de7de,2013,3,Khánh Hoà,Provincial,Cultivation,Lúa,,Area_Planted,3131.0,ha,Actual,PL3
1c3e5e21-d505-43c5-855b-d23d99da6005,2013,3,Ninh Thuận,Provincial,Cultivation,Lúa,,Area_Planted,3500.0,ha,Actual,PL3
cdf1603e-a129-4ec6-a91a-c6ca42f4d5d9,2013,3,Ninh Thuận,Provincial,Cultivation,Lúa,,Area_Planted,23.4,ha,Actual,PL3
52ad0526-c882-46cf-a3f8-e8f1d99c1328,2013,3,Ninh Thuận,Provincial,Cultivation,Lúa,,Area_Planted,62.0,ha,Actual,PL3
59da0f6c-ebba-4463-814f-b3ec3cd15b1f,2013,3,Ninh Thuận,Provincial,Cultivation,Lúa,,Area_Planted,3104.0,ha,Actual,PL3
143f45f2-6215-4fbb-8c66-48c6a745de22,2013,3,Ninh Thuận,Provincial,Cultivation,Lúa,,Area_Planted,35.0,ha,Actual,PL3
48f6879d-21a9-4f21-a536-490316e42385,2013,3,Ninh Thuận,Provincial,Cultivation,Lúa,,Area_Planted,103.0,ha,Actual,PL3
d7c9a8b0-d2a8-4fca-b46c-a60f60b7487a,2013,3,Bình Thuận,Provincial,Cultivation,Lúa,,Area_Planted,14093.0,ha,Actual,PL3
c77b8d6e-3162-421a-969e-7c8a83188f93,2013,3,Bình Thuận,Provincial,Cultivation,Lúa,,Area_Planted,42.4,ha,Actual,PL3
9457811c-e551-48cf-8877-1d29e1e61847,2013,3,Bình Thuận,Provincial,Cultivation,Lúa,,Area_Planted,57.8,ha,Actual,PL3
a4848a81-85b9-40f2-849c-895bd036939d,2013,3,Bình Thuận,Provincial,Cultivation,Lúa,,Area_Planted,3493.0,ha,Actual,PL3
0f90a9f2-6870-4f74-97d8-83ea1f97c5a4,2013,3,Bình Thuận,Provincial,Cultivation,Lúa,,Area_Planted,263.0,ha,Actual,PL3
bedcacf5-e9aa-4fb7-92cc-0e1d5c62e1e7,2013,3,Bình Thuận,Provincial,Cultivation,Lúa,,Area_Planted,457.0,ha,Actual,PL3
6d3b9a70-722d-46d0-b670-44f1cad546ea,2013,3,Tây Nguyên,Provincial,Cultivation,Lúa,,Area_Planted,524.0,ha,Actual,PL3
84846717-77d0-40ee-8ca0-0b2530231ae9,2013,3,Tây Nguyên,Provincial,Cultivation,Lúa,,Area_Planted,0.7,ha,Actual,PL3
f98fdfbb-5c83-44ba-a2a8-3d42c86169fb,2013,3,Tây Nguyên,Provincial,Cultivation,Lúa,,Area_Planted,45.0,ha,Actual,PL3
b23d242f-ff5f-4051-b10c-d4b7534a4fe1,2013,3,Tây Nguyên,Provincial,Cultivation,Lúa,,Area_Planted,12056.0,ha,Actual,PL3
c27368a3-2809-4cc4-ae25-b4d93e50a9aa,2013,3,Tây Nguyên,Provincial,Cultivation,Lúa,,Area_Planted,2439.0,ha,Actual,PL3
9bf86a7f-1423-4616-8024-de885d424a03,2013,3,Tây Nguyên,Provincial,Cultivation,Lúa,,Area_Planted,4516.0,ha,Actual,PL3
d14d9524-a398-41c4-85c1-94006031137a,2013,3,Tây Nguyên,Provincial,Cultivation,Lúa,,Area_Planted,35.0,ha,Actual,PL3
064d5023-4444-4cf8-ab44-098f37bf5362,2013,3,Kon Tum,Provincial,Cultivation,Lúa,,Area_Planted,585.0,ha,Actual,PL3
2fe699ab-1124-4d43-aa90-8abceb3132e6,2013,3,Gia Lai,Provincial,Cultivation,Lúa,,Area_Planted,3644.0,ha,Actual,PL3
6a65172a-2c00-4b4a-bd5b-e57b95bbc33b,2013,3,Gia Lai,Provincial,Cultivation,Lúa,,Area_Planted,422.0,ha,Actual,PL3
62432ea8-79be-4f99-87c9-6fccc60ea620,2013,3,Gia Lai,Provincial,Cultivation,Lúa,,Area_Planted,3858.0,ha,Actual,PL3
019b76f1-5a04-47d6-90db-be27bb6a6e0c,2013,3,Đắk Lắk,Provincial,Cultivation,Lúa,,Area_Planted,524.0,ha,Actual,PL3
afc7dd62-67ee-4f62-b69c-113662d8b941,2013,3,Đắk Lắk,Provincial,Cultivation,Lúa,,Area_Planted,1.7,ha,Actual,PL3
37906558-ec70-4306-97f6-6bd7d1c45091,2013,3,Đắk Lắk,Provincial,Cultivation,Lúa,,Area_Planted,45.0,ha,Actual,PL3
22d0c15c-b6fe-439c-b6de-991222a40482,2013,3,Đắk Lắk,Provincial,Cultivation,Lúa,,Area_Planted,3398.0,ha,Actual,PL3
a4e3406c-fbc5-4c56-99f0-66f4bc0c5bc7,2013,3,Đắk Lắk,Provincial,Cultivation,Lúa,,Area_Planted,722.0,ha,Actual,PL3
437e3555-7e3c-4b50-845c-626e289430c2,2013,3,Đắk Lắk,Provincial,Cultivation,Lúa,,Area_Planted,658.0,ha,Actual,PL3
2befa8cd-14f4-4fdb-8c4e-8de8291d7853,2013,3,Đắk Nông,Provincial,Cultivation,Lúa,,Area_Planted,2390.0,ha,Actual,PL3
fe8cb16d-a0e5-43c7-adc2-a21d16a1dd1c,2013,3,Đắk Nông,Provincial,Cultivation,Lúa,,Area_Planted,1033.0,ha,Actual,PL3
f586f258-cf95-4ee8-9fa9-b7cb7961af74,2013,3,Lâm Đồng,Provincial,Cultivation,Lúa,,Area_Planted,2039.0,ha,Actual,PL3
b705ec9b-c11a-431b-be85-e83a360cb620,2013,3,Lâm Đồng,Provincial,Cultivation,Lúa,,Area_Planted,262.0,ha,Actual,PL3
d1f1f8bc-4f1f-44c7-8aff-632e4dcc2008,2013,3,Lâm Đồng,Provincial,Cultivation,Lúa,,Area_Planted,35.0,ha,Actual,PL3
6190a339-4aad-47b5-b395-53dc3ed16870,2013,3,Đông Nam Bộ,Provincial,Cultivation,Lúa,,Area_Planted,23950.0,ha,Actual,PL3
d86fc1db-c969-4d94-88c0-1b4dc5269de3,2013,3,Đông Nam Bộ,Provincial,Cultivation,Lúa,,Area_Planted,30.6,ha,Actual,PL3
c5882268-caad-4f7a-add5-a2d9c06e760e,2013,3,Đông Nam Bộ,Provincial,Cultivation,Lúa,,Area_Planted,55.2,ha,Actual,PL3
d0138ae7-3dab-40f3-b86a-8088759ed513,2013,3,Đông Nam Bộ,Provincial,Cultivation,Lúa,,Area_Planted,43.0,ha,Actual,PL3
ad54e2a4-a582-45f4-a750-5267f96e96ad,2013,3,Đông Nam Bộ,Provincial,Cultivation,Lúa,,Area_Planted,15830.0,ha,Actual,PL3
2e68aeb8-4fe5-4f85-b8c7-a06ac3840249,2013,3,Đông Nam Bộ,Provincial,Cultivation,Lúa,,Area_Planted,588.0,ha,Actual,PL3
ee467f1c-1a16-4abe-bb62-78f278cbe019,2013,3,Đông Nam Bộ,Provincial,Cultivation,Lúa,,Area_Planted,26142.0,ha,Actual,PL3
1dfc149e-83d2-4f93-9a08-4ff5e88cfd97,2013,3,Đông Nam Bộ,Provincial,Cultivation,Lúa,,Area_Planted,608.0,ha,Actual,PL3
c6e40e02-5a23-4847-be76-728f91bc4720,2013,3,Bình Phước,Provincial,Cultivation,Lúa,,Area_Planted,437.0,ha,Actual,PL3
e4304a4e-a422-45cf-af4e-b5c57e1f5d9f,2013,3,Bình Phước,Provincial,Cultivation,Lúa,,Area_Planted,149.0,ha,Actual,PL3
98d9667f-dd20-411e-8069-908ca7b74c25,2013,3,Bình Phước,Provincial,Cultivation,Lúa,,Area_Planted,1109.0,ha,Actual,PL3
23a5a310-ab08-41d3-be99-38a18668dcce,2013,3,Bình Phước,Provincial,Cultivation,Lúa,,Area_Planted,162.0,ha,Actual,PL3
0c5fc727-f650-49cd-ae02-50ff8f6ec7ed,2013,3,Tây Ninh,Provincial,Cultivation,Lúa,,Area_Planted,5907.0,ha,Actual,PL3
7687eb67-9b41-47c4-ba48-5bf44e18f403,2013,3,Tây Ninh,Provincial,Cultivation,Lúa,,Area_Planted,12.7,ha,Actual,PL3
efc202a7-c1b9-4d64-b539-6b3d9aaff66f,2013,3,Tây Ninh,Provincial,Cultivation,Lúa,,Area_Planted,54.2,ha,Actual,PL3
af47e3e8-51e0-4998-b7e0-2b17a4be34c1,2013,3,Tây Ninh,Provincial,Cultivation,Lúa,,Area_Planted,3225.0,ha,Actual,PL3
22617411-0a13-4e43-8869-0dd0214b48fc,2013,3,Tây Ninh,Provincial,Cultivation,Lúa,,Area_Planted,113.0,ha,Actual,PL3
c5e05184-4821-4709-862b-70792a6b3fa9,2013,3,Tây Ninh,Provincial,Cultivation,Lúa,,Area_Planted,21216.0,ha,Actual,PL3
38c6bb29-29c2-4ea5-86fe-ea72e74241b1,2013,3,Tây Ninh,Provincial,Cultivation,Lúa,,Area_Planted,263.0,ha,Actual,PL3
d60b87bb-f88f-4724-bce0-f910b2494f6f,2013,3,Bình Dương,Provincial,Cultivation,Lúa,,Area_Planted,1982.0,ha,Actual,PL3
09e2083c-1eaa-400b-a84e-01cdb042d5aa,2013,3,Bình Dương,Provincial,Cultivation,Lúa,,Area_Planted,71.6,ha,Actual,PL3
a000cc5b-5d0b-4f84-b1ed-f485b2804470,2013,3,Bình Dương,Provincial,Cultivation,Lúa,,Area_Planted,47.0,ha,Actual,PL3
db065c3d-85ba-4363-b0c1-6ff84130cc04,2013,3,Bình Dương,Provincial,Cultivation,Lúa,,Area_Planted,46.0,ha,Actual,PL3
fdc3be9a-3f1a-40ec-a0f9-6a42d838b85d,2013,3,Bình Dương,Provincial,Cultivation,Lúa,,Area_Planted,150.0,ha,Actual,PL3
56dd4fe8-e135-4595-a339-71947d007e6c,2013,3,Bình Dương,Provincial,Cultivation,Lúa,,Area_Planted,1471.0,ha,Actual,PL3
88bae9ed-3431-4c70-bc8e-3766645bd68c,2013,3,Đồng Nai,Provincial,Cultivation,Lúa,,Area_Planted,14368.0,ha,Actual,PL3
18b202e5-f6ef-4e16-95e4-4ae09f639604,2013,3,Đồng Nai,Provincial,Cultivation,Lúa,,Area_Planted,100.0,ha,Actual,PL3
5c94f5b5-3f52-4fd5-87b4-8c7665f27ea1,2013,3,Đồng Nai,Provincial,Cultivation,Lúa,,Area_Planted,57.4,ha,Actual,PL3
00d456b6-bea8-43a8-8cc0-c49e588b8ae8,2013,3,Đồng Nai,Provincial,Cultivation,Lúa,,Area_Planted,11008.0,ha,Actual,PL3
1ebc26b5-2182-4162-99d3-098bfcd199d3,2013,3,Đồng Nai,Provincial,Cultivation,Lúa,,Area_Planted,130.0,ha,Actual,PL3
2ae4ff49-7689-4ee0-bbc2-15f2d9c769b0,2013,3,Đồng Nai,Provincial,Cultivation,Lúa,,Area_Planted,2346.0,ha,Actual,PL3
665374a5-1794-4c31-ac53-81fbf13d61b2,2013,3,Đồng Nai,Provincial,Cultivation,Lúa,,Area_Planted,183.0,ha,Actual,PL3
9df37a82-a59d-4728-bc23-c2ecff1510f2,2013,3,Bà Rịa-V.Tàu,Provincial,Cultivation,Lúa,,Area_Planted,1693.0,ha,Actual,PL3
341ef010-2ccd-4993-9fa9-a302822f2e31,2013,3,Bà Rịa-V.Tàu,Provincial,Cultivation,Lúa,,Area_Planted,30.6,ha,Actual,PL3
357f8c01-862f-458c-b69e-b160edfd374d,2013,3,Bà Rịa-V.Tàu,Provincial,Cultivation,Lúa,,Area_Planted,49.7,ha,Actual,PL3
3509925d-d402-4086-bb3b-f988341be97e,2013,3,Bà Rịa-V.Tàu,Provincial,Cultivation,Lúa,,Area_Planted,43.0,ha,Actual,PL3
5f9e7f7a-4dfe-4eaa-88cd-801cbd7db8a1,2013,3,Bà Rịa-V.Tàu,Provincial,Cultivation,Lúa,,Area_Planted,1114.0,ha,Actual,PL3
a5cedff4-454a-4b4f-918e-36b0c777436b,2013,3,Bà Rịa-V.Tàu,Provincial,Cultivation,Lúa,,Area_Planted,46.0,ha,Actual,PL3
7722f462-e433-4c6b-937d-6c02f4317a96,2013,3,ĐBS Cửu Long,Provincial,Cultivation,Lúa,,Area_Planted,1318266.0,ha,Actual,PL3
b1f05003-f0cd-4013-a55e-f26da518ad67,2013,3,ĐBS Cửu Long,Provincial,Cultivation,Lúa,,Area_Planted,82.3,ha,Actual,PL3
37aea2d3-a2cc-4f7e-b0a8-e44ba2c3a44c,2013,3,ĐBS Cửu Long,Provincial,Cultivation,Lúa,,Area_Planted,68.4,ha,Actual,PL3
010e6c93-e68f-4ee4-b65e-10ab4d012418,2013,3,ĐBS Cửu Long,Provincial,Cultivation,Lúa,,Area_Planted,356907.0,ha,Actual,PL3
770f8ca0-8e39-4695-8100-2a405151ed46,2013,3,ĐBS Cửu Long,Provincial,Cultivation,Lúa,,Area_Planted,17137.0,ha,Actual,PL3
beb56c58-4e5d-4995-b08b-a7731295d850,2013,3,ĐBS Cửu Long,Provincial,Cultivation,Lúa,,Area_Planted,9456.0,ha,Actual,PL3
d02aac96-e5cd-4082-92bb-76943d7b27f4,2013,3,ĐBS Cửu Long,Provincial,Cultivation,Lúa,,Area_Planted,2328.0,ha,Actual,PL3
e85db637-a1a6-4143-8028-fc43941fc783,2013,3,ĐBS Cửu Long,Provincial,Cultivation,Lúa,,Area_Planted,5896.0,ha,Actual,PL3
64e462f2-5f95-4ec1-b228-24f3f607de57,2013,3,Long An,Provincial,Cultivation,Lúa,,Area_Planted,211671.0,ha,Actual,PL3
9323a29f-2e42-4b66-a37c-611aa3298175,2013,3,Long An,Provincial,Cultivation,Lúa,,Area_Planted,79.0,ha,Actual,PL3
bfed0773-96c9-433f-a933-cbbe34abb4ff,2013,3,Long An,Provincial,Cultivation,Lúa,,Area_Planted,60.0,ha,Actual,PL3
e9f1438f-ce61-4343-9bb5-dad4dc277c7e,2013,3,Long An,Provincial,Cultivation,Lúa,,Area_Planted,26728.0,ha,Actual,PL3
b2da9144-e1fc-45a7-9269-18b8182b6e1f,2013,3,Long An,Provincial,Cultivation,Lúa,,Area_Planted,3025.0,ha,Actual,PL3
6feae60a-15d8-48d4-99d1-17eacc76fcc7,2013,3,Long An,Provincial,Cultivation,Lúa,,Area_Planted,14.0,ha,Actual,PL3
1c1c55ed-53a7-4cf6-a256-c91f19c85bdd,2013,3,Long An,Provincial,Cultivation,Lúa,,Area_Planted,652.0,ha,Actual,PL3
aed93cc3-4a15-4c9c-b24c-9e57f224d2d5,2013,3,Long An,Provincial,Cultivation,Lúa,,Area_Planted,3266.0,ha,Actual,PL3
2d513bf8-bbef-452a-b090-044a34e41a30,2013,3,Tiền Giang,Provincial,Cultivation,Lúa,,Area_Planted,78450.0,ha,Actual,PL3
40768a86-fb1a-4db4-a8a4-750378fac837,2013,3,Tiền Giang,Provincial,Cultivation,Lúa,,Area_Planted,98.8,ha,Actual,PL3
f8530d95-81f3-416f-8771-0a5eba69b917,2013,3,Tiền Giang,Provincial,Cultivation,Lúa,,Area_Planted,69.0,ha,Actual,PL3
c9757f36-a87e-4e28-9db4-7a32f0d0a5d0,2013,3,Tiền Giang,Provincial,Cultivation,Lúa,,Area_Planted,38586.0,ha,Actual,PL3
d58aa025-1b24-4ea2-b064-d4b819a0dcba,2013,3,Tiền Giang,Provincial,Cultivation,Lúa,,Area_Planted,2275.0,ha,Actual,PL3
33ec95fc-44b6-47d1-b211-575c5496c1e9,2013,3,Tiền Giang,Provincial,Cultivation,Lúa,,Area_Planted,262.0,ha,Actual,PL3
d857c214-250e-44b5-9cc5-f0572ac1411e,2013,3,Tiền Giang,Provincial,Cultivation,Lúa,,Area_Planted,103.0,ha,Actual,PL3
55656dc6-f7d8-4bba-b50d-1048b8b2b7e9,2013,3,Tiền Giang,Provincial,Cultivation,Lúa,,Area_Planted,897.0,ha,Actual,PL3
75e0928a-7ab2-4ebe-ab6f-2c5dd430f99b,2013,3,Bến Tre,Provincial,Cultivation,Lúa,,Area_Planted,1241.0,ha,Actual,PL3
8c29ed1e-fa86-413c-89dc-fda01e3957a4,2013,3,Bến Tre,Provincial,Cultivation,Lúa,,Area_Planted,6.4,ha,Actual,PL3
3ae6ab33-47bc-42c0-aa92-fa9507f1f72c,2013,3,Bến Tre,Provincial,Cultivation,Lúa,,Area_Planted,47.7,ha,Actual,PL3
68e416b5-bad8-4b44-998b-56e171e8b434,2013,3,Bến Tre,Provincial,Cultivation,Lúa,,Area_Planted,361.0,ha,Actual,PL3
ba916055-2339-4a80-9448-7cbad5173b82,2013,3,Bến Tre,Provincial,Cultivation,Lúa,,Area_Planted,57.0,ha,Actual,PL3
149dd3a3-e3f3-4959-8bee-3d004b9496ee,2013,3,Bến Tre,Provincial,Cultivation,Lúa,,Area_Planted,71.0,ha,Actual,PL3
a08a042c-3e45-4d52-8d9e-8cd49f52ea1f,2013,3,Trà Vinh,Provincial,Cultivation,Lúa,,Area_Planted,31050.0,ha,Actual,PL3
283f93af-3693-4c23-8c69-c39dac179d70,2013,3,Trà Vinh,Provincial,Cultivation,Lúa,,Area_Planted,48.2,ha,Actual,PL3
4c6ce3a3-57f0-4403-8698-393fb6dc8e2c,2013,3,Trà Vinh,Provincial,Cultivation,Lúa,,Area_Planted,60.3,ha,Actual,PL3
5173600f-e25c-4819-bf26-e224cb494273,2013,3,Trà Vinh,Provincial,Cultivation,Lúa,,Area_Planted,2084.0,ha,Actual,PL3
cc879400-a1ab-4fa5-a8c8-128d2cc4e260,2013,3,Trà Vinh,Provincial,Cultivation,Lúa,,Area_Planted,2325.0,ha,Actual,PL3
22dbecb6-8d36-4a4e-b8c5-ca65345575b7,2013,3,Trà Vinh,Provincial,Cultivation,Lúa,,Area_Planted,547.0,ha,Actual,PL3
4d8d751a-cd0d-46e0-b715-25b37b168dcd,2013,3,Trà Vinh,Provincial,Cultivation,Lúa,,Area_Planted,318.0,ha,Actual,PL3
9591f9be-04bc-4e94-961e-7ba5fef55130,2013,3,Trà Vinh,Provincial,Cultivation,Lúa,,Area_Planted,239.0,ha,Actual,PL3
bbf7c2d5-8169-4143-9d11-98947b8a3336,2013,3,Vĩnh Long,Provincial,Cultivation,Lúa,,Area_Planted,63529.0,ha,Actual,PL3
0ef5f412-97c8-4376-a40b-9bd6d03ab45c,2013,3,Vĩnh Long,Provincial,Cultivation,Lúa,,Area_Planted,100.0,ha,Actual,PL3
e792f6ee-4049-40ea-8312-09b9f826a9a8,2013,3,Vĩnh Long,Provincial,Cultivation,Lúa,,Area_Planted,70.0,ha,Actual,PL3
b92ad0c4-589d-4611-9aa7-758481c65cbc,2013,3,Vĩnh Long,Provincial,Cultivation,Lúa,,Area_Planted,22058.0,ha,Actual,PL3
dd8dff6a-39e3-497e-9564-801434fea7e8,2013,3,Vĩnh Long,Provincial,Cultivation,Lúa,,Area_Planted,788.0,ha,Actual,PL3
40570dfa-c242-4c28-89b0-ce208d57688c,2013,3,Vĩnh Long,Provincial,Cultivation,Lúa,,Area_Planted,6029.0,ha,Actual,PL3
390184b4-ea71-4382-9119-a5617bdd16a4,2013,3,Vĩnh Long,Provincial,Cultivation,Lúa,,Area_Planted,53.8,ha,Actual,PL3
a65f9444-4687-49d9-8d79-601edce07cdd,2013,3,Đồng Tháp,Provincial,Cultivation,Lúa,,Area_Planted,198187.0,ha,Actual,PL3
c1abde6e-4ee4-4a0a-bbc0-035e58ae8a8d,2013,3,Đồng Tháp,Provincial,Cultivation,Lúa,,Area_Planted,95.2,ha,Actual,PL3
dab53d0a-3824-4a4f-9d9e-c8c43927154f,2013,3,Đồng Tháp,Provincial,Cultivation,Lúa,,Area_Planted,70.3,ha,Actual,PL3
28c72400-a94b-45ae-a431-caeef795a002,2013,3,Đồng Tháp,Provincial,Cultivation,Lúa,,Area_Planted,110569.0,ha,Actual,PL3
d6b949de-1f51-4512-9441-fe9f5baba361,2013,3,Đồng Tháp,Provincial,Cultivation,Lúa,,Area_Planted,1357.0,ha,Actual,PL3
a181ec07-ecf2-497e-a5d8-3fca31aeda8e,2013,3,Đồng Tháp,Provincial,Cultivation,Lúa,,Area_Planted,588.0,ha,Actual,PL3
767267ae-d604-4c69-8992-7eee94354d21,2013,3,Đồng Tháp,Provincial,Cultivation,Lúa,,Area_Planted,707.4,ha,Actual,PL3
855af848-5521-445a-bdfe-ed7808c79345,2013,3,An Giang,Provincial,Cultivation,Lúa,,Area_Planted,124303.0,ha,Actual,PL3
b61b98ae-7eac-402e-8d21-9e3f18025f62,2013,3,An Giang,Provincial,Cultivation,Lúa,,Area_Planted,52.2,ha,Actual,PL3
e607e15e-90bb-4b09-a0f3-7fa26eba8678,2013,3,An Giang,Provincial,Cultivation,Lúa,,Area_Planted,74.4,ha,Actual,PL3
58114435-1913-4912-a669-421ca0ae32ae,2013,3,An Giang,Provincial,Cultivation,Lúa,,Area_Planted,3763.0,ha,Actual,PL3
b86db557-7b93-4a17-b21e-38ff3d80f0d3,2013,3,An Giang,Provincial,Cultivation,Lúa,,Area_Planted,171.0,ha,Actual,PL3
610be663-7c19-4c6e-982e-349c52e2c7b1,2013,3,An Giang,Provincial,Cultivation,Lúa,,Area_Planted,525.0,ha,Actual,PL3
21f6d9de-bcdd-485b-8270-2cf407265950,2013,3,An Giang,Provincial,Cultivation,Lúa,,Area_Planted,479.0,ha,Actual,PL3
1434368e-7c17-4899-809d-ca0f70c91cb8,2013,3,Kiên Giang,Provincial,Cultivation,Lúa,,Area_Planted,287338.0,ha,Actual,PL3
6de1fb4e-7ddc-4840-be0e-282f9ecdbe5c,2013,3,Kiên Giang,Provincial,Cultivation,Lúa,,Area_Planted,95.6,ha,Actual,PL3
d3a29c22-1f0f-4fd7-92a3-164c5b9c224f,2013,3,Kiên Giang,Provincial,Cultivation,Lúa,,Area_Planted,71.0,ha,Actual,PL3
0d399b1c-4c12-406c-9638-5a4acf4db181,2013,3,Kiên Giang,Provincial,Cultivation,Lúa,,Area_Planted,44327.0,ha,Actual,PL3
eb53565e-b218-48d3-b6e0-bcb039127887,2013,3,Kiên Giang,Provincial,Cultivation,Lúa,,Area_Planted,30.0,ha,Actual,PL3
53d61eea-ff6d-409f-88f8-5f9e6aca0575,2013,3,Kiên Giang,Provincial,Cultivation,Lúa,,Area_Planted,684.0,ha,Actual,PL3
f1a5687d-0612-4ade-b8ee-c3da99f0ea84,2013,3,Kiên Giang,Provincial,Cultivation,Lúa,,Area_Planted,245.0,ha,Actual,PL3
cfc5380b-bd28-4d20-883d-66a26d893fbb,2013,3,Cần Thơ,Provincial,Cultivation,Lúa,,Area_Planted,85463.0,ha,Actual,PL3
280b5510-5bf5-4c57-bb8a-f87ce7190f3f,2013,3,Cần Thơ,Provincial,Cultivation,Lúa,,Area_Planted,97.1,ha,Actual,PL3
b7f4b1cc-82d8-4d42-986a-ee93c5082cd1,2013,3,Cần Thơ,Provincial,Cultivation,Lúa,,Area_Planted,72.1,ha,Actual,PL3
93be6c35-72f8-41bc-85e3-8fa936174b3a,2013,3,Cần Thơ,Provincial,Cultivation,Lúa,,Area_Planted,38632.0,ha,Actual,PL3
e398ed38-d92f-4e94-9658-66dcf7065e85,2013,3,Cần Thơ,Provincial,Cultivation,Lúa,,Area_Planted,296.0,ha,Actual,PL3
31751fde-5229-46bd-afdb-25f3b5aa9e18,2013,3,Cần Thơ,Provincial,Cultivation,Lúa,,Area_Planted,48.0,ha,Actual,PL3
db0c9685-6c44-43ef-9da4-819899c95d3d,2013,3,Hậu Giang,Provincial,Cultivation,Lúa,,Area_Planted,60775.0,ha,Actual,PL3
7ebfbf8e-7a95-4f2a-8604-3d952d3ffbf8,2013,3,Hậu Giang,Provincial,Cultivation,Lúa,,Area_Planted,75.0,ha,Actual,PL3
c4d48be1-65a3-4fda-9a87-255684263a6a,2013,3,Hậu Giang,Provincial,Cultivation,Lúa,,Area_Planted,72.8,ha,Actual,PL3
330ec3e7-c07f-413e-aa6f-36e158011b04,2013,3,Hậu Giang,Provincial,Cultivation,Lúa,,Area_Planted,16096.0,ha,Actual,PL3
691f50b6-c9e0-4582-89ac-412efb6a9fe4,2013,3,Hậu Giang,Provincial,Cultivation,Lúa,,Area_Planted,680.0,ha,Actual,PL3
d387d515-6c74-4c9b-b909-18c2024ae8dd,2013,3,Sóc Trăng,Provincial,Cultivation,Lúa,,Area_Planted,141259.0,ha,Actual,PL3
1bd4b378-043c-409f-a88b-ef1b523d84f1,2013,3,Sóc Trăng,Provincial,Cultivation,Lúa,,Area_Planted,100.0,ha,Actual,PL3
2ea389e0-177b-4f4a-9616-84a2aab13cdf,2013,3,Sóc Trăng,Provincial,Cultivation,Lúa,,Area_Planted,65.9,ha,Actual,PL3
f6ae106d-dba7-46aa-9a19-aa67e35fa7a0,2013,3,Sóc Trăng,Provincial,Cultivation,Lúa,,Area_Planted,56827.0,ha,Actual,PL3
ee7cf6d6-9bc2-4f9a-ae43-2b4d6e205471,2013,3,Sóc Trăng,Provincial,Cultivation,Lúa,,Area_Planted,2189.0,ha,Actual,PL3
bf9fa4c2-f2f1-4a58-b20f-dd0bb2bbe5d1,2013,3,Sóc Trăng,Provincial,Cultivation,Lúa,,Area_Planted,867.0,ha,Actual,PL3
b917171b-e9ff-40a0-a658-417ffc071c4e,2013,3,Sóc Trăng,Provincial,Cultivation,Lúa,,Area_Planted,222.0,ha,Actual,PL3
cb9f46d3-7554-46a2-8646-e763ea326c0d,2013,3,Sóc Trăng,Provincial,Cultivation,Lúa,,Area_Planted,98.0,ha,Actual,PL3
c43b5914-9727-4c37-8a6e-08500fd067cb,2013,3,Bạc Liêu,Provincial,Cultivation,Lúa,,Area_Planted,35000.0,ha,Actual,PL3
aa64c6ec-4ea7-4f46-b28c-653489091401,2013,3,Bạc Liêu,Provincial,Cultivation,Lúa,,Area_Planted,71.0,ha,Actual,PL3
b43355f2-8373-4d27-958c-6a1286f96e59,2013,3,Bạc Liêu,Provincial,Cultivation,Lúa,,Area_Planted,64.3,ha,Actual,PL3
1723e277-7b83-4880-afb6-f971a178a020,2013,3,Bạc Liêu,Provincial,Cultivation,Lúa,,Area_Planted,1000.0,ha,Actual,PL3
9e8c4d7d-a04c-4563-a795-ca50cd1c0a17,2013,3,Bạc Liêu,Provincial,Cultivation,Lúa,,Area_Planted,48.0,ha,Actual,PL3
b727be74-5238-4188-a617-c39e29810ec3,2013,3,Bạc Liêu,Provincial,Cultivation,Lúa,,Area_Planted,189.0,ha,Actual,PL3
1855ec2b-de70-452c-854e-a2d1442dcf26,2013,3,Bạc Liêu,Provincial,Cultivation,Lúa,,Area_Planted,192.0,ha,Actual,PL3
36a156c3-3df1-48c9-b516-1eb6b553d14b,2013,3,Bạc Liêu,Provincial,Cultivation,Lúa,,Area_Planted,156.0,ha,Actual,PL3
5c5650bf-96e6-4975-9d50-4bece423a0ee,2013,3,Miền Bắc,Regional,Cultivation,Lúa,,Area_Planted,203199.0,ha,Actual,PL4
b001118e-130c-413c-81b0-e6039afe01d5,2013,3,Miền Bắc,Regional,Cultivation,Lúa,,Area_Planted,112115.0,ha,Actual,PL4
7b84f791-ad29-4cbc-8911-99a9d99ff26f,2013,3,Miền Bắc,Regional,Cultivation,Lúa,,Area_Planted,60461.0,ha,Actual,PL4
a043e486-e8e6-44df-99fb-d1740359a2af,2013,3,Miền Bắc,Regional,Cultivation,Lúa,,Area_Planted,9463.0,ha,Actual,PL4
b3e34bdd-5c37-40c1-ac7e-ff9ce641a4fd,2013,3,Miền Bắc,Regional,Cultivation,Lúa,,Area_Planted,18109.0,ha,Actual,PL4
b9995980-798b-4f10-9503-641df8be275b,2013,3,Miền Bắc,Regional,Cultivation,Lúa,,Area_Planted,3050.0,ha,Actual,PL4
6ddfaf98-022f-4e17-836c-717137f9491b,2013,3,Miền Bắc,Regional,Cultivation,Lúa,,Area_Planted,235522.0,ha,Actual,PL4
039b345e-49bb-46c3-9cde-3afc293daf02,2013,3,Miền Bắc,Regional,Cultivation,Lúa,,Area_Planted,13111.0,ha,Actual,PL4
f1dbc3b0-7c46-47fa-abab-b8406c097422,2013,3,ĐB sông Hồng,Provincial,Cultivation,Lúa,,Area_Planted,64365.0,ha,Actual,PL4
462c819f-77af-406c-8ca2-233aef6d78a5,2013,3,ĐB sông Hồng,Provincial,Cultivation,Lúa,,Area_Planted,22619.0,ha,Actual,PL4
a91ab449-1d55-4773-a20d-f6312a74a77f,2013,3,ĐB sông Hồng,Provincial,Cultivation,Lúa,,Area_Planted,38839.0,ha,Actual,PL4
cf0e41a3-e7e9-4f06-8801-e18f8b82a915,2013,3,ĐB sông Hồng,Provincial,Cultivation,Lúa,,Area_Planted,100.0,ha,Actual,PL4
54a3adfe-7da9-403c-af10-d618d85fa819,2013,3,ĐB sông Hồng,Provincial,Cultivation,Lúa,,Area_Planted,112.0,ha,Actual,PL4
a00d37ae-051e-4ea4-a9ea-c42b3452dc85,2013,3,ĐB sông Hồng,Provincial,Cultivation,Lúa,,Area_Planted,2694.0,ha,Actual,PL4
08eea5de-b678-4b8d-a024-c2408ca6ced1,2013,3,ĐB sông Hồng,Provincial,Cultivation,Lúa,,Area_Planted,122667.0,ha,Actual,PL4
a15eba06-bbf9-4f55-bbd8-101bbccda426,2013,3,ĐB sông Hồng,Provincial,Cultivation,Lúa,,Area_Planted,10960.0,ha,Actual,PL4
5b5ae839-8093-4b84-b116-026fca74d095,2013,3,Hà Nội,Provincial,Cultivation,Lúa,,Area_Planted,25609.0,ha,Actual,PL4
d70120f2-704e-4ff4-bac5-9babc91d6cd9,2013,3,Hà Nội,Provincial,Cultivation,Lúa,,Area_Planted,4974.0,ha,Actual,PL4
bf5346f5-6393-46f8-9a9a-59be9a626239,2013,3,Hà Nội,Provincial,Cultivation,Lúa,,Area_Planted,19404.0,ha,Actual,PL4
6b090ae6-87e0-46b3-8df1-8a1c53cbb55d,2013,3,Hà Nội,Provincial,Cultivation,Lúa,,Area_Planted,1231.0,ha,Actual,PL4
4729869c-8ff4-493b-90cc-c5a55ae824da,2013,3,Hà Nội,Provincial,Cultivation,Lúa,,Area_Planted,15905.0,ha,Actual,PL4
38ad2ae3-ca91-41b2-87f2-6dbc1f56a15a,2013,3,Hà Nội,Provincial,Cultivation,Lúa,,Area_Planted,1518.0,ha,Actual,PL4
be2a4a75-e448-49e0-8e91-32d1f53ecd6b,2013,3,Hải Phòng,Provincial,Cultivation,Lúa,,Area_Planted,186.0,ha,Actual,PL4
c720a9c3-d508-4325-82f2-cb580009bb30,2013,3,Hải Phòng,Provincial,Cultivation,Lúa,,Area_Planted,5.0,ha,Actual,PL4
cc5cb904-14e3-4a97-80ed-d736a0952885,2013,3,Hải Phòng,Provincial,Cultivation,Lúa,,Area_Planted,100.0,ha,Actual,PL4
5dece96c-04d6-40d7-a134-c9d497ce971f,2013,3,Hải Phòng,Provincial,Cultivation,Lúa,,Area_Planted,81.0,ha,Actual,PL4
dc633415-e4f2-4634-829e-8d13764a8063,2013,3,Hải Phòng,Provincial,Cultivation,Lúa,,Area_Planted,7600.0,ha,Actual,PL4
77379918-c26a-49ad-a013-72dbb888c102,2013,3,Hải Phòng,Provincial,Cultivation,Lúa,,Area_Planted,300.0,ha,Actual,PL4
1ef82c38-0ad9-473d-882a-f33bd54dd685,2013,3,Vĩnh Phúc,Provincial,Cultivation,Lúa,,Area_Planted,5647.0,ha,Actual,PL4
edf4c3de-49b0-44fe-a5ce-185cbb10fb36,2013,3,Vĩnh Phúc,Provincial,Cultivation,Lúa,,Area_Planted,2590.0,ha,Actual,PL4
b30a9b3c-8717-424e-86e1-3c572c9af489,2013,3,Vĩnh Phúc,Provincial,Cultivation,Lúa,,Area_Planted,2534.0,ha,Actual,PL4
af867f77-38e3-4131-8766-a05b9dc1595b,2013,3,Vĩnh Phúc,Provincial,Cultivation,Lúa,,Area_Planted,18.0,ha,Actual,PL4
27227c4c-825b-4d17-b7de-d3be608e8380,2013,3,Vĩnh Phúc,Provincial,Cultivation,Lúa,,Area_Planted,505.0,ha,Actual,PL4
529dc293-bbaf-4318-aef4-0177e0d31baf,2013,3,Vĩnh Phúc,Provincial,Cultivation,Lúa,,Area_Planted,5774.0,ha,Actual,PL4
d9c1bd95-0491-4a63-a0fd-6502503e2eb8,2013,3,Vĩnh Phúc,Provincial,Cultivation,Lúa,,Area_Planted,180.0,ha,Actual,PL4
285c2df7-22fb-42e2-bd30-0345eb66ce48,2013,3,Bắc Ninh,Provincial,Cultivation,Lúa,,Area_Planted,1462.0,ha,Actual,PL4
5bc43a63-0927-42c1-aa5a-82a7de085d9e,2013,3,Bắc Ninh,Provincial,Cultivation,Lúa,,Area_Planted,730.0,ha,Actual,PL4
3f060d0a-bd44-4f24-9eb5-68541b63b7a0,2013,3,Bắc Ninh,Provincial,Cultivation,Lúa,,Area_Planted,732.0,ha,Actual,PL4
472a9a08-cf43-4deb-babb-a8030182f284,2013,3,Bắc Ninh,Provincial,Cultivation,Lúa,,Area_Planted,4749.0,ha,Actual,PL4
0fe5eac7-d4ba-498f-af3f-873f0b2b3f97,2013,3,Bắc Ninh,Provincial,Cultivation,Lúa,,Area_Planted,2259.0,ha,Actual,PL4
1fe97f4c-fcfb-4665-a6c9-2f64f6c6242a,2013,3,Hải Dương,Provincial,Cultivation,Lúa,,Area_Planted,2200.0,ha,Actual,PL4
863fd5e7-33b2-4636-89f9-7f83f72c6102,2013,3,Hải Dương,Provincial,Cultivation,Lúa,,Area_Planted,1200.0,ha,Actual,PL4
0b6aaef5-a536-43e9-9545-6b0746f053df,2013,3,Hải Dương,Provincial,Cultivation,Lúa,,Area_Planted,1000.0,ha,Actual,PL4
41cab983-b4e2-4226-bac2-f4fdb5102a1d,2013,3,Hải Dương,Provincial,Cultivation,Lúa,,Area_Planted,26913.0,ha,Actual,PL4
59785456-5ebd-4abb-a96c-969f117390a5,2013,3,Hải Dương,Provincial,Cultivation,Lúa,,Area_Planted,300.0,ha,Actual,PL4
cfa40299-79c0-4520-9da2-4707e1cdad78,2013,3,Hưng Yên,Provincial,Cultivation,Lúa,,Area_Planted,2418.0,ha,Actual,PL4
4b8dc84d-3f1b-42a3-b31e-06f9cadc1596,2013,3,Hưng Yên,Provincial,Cultivation,Lúa,,Area_Planted,700.0,ha,Actual,PL4
c27e53bf-71a2-4d8d-840f-df40b7c75e86,2013,3,Hưng Yên,Provincial,Cultivation,Lúa,,Area_Planted,1718.0,ha,Actual,PL4
a7c6c5ed-273e-480d-8f64-674fbcd0dde4,2013,3,Hưng Yên,Provincial,Cultivation,Lúa,,Area_Planted,6481.0,ha,Actual,PL4
ad58cab3-c34b-493e-a6b2-f0582e8bc713,2013,3,Hưng Yên,Provincial,Cultivation,Lúa,,Area_Planted,400.0,ha,Actual,PL4
7bd0be5a-a512-4e83-8b16-a164bd867792,2013,3,Hà Nam,Provincial,Cultivation,Lúa,,Area_Planted,7354.0,ha,Actual,PL4
b2ded3e1-86bc-424d-8813-749e1c565440,2013,3,Hà Nam,Provincial,Cultivation,Lúa,,Area_Planted,316.0,ha,Actual,PL4
58df9340-7887-4ab6-bd68-3793ea70853e,2013,3,Hà Nam,Provincial,Cultivation,Lúa,,Area_Planted,7000.0,ha,Actual,PL4
33f9f064-5255-4185-a190-ea97f3a4cb5d,2013,3,Hà Nam,Provincial,Cultivation,Lúa,,Area_Planted,38.0,ha,Actual,PL4
013a0d44-2a12-415f-a79f-218e20cc444d,2013,3,Hà Nam,Provincial,Cultivation,Lúa,,Area_Planted,6100.0,ha,Actual,PL4
e9bb1239-b97b-4a49-8917-eabfaa553b95,2013,3,Hà Nam,Provincial,Cultivation,Lúa,,Area_Planted,548.0,ha,Actual,PL4
cee61709-85d1-46a4-bb96-15afe2b9003b,2013,3,Nam Định,Provincial,Cultivation,Lúa,,Area_Planted,6523.0,ha,Actual,PL4
604c915b-3050-498b-9aef-9ba875939883,2013,3,Nam Định,Provincial,Cultivation,Lúa,,Area_Planted,5884.0,ha,Actual,PL4
12edab97-dec4-44ee-a7eb-aaa2f50d040f,2013,3,Nam Định,Provincial,Cultivation,Lúa,,Area_Planted,639.0,ha,Actual,PL4
69a77e3f-c2b0-4226-a428-b26b5a9d664f,2013,3,Nam Định,Provincial,Cultivation,Lúa,,Area_Planted,14795.0,ha,Actual,PL4
7ba2ebe7-5443-49fc-b758-8ba82dae6bab,2013,3,Nam Định,Provincial,Cultivation,Lúa,,Area_Planted,920.0,ha,Actual,PL4
ad41e436-e999-4b73-9078-5fc221c370c5,2013,3,Thái Bình,Provincial,Cultivation,Lúa,,Area_Planted,4722.0,ha,Actual,PL4
e763bf37-fdc8-4683-8047-0946cc35ca48,2013,3,Thái Bình,Provincial,Cultivation,Lúa,,Area_Planted,1776.0,ha,Actual,PL4
5d591e3e-02e4-4b9a-864e-2bcdbb4924d6,2013,3,Thái Bình,Provincial,Cultivation,Lúa,,Area_Planted,2852.0,ha,Actual,PL4
68056a05-a0d5-4365-9d75-59e08065d99a,2013,3,Thái Bình,Provincial,Cultivation,Lúa,,Area_Planted,94.0,ha,Actual,PL4
aafadb34-b4a2-4f89-9975-d8ffebe326cc,2013,3,Thái Bình,Provincial,Cultivation,Lúa,,Area_Planted,22819.0,ha,Actual,PL4
1489b144-b0dd-4a90-827c-155661f169c4,2013,3,Thái Bình,Provincial,Cultivation,Lúa,,Area_Planted,3315.0,ha,Actual,PL4
2bb03a1f-1715-499c-a5c6-9534cb209c85,2013,3,Ninh Bình,Provincial,Cultivation,Lúa,,Area_Planted,7336.0,ha,Actual,PL4
4ec635fd-cb36-4df0-98a2-d52873017574,2013,3,Ninh Bình,Provincial,Cultivation,Lúa,,Area_Planted,4006.0,ha,Actual,PL4
93a035fa-3f9e-4192-aca9-b81f28e8ad64,2013,3,Ninh Bình,Provincial,Cultivation,Lúa,,Area_Planted,2845.0,ha,Actual,PL4
9ad08664-6260-4e3f-bc2c-0b7126fb302b,2013,3,Ninh Bình,Provincial,Cultivation,Lúa,,Area_Planted,485.0,ha,Actual,PL4
606201db-c623-46cb-a831-6cd549c63a32,2013,3,Ninh Bình,Provincial,Cultivation,Lúa,,Area_Planted,6118.0,ha,Actual,PL4
eea113d2-f4a3-4dc0-912d-235ac7b1e02f,2013,3,Ninh Bình,Provincial,Cultivation,Lúa,,Area_Planted,1006.0,ha,Actual,PL4
6acc2028-273b-4685-99ea-4940e74dc231,2013,3,Quảng Ninh,Provincial,Cultivation,Lúa,,Area_Planted,908.0,ha,Actual,PL4
a2798917-9d52-4c0c-bf52-417e2373005f,2013,3,Quảng Ninh,Provincial,Cultivation,Lúa,,Area_Planted,443.0,ha,Actual,PL4
3d528a4d-5f68-4d4c-a431-b316b1ade388,2013,3,Quảng Ninh,Provincial,Cultivation,Lúa,,Area_Planted,111.0,ha,Actual,PL4
b1e5ec25-02e6-4d2a-8ee1-05801dd4c84d,2013,3,Quảng Ninh,Provincial,Cultivation,Lúa,,Area_Planted,354.0,ha,Actual,PL4
618d2c58-d719-41f1-96b5-b1e937d5e1fd,2013,3,Quảng Ninh,Provincial,Cultivation,Lúa,,Area_Planted,5413.0,ha,Actual,PL4
2e9b14e0-2e49-4376-9b65-3afb845aa38a,2013,3,Quảng Ninh,Provincial,Cultivation,Lúa,,Area_Planted,214.0,ha,Actual,PL4
9975c1f1-4004-4731-aea1-330b99122978,2013,3,TD và MN,Provincial,Cultivation,Lúa,,Area_Planted,58548.0,ha,Actual,PL4
421c0ddb-b203-413f-9c3a-eb139f376900,2013,3,TD và MN,Provincial,Cultivation,Lúa,,Area_Planted,29867.0,ha,Actual,PL4
90a69ee5-add3-4044-9a3b-29eab7c9acde,2013,3,TD và MN,Provincial,Cultivation,Lúa,,Area_Planted,13058.0,ha,Actual,PL4
0534fed5-a53c-42cb-a3f5-9a7a84a4e6ff,2013,3,TD và MN,Provincial,Cultivation,Lúa,,Area_Planted,9202.0,ha,Actual,PL4
14008568-8460-442f-9440-c14e0bbe73dd,2013,3,TD và MN,Provincial,Cultivation,Lúa,,Area_Planted,6327.0,ha,Actual,PL4
b55996dd-e08d-4a30-882b-cfca19cb09ca,2013,3,TD và MN,Provincial,Cultivation,Lúa,,Area_Planted,94.0,ha,Actual,PL4
c1deb367-362d-4f05-8cd8-be1289b7a2e8,2013,3,TD và MN,Provincial,Cultivation,Lúa,,Area_Planted,54870.0,ha,Actual,PL4
8e6a0184-8b7a-48bc-b659-c31d82ecde17,2013,3,TD và MN,Provincial,Cultivation,Lúa,,Area_Planted,2151.0,ha,Actual,PL4
6a6b1d8c-4c4b-46de-aeca-f085f400f72b,2013,3,Hà Giang,Provincial,Cultivation,Lúa,,Area_Planted,13948.0,ha,Actual,PL4
ba84b690-0019-4eef-b34b-6801e2da0990,2013,3,Hà Giang,Provincial,Cultivation,Lúa,,Area_Planted,5462.0,ha,Actual,PL4
37e4c94d-5ae0-45af-9f28-9b4abb3c1a58,2013,3,Hà Giang,Provincial,Cultivation,Lúa,,Area_Planted,7386.0,ha,Actual,PL4
d2796ef3-8c29-471a-a910-aaeefb0bd749,2013,3,Hà Giang,Provincial,Cultivation,Lúa,,Area_Planted,1100.0,ha,Actual,PL4
972c3205-ea59-4e32-835f-49a582527221,2013,3,Hà Giang,Provincial,Cultivation,Lúa,,Area_Planted,5500.0,ha,Actual,PL4
38cee95a-98a9-4101-b70d-8d798e8963ac,2013,3,CBằ ao ng,Provincial,Cultivation,Lúa,,Area_Planted,97.0,ha,Actual,PL4
aac3d2f6-2195-477a-a07d-e50bac08aa05,2013,3,CBằ ao ng,Provincial,Cultivation,Lúa,,Area_Planted,865.0,ha,Actual,PL4
e97863dd-8985-4e72-85ef-749b8855e3de,2013,3,CBằ ao ng,Provincial,Cultivation,Lúa,,Area_Planted,637.0,ha,Actual,PL4
f4b0a622-669d-498e-b281-425cbec50cbb,2013,3,CBằ ao ng,Provincial,Cultivation,Lúa,,Area_Planted,540.0,ha,Actual,PL4
1819ccfa-6ab3-4955-b606-63550c210227,2013,3,CBằ ao ng,Provincial,Cultivation,Lúa,,Area_Planted,149.0,ha,Actual,PL4
456c34bd-be8e-4090-a3ae-d441c3ebf415,2013,3,Lào Cai,Provincial,Cultivation,Lúa,,Area_Planted,1781.0,ha,Actual,PL4
85219963-8dd3-436b-9aaa-79194d70de70,2013,3,Lào Cai,Provincial,Cultivation,Lúa,,Area_Planted,60.0,ha,Actual,PL4
a8e7bb43-ed4e-41a5-9063-af218f6e77fd,2013,3,Lào Cai,Provincial,Cultivation,Lúa,,Area_Planted,1610.0,ha,Actual,PL4
c1f4abee-a1b4-477c-9f48-e0c00e25f1d2,2013,3,Lào Cai,Provincial,Cultivation,Lúa,,Area_Planted,111.0,ha,Actual,PL4
0f8819ed-4b93-40bc-b097-9d8669efd121,2013,3,Lào Cai,Provincial,Cultivation,Lúa,,Area_Planted,3073.0,ha,Actual,PL4
63f281de-2843-4ae8-9275-af6ddf21bb2a,2013,3,Lào Cai,Provincial,Cultivation,Lúa,,Area_Planted,953.0,ha,Actual,PL4
7028fadc-62c8-43ae-8812-d99ec224a669,2013,3,Bắc Cạn,Provincial,Cultivation,Lúa,,Area_Planted,1303.0,ha,Actual,PL4
e8745995-5320-4009-a57c-b24c8cf407c0,2013,3,Bắc Cạn,Provincial,Cultivation,Lúa,,Area_Planted,53.0,ha,Actual,PL4
b6660ce2-665a-429f-a76e-d50b8e9fc25e,2013,3,Bắc Cạn,Provincial,Cultivation,Lúa,,Area_Planted,90.0,ha,Actual,PL4
37b8562f-ad3a-400b-8002-3b1252424675,2013,3,Bắc Cạn,Provincial,Cultivation,Lúa,,Area_Planted,1160.0,ha,Actual,PL4
81916e70-0d83-4991-a4a7-aa05d5903d40,2013,3,Bắc Cạn,Provincial,Cultivation,Lúa,,Area_Planted,1759.0,ha,Actual,PL4
548d183b-48e8-4543-8c74-eda52ed6f224,2013,3,Lạng Sơn,Provincial,Cultivation,Lúa,,Area_Planted,3954.0,ha,Actual,PL4
54a24872-78a4-489a-8a70-4477503b075b,2013,3,Lạng Sơn,Provincial,Cultivation,Lúa,,Area_Planted,647.0,ha,Actual,PL4
94fbc66f-67f0-4c17-a63e-f1de5d61ae6c,2013,3,Lạng Sơn,Provincial,Cultivation,Lúa,,Area_Planted,3307.0,ha,Actual,PL4
b11188bb-495b-4da6-ae78-02958ec88374,2013,3,Lạng Sơn,Provincial,Cultivation,Lúa,,Area_Planted,1268.0,ha,Actual,PL4
658e2fcd-40c9-4755-8a91-1b42e2f4655c,2013,3,Tuyên Quang,Provincial,Cultivation,Lúa,,Area_Planted,4006.0,ha,Actual,PL4
25b2f536-aa1b-496e-a56d-c18f05ab6393,2013,3,Tuyên Quang,Provincial,Cultivation,Lúa,,Area_Planted,3424.0,ha,Actual,PL4
aba8902f-9827-4d0e-9d68-10cd5f5520b9,2013,3,Tuyên Quang,Provincial,Cultivation,Lúa,,Area_Planted,582.0,ha,Actual,PL4
27acc3e2-a275-4e48-bc58-6f0cdacb778e,2013,3,Yên Bái,Provincial,Cultivation,Lúa,,Area_Planted,1394.0,ha,Actual,PL4
7fa21051-0976-4902-bf3b-c347caf9f7eb,2013,3,Yên Bái,Provincial,Cultivation,Lúa,,Area_Planted,1202.0,ha,Actual,PL4
f61cb5dd-06b6-43ba-ac8c-4f512606b3cf,2013,3,Yên Bái,Provincial,Cultivation,Lúa,,Area_Planted,192.0,ha,Actual,PL4
d37eca27-d474-42a0-bfbc-67ef9903c23e,2013,3,Yên Bái,Provincial,Cultivation,Lúa,,Area_Planted,2700.0,ha,Actual,PL4
0febc8a8-cc1b-48d7-bb3d-2b4d813300f7,2013,3,Yên Bái,Provincial,Cultivation,Lúa,,Area_Planted,30.0,ha,Actual,PL4
d5ff390d-e84e-42b8-884d-a0404f71fe78,2013,3,Thái Nguyên,Provincial,Cultivation,Lúa,,Area_Planted,4606.0,ha,Actual,PL4
6c1d32fa-6f33-4539-8989-5304bc68f8e5,2013,3,Thái Nguyên,Provincial,Cultivation,Lúa,,Area_Planted,3547.0,ha,Actual,PL4
acd43367-a4fc-4442-b59e-87e99edc72b4,2013,3,Thái Nguyên,Provincial,Cultivation,Lúa,,Area_Planted,833.0,ha,Actual,PL4
7ea37b52-e939-4216-bd5e-5a05c5de634f,2013,3,Thái Nguyên,Provincial,Cultivation,Lúa,,Area_Planted,132.0,ha,Actual,PL4
ecc7fb6e-2e2b-4f48-a6c0-02c8c721528e,2013,3,Thái Nguyên,Provincial,Cultivation,Lúa,,Area_Planted,94.0,ha,Actual,PL4
927c3f69-0b18-49d1-87e3-ffea7388f312,2013,3,Thái Nguyên,Provincial,Cultivation,Lúa,,Area_Planted,7852.0,ha,Actual,PL4
bfd7bc9f-d733-4723-8a4b-8c2ecd7596dd,2013,3,Phú Thọ,Provincial,Cultivation,Lúa,,Area_Planted,4303.0,ha,Actual,PL4
8b99bb4d-e6f0-4b2d-a2a8-aa20ebd843e3,2013,3,Phú Thọ,Provincial,Cultivation,Lúa,,Area_Planted,3841.0,ha,Actual,PL4
c135b66f-3ce8-451d-90cb-58f7d3c4f598,2013,3,Phú Thọ,Provincial,Cultivation,Lúa,,Area_Planted,462.0,ha,Actual,PL4
be7fed0f-545f-4ddf-9f59-90c6a7e27f2d,2013,3,Phú Thọ,Provincial,Cultivation,Lúa,,Area_Planted,6834.0,ha,Actual,PL4
697b8f0f-d853-48b9-9e87-092fa22a05b6,2013,3,Bắc Giang,Provincial,Cultivation,Lúa,,Area_Planted,10673.0,ha,Actual,PL4
ffb007f6-4aa0-42c7-8702-b3f8781a1f2a,2013,3,Bắc Giang,Provincial,Cultivation,Lúa,,Area_Planted,10449.0,ha,Actual,PL4
2949f06c-176e-40ac-8807-6d02450247b1,2013,3,Bắc Giang,Provincial,Cultivation,Lúa,,Area_Planted,35.0,ha,Actual,PL4
7957ceff-f0fd-4034-ac2b-cfec4f9ea63b,2013,3,Bắc Giang,Provincial,Cultivation,Lúa,,Area_Planted,162.0,ha,Actual,PL4
00212083-134e-4484-b0a5-c38e7a51e433,2013,3,Bắc Giang,Provincial,Cultivation,Lúa,,Area_Planted,27.0,ha,Actual,PL4
db44397a-d30b-4d6e-ad75-cd7940af88ef,2013,3,Bắc Giang,Provincial,Cultivation,Lúa,,Area_Planted,18816.0,ha,Actual,PL4
f6c8f337-3ec6-4fe0-b27d-603829f520a3,2013,3,Bắc Giang,Provincial,Cultivation,Lúa,,Area_Planted,1000.0,ha,Actual,PL4
9736f250-7c9b-44cd-b740-4c07dcf36759,2013,3,Lai Châu,Provincial,Cultivation,Lúa,,Area_Planted,340.0,ha,Actual,PL4
35766e2e-29e7-4152-9a0e-3d6f2825b6f6,2013,3,Lai Châu,Provincial,Cultivation,Lúa,,Area_Planted,180.0,ha,Actual,PL4
bf62b474-f54e-4491-9eef-b55058570bec,2013,3,Lai Châu,Provincial,Cultivation,Lúa,,Area_Planted,160.0,ha,Actual,PL4
da8317d3-b906-4a07-9770-4129d8c5e441,2013,3,Lai Châu,Provincial,Cultivation,Lúa,,Area_Planted,2119.0,ha,Actual,PL4
ca5e4dfb-36b6-4fae-93b1-86a75dbb627e,2013,3,Điện Biên,Provincial,Cultivation,Lúa,,Area_Planted,149.0,ha,Actual,PL4
306f163b-7e48-42e2-8ddd-93ce5ac80edf,2013,3,Điện Biên,Provincial,Cultivation,Lúa,,Area_Planted,75.0,ha,Actual,PL4
439b8fb9-1031-4210-bf62-666fc7a61bf6,2013,3,Điện Biên,Provincial,Cultivation,Lúa,,Area_Planted,74.0,ha,Actual,PL4
deeae6a3-af71-43f4-bb17-71c95f8ee97e,2013,3,Điện Biên,Provincial,Cultivation,Lúa,,Area_Planted,372.0,ha,Actual,PL4
0e2d1107-1394-425d-b98e-7bd513d8c38d,2013,3,Điện Biên,Provincial,Cultivation,Lúa,,Area_Planted,19.0,ha,Actual,PL4
cc471828-3b4c-4b9b-8844-05e771a7a51a,2013,3,Sơn La,Provincial,Cultivation,Lúa,,Area_Planted,49.0,ha,Actual,PL4
47f66a4b-b5dd-47e9-b5c0-bedcf7074db0,2013,3,Sơn La,Provincial,Cultivation,Lúa,,Area_Planted,9.0,ha,Actual,PL4
280227f8-4cb5-4665-89b3-c433b2dd3251,2013,3,Sơn La,Provincial,Cultivation,Lúa,,Area_Planted,40.0,ha,Actual,PL4
0ab90497-109c-4014-bcfd-6a72d30e05c6,2013,3,Sơn La,Provincial,Cultivation,Lúa,,Area_Planted,1187.0,ha,Actual,PL4
5eb845d6-fc92-4ec3-93fc-ec9d0781d93d,2013,3,Hoà Bình,Provincial,Cultivation,Lúa,,Area_Planted,7213.0,ha,Actual,PL4
33d0b28a-f5f3-4e50-b3a3-ed1d4e662739,2013,3,Hoà Bình,Provincial,Cultivation,Lúa,,Area_Planted,1477.0,ha,Actual,PL4
984365d3-c8bd-4bb8-91af-355128522001,2013,3,Hoà Bình,Provincial,Cultivation,Lúa,,Area_Planted,113.0,ha,Actual,PL4
854c6bdc-746a-4df1-a90b-f4306fb54759,2013,3,Hoà Bình,Provincial,Cultivation,Lúa,,Area_Planted,5623.0,ha,Actual,PL4
97f0f4c9-81b0-42af-a461-a7e4045dd635,2013,3,Hoà Bình,Provincial,Cultivation,Lúa,,Area_Planted,2850.0,ha,Actual,PL4
cdc85a40-52ca-4890-a2f1-7deee7195977,2013,3,Bắc Trung Bộ,Provincial,Cultivation,Lúa,,Area_Planted,80286.0,ha,Actual,PL4
dde5ec1a-5850-41b9-af66-ef0977d5ea3f,2013,3,Bắc Trung Bộ,Provincial,Cultivation,Lúa,,Area_Planted,59629.0,ha,Actual,PL4
2504f251-3b5d-4af2-a3cb-29ed6d7af001,2013,3,Bắc Trung Bộ,Provincial,Cultivation,Lúa,,Area_Planted,8564.0,ha,Actual,PL4
591a149c-0997-4e97-a5ff-77ab967f3d09,2013,3,Bắc Trung Bộ,Provincial,Cultivation,Lúa,,Area_Planted,161.0,ha,Actual,PL4
6445d4d6-c4a2-404b-a99f-ff552918bb28,2013,3,Bắc Trung Bộ,Provincial,Cultivation,Lúa,,Area_Planted,11670.0,ha,Actual,PL4
cd0c7a5e-be75-487e-a7aa-8d46d1357628,2013,3,Bắc Trung Bộ,Provincial,Cultivation,Lúa,,Area_Planted,262.0,ha,Actual,PL4
79daf25e-20a4-4306-82bb-6009e664a812,2013,3,Bắc Trung Bộ,Provincial,Cultivation,Lúa,,Area_Planted,57985.0,ha,Actual,PL4
6f2d253d-c6bd-4ec0-936b-6c6a31306334,2013,3,Bắc Trung Bộ,Provincial,Cultivation,Lúa,,Area_Planted,0.0,ha,Actual,PL4
9cad4fbc-8faf-481f-8d81-25fb4d94d71e,2013,3,Thanh Hoá,Provincial,Cultivation,Lúa,,Area_Planted,27491.0,ha,Actual,PL4
24c7654b-b700-47e0-b1de-31870f94ef0a,2013,3,Thanh Hoá,Provincial,Cultivation,Lúa,,Area_Planted,11500.0,ha,Actual,PL4
bc643fd9-e496-49e6-83d5-acbf89d19b5b,2013,3,Thanh Hoá,Provincial,Cultivation,Lúa,,Area_Planted,8391.0,ha,Actual,PL4
6968cabf-1426-478d-bde3-dc2a54f31367,2013,3,Thanh Hoá,Provincial,Cultivation,Lúa,,Area_Planted,7600.0,ha,Actual,PL4
72ad0a45-9f3b-4415-bc20-8c494b939505,2013,3,Thanh Hoá,Provincial,Cultivation,Lúa,,Area_Planted,27874.0,ha,Actual,PL4
3aed980d-26f7-48d2-94c2-216108de165f,2013,3,Nghệ An,Provincial,Cultivation,Lúa,,Area_Planted,23069.0,ha,Actual,PL4
18f1fd66-58c1-4a53-95b0-7122c76381e2,2013,3,Nghệ An,Provincial,Cultivation,Lúa,,Area_Planted,18488.0,ha,Actual,PL4
c34fa69e-e7b6-44d4-9484-d1454c80bf3a,2013,3,Nghệ An,Provincial,Cultivation,Lúa,,Area_Planted,173.0,ha,Actual,PL4
3616d187-25a8-4f7f-b478-9b5917456592,2013,3,Nghệ An,Provincial,Cultivation,Lúa,,Area_Planted,146.0,ha,Actual,PL4
987828fa-fbc3-4c92-97a0-19b040cf82d6,2013,3,Nghệ An,Provincial,Cultivation,Lúa,,Area_Planted,4000.0,ha,Actual,PL4
b2e52e9a-b32f-47f8-8572-eb6fa5ce8cf9,2013,3,Nghệ An,Provincial,Cultivation,Lúa,,Area_Planted,262.0,ha,Actual,PL4
58ccd368-0eae-4852-ac57-d617fbde5e6d,2013,3,Nghệ An,Provincial,Cultivation,Lúa,,Area_Planted,22377.0,ha,Actual,PL4
678ec9aa-2a7e-4cb5-aa2e-24c6a3a71008,2013,3,Hà Tĩnh,Provincial,Cultivation,Lúa,,Area_Planted,17275.0,ha,Actual,PL4
454e2f62-81dc-42a7-90b5-750b63f75364,2013,3,Hà Tĩnh,Provincial,Cultivation,Lúa,,Area_Planted,17275.0,ha,Actual,PL4
8ce9cc57-5dce-4638-b927-df8aee19d43b,2013,3,Hà Tĩnh,Provincial,Cultivation,Lúa,,Area_Planted,3700.0,ha,Actual,PL4
f5f0db82-6d61-44a4-91b4-3931af2d0006,2013,3,Quảng Bình,Provincial,Cultivation,Lúa,,Area_Planted,4300.0,ha,Actual,PL4
ca9d2e93-1bf4-4dc2-93d9-aff454e9d4c9,2013,3,Quảng Bình,Provincial,Cultivation,Lúa,,Area_Planted,4300.0,ha,Actual,PL4
34f11be0-af84-4829-8bf1-42ab5ac5efff,2013,3,Quảng Trị,Provincial,Cultivation,Lúa,,Area_Planted,4316.0,ha,Actual,PL4
013c8d97-20c9-4e6a-94dc-38d48252d12f,2013,3,Quảng Trị,Provincial,Cultivation,Lúa,,Area_Planted,4316.0,ha,Actual,PL4
a428edc5-273a-4e50-8d3d-8ac0d9dd363d,2013,3,Quảng Trị,Provincial,Cultivation,Lúa,,Area_Planted,3034.0,ha,Actual,PL4
a3af6144-89fb-4185-9d43-7b6d34b79312,2013,3,Thừa Thiên Huế,Provincial,Cultivation,Lúa,,Area_Planted,3835.0,ha,Actual,PL4
b9305ce4-65ab-490c-9001-83d6d870db3e,2013,3,Thừa Thiên Huế,Provincial,Cultivation,Lúa,,Area_Planted,3750.0,ha,Actual,PL4
5473d644-6071-44a0-bffd-851563e20cd1,2013,3,Thừa Thiên Huế,Provincial,Cultivation,Lúa,,Area_Planted,15.0,ha,Actual,PL4
3d913cc2-55a6-40c6-acd8-2686ef1c59f2,2013,3,Thừa Thiên Huế,Provincial,Cultivation,Lúa,,Area_Planted,70.0,ha,Actual,PL4
064817fa-c6cb-4e95-8403-9269a438e022,2013,3,Thừa Thiên Huế,Provincial,Cultivation,Lúa,,Area_Planted,1000.0,ha,Actual,PL4
332b5194-e40c-4d7e-8833-17d5749aaf9f,2013,3,Miền Nam,Regional,Cultivation,Lúa,,Area_Planted,145711.0,ha,Actual,PL5
482c5291-11bf-4d2b-98cb-aeabcaf7c11b,2013,3,Miền Nam,Regional,Cultivation,Lúa,,Area_Planted,39414.0,ha,Actual,PL5
378d16f1-65a1-40e2-a39c-163bc694892c,2013,3,Miền Nam,Regional,Cultivation,Lúa,,Area_Planted,10259.0,ha,Actual,PL5
763e0c66-b216-4410-8fbb-26bd52f3b9bd,2013,3,Miền Nam,Regional,Cultivation,Lúa,,Area_Planted,9911.0,ha,Actual,PL5
4e001631-dabf-4336-8eb6-f841c126050f,2013,3,Miền Nam,Regional,Cultivation,Lúa,,Area_Planted,81234.0,ha,Actual,PL5
40bfd2d3-fc3c-498a-a00c-70d5f35ff397,2013,3,Miền Nam,Regional,Cultivation,Lúa,,Area_Planted,208.0,ha,Actual,PL5
91aa0c31-9a41-449d-98b8-3ca0a1c393e4,2013,3,Miền Nam,Regional,Cultivation,Lúa,,Area_Planted,972.0,ha,Actual,PL5
9e156b6c-e6d4-4856-a5d1-9a3924ccb71a,2013,3,Miền Nam,Regional,Cultivation,Rau,,Area_Planted,189185.0,ha,Actual,PL5
9292df7d-28ad-4b91-88a7-898ad1999b60,2013,3,Miền Nam,Regional,Cultivation,Đậu,,Area_Planted,21547.0,ha,Actual,PL5
95303958-0e2a-4e7e-abce-b01f01177785,2013,3,D.H Nam Trung Bộ,Provincial,Cultivation,Lúa,,Area_Planted,46063.0,ha,Actual,PL5
e89ecc61-865a-479d-88a8-7eef80affb1a,2013,3,D.H Nam Trung Bộ,Provincial,Cultivation,Lúa,,Area_Planted,22423.0,ha,Actual,PL5
6ded22e8-6600-4497-b37f-b2ed29799882,2013,3,D.H Nam Trung Bộ,Provincial,Cultivation,Lúa,,Area_Planted,235.0,ha,Actual,PL5
999173bb-7fe4-4302-a1db-d87f5970b708,2013,3,D.H Nam Trung Bộ,Provincial,Cultivation,Lúa,,Area_Planted,884.0,ha,Actual,PL5
f8ca47de-eb61-47d1-87ae-a0212694f000,2013,3,D.H Nam Trung Bộ,Provincial,Cultivation,Lúa,,Area_Planted,21790.0,ha,Actual,PL5
9c42bfca-8c34-4e69-9144-e284292a3e14,2013,3,D.H Nam Trung Bộ,Provincial,Cultivation,Lúa,,Area_Planted,200.0,ha,Actual,PL5
f758245e-936f-4f41-89f4-6d53c771f58b,2013,3,D.H Nam Trung Bộ,Provincial,Cultivation,Lúa,,Area_Planted,43.0,ha,Actual,PL5
f59328c5-f867-4082-ba3f-59ead711a05f,2013,3,D.H Nam Trung Bộ,Provincial,Cultivation,Rau,,Area_Planted,27387.0,ha,Actual,PL5
df6fe910-412b-4556-8d3a-a4cf6bb1d377,2013,3,D.H Nam Trung Bộ,Provincial,Cultivation,Đậu,,Area_Planted,10525.0,ha,Actual,PL5
cbb3e326-f75b-423c-97de-697ff078637c,2013,3,TP Đà Nẵng,Provincial,Cultivation,Lúa,,Area_Planted,700.0,ha,Actual,PL5
97bb4632-bf85-4331-a186-cf7a98e98110,2013,3,TP Đà Nẵng,Provincial,Cultivation,Lúa,,Area_Planted,544.0,ha,Actual,PL5
f7b9a903-7f0a-4036-87c2-ff8bd33f8813,2013,3,TP Đà Nẵng,Provincial,Cultivation,Lúa,,Area_Planted,156.0,ha,Actual,PL5
ff45fe06-85cf-401e-b0bb-7d92109ee27c,2013,3,TP Đà Nẵng,Provincial,Cultivation,Rau,,Area_Planted,207.0,ha,Actual,PL5
80d47dcb-4a18-47b0-ba55-dadf83b505d6,2013,3,Quảng Nam,Provincial,Cultivation,Lúa,,Area_Planted,9360.0,ha,Actual,PL5
1491d9fa-65e2-4549-9633-e98e299f48e7,2013,3,Quảng Nam,Provincial,Cultivation,Lúa,,Area_Planted,9040.0,ha,Actual,PL5
f5d65c41-7836-4fa8-9b6a-3c73af1ef124,2013,3,Quảng Nam,Provincial,Cultivation,Lúa,,Area_Planted,130.0,ha,Actual,PL5
c132698a-236e-4104-86cc-66bdf44763fb,2013,3,Quảng Nam,Provincial,Cultivation,Lúa,,Area_Planted,120.0,ha,Actual,PL5
ae0afae3-271c-41e1-bb95-80bd49506261,2013,3,Quảng Nam,Provincial,Cultivation,Rau,,Area_Planted,8010.0,ha,Actual,PL5
27ffae03-0b3c-4923-96c5-eecae45d0f9b,2013,3,Quảng Nam,Provincial,Cultivation,Đậu,,Area_Planted,3000.0,ha,Actual,PL5
517bdc79-2b6a-4086-bcab-ecf66bad70f0,2013,3,Quảng Ngãi,Provincial,Cultivation,Lúa,,Area_Planted,4110.0,ha,Actual,PL5
97bfe116-772c-4076-9ba2-61b27d3b1a45,2013,3,Quảng Ngãi,Provincial,Cultivation,Lúa,,Area_Planted,4110.0,ha,Actual,PL5
0675e7dd-6132-416d-87fe-82a37c89f2f0,2013,3,Quảng Ngãi,Provincial,Cultivation,Rau,,Area_Planted,5300.0,ha,Actual,PL5
d179752d-ba2f-4549-acfd-345376f01ab1,2013,3,Quảng Ngãi,Provincial,Cultivation,Đậu,,Area_Planted,1583.0,ha,Actual,PL5
a3d625a7-3d9e-4169-bbd9-332f1456742a,2013,3,Bình Định,Provincial,Cultivation,Lúa,,Area_Planted,7180.0,ha,Actual,PL5
9c0e4fb6-7548-461b-9167-833c8908a1a0,2013,3,Bình Định,Provincial,Cultivation,Lúa,,Area_Planted,7058.0,ha,Actual,PL5
a97789fc-0df0-48c3-af80-8f76911957cb,2013,3,Bình Định,Provincial,Cultivation,Lúa,,Area_Planted,12.0,ha,Actual,PL5
01df65d2-15c4-4e01-9b7f-e339d4487240,2013,3,Bình Định,Provincial,Cultivation,Rau,,Area_Planted,5656.0,ha,Actual,PL5
a8ea70e9-71f9-4d6b-8f88-8061400cc06d,2013,3,Bình Định,Provincial,Cultivation,Đậu,,Area_Planted,857.0,ha,Actual,PL5
718cd3a7-b1ef-4c02-a36b-4cfada1e4260,2013,3,Phú Yên,Provincial,Cultivation,Lúa,,Area_Planted,10819.0,ha,Actual,PL5
233ee049-7b4f-4aba-a48c-5b56178a3e98,2013,3,Phú Yên,Provincial,Cultivation,Lúa,,Area_Planted,577.0,ha,Actual,PL5
55cbf6c9-011c-4f48-a09d-869155f47c36,2013,3,Phú Yên,Provincial,Cultivation,Lúa,,Area_Planted,71.0,ha,Actual,PL5
c323fb8b-936f-415b-8779-28c86486a4c7,2013,3,Phú Yên,Provincial,Cultivation,Lúa,,Area_Planted,341.0,ha,Actual,PL5
b813f2b8-127c-410e-ac4e-bd7fb20b70e9,2013,3,Phú Yên,Provincial,Cultivation,Lúa,,Area_Planted,9484.0,ha,Actual,PL5
488238db-2bdd-4225-b412-8b05542c313d,2013,3,Phú Yên,Provincial,Cultivation,Lúa,,Area_Planted,65.0,ha,Actual,PL5
68a02c9a-b029-47c7-b7bf-7915cb779a94,2013,3,Phú Yên,Provincial,Cultivation,Lúa,,Area_Planted,43.0,ha,Actual,PL5
921b2745-ae3a-48fe-9b77-ab19370c6566,2013,3,Phú Yên,Provincial,Cultivation,Rau,,Area_Planted,2790.0,ha,Actual,PL5
03c1ce7c-34e8-4011-bc42-530c8c1c6881,2013,3,Phú Yên,Provincial,Cultivation,Đậu,,Area_Planted,1453.0,ha,Actual,PL5
07fb02c4-8b0f-4976-8612-21e0699ea159,2013,3,Khánh Hoà,Provincial,Cultivation,Lúa,,Area_Planted,12466.0,ha,Actual,PL5
abbd2df3-c09a-4d0e-b57b-0b6591b6a810,2013,3,Khánh Hoà,Provincial,Cultivation,Lúa,,Area_Planted,102.0,ha,Actual,PL5
3f6ab41c-8bca-4971-9e08-73dad763b40a,2013,3,Khánh Hoà,Provincial,Cultivation,Lúa,,Area_Planted,4.0,ha,Actual,PL5
1f7ed1c5-ba97-4adf-94da-449ca6bfb012,2013,3,Khánh Hoà,Provincial,Cultivation,Lúa,,Area_Planted,140.0,ha,Actual,PL5
dba8dfda-931c-42a8-8c5e-663e320ed473,2013,3,Khánh Hoà,Provincial,Cultivation,Lúa,,Area_Planted,12150.0,ha,Actual,PL5
48c5bedd-6b0c-435b-9291-e2444ff41348,2013,3,Khánh Hoà,Provincial,Cultivation,Rau,,Area_Planted,1595.0,ha,Actual,PL5
748181ee-8a40-4779-b58e-80d627245d14,2013,3,Khánh Hoà,Provincial,Cultivation,Đậu,,Area_Planted,293.0,ha,Actual,PL5
2380dfc1-6d44-4c5d-ae42-17dd145684ee,2013,3,Ninh Thuận,Provincial,Cultivation,Lúa,,Area_Planted,526.0,ha,Actual,PL5
1ecbe8e0-4071-4206-8d1c-d7b77ad699ac,2013,3,Ninh Thuận,Provincial,Cultivation,Lúa,,Area_Planted,149.0,ha,Actual,PL5
018c64ee-877d-4d6e-b6d5-ee57e49aa705,2013,3,Ninh Thuận,Provincial,Cultivation,Lúa,,Area_Planted,8.0,ha,Actual,PL5
b396eb72-cd1d-424b-94bb-a97ff72f152f,2013,3,Ninh Thuận,Provincial,Cultivation,Lúa,,Area_Planted,364.0,ha,Actual,PL5
1b5a1ed1-fd42-4487-83be-fbd31ab8324a,2013,3,Ninh Thuận,Provincial,Cultivation,Lúa,,Area_Planted,5.0,ha,Actual,PL5
7e9b2bc9-e66a-40c2-8db1-3725c37abc10,2013,3,Ninh Thuận,Provincial,Cultivation,Rau,,Area_Planted,2293.0,ha,Actual,PL5
0e93d750-400c-470a-a2df-56fc2417fc50,2013,3,Ninh Thuận,Provincial,Cultivation,Đậu,,Area_Planted,1094.0,ha,Actual,PL5
7ac6d56e-3312-4f3d-baf5-512b176a0fad,2013,3,Bình Thuận,Provincial,Cultivation,Lúa,,Area_Planted,902.0,ha,Actual,PL5
9a698aaa-691f-41ab-be3e-6253b8b77c5c,2013,3,Bình Thuận,Provincial,Cultivation,Lúa,,Area_Planted,843.0,ha,Actual,PL5
30852538-7511-41f7-8ca9-e404413a23c9,2013,3,Bình Thuận,Provincial,Cultivation,Lúa,,Area_Planted,10.0,ha,Actual,PL5
efa6177d-8c78-4c74-a6d7-b1d2ac20669e,2013,3,Bình Thuận,Provincial,Cultivation,Lúa,,Area_Planted,39.0,ha,Actual,PL5
6bb23a16-bc22-46c1-a42b-f2bb77cbce76,2013,3,Bình Thuận,Provincial,Cultivation,Lúa,,Area_Planted,10.0,ha,Actual,PL5
4d593b4e-bd24-4e81-9ae2-069aa08ca2a5,2013,3,Bình Thuận,Provincial,Cultivation,Rau,,Area_Planted,1536.0,ha,Actual,PL5
69537dea-72eb-41c1-80fa-56588ea93493,2013,3,Bình Thuận,Provincial,Cultivation,Đậu,,Area_Planted,2245.0,ha,Actual,PL5
0dce3c47-6281-4e00-b1d1-ee60d2ae7797,2013,3,Tây Nguyên,Provincial,Cultivation,Lúa,,Area_Planted,9272.0,ha,Actual,PL5
6f5a50f3-ad76-4e70-a88c-f919e4c99c23,2013,3,Tây Nguyên,Provincial,Cultivation,Lúa,,Area_Planted,109.0,ha,Actual,PL5
20ac7a86-aa3a-440a-86a6-0536f1facdd4,2013,3,Tây Nguyên,Provincial,Cultivation,Lúa,,Area_Planted,4653.0,ha,Actual,PL5
501d95e4-9d6b-4711-b9cc-d92c24190dee,2013,3,Tây Nguyên,Provincial,Cultivation,Lúa,,Area_Planted,2261.0,ha,Actual,PL5
66d4a407-9d02-42f2-a4a3-1ea765ac3f60,2013,3,Tây Nguyên,Provincial,Cultivation,Rau,,Area_Planted,28146.0,ha,Actual,PL5
ad366b93-75fd-41e1-80b2-77f4f79ca9cb,2013,3,Tây Nguyên,Provincial,Cultivation,Đậu,,Area_Planted,2619.0,ha,Actual,PL5
2a889357-3166-4a3b-8d6b-c453bb348e57,2013,3,Kon Tum,Provincial,Cultivation,Lúa,,Area_Planted,1868.0,ha,Actual,PL5
5b46a340-1151-42cd-a7ea-cf417ebf02df,2013,3,Kon Tum,Provincial,Cultivation,Lúa,,Area_Planted,21.0,ha,Actual,PL5
4f00f119-1b94-4a00-861a-c40bec295bac,2013,3,Kon Tum,Provincial,Cultivation,Lúa,,Area_Planted,1847.0,ha,Actual,PL5
c9b225b1-11b2-4c7e-b7e5-17a61bc71b86,2013,3,Kon Tum,Provincial,Cultivation,Rau,,Area_Planted,896.0,ha,Actual,PL5
d2398c93-75c8-48fb-bd2e-f5e07768ee4b,2013,3,Kon Tum,Provincial,Cultivation,Đậu,,Area_Planted,90.0,ha,Actual,PL5
e76550f8-055e-4c76-a4a8-a4304ea5bb34,2013,3,Gia Lai,Provincial,Cultivation,Lúa,,Area_Planted,5724.0,ha,Actual,PL5
5df0a6c1-5230-4eac-89d8-5b0c518f0a72,2013,3,Gia Lai,Provincial,Cultivation,Lúa,,Area_Planted,88.0,ha,Actual,PL5
f5e28eed-b6b6-41a4-aa49-edcb709e784d,2013,3,Gia Lai,Provincial,Cultivation,Lúa,,Area_Planted,3864.0,ha,Actual,PL5
49ebe803-a095-40b4-be70-773f6e675ba9,2013,3,Gia Lai,Provincial,Cultivation,Rau,,Area_Planted,8544.0,ha,Actual,PL5
f0a6b6b5-78ed-4c6a-931a-3db4cb58846f,2013,3,Gia Lai,Provincial,Cultivation,Đậu,,Area_Planted,1331.0,ha,Actual,PL5
95308cda-a73c-4982-8b61-e765ca75277f,2013,3,Đắk Lắk,Provincial,Cultivation,Lúa,,Area_Planted,1203.0,ha,Actual,PL5
8b96e14d-75e3-47fb-a830-92b66d0fc4bd,2013,3,Đắk Lắk,Provincial,Cultivation,Lúa,,Area_Planted,789.0,ha,Actual,PL5
a93a9b33-3825-4ad1-b33a-cf547fa8fe7f,2013,3,Đắk Lắk,Provincial,Cultivation,Lúa,,Area_Planted,414.0,ha,Actual,PL5
43bd0ab5-0383-4298-9cdf-05da74ae4062,2013,3,Đắk Lắk,Provincial,Cultivation,Rau,,Area_Planted,2664.0,ha,Actual,PL5
d6f06f05-9135-467d-af0e-c4af506892bc,2013,3,Đắk Lắk,Provincial,Cultivation,Đậu,,Area_Planted,782.0,ha,Actual,PL5
4bc85c2e-53da-4339-920a-99db48f513c7,2013,3,Đắk Nông,Provincial,Cultivation,Lúa,,Area_Planted,138.0,ha,Actual,PL5
cef289d7-d374-45f4-be38-2ee5e2c130ba,2013,3,Lâm Đồng,Provincial,Cultivation,Lúa,,Area_Planted,339.0,ha,Actual,PL5
ee07b4b7-e1d0-41ad-aa1a-29e621682364,2013,3,Lâm Đồng,Provincial,Cultivation,Rau,,Area_Planted,16042.0,ha,Actual,PL5
9d6412a1-fe8a-4a4b-aec7-ede16bcf9043,2013,3,Lâm Đồng,Provincial,Cultivation,Đậu,,Area_Planted,415.0,ha,Actual,PL5
ca0d6fa4-a815-45b3-a1b3-60d96c5eea56,2013,3,Đông Nam Bộ,Provincial,Cultivation,Lúa,,Area_Planted,17964.0,ha,Actual,PL5
93830a4c-b074-4afd-852e-f9d5dfe20566,2013,3,Đông Nam Bộ,Provincial,Cultivation,Lúa,,Area_Planted,6721.0,ha,Actual,PL5
51c31f48-873e-4f8c-8691-0c011c6e6084,2013,3,Đông Nam Bộ,Provincial,Cultivation,Lúa,,Area_Planted,429.0,ha,Actual,PL5
d25ec4df-154c-4ed8-9bf4-83de2c02ce87,2013,3,Đông Nam Bộ,Provincial,Cultivation,Lúa,,Area_Planted,4306.0,ha,Actual,PL5
5159518d-8a09-4559-8d08-5a0e399a5b5d,2013,3,Đông Nam Bộ,Provincial,Cultivation,Lúa,,Area_Planted,6375.0,ha,Actual,PL5
2769db40-d8f9-4f1e-b92c-3b911489c12c,2013,3,Đông Nam Bộ,Provincial,Cultivation,Lúa,,Area_Planted,8.0,ha,Actual,PL5
57258ac0-8fc7-44a9-b224-3848a368586b,2013,3,Đông Nam Bộ,Provincial,Cultivation,Rau,,Area_Planted,24296.0,ha,Actual,PL5
7e2d0ff5-08ec-48f6-9137-fd02ce46b274,2013,3,Đông Nam Bộ,Provincial,Cultivation,Đậu,,Area_Planted,5218.0,ha,Actual,PL5
4bef1b6b-9868-48e2-96b4-baa3e67b8831,2013,3,Bình Phước,Provincial,Cultivation,Lúa,,Area_Planted,143.0,ha,Actual,PL5
83bfe096-ef5a-4bcd-a27a-188250e7dbb3,2013,3,Bình Phước,Provincial,Cultivation,Lúa,,Area_Planted,57.0,ha,Actual,PL5
6eac7ab5-6e9e-4092-8e8a-59102c5aaa3e,2013,3,Bình Phước,Provincial,Cultivation,Lúa,,Area_Planted,1.0,ha,Actual,PL5
33c66709-0e75-479c-9742-137f9e372953,2013,3,Bình Phước,Provincial,Cultivation,Lúa,,Area_Planted,75.0,ha,Actual,PL5
11b71c35-9e66-45e3-9175-e42c5448ca63,2013,3,Bình Phước,Provincial,Cultivation,Rau,,Area_Planted,966.0,ha,Actual,PL5
44c521b7-d43f-4c61-904f-ac92a65544cb,2013,3,Bình Phước,Provincial,Cultivation,Đậu,,Area_Planted,168.0,ha,Actual,PL5
93307dd6-bc2b-4d97-a41f-6912f6811e45,2013,3,Tây Ninh,Provincial,Cultivation,Lúa,,Area_Planted,12982.0,ha,Actual,PL5
22668420-bbb2-45e7-968d-4c94496b5d30,2013,3,Tây Ninh,Provincial,Cultivation,Lúa,,Area_Planted,6280.0,ha,Actual,PL5
4b93686b-773b-45b0-bb25-dfb927a35eec,2013,3,Tây Ninh,Provincial,Cultivation,Lúa,,Area_Planted,405.0,ha,Actual,PL5
7e6e7ae8-9da4-4fc2-bf77-6cd1840d6ae7,2013,3,Tây Ninh,Provincial,Cultivation,Lúa,,Area_Planted,3393.0,ha,Actual,PL5
ef7e483d-8fe8-4498-84d9-43ed5c7bb1fa,2013,3,Tây Ninh,Provincial,Cultivation,Lúa,,Area_Planted,2904.0,ha,Actual,PL5
86b1a51b-4f23-4be9-afc2-f59c5f80266a,2013,3,Tây Ninh,Provincial,Cultivation,Rau,,Area_Planted,7958.0,ha,Actual,PL5
2714cd65-06da-4ff0-8986-515bc4b5494a,2013,3,Tây Ninh,Provincial,Cultivation,Đậu,,Area_Planted,3059.0,ha,Actual,PL5
5ed08a41-fa5f-4d44-9c65-7969daeffba6,2013,3,Bình Dương,Provincial,Cultivation,Lúa,,Area_Planted,97.0,ha,Actual,PL5
8dc04e44-354f-470d-bf87-aba04efdf954,2013,3,Bình Dương,Provincial,Cultivation,Lúa,,Area_Planted,97.0,ha,Actual,PL5
813f540b-97a8-48a5-b2c3-10739ba4a552,2013,3,Bình Dương,Provincial,Cultivation,Rau,,Area_Planted,1815.0,ha,Actual,PL5
80b90c1d-773e-4dd1-82d8-5b4e340c401a,2013,3,Bình Dương,Provincial,Cultivation,Đậu,,Area_Planted,60.0,ha,Actual,PL5
4faedae8-518f-4d40-b1a6-5c10e214ba4c,2013,3,Đồng Nai,Provincial,Cultivation,Lúa,,Area_Planted,2347.0,ha,Actual,PL5
1c770825-ffe6-4ffc-ae4c-7cea7d74f48a,2013,3,Đồng Nai,Provincial,Cultivation,Lúa,,Area_Planted,245.0,ha,Actual,PL5
f6873b1d-0fdb-43c1-b411-bcb512078697,2013,3,Đồng Nai,Provincial,Cultivation,Lúa,,Area_Planted,23.0,ha,Actual,PL5
35135e51-0a2e-4b2b-8dff-94b5a49a8d0e,2013,3,Đồng Nai,Provincial,Cultivation,Lúa,,Area_Planted,793.0,ha,Actual,PL5
f6226c02-2f72-48ad-be2b-edc16b7cebdb,2013,3,Đồng Nai,Provincial,Cultivation,Lúa,,Area_Planted,1163.0,ha,Actual,PL5
d82c478b-1249-4ffb-9c23-9fdf7e009fa4,2013,3,Đồng Nai,Provincial,Cultivation,Lúa,,Area_Planted,8.0,ha,Actual,PL5
96e0c749-6a9c-4246-814d-cce7c7df39a0,2013,3,Đồng Nai,Provincial,Cultivation,Rau,,Area_Planted,4764.0,ha,Actual,PL5
898a9e51-ca28-49da-96a1-b34e7e53bb90,2013,3,Đồng Nai,Provincial,Cultivation,Đậu,,Area_Planted,1856.0,ha,Actual,PL5
e082de21-2e30-4cdd-b88c-5ca7045ad7d9,2013,3,Bà Rịa-V.Tàu,Provincial,Cultivation,Lúa,,Area_Planted,253.0,ha,Actual,PL5
ce3bdd54-399b-445b-9a4f-4f8db7db2796,2013,3,Bà Rịa-V.Tàu,Provincial,Cultivation,Lúa,,Area_Planted,42.0,ha,Actual,PL5
b182b351-cf4c-4fc0-a311-f2e4ed71b966,2013,3,Bà Rịa-V.Tàu,Provincial,Cultivation,Lúa,,Area_Planted,120.0,ha,Actual,PL5
440d9ce9-579a-4d63-a193-635209bccb50,2013,3,Bà Rịa-V.Tàu,Provincial,Cultivation,Lúa,,Area_Planted,91.0,ha,Actual,PL5
8654e5ae-982e-49f5-9bce-5237b53963b6,2013,3,Bà Rịa-V.Tàu,Provincial,Cultivation,Rau,,Area_Planted,3093.0,ha,Actual,PL5
f789eacc-3d0b-4d52-8c6b-eaa46c1e8d63,2013,3,Bà Rịa-V.Tàu,Provincial,Cultivation,Đậu,,Area_Planted,75.0,ha,Actual,PL5
dac5b630-dbf5-459a-9199-068c4eb58d26,2013,3,TP Hồ Chí Minh,Provincial,Cultivation,Lúa,,Area_Planted,2142.0,ha,Actual,PL5
a40939b1-7c96-4c47-bc55-53386d3f0470,2013,3,TP Hồ Chí Minh,Provincial,Cultivation,Lúa,,Area_Planted,2142.0,ha,Actual,PL5
10021669-7b62-4809-a3ee-f3158729bdff,2013,3,TP Hồ Chí Minh,Provincial,Cultivation,Rau,,Area_Planted,5700.0,ha,Actual,PL5
a968ac7f-e101-4115-a4b6-0819a0281a86,2013,3,ĐBS Cửu Long,Provincial,Cultivation,Lúa,,Area_Planted,72413.0,ha,Actual,PL5
6b71ed86-e5bc-4c30-8ffc-50ab3f652ddb,2013,3,ĐBS Cửu Long,Provincial,Cultivation,Lúa,,Area_Planted,10162.0,ha,Actual,PL5
b117e399-0a56-4e87-89d6-ee097ed68484,2013,3,ĐBS Cửu Long,Provincial,Cultivation,Lúa,,Area_Planted,9595.0,ha,Actual,PL5
ec84a613-767d-479e-b4c2-64dbc839324f,2013,3,ĐBS Cửu Long,Provincial,Cultivation,Lúa,,Area_Planted,68.0,ha,Actual,PL5
773ea2da-0488-4fa8-b46e-349764008031,2013,3,ĐBS Cửu Long,Provincial,Cultivation,Lúa,,Area_Planted,50808.0,ha,Actual,PL5
4c9905a1-898c-4402-94cc-557459696933,2013,3,ĐBS Cửu Long,Provincial,Cultivation,Lúa,,Area_Planted,929.0,ha,Actual,PL5
d62f2d7c-4328-4527-9464-0bab8dfae0fb,2013,3,ĐBS Cửu Long,Provincial,Cultivation,Rau,,Area_Planted,109357.0,ha,Actual,PL5
8648a88b-5da4-49ac-abe3-1dbe22469595,2013,3,ĐBS Cửu Long,Provincial,Cultivation,Đậu,,Area_Planted,3185.0,ha,Actual,PL5
a74feb63-9c56-4380-a58d-49615f7dc762,2013,3,Long An,Provincial,Cultivation,Lúa,,Area_Planted,21257.0,ha,Actual,PL5
24a68d2d-a8ae-4de6-8868-05e5d46a3c2c,2013,3,Long An,Provincial,Cultivation,Lúa,,Area_Planted,6417.0,ha,Actual,PL5
74d11f0c-320b-4254-a2ee-b76c16996dc2,2013,3,Long An,Provincial,Cultivation,Lúa,,Area_Planted,1142.0,ha,Actual,PL5
11a7476a-e84c-41f6-88d5-0fd9b829329a,2013,3,Long An,Provincial,Cultivation,Lúa,,Area_Planted,68.0,ha,Actual,PL5
4fc80c40-b2a4-4970-a00a-a79dba28d10a,2013,3,Long An,Provincial,Cultivation,Lúa,,Area_Planted,13626.0,ha,Actual,PL5
9c5c8696-d0b7-4756-bf34-c889b2af2e2c,2013,3,Long An,Provincial,Cultivation,Lúa,,Area_Planted,4.0,ha,Actual,PL5
ed61f466-2d71-4dfd-9f09-49a64f29abca,2013,3,Long An,Provincial,Cultivation,Rau,,Area_Planted,6993.0,ha,Actual,PL5
e32b3172-850a-47cf-a72e-a3dcaf64142e,2013,3,Long An,Provincial,Cultivation,Đậu,,Area_Planted,7.0,ha,Actual,PL5
5aee92f8-c6ec-450f-8174-289ba6af7ab9,2013,3,Tiền Giang,Provincial,Cultivation,Lúa,,Area_Planted,366.0,ha,Actual,PL5
4438fe62-103d-4d3f-96a2-222af4d403fa,2013,3,Tiền Giang,Provincial,Cultivation,Lúa,,Area_Planted,96.0,ha,Actual,PL5
9b02c070-5981-4522-9798-7be49178b9eb,2013,3,Tiền Giang,Provincial,Cultivation,Lúa,,Area_Planted,209.0,ha,Actual,PL5
4e35b98b-6114-4c7a-8fa2-125ed852e45e,2013,3,Tiền Giang,Provincial,Cultivation,Rau,,Area_Planted,20468.0,ha,Actual,PL5
f25345bd-c5ae-47ce-afe6-01e0a0d1d59f,2013,3,Tiền Giang,Provincial,Cultivation,Đậu,,Area_Planted,112.0,ha,Actual,PL5
19058ed7-bb68-4fc7-98b1-bd5af95bd3af,2013,3,Bến Tre,Provincial,Cultivation,Lúa,,Area_Planted,4611.0,ha,Actual,PL5
f33d1500-1990-4b5f-aaf9-d86993969101,2013,3,Bến Tre,Provincial,Cultivation,Lúa,,Area_Planted,145.0,ha,Actual,PL5
1627419e-563a-4385-838f-37c1eac50929,2013,3,Bến Tre,Provincial,Cultivation,Lúa,,Area_Planted,4466.0,ha,Actual,PL5
1f433175-5bb8-49ca-bb2a-0993701c5fab,2013,3,Bến Tre,Provincial,Cultivation,Rau,,Area_Planted,2557.0,ha,Actual,PL5
7180dd7b-f07c-40ed-bc29-39d605788273,2013,3,Trà Vinh,Provincial,Cultivation,Lúa,,Area_Planted,8304.0,ha,Actual,PL5
1a559c3e-6796-4d5e-9de4-25addb1a71e3,2013,3,Trà Vinh,Provincial,Cultivation,Lúa,,Area_Planted,2937.0,ha,Actual,PL5
d7561fb2-fd6a-45f5-afc8-2aa1e964bca4,2013,3,Trà Vinh,Provincial,Cultivation,Lúa,,Area_Planted,4527.0,ha,Actual,PL5
64ad6d7b-85d6-4856-aef8-8f6ea75996ac,2013,3,Trà Vinh,Provincial,Cultivation,Lúa,,Area_Planted,840.0,ha,Actual,PL5
7baefd45-20c9-4f63-85fb-eef2d366ce5a,2013,3,Trà Vinh,Provincial,Cultivation,Rau,,Area_Planted,12018.0,ha,Actual,PL5
e76c1b81-0d6c-44e3-8d14-c4ba2918a5cf,2013,3,Trà Vinh,Provincial,Cultivation,Đậu,,Area_Planted,307.0,ha,Actual,PL5
0b93fdaa-e24b-4aee-97f1-17ea5ef8e6d3,2013,3,Vĩnh Long,Provincial,Cultivation,Lúa,,Area_Planted,629.0,ha,Actual,PL5
60cd0019-449e-4d58-8e7a-32f85adcf3b1,2013,3,Vĩnh Long,Provincial,Cultivation,Lúa,,Area_Planted,14.0,ha,Actual,PL5
892e10d9-b38a-4389-8c7b-354192b5a4f3,2013,3,Vĩnh Long,Provincial,Cultivation,Lúa,,Area_Planted,133.0,ha,Actual,PL5
ce79a70c-3663-43c0-a5fe-e5c883fd6347,2013,3,Vĩnh Long,Provincial,Cultivation,Lúa,,Area_Planted,60.0,ha,Actual,PL5
771fa218-9d1e-41b1-832e-46b7abb156ad,2013,3,Vĩnh Long,Provincial,Cultivation,Rau,,Area_Planted,11132.0,ha,Actual,PL5
6cb7a902-adcb-4ad6-a16b-d8ab6584007d,2013,3,Vĩnh Long,Provincial,Cultivation,Đậu,,Area_Planted,270.0,ha,Actual,PL5
54c9d7b6-9886-4523-9b25-166ddf7821d7,2013,3,Đồng Tháp,Provincial,Cultivation,Lúa,,Area_Planted,4891.0,ha,Actual,PL5
acf4a2ea-9fba-432f-bd8c-74cc082cf6e0,2013,3,Đồng Tháp,Provincial,Cultivation,Lúa,,Area_Planted,133.0,ha,Actual,PL5
2bccb3be-aba2-4253-985b-a653a5d58d14,2013,3,Đồng Tháp,Provincial,Cultivation,Lúa,,Area_Planted,4562.0,ha,Actual,PL5
92122197-3d83-4c61-9901-7f041f4b7b6d,2013,3,Đồng Tháp,Provincial,Cultivation,Lúa,,Area_Planted,46.0,ha,Actual,PL5
ef9eaf9c-150b-47f2-9cad-1c7fb2ee906f,2013,3,Đồng Tháp,Provincial,Cultivation,Lúa,,Area_Planted,85.0,ha,Actual,PL5
b7154755-3e9a-4209-95ff-ec8dda8c3eec,2013,3,Đồng Tháp,Provincial,Cultivation,Rau,,Area_Planted,6536.0,ha,Actual,PL5
74e33338-4828-47e8-b661-8e24cc9a70f9,2013,3,Đồng Tháp,Provincial,Cultivation,Đậu,,Area_Planted,184.0,ha,Actual,PL5
36eb4f2d-4b27-4261-87af-ca8b4d988256,2013,3,An Giang,Provincial,Cultivation,Lúa,,Area_Planted,742.0,ha,Actual,PL5
647ffadd-7f29-4f78-9063-3dff89c3dcfd,2013,3,An Giang,Provincial,Cultivation,Lúa,,Area_Planted,320.0,ha,Actual,PL5
e69e039c-447d-4489-817e-2472cb8c725f,2013,3,An Giang,Provincial,Cultivation,Lúa,,Area_Planted,272.0,ha,Actual,PL5
38dbdfeb-0d0e-40ff-9439-70aaf3326332,2013,3,An Giang,Provincial,Cultivation,Rau,,Area_Planted,11780.0,ha,Actual,PL5
e74267a6-16ab-47a3-af7e-6f2c393cfbbf,2013,3,An Giang,Provincial,Cultivation,Đậu,,Area_Planted,758.0,ha,Actual,PL5
d00c3b33-0f77-4493-b0c0-5f95c7dc4804,2013,3,Kiên Giang,Provincial,Cultivation,Lúa,,Area_Planted,5143.0,ha,Actual,PL5
7229173a-ca8a-4906-88a1-584ba1c5fe83,2013,3,Kiên Giang,Provincial,Cultivation,Lúa,,Area_Planted,5143.0,ha,Actual,PL5
a4301f16-6c30-4e90-bb23-b18ce897b1ed,2013,3,Kiên Giang,Provincial,Cultivation,Rau,,Area_Planted,1636.0,ha,Actual,PL5
eff82052-e6f8-4fcc-99a3-53cceea42f0b,2013,3,Cần Thơ,Provincial,Cultivation,Lúa,,Area_Planted,3531.0,ha,Actual,PL5
e92baa9f-b644-42b0-aeae-6fa1343900c8,2013,3,Cần Thơ,Provincial,Cultivation,Lúa,,Area_Planted,20.0,ha,Actual,PL5
01a88f0b-f148-4b61-b633-974e13bc0742,2013,3,Cần Thơ,Provincial,Cultivation,Lúa,,Area_Planted,3486.0,ha,Actual,PL5
ff74c136-652b-41ce-b205-56cca5d3d54d,2013,3,Cần Thơ,Provincial,Cultivation,Rau,,Area_Planted,3180.0,ha,Actual,PL5
59540fb5-ef3c-4dde-bd7a-146b01d35d96,2013,3,Cần Thơ,Provincial,Cultivation,Đậu,,Area_Planted,272.0,ha,Actual,PL5
20ebdb3b-1d62-41f3-a95c-1e90f1b3ba6a,2013,3,Hậu Giang,Provincial,Cultivation,Lúa,,Area_Planted,13467.0,ha,Actual,PL5
596b40d6-fc9d-4868-9819-ae9846f6f8c0,2013,3,Hậu Giang,Provincial,Cultivation,Lúa,,Area_Planted,13467.0,ha,Actual,PL5
df0d8417-d7fd-4186-bac3-c4e1b4c6d2ee,2013,3,Hậu Giang,Provincial,Cultivation,Rau,,Area_Planted,7813.0,ha,Actual,PL5
6ae1dd62-37df-47a8-85c7-92ad40f1ce2e,2013,3,Hậu Giang,Provincial,Cultivation,Đậu,,Area_Planted,183.0,ha,Actual,PL5
818b9d32-10b9-46f9-bf38-8850db20ab5d,2013,3,Sóc Trăng,Provincial,Cultivation,Lúa,,Area_Planted,9472.0,ha,Actual,PL5
f9c86e49-c7f2-4205-b32b-5f01a19bddb0,2013,3,Sóc Trăng,Provincial,Cultivation,Lúa,,Area_Planted,80.0,ha,Actual,PL5
a614ec20-c1d1-4dc4-bb1d-b4772991721d,2013,3,Sóc Trăng,Provincial,Cultivation,Lúa,,Area_Planted,9264.0,ha,Actual,PL5
009d2a4f-d1af-49f2-bd8b-8f96ff2e0e60,2013,3,Sóc Trăng,Provincial,Cultivation,Rau,,Area_Planted,21844.0,ha,Actual,PL5
7a3299d2-8dd5-411c-9ff3-887c8c850ca5,2013,3,Sóc Trăng,Provincial,Cultivation,Đậu,,Area_Planted,1092.0,ha,Actual,PL5
bd1beebe-a908-4d15-943b-149730d4c005,2013,3,Bạc Liêu,Provincial,Cultivation,Rau,,Area_Planted,3400.0,ha,Actual,PL5
15a40653-ece0-48f0-bed5-9c095b8c2922,2013,1,Cả nước,National,Trade,I,Xuất khẩu,Export_Volume,840464.0,1000_ton,Actual,PL8
ef243d83-9d8d-4284-a5c4-1b4a168b3343,2013,1,Cả nước,National,Trade,I,Xuất khẩu,Export_Value,2978036.0,million_USD,Actual,PL8
63a2fe9e-0c01-44c4-9d7f-063fa911396a,2013,1,Cả nước,National,Trade,1,Xuất khẩu,Export_Volume,840464.0,1000_ton,Actual,PL8
3a6d5b04-957f-4a87-b97d-641e56b11ac1,2013,1,Cả nước,National,Trade,1,Xuất khẩu,Export_Value,1579340.0,million_USD,Actual,PL8
37535277-4887-47a8-a8a5-fb76f12f3de8,2013,1,Cả nước,National,Trade,2,Xuất khẩu,Export_Value,607423.0,million_USD,Actual,PL8
1fb683bc-f3b6-4b70-8838-a3e226716268,2013,1,Cả nước,National,Trade,3,Xuất khẩu,Export_Value,260773.0,million_USD,Actual,PL8
66f7b740-1f06-4617-82b4-36d33cd6bd53,2013,1,Cả nước,National,Trade,4,Xuất khẩu,Export_Value,190000.0,million_USD,Actual,PL8
eeb918f2-1969-40d1-8906-1365fbf842ab,2013,1,Cả nước,National,Trade,5,Xuất khẩu,Export_Value,126000.0,million_USD,Actual,PL8
eb0cc6dc-c2d9-4963-a8e7-128ae7351606,2013,1,Cả nước,National,Trade,6,Xuất khẩu,Export_Value,50000.0,million_USD,Actual,PL8
2fcf9876-2acc-43fb-a702-41fa9faa095b,2013,1,Cả nước,National,Trade,7,Xuất khẩu,Export_Value,30000.0,million_USD,Actual,PL8
cbea6053-01d0-47e2-a18d-d9d8a67f7c43,2013,1,Cả nước,National,Trade,8,Xuất khẩu,Export_Value,15000.0,million_USD,Actual,PL8
bb769e3d-febb-45d1-acf9-6a2c41f107ef,2013,1,Cả nước,National,Trade,9,Xuất khẩu,Export_Value,119500.0,million_USD,Actual,PL8
d90d8cd1-d23a-489d-9677-187a7e0ed4fd,2013,1,Cả nước,National,Trade,II,Xuất khẩu,Export_Value,489292.0,million_USD,Actual,PL8
70767479-71aa-44ef-bb94-25bd6709c9ca,2013,1,Cả nước,National,Trade,1,Xuất khẩu,Export_Value,145360.0,million_USD,Actual,PL8
fa2f5d96-a693-4eed-a8e4-4a6a44a2d0da,2013,1,Cả nước,National,Trade,3,Xuất khẩu,Export_Value,101000.0,million_USD,Actual,PL8
eec4a7da-1855-4047-bbd1-ec9929d2e62a,2013,1,Cả nước,National,Trade,4,Xuất khẩu,Export_Value,82800.0,million_USD,Actual,PL8
dbb8a047-847d-47aa-99ae-2bc81cb350d4,2013,1,Cả nước,National,Trade,5,Xuất khẩu,Export_Value,10132.0,million_USD,Actual,PL8
e0cc1abf-587f-409d-a528-71b81a7ce166,2013,1,Cả nước,National,Trade,6,Xuất khẩu,Export_Value,150000.0,million_USD,Actual,PL8
50ae0771-db39-4742-9ef9-f9c5923a1ab4,2013,1,Cả nước,National,Trade,III,Xuất khẩu,Export_Volume,17168.0,1000_ton,Actual,PL8
00aa35c1-f7a7-44ea-9222-510e3f8a9b54,2013,1,Cả nước,National,Trade,III,Xuất khẩu,Export_Value,7400.0,million_USD,Actual,PL8
60a8d3b5-a940-40f0-9244-4346667863ce,2013,1,Cả nước,National,Trade,IV,Xuất khẩu,Export_Value,7700.0,million_USD,Actual,PL8
b21dc355-4671-45d7-a081-d88fb7c79be1,2013,1,Cả nước,National,Trade,V,Xuất khẩu,Export_Value,60000.0,million_USD,Actual,PL8
6e951fbe-a332-4ecd-8c00-49a21a804a08,2013,1,Cả nước,National,Trade,B,Xuất khẩu,Export_Volume,1201280.0,1000_ton,Actual,PL8
c2958bbf-ba99-41b7-adef-2d8d90941409,2013,1,Cả nước,National,Trade,B,Xuất khẩu,Export_Value,4498720.0,million_USD,Actual,PL8
a7d97a8c-db13-4c47-89e4-2e4a0bfc9e69,2013,3,Cả nước,National,Investment,568,,Investment_Amount,1109.0,million_VND,Plan,PL9a
cd3abe26-e634-43b8-93f7-261730453f78,2013,3,Cả nước,National,Investment,568,,Investment_Amount,319.0,million_VND,Cumulative,PL9a
c28f345d-1527-47d1-8315-c0f8717375a5,2013,3,Cả nước,National,Investment,317,,Investment_Amount,626.0,million_VND,Plan,PL9a
ce525848-c789-4916-a130-653b0dc4205b,2013,3,Cả nước,National,Investment,317,,Investment_Amount,139.0,million_VND,Cumulative,PL9a
1c2d13ff-01ab-4ef0-b8cc-30f619ab84d0,2013,3,Cả nước,National,Investment,"1,028",,Investment_Amount,654.0,million_VND,Plan,PL9a
c3b979fe-d656-4003-9db6-c2f180b56746,2013,3,Cả nước,National,Investment,"1,028",,Investment_Amount,809.0,million_VND,Cumulative,PL9a
98e2b6a5-fed6-4fbf-b55e-1da04b80a1a5,2013,3,Cả nước,National,Investment,33,,Investment_Amount,42.0,million_VND,Plan,PL9a
18a640ec-54b7-48a1-a01b-94c6c6b7cb13,2013,3,Cả nước,National,Investment,33,,Investment_Amount,19.0,million_VND,Cumulative,PL9a
37a44240-2211-4858-8586-ecce28dea1ef,2013,3,Cả nước,National,Investment,37,,Investment_Amount,262.0,million_VND,Plan,PL9a
1f85746b-4f4f-4cf2-8c4d-804bcb5c1d3b,2013,3,Cả nước,National,Investment,37,,Investment_Amount,28.0,million_VND,Cumulative,PL9a
6969ed46-de12-4157-b42d-c2e523ff5632,2013,3,Cả nước,National,Investment,46,,Investment_Amount,211.0,million_VND,Plan,PL9a
8478589e-0d1e-4b9b-b98d-6460e6ed2c31,2013,3,Cả nước,National,Investment,46,,Investment_Amount,21.0,million_VND,Cumulative,PL9a
e62265e4-e52f-4d37-a895-49e438b013c2,2013,3,Cả nước,National,Investment,948,,Investment_Amount,372.0,million_VND,Plan,PL9a
3a8719be-580b-43e0-8d51-f13f0b33bf3f,2013,3,Cả nước,National,Investment,948,,Investment_Amount,987.0,million_VND,Cumulative,PL9a
a506b589-291c-458e-9653-3b57a6a4dddd,2013,3,Cả nước,National,Investment,666,,Investment_Amount,238.0,million_VND,Plan,PL9a
0c9f2aab-0793-422f-a56b-a8ee23b5f670,2013,3,Cả nước,National,Investment,666,,Investment_Amount,623.0,million_VND,Cumulative,PL9a
bd255bdf-d502-4f36-ad0c-026f0769eb2a,2013,3,Cả nước,National,Investment,608,,Investment_Amount,261.0,million_VND,Plan,PL9a
acb2e99c-ecdb-420a-bcd6-20fc79dbbe0c,2013,3,Cả nước,National,Investment,608,,Investment_Amount,505.0,million_VND,Cumulative,PL9a
b199e4e1-bd1f-4117-9ffa-32872e9c682e,2013,3,Cả nước,National,Investment,44,,Investment_Amount,18.0,million_VND,Plan,PL9a
afe70a3e-77cf-472e-80b5-57b03b36fb5b,2013,3,Cả nước,National,Investment,44,,Investment_Amount,11.0,million_VND,Cumulative,PL9a
c9e55cd8-94e1-4c8e-a32d-06f521a87e23,2013,3,Cả nước,National,Investment,222,,Investment_Amount,54.0,million_VND,Plan,PL9a
4d23a192-657f-4651-a3bc-cb3c6a5d6a6e,2013,3,Cả nước,National,Investment,222,,Investment_Amount,142.0,million_VND,Cumulative,PL9a
0f8919a7-5dc1-464b-9ec8-f89295f8f95c,2013,3,Cả nước,National,Investment,94,,Investment_Amount,55.0,million_VND,Plan,PL9a
546812bc-4bcb-4c9c-94f2-ae07d512c579,2013,3,Cả nước,National,Investment,94,,Investment_Amount,95.0,million_VND,Cumulative,PL9a
c1bafac1-fdf4-42fc-b8dc-7975ac693eba,2013,3,Cả nước,National,Investment,18,,Investment_Amount,9.0,million_VND,Plan,PL9a
4f9527de-e8cf-4799-8657-db6f17ddf901,2013,3,Cả nước,National,Investment,18,,Investment_Amount,72.0,million_VND,Cumulative,PL9a
984086b0-df1a-45a3-8581-b3480debd153,2013,3,Cả nước,National,Investment,230,,Investment_Amount,124.0,million_VND,Plan,PL9a
134c16dd-aa15-4c28-b645-ae5bc47b9dfd,2013,3,Cả nước,National,Investment,230,,Investment_Amount,185.0,million_VND,Cumulative,PL9a
b3f8c76a-5e5d-4fcb-b657-b5fe04503097,2013,3,Cả nước,National,Investment,784,,Investment_Amount,236.0,million_VND,Plan,PL9a
a6173444-5279-4811-b683-fef0fad2ac81,2013,3,Cả nước,National,Investment,784,,Investment_Amount,233.0,million_VND,Cumulative,PL9a
2625d364-1fb1-4717-945d-19291e3fdbf9,2013,3,Cả nước,National,Investment,Cà phê,,Investment_Amount,313685.0,million_VND,Plan,PL9b
e6c321bb-d9d2-4a0d-a89d-6ae9c9bb5723,2013,3,Cả nước,National,Investment,Cà phê,,Investment_Amount,672447.0,million_VND,Cumulative,PL9b
8890d487-59f8-4bf6-ac52-4db8ffec982d,2013,3,Cả nước,National,Investment,ĐỨC,,Investment_Amount,49290.0,million_VND,Plan,PL9b
716e7939-2aea-4f48-a9a3-d546c1d4354f,2013,3,Cả nước,National,Investment,ĐỨC,,Investment_Amount,84129.0,million_VND,Cumulative,PL9b
a43650fc-aa31-44df-ae6a-ad5819510911,2013,3,Cả nước,National,Investment,HOA KỲ,,Investment_Amount,37481.0,million_VND,Plan,PL9b
e5adf842-379a-4c2a-a085-93fc6b099746,2013,3,Cả nước,National,Investment,HOA KỲ,,Investment_Amount,76050.0,million_VND,Cumulative,PL9b
72c5421b-d324-4cea-8116-f4d521bbd29b,2013,3,Cả nước,National,Investment,ITALIA,,Investment_Amount,23343.0,million_VND,Plan,PL9b
afd9ec00-e080-47f4-93f6-6819bbcb17f4,2013,3,Cả nước,National,Investment,ITALIA,,Investment_Amount,44039.0,million_VND,Cumulative,PL9b
6791d963-349d-4219-a144-e17217ed9da9,2013,3,Cả nước,National,Investment,TÂY BAN NHA,,Investment_Amount,16293.0,million_VND,Plan,PL9b
dd478bda-a39a-4be0-a75c-9be83f013767,2013,3,Cả nước,National,Investment,TÂY BAN NHA,,Investment_Amount,43763.0,million_VND,Cumulative,PL9b
1801285e-0d35-459e-9cd2-aeffc00bded7,2013,3,Cả nước,National,Investment,BỈ,,Investment_Amount,7659.0,million_VND,Plan,PL9b
13f6bac1-fc17-4661-95a3-21a1b3bd47b6,2013,3,Cả nước,National,Investment,BỈ,,Investment_Amount,25388.0,million_VND,Cumulative,PL9b
738263d2-f879-4bc8-bc9b-e7ad9f1c8923,2013,3,Cả nước,National,Investment,NHẬT BẢN,,Investment_Amount,15127.0,million_VND,Plan,PL9b
d62dd0d0-503b-4b2d-bd50-a8b48d0749b9,2013,3,Cả nước,National,Investment,NHẬT BẢN,,Investment_Amount,23750.0,million_VND,Cumulative,PL9b
c32bbea7-0d9b-4648-a361-ff5e45726cd0,2013,3,Cả nước,National,Investment,ANH,,Investment_Amount,7643.0,million_VND,Plan,PL9b
72d10f48-ab1a-4418-9d56-5fda1f03c1ff,2013,3,Cả nước,National,Investment,ANH,,Investment_Amount,18943.0,million_VND,Cumulative,PL9b
e4907e91-cdd2-4d6c-93c6-98e1005403ea,2013,3,Cả nước,National,Investment,PHI LIP PIN,,Investment_Amount,7923.0,million_VND,Plan,PL9b
46198480-cdc0-4396-a984-5431f7ed8972,2013,3,Cả nước,National,Investment,PHI LIP PIN,,Investment_Amount,18641.0,million_VND,Cumulative,PL9b
b10d1826-6544-42a2-8270-86621dbac743,2013,3,Cả nước,National,Investment,ẤN ĐỘ,,Investment_Amount,4214.0,million_VND,Plan,PL9b
ae797f5a-f28a-47c9-803b-9ff9bd4f4d1e,2013,3,Cả nước,National,Investment,ẤN ĐỘ,,Investment_Amount,17874.0,million_VND,Cumulative,PL9b
49983a9a-c63f-4acb-96cf-7f63b892efd4,2013,3,Cả nước,National,Investment,NGA,,Investment_Amount,6789.0,million_VND,Plan,PL9b
58bdca10-314c-41c0-9c91-307b4d62cf1c,2013,3,Cả nước,National,Investment,NGA,,Investment_Amount,16105.0,million_VND,Cumulative,PL9b
5cf8ede7-29cf-48de-bc83-9f22fe6e5ded,2013,3,Cả nước,National,Investment,Cao su,,Investment_Amount,158394.0,million_VND,Plan,PL9b
90c129cd-b98e-49fc-926b-d0f0b051132a,2013,3,Cả nước,National,Investment,Cao su,,Investment_Amount,381504.0,million_VND,Cumulative,PL9b
8b76e921-0fec-47c1-bce7-a52d6b4db320,2013,3,Cả nước,National,Investment,TRUNG QUỐC,,Investment_Amount,88518.0,million_VND,Plan,PL9b
371a2fc9-cf72-42f6-a40c-1f81fb609a54,2013,3,Cả nước,National,Investment,TRUNG QUỐC,,Investment_Amount,182283.0,million_VND,Cumulative,PL9b
20cd21cb-ce70-4718-aec0-05862e6c325a,2013,3,Cả nước,National,Investment,MALAIXIA,,Investment_Amount,18867.0,million_VND,Plan,PL9b
94a4cd91-f05c-409c-9348-776887160f1e,2013,3,Cả nước,National,Investment,MALAIXIA,,Investment_Amount,68117.0,million_VND,Cumulative,PL9b
81266cb6-0ccb-474c-953e-1de506882ac2,2013,3,Cả nước,National,Investment,ẤN ĐỘ,,Investment_Amount,5800.0,million_VND,Plan,PL9b
7d62763a-7172-4946-b3fd-11b715a79dc8,2013,3,Cả nước,National,Investment,ẤN ĐỘ,,Investment_Amount,17803.0,million_VND,Cumulative,PL9b
e96dd5c3-ce09-46fe-a5b0-99339f0d7a82,2013,3,Cả nước,National,Investment,ĐÀI LOAN,,Investment_Amount,8689.0,million_VND,Plan,PL9b
a87a8c8c-d198-498c-94fd-92d9150679e4,2013,3,Cả nước,National,Investment,ĐÀI LOAN,,Investment_Amount,17795.0,million_VND,Cumulative,PL9b
28bcd672-0f34-424c-adbb-346319d606ca,2013,3,Cả nước,National,Investment,ĐỨC,,Investment_Amount,4241.0,million_VND,Plan,PL9b
0b8a4fe0-50ec-4716-ae91-19119aae1a37,2013,3,Cả nước,National,Investment,ĐỨC,,Investment_Amount,15874.0,million_VND,Cumulative,PL9b
d3247553-42e5-4022-a06b-32f0e3389939,2013,3,Cả nước,National,Investment,HOA KỲ,,Investment_Amount,3577.0,million_VND,Plan,PL9b
a5c72e01-471b-4933-be80-4a8193a547f4,2013,3,Cả nước,National,Investment,HOA KỲ,,Investment_Amount,13694.0,million_VND,Cumulative,PL9b
fe884ff2-4824-4532-8d91-ad5d3df047b2,2013,3,Cả nước,National,Investment,HÀN QUỐC,,Investment_Amount,6029.0,million_VND,Plan,PL9b
ae13e9ac-fbc9-4d5d-a1ac-a781cc3b13be,2013,3,Cả nước,National,Investment,HÀN QUỐC,,Investment_Amount,13479.0,million_VND,Cumulative,PL9b
187ac400-077c-4a32-9b03-2c3b77cbffa8,2013,3,Cả nước,National,Investment,THỔ NHĨ KỲ,,Investment_Amount,3493.0,million_VND,Plan,PL9b
e5b199d0-ccda-4d2e-a252-8b7b5cf569b5,2013,3,Cả nước,National,Investment,THỔ NHĨ KỲ,,Investment_Amount,7373.0,million_VND,Cumulative,PL9b
0f212857-5d43-474d-b99c-94da88df924d,2013,3,Cả nước,National,Investment,NHẬT BẢN,,Investment_Amount,1707.0,million_VND,Plan,PL9b
13f183c3-8f01-4974-9e8e-f90dc26bd5a9,2013,3,Cả nước,National,Investment,NHẬT BẢN,,Investment_Amount,4377.0,million_VND,Cumulative,PL9b
7e8a1524-79ff-4bb1-bfdf-f7af23361772,2013,3,Cả nước,National,Investment,ITALIA,,Investment_Amount,1956.0,million_VND,Plan,PL9b
3fa893be-b0a3-4e88-b403-85d6aff2404c,2013,3,Cả nước,National,Investment,ITALIA,,Investment_Amount,4005.0,million_VND,Cumulative,PL9b
65d3297b-2151-439a-9b77-aafc29a29a2b,2013,3,Cả nước,National,Investment,Chè,,Investment_Amount,19534.0,million_VND,Plan,PL9b
7d3716d9-0422-4e3f-ac3d-bab3444acdd3,2013,3,Cả nước,National,Investment,Chè,,Investment_Amount,28752.0,million_VND,Cumulative,PL9b
8d9a8160-81ee-445e-b280-763d5617dccb,2013,3,Cả nước,National,Investment,PAKIXTAN,,Investment_Amount,2834.0,million_VND,Plan,PL9b
b1685328-42f8-4804-957d-cbb81890a6bc,2013,3,Cả nước,National,Investment,PAKIXTAN,,Investment_Amount,5064.0,million_VND,Cumulative,PL9b
4b04a9c7-9393-4057-85db-85ad244eee74,2013,3,Cả nước,National,Investment,ĐÀI LOAN,,Investment_Amount,2407.0,million_VND,Plan,PL9b
21707b5a-5b9a-4f7f-b852-526a6526b1e6,2013,3,Cả nước,National,Investment,ĐÀI LOAN,,Investment_Amount,3752.0,million_VND,Cumulative,PL9b
aad2a872-f4d4-4982-9cb3-45fa7ce70983,2013,3,Cả nước,National,Investment,NGA,,Investment_Amount,2330.0,million_VND,Plan,PL9b
87c3e601-b73c-46a0-b91b-a8b8920e9496,2013,3,Cả nước,National,Investment,NGA,,Investment_Amount,2777.0,million_VND,Cumulative,PL9b
c114c30c-3cf7-4393-905f-1ddd01c6981d,2013,3,Cả nước,National,Investment,HOA KỲ,,Investment_Amount,784.0,million_VND,Plan,PL9b
3225f19d-a5a4-401b-b688-5b3d789181b9,2013,3,Cả nước,National,Investment,HOA KỲ,,Investment_Amount,1835.0,million_VND,Cumulative,PL9b
20a65b6d-d8dc-43cf-b4be-d01cf3a231ed,2013,3,Cả nước,National,Investment,TVQ ARẬP THỐNG NHẤT,,Investment_Amount,159.0,million_VND,Plan,PL9b
72c5115d-2a68-42fa-aaff-3d1942a94b65,2013,3,Cả nước,National,Investment,TVQ ARẬP THỐNG NHẤT,,Investment_Amount,1589.0,million_VND,Cumulative,PL9b
7ab7cce7-8785-45d9-81f6-6098e3acea83,2013,3,Cả nước,National,Investment,IN ĐÔ NÊ XI A,,Investment_Amount,2883.0,million_VND,Plan,PL9b
1d0d7fb2-23ea-4cd4-9c45-343be79884f0,2013,3,Cả nước,National,Investment,IN ĐÔ NÊ XI A,,Investment_Amount,1565.0,million_VND,Cumulative,PL9b
0c1ac68a-41e2-4ce4-bfc3-c5e29e72d0a3,2013,3,Cả nước,National,Investment,TRUNG QUỐC,,Investment_Amount,1321.0,million_VND,Plan,PL9b
846d2cdd-9af3-43d5-bafa-0baa8ae12a1f,2013,3,Cả nước,National,Investment,TRUNG QUỐC,,Investment_Amount,1308.0,million_VND,Cumulative,PL9b
2b2f304e-0c60-463c-9a10-6ffd8c8b7c1c,2013,3,Cả nước,National,Investment,ARẬP XÊÚT,,Investment_Amount,514.0,million_VND,Plan,PL9b
fb7aef0d-7286-4ef6-b638-1b902ce82940,2013,3,Cả nước,National,Investment,ARẬP XÊÚT,,Investment_Amount,1105.0,million_VND,Cumulative,PL9b
5964984d-e686-43e5-b283-487c6c12fda2,2013,3,Cả nước,National,Investment,BA LAN,,Investment_Amount,760.0,million_VND,Plan,PL9b
70650201-9922-4db4-be64-fde9bf300a57,2013,3,Cả nước,National,Investment,BA LAN,,Investment_Amount,785.0,million_VND,Cumulative,PL9b
2668b826-fcf2-4702-974e-59df11e79176,2013,3,Cả nước,National,Investment,ĐỨC,,Investment_Amount,302.0,million_VND,Plan,PL9b
96a5b714-f5b6-4ee7-a4d0-d3d9ce26c4ea,2013,3,Cả nước,National,Investment,ĐỨC,,Investment_Amount,595.0,million_VND,Cumulative,PL9b
c1a13362-0708-4cc6-a6cf-92d00746dcb7,2013,3,Cả nước,National,Investment,Gạo,,Investment_Amount,704380.0,million_VND,Plan,PL9b
fa9e6855-a159-43b0-98d6-65df91742ef1,2013,3,Cả nước,National,Investment,Gạo,,Investment_Amount,364105.0,million_VND,Cumulative,PL9b
964198c8-7c07-4304-94b4-01d13da47f3e,2013,3,Cả nước,National,Investment,TRUNG QUỐC,,Investment_Amount,44003.0,million_VND,Plan,PL9b
380b102f-b560-42a5-a71b-71dbce36fca7,2013,3,Cả nước,National,Investment,TRUNG QUỐC,,Investment_Amount,145723.0,million_VND,Cumulative,PL9b
1302329c-140c-4e3d-84cf-3df30a925ed8,2013,3,Cả nước,National,Investment,XINH GA PO,,Investment_Amount,56248.0,million_VND,Plan,PL9b
6f5791da-6e93-4f01-9f46-9ce6968b001a,2013,3,Cả nước,National,Investment,XINH GA PO,,Investment_Amount,24861.0,million_VND,Cumulative,PL9b
cbc227a2-e4df-4ac4-b333-73ed5a6cb31b,2013,3,Cả nước,National,Investment,PHI LIP PIN,,Investment_Amount,3555.0,million_VND,Plan,PL9b
353f554b-6ebc-4d16-9317-343d0c63ef0d,2013,3,Cả nước,National,Investment,PHI LIP PIN,,Investment_Amount,22695.0,million_VND,Cumulative,PL9b
a86137d3-4927-4732-a2f2-fc87d5bc311a,2013,3,Cả nước,National,Investment,HỒNG CÔNG,,Investment_Amount,35301.0,million_VND,Plan,PL9b
f1044b89-12b3-40a0-b86a-fbf0da548d1a,2013,3,Cả nước,National,Investment,HỒNG CÔNG,,Investment_Amount,19902.0,million_VND,Cumulative,PL9b
1151a107-de87-4f09-ba23-301bb45bc92d,2013,3,Cả nước,National,Investment,IN ĐÔ NÊ XI A,,Investment_Amount,206574.0,million_VND,Plan,PL9b
f29304db-1941-4935-80c6-676a45be428b,2013,3,Cả nước,National,Investment,IN ĐÔ NÊ XI A,,Investment_Amount,15749.0,million_VND,Cumulative,PL9b
879a087f-f370-4b7e-ab13-55f388015b50,2013,3,Cả nước,National,Investment,ĂNG GÔ LA,,Investment_Amount,12013.0,million_VND,Plan,PL9b
62b1b433-d177-45d7-bd34-fe76f549a30f,2013,3,Cả nước,National,Investment,ĂNG GÔ LA,,Investment_Amount,10312.0,million_VND,Cumulative,PL9b
810186c3-5133-4c6e-908d-0d8b0fe77662,2013,3,Cả nước,National,Investment,MALAIXIA,,Investment_Amount,115885.0,million_VND,Plan,PL9b
9cc6e1a3-b25e-4711-8589-0290f65d3623,2013,3,Cả nước,National,Investment,MALAIXIA,,Investment_Amount,9475.0,million_VND,Cumulative,PL9b
f1468f8d-bca4-4cff-9051-86a8bc96e267,2013,3,Cả nước,National,Investment,AN GIÊ RI,,Investment_Amount,11185.0,million_VND,Plan,PL9b
a4c35f39-fbee-44d2-a084-6c481dc244d7,2013,3,Cả nước,National,Investment,AN GIÊ RI,,Investment_Amount,7175.0,million_VND,Cumulative,PL9b
95370b1c-25d0-4430-9466-f7f1038471e5,2013,3,Cả nước,National,Investment,GANA,,Investment_Amount,21471.0,million_VND,Plan,PL9b
7e00cea5-e67a-42b8-a31f-4ff216505cad,2013,3,Cả nước,National,Investment,GANA,,Investment_Amount,6851.0,million_VND,Cumulative,PL9b
effc2409-22cf-44d8-963a-beeaf6e27cd2,2013,3,Cả nước,National,Investment,ĐÀI LOAN,,Investment_Amount,36871.0,million_VND,Plan,PL9b
88d7229f-d20d-45db-aca0-d904e7888173,2013,3,Cả nước,National,Investment,ĐÀI LOAN,,Investment_Amount,5915.0,million_VND,Cumulative,PL9b
ecc15af6-36f6-48d4-91fc-5765f22b31d2,2013,3,Cả nước,National,Investment,Gỗ & sản phẩm gỗ,,Investment_Amount,736579.0,million_VND,Cumulative,PL9b
e735cca2-c4df-44a9-b2a2-b6709dcc3e19,2013,3,Cả nước,National,Investment,HOA KỲ,,Investment_Amount,244311.0,million_VND,Cumulative,PL9b
0e79ec60-92a3-4307-be79-863c803e3a42,2013,3,Cả nước,National,Investment,TRUNG QUỐC,,Investment_Amount,120516.0,million_VND,Cumulative,PL9b
6aa059b8-fa22-4a3d-b02e-ceaf87a06d3a,2013,3,Cả nước,National,Investment,NHẬT BẢN,,Investment_Amount,109545.0,million_VND,Cumulative,PL9b
a3f63289-ce8f-4f19-903f-155a6bc36b64,2013,3,Cả nước,National,Investment,HÀN QUỐC,,Investment_Amount,39569.0,million_VND,Cumulative,PL9b
458c437f-77a5-46fe-b872-6f6b2b030031,2013,3,Cả nước,National,Investment,ANH,,Investment_Amount,34006.0,million_VND,Cumulative,PL9b
955a43a3-ee81-40e5-a493-6f22ada29895,2013,3,Cả nước,National,Investment,ĐỨC,,Investment_Amount,24209.0,million_VND,Cumulative,PL9b
90e85dc3-2f69-4eb7-b88c-bca7b6db3646,2013,3,Cả nước,National,Investment,PHÁP,,Investment_Amount,21598.0,million_VND,Cumulative,PL9b
9fa19bbd-941a-460b-996e-893f8661cfd7,2013,3,Cả nước,National,Investment,CA NA ĐA,,Investment_Amount,16658.0,million_VND,Cumulative,PL9b
70cc1774-436f-40d7-b7bb-679696659af6,2013,3,Cả nước,National,Investment,Ô X TRÂY LIA,,Investment_Amount,14933.0,million_VND,Cumulative,PL9b
dd224fc3-8c26-4c4b-b60b-0c00e167120e,2013,3,Cả nước,National,Investment,Bông các loại,,Investment_Amount,50873.0,million_VND,Plan,PL9c
b7173091-9e63-422d-a57b-ba3368dd59de,2013,3,Cả nước,National,Investment,Bông các loại,,Investment_Amount,166304.0,million_VND,Cumulative,PL9c
1f1b3cc6-9625-4d1a-a8fa-fe25b50adf52,2013,3,Cả nước,National,Investment,HOA KỲ,,Investment_Amount,12301.0,million_VND,Plan,PL9c
2567ea09-eb66-461d-b833-d4a4350dc0e7,2013,3,Cả nước,National,Investment,HOA KỲ,,Investment_Amount,77209.0,million_VND,Cumulative,PL9c
dd9951c7-aa66-4dc3-8121-4f0233e9e728,2013,3,Cả nước,National,Investment,ẤN ĐỘ,,Investment_Amount,13522.0,million_VND,Plan,PL9c
5ec9429f-a76c-4208-b31e-8abee81bc734,2013,3,Cả nước,National,Investment,ẤN ĐỘ,,Investment_Amount,42883.0,million_VND,Cumulative,PL9c
74324f33-3df3-47f1-8be3-ca87dc5ea9ec,2013,3,Cả nước,National,Investment,BRAXIN,,Investment_Amount,6512.0,million_VND,Plan,PL9c
a74f7f9a-d41c-4387-b250-3ac311b8c659,2013,3,Cả nước,National,Investment,BRAXIN,,Investment_Amount,12059.0,million_VND,Cumulative,PL9c
d7e58137-5e53-4baf-b814-e5ddd17f747f,2013,3,Cả nước,National,Investment,PAKIXTAN,,Investment_Amount,10748.0,million_VND,Plan,PL9c
e40baa14-9603-43a2-8a8d-fb0fc0665ab9,2013,3,Cả nước,National,Investment,PAKIXTAN,,Investment_Amount,5718.0,million_VND,Cumulative,PL9c
d7e5cafa-3feb-4ba2-b7af-17dbfe177bf2,2013,3,Cả nước,National,Investment,BỜ BIỂN NGÀ,,Investment_Amount,401.0,million_VND,Plan,PL9c
e78e4843-9a5c-4561-b02c-0cfaaa8ee53e,2013,3,Cả nước,National,Investment,BỜ BIỂN NGÀ,,Investment_Amount,3931.0,million_VND,Cumulative,PL9c
1e3f51eb-6f76-4863-ac2e-56106c7a0a9d,2013,3,Cả nước,National,Investment,Ô X TRÂY LIA,,Investment_Amount,615.0,million_VND,Plan,PL9c
2d750c77-2825-404b-8d9f-b54d59f685c7,2013,3,Cả nước,National,Investment,Ô X TRÂY LIA,,Investment_Amount,869.0,million_VND,Cumulative,PL9c
8954bbad-ca54-447c-a33f-7bd5cdfef429,2013,3,Cả nước,National,Investment,ACHENTINA,,Investment_Amount,0.0,million_VND,Plan,PL9c
bb9cb644-57aa-4277-8a6c-a8bf161276cb,2013,3,Cả nước,National,Investment,ACHENTINA,,Investment_Amount,648.0,million_VND,Cumulative,PL9c
f72f88c4-c195-4817-a2c7-32f5ecb03464,2013,3,Cả nước,National,Investment,HÀN QUỐC,,Investment_Amount,52.0,million_VND,Plan,PL9c
1285c596-869c-4681-88a6-2630ada62b25,2013,3,Cả nước,National,Investment,HÀN QUỐC,,Investment_Amount,250.0,million_VND,Cumulative,PL9c
00961ac5-0806-45b5-b9a1-58b370304bd7,2013,3,Cả nước,National,Investment,TRUNG QUỐC,,Investment_Amount,63.0,million_VND,Plan,PL9c
3174c084-25c0-4226-a7e9-c8f1056e62d7,2013,3,Cả nước,National,Investment,TRUNG QUỐC,,Investment_Amount,146.0,million_VND,Cumulative,PL9c
ded1a8ee-7dfa-490a-859f-bb3a8ce7d501,2013,3,Cả nước,National,Investment,IN ĐÔ NÊ XI A,,Investment_Amount,6.0,million_VND,Plan,PL9c
83d57bd9-e006-420a-85fb-32757edd0b0e,2013,3,Cả nước,National,Investment,IN ĐÔ NÊ XI A,,Investment_Amount,128.0,million_VND,Cumulative,PL9c
ec46ed51-d59a-4732-8235-85f1616af9d0,2013,3,Cả nước,National,Investment,Cao su,,Investment_Amount,64838.0,million_VND,Plan,PL9c
e51c9a9f-7356-4bed-b03a-7a17d0b659e3,2013,3,Cả nước,National,Investment,Cao su,,Investment_Amount,121739.0,million_VND,Cumulative,PL9c
1395d122-4f78-4efd-9815-a4abd5034e27,2013,3,Cả nước,National,Investment,CAMPUCHIA,,Investment_Amount,11021.0,million_VND,Plan,PL9c
af856396-1b37-4a00-a94a-b15d880b81dc,2013,3,Cả nước,National,Investment,CAMPUCHIA,,Investment_Amount,31333.0,million_VND,Cumulative,PL9c
98a3d1bc-cff2-4671-b066-df8da1f27bf2,2013,3,Cả nước,National,Investment,HÀN QUỐC,,Investment_Amount,10285.0,million_VND,Plan,PL9c
a5bd4c35-3667-4fae-b1c4-4c35e9728107,2013,3,Cả nước,National,Investment,HÀN QUỐC,,Investment_Amount,26316.0,million_VND,Cumulative,PL9c
db523873-f6a1-431b-bdeb-d4ee639afa65,2013,3,Cả nước,National,Investment,NHẬT BẢN,,Investment_Amount,4730.0,million_VND,Plan,PL9c
88c37437-3900-498b-b4b2-0303621ac7a3,2013,3,Cả nước,National,Investment,NHẬT BẢN,,Investment_Amount,17565.0,million_VND,Cumulative,PL9c
8f141b97-a2b6-4fe3-b45f-b703f43f8890,2013,3,Cả nước,National,Investment,ĐÀI LOAN,,Investment_Amount,4385.0,million_VND,Plan,PL9c
ac8fb14d-a40b-4376-9573-4c5779e4f461,2013,3,Cả nước,National,Investment,ĐÀI LOAN,,Investment_Amount,10678.0,million_VND,Cumulative,PL9c
ec49b9ac-4bd7-41ff-b1e0-323f8f658bbb,2013,3,Cả nước,National,Investment,THÁI LAN,,Investment_Amount,4793.0,million_VND,Plan,PL9c
1e34c1c3-a003-4db7-8da5-75d24fedef33,2013,3,Cả nước,National,Investment,THÁI LAN,,Investment_Amount,6662.0,million_VND,Cumulative,PL9c
30e6290a-bb27-4ba9-898b-5aea853bcdc7,2013,3,Cả nước,National,Investment,NGA,,Investment_Amount,1047.0,million_VND,Plan,PL9c
09edb241-b680-43d3-b05b-e771a660951d,2013,3,Cả nước,National,Investment,NGA,,Investment_Amount,6268.0,million_VND,Cumulative,PL9c
550cb179-e7e1-41b7-bb31-ace83796e2f1,2013,3,Cả nước,National,Investment,TRUNG QUỐC,,Investment_Amount,2425.0,million_VND,Plan,PL9c
f4d6180f-d5cc-4cb1-89cc-bc9134e8038a,2013,3,Cả nước,National,Investment,TRUNG QUỐC,,Investment_Amount,3861.0,million_VND,Cumulative,PL9c
bd65701d-7051-420f-9091-478641471cc4,2013,3,Cả nước,National,Investment,PHÁP,,Investment_Amount,1267.0,million_VND,Plan,PL9c
01bbd719-a18f-4287-90fa-4ece83f4705b,2013,3,Cả nước,National,Investment,PHÁP,,Investment_Amount,1945.0,million_VND,Cumulative,PL9c
453eb19f-80a0-4876-92a9-db201c335481,2013,3,Cả nước,National,Investment,HOA KỲ,,Investment_Amount,7579.0,million_VND,Plan,PL9c
791fe7bf-caae-4fed-9362-5630c8758252,2013,3,Cả nước,National,Investment,HOA KỲ,,Investment_Amount,1931.0,million_VND,Cumulative,PL9c
d4ba2703-3d8e-42a4-b538-2f5697c9a48a,2013,3,Cả nước,National,Investment,CA NA ĐA,,Investment_Amount,131.0,million_VND,Plan,PL9c
64fb836f-8d04-4bb7-a1b3-8ca8b4d90e47,2013,3,Cả nước,National,Investment,CA NA ĐA,,Investment_Amount,1138.0,million_VND,Cumulative,PL9c
ca61b44e-073d-4cba-8ef1-96f5de5d78cc,2013,3,Cả nước,National,Investment,Dầu mỡ động thực vật,,Investment_Amount,96784.0,million_VND,Cumulative,PL9c
c7457ddd-f2ad-4388-aed6-53ca68490130,2013,3,Cả nước,National,Investment,MALAIXIA,,Investment_Amount,62772.0,million_VND,Cumulative,PL9c
0e78e9eb-bffb-49ce-bf19-a8568d2dd239,2013,3,Cả nước,National,Investment,ACHENTINA,,Investment_Amount,10974.0,million_VND,Cumulative,PL9c
12205dc9-acef-409d-93b6-7966090ed226,2013,3,Cả nước,National,Investment,IN ĐÔ NÊ XI A,,Investment_Amount,9488.0,million_VND,Cumulative,PL9c
044d554d-f394-488b-bdbd-df32cb1d1ed1,2013,3,Cả nước,National,Investment,THÁI LAN,,Investment_Amount,5401.0,million_VND,Cumulative,PL9c
c66b2c5c-ce3e-4107-8832-2a3bf7ef93a1,2013,3,Cả nước,National,Investment,HOA KỲ,,Investment_Amount,1516.0,million_VND,Cumulative,PL9c
af23e146-f056-460a-9086-e5257bd4a3ac,2013,3,Cả nước,National,Investment,Ô X TRÂY LIA,,Investment_Amount,1063.0,million_VND,Cumulative,PL9c
f00ffa83-78ea-48d5-9965-9e2a22a4e0f0,2013,3,Cả nước,National,Investment,CHI LÊ,,Investment_Amount,851.0,million_VND,Cumulative,PL9c
56d913c2-ae69-48ac-b03d-661dd88d6f37,2013,3,Cả nước,National,Investment,ẤN ĐỘ,,Investment_Amount,845.0,million_VND,Cumulative,PL9c
44b8afe8-bc41-41c5-a61e-d843442bad4e,2013,3,Cả nước,National,Investment,HÀN QUỐC,,Investment_Amount,810.0,million_VND,Cumulative,PL9c
4150a109-594e-4cde-ba8e-9fd79544c852,2013,3,Cả nước,National,Investment,TRUNG QUỐC,,Investment_Amount,377.0,million_VND,Cumulative,PL9c
610effbd-765b-4afb-a965-213d43a90937,2013,3,Cả nước,National,Investment,Lúa mì,,Investment_Amount,579678.0,million_VND,Plan,PL9c
a287f037-aca3-4f4f-a175-a1bd71ac5289,2013,3,Cả nước,National,Investment,Lúa mì,,Investment_Amount,86363.0,million_VND,Cumulative,PL9c
b721d332-35eb-49c5-bbd3-a4a474d72176,2013,3,Cả nước,National,Investment,Ô X TRÂY LIA,,Investment_Amount,500462.0,million_VND,Plan,PL9c
d1caed3f-a20d-491f-935a-c9a4f6c0626a,2013,3,Cả nước,National,Investment,Ô X TRÂY LIA,,Investment_Amount,71793.0,million_VND,Cumulative,PL9c
2472e42d-a3bb-4f15-b096-b501a22639ed,2013,3,Cả nước,National,Investment,HOA KỲ,,Investment_Amount,14501.0,million_VND,Plan,PL9c
10398eed-d795-4de5-b648-413a25383033,2013,3,Cả nước,National,Investment,HOA KỲ,,Investment_Amount,12492.0,million_VND,Cumulative,PL9c
72804a9a-2944-4bc8-b76d-82d108ed116d,2013,3,Cả nước,National,Investment,CA NA ĐA,,Investment_Amount,0.0,million_VND,Plan,PL9c
ffe2ba61-5fff-4adb-ad02-5b37b4831209,2013,3,Cả nước,National,Investment,CA NA ĐA,,Investment_Amount,1807.0,million_VND,Cumulative,PL9c
f0cf7768-64e9-41a4-8dc1-704a544aea54,2013,3,Cả nước,National,Investment,Gỗ & sản phẩm gỗ,,Investment_Amount,201332.0,million_VND,Cumulative,PL9c
6f04d7d8-eee5-43d3-a353-4ef0bf7d2fc8,2013,3,Cả nước,National,Investment,LÀO,,Investment_Amount,67786.0,million_VND,Cumulative,PL9c
77d2d7f4-a5e7-4840-9a75-2e74760e3458,2013,3,Cả nước,National,Investment,HOA KỲ,,Investment_Amount,23299.0,million_VND,Cumulative,PL9c
32133493-c95d-45c3-8d93-36ebc34dace5,2013,3,Cả nước,National,Investment,TRUNG QUỐC,,Investment_Amount,21713.0,million_VND,Cumulative,PL9c
a13f2786-0d75-49c5-a46b-afb470bbf0d3,2013,3,Cả nước,National,Investment,MALAIXIA,,Investment_Amount,14232.0,million_VND,Cumulative,PL9c
64b60974-7dee-44b7-b897-7110860c85ef,2013,3,Cả nước,National,Investment,MI AN MA,,Investment_Amount,8606.0,million_VND,Cumulative,PL9c
9db10992-4810-4913-afe1-2abcf096be0b,2013,3,Cả nước,National,Investment,THÁI LAN,,Investment_Amount,7917.0,million_VND,Cumulative,PL9c
fb3cbe0d-e1af-446a-8f3c-24ab01ab21b2,2013,3,Cả nước,National,Investment,NIU ZI LÂN,,Investment_Amount,5509.0,million_VND,Cumulative,PL9c
7d454fb8-3855-48a0-8ad6-2153ae078e51,2013,3,Cả nước,National,Investment,CHI LÊ,,Investment_Amount,3328.0,million_VND,Cumulative,PL9c
2d01a71e-c461-459a-8ef4-f4a482dd962c,2013,3,Cả nước,National,Investment,CAMPUCHIA,,Investment_Amount,2990.0,million_VND,Cumulative,PL9c
601a103a-b3da-45c9-a4fd-b1a707db27a1,2013,3,Cả nước,National,Investment,IN ĐÔ NÊ XI A,,Investment_Amount,2594.0,million_VND,Cumulative,PL9c
5a849176-ed93-4cfd-95c0-390ad58a18ab,2013,3,Cả nước,National,Investment,Phân bón các loại,,Investment_Amount,394938.0,million_VND,Plan,PL9c
151acd5b-bce9-40a7-b41f-6d972fa9d059,2013,3,Cả nước,National,Investment,Phân bón các loại,,Investment_Amount,211239.0,million_VND,Cumulative,PL9c
24ecc52e-e50a-4a44-881a-1fbc9044a4ac,2013,3,Cả nước,National,Investment,TRUNG QUỐC,,Investment_Amount,134773.0,million_VND,Plan,PL9c
1113086f-078f-4f99-bec2-602ad501254a,2013,3,Cả nước,National,Investment,TRUNG QUỐC,,Investment_Amount,67898.0,million_VND,Cumulative,PL9c
981ea034-6129-4938-83e3-3f067a4f73ec,2013,3,Cả nước,National,Investment,PHI LIP PIN,,Investment_Amount,19210.0,million_VND,Plan,PL9c
3eb57d97-c408-4c24-ae7b-dcf8f522c693,2013,3,Cả nước,National,Investment,PHI LIP PIN,,Investment_Amount,29594.0,million_VND,Cumulative,PL9c
