record_id,year,month,location_name,geo_level,sector,commodity,sub_item,attribute,value,unit,data_type,appendix_number
91c995a9-b77d-4840-92ba-eae83f6e1d3e,2010,10,Miền Bắc,Regional,Cultivation,Lúa,Mùa,Area_Harvested,892.2,1000_ha,Actual,PL1
6ccfefd4-c609-4baf-985f-8435cfc98bd2,2011,10,Miền Bắc,Regional,Cultivation,Lúa,Mùa,Area_Harvested,555.7,1000_ha,Actual,PL1
b7d13d7e-d6b9-4406-9ef3-75957b1bf430,2010,10,Miền Nam,Regional,Cultivation,Lúa,Mùa,Area_Planted,665.4,1000_ha,Actual,PL1
5aded818-4997-4303-8fdd-d95cc925aae5,2011,10,Miền Nam,Regional,Cultivation,Lúa,Mùa,Area_Planted,682.5,1000_ha,Actual,PL1
cfc74d22-1391-4bcb-b0c0-9e4733d55779,2010,10,Miền Nam,Regional,Cultivation,Lúa,Đông Xuân,Area_Planted,122.1,1000_ha,Actual,PL1
1098ada8-c5d3-44cc-949a-f68bddb6df41,2011,10,Miền Nam,Regional,Cultivation,Lúa,Đông Xuân,Area_Planted,94.7,1000_ha,Actual,PL1
eb967579-1db6-4671-9657-f17e9746fcd8,2010,10,Cả nước,National,Cultivation,Khoai lang,,Area_Planted,30.8,1000_ha,Actual,PL1
fef149b0-b2fc-4c0d-bc24-72bd4be5e205,2011,10,Cả nước,National,Cultivation,Khoai lang,,Area_Planted,17.4,1000_ha,Actual,PL1
e79a63f9-5518-4e7a-92ee-599055cd6b8d,2010,10,Cả nước,National,Cultivation,Đậu tương,,Area_Planted,83.5,1000_ha,Actual,PL1
10171f60-3016-4826-b2e1-8b780172bf75,2011,10,Cả nước,National,Cultivation,Đậu tương,,Area_Planted,23.3,1000_ha,Actual,PL1
5587818f-e99c-4dbb-8d3c-9bbd74268afd,2010,10,Cả nước,National,Cultivation,Lạc,,Area_Planted,6.8,1000_ha,Actual,PL1
9505abad-7282-4350-b7de-b45049e55d92,2011,10,Cả nước,National,Cultivation,Lạc,,Area_Planted,4.1,1000_ha,Actual,PL1
c1c72832-d659-4df3-8f97-319ba8a09712,2010,10,Cả nước,National,Cultivation,Rau đậu,,Area_Planted,74.0,1000_ha,Actual,PL1
10cf91e4-8267-4ad3-b150-c75e88413118,2011,10,Cả nước,National,Cultivation,Rau đậu,,Area_Planted,41.2,1000_ha,Actual,PL1
443e92ad-f0ff-46fd-b68f-4f54cbfcfe38,2011,12,Cả nước,National,Trade,"1. Nông sản chính,trong đó:",Xuất khẩu,Export_Value,11601.0,million_USD,Estimated,PL10
37c180ee-7fef-4d28-befb-30dbef033aa2,2011,12,Cả nước,National,Trade,Cà phê,Xuất khẩu,Export_Volume,1032.0,1000_ton,Estimated,PL10
5aef926a-049f-40ed-abbb-36fcdd0d7b25,2011,12,Cả nước,National,Trade,Cà phê,Xuất khẩu,Export_Value,2281.0,million_USD,Estimated,PL10
091ae210-8ca2-4ac4-be99-a026d377fbdf,2011,12,Cả nước,National,Trade,Cao su,Xuất khẩu,Export_Volume,608.0,1000_ton,Estimated,PL10
540213e5-c564-41bd-84a3-fab792c039ec,2011,12,Cả nước,National,Trade,Cao su,Xuất khẩu,Export_Value,2625.0,million_USD,Estimated,PL10
4420fd87-c873-4029-970a-5b573232fb06,2011,12,Cả nước,National,Trade,Gạo,Xuất khẩu,Export_Volume,6484.0,1000_ton,Estimated,PL10
bc152ca0-ca96-4ee4-a954-18bed4be30ec,2011,12,Cả nước,National,Trade,Gạo,Xuất khẩu,Export_Value,3266.0,million_USD,Estimated,PL10
1e1cd25f-4751-4584-958a-e7a372e2166a,2011,12,Cả nước,National,Trade,Chè,Xuất khẩu,Export_Volume,112.0,1000_ton,Estimated,PL10
265c3cf3-6e0a-4976-8e11-0b40b81013c1,2011,12,Cả nước,National,Trade,Chè,Xuất khẩu,Export_Value,173.0,million_USD,Estimated,PL10
64d332a6-ac8c-40dc-b129-2bd0a967f1d7,2011,12,Cả nước,National,Trade,Hạt điều,Xuất khẩu,Export_Volume,146.0,1000_ton,Estimated,PL10
83ee9cc8-61a8-4811-b54b-cc8a4fdee820,2011,12,Cả nước,National,Trade,Hạt điều,Xuất khẩu,Export_Value,1218.0,million_USD,Estimated,PL10
25cf680c-168d-4f96-b9f4-bdb84b24f3ae,2011,12,Cả nước,National,Trade,Hạt tiêu,Xuất khẩu,Export_Volume,120.0,1000_ton,Estimated,PL10
3d957ddd-0835-442c-bc3e-53d3d942fc6f,2011,12,Cả nước,National,Trade,Hạt tiêu,Xuất khẩu,Export_Value,702.0,million_USD,Estimated,PL10
9353e217-9530-42aa-808e-4fa6067db17f,2011,12,Cả nước,National,Trade,Hàng rau quả,Xuất khẩu,Export_Value,520.0,million_USD,Estimated,PL10
098e907f-a115-4def-8c3a-d6df8f18701e,2011,12,Cả nước,National,Trade,Sắn và sản phẩm từ sắn,Xuất khẩu,Export_Volume,2288.0,1000_ton,Estimated,PL10
4d592ec6-4a30-454a-b440-e69ce602d3fa,2011,12,Cả nước,National,Trade,Sắn và sản phẩm từ sắn,Xuất khẩu,Export_Value,815.0,million_USD,Estimated,PL10
ffb9c3f7-2a96-4f63-9d68-6fc369f60a93,2011,12,Cả nước,National,Trade,2. Thuỷ sản,Xuất khẩu,Export_Value,4946.0,million_USD,Estimated,PL10
4eec1090-3b6e-4c3d-b6de-88a661a58e3f,2011,12,Cả nước,National,Trade,"3. Lâm sản chính,trong đó:",Xuất khẩu,Export_Value,3385.0,million_USD,Estimated,PL10
cab363eb-e66c-48d8-b1cc-78d5534d7812,2011,12,Cả nước,National,Trade,Quế,Xuất khẩu,Export_Value,30.0,million_USD,Estimated,PL10
c2480c9e-d8f4-47ce-8432-e58e25f1a643,2011,12,Cả nước,National,Trade,Gỗ & sản phẩm gỗ,Xuất khẩu,Export_Value,3195.0,million_USD,Estimated,PL10
a4aeb145-f8bb-4d3d-8761-c02cd9596c51,2011,12,Cả nước,National,Trade,"SP mây, tre, cói, thảm",Xuất khẩu,Export_Value,160.0,million_USD,Estimated,PL10
e725df59-3f0e-4520-80dc-6e7e760b727a,2011,12,Cả nước,National,Trade,Các mặt hàng nông lâm sản khác,Xuất khẩu,Export_Value,879.0,million_USD,Estimated,PL10
7cdae82e-258a-465c-be58-3269eca59d21,2011,12,Cả nước,National,Trade,Các mặt hàng nhập khẩu chính,Nhập khẩu,Import_Value,8732.0,million_USD,Estimated,PL10
ef568e71-af0a-4e3b-a211-1d1ffb8c5bc8,2011,12,Cả nước,National,Trade,Phân bón các loại,Nhập khẩu,Import_Volume,3473.0,1000_ton,Estimated,PL10
9df1ca2a-9a35-468e-ab40-4c412278f6af,2011,12,Cả nước,National,Trade,Phân bón các loại,Nhập khẩu,Import_Value,1435.0,million_USD,Estimated,PL10
55691176-ad6f-4771-983a-6e832e8db564,2011,12,Cả nước,National,Trade,- U RE,Nhập khẩu,Import_Volume,869.0,1000_ton,Estimated,PL10
6205fad6-7945-4471-988a-0276785bc770,2011,12,Cả nước,National,Trade,- U RE,Nhập khẩu,Import_Value,322.0,million_USD,Estimated,PL10
d13f2b11-dfac-49d7-9b84-f8f762f06ca7,2011,12,Cả nước,National,Trade,- S A,Nhập khẩu,Import_Volume,705.0,1000_ton,Estimated,PL10
4ad2ac52-ccc6-4c09-8282-4a6bdcf5855c,2011,12,Cả nước,National,Trade,- S A,Nhập khẩu,Import_Value,153.0,million_USD,Estimated,PL10
702480c6-b589-474d-ae9c-4ca87df86fa1,2011,11,HOA KỲ,International,Trade,Cà phê,Xuất khẩu,Export_Volume,100865.0,ton,Actual,PL11
ae7c433d-fe81-435e-8e09-4b9dc0031a85,2011,11,HOA KỲ,International,Trade,Cà phê,Xuất khẩu,Export_Value,245356.0,1000_USD,Actual,PL11
7452ba69-4ef6-4d6a-9b42-576e2ce1ed78,2011,11,ĐỨC,International,Trade,Cà phê,Xuất khẩu,Export_Volume,97551.0,ton,Actual,PL11
d93f1fbc-fd88-4caa-8bbd-fa6404d9c9cb,2011,11,ĐỨC,International,Trade,Cà phê,Xuất khẩu,Export_Value,217600.0,1000_USD,Actual,PL11
34c9f7df-5248-4b9e-bce4-960b6699cc22,2011,11,BỈ,International,Trade,Cà phê,Xuất khẩu,Export_Volume,86228.0,ton,Actual,PL11
d47fbf4e-3665-4de3-84e8-a392f38893cb,2011,11,BỈ,International,Trade,Cà phê,Xuất khẩu,Export_Value,190613.0,1000_USD,Actual,PL11
36e7b604-2af9-4d91-8e38-56f704d4ba42,2011,11,ITALIA,International,Trade,Cà phê,Xuất khẩu,Export_Volume,69582.0,ton,Actual,PL11
7cb911de-90a2-4411-8246-a4e5d928f5ed,2011,11,ITALIA,International,Trade,Cà phê,Xuất khẩu,Export_Value,148224.0,1000_USD,Actual,PL11
faff9e94-45bc-4c3e-99d0-5fef564637df,2011,11,TÂY BAN NHA,International,Trade,Cà phê,Xuất khẩu,Export_Volume,52446.0,ton,Actual,PL11
065eec90-d40b-4299-b49a-90c08e42cb24,2011,11,TÂY BAN NHA,International,Trade,Cà phê,Xuất khẩu,Export_Value,113330.0,1000_USD,Actual,PL11
ed74f03d-4137-432c-818d-4242a1cce832,2011,11,NHẬT BẢN,International,Trade,Cà phê,Xuất khẩu,Export_Volume,38305.0,ton,Actual,PL11
2de8ca1e-b8f1-41ff-878c-dde6083d40c0,2011,11,NHẬT BẢN,International,Trade,Cà phê,Xuất khẩu,Export_Value,99313.0,1000_USD,Actual,PL11
84365365-ba4d-4e74-a1ac-69a5928168ec,2011,11,ANH,International,Trade,Cà phê,Xuất khẩu,Export_Volume,24799.0,ton,Actual,PL11
efdad867-a9fb-4131-b1d9-0c9692f2ceb8,2011,11,ANH,International,Trade,Cà phê,Xuất khẩu,Export_Value,55803.0,1000_USD,Actual,PL11
3fd37a19-3426-4a6b-bb43-568c00d1a05f,2011,11,HÀ LAN,International,Trade,Cà phê,Xuất khẩu,Export_Volume,25613.0,ton,Actual,PL11
bab83c17-9eb9-4e54-9b63-af0683e952a1,2011,11,HÀ LAN,International,Trade,Cà phê,Xuất khẩu,Export_Value,55459.0,1000_USD,Actual,PL11
e5fccb44-6925-41e2-8e6c-ed0cf3094a92,2011,11,HÀN QUỐC,International,Trade,Cà phê,Xuất khẩu,Export_Volume,23235.0,ton,Actual,PL11
ca3efed2-740d-4f76-bd7d-410963ae3521,2011,11,HÀN QUỐC,International,Trade,Cà phê,Xuất khẩu,Export_Value,48899.0,1000_USD,Actual,PL11
56939eb4-d240-42db-aaf1-c4fb8562bf8f,2011,11,TRUNG QUỐC,International,Trade,Cà phê,Xuất khẩu,Export_Volume,18845.0,ton,Actual,PL11
b5899556-e461-48cc-b8de-e60f06d934bf,2011,11,TRUNG QUỐC,International,Trade,Cà phê,Xuất khẩu,Export_Value,42846.0,1000_USD,Actual,PL11
1684abea-cf4b-45ed-897c-ac1b851121c7,2011,11,TRUNG QUỐC,International,Trade,Cao su,Xuất khẩu,Export_Volume,321308.0,ton,Actual,PL11
7f6093fc-fb23-465c-a17a-b965f26c9230,2011,11,TRUNG QUỐC,International,Trade,Cao su,Xuất khẩu,Export_Value,1372914.0,1000_USD,Actual,PL11
616fab11-9645-4f9e-919d-8d59be606e93,2011,11,MALAIXIA,International,Trade,Cao su,Xuất khẩu,Export_Volume,39579.0,ton,Actual,PL11
966ae354-7b17-40b4-bda2-d3efb7a11f1d,2011,11,MALAIXIA,International,Trade,Cao su,Xuất khẩu,Export_Value,169562.0,1000_USD,Actual,PL11
399899e2-ddb8-42c1-a291-59f57e6ddf61,2011,11,ĐÀI LOAN,International,Trade,Cao su,Xuất khẩu,Export_Volume,23283.0,ton,Actual,PL11
0d5eec5d-c464-44df-b8ba-b5724a66cc0d,2011,11,ĐÀI LOAN,International,Trade,Cao su,Xuất khẩu,Export_Value,108549.0,1000_USD,Actual,PL11
ed7bc9f3-b21d-4290-b357-1881be8b605a,2011,11,HÀN QUỐC,International,Trade,Cao su,Xuất khẩu,Export_Volume,22874.0,ton,Actual,PL11
3e19327f-2a1c-4248-8127-6570cce97470,2011,11,HÀN QUỐC,International,Trade,Cao su,Xuất khẩu,Export_Value,95040.0,1000_USD,Actual,PL11
269f5e0e-ae90-4ac0-a92f-faf7f3bac8b0,2011,11,ĐỨC,International,Trade,Cao su,Xuất khẩu,Export_Volume,19120.0,ton,Actual,PL11
38f16104-8737-4357-80fa-8d59856ad00d,2011,11,ĐỨC,International,Trade,Cao su,Xuất khẩu,Export_Value,91952.0,1000_USD,Actual,PL11
5cf75926-1b8f-43c8-9a8d-643a8e4d50ec,2011,11,HOA KỲ,International,Trade,Cao su,Xuất khẩu,Export_Volume,16514.0,ton,Actual,PL11
744e3b5d-8144-4f9b-9e4a-e2a5cbcd6d87,2011,11,HOA KỲ,International,Trade,Cao su,Xuất khẩu,Export_Value,63550.0,1000_USD,Actual,PL11
67b86239-a22d-4ad5-8035-11609c7f69c4,2011,11,ẤN ĐỘ,International,Trade,Cao su,Xuất khẩu,Export_Volume,9933.0,ton,Actual,PL11
34d0c6d7-6bec-46c9-a1a9-18192b6f51c6,2011,11,ẤN ĐỘ,International,Trade,Cao su,Xuất khẩu,Export_Value,45933.0,1000_USD,Actual,PL11
c58b055a-4439-4f42-a1c2-2b0cf912c8dc,2011,11,THỔ NHĨ KỲ,International,Trade,Cao su,Xuất khẩu,Export_Volume,8923.0,ton,Actual,PL11
bfd5c3f1-f0df-4cc8-b5b1-9aed3126b0dd,2011,11,THỔ NHĨ KỲ,International,Trade,Cao su,Xuất khẩu,Export_Value,39685.0,1000_USD,Actual,PL11
650c7e7b-a170-4b8c-ba21-ebf100c7e0b8,2011,11,NGA,International,Trade,Cao su,Xuất khẩu,Export_Volume,7885.0,ton,Actual,PL11
6e848eee-3e6d-4c47-9063-157e90456f88,2011,11,NGA,International,Trade,Cao su,Xuất khẩu,Export_Value,39091.0,1000_USD,Actual,PL11
bf848e25-6a23-4966-930f-1aee9be4b859,2011,11,NHẬT BẢN,International,Trade,Cao su,Xuất khẩu,Export_Volume,7051.0,ton,Actual,PL11
993e0cbd-4bb1-43c8-bcfd-d65239486add,2011,11,NHẬT BẢN,International,Trade,Cao su,Xuất khẩu,Export_Value,35552.0,1000_USD,Actual,PL11
1eda3d14-33f3-4fc4-961a-2ecd2fac7f35,2011,11,PAKIXTAN,International,Trade,Chè,Xuất khẩu,Export_Volume,12861.0,ton,Actual,PL11
17f7f5c0-f72c-4592-a73e-a78e97f326cb,2011,11,PAKIXTAN,International,Trade,Chè,Xuất khẩu,Export_Value,23998.0,1000_USD,Actual,PL11
1604dd72-eacd-42eb-8f58-9d42c494679a,2011,11,ĐÀI LOAN,International,Trade,Chè,Xuất khẩu,Export_Volume,15488.0,ton,Actual,PL11
e0cb359c-ab89-4440-916c-4f1043caf56b,2011,11,ĐÀI LOAN,International,Trade,Chè,Xuất khẩu,Export_Value,19755.0,1000_USD,Actual,PL11
cf0c3562-0397-4c35-af99-b694d65cd6d5,2011,11,NGA,International,Trade,Chè,Xuất khẩu,Export_Volume,11249.0,ton,Actual,PL11
2155b824-0c23-4315-b64b-953870813e06,2011,11,NGA,International,Trade,Chè,Xuất khẩu,Export_Value,16764.0,1000_USD,Actual,PL11
d6336520-2a9b-4687-b13c-f1af2bb9da1e,2011,11,TRUNG QUỐC,International,Trade,Chè,Xuất khẩu,Export_Volume,9953.0,ton,Actual,PL11
3f5acf1e-4d9b-4bcb-aea3-944616b4e5eb,2011,11,TRUNG QUỐC,International,Trade,Chè,Xuất khẩu,Export_Value,11813.0,1000_USD,Actual,PL11
2a54b102-9bcb-4c8c-8249-8d742033c2d0,2011,11,IN ĐÔ NÊ XI A,International,Trade,Chè,Xuất khẩu,Export_Volume,7045.0,ton,Actual,PL11
f578b0d1-c965-45e7-81ca-e19839e210b4,2011,11,IN ĐÔ NÊ XI A,International,Trade,Chè,Xuất khẩu,Export_Value,7176.0,1000_USD,Actual,PL11
8d951d4a-f027-4f6b-bf0d-cdae03dcbd93,2011,11,ARẬP XÊÚT,International,Trade,Chè,Xuất khẩu,Export_Volume,1901.0,ton,Actual,PL11
59d9e589-bafb-4471-8267-53d1b3e105b9,2011,11,ARẬP XÊÚT,International,Trade,Chè,Xuất khẩu,Export_Value,4404.0,1000_USD,Actual,PL11
31374f8f-c2ee-4550-8c2c-17fd260df61c,2011,11,ĐỨC,International,Trade,Chè,Xuất khẩu,Export_Volume,2373.0,ton,Actual,PL11
bc04ba38-11c2-4784-b31b-3eb1b7d44297,2011,11,ĐỨC,International,Trade,Chè,Xuất khẩu,Export_Value,3573.0,1000_USD,Actual,PL11
50490820-df8b-4729-89f6-a60a59e24728,2011,11,TVQ ARẬP THỐNG NHẤT,International,Trade,Chè,Xuất khẩu,Export_Volume,1833.0,ton,Actual,PL11
c8521d76-08a5-4f9b-9208-d33da50a0a96,2011,11,TVQ ARẬP THỐNG NHẤT,International,Trade,Chè,Xuất khẩu,Export_Value,3459.0,1000_USD,Actual,PL11
06d0c56a-01a5-450e-8909-470193c677b3,2011,11,HOA KỲ,International,Trade,Chè,Xuất khẩu,Export_Volume,2937.0,ton,Actual,PL11
078744b6-82ba-4f67-962a-09d7259c9bcf,2011,11,HOA KỲ,International,Trade,Chè,Xuất khẩu,Export_Value,3197.0,1000_USD,Actual,PL11
816b331a-4dbb-40ed-b579-7e384a6d3b23,2011,11,BA LAN,International,Trade,Chè,Xuất khẩu,Export_Volume,1958.0,ton,Actual,PL11
23649cbe-2be7-4bb3-945d-3661d70c2c09,2011,11,BA LAN,International,Trade,Chè,Xuất khẩu,Export_Value,2179.0,1000_USD,Actual,PL11
951140fc-edc4-42e8-9bd4-c9d76ad5aadf,2011,11,IN ĐÔ NÊ XI A,International,Trade,Gạo,Xuất khẩu,Export_Volume,1184293.0,ton,Actual,PL11
2a5a06fc-f09f-4862-80bf-d3b5b9803d57,2011,11,IN ĐÔ NÊ XI A,International,Trade,Gạo,Xuất khẩu,Export_Value,616398.0,1000_USD,Actual,PL11
00113792-582d-4d49-b08c-35e212d69d5e,2011,11,PHI LIP PIN,International,Trade,Gạo,Xuất khẩu,Export_Volume,917814.0,ton,Actual,PL11
0fdb0be0-15c1-41e6-8803-9f2c6092987c,2011,11,PHI LIP PIN,International,Trade,Gạo,Xuất khẩu,Export_Value,444919.0,1000_USD,Actual,PL11
2562d80a-718f-4dc4-b784-badcb56df014,2011,11,CUBA,International,Trade,Gạo,Xuất khẩu,Export_Volume,404150.0,ton,Actual,PL11
a824f9dd-6b01-4387-bfe4-bd0a28680d97,2011,11,CUBA,International,Trade,Gạo,Xuất khẩu,Export_Value,215764.0,1000_USD,Actual,PL11
78e3eea2-728e-4778-b467-e86a9df1b020,2011,11,MALAIXIA,International,Trade,Gạo,Xuất khẩu,Export_Volume,397913.0,ton,Actual,PL11
7ec77ba9-f748-4079-87fe-b3e334a9d4b4,2011,11,MALAIXIA,International,Trade,Gạo,Xuất khẩu,Export_Value,208823.0,1000_USD,Actual,PL11
d58a57e3-3f5f-4c0a-beba-fe785a59f65c,2011,11,BĂNG LA ĐÉT,International,Trade,Gạo,Xuất khẩu,Export_Volume,339600.0,ton,Actual,PL11
3e8828fb-72ac-4b39-8e5f-047e7c481c15,2011,11,BĂNG LA ĐÉT,International,Trade,Gạo,Xuất khẩu,Export_Value,180380.0,1000_USD,Actual,PL11
41a307f0-f767-4460-b1de-0f020136e680,2011,11,XÊ NÊ GAN,International,Trade,Gạo,Xuất khẩu,Export_Volume,407587.0,ton,Actual,PL11
e248afcd-95e6-47dd-9784-5d68277544b6,2011,11,XÊ NÊ GAN,International,Trade,Gạo,Xuất khẩu,Export_Value,168504.0,1000_USD,Actual,PL11
b10db419-10aa-4e86-8ab3-ba4a552f22f0,2011,11,XINH GA PO,International,Trade,Gạo,Xuất khẩu,Export_Volume,313501.0,ton,Actual,PL11
0855586c-3e9b-4f21-996a-40a51232502b,2011,11,XINH GA PO,International,Trade,Gạo,Xuất khẩu,Export_Value,156283.0,1000_USD,Actual,PL11
bfcc7dcd-8aaa-422d-b33c-f56bf193df65,2011,11,TRUNG QUỐC,International,Trade,Gạo,Xuất khẩu,Export_Volume,284738.0,ton,Actual,PL11
eec305d4-349c-4194-bf68-f5dbc3450c1e,2011,11,TRUNG QUỐC,International,Trade,Gạo,Xuất khẩu,Export_Value,143475.0,1000_USD,Actual,PL11
9f8286e3-f6c8-42ac-a9de-77251176b898,2011,11,BỜ BIỂN NGÀ,International,Trade,Gạo,Xuất khẩu,Export_Volume,280607.0,ton,Actual,PL11
775de4fb-8cd4-40a7-aa55-d4602f7127cc,2011,11,BỜ BIỂN NGÀ,International,Trade,Gạo,Xuất khẩu,Export_Value,131873.0,1000_USD,Actual,PL11
d36291e6-03cb-4ff7-963b-08561eb0e584,2011,11,GANA,International,Trade,Gạo,Xuất khẩu,Export_Volume,130707.0,ton,Actual,PL11
48a89a4e-719a-47c2-a3c9-678b765e1d96,2011,11,GANA,International,Trade,Gạo,Xuất khẩu,Export_Value,71741.0,1000_USD,Actual,PL11
877123d8-8fd0-48cf-bda4-cd1efeb673ac,2011,11,HOA KỲ,International,Trade,Gỗ & sản phẩm gỗ,Xuất khẩu,Export_Value,1004680.0,1000_USD,Actual,PL11
e258c9cc-7824-44ff-9cfb-e841cb1bc0de,2011,11,TRUNG QUỐC,International,Trade,Gỗ & sản phẩm gỗ,Xuất khẩu,Export_Value,510986.0,1000_USD,Actual,PL11
09644ddb-2340-4379-b633-66cdccf19e85,2011,11,NHẬT BẢN,International,Trade,Gỗ & sản phẩm gỗ,Xuất khẩu,Export_Value,416118.0,1000_USD,Actual,PL11
93101381-c195-4881-a662-775c2e419116,2011,11,HÀN QUỐC,International,Trade,Gỗ & sản phẩm gỗ,Xuất khẩu,Export_Value,142033.0,1000_USD,Actual,PL11
dc22130d-75be-4dd4-ad27-941305cbc356,2011,11,ANH,International,Trade,Gỗ & sản phẩm gỗ,Xuất khẩu,Export_Value,115461.0,1000_USD,Actual,PL11
9bd7332e-9ad6-4f62-9271-49f180054bd7,2011,11,ĐỨC,International,Trade,Gỗ & sản phẩm gỗ,Xuất khẩu,Export_Value,79995.0,1000_USD,Actual,PL11
58f7cb91-41fe-4e43-9240-8862f99edec2,2011,11,Ô X TRÂY LIA,International,Trade,Gỗ & sản phẩm gỗ,Xuất khẩu,Export_Value,70058.0,1000_USD,Actual,PL11
49061188-2d8b-45a9-b799-44db0860b29c,2011,11,CA NA ĐA,International,Trade,Gỗ & sản phẩm gỗ,Xuất khẩu,Export_Value,63486.0,1000_USD,Actual,PL11
7c888211-b49f-4bfa-889e-3ab80da9f95b,2011,11,PHÁP,International,Trade,Gỗ & sản phẩm gỗ,Xuất khẩu,Export_Value,45273.0,1000_USD,Actual,PL11
6fff6306-7d20-45d8-a0ca-f6c181316b22,2011,11,HÀ LAN,International,Trade,Gỗ & sản phẩm gỗ,Xuất khẩu,Export_Value,41688.0,1000_USD,Actual,PL11
1c2cf25d-baf4-444b-92ad-1d2713d9efc2,2011,11,HOA KỲ,International,Trade,Bông các loại,Nhập khẩu,Import_Volume,124767.0,ton,Actual,PL12
2016e577-92d3-4036-8a9a-712a73e9b285,2011,11,HOA KỲ,International,Trade,Bông các loại,Nhập khẩu,Import_Value,450328.0,1000_USD,Actual,PL12
9dcb7701-4678-4ae7-90c1-51f81dbd0fba,2011,11,ẤN ĐỘ,International,Trade,Bông các loại,Nhập khẩu,Import_Volume,27371.0,ton,Actual,PL12
c4fb391a-7e19-4e73-90ad-2352a17d6853,2011,11,ẤN ĐỘ,International,Trade,Bông các loại,Nhập khẩu,Import_Value,87169.0,1000_USD,Actual,PL12
56a6263a-896c-4dfd-b932-0d777a010170,2011,11,BRAXIN,International,Trade,Bông các loại,Nhập khẩu,Import_Volume,8954.0,ton,Actual,PL12
fdbbc5df-4f0d-4778-9db5-367536673a04,2011,11,BRAXIN,International,Trade,Bông các loại,Nhập khẩu,Import_Value,29371.0,1000_USD,Actual,PL12
4fbf290b-fadd-4837-ad7e-fdff24bd0265,2011,11,PAKIXTAN,International,Trade,Bông các loại,Nhập khẩu,Import_Volume,8525.0,ton,Actual,PL12
9c4a0a84-553e-4223-ae7c-4296f54d89e4,2011,11,PAKIXTAN,International,Trade,Bông các loại,Nhập khẩu,Import_Value,23675.0,1000_USD,Actual,PL12
fe89a827-507d-4745-ab65-5c0767079a40,2011,11,Ô X TRÂY LIA,International,Trade,Bông các loại,Nhập khẩu,Import_Volume,5115.0,ton,Actual,PL12
31862c04-d787-46eb-8bce-7410683de6d1,2011,11,Ô X TRÂY LIA,International,Trade,Bông các loại,Nhập khẩu,Import_Value,19389.0,1000_USD,Actual,PL12
b1e8d78a-2967-4a5f-93d5-5b4f9e00c26c,2011,11,BỜ BIỂN NGÀ,International,Trade,Bông các loại,Nhập khẩu,Import_Volume,4299.0,ton,Actual,PL12
d9bfd179-daf8-4065-b550-c8ca50ac12bb,2011,11,BỜ BIỂN NGÀ,International,Trade,Bông các loại,Nhập khẩu,Import_Value,12682.0,1000_USD,Actual,PL12
dd52922b-c854-44e2-ad90-1f61742dab6a,2011,11,ACHENTINA,International,Trade,Bông các loại,Nhập khẩu,Import_Volume,3583.0,ton,Actual,PL12
db55a4f9-2e88-4c0d-b10e-0c558bec44b0,2011,11,ACHENTINA,International,Trade,Bông các loại,Nhập khẩu,Import_Value,11618.0,1000_USD,Actual,PL12
5201e232-f67e-48de-a087-ecf3d58800c9,2011,11,TRUNG QUỐC,International,Trade,Bông các loại,Nhập khẩu,Import_Volume,1440.0,ton,Actual,PL12
5773d33b-e037-4619-9ba7-262a0c8f0337,2011,11,TRUNG QUỐC,International,Trade,Bông các loại,Nhập khẩu,Import_Value,6047.0,1000_USD,Actual,PL12
2da80979-f8d1-4bfe-abbd-47265bbea1ae,2011,11,PHÁP,International,Trade,Bông các loại,Nhập khẩu,Import_Volume,752.0,ton,Actual,PL12
bcedda0e-eb17-443c-845f-3d0e80b1ad62,2011,11,PHÁP,International,Trade,Bông các loại,Nhập khẩu,Import_Value,1723.0,1000_USD,Actual,PL12
e9b8d76c-e934-447d-8e26-084c43a387f6,2011,11,IN ĐÔ NÊ XI A,International,Trade,Bông các loại,Nhập khẩu,Import_Volume,506.0,ton,Actual,PL12
aa8d11f6-347b-47ae-bf15-ff42e42eddfa,2011,11,IN ĐÔ NÊ XI A,International,Trade,Bông các loại,Nhập khẩu,Import_Value,1282.0,1000_USD,Actual,PL12
c134a1ec-858e-4a75-9a8c-98a18cfdb89a,2011,11,CAMPUCHIA,International,Trade,Cao su,Nhập khẩu,Import_Volume,30987.0,ton,Actual,PL12
b8c9cb00-316a-4250-a782-e98b374a6ca9,2011,11,CAMPUCHIA,International,Trade,Cao su,Nhập khẩu,Import_Value,141461.0,1000_USD,Actual,PL12
7f5aac3f-9521-4da8-bc9a-5a9fe764cca4,2011,11,HÀN QUỐC,International,Trade,Cao su,Nhập khẩu,Import_Volume,39057.0,ton,Actual,PL12
aad4ae4d-26f6-4f38-9d1e-0df575e09316,2011,11,HÀN QUỐC,International,Trade,Cao su,Nhập khẩu,Import_Value,132908.0,1000_USD,Actual,PL12
a535a11f-b51d-48db-b5ef-eeda3dedc3a0,2011,11,THÁI LAN,International,Trade,Cao su,Nhập khẩu,Import_Volume,31176.0,ton,Actual,PL12
9427dc5e-191a-49ca-b63d-868a7f18ea9a,2011,11,THÁI LAN,International,Trade,Cao su,Nhập khẩu,Import_Value,109774.0,1000_USD,Actual,PL12
39e00760-784a-4536-863d-9dd0a80ccd25,2011,11,ĐÀI LOAN,International,Trade,Cao su,Nhập khẩu,Import_Volume,24092.0,ton,Actual,PL12
9c67cffb-91cd-44a9-b19f-c0307a3ffed7,2011,11,ĐÀI LOAN,International,Trade,Cao su,Nhập khẩu,Import_Value,75616.0,1000_USD,Actual,PL12
49a95579-e60b-407a-ba88-cc615d40809f,2011,11,NHẬT BẢN,International,Trade,Cao su,Nhập khẩu,Import_Volume,19404.0,ton,Actual,PL12
aacd220d-123e-47da-808f-ce1cb4b767d2,2011,11,NHẬT BẢN,International,Trade,Cao su,Nhập khẩu,Import_Value,67517.0,1000_USD,Actual,PL12
b5799e45-a7f3-4013-8a7c-6f1b53fbfa88,2011,11,TRUNG QUỐC,International,Trade,Cao su,Nhập khẩu,Import_Volume,17800.0,ton,Actual,PL12
32816a6c-f3bf-474e-bba4-cea39cdd676c,2011,11,TRUNG QUỐC,International,Trade,Cao su,Nhập khẩu,Import_Value,47550.0,1000_USD,Actual,PL12
afdd4567-57c4-46bf-beb3-bffcae98d4a5,2011,11,HOA KỲ,International,Trade,Cao su,Nhập khẩu,Import_Volume,20439.0,ton,Actual,PL12
3c929d83-2945-4fc7-b6e5-4cef73096c27,2011,11,HOA KỲ,International,Trade,Cao su,Nhập khẩu,Import_Value,22919.0,1000_USD,Actual,PL12
8370ec44-4517-408f-8384-37c8236d6a15,2011,11,NGA,International,Trade,Cao su,Nhập khẩu,Import_Volume,4533.0,ton,Actual,PL12
1d26e0e7-f9ab-4eb0-956e-34f4097696b7,2011,11,NGA,International,Trade,Cao su,Nhập khẩu,Import_Value,20295.0,1000_USD,Actual,PL12
20612c2e-7971-411c-9d37-bde48491e0f8,2011,11,PHÁP,International,Trade,Cao su,Nhập khẩu,Import_Volume,6285.0,ton,Actual,PL12
0ba64e20-0f52-4afa-bb71-9f9056b6156f,2011,11,PHÁP,International,Trade,Cao su,Nhập khẩu,Import_Value,11926.0,1000_USD,Actual,PL12
1b3437c9-7059-43e9-b4f9-96dfb03d4457,2011,11,MALAIXIA,International,Trade,Cao su,Nhập khẩu,Import_Volume,6075.0,ton,Actual,PL12
c9d250df-3e01-41c0-9d3b-a7836c82fe28,2011,11,MALAIXIA,International,Trade,Cao su,Nhập khẩu,Import_Value,8343.0,1000_USD,Actual,PL12
cedeffef-889e-4976-8a99-51c9e5b80d0a,2011,11,MALAIXIA,International,Trade,Dầu mỡ động thực vật,Nhập khẩu,Import_Value,406648.0,1000_USD,Actual,PL12
d72a5f83-7b22-4942-81a9-31d11519f661,2011,11,IN ĐÔ NÊ XI A,International,Trade,Dầu mỡ động thực vật,Nhập khẩu,Import_Value,152715.0,1000_USD,Actual,PL12
107343af-1f8f-4d33-8a3b-00110b162f40,2011,11,ACHENTINA,International,Trade,Dầu mỡ động thực vật,Nhập khẩu,Import_Value,92227.0,1000_USD,Actual,PL12
4f391d79-4e0b-49ae-9468-bf4eeddcc5d9,2011,11,THÁI LAN,International,Trade,Dầu mỡ động thực vật,Nhập khẩu,Import_Value,18945.0,1000_USD,Actual,PL12
b80f9465-1a7c-4b46-b717-da2a815a14fc,2011,11,CHI LÊ,International,Trade,Dầu mỡ động thực vật,Nhập khẩu,Import_Value,7079.0,1000_USD,Actual,PL12
319ef87a-03a1-4165-b50d-62bf418f9056,2011,11,TRUNG QUỐC,International,Trade,Dầu mỡ động thực vật,Nhập khẩu,Import_Value,4791.0,1000_USD,Actual,PL12
a74836cb-cd0a-4246-9ab0-603410ca0686,2011,11,HOA KỲ,International,Trade,Dầu mỡ động thực vật,Nhập khẩu,Import_Value,3546.0,1000_USD,Actual,PL12
f7f256f1-dfc1-4de2-9c3d-2982ba1d2464,2011,11,ẤN ĐỘ,International,Trade,Dầu mỡ động thực vật,Nhập khẩu,Import_Value,3159.0,1000_USD,Actual,PL12
240e0dc5-1922-4502-b256-fe44c68638c3,2011,11,HÀN QUỐC,International,Trade,Dầu mỡ động thực vật,Nhập khẩu,Import_Value,3028.0,1000_USD,Actual,PL12
38a9d8e7-ed1a-4735-ac12-0ed46a22fb11,2011,11,Ô X TRÂY LIA,International,Trade,Dầu mỡ động thực vật,Nhập khẩu,Import_Value,2446.0,1000_USD,Actual,PL12
0864e9b8-a0a0-4acf-9bb7-ce4b8678c823,2011,11,Ô X TRÂY LIA,International,Trade,Lúa mì,Nhập khẩu,Import_Volume,1626195.0,ton,Actual,PL12
93ed9c59-70ed-425d-a112-10b50e227e1a,2011,11,Ô X TRÂY LIA,International,Trade,Lúa mì,Nhập khẩu,Import_Value,546171.0,1000_USD,Actual,PL12
3194aa50-d7c0-4858-9f78-8874f4ae7aca,2011,11,HOA KỲ,International,Trade,Lúa mì,Nhập khẩu,Import_Volume,168699.0,ton,Actual,PL12
5ff31ef1-0756-49d5-a96e-527c248d2f20,2011,11,HOA KỲ,International,Trade,Lúa mì,Nhập khẩu,Import_Value,65914.0,1000_USD,Actual,PL12
84e0bddd-7db1-481b-853a-114d504fcca0,2011,11,CA NA ĐA,International,Trade,Lúa mì,Nhập khẩu,Import_Volume,12907.0,ton,Actual,PL12
9083a5dd-801e-449d-9a79-8ceafa0ba65f,2011,11,CA NA ĐA,International,Trade,Lúa mì,Nhập khẩu,Import_Value,5676.0,1000_USD,Actual,PL12
596b8029-584c-40e0-8a00-a72f1a662629,2011,11,LÀO,International,Trade,Gỗ & sản phẩm gỗ,Nhập khẩu,Import_Value,229294.0,1000_USD,Actual,PL12
1f6bc4be-4389-4289-917f-4435c0956f5c,2011,11,TRUNG QUỐC,International,Trade,Gỗ & sản phẩm gỗ,Nhập khẩu,Import_Value,129326.0,1000_USD,Actual,PL12
4d75c810-3f1a-4929-8ccb-d15dac9969dc,2011,11,HOA KỲ,International,Trade,Gỗ & sản phẩm gỗ,Nhập khẩu,Import_Value,108509.0,1000_USD,Actual,PL12
64bb7571-f959-41d4-89aa-4b42eaefe6cd,2011,11,MALAIXIA,International,Trade,Gỗ & sản phẩm gỗ,Nhập khẩu,Import_Value,69443.0,1000_USD,Actual,PL12
86b0e215-5742-466f-ae17-b7ad77b455b2,2011,11,THÁI LAN,International,Trade,Gỗ & sản phẩm gỗ,Nhập khẩu,Import_Value,68169.0,1000_USD,Actual,PL12
949b8855-3881-4a2b-8aaa-ffb8a6427d2f,2011,11,NIU ZI LÂN,International,Trade,Gỗ & sản phẩm gỗ,Nhập khẩu,Import_Value,50052.0,1000_USD,Actual,PL12
4d75f0dd-8434-413d-8fef-fd43aa87395b,2011,11,MI AN MA,International,Trade,Gỗ & sản phẩm gỗ,Nhập khẩu,Import_Value,33984.0,1000_USD,Actual,PL12
1408b733-eec4-4aa0-a450-c7f2b8f446d9,2011,11,CAMPUCHIA,International,Trade,Gỗ & sản phẩm gỗ,Nhập khẩu,Import_Value,30844.0,1000_USD,Actual,PL12
f614ffce-4874-4189-bd13-1bfc19b871e0,2011,11,BRAXIN,International,Trade,Gỗ & sản phẩm gỗ,Nhập khẩu,Import_Value,21045.0,1000_USD,Actual,PL12
d8a9649b-f240-43ab-835e-264517b002e7,2011,11,CHI LÊ,International,Trade,Gỗ & sản phẩm gỗ,Nhập khẩu,Import_Value,16872.0,1000_USD,Actual,PL12
c7f634e6-c5e7-41ae-a311-b7211201d349,2011,11,TRUNG QUỐC,International,Trade,Phân bón các loại,Nhập khẩu,Import_Volume,1427814.0,ton,Actual,PL12
93a5065a-6e54-4dc1-8ac6-b412d6f3d865,2011,11,TRUNG QUỐC,International,Trade,Phân bón các loại,Nhập khẩu,Import_Value,570588.0,1000_USD,Actual,PL12
51c6d23f-d593-4f8b-950e-90b8a02c4ade,2011,11,BÊ LA RÚT,International,Trade,Phân bón các loại,Nhập khẩu,Import_Volume,289667.0,ton,Actual,PL12
d864b50a-ddc0-48aa-9680-cee3eb979ece,2011,11,BÊ LA RÚT,International,Trade,Phân bón các loại,Nhập khẩu,Import_Value,129358.0,1000_USD,Actual,PL12
507c0e99-2e7a-40f7-a1f2-d37cf145ad87,2011,11,PHI LIP PIN,International,Trade,Phân bón các loại,Nhập khẩu,Import_Volume,255340.0,ton,Actual,PL12
e345fd6c-ddcc-4641-9583-c8c1d45a6afc,2011,11,PHI LIP PIN,International,Trade,Phân bón các loại,Nhập khẩu,Import_Value,121043.0,1000_USD,Actual,PL12
b3699e30-9897-454c-83fb-f90cb33bab05,2011,11,CA NA ĐA,International,Trade,Phân bón các loại,Nhập khẩu,Import_Volume,155329.0,ton,Actual,PL12
01759a0c-7680-42aa-8960-6f96bb8eb9cd,2011,11,CA NA ĐA,International,Trade,Phân bón các loại,Nhập khẩu,Import_Value,73990.0,1000_USD,Actual,PL12
f2f90a84-b817-4271-9c2e-d058fdca5afd,2011,11,IXRAEN,International,Trade,Phân bón các loại,Nhập khẩu,Import_Volume,148571.0,ton,Actual,PL12
5d179a40-5a16-4a7c-bf9c-65088273a3df,2011,11,IXRAEN,International,Trade,Phân bón các loại,Nhập khẩu,Import_Value,68607.0,1000_USD,Actual,PL12
bc9126e4-5e2a-4911-bc2c-ec74015aed1d,2011,11,NGA,International,Trade,Phân bón các loại,Nhập khẩu,Import_Volume,100598.0,ton,Actual,PL12
2c918f89-3045-43fa-a992-209bd98d2f9c,2011,11,NGA,International,Trade,Phân bón các loại,Nhập khẩu,Import_Value,46994.0,1000_USD,Actual,PL12
a72c2c48-9c34-4d3d-a49b-1ff301927674,2011,10,Cả nước,National,Investment,Vốn thực hiện đầu tư,,Investment_Amount,3490600.0,million_VND,Plan,PL13
16f5a125-d507-464f-92c4-d8687f981d9b,2011,10,Cả nước,National,Investment,Vốn thực hiện đầu tư,,Investment_Amount,3717187.0,million_VND,Cumulative,PL13
24549be4-104f-486f-b7d9-49bf92f0e7d4,2011,10,Cả nước,National,Investment,Đầu tư Thuỷ lợi,,Investment_Amount,2117471.0,million_VND,Plan,PL13
f24f1b0c-fa60-47ef-a0dd-c3d8303806e6,2011,10,Cả nước,National,Investment,Đầu tư Thuỷ lợi,,Investment_Amount,2099571.0,million_VND,Cumulative,PL13
0b3cb05b-42a0-4ae0-98a4-84413257a43b,2011,10,Cả nước,National,Investment,Đầu tư Nông nghiệp,,Investment_Amount,700300.0,million_VND,Plan,PL13
1aac9f4d-1014-4dd3-815d-85e9643ead40,2011,10,Cả nước,National,Investment,Đầu tư Nông nghiệp,,Investment_Amount,1064510.0,million_VND,Cumulative,PL13
a65af7f9-70b3-48c2-973b-a489a9c8e1e8,2011,10,Cả nước,National,Investment,Đầu tư Lâm nghiệp,,Investment_Amount,283000.0,million_VND,Plan,PL13
3332f151-c7ad-4c77-9143-d2b5e601f541,2011,10,Cả nước,National,Investment,Đầu tư Lâm nghiệp,,Investment_Amount,248592.0,million_VND,Cumulative,PL13
5866bf78-e9c3-4bbf-b6cb-1602a92fd9af,2011,10,Cả nước,National,Investment,Đầu tư Thuỷ sản,,Investment_Amount,22929.0,million_VND,Plan,PL13
457a2e59-5f90-435a-8e04-eab552bf6095,2011,10,Cả nước,National,Investment,Đầu tư Thuỷ sản,,Investment_Amount,21214.0,million_VND,Cumulative,PL13
e6455e38-f8c2-42d8-96f4-b8f642b43aa4,2011,10,Cả nước,National,Investment,Chương trình trọng điểm pháttriển và ứng dụng công nghệ sinhhọc,,Investment_Amount,30000.0,million_VND,Plan,PL13
47dcf502-4a19-4566-96ce-24abe08cd974,2011,10,Cả nước,National,Investment,Chương trình trọng điểm pháttriển và ứng dụng công nghệ sinhhọc,,Investment_Amount,15230.0,million_VND,Cumulative,PL13
e1dd0922-13bf-4d4a-bf89-75aaeed6c4f3,2011,10,Cả nước,National,Investment,Khoa học - Công nghệ,,Investment_Amount,52100.0,million_VND,Plan,PL13
f25b5f16-8f52-4b8d-8f2a-42107aa29f91,2011,10,Cả nước,National,Investment,Khoa học - Công nghệ,,Investment_Amount,38900.0,million_VND,Cumulative,PL13
a5c64fcc-3d41-4cce-9a88-4037f442d4ac,2011,10,Cả nước,National,Investment,Giáo dục - Đào tạo,,Investment_Amount,91000.0,million_VND,Plan,PL13
0705a69f-4c26-49d2-a46d-6e9eb7c4145a,2011,10,Cả nước,National,Investment,Giáo dục - Đào tạo,,Investment_Amount,82500.0,million_VND,Cumulative,PL13
bc850fae-1d15-475e-8f26-c2b1217aaccf,2011,10,Cả nước,National,Investment,Các ngành khác,,Investment_Amount,193800.0,million_VND,Plan,PL13
2ba5e52b-e7f3-4697-8751-03fb72575903,2011,10,Cả nước,National,Investment,Các ngành khác,,Investment_Amount,161900.0,million_VND,Cumulative,PL13
81ccbc5d-52d3-45d9-9504-3286d5bf2fce,2011,10,Cả nước,National,Investment,Vốn đầu tư theo các mục tiêunhiệm vụ cụ thể,,Investment_Amount,277000.0,million_VND,Plan,PL13
43274b22-76f1-478a-9099-803098453262,2011,10,Cả nước,National,Investment,Vốn đầu tư theo các mục tiêunhiệm vụ cụ thể,,Investment_Amount,237757.0,million_VND,Cumulative,PL13
4e8b972a-f67e-4d70-b187-31fd7fb7d675,2011,10,Cả nước,National,Investment,Bổ sung dự trữ Quốc gia,,Investment_Amount,71000.0,million_VND,Plan,PL13
8da0cbf2-97ec-4db6-9b95-5324621b875c,2011,10,Cả nước,National,Investment,Vốn chuẩn bị đầu tư,,Investment_Amount,39700.0,million_VND,Plan,PL13
50babc6e-0ed2-4f7d-a386-ebe76dc42e04,2011,10,Cả nước,National,Investment,Vốn chuẩn bị đầu tư,,Investment_Amount,40463.0,million_VND,Cumulative,PL13
1d5a616e-15b9-4457-aaa9-c7f1861e8c20,2011,10,Cả nước,National,Investment,Vốn trái phiếu Chính phủ,,Investment_Amount,3500000.0,million_VND,Plan,PL13
e42f0ecc-3b70-49c7-8ab2-78fc157a832a,2011,10,Cả nước,National,Investment,Vốn trái phiếu Chính phủ,,Investment_Amount,3345142.0,million_VND,Cumulative,PL13
09162bdf-3ddd-43af-a530-2438e031e827,2011,10,Cả nước,National,Investment,Các dự án có trong QĐ171,,Investment_Amount,2655100.0,million_VND,Plan,PL13
d1d645af-c9a3-4606-82ba-6bd385b46a14,2011,10,Cả nước,National,Investment,Các dự án có trong QĐ171,,Investment_Amount,2575142.0,million_VND,Cumulative,PL13
6854418c-e820-4936-aaa5-cdb236b44ecd,2011,10,Cả nước,National,Investment,Các dự án cấp bách bổ sung,,Investment_Amount,404000.0,million_VND,Plan,PL13
34087776-2e2e-418e-b39a-98f4c29a61c5,2011,10,Cả nước,National,Investment,Các dự án cấp bách bổ sung,,Investment_Amount,395000.0,million_VND,Cumulative,PL13
26b3efeb-e982-4e0e-8355-9d2bd20a5f48,2011,10,Cả nước,National,Investment,Các dự án thuỷ lợi ĐBSHồng,,Investment_Amount,440900.0,million_VND,Plan,PL13
15a8d728-2a4d-4a6d-8cba-9dce1df4fe6e,2011,10,Cả nước,National,Investment,Các dự án thuỷ lợi ĐBSHồng,,Investment_Amount,375000.0,million_VND,Cumulative,PL13
05492ad8-b061-4d2d-8336-5f07d43b2a29,2011,10,Cả nước,National,Investment,Tổng vốn đầu tư : = A + B,,Investment_Amount,7378300.0,million_VND,Plan,PL13
58f18c83-1956-4cf2-9053-c4428da62f74,2011,10,Cả nước,National,Investment,Tổng vốn đầu tư : = A + B,,Investment_Amount,7340549.0,million_VND,Cumulative,PL13
2ee39a8d-f367-4bf2-af0d-3b383710f61c,2011,10,Miền Bắc,Regional,Cultivation,Lúa,Mùa,Area_Harvested,555725.0,ha,Actual,PL2
e3234f68-2c2b-4125-b73c-847e01351e39,2011,10,Miền Bắc,Regional,Cultivation,Lúa,,Area_Planted,47.0,ha,Actual,PL2
ca18bd5a-8156-4ce7-8b71-3b3b809991eb,2011,10,Miền Bắc,Regional,Cultivation,Lúa,,Area_Planted,191193.0,ha,Actual,PL2
f713641a-0371-4f24-9220-fcffc3b3a0fe,2011,10,Miền Bắc,Regional,Cultivation,Ngô,,Area_Planted,82149.0,ha,Actual,PL2
585221c3-b550-422d-85b7-f5052dd9d2c4,2011,10,Miền Bắc,Regional,Cultivation,Khoai lang,,Area_Planted,17391.0,ha,Actual,PL2
0feddaca-8b6e-4d3e-a6f3-3440f0c5d024,2011,10,Miền Bắc,Regional,Cultivation,Đậu,,Area_Planted,23279.0,ha,Actual,PL2
e1c9e50a-3734-4419-88a8-642f87cbe473,2011,10,Miền Bắc,Regional,Cultivation,Lạc,,Area_Planted,4075.0,ha,Actual,PL2
17e445f6-cb2c-4f29-bc6c-31d432f70c67,2011,10,Miền Bắc,Regional,Cultivation,Lúa,,Area_Planted,665.0,ha,Actual,PL2
365d2e84-f98f-4abd-88b0-58ee78970b4c,2011,10,Miền Bắc,Regional,Cultivation,Rau,,Area_Planted,41154.0,ha,Actual,PL2
2420af12-978d-434d-bd03-8c31c516253b,2011,10,ĐB sông Hồng,Provincial,Cultivation,Lúa,Mùa,Area_Harvested,276133.0,ha,Actual,PL2
479ae288-e496-42b1-8c97-196de0a34855,2011,10,ĐB sông Hồng,Provincial,Cultivation,Lúa,,Area_Planted,48.2,ha,Actual,PL2
74bb769d-9d35-487d-bf21-f170f5b45426,2011,10,ĐB sông Hồng,Provincial,Cultivation,Lúa,,Area_Planted,91773.0,ha,Actual,PL2
a6bd4dd1-14a7-436f-ae37-329800124fa9,2011,10,ĐB sông Hồng,Provincial,Cultivation,Ngô,,Area_Planted,30311.0,ha,Actual,PL2
63bf8f7b-4215-452a-85a2-661bfc4284f4,2011,10,ĐB sông Hồng,Provincial,Cultivation,Khoai lang,,Area_Planted,5440.0,ha,Actual,PL2
c4ceb31e-958f-4fd8-9589-8198bfa581a6,2011,10,ĐB sông Hồng,Provincial,Cultivation,Đậu,,Area_Planted,16105.0,ha,Actual,PL2
cd712394-836b-4733-bebb-c342e10a52c9,2011,10,ĐB sông Hồng,Provincial,Cultivation,Lạc,,Area_Planted,566.0,ha,Actual,PL2
04e0adc3-937d-4e8b-9b8d-6f2cb5f9d270,2011,10,ĐB sông Hồng,Provincial,Cultivation,Lúa,,Area_Planted,241.0,ha,Actual,PL2
660a23f5-6444-4754-99a2-cd080cabe836,2011,10,ĐB sông Hồng,Provincial,Cultivation,Rau,,Area_Planted,20391.0,ha,Actual,PL2
38b76e79-15af-4b48-9bbf-a0970579be37,2011,10,Hà Nội,Provincial,Cultivation,Lúa,Mùa,Area_Harvested,88249.0,ha,Actual,PL2
6e645124-3fac-43b9-ad53-19ad3dcd2fbc,2011,10,Hà Nội,Provincial,Cultivation,Lúa,,Area_Planted,86.7,ha,Actual,PL2
8dad5091-1ac2-4a1e-b98b-2a30e2b80a94,2011,10,Hà Nội,Provincial,Cultivation,Lúa,,Area_Planted,21973.0,ha,Actual,PL2
6a3b98ba-c13f-455f-b365-71e19fbcdc2b,2011,10,Hà Nội,Provincial,Cultivation,Ngô,,Area_Planted,6475.0,ha,Actual,PL2
2e7482cf-f3c1-44f9-9e28-d2fa29c253a5,2011,10,Hà Nội,Provincial,Cultivation,Khoai lang,,Area_Planted,1203.0,ha,Actual,PL2
762dd036-07cc-4557-a8a5-ac225eb628ca,2011,10,Hà Nội,Provincial,Cultivation,Đậu,,Area_Planted,7059.0,ha,Actual,PL2
064709d9-0540-4f40-8ebd-8583c1902c27,2011,10,Hà Nội,Provincial,Cultivation,Lạc,,Area_Planted,146.0,ha,Actual,PL2
7b29a579-d3af-41f1-b8ec-c50089a8955a,2011,10,Hà Nội,Provincial,Cultivation,Rau,,Area_Planted,5872.0,ha,Actual,PL2
786f68f7-7cbe-459d-92f1-e2585aacdd60,2011,10,Hải Phòng,Provincial,Cultivation,Lúa,Mùa,Area_Harvested,12000.0,ha,Actual,PL2
7f57a82d-deee-4060-908b-4adea83536ea,2011,10,Hải Phòng,Provincial,Cultivation,Lúa,,Area_Planted,29.1,ha,Actual,PL2
ceaa9ed5-3b19-4386-982a-ba48afbb5416,2011,10,Hải Phòng,Provincial,Cultivation,Lúa,,Area_Planted,3350.0,ha,Actual,PL2
e693b27d-b061-4573-8d10-d2703fc9e728,2011,10,Hải Phòng,Provincial,Cultivation,Ngô,,Area_Planted,1500.0,ha,Actual,PL2
78b2ad2b-339c-433a-9693-917833c8a8c8,2011,10,Hải Phòng,Provincial,Cultivation,Khoai lang,,Area_Planted,1200.0,ha,Actual,PL2
b15e6e50-ef83-498b-974b-d7a35f4d9f53,2011,10,Hải Phòng,Provincial,Cultivation,Rau,,Area_Planted,650.0,ha,Actual,PL2
38710546-6f1b-4534-a679-6afda4f6b81f,2011,10,Vĩnh Phúc,Provincial,Cultivation,Lúa,Mùa,Area_Harvested,28480.0,ha,Actual,PL2
b84716c3-cb66-443e-a1eb-f116855438c2,2011,10,Vĩnh Phúc,Provincial,Cultivation,Lúa,,Area_Planted,100.0,ha,Actual,PL2
1970c030-e977-44e6-819e-c26752fb23d6,2011,10,Vĩnh Phúc,Provincial,Cultivation,Lúa,,Area_Planted,16312.0,ha,Actual,PL2
bdc5f243-2e73-4dda-930f-e01e451d52af,2011,10,Vĩnh Phúc,Provincial,Cultivation,Ngô,,Area_Planted,10110.0,ha,Actual,PL2
2049557e-afbf-4f71-bc0d-67b473ed32ae,2011,10,Vĩnh Phúc,Provincial,Cultivation,Khoai lang,,Area_Planted,1315.0,ha,Actual,PL2
fcdc6a23-db55-4348-8abc-c9e2a229d4bf,2011,10,Vĩnh Phúc,Provincial,Cultivation,Đậu,,Area_Planted,2648.0,ha,Actual,PL2
9b3e6c67-2ff6-4ad6-a240-72879de3b78c,2011,10,Vĩnh Phúc,Provincial,Cultivation,Lạc,,Area_Planted,220.0,ha,Actual,PL2
e90accc1-7165-4b7d-8c31-e59257026488,2011,10,Vĩnh Phúc,Provincial,Cultivation,Rau,,Area_Planted,2019.0,ha,Actual,PL2
9fc39184-153b-41da-a31d-18549aa77551,2011,10,Bắc Ninh,Provincial,Cultivation,Lúa,Mùa,Area_Harvested,16000.0,ha,Actual,PL2
98ecf825-b6ed-4ca0-892b-8b37ed8f11c4,2011,10,Bắc Ninh,Provincial,Cultivation,Lúa,,Area_Planted,43.4,ha,Actual,PL2
8ad95417-612f-4a9d-801b-7c9f1c4fed97,2011,10,Bắc Ninh,Provincial,Cultivation,Lúa,,Area_Planted,3260.0,ha,Actual,PL2
12d01c96-852f-4294-be73-552e41abd961,2011,10,Bắc Ninh,Provincial,Cultivation,Ngô,,Area_Planted,1745.0,ha,Actual,PL2
6b980067-3d68-4c15-bbab-4d6d35e1c2c8,2011,10,Bắc Ninh,Provincial,Cultivation,Đậu,,Area_Planted,54.0,ha,Actual,PL2
96313d6f-e368-4595-8c2c-c1a07e33e635,2011,10,Bắc Ninh,Provincial,Cultivation,Lạc,,Area_Planted,54.0,ha,Actual,PL2
3aebd3c3-105d-4587-a425-5e5487ceb472,2011,10,Bắc Ninh,Provincial,Cultivation,Rau,,Area_Planted,1461.0,ha,Actual,PL2
ce07a010-142d-40b7-bff8-f410647f86e5,2011,10,Hải Dương,Provincial,Cultivation,Lúa,Mùa,Area_Harvested,15675.0,ha,Actual,PL2
a15c2d16-8d74-4640-873d-4927f75010fb,2011,10,Hải Dương,Provincial,Cultivation,Lúa,,Area_Planted,24.9,ha,Actual,PL2
2eaa2569-319b-4adf-9756-8cce7928d1ae,2011,10,Hải Dương,Provincial,Cultivation,Lúa,,Area_Planted,8000.0,ha,Actual,PL2
27fd5ceb-ecd8-43dd-8370-23d796aa95c6,2011,10,Hưng Yên,Provincial,Cultivation,Lúa,Mùa,Area_Harvested,15000.0,ha,Actual,PL2
8b7c3656-fe29-4d2f-b906-b31050b4a4a3,2011,10,Hưng Yên,Provincial,Cultivation,Lúa,,Area_Planted,38.3,ha,Actual,PL2
3370a263-bdb4-4c25-8347-b962bbedb918,2011,10,Hưng Yên,Provincial,Cultivation,Lúa,,Area_Planted,6289.0,ha,Actual,PL2
24a0a6a2-49c7-4049-b7fd-78cfd553cad1,2011,10,Hưng Yên,Provincial,Cultivation,Ngô,,Area_Planted,2968.0,ha,Actual,PL2
81f6d686-7b81-44fe-8d51-740838e60cdf,2011,10,Hưng Yên,Provincial,Cultivation,Khoai lang,,Area_Planted,54.0,ha,Actual,PL2
37f544df-a70f-4e95-930b-0a6e5b65892e,2011,10,Hưng Yên,Provincial,Cultivation,Đậu,,Area_Planted,1389.0,ha,Actual,PL2
1e23adc9-ec3c-43d6-bd39-41d0f282271e,2011,10,Hưng Yên,Provincial,Cultivation,Lạc,,Area_Planted,56.0,ha,Actual,PL2
a14e9927-665d-4fdc-9d64-dc130e198dce,2011,10,Hưng Yên,Provincial,Cultivation,Rau,,Area_Planted,1822.0,ha,Actual,PL2
2ec5e851-68e8-4b2a-adda-662f6e1a65f0,2011,10,Hà Nam,Provincial,Cultivation,Lúa,Mùa,Area_Harvested,30581.0,ha,Actual,PL2
8c0210b4-4485-41bf-b202-f456da9051f0,2011,10,Hà Nam,Provincial,Cultivation,Lúa,,Area_Planted,86.7,ha,Actual,PL2
761d14c9-fed6-4cf9-a63e-f84b3fa73f84,2011,10,Hà Nam,Provincial,Cultivation,Lúa,,Area_Planted,8745.0,ha,Actual,PL2
a97f0dd8-f2fc-46a6-b8d8-56dd9bc96136,2011,10,Hà Nam,Provincial,Cultivation,Ngô,,Area_Planted,35691635.0,ha,Actual,PL2
e0d5050c-a02c-4044-89d0-6505822100df,2011,10,Hà Nam,Provincial,Cultivation,Khoai lang,,Area_Planted,379.0,ha,Actual,PL2
c98f6817-6bac-40f8-8ceb-6e821e94d089,2011,10,Hà Nam,Provincial,Cultivation,Đậu,,Area_Planted,3416.0,ha,Actual,PL2
33c51f9e-0317-4ac8-ace1-cc636e3c2083,2011,10,Hà Nam,Provincial,Cultivation,Rau,,Area_Planted,1380.0,ha,Actual,PL2
bb6dd5e0-51a4-4082-b3ed-95a8506af39c,2011,10,Nam Định,Provincial,Cultivation,Lúa,Mùa,Area_Harvested,6500.0,ha,Actual,PL2
ca80561b-4cee-4174-b2cc-bd050ab3ef0e,2011,10,Nam Định,Provincial,Cultivation,Lúa,,Area_Planted,8.1,ha,Actual,PL2
5cb4d592-89d8-4193-964f-2e6ec094dd20,2011,10,Nam Định,Provincial,Cultivation,Lúa,,Area_Planted,5430.0,ha,Actual,PL2
5d277277-4498-4e9e-b1d5-501069c5b80c,2011,10,Nam Định,Provincial,Cultivation,Ngô,,Area_Planted,5430.0,ha,Actual,PL2
af3c0a5d-7ab0-4968-b7cc-a8f369993d96,2011,10,Nam Định,Provincial,Cultivation,Rau,,Area_Planted,3795.0,ha,Actual,PL2
58e77c9a-4d27-419c-80cb-b2211c9f281c,2011,10,Thái Bình,Provincial,Cultivation,Lúa,Mùa,Area_Harvested,40000.0,ha,Actual,PL2
94338630-0a01-45c7-87f3-627a42d46318,2011,10,Thái Bình,Provincial,Cultivation,Lúa,,Area_Planted,49.5,ha,Actual,PL2
d2e26fc8-904d-4b67-ae57-fbd543663221,2011,10,Thái Bình,Provincial,Cultivation,Lúa,,Area_Planted,9500.0,ha,Actual,PL2
a1777908-7508-47d7-90a5-3eeb267e90f3,2011,10,Ninh Bình,Provincial,Cultivation,Lúa,Mùa,Area_Harvested,13980.0,ha,Actual,PL2
747eee28-90cf-49b1-bc94-2882fb07f1e8,2011,10,Ninh Bình,Provincial,Cultivation,Lúa,,Area_Planted,35.6,ha,Actual,PL2
cf50af12-24ee-4a2a-8c7f-2305c2736891,2011,10,Ninh Bình,Provincial,Cultivation,Lúa,,Area_Planted,5488.0,ha,Actual,PL2
f9ffa48f-018e-407e-bdfb-481e3f074bc9,2011,10,Ninh Bình,Provincial,Cultivation,Ngô,,Area_Planted,1849.0,ha,Actual,PL2
cec0eac4-8591-485a-9bfe-71f39b80fc5c,2011,10,Ninh Bình,Provincial,Cultivation,Khoai lang,,Area_Planted,422.0,ha,Actual,PL2
347d4943-a89c-48be-a2bf-c7d3a343a0a9,2011,10,Ninh Bình,Provincial,Cultivation,Đậu,,Area_Planted,1539.0,ha,Actual,PL2
bff46a7a-fe03-4aa9-8ea5-4f1616ecd7e9,2011,10,Ninh Bình,Provincial,Cultivation,Lạc,,Area_Planted,144.0,ha,Actual,PL2
92fc3baf-f9cf-41f8-ae14-62341f23247c,2011,10,Ninh Bình,Provincial,Cultivation,Lúa,,Area_Planted,103.0,ha,Actual,PL2
1c573b70-e032-46e6-a722-24f38eaf2a02,2011,10,Ninh Bình,Provincial,Cultivation,Rau,,Area_Planted,1431.0,ha,Actual,PL2
e3d7bf8d-ad7b-44a2-aefd-d848d8f365a7,2011,10,Quảng Ninh,Provincial,Cultivation,Lúa,Mùa,Area_Harvested,9668.0,ha,Actual,PL2
904a0871-1d59-4d3e-a245-b5d9eb2dbbe8,2011,10,Quảng Ninh,Provincial,Cultivation,Lúa,,Area_Planted,36.3,ha,Actual,PL2
33230ec0-6804-481b-a870-f5e569202eab,2011,10,Quảng Ninh,Provincial,Cultivation,Lúa,,Area_Planted,3426.0,ha,Actual,PL2
0fda4da7-33bd-4344-8e64-f398b753ae81,2011,10,Quảng Ninh,Provincial,Cultivation,Ngô,,Area_Planted,460.0,ha,Actual,PL2
ec9b8246-7d59-4b3d-ba08-4a663f5a5d35,2011,10,Quảng Ninh,Provincial,Cultivation,Khoai lang,,Area_Planted,867.0,ha,Actual,PL2
b38c15d3-931d-4a19-9d4e-9ae89dc6b581,2011,10,Quảng Ninh,Provincial,Cultivation,Lúa,,Area_Planted,138.0,ha,Actual,PL2
1008676a-316e-4623-817c-05355b584cdd,2011,10,Quảng Ninh,Provincial,Cultivation,Rau,,Area_Planted,1961.0,ha,Actual,PL2
01a4a501-c371-4102-9336-efd5a1bc52d7,2011,10,TD và MN,Provincial,Cultivation,Lúa,Mùa,Area_Harvested,157814.0,ha,Actual,PL2
eea0a443-1504-4ec8-9adc-49ac50006a00,2011,10,TD và MN,Provincial,Cultivation,Lúa,,Area_Planted,37.0,ha,Actual,PL2
ba10a6e2-668d-4b71-a272-696d24be19d6,2011,10,TD và MN,Provincial,Cultivation,Lúa,,Area_Planted,40134.0,ha,Actual,PL2
2ca1ff75-3e93-46b2-ad8f-2baa9ea1d253,2011,10,TD và MN,Provincial,Cultivation,Ngô,,Area_Planted,22976.0,ha,Actual,PL2
8b213bae-ee46-43cb-87ec-d400a4789df8,2011,10,TD và MN,Provincial,Cultivation,Khoai lang,,Area_Planted,5617.0,ha,Actual,PL2
96c0c020-25fd-4b60-9141-771689a778cb,2011,10,TD và MN,Provincial,Cultivation,Đậu,,Area_Planted,593.0,ha,Actual,PL2
53ddb16c-27ac-4754-95cb-0c73e888bd21,2011,10,TD và MN,Provincial,Cultivation,Lạc,,Area_Planted,912.0,ha,Actual,PL2
4b570a72-9cfc-47b5-953c-9736175938b8,2011,10,TD và MN,Provincial,Cultivation,Lúa,,Area_Planted,424.0,ha,Actual,PL2
b47c4aa0-f316-4478-8132-2cbb268fd49d,2011,10,TD và MN,Provincial,Cultivation,Rau,,Area_Planted,6301.0,ha,Actual,PL2
cffb62a4-2d5b-456a-8457-07cdab67a813,2011,10,Hà Giang,Provincial,Cultivation,Lúa,Mùa,Area_Harvested,13549.6,ha,Actual,PL2
5615d121-e560-4999-a3af-cc586f39ae66,2011,10,Cao Bằng,Provincial,Cultivation,Lúa,Mùa,Area_Harvested,8000.0,ha,Actual,PL2
c4ab411c-0610-4c4f-b7d2-31d2c910f055,2011,10,Cao Bằng,Provincial,Cultivation,Lúa,,Area_Planted,30.1,ha,Actual,PL2
d56a8d23-2ed1-4863-a8a5-459e65211923,2011,10,Lào Cai,Provincial,Cultivation,Lúa,Mùa,Area_Harvested,8840.0,ha,Actual,PL2
509155a8-0741-4799-95ba-1c092f90beec,2011,10,Lào Cai,Provincial,Cultivation,Lúa,,Area_Planted,44.9,ha,Actual,PL2
ead3514c-31cf-443b-8a5d-b9def6c84cda,2011,10,Bắc Cạn,Provincial,Cultivation,Lúa,Mùa,Area_Harvested,1356.0,ha,Actual,PL2
887f1b65-47dc-447e-87c2-5b1f613c0021,2011,10,Bắc Cạn,Provincial,Cultivation,Lúa,,Area_Planted,9.6,ha,Actual,PL2
f17a982b-d136-4336-80a2-a598f2b20bf7,2011,10,Lạng Sơn,Provincial,Cultivation,Lúa,Mùa,Area_Harvested,1702.0,ha,Actual,PL2
dcda564d-d1f8-4fff-99c9-fd64ae515d68,2011,10,Lạng Sơn,Provincial,Cultivation,Lúa,,Area_Planted,5.0,ha,Actual,PL2
7d01e831-b273-40c3-88d6-f91db09c0369,2011,10,Tuyên Quang,Provincial,Cultivation,Lúa,Mùa,Area_Harvested,13.0,ha,Actual,PL2
6a2c9b27-e7fb-4550-8334-c09dee303c15,2011,10,Tuyên Quang,Provincial,Cultivation,Lúa,,Area_Planted,0.1,ha,Actual,PL2
86bef2c7-9f2a-4b66-870e-07f71a269f3c,2011,10,Tuyên Quang,Provincial,Cultivation,Lúa,,Area_Planted,2590.0,ha,Actual,PL2
73042b8f-5f07-4d2f-b020-58f28271933a,2011,10,Tuyên Quang,Provincial,Cultivation,Ngô,,Area_Planted,2351.0,ha,Actual,PL2
334d305f-a327-440d-bee7-a29e5e658742,2011,10,Tuyên Quang,Provincial,Cultivation,Đậu,,Area_Planted,236.0,ha,Actual,PL2
5e35d0d6-97c8-42db-9d90-0484fefef306,2011,10,Tuyên Quang,Provincial,Cultivation,Lạc,,Area_Planted,3.0,ha,Actual,PL2
e7ea71bc-1321-4c20-919b-88bdceb7dd62,2011,10,Yên Bái,Provincial,Cultivation,Lúa,Mùa,Area_Harvested,11000.0,ha,Actual,PL2
be9f6a72-7ecb-4f7f-b822-bcaf9cfa7207,2011,10,Yên Bái,Provincial,Cultivation,Lúa,,Area_Planted,47.3,ha,Actual,PL2
1c33a265-d303-4df3-b943-a138226be75e,2011,10,Yên Bái,Provincial,Cultivation,Lúa,,Area_Planted,6335.0,ha,Actual,PL2
e5df61fe-9fb3-470f-a9ea-077a83f72f9c,2011,10,Yên Bái,Provincial,Cultivation,Ngô,,Area_Planted,3748.0,ha,Actual,PL2
ae67a6b6-384c-478f-9bf7-b0af3f616b6c,2011,10,Yên Bái,Provincial,Cultivation,Khoai lang,,Area_Planted,747.0,ha,Actual,PL2
ce848211-b38e-4176-93a9-c3e18fe7a954,2011,10,Yên Bái,Provincial,Cultivation,Rau,,Area_Planted,1840.0,ha,Actual,PL2
385cc960-c4d3-4d1f-9b51-0a3d0021370c,2011,10,Thái Nguyên,Provincial,Cultivation,Lúa,Mùa,Area_Harvested,17067.0,ha,Actual,PL2
b8c5ccdc-f83b-4375-9be5-7c750ec32307,2011,10,Thái Nguyên,Provincial,Cultivation,Lúa,,Area_Planted,41.0,ha,Actual,PL2
79fb520a-1bb8-4914-94a6-ea32a3c029f8,2011,10,Thái Nguyên,Provincial,Cultivation,Lúa,,Area_Planted,9844.0,ha,Actual,PL2
bfc1c13d-4794-4b44-8915-cb0373d7b342,2011,10,Thái Nguyên,Provincial,Cultivation,Ngô,,Area_Planted,4697.0,ha,Actual,PL2
cd3f8a7d-e422-41f3-85ca-98c807846f07,2011,10,Thái Nguyên,Provincial,Cultivation,Khoai lang,,Area_Planted,2526.0,ha,Actual,PL2
436b3e95-151a-491a-b2a2-e1876d21c054,2011,10,Thái Nguyên,Provincial,Cultivation,Đậu,,Area_Planted,80.0,ha,Actual,PL2
8dace62b-ed08-4736-a619-98c8a31e4220,2011,10,Thái Nguyên,Provincial,Cultivation,Lạc,,Area_Planted,22.0,ha,Actual,PL2
8202d108-3685-4a43-8da8-ede57febafd5,2011,10,Thái Nguyên,Provincial,Cultivation,Rau,,Area_Planted,2519.0,ha,Actual,PL2
162617ce-4750-4775-8e65-416e550f687f,2011,10,Phú Thọ,Provincial,Cultivation,Lúa,Mùa,Area_Harvested,27680.0,ha,Actual,PL2
114062ad-e177-48f8-90e0-3c89bc41711d,2011,10,Phú Thọ,Provincial,Cultivation,Lúa,,Area_Planted,81.6,ha,Actual,PL2
b7a8b9b3-5966-4d73-ba3b-0becb395b80e,2011,10,Phú Thọ,Provincial,Cultivation,Lúa,,Area_Planted,8382.0,ha,Actual,PL2
1b3e6957-151c-417d-b9e5-290bd7349a3a,2011,10,Phú Thọ,Provincial,Cultivation,Ngô,,Area_Planted,8382.0,ha,Actual,PL2
142572ca-3628-4db5-b9fb-15c997fae11e,2011,10,Bắc Giang,Provincial,Cultivation,Lúa,Mùa,Area_Harvested,27609.0,ha,Actual,PL2
dce6afb4-a0d0-44cc-b9cf-b2e221ccfb8e,2011,10,Bắc Giang,Provincial,Cultivation,Lúa,,Area_Planted,46.6,ha,Actual,PL2
2a6a4df3-59d3-433c-9852-d57d9485973c,2011,10,Bắc Giang,Provincial,Cultivation,Lúa,,Area_Planted,8469.0,ha,Actual,PL2
1d3fc956-e243-464e-9c2d-e320d465ce92,2011,10,Bắc Giang,Provincial,Cultivation,Ngô,,Area_Planted,2071.0,ha,Actual,PL2
07be3ec9-7a4b-40c4-90a1-a058472a8cc1,2011,10,Bắc Giang,Provincial,Cultivation,Khoai lang,,Area_Planted,1644.0,ha,Actual,PL2
32989658-8be6-4de9-bb7b-1941a405785f,2011,10,Bắc Giang,Provincial,Cultivation,Lạc,,Area_Planted,887.0,ha,Actual,PL2
91990ea8-a6ae-434e-a8f2-9a914012b911,2011,10,Bắc Giang,Provincial,Cultivation,Lúa,,Area_Planted,191.0,ha,Actual,PL2
adeb5aa3-597a-490b-816a-026e22410e0d,2011,10,Bắc Giang,Provincial,Cultivation,Rau,,Area_Planted,365.0,ha,Actual,PL2
5f3c7b10-edb8-415a-b15f-6ef4516217cc,2011,10,Lai Châu,Provincial,Cultivation,Lúa,Mùa,Area_Harvested,15100.0,ha,Actual,PL2
e7af0648-fd3b-4f38-b03d-920c5a333018,2011,10,Lai Châu,Provincial,Cultivation,Lúa,,Area_Planted,62.7,ha,Actual,PL2
78c52d8d-2d5b-4db3-9361-fb30596d93dd,2011,10,Điện Biên,Provincial,Cultivation,Lúa,Mùa,Area_Harvested,19664.0,ha,Actual,PL2
d6efc105-5b3e-4e53-801a-7c231364d5d4,2011,10,Điện Biên,Provincial,Cultivation,Lúa,,Area_Planted,49.4,ha,Actual,PL2
2e5a6760-3b13-4890-bbfb-9aa6225fc721,2011,10,Sơn La,Provincial,Cultivation,Lúa,Mùa,Area_Harvested,4783.0,ha,Actual,PL2
828acf95-a9a1-44c5-9f3a-852de9242120,2011,10,Sơn La,Provincial,Cultivation,Lúa,,Area_Planted,14.2,ha,Actual,PL2
1507c875-aba0-4616-8697-8f60c617ef80,2011,10,Sơn La,Provincial,Cultivation,Lúa,,Area_Planted,910.0,ha,Actual,PL2
9dd7cfcf-50be-48d5-9a74-a7b56e203ce7,2011,10,Sơn La,Provincial,Cultivation,Ngô,,Area_Planted,100.0,ha,Actual,PL2
7c9e3c30-0f8e-4541-a00d-754bb36cbf73,2011,10,Sơn La,Provincial,Cultivation,Lúa,,Area_Planted,233.0,ha,Actual,PL2
d9d66d2d-848b-4c2a-98b4-be508cf2350a,2011,10,Sơn La,Provincial,Cultivation,Rau,,Area_Planted,577.0,ha,Actual,PL2
29196757-b07d-4046-bc4a-b9dc5f899561,2011,10,Hoà Bình,Provincial,Cultivation,Lúa,Mùa,Area_Harvested,15000.0,ha,Actual,PL2
7e23a625-d1a0-4be6-911d-730190d725ac,2011,10,Hoà Bình,Provincial,Cultivation,Lúa,,Area_Planted,61.1,ha,Actual,PL2
f259ef42-346b-41a2-b1b5-e4afa0604616,2011,10,Hoà Bình,Provincial,Cultivation,Lúa,,Area_Planted,3604.0,ha,Actual,PL2
6ad522de-cc21-4426-833b-c7f1b2971c15,2011,10,Hoà Bình,Provincial,Cultivation,Ngô,,Area_Planted,1627.0,ha,Actual,PL2
ee98bc15-2478-42b9-a7c3-55e20ab5dfd1,2011,10,Hoà Bình,Provincial,Cultivation,Khoai lang,,Area_Planted,700.0,ha,Actual,PL2
9598986e-858d-42a4-a6c0-5f15283f0024,2011,10,Hoà Bình,Provincial,Cultivation,Đậu,,Area_Planted,277.0,ha,Actual,PL2
b1dc410e-f87b-4883-abad-38556595e226,2011,10,Hoà Bình,Provincial,Cultivation,Rau,,Area_Planted,1000.0,ha,Actual,PL2
d2863b7b-af27-455d-a7a8-9ba8e6d4cb60,2011,10,Bắc Trung Bộ,Provincial,Cultivation,Lúa,Mùa,Area_Harvested,121778.0,ha,Actual,PL2
8643f37c-7971-429d-84c0-06db442a8c48,2011,10,Bắc Trung Bộ,Provincial,Cultivation,Lúa,,Area_Planted,66.3,ha,Actual,PL2
9c9353bb-fd72-4392-bb1c-0207e9b78a0a,2011,10,Bắc Trung Bộ,Provincial,Cultivation,Lúa,,Area_Planted,59286.0,ha,Actual,PL2
e9cd1e28-e392-4731-9494-e909de0e57f5,2011,10,Bắc Trung Bộ,Provincial,Cultivation,Ngô,,Area_Planted,28862.0,ha,Actual,PL2
8d02ceac-ad9e-4c64-97ea-38092bfb9833,2011,10,Bắc Trung Bộ,Provincial,Cultivation,Khoai lang,,Area_Planted,6334.0,ha,Actual,PL2
09535533-e4bb-4cc0-9fc1-75dae425a036,2011,10,Bắc Trung Bộ,Provincial,Cultivation,Đậu,,Area_Planted,6581.0,ha,Actual,PL2
156d3963-fd64-41e7-929f-694553f47654,2011,10,Bắc Trung Bộ,Provincial,Cultivation,Lạc,,Area_Planted,2597.0,ha,Actual,PL2
9f7d23da-0b37-44ac-a697-cc63bee02b7a,2011,10,Bắc Trung Bộ,Provincial,Cultivation,Rau,,Area_Planted,14462.0,ha,Actual,PL2
c5faf827-28f3-4753-b140-e2d60fbad7c1,2011,10,Thanh Hoá,Provincial,Cultivation,Lúa,Mùa,Area_Harvested,94778.0,ha,Actual,PL2
bfeaf706-87c3-4fed-81cc-883a9a29a991,2011,10,Thanh Hoá,Provincial,Cultivation,Lúa,,Area_Planted,70.2,ha,Actual,PL2
28af96c7-a042-485a-b136-f061c9760be6,2011,10,Thanh Hoá,Provincial,Cultivation,Lúa,,Area_Planted,34536.0,ha,Actual,PL2
f6a9a223-2898-4686-9fcb-370fe6e5d4ed,2011,10,Thanh Hoá,Provincial,Cultivation,Ngô,,Area_Planted,13862.0,ha,Actual,PL2
882eafaf-b08b-47a7-b7c6-ddad2c07eada,2011,10,Thanh Hoá,Provincial,Cultivation,Khoai lang,,Area_Planted,3334.0,ha,Actual,PL2
95b099db-2f75-416b-9c4c-20d9a6b1f31a,2011,10,Thanh Hoá,Provincial,Cultivation,Đậu,,Area_Planted,6581.0,ha,Actual,PL2
ac5e68b5-a1e7-4113-a701-dc589e5a3da6,2011,10,Thanh Hoá,Provincial,Cultivation,Lạc,,Area_Planted,1297.0,ha,Actual,PL2
ae0ef788-13be-4aca-87fd-00253ab78650,2011,10,Thanh Hoá,Provincial,Cultivation,Rau,,Area_Planted,9462.0,ha,Actual,PL2
d828487d-27f6-48dc-a4cb-423998f1088a,2011,10,Nghệ An,Provincial,Cultivation,Lúa,Mùa,Area_Harvested,25000.0,ha,Actual,PL2
6ca5f520-ea53-4b03-a378-9532434c2e05,2011,10,Nghệ An,Provincial,Cultivation,Lúa,,Area_Planted,60.2,ha,Actual,PL2
5af2f639-d1e1-402f-9141-5931add0a5da,2011,10,Nghệ An,Provincial,Cultivation,Lúa,,Area_Planted,24750.0,ha,Actual,PL2
96730b34-3c3e-4de3-ab79-f78470e9b4bb,2011,10,Nghệ An,Provincial,Cultivation,Ngô,,Area_Planted,15000.0,ha,Actual,PL2
4fc3813f-cc66-441f-8972-7460d1b010e8,2011,10,Nghệ An,Provincial,Cultivation,Khoai lang,,Area_Planted,3000.0,ha,Actual,PL2
b6844db3-2130-482b-96e7-9611260a87d2,2011,10,Nghệ An,Provincial,Cultivation,Lạc,,Area_Planted,1300.0,ha,Actual,PL2
1dfd1df9-8538-4371-b910-e58e03bcd62c,2011,10,Nghệ An,Provincial,Cultivation,Rau,,Area_Planted,5000.0,ha,Actual,PL2
064ccee0-92bb-43c9-ab7f-ead7b1107972,2011,10,Hà Tĩnh,Provincial,Cultivation,Lúa,Mùa,Area_Harvested,2000.0,ha,Actual,PL2
f276f7b6-b2bb-436d-be2b-d60dc21b4404,2011,10,Hà Tĩnh,Provincial,Cultivation,Lúa,,Area_Planted,48.9,ha,Actual,PL2
9f7fdbf4-0d41-4797-852f-04cb9911fa6d,2011,10,Miền Nam,Regional,Cultivation,Lúa,,Area_Planted,682528.0,ha,Actual,PL3
988c5036-94c7-4fb3-a521-6cefcb5f1858,2011,10,Miền Nam,Regional,Cultivation,Lúa,,Area_Planted,94727.0,ha,Actual,PL3
93abf712-b154-43e1-9676-d93557dce488,2011,10,Miền Nam,Regional,Cultivation,Lúa,,Area_Planted,812452.0,ha,Actual,PL3
e91618e0-6f6d-4093-92fe-c7c5e3aa4ff7,2011,10,Miền Nam,Regional,Cultivation,Lúa,,Area_Planted,415648.0,ha,Actual,PL3
d5489acc-00d8-4573-bb30-9e73d4097834,2011,10,Miền Nam,Regional,Cultivation,Lúa,,Area_Planted,37689.0,ha,Actual,PL3
391ad842-25b3-412e-aba6-6b25262cc15e,2011,10,Miền Nam,Regional,Cultivation,Lúa,,Area_Planted,341658.0,ha,Actual,PL3
d08ea250-d11c-495e-9689-b33103892517,2011,10,Miền Nam,Regional,Cultivation,Lúa,,Area_Planted,17457.0,ha,Actual,PL3
47f7c8a4-2cbd-4f37-8998-4499d733005f,2011,10,D.H Nam Trung Bộ,Provincial,Cultivation,Lúa,,Area_Planted,135791.0,ha,Actual,PL3
58d309ca-5893-4432-afb4-55d4a93d05e8,2011,10,D.H Nam Trung Bộ,Provincial,Cultivation,Lúa,,Area_Planted,172433.0,ha,Actual,PL3
4e362b70-be48-459c-b93e-7a713f197555,2011,10,D.H Nam Trung Bộ,Provincial,Cultivation,Lúa,,Area_Planted,71137.0,ha,Actual,PL3
72db691d-ebd8-4004-93ae-1320765d3501,2011,10,D.H Nam Trung Bộ,Provincial,Cultivation,Lúa,,Area_Planted,7945.0,ha,Actual,PL3
1dcdd381-92c5-4cfd-b661-156860cde3db,2011,10,D.H Nam Trung Bộ,Provincial,Cultivation,Lúa,,Area_Planted,92077.0,ha,Actual,PL3
588f1408-a598-430b-bb82-721a09ffe40f,2011,10,D.H Nam Trung Bộ,Provincial,Cultivation,Lúa,,Area_Planted,1274.0,ha,Actual,PL3
0fc49333-1bd6-44be-b3e2-10ea01b46372,2011,10,TP Đà Nẵng,Provincial,Cultivation,Lúa,,Area_Planted,3005.0,ha,Actual,PL3
0d40a4a9-e658-4aee-9dae-ac8e824b3fb9,2011,10,TP Đà Nẵng,Provincial,Cultivation,Lúa,,Area_Planted,1396.0,ha,Actual,PL3
e7495f58-d697-465b-bb7c-5e2e4a1bc6ba,2011,10,TP Đà Nẵng,Provincial,Cultivation,Lúa,,Area_Planted,635.0,ha,Actual,PL3
18dcb8a2-ea20-4108-8023-4525dc4a3c30,2011,10,TP Đà Nẵng,Provincial,Cultivation,Lúa,,Area_Planted,460.0,ha,Actual,PL3
2620ca37-bd03-48d4-a97c-898bc4f65ab7,2011,10,TP Đà Nẵng,Provincial,Cultivation,Lúa,,Area_Planted,301.0,ha,Actual,PL3
424d1692-b787-4b97-ae2f-3079ee5419c3,2011,10,Quảng Nam,Provincial,Cultivation,Lúa,,Area_Planted,44764.0,ha,Actual,PL3
6b844d1c-4852-4f37-ae4b-0123a1e97d6f,2011,10,Quảng Nam,Provincial,Cultivation,Lúa,,Area_Planted,33897.0,ha,Actual,PL3
e560e587-ba34-4c74-b26b-69b7fa66e8cc,2011,10,Quảng Nam,Provincial,Cultivation,Lúa,,Area_Planted,13008.0,ha,Actual,PL3
677692a5-3755-410e-b4e1-6e4b74717ccb,2011,10,Quảng Nam,Provincial,Cultivation,Lúa,,Area_Planted,5600.0,ha,Actual,PL3
14ed5961-2b39-440c-a58e-faa70b2852f4,2011,10,Quảng Nam,Provincial,Cultivation,Lúa,,Area_Planted,15089.0,ha,Actual,PL3
f62f62db-2cde-43c8-bab7-96ec1785b97a,2011,10,Quảng Nam,Provincial,Cultivation,Lúa,,Area_Planted,200.0,ha,Actual,PL3
959200e8-54e3-45fe-945e-098d525985e8,2011,10,Quảng Ngãi,Provincial,Cultivation,Lúa,,Area_Planted,3500.0,ha,Actual,PL3
6682a81a-ae0d-4ac1-8bfd-e28fdca1a85b,2011,10,Quảng Ngãi,Provincial,Cultivation,Lúa,,Area_Planted,30064.0,ha,Actual,PL3
d1a961b9-8cfd-4d7e-b7b9-6e1e7c7fc6ef,2011,10,Quảng Ngãi,Provincial,Cultivation,Lúa,,Area_Planted,10189.0,ha,Actual,PL3
883153d6-d20f-4726-906d-452d9040d259,2011,10,Quảng Ngãi,Provincial,Cultivation,Lúa,,Area_Planted,422.0,ha,Actual,PL3
510a0792-57b7-4205-a70b-38e27c895a2b,2011,10,Quảng Ngãi,Provincial,Cultivation,Lúa,,Area_Planted,19453.0,ha,Actual,PL3
caa34508-81e7-4194-9930-df8d8aa53c94,2011,10,Bình Định,Provincial,Cultivation,Lúa,,Area_Planted,22070.0,ha,Actual,PL3
94d382a0-179a-451a-baec-928eb7c5e44a,2011,10,Bình Định,Provincial,Cultivation,Lúa,,Area_Planted,7611.0,ha,Actual,PL3
4114715f-2f1a-4e3f-8805-ac3ad89ab15e,2011,10,Bình Định,Provincial,Cultivation,Lúa,,Area_Planted,7611.0,ha,Actual,PL3
17c817de-5415-4937-a981-fb66763c354d,2011,10,Phú Yên,Provincial,Cultivation,Lúa,,Area_Planted,5920.0,ha,Actual,PL3
6b30e16b-001b-4a68-9739-f89f882fc68f,2011,10,Phú Yên,Provincial,Cultivation,Lúa,,Area_Planted,23233.0,ha,Actual,PL3
10ffa694-310c-4485-af14-78692ea2ca9c,2011,10,Phú Yên,Provincial,Cultivation,Lúa,,Area_Planted,6260.0,ha,Actual,PL3
b76dc998-fad2-48ea-9a2c-0f364a31af77,2011,10,Phú Yên,Provincial,Cultivation,Lúa,,Area_Planted,305.0,ha,Actual,PL3
e791af41-89a0-4f82-a367-3e3257e6c363,2011,10,Phú Yên,Provincial,Cultivation,Lúa,,Area_Planted,16311.0,ha,Actual,PL3
b0799b9c-3f7f-445e-ab5e-ca18fb8eccd4,2011,10,Phú Yên,Provincial,Cultivation,Lúa,,Area_Planted,357.0,ha,Actual,PL3
cfe21677-4d7c-4911-b97a-db6bc6b770b5,2011,10,Khánh Hoà,Provincial,Cultivation,Lúa,,Area_Planted,6695.0,ha,Actual,PL3
0058a556-059a-49e1-9806-b58dd79c5e24,2011,10,Khánh Hoà,Provincial,Cultivation,Lúa,,Area_Planted,13092.0,ha,Actual,PL3
ba6df022-d16f-4724-a5b2-5da0bb0cd039,2011,10,Khánh Hoà,Provincial,Cultivation,Lúa,,Area_Planted,6118.0,ha,Actual,PL3
709a43b8-e3cb-48b4-b166-be84ec2baa7d,2011,10,Khánh Hoà,Provincial,Cultivation,Lúa,,Area_Planted,224.0,ha,Actual,PL3
5178d5f9-f425-41a7-b249-6e3fd619cc26,2011,10,Khánh Hoà,Provincial,Cultivation,Lúa,,Area_Planted,6556.0,ha,Actual,PL3
9e39b245-d17c-4f5b-85dc-354eb6206289,2011,10,Khánh Hoà,Provincial,Cultivation,Lúa,,Area_Planted,194.0,ha,Actual,PL3
4efcbc96-61c7-49b2-8865-fb018c4a12d1,2011,10,Ninh Thuận,Provincial,Cultivation,Lúa,,Area_Planted,10246.0,ha,Actual,PL3
57353e58-96c9-416d-b7c2-ae9a96187643,2011,10,Ninh Thuận,Provincial,Cultivation,Lúa,,Area_Planted,13167.0,ha,Actual,PL3
ab5f3c1e-fe43-488d-a525-be42e8cf2dbf,2011,10,Ninh Thuận,Provincial,Cultivation,Lúa,,Area_Planted,10205.0,ha,Actual,PL3
9eb2f1b5-bb0a-4b21-8e56-5e26aec92b55,2011,10,Ninh Thuận,Provincial,Cultivation,Lúa,,Area_Planted,129.0,ha,Actual,PL3
187c426c-5bfe-4649-aef0-800c9324b549,2011,10,Ninh Thuận,Provincial,Cultivation,Lúa,,Area_Planted,2807.0,ha,Actual,PL3
48c84796-ad42-49b5-813f-6d1dd8d157e5,2011,10,Ninh Thuận,Provincial,Cultivation,Lúa,,Area_Planted,26.0,ha,Actual,PL3
5689cc04-e590-4677-8ee2-710305735d77,2011,10,Bình Thuận,Provincial,Cultivation,Lúa,,Area_Planted,39591.0,ha,Actual,PL3
9e44d4c4-0da4-4069-b85d-98810eacfc8b,2011,10,Bình Thuận,Provincial,Cultivation,Lúa,,Area_Planted,49973.0,ha,Actual,PL3
c310f76e-80e7-4e41-8d9a-68656f4a7959,2011,10,Bình Thuận,Provincial,Cultivation,Lúa,,Area_Planted,17111.0,ha,Actual,PL3
e34bb416-b3cf-4702-b6f3-70f71be7723d,2011,10,Bình Thuận,Provincial,Cultivation,Lúa,,Area_Planted,805.0,ha,Actual,PL3
9f1f88fb-6e4e-456e-97cf-9f6cdd5edaa9,2011,10,Bình Thuận,Provincial,Cultivation,Lúa,,Area_Planted,31560.0,ha,Actual,PL3
0aa8ab5a-99c4-4d2c-b6c0-d359a9be6a5e,2011,10,Bình Thuận,Provincial,Cultivation,Lúa,,Area_Planted,497.0,ha,Actual,PL3
63b99ddb-06ef-44ef-840e-ce10feb4aec2,2011,10,Tây Nguyên,Provincial,Cultivation,Lúa,,Area_Planted,135837.0,ha,Actual,PL3
52b6d141-7d8b-4088-b0aa-9d8207fd47ac,2011,10,Tây Nguyên,Provincial,Cultivation,Lúa,,Area_Planted,395500.0,ha,Actual,PL3
31734681-c14a-450a-a782-f793750e883b,2011,10,Tây Nguyên,Provincial,Cultivation,Lúa,,Area_Planted,227758.0,ha,Actual,PL3
841b4e65-a120-4ac8-8729-be98ede4c528,2011,10,Tây Nguyên,Provincial,Cultivation,Lúa,,Area_Planted,13779.0,ha,Actual,PL3
50d0c9f1-f48f-49fe-9023-682073fe882c,2011,10,Tây Nguyên,Provincial,Cultivation,Lúa,,Area_Planted,153621.0,ha,Actual,PL3
8af17165-aca5-439d-b950-439dfe61d17b,2011,10,Tây Nguyên,Provincial,Cultivation,Lúa,,Area_Planted,342.0,ha,Actual,PL3
6c211577-4623-4e35-8d78-7317d77a86c5,2011,10,Kon Tum,Provincial,Cultivation,Lúa,,Area_Planted,15907.0,ha,Actual,PL3
e99b685a-2ccb-4da9-b645-036b02b4c802,2011,10,Kon Tum,Provincial,Cultivation,Lúa,,Area_Planted,47375.0,ha,Actual,PL3
27f9c962-493e-48c3-baae-86406f1b1639,2011,10,Kon Tum,Provincial,Cultivation,Lúa,,Area_Planted,7494.0,ha,Actual,PL3
cc541296-38ab-4f00-a37f-804097e19364,2011,10,Kon Tum,Provincial,Cultivation,Lúa,,Area_Planted,156.0,ha,Actual,PL3
43942de5-dfb5-449f-9175-755816e6ba15,2011,10,Kon Tum,Provincial,Cultivation,Lúa,,Area_Planted,39725.0,ha,Actual,PL3
132bc386-3024-4274-8c81-ed6720f01a9a,2011,10,Gia Lai,Provincial,Cultivation,Lúa,,Area_Planted,46057.0,ha,Actual,PL3
6f778ede-f8e4-45b4-99ce-6d3de536d95a,2011,10,Gia Lai,Provincial,Cultivation,Lúa,,Area_Planted,109490.0,ha,Actual,PL3
e04288f6-4018-44d5-af1f-7ef088ba94c6,2011,10,Gia Lai,Provincial,Cultivation,Lúa,,Area_Planted,51159.0,ha,Actual,PL3
a7d78bb8-def6-450d-956a-4fd7e7b6bdde,2011,10,Gia Lai,Provincial,Cultivation,Lúa,,Area_Planted,1384.0,ha,Actual,PL3
b46dcc15-4e36-4dc8-b0aa-8e7ddf113b53,2011,10,Gia Lai,Provincial,Cultivation,Lúa,,Area_Planted,56947.0,ha,Actual,PL3
dcae127c-4bff-464c-991b-a03b9848f09e,2011,10,Đắc Lắc,Provincial,Cultivation,Lúa,,Area_Planted,49116.0,ha,Actual,PL3
8de20cf0-201d-4054-83ec-29969c0c561c,2011,10,Đắc Lắc,Provincial,Cultivation,Lúa,,Area_Planted,148473.0,ha,Actual,PL3
ec70ca8e-2c91-48bd-b4cb-d8a06fbd3c5f,2011,10,Đắc Lắc,Provincial,Cultivation,Lúa,,Area_Planted,113323.0,ha,Actual,PL3
5f57c161-3285-4b3c-9f02-4bad524b63ed,2011,10,Đắc Lắc,Provincial,Cultivation,Lúa,,Area_Planted,3179.0,ha,Actual,PL3
bdb66d3c-a28f-4a4e-9029-419b902096b4,2011,10,Đắc Lắc,Provincial,Cultivation,Lúa,,Area_Planted,31629.0,ha,Actual,PL3
4b79026f-1b43-4f82-a34a-6910232175ae,2011,10,Đắc Lắc,Provincial,Cultivation,Lúa,,Area_Planted,342.0,ha,Actual,PL3
0636626b-c578-4723-8676-d7d1e907130a,2011,10,Đắc Nông,Provincial,Cultivation,Lúa,,Area_Planted,7947.0,ha,Actual,PL3
aa800fc9-8883-4bcd-81b6-8fa045f5f2cb,2011,10,Đắc Nông,Provincial,Cultivation,Lúa,,Area_Planted,69735.0,ha,Actual,PL3
132fe1f6-e2c8-41c9-8f4c-93dc67290b0c,2011,10,Đắc Nông,Provincial,Cultivation,Lúa,,Area_Planted,40893.0,ha,Actual,PL3
08cdd1df-d737-4cd4-9acf-7facc619fdb0,2011,10,Đắc Nông,Provincial,Cultivation,Lúa,,Area_Planted,7535.0,ha,Actual,PL3
a31ba210-f0c3-45ca-a69e-1cb504d8ccde,2011,10,Đắc Nông,Provincial,Cultivation,Lúa,,Area_Planted,21307.0,ha,Actual,PL3
be7ad307-f572-4466-baff-d7dfaf9ca610,2011,10,Lâm Đồng,Provincial,Cultivation,Lúa,,Area_Planted,16810.0,ha,Actual,PL3
b45c0e3f-8440-4eee-bef8-f376b75f7538,2011,10,Lâm Đồng,Provincial,Cultivation,Lúa,,Area_Planted,20427.0,ha,Actual,PL3
331c6847-a52e-48a3-8c4b-1982e8ba6e8e,2011,10,Lâm Đồng,Provincial,Cultivation,Lúa,,Area_Planted,14889.0,ha,Actual,PL3
e6e77eeb-9d2e-45ce-9ad2-3a63fd77cb1c,2011,10,Lâm Đồng,Provincial,Cultivation,Lúa,,Area_Planted,1525.0,ha,Actual,PL3
8476ec37-4168-4877-aa72-953d8ed98d27,2011,10,Lâm Đồng,Provincial,Cultivation,Lúa,,Area_Planted,4013.0,ha,Actual,PL3
3a343331-420a-45bf-8663-169a0cce0adb,2011,10,Đông Nam Bộ,Provincial,Cultivation,Lúa,,Area_Planted,115932.0,ha,Actual,PL3
46e871d0-1f72-4f6a-b5ed-1de4aa7fed8c,2011,10,Đông Nam Bộ,Provincial,Cultivation,Lúa,,Area_Planted,173790.0,ha,Actual,PL3
f859819c-c0bb-4baf-9973-4f9bce86e986,2011,10,Đông Nam Bộ,Provincial,Cultivation,Lúa,,Area_Planted,78451.0,ha,Actual,PL3
babf1213-523e-4617-81be-f84626a82fd2,2011,10,Đông Nam Bộ,Provincial,Cultivation,Lúa,,Area_Planted,1532.0,ha,Actual,PL3
33fb346f-bd8c-4d2e-80c0-c394be8c88f3,2011,10,Đông Nam Bộ,Provincial,Cultivation,Lúa,,Area_Planted,90698.0,ha,Actual,PL3
02ee9364-2a27-48d0-8795-b635653da8c1,2011,10,Đông Nam Bộ,Provincial,Cultivation,Lúa,,Area_Planted,3109.0,ha,Actual,PL3
5305d137-09d7-40ee-b0f8-ae0c5b2e2492,2011,10,Bình Phước,Provincial,Cultivation,Lúa,,Area_Planted,12036.0,ha,Actual,PL3
291b4e2c-dd82-4229-97f8-1e01abbc3cc9,2011,10,Bình Phước,Provincial,Cultivation,Lúa,,Area_Planted,27459.0,ha,Actual,PL3
1941db3d-13f6-4d1f-aa07-9e28a654664f,2011,10,Bình Phước,Provincial,Cultivation,Lúa,,Area_Planted,6933.0,ha,Actual,PL3
45680977-55dd-414e-b1f0-d0b0aa9fd568,2011,10,Bình Phước,Provincial,Cultivation,Lúa,,Area_Planted,672.0,ha,Actual,PL3
a0623965-62ed-4074-9449-5da6bf08ae02,2011,10,Bình Phước,Provincial,Cultivation,Lúa,,Area_Planted,18812.0,ha,Actual,PL3
55685702-ff49-4586-a452-4ab10c9fbeb0,2011,10,Bình Phước,Provincial,Cultivation,Lúa,,Area_Planted,1042.0,ha,Actual,PL3
75ed837e-55de-411d-a5fc-6dbd45f90de0,2011,10,Tây Ninh,Provincial,Cultivation,Lúa,,Area_Planted,53944.0,ha,Actual,PL3
baedc17a-7f49-46b9-9ccb-63e2a4359530,2011,10,Tây Ninh,Provincial,Cultivation,Lúa,,Area_Planted,47000.0,ha,Actual,PL3
e47c2190-1c81-4606-8bd9-9a94989b87ef,2011,10,Tây Ninh,Provincial,Cultivation,Lúa,,Area_Planted,4955.0,ha,Actual,PL3
807a53ae-dff3-432e-a097-635670f41c0e,2011,10,Tây Ninh,Provincial,Cultivation,Lúa,,Area_Planted,376.0,ha,Actual,PL3
8859f19c-8b77-45df-a702-3a6b095983b3,2011,10,Tây Ninh,Provincial,Cultivation,Lúa,,Area_Planted,40817.0,ha,Actual,PL3
0946617f-5787-43c6-9be7-f41ff9180851,2011,10,Tây Ninh,Provincial,Cultivation,Lúa,,Area_Planted,852.0,ha,Actual,PL3
94ad10b4-79ca-4188-8c60-90f2676fc729,2011,10,Bình Dương,Provincial,Cultivation,Lúa,,Area_Planted,4214.0,ha,Actual,PL3
078f45ca-4074-429f-8d94-39d09d682464,2011,10,Bình Dương,Provincial,Cultivation,Lúa,,Area_Planted,7106.0,ha,Actual,PL3
0f3a1294-9940-4ef9-9d56-8051921615f6,2011,10,Bình Dương,Provincial,Cultivation,Lúa,,Area_Planted,469.0,ha,Actual,PL3
9c27e0da-14cc-47ff-808e-c3c1d3c5187f,2011,10,Bình Dương,Provincial,Cultivation,Lúa,,Area_Planted,50.0,ha,Actual,PL3
dbb951b0-b3c5-4854-adff-1e1c44f444c8,2011,10,Bình Dương,Provincial,Cultivation,Lúa,,Area_Planted,6409.0,ha,Actual,PL3
73fd0c6a-bfe9-4e82-bc12-5027efe347b7,2011,10,Bình Dương,Provincial,Cultivation,Lúa,,Area_Planted,178.0,ha,Actual,PL3
eaf4f464-61a0-428b-b494-4c549b053e0b,2011,10,Đồng Nai,Provincial,Cultivation,Lúa,,Area_Planted,28273.0,ha,Actual,PL3
d68254d1-2cbc-4e56-970f-41646d82a226,2011,10,Đồng Nai,Provincial,Cultivation,Lúa,,Area_Planted,66732.0,ha,Actual,PL3
285c5b05-27ef-4bbd-a38e-d5f7e86ef615,2011,10,Đồng Nai,Provincial,Cultivation,Lúa,,Area_Planted,49849.0,ha,Actual,PL3
ccff4169-6b8b-4adf-a3cf-deb524ee5fdd,2011,10,Đồng Nai,Provincial,Cultivation,Lúa,,Area_Planted,300.0,ha,Actual,PL3
922b4efa-0721-4e20-a23c-26200829d76a,2011,10,Đồng Nai,Provincial,Cultivation,Lúa,,Area_Planted,15617.0,ha,Actual,PL3
6595e5a0-2c57-4818-9273-26846331fb4c,2011,10,Đồng Nai,Provincial,Cultivation,Lúa,,Area_Planted,966.0,ha,Actual,PL3
c0b53be7-720b-49e4-a8fa-138c6dc040f0,2011,10,Bà Rịa-V.Tàu,Provincial,Cultivation,Lúa,,Area_Planted,10965.0,ha,Actual,PL3
744bcfe3-ab62-4cb3-8586-49afaac1f35d,2011,10,Bà Rịa-V.Tàu,Provincial,Cultivation,Lúa,,Area_Planted,25493.0,ha,Actual,PL3
cbfa119f-048d-45ea-8e3b-bf83960c35a8,2011,10,Bà Rịa-V.Tàu,Provincial,Cultivation,Lúa,,Area_Planted,16245.0,ha,Actual,PL3
23f13add-b888-4589-b714-d85c8adc1473,2011,10,Bà Rịa-V.Tàu,Provincial,Cultivation,Lúa,,Area_Planted,134.0,ha,Actual,PL3
be02cac6-9eaa-497b-8ee4-00a64ee41750,2011,10,Bà Rịa-V.Tàu,Provincial,Cultivation,Lúa,,Area_Planted,9043.0,ha,Actual,PL3
7bac86c1-448c-4e67-b4d4-87cb20229315,2011,10,Bà Rịa-V.Tàu,Provincial,Cultivation,Lúa,,Area_Planted,71.0,ha,Actual,PL3
ea82e5b3-1ff1-4f8d-a487-06db515ab3bb,2011,10,TP Hồ Chí Minh,Provincial,Cultivation,Lúa,,Area_Planted,6500.0,ha,Actual,PL3
13b6cf65-592f-431e-9637-5f7787299e3a,2011,10,ĐBS Cửu Long,Provincial,Cultivation,Lúa,,Area_Planted,294969.0,ha,Actual,PL3
87b11c8f-3dbb-4959-9736-54639a818b05,2011,10,ĐBS Cửu Long,Provincial,Cultivation,Lúa,,Area_Planted,94727.0,ha,Actual,PL3
ee91addc-da3d-4367-b317-17082d1c3ec7,2011,10,ĐBS Cửu Long,Provincial,Cultivation,Lúa,,Area_Planted,70730.0,ha,Actual,PL3
6c23b910-4e69-458d-956d-b35aeffd7c8f,2011,10,ĐBS Cửu Long,Provincial,Cultivation,Lúa,,Area_Planted,38303.0,ha,Actual,PL3
4bb7323f-ffde-46f9-b149-2cc8547ffd9f,2011,10,ĐBS Cửu Long,Provincial,Cultivation,Lúa,,Area_Planted,14434.0,ha,Actual,PL3
86273257-79ff-49f6-8681-180133e3268b,2011,10,ĐBS Cửu Long,Provincial,Cultivation,Lúa,,Area_Planted,5262.0,ha,Actual,PL3
83e8ad66-4384-49bf-bba3-96604b61e482,2011,10,ĐBS Cửu Long,Provincial,Cultivation,Lúa,,Area_Planted,12732.0,ha,Actual,PL3
b7d9990c-9a16-4502-9e6e-16f61740eaa6,2011,10,Long An,Provincial,Cultivation,Lúa,,Area_Planted,9565.0,ha,Actual,PL3
dbdbf8d8-c2a0-4770-a121-4e1ee42adb93,2011,10,Long An,Provincial,Cultivation,Lúa,,Area_Planted,10230.0,ha,Actual,PL3
dd635cf9-974b-484d-954f-8a7f1d1be9f2,2011,10,Long An,Provincial,Cultivation,Lúa,,Area_Planted,4932.0,ha,Actual,PL3
ba066ce5-d068-4ca6-93cd-c0ba568ac60c,2011,10,Long An,Provincial,Cultivation,Lúa,,Area_Planted,151.0,ha,Actual,PL3
77ab58fb-7b3c-4655-99e0-edf2e7ee8b8e,2011,10,Long An,Provincial,Cultivation,Lúa,,Area_Planted,1468.0,ha,Actual,PL3
1efdde8c-b42f-4ce9-a8dd-d27e3ed54b22,2011,10,Long An,Provincial,Cultivation,Lúa,,Area_Planted,3679.0,ha,Actual,PL3
7e0e1b0d-2e46-4b60-b19c-4e7c389036f6,2011,10,Tiền Giang,Provincial,Cultivation,Lúa,,Area_Planted,6445.0,ha,Actual,PL3
0edcf2f2-17cd-450d-baec-db0862ec07df,2011,10,Tiền Giang,Provincial,Cultivation,Lúa,,Area_Planted,4745.0,ha,Actual,PL3
f4ad128d-e884-4889-ad9b-da2622b4163e,2011,10,Tiền Giang,Provincial,Cultivation,Lúa,,Area_Planted,282.0,ha,Actual,PL3
d1313029-9794-4c7c-bd4c-936322a791a4,2011,10,Tiền Giang,Provincial,Cultivation,Lúa,,Area_Planted,232.0,ha,Actual,PL3
f90ada98-0b50-4856-ae49-6bea411729c5,2011,10,Tiền Giang,Provincial,Cultivation,Lúa,,Area_Planted,1186.0,ha,Actual,PL3
83846a45-5287-400c-8e82-a7a8eee25eb8,2011,10,Bến Tre,Provincial,Cultivation,Lúa,,Area_Planted,8641.0,ha,Actual,PL3
2b88e82c-0629-4a21-8292-1673c093a4fa,2011,10,Bến Tre,Provincial,Cultivation,Lúa,,Area_Planted,1478.0,ha,Actual,PL3
e98297d3-87eb-4396-9b42-4bbe1aee4982,2011,10,Bến Tre,Provincial,Cultivation,Lúa,,Area_Planted,1042.0,ha,Actual,PL3
ae685f8b-dbd4-4a6d-a2bc-03ee660c5863,2011,10,Bến Tre,Provincial,Cultivation,Lúa,,Area_Planted,204.0,ha,Actual,PL3
93eac6dc-2980-441e-9998-5a61705974f7,2011,10,Bến Tre,Provincial,Cultivation,Lúa,,Area_Planted,222.0,ha,Actual,PL3
81c93cfd-8c84-453f-ba28-6ae689c64ae3,2011,10,Bến Tre,Provincial,Cultivation,Lúa,,Area_Planted,10.0,ha,Actual,PL3
fa8bd1fa-e9bf-4b9d-9c1d-fa00c8393467,2011,10,Trà Vinh,Provincial,Cultivation,Lúa,,Area_Planted,88028.0,ha,Actual,PL3
01f37ecb-ddc0-4968-8169-71fbdae98fac,2011,10,Trà Vinh,Provincial,Cultivation,Lúa,,Area_Planted,8756.0,ha,Actual,PL3
a7da1ad8-b08f-4a66-9045-8aae52dc2663,2011,10,Trà Vinh,Provincial,Cultivation,Lúa,,Area_Planted,5416.0,ha,Actual,PL3
d14cf42e-5b28-4195-94a1-c94ec2eb64df,2011,10,Trà Vinh,Provincial,Cultivation,Lúa,,Area_Planted,1589.0,ha,Actual,PL3
438d33dc-64f6-41ec-8981-a87003fbc440,2011,10,Trà Vinh,Provincial,Cultivation,Lúa,,Area_Planted,1089.0,ha,Actual,PL3
424e8085-bda3-47c2-ae3f-d6689bbd065f,2011,10,Trà Vinh,Provincial,Cultivation,Lúa,,Area_Planted,662.0,ha,Actual,PL3
db6b1bf9-64f9-41d8-84df-dbaffd5faa78,2011,10,Vĩnh Long,Provincial,Cultivation,Lúa,,Area_Planted,8255.0,ha,Actual,PL3
705c2cde-0f46-4c1d-b991-bdc08cd26f63,2011,10,Vĩnh Long,Provincial,Cultivation,Lúa,,Area_Planted,8452.0,ha,Actual,PL3
9d58ab3e-32d0-4dbe-ab50-16000fcd0c18,2011,10,Vĩnh Long,Provincial,Cultivation,Lúa,,Area_Planted,1376.0,ha,Actual,PL3
ca46bdec-7d88-41d8-a231-329463d89009,2011,10,Vĩnh Long,Provincial,Cultivation,Lúa,,Area_Planted,6631.0,ha,Actual,PL3
2677ca9b-dd27-4f44-ad05-b99736e145ec,2011,10,Vĩnh Long,Provincial,Cultivation,Lúa,,Area_Planted,161.0,ha,Actual,PL3
2498ac63-7499-4b53-9609-8960bda4fa7f,2011,10,Vĩnh Long,Provincial,Cultivation,Lúa,,Area_Planted,284.0,ha,Actual,PL3
b0fc72d7-e598-4268-bc88-a2968c38c134,2011,10,Đồng Tháp,Provincial,Cultivation,Lúa,,Area_Planted,3856.0,ha,Actual,PL3
650e3240-5c98-4f97-9517-f10636a8c2f8,2011,10,Đồng Tháp,Provincial,Cultivation,Lúa,,Area_Planted,8621.0,ha,Actual,PL3
a624ebab-fb79-4cf5-95ff-96aa710ddbda,2011,10,Đồng Tháp,Provincial,Cultivation,Lúa,,Area_Planted,4740.0,ha,Actual,PL3
8ee58a35-0b1b-4b83-a0f3-62a0b4c6e382,2011,10,Đồng Tháp,Provincial,Cultivation,Lúa,,Area_Planted,1561.0,ha,Actual,PL3
32ee6204-b3c1-4977-9e21-8f7c414d8368,2011,10,Đồng Tháp,Provincial,Cultivation,Lúa,,Area_Planted,2320.0,ha,Actual,PL3
76263bed-5fda-4ec8-89f1-6b16a89225d9,2011,10,An Giang,Provincial,Cultivation,Lúa,,Area_Planted,12990.0,ha,Actual,PL3
6b51e164-ff40-45ce-8479-3c01bf988177,2011,10,An Giang,Provincial,Cultivation,Lúa,,Area_Planted,10283.0,ha,Actual,PL3
e4c36776-7386-4788-bfb0-c8cd93b7240a,2011,10,An Giang,Provincial,Cultivation,Lúa,,Area_Planted,308.0,ha,Actual,PL3
b3eeb3ed-1ca8-475b-89de-05998546a7ef,2011,10,An Giang,Provincial,Cultivation,Lúa,,Area_Planted,963.0,ha,Actual,PL3
bef5ec35-ddb7-4c51-a20a-e640c632700d,2011,10,An Giang,Provincial,Cultivation,Lúa,,Area_Planted,1437.0,ha,Actual,PL3
aa6f5562-87f4-485a-8ad9-17d5546ca57e,2011,10,Kiên Giang,Provincial,Cultivation,Lúa,,Area_Planted,61755.0,ha,Actual,PL3
0e74c515-2869-467a-8a1a-8d38e02980e1,2011,10,Kiên Giang,Provincial,Cultivation,Lúa,,Area_Planted,873.0,ha,Actual,PL3
7f330133-cad4-4de7-a0b6-ed72c8932d8a,2011,10,Kiên Giang,Provincial,Cultivation,Lúa,,Area_Planted,873.0,ha,Actual,PL3
f2db8b40-7cc2-4149-a540-1921ec9d3508,2011,10,Cần Thơ,Provincial,Cultivation,Lúa,,Area_Planted,1257.0,ha,Actual,PL3
a9f98c5d-d424-4715-aa1a-6c6304deda62,2011,10,Cần Thơ,Provincial,Cultivation,Lúa,,Area_Planted,896.0,ha,Actual,PL3
d52adefb-7b11-4710-9c29-bc0015461292,2011,10,Cần Thơ,Provincial,Cultivation,Lúa,,Area_Planted,291.0,ha,Actual,PL3
5f791389-feb0-4fc7-9fad-a965045a4993,2011,10,Cần Thơ,Provincial,Cultivation,Lúa,,Area_Planted,1.0,ha,Actual,PL3
0162c34e-2a19-4808-80a3-7352dd4462df,2011,10,Cần Thơ,Provincial,Cultivation,Lúa,,Area_Planted,69.0,ha,Actual,PL3
29f10f62-ebc7-4ba0-8930-4af21bfb6165,2011,10,Hậu Giang,Provincial,Cultivation,Lúa,,Area_Planted,340.0,ha,Actual,PL3
433228eb-bf49-4b4e-af8c-61881efa118d,2011,10,Hậu Giang,Provincial,Cultivation,Lúa,,Area_Planted,2253.0,ha,Actual,PL3
44e24227-481a-45e7-a2c2-09cc534b392e,2011,10,Hậu Giang,Provincial,Cultivation,Lúa,,Area_Planted,1114.0,ha,Actual,PL3
86985f9e-0807-4075-828d-45a39be4eb32,2011,10,Hậu Giang,Provincial,Cultivation,Lúa,,Area_Planted,221.0,ha,Actual,PL3
6a7e4fc3-2f9d-40d5-beb1-1e8b8459c348,2011,10,Hậu Giang,Provincial,Cultivation,Lúa,,Area_Planted,918.0,ha,Actual,PL3
43af2cea-9747-4b79-ab4c-2f241ba12901,2011,10,Sóc Trăng,Provincial,Cultivation,Lúa,,Area_Planted,14276.0,ha,Actual,PL3
39b590cb-03b7-41a9-b538-aa94f426d172,2011,10,Sóc Trăng,Provincial,Cultivation,Lúa,,Area_Planted,71720.0,ha,Actual,PL3
9ddc4d72-313a-4932-a92f-576d99ee323f,2011,10,Sóc Trăng,Provincial,Cultivation,Lúa,,Area_Planted,7964.0,ha,Actual,PL3
8fd3800c-7090-4acf-a2b2-99b1ba3c637c,2011,10,Sóc Trăng,Provincial,Cultivation,Lúa,,Area_Planted,3654.0,ha,Actual,PL3
8b9a2532-da47-412a-9329-26bff4e53843,2011,10,Sóc Trăng,Provincial,Cultivation,Lúa,,Area_Planted,2675.0,ha,Actual,PL3
ff5bde1a-e07f-437c-af54-0fc4b3983226,2011,10,Sóc Trăng,Provincial,Cultivation,Lúa,,Area_Planted,772.0,ha,Actual,PL3
7be4963b-e10d-4ec9-b967-65f380d19651,2011,10,Sóc Trăng,Provincial,Cultivation,Lúa,,Area_Planted,863.0,ha,Actual,PL3
dbed9815-cbdf-4526-bde4-baa1a7d5fa0d,2011,10,Bạc Liêu,Provincial,Cultivation,Lúa,,Area_Planted,1412.0,ha,Actual,PL3
8e91afc8-1603-4772-b63b-125fee6cee95,2011,10,Bạc Liêu,Provincial,Cultivation,Lúa,,Area_Planted,105.0,ha,Actual,PL3
71b90de1-a4bd-46f9-86f3-ca22c8b255de,2011,10,Bạc Liêu,Provincial,Cultivation,Lúa,,Area_Planted,521.0,ha,Actual,PL3
94dff8c0-9115-4832-9f41-ef1f7b4beb41,2011,10,Bạc Liêu,Provincial,Cultivation,Lúa,,Area_Planted,354.0,ha,Actual,PL3
c1d8806d-a8c7-4c69-b624-b44b72c123ce,2011,10,Bạc Liêu,Provincial,Cultivation,Lúa,,Area_Planted,432.0,ha,Actual,PL3
6ef9d4db-dc1d-4dd5-9207-d2bdef9c2b0d,2011,10,Cà Mau,Provincial,Cultivation,Lúa,,Area_Planted,82252.0,ha,Actual,PL3
b417b4a2-f1ca-4855-ba5c-08ae968d28f5,2011,10,Miền Nam,Regional,Cultivation,Lúa,,Area_Planted,305174.0,ha,Actual,PL4
0cb0999b-2bf8-4d17-9769-f878536dae5a,2011,10,Miền Nam,Regional,Cultivation,Đậu,,Area_Planted,14292.0,ha,Actual,PL4
10c5043b-5b45-4874-bac2-7d691f886724,2011,10,Miền Nam,Regional,Cultivation,Lạc,,Area_Planted,79136.0,ha,Actual,PL4
f2205e9c-1a44-4534-91ab-3fb34d11adf5,2011,10,Miền Nam,Regional,Cultivation,Lúa,,Area_Planted,34351.0,ha,Actual,PL4
6418ca34-1d20-4be4-813f-1abc7850de9a,2011,10,Miền Nam,Regional,Cultivation,Thuốc lá,,Area_Planted,10974.0,ha,Actual,PL4
48263cd4-d0ee-447d-81d2-58d6450d997a,2011,10,Miền Nam,Regional,Cultivation,Mía,,Area_Planted,155871.0,ha,Actual,PL4
2a34a3bb-9a28-4977-8f78-d7b11cd283a0,2011,10,Miền Nam,Regional,Cultivation,Lúa,,Area_Planted,5192.0,ha,Actual,PL4
32f59fdc-84c6-43f5-8888-ca66b75cb12b,2011,10,Miền Nam,Regional,Cultivation,Lúa,,Area_Planted,5358.0,ha,Actual,PL4
1dbf800f-05d9-40ca-93ca-3253b5fe4fc7,2011,10,Miền Nam,Regional,Cultivation,Lúa,,Area_Planted,399745.0,ha,Actual,PL4
ed26383c-39d7-4d14-9b64-0984a2439f24,2011,10,D.H Nam Trg Bộ,Provincial,Cultivation,Lúa,,Area_Planted,101350.0,ha,Actual,PL4
982907a2-12bf-4555-a8e9-0ee1cbef4a1e,2011,10,D.H Nam Trg Bộ,Provincial,Cultivation,Đậu,,Area_Planted,966.0,ha,Actual,PL4
0b41770a-240f-40cc-963f-9dc09c059a1e,2011,10,D.H Nam Trg Bộ,Provincial,Cultivation,Lạc,,Area_Planted,32005.0,ha,Actual,PL4
b1d18658-8644-4a83-bf90-04de7475a25b,2011,10,D.H Nam Trg Bộ,Provincial,Cultivation,Lúa,,Area_Planted,13216.0,ha,Actual,PL4
1a926f76-9d10-4f06-a8d3-fde2f7a97b67,2011,10,D.H Nam Trg Bộ,Provincial,Cultivation,Thuốc lá,,Area_Planted,2239.0,ha,Actual,PL4
8fd9f3ba-f576-47c7-9078-15735f53bb1b,2011,10,D.H Nam Trg Bộ,Provincial,Cultivation,Mía,,Area_Planted,51211.0,ha,Actual,PL4
10a53ade-6680-4453-b50c-010126fd0cca,2011,10,D.H Nam Trg Bộ,Provincial,Cultivation,Lúa,,Area_Planted,1677.0,ha,Actual,PL4
a09ac1eb-07bb-4667-b06b-5c433a61d18b,2011,10,D.H Nam Trg Bộ,Provincial,Cultivation,Lúa,,Area_Planted,37.0,ha,Actual,PL4
2c8678a6-a53d-4e3a-ac21-cdcc800b8701,2011,10,D.H Nam Trg Bộ,Provincial,Cultivation,Lúa,,Area_Planted,59098.0,ha,Actual,PL4
70e743cd-fe07-4d02-8d9a-0238e61f2e0a,2011,10,D.H Nam Trg Bộ,Provincial,Cultivation,Lúa,,Area_Planted,59098.0,ha,Actual,PL4
716b4737-e2e2-48c9-835f-0125a4da57e6,2011,10,TP Đà Nẵng,Provincial,Cultivation,Lúa,,Area_Planted,1471.0,ha,Actual,PL4
356574c7-06a6-4819-ae48-930a619bd69f,2011,10,TP Đà Nẵng,Provincial,Cultivation,Lạc,,Area_Planted,784.0,ha,Actual,PL4
afe1c35a-01ae-4264-80a4-f712169363d1,2011,10,TP Đà Nẵng,Provincial,Cultivation,Lúa,,Area_Planted,255.0,ha,Actual,PL4
6ce8d181-9b3d-40e2-a348-8363abba76f6,2011,10,TP Đà Nẵng,Provincial,Cultivation,Thuốc lá,,Area_Planted,18.0,ha,Actual,PL4
12c089b9-cf92-4487-a596-f7e4dfeeb736,2011,10,TP Đà Nẵng,Provincial,Cultivation,Mía,,Area_Planted,414.0,ha,Actual,PL4
a574cf2a-5e52-444f-a6c5-c7a8d1f543bc,2011,10,TP Đà Nẵng,Provincial,Cultivation,Lúa,,Area_Planted,1371.0,ha,Actual,PL4
af00f666-73fc-43b3-aafc-fc5117694cd4,2011,10,Quảng Nam,Provincial,Cultivation,Lúa,,Area_Planted,13350.0,ha,Actual,PL4
27f62d4b-5920-4176-a45d-cf54e8ebf17e,2011,10,Quảng Nam,Provincial,Cultivation,Lạc,,Area_Planted,9918.0,ha,Actual,PL4
ac550b38-bc0e-4805-8ed1-414e987f96b0,2011,10,Quảng Nam,Provincial,Cultivation,Lúa,,Area_Planted,2450.0,ha,Actual,PL4
db1b93db-d2dc-47cf-bd83-14124d006c4b,2011,10,Quảng Nam,Provincial,Cultivation,Thuốc lá,,Area_Planted,450.0,ha,Actual,PL4
6f524228-4e30-4e59-85c4-f52735933adf,2011,10,Quảng Nam,Provincial,Cultivation,Mía,,Area_Planted,344.0,ha,Actual,PL4
2dd798c5-cb89-4e37-98b9-77f91fb9b580,2011,10,Quảng Nam,Provincial,Cultivation,Lúa,,Area_Planted,188.0,ha,Actual,PL4
5789d2e9-b426-43e1-ae0b-49bcad42ea17,2011,10,Quảng Nam,Provincial,Cultivation,Lúa,,Area_Planted,13565.0,ha,Actual,PL4
1eed4f10-0df8-4997-bac0-d8474dedf691,2011,10,Quảng Nam,Provincial,Cultivation,Lúa,,Area_Planted,6812.0,ha,Actual,PL4
451c84b6-84d2-48ad-8622-d38887d78c3a,2011,10,Quảng Ngãi,Provincial,Cultivation,Lúa,,Area_Planted,12011.0,ha,Actual,PL4
8c550030-0654-4612-82a9-156e356fc028,2011,10,Quảng Ngãi,Provincial,Cultivation,Đậu,,Area_Planted,65.0,ha,Actual,PL4
9e6cb877-0dff-4c67-9532-e82d46c8f3ec,2011,10,Quảng Ngãi,Provincial,Cultivation,Lạc,,Area_Planted,5695.0,ha,Actual,PL4
596e7196-b95b-475a-9857-323505c53bdd,2011,10,Quảng Ngãi,Provincial,Cultivation,Thuốc lá,,Area_Planted,56.0,ha,Actual,PL4
83815696-3209-48dc-bd39-bb3a2b8912a8,2011,10,Quảng Ngãi,Provincial,Cultivation,Mía,,Area_Planted,6194.0,ha,Actual,PL4
e8fa6173-41dc-49c8-a121-6f1a43f45ebf,2011,10,Quảng Ngãi,Provincial,Cultivation,Lúa,,Area_Planted,12542.0,ha,Actual,PL4
8028be30-7294-4884-85cf-fbdb2e2839c7,2011,10,Quảng Ngãi,Provincial,Cultivation,Lúa,,Area_Planted,3178.0,ha,Actual,PL4
e7d99b1c-135f-4f1c-bd39-4590d51f6dd4,2011,10,Bình Định,Provincial,Cultivation,Lúa,,Area_Planted,11047.0,ha,Actual,PL4
97ff2521-70f9-43ca-9a70-54bdcba49eda,2011,10,Bình Định,Provincial,Cultivation,Đậu,,Area_Planted,557.0,ha,Actual,PL4
c21e9455-e50a-4668-9feb-a7872a8bc380,2011,10,Bình Định,Provincial,Cultivation,Lạc,,Area_Planted,9034.0,ha,Actual,PL4
36d3e8c7-cd6a-4152-acd9-3144fa5e1c56,2011,10,Bình Định,Provincial,Cultivation,Lúa,,Area_Planted,1456.0,ha,Actual,PL4
05ffdb14-f16a-4a8c-bfc5-61879d96bfe9,2011,10,Bình Định,Provincial,Cultivation,Lúa,,Area_Planted,12756.0,ha,Actual,PL4
f3f66fa1-95e7-4d11-afba-acddb88cd9cd,2011,10,Bình Định,Provincial,Cultivation,Lúa,,Area_Planted,1994.0,ha,Actual,PL4
07464ee6-56ba-4e68-96e5-222e130c693f,2011,10,Phú Yên,Provincial,Cultivation,Lúa,,Area_Planted,25235.0,ha,Actual,PL4
bb738c39-e201-4ed9-ac00-ccf4602067f9,2011,10,Phú Yên,Provincial,Cultivation,Đậu,,Area_Planted,312.0,ha,Actual,PL4
ae882346-f538-4a62-b91d-a3eb2aad64a3,2011,10,Phú Yên,Provincial,Cultivation,Lạc,,Area_Planted,1046.0,ha,Actual,PL4
965acfc8-8fec-4261-b043-89af0bfbd78e,2011,10,Phú Yên,Provincial,Cultivation,Lúa,,Area_Planted,2813.0,ha,Actual,PL4
840cebfa-1eb4-4125-968e-8c195fe2d54a,2011,10,Phú Yên,Provincial,Cultivation,Thuốc lá,,Area_Planted,504.0,ha,Actual,PL4
ca6c1920-bc0b-466b-81e4-4ae75da744b5,2011,10,Phú Yên,Provincial,Cultivation,Mía,,Area_Planted,20251.0,ha,Actual,PL4
71241f05-22bc-4be0-9c34-abe63ec0f39a,2011,10,Phú Yên,Provincial,Cultivation,Lúa,,Area_Planted,272.0,ha,Actual,PL4
82c5240c-2246-4f62-b62f-853f29f77670,2011,10,Phú Yên,Provincial,Cultivation,Lúa,,Area_Planted,37.0,ha,Actual,PL4
0d292395-1f5a-479b-9011-751eadea6e42,2011,10,Phú Yên,Provincial,Cultivation,Lúa,,Area_Planted,3938.0,ha,Actual,PL4
554ed3b9-e581-4cd4-bf73-73938cc7b26f,2011,10,Phú Yên,Provincial,Cultivation,Lúa,,Area_Planted,4742.0,ha,Actual,PL4
71af9198-b960-459f-ade0-f6c6bece0923,2011,10,Khánh Hoà,Provincial,Cultivation,Lúa,,Area_Planted,18209.0,ha,Actual,PL4
5cfc2061-bc14-42e3-b2df-aef743c44d35,2011,10,Khánh Hoà,Provincial,Cultivation,Đậu,,Area_Planted,28.0,ha,Actual,PL4
eba99bf0-d1f0-4a6b-8a6d-f18477c565fd,2011,10,Khánh Hoà,Provincial,Cultivation,Lạc,,Area_Planted,264.0,ha,Actual,PL4
18959c29-51fd-4819-be44-4e3255049555,2011,10,Khánh Hoà,Provincial,Cultivation,Thuốc lá,,Area_Planted,375.0,ha,Actual,PL4
e90333fc-26cd-4b06-8f33-b07a7f526007,2011,10,Khánh Hoà,Provincial,Cultivation,Mía,,Area_Planted,17542.0,ha,Actual,PL4
ac325aea-1129-4bc3-a589-07cdead87ade,2011,10,Khánh Hoà,Provincial,Cultivation,Lúa,,Area_Planted,4432.0,ha,Actual,PL4
6e160f67-b346-458f-abb6-1a0bceb8e09e,2011,10,Khánh Hoà,Provincial,Cultivation,Lúa,,Area_Planted,1391.0,ha,Actual,PL4
18267a40-924b-4def-abb7-2c8de13d9b90,2011,10,Ninh Thuận,Provincial,Cultivation,Lúa,,Area_Planted,3732.0,ha,Actual,PL4
5773b133-33e9-439d-ba65-85e02da4837d,2011,10,Ninh Thuận,Provincial,Cultivation,Đậu,,Area_Planted,3.0,ha,Actual,PL4
124bf6f0-dad9-4f61-a1e1-a89298a1f95f,2011,10,Ninh Thuận,Provincial,Cultivation,Lạc,,Area_Planted,271.0,ha,Actual,PL4
e4165d0d-47a0-4161-931b-4bb804efa4ac,2011,10,Ninh Thuận,Provincial,Cultivation,Lúa,,Area_Planted,21.0,ha,Actual,PL4
5e6232c3-d5ad-4de3-a951-35bf0d4f0824,2011,10,Ninh Thuận,Provincial,Cultivation,Thuốc lá,,Area_Planted,782.0,ha,Actual,PL4
b8adbadb-3fb9-478b-96b1-75e0c53767d4,2011,10,Ninh Thuận,Provincial,Cultivation,Mía,,Area_Planted,2572.0,ha,Actual,PL4
f56bf2c1-bde5-437d-bc83-eb2a57277cc0,2011,10,Ninh Thuận,Provincial,Cultivation,Lúa,,Area_Planted,83.0,ha,Actual,PL4
0f2ee59d-d4c8-4c86-b10f-2949828c1f60,2011,10,Ninh Thuận,Provincial,Cultivation,Lúa,,Area_Planted,5069.0,ha,Actual,PL4
35392568-7735-4b16-bd7f-d06901983190,2011,10,Ninh Thuận,Provincial,Cultivation,Lúa,,Area_Planted,4500.0,ha,Actual,PL4
c6b34fe7-107b-44ac-9e96-69571b552731,2011,10,Bình Thuận,Provincial,Cultivation,Lúa,,Area_Planted,16295.0,ha,Actual,PL4
f9c3d3ff-b6b6-40d2-8972-98e647ad92af,2011,10,Bình Thuận,Provincial,Cultivation,Lạc,,Area_Planted,4992.0,ha,Actual,PL4
6b3dce74-df09-477b-8016-ccc3cd28a937,2011,10,Bình Thuận,Provincial,Cultivation,Lúa,,Area_Planted,6221.0,ha,Actual,PL4
35eb0d2d-8b53-4b6c-b454-4393ef9d4ab5,2011,10,Bình Thuận,Provincial,Cultivation,Thuốc lá,,Area_Planted,54.0,ha,Actual,PL4
3deaee65-1e36-428a-8419-d8059ff4e6e1,2011,10,Bình Thuận,Provincial,Cultivation,Mía,,Area_Planted,3894.0,ha,Actual,PL4
63830de9-f673-4bf6-a58b-5ea8c35537fb,2011,10,Bình Thuận,Provincial,Cultivation,Lúa,,Area_Planted,1134.0,ha,Actual,PL4
0c56b087-1423-42fb-84e1-2ed421a9b20c,2011,10,Bình Thuận,Provincial,Cultivation,Lúa,,Area_Planted,5425.0,ha,Actual,PL4
2e258755-6ac6-4d84-9fa2-df9ecd1d6aa4,2011,10,Bình Thuận,Provincial,Cultivation,Lúa,,Area_Planted,5258.0,ha,Actual,PL4
62e7dd03-a43b-473c-bbd5-1fce949c0048,2011,10,Tây Nguyên,Provincial,Cultivation,Lúa,,Area_Planted,62774.0,ha,Actual,PL4
d7128e36-2a08-48c8-9129-715cf8fbcae3,2011,10,Tây Nguyên,Provincial,Cultivation,Đậu,,Area_Planted,8227.0,ha,Actual,PL4
5a0c8c74-1258-4abd-9ab7-706489bb059c,2011,10,Tây Nguyên,Provincial,Cultivation,Lạc,,Area_Planted,17849.0,ha,Actual,PL4
eaf323a8-80c8-463a-b13b-54d378b93fac,2011,10,Tây Nguyên,Provincial,Cultivation,Lúa,,Area_Planted,3449.0,ha,Actual,PL4
e0f8a96a-06b0-4e62-a55b-de59b844d06b,2011,10,Tây Nguyên,Provincial,Cultivation,Thuốc lá,,Area_Planted,3564.0,ha,Actual,PL4
d071df98-15d1-4c54-8f94-1595f098fdcf,2011,10,Tây Nguyên,Provincial,Cultivation,Mía,,Area_Planted,26263.0,ha,Actual,PL4
088dfde4-1f06-4bd8-b165-1b8cc078bce4,2011,10,Tây Nguyên,Provincial,Cultivation,Lúa,,Area_Planted,3422.0,ha,Actual,PL4
73acb98f-4639-4540-b5d0-1aafd6c71216,2011,10,Tây Nguyên,Provincial,Cultivation,Lúa,,Area_Planted,60552.0,ha,Actual,PL4
9a47be33-815e-4cb9-91ba-333e64014494,2011,10,Tây Nguyên,Provincial,Cultivation,Lúa,,Area_Planted,65592.0,ha,Actual,PL4
ca649135-6a8f-4217-bd14-76b8bb7f8600,2011,10,Kon Tum,Provincial,Cultivation,Lúa,,Area_Planted,1918.0,ha,Actual,PL4
4536d5c7-aaac-419f-947f-f96d57dfed9c,2011,10,Kon Tum,Provincial,Cultivation,Đậu,,Area_Planted,39.0,ha,Actual,PL4
b8ba0691-5d9d-4113-9866-b6cd977e751d,2011,10,Kon Tum,Provincial,Cultivation,Lạc,,Area_Planted,109.0,ha,Actual,PL4
7f250277-c998-4da8-bbf8-ef52b83f75a3,2011,10,Kon Tum,Provincial,Cultivation,Mía,,Area_Planted,1770.0,ha,Actual,PL4
05c48ff1-2891-4e34-8c85-58f61611be5d,2011,10,Kon Tum,Provincial,Cultivation,Lúa,,Area_Planted,1838.0,ha,Actual,PL4
3b4dcf01-b294-4868-9fce-45647e04ce47,2011,10,Kon Tum,Provincial,Cultivation,Lúa,,Area_Planted,678.0,ha,Actual,PL4
49dbe74b-b79a-4163-abb3-d38d4d00beac,2011,10,Gia Lai,Provincial,Cultivation,Lúa,,Area_Planted,19098.0,ha,Actual,PL4
7a4d6d72-6e53-4088-9941-3d33a39cbfd1,2011,10,Gia Lai,Provincial,Cultivation,Lạc,,Area_Planted,1464.0,ha,Actual,PL4
2971c7af-8655-4452-ae4a-adfc7a2dcb13,2011,10,Gia Lai,Provincial,Cultivation,Lúa,,Area_Planted,2858.0,ha,Actual,PL4
9b841724-afd1-4c64-8195-6eb78d3efecb,2011,10,Gia Lai,Provincial,Cultivation,Thuốc lá,,Area_Planted,3031.0,ha,Actual,PL4
3a9cc568-67e9-43e0-82e2-e10be641f06f,2011,10,Gia Lai,Provincial,Cultivation,Mía,,Area_Planted,9956.0,ha,Actual,PL4
f2fa6de8-0ac5-4b1b-ae89-7d71e180222f,2011,10,Gia Lai,Provincial,Cultivation,Lúa,,Area_Planted,1789.0,ha,Actual,PL4
a7ac8b9d-0887-4f3d-9f3a-8f978c653c20,2011,10,Gia Lai,Provincial,Cultivation,Lúa,,Area_Planted,12898.0,ha,Actual,PL4
89cda46a-525b-4dde-be68-a6601caccfd7,2011,10,Gia Lai,Provincial,Cultivation,Lúa,,Area_Planted,13316.0,ha,Actual,PL4
eda46efd-ea80-4bd1-b03c-fce7e66d96f1,2011,10,Đắc Lắc,Provincial,Cultivation,Lúa,,Area_Planted,31260.0,ha,Actual,PL4
c4dbf9fb-3ded-485f-829f-5ee31a98a1c8,2011,10,Đắc Lắc,Provincial,Cultivation,Đậu,,Area_Planted,8099.0,ha,Actual,PL4
9a3803ed-0179-494c-99b3-da28fac8fb41,2011,10,Đắc Lắc,Provincial,Cultivation,Lạc,,Area_Planted,6864.0,ha,Actual,PL4
51017fa4-84d6-47b5-94ae-2ea28ee3fa41,2011,10,Đắc Lắc,Provincial,Cultivation,Lúa,,Area_Planted,591.0,ha,Actual,PL4
cd7c9488-5dd4-422e-9bf4-ce91bb6e098d,2011,10,Đắc Lắc,Provincial,Cultivation,Thuốc lá,,Area_Planted,533.0,ha,Actual,PL4
6f4d0a44-c108-489f-8d31-bd517a7879f6,2011,10,Đắc Lắc,Provincial,Cultivation,Mía,,Area_Planted,13540.0,ha,Actual,PL4
0737e1cb-6565-4d24-a058-3795ab999c96,2011,10,Đắc Lắc,Provincial,Cultivation,Lúa,,Area_Planted,1633.0,ha,Actual,PL4
f057cef8-bf13-4052-92ea-5154867d5c81,2011,10,Đắc Lắc,Provincial,Cultivation,Lúa,,Area_Planted,8118.0,ha,Actual,PL4
90f30eff-f2c5-4cee-bdd7-87c723f22f79,2011,10,Đắc Lắc,Provincial,Cultivation,Lúa,,Area_Planted,24855.0,ha,Actual,PL4
46ee2b0f-625a-41c3-8215-3dcadfa7f8f9,2011,10,Đắc Nông,Provincial,Cultivation,Lúa,,Area_Planted,9299.0,ha,Actual,PL4
d6dd99b6-ae05-4fb4-86a4-67eb6898e445,2011,10,Đắc Nông,Provincial,Cultivation,Lạc,,Area_Planted,9299.0,ha,Actual,PL4
dc9c947f-0f4e-49df-9eb7-4ac6def38065,2011,10,Đắc Nông,Provincial,Cultivation,Lúa,,Area_Planted,905.0,ha,Actual,PL4
8b6bb59f-c312-4441-8eba-5c8705681216,2011,10,Đắc Nông,Provincial,Cultivation,Lúa,,Area_Planted,25211.0,ha,Actual,PL4
736fd57a-706e-4523-aa18-afca24964c44,2011,10,Lâm Đồng,Provincial,Cultivation,Lúa,,Area_Planted,1199.0,ha,Actual,PL4
3abe926b-a37a-4ca6-af23-a9d5a18ba478,2011,10,Lâm Đồng,Provincial,Cultivation,Đậu,,Area_Planted,89.0,ha,Actual,PL4
ebd1999f-8073-4bdb-8ad5-ca3bd829ddeb,2011,10,Lâm Đồng,Provincial,Cultivation,Lạc,,Area_Planted,113.0,ha,Actual,PL4
e1cca636-b8b5-4936-8e51-8cbfc22a2da0,2011,10,Lâm Đồng,Provincial,Cultivation,Mía,,Area_Planted,997.0,ha,Actual,PL4
46bf2c00-0c29-4e59-a655-5009803d06de,2011,10,Lâm Đồng,Provincial,Cultivation,Lúa,,Area_Planted,36793.0,ha,Actual,PL4
0b4bae8b-7022-4663-a276-472462d775ed,2011,10,Lâm Đồng,Provincial,Cultivation,Lúa,,Area_Planted,1532.0,ha,Actual,PL4
121b9ec0-c026-47b4-af6d-e78348aa9fc3,2011,10,Đông Nam Bộ,Provincial,Cultivation,Lúa,,Area_Planted,43238.0,ha,Actual,PL4
024404ed-43c4-4fd8-8803-9ee53fa0a2bb,2011,10,Đông Nam Bộ,Provincial,Cultivation,Đậu,,Area_Planted,831.0,ha,Actual,PL4
84ebd749-3d78-46f1-958c-c2699cc227a5,2011,10,Đông Nam Bộ,Provincial,Cultivation,Lạc,,Area_Planted,17399.0,ha,Actual,PL4
802c258a-deab-43cd-bfff-856085ec3bce,2011,10,Đông Nam Bộ,Provincial,Cultivation,Lúa,,Area_Planted,1484.0,ha,Actual,PL4
0df89f76-fa83-4f70-8f9d-64f8f25e8364,2011,10,Đông Nam Bộ,Provincial,Cultivation,Thuốc lá,,Area_Planted,5031.0,ha,Actual,PL4
9c3dd7a6-e07e-41c0-af20-21a49f60e5d3,2011,10,Đông Nam Bộ,Provincial,Cultivation,Mía,,Area_Planted,18390.0,ha,Actual,PL4
b3a5a551-9752-4e1d-9756-2f92e4210961,2011,10,Đông Nam Bộ,Provincial,Cultivation,Lúa,,Area_Planted,93.0,ha,Actual,PL4
0d2c6b28-2528-49bc-8d3d-68c7e63911bb,2011,10,Đông Nam Bộ,Provincial,Cultivation,Lúa,,Area_Planted,10.0,ha,Actual,PL4
c4536cd7-c5dc-47be-934e-ccdf436c475a,2011,10,Đông Nam Bộ,Provincial,Cultivation,Lúa,,Area_Planted,61704.0,ha,Actual,PL4
8e2e75e2-bb52-4d96-aa5b-f50837a9aa39,2011,10,Đông Nam Bộ,Provincial,Cultivation,Lúa,,Area_Planted,20094.0,ha,Actual,PL4
96f18ee1-56b8-49ee-abc0-8f2dd0d5ddba,2011,10,Bình Phước,Provincial,Cultivation,Lúa,,Area_Planted,1247.0,ha,Actual,PL4
35d8cd36-e218-4257-a7c0-dff5f2318443,2011,10,Bình Phước,Provincial,Cultivation,Đậu,,Area_Planted,113.0,ha,Actual,PL4
7e64802f-dbaf-46a0-919b-3ce937ad64f5,2011,10,Bình Phước,Provincial,Cultivation,Lạc,,Area_Planted,583.0,ha,Actual,PL4
c4d1d1d9-12bc-41a4-9b14-1f597fdb219e,2011,10,Bình Phước,Provincial,Cultivation,Lúa,,Area_Planted,41.0,ha,Actual,PL4
4258523f-b2f6-4410-9c31-8ab839f7bfda,2011,10,Bình Phước,Provincial,Cultivation,Thuốc lá,,Area_Planted,2.0,ha,Actual,PL4
b4c8779d-d4e3-48cc-bb03-f2c3aa872ac5,2011,10,Bình Phước,Provincial,Cultivation,Mía,,Area_Planted,482.0,ha,Actual,PL4
2a138805-1a22-489d-a753-1d2bcc4c1fae,2011,10,Bình Phước,Provincial,Cultivation,Lúa,,Area_Planted,26.0,ha,Actual,PL4
2d9c173d-739f-4499-8f18-287563671e69,2011,10,Bình Phước,Provincial,Cultivation,Lúa,,Area_Planted,2929.0,ha,Actual,PL4
bf97c4e1-755d-45d0-b4e8-45bfa8fb8c0d,2011,10,Bình Phước,Provincial,Cultivation,Lúa,,Area_Planted,1660.0,ha,Actual,PL4
90ef0981-ad38-44b4-91aa-a8a893f7b2cb,2011,10,Tây Ninh,Provincial,Cultivation,Lúa,,Area_Planted,22743.0,ha,Actual,PL4
008f1a27-95f5-437c-88d3-e5cdee4f371f,2011,10,Tây Ninh,Provincial,Cultivation,Lạc,,Area_Planted,13956.0,ha,Actual,PL4
7dca18e1-d4d7-4716-936b-dfce440cd405,2011,10,Tây Ninh,Provincial,Cultivation,Lúa,,Area_Planted,846.0,ha,Actual,PL4
8639477e-f734-4073-9138-871d254cb0d2,2011,10,Tây Ninh,Provincial,Cultivation,Thuốc lá,,Area_Planted,3340.0,ha,Actual,PL4
dd7e42de-6869-4dd5-b501-86cd94d1531c,2011,10,Tây Ninh,Provincial,Cultivation,Mía,,Area_Planted,4591.0,ha,Actual,PL4
424d6cc4-c2cb-4a61-abd1-88280146c99c,2011,10,Tây Ninh,Provincial,Cultivation,Lúa,,Area_Planted,10.0,ha,Actual,PL4
e4979f9c-0391-4f4a-9838-7cb6ffac2bc9,2011,10,Tây Ninh,Provincial,Cultivation,Lúa,,Area_Planted,19660.0,ha,Actual,PL4
b8a3507b-af52-4b91-a44f-ceddbab3971b,2011,10,Tây Ninh,Provincial,Cultivation,Lúa,,Area_Planted,8339.0,ha,Actual,PL4
84407e5d-5ffc-446c-b7ef-346a0d1be5a5,2011,10,Bình Dương,Provincial,Cultivation,Lúa,,Area_Planted,907.0,ha,Actual,PL4
dd54d954-59d3-4898-90ba-9871a18ea7cb,2011,10,Bình Dương,Provincial,Cultivation,Lạc,,Area_Planted,555.0,ha,Actual,PL4
727d1c18-2763-4b3b-a9e7-3fdb14f21384,2011,10,Bình Dương,Provincial,Cultivation,Lúa,,Area_Planted,190.0,ha,Actual,PL4
5f200017-3f60-4a54-bd9f-6437e2451069,2011,10,Bình Dương,Provincial,Cultivation,Mía,,Area_Planted,162.0,ha,Actual,PL4
f3cd836b-cb0e-4125-9c34-57771d2194e6,2011,10,Bình Dương,Provincial,Cultivation,Lúa,,Area_Planted,5528.0,ha,Actual,PL4
2eb9eae1-a4f9-4f32-ba74-d8cedd7870bf,2011,10,Bình Dương,Provincial,Cultivation,Lúa,,Area_Planted,736.0,ha,Actual,PL4
ae267ece-4632-4257-88ca-8757278bd0bb,2011,10,Đồng Nai,Provincial,Cultivation,Lúa,,Area_Planted,14229.0,ha,Actual,PL4
658f2586-201b-472a-835c-c14142462a97,2011,10,Đồng Nai,Provincial,Cultivation,Đậu,,Area_Planted,718.0,ha,Actual,PL4
eda82229-1fac-48b8-a57d-15de43931fcb,2011,10,Đồng Nai,Provincial,Cultivation,Lạc,,Area_Planted,1271.0,ha,Actual,PL4
0d082aec-6f2e-4b13-8fbc-989b41808f97,2011,10,Đồng Nai,Provincial,Cultivation,Lúa,,Area_Planted,193.0,ha,Actual,PL4
8b15f255-a4c1-4ba4-bf10-b0bd6f58b41f,2011,10,Đồng Nai,Provincial,Cultivation,Thuốc lá,,Area_Planted,1571.0,ha,Actual,PL4
423e0b1e-c803-446b-8f51-c9ec010e653e,2011,10,Đồng Nai,Provincial,Cultivation,Mía,,Area_Planted,10462.0,ha,Actual,PL4
b8631e74-983d-49ac-9081-bfd8d7dd10c1,2011,10,Đồng Nai,Provincial,Cultivation,Lúa,,Area_Planted,14.0,ha,Actual,PL4
ce808836-eb1f-41ae-a3b5-17700bc00d3f,2011,10,Đồng Nai,Provincial,Cultivation,Lúa,,Area_Planted,13467.0,ha,Actual,PL4
8c178b91-f50e-4aa5-a932-8bf6b1c5d2e5,2011,10,Đồng Nai,Provincial,Cultivation,Lúa,,Area_Planted,7345.0,ha,Actual,PL4
3497a833-6446-4b0e-84cc-1cb40af7b28c,2011,10,Bà Rịa-V.Tàu,Provincial,Cultivation,Lúa,,Area_Planted,1812.0,ha,Actual,PL4
f691d374-b72f-4c5d-80b9-141bcab28782,2011,10,Bà Rịa-V.Tàu,Provincial,Cultivation,Lạc,,Area_Planted,1034.0,ha,Actual,PL4
3e091366-64e4-435a-b879-02d86396c4d1,2011,10,Bà Rịa-V.Tàu,Provincial,Cultivation,Lúa,,Area_Planted,214.0,ha,Actual,PL4
469c5c93-0aec-4197-9d1a-9d8df625f30d,2011,10,Bà Rịa-V.Tàu,Provincial,Cultivation,Thuốc lá,,Area_Planted,118.0,ha,Actual,PL4
90740fd3-3b22-4d7a-a3d4-a2ad78488251,2011,10,Bà Rịa-V.Tàu,Provincial,Cultivation,Mía,,Area_Planted,393.0,ha,Actual,PL4
32c3e374-7a5c-49da-b7ad-99fc6906c35b,2011,10,Bà Rịa-V.Tàu,Provincial,Cultivation,Lúa,,Area_Planted,53.0,ha,Actual,PL4
2ffe07d8-b362-4a0d-96fe-620e1287bc8a,2011,10,Bà Rịa-V.Tàu,Provincial,Cultivation,Lúa,,Area_Planted,7383.0,ha,Actual,PL4
04307a67-27ee-4e22-afb3-8411196ea22a,2011,10,Bà Rịa-V.Tàu,Provincial,Cultivation,Lúa,,Area_Planted,2014.0,ha,Actual,PL4
d9a037de-96a2-4f56-b58c-18fad071902b,2011,10,TP Hồ Chí Minh,Provincial,Cultivation,Lúa,,Area_Planted,2300.0,ha,Actual,PL4
bb430c41-413e-4bd4-9851-8832e802cf01,2011,10,TP Hồ Chí Minh,Provincial,Cultivation,Mía,,Area_Planted,2300.0,ha,Actual,PL4
ea586667-4e32-4271-a3c6-18f5e57ee5a3,2011,10,TP Hồ Chí Minh,Provincial,Cultivation,Lúa,,Area_Planted,12737.0,ha,Actual,PL4
02505973-6f95-4103-ad9d-77df13d3c602,2011,10,ĐBS Cửu Long,Provincial,Cultivation,Lúa,,Area_Planted,97812.0,ha,Actual,PL4
e5a2d44f-a565-419d-8eec-fbb8ebd4027c,2011,10,ĐBS Cửu Long,Provincial,Cultivation,Đậu,,Area_Planted,4268.0,ha,Actual,PL4
60eec249-9a77-43e6-a96a-5b543cf7a7e9,2011,10,ĐBS Cửu Long,Provincial,Cultivation,Lạc,,Area_Planted,11884.0,ha,Actual,PL4
5b0d4953-e8d4-4a9b-9696-0f83320dd0f9,2011,10,ĐBS Cửu Long,Provincial,Cultivation,Lúa,,Area_Planted,16202.0,ha,Actual,PL4
52634614-e53d-449c-98d7-9296ce55d5cd,2011,10,ĐBS Cửu Long,Provincial,Cultivation,Thuốc lá,,Area_Planted,140.0,ha,Actual,PL4
4d1e8cf7-65de-42a2-9ce2-f5301efb64cd,2011,10,ĐBS Cửu Long,Provincial,Cultivation,Mía,,Area_Planted,60007.0,ha,Actual,PL4
7a7beb30-05d5-4d1b-b389-0332d122ecec,2011,10,ĐBS Cửu Long,Provincial,Cultivation,Lúa,,Area_Planted,5311.0,ha,Actual,PL4
1817e7b4-c246-4cef-ae49-e32dcec6288c,2011,10,ĐBS Cửu Long,Provincial,Cultivation,Lúa,,Area_Planted,218391.0,ha,Actual,PL4
6eaf554f-a52d-421d-ba79-1c24a21d0678,2011,10,ĐBS Cửu Long,Provincial,Cultivation,Lúa,,Area_Planted,12185.0,ha,Actual,PL4
a05a5f30-5412-4c0c-ba2e-f74aec1ea77d,2011,10,Long An,Provincial,Cultivation,Lúa,,Area_Planted,24962.0,ha,Actual,PL4
eb94c6b3-587c-4aa5-b60d-d100a9f75f22,2011,10,Long An,Provincial,Cultivation,Lạc,,Area_Planted,6227.0,ha,Actual,PL4
2eaf61ec-3782-445c-a60c-653e1d38eb10,2011,10,Long An,Provincial,Cultivation,Lúa,,Area_Planted,1782.0,ha,Actual,PL4
03be7319-4246-430b-b3ff-d9cad9b10a67,2011,10,Long An,Provincial,Cultivation,Thuốc lá,,Area_Planted,81.0,ha,Actual,PL4
34dbd21b-1c1a-4be0-b26a-dc740826d28d,2011,10,Long An,Provincial,Cultivation,Mía,,Area_Planted,13276.0,ha,Actual,PL4
78e3dce4-8969-414c-81ba-01bb49638c40,2011,10,Long An,Provincial,Cultivation,Lúa,,Area_Planted,3596.0,ha,Actual,PL4
a5b8d784-a6ca-49aa-b8ce-a6ebc179ce1f,2011,10,Long An,Provincial,Cultivation,Lúa,,Area_Planted,13465.0,ha,Actual,PL4
81776d2a-b1c0-4848-905c-4be44daa438f,2011,10,Long An,Provincial,Cultivation,Lúa,,Area_Planted,19.0,ha,Actual,PL4
b0ba8982-cba9-4b62-b8fe-7a5534fd7f3c,2011,10,Tiền Giang,Provincial,Cultivation,Lúa,,Area_Planted,612.0,ha,Actual,PL4
7c0e0e8b-bebd-4301-b8d1-f825c5830d38,2011,10,Tiền Giang,Provincial,Cultivation,Đậu,,Area_Planted,218.0,ha,Actual,PL4
98280914-bb9e-42ee-ab16-602e0b2e8cb5,2011,10,Tiền Giang,Provincial,Cultivation,Lạc,,Area_Planted,164.0,ha,Actual,PL4
e59999e2-baa8-4296-b8a1-920106cbe770,2011,10,Tiền Giang,Provincial,Cultivation,Mía,,Area_Planted,230.0,ha,Actual,PL4
c0256e2a-533d-4448-8d92-356aa6bab2fd,2011,10,Tiền Giang,Provincial,Cultivation,Lúa,,Area_Planted,36474.0,ha,Actual,PL4
fc65165f-d0b3-4ab1-ac68-23c1f711f5ed,2011,10,Tiền Giang,Provincial,Cultivation,Lúa,,Area_Planted,142.0,ha,Actual,PL4
b1afe3d4-7fd0-40d8-a15f-dae77ef492b6,2011,10,Bến Tre,Provincial,Cultivation,Lúa,,Area_Planted,5664.0,ha,Actual,PL4
13cdb8b4-441b-429e-907c-2f58a699354c,2011,10,Bến Tre,Provincial,Cultivation,Lạc,,Area_Planted,324.0,ha,Actual,PL4
67bef1d0-eb52-435f-ae4e-e4be8522e083,2011,10,Bến Tre,Provincial,Cultivation,Mía,,Area_Planted,5340.0,ha,Actual,PL4
b2b37d3f-1bb2-4d24-823b-5b174c32dd5d,2011,10,Bến Tre,Provincial,Cultivation,Lúa,,Area_Planted,6061.0,ha,Actual,PL4
c00f703b-27a7-405a-bda2-01db1aa7808e,2011,10,Bến Tre,Provincial,Cultivation,Lúa,,Area_Planted,3.0,ha,Actual,PL4
917e45a5-a5f0-4bb4-9530-35e2024a83bc,2011,10,Trà Vinh,Provincial,Cultivation,Lúa,,Area_Planted,11942.0,ha,Actual,PL4
071697f3-414a-41c6-879c-b0521a1f69d0,2011,10,Trà Vinh,Provincial,Cultivation,Lạc,,Area_Planted,4069.0,ha,Actual,PL4
0d66f925-a74d-43b2-bff2-1466826e7359,2011,10,Trà Vinh,Provincial,Cultivation,Mía,,Area_Planted,6499.0,ha,Actual,PL4
02955e96-5bcb-4a4a-baac-2d3253491d1c,2011,10,Trà Vinh,Provincial,Cultivation,Lúa,,Area_Planted,1374.0,ha,Actual,PL4
81605a87-7e53-4340-bf05-ed95c738a7bd,2011,10,Trà Vinh,Provincial,Cultivation,Lúa,,Area_Planted,26594.0,ha,Actual,PL4
b631a8b5-0785-43fd-90b8-113f61ade93a,2011,10,Trà Vinh,Provincial,Cultivation,Lúa,,Area_Planted,1041.0,ha,Actual,PL4
fe766523-338c-4fdd-9c99-24393333897f,2011,10,Vĩnh Long,Provincial,Cultivation,Lúa,,Area_Planted,2583.0,ha,Actual,PL4
1d7af1c2-abd6-4091-8475-e39c36da32bc,2011,10,Vĩnh Long,Provincial,Cultivation,Đậu,,Area_Planted,912.0,ha,Actual,PL4
774ad286-99d5-4e83-ae20-3f46295003e2,2011,10,Vĩnh Long,Provincial,Cultivation,Lạc,,Area_Planted,29.0,ha,Actual,PL4
ae05155f-a321-472b-905d-a82c42f11d25,2011,10,Vĩnh Long,Provincial,Cultivation,Lúa,,Area_Planted,1548.0,ha,Actual,PL4
5747d2e7-0122-4567-bdeb-beeffc09b185,2011,10,Vĩnh Long,Provincial,Cultivation,Mía,,Area_Planted,95.0,ha,Actual,PL4
232e9e96-f8e8-481b-a0ef-2e55539100e9,2011,10,Vĩnh Long,Provincial,Cultivation,Lúa,,Area_Planted,20734.0,ha,Actual,PL4
57f0b208-a9b0-4535-914c-74b812ad5ca3,2011,10,Vĩnh Long,Provincial,Cultivation,Lúa,,Area_Planted,822.0,ha,Actual,PL4
0a5eaa41-8fde-4c00-b8ca-e1485bfd462b,2011,10,Đồng Tháp,Provincial,Cultivation,Lúa,,Area_Planted,8116.0,ha,Actual,PL4
075a3ddb-f3d2-4097-956e-2c1c1dc30cbf,2011,10,Đồng Tháp,Provincial,Cultivation,Đậu,,Area_Planted,2426.0,ha,Actual,PL4
dc17157e-bdac-4d2b-bc44-f3caa5a02bec,2011,10,Đồng Tháp,Provincial,Cultivation,Lạc,,Area_Planted,236.0,ha,Actual,PL4
650b539b-9017-41e8-b5e3-15bd3f925167,2011,10,Đồng Tháp,Provincial,Cultivation,Lúa,,Area_Planted,5050.0,ha,Actual,PL4
edf3593d-3b5b-4d0e-9435-a3839f991a5a,2011,10,Đồng Tháp,Provincial,Cultivation,Mía,,Area_Planted,209.0,ha,Actual,PL4
9c538839-e240-48fe-a6c3-187f2b71dd40,2011,10,Đồng Tháp,Provincial,Cultivation,Lúa,,Area_Planted,195.0,ha,Actual,PL4
668c41b4-000f-4605-9f27-c160cd867348,2011,10,Đồng Tháp,Provincial,Cultivation,Lúa,,Area_Planted,11612.0,ha,Actual,PL4
4a12cbb7-6a87-4e9a-aa8e-8730c468745f,2011,10,Đồng Tháp,Provincial,Cultivation,Lúa,,Area_Planted,1242.0,ha,Actual,PL4
3a0b17e0-a9f6-4dc9-8b65-fd0fd2c62a62,2011,10,An Giang,Provincial,Cultivation,Lúa,,Area_Planted,3202.0,ha,Actual,PL4
119193ad-4e79-4c57-ac44-6d5788e61c1d,2011,10,An Giang,Provincial,Cultivation,Đậu,,Area_Planted,242.0,ha,Actual,PL4
e6f24a51-a9fb-4019-a2e1-bf6bd2e96bd1,2011,10,An Giang,Provincial,Cultivation,Lạc,,Area_Planted,646.0,ha,Actual,PL4
1e2f0a93-0d01-443b-ae56-977531dde680,2011,10,An Giang,Provincial,Cultivation,Lúa,,Area_Planted,2122.0,ha,Actual,PL4
4d36a7b3-89a7-4f11-b0d1-81cebf31ef02,2011,10,An Giang,Provincial,Cultivation,Thuốc lá,,Area_Planted,59.0,ha,Actual,PL4
b751aa0c-d59a-40cb-8a42-2531bc812f43,2011,10,An Giang,Provincial,Cultivation,Mía,,Area_Planted,78.0,ha,Actual,PL4
ce22210a-cf5e-4329-aaec-632a807b9f47,2011,10,An Giang,Provincial,Cultivation,Lúa,,Area_Planted,55.0,ha,Actual,PL4
b034c4d0-b8d7-420b-9f70-4a0b3992a4d0,2011,10,An Giang,Provincial,Cultivation,Lúa,,Area_Planted,36276.0,ha,Actual,PL4
cb82c4b0-e6b1-4747-8924-27cbe1895018,2011,10,An Giang,Provincial,Cultivation,Lúa,,Area_Planted,3724.0,ha,Actual,PL4
c9bf5ba8-509d-439a-b843-b023572b269a,2011,10,Kiên Giang,Provincial,Cultivation,Lúa,,Area_Planted,4512.0,ha,Actual,PL4
562cb47e-f32d-4c1a-a895-6becd34d9e9f,2011,10,Kiên Giang,Provincial,Cultivation,Mía,,Area_Planted,4512.0,ha,Actual,PL4
cf48f46b-6a74-44bc-b80f-3e543e04edac,2011,10,Kiên Giang,Provincial,Cultivation,Lúa,,Area_Planted,2999.0,ha,Actual,PL4
1ecf5fae-c016-48a8-b506-899cb3be80c7,2011,10,Cần Thơ,Provincial,Cultivation,Lúa,,Area_Planted,5951.0,ha,Actual,PL4
bef00bd7-4f5a-46f7-9bc2-df15f2fe9a42,2011,10,Cần Thơ,Provincial,Cultivation,Đậu,,Area_Planted,232.0,ha,Actual,PL4
61c48aa2-2701-40d2-a3a0-ea25bb931d11,2011,10,Cần Thơ,Provincial,Cultivation,Lạc,,Area_Planted,18.0,ha,Actual,PL4
03227649-9981-492c-a2d0-456aabb181f8,2011,10,Cần Thơ,Provincial,Cultivation,Lúa,,Area_Planted,5701.0,ha,Actual,PL4
354385df-9e4f-46e1-8c3a-a29671bde148,2011,10,Cần Thơ,Provincial,Cultivation,Lúa,,Area_Planted,6167.81,ha,Actual,PL4
4c00414d-de2a-4465-af19-38db60a8ff21,2011,10,Cần Thơ,Provincial,Cultivation,Lúa,,Area_Planted,886.0,ha,Actual,PL4
c486dd06-798d-44bf-a595-e3257d066bae,2011,10,Hậu Giang,Provincial,Cultivation,Lúa,,Area_Planted,13747.0,ha,Actual,PL4
68c056e3-05e3-449d-9c47-a300f2878676,2011,10,Hậu Giang,Provincial,Cultivation,Mía,,Area_Planted,13747.0,ha,Actual,PL4
6c07f902-9e20-4f24-90c6-8d7058abedda,2011,10,Hậu Giang,Provincial,Cultivation,Lúa,,Area_Planted,14659.0,ha,Actual,PL4
59121685-fe15-48d5-8dd5-2079b30fe000,2011,10,Hậu Giang,Provincial,Cultivation,Lúa,,Area_Planted,561.0,ha,Actual,PL4
46db6d9f-7184-4de9-ae79-951ed1cac581,2011,10,Sóc Trăng,Provincial,Cultivation,Lúa,,Area_Planted,14359.0,ha,Actual,PL4
0d355f87-9477-4aa4-a887-fb0b46469ff3,2011,10,Sóc Trăng,Provincial,Cultivation,Đậu,,Area_Planted,238.0,ha,Actual,PL4
5e82dea4-6098-4f47-95c6-05ced2ba2bc8,2011,10,Sóc Trăng,Provincial,Cultivation,Lạc,,Area_Planted,166.0,ha,Actual,PL4
bd7d3f41-641c-429e-a1ad-66d4f412544d,2011,10,Sóc Trăng,Provincial,Cultivation,Mía,,Area_Planted,13955.0,ha,Actual,PL4
e4616444-3525-4684-9dbc-9341a5a2d21b,2011,10,Sóc Trăng,Provincial,Cultivation,Lúa,,Area_Planted,27022.0,ha,Actual,PL4
a50657e1-399b-4b23-82c9-8ed0d7141db8,2011,10,Sóc Trăng,Provincial,Cultivation,Lúa,,Area_Planted,3364.0,ha,Actual,PL4
a444d5d9-f6a6-4185-967f-1ca0fc479e7c,2011,10,Bạc Liêu,Provincial,Cultivation,Lúa,,Area_Planted,359.0,ha,Actual,PL4
14b949d0-2987-4a90-aa3f-49eaf39e29c4,2011,10,Bạc Liêu,Provincial,Cultivation,Lạc,,Area_Planted,5.0,ha,Actual,PL4
7a9ba4e0-cc9c-4f4c-bf49-c1e8372f0b4c,2011,10,Bạc Liêu,Provincial,Cultivation,Mía,,Area_Planted,263.0,ha,Actual,PL4
2bcc3b9b-7890-4a6a-a157-6e83946e88d4,2011,10,Bạc Liêu,Provincial,Cultivation,Lúa,,Area_Planted,91.0,ha,Actual,PL4
fe51a9ec-bdc1-4417-9481-93658cbf8814,2011,10,Bạc Liêu,Provincial,Cultivation,Lúa,,Area_Planted,10418.0,ha,Actual,PL4
b3d8849d-7ead-4fd4-9bb5-5c28f15de056,2011,10,Bạc Liêu,Provincial,Cultivation,Lúa,,Area_Planted,382.0,ha,Actual,PL4
e37dc7a3-1f25-44f4-9014-06664982040d,2011,10,Cà Mau,Provincial,Cultivation,Lúa,,Area_Planted,1803.0,ha,Actual,PL4
c2b75b55-465e-456d-8c87-b6eb498d4508,2011,10,Cà Mau,Provincial,Cultivation,Mía,,Area_Planted,1803.0,ha,Actual,PL4
d9c8fa9b-cea5-4dc6-a14b-4df15572e0c5,2011,10,Cà Mau,Provincial,Cultivation,Lúa,,Area_Planted,5909.0,ha,Actual,PL4
6f763fcd-7af0-4a9b-8526-5760edbfaf2f,2011,10,Cả nước,National,Forestry,Rừng,,Area,319215.0,1000_ha,Estimated,PL6
a4db96e7-b1cf-4314-b9f6-5348c909a5b7,2011,10,Cả nước,National,Forestry,Rừng,,Area,18604.0,1000_ha,Plan,PL6
5aaddb96-82e1-475a-a13a-d5654bac8f0e,2011,10,Cả nước,National,Forestry,Rừng,,Area,252104.0,1000_ha,Estimated,PL6
7875d0ac-d39e-4158-8b78-98d1ee2195e7,2011,10,Cả nước,National,Forestry,Rừng,,Area,13042.0,1000_ha,Plan,PL6
b615b6e5-56d7-4610-9cf5-4df1c213645d,2011,10,Cả nước,National,Forestry,Rừng,,Area,48763.0,1000_ha,Estimated,PL6
55164b88-b7f0-4824-bf2e-e534a10e740c,2011,10,Cả nước,National,Forestry,Rừng,,Area,1190.0,1000_ha,Plan,PL6
04b6ae9e-e075-4ffe-97f8-ab2247f8ef7c,2011,10,Cả nước,National,Forestry,Rừng,,Area,221.0,1000_ha,Estimated,PL6
94d5d34b-2645-45da-8dc9-493759e89afe,2011,10,Cả nước,National,Forestry,Rừng,,Area,50.0,1000_ha,Plan,PL6
5028f3cf-e9cf-4d6c-8d17-d27fc7e18a83,2011,10,Cả nước,National,Forestry,Rừng,,Area,46.0,1000_ha,Plan,PL6
4726d99b-9a88-469c-bb9f-6e9f2ccc0fb7,2011,10,Cả nước,National,Forestry,Rừng,,Area,46282.0,1000_ha,Estimated,PL6
5b085ec0-2ef7-4119-9519-83092dfb84e7,2011,10,Cả nước,National,Forestry,Rừng,,Area,200.0,1000_ha,Plan,PL6
f9a58a0d-1b51-4ed2-9ad8-c0ca41b0819c,2011,10,Cả nước,National,Forestry,Rừng,,Area,810.0,1000_ha,Estimated,PL6
25bdb108-3ff9-4b39-9810-f0dc5677d5c8,2011,10,Cả nước,National,Forestry,Rừng,,Area,500.0,1000_ha,Plan,PL6
982f71cd-b77b-4b62-a5ba-1aa20169afef,2011,10,Cả nước,National,Forestry,Rừng,,Area,526.0,1000_ha,Estimated,PL6
bcda83cd-1d6c-4ad3-a160-f5d786cb9084,2011,10,Cả nước,National,Forestry,Rừng,,Area,338.0,1000_ha,Plan,PL6
7a0e6598-d1ed-413f-b729-461a46cf427d,2011,10,Cả nước,National,Forestry,Rừng,,Area,924.0,1000_ha,Estimated,PL6
8f4759aa-dd7d-4952-aaa2-4d6c32e13d77,2011,10,Cả nước,National,Forestry,Rừng,,Area,56.0,1000_ha,Plan,PL6
ccf4c8ea-0729-4805-b7fc-c5faec65dc37,2011,10,Cả nước,National,Forestry,Rừng,,Area,110234.0,1000_ha,Estimated,PL6
059b3724-39df-4260-a01d-fd9db9e9530e,2011,10,Cả nước,National,Forestry,Rừng,,Area,10162.0,1000_ha,Plan,PL6
0d69ca26-dab3-4e5b-8830-95a743ef4ddb,2011,10,Cả nước,National,Forestry,Rừng,,Area,26426.0,1000_ha,Estimated,PL6
6d6fc4cd-5c6d-43af-bd0d-ad0df1ba6987,2011,10,Cả nước,National,Forestry,Rừng,,Area,2706.0,1000_ha,Plan,PL6
3ce44cfe-fd64-47b3-9d77-6e7f37840e6e,2011,10,Cả nước,National,Forestry,Rừng,,Area,126.0,1000_ha,Plan,PL6
bac1fbdb-3b9c-4dd6-b7be-a1da8c43dedf,2011,10,Cả nước,National,Forestry,Rừng,,Area,2024.0,1000_ha,Estimated,PL6
0a22481a-fa58-463e-ae99-50b09807d6c3,2011,10,Cả nước,National,Forestry,Rừng,,Area,107.0,1000_ha,Plan,PL6
63524f31-65e6-45c3-8d19-192e98ceeccb,2011,10,Cả nước,National,Forestry,Rừng,,Area,6179.0,1000_ha,Estimated,PL6
0e541e81-2490-47a2-8e60-7f5a7b339acc,2011,10,Cả nước,National,Forestry,Rừng,,Area,1706.0,1000_ha,Plan,PL6
9f28330b-90e0-4195-b949-a5249d87e967,2011,10,Cả nước,National,Forestry,Rừng,,Area,4964.0,1000_ha,Estimated,PL6
7ed39379-7987-4f26-815c-7e2c700fafda,2011,10,Cả nước,National,Forestry,Rừng,,Area,540.0,1000_ha,Plan,PL6
2566f2f4-0859-4d0a-b2a0-71ab45f3f0b5,2011,10,Cả nước,National,Forestry,Rừng,,Area,24085.0,1000_ha,Estimated,PL6
54260a50-e752-41d8-84b7-64a88303a550,2011,10,Cả nước,National,Forestry,Rừng,,Area,1600.0,1000_ha,Plan,PL6
99263948-9e9f-43de-93eb-5892020841bd,2011,10,Cả nước,National,Forestry,Rừng,,Area,2966.0,1000_ha,Estimated,PL6
8f716f4c-25a5-400b-b78e-c56246568dce,2011,10,Cả nước,National,Forestry,Rừng,,Area,1322.0,1000_ha,Estimated,PL6
df408b29-1a93-4db2-9bcb-5e8f65c1be40,2011,10,Cả nước,National,Forestry,Rừng,,Area,32.0,1000_ha,Plan,PL6
e81b1a76-31a5-4580-883d-c9a48eb414f5,2011,10,Cả nước,National,Forestry,Rừng,,Area,3221.0,1000_ha,Estimated,PL6
6545f62a-4715-4bd3-bc06-c2be0fbc1be8,2011,10,Cả nước,National,Forestry,Rừng,,Area,20.0,1000_ha,Plan,PL6
1fcd5e04-ad45-4756-be99-ceb2da3e384b,2011,10,Cả nước,National,Forestry,Rừng,,Area,11810.0,1000_ha,Estimated,PL6
18f1a77e-29ee-40d4-a1b7-701c577f0da6,2011,10,Cả nước,National,Forestry,Rừng,,Area,181.0,1000_ha,Plan,PL6
4416cdc6-eafa-4ba7-9e25-fd69985df3c2,2011,10,Cả nước,National,Forestry,Rừng,,Area,941.0,1000_ha,Estimated,PL6
6fe96596-5073-43a6-a860-b0005d5bf933,2011,10,Cả nước,National,Forestry,Rừng,,Area,300.0,1000_ha,Plan,PL6
8a713c0f-5a20-453a-a1af-33034b4385fd,2011,10,Cả nước,National,Forestry,Rừng,,Area,6738.0,1000_ha,Estimated,PL6
60f58971-13ef-479a-97ab-5713a4474a1f,2011,10,Cả nước,National,Forestry,Rừng,,Area,682.0,1000_ha,Plan,PL6
56ea0117-29ad-4f9d-941f-9ee2bcba741f,2011,10,Cả nước,National,Forestry,Rừng,,Area,11058.0,1000_ha,Estimated,PL6
75411c38-1bb6-4b8c-9d1e-af92e32078a3,2011,10,Cả nước,National,Forestry,Rừng,,Area,1750.0,1000_ha,Plan,PL6
c34abe81-44f2-4f2b-acb4-6630af052568,2011,10,Cả nước,National,Forestry,Rừng,,Area,8500.0,1000_ha,Estimated,PL6
c811bc5f-2028-445f-a6e9-b49b7b240ff2,2011,10,Cả nước,National,Forestry,Rừng,,Area,412.0,1000_ha,Plan,PL6
bc25d9ff-e1d6-48da-8aea-7973e788cf76,2011,10,Cả nước,National,Forestry,Rừng,,Area,93107.0,1000_ha,Estimated,PL6
35cb148d-9d14-4801-a0ea-03d2c8faf953,2011,10,Cả nước,National,Forestry,Rừng,,Area,1690.0,1000_ha,Plan,PL6
ccf61c5b-8f91-4f44-b4e2-198d6ea77140,2011,10,Cả nước,National,Forestry,Rừng,,Area,30000.0,1000_ha,Estimated,PL6
00bdebdb-33b0-4429-9870-ff9d47821117,2011,10,Cả nước,National,Forestry,Rừng,,Area,40.0,1000_ha,Plan,PL6
8fe2d08d-11b5-4324-b013-f84a0aff0a43,2011,10,Cả nước,National,Forestry,Rừng,,Area,45500.0,1000_ha,Estimated,PL6
053cd658-e36b-4f89-89e3-9a880147ea18,2011,10,Cả nước,National,Forestry,Rừng,,Area,1100.0,1000_ha,Plan,PL6
390e3879-0247-487e-9ab5-d1f99a72c062,2011,10,Cả nước,National,Forestry,Rừng,,Area,4010.0,1000_ha,Estimated,PL6
8e0f39b6-1ccb-4e94-ae7c-11be2c4fc612,2011,10,Cả nước,National,Forestry,Rừng,,Area,1097.0,1000_ha,Estimated,PL6
e6989495-68a4-49eb-9995-e5da76537add,2011,10,Cả nước,National,Forestry,Rừng,,Area,12500.0,1000_ha,Estimated,PL6
18b52b74-4d0c-4960-bea8-d3bb4fd82798,2011,10,Cả nước,National,Forestry,Rừng,,Area,550.0,1000_ha,Plan,PL6
a9d163e7-90d3-4297-9968-e8cbb71bf4dd,2011,1,Cả nước,National,Trade,1,Xuất khẩu,Export_Volume,4.0,1000_ton,Actual,PL8
6ad2ff5c-9c08-48f0-bc2d-13e623f6c183,2011,1,Cả nước,National,Trade,1,Xuất khẩu,Export_Value,6.0,million_USD,Actual,PL8
7c25c33d-ec4e-4058-ba9d-aa837b2b1442,2011,1,Cả nước,National,Trade,Quảng Ninh,Xuất khẩu,Export_Volume,5041.0,1000_ton,Actual,PL8
0bc9358f-f0df-4b4f-adda-8957fa14103b,2011,1,Cả nước,National,Trade,Quảng Ninh,Xuất khẩu,Export_Value,18986.0,million_USD,Actual,PL8
67b2385e-de3f-4f72-9ebf-c158e659f229,2011,1,Cả nước,National,Trade,Hải Phòng,Xuất khẩu,Export_Value,41699.0,million_USD,Actual,PL8
6fdd6991-af45-4f50-b975-5d0ed1a905aa,2011,1,Cả nước,National,Trade,Thái Bình,Xuất khẩu,Export_Volume,25411.0,1000_ton,Actual,PL8
58abd757-52fd-4bed-aa41-f2b180f112d9,2011,1,Cả nước,National,Trade,Thái Bình,Xuất khẩu,Export_Value,50823.0,million_USD,Actual,PL8
ef6ff93a-ae44-4e00-aeb0-d99f98eb9feb,2011,1,Cả nước,National,Trade,Nam Định,Xuất khẩu,Export_Volume,23753.0,1000_ton,Actual,PL8
4873a41f-d3e5-4ab8-b0c2-2a23c5da8989,2011,1,Cả nước,National,Trade,Nam Định,Xuất khẩu,Export_Value,23773.0,million_USD,Actual,PL8
214365cb-c78f-4819-aca8-2f759af28e1f,2011,1,Cả nước,National,Trade,Ninh Bình,Xuất khẩu,Export_Volume,12330.0,1000_ton,Actual,PL8
8bbe76d0-a0cf-4a1a-ab95-933dc9d13fdd,2011,1,Cả nước,National,Trade,Ninh Bình,Xuất khẩu,Export_Value,5015.0,million_USD,Actual,PL8
b88935f9-d8b2-42ae-a63d-03b8ea490453,2011,1,Cả nước,National,Trade,Thanh Hoá,Xuất khẩu,Export_Volume,17187.0,1000_ton,Actual,PL8
4848628b-3607-4319-9e51-2d2d7e964311,2011,1,Cả nước,National,Trade,Thanh Hoá,Xuất khẩu,Export_Value,8036.0,million_USD,Actual,PL8
b385b407-59e2-4068-9a9b-be0b99d977ad,2011,1,Cả nước,National,Trade,Nghệ An,Xuất khẩu,Export_Volume,28103.0,1000_ton,Actual,PL8
d480f99f-2fe4-487d-bcc4-715097ed9cf1,2011,1,Cả nước,National,Trade,Nghệ An,Xuất khẩu,Export_Value,7486.0,million_USD,Actual,PL8
d2b62987-261a-4cac-bc37-2e3ae007cb77,2011,1,Cả nước,National,Trade,Hà Tĩnh,Xuất khẩu,Export_Volume,5160.0,1000_ton,Actual,PL8
470bdfbb-4b55-47b8-a0c8-716b4d3dd4dc,2011,1,Cả nước,National,Trade,Hà Tĩnh,Xuất khẩu,Export_Value,5124.0,million_USD,Actual,PL8
9c902c91-632b-422a-8dd5-d7b6cabbf147,2011,1,Cả nước,National,Trade,Quảng Bình,Xuất khẩu,Export_Volume,4263.0,1000_ton,Actual,PL8
b73366f0-3658-427d-a140-63ef5284d0dc,2011,1,Cả nước,National,Trade,Quảng Bình,Xuất khẩu,Export_Value,3400.0,million_USD,Actual,PL8
f0b88b19-ffde-4d99-9142-99c6c345e526,2011,1,Cả nước,National,Trade,Quảng Trị,Xuất khẩu,Export_Volume,3128.0,1000_ton,Actual,PL8
016dc49c-ad6c-4c52-95f3-4208a1c2b33a,2011,1,Cả nước,National,Trade,Quảng Trị,Xuất khẩu,Export_Value,3322.0,million_USD,Actual,PL8
aced1d88-41e1-46d1-9be9-10c57684e505,2011,1,Cả nước,National,Trade,Thừa Thiên Huế *,Xuất khẩu,Export_Volume,3228.0,1000_ton,Actual,PL8
3b425dfd-a932-42b4-b922-f07d45a83ba8,2011,1,Cả nước,National,Trade,Thừa Thiên Huế *,Xuất khẩu,Export_Value,4032.0,million_USD,Actual,PL8
81ac991d-48db-4861-af78-440031f74b97,2011,1,Cả nước,National,Trade,Đà Nẵng,Xuất khẩu,Export_Volume,700.0,1000_ton,Actual,PL8
5cd4fda2-a153-4ec5-8de1-7b305b51fb50,2011,1,Cả nước,National,Trade,Đà Nẵng,Xuất khẩu,Export_Value,140.0,million_USD,Actual,PL8
6d023eb3-251b-48ff-85fb-0d1ffcb12fc6,2011,1,Cả nước,National,Trade,Quảng Nam,Xuất khẩu,Export_Volume,8850.0,1000_ton,Actual,PL8
08924a9e-6acf-4fb2-b33d-da91d2f5aaeb,2011,1,Cả nước,National,Trade,Quảng Nam,Xuất khẩu,Export_Value,8376.0,million_USD,Actual,PL8
3ec04a51-df6b-4241-aae0-bd6e5393e490,2011,1,Cả nước,National,Trade,Quảng Ngãi,Xuất khẩu,Export_Volume,1098.0,1000_ton,Actual,PL8
5862ffbc-418c-4d2d-aff0-47a152279289,2011,1,Cả nước,National,Trade,Quảng Ngãi,Xuất khẩu,Export_Value,5064.0,million_USD,Actual,PL8
069f06e5-660f-4d88-8813-c7c945908a20,2011,1,Cả nước,National,Trade,Bình Định,Xuất khẩu,Export_Value,6202.0,million_USD,Actual,PL8
69177957-f97f-4ecf-b2ef-b4632ccfb9e1,2011,1,Cả nước,National,Trade,Phú Yên *,Xuất khẩu,Export_Value,10973.0,million_USD,Actual,PL8
b45c5d82-2c50-4c41-81ca-3f41e85fe662,2011,1,Cả nước,National,Trade,Khánh Hoà *,Xuất khẩu,Export_Value,15529.0,million_USD,Actual,PL8
99c134c4-0c0e-41d0-aa66-efcb5fcf1e37,2011,1,Cả nước,National,Trade,Ninh Thuận,Xuất khẩu,Export_Volume,800.0,1000_ton,Actual,PL8
ac43397d-5677-441b-88f7-372d4c1e8b4f,2011,1,Cả nước,National,Trade,Ninh Thuận,Xuất khẩu,Export_Value,8896.0,million_USD,Actual,PL8
bb5a1c49-24e5-4f8b-9870-888122511b29,2011,1,Cả nước,National,Trade,Bình Thuận,Xuất khẩu,Export_Volume,3996.0,1000_ton,Actual,PL8
54fddb2f-4318-4f56-8771-57bb4a10878e,2011,1,Cả nước,National,Trade,Bình Thuận,Xuất khẩu,Export_Value,7115.0,million_USD,Actual,PL8
e4b5f4b1-0d7b-4fed-bd93-202ca5e4065b,2011,1,Cả nước,National,Trade,Tây Ninh,Xuất khẩu,Export_Volume,5162.0,1000_ton,Actual,PL8
dcf21d6f-8e89-48db-a266-47a111e1761f,2011,1,Cả nước,National,Trade,Bà Rịa - Vũng Tàu,Xuất khẩu,Export_Volume,1341.0,1000_ton,Actual,PL8
74b8ab84-f2c7-41ec-8d28-b843dcd86c45,2011,1,Cả nước,National,Trade,Bà Rịa - Vũng Tàu,Xuất khẩu,Export_Value,6868.0,million_USD,Actual,PL8
c568ee6f-a622-4606-8b7e-45592ef14b0a,2011,1,Cả nước,National,Trade,TP.Hồ Chí Minh,Xuất khẩu,Export_Volume,6391.0,1000_ton,Actual,PL8
f65876fa-0e90-4ac6-8c28-78b68bc3b4cb,2011,1,Cả nước,National,Trade,TP.Hồ Chí Minh,Xuất khẩu,Export_Value,14716.0,million_USD,Actual,PL8
39f8730f-d8bf-4204-bc1c-b94e5be09ae6,2011,1,Cả nước,National,Trade,Long An,Xuất khẩu,Export_Volume,2715.0,1000_ton,Actual,PL8
bca1cb06-a97b-4589-9e96-86c73ab31ccd,2011,1,Cả nước,National,Trade,Long An,Xuất khẩu,Export_Value,6889.0,million_USD,Actual,PL8
ea7f78a6-c367-47a4-a61f-6d7d56914171,2011,1,Cả nước,National,Trade,Tiền Giang,Xuất khẩu,Export_Volume,89981.0,1000_ton,Actual,PL8
cfd259cf-b056-45dc-a262-d5084cfbea79,2011,1,Cả nước,National,Trade,Tiền Giang,Xuất khẩu,Export_Value,33096.0,million_USD,Actual,PL8
b1a44fe5-b49a-4e88-8ade-76e83d10c778,2011,1,Cả nước,National,Trade,Bến Tre,Xuất khẩu,Export_Volume,127670.0,1000_ton,Actual,PL8
4423999b-4193-4d1c-ac5f-d72ef0ca97cd,2011,1,Cả nước,National,Trade,Bến Tre,Xuất khẩu,Export_Value,32000.0,million_USD,Actual,PL8
0e3adcfc-b0cc-403c-9c76-c5d53fa57430,2011,1,Cả nước,National,Trade,Trà Vinh,Xuất khẩu,Export_Volume,44902.0,1000_ton,Actual,PL8
a04b7413-7434-4858-abf1-6d655ef8d75e,2011,1,Cả nước,National,Trade,Trà Vinh,Xuất khẩu,Export_Value,30164.0,million_USD,Actual,PL8
1f1a14f9-48ce-4928-819f-70ecb0487833,2011,1,Cả nước,National,Trade,Vĩnh Long,Xuất khẩu,Export_Volume,113331.0,1000_ton,Actual,PL8
21ec332e-0e4e-4997-b012-a18377f87328,2011,1,Cả nước,National,Trade,Đồng Tháp,Xuất khẩu,Export_Volume,323122.0,1000_ton,Actual,PL8
9592f781-a2e5-432a-9959-fcf61e7c9358,2011,1,Cả nước,National,Trade,An Giang,Xuất khẩu,Export_Volume,230000.0,1000_ton,Actual,PL8
7b9008f3-3bc6-4811-838d-4d55ebd7ad76,2011,1,Cả nước,National,Trade,Kiên Giang,Xuất khẩu,Export_Volume,49579.0,1000_ton,Actual,PL8
09c5cc82-2055-4d34-ac67-ed77e2fa9d8a,2011,1,Cả nước,National,Trade,Kiên Giang,Xuất khẩu,Export_Value,34589.0,million_USD,Actual,PL8
03cc78dc-30dd-417b-ab5f-cadcc3e8a5ad,2011,1,Cả nước,National,Trade,Cần Thơ,Xuất khẩu,Export_Volume,149943.0,1000_ton,Actual,PL8
b572bcd9-b305-49f1-89cd-93380949fb9c,2011,1,Cả nước,National,Trade,Hậu Giang,Xuất khẩu,Export_Volume,47554.0,1000_ton,Actual,PL8
55212115-cc82-4fe8-a7a6-3a50d8c763de,2011,1,Cả nước,National,Trade,Sóc Trăng,Xuất khẩu,Export_Volume,30960.0,1000_ton,Actual,PL8
524ec338-100f-4b1f-8b7a-4a714f164c1c,2011,1,Cả nước,National,Trade,Sóc Trăng,Xuất khẩu,Export_Value,42418.0,million_USD,Actual,PL8
ee1ff80c-9424-491d-b197-f6fc2bee5112,2011,1,Cả nước,National,Trade,Bạc Liêu,Xuất khẩu,Export_Volume,3100.0,1000_ton,Actual,PL8
24988360-b819-4450-9d85-c8abe95c6728,2011,1,Cả nước,National,Trade,Bạc Liêu,Xuất khẩu,Export_Value,102156.0,million_USD,Actual,PL8
107292a4-24c4-4217-a07b-0a6019704088,2011,1,Cả nước,National,Trade,Cà Mau,Xuất khẩu,Export_Volume,18100.0,1000_ton,Actual,PL8
26ca577b-f894-45aa-9d83-aa736d18e58e,2011,1,Cả nước,National,Trade,Cà Mau,Xuất khẩu,Export_Value,206093.0,million_USD,Actual,PL8
