record_id,year,month,location_name,geo_level,sector,commodity,sub_item,attribute,value,unit,data_type,appendix_number
dc8dfb66-95b8-4f6e-b4d0-196531253ce1,2009,5,Miền Nam,Regional,Cultivation,Lúa,Hè Thu,Area_Planted,1344.6,1000_ha,Actual,PL1
e45faf10-ba8a-41a2-b09f-ca0952ff021e,2010,5,Miền Nam,Regional,Cultivation,Lúa,Hè Thu,Area_Planted,1257.8,1000_ha,Actual,PL1
79f74339-0990-4e47-b0eb-89da8c1eb66f,2009,5,Miền Nam,Regional,Cultivation,Lúa,Đông Xuân,Area_Harvested,1844.1,1000_ha,Actual,PL1
b4b16b7a-5405-4b11-8d5c-c17e677804ff,2010,5,Miền Nam,Regional,Cultivation,Lúa,Đông Xuân,Area_Harvested,1913.7,1000_ha,Actual,PL1
59b540da-b4f3-4f0d-ad00-5c32f486440f,2009,5,Cả nước,National,Cultivation,Màu lương thực,,Area_Planted,1089.5,1000_ha,Actual,PL1
c4b5e364-5711-41d4-8ff7-1e1fe052037f,2010,5,Cả nước,National,Cultivation,Màu lương thực,,Area_Planted,1071.9,1000_ha,Actual,PL1
49d637a3-2794-42bc-801e-034900029e6f,2009,5,Cả nước,National,Cultivation,Khoai lang,,Area_Planted,99.4,1000_ha,Actual,PL1
85da1d1e-81dd-4058-b40f-ee9fde67e5ce,2010,5,Cả nước,National,Cultivation,Khoai lang,,Area_Planted,102.3,1000_ha,Actual,PL1
d1968528-0014-419d-8eb3-fe46ea784fb6,2009,5,Cả nước,National,Cultivation,Sắn,,Area_Planted,250.9,1000_ha,Actual,PL1
ff5199ab-625d-4823-bebf-85c5cc883561,2010,5,Cả nước,National,Cultivation,Sắn,,Area_Planted,238.1,1000_ha,Actual,PL1
fa606982-7521-4b18-8515-dae5087f2e97,2009,5,Cả nước,National,Cultivation,Đậu tương,,Area_Planted,129.8,1000_ha,Actual,PL1
ff247d7e-3e49-4c6e-9490-8feaa8f8bf43,2010,5,Cả nước,National,Cultivation,Đậu tương,,Area_Planted,141.0,1000_ha,Actual,PL1
286ec211-4b77-433b-b334-e2eb7cccc288,2009,5,Cả nước,National,Cultivation,Mía,,Area_Planted,102.3,1000_ha,Actual,PL1
15ccb58d-2b56-4a79-bab8-dc3685a6346f,2010,5,Cả nước,National,Cultivation,Mía,,Area_Planted,113.0,1000_ha,Actual,PL1
18c67774-b9d7-4390-9254-7b54de104e92,2009,5,Cả nước,National,Cultivation,Rau đậu,,Area_Planted,501.2,1000_ha,Actual,PL1
9f350ca0-e923-4563-b194-7498b9363369,2010,5,Cả nước,National,Cultivation,Rau đậu,,Area_Planted,508.8,1000_ha,Actual,PL1
5ec15f0e-d3a2-4580-bdc0-cc421998716c,2010,5,Miền Bắc,Regional,Cultivation,Lúa,,Area_Planted,1137330.0,ha,Actual,PL2a
82c88b42-a2b2-49b3-a0da-247e6462f4e1,2010,5,Miền Bắc,Regional,Cultivation,Lúa,,Area_Planted,921562.0,ha,Actual,PL2a
1b30868e-aa15-4af8-ba3f-b9e219e1294e,2010,5,Miền Bắc,Regional,Cultivation,Lúa,,Area_Planted,155679.0,ha,Actual,PL2a
d67b3d0c-7c57-487f-8183-ca58b246b896,2010,5,Miền Bắc,Regional,Cultivation,Lúa,,Area_Planted,545022.0,ha,Actual,PL2a
a79de4fd-da9c-499a-a4d9-b675659d1024,2010,5,Miền Bắc,Regional,Cultivation,Ngô,,Area_Planted,362943.0,ha,Actual,PL2a
456bf98e-0abb-45c4-9438-1fc524136539,2010,5,Miền Bắc,Regional,Cultivation,Lúa,,Area_Planted,28635.0,ha,Actual,PL2a
fec02d0d-c092-4c4b-bd7f-0a131ecc300b,2010,5,Miền Bắc,Regional,Cultivation,Sắn,,Area_Planted,130400.0,ha,Actual,PL2a
96440083-a010-42a6-b7f9-cbde6537d94a,2010,5,Miền Bắc,Regional,Cultivation,Lúa,,Area_Planted,35674.0,ha,Actual,PL2a
fd6b3f39-bd07-42ae-9927-116e9b306c1a,2010,5,ĐB sông Hồng,Provincial,Cultivation,Lúa,,Area_Planted,563757.0,ha,Actual,PL2a
7682ecd8-153d-49c5-ae73-80ef76dbc53b,2010,5,ĐB sông Hồng,Provincial,Cultivation,Lúa,,Area_Planted,512064.0,ha,Actual,PL2a
871a1332-2de5-45ef-a2d5-80f245ee2f26,2010,5,ĐB sông Hồng,Provincial,Cultivation,Lúa,,Area_Planted,14557.0,ha,Actual,PL2a
c81d0bc0-0a22-46e3-8ea9-5bd1b868be76,2010,5,ĐB sông Hồng,Provincial,Cultivation,Lúa,,Area_Planted,57591.0,ha,Actual,PL2a
d62cabf3-19f8-4bc4-89aa-a11586bdf27d,2010,5,ĐB sông Hồng,Provincial,Cultivation,Ngô,,Area_Planted,28470.0,ha,Actual,PL2a
0de095c9-2579-4bb6-95a9-de42468462be,2010,5,ĐB sông Hồng,Provincial,Cultivation,Lúa,,Area_Planted,7232.0,ha,Actual,PL2a
2fcda4ea-1f0f-4429-975b-d793a819b0d9,2010,5,ĐB sông Hồng,Provincial,Cultivation,Sắn,,Area_Planted,4398.0,ha,Actual,PL2a
524ff108-462d-466b-b90d-0fcbeabcd453,2010,5,ĐB sông Hồng,Provincial,Cultivation,Lúa,,Area_Planted,17651.0,ha,Actual,PL2a
8b18fdd7-4696-42ee-b690-f4e699401b2e,2010,5,Hà Nội,Provincial,Cultivation,Lúa,,Area_Planted,101787.0,ha,Actual,PL2a
80524be9-d382-4627-8937-d4e6198b433c,2010,5,Hà Nội,Provincial,Cultivation,Lúa,,Area_Planted,101787.0,ha,Actual,PL2a
c1e7d3da-4a33-44b4-a084-76d0190fa2a5,2010,5,Hà Nội,Provincial,Cultivation,Lúa,,Area_Planted,6000.0,ha,Actual,PL2a
4c766bee-0881-41dc-aff0-3c4f482711db,2010,5,Hà Nội,Provincial,Cultivation,Lúa,,Area_Planted,58.0,ha,Actual,PL2a
70ca1ec4-e2e9-47d5-baaa-1903d96e965c,2010,5,Hà Nội,Provincial,Cultivation,Lúa,,Area_Planted,11717.0,ha,Actual,PL2a
f390ec3b-845f-4599-866a-7568cc853e99,2010,5,Hà Nội,Provincial,Cultivation,Ngô,,Area_Planted,7377.0,ha,Actual,PL2a
88045a4e-6323-4c17-b2ca-309a1129955d,2010,5,Hà Nội,Provincial,Cultivation,Lúa,,Area_Planted,3000.0,ha,Actual,PL2a
70929e61-8e66-475d-a4dd-37b809bd651d,2010,5,Hà Nội,Provincial,Cultivation,Sắn,,Area_Planted,1300.0,ha,Actual,PL2a
b77de2f1-aba7-4b0b-8314-df345d14ad50,2010,5,Hà Nội,Provincial,Cultivation,Lúa,,Area_Planted,200.0,ha,Actual,PL2a
f6c26afa-f875-4aa7-ae01-7553a812f5ef,2010,5,Hải Phòng,Provincial,Cultivation,Lúa,,Area_Planted,39204.0,ha,Actual,PL2a
3b2ffc06-0f99-477f-9b51-4db0af89f675,2010,5,Hải Phòng,Provincial,Cultivation,Lúa,,Area_Planted,35000.0,ha,Actual,PL2a
c7c6d984-b769-4fc2-b290-52a5b8295950,2010,5,Hải Phòng,Provincial,Cultivation,Lúa,,Area_Planted,64.0,ha,Actual,PL2a
8a42c4b3-2534-4b63-a3ea-2940c1183959,2010,5,Hải Phòng,Provincial,Cultivation,Lúa,,Area_Planted,2670.0,ha,Actual,PL2a
693fa250-2ea3-4695-b822-74b60ee516a1,2010,5,Hải Phòng,Provincial,Cultivation,Ngô,,Area_Planted,170.0,ha,Actual,PL2a
94d36616-7b78-4b32-8cd9-2df589d08aef,2010,5,Hải Phòng,Provincial,Cultivation,Lúa,,Area_Planted,2500.0,ha,Actual,PL2a
86d3593b-48f3-4d75-a059-30de210d18da,2010,5,Vĩnh Phúc,Provincial,Cultivation,Lúa,,Area_Planted,30976.0,ha,Actual,PL2a
047c8bd8-f2d9-4bd5-8b0e-8536f96a9b1a,2010,5,Vĩnh Phúc,Provincial,Cultivation,Lúa,,Area_Planted,30976.0,ha,Actual,PL2a
def166ee-0a3f-4a02-aa88-e0a63e1bb686,2010,5,Vĩnh Phúc,Provincial,Cultivation,Lúa,,Area_Planted,4402.0,ha,Actual,PL2a
6c0be41b-132a-4273-ac45-77a9c2bcbac0,2010,5,Vĩnh Phúc,Provincial,Cultivation,Lúa,,Area_Planted,6547.0,ha,Actual,PL2a
e6c86c9d-7da7-46e0-9f09-39d4cef6f8eb,2010,5,Vĩnh Phúc,Provincial,Cultivation,Ngô,,Area_Planted,2391.0,ha,Actual,PL2a
eb583117-8e7c-4cfa-96c7-e9334b54fb90,2010,5,Vĩnh Phúc,Provincial,Cultivation,Lúa,,Area_Planted,299.0,ha,Actual,PL2a
d85b460e-2773-4495-933b-5ecdce75a58c,2010,5,Vĩnh Phúc,Provincial,Cultivation,Sắn,,Area_Planted,1722.0,ha,Actual,PL2a
be1def85-fdf0-46cc-915b-1e0846818f4f,2010,5,Vĩnh Phúc,Provincial,Cultivation,Lúa,,Area_Planted,2135.0,ha,Actual,PL2a
8054db69-000d-43b0-8b62-b5cdb71f0d9f,2010,5,Bắc Ninh,Provincial,Cultivation,Lúa,,Area_Planted,37008.0,ha,Actual,PL2a
6a34d945-f81c-4d2d-9e7f-362acfd6661c,2010,5,Bắc Ninh,Provincial,Cultivation,Lúa,,Area_Planted,29150.0,ha,Actual,PL2a
50a51b2e-104a-4cd8-92b1-7605ad3c7042,2010,5,Bắc Ninh,Provincial,Cultivation,Lúa,,Area_Planted,1819.0,ha,Actual,PL2a
cadd9286-25c6-4946-b461-8f2f9c2f7b1e,2010,5,Bắc Ninh,Provincial,Cultivation,Ngô,,Area_Planted,1235.0,ha,Actual,PL2a
c1fa0c98-7d21-4481-ad17-921313d8756d,2010,5,Bắc Ninh,Provincial,Cultivation,Lúa,,Area_Planted,584.0,ha,Actual,PL2a
998ae9f2-9301-429c-9eb1-d706d6dba703,2010,5,Hải Dương,Provincial,Cultivation,Lúa,,Area_Planted,63360.0,ha,Actual,PL2a
69ec3a76-28a1-4c44-8df3-8f68791c2785,2010,5,Hải Dương,Provincial,Cultivation,Lúa,,Area_Planted,61780.0,ha,Actual,PL2a
47336a48-05b0-4c53-a0fe-6c12cd24abc6,2010,5,Hải Dương,Provincial,Cultivation,Lúa,,Area_Planted,7391.0,ha,Actual,PL2a
0b50c4cb-69e7-4713-9a60-f3a98579ad3a,2010,5,Hải Dương,Provincial,Cultivation,Ngô,,Area_Planted,1200.0,ha,Actual,PL2a
f26aeb47-d127-49b3-8426-b408ce2bf87f,2010,5,Hải Dương,Provincial,Cultivation,Lúa,,Area_Planted,900.0,ha,Actual,PL2a
1788387a-d6dd-4972-913b-4aa41248407f,2010,5,Hải Dương,Provincial,Cultivation,Lúa,,Area_Planted,5291.0,ha,Actual,PL2a
94f70291-bc93-4f8b-8a9b-492f3196697a,2010,5,Hưng Yên,Provincial,Cultivation,Lúa,,Area_Planted,38500.0,ha,Actual,PL2a
f7df04be-01bc-4f04-b15d-6083036c7660,2010,5,Hưng Yên,Provincial,Cultivation,Lúa,,Area_Planted,33898.0,ha,Actual,PL2a
b0067940-a66b-44c0-9196-99e668aba497,2010,5,Hưng Yên,Provincial,Cultivation,Lúa,,Area_Planted,3068.0,ha,Actual,PL2a
d9735228-ec22-4eb6-88b4-eac27009f504,2010,5,Hưng Yên,Provincial,Cultivation,Ngô,,Area_Planted,3068.0,ha,Actual,PL2a
ba58cd50-4d99-4182-8d1f-0ca754449a0f,2010,5,Hà Nam,Provincial,Cultivation,Lúa,,Area_Planted,34370.0,ha,Actual,PL2a
94b6fddb-812f-4c92-9258-694032792ee9,2010,5,Hà Nam,Provincial,Cultivation,Lúa,,Area_Planted,34370.0,ha,Actual,PL2a
fecf2b5d-6acf-4001-89f2-418c843d483b,2010,5,Hà Nam,Provincial,Cultivation,Lúa,,Area_Planted,3228.0,ha,Actual,PL2a
cf3f1790-f6d1-45ae-b7fd-0770d3fd7377,2010,5,Hà Nam,Provincial,Cultivation,Ngô,,Area_Planted,3228.0,ha,Actual,PL2a
9ad08d97-684f-4b05-8970-942575469d87,2010,5,Nam Định,Provincial,Cultivation,Lúa,,Area_Planted,77600.0,ha,Actual,PL2a
672b4844-fb63-4098-aa8e-c30e00b30132,2010,5,Nam Định,Provincial,Cultivation,Lúa,,Area_Planted,77300.0,ha,Actual,PL2a
07d6278b-12cc-420a-9e44-f090eed34a01,2010,5,Nam Định,Provincial,Cultivation,Lúa,,Area_Planted,6250.0,ha,Actual,PL2a
f30c61b9-5b25-4539-a723-dc8a1e1f6f8f,2010,5,Nam Định,Provincial,Cultivation,Ngô,,Area_Planted,1450.0,ha,Actual,PL2a
e87cc93b-dbe2-467e-bf71-cc5f021c5eb0,2010,5,Nam Định,Provincial,Cultivation,Sắn,,Area_Planted,300.0,ha,Actual,PL2a
51a9b483-2a28-4925-a2f0-5e4401a857b6,2010,5,Nam Định,Provincial,Cultivation,Lúa,,Area_Planted,4500.0,ha,Actual,PL2a
ec46014a-1586-4d3e-ad12-667870723c79,2010,5,Thái Bình,Provincial,Cultivation,Lúa,,Area_Planted,81500.0,ha,Actual,PL2a
37ee770b-da60-4432-a63b-c9cb04a08b87,2010,5,Thái Bình,Provincial,Cultivation,Lúa,,Area_Planted,51200.0,ha,Actual,PL2a
e25c1b05-49d5-417f-a11f-5fb06e6b275e,2010,5,Thái Bình,Provincial,Cultivation,Lúa,,Area_Planted,4045.0,ha,Actual,PL2a
72de2a2e-907c-4c3b-af0a-6a7805c24b34,2010,5,Thái Bình,Provincial,Cultivation,Ngô,,Area_Planted,2100.0,ha,Actual,PL2a
574d02d2-842e-41bb-903b-bcce9d0602f4,2010,5,Thái Bình,Provincial,Cultivation,Lúa,,Area_Planted,1945.0,ha,Actual,PL2a
bc4d833b-a16a-4de5-af43-2aa4eaf82996,2010,5,Ninh Bình,Provincial,Cultivation,Lúa,,Area_Planted,41603.0,ha,Actual,PL2a
b1d0867f-1f95-417e-ab89-08894868ab23,2010,5,Ninh Bình,Provincial,Cultivation,Lúa,,Area_Planted,41603.0,ha,Actual,PL2a
c9b03ced-7224-443e-bfff-8b7f4e98d07c,2010,5,Ninh Bình,Provincial,Cultivation,Lúa,,Area_Planted,3155.0,ha,Actual,PL2a
67f3a7b7-f07e-42bf-8788-97d54d3fcdfc,2010,5,Ninh Bình,Provincial,Cultivation,Lúa,,Area_Planted,59.0,ha,Actual,PL2a
4867d6e1-b407-4d50-9da1-7c7486dcd460,2010,5,Ninh Bình,Provincial,Cultivation,Lúa,,Area_Planted,1245.0,ha,Actual,PL2a
b9b02d44-abf9-468c-b590-a1717815088b,2010,5,Ninh Bình,Provincial,Cultivation,Ngô,,Area_Planted,1170.0,ha,Actual,PL2a
c4c9cc6e-c68b-4aee-8564-57677e38396d,2010,5,Ninh Bình,Provincial,Cultivation,Lúa,,Area_Planted,75.0,ha,Actual,PL2a
35600e61-a8b2-404d-ada6-2dfef77d92b8,2010,5,Quảng Ninh,Provincial,Cultivation,Lúa,,Area_Planted,17849.0,ha,Actual,PL2a
ecab4d15-1147-4d3d-bdce-998915569029,2010,5,Quảng Ninh,Provincial,Cultivation,Lúa,,Area_Planted,15000.0,ha,Actual,PL2a
112f1c11-b61c-4dd3-862a-b496fe021e70,2010,5,Quảng Ninh,Provincial,Cultivation,Lúa,,Area_Planted,1000.0,ha,Actual,PL2a
61457a21-3292-4cfe-ab1c-91351f80b484,2010,5,Quảng Ninh,Provincial,Cultivation,Lúa,,Area_Planted,50.0,ha,Actual,PL2a
373f1293-cdbe-4f73-b184-542b8fde6fba,2010,5,Quảng Ninh,Provincial,Cultivation,Lúa,,Area_Planted,9611.0,ha,Actual,PL2a
4e80319d-9bc8-4ac8-8414-1b3207e8a80a,2010,5,Quảng Ninh,Provincial,Cultivation,Ngô,,Area_Planted,5080.0,ha,Actual,PL2a
d50d9353-fa2f-4f98-8e93-d7db8fdb742f,2010,5,Quảng Ninh,Provincial,Cultivation,Lúa,,Area_Planted,2959.0,ha,Actual,PL2a
5c6f6412-f4a2-4dbf-abfa-75d384f611bc,2010,5,Quảng Ninh,Provincial,Cultivation,Sắn,,Area_Planted,1076.0,ha,Actual,PL2a
cad5dbee-5328-45fd-b05b-301d7a0ca380,2010,5,Quảng Ninh,Provincial,Cultivation,Lúa,,Area_Planted,496.0,ha,Actual,PL2a
177c6652-422c-4bea-959b-a514e03cfbc7,2010,5,TD và MN phía Bắc,Provincial,Cultivation,Lúa,,Area_Planted,233444.0,ha,Actual,PL2a
d86e2a27-5523-47bb-8e01-39a2ec3ad4d6,2010,5,TD và MN phía Bắc,Provincial,Cultivation,Lúa,,Area_Planted,89731.0,ha,Actual,PL2a
bfddd640-f257-46e8-9621-06ea3b2e4280,2010,5,TD và MN phía Bắc,Provincial,Cultivation,Lúa,,Area_Planted,1099.0,ha,Actual,PL2a
c1ab8282-fbca-4d72-8ce4-318a2c24c39a,2010,5,TD và MN phía Bắc,Provincial,Cultivation,Lúa,,Area_Planted,375359.0,ha,Actual,PL2a
695d6cac-4855-48b4-a0f5-8e7aefeab7fe,2010,5,TD và MN phía Bắc,Provincial,Cultivation,Ngô,,Area_Planted,286552.0,ha,Actual,PL2a
b268e675-22f3-48b9-b7b0-f8e9f27d6900,2010,5,TD và MN phía Bắc,Provincial,Cultivation,Lúa,,Area_Planted,10105.0,ha,Actual,PL2a
10ecd535-6369-4c7a-ae90-533d8b71ead3,2010,5,TD và MN phía Bắc,Provincial,Cultivation,Sắn,,Area_Planted,81507.0,ha,Actual,PL2a
b75b81b4-7015-4fe3-be79-4ad10334e7f4,2010,5,TD và MN phía Bắc,Provincial,Cultivation,Lúa,,Area_Planted,9663.0,ha,Actual,PL2a
b3db9486-0b55-4b8d-a397-533ac6f10aee,2010,5,Hà Giang,Provincial,Cultivation,Lúa,,Area_Planted,9256.0,ha,Actual,PL2a
6d43fce7-37e6-40d4-be07-de8c48e6ba5b,2010,5,Hà Giang,Provincial,Cultivation,Lúa,,Area_Planted,43.0,ha,Actual,PL2a
411b8c21-3859-48ef-b59d-2aaf39c574d7,2010,5,Hà Giang,Provincial,Cultivation,Lúa,,Area_Planted,25662.0,ha,Actual,PL2a
fe14fbd5-a5da-4442-9f27-b2543c49d7e3,2010,5,Hà Giang,Provincial,Cultivation,Ngô,,Area_Planted,36232.0,ha,Actual,PL2a
8fe11894-e68d-46cb-a884-0861aae30492,2010,5,Hà Giang,Provincial,Cultivation,Lúa,,Area_Planted,649.0,ha,Actual,PL2a
17d43b89-b940-4304-8f92-15cc3b80f4f5,2010,5,Hà Giang,Provincial,Cultivation,Sắn,,Area_Planted,3761.0,ha,Actual,PL2a
ec89868e-6ceb-4237-951b-3cb46413915a,2010,5,Hà Giang,Provincial,Cultivation,Lúa,,Area_Planted,2119.0,ha,Actual,PL2a
a54aaf96-cc75-49a9-bda0-ffeb453ba0e3,2010,5,Cao Bằng,Provincial,Cultivation,Lúa,,Area_Planted,2300.0,ha,Actual,PL2a
fd4f44e2-8245-4a50-ac62-ea700e575f86,2010,5,Cao Bằng,Provincial,Cultivation,Lúa,,Area_Planted,11756.0,ha,Actual,PL2a
5a3a7207-d4de-4b03-966e-18e3d6ef6dd6,2010,5,Cao Bằng,Provincial,Cultivation,Ngô,,Area_Planted,11561.0,ha,Actual,PL2a
3e609a1a-16d6-47e8-bb89-63c10fbde968,2010,5,Cao Bằng,Provincial,Cultivation,Lúa,,Area_Planted,195.0,ha,Actual,PL2a
adfd9c16-53ee-404e-9fa0-ec21c1fb7491,2010,5,Lào Cai,Provincial,Cultivation,Lúa,,Area_Planted,9062.0,ha,Actual,PL2a
06232ff5-5360-4877-9e8e-e9eb48cf12e6,2010,5,Lào Cai,Provincial,Cultivation,Lúa,,Area_Planted,19798.0,ha,Actual,PL2a
b4e193f2-18dd-4008-bfe5-31628754788f,2010,5,Lào Cai,Provincial,Cultivation,Ngô,,Area_Planted,9879.0,ha,Actual,PL2a
cd0573d3-a3c4-4486-a735-6e9a7c86f948,2010,5,Lào Cai,Provincial,Cultivation,Lúa,,Area_Planted,400.0,ha,Actual,PL2a
d5960f85-1345-41ba-859c-570a8a8a94c4,2010,5,Lào Cai,Provincial,Cultivation,Sắn,,Area_Planted,4889.0,ha,Actual,PL2a
5e30a2e6-0690-4760-b54a-a33c1b60b4b3,2010,5,Bắc Cạn,Provincial,Cultivation,Lúa,,Area_Planted,7380.0,ha,Actual,PL2a
700ba425-3254-46ba-8628-12be565c4a27,2010,5,Bắc Cạn,Provincial,Cultivation,Lúa,,Area_Planted,46.0,ha,Actual,PL2a
10bff9ef-4845-4389-9c66-322a792cd3d4,2010,5,Bắc Cạn,Provincial,Cultivation,Lúa,,Area_Planted,11356.0,ha,Actual,PL2a
aa43d318-588c-43f3-b422-b5e345a04687,2010,5,Bắc Cạn,Provincial,Cultivation,Ngô,,Area_Planted,9707.0,ha,Actual,PL2a
743b168c-c5fb-450f-a716-3d5996971899,2010,5,Bắc Cạn,Provincial,Cultivation,Lúa,,Area_Planted,258.0,ha,Actual,PL2a
3787f973-ad05-4824-9ca0-970b4b3fb000,2010,5,Bắc Cạn,Provincial,Cultivation,Sắn,,Area_Planted,1144.0,ha,Actual,PL2a
076d82df-afd7-4e81-b1af-1f7acefce41c,2010,5,Bắc Cạn,Provincial,Cultivation,Lúa,,Area_Planted,247.0,ha,Actual,PL2a
b27bd3f3-4753-45c0-b438-f165c413c9c6,2010,5,Lạng Sơn,Provincial,Cultivation,Lúa,,Area_Planted,14497.0,ha,Actual,PL2a
ec6dad64-0753-414d-bf5c-505d49d4b8e3,2010,5,Lạng Sơn,Provincial,Cultivation,Lúa,,Area_Planted,15073.0,ha,Actual,PL2a
9d5a13ea-25fa-49ce-b859-811eca7a08b1,2010,5,Lạng Sơn,Provincial,Cultivation,Ngô,,Area_Planted,13100.0,ha,Actual,PL2a
a967a168-fa7b-4fdc-ac61-4f2c9f05b6e1,2010,5,Lạng Sơn,Provincial,Cultivation,Lúa,,Area_Planted,1973.0,ha,Actual,PL2a
a6b3c2cf-9111-4313-b8ad-d15651fc9e2c,2010,5,Tuyên Quang,Provincial,Cultivation,Lúa,,Area_Planted,19492.0,ha,Actual,PL2a
694a2085-c4b8-480c-a256-5a9c8e892cbc,2010,5,Tuyên Quang,Provincial,Cultivation,Lúa,,Area_Planted,19492.0,ha,Actual,PL2a
000eec92-4fef-4e65-be66-28ef3fc18ed4,2010,5,Tuyên Quang,Provincial,Cultivation,Lúa,,Area_Planted,163.0,ha,Actual,PL2a
d3ca0000-8a33-480d-b0a0-078e0ef1b5ed,2010,5,Tuyên Quang,Provincial,Cultivation,Lúa,,Area_Planted,7333.0,ha,Actual,PL2a
e199eca0-0b0f-4f22-a8c5-0e7cb9431a3b,2010,5,Tuyên Quang,Provincial,Cultivation,Ngô,,Area_Planted,6933.0,ha,Actual,PL2a
b4c07053-776e-4f37-89f0-97d5db875090,2010,5,Tuyên Quang,Provincial,Cultivation,Lúa,,Area_Planted,400.0,ha,Actual,PL2a
b2eb03fc-8618-4ecd-9178-4489005d4f6b,2010,5,Yên Bái,Provincial,Cultivation,Lúa,,Area_Planted,17438.0,ha,Actual,PL2a
af95cd08-3973-41eb-a4b3-a35dea09cb9f,2010,5,Yên Bái,Provincial,Cultivation,Lúa,,Area_Planted,17438.0,ha,Actual,PL2a
68f9a561-2477-4deb-aea8-e9ed63835120,2010,5,Yên Bái,Provincial,Cultivation,Lúa,,Area_Planted,100.0,ha,Actual,PL2a
6873aa1e-e55f-47c1-ad05-37f27a427ad7,2010,5,Yên Bái,Provincial,Cultivation,Lúa,,Area_Planted,53.0,ha,Actual,PL2a
de45cf0d-52e5-4a6f-a724-f4b2f66f140e,2010,5,Yên Bái,Provincial,Cultivation,Lúa,,Area_Planted,21351.0,ha,Actual,PL2a
eff3585e-c2c7-45bb-87ee-8aeb015d4f0a,2010,5,Yên Bái,Provincial,Cultivation,Ngô,,Area_Planted,8033.0,ha,Actual,PL2a
e449c515-0c50-4054-bbab-deb97976f17a,2010,5,Yên Bái,Provincial,Cultivation,Lúa,,Area_Planted,778.0,ha,Actual,PL2a
14a2aa92-e063-4896-9033-f4e7d80b9900,2010,5,Yên Bái,Provincial,Cultivation,Sắn,,Area_Planted,12023.0,ha,Actual,PL2a
2ee90ca7-bf89-4dce-a5f2-14c4d1a5400c,2010,5,Yên Bái,Provincial,Cultivation,Lúa,,Area_Planted,517.0,ha,Actual,PL2a
abbf62c4-7d8e-4a8c-ac20-18ee3dc34f66,2010,5,Thái Nguyên,Provincial,Cultivation,Lúa,,Area_Planted,28263.0,ha,Actual,PL2a
bfd9afde-38f0-4137-a96f-02d6ecacb657,2010,5,Thái Nguyên,Provincial,Cultivation,Lúa,,Area_Planted,50.0,ha,Actual,PL2a
87d14782-c6ee-460c-8585-c4aa7d77eb28,2010,5,Thái Nguyên,Provincial,Cultivation,Lúa,,Area_Planted,11805.0,ha,Actual,PL2a
5e7ca071-35ad-48d2-bfd7-bb5f92e47627,2010,5,Thái Nguyên,Provincial,Cultivation,Ngô,,Area_Planted,6492.0,ha,Actual,PL2a
b9990392-89c7-4901-b531-ae28f72742d6,2010,5,Thái Nguyên,Provincial,Cultivation,Lúa,,Area_Planted,1604.0,ha,Actual,PL2a
3a3bdb7a-fafe-45c8-b1cb-cb9a042b7578,2010,5,Thái Nguyên,Provincial,Cultivation,Sắn,,Area_Planted,3709.0,ha,Actual,PL2a
3cccac8f-efba-4362-b0a6-bf2553123324,2010,5,Phú Thọ,Provincial,Cultivation,Lúa,,Area_Planted,35534.0,ha,Actual,PL2a
f99a9fca-5537-4a5e-b4e0-2ed35aa71b5b,2010,5,Phú Thọ,Provincial,Cultivation,Lúa,,Area_Planted,34439.0,ha,Actual,PL2a
add488a3-0c98-43eb-8301-08841d119cfd,2010,5,Phú Thọ,Provincial,Cultivation,Lúa,,Area_Planted,49.0,ha,Actual,PL2a
04b97e12-6a45-4edb-bac8-e419af1fce6a,2010,5,Phú Thọ,Provincial,Cultivation,Lúa,,Area_Planted,13896.0,ha,Actual,PL2a
3d19f0e8-f9e4-42ee-bded-b062ff2678ac,2010,5,Phú Thọ,Provincial,Cultivation,Ngô,,Area_Planted,5863.0,ha,Actual,PL2a
5ce95a81-e08a-4ecd-942f-7576d4b30fe5,2010,5,Phú Thọ,Provincial,Cultivation,Lúa,,Area_Planted,637.0,ha,Actual,PL2a
b62ebfef-dc23-45fc-80d2-d6aca8635c93,2010,5,Phú Thọ,Provincial,Cultivation,Sắn,,Area_Planted,7194.0,ha,Actual,PL2a
751c9016-5c51-489c-b587-75ea517510ee,2010,5,Phú Thọ,Provincial,Cultivation,Lúa,,Area_Planted,202.0,ha,Actual,PL2a
49b2cef1-fa68-4e73-aeb0-d1a580cf9fdc,2010,5,Bắc Giang,Provincial,Cultivation,Lúa,,Area_Planted,51686.0,ha,Actual,PL2a
ac287010-e064-45b3-bf06-d1a0e1b51725,2010,5,Bắc Giang,Provincial,Cultivation,Lúa,,Area_Planted,54.0,ha,Actual,PL2a
208904fb-6555-468f-89aa-5be8e47ccbc6,2010,5,Bắc Giang,Provincial,Cultivation,Lúa,,Area_Planted,5234.0,ha,Actual,PL2a
8e37b4f3-ad08-4570-bd91-d02e3734ee0e,2010,5,Bắc Giang,Provincial,Cultivation,Ngô,,Area_Planted,1470.0,ha,Actual,PL2a
7ff78b89-7599-46ce-98bc-220e405d084f,2010,5,Bắc Giang,Provincial,Cultivation,Lúa,,Area_Planted,1564.0,ha,Actual,PL2a
618ed004-8067-49cf-9476-3c806dae77f8,2010,5,Bắc Giang,Provincial,Cultivation,Sắn,,Area_Planted,2200.0,ha,Actual,PL2a
de94c53f-a11a-47c6-a36f-10c8ad6a2e50,2010,5,Lai Châu,Provincial,Cultivation,Lúa,,Area_Planted,5414.0,ha,Actual,PL2a
5c5df072-e833-4bda-9900-480b3dd99cfb,2010,5,Lai Châu,Provincial,Cultivation,Lúa,,Area_Planted,21949.0,ha,Actual,PL2a
9d71a092-3925-4c7d-b0b9-1ee1dfbfea61,2010,5,Lai Châu,Provincial,Cultivation,Ngô,,Area_Planted,16792.0,ha,Actual,PL2a
20dd86c9-d807-45f3-a390-0d4e5f796342,2010,5,Lai Châu,Provincial,Cultivation,Sắn,,Area_Planted,5157.0,ha,Actual,PL2a
6e87e95c-102c-4d56-b20a-88f00bed2245,2010,5,Điện Biên,Provincial,Cultivation,Lúa,,Area_Planted,7862.0,ha,Actual,PL2a
be7e4658-4a87-401f-9709-427d0cd42da2,2010,5,Điện Biên,Provincial,Cultivation,Lúa,,Area_Planted,7862.0,ha,Actual,PL2a
3d07743e-b773-4b4c-8782-38403b42c819,2010,5,Điện Biên,Provincial,Cultivation,Lúa,,Area_Planted,836.0,ha,Actual,PL2a
2a570203-0213-4c7d-9563-7de1a53ed6e8,2010,5,Điện Biên,Provincial,Cultivation,Lúa,,Area_Planted,56.0,ha,Actual,PL2a
a5018ae9-d53c-412c-a0cc-01004c7c13a6,2010,5,Điện Biên,Provincial,Cultivation,Lúa,,Area_Planted,30554.0,ha,Actual,PL2a
bc9de7e7-fcdf-4310-b05f-3c9f8d729996,2010,5,Điện Biên,Provincial,Cultivation,Ngô,,Area_Planted,23418.0,ha,Actual,PL2a
55e97f8a-b3ff-4fcf-ad79-3cf0822abdb0,2010,5,Điện Biên,Provincial,Cultivation,Sắn,,Area_Planted,7136.0,ha,Actual,PL2a
175ddf07-29bc-4186-a1ec-2be091d15e6d,2010,5,Sơn La,Provincial,Cultivation,Lúa,,Area_Planted,9278.0,ha,Actual,PL2a
8a6ad564-3c98-4c52-a4e0-934d8cdd31c6,2010,5,Sơn La,Provincial,Cultivation,Lúa,,Area_Planted,141511.0,ha,Actual,PL2a
4f9c3bf1-8ae7-4d90-ba8f-4ad44d329d9c,2010,5,Sơn La,Provincial,Cultivation,Ngô,,Area_Planted,115249.0,ha,Actual,PL2a
fbb2eb1e-6826-4ec5-9cd8-13b3ddffd664,2010,5,Sơn La,Provincial,Cultivation,Lúa,,Area_Planted,82.0,ha,Actual,PL2a
a0e045f0-60ee-427e-88b5-270a0818ed74,2010,5,Sơn La,Provincial,Cultivation,Sắn,,Area_Planted,23285.0,ha,Actual,PL2a
a1caebac-213e-4e79-b86b-c05548c60bd2,2010,5,Sơn La,Provincial,Cultivation,Lúa,,Area_Planted,2895.0,ha,Actual,PL2a
f5a45094-9a00-46c7-8093-de3335071dcb,2010,5,Hoà Bình,Provincial,Cultivation,Lúa,,Area_Planted,15982.0,ha,Actual,PL2a
8a1cd02c-f427-4c1e-9f4a-9dd76db5e253,2010,5,Hoà Bình,Provincial,Cultivation,Lúa,,Area_Planted,10500.0,ha,Actual,PL2a
d7e1d908-bab2-4acf-bfa0-75b7544e09f2,2010,5,Hoà Bình,Provincial,Cultivation,Lúa,,Area_Planted,51.0,ha,Actual,PL2a
93c3da27-6af3-4329-be4c-8fdb00173128,2010,5,Hoà Bình,Provincial,Cultivation,Lúa,,Area_Planted,38081.0,ha,Actual,PL2a
dab0c0a1-9821-49b9-a799-aa044d57452c,2010,5,Hoà Bình,Provincial,Cultivation,Ngô,,Area_Planted,21823.0,ha,Actual,PL2a
e96680bc-1b20-42dc-83b9-a66752cc2937,2010,5,Hoà Bình,Provincial,Cultivation,Lúa,,Area_Planted,3734.0,ha,Actual,PL2a
c417c9c6-28d4-4a58-a3a7-a87b27f11251,2010,5,Hoà Bình,Provincial,Cultivation,Sắn,,Area_Planted,11009.0,ha,Actual,PL2a
d7af8f0e-f830-4fee-84da-691ec622a7ed,2010,5,Hoà Bình,Provincial,Cultivation,Lúa,,Area_Planted,1515.0,ha,Actual,PL2a
f8bbfbb4-6c41-44db-aded-2e4095198510,2010,5,Bắc Trung Bộ,Provincial,Cultivation,Lúa,,Area_Planted,340130.0,ha,Actual,PL2a
f533e7d9-863a-4b2e-bf55-60c5379da7fa,2010,5,Bắc Trung Bộ,Provincial,Cultivation,Lúa,,Area_Planted,319767.0,ha,Actual,PL2a
e22da5ea-8f22-4024-9f01-690d07e7c7a4,2010,5,Bắc Trung Bộ,Provincial,Cultivation,Lúa,,Area_Planted,140023.0,ha,Actual,PL2a
038ae3ed-0486-4fb5-92eb-aac819e08588,2010,5,Bắc Trung Bộ,Provincial,Cultivation,Lúa,,Area_Planted,112073.0,ha,Actual,PL2a
fd3a9831-aa49-4bd9-88db-676e6c6f008d,2010,5,Bắc Trung Bộ,Provincial,Cultivation,Ngô,,Area_Planted,47921.0,ha,Actual,PL2a
5f48b669-2e63-47e4-9591-e1c00f52c939,2010,5,Bắc Trung Bộ,Provincial,Cultivation,Lúa,,Area_Planted,11298.0,ha,Actual,PL2a
0e9a5918-9095-4fd0-b3f3-be132a1e8922,2010,5,Bắc Trung Bộ,Provincial,Cultivation,Sắn,,Area_Planted,44495.0,ha,Actual,PL2a
7af7bde1-f5f5-465a-9548-171a7acb1291,2010,5,Bắc Trung Bộ,Provincial,Cultivation,Lúa,,Area_Planted,8359.0,ha,Actual,PL2a
b1522e37-7120-41db-b1ef-84b868a2892c,2010,5,Thanh Hoá,Provincial,Cultivation,Lúa,,Area_Planted,120198.0,ha,Actual,PL2a
8dbb77b7-9ac8-4a99-975a-d4183cefe27a,2010,5,Thanh Hoá,Provincial,Cultivation,Lúa,,Area_Planted,120198.0,ha,Actual,PL2a
ab3666eb-b336-47d9-8e36-b23669de9b76,2010,5,Thanh Hoá,Provincial,Cultivation,Lúa,,Area_Planted,20525.0,ha,Actual,PL2a
6e760c73-a6e9-44a3-b97f-df9222671001,2010,5,Thanh Hoá,Provincial,Cultivation,Lúa,,Area_Planted,59.0,ha,Actual,PL2a
a505eded-137e-43bf-838f-a146617159c0,2010,5,Thanh Hoá,Provincial,Cultivation,Lúa,,Area_Planted,34409.0,ha,Actual,PL2a
c2d545dd-100a-430b-b24a-86a03f777481,2010,5,Thanh Hoá,Provincial,Cultivation,Ngô,,Area_Planted,20000.0,ha,Actual,PL2a
2370b9a0-a6b1-4f7f-863e-dd5d9958ebc8,2010,5,Thanh Hoá,Provincial,Cultivation,Lúa,,Area_Planted,4500.0,ha,Actual,PL2a
1ff4d612-bb03-4722-851d-df311d6ff2cc,2010,5,Thanh Hoá,Provincial,Cultivation,Sắn,,Area_Planted,9200.0,ha,Actual,PL2a
e6a58568-bfa2-454d-8cab-51a6e997d772,2010,5,Thanh Hoá,Provincial,Cultivation,Lúa,,Area_Planted,709.0,ha,Actual,PL2a
99ca9f4a-5c40-417e-9e1b-72fc0287417b,2010,5,Nghệ An,Provincial,Cultivation,Lúa,,Area_Planted,87482.0,ha,Actual,PL2a
744a2052-2a07-4b90-85f6-0f4e7cfdfc6d,2010,5,Nghệ An,Provincial,Cultivation,Lúa,,Area_Planted,81000.0,ha,Actual,PL2a
8af328ee-f5c9-47a0-8b9d-bf053f1081fd,2010,5,Nghệ An,Provincial,Cultivation,Lúa,,Area_Planted,30000.0,ha,Actual,PL2a
8264b6b8-3f0e-45d2-aced-cdcfce86f983,2010,5,Nghệ An,Provincial,Cultivation,Lúa,,Area_Planted,60.0,ha,Actual,PL2a
51988824-2d27-47d3-b8e5-05e9af95b91c,2010,5,Nghệ An,Provincial,Cultivation,Lúa,,Area_Planted,36745.0,ha,Actual,PL2a
fc81e3f4-5a1a-4687-a9df-aa7f2dba46af,2010,5,Nghệ An,Provincial,Cultivation,Ngô,,Area_Planted,17400.0,ha,Actual,PL2a
3b3bbc3e-eb14-4e1a-b461-ec3a12c6ec1d,2010,5,Nghệ An,Provincial,Cultivation,Lúa,,Area_Planted,2382.0,ha,Actual,PL2a
17e1429f-8871-45d7-a45d-670167f1f77b,2010,5,Nghệ An,Provincial,Cultivation,Sắn,,Area_Planted,16463.0,ha,Actual,PL2a
61c52ab6-5d0a-4311-a97c-be9378c1ba6b,2010,5,Nghệ An,Provincial,Cultivation,Lúa,,Area_Planted,500.0,ha,Actual,PL2a
ed5a0ce8-62e7-4ede-ae6a-a08322d525c1,2010,5,Hà Tĩnh,Provincial,Cultivation,Lúa,,Area_Planted,53569.0,ha,Actual,PL2a
69208e31-40f6-48e8-9787-e7210c69c109,2010,5,Hà Tĩnh,Provincial,Cultivation,Lúa,,Area_Planted,53569.0,ha,Actual,PL2a
02047580-e70a-499f-b955-c3a4ef02ecd1,2010,5,Hà Tĩnh,Provincial,Cultivation,Lúa,,Area_Planted,37498.0,ha,Actual,PL2a
32fd5416-db5e-4959-9f9f-cd0082f966f9,2010,5,Hà Tĩnh,Provincial,Cultivation,Lúa,,Area_Planted,51.0,ha,Actual,PL2a
3a2fd524-d8c4-4833-a431-9ddb2439e5fd,2010,5,Hà Tĩnh,Provincial,Cultivation,Lúa,,Area_Planted,5176.0,ha,Actual,PL2a
32177fc6-8dea-4247-80fd-8069b2db35f5,2010,5,Hà Tĩnh,Provincial,Cultivation,Ngô,,Area_Planted,2426.0,ha,Actual,PL2a
478d821a-6b95-4a87-83bb-94f58553efc3,2010,5,Hà Tĩnh,Provincial,Cultivation,Lúa,,Area_Planted,2750.0,ha,Actual,PL2a
416a1e60-f57f-4f4d-9aac-4665304d5843,2010,5,Quảng Bình,Provincial,Cultivation,Lúa,,Area_Planted,27646.0,ha,Actual,PL2a
1c77541f-d94b-4d07-abd0-98b08872888b,2010,5,Quảng Bình,Provincial,Cultivation,Lúa,,Area_Planted,22000.0,ha,Actual,PL2a
98ccf85d-4625-47d6-af9c-4cf3d0895be2,2010,5,Quảng Bình,Provincial,Cultivation,Lúa,,Area_Planted,15000.0,ha,Actual,PL2a
fd6c1ef3-4593-4276-bf17-0ba73a866451,2010,5,Quảng Bình,Provincial,Cultivation,Lúa,,Area_Planted,13258.0,ha,Actual,PL2a
070c6be0-cb24-4b16-9d92-1f7a0385f910,2010,5,Quảng Bình,Provincial,Cultivation,Ngô,,Area_Planted,4110.0,ha,Actual,PL2a
4926d17f-cc94-4880-8e9f-8dc07e10e368,2010,5,Quảng Bình,Provincial,Cultivation,Lúa,,Area_Planted,1416.0,ha,Actual,PL2a
ccaec40b-4941-43e8-a246-ba583fb0d5b4,2010,5,Quảng Bình,Provincial,Cultivation,Sắn,,Area_Planted,5782.0,ha,Actual,PL2a
9a7d4a02-5b7b-43f0-8420-331e09390b55,2010,5,Quảng Bình,Provincial,Cultivation,Lúa,,Area_Planted,1950.0,ha,Actual,PL2a
de378ec6-ad19-441c-8d59-e114c3a34eb4,2010,5,Quảng Trị,Provincial,Cultivation,Lúa,,Area_Planted,24083.0,ha,Actual,PL2a
dc83a08b-3096-48dc-8ed7-00263fe245d6,2010,5,Quảng Trị,Provincial,Cultivation,Lúa,,Area_Planted,20000.0,ha,Actual,PL2a
0da89424-748e-4de4-93c3-12469f19e439,2010,5,Quảng Trị,Provincial,Cultivation,Lúa,,Area_Planted,23000.0,ha,Actual,PL2a
fb5fdf87-f091-4713-95a0-bd93f3f9e72f,2010,5,Quảng Trị,Provincial,Cultivation,Lúa,,Area_Planted,12185.0,ha,Actual,PL2a
ba89b2e3-a0d3-409b-982a-aae507f4c23b,2010,5,Quảng Trị,Provincial,Cultivation,Ngô,,Area_Planted,2185.0,ha,Actual,PL2a
687c5736-25ee-4e5f-a313-51a928ee5c6d,2010,5,Quảng Trị,Provincial,Cultivation,Sắn,,Area_Planted,8000.0,ha,Actual,PL2a
288a76dd-23fd-4667-b1a1-1d31b8474753,2010,5,Quảng Trị,Provincial,Cultivation,Lúa,,Area_Planted,2000.0,ha,Actual,PL2a
88450c72-e557-4af2-b449-4aa3e5680607,2010,5,Thừa Thiên Huế,Provincial,Cultivation,Lúa,,Area_Planted,27152.0,ha,Actual,PL2a
7d63088c-13c5-4db5-939a-116dae80fe9a,2010,5,Thừa Thiên Huế,Provincial,Cultivation,Lúa,,Area_Planted,23000.0,ha,Actual,PL2a
cf8448e9-f7bf-4726-97cf-209aa0cb701a,2010,5,Thừa Thiên Huế,Provincial,Cultivation,Lúa,,Area_Planted,14000.0,ha,Actual,PL2a
6935466b-c517-4e6a-b760-fae5c569a907,2010,5,Thừa Thiên Huế,Provincial,Cultivation,Lúa,,Area_Planted,10300.0,ha,Actual,PL2a
cc839727-19b8-4c92-bf79-fe18b69839ad,2010,5,Thừa Thiên Huế,Provincial,Cultivation,Ngô,,Area_Planted,1800.0,ha,Actual,PL2a
6816d903-deed-47a0-ac87-e4f103511a24,2010,5,Thừa Thiên Huế,Provincial,Cultivation,Lúa,,Area_Planted,3000.0,ha,Actual,PL2a
80b10b90-ffac-4bec-b78d-cb544a9e9c68,2010,5,Thừa Thiên Huế,Provincial,Cultivation,Sắn,,Area_Planted,5050.0,ha,Actual,PL2a
165c1745-ba96-4d9a-b782-8e5f6fd70406,2010,5,Thừa Thiên Huế,Provincial,Cultivation,Lúa,,Area_Planted,450.0,ha,Actual,PL2a
56f24769-3dc6-438c-8926-7ebc4b8114c1,2010,5,Miền Nam,Regional,Cultivation,Lúa,,Area_Planted,1935524.0,ha,Actual,PL2b
2fd8ed97-561f-4869-9ffe-79d069ef3896,2010,5,Miền Nam,Regional,Cultivation,Lúa,,Area_Planted,1913699.0,ha,Actual,PL2b
ffaee20e-0bd2-4218-ab59-c54fcb97e925,2010,5,Miền Nam,Regional,Cultivation,Lúa,,Area_Planted,98.9,ha,Actual,PL2b
fe4ca15d-94dd-4973-be10-525476336e6b,2010,5,Miền Nam,Regional,Cultivation,Lúa,,Area_Planted,1257814.0,ha,Actual,PL2b
90cf0c2a-c907-4438-b3c1-1212ff04f2a3,2010,5,Miền Nam,Regional,Cultivation,Lúa,,Area_Planted,289429.0,ha,Actual,PL2b
2e0775fe-a1a7-4273-be59-4a8c8d86ad55,2010,5,Miền Nam,Regional,Cultivation,Lúa,,Area_Planted,165593.0,ha,Actual,PL2b
ceaa5e01-cd3d-434e-9e6a-9d3baa258e5b,2010,5,Miền Nam,Regional,Cultivation,Lúa,,Area_Planted,16179.0,ha,Actual,PL2b
6acd7731-2bcd-4c97-b60c-777256622393,2010,5,Miền Nam,Regional,Cultivation,Lúa,,Area_Planted,107657.0,ha,Actual,PL2b
8eff5391-433f-4c9b-a69c-d01ccc168800,2010,5,D.H Nam trung bộ,Provincial,Cultivation,Lúa,,Area_Planted,186308.0,ha,Actual,PL2b
274471e1-5ea2-4bc1-862f-1776a688b973,2010,5,D.H Nam trung bộ,Provincial,Cultivation,Lúa,,Area_Planted,181492.0,ha,Actual,PL2b
32a7de9a-3f4a-401a-a3f9-ac572f3846c1,2010,5,D.H Nam trung bộ,Provincial,Cultivation,Lúa,,Area_Planted,97.4,ha,Actual,PL2b
573e1ec4-c8cf-46a1-8e41-80559d163197,2010,5,D.H Nam trung bộ,Provincial,Cultivation,Lúa,,Area_Planted,59891.0,ha,Actual,PL2b
3894858e-e8f1-4394-bd9e-66614fa3a34d,2010,5,D.H Nam trung bộ,Provincial,Cultivation,Lúa,,Area_Planted,70689.0,ha,Actual,PL2b
50de3e30-0254-4107-bdd0-a3163f11ca3f,2010,5,D.H Nam trung bộ,Provincial,Cultivation,Lúa,,Area_Planted,24974.0,ha,Actual,PL2b
3280811d-0813-4428-a08c-1f790b4ff217,2010,5,D.H Nam trung bộ,Provincial,Cultivation,Lúa,,Area_Planted,6913.0,ha,Actual,PL2b
fd821784-8333-4f98-b1a2-ce1ef1b6ff72,2010,5,D.H Nam trung bộ,Provincial,Cultivation,Lúa,,Area_Planted,38802.0,ha,Actual,PL2b
5dcdc743-afcc-4304-b9d7-38a3c4610352,2010,5,TP Đà Nẵng,Provincial,Cultivation,Lúa,,Area_Planted,4000.0,ha,Actual,PL2b
628e2c81-ec01-4e09-a780-564c1d4b2516,2010,5,TP Đà Nẵng,Provincial,Cultivation,Lúa,,Area_Planted,4000.0,ha,Actual,PL2b
c34974e6-2434-46d0-a481-f3b3a43c361c,2010,5,TP Đà Nẵng,Provincial,Cultivation,Lúa,,Area_Planted,100.0,ha,Actual,PL2b
b7369b55-f445-4040-96a2-346a0b4f5a44,2010,5,TP Đà Nẵng,Provincial,Cultivation,Lúa,,Area_Planted,1199.0,ha,Actual,PL2b
b34becac-35c5-408b-842c-6d024ca91459,2010,5,TP Đà Nẵng,Provincial,Cultivation,Lúa,,Area_Planted,669.0,ha,Actual,PL2b
e310026e-f14e-46b1-a8ab-4b621f470e17,2010,5,TP Đà Nẵng,Provincial,Cultivation,Lúa,,Area_Planted,268.0,ha,Actual,PL2b
5d596f51-3e3d-4d5b-88ed-a749f8e4223c,2010,5,TP Đà Nẵng,Provincial,Cultivation,Lúa,,Area_Planted,262.0,ha,Actual,PL2b
2fae54ad-3310-40e9-a260-bd53e1b1af5d,2010,5,Quảng Nam,Provincial,Cultivation,Lúa,,Area_Planted,52912.0,ha,Actual,PL2b
b04d4b44-a82a-47bf-b80c-f805ac43b49a,2010,5,Quảng Nam,Provincial,Cultivation,Lúa,,Area_Planted,52912.0,ha,Actual,PL2b
33429d17-7cf5-47a3-8f85-e437c2527618,2010,5,Quảng Nam,Provincial,Cultivation,Lúa,,Area_Planted,100.0,ha,Actual,PL2b
0469ce8b-8e98-4209-879f-e3d96ace6369,2010,5,Quảng Nam,Provincial,Cultivation,Lúa,,Area_Planted,37000.0,ha,Actual,PL2b
69d81fca-1865-45ff-bb45-05aa97675b43,2010,5,Quảng Nam,Provincial,Cultivation,Lúa,,Area_Planted,26720.0,ha,Actual,PL2b
5e0c9d71-eb01-4e3d-b21d-c825b3bb666a,2010,5,Quảng Nam,Provincial,Cultivation,Lúa,,Area_Planted,12300.0,ha,Actual,PL2b
a782d599-0697-4dee-bddd-207bc630bbb0,2010,5,Quảng Nam,Provincial,Cultivation,Lúa,,Area_Planted,4500.0,ha,Actual,PL2b
bcf2223b-09e9-4b62-aba3-683c5ce0952a,2010,5,Quảng Nam,Provincial,Cultivation,Lúa,,Area_Planted,9920.0,ha,Actual,PL2b
a3c0efb8-4e8f-40b8-a789-13c097b2cdaa,2010,5,Quảng Ngãi,Provincial,Cultivation,Lúa,,Area_Planted,36664.0,ha,Actual,PL2b
00f945cf-8343-4889-bc3a-727d04fb1ba9,2010,5,Quảng Ngãi,Provincial,Cultivation,Lúa,,Area_Planted,36000.0,ha,Actual,PL2b
7ac0a3f0-7ba8-4014-8668-df56e9d6b234,2010,5,Quảng Ngãi,Provincial,Cultivation,Lúa,,Area_Planted,98.2,ha,Actual,PL2b
3df06b5b-156f-4213-bdd4-d1beab67ae36,2010,5,Quảng Ngãi,Provincial,Cultivation,Lúa,,Area_Planted,1500.0,ha,Actual,PL2b
db1e5648-184d-4830-8229-301f2582ce87,2010,5,Quảng Ngãi,Provincial,Cultivation,Lúa,,Area_Planted,17920.0,ha,Actual,PL2b
56e9ef94-ee23-47a4-98cc-fd4f8e8072f1,2010,5,Quảng Ngãi,Provincial,Cultivation,Lúa,,Area_Planted,4920.0,ha,Actual,PL2b
383d81c9-3e30-40ea-8352-0c7eb924e4a2,2010,5,Quảng Ngãi,Provincial,Cultivation,Lúa,,Area_Planted,1900.0,ha,Actual,PL2b
6d3d4873-fffb-4267-aae1-72b0d7054e70,2010,5,Quảng Ngãi,Provincial,Cultivation,Lúa,,Area_Planted,11100.0,ha,Actual,PL2b
ed022b40-b27f-4d70-a88d-b27f70b9c675,2010,5,Bình Định,Provincial,Cultivation,Lúa,,Area_Planted,47421.0,ha,Actual,PL2b
0e3ccd24-54b1-45a0-8723-e12836e0f5b6,2010,5,Bình Định,Provincial,Cultivation,Lúa,,Area_Planted,45700.0,ha,Actual,PL2b
454f8fdb-9a4c-4de8-a513-325ee10c8199,2010,5,Bình Định,Provincial,Cultivation,Lúa,,Area_Planted,96.4,ha,Actual,PL2b
c7b07dc6-4256-44ea-82ef-ad1ca1eb6738,2010,5,Bình Định,Provincial,Cultivation,Lúa,,Area_Planted,19830.0,ha,Actual,PL2b
d32f982c-7aab-453c-bb41-83b601b9484f,2010,5,Bình Định,Provincial,Cultivation,Lúa,,Area_Planted,13491.0,ha,Actual,PL2b
7b6cec1b-74a5-4bb8-9087-faeb5f74d434,2010,5,Bình Định,Provincial,Cultivation,Lúa,,Area_Planted,3969.0,ha,Actual,PL2b
8841ba65-ed4a-4c94-babd-6cbae1706b6e,2010,5,Bình Định,Provincial,Cultivation,Lúa,,Area_Planted,9522.0,ha,Actual,PL2b
0c870f5a-d2da-4b0d-bce4-f94ea9bc7ace,2010,5,Phú Yên,Provincial,Cultivation,Lúa,,Area_Planted,25931.0,ha,Actual,PL2b
2deea753-0f2d-4598-a566-19dbf515b3c9,2010,5,Phú Yên,Provincial,Cultivation,Lúa,,Area_Planted,23500.0,ha,Actual,PL2b
ba639337-89d8-480e-9232-3c133bfb0671,2010,5,Phú Yên,Provincial,Cultivation,Lúa,,Area_Planted,90.6,ha,Actual,PL2b
9fdfe29c-1804-4770-b1b3-f61f23c60312,2010,5,Phú Yên,Provincial,Cultivation,Lúa,,Area_Planted,245.0,ha,Actual,PL2b
5147b43d-1bb2-4854-80f2-f1d58306c178,2010,5,Phú Yên,Provincial,Cultivation,Lúa,,Area_Planted,8696.0,ha,Actual,PL2b
469d626e-c952-475e-a923-d5a45a93b96e,2010,5,Phú Yên,Provincial,Cultivation,Lúa,,Area_Planted,2076.0,ha,Actual,PL2b
4c7148ae-fd88-4e14-a814-a860785ed177,2010,5,Phú Yên,Provincial,Cultivation,Lúa,,Area_Planted,169.0,ha,Actual,PL2b
31c4ec9f-9f12-4407-b60e-db09d94cadad,2010,5,Phú Yên,Provincial,Cultivation,Lúa,,Area_Planted,6451.0,ha,Actual,PL2b
ef32bc25-87af-4807-b447-65dd9a5bec4f,2010,5,Khánh Hoà,Provincial,Cultivation,Lúa,,Area_Planted,19380.0,ha,Actual,PL2b
d69d4525-0087-4515-b193-9f696b372a44,2010,5,Khánh Hoà,Provincial,Cultivation,Lúa,,Area_Planted,19380.0,ha,Actual,PL2b
f9c7b659-7a6d-4539-8bb4-9b8ed2de2ddf,2010,5,Khánh Hoà,Provincial,Cultivation,Lúa,,Area_Planted,100.0,ha,Actual,PL2b
22f7690a-a0d1-4ce2-93fb-2006013c042e,2010,5,Khánh Hoà,Provincial,Cultivation,Lúa,,Area_Planted,1316.0,ha,Actual,PL2b
5744f9d7-b0ff-45a4-a4a4-dff75990ab75,2010,5,Khánh Hoà,Provincial,Cultivation,Lúa,,Area_Planted,2663.0,ha,Actual,PL2b
422db0a7-dd30-4e2c-b1bb-f2a3fa2ebbfa,2010,5,Khánh Hoà,Provincial,Cultivation,Lúa,,Area_Planted,1040.0,ha,Actual,PL2b
0c3677ac-240c-4ccf-ba80-b402632add4c,2010,5,Khánh Hoà,Provincial,Cultivation,Lúa,,Area_Planted,76.0,ha,Actual,PL2b
ee721ae1-4fd8-4cae-aed0-c47f750914a3,2010,5,Khánh Hoà,Provincial,Cultivation,Lúa,,Area_Planted,1547.0,ha,Actual,PL2b
dc7a3c8c-9368-457a-8713-b1be5be309b2,2010,5,Tây Nguyên,Provincial,Cultivation,Lúa,,Area_Planted,74161.0,ha,Actual,PL2b
699bfbfb-8771-480d-abed-c610b537a242,2010,5,Tây Nguyên,Provincial,Cultivation,Lúa,,Area_Planted,59420.0,ha,Actual,PL2b
a0f43e1b-88e4-49e7-9680-73b8eb98e433,2010,5,Tây Nguyên,Provincial,Cultivation,Lúa,,Area_Planted,80.1,ha,Actual,PL2b
530349f7-9af6-42ab-b8b6-7b52adf8b4d8,2010,5,Tây Nguyên,Provincial,Cultivation,Lúa,,Area_Planted,7980.0,ha,Actual,PL2b
1cd252be-46af-4956-be5d-eb2fb2b54e39,2010,5,Tây Nguyên,Provincial,Cultivation,Lúa,,Area_Planted,91374.0,ha,Actual,PL2b
3311fe1d-b812-463d-a7ba-25e7c1c1eb5b,2010,5,Tây Nguyên,Provincial,Cultivation,Lúa,,Area_Planted,68344.0,ha,Actual,PL2b
aeb3201f-2262-4030-9a95-d56525eae10c,2010,5,Tây Nguyên,Provincial,Cultivation,Lúa,,Area_Planted,3523.0,ha,Actual,PL2b
839ce71f-5bb2-4ce2-8cc1-eca5d449771f,2010,5,Tây Nguyên,Provincial,Cultivation,Lúa,,Area_Planted,19507.0,ha,Actual,PL2b
f79bfe0c-11cd-4274-a588-22a591b3444b,2010,5,Kon Tum,Provincial,Cultivation,Lúa,,Area_Planted,6583.0,ha,Actual,PL2b
99e095da-f5b5-48b9-92a8-dafd45ed7ea0,2010,5,Kon Tum,Provincial,Cultivation,Lúa,,Area_Planted,4000.0,ha,Actual,PL2b
d2b2c14d-cd9d-4c1d-af46-b3a7f6c3171b,2010,5,Kon Tum,Provincial,Cultivation,Lúa,,Area_Planted,60.8,ha,Actual,PL2b
3496ccdf-023c-4031-a36f-1b8b5fec23d0,2010,5,Kon Tum,Provincial,Cultivation,Lúa,,Area_Planted,653.0,ha,Actual,PL2b
d1751592-0c58-4869-84e6-21948f2b271d,2010,5,Kon Tum,Provincial,Cultivation,Lúa,,Area_Planted,653.0,ha,Actual,PL2b
aa519090-5c44-44c7-b939-73a08db5dba0,2010,5,Gia Lai,Provincial,Cultivation,Lúa,,Area_Planted,23998.0,ha,Actual,PL2b
a69aee8a-e61d-44fe-a886-3e392fe2ad9a,2010,5,Gia Lai,Provincial,Cultivation,Lúa,,Area_Planted,17400.0,ha,Actual,PL2b
a8dd1f2e-2f9e-4b5c-a22c-b21340854218,2010,5,Gia Lai,Provincial,Cultivation,Lúa,,Area_Planted,72.5,ha,Actual,PL2b
fb125883-dd4f-452c-98ed-ca8cde87a6df,2010,5,Gia Lai,Provincial,Cultivation,Lúa,,Area_Planted,1327.0,ha,Actual,PL2b
95a52561-1576-4d50-ab0e-3cb479c03a05,2010,5,Gia Lai,Provincial,Cultivation,Lúa,,Area_Planted,11834.0,ha,Actual,PL2b
b1bd7353-8e56-4a6b-a145-13fa4b28eb13,2010,5,Gia Lai,Provincial,Cultivation,Lúa,,Area_Planted,7211.0,ha,Actual,PL2b
94a6489b-6fcd-4dd9-91d8-f06fbbdff2c7,2010,5,Gia Lai,Provincial,Cultivation,Lúa,,Area_Planted,340.0,ha,Actual,PL2b
e7bfb422-9067-43e5-9c72-7a770ac6d0b1,2010,5,Gia Lai,Provincial,Cultivation,Lúa,,Area_Planted,4283.0,ha,Actual,PL2b
56da0e11-73eb-4fb6-ac72-ee7d6bcbd71f,2010,5,Đắc Lắc,Provincial,Cultivation,Lúa,,Area_Planted,29019.0,ha,Actual,PL2b
9764bead-39b0-4693-bd60-e9a292541cd1,2010,5,Đắc Lắc,Provincial,Cultivation,Lúa,,Area_Planted,28105.0,ha,Actual,PL2b
e099794e-eff1-4932-9dba-48845809d43a,2010,5,Đắc Lắc,Provincial,Cultivation,Lúa,,Area_Planted,96.9,ha,Actual,PL2b
ce6afa84-1dc6-475b-97a4-1574b6c8d3d3,2010,5,Đắc Lắc,Provincial,Cultivation,Lúa,,Area_Planted,1942.0,ha,Actual,PL2b
d35bb266-86d7-4c42-bad8-6208eb79f82a,2010,5,Đắc Lắc,Provincial,Cultivation,Lúa,,Area_Planted,41433.0,ha,Actual,PL2b
5e8b33b3-85b6-482a-8f62-c70bf9dd26af,2010,5,Đắc Lắc,Provincial,Cultivation,Lúa,,Area_Planted,36641.0,ha,Actual,PL2b
bea97b21-b96d-42dd-947a-4a33f8f64d98,2010,5,Đắc Lắc,Provincial,Cultivation,Lúa,,Area_Planted,868.0,ha,Actual,PL2b
fcab1d25-a980-4e88-a643-5ce82dbfe714,2010,5,Đắc Lắc,Provincial,Cultivation,Lúa,,Area_Planted,3924.0,ha,Actual,PL2b
f9555a40-5416-497e-b12b-aa4d00837b7e,2010,5,Đắc Nông,Provincial,Cultivation,Lúa,,Area_Planted,3853.0,ha,Actual,PL2b
1f318cec-a3a6-49e9-8bdb-02dfd60ebfbb,2010,5,Đắc Nông,Provincial,Cultivation,Lúa,,Area_Planted,2811.0,ha,Actual,PL2b
479509b9-f772-4b91-8ae5-f558447ddf8e,2010,5,Đắc Nông,Provincial,Cultivation,Lúa,,Area_Planted,73.0,ha,Actual,PL2b
b0bdf56e-06f5-4eac-a2c0-b474ebce6eaa,2010,5,Đắc Nông,Provincial,Cultivation,Lúa,,Area_Planted,1245.0,ha,Actual,PL2b
9a1158f6-5c7e-4138-82b7-e60afa329c78,2010,5,Đắc Nông,Provincial,Cultivation,Lúa,,Area_Planted,28272.0,ha,Actual,PL2b
ed594760-06be-45d3-bfd2-c4cda3a22d40,2010,5,Đắc Nông,Provincial,Cultivation,Lúa,,Area_Planted,14972.0,ha,Actual,PL2b
8f1cad74-cf9d-48dc-b150-29a2610de647,2010,5,Đắc Nông,Provincial,Cultivation,Lúa,,Area_Planted,2000.0,ha,Actual,PL2b
151af254-09ee-49ac-9283-f1f1aa135ac6,2010,5,Đắc Nông,Provincial,Cultivation,Lúa,,Area_Planted,11300.0,ha,Actual,PL2b
6ca98796-9ec0-4bf6-8d27-9cb5366fa2fe,2010,5,Lâm Đồng,Provincial,Cultivation,Lúa,,Area_Planted,10708.0,ha,Actual,PL2b
5b7df777-7eab-467e-b5a1-df04e5bc7f17,2010,5,Lâm Đồng,Provincial,Cultivation,Lúa,,Area_Planted,7104.0,ha,Actual,PL2b
605f4355-e0f3-4a8e-af1d-f7bb9f430ecb,2010,5,Lâm Đồng,Provincial,Cultivation,Lúa,,Area_Planted,66.3,ha,Actual,PL2b
8d617ec5-14bb-4188-a901-68b7bca032ef,2010,5,Lâm Đồng,Provincial,Cultivation,Lúa,,Area_Planted,3466.0,ha,Actual,PL2b
122e264b-d617-4518-8d2d-2f4bad3a3e06,2010,5,Lâm Đồng,Provincial,Cultivation,Lúa,,Area_Planted,9182.0,ha,Actual,PL2b
8791d497-3c70-4ad3-8d42-a866bdfac4d4,2010,5,Lâm Đồng,Provincial,Cultivation,Lúa,,Area_Planted,8867.0,ha,Actual,PL2b
d2c811d7-c0a7-43f4-9c87-1c034f3fdce8,2010,5,Lâm Đồng,Provincial,Cultivation,Lúa,,Area_Planted,315.0,ha,Actual,PL2b
fa1559b8-1247-4a24-b683-251f1672f263,2010,5,Đông Nam Bộ,Provincial,Cultivation,Lúa,,Area_Planted,114037.0,ha,Actual,PL2b
e583171a-f844-4324-b751-002872fef858,2010,5,Đông Nam Bộ,Provincial,Cultivation,Lúa,,Area_Planted,114037.0,ha,Actual,PL2b
57a63d06-6c93-4fe0-a41c-69915536751a,2010,5,Đông Nam Bộ,Provincial,Cultivation,Lúa,,Area_Planted,100.0,ha,Actual,PL2b
fe32e776-1dd3-4b84-b684-137f478a4c61,2010,5,Đông Nam Bộ,Provincial,Cultivation,Lúa,,Area_Planted,72772.0,ha,Actual,PL2b
0b833319-1831-4548-9bcd-f3cccfbc1fbc,2010,5,Đông Nam Bộ,Provincial,Cultivation,Lúa,,Area_Planted,93283.0,ha,Actual,PL2b
864a4354-ac69-4b2f-b933-4a98d45976b1,2010,5,Đông Nam Bộ,Provincial,Cultivation,Lúa,,Area_Planted,46142.0,ha,Actual,PL2b
a802b7ff-e63f-4e1d-915c-280d9cef46e9,2010,5,Đông Nam Bộ,Provincial,Cultivation,Lúa,,Area_Planted,365.0,ha,Actual,PL2b
e62bea58-1c71-4a44-a4c9-5758325e6ce2,2010,5,Đông Nam Bộ,Provincial,Cultivation,Lúa,,Area_Planted,46776.0,ha,Actual,PL2b
726eb0e5-2b7d-4695-8914-9585a85173c4,2010,5,TP Hồ Chí Minh,Provincial,Cultivation,Lúa,,Area_Planted,6637.0,ha,Actual,PL2b
cb3ba1d5-f28c-4120-abb7-268735f1411d,2010,5,TP Hồ Chí Minh,Provincial,Cultivation,Lúa,,Area_Planted,6637.0,ha,Actual,PL2b
448a0c51-54f7-4088-bd18-4cf9595cb5d3,2010,5,TP Hồ Chí Minh,Provincial,Cultivation,Lúa,,Area_Planted,100.0,ha,Actual,PL2b
8c6ad5de-936b-448b-bd7b-2248c41b255e,2010,5,TP Hồ Chí Minh,Provincial,Cultivation,Lúa,,Area_Planted,2469.0,ha,Actual,PL2b
a5d7c918-5f95-4392-b1a9-8411595d0771,2010,5,TP Hồ Chí Minh,Provincial,Cultivation,Lúa,,Area_Planted,821.0,ha,Actual,PL2b
47002e9b-c1c9-4ea6-b0d0-d49cba60d5c9,2010,5,TP Hồ Chí Minh,Provincial,Cultivation,Lúa,,Area_Planted,821.0,ha,Actual,PL2b
814802e8-7de5-4d0d-8572-39683d58f49b,2010,5,Ninh Thuận,Provincial,Cultivation,Lúa,,Area_Planted,13104.0,ha,Actual,PL2b
7ec5f484-a811-4420-aa6e-cdd61e1ef779,2010,5,Ninh Thuận,Provincial,Cultivation,Lúa,,Area_Planted,13104.0,ha,Actual,PL2b
a466d7fc-2606-458b-ad39-5a6534ac2910,2010,5,Ninh Thuận,Provincial,Cultivation,Lúa,,Area_Planted,100.0,ha,Actual,PL2b
99ea9233-5da2-4035-8014-76c1e243a05a,2010,5,Ninh Thuận,Provincial,Cultivation,Lúa,,Area_Planted,2000.0,ha,Actual,PL2b
0c73a32a-3398-4a92-a9b1-66d0e0d09421,2010,5,Ninh Thuận,Provincial,Cultivation,Lúa,,Area_Planted,2264.0,ha,Actual,PL2b
1fb09f31-52ee-441f-88c2-d01188b7cec5,2010,5,Ninh Thuận,Provincial,Cultivation,Lúa,,Area_Planted,2264.0,ha,Actual,PL2b
b7b01e12-bb54-4c22-b7ef-a671ba642025,2010,5,Bình Phước,Provincial,Cultivation,Lúa,,Area_Planted,2897.0,ha,Actual,PL2b
737ae2e1-5c3d-4399-8f2e-04eac7b90db9,2010,5,Bình Phước,Provincial,Cultivation,Lúa,,Area_Planted,2897.0,ha,Actual,PL2b
005d836d-c8f9-4657-b2b8-c26b890e301e,2010,5,Bình Phước,Provincial,Cultivation,Lúa,,Area_Planted,100.0,ha,Actual,PL2b
fcce7721-ce57-42e3-b4b5-ca174bc9e39d,2010,5,Bình Phước,Provincial,Cultivation,Lúa,,Area_Planted,989.0,ha,Actual,PL2b
a1aa26df-722d-4243-992d-ca96b9da5407,2010,5,Bình Phước,Provincial,Cultivation,Lúa,,Area_Planted,526.0,ha,Actual,PL2b
90e83a4d-d23d-491e-a452-341f737e03d6,2010,5,Bình Phước,Provincial,Cultivation,Lúa,,Area_Planted,149.0,ha,Actual,PL2b
b26a6b40-8e8d-460d-adf6-2926abc57814,2010,5,Bình Phước,Provincial,Cultivation,Lúa,,Area_Planted,314.0,ha,Actual,PL2b
7acb4502-5acb-4772-9617-f0db4e1972f2,2010,5,Tây Ninh,Provincial,Cultivation,Lúa,,Area_Planted,45247.0,ha,Actual,PL2b
997f094d-80ac-45ac-8345-d8ed1760cada,2010,5,Tây Ninh,Provincial,Cultivation,Lúa,,Area_Planted,45247.0,ha,Actual,PL2b
1cb71ae2-dc63-4fe5-87f2-876e093e2d41,2010,5,Tây Ninh,Provincial,Cultivation,Lúa,,Area_Planted,100.0,ha,Actual,PL2b
dde88f05-dc58-4928-aaa2-9fcbeb515030,2010,5,Tây Ninh,Provincial,Cultivation,Lúa,,Area_Planted,37378.0,ha,Actual,PL2b
036f7992-bdf8-46e5-9742-fe82e06223ad,2010,5,Tây Ninh,Provincial,Cultivation,Lúa,,Area_Planted,20803.0,ha,Actual,PL2b
e81ef4d2-1c35-4529-91ab-7f0c3694305d,2010,5,Tây Ninh,Provincial,Cultivation,Lúa,,Area_Planted,3745.0,ha,Actual,PL2b
a469d1d7-f00d-41bd-8e27-960e4133b535,2010,5,Tây Ninh,Provincial,Cultivation,Lúa,,Area_Planted,17058.0,ha,Actual,PL2b
7eb5e807-33dd-4341-a9df-a6a25f6049b5,2010,5,Bình Dương,Provincial,Cultivation,Lúa,,Area_Planted,2546.0,ha,Actual,PL2b
5a1a1ac0-3654-44dd-9907-c8bd89a74503,2010,5,Bình Dương,Provincial,Cultivation,Lúa,,Area_Planted,2546.0,ha,Actual,PL2b
6bc7fd88-4803-4655-9b4a-5d8b7206b2b6,2010,5,Bình Dương,Provincial,Cultivation,Lúa,,Area_Planted,100.0,ha,Actual,PL2b
225830a4-6400-4af5-b98f-8aa17818c406,2010,5,Bình Dương,Provincial,Cultivation,Lúa,,Area_Planted,500.0,ha,Actual,PL2b
7601edcb-4510-4076-9939-7c3fb20d8adf,2010,5,Bình Dương,Provincial,Cultivation,Lúa,,Area_Planted,1516.0,ha,Actual,PL2b
f630e6a7-91e5-4dd7-af7c-9614bd6cd2a1,2010,5,Bình Dương,Provincial,Cultivation,Lúa,,Area_Planted,141.0,ha,Actual,PL2b
53980eb9-75fa-40e6-8355-d5316d113437,2010,5,Bình Dương,Provincial,Cultivation,Lúa,,Area_Planted,171.0,ha,Actual,PL2b
c9e53008-5be8-4a72-b794-9298aa3013a1,2010,5,Bình Dương,Provincial,Cultivation,Lúa,,Area_Planted,1204.0,ha,Actual,PL2b
4f636992-8d05-41f7-8b57-179b48f24649,2010,5,Đồng Nai,Provincial,Cultivation,Lúa,,Area_Planted,14565.0,ha,Actual,PL2b
8aba07a1-1f73-423d-b74f-02f7225034de,2010,5,Đồng Nai,Provincial,Cultivation,Lúa,,Area_Planted,14565.0,ha,Actual,PL2b
63ed761c-c56e-4ea1-b280-4ebf8180a516,2010,5,Đồng Nai,Provincial,Cultivation,Lúa,,Area_Planted,100.0,ha,Actual,PL2b
e27c9a7c-82dd-4118-b631-eeff4417e4fa,2010,5,Đồng Nai,Provincial,Cultivation,Lúa,,Area_Planted,10057.0,ha,Actual,PL2b
6d69e117-609c-496b-b926-b46fa32c8e15,2010,5,Đồng Nai,Provincial,Cultivation,Lúa,,Area_Planted,29927.0,ha,Actual,PL2b
8dbb52b6-1a0a-4368-9eac-223bf3d372ed,2010,5,Đồng Nai,Provincial,Cultivation,Lúa,,Area_Planted,21227.0,ha,Actual,PL2b
f3e4b460-da08-4b4e-9d81-eda2e618f847,2010,5,Đồng Nai,Provincial,Cultivation,Lúa,,Area_Planted,8700.0,ha,Actual,PL2b
85c9eb46-9b81-4654-bd7a-4dee86bb1301,2010,5,Bình Thuận,Provincial,Cultivation,Lúa,,Area_Planted,23787.0,ha,Actual,PL2b
ee8c4f76-8c2f-4e59-a99e-f4a4d5f7aa70,2010,5,Bình Thuận,Provincial,Cultivation,Lúa,,Area_Planted,23787.0,ha,Actual,PL2b
9b8924c4-7f10-4633-b07f-452d1369cdbe,2010,5,Bình Thuận,Provincial,Cultivation,Lúa,,Area_Planted,100.0,ha,Actual,PL2b
b68752c2-7d6c-4ed8-a381-11aeb103ed20,2010,5,Bình Thuận,Provincial,Cultivation,Lúa,,Area_Planted,19914.0,ha,Actual,PL2b
b72c2c90-9e0a-479f-a9b8-f864340739da,2010,5,Bình Thuận,Provincial,Cultivation,Lúa,,Area_Planted,22624.0,ha,Actual,PL2b
1db5e917-8312-48e7-9847-49e3a8098f9d,2010,5,Bình Thuận,Provincial,Cultivation,Lúa,,Area_Planted,7524.0,ha,Actual,PL2b
e0107fa5-c6e2-4b0e-a198-33aedb569444,2010,5,Bình Thuận,Provincial,Cultivation,Lúa,,Area_Planted,15100.0,ha,Actual,PL2b
656b23d9-af1d-4bcc-9cd2-52cdc8819a06,2010,5,Bà Rịa-V.Tàu,Provincial,Cultivation,Lúa,,Area_Planted,5254.0,ha,Actual,PL2b
2c8ac871-bc73-4f75-aedb-5b48a8792e67,2010,5,Bà Rịa-V.Tàu,Provincial,Cultivation,Lúa,,Area_Planted,5254.0,ha,Actual,PL2b
3f34e0f1-f40e-4f66-a00a-23e7327d594e,2010,5,Bà Rịa-V.Tàu,Provincial,Cultivation,Lúa,,Area_Planted,100.0,ha,Actual,PL2b
5f4c4712-3ee6-4d95-a660-e8aeda06e1b5,2010,5,Bà Rịa-V.Tàu,Provincial,Cultivation,Lúa,,Area_Planted,454.0,ha,Actual,PL2b
0901978f-0952-4bcd-a90d-ef757d0ebc44,2010,5,Bà Rịa-V.Tàu,Provincial,Cultivation,Lúa,,Area_Planted,14339.0,ha,Actual,PL2b
c6e03f7a-1c3c-4aa0-bf78-e8443bcf8f9a,2010,5,Bà Rịa-V.Tàu,Provincial,Cultivation,Lúa,,Area_Planted,9894.0,ha,Actual,PL2b
a01562db-2e79-4d47-82bd-d64e91853ea2,2010,5,Bà Rịa-V.Tàu,Provincial,Cultivation,Lúa,,Area_Planted,45.0,ha,Actual,PL2b
c0e9cab9-262c-4699-abf8-f38b680aacb1,2010,5,Bà Rịa-V.Tàu,Provincial,Cultivation,Lúa,,Area_Planted,4400.0,ha,Actual,PL2b
567dbfd2-1f05-4f9a-8e7e-7ebce32446d3,2010,5,ĐBS Cửu Long,Provincial,Cultivation,Lúa,,Area_Planted,1561018.0,ha,Actual,PL2b
4f0a4dcc-addb-4a52-8a35-1a8590f68796,2010,5,ĐBS Cửu Long,Provincial,Cultivation,Lúa,,Area_Planted,1558750.0,ha,Actual,PL2b
4d8a2dc0-6bb3-453f-84bb-f7345479bcd3,2010,5,ĐBS Cửu Long,Provincial,Cultivation,Lúa,,Area_Planted,99.9,ha,Actual,PL2b
c36e6ba8-10fa-4694-a2f5-930946c01064,2010,5,ĐBS Cửu Long,Provincial,Cultivation,Lúa,,Area_Planted,1117171.0,ha,Actual,PL2b
7c9f6018-2d91-4430-9c50-ac56cfead21d,2010,5,ĐBS Cửu Long,Provincial,Cultivation,Lúa,,Area_Planted,34083.0,ha,Actual,PL2b
fd738794-02c6-42eb-92c3-a155ce2491f2,2010,5,ĐBS Cửu Long,Provincial,Cultivation,Lúa,,Area_Planted,26133.0,ha,Actual,PL2b
cb74b741-3d3d-4cea-bab5-34f5ce19a16f,2010,5,ĐBS Cửu Long,Provincial,Cultivation,Lúa,,Area_Planted,5378.0,ha,Actual,PL2b
fec292ce-fb96-48a2-956c-36bd59e48831,2010,5,ĐBS Cửu Long,Provincial,Cultivation,Lúa,,Area_Planted,2572.0,ha,Actual,PL2b
32101f0c-13c2-4aa2-8ccf-51681f3f0f18,2010,5,Long An,Provincial,Cultivation,Lúa,,Area_Planted,251025.0,ha,Actual,PL2b
9ab96bd9-0bdf-48e5-930b-2d94b73a791c,2010,5,Long An,Provincial,Cultivation,Lúa,,Area_Planted,251025.0,ha,Actual,PL2b
af35f224-078b-481c-8c82-15e40c009a7e,2010,5,Long An,Provincial,Cultivation,Lúa,,Area_Planted,100.0,ha,Actual,PL2b
2020ad20-6ed8-4aad-954a-de7a6f8200b7,2010,5,Long An,Provincial,Cultivation,Lúa,,Area_Planted,116925.0,ha,Actual,PL2b
459d9048-03a9-4317-b190-88dc63fda0da,2010,5,Long An,Provincial,Cultivation,Lúa,,Area_Planted,4654.0,ha,Actual,PL2b
f4434909-403a-4700-81bd-88109fc65a60,2010,5,Long An,Provincial,Cultivation,Lúa,,Area_Planted,4654.0,ha,Actual,PL2b
48a690bf-2fd1-400f-b68f-fa3346d5d6d7,2010,5,Đồng Tháp,Provincial,Cultivation,Lúa,,Area_Planted,207672.0,ha,Actual,PL2b
eee6203c-21aa-4b40-a58d-c6627f1ff6f0,2010,5,Đồng Tháp,Provincial,Cultivation,Lúa,,Area_Planted,207672.0,ha,Actual,PL2b
af5e2a16-7715-4184-9ca9-f9c846a1a533,2010,5,Đồng Tháp,Provincial,Cultivation,Lúa,,Area_Planted,100.0,ha,Actual,PL2b
9d4739ef-32e0-46cd-924b-b0379b2086a3,2010,5,Đồng Tháp,Provincial,Cultivation,Lúa,,Area_Planted,196841.0,ha,Actual,PL2b
2704278e-bbc5-45a0-8e5e-54f3150103b9,2010,5,Đồng Tháp,Provincial,Cultivation,Lúa,,Area_Planted,3051.0,ha,Actual,PL2b
9646c1d3-f06b-4470-97ab-50e632f15a25,2010,5,Đồng Tháp,Provincial,Cultivation,Lúa,,Area_Planted,2409.0,ha,Actual,PL2b
6da62a40-8bdb-4c34-9169-6946c96fbf6a,2010,5,Đồng Tháp,Provincial,Cultivation,Lúa,,Area_Planted,642.0,ha,Actual,PL2b
ca228267-f313-4a7f-954b-4110aca0abeb,2010,5,An Giang,Provincial,Cultivation,Lúa,,Area_Planted,234212.0,ha,Actual,PL2b
eeef11cf-03e1-4cec-aba5-b8df1fbf98fc,2010,5,An Giang,Provincial,Cultivation,Lúa,,Area_Planted,232185.0,ha,Actual,PL2b
229b316f-c95b-4c16-819e-b855f2cf985d,2010,5,An Giang,Provincial,Cultivation,Lúa,,Area_Planted,99.1,ha,Actual,PL2b
db03624d-8652-4bd6-b92a-3cb6674bb69f,2010,5,An Giang,Provincial,Cultivation,Lúa,,Area_Planted,228051.0,ha,Actual,PL2b
936efc8b-afbb-4015-b1fe-531a92929cca,2010,5,An Giang,Provincial,Cultivation,Lúa,,Area_Planted,6307.0,ha,Actual,PL2b
b6cd6b18-2a7b-4ecb-95b7-7e9074d044ef,2010,5,An Giang,Provincial,Cultivation,Lúa,,Area_Planted,6187.0,ha,Actual,PL2b
e33e9e3c-9107-464a-ad09-76cdd276ea5a,2010,5,An Giang,Provincial,Cultivation,Lúa,,Area_Planted,30.0,ha,Actual,PL2b
c68ea6a6-1151-4393-96e1-019a40f3d438,2010,5,An Giang,Provincial,Cultivation,Lúa,,Area_Planted,90.0,ha,Actual,PL2b
6858b3da-5dca-4da0-b992-ee3e5442cd89,2010,5,Tiền Giang,Provincial,Cultivation,Lúa,,Area_Planted,81878.0,ha,Actual,PL2b
3ba5707c-313b-4b51-81a4-1f1f5b776ec1,2010,5,Tiền Giang,Provincial,Cultivation,Lúa,,Area_Planted,81878.0,ha,Actual,PL2b
a56d394e-234d-4489-a62b-24305336d2b5,2010,5,Tiền Giang,Provincial,Cultivation,Lúa,,Area_Planted,100.0,ha,Actual,PL2b
dfbdc261-a51d-46c8-8cab-0c58e55b05b4,2010,5,Tiền Giang,Provincial,Cultivation,Lúa,,Area_Planted,78636.0,ha,Actual,PL2b
7a886ee0-9266-4e67-ad5d-88bcbaf866a9,2010,5,Tiền Giang,Provincial,Cultivation,Lúa,,Area_Planted,2960.0,ha,Actual,PL2b
ee245376-743b-411a-bde2-04926f79d67f,2010,5,Tiền Giang,Provincial,Cultivation,Lúa,,Area_Planted,2760.0,ha,Actual,PL2b
a46badf0-c001-408a-96f8-a0215dc9a5c4,2010,5,Tiền Giang,Provincial,Cultivation,Lúa,,Area_Planted,200.0,ha,Actual,PL2b
c131c8e6-7822-4a08-941f-3f24106850a7,2010,5,Vĩnh Long,Provincial,Cultivation,Lúa,,Area_Planted,66902.0,ha,Actual,PL2b
31be9324-7f33-4694-9d11-ac5ab13e9fc6,2010,5,Vĩnh Long,Provincial,Cultivation,Lúa,,Area_Planted,66902.0,ha,Actual,PL2b
78d0bd60-fad0-46fb-ae82-31804926276c,2010,5,Vĩnh Long,Provincial,Cultivation,Lúa,,Area_Planted,100.0,ha,Actual,PL2b
bc23d455-ab2f-434c-8f38-83732c2d48cd,2010,5,Vĩnh Long,Provincial,Cultivation,Lúa,,Area_Planted,62750.0,ha,Actual,PL2b
9519ba67-0ee5-4dd9-ae56-d6708a1b62f6,2010,5,Vĩnh Long,Provincial,Cultivation,Lúa,,Area_Planted,5899.0,ha,Actual,PL2b
20b713cc-0c6b-4f9d-9b8b-8f270cc8df2f,2010,5,Vĩnh Long,Provincial,Cultivation,Lúa,,Area_Planted,3267.0,ha,Actual,PL2b
90d6c56f-fa4d-4589-980a-81b3a08d8a33,2010,5,Vĩnh Long,Provincial,Cultivation,Lúa,,Area_Planted,2484.0,ha,Actual,PL2b
c4a62caa-11e1-442a-8e01-1052752f8818,2010,5,Vĩnh Long,Provincial,Cultivation,Lúa,,Area_Planted,148.0,ha,Actual,PL2b
23f2b0b7-2288-40c7-a7ce-a71ac06a7905,2010,5,Bến Tre,Provincial,Cultivation,Lúa,,Area_Planted,20812.0,ha,Actual,PL2b
720612a4-5b8a-48e1-a9f3-e96997ffb0c3,2010,5,Bến Tre,Provincial,Cultivation,Lúa,,Area_Planted,20812.0,ha,Actual,PL2b
884b9032-3bfa-47cf-953a-ecae14597e11,2010,5,Bến Tre,Provincial,Cultivation,Lúa,,Area_Planted,100.0,ha,Actual,PL2b
e94f949d-4c57-4340-85b2-563efea933e0,2010,5,Bến Tre,Provincial,Cultivation,Lúa,,Area_Planted,12700.0,ha,Actual,PL2b
dc0ea7d1-9cff-43fe-b78e-39cefce82381,2010,5,Bến Tre,Provincial,Cultivation,Lúa,,Area_Planted,1091.0,ha,Actual,PL2b
5ee7c6cf-de91-4259-8794-295a8667e920,2010,5,Bến Tre,Provincial,Cultivation,Lúa,,Area_Planted,899.0,ha,Actual,PL2b
30523919-bac6-4656-864b-7f1ee631cc7c,2010,5,Bến Tre,Provincial,Cultivation,Lúa,,Area_Planted,64.0,ha,Actual,PL2b
e9eac52c-2f4d-4f33-b3fe-7b5ebe5a3835,2010,5,Bến Tre,Provincial,Cultivation,Lúa,,Area_Planted,128.0,ha,Actual,PL2b
3a464dc5-299d-46c0-93e2-68038429b456,2010,5,Kiên Giang,Provincial,Cultivation,Lúa,,Area_Planted,284145.0,ha,Actual,PL2b
7b73e15b-12d9-481b-aecb-1789a207dafa,2010,5,Kiên Giang,Provincial,Cultivation,Lúa,,Area_Planted,284145.0,ha,Actual,PL2b
aaedce97-117e-48cf-a7b0-979c390bff77,2010,5,Kiên Giang,Provincial,Cultivation,Lúa,,Area_Planted,100.0,ha,Actual,PL2b
f9144d5f-e97c-49da-b58c-b545f6d69869,2010,5,Kiên Giang,Provincial,Cultivation,Lúa,,Area_Planted,144902.0,ha,Actual,PL2b
d0ac7c1b-8b3d-4db4-8e1e-91ba2d3fc154,2010,5,Cần Thơ,Provincial,Cultivation,Lúa,,Area_Planted,89673.0,ha,Actual,PL2b
f9f9625d-e27d-45f9-9161-b791df2adc96,2010,5,Cần Thơ,Provincial,Cultivation,Lúa,,Area_Planted,89673.0,ha,Actual,PL2b
c4dee3c0-53af-4d19-8b8d-d0db3ac24d3c,2010,5,Cần Thơ,Provincial,Cultivation,Lúa,,Area_Planted,100.0,ha,Actual,PL2b
620cf16b-6f1e-4b2a-aa32-a9f833853f91,2010,5,Cần Thơ,Provincial,Cultivation,Lúa,,Area_Planted,82854.0,ha,Actual,PL2b
945dc3c6-7bad-4908-aecd-89875809b70b,2010,5,Cần Thơ,Provincial,Cultivation,Lúa,,Area_Planted,387.0,ha,Actual,PL2b
34e2b11b-1282-4198-80b8-335cc769df5e,2010,5,Cần Thơ,Provincial,Cultivation,Lúa,,Area_Planted,387.0,ha,Actual,PL2b
698ae028-8b46-4182-8ea9-7b2b20145e4f,2010,5,Hậu Giang,Provincial,Cultivation,Lúa,,Area_Planted,84504.0,ha,Actual,PL2b
d3516a5a-628d-4828-8e1e-4c498ead314e,2010,5,Hậu Giang,Provincial,Cultivation,Lúa,,Area_Planted,84263.0,ha,Actual,PL2b
729eaeba-5997-4966-8a86-6157aba099c2,2010,5,Hậu Giang,Provincial,Cultivation,Lúa,,Area_Planted,99.7,ha,Actual,PL2b
e1ed99db-6001-4588-8047-85cd164a75ff,2010,5,Hậu Giang,Provincial,Cultivation,Lúa,,Area_Planted,71995.0,ha,Actual,PL2b
ad49e07a-db4f-4fb9-b660-4b98141132f5,2010,5,Hậu Giang,Provincial,Cultivation,Lúa,,Area_Planted,1291.0,ha,Actual,PL2b
290258ac-50cd-4482-aa55-49e4118cb3d2,2010,5,Hậu Giang,Provincial,Cultivation,Lúa,,Area_Planted,1291.0,ha,Actual,PL2b
faf7c799-36ac-41e7-8b03-67dc3e3ff66d,2010,5,Trà Vinh,Provincial,Cultivation,Lúa,,Area_Planted,55916.0,ha,Actual,PL2b
45cc3126-cb71-4af8-89bd-52ffb358d232,2010,5,Trà Vinh,Provincial,Cultivation,Lúa,,Area_Planted,55916.0,ha,Actual,PL2b
73b05083-11fb-4789-ba74-0e3d6a3a161b,2010,5,Trà Vinh,Provincial,Cultivation,Lúa,,Area_Planted,100.0,ha,Actual,PL2b
59351ab2-4939-4f49-91ba-116b214ff513,2010,5,Trà Vinh,Provincial,Cultivation,Lúa,,Area_Planted,23290.0,ha,Actual,PL2b
62ce7f00-6180-463d-aed1-8f066a541ddf,2010,5,Trà Vinh,Provincial,Cultivation,Lúa,,Area_Planted,5296.0,ha,Actual,PL2b
27ebb021-db9e-4c4b-8b5b-389bdd32efde,2010,5,Trà Vinh,Provincial,Cultivation,Lúa,,Area_Planted,3264.0,ha,Actual,PL2b
0ec2b858-bd4f-42ec-955c-c8ecd9b45864,2010,5,Trà Vinh,Provincial,Cultivation,Lúa,,Area_Planted,880.0,ha,Actual,PL2b
ea5b83c6-3987-415c-931f-adb8e4217a97,2010,5,Trà Vinh,Provincial,Cultivation,Lúa,,Area_Planted,1152.0,ha,Actual,PL2b
99d71835-411a-4695-93c9-0ef0512160a7,2010,5,Sóc Trăng,Provincial,Cultivation,Lúa,,Area_Planted,139648.0,ha,Actual,PL2b
352a92d1-5ee0-44d7-8e66-703757e02a07,2010,5,Sóc Trăng,Provincial,Cultivation,Lúa,,Area_Planted,139648.0,ha,Actual,PL2b
a2549045-492a-4b07-b33b-78f4d7c970f1,2010,5,Sóc Trăng,Provincial,Cultivation,Lúa,,Area_Planted,100.0,ha,Actual,PL2b
a5081b6e-0cea-4391-b0f9-706be21e2d60,2010,5,Sóc Trăng,Provincial,Cultivation,Lúa,,Area_Planted,92447.0,ha,Actual,PL2b
2b824190-8337-4e01-984d-b812ca72d724,2010,5,Sóc Trăng,Provincial,Cultivation,Lúa,,Area_Planted,3147.0,ha,Actual,PL2b
0828eb8f-6f8d-43fa-9e91-18f4f90fc309,2010,5,Sóc Trăng,Provincial,Cultivation,Lúa,,Area_Planted,1015.0,ha,Actual,PL2b
da69c27d-82aa-4c57-a990-46f3ebe68c67,2010,5,Sóc Trăng,Provincial,Cultivation,Lúa,,Area_Planted,1278.0,ha,Actual,PL2b
ba95abbf-23c4-4876-8862-40530e6faf1f,2010,5,Sóc Trăng,Provincial,Cultivation,Lúa,,Area_Planted,854.0,ha,Actual,PL2b
f2fdde0b-0128-44f0-b079-07820f035aef,2010,5,Bạc Liêu,Provincial,Cultivation,Lúa,,Area_Planted,44631.0,ha,Actual,PL2b
20be6a82-7f02-4c43-bb37-74554be39f58,2010,5,Bạc Liêu,Provincial,Cultivation,Lúa,,Area_Planted,44631.0,ha,Actual,PL2b
26927034-87f9-4086-89b0-ffe9e9ed52b4,2010,5,Bạc Liêu,Provincial,Cultivation,Lúa,,Area_Planted,100.0,ha,Actual,PL2b
cbc8f0d1-d077-42be-8471-b7d823c2809a,2010,5,Bạc Liêu,Provincial,Cultivation,Lúa,,Area_Planted,5780.0,ha,Actual,PL2b
73e44ac5-df13-402b-8bac-8bd8832e89b6,2010,5,Miền Bắc,Regional,Cultivation,Lúa,,Area_Planted,202332.0,ha,Actual,PL3a
3138d8cb-fa22-4df6-ba09-69592f7ffe7b,2010,5,Miền Bắc,Regional,Cultivation,Đậu,,Area_Planted,35138.0,ha,Actual,PL3a
c43eaff9-8bd8-4621-9c18-d7350ca05a3e,2010,5,Miền Bắc,Regional,Cultivation,Lạc,,Area_Planted,119032.0,ha,Actual,PL3a
abbccd9d-64d1-4786-9c5c-5626df2246a0,2010,5,Miền Bắc,Regional,Cultivation,Mía,,Area_Planted,26433.0,ha,Actual,PL3a
ac975964-3ab4-49f6-acba-f7a25d57eac9,2010,5,Miền Bắc,Regional,Cultivation,Thuốc lá,,Area_Planted,13187.0,ha,Actual,PL3a
7e722962-197e-4af4-9fb9-eeb559e57e86,2010,5,Miền Bắc,Regional,Cultivation,Lúa,,Area_Planted,8544.0,ha,Actual,PL3a
1f8040df-5a4f-4f78-ae4f-2e5d022bf67e,2010,5,Miền Bắc,Regional,Cultivation,Lúa,,Area_Planted,148053.0,ha,Actual,PL3a
31c1150e-2f65-44dd-acc0-13d356a9fa8b,2010,5,ĐB sông Hồng,Provincial,Cultivation,Lúa,,Area_Planted,34957.0,ha,Actual,PL3a
3f0cb285-8af3-42dc-9af4-7dab76ae82bf,2010,5,ĐB sông Hồng,Provincial,Cultivation,Đậu,,Area_Planted,8220.0,ha,Actual,PL3a
8f6cc945-45fe-4487-b4a0-5aa0a8024bb2,2010,5,ĐB sông Hồng,Provincial,Cultivation,Lạc,,Area_Planted,21436.0,ha,Actual,PL3a
97d05e96-b2cf-4fed-97b8-65ae8574f8d3,2010,5,ĐB sông Hồng,Provincial,Cultivation,Mía,,Area_Planted,224.0,ha,Actual,PL3a
a84d680a-120f-403a-a2fb-b144f8616c94,2010,5,ĐB sông Hồng,Provincial,Cultivation,Thuốc lá,,Area_Planted,2747.0,ha,Actual,PL3a
e3f29b8f-8e86-49ec-9759-79c3b13dc7f6,2010,5,ĐB sông Hồng,Provincial,Cultivation,Lúa,,Area_Planted,2331.0,ha,Actual,PL3a
94f5abb3-bfb5-4b55-8a0c-b88318f242aa,2010,5,ĐB sông Hồng,Provincial,Cultivation,Lúa,,Area_Planted,68604.0,ha,Actual,PL3a
15d63d49-90d7-46ed-8dee-2574c06bf25b,2010,5,Hà Nội,Provincial,Cultivation,Lúa,,Area_Planted,9108.0,ha,Actual,PL3a
c5c1cd7d-221e-43a0-9dbd-c4535ac80d1a,2010,5,Hà Nội,Provincial,Cultivation,Đậu,,Area_Planted,1907.0,ha,Actual,PL3a
aba084bd-c4e5-4f52-ba83-2c88bf87a5bd,2010,5,Hà Nội,Provincial,Cultivation,Lạc,,Area_Planted,5767.0,ha,Actual,PL3a
3307af65-5ada-42f0-90b1-440b1ea4e967,2010,5,Hà Nội,Provincial,Cultivation,Mía,,Area_Planted,200.0,ha,Actual,PL3a
1d7b9c42-2375-4e03-a0fd-6a0ba9329390,2010,5,Hà Nội,Provincial,Cultivation,Lúa,,Area_Planted,1234.0,ha,Actual,PL3a
2cf431b3-6a33-4867-ad95-069a1b1c3058,2010,5,Hà Nội,Provincial,Cultivation,Lúa,,Area_Planted,10351.0,ha,Actual,PL3a
46d12244-050b-4f66-aec0-998861f45cab,2010,5,Hải Phòng,Provincial,Cultivation,Lúa,,Area_Planted,2674.0,ha,Actual,PL3a
ff09f47f-a9a8-4510-bd05-3a7848ebdf7c,2010,5,Hải Phòng,Provincial,Cultivation,Đậu,,Area_Planted,200.0,ha,Actual,PL3a
e00cd9db-9a0f-4150-aa7f-bb49735aaec4,2010,5,Hải Phòng,Provincial,Cultivation,Thuốc lá,,Area_Planted,2347.0,ha,Actual,PL3a
fab8c4ee-eb6d-4604-84f2-1d338460d178,2010,5,Hải Phòng,Provincial,Cultivation,Lúa,,Area_Planted,127.0,ha,Actual,PL3a
ff6aa0bd-1fd2-4b80-812d-dc89710c3879,2010,5,Hải Phòng,Provincial,Cultivation,Lúa,,Area_Planted,10933.0,ha,Actual,PL3a
91d72bbe-835d-4b37-8c6d-7f7ee8f26eeb,2010,5,Vĩnh Phúc,Provincial,Cultivation,Lúa,,Area_Planted,3864.0,ha,Actual,PL3a
60c51d1b-185d-4dbf-904a-687c582c47a3,2010,5,Vĩnh Phúc,Provincial,Cultivation,Đậu,,Area_Planted,774.0,ha,Actual,PL3a
16494b9a-0b6b-4aee-a7c5-24504cda06de,2010,5,Vĩnh Phúc,Provincial,Cultivation,Lạc,,Area_Planted,2805.0,ha,Actual,PL3a
2621e7be-2e5b-4cae-8438-628f565a208e,2010,5,Vĩnh Phúc,Provincial,Cultivation,Mía,,Area_Planted,24.0,ha,Actual,PL3a
c258a16c-f50c-4e0f-ad85-1d84a5faec0e,2010,5,Vĩnh Phúc,Provincial,Cultivation,Lúa,,Area_Planted,261.0,ha,Actual,PL3a
b3b06931-36c3-4cca-bbe5-74dc52b8008e,2010,5,Vĩnh Phúc,Provincial,Cultivation,Lúa,,Area_Planted,4847.0,ha,Actual,PL3a
4c327910-4172-494d-9a53-705453ab1dae,2010,5,Bắc Ninh,Provincial,Cultivation,Lúa,,Area_Planted,1521.0,ha,Actual,PL3a
659da8e3-35d0-4427-8d13-b4de3d3f3a0f,2010,5,Bắc Ninh,Provincial,Cultivation,Đậu,,Area_Planted,295.0,ha,Actual,PL3a
1ba9a155-385c-457c-8f37-e529114a40bf,2010,5,Bắc Ninh,Provincial,Cultivation,Lạc,,Area_Planted,935.0,ha,Actual,PL3a
517a7827-8e03-466b-8485-5a72405fddca,2010,5,Bắc Ninh,Provincial,Cultivation,Lúa,,Area_Planted,292.0,ha,Actual,PL3a
d7b3324a-053b-4ba7-bddd-74ff126c3dae,2010,5,Bắc Ninh,Provincial,Cultivation,Lúa,,Area_Planted,1550.0,ha,Actual,PL3a
5b88d223-f378-4999-87c2-1520266b432e,2010,5,Hải Dương,Provincial,Cultivation,Lúa,,Area_Planted,1980.0,ha,Actual,PL3a
cd882df5-6059-4718-bf06-92ff840e4b71,2010,5,Hải Dương,Provincial,Cultivation,Đậu,,Area_Planted,780.0,ha,Actual,PL3a
e6607f2a-5ee9-4074-aa8a-5c75cdd87378,2010,5,Hải Dương,Provincial,Cultivation,Lạc,,Area_Planted,1200.0,ha,Actual,PL3a
beed1422-eba8-467a-a4ab-850934524ef6,2010,5,Hải Dương,Provincial,Cultivation,Lúa,,Area_Planted,12000.0,ha,Actual,PL3a
d3cb9860-5f04-49c4-9839-9c054f35bf24,2010,5,Hưng Yên,Provincial,Cultivation,Lúa,,Area_Planted,3697.0,ha,Actual,PL3a
251fd89e-78f7-4445-b060-be53cfe5abf1,2010,5,Hưng Yên,Provincial,Cultivation,Đậu,,Area_Planted,2758.0,ha,Actual,PL3a
b546be91-2a6c-4d74-b6e4-dbee089c0587,2010,5,Hưng Yên,Provincial,Cultivation,Lạc,,Area_Planted,717.0,ha,Actual,PL3a
eed16549-55b4-4ad2-8b83-572012fd58a1,2010,5,Hưng Yên,Provincial,Cultivation,Lúa,,Area_Planted,222.0,ha,Actual,PL3a
de89e570-2f10-42e0-9378-7fdb3cb3eee7,2010,5,Hưng Yên,Provincial,Cultivation,Lúa,,Area_Planted,9379.0,ha,Actual,PL3a
e0c888fc-b7ad-4a5e-855d-db7f29e4c1b9,2010,5,Hà Nam,Provincial,Cultivation,Lúa,,Area_Planted,484.0,ha,Actual,PL3a
7f835813-f4aa-407d-8fa7-95060ec8e3f9,2010,5,Hà Nam,Provincial,Cultivation,Đậu,,Area_Planted,128.0,ha,Actual,PL3a
36fdc449-4fa9-4039-878e-d5304a1ab650,2010,5,Hà Nam,Provincial,Cultivation,Lạc,,Area_Planted,356.0,ha,Actual,PL3a
a0a2247b-def3-46c7-ad16-a318006d720a,2010,5,Hà Nam,Provincial,Cultivation,Lúa,,Area_Planted,1426.0,ha,Actual,PL3a
0deefa43-8212-4d07-a140-939b41a7b769,2010,5,Nam Định,Provincial,Cultivation,Lúa,,Area_Planted,3758.0,ha,Actual,PL3a
1ac8de4b-b7f3-49a4-90f3-e0606fae4958,2010,5,Nam Định,Provincial,Cultivation,Đậu,,Area_Planted,758.0,ha,Actual,PL3a
382d599b-36c7-428a-8331-271e7457b0a5,2010,5,Nam Định,Provincial,Cultivation,Lạc,,Area_Planted,3000.0,ha,Actual,PL3a
751146e2-207e-4266-bc5a-95c8bf6cc8a8,2010,5,Nam Định,Provincial,Cultivation,Lúa,,Area_Planted,7883.0,ha,Actual,PL3a
36c9ce46-02b1-46f0-a062-29e9535b0771,2010,5,Thái Bình,Provincial,Cultivation,Lúa,,Area_Planted,1900.0,ha,Actual,PL3a
82f8643e-fd01-4b06-8133-7ed0680e2b9e,2010,5,Thái Bình,Provincial,Cultivation,Lạc,,Area_Planted,1500.0,ha,Actual,PL3a
7fd7158d-be2a-46cb-bfb3-67387555e99f,2010,5,Thái Bình,Provincial,Cultivation,Thuốc lá,,Area_Planted,400.0,ha,Actual,PL3a
8ee498e1-faa8-4823-8888-fbafcbb1adc1,2010,5,Thái Bình,Provincial,Cultivation,Lúa,,Area_Planted,1500.0,ha,Actual,PL3a
c10c4986-3c02-44af-bd33-eb3fd3863347,2010,5,Ninh Bình,Provincial,Cultivation,Lúa,,Area_Planted,2769.0,ha,Actual,PL3a
a26522c4-fe03-430a-91fa-73c3a179cbb5,2010,5,Ninh Bình,Provincial,Cultivation,Lạc,,Area_Planted,2769.0,ha,Actual,PL3a
b7ed1b49-b3e7-448e-9b7f-ab771ddce1cf,2010,5,Ninh Bình,Provincial,Cultivation,Lúa,,Area_Planted,4051.0,ha,Actual,PL3a
9df3de7c-8923-4483-b5c7-0c9f6adae5a8,2010,5,Quảng Ninh,Provincial,Cultivation,Lúa,,Area_Planted,3202.0,ha,Actual,PL3a
17dc3158-db02-46e5-a895-215219628d6e,2010,5,Quảng Ninh,Provincial,Cultivation,Đậu,,Area_Planted,620.0,ha,Actual,PL3a
b1d3940f-37e8-4aac-b0b0-851faf239a68,2010,5,Quảng Ninh,Provincial,Cultivation,Lạc,,Area_Planted,2387.0,ha,Actual,PL3a
4efe93a7-1ef1-498c-8023-b5e74914ae1b,2010,5,Quảng Ninh,Provincial,Cultivation,Lúa,,Area_Planted,195.0,ha,Actual,PL3a
019a4736-c9b8-484d-9124-09023e7e1ba3,2010,5,Quảng Ninh,Provincial,Cultivation,Lúa,,Area_Planted,4684.0,ha,Actual,PL3a
0725eff0-635b-40e8-b162-a2b37478fdcc,2010,5,Trung du và MN phíaBắc,Provincial,Cultivation,Lúa,,Area_Planted,86506.0,ha,Actual,PL3a
b6c04dda-6c6f-4c66-bf5e-acff72191c40,2010,5,Trung du và MN phíaBắc,Provincial,Cultivation,Đậu,,Area_Planted,26153.0,ha,Actual,PL3a
12a18129-349c-423e-ae4c-2013b2f5e088,2010,5,Trung du và MN phíaBắc,Provincial,Cultivation,Lạc,,Area_Planted,34054.0,ha,Actual,PL3a
8add6a52-60ab-464d-bcb5-80e3ab255fd9,2010,5,Trung du và MN phíaBắc,Provincial,Cultivation,Mía,,Area_Planted,10490.0,ha,Actual,PL3a
02dbc599-0cd9-4f67-99e8-6ab159336e0b,2010,5,Trung du và MN phíaBắc,Provincial,Cultivation,Thuốc lá,,Area_Planted,10290.0,ha,Actual,PL3a
fe3a0036-3e05-4fd6-9a49-27e2f6904977,2010,5,Trung du và MN phíaBắc,Provincial,Cultivation,Lúa,,Area_Planted,5520.0,ha,Actual,PL3a
b6c6fe19-3e78-4cc2-a9e5-6dfebea5f739,2010,5,Trung du và MN phíaBắc,Provincial,Cultivation,Lúa,,Area_Planted,44212.0,ha,Actual,PL3a
2bc8ca29-19d6-4ee0-bd6c-7b542d44c8de,2010,5,Hà Giang,Provincial,Cultivation,Lúa,,Area_Planted,11196.0,ha,Actual,PL3a
080db4e9-47a0-47be-9892-7edf2bd59a8d,2010,5,Hà Giang,Provincial,Cultivation,Đậu,,Area_Planted,6517.0,ha,Actual,PL3a
3440fffa-8a24-4d7a-b245-1b78ddab9509,2010,5,Hà Giang,Provincial,Cultivation,Lạc,,Area_Planted,4469.0,ha,Actual,PL3a
3ebd79a5-fa8b-43cf-a12b-79b9d4da34f9,2010,5,Hà Giang,Provincial,Cultivation,Lúa,,Area_Planted,210.0,ha,Actual,PL3a
0125013e-c1a9-47c0-8efb-5236fa8c50bf,2010,5,Hà Giang,Provincial,Cultivation,Lúa,,Area_Planted,8713.0,ha,Actual,PL3a
cd50ba76-ba13-433d-b967-61da65246d00,2010,5,Cao Bằng,Provincial,Cultivation,Lúa,,Area_Planted,5950.0,ha,Actual,PL3a
2c33d923-2892-4d9f-b3a6-fd4db4d80ba3,2010,5,Cao Bằng,Provincial,Cultivation,Đậu,,Area_Planted,1105.0,ha,Actual,PL3a
458d9747-d1e4-4626-9e50-8d5318dffc88,2010,5,Cao Bằng,Provincial,Cultivation,Lạc,,Area_Planted,70.0,ha,Actual,PL3a
6976db2b-5ce7-4e15-bfb6-5861d58f659d,2010,5,Cao Bằng,Provincial,Cultivation,Mía,,Area_Planted,1238.0,ha,Actual,PL3a
5665ca8d-a8e5-4790-aca0-2eb16c89126f,2010,5,Cao Bằng,Provincial,Cultivation,Thuốc lá,,Area_Planted,3303.0,ha,Actual,PL3a
c6bb0d83-1cd1-4a62-a53a-66b2961c101c,2010,5,Cao Bằng,Provincial,Cultivation,Lúa,,Area_Planted,234.0,ha,Actual,PL3a
59e7385e-c7a9-4216-9ac2-f7ef5d92671b,2010,5,Cao Bằng,Provincial,Cultivation,Lúa,,Area_Planted,924.0,ha,Actual,PL3a
f42bebfc-4913-4db2-8c09-7c3fc42c9436,2010,5,Lào Cai,Provincial,Cultivation,Lúa,,Area_Planted,2821.0,ha,Actual,PL3a
4f7c285c-4007-4bb3-acfa-9c789f29ad47,2010,5,Lào Cai,Provincial,Cultivation,Đậu,,Area_Planted,1931.0,ha,Actual,PL3a
46205848-3a65-43e7-b7d1-01be40407126,2010,5,Lào Cai,Provincial,Cultivation,Lạc,,Area_Planted,448.0,ha,Actual,PL3a
91f160de-05d8-42ff-9dcf-1ff8acd3c2a4,2010,5,Lào Cai,Provincial,Cultivation,Thuốc lá,,Area_Planted,442.0,ha,Actual,PL3a
089b5cdf-1615-45a2-b9e6-8d1398e624a1,2010,5,Lào Cai,Provincial,Cultivation,Lúa,,Area_Planted,2014.0,ha,Actual,PL3a
d92a51d2-c0ee-4d35-b0e5-ca0cf950e5a0,2010,5,Bắc Cạn,Provincial,Cultivation,Lúa,,Area_Planted,2285.0,ha,Actual,PL3a
94122f90-838a-4969-9c81-d8443acdb118,2010,5,Bắc Cạn,Provincial,Cultivation,Đậu,,Area_Planted,461.0,ha,Actual,PL3a
d0db113e-dbfa-456c-b3cd-683d4b9be134,2010,5,Bắc Cạn,Provincial,Cultivation,Lạc,,Area_Planted,310.0,ha,Actual,PL3a
02506600-ea43-4d6e-8048-85b7c992d1be,2010,5,Bắc Cạn,Provincial,Cultivation,Mía,,Area_Planted,70.0,ha,Actual,PL3a
92091438-69ac-409e-be71-03dc07df3add,2010,5,Bắc Cạn,Provincial,Cultivation,Thuốc lá,,Area_Planted,1444.0,ha,Actual,PL3a
42775111-c1dd-4561-836b-7a808ef7ccf9,2010,5,Bắc Cạn,Provincial,Cultivation,Lúa,,Area_Planted,985.0,ha,Actual,PL3a
a9ce83a2-aab6-42be-a83b-69cf95ac52ed,2010,5,Lạng Sơn,Provincial,Cultivation,Lúa,,Area_Planted,10561.0,ha,Actual,PL3a
3d31f720-5c01-4f2d-ba7e-6abc019a4ddd,2010,5,Lạng Sơn,Provincial,Cultivation,Đậu,,Area_Planted,1600.0,ha,Actual,PL3a
bcb69469-9781-4bb4-bfe2-cfc38baf6265,2010,5,Lạng Sơn,Provincial,Cultivation,Lạc,,Area_Planted,1500.0,ha,Actual,PL3a
763ab79b-256b-4f47-b2fa-b873df587b94,2010,5,Lạng Sơn,Provincial,Cultivation,Mía,,Area_Planted,200.0,ha,Actual,PL3a
2e56f049-7dd6-4b30-8378-e0b026a4d584,2010,5,Lạng Sơn,Provincial,Cultivation,Thuốc lá,,Area_Planted,5016.0,ha,Actual,PL3a
f9fec9fb-0532-49a1-abfe-c7db5c448920,2010,5,Lạng Sơn,Provincial,Cultivation,Lúa,,Area_Planted,2245.0,ha,Actual,PL3a
a552fae0-1101-4e7f-90ca-8b9ba5ba28e8,2010,5,Lạng Sơn,Provincial,Cultivation,Lúa,,Area_Planted,650.0,ha,Actual,PL3a
54590359-4734-47d2-b4ca-39951ada1350,2010,5,Tuyên Quang,Provincial,Cultivation,Lúa,,Area_Planted,5141.0,ha,Actual,PL3a
6e637295-7aea-4fe9-8d65-aa31724c99b0,2010,5,Tuyên Quang,Provincial,Cultivation,Đậu,,Area_Planted,1139.0,ha,Actual,PL3a
712330e3-e7d4-4265-b831-1581682fc059,2010,5,Tuyên Quang,Provincial,Cultivation,Lạc,,Area_Planted,4002.0,ha,Actual,PL3a
2012371a-8807-447a-8f4a-57462d3bc577,2010,5,Tuyên Quang,Provincial,Cultivation,Lúa,,Area_Planted,2221.0,ha,Actual,PL3a
8764ec5a-590e-4624-8e21-50302d542200,2010,5,Yên Bái,Provincial,Cultivation,Lúa,,Area_Planted,4065.0,ha,Actual,PL3a
5aedbff7-7ab6-42bc-84ad-3272b6410b3a,2010,5,Yên Bái,Provincial,Cultivation,Đậu,,Area_Planted,1616.0,ha,Actual,PL3a
b946c431-56c6-4309-9e4c-006d765afc54,2010,5,Yên Bái,Provincial,Cultivation,Lạc,,Area_Planted,1434.0,ha,Actual,PL3a
9544aa24-32ba-4884-a0be-bfac3d97f02e,2010,5,Yên Bái,Provincial,Cultivation,Mía,,Area_Planted,630.0,ha,Actual,PL3a
bd02e6d2-c6bc-4c39-814d-924cf3b1d733,2010,5,Yên Bái,Provincial,Cultivation,Lúa,,Area_Planted,385.0,ha,Actual,PL3a
ff26f6b9-6bc0-45d0-b075-8e553a55b23c,2010,5,Yên Bái,Provincial,Cultivation,Lúa,,Area_Planted,4597.0,ha,Actual,PL3a
050c7f77-2607-4c0b-b62e-855e9781c73a,2010,5,Thái Nguyên,Provincial,Cultivation,Lúa,,Area_Planted,4895.0,ha,Actual,PL3a
cce4d385-8bce-4a2a-a293-68c901f01057,2010,5,Thái Nguyên,Provincial,Cultivation,Đậu,,Area_Planted,1344.0,ha,Actual,PL3a
0dae854a-08cd-4bcc-9ccd-602e7f34d86e,2010,5,Thái Nguyên,Provincial,Cultivation,Lạc,,Area_Planted,3551.0,ha,Actual,PL3a
4712f880-e8d2-4af1-a7d3-f1bfe6461883,2010,5,Thái Nguyên,Provincial,Cultivation,Lúa,,Area_Planted,4160.0,ha,Actual,PL3a
b5e438df-b3f4-453c-ae1e-b9dd5c77e5be,2010,5,Phú Thọ,Provincial,Cultivation,Lúa,,Area_Planted,6115.0,ha,Actual,PL3a
9992bde9-513e-4ec4-89a6-8425edfa4dd8,2010,5,Phú Thọ,Provincial,Cultivation,Đậu,,Area_Planted,1749.0,ha,Actual,PL3a
a77b680e-c4c6-4da5-9eb1-0b27e2042ab7,2010,5,Phú Thọ,Provincial,Cultivation,Lạc,,Area_Planted,4353.0,ha,Actual,PL3a
f1b940b3-f8ea-4fff-8a77-7d92d66a7bf3,2010,5,Phú Thọ,Provincial,Cultivation,Lúa,,Area_Planted,13.0,ha,Actual,PL3a
73c1d4f5-e032-41be-ae50-2f72b0cd459b,2010,5,Phú Thọ,Provincial,Cultivation,Lúa,,Area_Planted,2461.0,ha,Actual,PL3a
bc2008ee-d6a3-49d3-8d85-4db1f14706b8,2010,5,Bắc Giang,Provincial,Cultivation,Lúa,,Area_Planted,9563.0,ha,Actual,PL3a
ae25641b-91be-4b51-bd21-033960045c88,2010,5,Bắc Giang,Provincial,Cultivation,Đậu,,Area_Planted,706.0,ha,Actual,PL3a
d5c35d9f-0e54-4375-9791-62986d70f6b3,2010,5,Bắc Giang,Provincial,Cultivation,Lạc,,Area_Planted,8550.0,ha,Actual,PL3a
4a768c31-d034-4699-afda-40656293518b,2010,5,Bắc Giang,Provincial,Cultivation,Thuốc lá,,Area_Planted,85.0,ha,Actual,PL3a
7c606a33-32e7-434e-846f-b7ce5c4321c6,2010,5,Bắc Giang,Provincial,Cultivation,Lúa,,Area_Planted,222.0,ha,Actual,PL3a
87275135-ce82-45e2-968c-da60b77cb39a,2010,5,Bắc Giang,Provincial,Cultivation,Lúa,,Area_Planted,5036.0,ha,Actual,PL3a
2d4da85d-0f09-46a2-90c2-db0916d5b20b,2010,5,Lai Châu,Provincial,Cultivation,Lúa,,Area_Planted,1637.0,ha,Actual,PL3a
1e8b0fd4-1dbc-4806-8ad8-b29da5c1f430,2010,5,Lai Châu,Provincial,Cultivation,Đậu,,Area_Planted,723.0,ha,Actual,PL3a
a93f390c-860b-49bd-b577-881a276a6670,2010,5,Lai Châu,Provincial,Cultivation,Lạc,,Area_Planted,645.0,ha,Actual,PL3a
f5184901-d19d-4bef-bef0-8ed9ffee82e3,2010,5,Lai Châu,Provincial,Cultivation,Lúa,,Area_Planted,269.0,ha,Actual,PL3a
a5f5de25-f8f5-4b27-8873-3620a1935b52,2010,5,Lai Châu,Provincial,Cultivation,Lúa,,Area_Planted,358.0,ha,Actual,PL3a
5ba00d1d-87c4-4e78-ba19-9e384b31d28e,2010,5,Điện Biên,Provincial,Cultivation,Lúa,,Area_Planted,4573.0,ha,Actual,PL3a
5584ee5c-9dde-43d0-beb4-a01420772ed4,2010,5,Điện Biên,Provincial,Cultivation,Đậu,,Area_Planted,3111.0,ha,Actual,PL3a
5e619b22-fa5f-45c1-bad3-e43aae7d4958,2010,5,Điện Biên,Provincial,Cultivation,Lạc,,Area_Planted,912.0,ha,Actual,PL3a
1e09f3fb-67d5-4320-ba28-e62f3aaed0cd,2010,5,Điện Biên,Provincial,Cultivation,Lúa,,Area_Planted,550.0,ha,Actual,PL3a
3a308ac4-4012-4631-98a7-13e2d8f965ed,2010,5,Điện Biên,Provincial,Cultivation,Lúa,,Area_Planted,950.0,ha,Actual,PL3a
76cac537-efa2-41ae-a510-7c3fe7381e5f,2010,5,Sơn La,Provincial,Cultivation,Lúa,,Area_Planted,5481.0,ha,Actual,PL3a
40a91a45-7c68-4246-9c2e-40dca3cd8273,2010,5,Sơn La,Provincial,Cultivation,Đậu,,Area_Planted,3428.0,ha,Actual,PL3a
a28dc58c-281c-4ebc-bbbb-5ba6f397e710,2010,5,Sơn La,Provincial,Cultivation,Lạc,,Area_Planted,370.0,ha,Actual,PL3a
593a98f0-f79d-4a98-89f6-b54057706d37,2010,5,Sơn La,Provincial,Cultivation,Mía,,Area_Planted,291.0,ha,Actual,PL3a
0dc9cf86-0db9-464c-9dea-ae508cb2cdd0,2010,5,Sơn La,Provincial,Cultivation,Lúa,,Area_Planted,1392.0,ha,Actual,PL3a
41d878b3-dfba-4ee9-a171-ba1b585bdf97,2010,5,Sơn La,Provincial,Cultivation,Lúa,,Area_Planted,2398.0,ha,Actual,PL3a
7147af19-cdcd-487b-b69d-332c059c6e58,2010,5,Hoà Bình,Provincial,Cultivation,Lúa,,Area_Planted,12223.0,ha,Actual,PL3a
38ca1244-0166-4d1a-9b28-a0505c40a2c8,2010,5,Hoà Bình,Provincial,Cultivation,Đậu,,Area_Planted,723.0,ha,Actual,PL3a
58aaff70-e628-4461-be3e-a70b6e04f8cd,2010,5,Hoà Bình,Provincial,Cultivation,Lạc,,Area_Planted,3439.0,ha,Actual,PL3a
6c9e077f-7fd1-488c-8cec-f42b67ba61c2,2010,5,Hoà Bình,Provincial,Cultivation,Mía,,Area_Planted,8061.0,ha,Actual,PL3a
7b13348a-c351-4650-82da-e5d06d35f7f3,2010,5,Hoà Bình,Provincial,Cultivation,Lúa,,Area_Planted,8745.0,ha,Actual,PL3a
3405a674-131b-4432-89b7-a81f592a82ed,2010,5,Bắc Trung Bộ,Provincial,Cultivation,Lúa,,Area_Planted,80869.0,ha,Actual,PL3a
0d88b83f-84cd-4554-8d05-58ab9971279b,2010,5,Bắc Trung Bộ,Provincial,Cultivation,Đậu,,Area_Planted,765.0,ha,Actual,PL3a
fa61e66c-ddd1-432b-b987-60a91e7d74f1,2010,5,Bắc Trung Bộ,Provincial,Cultivation,Lạc,,Area_Planted,63542.0,ha,Actual,PL3a
76ed354a-95c1-46b6-a6be-71f288d3c423,2010,5,Bắc Trung Bộ,Provincial,Cultivation,Mía,,Area_Planted,15719.0,ha,Actual,PL3a
347216cb-dc62-4537-930e-4f463dff2760,2010,5,Bắc Trung Bộ,Provincial,Cultivation,Thuốc lá,,Area_Planted,150.0,ha,Actual,PL3a
9b0fb7ac-7f19-42b5-8561-86ef225d001f,2010,5,Bắc Trung Bộ,Provincial,Cultivation,Lúa,,Area_Planted,693.0,ha,Actual,PL3a
6ddcad02-7dde-4aa6-838d-7d19d82bc925,2010,5,Bắc Trung Bộ,Provincial,Cultivation,Lúa,,Area_Planted,35237.0,ha,Actual,PL3a
3483b36a-84a9-447d-9741-8bef88e0248a,2010,5,Thanh Hoá,Provincial,Cultivation,Lúa,,Area_Planted,23184.0,ha,Actual,PL3a
3c96eccc-0df9-4ad1-83ac-ffb8ae9b6147,2010,5,Thanh Hoá,Provincial,Cultivation,Đậu,,Area_Planted,465.0,ha,Actual,PL3a
0078fd10-c181-406e-b92b-b08d00632ec0,2010,5,Thanh Hoá,Provincial,Cultivation,Lạc,,Area_Planted,12150.0,ha,Actual,PL3a
521d6f58-743b-4f00-83ea-f6babeca985e,2010,5,Thanh Hoá,Provincial,Cultivation,Mía,,Area_Planted,10569.0,ha,Actual,PL3a
a61b670b-843c-4d8d-bdae-e2a0dcbef70e,2010,5,Thanh Hoá,Provincial,Cultivation,Lúa,,Area_Planted,11000.0,ha,Actual,PL3a
6171fb1a-2c8b-4cc8-8a33-71f6c54996ae,2010,5,Nghệ An,Provincial,Cultivation,Lúa,,Area_Planted,24151.0,ha,Actual,PL3a
5fd65fe4-2873-42c9-b85b-f4f02703c485,2010,5,Nghệ An,Provincial,Cultivation,Đậu,,Area_Planted,300.0,ha,Actual,PL3a
a2147e70-d662-4e87-96da-2b7ef06363f0,2010,5,Nghệ An,Provincial,Cultivation,Lạc,,Area_Planted,18771.0,ha,Actual,PL3a
1a75d5e7-79c3-4ae0-970e-bb93526eb9dd,2010,5,Nghệ An,Provincial,Cultivation,Mía,,Area_Planted,5000.0,ha,Actual,PL3a
6631bbee-cdef-43a4-a2d8-74a94c0d6f24,2010,5,Nghệ An,Provincial,Cultivation,Thuốc lá,,Area_Planted,80.0,ha,Actual,PL3a
47251d2d-b2fd-4ea0-97c7-9b8d3d55c02b,2010,5,Nghệ An,Provincial,Cultivation,Lúa,,Area_Planted,11168.0,ha,Actual,PL3a
69010f62-c512-4812-b6b1-ee6e73e83287,2010,5,Hà Tĩnh,Provincial,Cultivation,Lúa,,Area_Planted,19940.0,ha,Actual,PL3a
9b4237bc-2eed-47a6-bf3e-858a56b9eeea,2010,5,Hà Tĩnh,Provincial,Cultivation,Lạc,,Area_Planted,19661.0,ha,Actual,PL3a
708d224d-b4ca-4e77-a411-2eb5c18ecd91,2010,5,Hà Tĩnh,Provincial,Cultivation,Lúa,,Area_Planted,279.0,ha,Actual,PL3a
ea505b3e-7969-4de4-a7b2-903a526454e9,2010,5,Hà Tĩnh,Provincial,Cultivation,Lúa,,Area_Planted,3366.0,ha,Actual,PL3a
8faef0e9-b8f8-4ada-ab48-0ea4f556d5ee,2010,5,Quảng Bình,Provincial,Cultivation,Lúa,,Area_Planted,4863.0,ha,Actual,PL3a
e9882a85-9a82-4daa-a2bc-6d91559341dc,2010,5,Quảng Bình,Provincial,Cultivation,Lạc,,Area_Planted,4863.0,ha,Actual,PL3a
5da356c0-7e84-4347-9e2c-d5042ba34b91,2010,5,Quảng Bình,Provincial,Cultivation,Lúa,,Area_Planted,586.0,ha,Actual,PL3a
113d1115-7e6f-47ab-92cd-969fabf733b1,2010,5,Quảng Trị,Provincial,Cultivation,Lúa,,Area_Planted,4757.0,ha,Actual,PL3a
7f163391-324f-44cc-970c-34777705deed,2010,5,Quảng Trị,Provincial,Cultivation,Lạc,,Area_Planted,4500.0,ha,Actual,PL3a
10d068b0-f7ad-43ae-91fd-bf07aff85a16,2010,5,Quảng Trị,Provincial,Cultivation,Lúa,,Area_Planted,257.0,ha,Actual,PL3a
7857cf9c-705f-42ff-8371-08fd4f91a1fe,2010,5,Quảng Trị,Provincial,Cultivation,Lúa,,Area_Planted,3879.0,ha,Actual,PL3a
f818a4f8-65c3-406e-bb7b-9f2c92b9c847,2010,5,Thừa Thiên Huế,Provincial,Cultivation,Lúa,,Area_Planted,3974.0,ha,Actual,PL3a
0010517f-97f5-4a3d-b53c-c3da2242ec03,2010,5,Thừa Thiên Huế,Provincial,Cultivation,Lạc,,Area_Planted,3597.0,ha,Actual,PL3a
1567a713-d2b8-434d-99f0-49db80e3d665,2010,5,Thừa Thiên Huế,Provincial,Cultivation,Mía,,Area_Planted,150.0,ha,Actual,PL3a
32260811-af16-46e9-9155-7b005a222d12,2010,5,Thừa Thiên Huế,Provincial,Cultivation,Thuốc lá,,Area_Planted,70.0,ha,Actual,PL3a
f533a1a3-1047-4ad2-b4bc-30825cb03e88,2010,5,Thừa Thiên Huế,Provincial,Cultivation,Lúa,,Area_Planted,157.0,ha,Actual,PL3a
da9e71e8-229c-43ef-839b-903590166ebd,2010,5,Thừa Thiên Huế,Provincial,Cultivation,Lúa,,Area_Planted,5238.0,ha,Actual,PL3a
f8151bc2-a03c-4282-9124-8b6ff8c80aaa,2010,5,Miền Nam,Regional,Cultivation,Lúa,,Area_Planted,203198.0,ha,Actual,PL3b
9f556e6a-a4bd-4b6b-9434-dcc71e28abd4,2010,5,Miền Nam,Regional,Cultivation,Đậu,,Area_Planted,20158.0,ha,Actual,PL3b
73bdc31e-f508-4c5d-a997-735c15e20b5d,2010,5,Miền Nam,Regional,Cultivation,Lạc,,Area_Planted,51097.0,ha,Actual,PL3b
d8c2e60b-39db-4913-858b-a84c51df2a97,2010,5,Miền Nam,Regional,Cultivation,Lúa,,Area_Planted,20138.0,ha,Actual,PL3b
915de5c2-fbd9-4535-8b8a-eff3a1b8a24b,2010,5,Miền Nam,Regional,Cultivation,Lúa,,Area_Planted,12978.0,ha,Actual,PL3b
1ac6bcd4-74ad-4d50-bed2-37f1b89e6a5b,2010,5,Miền Nam,Regional,Cultivation,Mía,,Area_Planted,96623.0,ha,Actual,PL3b
f40d4207-a361-4a02-b4ba-382050544860,2010,5,Miền Nam,Regional,Cultivation,Lúa,,Area_Planted,1006.0,ha,Actual,PL3b
b09633b0-9322-4a2c-a415-2c51e7ca571a,2010,5,Miền Nam,Regional,Cultivation,Lúa,,Area_Planted,1198.0,ha,Actual,PL3b
4f34395f-7b98-4d7f-893e-a13ffdbf3dc1,2010,5,Miền Nam,Regional,Cultivation,Lúa,,Area_Planted,188232.0,ha,Actual,PL3b
e4303cfb-8614-4834-b57c-7860bb4f10af,2010,5,Miền Nam,Regional,Cultivation,Lúa,,Area_Planted,264827916.0,ha,Actual,PL3b
d5ad9352-0464-4b2c-b6bc-d577c992b4fa,2010,5,D.H Nam Trg Bộ,Provincial,Cultivation,Lúa,,Area_Planted,50356.0,ha,Actual,PL3b
7e80bc76-6c17-44b4-987c-979f353673fd,2010,5,D.H Nam Trg Bộ,Provincial,Cultivation,Đậu,,Area_Planted,1199.0,ha,Actual,PL3b
c609618b-fa26-4bb6-ab12-f551eab06c81,2010,5,D.H Nam Trg Bộ,Provincial,Cultivation,Lạc,,Area_Planted,20631.0,ha,Actual,PL3b
53505db5-7b25-44ef-a9ca-09ad8e6c66f2,2010,5,D.H Nam Trg Bộ,Provincial,Cultivation,Lúa,,Area_Planted,1901.0,ha,Actual,PL3b
c427982e-339e-4799-a33c-58f84936ce93,2010,5,D.H Nam Trg Bộ,Provincial,Cultivation,Lúa,,Area_Planted,874.0,ha,Actual,PL3b
2c4a549c-e497-49f1-a90e-e62518b1fa9d,2010,5,D.H Nam Trg Bộ,Provincial,Cultivation,Mía,,Area_Planted,25276.0,ha,Actual,PL3b
fac8b633-4abd-4fd2-b22b-31a6076d8e54,2010,5,D.H Nam Trg Bộ,Provincial,Cultivation,Lúa,,Area_Planted,434.0,ha,Actual,PL3b
6cc94a51-f41e-4cbe-97b4-bbd0347948c6,2010,5,D.H Nam Trg Bộ,Provincial,Cultivation,Lúa,,Area_Planted,41.0,ha,Actual,PL3b
b141a99f-45ee-4b7d-a3a6-fc64e064f190,2010,5,D.H Nam Trg Bộ,Provincial,Cultivation,Lúa,,Area_Planted,25256.0,ha,Actual,PL3b
c206cc38-a4d1-481f-b2d0-ddb86de96916,2010,5,D.H Nam Trg Bộ,Provincial,Cultivation,Lúa,,Area_Planted,25256.0,ha,Actual,PL3b
05539a55-db23-4274-b4aa-2d38dc7214dc,2010,5,TP Đà Nẵng,Provincial,Cultivation,Lúa,,Area_Planted,735.0,ha,Actual,PL3b
66db3e70-06b7-444e-b450-3c7bab9e791c,2010,5,TP Đà Nẵng,Provincial,Cultivation,Lạc,,Area_Planted,618.0,ha,Actual,PL3b
8e3c75dd-9f4e-4f4f-a396-1dd9c7d6aa93,2010,5,TP Đà Nẵng,Provincial,Cultivation,Mía,,Area_Planted,117.0,ha,Actual,PL3b
8e9fc216-615b-4e6c-868e-ca84e4eb2da1,2010,5,TP Đà Nẵng,Provincial,Cultivation,Lúa,,Area_Planted,369.0,ha,Actual,PL3b
a1d2e6b0-72d9-4696-9695-8dd55f03c4e8,2010,5,TP Đà Nẵng,Provincial,Cultivation,Lúa,,Area_Planted,78.0,ha,Actual,PL3b
784e91a5-36d6-4dd8-b478-5f017589ac02,2010,5,Quảng Nam,Provincial,Cultivation,Lúa,,Area_Planted,9232.0,ha,Actual,PL3b
d8b68932-69a9-4561-9c26-531b3037a6e1,2010,5,Quảng Nam,Provincial,Cultivation,Lạc,,Area_Planted,8264.0,ha,Actual,PL3b
ef869278-9c21-4f95-8656-2b0e7a1710bb,2010,5,Quảng Nam,Provincial,Cultivation,Lúa,,Area_Planted,502.0,ha,Actual,PL3b
2a4a57d6-9b96-4305-aaa8-f507b99edce5,2010,5,Quảng Nam,Provincial,Cultivation,Mía,,Area_Planted,289.0,ha,Actual,PL3b
41062c46-a7c5-4b4a-90f5-767f9e660587,2010,5,Quảng Nam,Provincial,Cultivation,Lúa,,Area_Planted,177.0,ha,Actual,PL3b
1a3f5a45-4eb1-485d-91d3-4011781c298a,2010,5,Quảng Nam,Provincial,Cultivation,Lúa,,Area_Planted,8500.0,ha,Actual,PL3b
af6e7c30-be10-43d7-8ed5-ae4d97b098e1,2010,5,Quảng Nam,Provincial,Cultivation,Lúa,,Area_Planted,3400.0,ha,Actual,PL3b
a4e2b3e3-b856-4804-bef2-d25a2218f78c,2010,5,Quảng Ngãi,Provincial,Cultivation,Lúa,,Area_Planted,3561.0,ha,Actual,PL3b
c4020a87-5eea-4eb1-bd4c-e22e8b025bae,2010,5,Quảng Ngãi,Provincial,Cultivation,Lạc,,Area_Planted,3561.0,ha,Actual,PL3b
3cb6b5f4-4fed-493b-bffd-6ca581f78047,2010,5,Quảng Ngãi,Provincial,Cultivation,Lúa,,Area_Planted,5572.0,ha,Actual,PL3b
8ade9d7b-5718-48d6-be84-d96f4f738a5b,2010,5,Quảng Ngãi,Provincial,Cultivation,Lúa,,Area_Planted,1712.0,ha,Actual,PL3b
5e4f1ff7-bf10-4c97-a7b6-3c350903c281,2010,5,Bình Định,Provincial,Cultivation,Lúa,,Area_Planted,12095.0,ha,Actual,PL3b
b302655c-326b-427a-b41d-54e50a720276,2010,5,Bình Định,Provincial,Cultivation,Đậu,,Area_Planted,881.0,ha,Actual,PL3b
f56aac72-ad31-4c28-8e8d-f6274f71a567,2010,5,Bình Định,Provincial,Cultivation,Lạc,,Area_Planted,7538.0,ha,Actual,PL3b
9565143f-b844-47a1-b799-a470002cf995,2010,5,Bình Định,Provincial,Cultivation,Lúa,,Area_Planted,1475.0,ha,Actual,PL3b
465a4e91-611c-4a66-8827-61719a25d63c,2010,5,Bình Định,Provincial,Cultivation,Mía,,Area_Planted,2201.0,ha,Actual,PL3b
bc590e14-4209-4121-8b23-11c7aabdd1f8,2010,5,Bình Định,Provincial,Cultivation,Lúa,,Area_Planted,8159.0,ha,Actual,PL3b
2edaf56d-94bb-471d-b1bd-97872dfbdec1,2010,5,Bình Định,Provincial,Cultivation,Lúa,,Area_Planted,1039.0,ha,Actual,PL3b
59939e9d-fcee-4e78-a920-e0837e6fc831,2010,5,Phú Yên,Provincial,Cultivation,Lúa,,Area_Planted,14676.0,ha,Actual,PL3b
9a08ab5d-14ad-4268-af50-1a0698f6090a,2010,5,Phú Yên,Provincial,Cultivation,Đậu,,Area_Planted,318.0,ha,Actual,PL3b
74bed4be-95e4-4c21-980a-57893abd6805,2010,5,Phú Yên,Provincial,Cultivation,Lạc,,Area_Planted,540.0,ha,Actual,PL3b
197af0fb-4446-4c7c-a8e9-6ddf2fb1ee11,2010,5,Phú Yên,Provincial,Cultivation,Lúa,,Area_Planted,426.0,ha,Actual,PL3b
3ebc86cb-0598-4cbb-b8a6-ee7ced1917e3,2010,5,Phú Yên,Provincial,Cultivation,Lúa,,Area_Planted,372.0,ha,Actual,PL3b
cceb0917-4d8b-4606-a5ee-63a59d50cbee,2010,5,Phú Yên,Provincial,Cultivation,Mía,,Area_Planted,12722.0,ha,Actual,PL3b
ad64a91b-f990-4c10-9b7c-3325e543b4b6,2010,5,Phú Yên,Provincial,Cultivation,Lúa,,Area_Planted,257.0,ha,Actual,PL3b
5bb65a12-0213-4402-bd72-1313512598f4,2010,5,Phú Yên,Provincial,Cultivation,Lúa,,Area_Planted,41.0,ha,Actual,PL3b
b80fb85b-f2e9-43b1-b4de-de94a3283c77,2010,5,Phú Yên,Provincial,Cultivation,Lúa,,Area_Planted,2456.0,ha,Actual,PL3b
298c36cd-ea8e-4975-8164-eafbeb8541d8,2010,5,Phú Yên,Provincial,Cultivation,Lúa,,Area_Planted,1687.0,ha,Actual,PL3b
d0725a1d-8607-420a-9298-f1d701d74a50,2010,5,Khánh Hoà,Provincial,Cultivation,Lúa,,Area_Planted,10057.0,ha,Actual,PL3b
f367eb57-2774-4d32-87be-681f5d7ba45a,2010,5,Khánh Hoà,Provincial,Cultivation,Lạc,,Area_Planted,110.0,ha,Actual,PL3b
97853758-a93d-4c38-bc15-bd039726f49c,2010,5,Khánh Hoà,Provincial,Cultivation,Mía,,Area_Planted,9947.0,ha,Actual,PL3b
9e8bb934-660c-45cd-8a10-cbdcc86e4f3f,2010,5,Khánh Hoà,Provincial,Cultivation,Lúa,,Area_Planted,200.0,ha,Actual,PL3b
cff38c4e-b114-4a22-82b5-0eed90835aec,2010,5,Tây Nguyên,Provincial,Cultivation,Lúa,,Area_Planted,29408.0,ha,Actual,PL3b
9149e28e-8c0d-47aa-8718-0e74c377a696,2010,5,Tây Nguyên,Provincial,Cultivation,Đậu,,Area_Planted,11057.0,ha,Actual,PL3b
c2787c2c-2025-4582-b7ae-1d5993882443,2010,5,Tây Nguyên,Provincial,Cultivation,Lạc,,Area_Planted,1183.0,ha,Actual,PL3b
aed68022-f2b5-4bd8-8c05-fc846eeacda0,2010,5,Tây Nguyên,Provincial,Cultivation,Lúa,,Area_Planted,0.0,ha,Actual,PL3b
0ea98921-2bc3-433c-8d99-fb5e6aa7a7e8,2010,5,Tây Nguyên,Provincial,Cultivation,Lúa,,Area_Planted,6489.0,ha,Actual,PL3b
0a73c56d-0fc7-48c1-b456-1659eb3d5975,2010,5,Tây Nguyên,Provincial,Cultivation,Mía,,Area_Planted,10679.0,ha,Actual,PL3b
d13d3b8a-e1b5-47fe-8118-be03407087f7,2010,5,Tây Nguyên,Provincial,Cultivation,Lúa,,Area_Planted,0.0,ha,Actual,PL3b
5adf63db-7458-4e9e-a6ab-363d38c8a8a2,2010,5,Tây Nguyên,Provincial,Cultivation,Lúa,,Area_Planted,0.0,ha,Actual,PL3b
5898d9bb-4e8c-4761-81dd-ce0bcf3fc862,2010,5,Tây Nguyên,Provincial,Cultivation,Lúa,,Area_Planted,35491.0,ha,Actual,PL3b
9857d899-26c9-4759-a531-8f8c70a05a68,2010,5,Tây Nguyên,Provincial,Cultivation,Lúa,,Area_Planted,8444.0,ha,Actual,PL3b
0ea24a6b-31ed-411d-8dba-75c23abf5543,2010,5,Kon Tum,Provincial,Cultivation,Lúa,,Area_Planted,4022.0,ha,Actual,PL3b
56809110-7ee6-47bd-8dee-40610b61686f,2010,5,Kon Tum,Provincial,Cultivation,Lạc,,Area_Planted,58.0,ha,Actual,PL3b
7419cf40-4aa0-4aec-be3b-2dd1cc1621c0,2010,5,Kon Tum,Provincial,Cultivation,Lúa,,Area_Planted,1867.0,ha,Actual,PL3b
099ba40b-c0a6-4bf9-bee6-194e616062a4,2010,5,Kon Tum,Provincial,Cultivation,Mía,,Area_Planted,2097.0,ha,Actual,PL3b
ad11d55f-02db-4e82-9460-c2e64d2e25bd,2010,5,Kon Tum,Provincial,Cultivation,Lúa,,Area_Planted,8700.0,ha,Actual,PL3b
168dc780-3d74-4d16-a01c-89fb1439da55,2010,5,Kon Tum,Provincial,Cultivation,Lúa,,Area_Planted,92.0,ha,Actual,PL3b
76c5ac55-3645-4682-a104-6ab2060b74c1,2010,5,Gia Lai,Provincial,Cultivation,Lúa,,Area_Planted,12140.0,ha,Actual,PL3b
9ab0f0be-676a-4c1c-8747-1c7f893fc330,2010,5,Gia Lai,Provincial,Cultivation,Lạc,,Area_Planted,211.0,ha,Actual,PL3b
8069c655-d342-4c15-8f59-381201ca0c29,2010,5,Gia Lai,Provincial,Cultivation,Lúa,,Area_Planted,4622.0,ha,Actual,PL3b
fa8de2fb-faf6-4027-9547-185c00fbfaa5,2010,5,Gia Lai,Provincial,Cultivation,Mía,,Area_Planted,7307.0,ha,Actual,PL3b
d46d4fe5-9847-487e-8173-2577b1f41c55,2010,5,Gia Lai,Provincial,Cultivation,Lúa,,Area_Planted,8108.0,ha,Actual,PL3b
923c7cd8-cb24-4747-aa36-0148e72cfa7c,2010,5,Gia Lai,Provincial,Cultivation,Lúa,,Area_Planted,2652.0,ha,Actual,PL3b
944ddfa7-e899-4ea2-bb44-ec99943c577f,2010,5,Đắc Lắc,Provincial,Cultivation,Lúa,,Area_Planted,2677.0,ha,Actual,PL3b
e0e784b3-484a-424d-bcf1-a49d63ed9c24,2010,5,Đắc Lắc,Provincial,Cultivation,Đậu,,Area_Planted,1763.0,ha,Actual,PL3b
41642675-3cc6-4224-aeab-e99c0c931dc9,2010,5,Đắc Lắc,Provincial,Cultivation,Lạc,,Area_Planted,914.0,ha,Actual,PL3b
8f0cf64f-b146-43cf-8753-f5107b9f58e7,2010,5,Đắc Lắc,Provincial,Cultivation,Lúa,,Area_Planted,3312.0,ha,Actual,PL3b
e90cee81-82fd-474b-8054-366d03b8d5ed,2010,5,Đắc Lắc,Provincial,Cultivation,Lúa,,Area_Planted,5085.0,ha,Actual,PL3b
ceb0231b-1544-451a-a44b-bf38201b17cf,2010,5,Đắc Nông,Provincial,Cultivation,Lúa,,Area_Planted,9369.0,ha,Actual,PL3b
9c35ff90-9c20-4cea-9d42-f48c9c519bec,2010,5,Đắc Nông,Provincial,Cultivation,Đậu,,Area_Planted,9294.0,ha,Actual,PL3b
5149c9cb-e7f5-402e-9a4e-5c49d3940a00,2010,5,Đắc Nông,Provincial,Cultivation,Mía,,Area_Planted,75.0,ha,Actual,PL3b
d0e3d4fc-1a4d-49d4-ac0d-6dad9b254ad8,2010,5,Đắc Nông,Provincial,Cultivation,Lúa,,Area_Planted,1552.0,ha,Actual,PL3b
7f236308-11a4-4f2b-9c56-990b0a079afc,2010,5,Đắc Nông,Provincial,Cultivation,Lúa,,Area_Planted,200.0,ha,Actual,PL3b
e6ae8dda-0a5b-4873-bd43-e5872c4491f0,2010,5,Lâm Đồng,Provincial,Cultivation,Lúa,,Area_Planted,1200.0,ha,Actual,PL3b
025b8abb-1d8c-4cdf-aefe-99b01be98ebd,2010,5,Lâm Đồng,Provincial,Cultivation,Mía,,Area_Planted,1200.0,ha,Actual,PL3b
5c45451c-06fc-43eb-9625-a8bfdbc73ac9,2010,5,Lâm Đồng,Provincial,Cultivation,Lúa,,Area_Planted,13819.0,ha,Actual,PL3b
9821b3a8-a67f-40a7-a8b2-9dd3a4cc8af1,2010,5,Lâm Đồng,Provincial,Cultivation,Lúa,,Area_Planted,415.0,ha,Actual,PL3b
1a914dcd-2ea0-4195-bbd5-21f81bc77bb8,2010,5,Đông Nam Bộ,Provincial,Cultivation,Lúa,,Area_Planted,46359.0,ha,Actual,PL3b
6b18641a-2f11-4736-abb0-631070059dd5,2010,5,Đông Nam Bộ,Provincial,Cultivation,Đậu,,Area_Planted,543.0,ha,Actual,PL3b
2a32b77d-3954-46d4-80c6-6ff80adf494c,2010,5,Đông Nam Bộ,Provincial,Cultivation,Lạc,,Area_Planted,18601.0,ha,Actual,PL3b
cdfcbda4-fc78-43b8-bea1-58845b3ad3ea,2010,5,Đông Nam Bộ,Provincial,Cultivation,Lúa,,Area_Planted,7936.0,ha,Actual,PL3b
21859fa0-2e24-4cd3-bfb6-fe0f1683097f,2010,5,Đông Nam Bộ,Provincial,Cultivation,Lúa,,Area_Planted,5575.0,ha,Actual,PL3b
d98fdf9a-4e12-4a11-95b4-ebd7e83047ed,2010,5,Đông Nam Bộ,Provincial,Cultivation,Mía,,Area_Planted,13132.0,ha,Actual,PL3b
2adcb7a4-2ef4-4f1e-84f2-44af7c1e13d1,2010,5,Đông Nam Bộ,Provincial,Cultivation,Lúa,,Area_Planted,572.0,ha,Actual,PL3b
62c617df-7205-4555-8061-df40da25975e,2010,5,Đông Nam Bộ,Provincial,Cultivation,Lúa,,Area_Planted,0.0,ha,Actual,PL3b
63963f61-ed0b-41d2-9361-0e9d581b123a,2010,5,Đông Nam Bộ,Provincial,Cultivation,Lúa,,Area_Planted,35662.0,ha,Actual,PL3b
85254a8f-9328-4969-b0b2-189e3ce63e5b,2010,5,Đông Nam Bộ,Provincial,Cultivation,Lúa,,Area_Planted,7528.0,ha,Actual,PL3b
8eaf07cf-e6a6-43d3-8785-5864821ff508,2010,5,TP Hồ Chí Minh,Provincial,Cultivation,Lúa,,Area_Planted,2790.0,ha,Actual,PL3b
e8e54ee5-7785-42df-85cc-73a1bef14371,2010,5,TP Hồ Chí Minh,Provincial,Cultivation,Lạc,,Area_Planted,1000.0,ha,Actual,PL3b
29bc68cf-6918-47fa-9404-04c2270853c5,2010,5,TP Hồ Chí Minh,Provincial,Cultivation,Mía,,Area_Planted,1790.0,ha,Actual,PL3b
d5de64e0-61b1-4ff9-93ef-df79c151a4c3,2010,5,TP Hồ Chí Minh,Provincial,Cultivation,Lúa,,Area_Planted,5746.0,ha,Actual,PL3b
b86b7aa5-d757-4e6f-a80e-e7b5c41d2aea,2010,5,Ninh Thuận,Provincial,Cultivation,Lúa,,Area_Planted,1275.0,ha,Actual,PL3b
12ffc31e-b8c1-4fac-9e62-72cf10adbd77,2010,5,Ninh Thuận,Provincial,Cultivation,Lúa,,Area_Planted,190.0,ha,Actual,PL3b
21027ff2-e8a6-4773-ba49-b416c8918b7f,2010,5,Ninh Thuận,Provincial,Cultivation,Lúa,,Area_Planted,32.0,ha,Actual,PL3b
7c491bb2-16db-44b2-8a6b-9963660e3659,2010,5,Ninh Thuận,Provincial,Cultivation,Mía,,Area_Planted,481.0,ha,Actual,PL3b
8f51210c-f2ee-40ae-8717-9d4361c359fd,2010,5,Ninh Thuận,Provincial,Cultivation,Lúa,,Area_Planted,572.0,ha,Actual,PL3b
f8f26c93-845f-4b93-b0ef-5378bdec8092,2010,5,Ninh Thuận,Provincial,Cultivation,Lúa,,Area_Planted,6825.0,ha,Actual,PL3b
710edebe-1c61-4961-b7c9-235a24a90188,2010,5,Ninh Thuận,Provincial,Cultivation,Lúa,,Area_Planted,895.0,ha,Actual,PL3b
e7c39c7f-f136-43fa-9743-4d3c35fb75f9,2010,5,Bình Phước,Provincial,Cultivation,Lúa,,Area_Planted,140.0,ha,Actual,PL3b
69a0100c-594b-40f9-9f0e-31b9fb83f371,2010,5,Bình Phước,Provincial,Cultivation,Lạc,,Area_Planted,130.0,ha,Actual,PL3b
5ca1b09c-f448-4141-91c2-90032ca422ef,2010,5,Bình Phước,Provincial,Cultivation,Lúa,,Area_Planted,10.0,ha,Actual,PL3b
0b71de82-2605-46e5-8948-9cd93dc7027a,2010,5,Bình Phước,Provincial,Cultivation,Lúa,,Area_Planted,816.0,ha,Actual,PL3b
015914fe-13a4-459f-9582-72767fbaefee,2010,5,Tây Ninh,Provincial,Cultivation,Lúa,,Area_Planted,25683.0,ha,Actual,PL3b
d5753c32-c228-4dd6-8e60-7efcda2cb761,2010,5,Tây Ninh,Provincial,Cultivation,Lạc,,Area_Planted,13085.0,ha,Actual,PL3b
529f5626-1b43-4103-95e3-641edce34c0f,2010,5,Tây Ninh,Provincial,Cultivation,Lúa,,Area_Planted,1292.0,ha,Actual,PL3b
bdb072e1-d274-4fc4-8ee0-ac170dd30db1,2010,5,Tây Ninh,Provincial,Cultivation,Lúa,,Area_Planted,4611.0,ha,Actual,PL3b
79922f6b-8d0c-4628-a9ee-6c649f2cf5de,2010,5,Tây Ninh,Provincial,Cultivation,Mía,,Area_Planted,6695.0,ha,Actual,PL3b
c0d5d660-7f27-49a6-8f5c-a3e5d46ee544,2010,5,Tây Ninh,Provincial,Cultivation,Lúa,,Area_Planted,7704.0,ha,Actual,PL3b
20be6aba-8478-4961-9d59-ee158464d2fd,2010,5,Tây Ninh,Provincial,Cultivation,Lúa,,Area_Planted,2677.0,ha,Actual,PL3b
38c50dfe-e45d-4ba0-aee0-6fd852ede59e,2010,5,Bình Dương,Provincial,Cultivation,Lúa,,Area_Planted,929.0,ha,Actual,PL3b
061fe612-166b-4393-9441-f681e296d278,2010,5,Bình Dương,Provincial,Cultivation,Lạc,,Area_Planted,630.0,ha,Actual,PL3b
a231fcb3-c6cd-4a35-bd8d-16e6f9a2df54,2010,5,Bình Dương,Provincial,Cultivation,Mía,,Area_Planted,299.0,ha,Actual,PL3b
19399384-a175-41f6-adaa-0adaa034cde3,2010,5,Bình Dương,Provincial,Cultivation,Lúa,,Area_Planted,1955.0,ha,Actual,PL3b
03ff5419-b5a0-4a59-8462-0f5729c3f55a,2010,5,Bình Dương,Provincial,Cultivation,Lúa,,Area_Planted,150.0,ha,Actual,PL3b
454ec34a-4555-48d6-a6ff-970d0f2eff67,2010,5,Đồng Nai,Provincial,Cultivation,Lúa,,Area_Planted,9651.0,ha,Actual,PL3b
5d176f95-c455-445b-8a94-9514120fbb1d,2010,5,Đồng Nai,Provincial,Cultivation,Đậu,,Area_Planted,291.0,ha,Actual,PL3b
b5462faa-21cf-4dcc-a795-aa41a0df59c3,2010,5,Đồng Nai,Provincial,Cultivation,Lạc,,Area_Planted,2251.0,ha,Actual,PL3b
2ce9f3e9-dc42-43cb-b779-d37876546e71,2010,5,Đồng Nai,Provincial,Cultivation,Lúa,,Area_Planted,3128.0,ha,Actual,PL3b
5b07f109-3349-440e-811e-834acb520dc6,2010,5,Đồng Nai,Provincial,Cultivation,Lúa,,Area_Planted,800.0,ha,Actual,PL3b
3ef76127-7878-494c-a995-77884084536a,2010,5,Đồng Nai,Provincial,Cultivation,Mía,,Area_Planted,3181.0,ha,Actual,PL3b
9111f46d-c372-4d61-b1e2-5a478f75fe5b,2010,5,Đồng Nai,Provincial,Cultivation,Lúa,,Area_Planted,6298.0,ha,Actual,PL3b
f887b671-212d-4bef-8c89-7d08313b60fe,2010,5,Đồng Nai,Provincial,Cultivation,Lúa,,Area_Planted,1911.0,ha,Actual,PL3b
c4cf85c0-34d6-481a-9175-1fbdb338e3a3,2010,5,Bình Thuận,Provincial,Cultivation,Lúa,,Area_Planted,5194.0,ha,Actual,PL3b
eb7a40ef-8050-4beb-a209-2c7a354c6ab5,2010,5,Bình Thuận,Provincial,Cultivation,Đậu,,Area_Planted,241.0,ha,Actual,PL3b
50a8da31-782b-40c5-bde4-3d765e4ee4b3,2010,5,Bình Thuận,Provincial,Cultivation,Lạc,,Area_Planted,1064.0,ha,Actual,PL3b
23e73001-b71d-4e92-9f0c-6d35df69d5d6,2010,5,Bình Thuận,Provincial,Cultivation,Lúa,,Area_Planted,3316.0,ha,Actual,PL3b
e3118c2a-fb17-4dc8-b1f2-51878c521e6c,2010,5,Bình Thuận,Provincial,Cultivation,Lúa,,Area_Planted,31.0,ha,Actual,PL3b
06b5565a-177a-4ce9-a4f3-6c2cd0b7b88c,2010,5,Bình Thuận,Provincial,Cultivation,Mía,,Area_Planted,542.0,ha,Actual,PL3b
9238d343-f304-47e1-b557-6de256d4ca08,2010,5,Bình Thuận,Provincial,Cultivation,Lúa,,Area_Planted,2118.0,ha,Actual,PL3b
27fc87f8-35e0-429f-ad0c-b9c60826f9aa,2010,5,Bình Thuận,Provincial,Cultivation,Lúa,,Area_Planted,1763.0,ha,Actual,PL3b
8cff3f10-cca2-4501-8344-a564012bcc86,2010,5,Bà Rịa-V.Tàu,Provincial,Cultivation,Lúa,,Area_Planted,697.0,ha,Actual,PL3b
eb88c5d9-ddd5-424b-829d-8e5cc37a0358,2010,5,Bà Rịa-V.Tàu,Provincial,Cultivation,Đậu,,Area_Planted,11.0,ha,Actual,PL3b
df85fa91-e220-4e28-8fd6-19a6b7d3e703,2010,5,Bà Rịa-V.Tàu,Provincial,Cultivation,Lạc,,Area_Planted,441.0,ha,Actual,PL3b
ca1c21b7-7e23-475c-8d29-41866084cdea,2010,5,Bà Rịa-V.Tàu,Provincial,Cultivation,Lúa,,Area_Planted,101.0,ha,Actual,PL3b
98d57a1c-fecb-4ea6-9963-4cdd542ada1a,2010,5,Bà Rịa-V.Tàu,Provincial,Cultivation,Mía,,Area_Planted,144.0,ha,Actual,PL3b
f9381099-81ce-4507-9270-23a17f69cf0e,2010,5,Bà Rịa-V.Tàu,Provincial,Cultivation,Lúa,,Area_Planted,4200.0,ha,Actual,PL3b
80c6c61d-3bfb-4f29-a46b-f20f85659ed1,2010,5,Bà Rịa-V.Tàu,Provincial,Cultivation,Lúa,,Area_Planted,132.0,ha,Actual,PL3b
360a61cb-8c63-4181-bf0c-78693daae824,2010,5,ĐBS Cửu Long,Provincial,Cultivation,Lúa,,Area_Planted,77075.0,ha,Actual,PL3b
a094ddb9-bf09-4916-8c97-8257ca1014d3,2010,5,ĐBS Cửu Long,Provincial,Cultivation,Đậu,,Area_Planted,7359.0,ha,Actual,PL3b
6c492294-5a1a-49db-ade1-29c57cc4529d,2010,5,ĐBS Cửu Long,Provincial,Cultivation,Lạc,,Area_Planted,10682.0,ha,Actual,PL3b
ae4319f0-df20-44b5-a0aa-f36c39069cfa,2010,5,ĐBS Cửu Long,Provincial,Cultivation,Lúa,,Area_Planted,10301.0,ha,Actual,PL3b
95dacb67-6f17-4c26-841b-e6cfbb8bace3,2010,5,ĐBS Cửu Long,Provincial,Cultivation,Lúa,,Area_Planted,40.0,ha,Actual,PL3b
0896ae85-2025-4881-b385-99383c28b1a5,2010,5,ĐBS Cửu Long,Provincial,Cultivation,Mía,,Area_Planted,47536.0,ha,Actual,PL3b
e8d9215a-a8a4-4b7a-b6f8-818e1b527d65,2010,5,ĐBS Cửu Long,Provincial,Cultivation,Lúa,,Area_Planted,0.0,ha,Actual,PL3b
795f9059-9e4e-4d47-b6ed-808c41d7fa3b,2010,5,ĐBS Cửu Long,Provincial,Cultivation,Lúa,,Area_Planted,1157.0,ha,Actual,PL3b
31d51872-65e8-4c0f-8813-cef93fb50ded,2010,5,ĐBS Cửu Long,Provincial,Cultivation,Lúa,,Area_Planted,91823.0,ha,Actual,PL3b
15b30165-b097-4b90-9825-b0502c519177,2010,5,ĐBS Cửu Long,Provincial,Cultivation,Lúa,,Area_Planted,2594.0,ha,Actual,PL3b
2315d17b-9d48-4d89-86b2-d4f9f6758708,2010,5,Long An,Provincial,Cultivation,Lúa,,Area_Planted,21503.0,ha,Actual,PL3b
22f477f3-7607-4af3-bd14-7a88d246175c,2010,5,Long An,Provincial,Cultivation,Lạc,,Area_Planted,6881.0,ha,Actual,PL3b
75561141-8323-43ca-8f7d-0bb333e8c6d3,2010,5,Long An,Provincial,Cultivation,Lúa,,Area_Planted,1741.0,ha,Actual,PL3b
10a3c65e-90d6-4c63-8a56-d114f715b64d,2010,5,Long An,Provincial,Cultivation,Mía,,Area_Planted,12881.0,ha,Actual,PL3b
395b31c3-8138-4f42-9271-aab561ad7946,2010,5,Long An,Provincial,Cultivation,Lúa,,Area_Planted,8460.0,ha,Actual,PL3b
ad06e8dd-809f-4c31-98de-313e66aa7a6d,2010,5,Đồng Tháp,Provincial,Cultivation,Lúa,,Area_Planted,8665.0,ha,Actual,PL3b
e8d2294e-795e-420a-affd-f1a6aa9927e8,2010,5,Đồng Tháp,Provincial,Cultivation,Đậu,,Area_Planted,4879.0,ha,Actual,PL3b
5a30d784-df4e-487b-a5e3-e8cf4e42a465,2010,5,Đồng Tháp,Provincial,Cultivation,Lạc,,Area_Planted,16.0,ha,Actual,PL3b
1db2676b-c014-4fbc-97e2-fc6ac00a498a,2010,5,Đồng Tháp,Provincial,Cultivation,Lúa,,Area_Planted,3646.0,ha,Actual,PL3b
cda29e50-7f90-4b51-a394-c37905f9ccec,2010,5,Đồng Tháp,Provincial,Cultivation,Lúa,,Area_Planted,15.0,ha,Actual,PL3b
5541f2fa-0fc0-4127-ae73-4ae7e30ea9f1,2010,5,Đồng Tháp,Provincial,Cultivation,Mía,,Area_Planted,24.0,ha,Actual,PL3b
c2d1018b-12ae-471c-a50e-cde290ad9645,2010,5,Đồng Tháp,Provincial,Cultivation,Lúa,,Area_Planted,85.0,ha,Actual,PL3b
d454fe25-4c86-4bc6-952c-b4e533d3f638,2010,5,Đồng Tháp,Provincial,Cultivation,Lúa,,Area_Planted,5083.0,ha,Actual,PL3b
9270f396-1c95-483f-98c2-4965573dcd9d,2010,5,An Giang,Provincial,Cultivation,Lúa,,Area_Planted,1352.0,ha,Actual,PL3b
dfe74d04-675d-41b1-a058-c196c83fe087,2010,5,An Giang,Provincial,Cultivation,Đậu,,Area_Planted,322.0,ha,Actual,PL3b
6d9d6a4b-28f1-4100-bef8-024932241c25,2010,5,An Giang,Provincial,Cultivation,Lạc,,Area_Planted,175.0,ha,Actual,PL3b
6505bcb1-a432-4f5a-982e-be1e57a3c155,2010,5,An Giang,Provincial,Cultivation,Lúa,,Area_Planted,836.0,ha,Actual,PL3b
2678d4fb-62bd-4232-9870-6304ffa621c5,2010,5,An Giang,Provincial,Cultivation,Lúa,,Area_Planted,1.0,ha,Actual,PL3b
d0c77248-b93f-4c1d-8811-f96c84fec9fa,2010,5,An Giang,Provincial,Cultivation,Mía,,Area_Planted,18.0,ha,Actual,PL3b
37322d82-31f5-46c7-9d8e-b11baba3a75d,2010,5,An Giang,Provincial,Cultivation,Lúa,,Area_Planted,7396.0,ha,Actual,PL3b
6a72a4b7-9317-4baa-b0e2-d35575d636da,2010,5,An Giang,Provincial,Cultivation,Lúa,,Area_Planted,1181.0,ha,Actual,PL3b
a30c2ac1-ec99-4218-bfba-236a012b1fdb,2010,5,Tiền Giang,Provincial,Cultivation,Lúa,,Area_Planted,0.0,ha,Actual,PL3b
e634b89b-678e-451b-b039-1a7fabf57758,2010,5,Tiền Giang,Provincial,Cultivation,Lúa,,Area_Planted,19198.0,ha,Actual,PL3b
9d0d3d5a-2866-46ba-abad-f1bbe3108c28,2010,5,Vĩnh Long,Provincial,Cultivation,Lúa,,Area_Planted,1989.0,ha,Actual,PL3b
5c50f7c2-2b8c-43f6-b4f8-996768ef00e7,2010,5,Vĩnh Long,Provincial,Cultivation,Đậu,,Area_Planted,1101.0,ha,Actual,PL3b
f8ca49de-a8d8-45fb-98af-ee1553444d27,2010,5,Vĩnh Long,Provincial,Cultivation,Lạc,,Area_Planted,29.0,ha,Actual,PL3b
319dc42c-5352-4129-a717-f891e88d786d,2010,5,Vĩnh Long,Provincial,Cultivation,Lúa,,Area_Planted,205.0,ha,Actual,PL3b
0abdfa41-cab2-4eca-b3bf-ce09ac128cbc,2010,5,Vĩnh Long,Provincial,Cultivation,Mía,,Area_Planted,144.0,ha,Actual,PL3b
58c7fc30-9d0f-4a84-902e-03222309abcf,2010,5,Vĩnh Long,Provincial,Cultivation,Lúa,,Area_Planted,510.0,ha,Actual,PL3b
b2023970-ea43-4a96-b5a5-18740921b6a6,2010,5,Vĩnh Long,Provincial,Cultivation,Lúa,,Area_Planted,9845.0,ha,Actual,PL3b
2292e4a1-0b3e-4cb8-ab14-d04cd314e214,2010,5,Vĩnh Long,Provincial,Cultivation,Lúa,,Area_Planted,243.0,ha,Actual,PL3b
7c4e0669-dfa4-4342-9fa2-42e2222664bf,2010,5,Bến Tre,Provincial,Cultivation,Lúa,,Area_Planted,6321.0,ha,Actual,PL3b
dd16c71c-7fac-4361-8697-9df0b97a8cff,2010,5,Bến Tre,Provincial,Cultivation,Lạc,,Area_Planted,122.0,ha,Actual,PL3b
f9fba57b-23e6-4d59-b325-55a46f22a432,2010,5,Bến Tre,Provincial,Cultivation,Mía,,Area_Planted,5992.0,ha,Actual,PL3b
28605ddd-0713-4e9c-8e64-46abe3b9f990,2010,5,Bến Tre,Provincial,Cultivation,Lúa,,Area_Planted,207.0,ha,Actual,PL3b
7b64a05a-5037-421b-8d53-e651049b612d,2010,5,Bến Tre,Provincial,Cultivation,Lúa,,Area_Planted,2317.0,ha,Actual,PL3b
90e56853-f54f-4846-8505-b22cc413f1c1,2010,5,Bến Tre,Provincial,Cultivation,Lúa,,Area_Planted,3.0,ha,Actual,PL3b
244fdf85-d306-48b6-ac00-8881e698192e,2010,5,Kiên Giang,Provincial,Cultivation,Lúa,,Area_Planted,0.0,ha,Actual,PL3b
611c2677-ce43-4f9a-9a96-0d0f9b3bcd20,2010,5,Cần Thơ,Provincial,Cultivation,Lúa,,Area_Planted,4613.0,ha,Actual,PL3b
72bfa0ba-7ce4-44b0-82f8-47d63046d548,2010,5,Cần Thơ,Provincial,Cultivation,Đậu,,Area_Planted,702.0,ha,Actual,PL3b
775ff506-c52d-4ac8-a614-e414eb76e2b4,2010,5,Cần Thơ,Provincial,Cultivation,Lạc,,Area_Planted,14.0,ha,Actual,PL3b
f2706f28-d513-47c8-b019-ff7c9d47bf96,2010,5,Cần Thơ,Provincial,Cultivation,Lúa,,Area_Planted,3873.0,ha,Actual,PL3b
15a2e205-2416-44bf-84bf-3b3db125659a,2010,5,Cần Thơ,Provincial,Cultivation,Lúa,,Area_Planted,24.0,ha,Actual,PL3b
8a0aa733-1fb8-4ffb-99b4-c8722b7d3e56,2010,5,Cần Thơ,Provincial,Cultivation,Lúa,,Area_Planted,2994.0,ha,Actual,PL3b
ffbad842-deba-4d8e-a0c2-e2cfdc977464,2010,5,Cần Thơ,Provincial,Cultivation,Lúa,,Area_Planted,325.0,ha,Actual,PL3b
fcdf48f8-a346-4580-996e-5797a4aa78f4,2010,5,Hậu Giang,Provincial,Cultivation,Lúa,,Area_Planted,13123.0,ha,Actual,PL3b
4becf937-980b-4345-b0e8-2bc43a6bc82a,2010,5,Hậu Giang,Provincial,Cultivation,Mía,,Area_Planted,13123.0,ha,Actual,PL3b
a52d489c-b512-4841-ab9a-2dd7bca02728,2010,5,Hậu Giang,Provincial,Cultivation,Lúa,,Area_Planted,872.0,ha,Actual,PL3b
278e30ce-c2c0-4ab2-ad6f-48b9dff7a066,2010,5,Hậu Giang,Provincial,Cultivation,Lúa,,Area_Planted,77.0,ha,Actual,PL3b
359c6d6c-9e6f-4746-82fc-493905b01ff8,2010,5,Trà Vinh,Provincial,Cultivation,Lúa,,Area_Planted,8782.0,ha,Actual,PL3b
138eb069-dab8-4ee0-a52a-e65e06f8e7f4,2010,5,Trà Vinh,Provincial,Cultivation,Đậu,,Area_Planted,224.0,ha,Actual,PL3b
8d786c63-2c11-461d-ad34-8962a1bcf868,2010,5,Trà Vinh,Provincial,Cultivation,Lạc,,Area_Planted,3445.0,ha,Actual,PL3b
cf5fb157-1ed9-4748-9bf4-1be89bda9224,2010,5,Trà Vinh,Provincial,Cultivation,Mía,,Area_Planted,4758.0,ha,Actual,PL3b
b2d6b5a5-0ccf-444c-8315-480e1db9c210,2010,5,Trà Vinh,Provincial,Cultivation,Lúa,,Area_Planted,355.0,ha,Actual,PL3b
baa3e9e0-8663-445a-ad2f-ae2c8958b591,2010,5,Trà Vinh,Provincial,Cultivation,Lúa,,Area_Planted,14649.0,ha,Actual,PL3b
0d2e24c8-261f-4445-a672-db4ba0cbc990,2010,5,Trà Vinh,Provincial,Cultivation,Lúa,,Area_Planted,765.0,ha,Actual,PL3b
685c442f-2492-4e3f-9bb5-ecfab95e5534,2010,5,Sóc Trăng,Provincial,Cultivation,Lúa,,Area_Planted,10596.0,ha,Actual,PL3b
2232a3c5-bd08-4977-bc9c-01d68ddc8d18,2010,5,Sóc Trăng,Provincial,Cultivation,Mía,,Area_Planted,10596.0,ha,Actual,PL3b
c7739ea0-74e1-4fc7-9be8-f32aac3ff9d5,2010,5,Sóc Trăng,Provincial,Cultivation,Lúa,,Area_Planted,21009.0,ha,Actual,PL3b
f792ae09-af7a-42bf-9698-4049528f58a7,2010,5,Bạc Liêu,Provincial,Cultivation,Lúa,,Area_Planted,131.0,ha,Actual,PL3b
cecf33ff-aeca-43dd-9483-0023a1bd2fd8,2010,5,Bạc Liêu,Provincial,Cultivation,Đậu,,Area_Planted,131.0,ha,Actual,PL3b
7415350e-01d3-45aa-adc6-6c28c7822c51,2010,5,Cả nước,National,Forestry,Rừng,,Area,106.0,1000_ha,Estimated,PL6
62842c0b-53be-4ec6-b0d0-348cd3c70508,2010,5,Cả nước,National,Forestry,Rừng,,Area,770.0,1000_ha,Plan,PL6
1a3de3f2-20c1-4b55-a049-3cb153d2cae9,2010,5,Cả nước,National,Forestry,Rừng,,Area,31.0,1000_ha,Estimated,PL6
e4d107dd-88f1-4020-8d12-c505fbe16bb3,2010,5,Cả nước,National,Forestry,Rừng,,Area,236.0,1000_ha,Plan,PL6
2e60044f-6207-4aff-b667-b3d5dd64ae8f,2010,5,Cả nước,National,Forestry,Rừng,,Area,2.0,1000_ha,Plan,PL6
4a5caa83-a6f5-4baa-988a-96ddfec80aed,2010,5,Cả nước,National,Forestry,Rừng,,Area,17.0,1000_ha,Plan,PL6
ea02f62d-408c-473a-aee2-8e111606e438,2010,5,Cả nước,National,Forestry,Rừng,,Area,0.9,1000_ha,Estimated,PL6
6142426b-68e4-4a9c-b62b-7605d2ddd5f4,2010,5,Cả nước,National,Forestry,Rừng,,Area,9.0,1000_ha,Plan,PL6
783fb73d-4d44-41f6-95d7-05614a6e1102,2010,5,Cả nước,National,Forestry,Rừng,,Area,0.1,1000_ha,Estimated,PL6
2c599b79-c638-4941-b33a-1c4c78e1b0c9,2010,5,Cả nước,National,Forestry,Rừng,,Area,10.0,1000_ha,Plan,PL6
a6ee7583-609f-4846-9345-ac79be7a49d0,2010,5,Cả nước,National,Forestry,Rừng,,Area,5.0,1000_ha,Plan,PL6
c514b756-05a3-4deb-94ad-838b04d80c2c,2010,5,Cả nước,National,Forestry,Rừng,,Area,11.0,1000_ha,Estimated,PL6
d4c5cfbb-3ef3-40ec-9873-98fe96dbe898,2010,5,Cả nước,National,Forestry,Rừng,,Area,64.0,1000_ha,Plan,PL6
af1902aa-5cd4-4ddf-9386-d0a1d6465d72,2010,5,Cả nước,National,Forestry,Rừng,,Area,1.0,1000_ha,Estimated,PL6
46c459b4-d89c-4613-846d-071b4c6cff38,2010,5,Cả nước,National,Forestry,Rừng,,Area,42.0,1000_ha,Plan,PL6
ae649490-8c2a-4659-a3e6-3b7622b1b278,2010,5,Cả nước,National,Forestry,Rừng,,Area,3.0,1000_ha,Estimated,PL6
3a17f316-bf16-442e-b44c-89042ce864b7,2010,5,Cả nước,National,Forestry,Rừng,,Area,20.0,1000_ha,Plan,PL6
c623b76f-ce5e-45e8-9848-89c5f727956e,2010,5,Cả nước,National,Forestry,Rừng,,Area,8.0,1000_ha,Estimated,PL6
92078044-8647-46e3-8248-c40fd0b13be1,2010,5,Cả nước,National,Forestry,Rừng,,Area,48.0,1000_ha,Plan,PL6
514d9567-03b9-4ca8-bc6a-d45ed26315b3,2010,5,Cả nước,National,Forestry,Rừng,,Area,0.7,1000_ha,Estimated,PL6
b53ce8a1-c37e-41c0-bb57-ac2a87c61fd2,2010,5,Cả nước,National,Forestry,Rừng,,Area,4.0,1000_ha,Plan,PL6
6f087474-0ba9-49ad-9ba7-a55e9635ea27,2010,5,Cả nước,National,Forestry,Rừng,,Area,6.0,1000_ha,Estimated,PL6
a4bc6bd0-36ed-4042-8e6f-79e5082feb2d,2010,5,Cả nước,National,Forestry,Rừng,,Area,16.0,1000_ha,Plan,PL6
1840b737-fd7b-4f1a-98dd-1105fdd095c3,2010,5,Cả nước,National,Forestry,Rừng,,Area,48.0,1000_ha,Estimated,PL6
d38c8556-56f5-44ce-9eee-f7b093ed39dc,2010,5,Cả nước,National,Forestry,Rừng,,Area,204.0,1000_ha,Plan,PL6
f146126c-aa4d-4717-88e1-c08d64845f79,2010,5,Cả nước,National,Forestry,Rừng,,Area,3.0,1000_ha,Estimated,PL6
89243dbc-d293-4b85-8858-331947d176e2,2010,5,Cả nước,National,Forestry,Rừng,,Area,6.0,1000_ha,Plan,PL6
755ef07f-2fd5-4a27-b7db-456d171075fe,2010,5,Cả nước,National,Forestry,Rừng,,Area,3.0,1000_ha,Estimated,PL6
d3fd5c41-b48d-471c-9985-ec45a2eabb9c,2010,5,Cả nước,National,Forestry,Rừng,,Area,3.0,1000_ha,Plan,PL6
12cdb144-0bb6-427e-b010-efd79d440ce6,2010,5,Cả nước,National,Forestry,Rừng,,Area,6.0,1000_ha,Estimated,PL6
e207e27b-c423-4179-a931-200716ff35c3,2010,5,Cả nước,National,Forestry,Rừng,,Area,33.0,1000_ha,Plan,PL6
3d01d4f3-f91c-417d-a76f-fc1ba20be3c1,2010,5,Cả nước,National,Forestry,Rừng,,Area,6.0,1000_ha,Estimated,PL6
d2df9900-2a74-430a-b0de-393bb38e4df8,2010,5,Cả nước,National,Forestry,Rừng,,Area,22.0,1000_ha,Plan,PL6
f0cb3adf-a0f2-488f-8577-6aa8f9751a21,2010,5,Cả nước,National,Forestry,Rừng,,Area,13.0,1000_ha,Estimated,PL6
c0f2fe93-a2d5-4aa5-9ae6-134ea21ec570,2010,5,Cả nước,National,Forestry,Rừng,,Area,26.0,1000_ha,Plan,PL6
03283b6f-e262-48e8-af8a-6ce620c95ce3,2010,5,Cả nước,National,Forestry,Rừng,,Area,3.0,1000_ha,Estimated,PL6
43ac2fbc-6c6f-4470-a203-af702b607fd4,2010,5,Cả nước,National,Forestry,Rừng,,Area,7.0,1000_ha,Plan,PL6
6fa6a195-99f2-428d-a44e-d00f7d366dac,2010,5,Cả nước,National,Forestry,Rừng,,Area,8.0,1000_ha,Estimated,PL6
0e26c115-afca-452d-80ef-0a5aa8352f0e,2010,5,Cả nước,National,Forestry,Rừng,,Area,17.0,1000_ha,Plan,PL6
d1e81571-213a-452b-8d5b-c11e125daaa9,2010,5,Cả nước,National,Forestry,Rừng,,Area,4.0,1000_ha,Estimated,PL6
b1a48248-d2e1-4a07-ad46-b404806cef10,2010,5,Cả nước,National,Forestry,Rừng,,Area,35.0,1000_ha,Plan,PL6
d5910d5c-0810-4ad5-9d2e-7e56c82c510d,2010,5,Cả nước,National,Forestry,Rừng,,Area,16.0,1000_ha,Plan,PL6
4c21823b-fde3-470e-8a59-c87b6c872769,2010,5,Cả nước,National,Forestry,Rừng,,Area,9.0,1000_ha,Plan,PL6
7c81f50b-86c8-4b55-a02c-941520cec826,2010,5,Cả nước,National,Forestry,Rừng,,Area,2.0,1000_ha,Estimated,PL6
fc3b75be-b9e5-4e86-810f-c8b78e624fd0,2010,5,Cả nước,National,Forestry,Rừng,,Area,9.0,1000_ha,Plan,PL6
740a60cc-d8d3-4c28-885c-35c1676d8358,2010,5,Cả nước,National,Forestry,Rừng,,Area,13.0,1000_ha,Plan,PL6
98fe9988-2884-4e94-af9b-2b91ac9f40bd,2010,5,Cả nước,National,Forestry,Rừng,,Area,1.0,1000_ha,Estimated,PL6
cf9dddc9-f9c0-412c-99b9-b2da3a8bf3d2,2010,5,Cả nước,National,Forestry,Rừng,,Area,5.0,1000_ha,Plan,PL6
60d59af3-9dac-4651-9fa0-7a896191cb05,2010,5,Cả nước,National,Forestry,Rừng,,Area,3.0,1000_ha,Plan,PL6
231cce11-2491-4112-8577-aebe97aa7c39,2010,5,Cả nước,National,Forestry,Rừng,,Area,28.0,1000_ha,Estimated,PL6
450c1b2b-72b0-4c28-a129-2921ab7119d9,2010,5,Cả nước,National,Forestry,Rừng,,Area,330.0,1000_ha,Plan,PL6
37001481-ea12-42f5-8ee2-16cfcd7d5448,2010,5,Cả nước,National,Forestry,Rừng,,Area,8.0,1000_ha,Plan,PL6
0c4641bc-c2ce-40fb-8548-16d61e855780,2010,5,Cả nước,National,Forestry,Rừng,,Area,20.0,1000_ha,Plan,PL6
fefb8a9f-f5a0-4623-9e80-cdf84d837784,2010,5,Cả nước,National,Forestry,Rừng,,Area,4.0,1000_ha,Estimated,PL6
5db3f96d-7ff4-495f-bc75-b893ac23ac34,2010,5,Cả nước,National,Forestry,Rừng,,Area,14.0,1000_ha,Plan,PL6
8fb9db31-7f26-40a0-83dd-b28e50db7aa5,2010,5,Cả nước,National,Forestry,Rừng,,Area,27.0,1000_ha,Plan,PL6
f723a2d9-41b6-4e4b-b045-506b1473db94,2010,5,Cả nước,National,Forestry,Rừng,,Area,55.0,1000_ha,Plan,PL6
6b607c91-1558-40db-91e5-a6a6a31d9ce0,2010,5,Cả nước,National,Forestry,Rừng,,Area,6.0,1000_ha,Estimated,PL6
b30134f9-4391-4c6c-9973-f87e4abe3ccd,2010,5,Cả nước,National,Forestry,Rừng,,Area,37.0,1000_ha,Plan,PL6
f5d48019-58ae-4eea-8e3d-0947a651c67c,2010,5,Cả nước,National,Forestry,Rừng,,Area,17.0,1000_ha,Plan,PL6
1bcfa827-9ca0-4617-9597-5072799d9edf,2010,5,Cả nước,National,Forestry,Rừng,,Area,3.0,1000_ha,Estimated,PL6
31c75b7d-0e4f-4dcc-9338-d9217295eae8,2010,5,Cả nước,National,Forestry,Rừng,,Area,23.0,1000_ha,Plan,PL6
4636e3f8-e4c0-4ee1-8525-3c095818b691,2010,5,Cả nước,National,Forestry,Rừng,,Area,0.6,1000_ha,Estimated,PL6
4aa2dfe6-195a-4948-8845-63738f0eb529,2010,5,Cả nước,National,Forestry,Rừng,,Area,7.0,1000_ha,Plan,PL6
13379ce8-dae7-4e24-b8c6-b4d45405e802,2010,5,Cả nước,National,Forestry,Rừng,,Area,2.0,1000_ha,Estimated,PL6
e4a621da-f5e6-4126-ac94-43a0a129916b,2010,5,Cả nước,National,Forestry,Rừng,,Area,16.0,1000_ha,Plan,PL6
9fad4d48-e32a-4860-adbf-6bfa422fe98d,2010,5,Cả nước,National,Forestry,Rừng,,Area,6.0,1000_ha,Estimated,PL6
59f605fc-7a63-4845-b32f-76961046a889,2010,5,Cả nước,National,Forestry,Rừng,,Area,31.0,1000_ha,Plan,PL6
2f9185cf-b5bb-40c1-9720-0e075357f7d2,2010,5,Cả nước,National,Forestry,Rừng,,Area,3.0,1000_ha,Estimated,PL6
5197ba03-caad-4b55-a57d-a32add1e5b1f,2010,5,Cả nước,National,Forestry,Rừng,,Area,28.0,1000_ha,Plan,PL6
48c60427-991c-4735-b72c-e021c290ccd9,2010,5,Cả nước,National,Forestry,Rừng,,Area,1.0,1000_ha,Estimated,PL6
85c1afbb-fb60-4c4d-b966-e3de7ad7518a,2010,5,Cả nước,National,Forestry,Rừng,,Area,17.0,1000_ha,Plan,PL6
504532ee-80b5-46d2-8f31-fa3917f2b5d8,2010,5,Cả nước,National,Forestry,Rừng,,Area,7.0,1000_ha,Plan,PL6
f3c234c1-ddd2-4819-a7a2-638b45a3dae4,2010,5,Cả nước,National,Forestry,Rừng,,Area,4.0,1000_ha,Estimated,PL6
3f982991-4d6e-4ac0-819d-e55695beb409,2010,5,Cả nước,National,Forestry,Rừng,,Area,24.0,1000_ha,Plan,PL6
502c128d-1571-4b98-9b80-4ce8eddaf252,2010,1,Cả nước,National,Trade,"1. Nông sản chính,trong đó:",Xuất khẩu,Export_Value,880.0,million_USD,Actual,PL8
716838bf-a91f-4483-9610-939ddc1fadaa,2010,1,Cả nước,National,Trade,Cà phê,Xuất khẩu,Export_Volume,120.0,1000_ton,Actual,PL8
f7776339-2054-437e-a232-20768ace5d4e,2010,1,Cả nước,National,Trade,Cà phê,Xuất khẩu,Export_Value,166.0,million_USD,Actual,PL8
3f6ac81f-91e5-45c0-b4f0-6ffc6005876e,2010,1,Cả nước,National,Trade,Cao su,Xuất khẩu,Export_Volume,35.0,1000_ton,Actual,PL8
ce732f7a-465b-4dc4-8520-05758c368479,2010,1,Cả nước,National,Trade,Cao su,Xuất khẩu,Export_Value,94.0,million_USD,Actual,PL8
43a87768-0c50-463c-9339-a5dc5bbf3425,2010,1,Cả nước,National,Trade,Gạo,Xuất khẩu,Export_Volume,730.0,1000_ton,Actual,PL8
3b5c2d78-768d-481e-9149-02dfa7ea382e,2010,1,Cả nước,National,Trade,Gạo,Xuất khẩu,Export_Value,390.0,million_USD,Actual,PL8
d374c17a-c71a-4312-bbb2-7feebc6e2a0b,2010,1,Cả nước,National,Trade,Chè,Xuất khẩu,Export_Volume,10.0,1000_ton,Actual,PL8
9a3d288e-6901-4cf0-8152-8f3105cc0efd,2010,1,Cả nước,National,Trade,Chè,Xuất khẩu,Export_Value,14.0,million_USD,Actual,PL8
4bf5d3a9-a70e-40f2-a0a1-3272f3d299f2,2010,1,Cả nước,National,Trade,Hạt điều,Xuất khẩu,Export_Volume,15.0,1000_ton,Actual,PL8
ac9365d5-1002-4526-9610-e3a955925fda,2010,1,Cả nước,National,Trade,Hạt điều,Xuất khẩu,Export_Value,80.0,million_USD,Actual,PL8
0c408cbc-ff5a-4188-b941-32f139083e2d,2010,1,Cả nước,National,Trade,Hạt tiêu,Xuất khẩu,Export_Volume,15.0,1000_ton,Actual,PL8
83a9e30b-5147-4fd8-a486-85c6d1e24e10,2010,1,Cả nước,National,Trade,Hạt tiêu,Xuất khẩu,Export_Value,46.0,million_USD,Actual,PL8
c8460233-1061-4879-bbf9-58c2e9359f19,2010,1,Cả nước,National,Trade,Hàng rau quả,Xuất khẩu,Export_Value,40.0,million_USD,Actual,PL8
43abe89b-0c79-4839-be01-e608e4fb585f,2010,1,Cả nước,National,Trade,Sắn và sản phẩm từ sắn,Xuất khẩu,Export_Volume,190.0,1000_ton,Actual,PL8
fbfd7250-23ce-44dc-b347-51af071da972,2010,1,Cả nước,National,Trade,Sắn và sản phẩm từ sắn,Xuất khẩu,Export_Value,50.0,million_USD,Actual,PL8
0b6df96c-87ed-4c13-b0c1-db7103fbb900,2010,1,Cả nước,National,Trade,2. Thuỷ sản,Xuất khẩu,Export_Value,370.0,million_USD,Actual,PL8
f7dc67a3-bf0f-42d2-bcb1-cc677631dcb1,2010,1,Cả nước,National,Trade,"3. Lâm sản chính,trong đó:",Xuất khẩu,Export_Value,3002.0,million_USD,Actual,PL8
bf850d49-d86e-4cab-95e7-6ffa84c9a651,2010,1,Cả nước,National,Trade,Quế,Xuất khẩu,Export_Volume,5.0,1000_ton,Actual,PL8
43ad9d24-cfe0-456b-9f8c-8059307e7e7e,2010,1,Cả nước,National,Trade,Quế,Xuất khẩu,Export_Value,5.0,million_USD,Actual,PL8
43c5f734-d958-4140-9659-c9ffcc0fd449,2010,1,Cả nước,National,Trade,Gỗ & sản phẩm gỗ,Xuất khẩu,Export_Value,280.0,million_USD,Actual,PL8
c87ea997-cba5-4a2c-a315-eae4877f3d79,2010,1,Cả nước,National,Trade,"SP mây, tre, cói, thảm",Xuất khẩu,Export_Value,18.0,million_USD,Actual,PL8
6b1cd562-21ce-4fbe-b47c-9849bb5b4824,2010,1,Cả nước,National,Trade,Các mặt hàng nông lâm sảnkhác,Xuất khẩu,Export_Value,60.0,million_USD,Actual,PL8
4d0aed7e-4d2c-4209-a748-7606ed579136,2010,1,Cả nước,National,Trade,Các mặt hàng nhập khẩuchính,Xuất khẩu,Export_Value,686.0,million_USD,Actual,PL8
f9ed9508-ee13-4f13-b3ba-05fcc4a076ae,2010,1,Cả nước,National,Trade,Phân bón các loại,Xuất khẩu,Export_Volume,170.0,1000_ton,Actual,PL8
1dcb5369-b68c-460b-be42-aec7426b4ff3,2010,1,Cả nước,National,Trade,Phân bón các loại,Xuất khẩu,Export_Value,53.0,million_USD,Actual,PL8
75c70615-688f-4bb5-8897-f419d299ca8f,2010,1,Cả nước,National,Trade,- U RE,Xuất khẩu,Export_Volume,35.0,1000_ton,Actual,PL8
e32d34de-5f71-4298-b77b-baddd2dfb02c,2010,1,Cả nước,National,Trade,- U RE,Xuất khẩu,Export_Value,11.0,million_USD,Actual,PL8
8956cf3c-c079-4604-9073-0cc3ebbfccdd,2010,1,Cả nước,National,Trade,- S A,Xuất khẩu,Export_Volume,35.0,1000_ton,Actual,PL8
574fbab2-c4a3-4c6f-9f80-3073815dfcda,2010,1,Cả nước,National,Trade,- S A,Xuất khẩu,Export_Value,5.0,million_USD,Actual,PL8
03645fdd-370b-4d4d-8e37-94104a2d6588,2010,1,Cả nước,National,Trade,- D A P,Xuất khẩu,Export_Volume,10.0,1000_ton,Actual,PL8
9f6af0e8-a430-4d15-adf6-956d6b3585f2,2010,1,Cả nước,National,Trade,- D A P,Xuất khẩu,Export_Value,4.0,million_USD,Actual,PL8
1e00a896-13da-40ab-adad-22f50a66d1a3,2010,1,Cả nước,National,Trade,- N P K,Xuất khẩu,Export_Volume,10.0,1000_ton,Actual,PL8
e520abc0-e26a-4378-a089-245c96d3d1cb,2010,1,Cả nước,National,Trade,- N P K,Xuất khẩu,Export_Value,4.0,million_USD,Actual,PL8
f0de8243-6ecd-40c9-abf9-c94e99ed3c72,2010,1,Cả nước,National,Trade,- Các loại phân bón khác,Xuất khẩu,Export_Volume,80.0,1000_ton,Actual,PL8
e98942c5-3522-485b-adb8-9054a0c2ffc3,2010,1,Cả nước,National,Trade,- Các loại phân bón khác,Xuất khẩu,Export_Value,29.0,million_USD,Actual,PL8
6c6545cc-7ce9-4644-ba82-0865f76ebc78,2010,1,Cả nước,National,Trade,Thuốc trừ sâu & nguyên liệu,Xuất khẩu,Export_Value,45.0,million_USD,Actual,PL8
d5ac9d7b-3b6e-49de-ac1a-d58dbc6293c2,2010,1,Cả nước,National,Trade,Lúa mỳ,Xuất khẩu,Export_Volume,340.0,1000_ton,Actual,PL8
df4003c9-965d-448e-8608-5f77612fb945,2010,1,Cả nước,National,Trade,Lúa mỳ,Xuất khẩu,Export_Value,82.0,million_USD,Actual,PL8
f28bd693-707b-4670-9634-c5b475a85aa6,2010,1,Cả nước,National,Trade,Thức ăn gia súc và nguyên liệu,Xuất khẩu,Export_Value,150.0,million_USD,Actual,PL8
f46fcdc1-27df-4607-af17-a7214464502c,2010,1,Cả nước,National,Trade,"Dầu mỡ động, thực vật",Xuất khẩu,Export_Value,50.0,million_USD,Actual,PL8
406d62e3-d4f2-4abb-a149-d5434febe363,2010,1,Cả nước,National,Trade,Cao su,Xuất khẩu,Export_Volume,30.0,1000_ton,Actual,PL8
0b67fcbd-0a8a-477c-b6db-eeba0975f963,2010,1,Cả nước,National,Trade,Cao su,Xuất khẩu,Export_Value,60.0,million_USD,Actual,PL8
73f6c071-5ae5-44fb-8631-0ffeefc75512,2010,1,Cả nước,National,Trade,Bông các loại,Xuất khẩu,Export_Volume,35.0,1000_ton,Actual,PL8
a93f1415-d35a-414a-b75b-50a8e6a33f2e,2010,1,Cả nước,National,Trade,Bông các loại,Xuất khẩu,Export_Value,60.0,million_USD,Actual,PL8
dbe295d6-7b49-41d2-9b5d-6c12c8732589,2010,1,Cả nước,National,Trade,Sữa &sản phẩm sữa,Xuất khẩu,Export_Value,60.0,million_USD,Actual,PL8
f954d2dc-e65b-469a-a1e0-389b2420905c,2010,1,Cả nước,National,Trade,Gỗ & sản phẩm gỗ,Xuất khẩu,Export_Value,80.0,million_USD,Actual,PL8
8acf81cf-1db5-4e6d-9564-6f0b25c269a4,2010,1,Cả nước,National,Trade,Muối,Xuất khẩu,Export_Value,1.0,million_USD,Actual,PL8
e5752616-16e8-42b4-aa59-113b9a9d106e,2010,1,Cả nước,National,Trade,Hàng thủy sản,Xuất khẩu,Export_Value,25.0,million_USD,Actual,PL8
f65f3b1c-7e05-4831-8bfb-7ea0c9cfbcdc,2010,1,Cả nước,National,Trade,Hàng rau quả,Xuất khẩu,Export_Value,20.0,million_USD,Actual,PL8
2ecdddc8-316a-4b2d-8ba2-35d6f3f75b02,2010,5,Cả nước,National,Investment,Cà phê,,Investment_Amount,555535.0,million_VND,Plan,PL9a
1ec23ba0-38af-4412-b68f-877ca15e4a53,2010,5,Cả nước,National,Investment,Cà phê,,Investment_Amount,643740.0,million_VND,Cumulative,PL9a
8589b18a-d8fa-4009-9349-48167fb90ecb,2010,5,Cả nước,National,Investment,Đức,,Investment_Amount,60399.0,million_VND,Plan,PL9a
b4e5bd9e-e8ff-4511-9352-130ca8ff9ec9,2010,5,Cả nước,National,Investment,Đức,,Investment_Amount,88517.0,million_VND,Cumulative,PL9a
09f70524-bbac-4f1b-88ee-5e48ae4753f6,2010,5,Cả nước,National,Investment,Hoa Kỳ,,Investment_Amount,56538.0,million_VND,Plan,PL9a
f1b4f292-9c2c-4b17-a1ad-035b5e2e2e70,2010,5,Cả nước,National,Investment,Hoa Kỳ,,Investment_Amount,80645.0,million_VND,Cumulative,PL9a
3de6b4ea-a7a0-4817-8446-c5d3c98fbcc0,2010,5,Cả nước,National,Investment,Italia,,Investment_Amount,53238.0,million_VND,Plan,PL9a
95b1c769-f9ae-4177-b44e-bee757d83441,2010,5,Cả nước,National,Investment,Italia,,Investment_Amount,40376.0,million_VND,Cumulative,PL9a
d89ef79a-9d87-4259-a0eb-51e1557c6c12,2010,5,Cả nước,National,Investment,Tây Ban Nha,,Investment_Amount,33182.0,million_VND,Plan,PL9a
07a424fb-3b6e-49da-9a4d-3092cf283724,2010,5,Cả nước,National,Investment,Tây Ban Nha,,Investment_Amount,37513.0,million_VND,Cumulative,PL9a
0da1fa0a-0d4f-4170-83c2-b7a509139e4a,2010,5,Cả nước,National,Investment,Nhật Bản,,Investment_Amount,24482.0,million_VND,Plan,PL9a
387ea1bb-9344-4956-be45-180e9b9fc1d2,2010,5,Cả nước,National,Investment,Nhật Bản,,Investment_Amount,35421.0,million_VND,Cumulative,PL9a
cf4d7d7a-ec7a-48a8-922d-03c3e4c74895,2010,5,Cả nước,National,Investment,Bỉ,,Investment_Amount,99566.0,million_VND,Plan,PL9a
f7f19d74-750c-4f8f-86fa-1406579acd10,2010,5,Cả nước,National,Investment,Bỉ,,Investment_Amount,26002.0,million_VND,Cumulative,PL9a
dabc4807-f4ab-4ae8-ba28-ad250878de1f,2010,5,Cả nước,National,Investment,Anh,,Investment_Amount,13644.0,million_VND,Plan,PL9a
c6a8aaa8-b642-41c8-86b0-d161ad5c9b89,2010,5,Cả nước,National,Investment,Anh,,Investment_Amount,19168.0,million_VND,Cumulative,PL9a
80bf9690-7e88-452c-ae64-4e4e0cd95f62,2010,5,Cả nước,National,Investment,Nga,,Investment_Amount,8820.0,million_VND,Plan,PL9a
41899273-4350-46a0-a76c-07e8454c2562,2010,5,Cả nước,National,Investment,Nga,,Investment_Amount,18737.0,million_VND,Cumulative,PL9a
cf729541-3916-4931-8f4c-9d12eee236f6,2010,5,Cả nước,National,Investment,Hàn Quốc,,Investment_Amount,12182.0,million_VND,Plan,PL9a
c7595be3-a9bc-42e4-a42e-e6b525bc2c9a,2010,5,Cả nước,National,Investment,Hàn Quốc,,Investment_Amount,14572.0,million_VND,Cumulative,PL9a
f0408a8f-0df1-42c2-8048-996e383fae5c,2010,5,Cả nước,National,Investment,Inđônêxia,,Investment_Amount,1322.0,million_VND,Plan,PL9a
92de0a3f-7c0d-45fb-90e4-9f55f245a660,2010,5,Cả nước,National,Investment,Inđônêxia,,Investment_Amount,13943.0,million_VND,Cumulative,PL9a
0975c8e8-0412-4586-b971-634f28969e53,2010,5,Cả nước,National,Investment,Cao su,,Investment_Amount,140029.0,million_VND,Plan,PL9a
ff6f6474-7c1e-492a-8788-ad7c962a9200,2010,5,Cả nước,National,Investment,Cao su,,Investment_Amount,419483.0,million_VND,Cumulative,PL9a
c5c2f82b-6958-4724-b69b-897dd9511621,2010,5,Cả nước,National,Investment,Trung Quốc,,Investment_Amount,101250.0,million_VND,Plan,PL9a
6e0b9d05-62ee-4b82-ae1d-975fecc9a56a,2010,5,Cả nước,National,Investment,Trung Quốc,,Investment_Amount,284378.0,million_VND,Cumulative,PL9a
7e86acc0-7c1a-4242-ab72-face75452ad3,2010,5,Cả nước,National,Investment,Hàn Quốc,,Investment_Amount,7196.0,million_VND,Plan,PL9a
60b7e1e8-cbb8-40a5-a3a9-2db831000978,2010,5,Cả nước,National,Investment,Hàn Quốc,,Investment_Amount,19189.0,million_VND,Cumulative,PL9a
ed5e9dc1-8fb6-4395-87bd-1c3f7a1dae7c,2010,5,Cả nước,National,Investment,Đài Loan,,Investment_Amount,3924.0,million_VND,Plan,PL9a
e302de36-21dd-477d-91df-0e50227ee90b,2010,5,Cả nước,National,Investment,Đài Loan,,Investment_Amount,16784.0,million_VND,Cumulative,PL9a
3f4e208f-2ea7-4798-b782-803a7f571371,2010,5,Cả nước,National,Investment,Nga,,Investment_Amount,745.0,million_VND,Plan,PL9a
70462f2f-9925-47e5-bb36-45bd2edd58b5,2010,5,Cả nước,National,Investment,Nga,,Investment_Amount,16032.0,million_VND,Cumulative,PL9a
f9db3300-7d8e-40bd-9353-23da5aee12aa,2010,5,Cả nước,National,Investment,Đức,,Investment_Amount,3732.0,million_VND,Plan,PL9a
b2ef7867-b7a7-43be-99b9-3e3fba393466,2010,5,Cả nước,National,Investment,Đức,,Investment_Amount,13400.0,million_VND,Cumulative,PL9a
9204c52a-4f12-4425-9761-5fc94da53aba,2010,5,Cả nước,National,Investment,Hoa Kỳ,,Investment_Amount,3723.0,million_VND,Plan,PL9a
0038ad53-a738-47be-a959-0b0868a47b07,2010,5,Cả nước,National,Investment,Hoa Kỳ,,Investment_Amount,9621.0,million_VND,Cumulative,PL9a
18e1e2c1-8c42-4fd4-b85c-a146ebf1fe83,2010,5,Cả nước,National,Investment,Malaixia,,Investment_Amount,3445.0,million_VND,Plan,PL9a
33ca5df1-502c-4c0d-949b-d711766d6ad9,2010,5,Cả nước,National,Investment,Malaixia,,Investment_Amount,8797.0,million_VND,Cumulative,PL9a
db97c65c-5173-4e00-9b40-98985e1f18b6,2010,5,Cả nước,National,Investment,Nhật Bản,,Investment_Amount,2438.0,million_VND,Plan,PL9a
a75d5f01-0efa-4ce1-88b3-c6192195ea0d,2010,5,Cả nước,National,Investment,Nhật Bản,,Investment_Amount,8374.0,million_VND,Cumulative,PL9a
3a9875b6-17e5-4e93-8469-725971c4e7b1,2010,5,Cả nước,National,Investment,Ấn Độ,,Investment_Amount,347.0,million_VND,Plan,PL9a
6a0752a8-95f4-4cb5-86d7-19e9e697dc88,2010,5,Cả nước,National,Investment,Ấn Độ,,Investment_Amount,7300.0,million_VND,Cumulative,PL9a
5ff91d62-92fc-4a34-b4d8-fe1883d4127e,2010,5,Cả nước,National,Investment,Thổ Nhĩ Kỳ,,Investment_Amount,1794.0,million_VND,Plan,PL9a
76542c77-45cc-4ffe-b078-2b581ab14b89,2010,5,Cả nước,National,Investment,Thổ Nhĩ Kỳ,,Investment_Amount,7123.0,million_VND,Cumulative,PL9a
ce737efd-6ff3-4469-a5c5-b79acfd2929e,2010,5,Cả nước,National,Investment,Chè,,Investment_Amount,31092.0,million_VND,Plan,PL9a
7d694434-2cfb-4c66-91f3-6f9d3c0a90c1,2010,5,Cả nước,National,Investment,Chè,,Investment_Amount,48113.0,million_VND,Cumulative,PL9a
1a313a2a-16a5-4145-8289-eb91fb030116,2010,5,Cả nước,National,Investment,Nga,,Investment_Amount,5345.0,million_VND,Plan,PL9a
8583e103-4d37-46ff-a562-7b3b963aab02,2010,5,Cả nước,National,Investment,Nga,,Investment_Amount,8651.0,million_VND,Cumulative,PL9a
10e90a5f-a2d0-419b-96cc-2e9140ec2c75,2010,5,Cả nước,National,Investment,Đài Loan,,Investment_Amount,4400.0,million_VND,Plan,PL9a
cb8e04bc-2768-4066-a06f-ac1f6b544860,2010,5,Cả nước,National,Investment,Đài Loan,,Investment_Amount,5856.0,million_VND,Cumulative,PL9a
d38f6b01-1499-4dba-815b-b5d4b9871796,2010,5,Cả nước,National,Investment,Pakixtan,,Investment_Amount,8279.0,million_VND,Plan,PL9a
a63cfe26-e057-4fef-b16a-f8270a34cc9d,2010,5,Cả nước,National,Investment,Pakixtan,,Investment_Amount,5833.0,million_VND,Cumulative,PL9a
29d8d10f-ba43-4bd9-bc80-d4bb7fcff3d1,2010,5,Cả nước,National,Investment,Trung Quốc,,Investment_Amount,1728.0,million_VND,Plan,PL9a
31adc018-46ed-4fe0-aac4-52721aa06790,2010,5,Cả nước,National,Investment,Trung Quốc,,Investment_Amount,2850.0,million_VND,Cumulative,PL9a
33c0059f-91a3-443e-8f4d-a4b261a31322,2010,5,Cả nước,National,Investment,Tiểu VQ Arập thốngnhất,,Investment_Amount,174.0,million_VND,Plan,PL9a
d61438c8-dc37-4332-8d40-6b8638283daf,2010,5,Cả nước,National,Investment,Tiểu VQ Arập thốngnhất,,Investment_Amount,2457.0,million_VND,Cumulative,PL9a
830a6780-2c08-482c-b579-c6246da373cb,2010,5,Cả nước,National,Investment,Ấn Độ,,Investment_Amount,1008.0,million_VND,Plan,PL9a
633af5bc-5b92-43f7-a0ad-8ad862d9bf9b,2010,5,Cả nước,National,Investment,Ấn Độ,,Investment_Amount,2326.0,million_VND,Cumulative,PL9a
ec8b8342-836b-4730-bfff-8245bc1fbf62,2010,5,Cả nước,National,Investment,Hoa Kỳ,,Investment_Amount,1149.0,million_VND,Plan,PL9a
a00a5015-ddf5-4797-9c0c-508585541a05,2010,5,Cả nước,National,Investment,Hoa Kỳ,,Investment_Amount,2012.0,million_VND,Cumulative,PL9a
68a3a335-5b87-4bf8-a4f1-be61b96394fa,2010,5,Cả nước,National,Investment,Inđônêxia,,Investment_Amount,1058.0,million_VND,Plan,PL9a
4f6db86f-0142-4fed-90c0-dd415d958a30,2010,5,Cả nước,National,Investment,Inđônêxia,,Investment_Amount,1823.0,million_VND,Cumulative,PL9a
7938140c-c18a-4a87-9fc6-fae0ccc556c3,2010,5,Cả nước,National,Investment,Đức,,Investment_Amount,687.0,million_VND,Plan,PL9a
f373448e-4600-4285-9d14-f06b5583d848,2010,5,Cả nước,National,Investment,Đức,,Investment_Amount,1701.0,million_VND,Cumulative,PL9a
a1ddb3ff-4673-4456-95dd-bc7f27935625,2010,5,Cả nước,National,Investment,Ba Lan,,Investment_Amount,408.0,million_VND,Plan,PL9a
2b3b00ee-8183-481c-96ed-8d9dae27435b,2010,5,Cả nước,National,Investment,Ba Lan,,Investment_Amount,1483.0,million_VND,Cumulative,PL9a
a476b63b-6d27-45ff-be42-8cc055c98383,2010,5,Cả nước,National,Investment,Gạo,,Investment_Amount,2487250.0,million_VND,Plan,PL9a
4406f564-8b83-4d86-8f43-67df79874749,2010,5,Cả nước,National,Investment,Gạo,,Investment_Amount,1153924.0,million_VND,Cumulative,PL9a
0a7e5614-fdea-4596-90b0-8b5f91a0cd0e,2010,5,Cả nước,National,Investment,Philippin,,Investment_Amount,993779.0,million_VND,Plan,PL9a
61c7fb50-a13b-453d-90fc-e64c508a860e,2010,5,Cả nước,National,Investment,Philippin,,Investment_Amount,640694.0,million_VND,Cumulative,PL9a
ac1f38cd-4393-4d44-91e6-1b2a0bad0238,2010,5,Cả nước,National,Investment,Singapo,,Investment_Amount,86770.0,million_VND,Plan,PL9a
746fb3da-c6c3-4bf7-ab48-0189bb627c4c,2010,5,Cả nước,National,Investment,Singapo,,Investment_Amount,80225.0,million_VND,Cumulative,PL9a
11da50e6-1849-44b0-bb12-7885ec421e91,2010,5,Cả nước,National,Investment,Malaixia,,Investment_Amount,268976.0,million_VND,Plan,PL9a
87edb505-4fd9-406d-8a59-837fe2aa8155,2010,5,Cả nước,National,Investment,Malaixia,,Investment_Amount,75040.0,million_VND,Cumulative,PL9a
77df2f28-3603-4993-a629-db9a4fcc3693,2010,5,Cả nước,National,Investment,Đài Loan,,Investment_Amount,42966.0,million_VND,Plan,PL9a
9ac856b0-9910-495a-8408-7b6dc5b85337,2010,5,Cả nước,National,Investment,Đài Loan,,Investment_Amount,68990.0,million_VND,Cumulative,PL9a
715615c4-a3b1-4e19-94b8-cef6b14720e4,2010,5,Cả nước,National,Investment,Cuba,,Investment_Amount,138100.0,million_VND,Plan,PL9a
bf621f17-6f02-45d0-80ad-6a8330312f7d,2010,5,Cả nước,National,Investment,Cuba,,Investment_Amount,44357.0,million_VND,Cumulative,PL9a
c0108fa3-4e67-44f4-917f-efd51ec5118c,2010,5,Cả nước,National,Investment,Hồng Công,,Investment_Amount,6438.0,million_VND,Plan,PL9a
b0dc0c96-11c6-47a9-a878-4aff9ce7a46b,2010,5,Cả nước,National,Investment,Hồng Công,,Investment_Amount,17886.0,million_VND,Cumulative,PL9a
e1798bd7-74fc-4243-b9b4-a5f8d779603f,2010,5,Cả nước,National,Investment,Inđônêxia,,Investment_Amount,17.0,million_VND,Plan,PL9a
7b4f3382-c5d9-4338-b95d-86732b454e32,2010,5,Cả nước,National,Investment,Inđônêxia,,Investment_Amount,10001.0,million_VND,Cumulative,PL9a
8dd914c1-4198-48b1-918e-7d37988796ea,2010,5,Cả nước,National,Investment,Nga,,Investment_Amount,40049.0,million_VND,Plan,PL9a
8681a269-6969-48a3-a000-d67281aef021,2010,5,Cả nước,National,Investment,Nga,,Investment_Amount,9515.0,million_VND,Cumulative,PL9a
ba12417a-73d1-4c28-9a78-309d01a04de4,2010,5,Cả nước,National,Investment,Ucraina,,Investment_Amount,18141.0,million_VND,Plan,PL9a
5b70b8b7-d2e2-45aa-af86-bc612a5de9fe,2010,5,Cả nước,National,Investment,Ucraina,,Investment_Amount,3744.0,million_VND,Cumulative,PL9a
da398198-07f6-4406-b741-f414c4cf6caf,2010,5,Cả nước,National,Investment,Nam Phi,,Investment_Amount,23573.0,million_VND,Plan,PL9a
3fe02ac5-49d0-4370-85b1-09476efe7e71,2010,5,Cả nước,National,Investment,Nam Phi,,Investment_Amount,3587.0,million_VND,Cumulative,PL9a
a536d7d9-f434-4aa0-b780-127819f4edd1,2010,5,Cả nước,National,Investment,Bông các loại,,Investment_Amount,58769.0,million_VND,Plan,PL9b
3d319250-be43-41fe-8d43-3d0f784674a5,2010,5,Cả nước,National,Investment,Bông các loại,,Investment_Amount,199438.0,million_VND,Cumulative,PL9b
4e459ace-1e86-4f65-a15e-458c6d50f492,2010,5,Cả nước,National,Investment,Hoa Kỳ,,Investment_Amount,35237.0,million_VND,Plan,PL9b
b7d9585a-cfba-4278-bb2d-f123430f111b,2010,5,Cả nước,National,Investment,Hoa Kỳ,,Investment_Amount,61793.0,million_VND,Cumulative,PL9b
26d7f39b-a462-49ca-8663-4eefbcdb8826,2010,5,Cả nước,National,Investment,Ấn Độ,,Investment_Amount,1695.0,million_VND,Plan,PL9b
228a1045-9395-4cfd-81de-2b19710a1117,2010,5,Cả nước,National,Investment,Ấn Độ,,Investment_Amount,53956.0,million_VND,Cumulative,PL9b
407f2a71-bda3-47d8-94ca-8cce7f8baac9,2010,5,Cả nước,National,Investment,Braxin,,Investment_Amount,2383.0,million_VND,Plan,PL9b
88fec8d5-70cb-4061-890a-cb1624b97bd7,2010,5,Cả nước,National,Investment,Braxin,,Investment_Amount,7881.0,million_VND,Cumulative,PL9b
1bfc9c18-a018-4a61-861b-d19b39db6ced,2010,5,Cả nước,National,Investment,Trung Quốc,,Investment_Amount,1132.0,million_VND,Plan,PL9b
c12b1916-52e0-405e-9987-8019df74a493,2010,5,Cả nước,National,Investment,Trung Quốc,,Investment_Amount,535.0,million_VND,Cumulative,PL9b
e35f4c96-2862-4b18-9925-e349543aa4b0,2010,5,Cả nước,National,Investment,Hàn Quốc,,Investment_Amount,210.0,million_VND,Plan,PL9b
3e5b73ce-efe6-40b6-a19c-76d3ad033654,2010,5,Cả nước,National,Investment,Hàn Quốc,,Investment_Amount,273.0,million_VND,Cumulative,PL9b
51a2ceaa-0e86-4fc7-9745-d78da1e2df92,2010,5,Cả nước,National,Investment,Inđônêxia,,Investment_Amount,2328.0,million_VND,Plan,PL9b
d0ff7174-3bda-4212-a85b-bb5129f61d69,2010,5,Cả nước,National,Investment,Inđônêxia,,Investment_Amount,207.0,million_VND,Cumulative,PL9b
035ef32f-4bfe-43e6-aed7-a90515b1a3ef,2010,5,Cả nước,National,Investment,Italia,,Investment_Amount,544.0,million_VND,Plan,PL9b
858a7472-a5fe-4f56-a355-c5096d99468c,2010,5,Cả nước,National,Investment,Italia,,Investment_Amount,183.0,million_VND,Cumulative,PL9b
f71b685c-3cc5-4e67-8f94-9be4a45835d6,2010,5,Cả nước,National,Investment,Thuỵ Sỹ,,Investment_Amount,115.0,million_VND,Plan,PL9b
25f96633-6e6b-4d0f-8074-de123eb27847,2010,5,Cả nước,National,Investment,Thuỵ Sỹ,,Investment_Amount,121.0,million_VND,Cumulative,PL9b
77a96b46-3d39-42d7-87e1-0db8bd334d8d,2010,5,Cả nước,National,Investment,Đài Loan,,Investment_Amount,41.0,million_VND,Plan,PL9b
fbbe6a5f-28e6-45bd-a28c-f406618c9fd6,2010,5,Cả nước,National,Investment,Đài Loan,,Investment_Amount,97.0,million_VND,Cumulative,PL9b
85d0fa20-ebed-40c1-a88f-fe2180dd1540,2010,5,Cả nước,National,Investment,Cao su,,Investment_Amount,66089.0,million_VND,Plan,PL9b
8740b8d7-8486-4b8a-b36c-da6b47d61c55,2010,5,Cả nước,National,Investment,Cao su,,Investment_Amount,192367.0,million_VND,Cumulative,PL9b
061fc36b-1d0b-48a5-a294-abe916fae705,2010,5,Cả nước,National,Investment,Thái Lan,,Investment_Amount,20247.0,million_VND,Plan,PL9b
4ccbfcb4-95aa-43a7-a1fb-44b6d8d1613e,2010,5,Cả nước,National,Investment,Thái Lan,,Investment_Amount,36158.0,million_VND,Cumulative,PL9b
944e1737-6129-4524-8180-4ca5a8a09fa7,2010,5,Cả nước,National,Investment,Campuchia,,Investment_Amount,12718.0,million_VND,Plan,PL9b
d0ca2ff2-71f8-445f-87f1-ec97a1c88778,2010,5,Cả nước,National,Investment,Campuchia,,Investment_Amount,28971.0,million_VND,Cumulative,PL9b
9d715a16-b2a5-4f2f-a7ff-240d6296a9b0,2010,5,Cả nước,National,Investment,Hàn Quốc,,Investment_Amount,10956.0,million_VND,Plan,PL9b
bf12e1f3-a643-460e-9d62-d87043aee8c8,2010,5,Cả nước,National,Investment,Hàn Quốc,,Investment_Amount,28561.0,million_VND,Cumulative,PL9b
e7214874-a742-4ba0-b5f6-e5d8947d965e,2010,5,Cả nước,National,Investment,Nhật Bản,,Investment_Amount,3559.0,million_VND,Plan,PL9b
154e228f-10a7-44d0-adc9-fdbdecc689aa,2010,5,Cả nước,National,Investment,Nhật Bản,,Investment_Amount,22609.0,million_VND,Cumulative,PL9b
7119c610-4e9d-466a-8f0c-89d767e8c7c4,2010,5,Cả nước,National,Investment,Đài Loan,,Investment_Amount,5198.0,million_VND,Plan,PL9b
323914d3-7214-45d8-bbfc-136b23f4e15b,2010,5,Cả nước,National,Investment,Đài Loan,,Investment_Amount,13530.0,million_VND,Cumulative,PL9b
b95b70d8-ea6e-4a6a-92a8-cdbedb5a873b,2010,5,Cả nước,National,Investment,Trung Quốc,,Investment_Amount,1930.0,million_VND,Plan,PL9b
041aef28-033f-4101-87cf-31e74ce9bea1,2010,5,Cả nước,National,Investment,Trung Quốc,,Investment_Amount,8265.0,million_VND,Cumulative,PL9b
e005a92a-2dc6-473a-8f5f-46c199f573f1,2010,5,Cả nước,National,Investment,Inđônêxia,,Investment_Amount,3809.0,million_VND,Plan,PL9b
3b58afcd-c83e-41a4-8c49-e376a75e1757,2010,5,Cả nước,National,Investment,Inđônêxia,,Investment_Amount,8209.0,million_VND,Cumulative,PL9b
0f27f10c-47ab-4781-a27e-689ca25c0847,2010,5,Cả nước,National,Investment,Malaixia,,Investment_Amount,3171.0,million_VND,Plan,PL9b
6987e4bd-f9a5-480f-bed2-b58b7e6c44b8,2010,5,Cả nước,National,Investment,Malaixia,,Investment_Amount,6325.0,million_VND,Cumulative,PL9b
515109f7-2a8b-4686-b860-c4bd07c357d9,2010,5,Cả nước,National,Investment,Nga,,Investment_Amount,842.0,million_VND,Plan,PL9b
ca689af3-a6f6-4736-b32f-6429d5e37050,2010,5,Cả nước,National,Investment,Nga,,Investment_Amount,6107.0,million_VND,Cumulative,PL9b
e6d2a463-100f-4fb5-aaae-7a6d351347ea,2010,5,Cả nước,National,Investment,Hoa Kỳ,,Investment_Amount,630.0,million_VND,Plan,PL9b
82cf961b-7706-4bd3-b852-fcec5d5a5a12,2010,5,Cả nước,National,Investment,Hoa Kỳ,,Investment_Amount,5546.0,million_VND,Cumulative,PL9b
a091db14-3ff3-4f4c-a6a7-52fe831c5768,2010,5,Cả nước,National,Investment,Dầu mỡ động thực vật,,Investment_Amount,186873.0,million_VND,Cumulative,PL9b
5d93228e-9b77-437f-aae4-0dc1137048a1,2010,5,Cả nước,National,Investment,Malaixia,,Investment_Amount,96898.0,million_VND,Cumulative,PL9b
6e299f38-765b-48f0-b019-30896efeb3d7,2010,5,Cả nước,National,Investment,Inđônêxia,,Investment_Amount,48915.0,million_VND,Cumulative,PL9b
29f2cca5-f576-4a1a-98a9-1e406ce265c8,2010,5,Cả nước,National,Investment,Hoa Kỳ,,Investment_Amount,24987.0,million_VND,Cumulative,PL9b
7de1ce55-b3f3-4f43-9867-f5736b847bcf,2010,5,Cả nước,National,Investment,Thái Lan,,Investment_Amount,4614.0,million_VND,Cumulative,PL9b
6ab3ce59-04bd-4dfa-86f4-3321943532aa,2010,5,Cả nước,National,Investment,Trung Quốc,,Investment_Amount,2270.0,million_VND,Cumulative,PL9b
de0f8331-800d-4040-8db2-f848c9c1a6b3,2010,5,Cả nước,National,Investment,Ấn Độ,,Investment_Amount,1502.0,million_VND,Cumulative,PL9b
3ad87fb0-11e4-4fcf-8475-68f52f16fb40,2010,5,Cả nước,National,Investment,Hàn Quốc,,Investment_Amount,928.0,million_VND,Cumulative,PL9b
fa102c6f-c1cd-4753-a070-4a98be4a9d62,2010,5,Cả nước,National,Investment,Chilê,,Investment_Amount,850.0,million_VND,Cumulative,PL9b
52fcb0a2-f905-4705-8af6-db4205f97828,2010,5,Cả nước,National,Investment,Ôxtrâylia,,Investment_Amount,664.0,million_VND,Cumulative,PL9b
0f7e8882-e0d6-46af-a719-565e9c72a6f8,2010,5,Cả nước,National,Investment,Singapo,,Investment_Amount,497.0,million_VND,Cumulative,PL9b
df94a4d0-3095-4798-9137-9298a3cb1138,2010,5,Cả nước,National,Investment,Lúa mì,,Investment_Amount,395278.0,million_VND,Plan,PL9b
2280bfcc-0fac-48e0-a640-bf5a75f10376,2010,5,Cả nước,National,Investment,Lúa mì,,Investment_Amount,190373.0,million_VND,Cumulative,PL9b
7ea32348-8be4-446f-9b9c-0acbdc8e8fd9,2010,5,Cả nước,National,Investment,Ôxtrâylia,,Investment_Amount,305563.0,million_VND,Plan,PL9b
ea49d0d1-8215-40b6-836e-82b2e6994eff,2010,5,Cả nước,National,Investment,Ôxtrâylia,,Investment_Amount,103037.0,million_VND,Cumulative,PL9b
fe432150-0625-408c-83fb-112635ddc50e,2010,5,Cả nước,National,Investment,Braxin,,Investment_Amount,55196.0,million_VND,Cumulative,PL9b
04422b6d-50c6-4f62-8bd5-1972a3c9720c,2010,5,Cả nước,National,Investment,Ucraina,,Investment_Amount,63309.0,million_VND,Plan,PL9b
9ed24e70-dda1-4ef4-9a38-64f3f8d602ac,2010,5,Cả nước,National,Investment,Ucraina,,Investment_Amount,21831.0,million_VND,Cumulative,PL9b
d2c65e60-5a41-4a94-8ba7-66562e345f82,2010,5,Cả nước,National,Investment,Hoa Kỳ,,Investment_Amount,3471.0,million_VND,Plan,PL9b
2886447e-b2b0-4d17-b6e0-443272600493,2010,5,Cả nước,National,Investment,Hoa Kỳ,,Investment_Amount,4243.0,million_VND,Cumulative,PL9b
2847e2eb-193b-4342-a3f5-2b5310489df4,2010,5,Cả nước,National,Investment,Nga,,Investment_Amount,1068.0,million_VND,Plan,PL9b
615411eb-d02b-445a-b06c-9ba8f77178a4,2010,5,Cả nước,National,Investment,Nga,,Investment_Amount,3984.0,million_VND,Cumulative,PL9b
e8d6ef05-9cb7-48e5-b469-0f75f94c250b,2010,5,Cả nước,National,Investment,Canađa,,Investment_Amount,151.0,million_VND,Cumulative,PL9b
