record_id,year,month,location_name,geo_level,sector,commodity,sub_item,attribute,value,unit,data_type,appendix_number
81883e72-48e3-4274-bd5a-8e8a9a674a83,2009,6,Miền Bắc,Regional,Cultivation,Lúa,Đông Xuân,Area_Harvested,969.4,1000_ha,Actual,PL1
62227d8b-c507-48ca-b7f3-2c23573809be,2010,6,Miền Bắc,Regional,Cultivation,Lúa,Đông Xuân,Area_Harvested,1100.8,1000_ha,Actual,PL1
baac1aaf-09aa-4dc2-8c38-b9396dfd9702,2009,6,Cả Nước,Provincial,Cultivation,Lúa,Hè Thu,Area_Planted,2016.8,1000_ha,Actual,PL1
9a76833b-04f7-460d-8042-2a1fa0248cf0,2010,6,Cả Nước,Provincial,Cultivation,Lúa,Hè Thu,Area_Planted,1833.3,1000_ha,Actual,PL1
a2481710-c91a-4395-ba9e-507a95088917,2009,6,Cả nước,National,Cultivation,Màu lương thực,,Area_Planted,1222.8,1000_ha,Actual,PL1
709d3ab9-00df-436d-b72f-3bedcbebbc50,2010,6,Cả nước,National,Cultivation,Màu lương thực,,Area_Planted,1230.9,1000_ha,Actual,PL1
c4996eb1-e478-4cdd-be70-d02738541b92,2009,6,Cả nước,National,Cultivation,Khoai lang,,Area_Planted,112.9,1000_ha,Actual,PL1
0ab6a5a7-1332-49d8-a73b-34ae2f125015,2010,6,Cả nước,National,Cultivation,Khoai lang,,Area_Planted,106.0,1000_ha,Actual,PL1
26fa056d-865d-4e84-a39d-9745e779be21,2009,6,Cả nước,National,Cultivation,Sắn,,Area_Planted,306.2,1000_ha,Actual,PL1
6b369d4e-6f60-4361-890a-0a094f915de0,2010,6,Cả nước,National,Cultivation,Sắn,,Area_Planted,306.9,1000_ha,Actual,PL1
24dd80f1-d6c2-44e7-b0f8-186f9f2f3f38,2009,6,Cả nước,National,Cultivation,Cây công nghiệp ngắn ngày,,Area_Planted,563.2,1000_ha,Actual,PL1
76189531-17dd-46b9-bdc3-2bedb7afb5f5,2010,6,Cả nước,National,Cultivation,Cây công nghiệp ngắn ngày,,Area_Planted,527.5,1000_ha,Actual,PL1
40f38ddc-2068-47f2-beb4-ad6912e27224,2009,6,Cả nước,National,Cultivation,Đậu tương,,Area_Planted,137.9,1000_ha,Actual,PL1
edf34b0e-367f-40d8-a060-64932b62d643,2010,6,Cả nước,National,Cultivation,Đậu tương,,Area_Planted,143.4,1000_ha,Actual,PL1
92c9aab7-7968-489e-89ab-27fc4f7d1dd0,2009,6,Cả nước,National,Cultivation,Mía,,Area_Planted,150.7,1000_ha,Actual,PL1
047b58c1-2b2f-4e3e-ab2c-cea8fd075886,2010,6,Cả nước,National,Cultivation,Mía,,Area_Planted,133.8,1000_ha,Actual,PL1
5620a023-aab7-42c4-8bed-4b626f9cde5d,2009,6,Cả nước,National,Cultivation,Rau đậu,,Area_Planted,533.6,1000_ha,Actual,PL1
8abb2edc-6d36-4c3d-86ea-92fb31ad22a5,2010,6,Cả nước,National,Cultivation,Rau đậu,,Area_Planted,574.0,1000_ha,Actual,PL1
6e814c68-1195-4ff5-837b-6da382cc225b,2010,6,Miền Bắc,Regional,Cultivation,Lúa,,Area_Planted,1144655.0,ha,Actual,PL2a
73e95e6d-c7e2-4a9f-b443-76cfbe45bf40,2010,6,Miền Bắc,Regional,Cultivation,Lúa,,Area_Harvested,1100804.0,ha,Actual,PL2a
079405f8-3eab-4485-8de8-62dbd55451cd,2010,6,Miền Bắc,Regional,Cultivation,Lúa,,percent,96.2,percent,Actual,PL2a
883b6e3a-7d17-43d3-a63f-881a08352c62,2010,6,Miền Bắc,Regional,Cultivation,Lúa,,percent,143926.0,percent,Actual,PL2a
09b43db9-972a-4ac6-bf6f-e4776509677d,2010,6,Miền Bắc,Regional,Cultivation,Lúa,,percent,807113.0,percent,Actual,PL2a
5b0a1878-5865-4fb4-afb8-c3a08e24abca,2010,6,Miền Bắc,Regional,Cultivation,Ngô,,Area_Planted,555002.0,ha,Actual,PL2a
878ed8f4-c465-4a30-b5c4-98a38971eb96,2010,6,Miền Bắc,Regional,Cultivation,Lúa,,Area_Planted,86037.0,ha,Actual,PL2a
dcd769c3-02f2-4836-971c-b7827fb9405e,2010,6,Miền Bắc,Regional,Cultivation,Sắn,,Area_Planted,130400.0,ha,Actual,PL2a
17ec76a2-5c4b-4cf9-916f-aba4325b12f5,2010,6,Miền Bắc,Regional,Cultivation,Lúa,,Area_Planted,35674.0,ha,Actual,PL2a
112338db-4897-48b6-898b-fa3e7b71a6db,2010,6,ĐB sông Hồng,Provincial,Cultivation,Lúa,,Area_Planted,568363.0,ha,Actual,PL2a
b5b2f97e-dbcb-4940-9009-695ac2507c15,2010,6,ĐB sông Hồng,Provincial,Cultivation,Lúa,,Area_Harvested,551510.0,ha,Actual,PL2a
be086a1d-6855-4b5e-971b-26b8cbd1c13f,2010,6,ĐB sông Hồng,Provincial,Cultivation,Lúa,,percent,97.0,percent,Actual,PL2a
d22112c1-0510-46a5-af02-0bbb7186f3a7,2010,6,ĐB sông Hồng,Provincial,Cultivation,Lúa,,percent,5283.0,percent,Actual,PL2a
e5765ea4-2bd2-4f07-9ac2-550938aa4583,2010,6,ĐB sông Hồng,Provincial,Cultivation,Lúa,,percent,126672.0,percent,Actual,PL2a
f372ca2f-7bcf-4dd6-8277-d9ff2342c2c6,2010,6,ĐB sông Hồng,Provincial,Cultivation,Ngô,,Area_Planted,82745.0,ha,Actual,PL2a
cb651f34-3b2c-4061-a783-acf35178cbf1,2010,6,ĐB sông Hồng,Provincial,Cultivation,Lúa,,Area_Planted,21878.0,ha,Actual,PL2a
6e942b87-f3ab-4657-8a9d-00ff03e19e69,2010,6,ĐB sông Hồng,Provincial,Cultivation,Sắn,,Area_Planted,4398.0,ha,Actual,PL2a
65800e9c-d2a9-4d9e-bc8b-ff9e545b9898,2010,6,ĐB sông Hồng,Provincial,Cultivation,Lúa,,Area_Planted,17651.0,ha,Actual,PL2a
d962c8a3-3c3b-42b9-9002-4156dbeafd5d,2010,6,Hà Nội,Provincial,Cultivation,Lúa,,Area_Planted,101787.0,ha,Actual,PL2a
276fe1ba-0956-4071-b814-00a80069888a,2010,6,Hà Nội,Provincial,Cultivation,Lúa,,Area_Harvested,100000.0,ha,Actual,PL2a
669e2ca1-dd32-4793-a8ac-c25a8fb9b788,2010,6,Hà Nội,Provincial,Cultivation,Lúa,,percent,98.2,percent,Actual,PL2a
3c843957-59be-45e9-b3b3-db9c1af59933,2010,6,Hà Nội,Provincial,Cultivation,Lúa,,percent,29455.0,percent,Actual,PL2a
c4ec52fe-3e27-440e-b47d-18c6a6d92555,2010,6,Hà Nội,Provincial,Cultivation,Ngô,,Area_Planted,20784.0,ha,Actual,PL2a
146917fe-3ad1-40c1-a3f6-306898860247,2010,6,Hà Nội,Provincial,Cultivation,Lúa,,Area_Planted,7171.0,ha,Actual,PL2a
1af14ffc-d07a-4997-b627-5e6bebd18dd0,2010,6,Hà Nội,Provincial,Cultivation,Sắn,,Area_Planted,1300.0,ha,Actual,PL2a
21686195-3e32-473a-a68e-56626d432ea0,2010,6,Hà Nội,Provincial,Cultivation,Lúa,,Area_Planted,200.0,ha,Actual,PL2a
30cbc17c-62fc-41cc-bc4b-55aa739ed197,2010,6,Hải Phòng,Provincial,Cultivation,Lúa,,Area_Planted,39204.0,ha,Actual,PL2a
568576ff-eaf4-49ab-9b41-d78235c04d20,2010,6,Hải Phòng,Provincial,Cultivation,Lúa,,Area_Harvested,39204.0,ha,Actual,PL2a
b122f99f-d21e-4f54-9b01-adb0ae2c0980,2010,6,Hải Phòng,Provincial,Cultivation,Lúa,,percent,100.0,percent,Actual,PL2a
a4c11a26-d298-47d6-8d8a-a13c36cde844,2010,6,Hải Phòng,Provincial,Cultivation,Lúa,,percent,4610.0,percent,Actual,PL2a
bff70b50-e94f-446c-85e1-86089d5f57da,2010,6,Hải Phòng,Provincial,Cultivation,Ngô,,Area_Planted,2110.0,ha,Actual,PL2a
40111301-b12a-4371-b893-cb11b734a55c,2010,6,Hải Phòng,Provincial,Cultivation,Lúa,,Area_Planted,0.0,ha,Actual,PL2a
eab7cc9c-6d9c-403b-97bb-1e6c4e5fa545,2010,6,Hải Phòng,Provincial,Cultivation,Lúa,,Area_Planted,2500.0,ha,Actual,PL2a
0cfed66a-0867-429a-90eb-653ad5c18953,2010,6,Vĩnh Phúc,Provincial,Cultivation,Lúa,,Area_Planted,30857.0,ha,Actual,PL2a
997a8599-0286-4704-93e9-b14940a2a815,2010,6,Vĩnh Phúc,Provincial,Cultivation,Lúa,,Area_Harvested,30857.0,ha,Actual,PL2a
9e80a462-5cda-4f2b-a220-ab4bbc7fc12d,2010,6,Vĩnh Phúc,Provincial,Cultivation,Lúa,,percent,100.0,percent,Actual,PL2a
baa1538a-54d7-4501-b0cb-47a56d79f9c3,2010,6,Vĩnh Phúc,Provincial,Cultivation,Lúa,,percent,3233.0,percent,Actual,PL2a
c9da734e-2303-4c90-9d55-8ea6dd8bf72a,2010,6,Vĩnh Phúc,Provincial,Cultivation,Lúa,,percent,22997.0,percent,Actual,PL2a
d4a74db6-7799-41e9-9026-a1fcee986b04,2010,6,Vĩnh Phúc,Provincial,Cultivation,Ngô,,Area_Planted,16515.0,ha,Actual,PL2a
19bc602c-40a0-420d-b196-b20cbb1fd85d,2010,6,Vĩnh Phúc,Provincial,Cultivation,Lúa,,Area_Planted,2625.0,ha,Actual,PL2a
f11bcb8e-d9ae-41bd-afde-4b0864bd3596,2010,6,Vĩnh Phúc,Provincial,Cultivation,Sắn,,Area_Planted,1722.0,ha,Actual,PL2a
c80e9ac8-e5dc-403c-a589-dc275ab0b120,2010,6,Vĩnh Phúc,Provincial,Cultivation,Lúa,,Area_Planted,2135.0,ha,Actual,PL2a
a6439f6d-b081-4388-9bdc-05a9a238bb95,2010,6,Bắc Ninh,Provincial,Cultivation,Lúa,,Area_Planted,37008.0,ha,Actual,PL2a
86088a5f-ef9d-48f2-b6c0-32fd7121db6b,2010,6,Bắc Ninh,Provincial,Cultivation,Lúa,,Area_Harvested,32700.0,ha,Actual,PL2a
b13a3346-90db-4115-b6a2-33ec9dfc0525,2010,6,Bắc Ninh,Provincial,Cultivation,Lúa,,percent,88.4,percent,Actual,PL2a
e57c7829-7e60-48e0-9263-e589244b0033,2010,6,Bắc Ninh,Provincial,Cultivation,Lúa,,percent,3861.0,percent,Actual,PL2a
3f814425-4e86-48df-b827-06f55056130d,2010,6,Bắc Ninh,Provincial,Cultivation,Ngô,,Area_Planted,2567.0,ha,Actual,PL2a
12ff530d-5a35-4360-ad85-0de1f71c1080,2010,6,Bắc Ninh,Provincial,Cultivation,Lúa,,Area_Planted,710.0,ha,Actual,PL2a
fe3a456e-8a0a-4d89-8a84-a6bd55010227,2010,6,Bắc Ninh,Provincial,Cultivation,Lúa,,Area_Planted,584.0,ha,Actual,PL2a
37814a82-4a35-4e0a-99e8-7f27096ad41c,2010,6,Hải Dương,Provincial,Cultivation,Lúa,,Area_Planted,64133.0,ha,Actual,PL2a
9369b082-0299-4070-a52d-63c1691fe4ed,2010,6,Hải Dương,Provincial,Cultivation,Lúa,,Area_Harvested,63582.0,ha,Actual,PL2a
61fd6b81-533a-4e73-82e2-7cdd26750c97,2010,6,Hải Dương,Provincial,Cultivation,Lúa,,percent,99.1,percent,Actual,PL2a
9aa9d62c-4616-403a-b0df-246de1492ce9,2010,6,Hải Dương,Provincial,Cultivation,Lúa,,percent,1000.0,percent,Actual,PL2a
cdaed245-b10a-4f9c-88e3-a0ba32dd4cd4,2010,6,Hải Dương,Provincial,Cultivation,Lúa,,percent,11083.0,percent,Actual,PL2a
49389cca-957c-42c6-be87-ebe83916069c,2010,6,Hải Dương,Provincial,Cultivation,Ngô,,Area_Planted,4351.0,ha,Actual,PL2a
7e746cef-4c05-48c9-ac95-eb30a1efb11a,2010,6,Hải Dương,Provincial,Cultivation,Lúa,,Area_Planted,1441.0,ha,Actual,PL2a
eca48b57-9e1e-41f8-a0af-f917ec0b65a2,2010,6,Hải Dương,Provincial,Cultivation,Lúa,,Area_Planted,5291.0,ha,Actual,PL2a
f6ea2a2e-ef53-4709-94ec-95235401beff,2010,6,Hưng Yên,Provincial,Cultivation,Lúa,,Area_Planted,40383.0,ha,Actual,PL2a
7c0c8851-aac2-4996-8d62-8a607d325a09,2010,6,Hưng Yên,Provincial,Cultivation,Lúa,,Area_Harvested,37080.0,ha,Actual,PL2a
4dd7e493-0892-4d29-bf3d-ccc37b55a2de,2010,6,Hưng Yên,Provincial,Cultivation,Lúa,,percent,91.8,percent,Actual,PL2a
1c772cd3-c12a-4383-913d-c8eeff64a28e,2010,6,Hưng Yên,Provincial,Cultivation,Lúa,,percent,8628.0,percent,Actual,PL2a
0aeb8f93-c195-4a51-bb89-b8f49ab7eb74,2010,6,Hưng Yên,Provincial,Cultivation,Ngô,,Area_Planted,7973.0,ha,Actual,PL2a
8950934a-5e3f-444b-a805-50ffe4a9dae2,2010,6,Hưng Yên,Provincial,Cultivation,Lúa,,Area_Planted,655.0,ha,Actual,PL2a
120df3b0-0fac-42c0-a9fd-450b04fbb7c4,2010,6,Hà Nam,Provincial,Cultivation,Lúa,,Area_Planted,34765.0,ha,Actual,PL2a
5011f915-bbbe-4f49-a2be-fd88b86e5b97,2010,6,Hà Nam,Provincial,Cultivation,Lúa,,Area_Harvested,34765.0,ha,Actual,PL2a
1ab7b321-f9d4-4994-a42d-0bdb55ce8835,2010,6,Hà Nam,Provincial,Cultivation,Lúa,,percent,100.0,percent,Actual,PL2a
098b8650-209b-42a2-8483-a5eb1ff5f1dd,2010,6,Hà Nam,Provincial,Cultivation,Lúa,,percent,7324.0,percent,Actual,PL2a
ab75cdb6-95bf-40fe-9ab0-1caa1adcc91b,2010,6,Hà Nam,Provincial,Cultivation,Ngô,,Area_Planted,6925.0,ha,Actual,PL2a
aae574a1-2322-43ef-b80a-782caf88f911,2010,6,Hà Nam,Provincial,Cultivation,Lúa,,Area_Planted,399.0,ha,Actual,PL2a
7f1ceb43-959b-429e-a652-8d5e398ee878,2010,6,Nam Định,Provincial,Cultivation,Lúa,,Area_Planted,78096.0,ha,Actual,PL2a
fd9d1053-6615-44b0-b87e-4c55cc5c5c0e,2010,6,Nam Định,Provincial,Cultivation,Lúa,,Area_Harvested,78096.0,ha,Actual,PL2a
26a5838e-c373-4db3-8522-bbb7dbf5897c,2010,6,Nam Định,Provincial,Cultivation,Lúa,,percent,100.0,percent,Actual,PL2a
4daf0e01-00a0-4fbe-8048-90d0272f601d,2010,6,Nam Định,Provincial,Cultivation,Lúa,,percent,9079.0,percent,Actual,PL2a
32acebcf-b450-4ec7-a195-5801a28bfb37,2010,6,Nam Định,Provincial,Cultivation,Ngô,,Area_Planted,3409.0,ha,Actual,PL2a
f6b9d371-ba7f-461d-9363-11f7be609f38,2010,6,Nam Định,Provincial,Cultivation,Lúa,,Area_Planted,870.0,ha,Actual,PL2a
ca2aef71-7d9c-461e-91ea-44a47dcf61cd,2010,6,Nam Định,Provincial,Cultivation,Sắn,,Area_Planted,300.0,ha,Actual,PL2a
5e0380f9-4818-41f9-b80b-9afe35e7c651,2010,6,Nam Định,Provincial,Cultivation,Lúa,,Area_Planted,4500.0,ha,Actual,PL2a
0f87a938-ca8b-43a3-9212-b31e0dc02725,2010,6,Thái Bình,Provincial,Cultivation,Lúa,,Area_Planted,82678.0,ha,Actual,PL2a
1d63d6eb-aa5e-4226-a268-e51022e296c5,2010,6,Thái Bình,Provincial,Cultivation,Lúa,,Area_Harvested,82678.0,ha,Actual,PL2a
22468f28-d9ac-42d3-bba3-385e0b04dcca,2010,6,Thái Bình,Provincial,Cultivation,Lúa,,percent,100.0,percent,Actual,PL2a
0c6a4182-9f4e-4a29-adc9-6ee2eead10d9,2010,6,Thái Bình,Provincial,Cultivation,Lúa,,percent,13368.0,percent,Actual,PL2a
bdffaa70-6aae-49df-9a74-ed10db836b7c,2010,6,Thái Bình,Provincial,Cultivation,Ngô,,Area_Planted,8530.0,ha,Actual,PL2a
76b8b0cd-dff5-45f3-9bd9-2bf7cadf1a50,2010,6,Thái Bình,Provincial,Cultivation,Lúa,,Area_Planted,2893.0,ha,Actual,PL2a
075fadac-d7d7-4293-a317-c87739ea620b,2010,6,Thái Bình,Provincial,Cultivation,Lúa,,Area_Planted,1945.0,ha,Actual,PL2a
83bcb86f-16c2-4337-a907-0398a0860c52,2010,6,Ninh Bình,Provincial,Cultivation,Lúa,,Area_Planted,41603.0,ha,Actual,PL2a
143ed651-c0de-40da-8c2e-19f681a66c69,2010,6,Ninh Bình,Provincial,Cultivation,Lúa,,Area_Harvested,40621.0,ha,Actual,PL2a
024a2dab-1220-4ce3-91f7-a8cc3438db20,2010,6,Ninh Bình,Provincial,Cultivation,Lúa,,percent,97.6,percent,Actual,PL2a
384b077a-2b6d-4dd5-8349-ccbe28428967,2010,6,Ninh Bình,Provincial,Cultivation,Lúa,,percent,1050.0,percent,Actual,PL2a
a4b61f75-02de-496c-98f3-864034975574,2010,6,Ninh Bình,Provincial,Cultivation,Lúa,,percent,6649.0,percent,Actual,PL2a
a76530e9-bb43-4dd2-a338-d165de4f8eb3,2010,6,Ninh Bình,Provincial,Cultivation,Ngô,,Area_Planted,4484.0,ha,Actual,PL2a
6bab1874-4ab2-4856-85c7-9f95260d3546,2010,6,Ninh Bình,Provincial,Cultivation,Lúa,,Area_Planted,2165.0,ha,Actual,PL2a
5ceb5df3-1df4-4af9-ba2d-a10b18d69007,2010,6,Quảng Ninh,Provincial,Cultivation,Lúa,,Area_Planted,17849.0,ha,Actual,PL2a
130190b5-c68b-4f04-9074-d32e85b64b25,2010,6,Quảng Ninh,Provincial,Cultivation,Lúa,,Area_Harvested,11927.0,ha,Actual,PL2a
6429cb34-2919-4efc-9f11-b3339a154551,2010,6,Quảng Ninh,Provincial,Cultivation,Lúa,,percent,66.8,percent,Actual,PL2a
8621ca10-5a5b-48ba-a2bf-5fa306d9cfdc,2010,6,Quảng Ninh,Provincial,Cultivation,Lúa,,percent,9619.0,percent,Actual,PL2a
87551db4-2efe-491f-b809-e5f04de2514e,2010,6,Quảng Ninh,Provincial,Cultivation,Ngô,,Area_Planted,5097.0,ha,Actual,PL2a
ca0ccc82-4e1c-486c-a3dc-0624cf13738f,2010,6,Quảng Ninh,Provincial,Cultivation,Lúa,,Area_Planted,2950.0,ha,Actual,PL2a
caf0ea6a-c5fe-4a3e-81cb-8647b9ea7743,2010,6,Quảng Ninh,Provincial,Cultivation,Sắn,,Area_Planted,1076.0,ha,Actual,PL2a
e5e3ca29-6fec-413d-8f4b-11b48ed9a47c,2010,6,Quảng Ninh,Provincial,Cultivation,Lúa,,Area_Planted,496.0,ha,Actual,PL2a
1c0759ea-2410-4ec4-b2fd-9f81b913b894,2010,6,TD và MN phía Bắc,Provincial,Cultivation,Lúa,,Area_Planted,234329.0,ha,Actual,PL2a
fbfb6d8f-8aa0-44e5-8d5c-011e6226b1ae,2010,6,TD và MN phía Bắc,Provincial,Cultivation,Lúa,,Area_Harvested,208252.0,ha,Actual,PL2a
c3ea2b7f-3b46-4587-b94f-47f2b2f5a264,2010,6,TD và MN phía Bắc,Provincial,Cultivation,Lúa,,percent,88.9,percent,Actual,PL2a
b71d63ac-260b-41ce-a78f-878f800229e1,2010,6,TD và MN phía Bắc,Provincial,Cultivation,Lúa,,percent,17329.0,percent,Actual,PL2a
f1aea39b-0803-4f21-9635-db6ab8a2481f,2010,6,TD và MN phía Bắc,Provincial,Cultivation,Lúa,,percent,479125.0,percent,Actual,PL2a
6ae2a7e4-57be-430b-b1d4-733cabe05d3e,2010,6,TD và MN phía Bắc,Provincial,Cultivation,Ngô,,Area_Planted,359047.0,ha,Actual,PL2a
4546ca49-619c-40e4-b233-2952ce0b0230,2010,6,TD và MN phía Bắc,Provincial,Cultivation,Lúa,,Area_Planted,28907.0,ha,Actual,PL2a
e69e9d4b-d6ec-460c-b415-7dc2d33ae7f4,2010,6,TD và MN phía Bắc,Provincial,Cultivation,Sắn,,Area_Planted,81507.0,ha,Actual,PL2a
969886cd-cc8e-465e-810b-1e3777212470,2010,6,TD và MN phía Bắc,Provincial,Cultivation,Lúa,,Area_Planted,9663.0,ha,Actual,PL2a
f0f6c77a-2a50-4667-b972-068f1e0d7cdb,2010,6,Hà Giang,Provincial,Cultivation,Lúa,,Area_Planted,9256.0,ha,Actual,PL2a
75758521-6296-46e0-80fe-467c98f3a807,2010,6,Hà Giang,Provincial,Cultivation,Lúa,,Area_Harvested,9000.0,ha,Actual,PL2a
a089749a-1e80-44ba-a632-45a7d07bf81a,2010,6,Hà Giang,Provincial,Cultivation,Lúa,,percent,97.2,percent,Actual,PL2a
6f72e77d-de1a-4ff4-86b9-eae7bd2f4b2f,2010,6,Hà Giang,Provincial,Cultivation,Lúa,,percent,44871.0,percent,Actual,PL2a
0df793b3-301f-4679-81f8-9c194c78ced2,2010,6,Hà Giang,Provincial,Cultivation,Ngô,,Area_Planted,38341.0,ha,Actual,PL2a
d0395761-2cc5-4c0c-b312-ba64fb0a1198,2010,6,Hà Giang,Provincial,Cultivation,Lúa,,Area_Planted,649.0,ha,Actual,PL2a
32eb7af7-81e3-48ca-8a3b-bda5b8f3cd10,2010,6,Hà Giang,Provincial,Cultivation,Sắn,,Area_Planted,3761.0,ha,Actual,PL2a
529bac78-06e8-4da4-a42d-c1568547ad46,2010,6,Hà Giang,Provincial,Cultivation,Lúa,,Area_Planted,2119.0,ha,Actual,PL2a
b5bf06ff-7d90-47ba-8349-c460d6dcf271,2010,6,Cao Bằng,Provincial,Cultivation,Lúa,,Area_Planted,2882.0,ha,Actual,PL2a
f98c9f4e-e1f5-42df-9277-62e76a93d165,2010,6,Cao Bằng,Provincial,Cultivation,Lúa,,Area_Harvested,2882.0,ha,Actual,PL2a
2e643337-5263-49d6-a546-847780518e0b,2010,6,Cao Bằng,Provincial,Cultivation,Lúa,,percent,100.0,percent,Actual,PL2a
3b9b5a34-f7ae-443d-b353-8d09f48d6066,2010,6,Cao Bằng,Provincial,Cultivation,Lúa,,percent,4180.0,percent,Actual,PL2a
335d39a8-127b-435f-9c21-93df71207dad,2010,6,Cao Bằng,Provincial,Cultivation,Lúa,,percent,21752.0,percent,Actual,PL2a
ee02c572-0d67-429d-9471-df71de683605,2010,6,Cao Bằng,Provincial,Cultivation,Ngô,,Area_Planted,20886.0,ha,Actual,PL2a
ca068788-7e2e-47a5-80ec-0973164a42f2,2010,6,Cao Bằng,Provincial,Cultivation,Lúa,,Area_Planted,671.0,ha,Actual,PL2a
77c872b4-f7fe-43b9-9733-d2f727ae4271,2010,6,Cao Bằng,Provincial,Cultivation,Lúa,,Area_Planted,195.0,ha,Actual,PL2a
4b186c98-f72d-4f90-9754-db7391f9ab02,2010,6,Lào Cai,Provincial,Cultivation,Lúa,,Area_Planted,9102.0,ha,Actual,PL2a
8aaf31f6-f446-42ff-be66-eefafc980836,2010,6,Lào Cai,Provincial,Cultivation,Lúa,,Area_Harvested,2297.0,ha,Actual,PL2a
d94bac1f-5e29-42a0-ad21-7883e7a319f2,2010,6,Lào Cai,Provincial,Cultivation,Lúa,,percent,25.2,percent,Actual,PL2a
b632d87e-7e59-4c51-8b48-11f8e11c7105,2010,6,Lào Cai,Provincial,Cultivation,Lúa,,percent,6915.0,percent,Actual,PL2a
7f848962-2784-4923-be5b-118299d31f85,2010,6,Lào Cai,Provincial,Cultivation,Lúa,,percent,26348.0,percent,Actual,PL2a
1b7294ee-7726-4438-974c-b8dddfb22956,2010,6,Lào Cai,Provincial,Cultivation,Ngô,,Area_Planted,20901.0,ha,Actual,PL2a
7e204b1c-ca5f-4256-8a98-0935fd4c3c91,2010,6,Lào Cai,Provincial,Cultivation,Lúa,,Area_Planted,558.0,ha,Actual,PL2a
14e207c8-e5ee-4421-933a-9a5bf609b446,2010,6,Lào Cai,Provincial,Cultivation,Sắn,,Area_Planted,4889.0,ha,Actual,PL2a
964ecea9-cb3f-4194-a33b-79f8ef8adae2,2010,6,Bắc Cạn,Provincial,Cultivation,Lúa,,Area_Planted,7399.0,ha,Actual,PL2a
ec3189d6-b05d-4362-b55b-597965f0f5d9,2010,6,Bắc Cạn,Provincial,Cultivation,Lúa,,Area_Harvested,7399.0,ha,Actual,PL2a
cb8c9295-5730-4f52-9f46-5e919ccb2e3f,2010,6,Bắc Cạn,Provincial,Cultivation,Lúa,,percent,100.0,percent,Actual,PL2a
77353eb4-d6eb-415b-8705-dda9788286d6,2010,6,Bắc Cạn,Provincial,Cultivation,Lúa,,percent,30.0,percent,Actual,PL2a
b2530484-ca35-4c06-9909-cd740c243d56,2010,6,Bắc Cạn,Provincial,Cultivation,Lúa,,percent,12416.0,percent,Actual,PL2a
06decba1-43ab-46c7-8a78-d857a0289f77,2010,6,Bắc Cạn,Provincial,Cultivation,Ngô,,Area_Planted,10711.0,ha,Actual,PL2a
386ffde2-4713-4654-9f8f-301c38788f74,2010,6,Bắc Cạn,Provincial,Cultivation,Lúa,,Area_Planted,314.0,ha,Actual,PL2a
934098cc-bcbc-4473-b966-0f3994258f06,2010,6,Bắc Cạn,Provincial,Cultivation,Sắn,,Area_Planted,1144.0,ha,Actual,PL2a
d829e81e-6762-47e0-90c1-ccdd21482d94,2010,6,Bắc Cạn,Provincial,Cultivation,Lúa,,Area_Planted,247.0,ha,Actual,PL2a
d3caba41-88f2-4b94-b23e-8ce1d154c975,2010,6,Lạng Sơn,Provincial,Cultivation,Lúa,,Area_Planted,14497.0,ha,Actual,PL2a
b2ee3c51-7c96-4422-b938-79b99dd442e4,2010,6,Lạng Sơn,Provincial,Cultivation,Lúa,,Area_Harvested,10000.0,ha,Actual,PL2a
ea9194c3-c4ed-45eb-8459-e47692aa8ba5,2010,6,Lạng Sơn,Provincial,Cultivation,Lúa,,percent,69.0,percent,Actual,PL2a
3ff0f1f6-aa1e-4271-8e23-4261b6058602,2010,6,Lạng Sơn,Provincial,Cultivation,Lúa,,percent,15073.0,percent,Actual,PL2a
5e1a0e28-90a0-4fd4-8fcf-3720986d48ad,2010,6,Lạng Sơn,Provincial,Cultivation,Ngô,,Area_Planted,13100.0,ha,Actual,PL2a
49577a97-b06f-4dec-93a9-311fe9d76001,2010,6,Lạng Sơn,Provincial,Cultivation,Lúa,,Area_Planted,0.0,ha,Actual,PL2a
ebc9890b-41d3-4955-a8a5-fef9209a3809,2010,6,Lạng Sơn,Provincial,Cultivation,Lúa,,Area_Planted,1973.0,ha,Actual,PL2a
7a12379b-6ef7-4269-a547-4665f6b4860a,2010,6,Tuyên Quang,Provincial,Cultivation,Lúa,,Area_Planted,19492.0,ha,Actual,PL2a
b018f459-e1d4-47cc-9632-6df361fb8806,2010,6,Tuyên Quang,Provincial,Cultivation,Lúa,,Area_Harvested,18698.0,ha,Actual,PL2a
a6ccd319-108f-49b5-8ff3-1f886fe247f6,2010,6,Tuyên Quang,Provincial,Cultivation,Lúa,,percent,95.9,percent,Actual,PL2a
d9ece887-122b-4aa0-a391-68db7beedcd5,2010,6,Tuyên Quang,Provincial,Cultivation,Lúa,,percent,41.0,percent,Actual,PL2a
a2a19be5-f1e6-42f4-b847-42d16879f2f9,2010,6,Tuyên Quang,Provincial,Cultivation,Lúa,,percent,16107.0,percent,Actual,PL2a
33a53170-3cd3-41ab-95b5-2d84ad49d2e8,2010,6,Tuyên Quang,Provincial,Cultivation,Ngô,,Area_Planted,12056.0,ha,Actual,PL2a
5fd6f2e7-f0aa-4a95-94ff-788a8fec8453,2010,6,Tuyên Quang,Provincial,Cultivation,Lúa,,Area_Planted,4051.0,ha,Actual,PL2a
d88de547-e588-4b0c-b489-1f1291bade50,2010,6,Yên Bái,Provincial,Cultivation,Lúa,,Area_Planted,17422.0,ha,Actual,PL2a
c766519a-0fb6-42eb-8993-6c539949dcc9,2010,6,Yên Bái,Provincial,Cultivation,Lúa,,Area_Harvested,17000.0,ha,Actual,PL2a
f5f0b25b-ee2e-420e-9b54-2632fe0124b7,2010,6,Yên Bái,Provincial,Cultivation,Lúa,,percent,97.6,percent,Actual,PL2a
b4639bf3-0029-40b2-89a8-6eb7cf560a78,2010,6,Yên Bái,Provincial,Cultivation,Lúa,,percent,1550.0,percent,Actual,PL2a
1bf85fb1-982b-4a48-b336-6ccd4798622c,2010,6,Yên Bái,Provincial,Cultivation,Lúa,,percent,28708.0,percent,Actual,PL2a
eca6c040-0a1a-45b8-bf7b-17b3d5247bde,2010,6,Yên Bái,Provincial,Cultivation,Ngô,,Area_Planted,14415.0,ha,Actual,PL2a
32e4e702-62b7-48ab-9fdd-fba745950ba0,2010,6,Yên Bái,Provincial,Cultivation,Lúa,,Area_Planted,1753.0,ha,Actual,PL2a
3a50b5ea-cbb3-4d0a-a49b-acf78d4efee8,2010,6,Yên Bái,Provincial,Cultivation,Sắn,,Area_Planted,12023.0,ha,Actual,PL2a
a1613d60-ed4d-4409-9eb3-0fdb224d8ca2,2010,6,Yên Bái,Provincial,Cultivation,Lúa,,Area_Planted,517.0,ha,Actual,PL2a
9d310602-45b2-457a-a64a-29770576bd12,2010,6,Thái Nguyên,Provincial,Cultivation,Lúa,,Area_Planted,28263.0,ha,Actual,PL2a
aebd7eac-9f2d-45fd-9f75-ca56bc3174f7,2010,6,Thái Nguyên,Provincial,Cultivation,Lúa,,Area_Harvested,28263.0,ha,Actual,PL2a
ad675981-b0c3-4817-8833-b4979f7603a2,2010,6,Thái Nguyên,Provincial,Cultivation,Lúa,,percent,100.0,percent,Actual,PL2a
a9137b92-4861-4de3-b5ab-a149130627c3,2010,6,Thái Nguyên,Provincial,Cultivation,Lúa,,percent,23232.0,percent,Actual,PL2a
2b7ffadf-e279-4710-bc72-46012a8793e0,2010,6,Thái Nguyên,Provincial,Cultivation,Ngô,,Area_Planted,13709.0,ha,Actual,PL2a
b3663e00-5597-4365-944f-ae38065d7a2f,2010,6,Thái Nguyên,Provincial,Cultivation,Lúa,,Area_Planted,5814.0,ha,Actual,PL2a
c1006585-aa35-42c1-b464-d0cdbe97f429,2010,6,Thái Nguyên,Provincial,Cultivation,Sắn,,Area_Planted,3709.0,ha,Actual,PL2a
4ccc8631-eb7a-416e-851a-b0412cc17a02,2010,6,Phú Thọ,Provincial,Cultivation,Lúa,,Area_Planted,35534.0,ha,Actual,PL2a
48992451-efbe-4be3-98b8-72078fa20583,2010,6,Phú Thọ,Provincial,Cultivation,Lúa,,Area_Harvested,35000.0,ha,Actual,PL2a
6f2bcf14-d80f-4955-b8b3-71c61c95932a,2010,6,Phú Thọ,Provincial,Cultivation,Lúa,,percent,98.5,percent,Actual,PL2a
4201c853-0f98-4bad-889f-3cb031532f81,2010,6,Phú Thọ,Provincial,Cultivation,Lúa,,percent,27105.0,percent,Actual,PL2a
c13868ef-1cdb-494e-820c-9eeea7b540f2,2010,6,Phú Thọ,Provincial,Cultivation,Ngô,,Area_Planted,17139.0,ha,Actual,PL2a
962519ee-2e71-4047-afed-22441a13a996,2010,6,Phú Thọ,Provincial,Cultivation,Lúa,,Area_Planted,2571.0,ha,Actual,PL2a
d6888dc1-6e7a-42ba-8277-db868817ce1c,2010,6,Phú Thọ,Provincial,Cultivation,Sắn,,Area_Planted,7194.0,ha,Actual,PL2a
c6da00d7-4012-449f-9869-efc49ff6d7e6,2010,6,Phú Thọ,Provincial,Cultivation,Lúa,,Area_Planted,202.0,ha,Actual,PL2a
0886d33e-c7e2-46d6-9bfe-2d5a32c61247,2010,6,Bắc Giang,Provincial,Cultivation,Lúa,,Area_Planted,51686.0,ha,Actual,PL2a
be7f391f-2413-4f51-88f3-8337e1ee07fb,2010,6,Bắc Giang,Provincial,Cultivation,Lúa,,Area_Harvested,50000.0,ha,Actual,PL2a
f958390f-9aaf-43cb-b8f4-a715d094be9a,2010,6,Bắc Giang,Provincial,Cultivation,Lúa,,percent,96.7,percent,Actual,PL2a
e7cecf76-3b45-4840-9ad7-92f80a3aabab,2010,6,Bắc Giang,Provincial,Cultivation,Lúa,,percent,19719.0,percent,Actual,PL2a
f7593fa1-fd76-4d02-b00a-2481a5a55737,2010,6,Bắc Giang,Provincial,Cultivation,Ngô,,Area_Planted,10115.0,ha,Actual,PL2a
8a48e579-47fc-44f7-b5b2-3e3f7ee7d032,2010,6,Bắc Giang,Provincial,Cultivation,Lúa,,Area_Planted,7404.0,ha,Actual,PL2a
462b6fb9-f9ee-4b14-9f39-2c4dfc686219,2010,6,Bắc Giang,Provincial,Cultivation,Sắn,,Area_Planted,2200.0,ha,Actual,PL2a
0e181cf7-96a5-4cf6-a8af-a35e592e1540,2010,6,Lai Châu,Provincial,Cultivation,Lúa,,Area_Planted,5443.0,ha,Actual,PL2a
21cd6274-adb1-4849-92e1-1daaba52c41d,2010,6,Lai Châu,Provincial,Cultivation,Lúa,,Area_Harvested,3900.0,ha,Actual,PL2a
b88e6113-1024-496b-b784-241ce1ad9c63,2010,6,Lai Châu,Provincial,Cultivation,Lúa,,percent,71.7,percent,Actual,PL2a
653d64df-ceb6-4eb9-912a-0971c3934c45,2010,6,Lai Châu,Provincial,Cultivation,Lúa,,percent,22630.0,percent,Actual,PL2a
5e4fd4bf-a72f-4451-b2a8-0a26c64e1031,2010,6,Lai Châu,Provincial,Cultivation,Ngô,,Area_Planted,17473.0,ha,Actual,PL2a
ffba9abe-12b9-4b40-8a79-1bc7804ef177,2010,6,Lai Châu,Provincial,Cultivation,Lúa,,Area_Planted,0.0,ha,Actual,PL2a
c67baeaf-8af3-4b48-9415-1675e0777ad2,2010,6,Lai Châu,Provincial,Cultivation,Sắn,,Area_Planted,5157.0,ha,Actual,PL2a
8104b324-34d7-4dca-ab16-f2145151c606,2010,6,Điện Biên,Provincial,Cultivation,Lúa,,Area_Planted,7862.0,ha,Actual,PL2a
55307f7d-1e78-4b1d-943d-b833ff3cd9c7,2010,6,Điện Biên,Provincial,Cultivation,Lúa,,Area_Harvested,6449.0,ha,Actual,PL2a
f19ec79e-d357-47f6-b03c-c31323afd6c3,2010,6,Điện Biên,Provincial,Cultivation,Lúa,,percent,82.0,percent,Actual,PL2a
e3bcbb03-8e26-4389-b345-660357e48a67,2010,6,Điện Biên,Provincial,Cultivation,Lúa,,percent,4613.0,percent,Actual,PL2a
c55ae3ad-1a81-4153-b94e-fd48f50d40b5,2010,6,Điện Biên,Provincial,Cultivation,Lúa,,percent,35286.0,percent,Actual,PL2a
bcc8cf0a-2391-4d90-8179-5e26e34aa602,2010,6,Điện Biên,Provincial,Cultivation,Ngô,,Area_Planted,28130.0,ha,Actual,PL2a
2466c83f-ba7c-4ab2-bbcc-1d520c9951da,2010,6,Điện Biên,Provincial,Cultivation,Lúa,,Area_Planted,20.0,ha,Actual,PL2a
40bbd6e5-f1d6-4c25-9438-e455a5f0155a,2010,6,Điện Biên,Provincial,Cultivation,Sắn,,Area_Planted,7136.0,ha,Actual,PL2a
3ece5ec7-3cfc-4499-9371-c70e9d35764e,2010,6,Sơn La,Provincial,Cultivation,Lúa,,Area_Planted,9491.0,ha,Actual,PL2a
87760289-6259-42ce-ad5b-843efe2f2534,2010,6,Sơn La,Provincial,Cultivation,Lúa,,Area_Harvested,1416.0,ha,Actual,PL2a
b5455a96-191b-4c73-b3d4-5a71d95b6435,2010,6,Sơn La,Provincial,Cultivation,Lúa,,percent,14.9,percent,Actual,PL2a
3a88ade1-f80d-49bf-857e-522e360d86e8,2010,6,Sơn La,Provincial,Cultivation,Lúa,,percent,141524.0,percent,Actual,PL2a
66cb149d-34a6-40db-8731-b06b949761bf,2010,6,Sơn La,Provincial,Cultivation,Ngô,,Area_Planted,115249.0,ha,Actual,PL2a
a54a1d60-12fa-4ebd-b335-7bd22db2a45e,2010,6,Sơn La,Provincial,Cultivation,Lúa,,Area_Planted,95.0,ha,Actual,PL2a
b634a60e-1714-4fe5-b5db-5a11fd27f697,2010,6,Sơn La,Provincial,Cultivation,Sắn,,Area_Planted,23285.0,ha,Actual,PL2a
f20be514-6eb6-4b2c-8307-532fada05865,2010,6,Sơn La,Provincial,Cultivation,Lúa,,Area_Planted,2895.0,ha,Actual,PL2a
9b78c07c-e942-495b-ab2d-702edd27d05b,2010,6,Hoà Bình,Provincial,Cultivation,Lúa,,Area_Planted,16000.0,ha,Actual,PL2a
561f5d50-4482-4a20-b885-41f4a136e7c6,2010,6,Hoà Bình,Provincial,Cultivation,Lúa,,Area_Harvested,15948.0,ha,Actual,PL2a
7fa7b084-cecf-4e82-8a58-f1e5315c53dd,2010,6,Hoà Bình,Provincial,Cultivation,Lúa,,percent,99.7,percent,Actual,PL2a
29a1a324-532a-4a40-b9db-83ffd6ef7c69,2010,6,Hoà Bình,Provincial,Cultivation,Lúa,,percent,44355.0,percent,Actual,PL2a
463eda0b-3c00-4405-9dba-b449cb54061c,2010,6,Hoà Bình,Provincial,Cultivation,Ngô,,Area_Planted,26823.0,ha,Actual,PL2a
55560bd5-2bc6-4a6d-82a2-47106757e55c,2010,6,Hoà Bình,Provincial,Cultivation,Lúa,,Area_Planted,5008.0,ha,Actual,PL2a
684a2747-e02a-481d-ae4e-da495c9db6cc,2010,6,Hoà Bình,Provincial,Cultivation,Sắn,,Area_Planted,11009.0,ha,Actual,PL2a
751cb4f3-21b6-41d6-9b6a-eb751b05ca56,2010,6,Hoà Bình,Provincial,Cultivation,Lúa,,Area_Planted,1515.0,ha,Actual,PL2a
95b3ac5c-0ab6-44da-b2c0-a727b0901793,2010,6,Bắc Trung Bộ,Provincial,Cultivation,Lúa,,Area_Planted,341963.0,ha,Actual,PL2a
30c4de28-15be-4a91-9aec-0566d9b1b630,2010,6,Bắc Trung Bộ,Provincial,Cultivation,Lúa,,Area_Harvested,341042.0,ha,Actual,PL2a
776e7a6d-a145-4b5d-bf6e-4aa662aa3299,2010,6,Bắc Trung Bộ,Provincial,Cultivation,Lúa,,percent,99.7,percent,Actual,PL2a
2061c9c5-500d-4e3c-9a59-dea1a1478697,2010,6,Bắc Trung Bộ,Provincial,Cultivation,Lúa,,percent,121314.0,percent,Actual,PL2a
a250fa7d-fa96-403b-9942-843529c6c9d5,2010,6,Bắc Trung Bộ,Provincial,Cultivation,Lúa,,percent,201316.0,percent,Actual,PL2a
adcf87cf-f3c7-452c-9e56-0f64c1067112,2010,6,Bắc Trung Bộ,Provincial,Cultivation,Ngô,,Area_Planted,113210.0,ha,Actual,PL2a
2b43946c-9bde-4290-9db4-ae6dba04ab42,2010,6,Bắc Trung Bộ,Provincial,Cultivation,Lúa,,Area_Planted,35252.0,ha,Actual,PL2a
d7ad19a7-ff99-47e3-bc05-8e93c91e7ecf,2010,6,Bắc Trung Bộ,Provincial,Cultivation,Sắn,,Area_Planted,44495.0,ha,Actual,PL2a
55cb1337-7e28-45ea-ba95-4f0f06ae4b3c,2010,6,Bắc Trung Bộ,Provincial,Cultivation,Lúa,,Area_Planted,8359.0,ha,Actual,PL2a
bbaad826-89f0-4e1a-9050-1c6a568ac04e,2010,6,Thanh Hoá,Provincial,Cultivation,Lúa,,Area_Planted,121343.0,ha,Actual,PL2a
14d72f19-0afa-4e63-be8b-710ad952cfa5,2010,6,Thanh Hoá,Provincial,Cultivation,Lúa,,Area_Harvested,120422.0,ha,Actual,PL2a
ec6e74f7-5a88-4a45-bb1b-646b49606f0d,2010,6,Thanh Hoá,Provincial,Cultivation,Lúa,,percent,99.2,percent,Actual,PL2a
bb7b614b-11b6-4705-9daa-c303187c65dd,2010,6,Thanh Hoá,Provincial,Cultivation,Lúa,,percent,72344.0,percent,Actual,PL2a
aaa875ab-e6f3-4401-a485-97bfbfd5be2b,2010,6,Thanh Hoá,Provincial,Cultivation,Ngô,,Area_Planted,49312.0,ha,Actual,PL2a
d21276e9-1e1b-4d9e-917e-5f1387a54294,2010,6,Thanh Hoá,Provincial,Cultivation,Lúa,,Area_Planted,13123.0,ha,Actual,PL2a
c18543b8-4285-4892-9b5d-62043cecf5a5,2010,6,Thanh Hoá,Provincial,Cultivation,Sắn,,Area_Planted,9200.0,ha,Actual,PL2a
18fde0c5-fe82-4946-90cc-2e850a166626,2010,6,Thanh Hoá,Provincial,Cultivation,Lúa,,Area_Planted,709.0,ha,Actual,PL2a
6e3854d0-26ba-4d47-9659-f8ab74eb5d53,2010,6,Nghệ An,Provincial,Cultivation,Lúa,,Area_Planted,87482.0,ha,Actual,PL2a
f740fa05-db65-4efd-9f94-fe569881dc19,2010,6,Nghệ An,Provincial,Cultivation,Lúa,,Area_Harvested,87482.0,ha,Actual,PL2a
2c98f492-b837-465d-8621-7c5a4db02798,2010,6,Nghệ An,Provincial,Cultivation,Lúa,,percent,100.0,percent,Actual,PL2a
e065409d-889d-495a-a2d5-24d911739626,2010,6,Nghệ An,Provincial,Cultivation,Lúa,,percent,30000.0,percent,Actual,PL2a
58c0f01a-128f-434e-949c-c7da7485afcb,2010,6,Nghệ An,Provincial,Cultivation,Lúa,,percent,72536.0,percent,Actual,PL2a
65ca2abf-04a3-4249-a8ff-b4088d4d2a08,2010,6,Nghệ An,Provincial,Cultivation,Ngô,,Area_Planted,45786.0,ha,Actual,PL2a
4b32678c-f5d8-486d-9ec8-11c006813f8d,2010,6,Nghệ An,Provincial,Cultivation,Lúa,,Area_Planted,9787.0,ha,Actual,PL2a
9b040b50-259a-4dc4-91d1-ed26c7868b01,2010,6,Nghệ An,Provincial,Cultivation,Sắn,,Area_Planted,16463.0,ha,Actual,PL2a
af315a56-cc44-4f83-b1af-42d5636453a5,2010,6,Nghệ An,Provincial,Cultivation,Lúa,,Area_Planted,500.0,ha,Actual,PL2a
bac788b4-4eec-42a6-8637-5c8c148cb637,2010,6,Hà Tĩnh,Provincial,Cultivation,Lúa,,Area_Planted,53569.0,ha,Actual,PL2a
f54e864c-f9ee-4ac0-90b1-fbe13bb28923,2010,6,Hà Tĩnh,Provincial,Cultivation,Lúa,,Area_Harvested,53569.0,ha,Actual,PL2a
3e7392f7-7a2c-477f-b992-22745e5ae2d6,2010,6,Hà Tĩnh,Provincial,Cultivation,Lúa,,percent,100.0,percent,Actual,PL2a
6425204d-fc13-4127-add3-36370bd2bf8c,2010,6,Hà Tĩnh,Provincial,Cultivation,Lúa,,percent,35000.0,percent,Actual,PL2a
469ebd11-8cd0-4211-baa6-7d073b44dc0f,2010,6,Hà Tĩnh,Provincial,Cultivation,Lúa,,percent,17183.0,percent,Actual,PL2a
b732ce08-764d-474f-8170-4ee28b09e2cf,2010,6,Hà Tĩnh,Provincial,Cultivation,Ngô,,Area_Planted,7307.0,ha,Actual,PL2a
14e68cbd-7460-4766-bf5f-0b21df3df5fa,2010,6,Hà Tĩnh,Provincial,Cultivation,Lúa,,Area_Planted,7126.0,ha,Actual,PL2a
ebd1fe9d-6b08-4367-9b99-ece4c5a9ded2,2010,6,Hà Tĩnh,Provincial,Cultivation,Lúa,,Area_Planted,2750.0,ha,Actual,PL2a
56f9a4a2-f675-4561-b69b-34394d46f4a9,2010,6,Quảng Bình,Provincial,Cultivation,Lúa,,Area_Planted,28334.0,ha,Actual,PL2a
c09f938d-15fb-4cbc-9a13-f647e12d691a,2010,6,Quảng Bình,Provincial,Cultivation,Lúa,,Area_Harvested,28334.0,ha,Actual,PL2a
f4b137fc-bd15-48aa-9a90-e5e51b7050f2,2010,6,Quảng Bình,Provincial,Cultivation,Lúa,,percent,100.0,percent,Actual,PL2a
f9713c72-59f8-4b2b-9c14-3aa71a5ea61d,2010,6,Quảng Bình,Provincial,Cultivation,Lúa,,percent,15000.0,percent,Actual,PL2a
89029773-3281-44cb-8ee7-a10db5a496fa,2010,6,Quảng Bình,Provincial,Cultivation,Lúa,,percent,14818.0,percent,Actual,PL2a
adbac4f1-1b49-4564-a33e-ebc0f12c545e,2010,6,Quảng Bình,Provincial,Cultivation,Ngô,,Area_Planted,5500.0,ha,Actual,PL2a
c5bd9104-1189-41bc-b510-6eceb7c8e3d3,2010,6,Quảng Bình,Provincial,Cultivation,Lúa,,Area_Planted,1586.0,ha,Actual,PL2a
2aa243ff-e29c-42b6-b044-b285bd6668f0,2010,6,Quảng Bình,Provincial,Cultivation,Sắn,,Area_Planted,5782.0,ha,Actual,PL2a
4548baeb-11cf-4b51-b13f-12e8d3154fdb,2010,6,Quảng Bình,Provincial,Cultivation,Lúa,,Area_Planted,1950.0,ha,Actual,PL2a
846cbe30-bf65-4d4f-b22f-8f4bfbe84efb,2010,6,Quảng Trị,Provincial,Cultivation,Lúa,,Area_Planted,24083.0,ha,Actual,PL2a
2de62641-a2ec-4891-b978-e1032ef6daf5,2010,6,Quảng Trị,Provincial,Cultivation,Lúa,,Area_Harvested,24083.0,ha,Actual,PL2a
e7e211af-f4b8-47f1-a5fa-52e264219de9,2010,6,Quảng Trị,Provincial,Cultivation,Lúa,,percent,100.0,percent,Actual,PL2a
aaa67025-8456-4ff3-87b8-4fe4ffa62dcb,2010,6,Quảng Trị,Provincial,Cultivation,Lúa,,percent,21314.0,percent,Actual,PL2a
e1b084c3-3817-47c6-9e45-794c1139c796,2010,6,Quảng Trị,Provincial,Cultivation,Lúa,,percent,14135.0,percent,Actual,PL2a
fdc5106a-8120-41e5-a202-29867e5876e1,2010,6,Quảng Trị,Provincial,Cultivation,Ngô,,Area_Planted,3505.0,ha,Actual,PL2a
ffd72e33-aecd-456a-a2ac-7e0ec82b3137,2010,6,Quảng Trị,Provincial,Cultivation,Lúa,,Area_Planted,630.0,ha,Actual,PL2a
3a6810e2-937e-45c3-b271-9869e0100422,2010,6,Quảng Trị,Provincial,Cultivation,Sắn,,Area_Planted,8000.0,ha,Actual,PL2a
ab2b6fe3-47c4-49c5-a74d-963b4e8f65ed,2010,6,Quảng Trị,Provincial,Cultivation,Lúa,,Area_Planted,2000.0,ha,Actual,PL2a
38f8a208-745b-42b1-9ac3-b07d8055c5a7,2010,6,Thừa Thiên Huế,Provincial,Cultivation,Lúa,,Area_Planted,27152.0,ha,Actual,PL2a
f697ce9c-62f9-42d9-a3c5-fb4ad2de805c,2010,6,Thừa Thiên Huế,Provincial,Cultivation,Lúa,,Area_Harvested,27152.0,ha,Actual,PL2a
6cfe4890-8283-405b-9c0f-730b77be7ef3,2010,6,Thừa Thiên Huế,Provincial,Cultivation,Lúa,,percent,100.0,percent,Actual,PL2a
74372055-98c3-4f4f-bf16-fa3dcfb57cea,2010,6,Thừa Thiên Huế,Provincial,Cultivation,Lúa,,percent,20000.0,percent,Actual,PL2a
6234d2b8-de9a-4dbc-93b4-e33585a1c460,2010,6,Thừa Thiên Huế,Provincial,Cultivation,Lúa,,percent,10300.0,percent,Actual,PL2a
9ef5fbf4-ce5d-4a1b-bdc0-57a738fb2eea,2010,6,Thừa Thiên Huế,Provincial,Cultivation,Ngô,,Area_Planted,1800.0,ha,Actual,PL2a
193dffdf-8452-4d21-819a-96c13db201dc,2010,6,Thừa Thiên Huế,Provincial,Cultivation,Lúa,,Area_Planted,3000.0,ha,Actual,PL2a
2581c5d4-9575-4e97-8f58-2611194812b8,2010,6,Thừa Thiên Huế,Provincial,Cultivation,Sắn,,Area_Planted,5050.0,ha,Actual,PL2a
3541c43f-7ec0-4174-85f1-96c2d7f639a5,2010,6,Thừa Thiên Huế,Provincial,Cultivation,Lúa,,Area_Planted,450.0,ha,Actual,PL2a
8aae093c-8f3c-4cf1-ae1a-6d5b5d2d33a4,2010,6,Miền Bắc,Regional,Cultivation,Lúa,,Area_Planted,293508.0,ha,Actual,PL2b
9bab5dd9-3720-4cef-a315-bf233ee506d8,2010,6,Miền Bắc,Regional,Cultivation,Đậu tương,,Area_Planted,120240.0,ha,Actual,PL2b
7bc62f86-914b-4d73-be35-a8c9b6fcb6f3,2010,6,Miền Bắc,Regional,Cultivation,Lạc,,Area_Planted,126099.0,ha,Actual,PL2b
409c6a1f-28d0-40ef-a4d7-b8cb98e9c2dd,2010,6,Miền Bắc,Regional,Cultivation,Mía,,Area_Planted,26839.0,ha,Actual,PL2b
d2b290c8-a6f9-4134-9e5e-32c84d5c684a,2010,6,Miền Bắc,Regional,Cultivation,Thuốc lá,,Area_Planted,13187.0,ha,Actual,PL2b
ae5d358d-8cdb-4461-a119-70bf52a93146,2010,6,Miền Bắc,Regional,Cultivation,Lúa,,Area_Planted,7142.0,ha,Actual,PL2b
aad223a5-f523-40e3-bd0a-18655c518593,2010,6,Miền Bắc,Regional,Cultivation,Lúa,,Area_Planted,309549.0,ha,Actual,PL2b
fa9c3fc7-0b9b-4727-9095-fa93af0cd52f,2010,6,ĐB sông Hồng,Provincial,Cultivation,Lúa,,Area_Planted,107675.0,ha,Actual,PL2b
8b71c452-d361-43be-a374-267b0dc2ab67,2010,6,ĐB sông Hồng,Provincial,Cultivation,Đậu tương,,Area_Planted,81968.0,ha,Actual,PL2b
eec6361d-c74d-460c-add0-747f5c4a7e86,2010,6,ĐB sông Hồng,Provincial,Cultivation,Lạc,,Area_Planted,21234.0,ha,Actual,PL2b
4a1ef22d-26fd-4cbe-87cb-de7900714fc4,2010,6,ĐB sông Hồng,Provincial,Cultivation,Mía,,Area_Planted,630.0,ha,Actual,PL2b
e3a15c7e-d0be-4bb2-b20e-4e14e484271f,2010,6,ĐB sông Hồng,Provincial,Cultivation,Thuốc lá,,Area_Planted,2747.0,ha,Actual,PL2b
2823be07-259e-445f-bf32-d4c22a91d696,2010,6,ĐB sông Hồng,Provincial,Cultivation,Lúa,,Area_Planted,1097.0,ha,Actual,PL2b
44f5fdc6-9333-43c0-a720-6cb0314a2404,2010,6,ĐB sông Hồng,Provincial,Cultivation,Lúa,,Area_Planted,149297.0,ha,Actual,PL2b
14ddfd45-e498-4ecf-ab2f-964d3fb709e3,2010,6,Hà Nội,Provincial,Cultivation,Lúa,,Area_Planted,38630.0,ha,Actual,PL2b
8728bcef-23b8-4e36-88f3-6b4605e480d0,2010,6,Hà Nội,Provincial,Cultivation,Đậu tương,,Area_Planted,33430.0,ha,Actual,PL2b
f400b8f4-2b00-4e66-97b0-62dbab2cbac5,2010,6,Hà Nội,Provincial,Cultivation,Lạc,,Area_Planted,5000.0,ha,Actual,PL2b
c0011459-c7fc-40a5-a375-65aac621173c,2010,6,Hà Nội,Provincial,Cultivation,Mía,,Area_Planted,200.0,ha,Actual,PL2b
eed4fdaf-f7c4-48cd-914f-9818d689f603,2010,6,Hà Nội,Provincial,Cultivation,Thuốc lá,,Area_Planted,0.0,ha,Actual,PL2b
79042ed1-def1-4a40-b2d8-4a756296c442,2010,6,Hà Nội,Provincial,Cultivation,Lúa,,Area_Planted,0.0,ha,Actual,PL2b
6d88f111-fcd1-481e-957c-12655dd19baa,2010,6,Hà Nội,Provincial,Cultivation,Lúa,,Area_Planted,22758.0,ha,Actual,PL2b
df9d45b2-7731-41bb-8e91-44a9cd739fcf,2010,6,Hải Phòng,Provincial,Cultivation,Lúa,,Area_Planted,2849.0,ha,Actual,PL2b
45bff4e5-e154-45df-b675-4d89f10ae0dc,2010,6,Hải Phòng,Provincial,Cultivation,Đậu tương,,Area_Planted,375.0,ha,Actual,PL2b
baecaeb3-5917-4fa3-bd42-f34a2896aa09,2010,6,Hải Phòng,Provincial,Cultivation,Lạc,,Area_Planted,0.0,ha,Actual,PL2b
7822f7a1-ccf2-4579-8ada-7fe4d9ebc3bf,2010,6,Hải Phòng,Provincial,Cultivation,Mía,,Area_Planted,0.0,ha,Actual,PL2b
9d8aa678-379b-4bb2-a7c9-44bfdaaf8cd8,2010,6,Hải Phòng,Provincial,Cultivation,Thuốc lá,,Area_Planted,2347.0,ha,Actual,PL2b
c264869e-6cdb-48c0-bc69-84464565cd20,2010,6,Hải Phòng,Provincial,Cultivation,Lúa,,Area_Planted,127.0,ha,Actual,PL2b
f53d13f0-6042-4344-badf-30ba01368453,2010,6,Hải Phòng,Provincial,Cultivation,Lúa,,Area_Planted,24498.0,ha,Actual,PL2b
9db87b64-c9d9-4328-89c0-54213839129e,2010,6,Vĩnh Phúc,Provincial,Cultivation,Lúa,,Area_Planted,8862.0,ha,Actual,PL2b
534a32fa-2b25-436d-b6a6-6b92119723a5,2010,6,Vĩnh Phúc,Provincial,Cultivation,Đậu tương,,Area_Planted,5368.0,ha,Actual,PL2b
1db3ef19-a972-4a10-8efe-50a4cab64867,2010,6,Vĩnh Phúc,Provincial,Cultivation,Lạc,,Area_Planted,3209.0,ha,Actual,PL2b
6043bc59-7264-4630-9b98-3f29763269e1,2010,6,Vĩnh Phúc,Provincial,Cultivation,Mía,,Area_Planted,24.0,ha,Actual,PL2b
cee9452e-6df9-4d55-8e61-d3eb379e92c7,2010,6,Vĩnh Phúc,Provincial,Cultivation,Thuốc lá,,Area_Planted,0.0,ha,Actual,PL2b
667a5ef1-7221-4920-bdc1-9c165b006ac1,2010,6,Vĩnh Phúc,Provincial,Cultivation,Lúa,,Area_Planted,261.0,ha,Actual,PL2b
76433df9-0165-4f7a-9166-4e40532030e8,2010,6,Vĩnh Phúc,Provincial,Cultivation,Lúa,,Area_Planted,8293.0,ha,Actual,PL2b
acc8a75f-034f-470d-877b-74e4ca331fae,2010,6,Bắc Ninh,Provincial,Cultivation,Lúa,,Area_Planted,3981.0,ha,Actual,PL2b
70912c8f-d318-41a0-8531-e4572a7d2621,2010,6,Bắc Ninh,Provincial,Cultivation,Đậu tương,,Area_Planted,2733.0,ha,Actual,PL2b
9ea41f04-be54-4e7e-a1b3-14b10faba103,2010,6,Bắc Ninh,Provincial,Cultivation,Lạc,,Area_Planted,957.0,ha,Actual,PL2b
2d641f8c-8de5-4335-8007-28b56542bcf4,2010,6,Bắc Ninh,Provincial,Cultivation,Mía,,Area_Planted,0.0,ha,Actual,PL2b
960a0c4b-4239-450e-9431-6dc835e6de7d,2010,6,Bắc Ninh,Provincial,Cultivation,Thuốc lá,,Area_Planted,0.0,ha,Actual,PL2b
a1068222-c6ad-4088-ba19-6b3e38912e5e,2010,6,Bắc Ninh,Provincial,Cultivation,Lúa,,Area_Planted,292.0,ha,Actual,PL2b
815105ad-f328-4551-b2ca-b0f6239bb990,2010,6,Bắc Ninh,Provincial,Cultivation,Lúa,,Area_Planted,6157.0,ha,Actual,PL2b
85f9be63-950f-4cc1-b9b6-bbfb9d4231a8,2010,6,Hải Dương,Provincial,Cultivation,Lúa,,Area_Planted,2250.0,ha,Actual,PL2b
6aa8b2ef-bd7d-466b-938f-4913497968b5,2010,6,Hải Dương,Provincial,Cultivation,Đậu tương,,Area_Planted,1050.0,ha,Actual,PL2b
6efbb899-5b3e-4460-a177-7c6696226549,2010,6,Hải Dương,Provincial,Cultivation,Lạc,,Area_Planted,1200.0,ha,Actual,PL2b
3dae1909-b56d-4446-9348-309c26cfb643,2010,6,Hải Dương,Provincial,Cultivation,Mía,,Area_Planted,0.0,ha,Actual,PL2b
c598a688-5a58-494c-99eb-b29fa1911054,2010,6,Hải Dương,Provincial,Cultivation,Thuốc lá,,Area_Planted,0.0,ha,Actual,PL2b
66a1f7a6-140c-4862-95e9-086dfababb4b,2010,6,Hải Dương,Provincial,Cultivation,Lúa,,Area_Planted,0.0,ha,Actual,PL2b
97a60845-ba66-4f7d-9371-dbe463276d32,2010,6,Hải Dương,Provincial,Cultivation,Lúa,,Area_Planted,26415.0,ha,Actual,PL2b
967d0191-2a63-4f43-97f6-aa73d18da967,2010,6,Hưng Yên,Provincial,Cultivation,Lúa,,Area_Planted,3794.0,ha,Actual,PL2b
2874c032-1091-47e7-867e-a141df788ada,2010,6,Hưng Yên,Provincial,Cultivation,Đậu tương,,Area_Planted,2758.0,ha,Actual,PL2b
d3a1eb7d-273b-4663-90fb-aa01dad0de3e,2010,6,Hưng Yên,Provincial,Cultivation,Lạc,,Area_Planted,814.0,ha,Actual,PL2b
4012b90c-d47f-4b0c-8d98-8705bbb028ae,2010,6,Hưng Yên,Provincial,Cultivation,Mía,,Area_Planted,0.0,ha,Actual,PL2b
5f5b1b6f-3917-42a1-847f-9f1cf748678b,2010,6,Hưng Yên,Provincial,Cultivation,Thuốc lá,,Area_Planted,0.0,ha,Actual,PL2b
9f3c6e97-f08c-4123-851b-4914620ffb60,2010,6,Hưng Yên,Provincial,Cultivation,Lúa,,Area_Planted,222.0,ha,Actual,PL2b
c16229ad-0679-4d91-8a89-81dc0dfbb9d7,2010,6,Hưng Yên,Provincial,Cultivation,Lúa,,Area_Planted,16321.0,ha,Actual,PL2b
19079ca5-3c1c-4c36-8165-31087c3a286d,2010,6,Hà Nam,Provincial,Cultivation,Lúa,,Area_Planted,11775.0,ha,Actual,PL2b
5888ae95-76ff-4814-a0cd-e6bf5e35e6a4,2010,6,Hà Nam,Provincial,Cultivation,Đậu tương,,Area_Planted,11377.0,ha,Actual,PL2b
e5ec25d7-a8fa-4460-97a9-ad2c4374e8b7,2010,6,Hà Nam,Provincial,Cultivation,Lạc,,Area_Planted,398.0,ha,Actual,PL2b
0cb82547-fbb8-4557-bf63-ce285fd95f07,2010,6,Hà Nam,Provincial,Cultivation,Mía,,Area_Planted,0.0,ha,Actual,PL2b
d975f0fe-4103-4ae1-8a68-c43c11aa9959,2010,6,Hà Nam,Provincial,Cultivation,Thuốc lá,,Area_Planted,0.0,ha,Actual,PL2b
e93f4533-b806-4cf7-abe4-0d246d75bef4,2010,6,Hà Nam,Provincial,Cultivation,Lúa,,Area_Planted,0.0,ha,Actual,PL2b
81ef580b-dab3-4dfd-a23c-e6e88d60f049,2010,6,Hà Nam,Provincial,Cultivation,Lúa,,Area_Planted,4333.0,ha,Actual,PL2b
7f23c7d3-32e0-4cc4-8e78-aeff3ab94d32,2010,6,Nam Định,Provincial,Cultivation,Lúa,,Area_Planted,4376.0,ha,Actual,PL2b
0ed4528b-e09c-4ddc-813a-08e2b8df3c03,2010,6,Nam Định,Provincial,Cultivation,Đậu tương,,Area_Planted,1376.0,ha,Actual,PL2b
e55a0432-f108-4fb4-9ea3-9165d69228b7,2010,6,Nam Định,Provincial,Cultivation,Lạc,,Area_Planted,3000.0,ha,Actual,PL2b
4ca93113-7224-48cd-867a-96ea289b708a,2010,6,Nam Định,Provincial,Cultivation,Mía,,Area_Planted,0.0,ha,Actual,PL2b
d21c2198-477e-4345-a060-a5899fcc4f07,2010,6,Nam Định,Provincial,Cultivation,Thuốc lá,,Area_Planted,0.0,ha,Actual,PL2b
f9fa932c-13a1-4b67-bda3-7d65adc0a10a,2010,6,Nam Định,Provincial,Cultivation,Lúa,,Area_Planted,0.0,ha,Actual,PL2b
af689437-874b-4fc0-b471-9aea51957735,2010,6,Nam Định,Provincial,Cultivation,Lúa,,Area_Planted,10198.0,ha,Actual,PL2b
b32c6000-38f8-4bef-af1c-f0a57f72a8ad,2010,6,Thái Bình,Provincial,Cultivation,Lúa,,Area_Planted,15679.0,ha,Actual,PL2b
369e2285-4adf-4bf2-8897-8a3a95ee15b4,2010,6,Thái Bình,Provincial,Cultivation,Đậu tương,,Area_Planted,13779.0,ha,Actual,PL2b
7c2fe192-c6b8-44c1-a3ca-0dbadb325c88,2010,6,Thái Bình,Provincial,Cultivation,Lạc,,Area_Planted,1500.0,ha,Actual,PL2b
81ec2949-a111-424f-bb84-263805e3e57f,2010,6,Thái Bình,Provincial,Cultivation,Mía,,Area_Planted,0.0,ha,Actual,PL2b
d6aee6b9-0f64-40a5-adcb-c52325d0e7f4,2010,6,Thái Bình,Provincial,Cultivation,Thuốc lá,,Area_Planted,400.0,ha,Actual,PL2b
96202ecf-79da-4c94-b4b7-943c8a7e3eb2,2010,6,Thái Bình,Provincial,Cultivation,Lúa,,Area_Planted,0.0,ha,Actual,PL2b
1b547c2d-2032-4e6d-b0ba-ac9ff82e85b8,2010,6,Thái Bình,Provincial,Cultivation,Lúa,,Area_Planted,14813.0,ha,Actual,PL2b
103ea3df-515e-4ab3-8ad4-b41e0e9fa227,2010,6,Ninh Bình,Provincial,Cultivation,Lúa,,Area_Planted,11993.0,ha,Actual,PL2b
dab157f9-98eb-4345-b40c-5225a6b8c95a,2010,6,Ninh Bình,Provincial,Cultivation,Đậu tương,,Area_Planted,9224.0,ha,Actual,PL2b
5d0638a9-5ce9-4803-aa3a-a91246d9cc59,2010,6,Ninh Bình,Provincial,Cultivation,Lạc,,Area_Planted,2769.0,ha,Actual,PL2b
ffd8cbc8-cce7-4bba-b5c0-59ef77f8152e,2010,6,Ninh Bình,Provincial,Cultivation,Mía,,Area_Planted,0.0,ha,Actual,PL2b
76523bf6-0d13-4b25-86e2-aa6e3a479003,2010,6,Ninh Bình,Provincial,Cultivation,Thuốc lá,,Area_Planted,0.0,ha,Actual,PL2b
c88aa397-36d3-47a0-ac86-a4fb5c184691,2010,6,Ninh Bình,Provincial,Cultivation,Lúa,,Area_Planted,0.0,ha,Actual,PL2b
13be5a82-a4ab-4f8b-a282-bd828dd1468f,2010,6,Ninh Bình,Provincial,Cultivation,Lúa,,Area_Planted,8323.0,ha,Actual,PL2b
931c6137-1b80-4955-bdc1-398304c9528b,2010,6,Quảng Ninh,Provincial,Cultivation,Lúa,,Area_Planted,3486.0,ha,Actual,PL2b
4026f3d4-f461-4d77-ab8b-2bcce8f21e03,2010,6,Quảng Ninh,Provincial,Cultivation,Đậu tương,,Area_Planted,498.0,ha,Actual,PL2b
de4237db-b6dd-4c7b-bbb9-405981ce9352,2010,6,Quảng Ninh,Provincial,Cultivation,Lạc,,Area_Planted,2387.0,ha,Actual,PL2b
51e0f1f7-a490-44ea-b78a-8de73f300e88,2010,6,Quảng Ninh,Provincial,Cultivation,Mía,,Area_Planted,406.0,ha,Actual,PL2b
ffd43287-5e54-4041-a06a-627273f2230f,2010,6,Quảng Ninh,Provincial,Cultivation,Thuốc lá,,Area_Planted,0.0,ha,Actual,PL2b
6df8c349-34ea-4b1f-b3f8-b2a0ae84c8e9,2010,6,Quảng Ninh,Provincial,Cultivation,Lúa,,Area_Planted,195.0,ha,Actual,PL2b
bfd7a4fd-04c5-46c5-bd56-72aa4c0bd19a,2010,6,Quảng Ninh,Provincial,Cultivation,Lúa,,Area_Planted,7188.0,ha,Actual,PL2b
86b4dcb9-15f6-4cc6-9d8a-7c45251c935c,2010,6,Trung du và MN phía Bắc,Provincial,Cultivation,Lúa,,Area_Planted,95893.0,ha,Actual,PL2b
066e2d40-f888-413c-b024-31441beda66e,2010,6,Trung du và MN phía Bắc,Provincial,Cultivation,Đậu tương,,Area_Planted,32652.0,ha,Actual,PL2b
a4eda192-0811-40b5-840f-bb3d71db72e3,2010,6,Trung du và MN phía Bắc,Provincial,Cultivation,Lạc,,Area_Planted,37108.0,ha,Actual,PL2b
bd6a17d9-fc70-4177-a61f-0eddabaa6b3f,2010,6,Trung du và MN phía Bắc,Provincial,Cultivation,Mía,,Area_Planted,10490.0,ha,Actual,PL2b
2e73f6c3-154f-4f14-a655-c7a8b002b977,2010,6,Trung du và MN phía Bắc,Provincial,Cultivation,Thuốc lá,,Area_Planted,10290.0,ha,Actual,PL2b
d8770c98-820c-41dd-83f6-1494d9b0ce26,2010,6,Trung du và MN phía Bắc,Provincial,Cultivation,Lúa,,Area_Planted,5353.0,ha,Actual,PL2b
a184a142-964b-48ac-a575-0f839a8b98e7,2010,6,Trung du và MN phía Bắc,Provincial,Cultivation,Lúa,,Area_Planted,86142.0,ha,Actual,PL2b
4112d442-ca54-4b5e-9d71-e011093805cb,2010,6,Hà Giang,Provincial,Cultivation,Lúa,,Area_Planted,11409.0,ha,Actual,PL2b
c7b20537-eb3d-4f23-821b-79622f1a263d,2010,6,Hà Giang,Provincial,Cultivation,Đậu tương,,Area_Planted,6518.0,ha,Actual,PL2b
1c9b1fbf-129b-4517-8b1a-ad177504e682,2010,6,Hà Giang,Provincial,Cultivation,Lạc,,Area_Planted,4682.0,ha,Actual,PL2b
a20648e5-682a-43bf-bddf-dcfbbbb69766,2010,6,Hà Giang,Provincial,Cultivation,Mía,,Area_Planted,0.0,ha,Actual,PL2b
160991f4-0c18-4608-940e-a84fad920605,2010,6,Hà Giang,Provincial,Cultivation,Thuốc lá,,Area_Planted,0.0,ha,Actual,PL2b
f3c586fc-43ab-4d7c-ac69-494103727aba,2010,6,Hà Giang,Provincial,Cultivation,Lúa,,Area_Planted,210.0,ha,Actual,PL2b
3569ff95-b1eb-4c38-8be7-bc1c98722c01,2010,6,Hà Giang,Provincial,Cultivation,Lúa,,Area_Planted,10943.0,ha,Actual,PL2b
9a7698f4-8699-46c7-9587-80490bc0a024,2010,6,Cao Bằng,Provincial,Cultivation,Lúa,,Area_Planted,10732.0,ha,Actual,PL2b
4322d71d-252e-4b2c-9eb4-58653080e64a,2010,6,Cao Bằng,Provincial,Cultivation,Đậu tương,,Area_Planted,5246.0,ha,Actual,PL2b
beca34d8-80b4-4f58-9c63-d835fd2f4b8f,2010,6,Cao Bằng,Provincial,Cultivation,Lạc,,Area_Planted,711.0,ha,Actual,PL2b
16fa88a8-8942-4124-8edd-f262cc876959,2010,6,Cao Bằng,Provincial,Cultivation,Mía,,Area_Planted,1238.0,ha,Actual,PL2b
840d1300-0d89-4fbd-8f11-8c437ca1ff4f,2010,6,Cao Bằng,Provincial,Cultivation,Thuốc lá,,Area_Planted,3303.0,ha,Actual,PL2b
b01032e7-9ccc-4365-a0fb-3ca8643ddd7f,2010,6,Cao Bằng,Provincial,Cultivation,Lúa,,Area_Planted,234.0,ha,Actual,PL2b
5dac3360-107e-4f1a-b988-ba8cb09ebe7e,2010,6,Cao Bằng,Provincial,Cultivation,Lúa,,Area_Planted,1738.0,ha,Actual,PL2b
2a41f72d-ec9f-4680-9f92-add63da361ec,2010,6,Lào Cai,Provincial,Cultivation,Lúa,,Area_Planted,2821.0,ha,Actual,PL2b
e7e72cdb-6fea-409c-9950-61aca62abdd2,2010,6,Lào Cai,Provincial,Cultivation,Đậu tương,,Area_Planted,1931.0,ha,Actual,PL2b
29201efc-c6f1-4736-940e-888f212abcc9,2010,6,Lào Cai,Provincial,Cultivation,Lạc,,Area_Planted,448.0,ha,Actual,PL2b
84c4889b-c962-4dcf-b7c0-7678867d0c72,2010,6,Lào Cai,Provincial,Cultivation,Mía,,Area_Planted,0.0,ha,Actual,PL2b
635291fa-12ee-46b2-81fe-878529ff2f43,2010,6,Lào Cai,Provincial,Cultivation,Thuốc lá,,Area_Planted,442.0,ha,Actual,PL2b
40b89c43-ef7b-460a-a48d-954485123d17,2010,6,Lào Cai,Provincial,Cultivation,Lúa,,Area_Planted,0.0,ha,Actual,PL2b
a737c7d3-3c3a-402a-9ce1-69d3c9b361c2,2010,6,Lào Cai,Provincial,Cultivation,Lúa,,Area_Planted,4124.0,ha,Actual,PL2b
c7c11ac0-70e5-48a7-b8c1-e6b4df967b5e,2010,6,Bắc Cạn,Provincial,Cultivation,Lúa,,Area_Planted,2130.0,ha,Actual,PL2b
61a75946-3c50-40c3-a5b1-a3c1a2d71006,2010,6,Bắc Cạn,Provincial,Cultivation,Đậu tương,,Area_Planted,461.0,ha,Actual,PL2b
4130b6d8-2b49-4cc6-9740-32d5d4fd2f73,2010,6,Bắc Cạn,Provincial,Cultivation,Lạc,,Area_Planted,310.0,ha,Actual,PL2b
74ba1a34-c4bc-41b8-9062-22e87fefcf45,2010,6,Bắc Cạn,Provincial,Cultivation,Mía,,Area_Planted,70.0,ha,Actual,PL2b
10e46e32-2ffa-4828-9173-55461fc2d5b8,2010,6,Bắc Cạn,Provincial,Cultivation,Thuốc lá,,Area_Planted,1444.0,ha,Actual,PL2b
9eafb0df-cfd2-497d-8f5e-1eb37e389578,2010,6,Bắc Cạn,Provincial,Cultivation,Lúa,,Area_Planted,-155.0,ha,Actual,PL2b
32f77547-73b0-4c67-97c1-7bef9aafa3d4,2010,6,Bắc Cạn,Provincial,Cultivation,Lúa,,Area_Planted,1599.0,ha,Actual,PL2b
9a975a90-639d-4a5b-9641-80a51b779b0a,2010,6,Lạng Sơn,Provincial,Cultivation,Lúa,,Area_Planted,10561.0,ha,Actual,PL2b
376d6768-8ef4-414a-be45-55f5e0597d6a,2010,6,Lạng Sơn,Provincial,Cultivation,Đậu tương,,Area_Planted,1600.0,ha,Actual,PL2b
cd763e03-f122-4e2a-a412-c901b09fba41,2010,6,Lạng Sơn,Provincial,Cultivation,Lạc,,Area_Planted,1500.0,ha,Actual,PL2b
9e119ae4-d59f-48ee-b1aa-607000fa86e5,2010,6,Lạng Sơn,Provincial,Cultivation,Mía,,Area_Planted,200.0,ha,Actual,PL2b
af361037-dcc6-4f0c-8694-acfb13faae72,2010,6,Lạng Sơn,Provincial,Cultivation,Thuốc lá,,Area_Planted,5016.0,ha,Actual,PL2b
7dd5f4ca-bd03-4ef3-8a8e-24679960a16a,2010,6,Lạng Sơn,Provincial,Cultivation,Lúa,,Area_Planted,2245.0,ha,Actual,PL2b
4c98faed-7c72-4d18-9c8e-76b00e7b1e56,2010,6,Lạng Sơn,Provincial,Cultivation,Lúa,,Area_Planted,1290.0,ha,Actual,PL2b
c3896920-8f73-474a-bdd4-da15428508d5,2010,6,Tuyên Quang,Provincial,Cultivation,Lúa,,Area_Planted,5834.0,ha,Actual,PL2b
53c6dde7-4f12-440d-bcbf-41c97df3d61c,2010,6,Tuyên Quang,Provincial,Cultivation,Đậu tương,,Area_Planted,1781.0,ha,Actual,PL2b
ca5473c0-ba19-47f0-8ca5-a1d3f4e1e372,2010,6,Tuyên Quang,Provincial,Cultivation,Lạc,,Area_Planted,4053.0,ha,Actual,PL2b
2923a8e4-f51b-47ac-8c6d-57b85772e107,2010,6,Tuyên Quang,Provincial,Cultivation,Mía,,Area_Planted,0.0,ha,Actual,PL2b
1a7f5be8-0117-41b1-a089-f29e9527d962,2010,6,Tuyên Quang,Provincial,Cultivation,Thuốc lá,,Area_Planted,0.0,ha,Actual,PL2b
471b77ff-d663-4c43-84eb-4375a35d8609,2010,6,Tuyên Quang,Provincial,Cultivation,Lúa,,Area_Planted,0.0,ha,Actual,PL2b
c1dd94d7-ab27-4054-b007-2838700ec99b,2010,6,Tuyên Quang,Provincial,Cultivation,Lúa,,Area_Planted,6320.0,ha,Actual,PL2b
3ec0e348-4583-44af-a02f-e3eefbc29209,2010,6,Yên Bái,Provincial,Cultivation,Lúa,,Area_Planted,4071.0,ha,Actual,PL2b
de388267-ab14-47ed-ae17-1c8a1587ba1e,2010,6,Yên Bái,Provincial,Cultivation,Đậu tương,,Area_Planted,1622.0,ha,Actual,PL2b
285f2a3b-1fcd-47ac-a02f-81006b5d4839,2010,6,Yên Bái,Provincial,Cultivation,Lạc,,Area_Planted,1434.0,ha,Actual,PL2b
e429b5f3-10a7-40d6-9b81-5138206d0f8c,2010,6,Yên Bái,Provincial,Cultivation,Mía,,Area_Planted,630.0,ha,Actual,PL2b
b0778b50-fbb7-4a93-8e26-1bc1cbacf8e8,2010,6,Yên Bái,Provincial,Cultivation,Thuốc lá,,Area_Planted,0.0,ha,Actual,PL2b
3c2c1afc-8f17-427e-955b-6f271922b972,2010,6,Yên Bái,Provincial,Cultivation,Lúa,,Area_Planted,385.0,ha,Actual,PL2b
f5f3f050-aa53-4561-9f83-a065e39e93e2,2010,6,Yên Bái,Provincial,Cultivation,Lúa,,Area_Planted,5657.0,ha,Actual,PL2b
de5e8a31-1325-49f9-a828-c80be3bae66c,2010,6,Thái Nguyên,Provincial,Cultivation,Lúa,,Area_Planted,4868.0,ha,Actual,PL2b
61a60e76-748c-4a48-a059-f82384cdee7f,2010,6,Thái Nguyên,Provincial,Cultivation,Đậu tương,,Area_Planted,1175.0,ha,Actual,PL2b
060432c2-bb3a-4c06-b213-79cdb5d72272,2010,6,Thái Nguyên,Provincial,Cultivation,Lạc,,Area_Planted,3693.0,ha,Actual,PL2b
4d93a0b9-1faa-4e2b-a920-684e07302404,2010,6,Thái Nguyên,Provincial,Cultivation,Mía,,Area_Planted,0.0,ha,Actual,PL2b
5b539f59-fa55-4328-97eb-232013b90c55,2010,6,Thái Nguyên,Provincial,Cultivation,Thuốc lá,,Area_Planted,0.0,ha,Actual,PL2b
123adcfe-51c4-41d2-a0a3-95650221ffe0,2010,6,Thái Nguyên,Provincial,Cultivation,Lúa,,Area_Planted,0.0,ha,Actual,PL2b
617e9df9-9ed5-40f8-8850-d2a486c7e00f,2010,6,Thái Nguyên,Provincial,Cultivation,Lúa,,Area_Planted,8299.0,ha,Actual,PL2b
2ba2078d-8eaa-4add-bdc7-f702c926911e,2010,6,Phú Thọ,Provincial,Cultivation,Lúa,,Area_Planted,6578.0,ha,Actual,PL2b
33a26eda-f8ee-4dc3-afca-dec89b759e07,2010,6,Phú Thọ,Provincial,Cultivation,Đậu tương,,Area_Planted,2037.0,ha,Actual,PL2b
ad57655b-9f62-4760-b500-74384c244138,2010,6,Phú Thọ,Provincial,Cultivation,Lạc,,Area_Planted,4541.0,ha,Actual,PL2b
1ca3955a-663e-47eb-8936-c8be68f054ce,2010,6,Phú Thọ,Provincial,Cultivation,Mía,,Area_Planted,0.0,ha,Actual,PL2b
014a1f60-4cba-43d7-a90f-fab9484f343c,2010,6,Phú Thọ,Provincial,Cultivation,Thuốc lá,,Area_Planted,0.0,ha,Actual,PL2b
889fa7c3-324f-47a3-834c-9c81dff3db28,2010,6,Phú Thọ,Provincial,Cultivation,Lúa,,Area_Planted,0.0,ha,Actual,PL2b
10c5c542-e11d-4b0f-9243-b6a8b0df724d,2010,6,Phú Thọ,Provincial,Cultivation,Lúa,,Area_Planted,5917.0,ha,Actual,PL2b
f891c785-4ec4-4dc3-87fe-eac571336e3f,2010,6,Bắc Giang,Provincial,Cultivation,Lúa,,Area_Planted,11173.0,ha,Actual,PL2b
ef3288be-3262-436c-b2b1-836849d50aab,2010,6,Bắc Giang,Provincial,Cultivation,Đậu tương,,Area_Planted,768.0,ha,Actual,PL2b
be7b9fc4-825f-4e5e-9167-3ead2dd89cdf,2010,6,Bắc Giang,Provincial,Cultivation,Lạc,,Area_Planted,10098.0,ha,Actual,PL2b
e538f152-6bfb-4a4f-bb30-8474fd9bc407,2010,6,Bắc Giang,Provincial,Cultivation,Mía,,Area_Planted,0.0,ha,Actual,PL2b
5f4d9401-7c7e-42da-8bdb-486d3770cb2b,2010,6,Bắc Giang,Provincial,Cultivation,Thuốc lá,,Area_Planted,85.0,ha,Actual,PL2b
cd02a90b-6636-4938-ad5b-5d58f5d109ab,2010,6,Bắc Giang,Provincial,Cultivation,Lúa,,Area_Planted,222.0,ha,Actual,PL2b
51d66e9f-08d1-4898-94fa-436958a9315a,2010,6,Bắc Giang,Provincial,Cultivation,Lúa,,Area_Planted,25089.0,ha,Actual,PL2b
0a821572-2836-4f8f-9aa0-063341f1fdf7,2010,6,Lai Châu,Provincial,Cultivation,Lúa,,Area_Planted,2824.0,ha,Actual,PL2b
4d27b3ba-ac5a-4fbe-84e1-e99d39e398ee,2010,6,Lai Châu,Provincial,Cultivation,Đậu tương,,Area_Planted,1638.0,ha,Actual,PL2b
b01983b5-8af1-4c99-af71-b5c5c9820456,2010,6,Lai Châu,Provincial,Cultivation,Lạc,,Area_Planted,917.0,ha,Actual,PL2b
7dcb5549-b477-495a-8761-e6eff023646c,2010,6,Lai Châu,Provincial,Cultivation,Mía,,Area_Planted,0.0,ha,Actual,PL2b
c8209866-05ea-4feb-8ba3-7991fddf7692,2010,6,Lai Châu,Provincial,Cultivation,Thuốc lá,,Area_Planted,0.0,ha,Actual,PL2b
7202a059-2953-421a-b8e5-25b2d35ce39f,2010,6,Lai Châu,Provincial,Cultivation,Lúa,,Area_Planted,269.0,ha,Actual,PL2b
25885235-ab59-4c30-9a44-e44882c861d5,2010,6,Lai Châu,Provincial,Cultivation,Lúa,,Area_Planted,358.0,ha,Actual,PL2b
1ef20135-52e5-4111-b203-e8a2a1e1b331,2010,6,Điện Biên,Provincial,Cultivation,Lúa,,Area_Planted,4609.0,ha,Actual,PL2b
887817a1-f7ce-404b-95d1-f83e787f90e8,2010,6,Điện Biên,Provincial,Cultivation,Đậu tương,,Area_Planted,3147.0,ha,Actual,PL2b
308979d8-9ffb-461c-8c18-b7106924dc0e,2010,6,Điện Biên,Provincial,Cultivation,Lạc,,Area_Planted,912.0,ha,Actual,PL2b
93da4f60-91a5-4f37-b86b-4dbb644bd5f0,2010,6,Điện Biên,Provincial,Cultivation,Mía,,Area_Planted,0.0,ha,Actual,PL2b
5f755370-b148-43e9-85ea-7c420c4fd33b,2010,6,Điện Biên,Provincial,Cultivation,Thuốc lá,,Area_Planted,0.0,ha,Actual,PL2b
c4461c41-25f5-4036-976f-7df82f56436d,2010,6,Điện Biên,Provincial,Cultivation,Lúa,,Area_Planted,550.0,ha,Actual,PL2b
783cbafc-66bb-43eb-af5d-f481daa23f93,2010,6,Điện Biên,Provincial,Cultivation,Lúa,,Area_Planted,950.0,ha,Actual,PL2b
19c539ce-f22d-4cfc-87d3-3ee8a2a6de17,2010,6,Sơn La,Provincial,Cultivation,Lúa,,Area_Planted,5481.0,ha,Actual,PL2b
73f7b394-9e24-42e0-afc3-c8b17bf41ba4,2010,6,Sơn La,Provincial,Cultivation,Đậu tương,,Area_Planted,3428.0,ha,Actual,PL2b
d1e27011-4968-4385-b7ad-75d081f941d2,2010,6,Sơn La,Provincial,Cultivation,Lạc,,Area_Planted,370.0,ha,Actual,PL2b
6d2b0025-6ea5-41c9-897f-51387d274c89,2010,6,Sơn La,Provincial,Cultivation,Mía,,Area_Planted,291.0,ha,Actual,PL2b
a69e86a5-d49a-414a-a335-f0d5e759a3cc,2010,6,Sơn La,Provincial,Cultivation,Thuốc lá,,Area_Planted,0.0,ha,Actual,PL2b
83758612-fb7e-459d-a63c-333344fb9fc5,2010,6,Sơn La,Provincial,Cultivation,Lúa,,Area_Planted,1392.0,ha,Actual,PL2b
9149206a-7e22-4ad6-aced-5b0ce0fe3452,2010,6,Sơn La,Provincial,Cultivation,Lúa,,Area_Planted,3860.0,ha,Actual,PL2b
2a396250-236f-40e3-9aec-bdbf182f78bf,2010,6,Hoà Bình,Provincial,Cultivation,Lúa,,Area_Planted,12801.0,ha,Actual,PL2b
28af3cbe-2472-417a-8836-f93e8bda3d03,2010,6,Hoà Bình,Provincial,Cultivation,Đậu tương,,Area_Planted,1301.0,ha,Actual,PL2b
67744154-bb8f-473e-83a5-03ac563a109e,2010,6,Hoà Bình,Provincial,Cultivation,Lạc,,Area_Planted,3439.0,ha,Actual,PL2b
5d55de43-3905-4206-a23d-9ace2110a8d9,2010,6,Hoà Bình,Provincial,Cultivation,Mía,,Area_Planted,8061.0,ha,Actual,PL2b
54b8643e-86ec-44a6-a50a-dd7d3dbca05e,2010,6,Hoà Bình,Provincial,Cultivation,Thuốc lá,,Area_Planted,0.0,ha,Actual,PL2b
74751431-8a2a-4100-bda8-90f3406538a7,2010,6,Hoà Bình,Provincial,Cultivation,Lúa,,Area_Planted,0.0,ha,Actual,PL2b
3eba9862-8e71-4535-8ae9-15fff6f5222b,2010,6,Hoà Bình,Provincial,Cultivation,Lúa,,Area_Planted,9998.0,ha,Actual,PL2b
e4105f2e-6e3f-4b68-b8db-729c0cd9eea8,2010,6,Bắc Trung Bộ,Provincial,Cultivation,Lúa,,Area_Planted,89939.0,ha,Actual,PL2b
b7d3be28-2e24-4dd8-a3c7-b8c866fc3f36,2010,6,Bắc Trung Bộ,Provincial,Cultivation,Đậu tương,,Area_Planted,5620.0,ha,Actual,PL2b
44b8e63c-ae2d-41e1-9837-11e7e01dc21c,2010,6,Bắc Trung Bộ,Provincial,Cultivation,Lạc,,Area_Planted,67757.0,ha,Actual,PL2b
6c56658c-f55d-4d00-9cd3-4b0581cdf662,2010,6,Bắc Trung Bộ,Provincial,Cultivation,Mía,,Area_Planted,15719.0,ha,Actual,PL2b
751e7d76-4966-4ba9-b64f-64ad6382c81d,2010,6,Bắc Trung Bộ,Provincial,Cultivation,Thuốc lá,,Area_Planted,150.0,ha,Actual,PL2b
f3870c60-ee7b-47bc-b7d0-cace7e1b6eef,2010,6,Bắc Trung Bộ,Provincial,Cultivation,Lúa,,Area_Planted,693.0,ha,Actual,PL2b
a3625319-31f9-49c7-b5e0-4cbff0521474,2010,6,Bắc Trung Bộ,Provincial,Cultivation,Lúa,,Area_Planted,74110.0,ha,Actual,PL2b
874bd0bd-6448-4c31-9e0f-7069c987d305,2010,6,Thanh Hoá,Provincial,Cultivation,Lúa,,Area_Planted,30414.0,ha,Actual,PL2b
f30f96b5-92c4-4d39-af80-da9c0637c3e7,2010,6,Thanh Hoá,Provincial,Cultivation,Đậu tương,,Area_Planted,5443.0,ha,Actual,PL2b
e1bbf32d-a603-4c88-a776-28e7c6cb41bb,2010,6,Thanh Hoá,Provincial,Cultivation,Lạc,,Area_Planted,14402.0,ha,Actual,PL2b
b139a888-ad83-4089-9bd6-4fbddc6ee20c,2010,6,Thanh Hoá,Provincial,Cultivation,Mía,,Area_Planted,10569.0,ha,Actual,PL2b
91e9b7f3-90ac-405a-b7ec-2da941d5c4aa,2010,6,Thanh Hoá,Provincial,Cultivation,Thuốc lá,,Area_Planted,0.0,ha,Actual,PL2b
385e4e01-9085-4ac6-8837-fbe524a1b1ec,2010,6,Thanh Hoá,Provincial,Cultivation,Lúa,,Area_Planted,0.0,ha,Actual,PL2b
44b6dd87-c35f-4bbf-b7a6-8bc8fe8ac00d,2010,6,Thanh Hoá,Provincial,Cultivation,Lúa,,Area_Planted,29833.0,ha,Actual,PL2b
ecbd0ebf-a083-4dba-b3d0-2d1570b0a7d5,2010,6,Nghệ An,Provincial,Cultivation,Lúa,,Area_Planted,25391.0,ha,Actual,PL2b
1f2c0dc3-5aa2-49ef-a75a-86f22df9d06c,2010,6,Nghệ An,Provincial,Cultivation,Đậu tương,,Area_Planted,177.0,ha,Actual,PL2b
419a9cf5-197c-46cd-83dc-75cb5663dcf7,2010,6,Nghệ An,Provincial,Cultivation,Lạc,,Area_Planted,20134.0,ha,Actual,PL2b
4f0c2359-11b5-463b-8099-4bda673f2b21,2010,6,Nghệ An,Provincial,Cultivation,Mía,,Area_Planted,5000.0,ha,Actual,PL2b
59d9eadc-705b-483e-9a46-5a4b49c4baf6,2010,6,Nghệ An,Provincial,Cultivation,Thuốc lá,,Area_Planted,80.0,ha,Actual,PL2b
b24b26e5-e8d4-48aa-a13f-95320f3ff82f,2010,6,Nghệ An,Provincial,Cultivation,Lúa,,Area_Planted,0.0,ha,Actual,PL2b
e0357ec9-eca1-4054-8f29-19520908782f,2010,6,Nghệ An,Provincial,Cultivation,Lúa,,Area_Planted,20492.0,ha,Actual,PL2b
8d5bcecc-cc39-4f2a-9d53-5bc39db75ead,2010,6,Hà Tĩnh,Provincial,Cultivation,Lúa,,Area_Planted,20240.0,ha,Actual,PL2b
f0d9854c-c078-40a9-8bc7-682518f16de3,2010,6,Hà Tĩnh,Provincial,Cultivation,Đậu tương,,Area_Planted,0.0,ha,Actual,PL2b
f8299f8a-a22e-4509-b7ba-ab0bab9cedf1,2010,6,Hà Tĩnh,Provincial,Cultivation,Lạc,,Area_Planted,19961.0,ha,Actual,PL2b
704b9907-9fdb-4c42-866c-e39e68d3d071,2010,6,Hà Tĩnh,Provincial,Cultivation,Mía,,Area_Planted,0.0,ha,Actual,PL2b
d1c795f5-ca84-4ac4-a4ef-0e06ccf28ee7,2010,6,Hà Tĩnh,Provincial,Cultivation,Thuốc lá,,Area_Planted,0.0,ha,Actual,PL2b
845f41a0-b9be-475f-8e51-4a627e945511,2010,6,Hà Tĩnh,Provincial,Cultivation,Lúa,,Area_Planted,279.0,ha,Actual,PL2b
527b1ba4-2e5f-48f7-ae94-541d89114a02,2010,6,Hà Tĩnh,Provincial,Cultivation,Lúa,,Area_Planted,12279.0,ha,Actual,PL2b
2fb3cf1d-fa26-469e-bf61-fce75ecfd080,2010,6,Quảng Bình,Provincial,Cultivation,Lúa,,Area_Planted,4863.0,ha,Actual,PL2b
fcd2c54f-f483-4225-bb88-2c30466789d9,2010,6,Quảng Bình,Provincial,Cultivation,Đậu tương,,Area_Planted,0.0,ha,Actual,PL2b
b74fa695-c974-4608-a6ce-3ffbc34fbf0a,2010,6,Quảng Bình,Provincial,Cultivation,Lạc,,Area_Planted,4863.0,ha,Actual,PL2b
e83fed7b-e4d2-410d-af49-06ae4da514f2,2010,6,Quảng Bình,Provincial,Cultivation,Mía,,Area_Planted,0.0,ha,Actual,PL2b
cc2177a4-4e88-4f9d-ada1-d650e542381d,2010,6,Quảng Bình,Provincial,Cultivation,Thuốc lá,,Area_Planted,0.0,ha,Actual,PL2b
58ba4553-38e9-4bf4-9aae-56172cd8ba36,2010,6,Quảng Bình,Provincial,Cultivation,Lúa,,Area_Planted,0.0,ha,Actual,PL2b
7218e18c-78dd-4c56-9447-a01289e45a53,2010,6,Quảng Bình,Provincial,Cultivation,Lúa,,Area_Planted,586.0,ha,Actual,PL2b
4446257a-7e91-423d-93ea-0d1669f59f55,2010,6,Quảng Trị,Provincial,Cultivation,Lúa,,Area_Planted,5057.0,ha,Actual,PL2b
cdffce1e-3071-47c7-b05f-23306c652a5f,2010,6,Quảng Trị,Provincial,Cultivation,Đậu tương,,Area_Planted,0.0,ha,Actual,PL2b
fe95632e-0dbb-45c8-8e11-14c2c6e2db12,2010,6,Quảng Trị,Provincial,Cultivation,Lạc,,Area_Planted,4800.0,ha,Actual,PL2b
04f4ae03-8339-4a27-b615-5c6f574d2c37,2010,6,Quảng Trị,Provincial,Cultivation,Mía,,Area_Planted,0.0,ha,Actual,PL2b
6654a1a7-c4e8-41a2-92c8-963dd362e11b,2010,6,Quảng Trị,Provincial,Cultivation,Thuốc lá,,Area_Planted,0.0,ha,Actual,PL2b
effb4092-89a8-4e4e-abbe-bbf5fcc4d512,2010,6,Quảng Trị,Provincial,Cultivation,Lúa,,Area_Planted,257.0,ha,Actual,PL2b
05e23100-4ab1-4bd8-9240-c6df6539b73f,2010,6,Quảng Trị,Provincial,Cultivation,Lúa,,Area_Planted,5682.0,ha,Actual,PL2b
4c4c904d-4835-4258-af15-be3a812bdd5c,2010,6,Thừa Thiên Huế,Provincial,Cultivation,Lúa,,Area_Planted,3974.0,ha,Actual,PL2b
0bd71c5f-2206-4f91-838a-aea248e63d2f,2010,6,Thừa Thiên Huế,Provincial,Cultivation,Đậu tương,,Area_Planted,0.0,ha,Actual,PL2b
8477248e-e852-40aa-87ee-efaafed758f8,2010,6,Thừa Thiên Huế,Provincial,Cultivation,Lạc,,Area_Planted,3597.0,ha,Actual,PL2b
86b7c32f-8247-42b0-bb0b-287d8b5717bd,2010,6,Thừa Thiên Huế,Provincial,Cultivation,Mía,,Area_Planted,150.0,ha,Actual,PL2b
07f928fb-92da-4cfa-8875-469256ffbc4b,2010,6,Thừa Thiên Huế,Provincial,Cultivation,Thuốc lá,,Area_Planted,70.0,ha,Actual,PL2b
41eba7d4-ff48-4a16-adf3-3e399b2f809e,2010,6,Thừa Thiên Huế,Provincial,Cultivation,Lúa,,Area_Planted,157.0,ha,Actual,PL2b
f03f4069-229f-4407-b033-df1b9f4b4ac7,2010,6,Thừa Thiên Huế,Provincial,Cultivation,Lúa,,Area_Planted,5238.0,ha,Actual,PL2b
b835474d-96d5-4323-999c-c96f086e6789,2010,6,Miền Nam,Regional,Cultivation,Lúa,Đông Xuân,Area_Planted,1933734.0,ha,Actual,PL3a
b564ab38-ffba-40b6-82b8-0ec28ab660ab,2010,6,Miền Nam,Regional,Cultivation,Lúa,,Area_Planted,1921316.0,ha,Actual,PL3a
2491de57-c4e8-41b0-85c2-dcd4d177a244,2010,6,Miền Nam,Regional,Cultivation,Lúa,,Area_Planted,99.4,ha,Actual,PL3a
0f025bb6-cd72-46a1-9798-d4366e630bf6,2010,6,Miền Nam,Regional,Cultivation,Lúa,,Area_Planted,1711959.0,ha,Actual,PL3a
58fad6b8-1a0d-4789-a672-bc89d1199f59,2010,6,Miền Nam,Regional,Cultivation,Lúa,,Area_Planted,423814.0,ha,Actual,PL3a
1b90403b-b2f4-4f50-9b79-4667e9e26832,2010,6,Miền Nam,Regional,Cultivation,Lúa,,Area_Planted,227378.0,ha,Actual,PL3a
177b9e97-4be3-408e-a4a0-3604d6dad4df,2010,6,Miền Nam,Regional,Cultivation,Lúa,,Area_Planted,19928.0,ha,Actual,PL3a
5686b24b-382a-44cd-b229-aebf23ea8855,2010,6,Miền Nam,Regional,Cultivation,Lúa,,Area_Planted,176508.0,ha,Actual,PL3a
6dc21fe6-9cbd-4024-95ad-521a87b72e4e,2010,6,D.H Nam Trung Bộ,Provincial,Cultivation,Lúa,Đông Xuân,Area_Planted,176256.0,ha,Actual,PL3a
7719db8c-859f-4224-b945-0653218feb83,2010,6,D.H Nam Trung Bộ,Provincial,Cultivation,Lúa,,Area_Planted,174156.0,ha,Actual,PL3a
45462d0d-8e7a-4840-89c4-a9c7dcf6a6c7,2010,6,D.H Nam Trung Bộ,Provincial,Cultivation,Lúa,,Area_Planted,98.8,ha,Actual,PL3a
a77175db-6d29-4ac1-939c-e16fea142803,2010,6,D.H Nam Trung Bộ,Provincial,Cultivation,Lúa,,Area_Planted,151005.0,ha,Actual,PL3a
1da5a19b-1696-474a-b048-dd3ea6156e06,2010,6,D.H Nam Trung Bộ,Provincial,Cultivation,Lúa,,Area_Planted,83589.0,ha,Actual,PL3a
b3905193-56b4-4793-bd73-53fc2024c082,2010,6,D.H Nam Trung Bộ,Provincial,Cultivation,Lúa,,Area_Planted,29103.0,ha,Actual,PL3a
0e14aed1-76ec-4682-adf9-4e4709e6847c,2010,6,D.H Nam Trung Bộ,Provincial,Cultivation,Lúa,,Area_Planted,6952.0,ha,Actual,PL3a
54df6815-de56-4a76-82a7-6238ce844bc8,2010,6,D.H Nam Trung Bộ,Provincial,Cultivation,Lúa,,Area_Planted,47534.0,ha,Actual,PL3a
4b1cdbd0-fd3b-4acd-919a-2d5798f0cf1a,2010,6,TP Đà Nẵng,Provincial,Cultivation,Lúa,Đông Xuân,Area_Planted,4000.0,ha,Actual,PL3a
8bc24e20-3c2e-42c6-8e8d-831ebdc457ef,2010,6,TP Đà Nẵng,Provincial,Cultivation,Lúa,,Area_Planted,4000.0,ha,Actual,PL3a
eca53822-8b0f-4eae-b08d-49e6a47a9009,2010,6,TP Đà Nẵng,Provincial,Cultivation,Lúa,,Area_Planted,100.0,ha,Actual,PL3a
beefcead-8673-46f2-a094-27b496bd4fc4,2010,6,TP Đà Nẵng,Provincial,Cultivation,Lúa,,Area_Planted,3294.0,ha,Actual,PL3a
ac0ca7e7-183b-4c06-8448-f06d120c63e6,2010,6,TP Đà Nẵng,Provincial,Cultivation,Lúa,,Area_Planted,707.0,ha,Actual,PL3a
15df5bc6-0f71-4f01-91aa-f0d9ffd3a47e,2010,6,TP Đà Nẵng,Provincial,Cultivation,Lúa,,Area_Planted,439.0,ha,Actual,PL3a
a6fc0802-32f5-465d-a08f-a96e148b38b1,2010,6,TP Đà Nẵng,Provincial,Cultivation,Lúa,,Area_Planted,268.0,ha,Actual,PL3a
b12b666c-be40-46df-8eb5-9f8a4886125b,2010,6,Quảng Nam,Provincial,Cultivation,Lúa,Đông Xuân,Area_Planted,42257.0,ha,Actual,PL3a
f880a99a-f4df-4002-ad0b-39d68d68f9f0,2010,6,Quảng Nam,Provincial,Cultivation,Lúa,,Area_Planted,42257.0,ha,Actual,PL3a
71254327-fca6-4376-879f-1ee04562288d,2010,6,Quảng Nam,Provincial,Cultivation,Lúa,,Area_Planted,100.0,ha,Actual,PL3a
f8138f51-c421-4358-af8e-9f00d32f8c0b,2010,6,Quảng Nam,Provincial,Cultivation,Lúa,,Area_Planted,37100.0,ha,Actual,PL3a
c538926d-06c6-4b11-8dd7-9e091a0fdc27,2010,6,Quảng Nam,Provincial,Cultivation,Lúa,,Area_Planted,24940.0,ha,Actual,PL3a
dec0694c-32aa-4caa-8e9d-0810a5838fb7,2010,6,Quảng Nam,Provincial,Cultivation,Lúa,,Area_Planted,10520.0,ha,Actual,PL3a
8263a9bf-39b7-4453-8ab6-f87f20630f6e,2010,6,Quảng Nam,Provincial,Cultivation,Lúa,,Area_Planted,4500.0,ha,Actual,PL3a
cb2926eb-561a-492b-93bc-c7442845fca5,2010,6,Quảng Nam,Provincial,Cultivation,Lúa,,Area_Planted,9920.0,ha,Actual,PL3a
045575e4-23be-46e8-a065-8ea7fc47df94,2010,6,Quảng Ngãi,Provincial,Cultivation,Lúa,Đông Xuân,Area_Planted,36973.0,ha,Actual,PL3a
21c03abc-b4fd-4a4f-ad20-b5dbe173ba63,2010,6,Quảng Ngãi,Provincial,Cultivation,Lúa,,Area_Planted,36973.0,ha,Actual,PL3a
47d790aa-6d33-49c5-bd37-6e06d0f852ff,2010,6,Quảng Ngãi,Provincial,Cultivation,Lúa,,Area_Planted,100.0,ha,Actual,PL3a
d01cb371-a588-4d2e-b80c-e94b95c2838f,2010,6,Quảng Ngãi,Provincial,Cultivation,Lúa,,Area_Planted,32746.0,ha,Actual,PL3a
359a56c9-8c2a-42f9-9839-2c4fdc6cbcd4,2010,6,Quảng Ngãi,Provincial,Cultivation,Lúa,,Area_Planted,17427.0,ha,Actual,PL3a
1b603960-6b56-4cd6-b851-130ba4d78a02,2010,6,Quảng Ngãi,Provincial,Cultivation,Lúa,,Area_Planted,4427.0,ha,Actual,PL3a
afa16faf-fcaf-45a0-bdb3-524960bb5617,2010,6,Quảng Ngãi,Provincial,Cultivation,Lúa,,Area_Planted,1900.0,ha,Actual,PL3a
f404b689-cdda-40d9-a492-662bcfca4a32,2010,6,Quảng Ngãi,Provincial,Cultivation,Lúa,,Area_Planted,11100.0,ha,Actual,PL3a
43bead98-a9f4-400b-8ec3-8305df998f49,2010,6,BìnhĐịnh,Provincial,Cultivation,Lúa,Đông Xuân,Area_Planted,47421.0,ha,Actual,PL3a
e4567351-ed04-4b25-aa47-d4a092b163a9,2010,6,BìnhĐịnh,Provincial,Cultivation,Lúa,,Area_Planted,47421.0,ha,Actual,PL3a
1fba3cbc-cbf8-4b83-8411-52b16d9d4b18,2010,6,BìnhĐịnh,Provincial,Cultivation,Lúa,,Area_Planted,100.0,ha,Actual,PL3a
bd802bda-3734-45eb-ac24-e8ed0bc1a66f,2010,6,BìnhĐịnh,Provincial,Cultivation,Lúa,,Area_Planted,41485.0,ha,Actual,PL3a
82af6717-2a2d-42f3-a0c4-fe24df99c504,2010,6,BìnhĐịnh,Provincial,Cultivation,Lúa,,Area_Planted,16233.0,ha,Actual,PL3a
7e56f2a3-ab11-4a43-b79b-ad5ab0ddf7f0,2010,6,BìnhĐịnh,Provincial,Cultivation,Lúa,,Area_Planted,6711.0,ha,Actual,PL3a
eb3846ae-5901-4847-8a70-ea5f71dcc9bd,2010,6,BìnhĐịnh,Provincial,Cultivation,Lúa,,Area_Planted,9522.0,ha,Actual,PL3a
72bc7343-cf35-4518-937e-e16739fb3855,2010,6,Phú Yên,Provincial,Cultivation,Lúa,Đông Xuân,Area_Planted,26100.0,ha,Actual,PL3a
0f9f79f2-6a65-412e-92f1-1e442fabef40,2010,6,Phú Yên,Provincial,Cultivation,Lúa,,Area_Planted,24000.0,ha,Actual,PL3a
2ccc1bb2-0448-44b2-81c3-394062f0eb75,2010,6,Phú Yên,Provincial,Cultivation,Lúa,,Area_Planted,92.0,ha,Actual,PL3a
3ed67b2f-9b4c-45c4-ba78-d286e687a00e,2010,6,Phú Yên,Provincial,Cultivation,Lúa,,Area_Planted,23500.0,ha,Actual,PL3a
be790d87-59ab-40db-841b-9247c5ac3a88,2010,6,Phú Yên,Provincial,Cultivation,Lúa,,Area_Planted,16217.0,ha,Actual,PL3a
feb9787b-5010-43da-a1d9-8340e38e92b9,2010,6,Phú Yên,Provincial,Cultivation,Lúa,,Area_Planted,4050.0,ha,Actual,PL3a
f44454e0-1d0d-4b55-9fa6-aef55c2a01a7,2010,6,Phú Yên,Provincial,Cultivation,Lúa,,Area_Planted,175.0,ha,Actual,PL3a
0fc573b7-8f17-423e-86c0-e6fe0512601c,2010,6,Phú Yên,Provincial,Cultivation,Lúa,,Area_Planted,11992.0,ha,Actual,PL3a
c0ffed58-2963-4286-b8d3-47f1b70ff64d,2010,6,Khánh Hoà,Provincial,Cultivation,Lúa,,Area_Planted,100.0,ha,Actual,PL3a
ddb6f143-dd16-4b28-8d0e-cd95bc4fa367,2010,6,Khánh Hoà,Provincial,Cultivation,Lúa,,Area_Planted,8065.0,ha,Actual,PL3a
e4fab7ca-ef2a-42a4-bece-3ee108f7f220,2010,6,Khánh Hoà,Provincial,Cultivation,Lúa,,Area_Planted,2956.0,ha,Actual,PL3a
3da18372-148d-4390-b390-6d691b7b1ff1,2010,6,Khánh Hoà,Provincial,Cultivation,Lúa,,Area_Planted,109.0,ha,Actual,PL3a
a6b328cf-8425-4fc1-8a56-e4d35ddb23d8,2010,6,Khánh Hoà,Provincial,Cultivation,Lúa,,Area_Planted,5000.0,ha,Actual,PL3a
eb6e28b1-b1f6-4557-b0d5-3d78dcf94e36,2010,6,Tây Nguyên,Provincial,Cultivation,Lúa,Đông Xuân,Area_Planted,74897.0,ha,Actual,PL3a
19cc4102-bbc5-4de5-b5ab-b13dbb5fc3a6,2010,6,Tây Nguyên,Provincial,Cultivation,Lúa,,Area_Planted,67257.0,ha,Actual,PL3a
db497864-13e7-4374-bc8a-f30a347310ec,2010,6,Tây Nguyên,Provincial,Cultivation,Lúa,,Area_Planted,89.8,ha,Actual,PL3a
9488a5fa-0637-4b64-8630-0f024faac66d,2010,6,Tây Nguyên,Provincial,Cultivation,Lúa,,Area_Planted,37276.0,ha,Actual,PL3a
085f5771-aebb-4534-93be-bcf11cb94cc5,2010,6,Tây Nguyên,Provincial,Cultivation,Lúa,,Area_Planted,179882.0,ha,Actual,PL3a
4ba88c43-5b11-4c1f-b3b5-e5abcce69b93,2010,6,Tây Nguyên,Provincial,Cultivation,Lúa,,Area_Planted,120160.0,ha,Actual,PL3a
6439306f-6346-402c-bc30-1c6356942162,2010,6,Tây Nguyên,Provincial,Cultivation,Lúa,,Area_Planted,6256.0,ha,Actual,PL3a
7bcdd7b0-f14d-4c8b-809c-824f0e71626a,2010,6,Tây Nguyên,Provincial,Cultivation,Lúa,,Area_Planted,53466.0,ha,Actual,PL3a
2c32b080-aaf7-4f41-b081-72c173bbfc99,2010,6,Kon Tum,Provincial,Cultivation,Lúa,Đông Xuân,Area_Planted,6583.0,ha,Actual,PL3a
4beeb9d3-6469-4166-836c-e063f26bc5df,2010,6,Kon Tum,Provincial,Cultivation,Lúa,,Area_Planted,6583.0,ha,Actual,PL3a
f67cf0e4-aa0d-4c1d-9d81-16bb44110b6d,2010,6,Kon Tum,Provincial,Cultivation,Lúa,,Area_Planted,100.0,ha,Actual,PL3a
5a2c4e84-977c-429b-a8db-0dc2fec7082d,2010,6,Kon Tum,Provincial,Cultivation,Lúa,,Area_Planted,653.0,ha,Actual,PL3a
c29e4c73-c8da-4220-8a77-3c7732a7268a,2010,6,Kon Tum,Provincial,Cultivation,Lúa,,Area_Planted,653.0,ha,Actual,PL3a
29786fac-5ff4-4680-822e-634d76f49bb9,2010,6,Gia Lai,Provincial,Cultivation,Lúa,Đông Xuân,Area_Planted,23998.0,ha,Actual,PL3a
68d81149-754f-42d1-91dc-101850f7abf5,2010,6,Gia Lai,Provincial,Cultivation,Lúa,,Area_Planted,17400.0,ha,Actual,PL3a
bfc2888e-72b7-4828-816b-209ac06feb7b,2010,6,Gia Lai,Provincial,Cultivation,Lúa,,Area_Planted,72.5,ha,Actual,PL3a
02b14876-6116-4e15-bee9-eaa1aa998c0a,2010,6,Gia Lai,Provincial,Cultivation,Lúa,,Area_Planted,9107.0,ha,Actual,PL3a
c0174684-c8ad-4160-b6eb-76381bc5a584,2010,6,Gia Lai,Provincial,Cultivation,Lúa,,Area_Planted,45676.0,ha,Actual,PL3a
bff96c0f-3fe7-43f4-93e2-3ebff37e368e,2010,6,Gia Lai,Provincial,Cultivation,Lúa,,Area_Planted,22224.0,ha,Actual,PL3a
02d47470-7b00-418f-b3a2-b70775c5bbd7,2010,6,Gia Lai,Provincial,Cultivation,Lúa,,Area_Planted,418.0,ha,Actual,PL3a
f45c639d-8f6f-4681-94ae-8a1315642e21,2010,6,Gia Lai,Provincial,Cultivation,Lúa,,Area_Planted,23034.0,ha,Actual,PL3a
f57656f9-97cc-4bef-9cba-6ed05faa940a,2010,6,Đắc Lắc,Provincial,Cultivation,Lúa,Đông Xuân,Area_Planted,29755.0,ha,Actual,PL3a
ef498941-b48e-425e-90ad-f53719561c9c,2010,6,Đắc Lắc,Provincial,Cultivation,Lúa,,Area_Planted,29755.0,ha,Actual,PL3a
675bd3d0-6233-45a2-b750-8993ec015a8a,2010,6,Đắc Lắc,Provincial,Cultivation,Lúa,,Area_Planted,100.0,ha,Actual,PL3a
b94f964e-658e-4730-837b-1423bd410797,2010,6,Đắc Lắc,Provincial,Cultivation,Lúa,,Area_Planted,17189.0,ha,Actual,PL3a
9f92b3cb-299d-4372-a491-75b771f06c72,2010,6,Đắc Lắc,Provincial,Cultivation,Lúa,,Area_Planted,77505.0,ha,Actual,PL3a
cca7f6d9-8f4e-4c26-a027-6b498ba1de98,2010,6,Đắc Lắc,Provincial,Cultivation,Lúa,,Area_Planted,61215.0,ha,Actual,PL3a
fb342e93-ad98-4538-8996-c241f9c9fcca,2010,6,Đắc Lắc,Provincial,Cultivation,Lúa,,Area_Planted,1274.0,ha,Actual,PL3a
dba6a26a-4ec3-43ee-b4ee-a7fe09186f17,2010,6,Đắc Lắc,Provincial,Cultivation,Lúa,,Area_Planted,15016.0,ha,Actual,PL3a
2354da00-014a-4205-86fa-d4109105a1ff,2010,6,Đắc Nông,Provincial,Cultivation,Lúa,Đông Xuân,Area_Planted,3853.0,ha,Actual,PL3a
15ed4da6-37e3-4db8-b949-f955e23349f7,2010,6,Đắc Nông,Provincial,Cultivation,Lúa,,Area_Planted,2811.0,ha,Actual,PL3a
009ed495-8add-4401-b4cc-ce6d27565c90,2010,6,Đắc Nông,Provincial,Cultivation,Lúa,,Area_Planted,73.0,ha,Actual,PL3a
634ed472-8aff-4a1b-8527-c25213a404cf,2010,6,Đắc Nông,Provincial,Cultivation,Lúa,,Area_Planted,4970.0,ha,Actual,PL3a
c31f0c4b-b2a7-4df9-90ae-86c8540566a7,2010,6,Đắc Nông,Provincial,Cultivation,Lúa,,Area_Planted,42966.0,ha,Actual,PL3a
7f330d54-d18d-4d51-81f3-dec9314599db,2010,6,Đắc Nông,Provincial,Cultivation,Lúa,,Area_Planted,23970.0,ha,Actual,PL3a
3e84f5ed-4330-48a3-b3ab-1373bd33782c,2010,6,Đắc Nông,Provincial,Cultivation,Lúa,,Area_Planted,3580.0,ha,Actual,PL3a
250bdaa7-1e63-437c-8cd2-481d3d2fd215,2010,6,Đắc Nông,Provincial,Cultivation,Lúa,,Area_Planted,15416.0,ha,Actual,PL3a
cbd73a9d-a48f-49ae-861f-5333b7e49bcf,2010,6,Lâm Đồng,Provincial,Cultivation,Lúa,Đông Xuân,Area_Planted,10708.0,ha,Actual,PL3a
691980db-56bf-4d49-af24-7120d8f12e9f,2010,6,Lâm Đồng,Provincial,Cultivation,Lúa,,Area_Planted,10708.0,ha,Actual,PL3a
4726ce72-49f9-4a4c-aa27-d8ca7e4b49d1,2010,6,Lâm Đồng,Provincial,Cultivation,Lúa,,Area_Planted,100.0,ha,Actual,PL3a
3d6b3f97-f7f0-4e32-95d6-990e4b9bd63f,2010,6,Lâm Đồng,Provincial,Cultivation,Lúa,,Area_Planted,6010.0,ha,Actual,PL3a
d7ca064d-031b-4fa0-8c4d-ff9acfd0e224,2010,6,Lâm Đồng,Provincial,Cultivation,Lúa,,Area_Planted,13082.0,ha,Actual,PL3a
f0ed3d71-a018-43fa-ace0-b82704042245,2010,6,Lâm Đồng,Provincial,Cultivation,Lúa,,Area_Planted,12098.0,ha,Actual,PL3a
fe23337a-0891-4b65-bed3-0e7099d5608a,2010,6,Lâm Đồng,Provincial,Cultivation,Lúa,,Area_Planted,984.0,ha,Actual,PL3a
be8ba983-7c8c-440d-88b6-242ffe9abcb7,2010,6,Đông Nam Bộ,Provincial,Cultivation,Lúa,Đông Xuân,Area_Planted,120944.0,ha,Actual,PL3a
e2a8a678-3012-4cf6-bd1e-e4a78f047728,2010,6,Đông Nam Bộ,Provincial,Cultivation,Lúa,,Area_Planted,120293.0,ha,Actual,PL3a
3f20fbd4-49ae-4155-88eb-1906da15b349,2010,6,Đông Nam Bộ,Provincial,Cultivation,Lúa,,Area_Planted,99.5,ha,Actual,PL3a
0ac9107d-f628-4641-9618-2789d523f06c,2010,6,Đông Nam Bộ,Provincial,Cultivation,Lúa,,Area_Planted,116462.0,ha,Actual,PL3a
9b654aec-d9ed-4631-8a02-becaa9ac1830,2010,6,Đông Nam Bộ,Provincial,Cultivation,Lúa,,Area_Planted,126763.0,ha,Actual,PL3a
67a2df9e-9c7d-4447-a5e9-e4cc03e93d4c,2010,6,Đông Nam Bộ,Provincial,Cultivation,Lúa,,Area_Planted,52415.0,ha,Actual,PL3a
3f881d34-d0b0-473a-a169-47c1ce8d98dc,2010,6,Đông Nam Bộ,Provincial,Cultivation,Lúa,,Area_Planted,808.0,ha,Actual,PL3a
78eb0a52-97f0-4d41-92ca-b63959f84fa1,2010,6,Đông Nam Bộ,Provincial,Cultivation,Lúa,,Area_Planted,73540.0,ha,Actual,PL3a
ab4fd2c6-420a-4665-8454-180a0824b80f,2010,6,TP Hồ Chí Minh,Provincial,Cultivation,Lúa,Đông Xuân,Area_Planted,6637.0,ha,Actual,PL3a
1e058600-de0a-4130-83f4-4cd16add5dc0,2010,6,TP Hồ Chí Minh,Provincial,Cultivation,Lúa,,Area_Planted,6637.0,ha,Actual,PL3a
17d7c45e-46ae-48c1-a9b5-035570013375,2010,6,TP Hồ Chí Minh,Provincial,Cultivation,Lúa,,Area_Planted,100.0,ha,Actual,PL3a
2b021fca-7136-45be-8299-92544922a9be,2010,6,TP Hồ Chí Minh,Provincial,Cultivation,Lúa,,Area_Planted,5214.0,ha,Actual,PL3a
2896d93b-8076-4439-988b-f027c38e0370,2010,6,TP Hồ Chí Minh,Provincial,Cultivation,Lúa,,Area_Planted,833.0,ha,Actual,PL3a
b2357020-5898-4213-a3b5-692e050223f8,2010,6,TP Hồ Chí Minh,Provincial,Cultivation,Lúa,,Area_Planted,833.0,ha,Actual,PL3a
248081c0-b09d-4d9f-9f79-f9d94f759ffe,2010,6,Ninh Thuận,Provincial,Cultivation,Lúa,Đông Xuân,Area_Planted,13104.0,ha,Actual,PL3a
f9a5ee71-b94d-42e6-bec0-099560b3e42a,2010,6,Ninh Thuận,Provincial,Cultivation,Lúa,,Area_Planted,13104.0,ha,Actual,PL3a
df7dfa89-8f6c-4043-837d-ad5a72a3977d,2010,6,Ninh Thuận,Provincial,Cultivation,Lúa,,Area_Planted,100.0,ha,Actual,PL3a
6fe0444e-9328-47d8-ada9-71d32efb90cc,2010,6,Ninh Thuận,Provincial,Cultivation,Lúa,,Area_Planted,8720.0,ha,Actual,PL3a
e335487c-aa9f-4205-8b85-e4352ea142c0,2010,6,Ninh Thuận,Provincial,Cultivation,Lúa,,Area_Planted,6828.0,ha,Actual,PL3a
f13e0d63-8603-4a1d-bf0f-65495ddc2f80,2010,6,Ninh Thuận,Provincial,Cultivation,Lúa,,Area_Planted,6724.0,ha,Actual,PL3a
6ef79ad9-eba3-4e4c-b90b-af9ae89a17aa,2010,6,Ninh Thuận,Provincial,Cultivation,Lúa,,Area_Planted,104.0,ha,Actual,PL3a
8998093a-f5ea-424d-9053-d5f01782ce5d,2010,6,Bình Phước,Provincial,Cultivation,Lúa,Đông Xuân,Area_Planted,2897.0,ha,Actual,PL3a
afcece52-aa6d-4019-8814-1a7615e7ccb8,2010,6,Bình Phước,Provincial,Cultivation,Lúa,,Area_Planted,2897.0,ha,Actual,PL3a
b647a108-5f0c-453e-b722-f834537435a5,2010,6,Bình Phước,Provincial,Cultivation,Lúa,,Area_Planted,100.0,ha,Actual,PL3a
6eb640b8-34f6-4e33-bc9a-fe542fdb1d72,2010,6,Bình Phước,Provincial,Cultivation,Lúa,,Area_Planted,13566.0,ha,Actual,PL3a
3b9f1eca-0818-4f77-9cd8-0bd32ecc030c,2010,6,Bình Phước,Provincial,Cultivation,Lúa,,Area_Planted,526.0,ha,Actual,PL3a
c6a4dffc-bbe6-4433-841a-8c92d74cf13c,2010,6,Bình Phước,Provincial,Cultivation,Lúa,,Area_Planted,149.0,ha,Actual,PL3a
9cc3aa1a-d7d7-4c61-a4e4-6e0dda31b8ea,2010,6,Bình Phước,Provincial,Cultivation,Lúa,,Area_Planted,12891.0,ha,Actual,PL3a
62061e9e-5b96-4900-8307-645feb0d311d,2010,6,Tây Ninh,Provincial,Cultivation,Lúa,Đông Xuân,Area_Planted,45898.0,ha,Actual,PL3a
84cf08cc-33c3-4b5f-b5b0-a85be1bc474c,2010,6,Tây Ninh,Provincial,Cultivation,Lúa,,Area_Planted,45247.0,ha,Actual,PL3a
40560db4-b2f0-48aa-9034-18413830aeae,2010,6,Tây Ninh,Provincial,Cultivation,Lúa,,Area_Planted,98.6,ha,Actual,PL3a
499d7e3e-ea39-44a2-8246-f0450db399cf,2010,6,Tây Ninh,Provincial,Cultivation,Lúa,,Area_Planted,48277.0,ha,Actual,PL3a
3c5d4d54-5d77-4326-876e-bd8de196a4eb,2010,6,Tây Ninh,Provincial,Cultivation,Lúa,,Area_Planted,35660.0,ha,Actual,PL3a
26fcc033-a183-449b-a589-88ff59517d3f,2010,6,Tây Ninh,Provincial,Cultivation,Lúa,,Area_Planted,4703.0,ha,Actual,PL3a
efb11838-6ac5-4296-a414-b5ccd79e5738,2010,6,Tây Ninh,Provincial,Cultivation,Lúa,,Area_Planted,30957.0,ha,Actual,PL3a
4c77b749-496f-4f84-a560-a9f627089b42,2010,6,Bình Dương,Provincial,Cultivation,Lúa,Đông Xuân,Area_Planted,2653.0,ha,Actual,PL3a
c6e5b890-9d90-4326-8c15-dfd6007f64db,2010,6,Bình Dương,Provincial,Cultivation,Lúa,,Area_Planted,2653.0,ha,Actual,PL3a
a61a6a11-053c-40dd-bc48-881d2dd7f0c4,2010,6,Bình Dương,Provincial,Cultivation,Lúa,,Area_Planted,100.0,ha,Actual,PL3a
1eee903a-e382-45d6-8a93-209d83d908bd,2010,6,Bình Dương,Provincial,Cultivation,Lúa,,Area_Planted,655.0,ha,Actual,PL3a
d798e6e7-d334-4381-93c0-d9200e778919,2010,6,Bình Dương,Provincial,Cultivation,Lúa,,Area_Planted,2664.0,ha,Actual,PL3a
29f14e6f-6297-46b7-a356-98655e3edd07,2010,6,Bình Dương,Provincial,Cultivation,Lúa,,Area_Planted,177.0,ha,Actual,PL3a
18363151-453f-42d2-a48c-c04cc681d477,2010,6,Bình Dương,Provincial,Cultivation,Lúa,,Area_Planted,171.0,ha,Actual,PL3a
6f579575-a269-46af-8309-52d5d5acb558,2010,6,Bình Dương,Provincial,Cultivation,Lúa,,Area_Planted,2316.0,ha,Actual,PL3a
3065926e-d578-4c72-ab69-bd887bd39ee9,2010,6,Đồng Nai,Provincial,Cultivation,Lúa,Đông Xuân,Area_Planted,14565.0,ha,Actual,PL3a
e4cd22ff-397f-4f3f-940b-1498c2804441,2010,6,Đồng Nai,Provincial,Cultivation,Lúa,,Area_Planted,14565.0,ha,Actual,PL3a
2e26b19f-6222-4534-b44f-a021b0e3a94d,2010,6,Đồng Nai,Provincial,Cultivation,Lúa,,Area_Planted,100.0,ha,Actual,PL3a
77b1873d-19d8-46d1-86f7-97c6799875b3,2010,6,Đồng Nai,Provincial,Cultivation,Lúa,,Area_Planted,21326.0,ha,Actual,PL3a
00429b02-be95-4fdb-855d-7e9e31fbe812,2010,6,Đồng Nai,Provincial,Cultivation,Lúa,,Area_Planted,28927.0,ha,Actual,PL3a
2f098c4d-5fac-4a35-a5f1-d4bd8a9279bb,2010,6,Đồng Nai,Provincial,Cultivation,Lúa,,Area_Planted,20821.0,ha,Actual,PL3a
0bdb2325-333e-4f22-ba0b-bc4e717280e2,2010,6,Đồng Nai,Provincial,Cultivation,Lúa,,Area_Planted,8106.0,ha,Actual,PL3a
97a58660-8a37-40e0-840d-e7a9df1a89f7,2010,6,Bình Thuận,Provincial,Cultivation,Lúa,Đông Xuân,Area_Planted,29936.0,ha,Actual,PL3a
580926f1-437f-4b26-89fb-0fb524fb1efb,2010,6,Bình Thuận,Provincial,Cultivation,Lúa,,Area_Planted,29936.0,ha,Actual,PL3a
edf4ccee-4baa-40d6-ace3-9a5e57584875,2010,6,Bình Thuận,Provincial,Cultivation,Lúa,,Area_Planted,100.0,ha,Actual,PL3a
4516292f-ac9c-4883-80bc-80ad72fdaf53,2010,6,Bình Thuận,Provincial,Cultivation,Lúa,,Area_Planted,28518.0,ha,Actual,PL3a
e212fa78-fcca-4649-bf9c-9f01301684a2,2010,6,Bình Thuận,Provincial,Cultivation,Lúa,,Area_Planted,18790.0,ha,Actual,PL3a
4ea9d13f-426c-41d0-bf57-b017d68c4af4,2010,6,Bình Thuận,Provincial,Cultivation,Lúa,,Area_Planted,7064.0,ha,Actual,PL3a
ca2845e7-fc98-4fe5-a193-fecf2f635d74,2010,6,Bình Thuận,Provincial,Cultivation,Lúa,,Area_Planted,339.0,ha,Actual,PL3a
f9e5e9af-3fc3-4d49-8ec1-b3f8e808586d,2010,6,Bình Thuận,Provincial,Cultivation,Lúa,,Area_Planted,11387.0,ha,Actual,PL3a
83079fc2-e3a3-46ec-959f-bd8eaad2c52a,2010,6,Bà Rịa-V.Tàu,Provincial,Cultivation,Lúa,Đông Xuân,Area_Planted,5254.0,ha,Actual,PL3a
3f3b7f55-2139-456c-89b4-721c95890727,2010,6,Bà Rịa-V.Tàu,Provincial,Cultivation,Lúa,,Area_Planted,5254.0,ha,Actual,PL3a
758e3b11-24ef-4cca-bb90-554c1e14693e,2010,6,Bà Rịa-V.Tàu,Provincial,Cultivation,Lúa,,Area_Planted,100.0,ha,Actual,PL3a
d1dd2a0d-9de7-4085-85b3-b564a345f523,2010,6,Bà Rịa-V.Tàu,Provincial,Cultivation,Lúa,,Area_Planted,3752.0,ha,Actual,PL3a
dcc4d52e-55ae-4350-a513-b45cffae12f4,2010,6,Bà Rịa-V.Tàu,Provincial,Cultivation,Lúa,,Area_Planted,19495.0,ha,Actual,PL3a
7ef5445d-6bb5-499d-b78f-cdb670f7a0c3,2010,6,Bà Rịa-V.Tàu,Provincial,Cultivation,Lúa,,Area_Planted,11567.0,ha,Actual,PL3a
31ca0cea-dd9a-4434-8d19-f9b58a480ace,2010,6,Bà Rịa-V.Tàu,Provincial,Cultivation,Lúa,,Area_Planted,45.0,ha,Actual,PL3a
df916a7c-039d-4030-a6cf-7fd262cffc13,2010,6,Bà Rịa-V.Tàu,Provincial,Cultivation,Lúa,,Area_Planted,7883.0,ha,Actual,PL3a
f49fe98d-848f-40b7-848b-bb77dd69214a,2010,6,ĐBS Cửu Long,Provincial,Cultivation,Lúa,Đông Xuân,Area_Planted,1561637.0,ha,Actual,PL3a
33781f89-d481-459c-b9d1-cd2ead86a854,2010,6,ĐBS Cửu Long,Provincial,Cultivation,Lúa,,Area_Planted,1559610.0,ha,Actual,PL3a
b94dd963-c75f-4673-8a0d-6a5162bfe3fa,2010,6,ĐBS Cửu Long,Provincial,Cultivation,Lúa,,Area_Planted,99.9,ha,Actual,PL3a
591c393a-79d9-49d3-a4c7-c01a08c4ba2b,2010,6,ĐBS Cửu Long,Provincial,Cultivation,Lúa,,Area_Planted,1407216.0,ha,Actual,PL3a
82cabe4a-04a9-482e-b8fe-dc97611d04ba,2010,6,ĐBS Cửu Long,Provincial,Cultivation,Lúa,,Area_Planted,33580.0,ha,Actual,PL3a
9df429b6-b701-4d12-a663-b6438ecf8377,2010,6,ĐBS Cửu Long,Provincial,Cultivation,Lúa,,Area_Planted,25700.0,ha,Actual,PL3a
b01182f2-f481-469c-bc68-35358944dde9,2010,6,ĐBS Cửu Long,Provincial,Cultivation,Lúa,,Area_Planted,5912.0,ha,Actual,PL3a
b6cde179-db09-4448-bed1-7c41d44701fb,2010,6,ĐBS Cửu Long,Provincial,Cultivation,Lúa,,Area_Planted,1968.0,ha,Actual,PL3a
6ff04621-29a4-4be3-89b9-67914c4c1213,2010,6,Long An,Provincial,Cultivation,Lúa,Đông Xuân,Area_Planted,251025.0,ha,Actual,PL3a
e8ebddb6-edf0-4a94-a358-43da8cc595c9,2010,6,Long An,Provincial,Cultivation,Lúa,,Area_Planted,251025.0,ha,Actual,PL3a
ad7f0e7e-5533-45b4-aaf2-58381dc7d9c9,2010,6,Long An,Provincial,Cultivation,Lúa,,Area_Planted,100.0,ha,Actual,PL3a
85a7188e-3f5a-45d1-8104-49f3f5ef8e07,2010,6,Long An,Provincial,Cultivation,Lúa,,Area_Planted,190457.0,ha,Actual,PL3a
8291b4e3-ceed-4402-958f-68f3feef36fe,2010,6,Long An,Provincial,Cultivation,Lúa,,Area_Planted,4995.0,ha,Actual,PL3a
f394d0c3-21d9-4adf-9125-5e8f1e3a264b,2010,6,Long An,Provincial,Cultivation,Lúa,,Area_Planted,4995.0,ha,Actual,PL3a
9612e0b2-2f4a-4b10-9c3d-8ad6ad64a1c3,2010,6,Đồng Tháp,Provincial,Cultivation,Lúa,Đông Xuân,Area_Planted,207672.0,ha,Actual,PL3a
649613b1-6bd9-40d9-8ca5-bec4fe0ec3bc,2010,6,Đồng Tháp,Provincial,Cultivation,Lúa,,Area_Planted,207672.0,ha,Actual,PL3a
32cda43e-3f32-4719-9e67-18792121e9b9,2010,6,Đồng Tháp,Provincial,Cultivation,Lúa,,Area_Planted,100.0,ha,Actual,PL3a
36570d1e-1d05-4399-8efd-5278e85504ba,2010,6,Đồng Tháp,Provincial,Cultivation,Lúa,,Area_Planted,197093.0,ha,Actual,PL3a
1e29a173-8e30-41ed-b658-093306a380ca,2010,6,Đồng Tháp,Provincial,Cultivation,Lúa,,Area_Planted,3463.0,ha,Actual,PL3a
d27f0618-2263-4f1f-a13f-49d28b4449f9,2010,6,Đồng Tháp,Provincial,Cultivation,Lúa,,Area_Planted,2710.0,ha,Actual,PL3a
a44cc2c7-7d73-42f2-9499-13c852a8e767,2010,6,Đồng Tháp,Provincial,Cultivation,Lúa,,Area_Planted,753.0,ha,Actual,PL3a
945bff90-55da-4804-92f8-f60a967fc0d8,2010,6,An Giang,Provincial,Cultivation,Lúa,Đông Xuân,Area_Planted,234212.0,ha,Actual,PL3a
e4aefc87-79f9-4b2f-a449-b40189ba309b,2010,6,An Giang,Provincial,Cultivation,Lúa,,Area_Planted,232185.0,ha,Actual,PL3a
8cf0ad11-997f-42d0-8265-2d738794ab35,2010,6,An Giang,Provincial,Cultivation,Lúa,,Area_Planted,99.1,ha,Actual,PL3a
1bbd73bd-8f9f-4a3f-acf7-52c77f5be175,2010,6,An Giang,Provincial,Cultivation,Lúa,,Area_Planted,228051.0,ha,Actual,PL3a
d3ec0559-fcf5-4dbb-bf7c-0ef701c70c05,2010,6,An Giang,Provincial,Cultivation,Lúa,,Area_Planted,6307.0,ha,Actual,PL3a
54143d17-fed6-4594-8ac6-a5e65aae72f8,2010,6,An Giang,Provincial,Cultivation,Lúa,,Area_Planted,6187.0,ha,Actual,PL3a
9d018bea-9388-4b33-b93a-5582397db9e7,2010,6,An Giang,Provincial,Cultivation,Lúa,,Area_Planted,30.0,ha,Actual,PL3a
1df41ecb-6f08-492e-b79c-eadbe9dc925d,2010,6,An Giang,Provincial,Cultivation,Lúa,,Area_Planted,90.0,ha,Actual,PL3a
19ab53e8-2fad-4286-8cf2-6c080da8309a,2010,6,Tiền Giang,Provincial,Cultivation,Lúa,Đông Xuân,Area_Planted,82272.0,ha,Actual,PL3a
efab55ce-3e36-4e8c-946b-b354a0725ac1,2010,6,Tiền Giang,Provincial,Cultivation,Lúa,,Area_Planted,82272.0,ha,Actual,PL3a
cf464a95-1913-4eb4-8c36-ecd4c933ab94,2010,6,Tiền Giang,Provincial,Cultivation,Lúa,,Area_Planted,100.0,ha,Actual,PL3a
75584af3-f57c-460a-a778-8c09f3fd404f,2010,6,Tiền Giang,Provincial,Cultivation,Lúa,,Area_Planted,77818.0,ha,Actual,PL3a
bd25ad86-0e31-4905-8af3-aa66c7e9a94b,2010,6,Tiền Giang,Provincial,Cultivation,Lúa,,Area_Planted,3885.0,ha,Actual,PL3a
7beedd6a-0444-4e78-862f-c83f162a1726,2010,6,Tiền Giang,Provincial,Cultivation,Lúa,,Area_Planted,3376.0,ha,Actual,PL3a
4d961017-6a3c-4f2f-bc9d-4a802e1d7fde,2010,6,Tiền Giang,Provincial,Cultivation,Lúa,,Area_Planted,250.0,ha,Actual,PL3a
a62c65cb-e1ed-4877-9c9b-7cba23125e87,2010,6,Tiền Giang,Provincial,Cultivation,Lúa,,Area_Planted,259.0,ha,Actual,PL3a
f37a9be5-d127-4eae-ab0c-81859c3b3ee8,2010,6,Vĩnh Long,Provincial,Cultivation,Lúa,Đông Xuân,Area_Planted,66902.0,ha,Actual,PL3a
eef2e9d9-84a4-4769-a1a1-bb3548af5491,2010,6,Vĩnh Long,Provincial,Cultivation,Lúa,,Area_Planted,66902.0,ha,Actual,PL3a
0988dc9e-93f0-42db-aba3-cfce92c2a9d4,2010,6,Vĩnh Long,Provincial,Cultivation,Lúa,,Area_Planted,100.0,ha,Actual,PL3a
79f9125b-875c-4ed4-b00b-8bc16c6d4b10,2010,6,Vĩnh Long,Provincial,Cultivation,Lúa,,Area_Planted,62750.0,ha,Actual,PL3a
63233ee3-341d-40a9-afbe-4bc2825cb261,2010,6,Vĩnh Long,Provincial,Cultivation,Lúa,,Area_Planted,3447.0,ha,Actual,PL3a
1d3a8459-8128-497f-8834-e7ed1edef8ce,2010,6,Vĩnh Long,Provincial,Cultivation,Lúa,,Area_Planted,664.0,ha,Actual,PL3a
823d793c-4918-4e4c-815e-671ed7bbdd75,2010,6,Vĩnh Long,Provincial,Cultivation,Lúa,,Area_Planted,2671.0,ha,Actual,PL3a
4b326fa3-4000-4c9d-b03e-6e7d6e0344af,2010,6,Vĩnh Long,Provincial,Cultivation,Lúa,,Area_Planted,112.0,ha,Actual,PL3a
7a4fc7a0-db18-42ef-bfac-a5e2a9724630,2010,6,Bến Tre,Provincial,Cultivation,Lúa,Đông Xuân,Area_Planted,21036.0,ha,Actual,PL3a
a0eea184-6f69-4267-a132-e837f33ede55,2010,6,Bến Tre,Provincial,Cultivation,Lúa,,Area_Planted,21036.0,ha,Actual,PL3a
889afc09-e723-46c7-887b-dbd359b66432,2010,6,Bến Tre,Provincial,Cultivation,Lúa,,Area_Planted,100.0,ha,Actual,PL3a
2e732c49-b316-419e-94c9-af2d23a1a35d,2010,6,Bến Tre,Provincial,Cultivation,Lúa,,Area_Planted,19166.0,ha,Actual,PL3a
04b190a4-842e-4926-bc49-c8b43fd2d62e,2010,6,Bến Tre,Provincial,Cultivation,Lúa,,Area_Planted,563.0,ha,Actual,PL3a
e48bf54e-b79a-44d1-b6be-e7ac0506bd00,2010,6,Bến Tre,Provincial,Cultivation,Lúa,,Area_Planted,406.0,ha,Actual,PL3a
e4993225-e27b-4cbf-b7e8-a039ef294a7a,2010,6,Bến Tre,Provincial,Cultivation,Lúa,,Area_Planted,50.0,ha,Actual,PL3a
0d219cc3-f1ab-409c-94d6-890fdc32fbc2,2010,6,Bến Tre,Provincial,Cultivation,Lúa,,Area_Planted,107.0,ha,Actual,PL3a
5a48f61d-f429-4be2-83b7-7d994d2580df,2010,6,Kiên Giang,Provincial,Cultivation,Lúa,Đông Xuân,Area_Planted,284145.0,ha,Actual,PL3a
03644a6a-6a99-4bd7-bddd-d724e3af03a7,2010,6,Kiên Giang,Provincial,Cultivation,Lúa,,Area_Planted,284145.0,ha,Actual,PL3a
68a8d56d-2b70-4823-91a3-4a4bdd13a588,2010,6,Kiên Giang,Provincial,Cultivation,Lúa,,Area_Planted,100.0,ha,Actual,PL3a
c4b1836c-b96b-49fc-a115-f21b1a4a4523,2010,6,Kiên Giang,Provincial,Cultivation,Lúa,,Area_Planted,212430.0,ha,Actual,PL3a
0136f4ce-6511-44aa-ac2a-c759608c1542,2010,6,Cần Thơ,Provincial,Cultivation,Lúa,Đông Xuân,Area_Planted,89673.0,ha,Actual,PL3a
e7523699-6ed0-4a5f-8468-02719158f3fc,2010,6,Cần Thơ,Provincial,Cultivation,Lúa,,Area_Planted,89673.0,ha,Actual,PL3a
105c7c6e-72d6-4724-98be-88287ceccc41,2010,6,Cần Thơ,Provincial,Cultivation,Lúa,,Area_Planted,100.0,ha,Actual,PL3a
1aac2cbb-547f-4228-b4f5-72e8c71d90b2,2010,6,Cần Thơ,Provincial,Cultivation,Lúa,,Area_Planted,84767.0,ha,Actual,PL3a
df5b2b02-f5f4-444b-9fb6-8ae201e98f88,2010,6,Cần Thơ,Provincial,Cultivation,Lúa,,Area_Planted,563.0,ha,Actual,PL3a
34cc2501-1682-4ebd-84b8-38033da23617,2010,6,Cần Thơ,Provincial,Cultivation,Lúa,,Area_Planted,563.0,ha,Actual,PL3a
9a3a9bf3-d375-4b8f-8aca-f4ddb1f0ff64,2010,6,Hậu Giang,Provincial,Cultivation,Lúa,Đông Xuân,Area_Planted,84505.0,ha,Actual,PL3a
ce1da658-5d8d-49fb-84b4-0e9029b4fab1,2010,6,Hậu Giang,Provincial,Cultivation,Lúa,,Area_Planted,84505.0,ha,Actual,PL3a
78f15174-90be-4202-84e5-704d78f98c21,2010,6,Hậu Giang,Provincial,Cultivation,Lúa,,Area_Planted,100.0,ha,Actual,PL3a
0da009da-e56a-41b7-873a-4e671b39c4d1,2010,6,Hậu Giang,Provincial,Cultivation,Lúa,,Area_Planted,78060.0,ha,Actual,PL3a
2362e7ee-2f6d-463e-a8a2-377beabb72a6,2010,6,Hậu Giang,Provincial,Cultivation,Lúa,,Area_Planted,1655.0,ha,Actual,PL3a
b9a4b3c0-8f94-4319-b1e3-2f2f21c2e0e7,2010,6,Hậu Giang,Provincial,Cultivation,Lúa,,Area_Planted,1655.0,ha,Actual,PL3a
1c7fb9db-7267-4e60-99dd-82b4d011e941,2010,6,Trà Vinh,Provincial,Cultivation,Lúa,Đông Xuân,Area_Planted,55916.0,ha,Actual,PL3a
c847ebd5-6439-402a-8778-54d21f85bc8f,2010,6,Trà Vinh,Provincial,Cultivation,Lúa,,Area_Planted,55916.0,ha,Actual,PL3a
d27d4dd4-b891-4f86-9212-3fa101951245,2010,6,Trà Vinh,Provincial,Cultivation,Lúa,,Area_Planted,100.0,ha,Actual,PL3a
6006d569-6ee7-4d3e-9bd7-3f92e9813f24,2010,6,Trà Vinh,Provincial,Cultivation,Lúa,,Area_Planted,79258.0,ha,Actual,PL3a
d9eab129-d08a-4666-9651-121b66ff854d,2010,6,Trà Vinh,Provincial,Cultivation,Lúa,,Area_Planted,5296.0,ha,Actual,PL3a
db6af11b-2847-429f-a673-92ce3b6327b3,2010,6,Trà Vinh,Provincial,Cultivation,Lúa,,Area_Planted,3264.0,ha,Actual,PL3a
c2da9df4-beec-4ad5-9f81-17c2ec1fd55f,2010,6,Trà Vinh,Provincial,Cultivation,Lúa,,Area_Planted,880.0,ha,Actual,PL3a
559c8363-36bd-4293-bff3-b42f659921c6,2010,6,Trà Vinh,Provincial,Cultivation,Lúa,,Area_Planted,1152.0,ha,Actual,PL3a
99935fd1-40da-46a4-aa95-404bffb90301,2010,6,Sóc Trăng,Provincial,Cultivation,Lúa,Đông Xuân,Area_Planted,139648.0,ha,Actual,PL3a
3f082fc1-5dc5-4cbd-bd64-808157aaea5b,2010,6,Sóc Trăng,Provincial,Cultivation,Lúa,,Area_Planted,139648.0,ha,Actual,PL3a
a378c621-c9b6-4394-a64f-8116535a8be0,2010,6,Sóc Trăng,Provincial,Cultivation,Lúa,,Area_Planted,100.0,ha,Actual,PL3a
7edbe1f2-ad42-4c3b-be4a-73353c26d1f4,2010,6,Sóc Trăng,Provincial,Cultivation,Lúa,,Area_Planted,92447.0,ha,Actual,PL3a
95cc7a6f-3945-4dc9-8809-71039cf4e270,2010,6,Sóc Trăng,Provincial,Cultivation,Lúa,,Area_Planted,3406.0,ha,Actual,PL3a
2940a881-de22-4ac8-9a9f-922c101812ac,2010,6,Sóc Trăng,Provincial,Cultivation,Lúa,,Area_Planted,1880.0,ha,Actual,PL3a
4b585a60-284f-49a1-ab1c-515533d9d066,2010,6,Sóc Trăng,Provincial,Cultivation,Lúa,,Area_Planted,1278.0,ha,Actual,PL3a
c7b7c70f-5c3e-417e-9f6d-f4621550664a,2010,6,Sóc Trăng,Provincial,Cultivation,Lúa,,Area_Planted,248.0,ha,Actual,PL3a
1c5fa2b5-ec03-4738-87a9-a9db56f78fd4,2010,6,Bạc Liêu,Provincial,Cultivation,Lúa,Đông Xuân,Area_Planted,44631.0,ha,Actual,PL3a
cef6f23a-35be-49d8-ad50-cc11eb59de2d,2010,6,Bạc Liêu,Provincial,Cultivation,Lúa,,Area_Planted,44631.0,ha,Actual,PL3a
2bc5c22f-b02d-47f0-b41d-4449df0be7ee,2010,6,Bạc Liêu,Provincial,Cultivation,Lúa,,Area_Planted,100.0,ha,Actual,PL3a
f19dbf02-eedd-4d49-8437-329ef934e084,2010,6,Bạc Liêu,Provincial,Cultivation,Lúa,,Area_Planted,55749.0,ha,Actual,PL3a
27f13bd1-d35b-4928-ba81-b929b8beb72c,2010,6,Cà Mau,Provincial,Cultivation,Lúa,,Area_Planted,29170.0,ha,Actual,PL3a
01db11eb-77b3-497a-aad1-0180c9db2a21,2010,6,Miền Nam,Regional,Cultivation,Lúa,,Area_Planted,233945.0,ha,Actual,PL3b
a09fa30d-f365-4fe2-ac17-1a288d25ec28,2010,6,Miền Nam,Regional,Cultivation,Đậu,,Area_Planted,23180.0,ha,Actual,PL3b
fb0dbc76-fffc-42ef-9a31-f6527c2896d4,2010,6,Miền Nam,Regional,Cultivation,Lạc,,Area_Planted,63429.0,ha,Actual,PL3b
9463a308-ad4d-4551-b889-80760702ff4e,2010,6,Miền Nam,Regional,Cultivation,Lúa,,Area_Planted,22320.0,ha,Actual,PL3b
b7fcb547-047b-4bf6-b976-e8dd629aac39,2010,6,Miền Nam,Regional,Cultivation,Lúa,,Area_Planted,13171.0,ha,Actual,PL3b
cee47930-db5c-457b-bb3c-46c04693b3c9,2010,6,Miền Nam,Regional,Cultivation,Mía,,Area_Planted,106977.0,ha,Actual,PL3b
7b1efeba-ffa5-47d1-b64f-69ec741cf17c,2010,6,Miền Nam,Regional,Cultivation,Lúa,,Area_Planted,1006.0,ha,Actual,PL3b
8cd191a5-ba3c-4c02-90a2-95192a314591,2010,6,Miền Nam,Regional,Cultivation,Lúa,,Area_Planted,3862.0,ha,Actual,PL3b
2f4fa762-bded-482a-bbc0-2207f87a5cbc,2010,6,Miền Nam,Regional,Cultivation,Lúa,,Area_Planted,221466.0,ha,Actual,PL3b
3daf2567-f847-4ca1-a88a-a2e70f69761b,2010,6,Miền Nam,Regional,Cultivation,Lúa,,Area_Planted,429518412.0,ha,Actual,PL3b
906a7f09-4d02-45a5-a458-776998d93ef9,2010,6,D.H Nam Trg Bộ,Provincial,Cultivation,Lúa,,Area_Planted,59577.0,ha,Actual,PL3b
701d1fbc-1f81-421a-b043-4aa714437b93,2010,6,D.H Nam Trg Bộ,Provincial,Cultivation,Đậu,,Area_Planted,1199.0,ha,Actual,PL3b
f75ba5de-a7c4-4b34-9b7f-7993d1ebe6cc,2010,6,D.H Nam Trg Bộ,Provincial,Cultivation,Lạc,,Area_Planted,21849.0,ha,Actual,PL3b
9e057e76-67cd-4d1d-9957-a848993e6420,2010,6,D.H Nam Trg Bộ,Provincial,Cultivation,Lúa,,Area_Planted,3802.0,ha,Actual,PL3b
7628cf6c-ff80-4270-a17f-2155091a5d1e,2010,6,D.H Nam Trg Bộ,Provincial,Cultivation,Lúa,,Area_Planted,874.0,ha,Actual,PL3b
6fb15540-9f6f-4640-b001-f87273721ca4,2010,6,D.H Nam Trg Bộ,Provincial,Cultivation,Mía,,Area_Planted,31378.0,ha,Actual,PL3b
cc7ab1c6-223f-4a35-bf83-b999de4d3d7b,2010,6,D.H Nam Trg Bộ,Provincial,Cultivation,Lúa,,Area_Planted,434.0,ha,Actual,PL3b
37ab1843-d953-4904-8e35-f5e3b67bb3d3,2010,6,D.H Nam Trg Bộ,Provincial,Cultivation,Lúa,,Area_Planted,41.0,ha,Actual,PL3b
e68bb56f-e3bb-4814-bfff-2981dda860ff,2010,6,D.H Nam Trg Bộ,Provincial,Cultivation,Lúa,,Area_Planted,27467.0,ha,Actual,PL3b
291a7042-78f6-4568-8ea4-3116530b4052,2010,6,D.H Nam Trg Bộ,Provincial,Cultivation,Lúa,,Area_Planted,27467.0,ha,Actual,PL3b
80b8e2ec-6b73-4670-ab53-2fb6e867edff,2010,6,TP Đà Nẵng,Provincial,Cultivation,Lúa,,Area_Planted,343.0,ha,Actual,PL3b
de0986b2-8b06-4ab0-b612-22653c27186a,2010,6,TP Đà Nẵng,Provincial,Cultivation,Lạc,,Area_Planted,211.0,ha,Actual,PL3b
baccf4b1-f229-4e47-9de5-1121556fb321,2010,6,TP Đà Nẵng,Provincial,Cultivation,Mía,,Area_Planted,132.0,ha,Actual,PL3b
bbf03eef-584a-4525-953c-b34ca401ac48,2010,6,TP Đà Nẵng,Provincial,Cultivation,Lúa,,Area_Planted,263.0,ha,Actual,PL3b
70fe12ad-ec8e-48d8-a0b4-3b6f420e718c,2010,6,TP Đà Nẵng,Provincial,Cultivation,Lúa,,Area_Planted,78.0,ha,Actual,PL3b
90f4290e-7525-4018-9e3f-c8c573f5ef68,2010,6,Quảng Nam,Provincial,Cultivation,Lúa,,Area_Planted,11032.0,ha,Actual,PL3b
622352ba-097e-4c87-8a6d-ad53532fc2ee,2010,6,Quảng Nam,Provincial,Cultivation,Lạc,,Area_Planted,8264.0,ha,Actual,PL3b
d4231b78-b1db-48ea-a098-f1dd0848d08a,2010,6,Quảng Nam,Provincial,Cultivation,Lúa,,Area_Planted,1800.0,ha,Actual,PL3b
44eba3b4-1ba2-4814-8ee1-5970bb60fb33,2010,6,Quảng Nam,Provincial,Cultivation,Lúa,,Area_Planted,502.0,ha,Actual,PL3b
ed471a1f-cc50-43b9-b50c-f114bb982c81,2010,6,Quảng Nam,Provincial,Cultivation,Mía,,Area_Planted,289.0,ha,Actual,PL3b
aea882e4-0707-4ae5-8dbe-f186704c3265,2010,6,Quảng Nam,Provincial,Cultivation,Lúa,,Area_Planted,177.0,ha,Actual,PL3b
7e9d6c08-5552-42da-9051-e81df2ed01f1,2010,6,Quảng Nam,Provincial,Cultivation,Lúa,,Area_Planted,8500.0,ha,Actual,PL3b
7244d2e1-8433-4fdd-a59b-cb8a5c430883,2010,6,Quảng Nam,Provincial,Cultivation,Lúa,,Area_Planted,3400.0,ha,Actual,PL3b
bdf10db3-168c-46fa-9b1e-b5efec82c19b,2010,6,Quảng Ngãi,Provincial,Cultivation,Lúa,,Area_Planted,3796.0,ha,Actual,PL3b
b8445b45-9404-406e-b1b1-48a2c0034d8d,2010,6,Quảng Ngãi,Provincial,Cultivation,Lạc,,Area_Planted,3796.0,ha,Actual,PL3b
91e6de3f-21a9-4c4d-8039-62dcb30fe869,2010,6,Quảng Ngãi,Provincial,Cultivation,Lúa,,Area_Planted,5849.0,ha,Actual,PL3b
571f0c1f-c276-427e-992e-c8a3e4b6808e,2010,6,Quảng Ngãi,Provincial,Cultivation,Lúa,,Area_Planted,1475.0,ha,Actual,PL3b
48d97146-31d2-4e35-bbae-ff8171b62996,2010,6,BìnhĐịnh,Provincial,Cultivation,Lúa,,Area_Planted,13551.0,ha,Actual,PL3b
34763994-04a4-4cf5-b628-12686c936764,2010,6,BìnhĐịnh,Provincial,Cultivation,Đậu,,Area_Planted,881.0,ha,Actual,PL3b
a5490fc3-9da5-438b-a1c4-e025b3c1d4b1,2010,6,BìnhĐịnh,Provincial,Cultivation,Lạc,,Area_Planted,8893.0,ha,Actual,PL3b
62365a8f-7022-49b5-aac4-66883db62e45,2010,6,BìnhĐịnh,Provincial,Cultivation,Lúa,,Area_Planted,1576.0,ha,Actual,PL3b
c9a4d08b-17af-4c85-8569-d04c2294059b,2010,6,BìnhĐịnh,Provincial,Cultivation,Mía,,Area_Planted,2201.0,ha,Actual,PL3b
d6ee2d7d-5011-431f-9886-348c12257849,2010,6,BìnhĐịnh,Provincial,Cultivation,Lúa,,Area_Planted,8159.0,ha,Actual,PL3b
7090b5ae-7828-4018-9848-d6707fb3f28f,2010,6,BìnhĐịnh,Provincial,Cultivation,Lúa,,Area_Planted,1039.0,ha,Actual,PL3b
6dfbcdba-3203-4307-bc83-b37881d454b1,2010,6,Phú Yên,Provincial,Cultivation,Lúa,,Area_Planted,14676.0,ha,Actual,PL3b
7813d506-0d65-499f-a576-42b15471fd3a,2010,6,Phú Yên,Provincial,Cultivation,Đậu,,Area_Planted,318.0,ha,Actual,PL3b
c6a6426f-b1bc-48c5-bdef-f44fb16a4ce3,2010,6,Phú Yên,Provincial,Cultivation,Lạc,,Area_Planted,540.0,ha,Actual,PL3b
1ff42446-93d6-41a5-a2aa-b0a8d72848c0,2010,6,Phú Yên,Provincial,Cultivation,Lúa,,Area_Planted,426.0,ha,Actual,PL3b
8734b497-38ce-4ee4-8b2c-d0cdba650299,2010,6,Phú Yên,Provincial,Cultivation,Lúa,,Area_Planted,372.0,ha,Actual,PL3b
2c85fba0-840f-4110-8880-92d2bcc5e1e9,2010,6,Phú Yên,Provincial,Cultivation,Mía,,Area_Planted,12722.0,ha,Actual,PL3b
7f37f724-9b64-42d2-bfa2-0f24feea2253,2010,6,Phú Yên,Provincial,Cultivation,Lúa,,Area_Planted,257.0,ha,Actual,PL3b
16d4dc81-18df-47fe-ba15-b72ef2605929,2010,6,Phú Yên,Provincial,Cultivation,Lúa,,Area_Planted,41.0,ha,Actual,PL3b
381ce070-41a0-4df8-9931-af402f6f49f9,2010,6,Phú Yên,Provincial,Cultivation,Lúa,,Area_Planted,2456.0,ha,Actual,PL3b
0dc6b020-7eb6-4891-9480-6cf4618e58b1,2010,6,Phú Yên,Provincial,Cultivation,Lúa,,Area_Planted,1687.0,ha,Actual,PL3b
a61dab20-e578-4342-9011-a8bf4e6b17d1,2010,6,Khánh Hoà,Provincial,Cultivation,Lúa,,Area_Planted,16179.0,ha,Actual,PL3b
b3d9e6c0-7ab7-4b22-b807-74ab48ac7d8f,2010,6,Khánh Hoà,Provincial,Cultivation,Lạc,,Area_Planted,145.0,ha,Actual,PL3b
8de7aa5e-9338-4ab7-94d7-97e6a4714469,2010,6,Khánh Hoà,Provincial,Cultivation,Mía,,Area_Planted,16034.0,ha,Actual,PL3b
fadff366-4968-48c5-8542-699cf0c12662,2010,6,Khánh Hoà,Provincial,Cultivation,Lúa,,Area_Planted,2240.0,ha,Actual,PL3b
1e047e77-ca1b-48b3-8f15-b06fddf83655,2010,6,Khánh Hoà,Provincial,Cultivation,Lúa,,Area_Planted,733.0,ha,Actual,PL3b
d0db9d9d-f34b-4ec9-af2c-d27ddb60d0a3,2010,6,Tây Nguyên,Provincial,Cultivation,Lúa,,Area_Planted,43145.0,ha,Actual,PL3b
fdbafc7d-e2ec-4939-8113-da33b00d53cf,2010,6,Tây Nguyên,Provincial,Cultivation,Đậu,,Area_Planted,13728.0,ha,Actual,PL3b
8fbad903-70da-4e91-8dd5-020a8228a83c,2010,6,Tây Nguyên,Provincial,Cultivation,Lạc,,Area_Planted,7378.0,ha,Actual,PL3b
0a80670c-554c-44a7-851f-5b49238affab,2010,6,Tây Nguyên,Provincial,Cultivation,Lúa,,Area_Planted,3093.0,ha,Actual,PL3b
8a5590bc-8f5f-4b1c-b62e-5ce8e576da73,2010,6,Tây Nguyên,Provincial,Cultivation,Lúa,,Area_Planted,6539.0,ha,Actual,PL3b
c16a81c8-4272-4895-bbde-7b103e8949e0,2010,6,Tây Nguyên,Provincial,Cultivation,Mía,,Area_Planted,12407.0,ha,Actual,PL3b
c9c40c9c-28c3-4aa7-b4a6-77a51e101e44,2010,6,Tây Nguyên,Provincial,Cultivation,Lúa,,Area_Planted,0.0,ha,Actual,PL3b
1b771b5e-a27b-4de2-ba5c-a2d58652f64c,2010,6,Tây Nguyên,Provincial,Cultivation,Lúa,,Area_Planted,0.0,ha,Actual,PL3b
0f384282-e4ce-470c-8506-46358d5ca624,2010,6,Tây Nguyên,Provincial,Cultivation,Lúa,,Area_Planted,34630.0,ha,Actual,PL3b
a96ddbb4-fe83-43af-8472-a96c10c25520,2010,6,Tây Nguyên,Provincial,Cultivation,Lúa,,Area_Planted,16475.0,ha,Actual,PL3b
9978fc66-f41d-4042-aa2c-a356fe57aa84,2010,6,Kon Tum,Provincial,Cultivation,Lúa,,Area_Planted,4022.0,ha,Actual,PL3b
b63694ed-481b-4a27-8438-8940ce12487c,2010,6,Kon Tum,Provincial,Cultivation,Lạc,,Area_Planted,58.0,ha,Actual,PL3b
63f00286-d9ef-4e0e-823d-c950941c1ae2,2010,6,Kon Tum,Provincial,Cultivation,Lúa,,Area_Planted,1867.0,ha,Actual,PL3b
095293e3-b8bf-4f13-9610-53ff45353e2a,2010,6,Kon Tum,Provincial,Cultivation,Mía,,Area_Planted,2097.0,ha,Actual,PL3b
5d68803c-cc5c-484a-9a89-8cd1687228ad,2010,6,Kon Tum,Provincial,Cultivation,Lúa,,Area_Planted,8700.0,ha,Actual,PL3b
57252f4b-456c-44f7-a408-4708416fe86d,2010,6,Kon Tum,Provincial,Cultivation,Lúa,,Area_Planted,92.0,ha,Actual,PL3b
a9dbb4a5-d9d3-4db7-b212-c0a7ba199da6,2010,6,Gia Lai,Provincial,Cultivation,Lúa,,Area_Planted,14706.0,ha,Actual,PL3b
a3b8992c-c2b2-4850-a180-4b81625dcc70,2010,6,Gia Lai,Provincial,Cultivation,Lạc,,Area_Planted,211.0,ha,Actual,PL3b
0fadfbb6-ff75-4863-aa35-73e937936c9e,2010,6,Gia Lai,Provincial,Cultivation,Lúa,,Area_Planted,2566.0,ha,Actual,PL3b
9511d701-f6cc-42f6-90f9-308102fcd70c,2010,6,Gia Lai,Provincial,Cultivation,Lúa,,Area_Planted,4622.0,ha,Actual,PL3b
f4327017-c1e1-4ab9-82d0-d6d1e8a88da5,2010,6,Gia Lai,Provincial,Cultivation,Mía,,Area_Planted,7307.0,ha,Actual,PL3b
859b159b-6753-4f41-b7ec-65d7246b0727,2010,6,Gia Lai,Provincial,Cultivation,Lúa,,Area_Planted,8108.0,ha,Actual,PL3b
20b4381a-0d21-474f-b478-98952d43acb2,2010,6,Gia Lai,Provincial,Cultivation,Lúa,,Area_Planted,3488.0,ha,Actual,PL3b
54c9abdf-a30a-4627-9bcd-23a73d7779e6,2010,6,Đắc Lắc,Provincial,Cultivation,Lúa,,Area_Planted,9257.0,ha,Actual,PL3b
5c69c6d5-640a-462f-a6b8-30822a9ce099,2010,6,Đắc Lắc,Provincial,Cultivation,Đậu,,Area_Planted,4578.0,ha,Actual,PL3b
0de0f7b6-caec-4a5c-be63-e808847ab56d,2010,6,Đắc Lắc,Provincial,Cultivation,Lạc,,Area_Planted,2374.0,ha,Actual,PL3b
79b0984b-12de-4803-8b1a-3b5a30ed67ad,2010,6,Đắc Lắc,Provincial,Cultivation,Lúa,,Area_Planted,527.0,ha,Actual,PL3b
14fe664c-fcf8-4b4c-a81c-43a681aa123a,2010,6,Đắc Lắc,Provincial,Cultivation,Lúa,,Area_Planted,50.0,ha,Actual,PL3b
512b0d49-59e4-48b5-aacf-32832b664582,2010,6,Đắc Lắc,Provincial,Cultivation,Mía,,Area_Planted,1728.0,ha,Actual,PL3b
ed1c2d91-1ce6-4bc8-9797-e26fac98b240,2010,6,Đắc Lắc,Provincial,Cultivation,Lúa,,Area_Planted,2705.0,ha,Actual,PL3b
ce718622-186c-410e-8266-354131ee6b9e,2010,6,Đắc Lắc,Provincial,Cultivation,Lúa,,Area_Planted,7209.0,ha,Actual,PL3b
e67258dd-a2cb-4483-95cb-511198f76224,2010,6,Đắc Nông,Provincial,Cultivation,Lúa,,Area_Planted,13960.0,ha,Actual,PL3b
ad691239-3300-4042-b2b0-2a4b1b530500,2010,6,Đắc Nông,Provincial,Cultivation,Đậu,,Area_Planted,9150.0,ha,Actual,PL3b
31111b21-ff8f-4ae4-b8f4-f0cb3f430610,2010,6,Đắc Nông,Provincial,Cultivation,Lạc,,Area_Planted,4735.0,ha,Actual,PL3b
df5cc456-532a-43eb-9c55-704d85c9f729,2010,6,Đắc Nông,Provincial,Cultivation,Mía,,Area_Planted,75.0,ha,Actual,PL3b
bd0a85db-65f4-4a0f-85ab-a85e19da2694,2010,6,Đắc Nông,Provincial,Cultivation,Lúa,,Area_Planted,1398.0,ha,Actual,PL3b
de894e01-5970-4491-a2d7-21ac5838732d,2010,6,Đắc Nông,Provincial,Cultivation,Lúa,,Area_Planted,5271.0,ha,Actual,PL3b
2f217a91-a356-441e-ac0c-e5b409a499b8,2010,6,Lâm Đồng,Provincial,Cultivation,Lúa,,Area_Planted,1200.0,ha,Actual,PL3b
f72844b6-265c-43e6-b742-f6f4529a94d2,2010,6,Lâm Đồng,Provincial,Cultivation,Mía,,Area_Planted,1200.0,ha,Actual,PL3b
14f1351b-0090-43e6-9e98-03726b430e0b,2010,6,Lâm Đồng,Provincial,Cultivation,Lúa,,Area_Planted,13719.0,ha,Actual,PL3b
bddc6179-eed5-46b2-991d-7c5a73b26b7d,2010,6,Lâm Đồng,Provincial,Cultivation,Lúa,,Area_Planted,415.0,ha,Actual,PL3b
8c4d10ff-5213-42cc-9314-2b5ae031b888,2010,6,Đông Nam Bộ,Provincial,Cultivation,Lúa,,Area_Planted,49516.0,ha,Actual,PL3b
db262fcd-ba11-4c6f-8ebe-2d46c2fc84af,2010,6,Đông Nam Bộ,Provincial,Cultivation,Đậu,,Area_Planted,671.0,ha,Actual,PL3b
ebb98c12-3e88-48c2-b71d-a9c6d7714581,2010,6,Đông Nam Bộ,Provincial,Cultivation,Lạc,,Area_Planted,21845.0,ha,Actual,PL3b
bcf43c3e-d531-4e97-a4ac-a8017d99d1dd,2010,6,Đông Nam Bộ,Provincial,Cultivation,Lúa,,Area_Planted,5280.0,ha,Actual,PL3b
8b9a740b-f5b2-4d60-9ef1-2c028bfe27cc,2010,6,Đông Nam Bộ,Provincial,Cultivation,Lúa,,Area_Planted,5596.0,ha,Actual,PL3b
eb087613-d5c6-447d-9f57-3b140df208c1,2010,6,Đông Nam Bộ,Provincial,Cultivation,Mía,,Area_Planted,15552.0,ha,Actual,PL3b
aad9540c-cd57-4dee-be34-f1f2240ca3a7,2010,6,Đông Nam Bộ,Provincial,Cultivation,Lúa,,Area_Planted,572.0,ha,Actual,PL3b
be2d3534-8eb1-420b-ae8e-99958dda0110,2010,6,Đông Nam Bộ,Provincial,Cultivation,Lúa,,Area_Planted,0.0,ha,Actual,PL3b
5ef58f97-23ad-4cd2-b369-d7f1e441834d,2010,6,Đông Nam Bộ,Provincial,Cultivation,Lúa,,Area_Planted,50112.0,ha,Actual,PL3b
747fd21e-8627-4772-b63c-f36ec82443e4,2010,6,Đông Nam Bộ,Provincial,Cultivation,Lúa,,Area_Planted,13449.0,ha,Actual,PL3b
1a911ff7-7187-4764-a167-a6ab3a945798,2010,6,TP Hồ Chí Minh,Provincial,Cultivation,Lúa,,Area_Planted,2690.0,ha,Actual,PL3b
1239106f-6fd0-49d5-b8e8-bfc927c21c8c,2010,6,TP Hồ Chí Minh,Provincial,Cultivation,Lạc,,Area_Planted,900.0,ha,Actual,PL3b
dd6b91c3-4af0-47aa-a4b4-59a7097016fb,2010,6,TP Hồ Chí Minh,Provincial,Cultivation,Mía,,Area_Planted,1790.0,ha,Actual,PL3b
93156772-b395-43eb-b3ef-1d8e34d5ea2e,2010,6,TP Hồ Chí Minh,Provincial,Cultivation,Lúa,,Area_Planted,8092.0,ha,Actual,PL3b
1649054a-43d3-4344-bea9-f131d5e60470,2010,6,Ninh Thuận,Provincial,Cultivation,Lúa,,Area_Planted,1613.0,ha,Actual,PL3b
5e288864-bfb3-48e6-8616-16a2b3ec9375,2010,6,Ninh Thuận,Provincial,Cultivation,Lạc,,Area_Planted,135.0,ha,Actual,PL3b
b047654d-84fb-49e7-829e-9be230770f8a,2010,6,Ninh Thuận,Provincial,Cultivation,Lúa,,Area_Planted,461.0,ha,Actual,PL3b
312446e3-0887-4818-8a63-f93886437f57,2010,6,Ninh Thuận,Provincial,Cultivation,Lúa,,Area_Planted,32.0,ha,Actual,PL3b
5f85d5f7-6584-4215-9cf1-03e31e32d33c,2010,6,Ninh Thuận,Provincial,Cultivation,Mía,,Area_Planted,413.0,ha,Actual,PL3b
d1443b60-bbe6-41f8-a397-20cf5bd59e42,2010,6,Ninh Thuận,Provincial,Cultivation,Lúa,,Area_Planted,572.0,ha,Actual,PL3b
8db83bb0-a251-4ba9-9fcb-0860f649f7c2,2010,6,Ninh Thuận,Provincial,Cultivation,Lúa,,Area_Planted,8820.0,ha,Actual,PL3b
5fb852c4-6930-4aa3-8676-e8cf76d3bc2d,2010,6,Ninh Thuận,Provincial,Cultivation,Lúa,,Area_Planted,2097.0,ha,Actual,PL3b
c18fe269-28f6-4657-aa76-35aabe8447b2,2010,6,Bình Phước,Provincial,Cultivation,Lúa,,Area_Planted,140.0,ha,Actual,PL3b
3b765050-7acb-4aa4-bd41-394fdb26df9f,2010,6,Bình Phước,Provincial,Cultivation,Lạc,,Area_Planted,130.0,ha,Actual,PL3b
d033a1d1-86af-4ec0-b9d5-3bae870963f0,2010,6,Bình Phước,Provincial,Cultivation,Lúa,,Area_Planted,10.0,ha,Actual,PL3b
ff88d4b8-0cde-4553-a8a5-dc9f26083de0,2010,6,Bình Phước,Provincial,Cultivation,Lúa,,Area_Planted,816.0,ha,Actual,PL3b
ce8e319d-87a8-40d4-bda9-b23b510ea5cd,2010,6,Tây Ninh,Provincial,Cultivation,Lúa,,Area_Planted,26212.0,ha,Actual,PL3b
6e6a7546-6730-4782-baa8-fd2d87384ca2,2010,6,Tây Ninh,Provincial,Cultivation,Lạc,,Area_Planted,12017.0,ha,Actual,PL3b
f2ab1226-9891-45b2-95eb-94f9390cba0e,2010,6,Tây Ninh,Provincial,Cultivation,Lúa,,Area_Planted,1473.0,ha,Actual,PL3b
0f78659c-7022-4847-b4f0-2e1cf92299de,2010,6,Tây Ninh,Provincial,Cultivation,Lúa,,Area_Planted,4632.0,ha,Actual,PL3b
81ce631b-ec2c-4531-a365-78acd42473a6,2010,6,Tây Ninh,Provincial,Cultivation,Mía,,Area_Planted,8090.0,ha,Actual,PL3b
c3cc5e8a-30f3-4893-b7cd-f7886bdcdb30,2010,6,Tây Ninh,Provincial,Cultivation,Lúa,,Area_Planted,13242.0,ha,Actual,PL3b
32667c21-54e1-45e1-8019-7ce6e7cf001f,2010,6,Tây Ninh,Provincial,Cultivation,Lúa,,Area_Planted,4967.0,ha,Actual,PL3b
416fddac-b404-4b91-9a0e-46c396b6dd16,2010,6,Bình Dương,Provincial,Cultivation,Lúa,,Area_Planted,934.0,ha,Actual,PL3b
3e1b1d99-056e-494c-98f2-445c0aebc197,2010,6,Bình Dương,Provincial,Cultivation,Lạc,,Area_Planted,635.0,ha,Actual,PL3b
4aee1ed7-e7bd-4152-ad91-cbdf0e051644,2010,6,Bình Dương,Provincial,Cultivation,Mía,,Area_Planted,299.0,ha,Actual,PL3b
98ab5ba1-508b-4c11-bd75-8763aa174e36,2010,6,Bình Dương,Provincial,Cultivation,Lúa,,Area_Planted,2871.0,ha,Actual,PL3b
7aed91a7-023f-4cb6-ae4e-4385dce09ef9,2010,6,Bình Dương,Provincial,Cultivation,Lúa,,Area_Planted,199.0,ha,Actual,PL3b
3a7b0d15-5660-4453-b0f0-9c2870cf3906,2010,6,Đồng Nai,Provincial,Cultivation,Lúa,,Area_Planted,9613.0,ha,Actual,PL3b
86b5c586-8736-4f1d-9690-dd2cd56e0e8d,2010,6,Đồng Nai,Provincial,Cultivation,Đậu,,Area_Planted,419.0,ha,Actual,PL3b
ecc9edc6-884e-4d1b-98f2-885cf9aeaf66,2010,6,Đồng Nai,Provincial,Cultivation,Lạc,,Area_Planted,4100.0,ha,Actual,PL3b
7d76d7ff-d824-447c-9baa-d7e6ae806497,2010,6,Đồng Nai,Provincial,Cultivation,Lúa,,Area_Planted,20.0,ha,Actual,PL3b
ad18b763-f813-48b0-a774-16d22a088642,2010,6,Đồng Nai,Provincial,Cultivation,Lúa,,Area_Planted,800.0,ha,Actual,PL3b
9852b954-a883-4ed1-a7cb-aa7aaf36658f,2010,6,Đồng Nai,Provincial,Cultivation,Mía,,Area_Planted,4274.0,ha,Actual,PL3b
b73be959-9075-4b9f-93cb-bb4b04d1d11d,2010,6,Đồng Nai,Provincial,Cultivation,Lúa,,Area_Planted,9728.0,ha,Actual,PL3b
29536d98-ce66-4337-b5da-aef1a7025ae5,2010,6,Đồng Nai,Provincial,Cultivation,Lúa,,Area_Planted,3942.0,ha,Actual,PL3b
093581e7-b105-4dba-989a-692139031c4b,2010,6,Bình Thuận,Provincial,Cultivation,Lúa,,Area_Planted,7617.0,ha,Actual,PL3b
77b1329c-e0c3-475f-9dd5-b9b189cc23eb,2010,6,Bình Thuận,Provincial,Cultivation,Đậu,,Area_Planted,241.0,ha,Actual,PL3b
cb80f150-7070-4ce3-b418-829588497216,2010,6,Bình Thuận,Provincial,Cultivation,Lạc,,Area_Planted,3487.0,ha,Actual,PL3b
551ce295-311a-4346-adc4-c839a46a09bc,2010,6,Bình Thuận,Provincial,Cultivation,Lúa,,Area_Planted,3316.0,ha,Actual,PL3b
ae28cdea-aca6-44ee-a5f1-fc240848b615,2010,6,Bình Thuận,Provincial,Cultivation,Lúa,,Area_Planted,31.0,ha,Actual,PL3b
6705edc0-8cfc-493c-98a8-05c31a5b7476,2010,6,Bình Thuận,Provincial,Cultivation,Mía,,Area_Planted,542.0,ha,Actual,PL3b
921fd373-0615-4648-a81d-b4bff528b266,2010,6,Bình Thuận,Provincial,Cultivation,Lúa,,Area_Planted,2118.0,ha,Actual,PL3b
7152c996-18fd-4682-83eb-acff9f6b3850,2010,6,Bình Thuận,Provincial,Cultivation,Lúa,,Area_Planted,1763.0,ha,Actual,PL3b
0e4f60a7-efa9-4230-a3a3-dd16b37e377f,2010,6,Bà Rịa-V.Tàu,Provincial,Cultivation,Lúa,,Area_Planted,697.0,ha,Actual,PL3b
f498609c-6995-4538-8661-2101ab9f0158,2010,6,Bà Rịa-V.Tàu,Provincial,Cultivation,Đậu,,Area_Planted,11.0,ha,Actual,PL3b
6d4d982f-8f52-4f0d-aa02-f3c78f197507,2010,6,Bà Rịa-V.Tàu,Provincial,Cultivation,Lạc,,Area_Planted,441.0,ha,Actual,PL3b
8874c939-a06d-46e4-81d9-f8b8d00ae7ee,2010,6,Bà Rịa-V.Tàu,Provincial,Cultivation,Lúa,,Area_Planted,101.0,ha,Actual,PL3b
01f4704b-accc-49f1-a483-4ab81baa6305,2010,6,Bà Rịa-V.Tàu,Provincial,Cultivation,Mía,,Area_Planted,144.0,ha,Actual,PL3b
75de0d99-5696-4305-8ff0-b70dcbe6eacc,2010,6,Bà Rịa-V.Tàu,Provincial,Cultivation,Lúa,,Area_Planted,4425.0,ha,Actual,PL3b
8d8a7a99-91aa-4b0e-bfc3-36c6ad25c684,2010,6,Bà Rịa-V.Tàu,Provincial,Cultivation,Lúa,,Area_Planted,481.0,ha,Actual,PL3b
b0139959-68f2-41d6-8df6-7f23613381ab,2010,6,ĐBS Cửu Long,Provincial,Cultivation,Lúa,,Area_Planted,81707.0,ha,Actual,PL3b
b3552d9b-220a-411b-a2a3-cce14d05082f,2010,6,ĐBS Cửu Long,Provincial,Cultivation,Đậu,,Area_Planted,7582.0,ha,Actual,PL3b
d062b046-6804-4579-8f09-269f1222d8bb,2010,6,ĐBS Cửu Long,Provincial,Cultivation,Lạc,,Area_Planted,12357.0,ha,Actual,PL3b
3a371da4-64b6-4860-bdc9-229a881e5b2a,2010,6,ĐBS Cửu Long,Provincial,Cultivation,Lúa,,Area_Planted,10145.0,ha,Actual,PL3b
5f67da5f-70b4-4cfa-9636-85ac2c23ca48,2010,6,ĐBS Cửu Long,Provincial,Cultivation,Lúa,,Area_Planted,162.0,ha,Actual,PL3b
a70978d6-80a6-472d-8b64-794c658472ca,2010,6,ĐBS Cửu Long,Provincial,Cultivation,Mía,,Area_Planted,47640.0,ha,Actual,PL3b
49ec09df-2709-46db-8d40-a25613f8877c,2010,6,ĐBS Cửu Long,Provincial,Cultivation,Lúa,,Area_Planted,0.0,ha,Actual,PL3b
d1c1a9f3-3d91-4b38-8220-1acd2b3b596d,2010,6,ĐBS Cửu Long,Provincial,Cultivation,Lúa,,Area_Planted,3821.0,ha,Actual,PL3b
69f3ce72-e423-4a7f-8d1d-5d85b9493c78,2010,6,ĐBS Cửu Long,Provincial,Cultivation,Lúa,,Area_Planted,109257.0,ha,Actual,PL3b
45d2f364-fc4a-45e2-b908-533182381382,2010,6,ĐBS Cửu Long,Provincial,Cultivation,Lúa,,Area_Planted,4615.0,ha,Actual,PL3b
16b4a2f3-86e7-4927-9435-541beb5bb36b,2010,6,Long An,Provincial,Cultivation,Lúa,,Area_Planted,21859.0,ha,Actual,PL3b
4c29c5fd-7ba2-4b6d-8ed5-94bf45e70c75,2010,6,Long An,Provincial,Cultivation,Lạc,,Area_Planted,4937.0,ha,Actual,PL3b
614c439f-7727-4cea-aebb-370e0e495edd,2010,6,Long An,Provincial,Cultivation,Lúa,,Area_Planted,1275.0,ha,Actual,PL3b
4f888289-48fe-4040-a437-888b7cf6f6a1,2010,6,Long An,Provincial,Cultivation,Lúa,,Area_Planted,122.0,ha,Actual,PL3b
3d8f3699-5211-43b7-8509-468191237fc9,2010,6,Long An,Provincial,Cultivation,Mía,,Area_Planted,12881.0,ha,Actual,PL3b
7cee46de-3cb1-4d6f-8fe3-e7284d57940a,2010,6,Long An,Provincial,Cultivation,Lúa,,Area_Planted,2644.0,ha,Actual,PL3b
3eaf42a2-fc26-43ab-8b02-eb63f6bac84f,2010,6,Long An,Provincial,Cultivation,Lúa,,Area_Planted,13036.0,ha,Actual,PL3b
6c407efa-3b84-402c-979e-59f0f8a7d6d7,2010,6,Đồng Tháp,Provincial,Cultivation,Lúa,,Area_Planted,8994.0,ha,Actual,PL3b
bec51de6-6479-4fe0-8413-a7336b9f1517,2010,6,Đồng Tháp,Provincial,Cultivation,Đậu,,Area_Planted,4928.0,ha,Actual,PL3b
3f1fcf98-9092-48a1-9be7-b172fba69e3c,2010,6,Đồng Tháp,Provincial,Cultivation,Lạc,,Area_Planted,81.0,ha,Actual,PL3b
3eaf78c1-9273-4386-9a15-a80b1f8f574c,2010,6,Đồng Tháp,Provincial,Cultivation,Lúa,,Area_Planted,3761.0,ha,Actual,PL3b
5ea5f7df-addc-43fd-9cc4-a45ad2520115,2010,6,Đồng Tháp,Provincial,Cultivation,Lúa,,Area_Planted,15.0,ha,Actual,PL3b
3a7d30f0-23fc-4403-a848-6f385e36aca9,2010,6,Đồng Tháp,Provincial,Cultivation,Mía,,Area_Planted,124.0,ha,Actual,PL3b
f6173323-a2ca-49a3-ae4e-dd977e16390e,2010,6,Đồng Tháp,Provincial,Cultivation,Lúa,,Area_Planted,85.0,ha,Actual,PL3b
3e298ba7-2b8c-4867-b134-b01d001f2fcf,2010,6,Đồng Tháp,Provincial,Cultivation,Lúa,,Area_Planted,8550.0,ha,Actual,PL3b
6c87ef80-7e73-44a8-a2f8-7e658ccf440d,2010,6,An Giang,Provincial,Cultivation,Lúa,,Area_Planted,1352.0,ha,Actual,PL3b
59db1288-e171-454b-ae6e-567cacd30b1c,2010,6,An Giang,Provincial,Cultivation,Đậu,,Area_Planted,322.0,ha,Actual,PL3b
cada2897-d99b-4561-b5d2-ca11f6724cd2,2010,6,An Giang,Provincial,Cultivation,Lạc,,Area_Planted,175.0,ha,Actual,PL3b
ecae4890-ae0a-4751-b3bb-1882b1521f23,2010,6,An Giang,Provincial,Cultivation,Lúa,,Area_Planted,836.0,ha,Actual,PL3b
ae78ba43-ec54-4d1b-8977-ad7e64940f5e,2010,6,An Giang,Provincial,Cultivation,Lúa,,Area_Planted,1.0,ha,Actual,PL3b
031eeac9-92f5-4693-bda2-72f1176138b7,2010,6,An Giang,Provincial,Cultivation,Mía,,Area_Planted,18.0,ha,Actual,PL3b
701d83fb-c916-4268-b0e5-eeb0d7e7aa52,2010,6,An Giang,Provincial,Cultivation,Lúa,,Area_Planted,7396.0,ha,Actual,PL3b
c25ac022-3b6d-4d04-94fa-27ce395d90dc,2010,6,An Giang,Provincial,Cultivation,Lúa,,Area_Planted,1181.0,ha,Actual,PL3b
2a8a53a8-51f8-48c7-9ea2-a075b8fa8bb0,2010,6,Tiền Giang,Provincial,Cultivation,Lúa,,Area_Planted,218.0,ha,Actual,PL3b
8f6cbd24-3636-47b4-b91f-4db6511dc30f,2010,6,Tiền Giang,Provincial,Cultivation,Mía,,Area_Planted,218.0,ha,Actual,PL3b
7b1d3dc4-cd7c-44a4-b1d7-e56b16dee8b6,2010,6,Tiền Giang,Provincial,Cultivation,Lúa,,Area_Planted,26785.0,ha,Actual,PL3b
d2d6f010-dfbb-4249-a91a-11de69d4776f,2010,6,Vĩnh Long,Provincial,Cultivation,Lúa,,Area_Planted,1941.0,ha,Actual,PL3b
68e61329-338b-4200-bd00-d7ca3c8ce4aa,2010,6,Vĩnh Long,Provincial,Cultivation,Đậu,,Area_Planted,1101.0,ha,Actual,PL3b
73f5622d-1fbf-4bee-b6e8-9d20a19a2599,2010,6,Vĩnh Long,Provincial,Cultivation,Lạc,,Area_Planted,29.0,ha,Actual,PL3b
273d342c-25e1-4e02-97ce-db79db349544,2010,6,Vĩnh Long,Provincial,Cultivation,Lúa,,Area_Planted,205.0,ha,Actual,PL3b
679c8483-9d0b-4a02-80a0-16a32a33565d,2010,6,Vĩnh Long,Provincial,Cultivation,Mía,,Area_Planted,62.0,ha,Actual,PL3b
327ec4ff-989b-4176-a216-f80c4b5af86f,2010,6,Vĩnh Long,Provincial,Cultivation,Lúa,,Area_Planted,544.0,ha,Actual,PL3b
c589942b-c1e0-4afe-894c-ee2aba744395,2010,6,Vĩnh Long,Provincial,Cultivation,Lúa,,Area_Planted,9595.0,ha,Actual,PL3b
fd8a83b2-1830-4432-a5c6-a16e5a4f3660,2010,6,Vĩnh Long,Provincial,Cultivation,Lúa,,Area_Planted,240.0,ha,Actual,PL3b
6e999c2f-e172-4d13-96d6-e92a99ec00c2,2010,6,Bến Tre,Provincial,Cultivation,Lúa,,Area_Planted,6190.0,ha,Actual,PL3b
a686af1f-4653-45f2-a015-6e82803a8c3a,2010,6,Bến Tre,Provincial,Cultivation,Lạc,,Area_Planted,132.0,ha,Actual,PL3b
1c841531-cd13-44f2-9679-af55eabbb4ed,2010,6,Bến Tre,Provincial,Cultivation,Mía,,Area_Planted,5865.0,ha,Actual,PL3b
720dbf34-8d97-42af-9855-9d5f967fd576,2010,6,Bến Tre,Provincial,Cultivation,Lúa,,Area_Planted,193.0,ha,Actual,PL3b
7294658a-c949-4f97-929d-338a91ceb246,2010,6,Bến Tre,Provincial,Cultivation,Lúa,,Area_Planted,2544.0,ha,Actual,PL3b
2894f713-182f-4528-b4b9-d34496e48500,2010,6,Bến Tre,Provincial,Cultivation,Lúa,,Area_Planted,3.0,ha,Actual,PL3b
a9732d9a-06ba-4416-8c2c-b2a8617d1310,2010,6,Kiên Giang,Provincial,Cultivation,Lúa,,Area_Planted,0.0,ha,Actual,PL3b
9d5c1f41-fc71-429d-a58f-4bf2756bf87a,2010,6,Cần Thơ,Provincial,Cultivation,Lúa,,Area_Planted,8395.0,ha,Actual,PL3b
87e9e154-eb0e-49d5-a232-47c6d8441048,2010,6,Cần Thơ,Provincial,Cultivation,Đậu,,Area_Planted,745.0,ha,Actual,PL3b
668e2371-ae83-4303-b188-b63c03a13383,2010,6,Cần Thơ,Provincial,Cultivation,Lạc,,Area_Planted,3558.0,ha,Actual,PL3b
cf7623c9-04d5-4e9c-bcac-e80d461bda2a,2010,6,Cần Thơ,Provincial,Cultivation,Lúa,,Area_Planted,4068.0,ha,Actual,PL3b
428b068d-9de1-4462-912f-76ff7c1e97d4,2010,6,Cần Thơ,Provincial,Cultivation,Lúa,,Area_Planted,24.0,ha,Actual,PL3b
90d9630c-dc55-48fb-afad-a57959d333f0,2010,6,Cần Thơ,Provincial,Cultivation,Lúa,,Area_Planted,4103.0,ha,Actual,PL3b
0402c5bc-90f8-4e71-bfd8-faa394f62ad5,2010,6,Cần Thơ,Provincial,Cultivation,Lúa,,Area_Planted,583.0,ha,Actual,PL3b
6a642762-4c4e-4bc4-a91b-076481cc3f13,2010,6,Hậu Giang,Provincial,Cultivation,Lúa,,Area_Planted,13118.0,ha,Actual,PL3b
c166c4a1-aefa-4c68-94f4-46d83a53328d,2010,6,Hậu Giang,Provincial,Cultivation,Mía,,Area_Planted,13118.0,ha,Actual,PL3b
fb638e7f-bc73-4840-8956-8f9e2d6a3c12,2010,6,Hậu Giang,Provincial,Cultivation,Lúa,,Area_Planted,7756.0,ha,Actual,PL3b
8b685b06-33ed-400f-a71d-4430da6c7ba6,2010,6,Hậu Giang,Provincial,Cultivation,Lúa,,Area_Planted,77.0,ha,Actual,PL3b
368643de-4c63-4434-8eaf-1a3511059c73,2010,6,Trà Vinh,Provincial,Cultivation,Lúa,,Area_Planted,8782.0,ha,Actual,PL3b
71cd51b2-6676-45ce-82ae-6b2f71cedcf1,2010,6,Trà Vinh,Provincial,Cultivation,Đậu,,Area_Planted,224.0,ha,Actual,PL3b
ac448329-aa54-463b-9ee9-c1ddd9c3c77f,2010,6,Trà Vinh,Provincial,Cultivation,Lạc,,Area_Planted,3445.0,ha,Actual,PL3b
7df84993-2ce2-4ab1-8d77-a4b52aabc2d0,2010,6,Trà Vinh,Provincial,Cultivation,Mía,,Area_Planted,4758.0,ha,Actual,PL3b
c056d28c-0adc-4584-82df-6774f1d06686,2010,6,Trà Vinh,Provincial,Cultivation,Lúa,,Area_Planted,355.0,ha,Actual,PL3b
b9c27ffb-8cdf-42e2-a322-d88cd3a77161,2010,6,Trà Vinh,Provincial,Cultivation,Lúa,,Area_Planted,14649.0,ha,Actual,PL3b
bcf4ac5b-6adc-4c41-b99c-c279d06556f7,2010,6,Trà Vinh,Provincial,Cultivation,Lúa,,Area_Planted,765.0,ha,Actual,PL3b
5c23be0c-5d02-426f-965d-1a11d4bc62b6,2010,6,Sóc Trăng,Provincial,Cultivation,Lúa,,Area_Planted,10727.0,ha,Actual,PL3b
132e9f93-5cdb-4b18-929d-1021774dcb4c,2010,6,Sóc Trăng,Provincial,Cultivation,Đậu,,Area_Planted,131.0,ha,Actual,PL3b
25092f89-8479-43ce-8f14-f7f752134aee,2010,6,Sóc Trăng,Provincial,Cultivation,Mía,,Area_Planted,10596.0,ha,Actual,PL3b
f4ca0092-6235-4918-82c3-ed77f3d8f7b4,2010,6,Sóc Trăng,Provincial,Cultivation,Lúa,,Area_Planted,14843.0,ha,Actual,PL3b
b680da53-119d-4ca3-9f2b-d22ca9ea0116,2010,6,Sóc Trăng,Provincial,Cultivation,Lúa,,Area_Planted,1766.0,ha,Actual,PL3b
93efafc3-2ad5-4956-b5eb-d6a335eab07c,2010,6,Bạc Liêu,Provincial,Cultivation,Lúa,,Area_Planted,131.0,ha,Actual,PL3b
6d902a8d-52e5-4de1-a4f1-706fd57fec29,2010,6,Bạc Liêu,Provincial,Cultivation,Đậu,,Area_Planted,131.0,ha,Actual,PL3b
70e8c53c-82a1-4510-9786-e3e18e2ad7fd,2010,1,Cả nước,National,Trade,"1. Nông sản chính,trong đó:",Xuất khẩu,Export_Value,800.0,million_USD,Actual,PL8
37aae5c4-e202-4fd6-ba20-73c4b7d6c843,2010,1,Cả nước,National,Trade,Cà phê,Xuất khẩu,Export_Volume,100.0,1000_ton,Actual,PL8
e346fbcd-25b8-4cde-a704-3950f812902a,2010,1,Cả nước,National,Trade,Cà phê,Xuất khẩu,Export_Value,140.0,million_USD,Actual,PL8
42d6e145-5ce9-4c2c-ab9a-f8a455726636,2010,1,Cả nước,National,Trade,Cao su,Xuất khẩu,Export_Volume,25.0,1000_ton,Actual,PL8
e2010045-895f-4406-b496-801323320a90,2010,1,Cả nước,National,Trade,Cao su,Xuất khẩu,Export_Value,70.0,million_USD,Actual,PL8
3a26293d-8b33-4646-bee5-f62dac3295a3,2010,1,Cả nước,National,Trade,Gạo,Xuất khẩu,Export_Volume,720.0,1000_ton,Actual,PL8
030e5171-192a-4c6f-901a-5a8f2d74dfa9,2010,1,Cả nước,National,Trade,Gạo,Xuất khẩu,Export_Value,370.0,million_USD,Actual,PL8
585ea4df-6992-4d92-8da4-f68d40929f44,2010,1,Cả nước,National,Trade,Chè,Xuất khẩu,Export_Volume,8.0,1000_ton,Actual,PL8
053a53b6-8d96-40cc-85d8-e70a0989f2b5,2010,1,Cả nước,National,Trade,Chè,Xuất khẩu,Export_Value,10.0,million_USD,Actual,PL8
04955428-458d-418b-99cf-0eb97be4f77c,2010,1,Cả nước,National,Trade,Hạt điều,Xuất khẩu,Export_Volume,15.0,1000_ton,Actual,PL8
d40c9db1-b008-4466-8c06-1ffd3eec01d6,2010,1,Cả nước,National,Trade,Hạt điều,Xuất khẩu,Export_Value,80.0,million_USD,Actual,PL8
0968d84c-134f-41f8-bd19-7fca6144b30f,2010,1,Cả nước,National,Trade,Hạt tiêu,Xuất khẩu,Export_Volume,15.0,1000_ton,Actual,PL8
d2092616-e60f-47f2-9e0e-4dc85164fd6c,2010,1,Cả nước,National,Trade,Hạt tiêu,Xuất khẩu,Export_Value,50.0,million_USD,Actual,PL8
fccb495c-cb72-4ac4-84bc-aaa7ea8343a6,2010,1,Cả nước,National,Trade,Hàng rau quả,Xuất khẩu,Export_Value,40.0,million_USD,Actual,PL8
dfc1e029-c080-4a85-844c-7c9f96e2cd73,2010,1,Cả nước,National,Trade,Sắn và sản phẩm từ sắn,Xuất khẩu,Export_Volume,150.0,1000_ton,Actual,PL8
83b4c3b2-9455-47d0-b6c3-35cefa9bc0c9,2010,1,Cả nước,National,Trade,Sắn và sản phẩm từ sắn,Xuất khẩu,Export_Value,40.0,million_USD,Actual,PL8
b0a85375-5dd1-46fc-810d-8165b71ed5a8,2010,1,Cả nước,National,Trade,2. Thuỷ sản,Xuất khẩu,Export_Value,370.0,million_USD,Actual,PL8
e5f59cb4-34c8-447e-8722-20f9eb2bf008,2010,1,Cả nước,National,Trade,"3. Lâm sản chính,trong đó:",Xuất khẩu,Export_Value,2602.0,million_USD,Actual,PL8
5353bc4a-0ed0-4869-a19f-23d98123c1b6,2010,1,Cả nước,National,Trade,Gỗ & sản phẩm gỗ,Xuất khẩu,Export_Value,240.0,million_USD,Actual,PL8
e445b1b8-3f97-4901-9f74-6e5c05f263c4,2010,1,Cả nước,National,Trade,"SP mây, tre, cói, thảm",Xuất khẩu,Export_Value,18.0,million_USD,Actual,PL8
ba1c0f45-6926-42df-a38c-6641bc9bd413,2010,1,Cả nước,National,Trade,Các mặt hàng nông lâm sản khác,Xuất khẩu,Export_Value,70.0,million_USD,Actual,PL8
a7fe0c44-453c-44bf-b2bc-a184ff850127,2010,1,Cả nước,National,Trade,Các mặt hàng nhập khẩu chính,Xuất khẩu,Export_Value,668.0,million_USD,Actual,PL8
2bf3aab9-e5fa-491f-a65a-c2541fd1e3b8,2010,1,Cả nước,National,Trade,Phân bón các loại,Xuất khẩu,Export_Volume,150.0,1000_ton,Actual,PL8
afdbe86f-6289-415c-b1e4-8f8b78d09549,2010,1,Cả nước,National,Trade,Phân bón các loại,Xuất khẩu,Export_Value,47.0,million_USD,Actual,PL8
ef95bde0-baa8-4c07-8799-cd9e12e47c8f,2010,1,Cả nước,National,Trade,- U RE,Xuất khẩu,Export_Volume,15.0,1000_ton,Actual,PL8
4c995fe3-f30b-4a83-bd0b-bdfba0aa3d05,2010,1,Cả nước,National,Trade,- U RE,Xuất khẩu,Export_Value,3.0,million_USD,Actual,PL8
03862d3c-4ced-4a86-8aa1-f5530e4cf6d1,2010,1,Cả nước,National,Trade,- S A,Xuất khẩu,Export_Volume,35.0,1000_ton,Actual,PL8
46513675-554c-4acb-b9ac-71e17356f51c,2010,1,Cả nước,National,Trade,- S A,Xuất khẩu,Export_Value,5.0,million_USD,Actual,PL8
77d40ed3-353c-425d-ab0c-48e36573bcbe,2010,1,Cả nước,National,Trade,- D A P,Xuất khẩu,Export_Volume,10.0,1000_ton,Actual,PL8
7efd8451-d061-4d48-bf76-2dd2298f12c1,2010,1,Cả nước,National,Trade,- D A P,Xuất khẩu,Export_Value,4.0,million_USD,Actual,PL8
8c7a7157-beb3-42b8-af6f-d6b252a69a99,2010,1,Cả nước,National,Trade,- N P K,Xuất khẩu,Export_Volume,10.0,1000_ton,Actual,PL8
0a2b06d1-496c-4f83-a9cd-5bad729ee28c,2010,1,Cả nước,National,Trade,- N P K,Xuất khẩu,Export_Value,4.0,million_USD,Actual,PL8
feeadec2-a3f1-4da4-8d5b-e5d97c344168,2010,1,Cả nước,National,Trade,- Các loại phân bón khác,Xuất khẩu,Export_Volume,80.0,1000_ton,Actual,PL8
b12bcab3-4f21-45af-a5fe-bd330884ca08,2010,1,Cả nước,National,Trade,- Các loại phân bón khác,Xuất khẩu,Export_Value,31.0,million_USD,Actual,PL8
458f5e2d-7f67-47d6-aeaa-819772aa79b4,2010,1,Cả nước,National,Trade,Thuốc trừ sâu & nguyên liệu,Xuất khẩu,Export_Value,50.0,million_USD,Actual,PL8
80401dbf-f469-4b31-bb97-fe79e28dfa35,2010,1,Cả nước,National,Trade,Lúa mỳ,Xuất khẩu,Export_Volume,200.0,1000_ton,Actual,PL8
4941c530-0799-4fe8-951e-a758ff8c4fc0,2010,1,Cả nước,National,Trade,Lúa mỳ,Xuất khẩu,Export_Value,49.0,million_USD,Actual,PL8
2ab4fa6e-c375-4b6e-a293-c9343948f6b0,2010,1,Cả nước,National,Trade,Thức ăn gia súc và nguyên liệu,Xuất khẩu,Export_Value,160.0,million_USD,Actual,PL8
c6587e31-74b2-486e-a468-22ba30bb688a,2010,1,Cả nước,National,Trade,"Dầu mỡ động, thực vật",Xuất khẩu,Export_Value,50.0,million_USD,Actual,PL8
3aeca6ac-89a6-41f0-9c27-22b4e3c1d9b0,2010,1,Cả nước,National,Trade,Cao su,Xuất khẩu,Export_Volume,20.0,1000_ton,Actual,PL8
2e0a5184-eb6e-478b-833e-5b89084dae4f,2010,1,Cả nước,National,Trade,Cao su,Xuất khẩu,Export_Value,41.0,million_USD,Actual,PL8
82282fdc-4d16-42da-98bf-58c5af893f46,2010,1,Cả nước,National,Trade,Bông các loại,Xuất khẩu,Export_Volume,35.0,1000_ton,Actual,PL8
6a315ea5-0762-4644-9ed7-25e0191ccc81,2010,1,Cả nước,National,Trade,Bông các loại,Xuất khẩu,Export_Value,60.0,million_USD,Actual,PL8
395ada36-384f-4113-99ff-cc25d2fa2c5c,2010,1,Cả nước,National,Trade,Sữa &sản phẩm sữa,Xuất khẩu,Export_Value,70.0,million_USD,Actual,PL8
d985cbd3-a3ed-4330-b19f-f29440db1997,2010,1,Cả nước,National,Trade,Gỗ & sản phẩm gỗ,Xuất khẩu,Export_Value,90.0,million_USD,Actual,PL8
6bd78b99-9664-44e7-86cc-3810e75be08a,2010,1,Cả nước,National,Trade,Muối,Xuất khẩu,Export_Value,1.0,million_USD,Actual,PL8
840cbcf8-8d98-4ffb-86e9-1d69a9ec6a28,2010,1,Cả nước,National,Trade,Hàng thủy sản,Xuất khẩu,Export_Value,25.0,million_USD,Actual,PL8
01ba8439-84af-4d1b-a7b4-47d245541c90,2010,1,Cả nước,National,Trade,Hàng rau quả,Xuất khẩu,Export_Value,25.0,million_USD,Actual,PL8
f5e4481b-0457-402b-8aeb-9302a75d36a4,2010,6,Cả nước,National,Investment,Cà phê,,Investment_Amount,659386.0,million_VND,Plan,PL9a
b3c7f06c-eff4-4dfe-9ce1-3758a1ea76fd,2010,6,Cả nước,National,Investment,Cà phê,,Investment_Amount,785139.0,million_VND,Cumulative,PL9a
8bce18eb-4191-4fe4-898b-9b4f5c1bab6a,2010,6,Cả nước,National,Investment,ĐỨC,,Investment_Amount,70418.0,million_VND,Plan,PL9a
40d0bfea-7f02-46ba-bb51-e78a539aaa45,2010,6,Cả nước,National,Investment,ĐỨC,,Investment_Amount,103517.0,million_VND,Cumulative,PL9a
739433e8-86be-47ae-af50-3adb3c36b3e7,2010,6,Cả nước,National,Investment,HOA KỲ,,Investment_Amount,68293.0,million_VND,Plan,PL9a
cd1c4aeb-767e-46be-8f0a-00e1970c95ff,2010,6,Cả nước,National,Investment,HOA KỲ,,Investment_Amount,100187.0,million_VND,Cumulative,PL9a
c07ec97f-2836-4952-bc43-1fc95e466494,2010,6,Cả nước,National,Investment,TÂY BAN NHA,,Investment_Amount,39458.0,million_VND,Plan,PL9a
2c80c7a4-ca49-430c-a4d8-d7b0f66fb761,2010,6,Cả nước,National,Investment,TÂY BAN NHA,,Investment_Amount,51530.0,million_VND,Cumulative,PL9a
591b7e53-f7fa-457c-80a4-9e196cd5dd32,2010,6,Cả nước,National,Investment,ITALIA,,Investment_Amount,62144.0,million_VND,Plan,PL9a
0f49ea1a-4aaa-4c8d-8924-327b4531b640,2010,6,Cả nước,National,Investment,ITALIA,,Investment_Amount,49003.0,million_VND,Cumulative,PL9a
1453bab0-fa97-4683-a357-05f03196f5e1,2010,6,Cả nước,National,Investment,NHẬT BẢN,,Investment_Amount,30455.0,million_VND,Plan,PL9a
ac77f820-0c8a-4958-bbed-757e3399780d,2010,6,Cả nước,National,Investment,NHẬT BẢN,,Investment_Amount,41800.0,million_VND,Cumulative,PL9a
8c729c89-2c75-483d-94fa-69e849a47c27,2010,6,Cả nước,National,Investment,BỈ,,Investment_Amount,105105.0,million_VND,Plan,PL9a
ceedeccc-9eb9-43f9-b7f6-d038fe486552,2010,6,Cả nước,National,Investment,BỈ,,Investment_Amount,30070.0,million_VND,Cumulative,PL9a
a8525ba6-d7bd-48af-95ec-561ed26b892d,2010,6,Cả nước,National,Investment,NGA,,Investment_Amount,9056.0,million_VND,Plan,PL9a
06072028-4d72-4bbd-b152-d915faf05b99,2010,6,Cả nước,National,Investment,NGA,,Investment_Amount,24003.0,million_VND,Cumulative,PL9a
c3651040-a856-4877-9180-c0e6734af7f4,2010,6,Cả nước,National,Investment,ANH,,Investment_Amount,15105.0,million_VND,Plan,PL9a
89367de9-c155-4039-aa3b-3b3b70f71b2a,2010,6,Cả nước,National,Investment,ANH,,Investment_Amount,22037.0,million_VND,Cumulative,PL9a
0adc1d44-0583-43ea-a291-33a1496e261a,2010,6,Cả nước,National,Investment,MALAIXIA,,Investment_Amount,8246.0,million_VND,Plan,PL9a
6bb13600-0834-43fb-88d6-6e0da9aaccac,2010,6,Cả nước,National,Investment,MALAIXIA,,Investment_Amount,17290.0,million_VND,Cumulative,PL9a
deb0df80-d56b-43f1-966c-0ec273e6f0f4,2010,6,Cả nước,National,Investment,HÀN QUỐC,,Investment_Amount,16538.0,million_VND,Plan,PL9a
24e144bd-a1d2-472e-8306-42b65b141fb8,2010,6,Cả nước,National,Investment,HÀN QUỐC,,Investment_Amount,17215.0,million_VND,Cumulative,PL9a
0dfc47df-9773-41d8-8215-dce66e457b92,2010,6,Cả nước,National,Investment,Cao su,,Investment_Amount,183905.0,million_VND,Plan,PL9a
e6b92686-be97-462b-adb9-da13af368609,2010,6,Cả nước,National,Investment,Cao su,,Investment_Amount,494857.0,million_VND,Cumulative,PL9a
db1db9e0-7b63-487c-bae0-a5a3b7ef23a7,2010,6,Cả nước,National,Investment,TRUNG QUỐC,,Investment_Amount,129639.0,million_VND,Plan,PL9a
0544b843-6ddf-4330-ba20-8764de9c6bbc,2010,6,Cả nước,National,Investment,TRUNG QUỐC,,Investment_Amount,314947.0,million_VND,Cumulative,PL9a
52e134a5-19d5-4229-9015-2ff2d08f7777,2010,6,Cả nước,National,Investment,HÀN QUỐC,,Investment_Amount,8985.0,million_VND,Plan,PL9a
883d035c-c327-46d0-8854-3902a33d3a9b,2010,6,Cả nước,National,Investment,HÀN QUỐC,,Investment_Amount,24810.0,million_VND,Cumulative,PL9a
d32f389e-3dc8-4f01-8bb2-7311b95908bf,2010,6,Cả nước,National,Investment,NGA,,Investment_Amount,2303.0,million_VND,Plan,PL9a
dd748434-6674-4fa2-a692-27ad6847e5dc,2010,6,Cả nước,National,Investment,NGA,,Investment_Amount,21333.0,million_VND,Cumulative,PL9a
b48e63c0-e466-4d12-bb52-a47aa41d3ca6,2010,6,Cả nước,National,Investment,ĐÀI LOAN,,Investment_Amount,5366.0,million_VND,Plan,PL9a
491d5f5d-25f8-4452-a373-36e123bdaa2e,2010,6,Cả nước,National,Investment,ĐÀI LOAN,,Investment_Amount,20837.0,million_VND,Cumulative,PL9a
fef0a1f2-fa7d-4177-85cc-0d0ca56ac4c2,2010,6,Cả nước,National,Investment,ĐỨC,,Investment_Amount,4747.0,million_VND,Plan,PL9a
4583085b-959a-4b0c-b956-5660adeaaa56,2010,6,Cả nước,National,Investment,ĐỨC,,Investment_Amount,16767.0,million_VND,Cumulative,PL9a
fa23bfbe-75ed-4356-8d2e-373d020cf4c2,2010,6,Cả nước,National,Investment,MALAIXIA,,Investment_Amount,6247.0,million_VND,Plan,PL9a
a653ac12-f072-49df-bc30-9d83cb46f721,2010,6,Cả nước,National,Investment,MALAIXIA,,Investment_Amount,14416.0,million_VND,Cumulative,PL9a
9178c49e-2b2f-497e-b45a-c881b1236114,2010,6,Cả nước,National,Investment,HOA KỲ,,Investment_Amount,4104.0,million_VND,Plan,PL9a
8cad0a75-d6d2-42cc-9cbf-c72e6b7f54fd,2010,6,Cả nước,National,Investment,HOA KỲ,,Investment_Amount,11336.0,million_VND,Cumulative,PL9a
63200b80-822a-4e0d-9f4a-78aef3e9ec2e,2010,6,Cả nước,National,Investment,NHẬT BẢN,,Investment_Amount,3019.0,million_VND,Plan,PL9a
ac4bf099-567f-48bb-8b51-3e6c9d725cff,2010,6,Cả nước,National,Investment,NHẬT BẢN,,Investment_Amount,10234.0,million_VND,Cumulative,PL9a
4459c2d9-497a-4785-8646-d1721a671a0b,2010,6,Cả nước,National,Investment,ẤN ĐỘ,,Investment_Amount,648.0,million_VND,Plan,PL9a
73b23c58-d7c4-4f9e-aa5c-5ae481d3c7b7,2010,6,Cả nước,National,Investment,ẤN ĐỘ,,Investment_Amount,9517.0,million_VND,Cumulative,PL9a
3c7dd586-dd43-4b43-826b-2c5b1e19a6a4,2010,6,Cả nước,National,Investment,THỔ NHĨ KỲ,,Investment_Amount,2550.0,million_VND,Plan,PL9a
ad8bdf5f-4e15-4ebf-9c07-83502818e575,2010,6,Cả nước,National,Investment,THỔ NHĨ KỲ,,Investment_Amount,9476.0,million_VND,Cumulative,PL9a
5f445454-e6cd-479b-9723-094e06c95dba,2010,6,Cả nước,National,Investment,Chè,,Investment_Amount,40862.0,million_VND,Plan,PL9a
261c31e4-9c70-4b28-be9f-fb6bfed1d562,2010,6,Cả nước,National,Investment,Chè,,Investment_Amount,59604.0,million_VND,Cumulative,PL9a
0d33ddc1-4abd-496e-8aec-02ab3428d42e,2010,6,Cả nước,National,Investment,NGA,,Investment_Amount,7100.0,million_VND,Plan,PL9a
56629679-d597-4057-919d-82ee7abcf6ee,2010,6,Cả nước,National,Investment,NGA,,Investment_Amount,10194.0,million_VND,Cumulative,PL9a
cd5a4d35-0f6c-4908-bdd7-03479d88391c,2010,6,Cả nước,National,Investment,ĐÀI LOAN,,Investment_Amount,5915.0,million_VND,Plan,PL9a
5e9be8db-3f22-4d87-91fb-cef5e835e1e4,2010,6,Cả nước,National,Investment,ĐÀI LOAN,,Investment_Amount,7918.0,million_VND,Cumulative,PL9a
cd8f5001-7a79-49ae-a205-1d375f82ee1d,2010,6,Cả nước,National,Investment,PAKIXTAN,,Investment_Amount,10299.0,million_VND,Plan,PL9a
a26201f0-7c2a-4032-8629-6a65a5f4dc37,2010,6,Cả nước,National,Investment,PAKIXTAN,,Investment_Amount,7818.0,million_VND,Cumulative,PL9a
e5e137a7-323d-4086-9c80-31e40fa6e565,2010,6,Cả nước,National,Investment,TRUNG QUỐC,,Investment_Amount,2423.0,million_VND,Plan,PL9a
b0cc814c-b831-488e-a161-4fc5062054cb,2010,6,Cả nước,National,Investment,TRUNG QUỐC,,Investment_Amount,4051.0,million_VND,Cumulative,PL9a
2449a17f-c180-4918-9a13-f63b79cd5071,2010,6,Cả nước,National,Investment,ẤN ĐỘ,,Investment_Amount,1629.0,million_VND,Plan,PL9a
567bc0e1-41d6-434a-a100-73c153ea5d4e,2010,6,Cả nước,National,Investment,ẤN ĐỘ,,Investment_Amount,2471.0,million_VND,Cumulative,PL9a
2606e275-65de-40f1-a70f-fa474d2465c8,2010,6,Cả nước,National,Investment,TIỂU VQ ARẬP THỐNG NHẤT,,Investment_Amount,213.0,million_VND,Plan,PL9a
b16d3060-9de3-4e5a-997b-4509d3d25abf,2010,6,Cả nước,National,Investment,TIỂU VQ ARẬP THỐNG NHẤT,,Investment_Amount,2457.0,million_VND,Cumulative,PL9a
41d8907d-e72f-4967-acdd-a19e88f0ef85,2010,6,Cả nước,National,Investment,INĐÔNÊXIA,,Investment_Amount,1693.0,million_VND,Plan,PL9a
dc883bdb-a8a7-46c3-8175-1bccbe714972,2010,6,Cả nước,National,Investment,INĐÔNÊXIA,,Investment_Amount,2359.0,million_VND,Cumulative,PL9a
11879180-3f33-46f5-8659-79c84ac8915b,2010,6,Cả nước,National,Investment,HOA KỲ,,Investment_Amount,1471.0,million_VND,Plan,PL9a
c9251808-e1a2-461a-a175-6cd7681bef93,2010,6,Cả nước,National,Investment,HOA KỲ,,Investment_Amount,2201.0,million_VND,Cumulative,PL9a
d44a0a07-1dec-4cf1-94fc-8027026761dd,2010,6,Cả nước,National,Investment,ĐỨC,,Investment_Amount,807.0,million_VND,Plan,PL9a
0228cca6-a9c5-4400-9ebe-fcbb3abe7bd8,2010,6,Cả nước,National,Investment,ĐỨC,,Investment_Amount,1971.0,million_VND,Cumulative,PL9a
b558d2fa-38dd-4dc7-a6f7-680ddb166514,2010,6,Cả nước,National,Investment,BALAN,,Investment_Amount,546.0,million_VND,Plan,PL9a
915ef809-7d4c-4258-b66d-3d3198101c7b,2010,6,Cả nước,National,Investment,BALAN,,Investment_Amount,1546.0,million_VND,Cumulative,PL9a
14a12b3c-5978-4bcd-aac3-521e5f05fab9,2010,6,Cả nước,National,Investment,Gạo,,Investment_Amount,3150109.0,million_VND,Plan,PL9a
96446566-e6ad-4b37-b9fe-50c480cea14e,2010,6,Cả nước,National,Investment,Gạo,,Investment_Amount,1499686.0,million_VND,Cumulative,PL9a
335900e1-822e-40b0-975a-7ebd4c3448ff,2010,6,Cả nước,National,Investment,PHILIPPIN,,Investment_Amount,1383609.0,million_VND,Plan,PL9a
cc02bd5d-ac94-4013-a5b1-6b7ee0cce020,2010,6,Cả nước,National,Investment,PHILIPPIN,,Investment_Amount,759024.0,million_VND,Cumulative,PL9a
9ca8d084-15da-4a92-bc4c-b86d03231d28,2010,6,Cả nước,National,Investment,XINH GA PO,,Investment_Amount,119285.0,million_VND,Plan,PL9a
4b405619-6d45-430a-ae88-002ddef0fca7,2010,6,Cả nước,National,Investment,XINH GA PO,,Investment_Amount,108037.0,million_VND,Cumulative,PL9a
ef2c2bf3-a4b8-4930-9964-e355af2f1af3,2010,6,Cả nước,National,Investment,ĐÀI LOAN,,Investment_Amount,58217.0,million_VND,Plan,PL9a
d2592c43-274e-4c68-881b-bac51b1088fc,2010,6,Cả nước,National,Investment,ĐÀI LOAN,,Investment_Amount,91547.0,million_VND,Cumulative,PL9a
49bcd786-aaf0-46bb-ab7e-c25ca16d3e65,2010,6,Cả nước,National,Investment,MALAIXIA,,Investment_Amount,295560.0,million_VND,Plan,PL9a
2cb09ea3-ceca-4b87-aa58-f783154b9a1e,2010,6,Cả nước,National,Investment,MALAIXIA,,Investment_Amount,79512.0,million_VND,Cumulative,PL9a
f32ae4a0-3009-4790-8991-06dc287d419d,2010,6,Cả nước,National,Investment,CU BA,,Investment_Amount,211650.0,million_VND,Plan,PL9a
97ec8e62-68e1-4ff4-8bea-68a4da9ae048,2010,6,Cả nước,National,Investment,CU BA,,Investment_Amount,66069.0,million_VND,Cumulative,PL9a
8a5e3d9f-946a-4513-9301-69ba28da68e3,2010,6,Cả nước,National,Investment,HỒNG KÔNG,,Investment_Amount,10726.0,million_VND,Plan,PL9a
685250e9-79ad-48e9-8c62-b67647c24e6a,2010,6,Cả nước,National,Investment,HỒNG KÔNG,,Investment_Amount,25172.0,million_VND,Cumulative,PL9a
6b0e9fe8-6ea6-4f28-bef7-4ce5b53d0dab,2010,6,Cả nước,National,Investment,NGA,,Investment_Amount,41421.0,million_VND,Plan,PL9a
87f93816-3e9e-4d41-8e97-908e9902862c,2010,6,Cả nước,National,Investment,NGA,,Investment_Amount,13192.0,million_VND,Cumulative,PL9a
6970ffa6-4f54-423e-8176-71fd957fbb51,2010,6,Cả nước,National,Investment,INĐÔNÊXIA,,Investment_Amount,17000.0,million_VND,Plan,PL9a
094b352d-2399-42b9-adba-53a3b5eae738,2010,6,Cả nước,National,Investment,INĐÔNÊXIA,,Investment_Amount,10340.0,million_VND,Cumulative,PL9a
f842efad-4ab1-438f-8354-26a28e578c01,2010,6,Cả nước,National,Investment,NAM PHI,,Investment_Amount,30073.0,million_VND,Plan,PL9a
5e9965aa-8af5-4f92-b81b-fddb70c9d5fe,2010,6,Cả nước,National,Investment,NAM PHI,,Investment_Amount,4867.0,million_VND,Cumulative,PL9a
cc622646-b6b4-4c4f-a631-3533331acba3,2010,6,Cả nước,National,Investment,UCRAINA,,Investment_Amount,22041.0,million_VND,Plan,PL9a
83332988-8eaf-4f27-a3f6-7201e18b6072,2010,6,Cả nước,National,Investment,UCRAINA,,Investment_Amount,3786.0,million_VND,Cumulative,PL9a
17179d48-9e48-4c0b-b620-93ad540e92de,2010,6,Cả nước,National,Investment,Gỗ & sản phẩm gỗ,,Investment_Amount,1243873.0,million_VND,Cumulative,PL9a
f1048789-6148-40c5-a3cd-1e239a1b8d7f,2010,6,Cả nước,National,Investment,HOA KỲ,,Investment_Amount,495362.0,million_VND,Cumulative,PL9a
bd813ed9-8d31-4dc4-9ae6-7c700b611668,2010,6,Cả nước,National,Investment,NHẬT BẢN,,Investment_Amount,155037.0,million_VND,Cumulative,PL9a
fc155b41-87de-4259-b482-e39551cabe47,2010,6,Cả nước,National,Investment,TRUNG QUỐC,,Investment_Amount,119447.0,million_VND,Cumulative,PL9a
f2a95d1c-537a-4811-8d46-7cb9783bbf6c,2010,6,Cả nước,National,Investment,ANH,,Investment_Amount,80265.0,million_VND,Cumulative,PL9a
a7695b27-d2b8-48b5-822f-2406f8ad8b75,2010,6,Cả nước,National,Investment,ĐỨC,,Investment_Amount,50268.0,million_VND,Cumulative,PL9a
488b8e26-efe0-46b4-902d-e795ab0e85f4,2010,6,Cả nước,National,Investment,HÀN QUỐC,,Investment_Amount,50122.0,million_VND,Cumulative,PL9a
53c404e9-f268-4e66-8cb3-0a02989250fc,2010,6,Cả nước,National,Investment,PHÁP,,Investment_Amount,35094.0,million_VND,Cumulative,PL9a
c18f18ec-4e14-48cf-ab59-b2dbd761b1dd,2010,6,Cả nước,National,Investment,CANAĐA,,Investment_Amount,30628.0,million_VND,Cumulative,PL9a
509af759-1e4c-40c7-8a41-961a4b52ac65,2010,6,Cả nước,National,Investment,HÀ LAN,,Investment_Amount,28686.0,million_VND,Cumulative,PL9a
f0dbd0be-5ee1-483a-a645-420e54146bf2,2010,6,Cả nước,National,Investment,ÔXTRÂYLIA,,Investment_Amount,24964.0,million_VND,Cumulative,PL9a
cd24bb4a-e1e1-450a-a6cb-99ca44d0d435,2010,6,Cả nước,National,Investment,Bông các loại,,Investment_Amount,83194.0,million_VND,Plan,PL9b
d85c4c33-b6d4-4ddd-bb1b-61e787420b31,2010,6,Cả nước,National,Investment,Bông các loại,,Investment_Amount,263283.0,million_VND,Cumulative,PL9b
934caee5-7c67-400f-ad94-2f8537abb023,2010,6,Cả nước,National,Investment,HOA KỲ,,Investment_Amount,51606.0,million_VND,Plan,PL9b
496a323c-cf6b-4ac8-8a05-c8da6373feb0,2010,6,Cả nước,National,Investment,HOA KỲ,,Investment_Amount,81594.0,million_VND,Cumulative,PL9b
62615479-9131-4766-9c68-ffb8b3b2bcaf,2010,6,Cả nước,National,Investment,ẤN ĐỘ,,Investment_Amount,1804.0,million_VND,Plan,PL9b
a3de69f2-f22a-4728-a149-548d7054924e,2010,6,Cả nước,National,Investment,ẤN ĐỘ,,Investment_Amount,74012.0,million_VND,Cumulative,PL9b
7358fdc4-ec26-4802-b7aa-893ce7114749,2010,6,Cả nước,National,Investment,BRAXIN,,Investment_Amount,4434.0,million_VND,Plan,PL9b
8fd12717-8e2e-4aba-9b43-9608b33fbb39,2010,6,Cả nước,National,Investment,BRAXIN,,Investment_Amount,8422.0,million_VND,Cumulative,PL9b
d6c85d02-a449-4444-b8bf-2126430f5b24,2010,6,Cả nước,National,Investment,THỤY SỸ,,Investment_Amount,470.0,million_VND,Plan,PL9b
50287e9a-0801-4d89-ad93-c18dc475c199,2010,6,Cả nước,National,Investment,THỤY SỸ,,Investment_Amount,1197.0,million_VND,Cumulative,PL9b
19eef6bd-91a7-480e-be45-9079d14e1ccd,2010,6,Cả nước,National,Investment,XINH GA PO,,Investment_Amount,901.0,million_VND,Cumulative,PL9b
743b847f-df0d-4e00-a5be-b6e81e839a9e,2010,6,Cả nước,National,Investment,TRUNG QUỐC,,Investment_Amount,1174.0,million_VND,Plan,PL9b
55a9d95a-8f2f-4b74-9cde-c9b5d6805123,2010,6,Cả nước,National,Investment,TRUNG QUỐC,,Investment_Amount,642.0,million_VND,Cumulative,PL9b
036213c6-12f0-4ac2-a924-e8b50f0a9db0,2010,6,Cả nước,National,Investment,INĐÔNÊXIA,,Investment_Amount,2409.0,million_VND,Plan,PL9b
9a23ab49-6851-4b01-a4a0-ccac32d6424d,2010,6,Cả nước,National,Investment,INĐÔNÊXIA,,Investment_Amount,409.0,million_VND,Cumulative,PL9b
120483c9-1833-489d-9812-d8c8b21763c1,2010,6,Cả nước,National,Investment,HÀN QUỐC,,Investment_Amount,236.0,million_VND,Plan,PL9b
d4615e2f-597e-4635-a294-293edade835c,2010,6,Cả nước,National,Investment,HÀN QUỐC,,Investment_Amount,400.0,million_VND,Cumulative,PL9b
1c810bf4-8f15-42bb-bbe8-bcf4654a34ec,2010,6,Cả nước,National,Investment,ITALIA,,Investment_Amount,663.0,million_VND,Plan,PL9b
c4353b2e-1b4b-468c-bab4-c4aa73193cd7,2010,6,Cả nước,National,Investment,ITALIA,,Investment_Amount,183.0,million_VND,Cumulative,PL9b
cb9a6c42-fedb-4af8-9485-fa15fe6c9892,2010,6,Cả nước,National,Investment,ĐÀI LOAN,,Investment_Amount,564.0,million_VND,Plan,PL9b
525837c9-b002-4b99-85c8-467c65f0d939,2010,6,Cả nước,National,Investment,ĐÀI LOAN,,Investment_Amount,149.0,million_VND,Cumulative,PL9b
26a67cb3-7a37-4683-8fda-70da51a9c999,2010,6,Cả nước,National,Investment,Cao su,,Investment_Amount,97889.0,million_VND,Plan,PL9b
2f59502a-5a77-438d-8df9-f5ca37714f40,2010,6,Cả nước,National,Investment,Cao su,,Investment_Amount,246437.0,million_VND,Cumulative,PL9b
94f264de-be49-4520-9ab6-728d11dafa0d,2010,6,Cả nước,National,Investment,THÁI LAN,,Investment_Amount,28594.0,million_VND,Plan,PL9b
fadfa670-919c-416b-b66c-966ecce19739,2010,6,Cả nước,National,Investment,THÁI LAN,,Investment_Amount,41721.0,million_VND,Cumulative,PL9b
46e6cbbd-c097-4b3a-b2e4-edbc921733e7,2010,6,Cả nước,National,Investment,HÀN QUỐC,,Investment_Amount,16856.0,million_VND,Plan,PL9b
6cc87b66-49be-4e15-96d3-374117731c18,2010,6,Cả nước,National,Investment,HÀN QUỐC,,Investment_Amount,38411.0,million_VND,Cumulative,PL9b
9c216ed8-41d1-4cc7-afc7-e7c3f01aee22,2010,6,Cả nước,National,Investment,CAMPUCHIA,,Investment_Amount,14631.0,million_VND,Plan,PL9b
a0e5da89-56ce-46d6-9fff-cf60bd551cbe,2010,6,Cả nước,National,Investment,CAMPUCHIA,,Investment_Amount,33750.0,million_VND,Cumulative,PL9b
c0455bdc-57ad-49e4-b260-bc7fc0b55b0a,2010,6,Cả nước,National,Investment,NHẬT BẢN,,Investment_Amount,4656.0,million_VND,Plan,PL9b
c1f0cd08-fba6-4ce5-b0d7-8ab7170c2586,2010,6,Cả nước,National,Investment,NHẬT BẢN,,Investment_Amount,28693.0,million_VND,Cumulative,PL9b
eaf90faf-49ea-448c-a62c-0273c05af27c,2010,6,Cả nước,National,Investment,ĐÀI LOAN,,Investment_Amount,7170.0,million_VND,Plan,PL9b
c9d8048f-7703-4d34-82b2-03681c48ed23,2010,6,Cả nước,National,Investment,ĐÀI LOAN,,Investment_Amount,18234.0,million_VND,Cumulative,PL9b
6004fa40-c19d-46b9-ad2c-bfda4b84a47b,2010,6,Cả nước,National,Investment,TRUNG QUỐC,,Investment_Amount,2835.0,million_VND,Plan,PL9b
43685688-72c0-46a2-bf4b-6ae5111e5da4,2010,6,Cả nước,National,Investment,TRUNG QUỐC,,Investment_Amount,15638.0,million_VND,Cumulative,PL9b
a279be56-d28b-42a2-ace9-4400d713fd26,2010,6,Cả nước,National,Investment,NGA,,Investment_Amount,1554.0,million_VND,Plan,PL9b
09b3019d-0a19-492d-a6cc-d2cf5ecc4fc5,2010,6,Cả nước,National,Investment,NGA,,Investment_Amount,9419.0,million_VND,Cumulative,PL9b
44ca613a-3152-4ca3-963d-7cfbb1f40bb0,2010,6,Cả nước,National,Investment,INĐÔNÊXIA,,Investment_Amount,8703.0,million_VND,Plan,PL9b
f551e23a-f1a9-4768-a00f-335aafe80206,2010,6,Cả nước,National,Investment,INĐÔNÊXIA,,Investment_Amount,8210.0,million_VND,Cumulative,PL9b
07d3f7b2-f8f2-4f40-9e33-1c8b82b16e29,2010,6,Cả nước,National,Investment,HOA KỲ,,Investment_Amount,1527.0,million_VND,Plan,PL9b
68da6705-4f05-42ee-97ac-6fce904474b8,2010,6,Cả nước,National,Investment,HOA KỲ,,Investment_Amount,7287.0,million_VND,Cumulative,PL9b
aaf7bbe1-85ff-4b2d-b321-4c816d5c4884,2010,6,Cả nước,National,Investment,MALAIXIA,,Investment_Amount,3948.0,million_VND,Plan,PL9b
6783cd75-e481-4d5a-8922-ad0d3f9a9bd8,2010,6,Cả nước,National,Investment,MALAIXIA,,Investment_Amount,6747.0,million_VND,Cumulative,PL9b
0a9d1d36-0cff-4e15-a5ca-f8f79e282096,2010,6,Cả nước,National,Investment,Dầu mỡ động thực vật,,Investment_Amount,233295.0,million_VND,Cumulative,PL9b
323b98c9-29bb-46c8-8c87-57f06e58ee5a,2010,6,Cả nước,National,Investment,MALAIXIA,,Investment_Amount,114890.0,million_VND,Cumulative,PL9b
917ae008-ab4e-4d88-80e8-c40dffe954a8,2010,6,Cả nước,National,Investment,INĐÔNÊXIA,,Investment_Amount,67837.0,million_VND,Cumulative,PL9b
ae4ef9f3-ad0a-40b9-b074-2fd82adb17fc,2010,6,Cả nước,National,Investment,HOA KỲ,,Investment_Amount,25740.0,million_VND,Cumulative,PL9b
3b7a1d7b-56f0-4220-a1c9-aa7e1a6f183a,2010,6,Cả nước,National,Investment,THÁI LAN,,Investment_Amount,6636.0,million_VND,Cumulative,PL9b
2d11fcef-dea8-456f-85c9-82a009bf29ea,2010,6,Cả nước,National,Investment,TRUNG QUỐC,,Investment_Amount,4198.0,million_VND,Cumulative,PL9b
a9a8fc6d-47c3-48cd-817d-64d0eceaa911,2010,6,Cả nước,National,Investment,ẤN ĐỘ,,Investment_Amount,1878.0,million_VND,Cumulative,PL9b
d9e12c39-457b-452d-8335-2d730be135f0,2010,6,Cả nước,National,Investment,CHILÊ,,Investment_Amount,1141.0,million_VND,Cumulative,PL9b
fba3f636-a387-42d6-8d32-7364ebfa85e2,2010,6,Cả nước,National,Investment,HÀN QUỐC,,Investment_Amount,1133.0,million_VND,Cumulative,PL9b
9f9d9df8-58f2-4a20-a98c-0830bf376988,2010,6,Cả nước,National,Investment,ÔXTRÂYLIA,,Investment_Amount,867.0,million_VND,Cumulative,PL9b
4523fbc7-f562-4b10-a9a5-1ba66b75dbb9,2010,6,Cả nước,National,Investment,XINH GA PO,,Investment_Amount,664.0,million_VND,Cumulative,PL9b
8d72b3ad-f421-4607-af65-70e9f2d4992c,2010,6,Cả nước,National,Investment,Lúa mì,,Investment_Amount,497984.0,million_VND,Plan,PL9b
f7a56b93-daa4-43cd-99ee-7fe8adf3773c,2010,6,Cả nước,National,Investment,Lúa mì,,Investment_Amount,240471.0,million_VND,Cumulative,PL9b
819e370e-d483-42c4-957d-351300211045,2010,6,Cả nước,National,Investment,ÔXTRÂYLIA,,Investment_Amount,396794.0,million_VND,Plan,PL9b
469cd467-7c46-467c-bb59-df2a7d69df03,2010,6,Cả nước,National,Investment,ÔXTRÂYLIA,,Investment_Amount,130949.0,million_VND,Cumulative,PL9b
db1214c6-6839-45a2-b81f-431babc4cef9,2010,6,Cả nước,National,Investment,BRAXIN,,Investment_Amount,55196.0,million_VND,Cumulative,PL9b
eae4797b-6807-4b1e-8c0e-32715720da2c,2010,6,Cả nước,National,Investment,UCRAINA,,Investment_Amount,70093.0,million_VND,Plan,PL9b
caa6dd73-1730-439d-9c22-fef8a5cb3b28,2010,6,Cả nước,National,Investment,UCRAINA,,Investment_Amount,25380.0,million_VND,Cumulative,PL9b
d3f9826a-9beb-43e5-9f28-7ec69e862dca,2010,6,Cả nước,National,Investment,NGA,,Investment_Amount,1068.0,million_VND,Plan,PL9b
9b1b86ea-93e6-4163-9ec7-801fb0d55161,2010,6,Cả nước,National,Investment,NGA,,Investment_Amount,8132.0,million_VND,Cumulative,PL9b
6346066c-1e64-48bb-b9b1-c3c5171ade9a,2010,6,Cả nước,National,Investment,HOA KỲ,,Investment_Amount,6653.0,million_VND,Plan,PL9b
a0f97976-3a2e-411b-8f79-5c5c0eb9c0af,2010,6,Cả nước,National,Investment,HOA KỲ,,Investment_Amount,4539.0,million_VND,Cumulative,PL9b
159eefac-455e-45e4-98d8-c808b8e4e7d6,2010,6,Cả nước,National,Investment,CA NA ĐA,,Investment_Amount,151.0,million_VND,Cumulative,PL9b
8dd3aa04-87ea-4059-9f3b-556b28c72320,2010,6,Cả nước,National,Investment,Gỗ & sản phẩm gỗ,,Investment_Amount,396577.0,million_VND,Cumulative,PL9b
b05d3cd5-c9b5-44ae-8ddb-7902594705ed,2010,6,Cả nước,National,Investment,TRUNG QUỐC,,Investment_Amount,60399.0,million_VND,Cumulative,PL9b
b6de3129-b74e-4dbb-a51f-2d8bbe7b1494,2010,6,Cả nước,National,Investment,HOA KỲ,,Investment_Amount,54984.0,million_VND,Cumulative,PL9b
0f1a05cc-f6ca-439a-b6fb-d00d9d8fe448,2010,6,Cả nước,National,Investment,LÀO,,Investment_Amount,49561.0,million_VND,Cumulative,PL9b
1cd9675a-8087-4352-a0e7-0b84db58b8be,2010,6,Cả nước,National,Investment,MALAIXIA,,Investment_Amount,48720.0,million_VND,Cumulative,PL9b
76bdcead-a483-4f54-9a07-822d9afcf840,2010,6,Cả nước,National,Investment,THÁI LAN,,Investment_Amount,34988.0,million_VND,Cumulative,PL9b
feb826bb-34f6-4915-8da2-0d2360020133,2010,6,Cả nước,National,Investment,BRAXIN,,Investment_Amount,8823.0,million_VND,Cumulative,PL9b
f493829d-5660-4419-8f2b-d9078c656513,2010,6,Cả nước,National,Investment,INĐÔNÊXIA,,Investment_Amount,7922.0,million_VND,Cumulative,PL9b
f136158c-edb0-4bdb-93da-e611e9dabda4,2010,6,Cả nước,National,Investment,CHILÊ,,Investment_Amount,6910.0,million_VND,Cumulative,PL9b
3c693828-1627-4dff-b393-3d06d615c86a,2010,6,Cả nước,National,Investment,ĐÀI LOAN,,Investment_Amount,2941.0,million_VND,Cumulative,PL9b
f6e3a251-abbb-47b1-9be2-8be6a58f1c1f,2010,6,Cả nước,National,Investment,ITALIA,,Investment_Amount,2059.0,million_VND,Cumulative,PL9b
4519021c-d0b2-438f-ba19-b1029ad3594c,2010,6,Cả nước,National,Investment,Phân bón các loại,,Investment_Amount,1924554.0,million_VND,Plan,PL9b
93e8c413-2879-4ff6-8e13-8ecb3b334786,2010,6,Cả nước,National,Investment,Phân bón các loại,,Investment_Amount,397278.0,million_VND,Cumulative,PL9b
68dfd876-cd9e-44a0-9f2a-a96ebe755e9c,2010,6,Cả nước,National,Investment,TRUNG QUỐC,,Investment_Amount,603773.0,million_VND,Plan,PL9b
63dcfa18-fb47-4c0a-ac3e-a71075158fe5,2010,6,Cả nước,National,Investment,TRUNG QUỐC,,Investment_Amount,139344.0,million_VND,Cumulative,PL9b
51f41220-57ab-4663-974e-86c482ac8f24,2010,6,Cả nước,National,Investment,NGA,,Investment_Amount,248498.0,million_VND,Plan,PL9b
b34f6cac-8332-469a-b430-4a469c5a5acd,2010,6,Cả nước,National,Investment,NGA,,Investment_Amount,61373.0,million_VND,Cumulative,PL9b
4b632e19-ec66-442d-ac86-d5b53e037fe5,2010,6,Cả nước,National,Investment,PHILIPPIN,,Investment_Amount,177740.0,million_VND,Plan,PL9b
3d5ea1f8-699f-4486-b8e5-12447f5b6bd8,2010,6,Cả nước,National,Investment,PHILIPPIN,,Investment_Amount,25005.0,million_VND,Cumulative,PL9b
0b4c71bf-f4c4-4351-af3b-9ab2030348b8,2010,6,Cả nước,National,Investment,CANAĐA,,Investment_Amount,44029.0,million_VND,Plan,PL9b
f485bebf-7931-423a-8335-fb2a5c52b4fa,2010,6,Cả nước,National,Investment,CANAĐA,,Investment_Amount,22878.0,million_VND,Cumulative,PL9b
